id,run_id,calculated_at,window_days,address,groups,position_grade,position_score,position_weight_multiplier,sample_trades,closed_trades,open_trades,closed_win_rate,avg_realized_return,avg_unrealized_return,avg_final_return,avg_holding_hours,avg_leverage,max_leverage,avg_max_favorable_pct,avg_max_adverse_pct,low_leverage_ratio,high_leverage_ratio,dominant_coins,note
1423493,970,2026-08-03 20:16:54,30,0x000000209e0a892842bc06c354e7d097392cbbbb,smart_money,P-C,52.5303218384368,0.75,23,0,23,,,43.58877854430828,43.58877854430829,866.6597222222225,5.826086956521739,10.0,49.7843928321205,-2.7492300798278286,0.34782608695652173,0.30434782608695654,"ARB,BANANA,BIGTIME,CRV,DOGE",仓位收益偏弱，降权参考
1423494,970,2026-08-03 20:16:54,30,0x001a1a5eb6800e78197b92a527b3ba8b8d5bfef6,money_printer,P-R,25.0,-0.8,5,0,5,,,-3.0486142538778127,-3.0486142538778096,866.6597222222223,9.0,10.0,25.75231013930061,-37.68281713908192,0.0,0.8,"BTC,DOGE,ETH,HYPE,SOL",仓位真实收益偏反向，可作为反向参考
1424297,970,2026-08-03 20:16:55,30,0x001ac3f0972b620cd6be82ba54d111614d7d48fb,smart_money,P-G,44.97302596089564,0.65,24,24,0,0.4166666666666667,-0.026974039104360192,,-0.026974039104360192,11.24445601851852,38.541666666666664,40.0,0.6381924455937575,-0.5155667972922371,0.0,1.0,"BTC,ETH,SOL",高杠杆/短线赌徒型，长期单降权
1423495,970,2026-08-03 20:16:54,30,0x003a85c562730b196f7cba202a2515f2ff855736,smart_money,P-N,50.0,1.0,1,0,1,,,1.2934900262873048,2.24375453039151,866.6597222222222,40.0,40.0,10.013807237345175,-2.879573052826978,0.0,1.0,BTC,仓位样本不足，暂不影响权重
1423496,970,2026-08-03 20:16:54,30,0x004593cdface692ccbc2733b775f624ed0ad703b,smart_money,P-N,50.0,1.0,1,0,1,,,20.872793534311782,20.872793534311782,866.6597222222222,3.0,3.0,27.93720249900833,0.0,1.0,0.0,BTC,仓位样本不足，暂不影响权重
1423497,970,2026-08-03 20:16:54,30,0x0048d42f232164a85a41f15ccf26cf859e58b108,smart_money,P-N,50.0,1.0,2,0,2,,,-18.675933682485965,-18.675933682485965,645.3319444444444,3.0,5.0,2.108991157222932,-27.76001381415543,0.5,0.0,"ALGO,ZEC",仓位样本不足，暂不影响权重
1423498,970,2026-08-03 20:16:54,30,0x007d76eec0ba411ce873a8819df50dd443d967a0,money_printer,P-G,60.285158676749795,0.65,6,3,3,0.3333333333333333,-1.6810419555082179,32.2513593090078,15.285158676749793,563.9393981481481,20.0,40.0,22.1749920747164,-3.148238342833873,0.0,1.0,"BTC,ADA,SUI,TRUMP,HYPE",高杠杆/短线赌徒型，长期单降权
1424154,970,2026-08-03 20:16:55,30,0x00897e2d7168165b81558c3cd9257efb007f2410,smart_money,P-C,54.817324611097774,0.75,10,10,0,0.4,-2.0913376944511146,,-2.0913376944511146,82.37525000000001,7.7,20.0,5.1157180626805285,-3.7402171486390414,0.4,0.3,"BTC,GRAM,PUMP,CASHCAT,ZEC",仓位收益偏弱，降权参考
1423499,970,2026-08-03 20:16:54,30,0x00b43bdee2d3fa676ab06739bf1d52f4bad6591e,money_printer,P-N,50.0,1.0,1,0,1,,,43.70897819739046,43.70897819739046,866.6597222222222,10.0,10.0,91.32727147918747,0.0,0.0,1.0,HYPE,仓位样本不足，暂不影响权重
1424395,970,2026-08-03 20:16:55,30,0x00e2a26304d5d078593ebf3976168f314e502489,smart_money,P-N,50.0,1.0,1,1,0,0.0,-20.078469500996825,,-20.078469500996825,52.19277777777778,3.0,3.0,1.0464236960215136,-20.078469500996825,1.0,0.0,LIT,仓位样本不足，暂不影响权重
1423982,970,2026-08-03 20:16:54,30,0x00f8da96829820da934fc4a4cb7d39031ce7454b,money_printer,P-R,25.0,-0.8,7,6,1,0.3333333333333333,-6.2108347457223365,3.278915591783448,-4.8551561260786515,62.88019841269842,8.0,10.0,4.2014042633567446,-8.063466287043322,0.2857142857142857,0.7142857142857143,"CASHCAT,ZEC,HYPE,kBONK,FARTCOIN",仓位真实收益偏反向，可作为反向参考
1423500,970,2026-08-03 20:16:54,30,0x010461c14e146ac35fe42271bdc1134ee31c703a,money_printer,P-G,44.96241338679667,0.65,2581,2406,175,0.5178719866999169,-0.02279337971116154,-0.20512664386652346,-0.03758661320333374,55.60077941366401,20.0,20.0,1.2035961346834554,-1.186945673770587,0.0,1.0,"JUP,PENGU,KAITO,ETHFI,ZEN",高杠杆/短线赌徒型，长期单降权
1423501,970,2026-08-03 20:16:54,30,0x011820f60d75a2b870ffe64a4764873e14bc8ede,smart_money,P-A,96.48441579598403,1.15,13,6,7,0.8333333333333334,1.90271176204084,3.179629326765753,2.313516777483471,480.9124145299146,7.0,25.0,30.3373119504762,-21.99729207993945,0.5384615384615384,0.23076923076923078,"CASHCAT,APEX,DYDX,ETH,FARTCOIN",仓位收益稳定，适合加权参考
1423502,970,2026-08-03 20:16:54,30,0x0134c6a820166dabbd5b6d582858af1fa9956c03,smart_money,P-N,50.0,1.0,1,0,1,,,52.04584434375996,52.04584434375996,866.6597222222222,10.0,10.0,102.42657698173714,0.0,0.0,1.0,HYPE,仓位样本不足，暂不影响权重
1423903,970,2026-08-03 20:16:54,30,0x015910813c8b6af4d68efb0a720a99699659ebc3,smart_money,P-N,50.0,1.0,2,1,1,1.0,3.035321821036099,-16.750658038624312,-6.8576681087941065,240.00041666666667,10.0,10.0,1.9955345321631897,-11.318718110913103,0.0,1.0,HYPE,仓位样本不足，暂不影响权重
1423891,970,2026-08-03 20:16:54,30,0x01783e91d31c69633153c2aadbf9b7901049d03a,smart_money,P-G,44.112494432694554,0.65,30,26,4,0.3076923076923077,-1.4306634677853036,3.0349487951995715,-0.8875055673054445,146.9086851851852,19.666666666666668,40.0,4.061357577229144,-5.0483470247255,0.16666666666666666,0.7,"ETH,BTC,kSHIB,ACE,HMSTR",高杠杆/短线赌徒型，长期单降权
1424363,970,2026-08-03 20:16:55,30,0x01bb092c2e4fef1d68ef1ca66e9b1db29f0cf7b7,smart_money,P-N,50.0,1.0,1,1,0,0.0,-6.137777976044431,,-6.137777976044431,23.33388888888889,3.0,3.0,0.0,-6.137777976044431,1.0,0.0,HYPE,仓位样本不足，暂不影响权重
1423986,970,2026-08-03 20:16:55,30,0x01cd055a4c422cd498d35c3691e965819758d479,smart_money,P-G,43.516677819552584,0.65,4,2,2,0.5,-0.8111485363398854,-2.7265335788554865,-1.4833221804474155,52.819722222222225,13.75,25.0,1.3422745574270265,-2.5369874988111043,0.0,1.0,"HYPE,ETH",高杠杆/短线赌徒型，长期单降权
1423503,970,2026-08-03 20:16:54,30,0x023a3d058020fb76cca98f01b3c48c8938a22355,money_printer,P-B,58.07906309560612,1.0,293,191,102,0.5078534031413613,0.06779044021515059,0.21366373343008316,0.12131772795780332,284.9015737580585,10.054607508532424,40.0,5.0957200704029475,-5.541349770817686,0.48464163822525597,0.3856655290102389,"ETHFI,BTC,AVAX,LIT,FARTCOIN",仓位表现普通有效
1424158,970,2026-08-03 20:16:55,30,0x0252f92ee3f4430ac419fc3e9ae31df718990842,smart_money,P-R,25.0,-0.8,13,13,0,0.3076923076923077,-0.8054241825370959,,-0.8054241825370959,3.619081196581196,3.6153846153846154,10.0,1.0408103405672589,-1.8625122988189384,0.8461538461538461,0.07692307692307693,"LIT,HYPE,kPEPE,PUMP,ZEC",仓位真实收益偏反向，可作为反向参考
1424160,970,2026-08-03 20:16:55,30,0x02867e83eb85a3721422b4cddb8f4f64440eee0b,smart_money,P-G,45.64626448632144,0.65,8,8,0,0.625,0.6462644863214448,,0.6462644863214448,74.87989583333334,27.375,40.0,4.8946599376191555,-2.9078982708776904,0.125,0.625,"BTC,ZEC,GRASS",高杠杆/短线赌徒型，长期单降权
1423956,970,2026-08-03 20:16:54,30,0x0291639ea7178930475da17b579e1ac2de8faed8,smart_money,P-C,46.622367015834115,0.75,77,76,1,0.40789473684210525,-0.1435622300856192,1.5955438066465162,-0.12097643740078624,9.586464646464643,8.519480519480519,20.0,1.0953949750256535,-1.0905158660754533,0.09090909090909091,0.5844155844155844,"LIT,FARTCOIN,PUMP,XPL,HYPE",仓位收益偏弱，降权参考
1423504,970,2026-08-03 20:16:54,30,0x0291b14321f0bc83e866054592d4db5523326014,smart_money,P-N,50.0,1.0,1,0,1,,,17.172819434190195,17.172819434190192,866.6597222222222,2.0,2.0,24.56755890554223,0.0,1.0,0.0,BTC,仓位样本不足，暂不影响权重
1423952,970,2026-08-03 20:16:54,30,0x0296c6761c55a3a54815490428e12188f44e8f48,smart_money,P-C,62.12116359046151,0.75,6,2,4,0.5,-2.5794422932704655,-4.455540538395966,-3.8301744566874656,88.66425925925925,4.5,6.0,1.4975427180264633,-8.086311059641794,0.5,0.0,"HYPE,BOME,PEOPLE,UMA",仓位收益偏弱，降权参考
1423505,970,2026-08-03 20:16:54,30,0x029cd954c38838b2731cb5618e5c950ed4766956,smart_money,P-C,36.4378792138633,0.75,3,0,3,,,13.617043408458224,13.617043408458228,339.8869444444444,7.666666666666667,10.0,16.534856842219735,-0.9714923051358948,0.3333333333333333,0.6666666666666666,"MEGA,HYPE,WLD",仓位收益偏弱，降权参考
1423506,970,2026-08-03 20:16:54,30,0x02aa6015d2ba9992b88596d36bad706eeef41806,smart_money,P-N,50.0,1.0,2,0,2,,,-13.728022020759642,-13.728022020759642,866.6597222222222,20.0,20.0,2.622058734115644,-20.522183478934366,0.0,1.0,"BTC,ETH",仓位样本不足，暂不影响权重
1424182,970,2026-08-03 20:16:55,30,0x02cf911889f9d979dde0f27084e25a4ca58efdf1,smart_money,P-G,45.190411064187536,0.65,52,52,0,0.6923076923076923,0.19041106418753526,,0.19041106418753526,8.684834401709402,19.807692307692307,20.0,0.48783993767264167,-0.4308820656377899,0.0,1.0,"BTC,ETH,XRP,SOL,ZEC",高杠杆/短线赌徒型，长期单降权
1423916,970,2026-08-03 20:16:54,30,0x02fbbf39d1e3c142994b383af5ac3f2ad744cda9,smart_money,P-C,55.88913165510531,0.75,4,3,1,0.3333333333333333,-0.4722278778946111,-7.930961457009738,-0.23240079575382103,99.49833333333333,5.0,5.0,1.94931325933249,-3.677685727514544,0.0,0.0,OP,仓位收益偏弱，降权参考
1423924,970,2026-08-03 20:16:54,30,0x03136324349c003f3498130f56f4526bf5720ab1,smart_money,P-B,100.0,1.0,3,2,1,1.0,8.921812828635394,6.536052072860091,8.126503285604096,204.76185185185184,7.666666666666667,10.0,9.456037025759908,-2.8441299175065473,0.3333333333333333,0.6666666666666666,"ONDO,SKY",仓位表现普通有效
1423881,970,2026-08-03 20:16:54,30,0x031f72deb03c509af42624ddcd1f63fce5ecb220,smart_money,P-A,100.0,1.15,7,4,3,1.0,11.240332214761406,-1.2304375080078034,5.895716619288889,388.89480158730163,6.714285714285714,20.0,13.869997713726935,-6.0419850696059845,0.14285714285714285,0.14285714285714285,"ZEC,HYPE,AAVE,BTC,VIRTUAL",仓位收益稳定，适合加权参考
1423507,970,2026-08-03 20:16:54,30,0x034d4f0b00827e4ac77d910071377f707ddd23d3,smart_money,P-B,79.05345627503621,1.0,297,200,97,0.52,-0.23868893454970738,3.56447609526612,0.7307685415585055,287.2631855592964,4.929292929292929,12.0,7.8181066543702675,-6.273478292169317,0.35353535353535354,0.04040404040404041,"HYPE,LIT,BTC,KAITO,BLUR",仓位表现普通有效
1423438,970,2026-08-03 20:16:54,30,0x039cc0690200bfba3bacc6a9bcc5f865ed970ebd,smart_money,P-G,45.9026235342874,0.65,198,166,32,0.5,-0.07393157455912484,6.231618516006752,0.9026235342874003,153.10922839506188,11.707070707070708,40.0,4.298951814681006,-4.428626702592816,0.08080808080808081,0.7929292929292929,"ARB,FARTCOIN,XRP,TRUMP,DOT",高杠杆/短线赌徒型，长期单降权
1423922,970,2026-08-03 20:16:54,30,0x03ef8f736498047c3349bb2c18311d1bb4a79054,smart_money,P-G,45.565959295451286,0.65,23,22,1,1.0,0.6300835335554081,1.6129182806739109,0.5659592954512882,21.028683574879224,10.0,10.0,0.8668973994680332,-0.5127809664093116,0.0,1.0,HYPE,高杠杆/短线赌徒型，长期单降权
1424094,970,2026-08-03 20:16:55,30,0x041836d6c0617c694b70b57680f45905811076db,smart_money,P-B,91.31682028326134,1.0,39,39,0,0.717948717948718,3.119948603169127,,3.119948603169127,103.61188746438741,9.41025641025641,40.0,6.633243868141451,-5.0443474610415,0.23076923076923078,0.358974358974359,"BTC,KAITO,HYPE,FARTCOIN,VVV",仓位表现普通有效
1423508,970,2026-08-03 20:16:54,30,0x0423b4b2acb4f219ae4a270abd5dde2360e455bb,smart_money,P-B,75.9069476871287,1.0,8,7,1,0.5714285714285714,-0.1328660654413285,-7.316404527289225,-0.06197609139536267,131.51072916666664,5.0,5.0,6.135502433456644,-2.973114679657874,0.0,0.0,"ETH,BTC,HYPE,ZRO,ENA",仓位表现普通有效
1423509,970,2026-08-03 20:16:54,30,0x043879aa00ccc098627d71d966429b7efa5b8e4e,smart_money,P-N,50.0,1.0,1,0,1,,,67.32474932638367,67.32474932638367,866.6597222222222,20.0,20.0,68.85617739299438,0.0,0.0,1.0,SOL,仓位样本不足，暂不影响权重
1424328,970,2026-08-03 20:16:55,30,0x049345fce8ad9095a2dec41059cfb50e9ba0bbde,smart_money,P-R,25.0,-0.8,31,31,0,0.3548387096774194,-0.9738837237674707,,-0.9738837237674707,5.26709677419355,3.6774193548387095,4.0,1.3552268411246853,-2.170451332733729,0.3225806451612903,0.0,"LIT,GRASS,ARB,VINE,BLUR",仓位真实收益偏反向，可作为反向参考
1424157,970,2026-08-03 20:16:55,30,0x049bdc370620beab340b01072fa580fd57745e7d,money_printer,P-G,44.102727638698155,0.65,6,6,0,0.5,-0.8972723613018451,,-0.8972723613018451,17.447546296296295,20.0,20.0,0.16405979508063812,-1.4257933579238635,0.0,1.0,"BTC,ETH",高杠杆/短线赌徒型，长期单降权
1424135,970,2026-08-03 20:16:55,30,0x04cc3147bc87999e5a6b75373daa6ff8f12b38d1,smart_money,P-R,25.0,-0.8,8,8,0,0.375,-1.5848108110079104,,-1.5848108110079104,18.875104166666667,7.875,20.0,1.7804228834861457,-2.367635557071929,0.125,0.375,"AAVE,ENA,VIRTUAL,AERO,ETH",仓位真实收益偏反向，可作为反向参考
1423510,970,2026-08-03 20:16:54,30,0x0514f2f3e0277c47117e3f33d9390efb0acfbdfe,smart_money,P-N,50.0,1.0,2,0,2,,,-2.3710382865802857,-1.1766329346624675,866.6597222222222,17.5,25.0,12.500727706605474,-12.374858904624475,0.0,1.0,"AAVE,ETH",仓位样本不足，暂不影响权重
1423343,970,2026-08-03 20:16:54,30,0x051c2e6d49cf82ebc47f08f9b85800f94fc9693c,money_printer,P-R,25.0,-0.8,9,4,5,0.25,-6.665987348848571,-2.1220585408154755,-4.1415824554968514,462.48314814814813,5.888888888888889,10.0,14.459956053976494,-13.858800191188278,0.3333333333333333,0.2222222222222222,"CHIP,AAVE,ETH,NEAR,XPL",仓位真实收益偏反向，可作为反向参考
1423511,970,2026-08-03 20:16:54,30,0x054a01da80ee37d5220af5471b1eedbdcd2cdb2f,smart_money,P-N,50.0,1.0,2,0,2,,,-20.924074585221685,-21.060347225784483,833.5273611111111,21.5,40.0,6.278789208159684,-49.7902095047405,0.5,0.5,"HYPE,BTC",仓位样本不足，暂不影响权重
1423512,970,2026-08-03 20:16:54,30,0x055bc3556d7c6af2f0602a5f38351ee53611f9af,smart_money,P-N,50.0,1.0,1,0,1,,,9.005962826063099,9.0059628260631,866.6597222222222,3.0,3.0,17.974289283543786,0.0,1.0,0.0,BTC,仓位样本不足，暂不影响权重
1423513,970,2026-08-03 20:16:54,30,0x057a3d2f8111a406d3aac222934861ff70d4cbf4,smart_money,P-R,25.0,-0.8,10,0,10,,,-18.19889757223489,-18.19889757223489,866.6597222222224,7.1,10.0,20.81983278190419,-26.705122198161177,0.2,0.5,"ARB,EIGEN,ENA,GRASS,INIT",仓位真实收益偏反向，可作为反向参考
1423514,970,2026-08-03 20:16:54,30,0x0584dc22947830561e0b698ef7b600a3d89cc681,smart_money,P-N,50.0,1.0,2,0,2,,,-20.945506604531225,-20.94550660453122,866.6597222222222,7.5,10.0,7.631473063789991,-26.247340639120676,0.0,0.5,"BTC,ETH",仓位样本不足，暂不影响权重
1423996,970,2026-08-03 20:16:55,30,0x058985a1ae732643468d03e468c8b13d985631bc,smart_money,P-N,50.0,1.0,1,0,1,,,0.008559399558125376,0.008559399558125376,35.00083333333333,20.0,20.0,1.4208603266480828,-1.5909783928657408,0.0,1.0,ETH,仓位样本不足，暂不影响权重
1423515,970,2026-08-03 20:16:54,30,0x05904930cae1e9a48c055f4a8a83480ba7fc6abf,money_printer,P-B,73.7474051154383,1.0,11,2,9,0.5,0.18373907260480316,5.699266543497146,5.212193677382573,768.717297979798,7.2727272727272725,10.0,20.26680309941349,-15.731530738062803,0.0,0.45454545454545453,"NEAR,HYPE,LDO,LINK,MON",仓位表现普通有效
1424379,970,2026-08-03 20:16:55,30,0x05936f6a5ea9abfbfcc690f1a6140d97e80640f9,money_printer,P-N,50.0,1.0,1,1,0,0.0,-1.06379901339429,,-1.06379901339429,192.3311111111111,4.0,4.0,9.405609649760207,-4.720244150559514,0.0,0.0,ETH,仓位样本不足，暂不影响权重
1424400,970,2026-08-03 20:16:55,30,0x05a196a9477e70c184ed212d6cf02073f535c3bb,money_printer,P-N,50.0,1.0,2,2,0,0.0,-1.9800918523610573,,-1.9800918523610573,15.608333333333333,7.5,10.0,1.5224701552509627,-2.157206341379732,0.0,0.5,"FARTCOIN,PENGU",仓位样本不足，暂不影响权重
1423516,970,2026-08-03 20:16:54,30,0x05a42708e46733da056d09e0a355bfd2c3054eba,smart_money,P-C,45.03270892821095,0.75,14,0,14,,,11.212481791834238,9.911318128832834,866.6597222222225,9.285714285714286,20.0,23.23875446841883,-10.421477332741839,0.0,0.5714285714285714,"ADA,AVAX,ETC,ETH,HYPE",仓位收益偏弱，降权参考
1423517,970,2026-08-03 20:16:54,30,0x05b5a0ae689c17cad8155932782a5c29426abe75,money_printer,P-G,40.36840477995062,0.65,3,0,3,,,-4.903853228842718,-4.631595220049378,800.716111111111,17.0,21.0,4.177988149530129,-13.53127245444223,0.0,1.0,"BTC,ETH,BCH",高杠杆/短线赌徒型，长期单降权
1423518,970,2026-08-03 20:16:54,30,0x05c47beed53eb8b3fc14538f881d0941cbbe05a1,smart_money,P-B,100.0,1.0,3,2,1,1.0,84.70143665525798,-35.16162520864714,44.74708270062294,759.991388888889,8.333333333333334,10.0,86.5292759838547,-15.779569964724454,0.0,0.6666666666666666,"TAO,HYPE,ZEC",仓位表现普通有效
1424273,970,2026-08-03 20:16:55,30,0x05d8fa8346470be95c8fa94300ccb313c0775c6c,smart_money,P-N,50.0,1.0,1,1,0,0.0,-0.04991706088345518,,-0.04991706088345518,1.0013888888888889,5.0,5.0,0.18814892179148493,-0.04991706088345518,0.0,0.0,BTC,仓位样本不足，暂不影响权重
1424039,970,2026-08-03 20:16:55,30,0x05df8c46c75a06ee097c0a90f9fbe8a11a4eba39,smart_money,P-G,46.21061239304481,0.65,4,3,1,0.6666666666666666,1.642585035621649,-0.08530553468569997,1.2106123930448116,185.01340277777777,20.0,20.0,2.9537328089806136,-0.9746458427769655,0.0,1.0,BTC,高杠杆/短线赌徒型，长期单降权
1423519,970,2026-08-03 20:16:54,30,0x05e70979fd3355133f91fc7c6597a8274169b3be,smart_money,P-C,47.28151250383644,0.75,6,4,2,0.75,3.4964766198962893,-52.71901550652271,-15.243465164959055,458.7949999999999,10.166666666666666,20.0,5.0454905045818395,-24.335490449893218,0.3333333333333333,0.5,"HYPE,XPL,ZEC,ETH,BTC",仓位收益偏弱，降权参考
1423520,970,2026-08-03 20:16:54,30,0x0642ac031890cdc469a2ada5965359a8432467f9,smart_money,P-G,45.563734122246466,0.65,3,1,2,1.0,7.9062019477191186,-3.240776563696879,0.5637341222464659,354.0525925925926,18.333333333333332,25.0,12.285898317879548,-4.875616495891984,0.0,1.0,"ETH,ENA,BTC",高杠杆/短线赌徒型，长期单降权
1424359,970,2026-08-03 20:16:55,30,0x065612c177776f3c635dff181edf170f9c196a05,smart_money,P-N,50.0,1.0,2,2,0,0.0,-5.8774469783880425,,-5.8774469783880425,138.0825,6.5,10.0,11.94872555762882,-9.626702586482637,0.5,0.5,"HYPE,BLUR",仓位样本不足，暂不影响权重
1424385,970,2026-08-03 20:16:55,30,0x0660ce4e91cee605064059feeea32a9b472cf8c6,smart_money,P-C,73.46572534179471,0.75,13,13,0,0.6153846153846154,-1.5676233214060649,,-1.5676233214060649,183.33055555555558,5.384615384615385,10.0,15.95770643299156,-14.752499669660132,0.38461538461538464,0.23076923076923078,"ADA,ALGO,CC,ICP,LDO",仓位收益偏弱，降权参考
1423521,970,2026-08-03 20:16:54,30,0x06cecfbac34101ae41c88ebc2450f8602b3d164b,money_printer,P-G,51.14304795606388,0.65,6,1,5,1.0,54.65213071744505,-2.749019524790598,6.1430479560638815,768.8287962962963,14.166666666666666,20.0,21.871080913348404,-23.534950357262897,0.0,0.8333333333333334,"AAVE,BTC,ETH,HYPE,MON",高杠杆/短线赌徒型，长期单降权
1423522,970,2026-08-03 20:16:54,30,0x06d5af06a3a7d29909e1cdc7a9deded2fb14ab57,smart_money,P-R,25.0,-0.8,5,0,5,,,-9.450950490019352,-9.438166841629771,866.6597222222223,5.6,10.0,12.150366411043805,-17.8007365959433,0.2,0.2,"BTC,CC,HYPE,MORPHO,NEAR",仓位真实收益偏反向，可作为反向参考
1423523,970,2026-08-03 20:16:54,30,0x0701363ed0a7809b2b8ca7e22aaccea4a670216c,smart_money,P-N,50.0,1.0,2,0,2,,,14.375069034198688,14.375069034198688,866.6597222222222,2.5,3.0,25.448660347753812,0.0,1.0,0.0,"BTC,ETH",仓位样本不足，暂不影响权重
1423524,970,2026-08-03 20:16:54,30,0x0748e296e5a350ec36c8487a1cea406e1b57d4b2,money_printer,P-B,100.0,1.0,19,5,14,0.8,1.926564635169526,7.8011860384881615,7.155898465327126,640.4652485380117,8.31578947368421,20.0,21.15587342648168,-5.379594676219561,0.10526315789473684,0.47368421052631576,"LIT,AAVE,ADA,AVAX,HYPE",仓位表现普通有效
1423525,970,2026-08-03 20:16:54,30,0x077a25d1f579574fe168bbaa924e40c9bfa57ccc,smart_money,P-N,50.0,1.0,2,0,2,,,15.342800665682509,15.34280066568251,730.8229166666666,15.0,25.0,18.887500834723923,-6.205575103660921,0.0,0.5,"ETH,LIT",仓位样本不足，暂不影响权重
1423526,970,2026-08-03 20:16:54,30,0x07d431758c8bbbc111996d0af6f09c48416d2160,smart_money,P-G,44.08806779321134,0.65,7,5,2,0.8,0.19525559630213465,-3.679901714515644,-0.9119322067886595,247.61706349206352,11.428571428571429,20.0,5.046795437726568,-4.315027647211699,0.0,1.0,"HYPE,BTC",高杠杆/短线赌徒型，长期单降权
1423527,970,2026-08-03 20:16:54,30,0x07fd993f0fa3a185f7207adccd29f7a87404689d,money_printer,P-C,49.03761312877884,0.75,60,0,60,,,7.019223636211451,7.0188065643894175,863.0748148148139,7.233333333333333,40.0,20.433605362232917,-12.485945600246266,0.3,0.35,"AAVE,AERO,ALGO,ALT,ANIME",仓位收益偏弱，降权参考
1423861,970,2026-08-03 20:16:54,30,0x07fe8986162d7f68bcfe15822ec062123dd45f9f,smart_money,P-G,46.38517813357492,0.65,28,22,6,0.6818181818181818,1.5811399907801786,0.0840043715530338,1.385178133574918,178.00560515873013,13.571428571428571,20.0,4.899808203175494,-3.282316120568672,0.0,0.9285714285714286,"SOL,HYPE,FARTCOIN,kPEPE,WLFI",高杠杆/短线赌徒型，长期单降权
1424291,970,2026-08-03 20:16:55,30,0x081942c75ff82341ab9f71d5df8b1309f6ddbc3e,smart_money,P-N,50.0,1.0,2,2,0,0.5,-1.0338942271475233,,-1.0338942271475233,9.999166666666667,6.5,10.0,0.5417238489921697,-1.473644542366776,0.5,0.5,"HYPE,BTC",仓位样本不足，暂不影响权重
1423528,970,2026-08-03 20:16:54,30,0x082e843a431aef031264dc232693dd710aedca88,money_printer,P-N,50.0,1.0,1,0,1,,,40.73896911481429,40.73896911481429,866.6597222222222,5.0,5.0,87.3731432043542,0.0,0.0,0.0,HYPE,仓位样本不足，暂不影响权重
1424028,970,2026-08-03 20:16:55,30,0x0873ca7cb967af8c35642d903a950d256c1701df,smart_money,P-G,45.084080837280446,0.65,171,170,1,0.611764705882353,0.08662057966956993,-0.32168687607053975,0.08408083728044653,4.212454515919427,12.0,12.0,0.34610155761666994,-0.22743973872038148,0.0,1.0,SOL,高杠杆/短线赌徒型，长期单降权
1423529,970,2026-08-03 20:16:54,30,0x088cc6048f04dc01fb00e90421911b362e758e70,smart_money,P-R,25.0,-0.8,13,0,13,,,-12.386166443804825,-12.386166443804825,866.6597222222225,3.0,3.0,2.507526526560978,-25.883761211312233,1.0,0.0,"AAVE,BNB,CAKE,CRV,DOGE",仓位真实收益偏反向，可作为反向参考
1423909,970,2026-08-03 20:16:54,30,0x089fe537f4b2af55fa990bc64ff4125800bba4f8,money_printer,P-N,50.0,1.0,1,0,1,,,-9.505657632425581,-9.505657632425581,425.0,1.0,1.0,5.180436884281116,-15.564277482552102,1.0,0.0,ZEC,仓位样本不足，暂不影响权重
1423530,970,2026-08-03 20:16:54,30,0x08a49e7f7133577aa942f1c24119ff1c6797126d,smart_money,P-B,62.8925262607962,1.0,221,202,19,0.5099009900990099,-0.032697902653486946,0.4592826580702399,-0.011131251574037996,71.34643665158366,7.339366515837104,20.0,2.311716569521487,-2.3820705471492403,0.19909502262443438,0.43891402714932126,"VVV,LIT,PUMP,ONDO,HYPE",仓位表现普通有效
1423531,970,2026-08-03 20:16:54,30,0x08bf75d17046412ae08c95b6106993f714487872,smart_money,P-N,50.0,1.0,1,0,1,,,2.429031466761307,2.429031466761307,866.6597222222222,20.0,20.0,20.176912281420627,-2.6284062025375863,0.0,1.0,ETH,仓位样本不足，暂不影响权重
1423532,970,2026-08-03 20:16:54,30,0x08c14b32c8a48894e4b933090ebcc9ce33b21135,money_printer,P-B,70.95265739370002,1.0,14,2,12,0.5,5.18724635842215,3.1507343555054654,3.031402804173105,743.9853968253971,7.714285714285714,20.0,20.285810137374536,-18.865005206847382,0.07142857142857142,0.42857142857142855,"HYPE,AAVE,BTC,ENA,ETHFI",仓位表现普通有效
1423533,970,2026-08-03 20:16:54,30,0x08f85d5d9292b14b0aa0bd096606cfb24c6e8ca1,smart_money,P-B,89.0023586568269,1.0,4,3,1,0.6666666666666666,6.814831492196283,-1.8143103228276125,4.65754603844031,385.0649305555555,3.25,4.0,7.588382167338082,-6.681131490326382,0.75,0.0,"BTC,ZEC,HYPE,CASHCAT",仓位表现普通有效
1423534,970,2026-08-03 20:16:54,30,0x091159a8106b077c13e89bc09701117e8b5f129a,money_printer,P-C,48.447125830760676,0.75,13,1,12,0.0,-3.9228389733512863,6.297933820390739,9.903777600828485,741.071153846154,8.461538461538462,20.0,28.00474517833969,-10.647614458694914,0.38461538461538464,0.38461538461538464,"ETH,AERO,BTC,LIT,MON",仓位收益偏弱，降权参考
1423972,970,2026-08-03 20:16:54,30,0x0937aa6d83c851d506433ab342387a337c8b512a,smart_money,P-N,50.0,1.0,2,0,2,,,-6.12995900155963,-2.3409157431603513,95.00055555555555,10.0,10.0,0.785462454295578,-9.94189764844731,0.0,1.0,"HYPE,ONDO",仓位样本不足，暂不影响权重
1424029,970,2026-08-03 20:16:55,30,0x093f2e026bf3d52f5ba02306976255782ffbf712,smart_money,P-B,44.0986430386055,1.0,291,290,1,0.4862068965517241,-0.015549880369938845,-0.0649706457925636,-0.01602982564333066,2.427267086674302,11.374570446735396,30.0,0.17277585949761345,-0.1719263198034127,0.0,0.3951890034364261,BTC,仓位表现普通有效
1423535,970,2026-08-03 20:16:54,30,0x0980b34ade9476dba81bcdb0f865a333793ad1c2,smart_money,P-G,65.0,0.65,12,1,11,1.0,18.00006414640538,21.875282071273237,21.48270002174586,739.0775231481483,11.916666666666666,20.0,35.849391764207674,-12.854441717822354,0.08333333333333333,0.75,"SOL,BTC,CRV,DOGE,ENA",高杠杆/短线赌徒型，长期单降权
1424119,970,2026-08-03 20:16:55,30,0x09969138013fdfae9438fbd705515f047f8a0ba6,smart_money,P-N,50.0,1.0,2,2,0,1.0,10.501618681165915,,10.501618681165915,295.32875,3.0,3.0,14.450184227082701,-0.614912043471928,1.0,0.0,AAVE,仓位样本不足，暂不影响权重
1424044,970,2026-08-03 20:16:55,30,0x09bc1cf4d9f0b59e1425a8fde4d4b1f7d3c9410d,money_printer,P-G,44.91588979057048,0.65,46,45,1,0.4222222222222222,-0.0860628790317522,0.0037599226709260146,-0.08411020942952006,17.29963768115942,40.0,40.0,0.2624601314910498,-0.34957248662323137,0.0,1.0,BTC,高杠杆/短线赌徒型，长期单降权
1423938,970,2026-08-03 20:16:54,30,0x0a06ec6754b628be489b2c40bba20c8580392a7b,money_printer,P-B,56.868318543242395,1.0,176,172,4,0.6104651162790697,0.1487677847817619,-0.3791982573849356,0.13606202003557472,18.68161300505051,8.704545454545455,10.0,0.7170736307370307,-0.6256043902853681,0.11931818181818182,0.8068181818181818,"SOL,WLFI,FARTCOIN,AAVE",仓位表现普通有效
1424015,970,2026-08-03 20:16:55,30,0x0a8817c801b0801c2f2acfc8778a7cd807161e07,smart_money,P-B,48.14431002342384,1.0,84,83,1,0.5542168674698795,0.08050296369736823,0.019795835384259542,0.07932655502803987,8.845016534391533,10.238095238095237,21.0,0.45446970943911746,-0.40173948970538687,0.5,0.44047619047619047,ETH,仓位表现普通有效
1423960,970,2026-08-03 20:16:54,30,0x0ad9e656d9e6211d0ea1c5462342e1fc94cc4cbf,money_printer,P-N,50.0,1.0,1,0,1,,,-0.9975696647005773,-0.9975696647005774,130.00027777777777,2.0,2.0,0.7518995233937266,-3.106858756729171,1.0,0.0,BTC,仓位样本不足，暂不影响权重
1423536,970,2026-08-03 20:16:54,30,0x0af66f3571761d7196b713ff881609d7e7456fe1,smart_money,P-C,47.98970004336019,0.75,5,1,4,0.0,-1.9461603685068936,16.930300396645322,13.155008243614876,749.4627777777778,4.4,10.0,31.611837152769436,-23.906902326959116,0.8,0.2,"DOT,HYPE,MEGA,VINE,TRB",仓位收益偏弱，降权参考
1423537,970,2026-08-03 20:16:54,30,0x0b1ace05eb9ef1c3a1951b763700ecad24f27741,smart_money,P-G,44.96572022755207,0.65,997,990,7,0.5323232323232323,0.02209243907542033,-7.927741805798904,-0.03427977244793147,5.225979048255866,12.40421263791374,23.0,0.5078227592811468,-0.5064314392276291,0.0,0.8986960882647944,"BTC,SOL,ARB,UNI,AAVE",高杠杆/短线赌徒型，长期单降权
1424243,970,2026-08-03 20:16:55,30,0x0bb6eb4200ae21b2e40a7051b481fab57b51f2c4,smart_money,P-G,45.50292499173011,0.65,11,11,0,0.7272727272727273,0.5029249917301134,,0.5029249917301134,17.577095959595958,20.0,20.0,0.7295693237213697,-0.575342722347292,0.0,1.0,"ETH,BTC",高杠杆/短线赌徒型，长期单降权
1423538,970,2026-08-03 20:16:54,30,0x0c1fd4fed8679488afb3b23b2b872971e0001d39,smart_money,P-B,68.48325653695673,1.0,199,160,39,0.54375,0.37183578476817236,1.2067852717371468,0.5420365599356514,145.05561557788945,9.924623115577889,40.0,4.475857703647654,-4.472026700585236,0.10050251256281408,0.6331658291457286,"LIT,XRP,MON,VVV,TRUMP",仓位表现普通有效
1424299,970,2026-08-03 20:16:55,30,0x0c3405f5fcb19e6e42f7a05fad4ea3e52346b6d9,smart_money,P-B,79.1464641727858,1.0,21,21,0,0.6190476190476191,-0.20453105394336307,,-0.20453105394336307,5.523134920634922,3.0,3.0,4.329103102578453,-4.016993870661443,1.0,0.0,CASHCAT,仓位表现普通有效
1424212,970,2026-08-03 20:16:55,30,0x0c349d9b92fbd172bbb5a17a9db0a673a6a10ad3,money_printer,P-G,45.821365466882696,0.65,5,5,0,0.8,0.8213654668826947,,0.8213654668826947,118.6358888888889,28.0,40.0,3.5899302038584886,-1.8302385211529366,0.0,1.0,"BTC,HYPE",高杠杆/短线赌徒型，长期单降权
1423539,970,2026-08-03 20:16:54,30,0x0c44471cc8516125ead11e09446302ae20540ed4,smart_money,P-G,44.06548266902015,0.65,4,2,2,0.5,1.7339158111912496,-10.665827387922425,-0.9345173309798533,433.3298611111111,32.5,40.0,4.941383705287102,-7.937856442573013,0.0,1.0,"BTC,HYPE",高杠杆/短线赌徒型，长期单降权
1423540,970,2026-08-03 20:16:54,30,0x0c4a3a7ac74d43732f9b5ea507f01ab72a381b19,smart_money,P-G,50.41931108593044,0.65,4,2,2,0.5,-0.9070392451215603,12.774941319066834,5.419311085930441,520.7658333333334,12.5,20.0,11.614841838862663,-2.7806995091518396,0.0,1.0,"BTC,ETH,HYPE,DOGE",高杠杆/短线赌徒型，长期单降权
1423958,970,2026-08-03 20:16:54,30,0x0c51fe7923bee4c22a84c5b4109e0c5336d8fde2,smart_money,P-C,69.11436923508492,0.75,16,15,1,0.4666666666666667,-0.28769906834738673,3.5675079600828647,-0.046748629070496095,78.29369791666669,5.125,10.0,5.100123391838695,-3.957464327493743,0.25,0.125,"MORPHO,ETHFI,TAO,LIT,KAITO",仓位收益偏弱，降权参考
1424087,970,2026-08-03 20:16:55,30,0x0c6486974e303247c2e3f67ee110ac3576359107,smart_money,P-N,50.0,1.0,1,1,0,0.0,-12.168408826145553,,-12.168408826145553,855.6588888888889,5.0,5.0,4.674946364419964,-16.109234127957823,0.0,0.0,XMR,仓位样本不足，暂不影响权重
1423541,970,2026-08-03 20:16:54,30,0x0c7aafb0a737a800b2e908974be6a1c9f9892f50,smart_money,P-N,50.0,1.0,2,0,2,,,5.181490822014246,5.181490822014246,866.6597222222222,20.0,20.0,17.853692623258464,-1.0867644919252575,0.0,1.0,"BTC,ETH",仓位样本不足，暂不影响权重
1423542,970,2026-08-03 20:16:54,30,0x0ca4109c94438dde8d7386da27180f414de80fa8,smart_money,P-B,81.81570956267612,1.0,13,12,1,0.6666666666666666,1.825874070913949,-21.420229221976317,0.0432662249320855,122.20049145299141,6.076923076923077,20.0,5.259398183458876,-4.582105974429873,0.23076923076923078,0.15384615384615385,"LDO,HYPE,KAITO,ETHFI,JTO",仓位表现普通有效
1423543,970,2026-08-03 20:16:54,30,0x0cacfc8c96b84bc5698fcdcb5ffd536b4a246170,money_printer,P-N,50.0,1.0,2,0,2,,,10.661331627686746,10.700904179661217,866.6597222222222,20.0,20.0,20.50996456917003,0.0,0.0,1.0,"BTC,ETH",仓位样本不足，暂不影响权重
1423544,970,2026-08-03 20:16:54,30,0x0cd16f3f840852b17db7f47c270bbd1a9d082bf3,smart_money,P-N,50.0,1.0,2,0,2,,,9.935469460899533,9.935469460899533,866.6597222222222,4.5,6.0,29.489383095603472,-37.151478270908896,0.5,0.0,"ETH,HYPE",仓位样本不足，暂不影响权重
1423943,970,2026-08-03 20:16:54,30,0x0ce048fe42c170e41740ee392e187f19515f339d,smart_money,P-C,55.97897331185374,0.75,85,80,5,0.4125,0.41687107790154865,5.214348969089956,0.7284572441621651,55.94722549019608,9.423529411764706,20.0,4.787997609720075,-2.3382690260908126,0.23529411764705882,0.5176470588235295,"ETH,HYPE,SOL,LIT,BTC",仓位收益偏弱，降权参考
1423545,970,2026-08-03 20:16:54,30,0x0d1334c633c32ea203abe54c8208d4d9fb5bcba2,smart_money,P-N,50.0,1.0,1,0,1,,,17.554301006523733,17.554301006523733,866.6597222222222,40.0,40.0,24.914982131071522,0.0,0.0,1.0,BTC,仓位样本不足，暂不影响权重
1423546,970,2026-08-03 20:16:54,30,0x0d2cc9a3f3177ecbb6ecf8fbd0e6645fcfa2b208,money_printer,P-N,50.0,1.0,1,0,1,,,-11.105830630489386,-11.105830630489386,866.6597222222222,10.0,10.0,18.349452408715734,-16.155494367305874,0.0,1.0,HYPE,仓位样本不足，暂不影响权重
1423547,970,2026-08-03 20:16:54,30,0x0daf132c5554fd7d5eb422585426af557d8847e0,money_printer,P-C,24.115175926793096,0.75,3,0,3,,,2.838648356464903,2.838648356464903,866.6597222222222,8.333333333333334,10.0,22.3615432373861,-28.751352778285465,0.0,0.6666666666666666,"FARTCOIN,HYPE,MON",仓位收益偏弱，降权参考
1424045,970,2026-08-03 20:16:55,30,0x0dd5db9c3748486e747c6a123727f472668cf6ee,smart_money,P-B,65.03226650200281,1.0,226,225,1,0.5555555555555556,0.018486790401875963,0.025682595226248585,0.018591461424222126,3.1584845132743364,4.84070796460177,10.0,0.2569772725195688,-0.23982942458141807,0.40707964601769914,0.19469026548672566,ETH,仓位表现普通有效
1423548,970,2026-08-03 20:16:54,30,0x0ddf9bae2af4b874b96d287a5ad42eb47138a902,money_printer,P-N,50.0,1.0,1,0,1,,,-9.963765984729957,-9.963765984729957,866.6597222222222,3.0,3.0,8.3297060103761,-15.663564815359457,1.0,0.0,ETH,仓位样本不足，暂不影响权重
1423549,970,2026-08-03 20:16:54,30,0x0dfc5e0e9ae0bc59337d8f4f11459fdc7a146388,smart_money,P-B,69.89422442241197,1.0,24,18,6,0.5555555555555556,-1.7005520635038738,8.620152253816476,0.5182782248701724,298.69660879629635,8.791666666666666,25.0,6.445865873181468,-5.587891585047629,0.08333333333333333,0.5416666666666666,"kSHIB,ADA,BCH,BTC,NEAR",仓位表现普通有效
1423550,970,2026-08-03 20:16:54,30,0x0e21ecedde58a8e077ef669a163044e70a62a3fb,smart_money,P-G,35.0,0.65,18,4,14,0.75,65.43534516549288,-35.44698808027435,-13.028691803437189,845.7155092592594,10.444444444444445,20.0,18.063809743262393,-36.84152370601413,0.05555555555555555,0.7777777777777778,"ARB,BTC,DOGE,DOT,DYDX",高杠杆/短线赌徒型，长期单降权
1423551,970,2026-08-03 20:16:54,30,0x0eb8f692baba6c6f4a5e57c7e222758c95a9ce81,smart_money,P-N,50.0,1.0,1,0,1,,,6.528232730631034,5.270777806866926,866.6597222222222,10.0,10.0,13.685623169165503,-20.078692814230127,0.0,1.0,JUP,仓位样本不足，暂不影响权重
1423552,970,2026-08-03 20:16:54,30,0x0eba5721065f961bced568527bfa03ea9ed61a00,smart_money,P-N,50.0,1.0,2,1,1,0.0,-0.08862713705757642,60.32957310329573,30.120472983119075,452.1359722222222,2.5,4.0,33.58168537253994,-2.0655840814226085,0.5,0.0,"MON,ETH",仓位样本不足，暂不影响权重
1423929,970,2026-08-03 20:16:54,30,0x0eecd62efb05009e2b72964b4bcdbcf653afd4c5,smart_money,P-C,52.86288828434053,0.75,101,96,5,0.4375,0.045167451139266686,0.8971976827311062,0.07934018177422347,14.110470297029703,8.435643564356436,20.0,0.6431398455664615,-0.4735196928190454,0.6039603960396039,0.39603960396039606,"ETH,BTC,LIT,SOL,ZEC",仓位收益偏弱，降权参考
1423553,970,2026-08-03 20:16:54,30,0x0f7707db61e6add7c377757c0aa8068a58e389cc,smart_money,P-N,50.0,1.0,2,1,1,0.0,-18.42480798962751,-3.0080591735396505,-10.709960967060729,787.65875,25.0,40.0,3.081759231943096,-16.456165413628582,0.0,1.0,"BTC,HYPE",仓位样本不足，暂不影响权重
1423872,970,2026-08-03 20:16:54,30,0x0f7a453567401070ddb6b4ec82f97bd78b857c04,smart_money,P-B,68.9493280650365,1.0,27,24,3,0.5,-0.9270367693603422,4.277799890598082,-0.3488214549433557,154.31798353909468,7.222222222222222,25.0,8.486298575030398,-7.133875204431599,0.18518518518518517,0.3333333333333333,"KAITO,BLUR,XMR,ETH,ASTER",仓位表现普通有效
1423554,970,2026-08-03 20:16:54,30,0x0f8c856907dfafb96871abe09a76586311632ef8,smart_money,P-N,50.0,1.0,1,0,1,,,35.81265515074729,35.81265515074728,866.6597222222222,10.0,10.0,46.49080340190009,0.0,0.0,1.0,ETH,仓位样本不足，暂不影响权重
1424228,970,2026-08-03 20:16:55,30,0x0f9c4b57f918a3161c906c137e637e2f5b3457a7,smart_money,P-N,50.0,1.0,1,1,0,0.0,-6.268005482057462,,-6.268005482057462,658.6775,5.0,5.0,26.408958515963004,-6.268005482057461,0.0,0.0,WLD,仓位样本不足，暂不影响权重
1424016,970,2026-08-03 20:16:55,30,0x0fd468a73084daa6ea77a9261e40fdec3e67e0c7,money_printer,P-G,44.88287364002866,0.65,50,49,1,0.3877551020408163,-0.11857288266614117,-0.04666216747334214,-0.11712635997133683,15.94205,13.0,13.0,0.2057338568952754,-0.3367350121317329,0.0,1.0,BTC,高杠杆/短线赌徒型，长期单降权
1423954,970,2026-08-03 20:16:54,30,0x1001a2fed4bdac4dd037319af153093185b90350,smart_money,P-C,62.64145911475104,0.75,11,9,2,0.4444444444444444,-0.046229986990351475,0.8016228771998999,0.058210576028840215,45.96739898989899,4.090909090909091,5.0,3.422388827191635,-2.723008810547928,0.45454545454545453,0.0,"LIT,HYPE",仓位收益偏弱，降权参考
1423930,970,2026-08-03 20:16:54,30,0x103e9d15f8a102ef9333ad8b66ffe25b0db448a4,money_printer,P-N,50.0,1.0,1,0,1,,,3.7989657060241364,2.9236523229639277,210.70694444444445,10.0,10.0,7.585719415935419,-6.336936820435388,0.0,1.0,AAVE,仓位样本不足，暂不影响权重
1423555,970,2026-08-03 20:16:54,30,0x10495f72a1623ff2d836a2cbb25eaba7ff92e246,smart_money,P-N,50.0,1.0,1,0,1,,,18.734090281354746,18.70619308507464,866.6597222222222,10.0,10.0,23.372851277106705,-0.8911640961527271,0.0,1.0,HYPE,仓位样本不足，暂不影响权重
1423556,970,2026-08-03 20:16:54,30,0x105a8501eae3aa9462a47568a2de12e421f75e5e,smart_money,P-A,100.0,1.15,22,10,12,0.9,9.744088387035397,1.5349671377273069,5.050873048202017,450.0911742424242,7.818181818181818,40.0,15.88565971893001,-12.253151336642087,0.4090909090909091,0.3181818181818182,"VINE,ZEC,BTC,GRASS,HYPE",仓位收益稳定，适合加权参考
1423981,970,2026-08-03 20:16:54,30,0x107a3e62969957f4c0be0340f457f1298acfe78e,smart_money,P-G,45.564990289705555,0.65,4,3,1,1.0,1.1933607237459134,-1.3201210124155136,0.5649902897055568,214.91631944444444,17.5,40.0,1.715784591893328,-1.9814153690693246,0.0,1.0,"BTC,ZEC",高杠杆/短线赌徒型，长期单降权
1423983,970,2026-08-03 20:16:54,30,0x10b6f072fabe21bc72ffd77ff5d4414e6cef2980,smart_money,P-R,25.0,-0.8,5,4,1,0.25,-1.2888762647121292,-1.48716733891803,-1.3285344795533094,60.79083333333333,3.4,5.0,1.2889458742713675,-2.4080334844164675,0.6,0.0,BTC,仓位真实收益偏反向，可作为反向参考
1423866,970,2026-08-03 20:16:54,30,0x10d7da9340e45a6ec6f93a495a7f9ae0e5075a34,smart_money,P-N,50.0,1.0,1,0,1,,,-0.24238692517104385,-0.24238692517104385,784.2847222222222,3.0,3.0,6.433168316831683,-3.308558086909229,1.0,0.0,BTC,仓位样本不足，暂不影响权重
1423557,970,2026-08-03 20:16:54,30,0x10d9dc2812ccb0ea9a9b89864def70a57a944890,smart_money,P-G,48.15380207426741,0.65,4,0,4,,,4.441910762411678,3.153802074267408,777.2420138888889,13.75,20.0,15.891577361076127,-9.46531388163605,0.0,0.75,"ETH,ETHFI,HYPE,BTC",高杠杆/短线赌徒型，长期单降权
1423926,970,2026-08-03 20:16:54,30,0x10da391e349b02b380359cb402dc908dfe660221,smart_money,P-N,50.0,1.0,2,1,1,0.0,-2.729099314137233,-5.291226238635864,-4.010162776386548,334.8284722222222,10.0,10.0,5.2028926598795175,-11.000075933705345,0.0,1.0,HYPE,仓位样本不足，暂不影响权重
1424301,970,2026-08-03 20:16:55,30,0x1116b5fcc070945062e8879841c29807db373d0d,smart_money,P-B,58.85930626878914,1.0,4,4,0,0.5,0.9193531777547563,,0.9193531777547563,63.223958333333336,5.25,10.0,5.2336859185837055,-4.316367633076248,0.25,0.25,"HYPE,LIT",仓位表现普通有效
1423558,970,2026-08-03 20:16:54,30,0x112819b32d30680790d9caac04b656dd52da21a1,smart_money,P-G,39.20229919559735,0.65,3,1,2,1.0,2.777608437223771,-10.085355425215864,-5.797700804402652,526.4356481481481,11.0,13.0,2.877204594923319,-16.980283498233753,0.0,1.0,"HYPE,ETH",高杠杆/短线赌徒型，长期单降权
1423559,970,2026-08-03 20:16:54,30,0x115231b1c0ad58f97944f8e69ef0dbb35f1cd055,smart_money,P-N,50.0,1.0,1,0,1,,,12.795407631452038,12.737527435896459,866.6597222222222,20.0,20.0,21.086888650585728,0.0,0.0,1.0,BTC,仓位样本不足，暂不影响权重
1423560,970,2026-08-03 20:16:54,30,0x115849ce84370f25cadcf0d348510d73837e1aa5,smart_money,P-G,49.46348887606509,0.65,9,4,5,0.75,0.9623332520096799,7.32597440729235,4.463488876065092,421.3040740740741,11.666666666666666,20.0,12.762711284343688,-3.0374399235580616,0.0,0.6666666666666666,"XLM,ARB,BTC,WLD,SOL",高杠杆/短线赌徒型，长期单降权
1423862,970,2026-08-03 20:16:54,30,0x11615843a09fa765d98ebf3eb15690450ef7e60a,smart_money,P-N,50.0,1.0,1,0,1,,,-11.490475792888756,-10.847073030159923,810.325,5.0,5.0,0.9806153029096006,-17.269409224823765,0.0,0.0,ETH,仓位样本不足，暂不影响权重
1423965,970,2026-08-03 20:16:54,30,0x1174c19e08d5dbf3444c6376d6583b2d4f91cb65,smart_money,P-R,25.0,-0.8,17,16,1,0.1875,-2.5055458955154086,-2.531282586027109,-2.5070598184866855,80.35833333333333,7.0,20.0,5.41552258247097,-5.373106211666764,0.17647058823529413,0.35294117647058826,"LIT,JTO,HYPE,ETH,VVV",仓位真实收益偏反向，可作为反向参考
1424105,970,2026-08-03 20:16:55,30,0x12203316069a9d155cdadaa94a8e4b3e40ce6447,smart_money,P-A,100.0,1.15,5,5,0,1.0,1.0951695005040576,,1.0951695005040576,0.9480000000000001,3.0,3.0,1.095169500504058,-0.3647792287612529,1.0,0.0,"INIT,CHIP,FOGO",仓位收益稳定，适合加权参考
1423561,970,2026-08-03 20:16:54,30,0x123dbca6a27005a3c4ce10cb66ee8ece8fc13bff,money_printer,P-C,58.857142857142854,0.75,84,5,79,0.6,-1.7472925164544626,-10.052181811886715,-9.360561541825248,822.3108498677235,6.714285714285714,20.0,21.26310171799603,-32.66615560117672,0.21428571428571427,0.35714285714285715,"EIGEN,TRX,ATOM,AAVE,ADA",仓位收益偏弱，降权参考
1423562,970,2026-08-03 20:16:54,30,0x1271bf72a18549ee6d2ea3ab7e5dd4ae1c4eb05f,smart_money,P-N,50.0,1.0,1,0,1,,,18.693206404154044,17.015743766040544,866.6597222222222,5.0,5.0,23.236694071830374,-10.644742535698825,0.0,0.0,EIGEN,仓位样本不足，暂不影响权重
1424249,970,2026-08-03 20:16:55,30,0x129cfcdced580dcd6c2e0e1d6ac3f608e0c66040,smart_money,P-G,44.06284773041264,0.65,6,6,0,0.5,-0.937152269587361,,-0.937152269587361,28.79967592592593,15.0,40.0,1.4957702477230133,-1.3407236094796822,0.0,1.0,"HYPE,ZEC,BTC",高杠杆/短线赌徒型，长期单降权
1423999,970,2026-08-03 20:16:55,30,0x12f147f08112ff4c32c66bad45118302d20d807c,smart_money,P-G,45.07626664889328,0.65,20,19,1,0.5789473684210527,0.1406914891987842,-1.1073202564687374,0.07626664889328388,27.823861111111107,40.0,40.0,0.9371731120521491,-1.0732399095665823,0.0,1.0,BTC,高杠杆/短线赌徒型，长期单降权
1423563,970,2026-08-03 20:16:54,30,0x135097a80cc35350acc31f4c0f04bfde52a58f6a,smart_money,P-C,43.10454588052996,0.75,3,0,3,,,10.865914325497299,11.229869422043878,866.6597222222222,8.333333333333334,20.0,21.61706177737022,-7.283587290747659,0.3333333333333333,0.3333333333333333,"BTC,PURR,XMR",仓位收益偏弱，降权参考
1423564,970,2026-08-03 20:16:54,30,0x13558be785661958932ceac35ba20de187275a42,smart_money,P-B,59.31407069546811,1.0,153,151,2,0.5629139072847682,0.08275175367982975,-7.186540056139035,-0.012271668670743642,7.999026870007258,7.908496732026144,20.0,0.6481984094612802,-0.5871656540620189,0.0,0.5032679738562091,"XPL,BTC,LIT,ETH,ASTER",仓位表现普通有效
1423879,970,2026-08-03 20:16:54,30,0x13640f452a56aaa7a5a5e5a6bd24c45374dacbcc,smart_money,P-G,42.630169943980576,0.65,20,15,5,0.6,-2.6951476881989143,-2.0904669607914914,-2.3698300560194228,220.05615277777775,17.85,40.0,3.9758643436733565,-7.185449213482852,0.2,0.65,"BTC,HYPE,LIT,ETH,ZEC",高杠杆/短线赌徒型，长期单降权
1424230,970,2026-08-03 20:16:55,30,0x136c473f6d88c1ec17c2ed6b6cb273983e028458,smart_money,P-N,50.0,1.0,1,1,0,1.0,16.91386472602906,,16.91386472602906,655.9527777777778,20.0,20.0,24.044521908186308,0.0,0.0,1.0,BTC,仓位样本不足，暂不影响权重
1423565,970,2026-08-03 20:16:54,30,0x13a0833e8201b37c161feb2df764159707f71409,smart_money,P-N,50.0,1.0,2,1,1,1.0,0.13291310507298282,-22.306433999487695,-11.086760447207356,606.3348611111111,25.0,40.0,0.17708482562118968,-34.509687320641184,0.0,1.0,"HYPE,BTC",仓位样本不足，暂不影响权重
1424323,970,2026-08-03 20:16:55,30,0x13b2e9091268f291f165196d4832ba1c5ac02938,money_printer,P-G,44.92196317287014,0.65,8,8,0,0.5,-0.07803682712985968,,-0.07803682712985968,2.248888888888889,20.0,20.0,0.15112237823981534,-0.2100930297092393,0.0,1.0,BTC,高杠杆/短线赌徒型，长期单降权
1423566,970,2026-08-03 20:16:54,30,0x14209452e1d82dd0adf703454c1d1d907f142830,smart_money,P-N,50.0,1.0,1,0,1,,,-108.0142315570638,-108.0142315570638,866.6597222222222,10.0,10.0,0.0,-176.94021523128188,0.0,1.0,HYPE,仓位样本不足，暂不影响权重
1424127,970,2026-08-03 20:16:55,30,0x14246f4bbafb87ccebac17609054c6a188ed8cfd,smart_money,P-N,50.0,1.0,1,1,0,1.0,6.807927066891242,,6.807927066891242,122.0038888888889,10.0,10.0,10.173275431403685,0.0,0.0,1.0,ZEC,仓位样本不足，暂不影响权重
1423567,970,2026-08-03 20:16:54,30,0x14b96ee58172ad811059aa346515e944a6dbdf3a,smart_money,P-N,50.0,1.0,1,0,1,,,0.2615588218290703,0.2615588218290703,866.6597222222222,20.0,20.0,11.502020088232335,-4.232127985700199,0.0,1.0,BTC,仓位样本不足，暂不影响权重
1424286,970,2026-08-03 20:16:55,30,0x14f23416197effe31a8be0ee400ceaeb8f67f6ec,smart_money,P-N,50.0,1.0,1,1,0,0.0,-10.4174321381523,,-10.4174321381523,481.66083333333336,2.0,2.0,8.23766806766618,-12.468148918183426,1.0,0.0,HYPE,仓位样本不足，暂不影响权重
1423568,970,2026-08-03 20:16:54,30,0x14f5dd7ca3e4ef4aba7431ad10d9dacaf14fd103,smart_money,P-G,65.0,0.65,4,0,4,,,24.658688392818334,24.658688392818334,866.6597222222222,17.5,20.0,30.79804089016698,-1.9219850648547376,0.0,1.0,"BTC,ETH,PAXG,SOL",高杠杆/短线赌徒型，长期单降权
1424046,970,2026-08-03 20:16:55,30,0x14f8e042905350cee7ae0cec27f092f10dd912bb,smart_money,P-G,45.022699595718855,0.65,299,298,1,0.5335570469798657,0.022800716987156328,-0.00743454223495565,0.022699595718854954,2.2022287253808996,20.0,20.0,0.23006066725047958,-0.21525282359081577,0.0,1.0,SOL,高杠杆/短线赌徒型，长期单降权
1424002,970,2026-08-03 20:16:55,30,0x15094c3ec74e8a43c082042815e0c135deebb152,smart_money,P-C,62.14011181376089,0.75,40,39,1,0.46153846153846156,-0.0818003946070267,0.09251346541329214,-0.08379024696570961,12.749743055555559,5.0,5.0,0.2827458514486428,-0.4463466597672908,0.0,0.0,BTC,仓位收益偏弱，降权参考
1423979,970,2026-08-03 20:16:54,30,0x152e41f0b83e6cad4b5dc730c1d6279b7d67c9dc,money_printer,P-G,37.62962064507605,0.65,3,1,2,0.0,-20.71146403733098,-0.6998370137204318,-7.370379354923948,307.10527777777776,15.0,20.0,3.2374812566343194,-9.007810473679013,0.0,0.6666666666666666,"BTC,ETH,HYPE",高杠杆/短线赌徒型，长期单降权
1423931,970,2026-08-03 20:16:54,30,0x15644242581131594413ef72346ac5c5305b8add,smart_money,P-G,43.44140070912472,0.65,15,14,1,0.2857142857142857,-1.8862310467819674,3.028245291818382,-1.5585992908752775,60.000296296296284,11.2,20.0,5.368296093435195,-3.7256159492525884,0.2,0.8,"BTC,SOL,HYPE,CASHCAT,NEAR",高杠杆/短线赌徒型，长期单降权
1423569,970,2026-08-03 20:16:54,30,0x15a105b6eca967a438a6930f6859b7e5dbc134a7,smart_money,P-N,50.0,1.0,2,0,2,,,0.3510821530428849,0.3510821530428885,866.6597222222222,25.0,40.0,25.298431170261495,-46.557416803462175,0.0,1.0,"BTC,HYPE",仓位样本不足，暂不影响权重
1423880,970,2026-08-03 20:16:54,30,0x15a4f009bb324a3fb9e36137136b201e3fe0dfdb,money_printer,P-N,50.0,1.0,2,0,2,,,4.237598166927493,4.237598166927493,658.2734722222222,30.0,40.0,9.293610083271458,-1.625483006566148,0.0,1.0,"BTC,ETH",仓位样本不足，暂不影响权重
1423570,970,2026-08-03 20:16:54,30,0x15b325660a1c4a9582a7d834c31119c0cb9e3a42,money_printer,P-N,50.0,1.0,2,0,2,,,-6.836076425593772,-6.836076425593774,866.6597222222222,15.0,20.0,10.244436169693522,-13.799188489317059,0.0,1.0,"BTC,HYPE",仓位样本不足，暂不影响权重
1423857,970,2026-08-03 20:16:54,30,0x15c8a479139a2e195b37790ace4870d1f2be045f,smart_money,P-G,42.811533781728144,0.65,4,0,4,,,-2.3034155525473015,-2.1884662182718593,865.1599305555555,23.75,40.0,9.64679365441264,-13.368631525784506,0.0,1.0,"ETH,SOL,BTC,HYPE",高杠杆/短线赌徒型，长期单降权
1424279,970,2026-08-03 20:16:55,30,0x15df49f74171cd2157c89084f63e15fbd12c6ca1,money_printer,P-G,47.42985631035286,0.65,4,4,0,0.5,2.4298563103528608,,2.4298563103528608,3.5018055555555554,32.5,40.0,2.9484164561756705,-0.18478722948799253,0.0,1.0,"BTC,PUMP",高杠杆/短线赌徒型，长期单降权
1424109,970,2026-08-03 20:16:55,30,0x15f970a5fa4791dbe4fc3adea6d41e87e5fac6ff,smart_money,P-A,93.65229428175566,1.15,9,9,0,1.0,1.7771568159034277,,1.7771568159034277,15.856296296296295,7.555555555555555,22.0,2.319243677237984,-1.856165120843792,0.0,0.2222222222222222,"LIT,ZEC,BTC",仓位收益稳定，适合加权参考
1423997,970,2026-08-03 20:16:55,30,0x1643e9aba4fcfb4e8c1a887090239e34f488cad6,smart_money,P-B,75.73266581127409,1.0,430,425,5,0.5364705882352941,0.10061391674837024,-0.8573511161704601,0.08986231740174622,8.445182170542635,2.0,2.0,0.6585906732124213,-0.5290556606754819,1.0,0.0,"SOL,ETH,BTC,HYPE,XRP",仓位表现普通有效
1423975,970,2026-08-03 20:16:54,30,0x16588c497a83e9dfa298d048553a4ef5fd52f65b,smart_money,P-G,45.44143391493037,0.65,12,11,1,0.45454545454545453,0.40040447616162955,0.892757741386527,0.441433914930371,70.6254861111111,12.916666666666666,25.0,2.5926397069251066,-1.5927593687315138,0.0,1.0,"SUI,SOL,ETH",高杠杆/短线赌徒型，长期单降权
1423932,970,2026-08-03 20:16:54,30,0x166866a2845506f6b4c817482fe53b4985882ea6,smart_money,P-N,50.0,1.0,2,1,1,0.0,-21.258167742924485,-7.421077069871942,-14.339622406398213,128.85347222222222,4.0,5.0,1.2856601020159988,-16.96911111881617,0.5,0.0,"HYPE,CASHCAT",仓位样本不足，暂不影响权重
1424231,970,2026-08-03 20:16:55,30,0x16bf84af3f85f8c8a97597bf2be549dfe0dee637,money_printer,P-N,50.0,1.0,1,1,0,1.0,2.579865387448949,,2.579865387448949,655.9527777777778,3.0,3.0,7.748031496062992,-5.750967059975556,1.0,0.0,BTC,仓位样本不足，暂不影响权重
1423944,970,2026-08-03 20:16:54,30,0x16c95227d8442946c1c152bc8ea16a37ebe1a282,smart_money,P-G,46.04482172469441,0.65,8,7,1,1.0,1.115268422298191,2.1100537080704687,1.044821724694406,97.47777777777776,10.0,10.0,2.380802596917273,-1.6215515805493743,0.0,1.0,HYPE,高杠杆/短线赌徒型，长期单降权
1424078,970,2026-08-03 20:16:55,30,0x16d69a835c012584783921b2e4c622f157ce97bf,smart_money,P-N,50.0,1.0,1,1,0,0.0,-0.48245683073871776,,-0.48245683073871776,13.998333333333333,3.0,3.0,0.04958365470887311,-1.592186245651592,1.0,0.0,BTC,仓位样本不足，暂不影响权重
1423571,970,2026-08-03 20:16:54,30,0x16f037a3ddf53da1b047a926e1833219f0a8e1fc,smart_money,P-R,25.0,-0.8,6,0,6,,,0.8572633643843156,-3.866809350357318,809.047962962963,3.5,5.0,12.980027173524313,-12.829369617483508,0.6666666666666666,0.0,"ADA,APT,BERA,SUI,TIA",仓位真实收益偏反向，可作为反向参考
1424047,970,2026-08-03 20:16:55,30,0x170a03a53fe05bf4ce6753cb0907d05e827bc3c6,smart_money,P-B,77.36778877579611,1.0,263,262,1,0.5610687022900763,0.04692170758217369,-0.014818793935402839,0.04648980774539111,2.735096113223488,2.5095057034220534,3.0,0.2287452435446864,-0.18123819244781367,1.0,0.0,XRP,仓位表现普通有效
1423871,970,2026-08-03 20:16:54,30,0x170dbce27ab17f5dc3f04c773b6686068ad88c9b,smart_money,P-N,50.0,1.0,1,0,1,,,-21.90288849480323,-21.90288849480323,750.2816666666666,2.0,2.0,3.974765126863068,-26.33922166170233,1.0,0.0,HYPE,仓位样本不足，暂不影响权重
1424374,970,2026-08-03 20:16:55,30,0x1714fa1d4db089a7dd036fc8d1a9d1fd759a0250,smart_money,P-N,50.0,1.0,2,2,0,0.5,0.06452487856001632,,0.06452487856001632,2.7466666666666666,12.5,20.0,1.405963164156552,-2.500489808910431,0.0,0.5,"MON,BTC",仓位样本不足，暂不影响权重
1424121,970,2026-08-03 20:16:55,30,0x17286a34d2b2e842cd38da74bc079c1f23992b1d,smart_money,P-R,25.0,-0.8,20,20,0,0.25,-0.6057120102651029,,-0.6057120102651029,16.568916666666667,4.2,6.0,1.6697572008384487,-1.7011251696089762,0.0,0.0,"ZEC,XLM",仓位真实收益偏反向，可作为反向参考
1423572,970,2026-08-03 20:16:54,30,0x17c3c8fdbcb7d1b240ce08965e09b1fc91cba868,money_printer,P-S,89.98297302562983,1.25,41,25,16,0.64,2.2384560338841286,2.1112863383513503,2.0792913908636947,318.0300813008129,3.4390243902439024,10.0,8.672550635799448,-6.389216212674821,0.9024390243902439,0.04878048780487805,"PUMP,NEAR,MON,BTC,XPL",仓位收益、持仓周期、杠杆结构适合长期参考
1423870,970,2026-08-03 20:16:54,30,0x183c6497814803574c23866c7662dea4c044d0f9,smart_money,P-G,45.01776810752957,0.65,4,3,1,0.3333333333333333,-0.47606591036075896,1.4992701612005632,0.017768107529571586,225.09465277777775,10.75,20.0,5.464329184458236,-2.5695578089115796,0.25,0.75,"BTC,VVV,NEAR,HYPE",高杠杆/短线赌徒型，长期单降权
1423957,970,2026-08-03 20:16:54,30,0x1847dc422b9dea349e8af7d02cb3a136cd81f441,smart_money,P-C,34.563677436920585,0.75,3,1,2,0.0,-3.0302313938897556,3.6094643642378497,1.3962324448619814,211.6625,5.0,5.0,8.664163563504374,-3.4351501301760075,0.0,0.0,"ENA,TAO",仓位收益偏弱，降权参考
1423573,970,2026-08-03 20:16:54,30,0x185611e0343c14f53a4406891cb0fdc9e81808ae,money_printer,P-C,61.02319308250611,0.75,26,21,5,0.38095238095238093,-2.16085481708188,3.8044097105417434,-1.0889112242420527,192.72635683760674,7.038461538461538,40.0,8.16330881511755,-9.355461092624047,0.4230769230769231,0.23076923076923078,"BLUR,ZRO,kBONK,GRAM,HMSTR",仓位收益偏弱，降权参考
1424235,970,2026-08-03 20:16:55,30,0x1864e1605a39335e87d618582a28093e1fd9711c,smart_money,P-B,88.77592027523696,1.0,23,23,0,0.5652173913043478,0.29671226187834165,,0.29671226187834165,138.2566666666667,2.0,2.0,4.473440586232877,-2.8126738988255813,1.0,0.0,"HYPE,TAO,DOGE,SOL,ETH",仓位表现普通有效
1423574,970,2026-08-03 20:16:54,30,0x18b8539261cf9e760e7fec4a8a73c50f0ae7babe,smart_money,P-N,50.0,1.0,1,0,1,,,-17.434205536594614,-11.276571092674303,866.6597222222222,10.0,10.0,4.672207393027588,-25.557814330622797,0.0,1.0,HYPE,仓位样本不足，暂不影响权重
1424202,970,2026-08-03 20:16:55,30,0x18b9beef58b9025a394a46fd8124ee1d917d8b3e,smart_money,P-N,50.0,1.0,1,1,0,1.0,4.455079375593375,,4.455079375593375,386.9952777777778,2.0,2.0,8.539776114459816,-3.062970568104039,1.0,0.0,ETH,仓位样本不足，暂不影响权重
1423898,970,2026-08-03 20:16:54,30,0x18cd4597e06b7fe0a8cd33dda499121b3a145a8b,smart_money,P-N,50.0,1.0,2,1,1,1.0,5.475091191711172,-17.072557608074657,-6.0933464648774365,351.8481944444444,10.0,10.0,9.099352794098095,-13.554460385700098,0.0,1.0,HYPE,仓位样本不足，暂不影响权重
1423575,970,2026-08-03 20:16:54,30,0x18cde66120c9195fb6e50a4b1e13bce4c85d1300,smart_money,P-A,100.0,1.15,72,12,60,0.75,1.865596149375899,8.555852921555477,7.6376868620930525,722.9883757716043,7.791666666666667,40.0,19.67808858058146,-9.953217488849118,0.2361111111111111,0.3611111111111111,"XLM,ETH,SOL,AAVE,AERO",仓位收益稳定，适合加权参考
1423576,970,2026-08-03 20:16:54,30,0x18e2eb3cafa6ee5d3885e20d80298b37321e84fa,money_printer,P-N,50.0,1.0,1,0,1,,,38.79850673956171,38.79850673956171,866.6597222222222,10.0,10.0,84.78970425487427,0.0,0.0,1.0,HYPE,仓位样本不足，暂不影响权重
1424030,970,2026-08-03 20:16:55,30,0x1a2e6afa298b1cc50939b4b2b0b430e3c1ef3459,smart_money,P-B,44.058254988715206,1.0,274,273,1,0.5091575091575091,-0.01097718945852378,0.157193355648012,-0.010363428344996277,2.6289405920519067,14.974452554744525,30.0,0.16769546799353305,-0.1722287888722083,0.0,0.4781021897810219,BTC,仓位表现普通有效
1423577,970,2026-08-03 20:16:54,30,0x1a6132837f1857196677f06515041bb817affe9e,smart_money,P-N,50.0,1.0,2,1,1,0.0,-34.201445518378,-16.227393573374467,-23.878494721785888,558.3306944444444,2.5,3.0,37.82261652473948,-26.941971760841056,1.0,0.0,"XPL,CASHCAT",仓位样本不足，暂不影响权重
1423578,970,2026-08-03 20:16:54,30,0x1a6ea3a36087fef4d56ebc9e11bf1b0a3a6a7437,smart_money,P-G,58.03001354276766,0.65,3,0,3,,,12.959440900259949,13.030013542767662,866.6597222222222,16.666666666666668,20.0,21.69598537090801,0.0,0.0,1.0,"BTC,ETH,PAXG",高杠杆/短线赌徒型，长期单降权
1423998,970,2026-08-03 20:16:55,30,0x1aa1d90df49c3e5a67888798c16e73c4b4c323fc,smart_money,P-G,44.65155374723713,0.65,32,31,1,0.5483870967741935,-0.38971246248072144,0.9308062484906047,-0.3484462527628674,21.97631944444445,20.0,20.0,0.7517821074581845,-1.2758788547440916,0.0,1.0,SOL,高杠杆/短线赌徒型，长期单降权
1424204,970,2026-08-03 20:16:55,30,0x1aa5abfd850012297428b509fb84fcd9f9f995cb,smart_money,P-C,48.285720745410224,0.75,6,6,0,0.5,-1.414562545879776,,-1.414562545879776,300.27000000000004,11.0,20.0,8.629017093435548,-5.423976515991517,0.0,0.3333333333333333,"HYPE,BTC,LIT,SOL",仓位收益偏弱，降权参考
1423951,970,2026-08-03 20:16:54,30,0x1ae55c40c91f1553286b125239f84300d2df4dbe,smart_money,P-R,25.0,-0.8,32,29,3,0.27586206896551724,-0.6728084602553878,-0.3992354030447081,-0.6471609861418866,69.46139756944444,7.71875,8.0,2.5890116636247686,-1.9263705031385225,0.03125,0.0,"SOL,ETH,BTC",仓位真实收益偏反向，可作为反向参考
1423970,970,2026-08-03 20:16:54,30,0x1b1996300dc7d3fabc039a55963fc886c3d3c9df,smart_money,P-G,44.92532430129198,0.65,6,5,1,0.6,0.018552687600304662,-0.540817630249637,-0.07467569870801895,128.9925,40.0,40.0,0.6965132956540557,-2.4813182340188327,0.0,1.0,BTC,高杠杆/短线赌徒型，长期单降权
1424222,970,2026-08-03 20:16:55,30,0x1b798718722107a43f9603eb155dfc6944ac31cd,smart_money,P-G,44.82132606494361,0.65,15,15,0,0.4,-0.17867393505638904,,-0.17867393505638904,10.461981481481482,40.0,40.0,0.5356809794639642,-0.6538238538373858,0.0,1.0,BTC,高杠杆/短线赌徒型，长期单降权
1423579,970,2026-08-03 20:16:54,30,0x1b7ca89aa121890b8572d326e363185cf4780c6a,money_printer,P-A,100.0,1.15,27,11,16,0.7272727272727273,5.6313596681538565,13.496904091154533,8.696318442017569,499.2673456790126,6.0,20.0,20.19619278583759,-6.843616402695494,0.3333333333333333,0.25925925925925924,"VIRTUAL,ASTER,KAITO,MEGA,MON",仓位收益稳定，适合加权参考
1423580,970,2026-08-03 20:16:54,30,0x1c2c96e78a42958892e637bdc0d94ce259f109fe,smart_money,P-A,100.0,1.15,54,1,53,1.0,79.15418755341265,54.759017622454564,55.21078002858342,852.3024794238678,7.148148148148148,40.0,61.549642557956616,-6.00955871429022,0.2222222222222222,0.3333333333333333,"ADA,ALGO,APE,ASTER,ATOM",仓位收益稳定，适合加权参考
1423945,970,2026-08-03 20:16:54,30,0x1ce8ed87b7b4cb60f0cc3664bf1fe216163ff55a,money_printer,P-A,100.0,1.15,5,1,4,1.0,4.313638033689564,3.179004567309271,3.405931260585329,143.19994444444444,2.2,3.0,5.665122920335226,-0.9313148010517841,1.0,0.0,"BTC,AAVE,ETH,SOL",仓位收益稳定，适合加权参考
1423581,970,2026-08-03 20:16:54,30,0x1d207624c9466376e345310580c300611f3e0b20,smart_money,P-B,64.27562762180575,1.0,159,135,24,0.5037037037037037,-0.3081917042569456,2.7220465406200933,0.1748508479399115,128.04403389238303,7.968553459119497,20.0,3.829473225852726,-3.8200845451416425,0.2138364779874214,0.6666666666666666,"kSHIB,kBONK,GAS,ZETA,SNX",仓位表现普通有效
1423582,970,2026-08-03 20:16:54,30,0x1d74a7760df9d563d0b6610b1705266c4e2fdb26,smart_money,P-N,50.0,1.0,1,0,1,,,-7.247261252679206,-12.189315359020677,866.6597222222222,1.0,1.0,0.0,-28.10284137829222,1.0,0.0,ETH,仓位样本不足，暂不影响权重
1423896,970,2026-08-03 20:16:54,30,0x1da5bcd75d2bdc41d8372e976f2f665479e73151,smart_money,P-N,50.0,1.0,2,1,1,0.0,-0.5419693397637512,-3.4666283594212812,0.0245383623670975,286.49375,10.0,10.0,5.854158982443023,-4.746104468697899,0.0,1.0,HYPE,仓位样本不足，暂不影响权重
1423583,970,2026-08-03 20:16:54,30,0x1dff8c29ad7f6d8841a25a9dda8956f2e7a3c134,smart_money,P-N,50.0,1.0,1,0,1,,,78.44379192182183,78.44379192182183,866.6597222222222,3.0,3.0,79.56345847368083,0.0,1.0,0.0,MEGA,仓位样本不足，暂不影响权重
1423946,970,2026-08-03 20:16:54,30,0x1e07a22190c1d161248febf9fc2c440f324a16e2,smart_money,P-N,50.0,1.0,2,1,1,1.0,2.3790209790209698,-2.6317154627594075,-0.12634724186921886,115.00194444444443,10.0,10.0,2.5510288106930457,-4.7418666174986575,0.0,1.0,HYPE,仓位样本不足，暂不影响权重
1424031,970,2026-08-03 20:16:55,30,0x1e3001537d0c6799e59245597c541127bac57120,smart_money,P-G,45.03369989452901,0.65,329,328,1,0.5884146341463414,0.03374556926986814,0.0187185795272173,0.03369989452900902,2.189452043228639,20.0,20.0,0.23145608742303042,-0.1929510568297989,0.0,1.0,ETH,高杠杆/短线赌徒型，长期单降权
1423584,970,2026-08-03 20:16:54,30,0x1e37a337ed460039d1b15bd3bc489de789768d5e,money_printer,P-G,43.880556866679434,0.65,21,2,19,1.0,10.207398350755016,-5.116862703902306,-1.119443133320565,784.1207010582012,12.857142857142858,40.0,2.8880660142382633,-11.580103795246192,0.0,0.9523809523809523,"kSHIB,AAVE,ADA,AVAX,BCH",高杠杆/短线赌徒型，长期单降权
1423585,970,2026-08-03 20:16:54,30,0x1e771e1b95c86491299d6e2a5c3b3842d03b552e,money_printer,P-R,25.0,-0.8,7,0,7,,,-27.300884576521973,-27.300884576521973,866.6597222222224,8.428571428571429,10.0,18.252163776807738,-52.78357839661991,0.0,0.7142857142857143,"DOGE,ENA,HYPE,TIA,XPL",仓位真实收益偏反向，可作为反向参考
1423980,970,2026-08-03 20:16:54,30,0x1ec15e24896f4feb55dd70d22dc3620ae3cc990c,smart_money,P-G,44.99566638557869,0.65,126,125,1,0.568,-0.004144675883716265,-0.034765886209057434,-0.004333614421315852,5.720520282186951,15.396825396825397,25.0,0.24860118880412688,-0.21964547959050043,0.24603174603174602,0.7380952380952381,BTC,高杠杆/短线赌徒型，长期单降权
1423586,970,2026-08-03 20:16:54,30,0x1f67d79afc8d0e7609ddba6c9b657cc635f69981,money_printer,P-G,40.08222287292278,0.65,4,3,1,0.3333333333333333,-1.1799934347208654,-18.998092199447004,-4.917777127077222,430.57965277777777,30.75,40.0,2.128393618104141,-8.319493456918337,0.25,0.75,"BTC,HYPE",高杠杆/短线赌徒型，长期单降权
1423587,970,2026-08-03 20:16:54,30,0x1f887fd93c17a970819895978da55628d7658609,smart_money,P-N,50.0,1.0,2,0,2,,,52.46255052617169,53.02876895509126,866.6597222222222,15.0,20.0,59.353910902364376,0.0,0.0,1.0,"DOT,ETH",仓位样本不足，暂不影响权重
1424167,970,2026-08-03 20:16:55,30,0x1fbe7279da134c53fa521f5ee65891948e775e17,smart_money,P-B,67.4767009500037,1.0,7,7,0,0.5714285714285714,0.441431703501996,,0.441431703501996,29.037539682539684,7.428571428571429,40.0,11.716982757621798,-8.390039005065079,0.8571428571428571,0.14285714285714285,"CASHCAT,BTC",仓位表现普通有效
1424188,970,2026-08-03 20:16:55,30,0x202486b34776b26b474aedb348658aaab5d2dff4,money_printer,P-G,44.65854081749187,0.65,4,4,0,0.25,-0.3414591825081299,,-0.3414591825081299,167.9825,26.25,40.0,3.175156578678931,-3.361638327826816,0.0,1.0,"BTC,ETH,SOL,XRP",高杠杆/短线赌徒型，长期单降权
1423588,970,2026-08-03 20:16:54,30,0x2025137a136bea7446deba681cbfc7cf1970840e,money_printer,P-C,61.38885961400587,0.75,21,8,13,0.75,3.6419784313170003,-40.08862171275739,-23.162638789642227,614.1660052910055,9.952380952380953,40.0,5.452448187767168,-31.962366935061954,0.14285714285714285,0.6666666666666666,"HYPE,APT,EIGEN,PAXG,PENGU",仓位收益偏弱，降权参考
1424289,970,2026-08-03 20:16:55,30,0x202ed102cca91d1237971252eee1add2f303eb8b,smart_money,P-N,50.0,1.0,1,1,0,0.0,-1.8706888070978713,,-1.8706888070978713,389.48805555555555,20.0,20.0,1.6242503613437997,-3.809767120070583,0.0,1.0,BTC,仓位样本不足，暂不影响权重
1423589,970,2026-08-03 20:16:54,30,0x203f4c410f3c35cead9f35b6de2f66e773d7f26e,money_printer,P-G,65.0,0.65,3,0,3,,,43.597224870560645,43.597224870560645,866.6597222222222,13.333333333333334,20.0,49.16452309686941,0.0,0.0,1.0,"BNB,ETH,SOL",高杠杆/短线赌徒型，长期单降权
1423590,970,2026-08-03 20:16:54,30,0x2057d4f2b6ea957b63371980775b0a5505a438f0,smart_money,P-N,50.0,1.0,1,0,1,,,-15.54342884539893,-11.526015366123143,866.6597222222222,10.0,10.0,10.31530187116266,-20.34101329576363,0.0,1.0,HYPE,仓位样本不足，暂不影响权重
1423591,970,2026-08-03 20:16:54,30,0x2113bba1e701ebfef804e108727c79a81e7eca4a,smart_money,P-N,50.0,1.0,1,0,1,,,21.5756496099269,21.5756496099269,866.6597222222222,16.0,16.0,28.57730818846366,0.0,0.0,1.0,BTC,仓位样本不足，暂不影响权重
1424308,970,2026-08-03 20:16:55,30,0x21735e9daea7d836536d346ee280789d912082f9,smart_money,P-G,51.50424816853695,0.65,3,3,0,0.6666666666666666,6.504248168536947,,6.504248168536947,102.55305555555555,10.0,10.0,14.019809239002022,-1.7099711303575402,0.0,1.0,PUMP,高杠杆/短线赌徒型，长期单降权
1423592,970,2026-08-03 20:16:54,30,0x2175ce7c56baa22874eeb021c1270e6198059cda,smart_money,P-C,24.937983961927944,0.75,4,0,4,,,-1.2311772009219784,-1.5413079756758403,866.6597222222222,5.25,10.0,25.910990537633047,-20.358927353983646,0.5,0.25,"ETHFI,JUP,MEGA,XPL",仓位收益偏弱，降权参考
1423593,970,2026-08-03 20:16:54,30,0x218a65e21eddeece7a9df38c6bbdd89f692b7da2,money_printer,P-N,50.0,1.0,2,0,2,,,2.586766522818298,2.586766522818298,713.3286111111111,9.0,10.0,13.86990701439115,-4.580807407900872,0.0,0.5,"BTC,ETH",仓位样本不足，暂不影响权重
1423892,970,2026-08-03 20:16:54,30,0x219a2f5338f3ad74965a03c491e42963b69acc8d,smart_money,P-B,93.17047284671278,1.0,4,3,1,0.6666666666666666,1.5568989183528676,6.2957157784743965,2.74160313338325,254.8227777777778,3.0,3.0,7.34285627604817,-3.120320551723892,1.0,0.0,"AERO,MON,HYPE",仓位表现普通有效
1423594,970,2026-08-03 20:16:54,30,0x21ca98106c69bff036a194648ba30388ccbe811d,smart_money,P-C,57.06674540807982,0.75,7,4,3,0.5,-5.458635428400424,-6.015261520149266,-5.263546067459948,362.29031746031745,5.428571428571429,10.0,2.6757907541781663,-14.887850943225112,0.14285714285714285,0.14285714285714285,"TAO,ZEC,VVV,HYPE,NEAR",仓位收益偏弱，降权参考
1423595,970,2026-08-03 20:16:54,30,0x21eaaee21905a7b9fbbb093caba2ee27fc1e9352,smart_money,P-N,50.0,1.0,2,0,2,,,-6.6529909616744405,-6.6529909616744405,866.6597222222222,1.0,1.0,0.2925903252947057,-19.243421682680207,1.0,0.0,"BTC,ETH",仓位样本不足，暂不影响权重
1423596,970,2026-08-03 20:16:54,30,0x2204e04834e84ff4bfc53fc769e3ae1dcef47e85,money_printer,P-N,50.0,1.0,1,0,1,,,-91.30061829245847,-91.30061829245847,866.6597222222222,1.0,1.0,0.0,-91.65941424685798,1.0,0.0,XPL,仓位样本不足，暂不影响权重
1424063,970,2026-08-03 20:16:55,30,0x221284041f07f1e9af30beadbd08bb14f5e5838c,smart_money,P-C,71.01167760306879,0.75,7,7,0,0.42857142857142855,-1.2196513985368942,,-1.2196513985368942,76.00253968253968,2.857142857142857,4.0,3.46845274905638,-4.136796716505133,0.5714285714285714,0.0,"ETH,ZEC,NEAR,HYPE",仓位收益偏弱，降权参考
1424012,970,2026-08-03 20:16:55,30,0x223537ac9a856c31f4043e86ced86bb29f06653e,smart_money,P-B,74.52363159565067,1.0,3923,3908,15,0.5214943705220061,0.009515444512590438,0.07687030946871246,0.009512829555122846,2.772990908318473,3.0,3.0,0.4932955535584072,-0.4681074651733285,1.0,0.0,"ENA,WLD,CRV,VIRTUAL,kPEPE",仓位表现普通有效
1424196,970,2026-08-03 20:16:55,30,0x2306ce07ddca3829cdb1a2a14653dbefc211a9f1,smart_money,P-C,30.43787921386329,0.75,3,3,0,0.3333333333333333,-19.351118575679042,,-19.351118575679042,136.97351851851852,6.0,10.0,17.53506270725506,-28.63117184852563,0.3333333333333333,0.3333333333333333,"PUMP,CASHCAT,LIT",仓位收益偏弱，降权参考
1423897,970,2026-08-03 20:16:54,30,0x2312171890250347dbf1b082bdf7950504909e92,smart_money,P-G,46.91987464723687,0.65,14,10,4,0.6,2.3117958147207203,0.940071728527229,1.9198746472368655,176.25646825396825,11.714285714285714,20.0,7.27703337367948,-4.2942129640949265,0.21428571428571427,0.5714285714285714,"ETH,ARB,OP,HYPE,AAVE",高杠杆/短线赌徒型，长期单降权
1423597,970,2026-08-03 20:16:54,30,0x2322f8e13d25e1c997b060bc5cebc9634f8a895a,smart_money,P-N,50.0,1.0,2,0,2,,,-11.885447281850896,-7.173941963112791,866.6597222222222,25.0,40.0,25.57073673321264,-18.538302534798902,0.0,1.0,"BTC,HYPE",仓位样本不足，暂不影响权重
1423598,970,2026-08-03 20:16:54,30,0x237152b038d88f4156a0cd71090462de7e3f0883,smart_money,P-N,50.0,1.0,1,0,1,,,5.487773640905138,5.487773640905138,866.6597222222222,20.0,20.0,10.240494970477277,-2.4128825839028156,0.0,1.0,BTC,仓位样本不足，暂不影响权重
1423959,970,2026-08-03 20:16:54,30,0x2385aae82b8ff5ec9e72f122f3462b9a1b9db98a,smart_money,P-G,46.00436745161055,0.65,20,19,1,0.42105263157894735,0.5695518611685398,9.265863670008752,1.0043674516105503,48.901430555555564,11.4,20.0,10.65731960026975,-4.025129226733602,0.3,0.6,"CASHCAT,BTC,WLD,ETH,SOL",高杠杆/短线赌徒型，长期单降权
1424006,970,2026-08-03 20:16:55,30,0x2396bc99feedc162af809314257571bb7ff07a36,smart_money,P-B,89.14379953255522,1.0,3,1,2,1.0,0.5941455845900574,-0.7676325532760842,-0.3137065073207035,12.574259259259257,4.333333333333333,5.0,0.8412964933312473,-3.0136278189748484,0.3333333333333333,0.0,"TRUMP,LIT",仓位表现普通有效
1423599,970,2026-08-03 20:16:54,30,0x24246bb3cf79ebd26ab10194ec3694203ad3c891,smart_money,P-G,50.6043038951915,0.65,3,0,3,,,5.604303895191504,5.604303895191502,866.6597222222222,11.666666666666666,20.0,28.113111848843246,-35.58055319399829,0.0,0.6666666666666666,"ETH,HYPE,TAO",高杠杆/短线赌徒型，长期单降权
1424232,970,2026-08-03 20:16:55,30,0x248ee78390f5505d34f36ce2df87d79fbcdb6be2,smart_money,P-N,50.0,1.0,2,2,0,0.5,-0.4997493129073569,,-0.4997493129073569,371.39722222222224,7.5,10.0,10.169588920554116,-9.884511495590178,0.0,0.5,"HYPE,LIT",仓位样本不足，暂不影响权重
1423600,970,2026-08-03 20:16:54,30,0x24a44aef48aeb27c7708dabfccda14b41fbf0ae1,smart_money,P-N,50.0,1.0,2,0,2,,,56.7303698060507,68.28420884794039,866.6597222222222,5.5,10.0,77.71612870347069,0.0,0.5,0.5,"HYPE,LINEA",仓位样本不足，暂不影响权重
1423601,970,2026-08-03 20:16:54,30,0x24d02e64d4a2580d570666546ac937adab2b3e08,smart_money,P-C,86.5,0.75,48,5,43,1.0,17.312807564747622,-36.75486991604446,-31.028751489069947,809.6112789351849,6.875,20.0,5.882273882405688,-38.83475846063059,0.3541666666666667,0.375,"LIT,AAVE,AERO,APEX,APT",仓位收益偏弱，降权参考
1423375,970,2026-08-03 20:16:54,30,0x24fb6523036ebcb3cc51deff138066dccf6bed0f,smart_money,P-B,62.01514256382518,1.0,32,32,0,0.65625,0.10132128191259271,,0.10132128191259271,24.2947482638889,10.75,16.0,1.049280679279736,-1.0549846682375208,0.0625,0.40625,"SOL,ETH,BTC,XPL,AVAX",仓位表现普通有效
1423602,970,2026-08-03 20:16:54,30,0x250a09aafe5c4e63a8c11d1743e19694d79ce113,smart_money,P-C,65.62362726000667,0.75,34,5,29,0.4,-26.919459037351118,8.45485990212245,2.2235783358856893,755.0203349673204,7.911764705882353,20.0,19.967763948259464,-12.642756909034896,0.23529411764705882,0.4411764705882353,"PAXG,KAITO,HYPE,AAVE,AERO",仓位收益偏弱，降权参考
1423603,970,2026-08-03 20:16:54,30,0x25554a80781ee62414c3747e81c3f50157c634b1,smart_money,P-C,85.89189189189189,0.75,37,6,31,1.0,9.912858258251669,-22.497883070236078,-16.678836075409947,734.1902102102106,7.675675675675675,20.0,9.148177851022847,-26.758298081781138,0.2972972972972973,0.40540540540540543,"HYPE,BTC,AAVE,ARB,ASTER",仓位收益偏弱，降权参考
1423858,970,2026-08-03 20:16:54,30,0x25773676902085225ae5751075e4161369334897,money_printer,P-B,61.57949684767701,1.0,339,315,24,0.5396825396825397,0.18253194689182137,-0.46342544537760205,0.15454685058383286,46.372758931497906,8.368731563421829,40.0,2.0792959580793524,-1.9823222912269292,0.09734513274336283,0.6253687315634219,"ZEC,XMR,LIT,PUMP,JTO",仓位表现普通有效
1423604,970,2026-08-03 20:16:54,30,0x258a4b8a8447c61aabf1bef9bb14ee4d69efff03,money_printer,P-B,80.51214406963541,1.0,223,189,34,0.5608465608465608,0.37660837123927576,3.171718118930869,0.7923616876992904,155.47573741903327,4.605381165919282,20.0,5.1933163913474605,-4.1814546607978285,0.5560538116591929,0.11659192825112108,"VINE,PENGU,APEX,0G,RUNE",仓位表现普通有效
1424058,970,2026-08-03 20:16:55,30,0x259b9c4cfeadaef8a5b842710a777364988415b3,smart_money,P-R,25.0,-0.8,35,34,1,0.20588235294117646,-2.7224243360301195,-0.36596523330284514,-2.6550969330950545,30.324595238095245,9.371428571428572,31.0,1.6522266185930983,-3.4372953339069006,0.0,0.45714285714285713,"PUMP,LIT,HYPE,SOL,BTC",仓位真实收益偏反向，可作为反向参考
1423605,970,2026-08-03 20:16:54,30,0x25dacd8a27eac9ad6eba5eb88e3b68f707eb1397,smart_money,P-N,50.0,1.0,1,0,1,,,11.114220944869606,11.114220944869606,866.6597222222222,40.0,40.0,19.04986688054896,0.0,0.0,1.0,BTC,仓位样本不足，暂不影响权重
1424048,970,2026-08-03 20:16:55,30,0x25e9e31168d7ec59b0bfd54ebde8f3f6b9b1a5ea,smart_money,P-C,44.625427109085486,0.75,14,13,1,0.38461538461538464,-4.781332542912986,-1.155188137547928,-4.522322228244054,63.6896626984127,6.857142857142857,20.0,7.389539801196591,-6.742699313958162,0.42857142857142855,0.2857142857142857,"LIT,BTC,CASHCAT,HYPE,ETH",仓位收益偏弱，降权参考
1423875,970,2026-08-03 20:16:54,30,0x25fcb75a422f1eeef23c272f8712d6df16c49c38,smart_money,P-B,100.0,1.0,21,15,6,0.8,10.629413481972701,-1.4393370863367858,7.181199033884276,152.52054232804232,8.619047619047619,40.0,13.121471448422767,-5.4800804524372655,0.42857142857142855,0.5238095238095238,"CASHCAT,HYPE,BTC,ZEC,ETH",仓位表现普通有效
1423606,970,2026-08-03 20:16:54,30,0x2609e5cd96e82dea377f82608474dd913549ab78,smart_money,P-N,50.0,1.0,1,0,1,,,-89.78531130727578,-89.78531130727578,866.6597222222222,1.0,1.0,0.0,-90.20660434873672,1.0,0.0,XPL,仓位样本不足，暂不影响权重
1423607,970,2026-08-03 20:16:54,30,0x266b5569ed3017e74dd48059c6db804e016eefcb,smart_money,P-G,44.85965636777071,0.65,12,6,6,0.5,-1.7702073353410928,1.5333674121755607,-0.14034363222928983,435.32041666666663,10.416666666666666,25.0,14.58408648199459,-8.612577712578226,0.0,0.6666666666666666,"LIT,FARTCOIN,HYPE,TAO,ZEC",高杠杆/短线赌徒型，长期单降权
1423608,970,2026-08-03 20:16:54,30,0x26c93faaf64380f816c7b07a7f1c051fd44210d9,smart_money,P-N,50.0,1.0,1,0,1,,,0.2969217601009605,0.29692176010096044,866.6597222222222,8.0,8.0,9.310796686582531,-4.195171780405977,0.0,0.0,BTC,仓位样本不足，暂不影响权重
1423953,970,2026-08-03 20:16:54,30,0x26e850e94b0b7b672544a5b60ac3463957a817ba,smart_money,P-N,50.0,1.0,1,0,1,,,0.6796419660641474,0.5162032473349016,147.00222222222223,10.0,10.0,2.1315071653525255,-0.5705167775535843,0.0,1.0,PAXG,仓位样本不足，暂不影响权重
1424353,970,2026-08-03 20:16:55,30,0x27388d079cb5cf1ad50f60ab4c260356449bf92b,smart_money,P-N,50.0,1.0,2,2,0,1.0,15.933945329276494,,15.933945329276494,282.6738888888889,20.0,20.0,25.58379815785906,0.0,0.0,1.0,"BTC,ETH",仓位样本不足，暂不影响权重
1423964,970,2026-08-03 20:16:54,30,0x279818c822e5c6135d989df50d0bba96e9564ce5,smart_money,P-N,50.0,1.0,1,0,1,,,1.1234649207763476,1.2830166436377812,122.00111111111111,10.0,10.0,5.201513449295562,-2.382060230063347,0.0,1.0,XPL,仓位样本不足，暂不影响权重
1423860,970,2026-08-03 20:16:54,30,0x279dbeaae93533a5c4607712b027b04aff62d625,smart_money,P-N,50.0,1.0,1,0,1,,,17.869122326821493,13.377633747096882,830.7936111111111,5.0,5.0,22.534594962436312,-9.334405542496588,0.0,0.0,HYPE,仓位样本不足，暂不影响权重
1424293,970,2026-08-03 20:16:55,30,0x27bcf8047c6fda384f8a93a6e5a140b878fab691,money_printer,P-B,68.56498143480648,1.0,6,6,0,0.5,1.0584011321516862,,1.0584011321516862,86.02837962962963,4.166666666666667,10.0,7.873990539198761,-3.8153553609839914,0.8333333333333334,0.16666666666666666,"ZEC,LIT,HYPE",仓位表现普通有效
1424205,970,2026-08-03 20:16:55,30,0x27c5fdef9a082abd0711c611dbde9d7db9611aae,smart_money,P-C,55.45734192292236,0.75,12,12,0,0.4166666666666667,-0.25056860211028104,,-0.25056860211028104,47.85750000000001,6.916666666666667,11.0,3.728716035784894,-2.200398127456919,0.25,0.25,"ETH,HYPE,ZEC,BTC,LIT",仓位收益偏弱，降权参考
1423609,970,2026-08-03 20:16:54,30,0x27c9fa86c91b84ddfa15de58c482ff662498d65d,money_printer,P-B,75.72436582739913,1.0,390,329,61,0.5866261398176292,0.23680001672215598,0.5553028248484797,0.2533449431594652,130.07104629629634,7.123076923076923,40.0,3.63488046999112,-3.607628588648665,0.14358974358974358,0.3923076923076923,"ZEC,MET,PUMP,HYPE,LIT",仓位表现普通有效
1423966,970,2026-08-03 20:16:54,30,0x27d33e77c8e6335089f56e399bf706ae9ad402b9,smart_money,P-B,76.4232123436748,1.0,11,10,1,0.5,0.9441698727703715,2.033276562295294,1.004642746046284,36.79323232323233,2.0,2.0,2.9694730092001165,-0.6714744328065639,1.0,0.0,"BTC,ETH,SOL,HYPE",仓位表现普通有效
1424075,970,2026-08-03 20:16:55,30,0x281354062fa932086890a6bbf7dff7d0a67d220f,smart_money,P-G,45.78005649771338,0.65,34,34,0,0.7352941176470589,0.780056497713381,,0.780056497713381,48.00725490196078,19.647058823529413,40.0,3.4111213107236074,-1.9632278008302915,0.058823529411764705,0.8235294117647058,"BTC,HYPE,ETH,ZEC,CASHCAT",高杠杆/短线赌徒型，长期单降权
1423610,970,2026-08-03 20:16:54,30,0x28233e5edddfc9f71f0cecf58ca98f6a2ca11f43,money_printer,P-C,62.44854624633199,0.75,29,11,18,0.45454545454545453,-2.7603586354765612,1.4768392594593347,-0.6692215685231379,665.6724233716476,8.517241379310345,20.0,10.838116524853282,-13.797126707215224,0.13793103448275862,0.4827586206896552,"ETH,OP,AAVE,ADA,BNB",仓位收益偏弱，降权参考
1423925,970,2026-08-03 20:16:54,30,0x28473085ba4aa761eb541914f50a75dd685cd47b,smart_money,P-R,25.0,-0.8,27,24,3,0.3333333333333333,-1.539161204400834,-4.356345800189573,-1.7919840342090074,134.771646090535,4.481481481481482,10.0,6.801902896580874,-6.859270318269141,0.2962962962962963,0.037037037037037035,"ETH,ZEC,LIT,kPEPE,FARTCOIN",仓位真实收益偏反向，可作为反向参考
1423890,970,2026-08-03 20:16:54,30,0x288ed4efc8fbd1e42a06fe083ea942d20c90b336,"money_printer,smart_money",P-B,67.17489056587397,1.0,19,16,3,0.625,0.3983251960243772,17.939799087635627,3.081835172909682,240.60080409356726,17.210526315789473,40.0,12.238557060617005,-10.308029547923935,0.21052631578947367,0.5263157894736842,"BTC,ETH,VVV,WLFI,CASHCAT",仓位表现普通有效
1423933,970,2026-08-03 20:16:54,30,0x28bbaaa5b431ed61ea6a9b3394f76616e00cfca6,money_printer,P-N,50.0,1.0,1,0,1,,,2.08869079729538,2.08869079729538,210.70694444444445,20.0,20.0,3.8641827237826867,-3.11221814368117,0.0,1.0,ETH,仓位样本不足，暂不影响权重
1424313,970,2026-08-03 20:16:55,30,0x298629982613bf36c48d0b31afd2fe7d1b4604dc,money_printer,P-N,50.0,1.0,1,1,0,1.0,3.43698445233215,,3.43698445233215,403.6563888888889,10.0,10.0,22.089186622006697,0.0,0.0,1.0,ETH,仓位样本不足，暂不影响权重
1424262,970,2026-08-03 20:16:55,30,0x29b7ddbc6fa8cd273a63cb17826225aeb46ed6a4,smart_money,P-G,44.08303676792466,0.65,4,4,0,0.25,-0.9169632320753383,,-0.9169632320753383,8.80701388888889,32.5,40.0,0.41180324625960874,-1.4646310217787164,0.0,1.0,"BTC,HYPE",高杠杆/短线赌徒型，长期单降权
1423908,970,2026-08-03 20:16:54,30,0x29c792a175627a15c60f5288e55d1cf7d95f2157,smart_money,P-G,44.84195703961031,0.65,3,2,1,1.0,2.1914149525319635,-4.682561224400451,-0.15804296038969032,265.55055555555555,10.0,10.0,6.534160252374153,-7.7067641592654885,0.0,1.0,HYPE,高杠杆/短线赌徒型，长期单降权
1423611,970,2026-08-03 20:16:54,30,0x29eb62882a8bd104a64400a2971d0d6881777043,money_printer,P-B,83.56249257384124,1.0,37,2,35,0.5,59.15360790223373,0.15670095412896845,3.2812462869206196,718.7512312312316,4.72972972972973,5.0,22.043481095054645,-14.687939397397178,0.13513513513513514,0.0,"HMSTR,LIT,AAVE,ALGO,ASTER",仓位表现普通有效
1423612,970,2026-08-03 20:16:54,30,0x2a29762f188eacd2217313a62642b1fb24d14d9c,smart_money,P-N,50.0,1.0,1,0,1,,,51.32555643901273,51.32555643901272,866.6597222222222,2.0,2.0,101.46762005904955,0.0,1.0,0.0,HYPE,仓位样本不足，暂不影响权重
1423955,970,2026-08-03 20:16:54,30,0x2a304155f0c751217f2bedc1769be8398151eca4,smart_money,P-C,50.83592695629404,0.75,7,5,2,0.6,-11.097134331352107,1.0700440920546348,-7.450383864781407,62.46936507936507,4.857142857142857,10.0,8.66262384600878,-16.516418952860217,0.5714285714285714,0.2857142857142857,"CASHCAT,TAO,HYPE,kBONK",仓位收益偏弱，降权参考
1423613,970,2026-08-03 20:16:54,30,0x2a4d9f5d63bcd42c737431e0b49d2e01c49caae4,smart_money,P-C,46.020599913279625,0.75,4,0,4,,,32.108316224955686,32.06452757420408,866.6597222222222,6.25,10.0,37.02693083595737,0.0,0.25,0.25,"LINK,POL,SOL,TRB",仓位收益偏弱，降权参考
1423904,970,2026-08-03 20:16:54,30,0x2a72b57dea119cc0bac14df798f9e9b8b148267c,smart_money,P-B,66.63855764122765,1.0,2597,2564,33,0.5253510140405616,0.07690710865987699,-0.1518257358394599,0.07446541236706371,9.204294057245567,4.171736619175972,10.0,0.7903183551809314,-0.7096387256671397,0.4497497112052368,0.01424720831728918,"LAYER,ARB,MORPHO,ALT,MELANIA",仓位表现普通有效
1423614,970,2026-08-03 20:16:54,30,0x2a767954b55264c1443b3fa634d4adb7d6059a53,smart_money,P-G,45.33821929390644,0.65,127,90,37,0.6,0.23533404640663344,0.4853464806546618,0.33821929390644273,214.99751312335965,12.188976377952756,40.0,5.106886181746074,-5.61647612585773,0.007874015748031496,0.905511811023622,"XRP,TRUMP,DOT,FARTCOIN,WLD",高杠杆/短线赌徒型，长期单降权
1423615,970,2026-08-03 20:16:54,30,0x2a876325db0cdd43e0f250bc309d45f78e45dcf3,smart_money,P-C,78.0595113849761,0.75,14,6,8,0.3333333333333333,-0.010841384689496655,11.779745353354269,8.1324488474302,576.2833531746031,3.5714285714285716,5.0,21.585320686862563,-15.934157630840298,0.7142857142857143,0.0,"GOAT,GRIFFAIN,STBL,VINE,ZRO",仓位收益偏弱，降权参考
1423616,970,2026-08-03 20:16:54,30,0x2a934d40944e2b686ee9cdce74a3f67d32cd0347,money_printer,P-N,50.0,1.0,2,1,1,0.0,-0.07844976788573832,13.522652628852155,6.722101430483208,478.6534722222222,32.5,40.0,16.9819118763242,-0.37566924930850976,0.0,1.0,"ETH,BTC",仓位样本不足，暂不影响权重
1423617,970,2026-08-03 20:16:54,30,0x2ac4880624dae9e823874d65e43bfeba97fc61b5,smart_money,P-C,44.340636218799276,0.75,8,1,7,0.0,-0.74248447823398,12.304808081312643,0.1548681744399173,659.2444444444444,2.125,5.0,25.279268134065482,-8.984287952283552,0.75,0.0,"BTC,ENA,ETH,WLD,ZEC",仓位收益偏弱，降权参考
1423618,970,2026-08-03 20:16:54,30,0x2b02efbf4fa4585ae3cc9d81913770e9b12484db,smart_money,P-N,50.0,1.0,2,1,1,0.0,-2.5725678747184935,-15.74550500086719,-9.159036437792842,525.2456944444444,4.0,5.0,2.8704597562447196,-23.401317417572834,0.5,0.0,"ETHFI,STBL",仓位样本不足，暂不影响权重
1423619,970,2026-08-03 20:16:54,30,0x2b3349ff0c4cf96f7df87fd5f3d583ee625733f7,smart_money,P-C,55.544162800628484,0.75,10,0,10,,,5.193998095051411,5.27208140031424,866.6597222222224,1.7,2.0,24.45617484092272,-18.785318091100997,1.0,0.0,"AAVE,AVAX,CHIP,ENA,LIT",仓位收益偏弱，降权参考
1423968,970,2026-08-03 20:16:54,30,0x2b7b64b593a40a210bc0568522e7d7991ee8c7c0,smart_money,P-N,50.0,1.0,1,0,1,,,-3.234572502251623,-3.234572502251623,102.00111111111111,5.0,5.0,0.0,-4.989285381533593,0.0,0.0,ETH,仓位样本不足，暂不影响权重
1423620,970,2026-08-03 20:16:54,30,0x2b9b48bbdd8018396daad50364c467246db30d87,smart_money,P-G,47.60126909521014,0.65,3,0,3,,,-0.04549615777540339,2.601269095210146,866.6597222222222,14.0,19.0,16.302247647655008,-12.67109788317079,0.0,0.6666666666666666,"BTC,ETH,ZEC",高杠杆/短线赌徒型，长期单降权
1424319,970,2026-08-03 20:16:55,30,0x2ba553d9f990a3b66b03b2dc0d030dfc1c061036,money_printer,P-N,50.0,1.0,1,1,0,1.0,2.3030942334739737,,2.3030942334739737,0.9994444444444445,5.0,5.0,2.3030942334739737,0.0,0.0,0.0,LIT,仓位样本不足，暂不影响权重
1423621,970,2026-08-03 20:16:54,30,0x2ba90dba46da390ca15d2ac24078d3a81bc85399,smart_money,P-A,100.0,1.15,5,2,3,1.0,11.523699910837385,-13.371921474298828,2.5221894885870353,489.85472222222216,3.8,5.0,20.27249812027669,-23.022983367097332,0.4,0.0,"FARTCOIN,HYPE,CASHCAT,PURR",仓位收益稳定，适合加权参考
1423622,970,2026-08-03 20:16:54,30,0x2bb45f0411f8f7cd264620fb2b22990d373b8ac5,smart_money,P-N,50.0,1.0,1,0,1,,,37.021237767182974,37.021237767182974,866.6597222222222,5.0,5.0,38.60323471040446,0.0,0.0,0.0,WLFI,仓位样本不足，暂不影响权重
1423623,970,2026-08-03 20:16:54,30,0x2bd0cbb03af55e337aabb179a7bf092218b8367c,smart_money,P-N,50.0,1.0,1,0,1,,,18.297303178077282,18.297303178077282,866.6597222222222,10.0,10.0,25.591649707534973,0.0,0.0,1.0,BTC,仓位样本不足，暂不影响权重
1423624,970,2026-08-03 20:16:54,30,0x2bd6745f4c7f91401611134b61b839ee2ebdb8d8,smart_money,P-C,11.924089278186393,0.75,4,0,4,,,-6.721941446802251,-5.548255317546616,866.6597222222222,7.5,10.0,13.161967004120317,-28.784189009680826,0.0,0.5,"FARTCOIN,HYPE,PUMP,SPX",仓位收益偏弱，降权参考
1423625,970,2026-08-03 20:16:54,30,0x2bee414493be72c747edf347d42b198494fb0ba9,smart_money,P-N,50.0,1.0,1,0,1,,,22.909566515384626,22.909566515384622,866.6597222222222,6.0,6.0,29.79213413941939,0.0,0.0,0.0,BTC,仓位样本不足，暂不影响权重
1423947,970,2026-08-03 20:16:54,30,0x2c6f7831be3fe15cc7025672f27623a921553725,smart_money,P-N,50.0,1.0,2,1,1,1.0,12.891545163112239,-3.621197201614691,4.635173980748774,432.8306944444444,13.0,20.0,21.539188280499015,-2.6844495769942642,0.0,0.5,"ETH,HYPE",仓位样本不足，暂不影响权重
1423923,970,2026-08-03 20:16:54,30,0x2ca4927174ba283d8a57f60ef3589844035a2930,smart_money,P-N,50.0,1.0,2,1,1,0.0,-0.7634601548495031,0.5739791899062899,-0.3606242759492762,411.16277777777776,20.0,20.0,1.7439869874487088,-2.4378447805278314,0.0,1.0,BTC,仓位样本不足，暂不影响权重
1423626,970,2026-08-03 20:16:54,30,0x2cd991f48ba31536a96b772536a1daaaedf150ae,money_printer,P-C,47.31293053408898,0.75,23,1,22,0.0,-20.04692082680496,17.600747361277367,15.800637332582992,847.8588647342997,9.869565217391305,40.0,35.83296107880155,-18.702046719480073,0.17391304347826086,0.5652173913043478,"AAVE,ATOM,AVAX,CRV,DOT",仓位收益偏弱，降权参考
1423901,970,2026-08-03 20:16:54,30,0x2cef0a7f84e722c77b271862da5fe2387028fa20,smart_money,P-G,46.17825939153599,0.65,25,21,4,0.7142857142857143,0.4536767375289516,5.577500411407043,1.1782593915359914,74.80696666666668,22.2,40.0,3.415070707726776,-1.6377976002446806,0.0,0.96,"BTC,HYPE,ETH,SOL,ZEC",高杠杆/短线赌徒型，长期单降权
1423973,970,2026-08-03 20:16:54,30,0x2cffce91b4e0c81df18726ff66b31b2b1545e1ad,smart_money,P-G,45.039312820847115,0.65,87,86,1,0.5697674418604651,0.048517457030776305,-0.024276026249432255,0.03931282084711662,8.273307790549172,13.482758620689655,25.0,0.30119997032035467,-0.26794051180694134,0.2988505747126437,0.6206896551724138,BTC,高杠杆/短线赌徒型，长期单降权
1424022,970,2026-08-03 20:16:55,30,0x2d46792b530edc6951935dd7c8c79141dbcf1d43,smart_money,P-G,45.043795633331456,0.65,79,78,1,0.5897435897435898,0.041417896370325405,0.21338127247147098,0.04379563333145263,9.149525316455701,20.0,20.0,0.33256913007997474,-0.28920380472745705,0.0,1.0,BTC,高杠杆/短线赌徒型，长期单降权
1423627,970,2026-08-03 20:16:54,30,0x2d55a75eef61cf781a278f0d81074c896bdb167c,smart_money,P-B,100.0,1.0,20,14,6,0.7857142857142857,18.506609181236854,-4.159912121849157,11.706652790311052,475.12631944444456,9.0,40.0,21.48040469384144,-15.30130739098021,0.2,0.35,"HYPE,NEAR,XMR,ZRO,GRAM",仓位表现普通有效
1423628,970,2026-08-03 20:16:54,30,0x2d7ae76a3c51efa830e99a404570157421120d7e,smart_money,P-G,65.0,0.65,3,0,3,,,37.703271912556794,37.70327191255679,866.6597222222222,20.0,20.0,46.14584185904977,0.0,0.0,1.0,"BTC,ETH,SOL",高杠杆/短线赌徒型，长期单降权
1423867,970,2026-08-03 20:16:54,30,0x2d891ef03177dd17372c5efecbd80f301d96436b,smart_money,P-N,50.0,1.0,1,0,1,,,-0.2573509879965329,-0.25735098799653294,784.2847222222222,3.0,3.0,6.2977526978832294,-3.3230622111246833,1.0,0.0,BTC,仓位样本不足，暂不影响权重
1424307,970,2026-08-03 20:16:55,30,0x2d99fe0f36c1aebd28a1a2c0e82e8ca13c2ea351,money_printer,P-N,50.0,1.0,1,1,0,1.0,5.77903367605614,,5.77903367605614,330.55083333333334,2.0,2.0,6.701146107036315,-0.12493863164470217,1.0,0.0,BTC,仓位样本不足，暂不影响权重
1423629,970,2026-08-03 20:16:54,30,0x2dacce251f42aa0ebad75ec0cf505e138142a911,smart_money,P-N,50.0,1.0,1,0,1,,,-12.13851681672856,-12.13851681672856,866.6597222222222,2.0,2.0,6.516744746834297,-17.951040435729325,1.0,0.0,ETH,仓位样本不足，暂不影响权重
1423630,970,2026-08-03 20:16:54,30,0x2dafcc36215b481c331f05437959c428562064b6,smart_money,P-N,50.0,1.0,2,1,1,0.0,-1.2926136725836879,15.423353263639422,7.065369795527867,436.8309722222222,6.5,10.0,10.113879324275613,-8.731238181663935,0.5,0.5,"HYPE,PURR",仓位样本不足，暂不影响权重
1423631,970,2026-08-03 20:16:54,30,0x2dd5b67410355a62fde9fc526f2b08b81413a130,smart_money,P-N,50.0,1.0,1,0,1,,,17.717404942261673,17.66879264008871,866.6597222222222,10.0,10.0,22.391495935868807,-3.1875766244380954,0.0,1.0,HYPE,仓位样本不足，暂不影响权重
1423632,970,2026-08-03 20:16:54,30,0x2ded914aa5fadadd7d32d678924188586d7c656b,smart_money,P-C,82.11932102851266,0.75,106,27,79,0.6666666666666666,6.529228325542095,-6.995382389692228,-3.2736728190770017,685.2371226415086,4.018867924528302,5.0,13.774641062815002,-20.18767772083151,0.49056603773584906,0.0,"POLYX,MEME,EIGEN,GMT,GALA",仓位收益偏弱，降权参考
1423633,970,2026-08-03 20:16:54,30,0x2e2e76c5e1d91a78ec41672da4640620d88a1c50,smart_money,P-C,75.21383889168068,0.75,10,7,3,0.8571428571428571,0.71421332148113,-16.562521008422507,-3.893080554159661,227.17119444444438,10.1,40.0,1.055457241265581,-7.572772771316982,0.1,0.1,"HYPE,LIT,BTC,AERO",仓位收益偏弱，降权参考
1423634,970,2026-08-03 20:16:54,30,0x2e30c32738a28833e3d85189c04895c25ee54cb5,smart_money,P-R,25.0,-0.8,5,0,5,,,-0.4405160386287732,-0.3960585239440393,866.6597222222223,2.0,2.0,4.623027974415788,-8.95691423477937,1.0,0.0,"BTC,ETH,SOL,XRP,ZEC",仓位真实收益偏反向，可作为反向参考
1423635,970,2026-08-03 20:16:54,30,0x2ef1697d832128ae14a19eb08f7074db6336b106,smart_money,P-N,50.0,1.0,2,0,2,,,29.178998689037822,29.178998689037822,866.6597222222222,1.0,1.0,34.48037473162371,-2.8727522650630863,1.0,0.0,"FARTCOIN,HYPE",仓位样本不足，暂不影响权重
1423876,970,2026-08-03 20:16:54,30,0x2f7eb45927a2076d52e00463d8015a360a495405,smart_money,P-B,75.59719894583768,1.0,17,14,3,0.5,0.18567886983199708,2.3139890494795927,0.6463548660274658,232.85197712418298,3.588235294117647,5.0,12.626171484397362,-12.15237850677002,0.7058823529411765,0.0,"VINE,ZRO,VVV,GRASS,CASHCAT",仓位表现普通有效
1423636,970,2026-08-03 20:16:54,30,0x2fcb6898d5a0623de19c3691904927685014c4d8,money_printer,P-C,54.869193197145435,0.75,27,0,27,,,57.94278098449302,57.824345867127064,866.6597222222225,5.296296296296297,10.0,62.84864680041671,-3.763275912135497,0.4074074074074074,0.2222222222222222,"0G,ANIME,AVNT,BCH,BERA",仓位收益偏弱，降权参考
1423637,970,2026-08-03 20:16:54,30,0x2ff2944a3bbf6e79848facaeddb2d986773dfaed,smart_money,P-B,82.40004611778026,1.0,115,38,77,0.5789473684210527,-0.9629081129385136,0.35196561848726177,-0.06313483584670894,652.3284202898541,4.095652173913043,5.0,16.9790435999457,-18.740393696063762,0.45217391304347826,0.0,"SNX,IOTA,BSV,RENDER,FIL",仓位表现普通有效
1423638,970,2026-08-03 20:16:54,30,0x3005fade4c0df5e1cd187d7062da359416f0eb8e,smart_money,P-G,37.576765058111434,0.65,6,0,6,,,-7.505242509806231,-7.423234941888567,769.0215740740741,14.166666666666666,25.0,10.730219844570925,-17.33015240848853,0.0,0.6666666666666666,"ETH,HYPE,PENDLE,SOL,LIT",高杠杆/短线赌徒型，长期单降权
1423639,970,2026-08-03 20:16:54,30,0x303de6f3508071e983cd3e68ccb41cae75248466,smart_money,P-N,50.0,1.0,2,0,2,,,8.587438585589814,8.587438585589814,866.6597222222222,15.0,20.0,15.468728839131069,-4.167886535896686,0.0,1.0,"BTC,TRX",仓位样本不足，暂不影响权重
1423640,970,2026-08-03 20:16:54,30,0x30530d8c6f6aa5416609992bbe08aac518d8525a,smart_money,P-C,0.02059991327962507,0.75,4,0,4,,,-19.96790451955601,-20.29538803127467,866.6597222222222,8.75,10.0,2.1854919425037416,-33.78109845286588,0.0,0.75,"BTC,DOGE,FARTCOIN,HYPE",仓位收益偏弱，降权参考
1423641,970,2026-08-03 20:16:54,30,0x30a712758896b443d447f486737b91b54161e64f,smart_money,P-N,50.0,1.0,2,0,2,,,10.33826341239017,10.33826341239017,538.6833333333333,3.5,5.0,18.79003525245081,-28.269316043261526,0.5,0.0,"ETHFI,CASHCAT",仓位样本不足，暂不影响权重
1423971,970,2026-08-03 20:16:54,30,0x30a7a78ada9aaada13ef7290ce2d18554c9cbd80,smart_money,P-G,42.84496533710148,0.65,10,9,1,0.3333333333333333,-2.445595611930002,0.4600138783848055,-2.1550346628985215,150.63380555555554,20.0,20.0,1.5226470762154753,-3.1403749658533906,0.0,1.0,"ETH,BTC,XRP",高杠杆/短线赌徒型，长期单降权
1423642,970,2026-08-03 20:16:54,30,0x30bb45af88000014bd7a5e6f7c714a489c4f7cae,smart_money,P-N,50.0,1.0,2,0,2,,,52.56442589044062,52.56442589044062,866.6597222222222,20.0,20.0,57.904530633808115,0.0,0.0,1.0,"ETH,SOL",仓位样本不足，暂不影响权重
1423643,970,2026-08-03 20:16:54,30,0x31ca8395cf837de08b24da3f660e77761dfb974b,money_printer,P-G,45.02670854718042,0.65,2640,2465,175,0.5403651115618662,0.021976033303853344,0.08398153639418936,0.02670854718042034,54.643257891413924,20.0,20.0,1.1216213319246817,-1.1136371814516093,0.0,1.0,"SNX,PENGU,JUP,CAKE,DOT",高杠杆/短线赌徒型，长期单降权
1423644,970,2026-08-03 20:16:54,30,0x31d6b5a70e8ef418311d7cd2c28c7e1c15e84f90,smart_money,P-R,25.0,-0.8,9,0,9,,,-38.05871670741949,-38.05871670741949,734.1457098765433,3.111111111111111,10.0,10.34290583025927,-44.422915669700586,0.8888888888888888,0.1111111111111111,"ADA,ASTER,HYPE,LINK,MNT",仓位真实收益偏反向，可作为反向参考
1423645,970,2026-08-03 20:16:54,30,0x31dea2516beee92135b96f464eeec3cf292a13f2,money_printer,P-G,45.19492109641765,0.65,153,146,7,0.589041095890411,0.09285882847787219,2.548745140717191,0.19492109641765162,38.329522512708806,18.516339869281047,20.0,0.8662773530257821,-0.8723866079635519,0.0718954248366013,0.9150326797385621,"SOL,BTC,ETH,HYPE,BNB",高杠杆/短线赌徒型，长期单降权
1424101,970,2026-08-03 20:16:55,30,0x31f0ed3135a26b142f58354011fdaf30766f4205,smart_money,P-G,46.00151286281943,0.65,5,5,0,0.6,1.0015128628194325,,1.0015128628194325,31.140722222222223,16.0,40.0,2.861421148745227,-1.1639754805797815,0.0,1.0,"HYPE,BTC",高杠杆/短线赌徒型，长期单降权
1423646,970,2026-08-03 20:16:54,30,0x31f28ff1130fdd38d6180fa326c146fe63ecc52b,smart_money,P-C,42.78151250383644,0.75,6,0,6,,,21.3981474781706,21.393217250263064,791.2168981481482,7.5,10.0,29.869654200775027,-4.132395322606882,0.0,0.5,"BTC,CRV,FARTCOIN,PUMP,TAO",仓位收益偏弱，降权参考
1423647,970,2026-08-03 20:16:54,30,0x32051a0c36af1449e0eee08146a808115ccc40bb,money_printer,P-B,59.269459359090156,1.0,63,58,5,0.5862068965517241,0.22883037950345458,-0.3907210862944789,0.16510734785378525,67.25347001763667,9.523809523809524,10.0,1.494388830651329,-1.431707668483391,0.0,0.9047619047619048,"DOGE,ZEC,PENGU,SUI,PUMP",仓位表现普通有效
1423648,970,2026-08-03 20:16:54,30,0x321f13fa322c8c446eb0c50f54d0af8cca859714,smart_money,P-N,50.0,1.0,1,0,1,,,51.66962957183699,51.66962957183699,866.6597222222222,10.0,10.0,101.92570259862575,0.0,0.0,1.0,HYPE,仓位样本不足，暂不影响权重
1424009,970,2026-08-03 20:16:55,30,0x321f7193eadbacb67eff00f76b975a487e5b1c84,smart_money,P-G,41.70252775503371,0.65,5,4,1,0.25,-3.613744337408918,-2.032383875195806,-3.297472244966296,271.86727777777776,10.0,10.0,7.46110544933822,-4.392652719235888,0.0,1.0,"BTC,ETH,UNI",高杠杆/短线赌徒型，长期单降权
1423649,970,2026-08-03 20:16:54,30,0x324563717b20e19e71c5440aff6c9762ccfc08cc,money_printer,P-N,50.0,1.0,2,0,2,,,26.000801746444765,26.000801746444765,866.6597222222222,20.0,20.0,35.68950628409722,0.0,0.0,1.0,"BTC,ETH",仓位样本不足，暂不影响权重
1424340,970,2026-08-03 20:16:55,30,0x32536c98f7fd6b47637452275a2297abcc4ff6ee,smart_money,P-N,50.0,1.0,1,1,0,1.0,21.742046580861814,,21.742046580861814,24.00638888888889,2.0,2.0,23.48753615591271,-0.8014810167409601,1.0,0.0,CASHCAT,仓位样本不足，暂不影响权重
1423949,970,2026-08-03 20:16:54,30,0x325edd95bb016c36027ce3b9f7595af7094a9564,money_printer,P-G,45.36062914447199,0.65,10,9,1,0.6666666666666666,0.25590448832881557,1.3031510497605723,0.36062914447199124,167.12188888888886,17.0,40.0,3.225182339241132,-6.664551294509849,0.0,0.9,"HYPE,ETH,ZEC,BTC,LIT",高杠杆/短线赌徒型，长期单降权
1424150,970,2026-08-03 20:16:55,30,0x3286cd2bd1b67afbcbb6988bebd50229120092e1,smart_money,P-N,50.0,1.0,1,1,0,0.0,-2.7580454202992164,,-2.7580454202992164,8.999444444444444,10.0,10.0,0.0,-2.758045420299217,0.0,1.0,HYPE,仓位样本不足，暂不影响权重
1423650,970,2026-08-03 20:16:54,30,0x329c787b163a730bd7900df2beb3ff4fe4670375,smart_money,P-N,50.0,1.0,1,0,1,,,26.114730087973037,26.114730087973037,866.6597222222222,10.0,10.0,30.31180815063872,0.0,0.0,1.0,HYPE,仓位样本不足，暂不影响权重
1423651,970,2026-08-03 20:16:54,30,0x32a501193fe8789b2093e03e698e5ca979c9cd92,money_printer,P-S,96.20067073369934,1.25,9,3,6,0.6666666666666666,2.546382680885434,8.470492889036862,6.495789486319718,568.7698456790123,3.6666666666666665,5.0,29.115550191018592,-26.904906869210183,0.6666666666666666,0.0,"GOAT,HYPE,MON,VVV,XPL",仓位收益、持仓周期、杠杆结构适合长期参考
1423977,970,2026-08-03 20:16:54,30,0x335f45392f8d87745aaae68f5c192849afd9b60e,money_printer,P-G,44.91377599380031,0.65,23,22,1,0.36363636363636365,-0.09021558513742682,0.029756078462080577,-0.08622400619969108,31.426630434782613,13.0,13.0,0.40536595751023147,-0.5352474009873847,0.0,1.0,BTC,高杠杆/短线赌徒型，长期单降权
1424049,970,2026-08-03 20:16:55,30,0x339030695894d065719b8ee501459a467ef1388a,smart_money,P-B,59.53920796704,1.0,259,258,1,0.5387596899224806,0.044107844880314204,0.0910186052737275,0.044288967507315806,2.740486915486915,8.88030888030888,20.0,0.2592632686457003,-0.21473203007243793,0.2471042471042471,0.41312741312741313,ETH,仓位表现普通有效
1423961,970,2026-08-03 20:16:54,30,0x33c3b8bcd758f511b350374a63e1f880f40e0282,smart_money,P-N,50.0,1.0,1,0,1,,,-1.5497553017944565,-1.5497553017944565,127.00138888888888,5.0,5.0,3.172013775602673,-4.721769077397142,0.0,0.0,DYDX,仓位样本不足，暂不影响权重
1423652,970,2026-08-03 20:16:54,30,0x3440f23a87f1950e7a88cd248fd270e92d1132c5,money_printer,P-G,35.0,0.65,9,5,4,0.4,-23.216340457855885,-1.6177070484878875,-14.013776216476266,503.7024074074074,16.666666666666668,40.0,12.021520908735745,-25.79748615598332,0.0,0.8888888888888888,"HYPE,AVAX,BTC,ETH,SOL",高杠杆/短线赌徒型，长期单降权
1423474,970,2026-08-03 20:16:54,30,0x34827044cbd4b808fc1b189fce9f50e6dafae7c9,smart_money,P-B,59.37456878487745,1.0,1226,1226,0,0.4893964110929853,-0.0027645472023920567,,-0.0027645472023920567,1.2915493021569666,5.49510603588907,10.0,0.65098808697405,-0.6196118423128094,0.3621533442088091,0.24388254486133767,"KAITO,VVV,XPL,XMR,GRASS",仓位表现普通有效
1423653,970,2026-08-03 20:16:54,30,0x349bd094209d50280dfaca12779576c748395c15,money_printer,P-B,100.0,1.0,7,1,6,1.0,3.288171872237241,22.25728238954672,19.54740945850251,768.2368253968255,9.0,20.0,28.274418568723796,-15.391166480980683,0.14285714285714285,0.5714285714285714,"HYPE,PUMP,PURR,SOL,TAO",仓位表现普通有效
1423883,970,2026-08-03 20:16:54,30,0x34fb5ec7d4e939161946340ea2a1f29254b893de,money_printer,P-G,45.082010303428476,0.65,977,941,36,0.5483528161530287,0.07134948931451154,0.9046281449775715,0.0820103034284722,28.549235755714786,10.245649948822928,20.0,1.449317787886386,-1.50939890224773,0.1330603889457523,0.6417604912998977,"ZEC,SOL,HYPE,ONDO,BTC",高杠杆/短线赌徒型，长期单降权
1423654,970,2026-08-03 20:16:54,30,0x350e33a777d510616fbdb483d1de3b50d1edfcfb,money_printer,P-G,47.67075075711304,0.65,20,14,6,0.6428571428571429,1.0987319184551982,8.161931045587878,2.67075075711304,247.57595833333335,16.65,20.0,6.351533352956066,-2.7560885507788817,0.05,0.85,"BTC,ETH,ZEC,HYPE,NEAR",高杠杆/短线赌徒型，长期单降权
1424023,970,2026-08-03 20:16:55,30,0x351126a070c9cadef8064ddd7b2d289fc33163aa,smart_money,P-B,66.43863119023406,1.0,133,132,1,0.5984848484848485,0.05416417885808848,0.013905899845430088,0.054300785365376955,5.780029239766084,7.090225563909774,20.0,0.370154959521158,-0.27658899443457974,0.6390977443609023,0.2781954887218045,ETH,仓位表现普通有效
1424024,970,2026-08-03 20:16:55,30,0x352deb23bebae8b4c57d0ae341d9c1951fd8425a,smart_money,P-G,44.38288064202524,0.65,39,38,1,0.4473684210526316,-0.6323901809906071,-0.036828083372512144,-0.6171193579747585,28.213041310541303,18.05128205128205,40.0,1.8352298944074756,-2.4108852460865364,0.07692307692307693,0.7948717948717948,"BTC,PUMP,FARTCOIN,WLD,ZEC",高杠杆/短线赌徒型，长期单降权
1423655,970,2026-08-03 20:16:54,30,0x353bd2e5da5f01707dfad0dd86907561ac66cc38,smart_money,P-C,39.05872474148668,0.75,5,1,4,0.0,-6.496238649837293,10.546038576210053,6.534512349063244,496.8773888888889,7.0,10.0,10.553284299801911,-2.9194709619520784,0.0,0.4,"BTC,TAO,HYPE,ETH",仓位收益偏弱，降权参考
1424003,970,2026-08-03 20:16:55,30,0x354bcb431a332079950d2ce3a4698745e0f66425,smart_money,P-G,44.80593709556854,0.65,3,2,1,0.5,-0.24520261661592543,-0.09261123215864361,-0.19406290443145913,288.8865740740741,10.0,10.0,0.3942710175167403,-1.9856519035654159,0.0,1.0,PAXG,高杠杆/短线赌徒型，长期单降权
1423656,970,2026-08-03 20:16:54,30,0x3595098878d3960158b77765f3b595228385d69a,money_printer,P-N,50.0,1.0,2,0,2,,,5.289389868083561,6.129467462742868,866.6597222222222,10.0,10.0,15.199704514054373,-4.929811159750855,0.0,1.0,"AAVE,SUI",仓位样本不足，暂不影响权重
1423978,970,2026-08-03 20:16:54,30,0x35af6c00f4be09af7219192cf54edb9892b31428,smart_money,P-G,44.954636271001654,0.65,28,27,1,0.5925925925925926,-0.0703055179672707,0.47161104548139,-0.045363728998345676,27.582936507936502,10.0,10.0,1.3931399809406233,-1.4342894105534338,0.0,1.0,HYPE,高杠杆/短线赌徒型，长期单降权
1424025,970,2026-08-03 20:16:55,30,0x35c5c21decc15b99b9af370b3e97fd8e213bd29d,smart_money,P-G,44.84337269155497,0.65,54,53,1,0.6981132075471698,-0.1560733998863032,-0.18598446205760025,-0.15662730844503092,9.927422839506171,14.444444444444445,20.0,0.5658575975961836,-1.3412673589369604,0.0,1.0,"ZEC,SOL,HYPE,BTC,ETH",高杠杆/短线赌徒型，长期单降权
1423657,970,2026-08-03 20:16:54,30,0x35d1151ef1aab579cbb3109e69fa82f94ff5acb1,money_printer,P-N,50.0,1.0,2,0,2,,,-20.731321656062676,-20.73132165606268,866.6597222222222,10.0,10.0,13.806483317466007,-27.175115004352776,0.0,1.0,"FARTCOIN,PUMP",仓位样本不足，暂不影响权重
1424247,970,2026-08-03 20:16:55,30,0x36076e4bfad9624d7feba562326fdfa2063ede23,smart_money,P-G,42.64590975746957,0.65,8,8,0,0.5,-2.354090242530431,,-2.354090242530431,70.52475694444445,10.75,20.0,4.358878934936165,-3.875024781022002,0.25,0.75,"HYPE,SOL,GRASS,PUMP",高杠杆/短线赌徒型，长期单降权
1424040,970,2026-08-03 20:16:55,30,0x362ad6209a5e904a5569f69884375809c5781d9f,smart_money,P-A,100.0,1.15,19,18,1,0.9444444444444444,1.2037918309934166,0.3057975020810831,1.156528971576978,65.16551169590643,5.0,5.0,1.5993529268192106,-1.5735575068917287,0.0,0.0,"BTC,SOL",仓位收益稳定，适合加权参考
1424032,970,2026-08-03 20:16:55,30,0x362c5006ed0a405c35df4a138cb38d891f1a1a20,smart_money,P-B,44.05347964582382,1.0,264,263,1,0.5057034220532319,-0.014439163037135936,0.157193355648012,-0.013789039860298252,2.7293802609427633,14.659090909090908,30.0,0.17672837720441528,-0.1769561928886326,0.0,0.4659090909090909,BTC,仓位表现普通有效
1423658,970,2026-08-03 20:16:54,30,0x36387781e2564f8ac6d0a79154441f24d4c28cab,smart_money,P-N,50.0,1.0,1,0,1,,,17.298538363533407,17.298538363533407,866.6597222222222,5.0,5.0,31.056678227633068,0.0,0.0,0.0,ETH,仓位样本不足，暂不影响权重
1423934,970,2026-08-03 20:16:54,30,0x365e0c115f1ca1adcb42fd21142873493df7f880,smart_money,P-G,45.161801814129994,0.65,257,245,12,0.5714285714285714,0.15210370624136157,0.754521474260248,0.161801814129991,35.06156722870727,13.30739299610895,30.0,1.6739457847742725,-1.4913672611446733,0.0,1.0,"NEAR,kPEPE,SUI,ETH,ADA",高杠杆/短线赌徒型，长期单降权
1423659,970,2026-08-03 20:16:54,30,0x367b98f500b7db1da1c9b1e7c2338f830823c097,smart_money,P-C,18.057860805630398,0.75,3,0,3,,,-6.856675870783113,-6.856675870783114,813.5930555555556,3.6666666666666665,5.0,1.9293184978866984,-19.344207555232813,0.6666666666666666,0.0,"BTC,ETH,HYPE",仓位收益偏弱，降权参考
1424341,970,2026-08-03 20:16:55,30,0x368fa5b8582c72ca0ecfbc8469f1cbc13c7e2162,smart_money,P-G,44.460076317906136,0.65,6,6,0,0.16666666666666666,-0.5399236820938674,,-0.5399236820938674,11.959814814814814,21.666666666666668,40.0,0.742143802315328,-0.993144433158541,0.0,1.0,"HYPE,BTC,SOL",高杠杆/短线赌徒型，长期单降权
1423660,970,2026-08-03 20:16:54,30,0x369daedbefcb30b82154338c8fd613a70c60d251,money_printer,P-C,80.59782608695653,0.75,128,23,105,0.34782608695652173,-0.732457825963883,28.31937889555348,22.683683945282507,711.6501996527763,5.21875,20.0,32.0983723238798,-6.4420401195217005,0.4765625,0.1875,"REZ,PUMP,GALA,CRV,DYM",仓位收益偏弱，降权参考
1423661,970,2026-08-03 20:16:54,30,0x36ac01de9bc76c0d744b38c3e13a0538d55c7568,money_printer,P-C,43.10454588052996,0.75,3,0,3,,,31.519207101308435,30.90953507879122,766.7725925925926,5.333333333333333,10.0,45.494738586553275,-12.924859286358435,0.6666666666666666,0.3333333333333333,"HYPE,PURR,CASHCAT",仓位收益偏弱，降权参考
1423662,970,2026-08-03 20:16:54,30,0x36c097864a03c7f0215c0d43165a734152a12e0b,smart_money,P-G,45.284704301441984,0.65,54,39,15,0.7948717948717948,0.6119748938419316,-0.871994707008404,0.28470430144198283,173.9976183127572,20.333333333333332,40.0,4.743041648264368,-5.050027114577708,0.1111111111111111,0.7962962962962963,"BTC,ETH,ONDO,CASHCAT,HYPE",高杠杆/短线赌徒型，长期单降权
1423663,970,2026-08-03 20:16:54,30,0x36f5e448c9cf0032551e58919cf4eabefcd742c1,smart_money,P-B,100.0,1.0,9,4,5,1.0,4.45163479424471,4.171484681900843,3.385046978852626,512.9281790123457,9.0,20.0,7.964672288299283,-14.107983781965729,0.2222222222222222,0.4444444444444444,"HYPE,LIT,BTC,ZEC,KAITO",仓位表现普通有效
1423664,970,2026-08-03 20:16:54,30,0x36fbd89b5aa130b53708a98e729ad726daaf1f86,money_printer,P-G,41.528188836167516,0.65,5,1,4,0.0,-30.02471169686985,9.831885385210752,-3.4718111638324864,726.749111111111,17.0,40.0,17.61862720769794,-23.869869021183888,0.0,0.6,"BTC,ETH,HYPE,LIT,ADA",高杠杆/短线赌徒型，长期单降权
1423665,970,2026-08-03 20:16:54,30,0x37283486c96d2b9690cb9296292e6e354ceffb4b,smart_money,P-N,50.0,1.0,1,0,1,,,-58.22177026871539,-58.2217702687154,866.6597222222222,3.0,3.0,0.0,-59.07229286587242,1.0,0.0,TRB,仓位样本不足，暂不影响权重
1423666,970,2026-08-03 20:16:54,30,0x373753d4a354b34a23d04882a6ee64042f47a189,smart_money,P-G,42.232587845368236,0.65,9,1,8,0.0,-4.390122676538767,-2.576257363526934,-2.767412154631763,573.9579012345679,11.666666666666666,20.0,5.802607461759384,-10.126016827673446,0.0,0.6666666666666666,"BTC,ETH,LINK,SOL,ENA",高杠杆/短线赌徒型，长期单降权
1423667,970,2026-08-03 20:16:54,30,0x37c9fe4d36d46a617539ccc67cc9d8f45ddd6a14,smart_money,P-N,50.0,1.0,1,0,1,,,28.70828060835549,28.70828060835549,866.6597222222222,2.0,2.0,32.04959055219797,0.0,1.0,0.0,SOL,仓位样本不足，暂不影响权重
1424059,970,2026-08-03 20:16:55,30,0x3895d155b005191686476a39580d43258a518e46,smart_money,P-A,80.57898823213051,1.15,46,45,1,0.6222222222222222,1.4066730683719344,0.2386634844868845,1.3812815556787812,24.487783816425118,4.478260869565218,10.0,3.0811332095644084,-1.5409754113826033,0.4782608695652174,0.08695652173913043,"EIGEN,ETHFI,AERO,VVV,W",仓位收益稳定，适合加权参考
1423668,970,2026-08-03 20:16:54,30,0x39085c09de2350f6cad25cb664182791e6d6530a,smart_money,P-N,50.0,1.0,1,0,1,,,31.727416629232714,31.727416629232714,866.6597222222222,10.0,10.0,37.82273417613211,0.0,0.0,1.0,BTC,仓位样本不足，暂不影响权重
1423669,970,2026-08-03 20:16:54,30,0x392b3aa013bca178ae7f466e12a879044cec0d92,smart_money,P-C,46.114845837169774,0.75,6,0,6,,,54.20164537908622,54.129525790224456,866.6597222222223,8.333333333333334,20.0,58.88236115236541,0.0,0.0,0.3333333333333333,"JTO,JUP,PUMP,PYTH,SOL",仓位收益偏弱，降权参考
1423884,970,2026-08-03 20:16:54,30,0x39475d17bcd20adc540e647dae6781b153fbf3b1,money_printer,P-B,62.31876485158851,1.0,1008,971,37,0.5612770339855818,0.14976828287136293,-0.2360161550873916,0.1416703632830218,28.013197475749582,9.652777777777779,20.0,1.5583452525637858,-1.5285302230951423,0.054563492063492064,0.6626984126984127,"FARTCOIN,HYPE,ONDO,KAITO,SOL",仓位表现普通有效
1423670,970,2026-08-03 20:16:54,30,0x399d7adeecc4f5e83891d3ca03d588155765459d,money_printer,P-N,50.0,1.0,2,0,2,,,48.028656644396975,48.028656644396975,866.6597222222222,15.0,20.0,55.02137362729143,0.0,0.0,1.0,"XRP,kPEPE",仓位样本不足，暂不影响权重
1423907,970,2026-08-03 20:16:54,30,0x39a04e90140793ec048323284425cd2ff53480d6,smart_money,P-A,93.50997591985251,1.15,9,8,1,0.875,3.465134911082388,-10.012878566197323,2.3032198571740685,96.55524691358026,6.111111111111111,10.0,4.401008437513295,-3.659991535026872,0.5555555555555556,0.4444444444444444,"LIT,HYPE",仓位收益稳定，适合加权参考
1424238,970,2026-08-03 20:16:55,30,0x39b07015ca813075bbce6f475767d5b4b9d518b0,smart_money,P-R,25.0,-0.8,23,23,0,0.2608695652173913,-1.6282836511148617,,-1.6282836511148617,42.67923913043478,10.391304347826088,40.0,3.6672712944993777,-2.6766158528145376,0.13043478260869565,0.5217391304347826,"NEAR,ZEC,ETH,VIRTUAL,ETHFI",仓位真实收益偏反向，可作为反向参考
1423671,970,2026-08-03 20:16:54,30,0x39bac00809cae627f52e4a82f95f4f67d5b269bd,money_printer,P-B,67.71209754717312,1.0,273,211,62,0.5308056872037915,0.042028461042441366,-0.22857546309144897,-0.007864564260427974,188.29791921041925,8.238095238095237,20.0,4.403835283439747,-4.595903848835314,0.08424908424908426,0.5714285714285714,"ARB,PUMP,WLD,APT,ZEC",仓位表现普通有效
1423672,970,2026-08-03 20:16:54,30,0x39be8fad61f5fa0cdfa2fc97c30a59833f58705d,smart_money,P-C,64.8699596925866,0.75,51,12,39,0.25,2.382317258294604,7.526237024379329,6.998705336489378,492.693071895425,7.549019607843137,20.0,15.054129880337637,-5.0231401124809825,0.09803921568627451,0.43137254901960786,"PAXG,kBONK,CC,DOT,ETC",仓位收益偏弱，降权参考
1423673,970,2026-08-03 20:16:54,30,0x3a0d3e46c87ab14986d71aaf55f665a9ff8ad197,smart_money,P-N,50.0,1.0,1,0,1,,,-4.908029540245647,-4.908029540245647,866.6597222222222,10.0,10.0,14.755431056435983,-26.973104272365767,0.0,1.0,ZEC,仓位样本不足，暂不影响权重
1424088,970,2026-08-03 20:16:55,30,0x3a122449de235a40481689442271c0731b805d69,money_printer,P-G,46.17814420314695,0.65,6,6,0,0.8333333333333334,1.1781442031469467,,1.1781442031469467,212.07546296296297,27.5,40.0,5.563332374495409,-2.6456771954718366,0.0,0.8333333333333334,"BTC,ETH,HYPE",高杠杆/短线赌徒型，长期单降权
1423674,970,2026-08-03 20:16:54,30,0x3a316081b54eb22529fa983a9d048e229ab91aba,smart_money,P-N,50.0,1.0,1,0,1,,,14.248963937641474,14.248963937641474,866.6597222222222,20.0,20.0,21.904742713979623,0.0,0.0,1.0,BTC,仓位样本不足，暂不影响权重
1423675,970,2026-08-03 20:16:54,30,0x3a35a3f97e9e317cebee6906d9232a9653e73d69,smart_money,P-N,50.0,1.0,1,0,1,,,-3.3740890688259113,-3.3740890688259113,866.6597222222222,5.0,5.0,5.85506072874494,-8.031578947368422,0.0,0.0,BTC,仓位样本不足，暂不影响权重
1423676,970,2026-08-03 20:16:54,30,0x3a94ec43996178f7013988358f58baf18a4cc707,smart_money,P-R,25.0,-0.8,5,3,2,0.0,-0.7647185843940828,-23.817792767098553,-8.108156975628244,355.5707777777778,5.6,10.0,6.570272164593177,-13.590550631575798,0.2,0.2,"PURR,LIT,XPL,PUMP,ENA",仓位真实收益偏反向，可作为反向参考
1423677,970,2026-08-03 20:16:54,30,0x3aacc9d745031ea9d4348242f227e35c8dfb434f,smart_money,P-B,80.88243202051615,1.0,18,13,5,0.6153846153846154,3.1956801882201966,7.476871441790713,4.126391946280002,246.2686111111111,8.5,20.0,9.280826098262132,-3.390352067536851,0.2777777777777778,0.5,"BTC,PUMP,VVV,HYPE,TAO",仓位表现普通有效
1424257,970,2026-08-03 20:16:55,30,0x3ab77725ac1ae06aff19d90a33c2a0fe126b7789,smart_money,P-N,50.0,1.0,1,1,0,0.0,-1.1992733100674229,,-1.1992733100674229,105.27333333333333,5.0,5.0,0.7388275338221473,-1.1992733100674229,0.0,0.0,GRAM,仓位样本不足，暂不影响权重
1424050,970,2026-08-03 20:16:55,30,0x3ac9b030594c1ef23a3e8fed9f62356b7bf98bf6,smart_money,P-C,40.49145112004135,0.75,302,301,1,0.44518272425249167,-0.030943633070437217,-0.0582426683909791,-0.03103402722712775,2.272587380426782,13.37748344370861,40.0,0.14289851362391118,-0.17222326660549583,0.23178807947019867,0.4304635761589404,BTC,仓位收益偏弱，降权参考
1423678,970,2026-08-03 20:16:54,30,0x3b3d9656b93d21729e15e0bc3566dd4fd1e5b464,smart_money,P-C,36.4378792138633,0.75,3,0,3,,,24.162064318311167,24.162064318311167,866.6597222222222,8.0,10.0,31.8729348276698,0.0,0.0,0.6666666666666666,"BTC,ETH,XRP",仓位收益偏弱，降权参考
1423912,970,2026-08-03 20:16:54,30,0x3b883b85fd41b81ef23b6041248bc6ac0b1c04a7,money_printer,P-G,45.649850177816234,0.65,40,32,8,0.5,0.3578214635833124,1.7274395990959839,0.6498501778162368,155.91293055555556,12.7,30.0,4.74975898813083,-3.841222078612546,0.025,0.9,"ZEC,HYPE,BTC,ETH,SOL",高杠杆/短线赌徒型，长期单降权
1423383,970,2026-08-03 20:16:54,30,0x3bbe8e02f72b10c9698a6e4375b5a19e53fc5b40,smart_money,P-A,100.0,1.15,29,29,0,0.896551724137931,1.1315497788264521,,1.1315497788264521,24.80293103448275,1.0,1.0,1.9152326089482508,-1.1418213524852379,1.0,0.0,"LIT,HYPE,BTC,AAVE,ETH",仓位收益稳定，适合加权参考
1424008,970,2026-08-03 20:16:55,30,0x3bcae23e8c380dab4732e9a159c0456f12d866f3,money_printer,P-G,45.38229929281833,0.65,195,192,3,0.5833333333333334,0.37814786202471046,0.706538934076745,0.38229929281833414,18.358830484330486,18.31282051282051,40.0,1.98007072984506,-1.8406203298655566,0.035897435897435895,0.8461538461538461,"ETH,BTC,HYPE,ZEC,NEAR",高杠杆/短线赌徒型，长期单降权
1424194,970,2026-08-03 20:16:55,30,0x3be3a8613dc18554a73773a5bfb8e9819d360dc0,smart_money,P-N,50.0,1.0,1,1,0,1.0,82.45451477182442,,82.45451477182442,715.6594444444445,10.0,10.0,85.24955819740347,0.0,0.0,1.0,ENA,仓位样本不足，暂不影响权重
1423679,970,2026-08-03 20:16:54,30,0x3c165893deaaf04ac79f4f959594747b6ef77e92,smart_money,P-A,90.81509460894394,1.15,29,24,5,0.625,2.091643511680639,19.593544453748258,5.134350418425467,263.7486206896552,5.724137931034483,10.0,11.130541006287338,-6.7261227419640885,0.2413793103448276,0.2413793103448276,"NEAR,LDO,SKY,JTO,GRAM",仓位收益稳定，适合加权参考
1424265,970,2026-08-03 20:16:55,30,0x3c37dc9b5d4c60d404ec834987c106510d03442f,smart_money,P-S,100.0,1.25,49,49,0,0.7142857142857143,2.3295466062161805,,2.3295466062161805,99.63632086167794,1.0,1.0,3.9961437283580383,-7.174971750251403,1.0,0.0,"TRUMP,PEOPLE,TURBO,kFLOKI,kPEPE",仓位收益、持仓周期、杠杆结构适合长期参考
1423680,970,2026-08-03 20:16:54,30,0x3ca146d2692f61746a28fa926dc9d18086ce37c6,money_printer,P-C,65.06066943492587,0.75,119,58,61,0.46551724137931033,-0.6011793921731672,0.08208530706982123,-0.30898721820788416,439.130873015873,7.260504201680672,20.0,7.509260381859655,-8.460382221709121,0.19327731092436976,0.44537815126050423,"kSHIB,ENA,ARB,kBONK,FARTCOIN",仓位收益偏弱，降权参考
1423914,970,2026-08-03 20:16:54,30,0x3d5f1ad033c4e7c6a6d433d50d694c488dcaebcf,smart_money,P-G,46.04844295594274,0.65,7,6,1,0.8333333333333334,2.1267767974207175,-5.421560092925139,1.048442955942738,233.31178571428572,10.714285714285714,25.0,13.141029906477685,-6.578946392729392,0.0,0.7142857142857143,"HYPE,ETH,VIRTUAL,WLD,kBONK",高杠杆/短线赌徒型，长期单降权
1423988,970,2026-08-03 20:16:55,30,0x3d89bcea338f35edfaeb313b1c713978c6dceb14,smart_money,P-G,47.3552742482843,0.65,16,15,1,0.6666666666666666,2.1703303111308907,5.1294333055854375,2.3552742482842994,189.2634375,11.375,20.0,4.863143400885939,-5.081268163466046,0.0625,0.8125,"HYPE,BTC,LIT,ASTER,ETH",高杠杆/短线赌徒型，长期单降权
1424227,970,2026-08-03 20:16:55,30,0x3da0af89bbb753754cc85af0658aab61cafefe82,smart_money,P-G,48.62058306472968,0.65,8,8,0,0.75,3.620583064729676,,3.620583064729676,82.48333333333335,16.25,20.0,4.441831317089024,-0.7510596925294282,0.0,1.0,"SOL,BTC,ETH",高杠杆/短线赌徒型，长期单降权
1424339,970,2026-08-03 20:16:55,30,0x3daf7f1cfd1c289e9b2fb7abb2efbd39f77455d7,smart_money,P-C,5.148100826699762,0.75,4,4,0,0.0,-5.436249543289931,,-5.436249543289931,12.564722222222223,4.75,10.0,0.043492995933121434,-7.095674769088101,0.75,0.25,"CASHCAT,HYPE",仓位收益偏弱，降权参考
1423681,970,2026-08-03 20:16:54,30,0x3dc908374e11623d8eb9f07dfc7a2e5e803a54b0,money_printer,P-C,34.00401778766616,0.75,5,1,4,0.0,-21.578171258397226,13.86012618653077,8.007158872152983,746.8624444444443,8.6,10.0,17.773766909882966,-12.932073829583299,0.2,0.8,"HYPE,LINK,PAXG,VVV,AAVE",仓位收益偏弱，降权参考
1423682,970,2026-08-03 20:16:54,30,0x3dd02db82fce1f4ad2daec0694fc7ab81b0d9218,smart_money,P-N,50.0,1.0,1,0,1,,,-89.85119217244583,-89.85119217244583,866.6597222222222,1.0,1.0,0.0,-90.26976803368754,1.0,0.0,XPL,仓位样本不足，暂不影响权重
1423882,970,2026-08-03 20:16:54,30,0x3dd462347e7b42b5a3ea15132b677a4978af7a81,smart_money,P-A,95.29810955839555,1.15,14,13,1,0.6923076923076923,3.838092686912243,28.73183025066378,5.616216798608781,375.9255555555555,5.857142857142857,13.0,18.666118062133474,-7.20644141919477,0.2857142857142857,0.14285714285714285,"CASHCAT,GRASS,HYPE,KAITO,AAVE",仓位收益稳定，适合加权参考
1423683,970,2026-08-03 20:16:54,30,0x3e02519a47cef3d4464944c4815fad9e5837e767,money_printer,P-B,88.59574503340043,1.0,11,4,7,0.5,3.4789513368329428,19.626318450729894,13.483086394868321,600.6664898989899,4.545454545454546,10.0,30.785171591863847,-9.1533175538297,0.45454545454545453,0.09090909090909091,"PURR,STBL,XMR,ZRO,GRASS",仓位表现普通有效
1424051,970,2026-08-03 20:16:55,30,0x3e051c89cd06e6867ce98c758fcc665d2148e1bb,smart_money,P-G,45.07309227450348,0.65,132,130,2,0.4846153846153846,0.07410380339941507,0.007342896267575449,0.07309227450347813,31.593569023569017,14.628787878787879,25.0,1.7878849595824895,-1.2779622346353396,0.015151515151515152,0.9166666666666666,"HYPE,BTC,ETH,SOL,NEAR",高杠杆/短线赌徒型，长期单降权
1423984,970,2026-08-03 20:16:54,30,0x3e252899d87a354e8bfa4bd8b62325549b5714da,smart_money,P-C,67.35069773500972,0.75,10,9,1,0.4444444444444444,-0.786471007750806,3.276172189250317,-0.3802066880506937,60.20191666666667,3.0,10.0,3.277956557500893,-2.7645570970563673,0.9,0.1,"ZEC,ETH,HYPE,NEAR",仓位收益偏弱，降权参考
1424033,970,2026-08-03 20:16:55,30,0x3e41a8fa0032d635f02201053f1a5aa2a6967c81,smart_money,P-C,64.94553759119503,0.75,10,9,1,0.4444444444444444,-1.6027445136705747,-1.4031669765452268,-1.58278675995804,412.8906944444445,3.1,4.0,12.639023360001598,-6.858415288005075,0.9,0.0,"ZEC,BTC,ETH,HYPE,LIT",仓位收益偏弱，降权参考
1423684,970,2026-08-03 20:16:54,30,0x3e781befd071c59d820725f70ce109298f750706,smart_money,P-R,25.0,-0.8,10,0,10,,,-9.286684428522314,-6.969034475735315,866.6597222222224,11.5,40.0,6.832298128619918,-19.395189031075542,0.2,0.5,"ARB,BTC,ENA,ETH,HYPE",仓位真实收益偏反向，可作为反向参考
1424271,970,2026-08-03 20:16:55,30,0x3e7a0eca8b624b75034ad820fa291425f21f1589,money_printer,P-G,43.95605689506962,0.65,3,3,0,0.3333333333333333,-1.043943104930376,,-1.043943104930376,59.87935185185185,13.333333333333334,20.0,1.8905014058236276,-2.5774002581202784,0.0,1.0,"ZEC,BTC,HYPE",高杠杆/短线赌徒型，长期单降权
1423685,970,2026-08-03 20:16:54,30,0x3e8734ec146c981e3ed1f6b582d447dde701d90c,smart_money,P-N,50.0,1.0,1,0,1,,,-68.7793216145066,-68.7793216145066,866.6597222222222,3.0,3.0,0.0,-124.70472959773767,1.0,0.0,HYPE,仓位样本不足，暂不影响权重
1423686,970,2026-08-03 20:16:54,30,0x3ee505ba316879d246a8fd2b3d7ee63b51b44fab,money_printer,P-G,60.722501341111126,0.65,7,0,7,,,14.831276112852322,15.722501341111123,866.6597222222224,10.428571428571429,20.0,38.16789950756993,-7.897617221889784,0.14285714285714285,0.5714285714285714,"AAVE,ETH,HYPE,LIT,SKY",高杠杆/短线赌徒型，长期单降权
1423687,970,2026-08-03 20:16:54,30,0x3f1647d33707830e088e9cb6aa791017a1dfdf84,smart_money,P-N,50.0,1.0,1,0,1,,,7.319957056638818,7.3199570566388195,866.6597222222222,20.0,20.0,20.996547121634165,0.0,0.0,1.0,SOL,仓位样本不足，暂不影响权重
1423688,970,2026-08-03 20:16:54,30,0x3f1c0f2130158c4ff45acd214fd81b37441a9ab5,smart_money,P-N,50.0,1.0,2,1,1,1.0,4.512438207834886,2.48552501173647,3.4989816097856776,842.1593055555555,32.5,40.0,15.456216624842266,-1.657288422604629,0.0,1.0,"ETH,BTC",仓位样本不足，暂不影响权重
1423868,970,2026-08-03 20:16:54,30,0x3faf35a220e0d6a3bc3cce4ca54454aba68cfd6a,smart_money,P-G,44.191122594013045,0.65,66,62,4,0.22580645161290322,-1.1095589839269981,4.815000053055,-0.8088774059869539,80.71620370370371,22.03030303030303,40.0,1.8553198806938789,-2.9024619174388233,0.045454545454545456,0.7878787878787878,"ETH,BTC,XLM,NEAR,LIT",高杠杆/短线赌徒型，长期单降权
1424369,970,2026-08-03 20:16:55,30,0x3fb5da839710949169d716d95800ff6316b3286f,smart_money,P-G,43.152312743666315,0.65,3,3,0,0.3333333333333333,-1.8476872563336837,,-1.8476872563336837,138.82842592592593,23.333333333333332,40.0,4.300900399685394,-2.813185123737288,0.0,1.0,"BTC,SOL,HYPE",高杠杆/短线赌徒型，长期单降权
1423689,970,2026-08-03 20:16:54,30,0x3fc56e944aa7b1594c85861b2d46a07f82a2c0c1,money_printer,P-A,92.67005920496642,1.15,13,8,5,0.625,1.3602641086446061,20.337364267209225,8.46723591787211,227.32002136752138,7.615384615384615,40.0,12.731419014735224,-1.9503968691907154,0.6153846153846154,0.3076923076923077,"PURR,BTC,HYPE,LINK,KAITO",仓位收益稳定，适合加权参考
1424208,970,2026-08-03 20:16:55,30,0x3fe1303b746bb9c88b30f364a6394261b4692943,money_printer,P-C,59.16352288028414,0.75,14,14,0,0.5714285714285714,-0.7917358811062635,,-0.7917358811062635,110.25755952380952,11.071428571428571,37.0,5.258453693239659,-5.359921960836091,0.21428571428571427,0.2857142857142857,"HYPE,ETH,BTC,ZEC,XPL",仓位收益偏弱，降权参考
1423987,970,2026-08-03 20:16:55,30,0x3ff54fd26855db3758d0b5ae7aed47440c47f705,money_printer,P-G,44.754548635203975,0.65,27,26,1,0.46153846153846156,-0.2157311338941725,-1.0293891879315853,-0.24545136479602442,29.762232510288065,13.0,13.0,0.42150286086756195,-0.7026479399393827,0.0,1.0,BTC,高杠杆/短线赌徒型，长期单降权
1424149,970,2026-08-03 20:16:55,30,0x402cf0cac36c6faa342b8379d77111e158fe75d0,smart_money,P-N,50.0,1.0,1,1,0,0.0,-3.4732703019146425,,-3.4732703019146425,10.996666666666666,5.0,5.0,2.6448831527440273,-3.4732703019146425,0.0,0.0,UNI,仓位样本不足，暂不影响权重
1423690,970,2026-08-03 20:16:54,30,0x404ca2035b37bf2e83505134ebcf8d03babb5f03,money_printer,P-G,57.910463774194206,0.65,16,0,16,,,12.916204324664864,12.910463774194204,866.6597222222225,10.9375,40.0,26.523543530130883,-13.54076617540461,0.0,0.6875,"AAVE,ASTER,AVAX,BCH,BNB",高杠杆/短线赌徒型，长期单降权
1423691,970,2026-08-03 20:16:54,30,0x4058fc96c3477729095901ef3f888be60247757b,smart_money,P-N,50.0,1.0,1,0,1,,,11.616595175524823,11.616595175524825,866.6597222222222,5.0,5.0,19.50738957180082,0.0,0.0,0.0,BTC,仓位样本不足，暂不影响权重
1424147,970,2026-08-03 20:16:55,30,0x408d807d1dbb778f59a9c088e56d4c27bdd362ac,smart_money,P-G,45.088835213268034,0.65,62,62,0,0.5161290322580645,0.08883521326803422,,0.08883521326803422,2.1842786738351263,32.75806451612903,40.0,0.32805505358097065,-0.18844475066726546,0.0,1.0,"BTC,ETH,HYPE",高杠杆/短线赌徒型，长期单降权
1423692,970,2026-08-03 20:16:54,30,0x40e494cdd7f6ee95449e06a74b767fb93c3623c5,smart_money,P-N,50.0,1.0,2,0,2,,,36.22085626356674,35.76819483250217,866.6597222222222,6.5,10.0,42.044064746281194,0.0,0.5,0.5,"DOGE,MON",仓位样本不足，暂不影响权重
1423693,970,2026-08-03 20:16:54,30,0x40ebad3d5648f1e542376c0e7152bd4018c9ce35,smart_money,P-C,49.771212547196626,0.75,3,0,3,,,13.148849771412571,13.671651324938017,866.6597222222222,4.333333333333333,5.0,29.671529667129022,-27.93141695791041,0.3333333333333333,0.0,"FARTCOIN,HYPE,PURR",仓位收益偏弱，降权参考
1424168,970,2026-08-03 20:16:55,30,0x40f6b6909659d3c76413e613fa8a2c5100bca864,smart_money,P-N,50.0,1.0,1,1,0,0.0,-5.303188581559509,,-5.303188581559509,615.3286111111111,2.0,2.0,4.113657881742545,-12.741070944263358,1.0,0.0,HYPE,仓位样本不足，暂不影响权重
1423694,970,2026-08-03 20:16:54,30,0x40fb8cab1c759e43bce58efc8fc9e948645488a7,smart_money,P-N,50.0,1.0,1,0,1,,,22.62722667373021,22.62722667373021,866.6597222222222,20.0,20.0,54.71267707954958,0.0,0.0,1.0,ETH,仓位样本不足，暂不影响权重
1423695,970,2026-08-03 20:16:54,30,0x4101ce19ee81f24da894976e585f1e79119dbd93,smart_money,P-B,100.0,1.0,13,1,12,1.0,14.42403386456885,29.540116024175685,28.241546298987096,830.0444444444446,9.0,20.0,36.80980657231946,-2.4948407583854104,0.15384615384615385,0.5384615384615384,"AERO,AVAX,BNB,BTC,ETH",仓位表现普通有效
1424337,970,2026-08-03 20:16:55,30,0x4112f219d4f9ea0890b5eb9b915b15521363fddf,smart_money,P-N,50.0,1.0,2,2,0,0.5,-0.17988695081399042,,-0.17988695081399042,29.001111111111115,7.5,10.0,1.4053106147194971,-1.422153878061304,0.0,0.5,"POL,BTC",仓位样本不足，暂不影响权重
1423696,970,2026-08-03 20:16:54,30,0x41206f8efb51e5039e5b46e04e7866a4849f72d2,money_printer,P-N,50.0,1.0,2,0,2,,,36.30792304593186,36.30792304593186,866.6597222222222,32.5,40.0,44.21073226528812,0.0,0.0,1.0,"BTC,ETH",仓位样本不足，暂不影响权重
1423918,970,2026-08-03 20:16:54,30,0x413c7a0a3489563350219bc96965a7da02f0fffc,smart_money,P-C,62.06328439888654,0.75,20,18,2,0.4444444444444444,1.0638718073083395,0.1345203899030778,0.9709366655678133,141.04493055555554,8.4,17.0,7.592710546818006,-3.984416317820357,0.1,0.55,"FARTCOIN,SOL,BTC,ETH,CASHCAT",仓位收益偏弱，降权参考
1423697,970,2026-08-03 20:16:54,30,0x41829013ce94b21131b68d5a7b0247bd4eefce96,smart_money,P-G,53.65744145753058,0.65,3,1,2,1.0,3.5342965932078267,14.93999928044811,8.657441457530584,796.4240740740739,10.0,10.0,29.885260248029663,-1.5473709916468863,0.0,1.0,"BTC,SOL,ETH",高杠杆/短线赌徒型，长期单降权
1423698,970,2026-08-03 20:16:54,30,0x418aa6bf98a2b2bc93779f810330d88cde488888,money_printer,P-G,50.67505751841006,0.65,3,0,3,,,6.609747212091032,5.675057518410054,866.6597222222222,23.333333333333332,40.0,17.44829355059666,-1.5056178440075347,0.0,0.6666666666666666,"BNB,BTC,ETH",高杠杆/短线赌徒型，长期单降权
1423699,970,2026-08-03 20:16:54,30,0x4196dc4a1dc7d3bfd5434adf04c829f4ccaf480d,money_printer,P-G,35.0,0.65,4,2,2,0.0,-16.88277270698757,-16.201237830068408,-18.315767870209697,700.9820833333332,11.25,20.0,9.553664334330337,-46.5264168706581,0.0,0.75,"FARTCOIN,HYPE,MON,SOL",高杠杆/短线赌徒型，长期单降权
1423700,970,2026-08-03 20:16:54,30,0x4208020376ed59106cbd45434a3919714bc3a722,smart_money,P-G,48.71220165424805,0.65,5,1,4,1.0,1.9625104018719575,1.2414599415285785,3.7122016542480503,655.6612222222222,27.0,40.0,11.945851401384367,-9.854587615283428,0.0,1.0,"BTC,ETH,SOL,HYPE",高杠杆/短线赌徒型，长期单降权
1423701,970,2026-08-03 20:16:54,30,0x420ab45e0bd8863569a5efbb9c05d91f40624641,smart_money,P-G,65.0,0.65,3,0,3,,,34.83712737096432,34.83712737096432,866.6597222222222,20.0,20.0,41.430325942080735,0.0,0.0,1.0,"BTC,ETH,SOL",高杠杆/短线赌徒型，长期单降权
1423702,970,2026-08-03 20:16:54,30,0x4221ae35dd1c468fea6fa034ffcd6360100f0eaa,smart_money,P-G,46.77210537160245,0.65,3,0,3,,,2.1693298240178067,1.772105371602449,866.6597222222222,20.0,20.0,11.986490889508119,-5.10587639780477,0.0,1.0,"BTC,ETH,SOL",高杠杆/短线赌徒型，长期单降权
1423703,970,2026-08-03 20:16:54,30,0x422f1f07f40f11bac71db4f520dd0ea1ff20f2c4,money_printer,P-C,46.114845837169774,0.75,6,0,6,,,12.153153941797576,12.153153941797575,866.6597222222223,7.666666666666667,20.0,38.34898192573622,-34.02429614389141,0.3333333333333333,0.3333333333333333,"BTC,FARTCOIN,GRIFFAIN,LIT,STBL",仓位收益偏弱，降权参考
1424398,970,2026-08-03 20:16:55,30,0x42351635d3e18bebbed4d119da64607d765ae877,smart_money,P-N,50.0,1.0,1,1,0,1.0,0.0012699238248713683,,0.0012699238248713683,41.39388888888889,10.0,10.0,3.3326554476587513,-1.417204738420854,0.0,1.0,ENA,仓位样本不足，暂不影响权重
1424264,970,2026-08-03 20:16:55,30,0x427070e33d630b0476bedba5d53db224913eb946,smart_money,P-A,85.75495539095853,1.15,7,7,0,0.7142857142857143,2.151987495407981,,2.151987495407981,4.589285714285714,1.8571428571428572,2.0,3.4587214123415237,-1.1869646623576067,1.0,0.0,"LIT,CASHCAT",仓位收益稳定，适合加权参考
1424218,970,2026-08-03 20:16:55,30,0x42b6d907f36255d48f70db8b4a2684088a162634,money_printer,P-N,50.0,1.0,1,1,0,1.0,8.411949568914416,,8.411949568914416,680.6575,3.0,3.0,39.42116537171171,-3.9170657325131892,1.0,0.0,ZEC,仓位样本不足，暂不影响权重
1423704,970,2026-08-03 20:16:54,30,0x42bc06d636e9a9a93edb1ddf781ee97821a73946,smart_money,P-N,50.0,1.0,1,0,1,,,8.2231046140098,8.2231046140098,866.6597222222222,10.0,10.0,20.156298600311036,-12.702177293934689,0.0,1.0,HYPE,仓位样本不足，暂不影响权重
1423888,970,2026-08-03 20:16:54,30,0x42fd5648cf21c158d15e4f58785760755b3f6623,smart_money,P-C,60.08987643986892,0.75,21,19,2,0.42105263157894735,-0.7681922429249248,1.6664124208568558,-0.5172860732840094,88.95268518518519,6.857142857142857,20.0,3.724404960159013,-3.4990329336893935,0.38095238095238093,0.42857142857142855,"ZEC,HYPE,LIT,BTC,ETH",仓位收益偏弱，降权参考
1424376,970,2026-08-03 20:16:55,30,0x431e6a452b01124374c0ab913614cb4fbf462958,smart_money,P-C,32.2234300323468,0.75,4,4,0,0.25,-6.148584940466412,,-6.148584940466412,59.18277777777778,3.5,5.0,4.329392299968449,-9.197240400510502,0.75,0.0,"CHIP,2Z,PYTH",仓位收益偏弱，降权参考
1423995,970,2026-08-03 20:16:55,30,0x44871d62caaeb8b91777be8aae0e23ee68b4c92d,money_printer,P-G,44.818863727716106,0.65,11,10,1,0.3,-0.14836522603237645,-0.8181072977112449,-0.1811362722838954,72.3439393939394,10.0,10.0,0.4915377758671456,-1.0140425055949454,0.0,1.0,ETH,高杠杆/短线赌徒型，长期单降权
1423906,970,2026-08-03 20:16:54,30,0x44a709e254ac9f54bbd37a1d6388da5ddcb57c7a,smart_money,P-B,80.18005297379234,1.0,44,42,2,0.7380952380952381,0.5484210623073753,7.121342542177679,0.5748749717446533,65.66152777777779,9.886363636363637,20.0,2.6959569408864357,-2.060035462815978,0.0,0.4318181818181818,"BTC,MORPHO,ATOM,TAO,HBAR",仓位表现普通有效
1423705,970,2026-08-03 20:16:54,30,0x44c9c226cdfae773002b3f86d3966af3cd8f277c,money_printer,P-A,83.19241971855386,1.15,41,8,33,0.625,14.835299778666664,-2.2454441937897713,1.160234249520835,580.8505826558267,5.439024390243903,20.0,17.75509832258686,-12.859045958250077,0.5121951219512195,0.24390243902439024,"JTO,ACE,CASHCAT,ADA,AIXBT",仓位收益稳定，适合加权参考
1423859,970,2026-08-03 20:16:54,30,0x44f3abaf092be39d7bd6ebcabe4d3cdd3d804c1f,smart_money,P-N,50.0,1.0,1,0,1,,,-3.002446234477056,-2.9670219970339193,837.9405555555555,40.0,40.0,3.766760470120841,-7.767526691684984,0.0,1.0,BTC,仓位样本不足，暂不影响权重
1423919,970,2026-08-03 20:16:54,30,0x44f4f40d7c82447b2d23c2e537703016874ffab0,smart_money,P-N,50.0,1.0,1,0,1,,,-9.29761327487748,-9.297613274877477,340.98777777777775,10.0,10.0,4.312439060666651,-14.449993417884354,0.0,1.0,HYPE,仓位样本不足，暂不影响权重
1423706,970,2026-08-03 20:16:54,30,0x45246498353a9e3ca808b67567e238865350fc10,smart_money,P-S,100.0,1.25,8,7,1,1.0,33.21442641744477,7.069086815815387,29.762662218515143,722.285486111111,4.75,5.0,37.98713416196232,-1.775714084705221,0.125,0.0,"LDO,COMP,FET,CFX,ZRO",仓位收益、持仓周期、杠杆结构适合长期参考
1423707,970,2026-08-03 20:16:54,30,0x4537e1a5b7bcadd39f6d6211cb757ce431798732,smart_money,P-B,56.4077561263837,1.0,41,39,2,0.5641025641025641,0.04573590219505368,4.182106412549417,0.21638588057771946,40.877689701897005,9.829268292682928,10.0,1.0526481833530872,-0.9783487187002842,0.024390243902439025,0.975609756097561,"XRP,MEGA",仓位表现普通有效
1424332,970,2026-08-03 20:16:55,30,0x4588595ee0047982cd5ca4a82ab69c3174fbc832,smart_money,P-B,73.55662085386517,1.0,120,120,0,0.5083333333333333,-0.013356239734077036,,-0.013356239734077036,1.7194861111111108,3.0,3.0,0.16807439320378054,-0.1830119166316736,1.0,0.0,BTC,仓位表现普通有效
1423874,970,2026-08-03 20:16:54,30,0x45974824c1c4e4d797aa8d057a5499b46cdefe33,money_printer,P-G,39.99295394936022,0.65,5,3,2,0.3333333333333333,-0.42429200339723844,-12.731453346808621,-5.007046050639781,302.2886111111111,34.0,40.0,2.255350701809866,-7.891216830271856,0.0,1.0,"BTC,HYPE",高杠杆/短线赌徒型，长期单降权
1424007,970,2026-08-03 20:16:55,30,0x45b440e5992994caf591bd5fa4ff4a471a531b00,smart_money,P-G,45.18130351018405,0.65,9,8,1,0.625,0.30183618731037276,-0.7659386386666973,0.1813035101840538,10.77962962962963,33.333333333333336,40.0,1.1465861228799283,-0.6355933094464853,0.0,1.0,"BTC,ETH",高杠杆/短线赌徒型，长期单降权
1423708,970,2026-08-03 20:16:54,30,0x45d26f28196d226497130c4bac709d808fed4029,money_printer,P-C,52.17391304347826,0.75,46,1,45,0.0,-5.190211597075004,57.11877146948128,55.76422835933874,836.0872222222218,7.260869565217392,20.0,62.622617924048754,-5.191662955212109,0.2826086956521739,0.391304347826087,"CASHCAT,2Z,APEX,ARB,ASTER",仓位收益偏弱，降权参考
1424019,970,2026-08-03 20:16:55,30,0x45ffe9ad0793c732578966bae4199b92ffabff5f,smart_money,P-G,46.042078309496034,0.65,39,37,2,0.6486486486486487,0.998352874172392,1.8509988629833822,1.0420783094960329,33.28650284900285,17.333333333333332,40.0,4.047268649710059,-1.0804319930721749,0.05128205128205128,0.8205128205128205,"ETH,BTC,UNI,AAVE,LIT",高杠杆/短线赌徒型，长期单降权
1424026,970,2026-08-03 20:16:55,30,0x4603444ec777fc3e783d157bc871f6bc04baf161,smart_money,P-G,45.22006230294799,0.65,15,14,1,0.7142857142857143,0.24098810076857488,-0.07289886654020411,0.22006230294798967,49.68733333333333,17.333333333333332,20.0,1.5627034412494034,-1.304156149098355,0.0,1.0,"BTC,ZEC",高杠杆/短线赌徒型，长期单降权
1424111,970,2026-08-03 20:16:55,30,0x461cc78cc9ddd66b0778aea759bdf0866a5ad2f2,smart_money,P-C,13.337706848097014,0.75,3,3,0,0.0,-2.5500861828831396,,-2.5500861828831396,214.1088888888889,8.333333333333334,10.0,4.820491731729199,-7.557243963294979,0.0,0.6666666666666666,"ZEC,TAO",仓位收益偏弱，降权参考
1423709,970,2026-08-03 20:16:54,30,0x469e9a7f624b04c24f0e64edf8d8a277e6bf58a5,money_printer,P-G,45.063535424959625,0.65,23,19,4,0.631578947368421,0.6048400272150564,-2.6335410754954696,0.06353542495962429,194.81084541062802,18.26086956521739,25.0,4.534642160789447,-6.585679374791406,0.0,0.9565217391304348,"ETH,BTC,HYPE,PUMP,XRP",高杠杆/短线赌徒型，长期单降权
1424126,970,2026-08-03 20:16:55,30,0x470a063ae0e2edb2b8029fd44b702ad7be6585c9,smart_money,P-N,50.0,1.0,1,1,0,1.0,9.306151911860889,,9.306151911860889,805.6602777777778,10.0,10.0,12.53528716038755,-22.793387533507982,0.0,1.0,HYPE,仓位样本不足，暂不影响权重
1423710,970,2026-08-03 20:16:54,30,0x474e2cb1aac71f66d0aa7adb0cd92c919f842fe4,smart_money,P-N,50.0,1.0,1,0,1,,,-122.39632277834525,-122.39632277834525,866.6597222222222,3.0,3.0,0.0,-196.0878447395301,1.0,0.0,HYPE,仓位样本不足，暂不影响权重
1423711,970,2026-08-03 20:16:54,30,0x477296b8f5f5525be26e5c0a82eb0dd24da3949f,money_printer,P-C,35.39281311909818,0.75,8,1,7,0.0,-0.4790758005973171,5.268144112734561,2.180956624589373,676.3331597222221,6.0,10.0,16.55518703364109,-24.21030511254108,0.125,0.25,"XMR,FARTCOIN,HYPE,LINK,LIT",仓位收益偏弱，降权参考
1423712,970,2026-08-03 20:16:54,30,0x47807d3f6ae34ff6aa1fc8fe4e7b742197c1e125,smart_money,P-C,60.511884047979386,0.75,81,21,60,0.2857142857142857,-0.9580527071872438,4.895438789709,2.3423617770761136,442.4884945130315,6.592592592592593,40.0,14.144902326461601,-9.124209637014777,0.345679012345679,0.30864197530864196,"LIT,ZEC,ETH,ZRO,TAO",仓位收益偏弱，降权参考
1423942,970,2026-08-03 20:16:54,30,0x47818abc02d61af1e586d3ceb035591aeae4548f,money_printer,P-N,50.0,1.0,1,0,1,,,-4.471243516696901,-4.019009172436698,174.99916666666667,25.0,25.0,0.18395973325838214,-6.203531004880047,0.0,1.0,ETH,仓位样本不足，暂不影响权重
1423713,970,2026-08-03 20:16:54,30,0x47f5a6397b79deaaca5c456503e7c1a49357b942,money_printer,P-A,100.0,1.15,62,8,54,1.0,25.225513855619454,9.032829073843967,11.161105365920967,723.1404973118277,7.516129032258065,40.0,21.598727802665938,-9.05724754403298,0.1935483870967742,0.4032258064516129,"APEX,APT,ASTER,ATOM,AVAX",仓位收益稳定，适合加权参考
1423714,970,2026-08-03 20:16:54,30,0x4801af178dd07390941931c7e6f82b61a4344a0b,smart_money,P-C,0.43787921386329387,0.75,3,0,3,,,-30.439961818316505,-30.439961818316505,743.7725925925926,7.666666666666667,10.0,2.209979478397957,-35.64343810609856,0.3333333333333333,0.6666666666666666,"BTC,CHIP,NEAR",仓位收益偏弱，降权参考
1423899,970,2026-08-03 20:16:54,30,0x481b24686744c8bf1fd8c993aad47902075cf951,smart_money,P-N,50.0,1.0,1,0,1,,,0.5347166799680743,0.5566120351013074,476.99833333333333,1.0,1.0,3.1630752859803164,-4.6209098164405376,1.0,0.0,ETH,仓位样本不足，暂不影响权重
1424076,970,2026-08-03 20:16:55,30,0x4829f3bbd5508707339547ebefface2b4c86d3b5,smart_money,P-G,44.56304468591286,0.65,62,62,0,0.43548387096774194,-0.43695531408714217,,-0.43695531408714217,12.911223118279564,24.661290322580644,40.0,0.7070359838709502,-1.3164003900144745,0.0,0.9193548387096774,"BTC,ETH,HYPE,SOL,ZEC",高杠杆/短线赌徒型，长期单降权
1423715,970,2026-08-03 20:16:54,30,0x483e1d004247248d516865b9b9e893d48359ce10,smart_money,P-B,76.89669218569023,1.0,1137,1022,115,0.5009784735812133,-0.08643263688682551,0.9137649262056895,0.0020502650839993616,91.05233069481079,4.358839050131926,12.0,3.1069297576264057,-3.173539576979814,0.4731750219876869,0.008795074758135445,"FARTCOIN,XLM,SOL,SUI,LTC",仓位表现普通有效
1423716,970,2026-08-03 20:16:54,30,0x484bc1608211d0604bf70bae72792a56884562f8,smart_money,P-N,50.0,1.0,1,0,1,,,-22.862206939005112,-22.862206939005112,866.6597222222222,5.0,5.0,0.8373929378800884,-29.798028040458075,0.0,0.0,FET,仓位样本不足，暂不影响权重
1424284,970,2026-08-03 20:16:55,30,0x487033d8ed8c955098148e87fa66f54b046d5c41,smart_money,P-N,50.0,1.0,2,2,0,0.5,-7.679685130334346,,-7.679685130334346,444.1604166666667,15.0,20.0,2.8207451043084655,-16.61882942506684,0.0,1.0,"BTC,HYPE",仓位样本不足，暂不影响权重
1423717,970,2026-08-03 20:16:54,30,0x48cd535b80439fefd6d00f74e5cf9b152adf2671,smart_money,P-R,25.0,-0.8,5,0,5,,,-16.94797823020006,-16.947978230200064,866.6597222222223,5.8,10.0,33.257807982973546,-50.68775036723338,0.6,0.4,"ANIME,JUP,TRB,USUAL,kBONK",仓位真实收益偏反向，可作为反向参考
1423718,970,2026-08-03 20:16:54,30,0x48d826da83e69844f2f84b2db50703a933d137a2,money_printer,P-G,46.53842365027055,0.65,14,12,2,0.75,1.5277224642119442,5.818606482170999,1.5384236502705497,172.40894841269844,12.0,20.0,6.029032193080185,-7.101236149979148,0.07142857142857142,0.5714285714285714,"KAITO,ETH,BTC,BNB,HYPE",高杠杆/短线赌徒型，长期单降权
1424034,970,2026-08-03 20:16:55,30,0x48ea62a2cc8391fbbe210e8ee89db573a8ec145f,smart_money,P-G,45.18415856535038,0.65,247,246,1,0.573170731707317,0.18566876335635274,-0.010103422304678509,0.18415856535037986,3.051156095366622,10.0,10.0,0.5195975801072656,-0.266009521817901,0.0,1.0,"HYPE,kPEPE",高杠杆/短线赌徒型，长期单降权
1423935,970,2026-08-03 20:16:54,30,0x48ec0004494081e8332589faf0747d568da79faf,smart_money,P-G,44.915280323810094,0.65,39,37,2,0.43243243243243246,-0.09437603163547716,-0.09213922821613398,-0.08471967618990447,34.544002849002844,24.487179487179485,40.0,0.9252855049019837,-1.0523534714343283,0.0,1.0,"ETH,XRP,BTC,HYPE,LINK",高杠杆/短线赌徒型，长期单降权
1423719,970,2026-08-03 20:16:54,30,0x491251909171d4b9b39c5bc5d70515292e21eaf0,smart_money,P-N,50.0,1.0,1,0,1,,,-82.81323546249062,-82.81323546249061,866.6597222222222,3.0,3.0,0.0,-82.84503924586869,1.0,0.0,BLUR,仓位样本不足，暂不影响权重
1423720,970,2026-08-03 20:16:54,30,0x4916efbf56bcaea1130b2a631f6f093095f614a2,smart_money,P-N,50.0,1.0,2,0,2,,,2.4550629438640357,2.4550629438640357,866.6597222222222,6.5,10.0,52.41221809877249,-27.28726691141725,0.5,0.5,"AZTEC,HYPE",仓位样本不足，暂不影响权重
1423721,970,2026-08-03 20:16:54,30,0x4926e8a30e82f0e34f723dc4c1394f9c668d21db,smart_money,P-A,100.0,1.15,8,4,4,1.0,13.361666055529502,2.812919079309853,9.017362940142318,419.41232638888886,7.25,20.0,14.72718995272692,-8.638458542072698,0.125,0.25,"MORPHO,LIT,BTC,ZEC,KAITO",仓位收益稳定，适合加权参考
1424035,970,2026-08-03 20:16:55,30,0x49ba9baa20d355ba042af2be9772d2b2cd892f44,money_printer,P-G,44.96503828123022,0.65,280,279,1,0.5806451612903226,-0.03502891832407382,-0.044157922510670855,-0.03496171876977823,2.901184523809524,20.0,20.0,0.18667768129549306,-0.23459616781066486,0.0,1.0,"BTC,ETH",高杠杆/短线赌徒型，长期单降权
1423722,970,2026-08-03 20:16:54,30,0x4a0aee02132a411cfcf79a486f0e2d7c5152e94a,money_printer,P-R,25.0,-0.8,32,0,32,,,-63.65665958114207,-63.65665958114207,866.6597222222225,8.71875,20.0,1.7155638145519836,-67.3052874885615,0.25,0.59375,"AAVE,ARB,ASTER,ATOM,AVAX",仓位真实收益偏反向，可作为反向参考
1423886,970,2026-08-03 20:16:54,30,0x4a13807147b2a364761e72cd129243ea20f4a4d1,smart_money,P-N,50.0,1.0,1,0,1,,,-2.90912315207403,-2.90912315207403,629.0030555555555,10.0,10.0,0.5215302519789131,-7.545664124844831,0.0,1.0,BTC,仓位样本不足，暂不影响权重
1423723,970,2026-08-03 20:16:54,30,0x4a1b3580f7ac72bc54175f05b76092eeb7a266aa,smart_money,P-N,50.0,1.0,1,0,1,,,-13.478250698854929,-13.478250698854929,866.6597222222222,20.0,20.0,0.0,-17.53336374375709,0.0,1.0,SOL,仓位样本不足，暂不影响权重
1423724,970,2026-08-03 20:16:54,30,0x4a5ae81bb737662ff67f7b31eb6fe62d15d91441,smart_money,P-A,100.0,1.15,9,7,2,0.5714285714285714,11.279002312665243,5.3954820742142005,9.971553370787234,461.44592592592585,3.0,3.0,41.90399141458612,-30.601318816392677,1.0,0.0,"BTC,ETH,ASTER,DOGE,FARTCOIN",仓位收益稳定，适合加权参考
1423725,970,2026-08-03 20:16:54,30,0x4a96036fb1529561fa3eeeb2781fad2d4f25500e,money_printer,P-G,49.6925791870398,0.65,27,10,17,0.9,15.631526129679116,-1.518748566205989,4.692579187039798,727.950277777778,10.88888888888889,40.0,17.156335337525668,-12.567430463848373,0.037037037037037035,0.5925925925925926,"WLFI,ETH,XMR,ASTER,BTC",高杠杆/短线赌徒型，长期单降权
1424214,970,2026-08-03 20:16:55,30,0x4aab8988462923ca3cbaa7e94df0cc523817cd64,money_printer,P-N,50.0,1.0,2,2,0,1.0,2.194020568219492,,2.194020568219492,29.849027777777778,2.0,2.0,2.370910548831114,-0.6939100763019526,1.0,0.0,BTC,仓位样本不足，暂不影响权重
1423726,970,2026-08-03 20:16:54,30,0x4aada58e425bb36c8cb39cd4e3ebf8571b76b2b5,smart_money,P-N,50.0,1.0,1,0,1,,,1.7950686381447514,-0.692319904835699,866.6597222222222,20.0,20.0,3.8873666736922794,-4.886354211894882,0.0,1.0,BTC,仓位样本不足，暂不影响权重
1423727,970,2026-08-03 20:16:54,30,0x4b1c09fa8322548360a76a3747e32a60a864bc38,money_printer,P-B,64.36130479127175,1.0,35,11,24,0.5454545454545454,-0.09939150789186103,0.6693758291445632,0.3754575904410755,565.9315555555555,9.142857142857142,10.0,9.5467337401813,-8.323659272331904,0.0,0.8285714285714286,"BTC,BCH,PAXG,XRP,AVAX",仓位表现普通有效
1423728,970,2026-08-03 20:16:54,30,0x4bc52d0ab83ed62c91c9a89fc3304e12422a54fb,smart_money,P-N,50.0,1.0,1,0,1,,,18.30806451128768,18.30806451128768,866.6597222222222,10.0,10.0,22.94860288577852,-8.939250388448865,0.0,1.0,HYPE,仓位样本不足，暂不影响权重
1423729,970,2026-08-03 20:16:54,30,0x4bd009bd1877ae6e21982d4ba3a32ee527e034df,smart_money,P-N,50.0,1.0,1,0,1,,,41.29021992656851,41.29021992656852,866.6597222222222,20.0,20.0,46.53177861657433,0.0,0.0,1.0,BTC,仓位样本不足，暂不影响权重
1424198,970,2026-08-03 20:16:55,30,0x4c46f7295a1fe70d2ad04dfd5fa0e8007b17cba5,smart_money,P-G,44.53203959108213,0.65,16,16,0,0.375,-0.46796040891787166,,-0.46796040891787166,26.173593750000006,10.625,20.0,0.8595612185711009,-0.9934605494116076,0.0,1.0,"BTC,ETH",高杠杆/短线赌徒型，长期单降权
1423730,970,2026-08-03 20:16:54,30,0x4c49bfae14f852dfb66574e364438d68fc47fe5c,smart_money,P-G,43.059011085224306,0.65,3,2,1,0.5,-1.2303806983638728,-7.421751547155939,-1.9409889147756916,609.9937962962963,20.0,20.0,11.07634254942601,-8.645634570778805,0.0,1.0,"ETH,BTC,SOL",高杠杆/短线赌徒型，长期单降权
1423731,970,2026-08-03 20:16:54,30,0x4c56bfd325f350bd1af76bf691981fdd8740390a,smart_money,P-C,52.0,0.75,35,1,34,0.0,-0.13200861369928607,18.719995572809868,17.56840029977307,791.7592142857146,6.828571428571428,20.0,27.801700782787194,-13.118365043648517,0.22857142857142856,0.4,"BNB,BTC,CC,DOGE,EIGEN",仓位收益偏弱，降权参考
1424013,970,2026-08-03 20:16:55,30,0x4c7a572ad38aed2c1d33fbfeba7bd69a83ec0e30,smart_money,P-C,27.353933246612954,0.75,4,3,1,0.3333333333333333,-18.89059342095314,3.1667510097477853,-13.376257313277911,52.69368055555556,4.25,10.0,19.540217070797055,-21.65560312285945,0.75,0.25,"CASHCAT,HYPE",仓位收益偏弱，降权参考
1423732,970,2026-08-03 20:16:54,30,0x4cb104e79a27275e4a6d1e5d39eecb68bbd78bcd,smart_money,P-N,50.0,1.0,2,0,2,,,47.49175454965166,47.49175454965165,866.6597222222222,3.0,3.0,49.118986889773154,0.0,1.0,0.0,"ASTER,LAYER",仓位样本不足，暂不影响权重
1423910,970,2026-08-03 20:16:54,30,0x4ce423197edc972896d16cdb410b212c2b675633,smart_money,P-N,50.0,1.0,1,0,1,,,-9.398880464417637,-9.398880464417637,422.0036111111111,1.0,1.0,5.3045426447796435,-15.46464907382245,1.0,0.0,ZEC,仓位样本不足，暂不影响权重
1424361,970,2026-08-03 20:16:55,30,0x4d26bc95c771d1d0a5c5e76297c8f53ffe5f6c19,smart_money,P-N,50.0,1.0,1,1,0,1.0,3.08841463697418,,3.08841463697418,144.415,10.0,10.0,10.826232175737587,-0.5534620819594999,0.0,1.0,HYPE,仓位样本不足，暂不影响权重
1423976,970,2026-08-03 20:16:54,30,0x4d3980ac9d84fc34adcd025ee2337786846343c4,smart_money,P-G,45.31858025093693,0.65,33,30,3,0.6,0.25726769557232215,1.5267662059835982,0.31858025093693276,20.67065656565656,29.424242424242426,31.0,0.8351738137687897,-0.5701905764381896,0.0,1.0,"BTC,ETH,SOL",高杠杆/短线赌徒型，长期单降权
1423733,970,2026-08-03 20:16:54,30,0x4deb56a42fc63650b2f0bfb9abe1850e3a091371,smart_money,P-N,50.0,1.0,1,0,1,,,-22.901706150270464,-22.901706150270464,866.6597222222222,20.0,20.0,0.0,-26.51515941092478,0.0,1.0,SOL,仓位样本不足，暂不影响权重
1423734,970,2026-08-03 20:16:54,30,0x4e23288cee4960f9f962195c22948e4bc7ae20c3,money_printer,P-B,66.45042676363443,1.0,24,20,4,0.5,-0.07583332509724691,-3.263725437245062,-0.09250949340748266,201.5166782407407,9.625,20.0,4.59210251809978,-4.017927559175509,0.0,0.4583333333333333,"HYPE,BTC,ETH,ALGO,NEAR",仓位表现普通有效
1423735,970,2026-08-03 20:16:54,30,0x4e4cdfeb4105c7a458f381373e21a3bc3ad78ece,smart_money,P-G,50.42392970678575,0.65,3,0,3,,,5.354991578777429,5.42392970678575,866.6597222222222,20.0,20.0,18.195859934205153,-1.6538557346713605,0.0,1.0,"BTC,ETH,SOL",高杠杆/短线赌徒型，长期单降权
1423736,970,2026-08-03 20:16:54,30,0x4e7cfe8e3e20284ba246978abaf301c5fb0ccc9c,smart_money,P-G,45.688214179743426,0.65,31,26,5,0.34615384615384615,0.15596268409932307,2.885704540861506,0.6882141797434271,188.7098835125448,32.12903225806452,40.0,3.165151022158174,-3.259732112185677,0.06451612903225806,0.8387096774193549,"BTC,ETH,AERO,FET,TAO",高杠杆/短线赌徒型，长期单降权
1424041,970,2026-08-03 20:16:55,30,0x4ef1c5ae65ab5b37629b7aa523e7e95e7da528e3,smart_money,P-B,75.4466290787844,1.0,671,669,2,0.5336322869955157,0.04626105519579027,0.01317823595155331,0.046184494549149115,2.1483921179003107,3.0,3.0,0.22562404972694314,-0.14116138807033274,1.0,0.0,"SOL,XRP",仓位表现普通有效
1423737,970,2026-08-03 20:16:54,30,0x4f235c15474f984504b0f188755021ae45c2fa65,money_printer,P-B,68.61900449960743,1.0,42,38,4,0.631578947368421,0.4091564168221748,-1.4350626635538974,0.25185813952803104,79.04584656084656,9.380952380952381,10.0,1.8904531455561595,-1.9956784668036036,0.07142857142857142,0.9047619047619048,"UNI,DOGE,POPCAT,MON",仓位表现普通有效
1423738,970,2026-08-03 20:16:54,30,0x4f24303e0af2e4a94abcd516a3c80d38262bde6a,money_printer,P-G,46.325000502281455,0.65,9,7,2,0.7142857142857143,2.384571192155325,-5.293916637172919,1.325000502281454,128.1376234567901,12.555555555555555,20.0,6.0825902928781295,-3.0098270984912383,0.1111111111111111,0.6666666666666666,"ETH,SOL,HYPE,kBONK,PURR",高杠杆/短线赌徒型，长期单降权
1423263,970,2026-08-03 20:16:54,30,0x4f67680ed589c995177481778d48a754703b5b79,smart_money,P-A,81.19339461751292,1.15,322,290,32,0.5724137931034483,0.7229227990049001,3.8773209985329546,1.0528977799494323,104.49232056590746,5.099378881987578,20.0,4.59985561811221,-3.9004418987318172,0.3695652173913043,0.14906832298136646,"PENDLE,LIT,PNUT,KAITO,VINE",仓位收益稳定，适合加权参考
1423739,970,2026-08-03 20:16:54,30,0x4f7634c03ec4e87e14725c84913ade523c6fad5a,money_printer,P-C,57.771212547196626,0.75,3,0,3,,,11.731730002737784,14.210715866649801,770.7684259259258,2.3333333333333335,3.0,17.56046509755967,-10.41515060379669,1.0,0.0,"HYPE,NEAR,LIT",仓位收益偏弱，降权参考
1424186,970,2026-08-03 20:16:55,30,0x4f9140107e42982d3f86eae7474f56bc373ade31,smart_money,P-G,46.34014004762674,0.65,5,5,0,0.8,1.3401400476267393,,1.3401400476267393,28.683833333333332,23.2,25.0,2.7126046404536663,-0.5632012861833513,0.0,1.0,"ETH,BTC",高杠杆/短线赌徒型，长期单降权
1423740,970,2026-08-03 20:16:54,30,0x4f9b096385c4e66ce3dec9a17e150795b9a02e3f,money_printer,P-N,50.0,1.0,1,0,1,,,54.05984478395987,54.05984478395987,866.6597222222222,10.0,10.0,105.1079209994509,0.0,0.0,1.0,HYPE,仓位样本不足，暂不影响权重
1423974,970,2026-08-03 20:16:54,30,0x4fa931c594203579bee714eed85406a1f159e2ce,smart_money,P-G,42.1132352877555,0.65,5,4,1,0.5,-3.0839316268429107,-2.0980970538508568,-2.8867647122444997,94.39822222222223,10.0,10.0,2.549445568624205,-5.151448709407058,0.0,1.0,HYPE,高杠杆/短线赌徒型，长期单降权
1423741,970,2026-08-03 20:16:54,30,0x4faf9534f8f029d03561d245b3b442b1c2e14ee2,smart_money,P-G,48.171563402258144,0.65,15,3,12,0.3333333333333333,-0.0886637818918181,3.57755667368532,3.171563402258142,622.488277777778,13.666666666666666,40.0,14.228882808941096,-7.5030450000193305,0.0,0.8,"kPEPE,ETH,BTC,FARTCOIN,HYPE",高杠杆/短线赌徒型，长期单降权
1423742,970,2026-08-03 20:16:54,30,0x4fe53e953f1ff4454d144cb6f4fee3f2ca9363fe,smart_money,P-N,50.0,1.0,1,0,1,,,-10.978910613383054,-0.7604314579441342,866.6597222222222,10.0,10.0,15.14969022759016,-16.386677111647835,0.0,1.0,HYPE,仓位样本不足，暂不影响权重
1423963,970,2026-08-03 20:16:54,30,0x4fe9e1465d589757e0469b33504d00b91f431055,smart_money,P-G,44.68518353494628,0.65,5,4,1,0.5,-0.22890414195874564,1.9962988786545912,-0.3148164650537189,134.36972222222224,13.4,20.0,8.184766608780695,-8.77365074328119,0.2,0.8,"BTC,ETH,CASHCAT,HYPE",高杠杆/短线赌徒型，长期单降权
1423743,970,2026-08-03 20:16:54,30,0x503ff4d3b508aff1cf4260dbd814505eb6f7b2e9,smart_money,P-N,50.0,1.0,2,1,1,0.0,-6.666042089899606,42.3754839769659,17.854720943533152,436.75638888888886,3.5,4.0,23.76007561279676,-3.333021044949802,0.5,0.0,"BTC,NEAR",仓位样本不足，暂不影响权重
1423744,970,2026-08-03 20:16:54,30,0x5049695d6faacffd34f2d24f3f0ff8c64d88f71c,smart_money,P-N,50.0,1.0,1,0,1,,,16.847566219930073,2.8380493022337157,866.6597222222222,10.0,10.0,21.5710687000744,-18.151863071500074,0.0,1.0,HYPE,仓位样本不足，暂不影响权重
1424069,970,2026-08-03 20:16:55,30,0x504f4f997a233873949ab352051ea3ffabd10b7e,smart_money,P-G,44.97872385606791,0.65,13,13,0,0.5384615384615384,-0.021276143932089105,,-0.021276143932089105,10.722820512820514,13.461538461538462,25.0,1.2679219200697465,-0.7580627468065176,0.0,1.0,"HYPE,BTC",高杠杆/短线赌徒型，长期单降权
1423745,970,2026-08-03 20:16:54,30,0x507e0d7cb4cca156d09db13681ed4e5da66b411e,money_printer,P-R,25.0,-0.8,7,3,4,0.3333333333333333,1.8008985142472038,-28.66345680915542,-18.635347602619422,496.5191666666666,8.571428571428571,10.0,0.8605539121181716,-33.66940804198618,0.0,0.7142857142857143,"ETH,HYPE,LIT,ZEC,PUMP",仓位真实收益偏反向，可作为反向参考
1423936,970,2026-08-03 20:16:54,30,0x50a4d39bc020be2c86954eec2670541d300f8168,smart_money,P-R,25.0,-0.8,5,3,2,0.3333333333333333,-1.6928147539119063,-5.622497830383292,-3.542085321287245,131.30838888888889,4.4,5.0,2.4460890876482937,-6.78059769703828,0.0,0.0,"WLD,HYPE,TAO,SOL,XLM",仓位真实收益偏反向，可作为反向参考
1424017,970,2026-08-03 20:16:55,30,0x50b309f78e774a756a2230e1769729094cac9f20,money_printer,P-G,45.248689163701656,0.65,41,40,1,0.775,0.27212729353366616,-0.6888360295787754,0.24868916370165534,18.85306233062331,21.585365853658537,25.0,0.48535809701492966,-0.5760588658009143,0.0,1.0,"BTC,ETH",高杠杆/短线赌徒型，长期单降权
1424052,970,2026-08-03 20:16:55,30,0x50d59f4c2480e107acf32c0d1e9cbe7579b01480,smart_money,P-B,47.00776594202654,1.0,306,305,1,0.5508196721311476,0.02918234059465504,-0.007050086951072397,0.02911601505055429,2.3278803558460432,14.803921568627452,40.0,0.17862602378898837,-0.12641372032153625,0.013071895424836602,0.4803921568627451,BTC,仓位表现普通有效
1423746,970,2026-08-03 20:16:54,30,0x50e8db5da4198e49197743f8006b318cb6a08b49,smart_money,P-B,75.38764407006408,1.0,806,684,122,0.48830409356725146,-0.10925772261685583,0.42523999638458226,-0.049426698878834316,136.23947408326427,4.823821339950372,12.0,4.246914080614991,-4.514519621666584,0.3771712158808933,0.034739454094292806,"SOL,LIT,HYPE,FARTCOIN,BTC",仓位表现普通有效
1424161,970,2026-08-03 20:16:55,30,0x5148b1d40d2082a1ba56ebfea2321d97846e44b4,smart_money,P-G,45.163345065032814,0.65,6,6,0,0.6666666666666666,0.16334506503281498,,0.16334506503281498,97.04018518518518,20.0,25.0,3.9842914730400607,-5.271873773375421,0.0,1.0,"BTC,ADA",高杠杆/短线赌徒型，长期单降权
1424004,970,2026-08-03 20:16:55,30,0x51651b81c895e654e5402a3fc371e3b60b0dfb1e,smart_money,P-G,44.77541730853445,0.65,52,50,2,0.48,-0.24234100844762804,-0.07127826837891199,-0.2245826914655478,18.348258547008545,16.76923076923077,40.0,1.7581249609509735,-1.691735486229916,0.21153846153846154,0.6730769230769231,"ETH,BTC,ZEC,LIT,NEAR",高杠杆/短线赌徒型，长期单降权
1424244,970,2026-08-03 20:16:55,30,0x517bb82ad25d90b9d9e0af57682931c44f7ff64c,smart_money,P-G,44.68127943863141,0.65,8,8,0,0.375,-0.3187205613685905,,-0.3187205613685905,27.661805555555556,40.0,40.0,0.7702184441232834,-0.879598343968832,0.0,1.0,BTC,高杠杆/短线赌徒型，长期单降权
1424277,970,2026-08-03 20:16:55,30,0x51b97ab1e4381e22dd6cd04d6f67393964fe3bc1,smart_money,P-G,43.87619404149193,0.65,20,20,0,0.1,-1.1238059585080689,,-1.1238059585080689,19.517444444444443,13.1,20.0,0.9144290087394206,-1.3705568872699876,0.0,0.95,"ETH,BTC,SOL",高杠杆/短线赌徒型，长期单降权
1423927,970,2026-08-03 20:16:54,30,0x51f3a19c1dfd8d7fe670e43ce0f66648789c8b34,smart_money,P-C,98.62117484942462,0.75,3,2,1,1.0,0.6523601498171065,-6.029776846292222,-1.575018848886003,286.88824074074074,8.0,8.0,4.246654712557912,-8.803520034551344,0.0,0.0,HYPE,仓位收益偏弱，降权参考
1424001,970,2026-08-03 20:16:55,30,0x52081a6912cfa64968999fbeb31387446a49b207,smart_money,P-G,43.05698528354375,0.65,13,12,1,0.5833333333333334,-2.0149561476921094,-0.8394943301398167,-1.9430147164562486,43.730470085470074,10.461538461538462,20.0,5.862734607367184,-6.8868317510976125,0.15384615384615385,0.8461538461538461,"ZEC,ETH,CASHCAT,ARB,UNI",高杠杆/短线赌徒型，长期单降权
1423747,970,2026-08-03 20:16:54,30,0x520863bab865050e635207c4ed099eec568f3f47,smart_money,P-C,7.10454588052996,0.75,3,0,3,,,-95.51498789151367,-105.53637889507642,866.6597222222222,6.0,10.0,52.160960520305515,-206.05850387328016,0.3333333333333333,0.3333333333333333,"AVAX,HYPE,S",仓位收益偏弱，降权参考
1423428,970,2026-08-03 20:16:54,30,0x523852be2db1a76a0e088ecbff32e849544054e5,smart_money,P-G,45.12934432002724,0.65,49,49,0,0.42857142857142855,0.12934432002724633,,0.12934432002724633,6.771009070294785,11.938775510204081,25.0,1.4600129167810358,-0.9065859225174877,0.10204081632653061,0.5918367346938775,"HYPE,BTC,ETH,ZRO,LDO",高杠杆/短线赌徒型，长期单降权
1423887,970,2026-08-03 20:16:54,30,0x52516d3ee158365393598028055769354d45a3dd,smart_money,P-C,91.14796440263595,0.75,4,2,2,1.0,3.5282373059260763,-6.379491080407332,-0.9363177553218383,232.42548611111113,7.5,10.0,3.12560353541474,-7.994581167076157,0.0,0.5,"NEAR,TAO,JTO",仓位收益偏弱，降权参考
1423748,970,2026-08-03 20:16:54,30,0x5272f37ecaa073e5a0ea07618145939e5e6cfcd9,money_printer,P-B,100.0,1.0,3,2,1,1.0,34.677070900939896,16.61016495525957,28.631857339899312,587.4382407407408,4.333333333333333,5.0,41.09600825780159,-3.050817724405741,0.3333333333333333,0.0,"ETH,SOL,CASHCAT",仓位表现普通有效
1424062,970,2026-08-03 20:16:55,30,0x52a1ac3717f8173bd175a4c1923594ed6110142d,smart_money,P-B,97.98920105718895,1.0,13,13,0,0.9230769230769231,0.6171914593679835,,0.6171914593679835,42.006089743589754,8.0,8.0,0.9521186701383589,-0.7062295476084881,0.0,0.0,"BTC,ETH,SOL",仓位表现普通有效
1424011,970,2026-08-03 20:16:55,30,0x52e6c32f0eb44f707e9c159052fc5039fc7b7725,smart_money,P-G,45.14945202825059,0.65,26,25,1,0.6,0.2518048272208189,-2.4093679460050073,0.14945202825059478,19.355480769230773,20.884615384615383,40.0,1.527530634639523,-1.5583210477564462,0.038461538461538464,0.8076923076923077,"BTC,ETH,HYPE,ZEC,MON",高杠杆/短线赌徒型，长期单降权
1423967,970,2026-08-03 20:16:54,30,0x5323b92268b4e140ac2133c677e991cd9ad1b23c,smart_money,P-B,77.50462165481177,1.0,195,191,4,0.6701570680628273,0.3065460258813125,0.003421784708215206,0.296813445206926,15.381628205128196,5.0,5.0,0.9108677963904344,-0.5694765123215911,0.0,0.0,"SOL,HYPE,ZEC,BNB",仓位表现普通有效
1423749,970,2026-08-03 20:16:54,30,0x535191d6d49922d69cc7829dbb73e48694840db7,smart_money,P-G,35.0,0.65,3,0,3,,,-19.686505437196498,-17.52354481159685,866.6597222222222,15.0,30.0,21.151485717842263,-27.09660685276012,0.0,0.6666666666666666,"ASTER,BTC,HYPE",高杠杆/短线赌徒型，长期单降权
1423940,970,2026-08-03 20:16:54,30,0x53b63a30a688beb53b5dc7bd731c661d678c555c,smart_money,P-G,45.1939483563492,0.65,9,7,2,0.42857142857142855,-0.9819761641447377,4.30968417807801,0.19394835634920637,161.6013888888889,15.555555555555555,20.0,4.409674098231177,-3.164809500477067,0.0,1.0,"HYPE,BTC,SOL",高杠杆/短线赌徒型，长期单降权
1423750,970,2026-08-03 20:16:54,30,0x54069d1a01434813617e09b9426b03971c0ce123,smart_money,P-A,85.7426000978824,1.15,26,20,6,0.65,1.3269813639406176,13.721565122012445,3.7772025398563502,314.37908119658124,7.0,25.0,12.785777701382942,-8.440860697306773,0.34615384615384615,0.4230769230769231,"kBONK,HMSTR,CASHCAT,ASTER,MEGA",仓位收益稳定，适合加权参考
1423751,970,2026-08-03 20:16:54,30,0x54426307974b659b48e70b1faa44f17aa0e3c4cf,smart_money,P-N,50.0,1.0,1,0,1,,,143.82503135638774,143.82503135638777,866.6597222222222,3.0,3.0,224.61700412112523,0.0,1.0,0.0,HYPE,仓位样本不足，暂不影响权重
1423993,970,2026-08-03 20:16:55,30,0x5483dd0f8b7d2544a6ac14ba8659988178fd9f4a,smart_money,P-G,45.09713087159926,0.65,92,91,1,0.6153846153846154,0.09902020602049859,-0.03478167808219665,0.09713087159926136,7.818789251207727,12.195652173913043,20.0,0.4781271443849589,-0.3618272442249155,0.40217391304347827,0.5652173913043478,ETH,高杠杆/短线赌徒型，长期单降权
1423752,970,2026-08-03 20:16:54,30,0x54a7240cea67b8c41b7c7f2b485360f37331aef4,smart_money,P-G,46.428150521140545,0.65,25,23,2,0.5217391304347826,0.5490330612874054,12.990616389807577,1.4281505211405434,107.7037777777778,20.8,40.0,4.488284629190063,-1.3087973897812781,0.0,1.0,"ETH,SOL,HYPE,BTC,ZEC",高杠杆/短线赌徒型，长期单降权
1423753,970,2026-08-03 20:16:54,30,0x54dbc1fbf6b1cd59807db61109b1d9eb91fd1a04,money_printer,P-N,50.0,1.0,1,0,1,,,-12.221132788688237,-11.139582243363739,866.6597222222222,3.0,3.0,15.702894987258997,-17.21691990409066,1.0,0.0,HYPE,仓位样本不足，暂不影响权重
1424042,970,2026-08-03 20:16:55,30,0x54e3f54df4b10ff63f7284733ed735e8e1507c20,smart_money,P-G,44.998139557111855,0.65,233,232,1,0.5258620689655172,-0.0013393546027995102,-0.0649706457925636,-0.0018604428881438561,3.091543872198378,17.63948497854077,30.0,0.1948445633723587,-0.18645562736508361,0.0,0.6437768240343348,BTC,高杠杆/短线赌徒型，长期单降权
1423754,970,2026-08-03 20:16:54,30,0x54fc13e72548503e13eea8b4cfdb4524be39d7d2,smart_money,P-C,37.09646111130299,0.75,4,3,1,0.3333333333333333,0.2440481916401532,-15.87012843834409,-2.1287360676549816,253.31243055555555,8.25,10.0,8.157779380044442,-6.960871101283588,0.25,0.75,"HYPE,STABLE",仓位收益偏弱，降权参考
1423755,970,2026-08-03 20:16:54,30,0x55045b55e00e09b4da8d061d8787cd97b4b0d24d,smart_money,P-C,43.0,0.75,10,0,10,,,47.61874059672891,47.61874059672892,866.6597222222224,9.8,20.0,53.069667320722886,-7.597777719150693,0.1,0.6,"AAVE,CRV,FARTCOIN,HYPE,LAYER",仓位收益偏弱，降权参考
1423905,970,2026-08-03 20:16:54,30,0x551946bd7965303493ff47ecd8c7f2ba8d754d0d,smart_money,P-G,45.017841720784084,0.65,89,87,2,0.6091954022988506,0.028242462372587696,0.1830959815264099,0.01784172078408147,9.020074906367041,20.0,20.0,0.30737706579280577,-0.3480681193396485,0.0,1.0,"BTC,ETH",高杠杆/短线赌徒型，长期单降权
1423756,970,2026-08-03 20:16:54,30,0x5559da6ec434c5723d0ce9c4da7f29e3f8a3d43b,money_printer,P-N,50.0,1.0,2,0,2,,,34.729238530004814,34.729238530004814,866.6597222222222,22.5,25.0,42.929573294326275,0.0,0.0,1.0,"ETH,XRP",仓位样本不足，暂不影响权重
1424151,970,2026-08-03 20:16:55,30,0x557a75e1368dc5fa69978ed5fd88bfd7bddfc3a2,smart_money,P-B,78.02999756299307,1.0,7,7,0,0.5714285714285714,0.28950858142525354,,0.28950858142525354,54.43130952380953,2.7142857142857144,4.0,4.666927832747926,-3.0333671667484725,0.7142857142857143,0.0,"SOL,kBONK,LIT,PYTH",仓位表现普通有效
1423921,970,2026-08-03 20:16:54,30,0x55a8f87e59611f86a31a58b361038f36fbded9ea,smart_money,P-G,45.591455369474566,0.65,13,11,2,0.45454545454545453,0.7534235004765238,-0.6835523595449925,0.5914553694745672,131.7919017094017,23.076923076923077,40.0,4.766736185675418,-1.8445802330795744,0.0,1.0,"SOL,ETH,BTC",高杠杆/短线赌徒型，长期单降权
1423757,970,2026-08-03 20:16:54,30,0x560a2edd994f2ba4883cdf8e0d164558d8c803ac,smart_money,P-N,50.0,1.0,2,1,1,0.0,-0.6978509153508736,14.752054668021053,27.582489121885516,438.3298611111111,6.5,10.0,33.589568443829755,-3.1210403210008297,0.5,0.5,"MEGA,HYPE",仓位样本不足，暂不影响权重
1423758,970,2026-08-03 20:16:54,30,0x562e68a7eb3d74262413030f9f8052306a3cad97,smart_money,P-G,37.625680288797625,0.65,14,7,7,0.0,-3.814398096376774,-10.406803450483093,-7.374319711202376,465.7527182539683,16.785714285714285,40.0,5.391875697632831,-14.637954101871737,0.0,1.0,"ETH,BCH,BNB,BTC,HYPE",高杠杆/短线赌徒型，长期单降权
1423759,970,2026-08-03 20:16:54,30,0x5647249079e257329ecb6f46ed41821d3c69e7de,money_printer,P-A,79.95857988975942,1.15,57,30,27,0.5666666666666667,0.56377053272317,6.730053531874882,3.356482927335844,403.96095029239757,7.421052631578948,20.0,10.829700689246167,-11.130811797098948,0.19298245614035087,0.42105263157894735,"KAITO,HYPE,FARTCOIN,VVV,SOL",仓位收益稳定，适合加权参考
1424133,970,2026-08-03 20:16:55,30,0x56498e5f90c14060499b62b6f459b3e3fb9280c5,money_printer,P-G,45.99155938949467,0.65,6,6,0,0.8333333333333334,0.9915593894946692,,0.9915593894946692,207.8256481481482,20.833333333333332,40.0,7.1509601335183275,-4.938446897745991,0.0,0.8333333333333334,"ETH,LIT,ZEC,XRP,BTC",高杠杆/短线赌徒型，长期单降权
1423760,970,2026-08-03 20:16:54,30,0x565a65432ca44a999eb7217815d58594a559ccb2,smart_money,P-R,25.0,-0.8,6,0,6,,,-40.4094856514641,-40.4094856514641,742.2167592592592,8.0,10.0,1.0551981451797081,-46.474653821980276,0.0,0.5,"ATOM,BTC,DOT,ENA,W",仓位真实收益偏反向，可作为反向参考
1423990,970,2026-08-03 20:16:55,30,0x5661a070eb13c7c55ac3210b2447d4bea426cbf5,smart_money,P-G,43.90416531957776,0.65,11,10,1,0.3,-1.097936044994731,-1.074821034697343,-1.0958346804222414,74.63229797979798,20.0,20.0,1.0041485079614505,-2.6070239597679588,0.0,1.0,BTC,高杠杆/短线赌徒型，长期单降权
1424091,970,2026-08-03 20:16:55,30,0x5661e424b3b482231b8fc2a59c96dbe157fd70fc,smart_money,P-C,69.44742978807523,0.75,21,21,0,0.47619047619047616,-0.05404824629865311,,-0.05404824629865311,7.086005291005291,3.0,3.0,2.330147230646068,-1.909174139904587,1.0,0.0,"LIT,KAITO,PUMP,XPL,WLD",仓位收益偏弱，降权参考
1424197,970,2026-08-03 20:16:55,30,0x56654885ad39155235336c0ff01b3337693c3882,smart_money,P-N,50.0,1.0,1,1,0,1.0,18.856721775214737,,18.856721775214737,713.6586111111111,10.0,10.0,46.196972264587934,0.0,0.0,1.0,HYPE,仓位样本不足，暂不影响权重
1424269,970,2026-08-03 20:16:55,30,0x56811550b50c940db1f8acfc3341e7a6101660eb,smart_money,P-B,57.510896434262555,1.0,6,6,0,0.5,-0.13530803478694245,,-0.13530803478694245,1.1668518518518518,4.0,4.0,0.13400947683965794,-0.2851260439791954,0.0,0.0,BTC,仓位表现普通有效
1423761,970,2026-08-03 20:16:54,30,0x5690fd2f011c86c2a6de8fcde2d7d1c5e314abd3,smart_money,P-G,65.0,0.65,8,1,7,1.0,0.42572384559800697,36.56374360677885,32.046491136631246,785.3115277777779,15.625,40.0,43.142418149567334,-3.4477443454359418,0.0,0.75,"BNB,BTC,ETH,HYPE,PAXG",高杠杆/短线赌徒型，长期单降权
1423762,970,2026-08-03 20:16:54,30,0x56cd86d6ef24a3f51ce6992b7f1db751b0a0276a,money_printer,P-G,65.0,0.65,3,1,2,1.0,25.903986808387085,54.62475418643727,45.05116506042055,861.3259259259258,11.666666666666666,20.0,61.8707862226892,0.0,0.0,0.6666666666666666,"SOL,XRP,LIT",高杠杆/短线赌徒型，长期单降权
1424123,970,2026-08-03 20:16:55,30,0x572b4de5be467f6e7210f77940d462b9b8ef3ea5,smart_money,P-A,96.05521797992878,1.15,7,7,0,0.7142857142857143,1.3021187898931106,,1.3021187898931106,123.75353174603175,3.0,3.0,6.446946341662418,-4.144578272130359,1.0,0.0,"ETH,TAO,ZEC,VVV,ARB",仓位收益稳定，适合加权参考
1423763,970,2026-08-03 20:16:54,30,0x577586e7460f83ce4f30ded0ea2e44e7579de25d,smart_money,P-B,88.33724906816441,1.0,37,8,29,0.625,-6.578844846405719,10.260153476480294,6.4287596692173405,719.0120720720721,8.27027027027027,20.0,17.74660109759763,-15.551004331765323,0.05405405405405406,0.5135135135135135,"WLFI,MON,AAVE,AERO,BCH",仓位表现普通有效
1423913,970,2026-08-03 20:16:54,30,0x577a00a0ee907ee481791049477a3c1fa1470568,smart_money,P-C,18.05139736725925,0.75,3,2,1,0.0,-0.2173582855702922,-0.07490045399220757,-0.19324092330202322,253.51648148148146,7.666666666666667,10.0,2.011599357219462,-2.999671183968292,0.3333333333333333,0.6666666666666666,HYPE,仓位收益偏弱，降权参考
1423764,970,2026-08-03 20:16:54,30,0x57baee0482d81f19eff86257425033af3f875b86,smart_money,P-N,50.0,1.0,1,0,1,,,-89.8277185999612,-89.82771859996119,866.6597222222222,1.0,1.0,0.0,-90.24726260159794,1.0,0.0,XPL,仓位样本不足，暂不影响权重
1423928,970,2026-08-03 20:16:54,30,0x57d8e75f473cd6346495c9b6760a580018e840e6,smart_money,P-B,64.19749496745746,1.0,3017,2979,38,0.4937898623699228,-0.05787977295456012,0.208489817641472,-0.05463021496268855,9.189346665193554,4.251905866755055,10.0,0.7321812731565213,-0.7933135997761914,0.40636393768644347,0.012926748425588332,"TAO,ADA,TIA,ANIME,TRX",仓位表现普通有效
1423765,970,2026-08-03 20:16:54,30,0x58120e7628a3d85fbaff5faa84d178eacd213c9b,smart_money,P-C,50.74699464249667,0.75,14,0,14,,,21.60954062177248,21.609540621772478,866.6597222222225,6.285714285714286,20.0,31.051527332775095,-9.165508744427026,0.42857142857142855,0.2857142857142857,"BCH,BTC,ETHFI,FOGO,ME",仓位收益偏弱，降权参考
1423864,970,2026-08-03 20:16:54,30,0x5875d72130981b18692a3d29545e4038f7eb0c38,smart_money,P-N,50.0,1.0,2,1,1,0.0,-0.7800772297010715,-7.793645836290858,-1.4964586973924092,670.3215277777778,25.0,40.0,9.328541586510246,-14.294339957492266,0.0,1.0,"WLD,BTC",仓位样本不足，暂不影响权重
1424053,970,2026-08-03 20:16:55,30,0x588432f54227364caf999a6df88dbf86a90f4772,smart_money,P-C,70.44296726336617,0.75,346,345,1,0.463768115942029,-0.010500937744559711,0.024276026249432255,-0.01040042628792968,2.076095054592166,2.8121387283236996,3.0,0.16698068861493268,-0.1482822108359351,1.0,0.0,BTC,仓位收益偏弱，降权参考
1424377,970,2026-08-03 20:16:55,30,0x58a049263e0754cb51a63248c34ffe07e8434899,smart_money,P-N,50.0,1.0,1,1,0,0.0,-2.9185929326700046,,-2.9185929326700046,195.8925,20.0,20.0,7.004143138227249,-2.9185929326700046,0.0,1.0,BTC,仓位样本不足，暂不影响权重
1423766,970,2026-08-03 20:16:54,30,0x58a722b5f37435cab8957a17fc575bb136e0b48b,smart_money,P-G,43.595782256099994,0.65,3,0,3,,,-2.734830623463022,-1.404217743900008,866.6597222222222,13.333333333333334,20.0,21.423964118311233,-10.461508127994604,0.0,1.0,"BTC,HYPE,WLD",高杠杆/短线赌徒型，长期单降权
1423767,970,2026-08-03 20:16:54,30,0x58d143119b3529ed4b291b5e0dc9a30e89d1f6ad,smart_money,P-G,58.52181535210417,0.65,3,0,3,,,13.521815352104165,13.521815352104168,821.6760185185185,12.666666666666666,25.0,24.084824718563926,-18.318476688663214,0.3333333333333333,0.6666666666666666,"ETH,HYPE,GRASS",高杠杆/短线赌徒型，长期单降权
1423869,970,2026-08-03 20:16:54,30,0x592838c5d6ffb870c20bf4f13d1089259354d5f9,smart_money,P-B,66.36748164856023,1.0,1805,1777,28,0.5351716375914463,0.06731627590009548,-0.2439977403681037,0.06215179112797716,11.259216528162533,4.818282548476454,10.0,0.924478235206178,-0.8555523517628512,0.24321329639889197,0.060941828254847646,"PUMP,CRV,XLM,LIT,TIA",仓位表现普通有效
1423948,970,2026-08-03 20:16:54,30,0x5970d203949c26e7b80a262648f400e44df6cf4e,smart_money,P-N,50.0,1.0,1,0,1,,,3.6393256411789294,-0.8092240721252808,171.00277777777777,10.0,10.0,3.948705685418784,-3.950827826334122,0.0,1.0,SUI,仓位样本不足，暂不影响权重
1424020,970,2026-08-03 20:16:55,30,0x5986347c1d0133d02d307f08bb1efd44c2eb89d9,smart_money,P-G,45.109762652549804,0.65,49,47,2,0.3829787234042553,0.1058862194405915,0.285801494195853,0.10976265254980129,30.42807256235827,26.428571428571427,40.0,1.8512480601019423,-0.5856510336642956,0.0,1.0,"BTC,ETH,SOL,HYPE,ZEC",高杠杆/短线赌徒型，长期单降权
1423893,970,2026-08-03 20:16:54,30,0x5a19bfe9c095c3bd188eca00a690b95200797aba,smart_money,P-B,100.0,1.0,3,2,1,1.0,8.743558618984446,-9.912035671530445,10.882876407519667,429.10685185185184,3.3333333333333335,4.0,29.195910814581552,-11.547388531154674,0.6666666666666666,0.0,"CASHCAT,PURR,FARTCOIN",仓位表现普通有效
1423768,970,2026-08-03 20:16:54,30,0x5a29ad4553f8d1a7058ba7d6bd97cda39cfcc492,smart_money,P-N,50.0,1.0,1,0,1,,,8.298468669306548,8.298468669306548,866.6597222222222,2.0,2.0,13.17782505573257,-1.3703255053255514,1.0,0.0,BTC,仓位样本不足，暂不影响权重
1424224,970,2026-08-03 20:16:55,30,0x5aadb434293b4e1b8fb2e84007e567506fe65a96,smart_money,P-B,80.83531393079723,1.0,8,8,0,0.5,6.902207030438892,,6.902207030438892,4.336180555555556,2.625,5.0,8.776217843995873,-2.630428301801783,0.875,0.0,"ETH,CASHCAT,LIT,UNI",仓位表现普通有效
1423769,970,2026-08-03 20:16:54,30,0x5ad96a3986b9d2cfab1d39c68002edd17263f5ef,smart_money,P-S,100.0,1.25,25,1,24,1.0,10.734358211422432,2.5175485496233225,2.0389887655331944,765.5793444444446,2.0,2.0,11.716025221815968,-9.102227506998435,1.0,0.0,"JUP,AAVE,AVAX,BCH,BNB",仓位收益、持仓周期、杠杆结构适合长期参考
1423770,970,2026-08-03 20:16:54,30,0x5b1c220c5d481ae836a5457778f3175d62e48305,smart_money,P-C,41.020599913279625,0.75,4,0,4,,,31.424539813502,31.424539813502005,866.6597222222222,7.0,10.0,39.07886346495729,-2.091725479517741,0.25,0.5,"AXS,HYPE,ME,ZEC",仓位收益偏弱，降权参考
1423771,970,2026-08-03 20:16:54,30,0x5b53358eca5790fa4c268ad6813386b3a86549c7,money_printer,P-N,50.0,1.0,1,0,1,,,22.596820564857104,22.596820564857104,866.6597222222222,10.0,10.0,40.501437510569936,0.0,0.0,1.0,ENA,仓位样本不足，暂不影响权重
1423772,970,2026-08-03 20:16:54,30,0x5b5d51203a0f9079f8aeb098a6523a13f298c060,money_printer,P-B,100.0,1.0,11,3,8,1.0,14.009407431094237,31.66112639713911,26.871040847722348,639.5123484848486,8.181818181818182,20.0,31.054707005200445,-4.697589182393037,0.0,0.45454545454545453,"ETH,BTC,FARTCOIN,HYPE,PUMP",仓位表现普通有效
1424136,970,2026-08-03 20:16:55,30,0x5b5f798b94f54d33ba316c8b1c837e930c90c052,smart_money,P-N,50.0,1.0,2,2,0,1.0,0.4160969944781846,,0.4160969944781846,22.349305555555553,15.0,20.0,2.1531050012482273,-0.20212591315768155,0.0,1.0,"SOL,ZEC",仓位样本不足，暂不影响权重
1423773,970,2026-08-03 20:16:54,30,0x5b6d236e39a4723a8f79db93cfd1af4d228f9c60,smart_money,P-B,54.94401359401681,1.0,4,2,2,0.5,0.4448397206740502,4.300840489006819,0.9617068403685902,553.4113888888888,8.75,10.0,16.14696379276081,-12.85873162718335,0.0,0.75,"ZEC,HYPE,LIT",仓位表现普通有效
1423774,970,2026-08-03 20:16:54,30,0x5bc43f38c2ddcd85857f218674cd384f172c3b0c,money_printer,P-A,96.15247481002405,1.15,23,4,19,0.75,-0.4198419669806519,6.217334666911342,4.995859094489277,645.8991425120773,7.434782608695652,20.0,16.54248016491257,-13.835227436795714,0.30434782608695654,0.34782608695652173,"BNB,DYDX,MEGA,MON,PAXG",仓位收益稳定，适合加权参考
1423775,970,2026-08-03 20:16:54,30,0x5c5267a02593366f681365ec057e2c5099fa6f88,smart_money,P-C,43.98970004336019,0.75,5,0,5,,,10.060365522485757,10.060365522485757,866.6597222222223,8.2,25.0,45.89457157906978,-26.31752417317198,0.6,0.4,"ETH,FARTCOIN,HYPE,MET,MON",仓位收益偏弱，降权参考
1423776,970,2026-08-03 20:16:54,30,0x5cb20485ede692b76ad1f12ee70d089437b99de8,smart_money,P-N,50.0,1.0,2,0,2,,,-5.361904254442518,-5.361904254442518,866.6597222222222,4.0,4.0,23.292569860096748,-51.327921160885836,0.0,0.0,"BNB,HYPE",仓位样本不足，暂不影响权重
1423777,970,2026-08-03 20:16:54,30,0x5cd30f546267012ef19704616fc77ed27f790ec2,smart_money,P-N,50.0,1.0,1,0,1,,,-91.73288029273394,-91.73288029273394,866.6597222222222,3.0,3.0,0.0,-92.03386799460753,1.0,0.0,LAYER,仓位样本不足，暂不影响权重
1423778,970,2026-08-03 20:16:54,30,0x5d8265f9f86d0b354d24ce76146aa7b6054001f8,smart_money,P-C,46.32301776067315,0.75,11,1,10,0.0,-27.96911421911421,14.563258113938844,10.693918123304487,778.3812373737376,8.181818181818182,20.0,22.25420788909653,-13.44433759597603,0.0,0.45454545454545453,"ASTER,ENA,ETH,LINK,MON",仓位收益偏弱，降权参考
1423969,970,2026-08-03 20:16:54,30,0x5d9d19a3e5005225f13780fa10c198f87816670d,smart_money,P-A,95.20996550192612,1.15,6,4,2,0.75,6.938986942830931,-3.205077521418678,3.9642264990448375,103.35819444444445,3.6666666666666665,5.0,10.6560532268573,-3.1947465255001855,0.3333333333333333,0.0,"LIT,PUMP",仓位收益稳定，适合加权参考
1423865,970,2026-08-03 20:16:54,30,0x5df2fed8188902f86f2074b70fd36ed3a39a1256,smart_money,P-G,43.68593282769273,0.65,3,2,1,1.0,1.5613816215282939,-7.064964759978383,-1.3140671723072652,358.9412037037037,33.333333333333336,40.0,4.359112412013866,-4.6251144645067965,0.0,1.0,"BTC,SOL",高杠杆/短线赌徒型，长期单降权
1423779,970,2026-08-03 20:16:54,30,0x5e0c78f6360514ac1d4ea4ab9a2a232284458e69,smart_money,P-C,71.44817917050311,0.75,6,2,4,1.0,2.132946691358442,-21.435675773484483,-10.57059930891223,540.0829629629629,10.333333333333334,33.0,1.3816925565668516,-21.24886601646006,0.0,0.16666666666666666,"HYPE,NEAR,ZEC,BTC",仓位收益偏弱，降权参考
1424169,970,2026-08-03 20:16:55,30,0x5e13d5cedbddd7237f659947ce64bec1294e2607,money_printer,P-B,81.9258071908309,1.0,3,3,0,0.6666666666666666,0.7439639884838091,,0.7439639884838091,68.16287037037038,2.0,2.0,8.549935450153344,-2.350492792194784,1.0,0.0,GRASS,仓位表现普通有效
1423780,970,2026-08-03 20:16:54,30,0x5e9eadc22514f35af45de3ea4c3c9e56d21435ee,smart_money,P-N,50.0,1.0,1,0,1,,,-10.758593722228156,-10.758593722228154,866.6597222222222,20.0,20.0,7.572918025786711,-16.499591198322136,0.0,1.0,ETH,仓位样本不足，暂不影响权重
1424084,970,2026-08-03 20:16:55,30,0x5eeb5a0cb514bf3843d5f1c24752ee0e3b08f46c,smart_money,P-R,25.0,-0.8,56,56,0,0.375,-0.30504462040168895,,-0.30504462040168895,26.075372023809525,6.107142857142857,8.0,1.870798913877365,-1.7054382867670643,0.0,0.0,"ZEC,HYPE,DOGE,kPEPE,UNI",仓位真实收益偏反向，可作为反向参考
1424018,970,2026-08-03 20:16:55,30,0x5efc5eaa41ebfefcc122e7600d3ac81549b6dd8d,smart_money,P-G,45.04481725734458,0.65,17,16,1,0.625,-0.05279335319586137,1.544964151804813,0.04481725734458063,23.85498366013072,34.411764705882355,40.0,0.9173384049884968,-0.621205495540349,0.0,1.0,"BTC,ETH,SOL",高杠杆/短线赌徒型，长期单降权
1424077,970,2026-08-03 20:16:55,30,0x5f1055597a652a50c67e62bcf2912dc621bfd49d,smart_money,P-R,25.0,-0.8,6,6,0,0.16666666666666666,-3.2417618274894076,,-3.2417618274894076,209.54115740740738,8.333333333333334,20.0,4.334876607655905,-4.3412130096507715,0.0,0.3333333333333333,"TAO,SOL,HYPE",仓位真实收益偏反向，可作为反向参考
1423781,970,2026-08-03 20:16:54,30,0x5f1ff6f82d95ee2aaf599577024c5d37c860b0a8,smart_money,P-G,35.0,0.65,3,0,3,,,-22.690089740126098,-22.690089740126098,866.6597222222222,20.0,40.0,13.134803372299267,-52.9262907550057,0.0,1.0,"BTC,HYPE,TRX",高杠杆/短线赌徒型，长期单降权
1423782,970,2026-08-03 20:16:54,30,0x5f4f59301e46bf6f6603a8c4cf826bdac70339d1,smart_money,P-N,50.0,1.0,1,0,1,,,13.578282978711886,13.578282978711886,866.6597222222222,20.0,20.0,21.293939574454264,0.0,0.0,1.0,BTC,仓位样本不足，暂不影响权重
1423783,970,2026-08-03 20:16:54,30,0x5f94a51948d2376ad34a6fadfa2544e651b74b96,money_printer,P-A,100.0,1.15,17,2,15,1.0,20.643488675206285,19.225039542213818,19.391915910801163,722.6216666666669,7.647058823529412,10.0,32.25321115794635,-4.492538907793498,0.058823529411764705,0.47058823529411764,"ADA,APT,DOT,LIT,NEAR",仓位收益稳定，适合加权参考
1423784,970,2026-08-03 20:16:54,30,0x5fdbf83c3d95d525704f61401db68cbec1b2a775,smart_money,P-N,50.0,1.0,2,0,2,,,21.457773954749708,21.457773954749708,471.82624999999996,6.0,9.0,26.868616371268455,0.0,0.5,0.0,"BTC,HYPE",仓位样本不足，暂不影响权重
1423889,970,2026-08-03 20:16:54,30,0x5fe77169ee8a147ee63662160449c9bc84570f3b,smart_money,P-N,50.0,1.0,1,0,1,,,0.0009399541615664411,0.0009399541615664411,575.9869444444445,20.0,20.0,4.506453568614301,-3.0727101541681505,0.0,1.0,BTC,仓位样本不足，暂不影响权重
1423992,970,2026-08-03 20:16:55,30,0x603f6575750b2da949a84ff412b68e762bcd75a3,smart_money,P-R,25.0,-0.8,14,12,2,0.16666666666666666,-3.6443917450685372,-2.0099874279382033,-3.410905414049918,56.76156746031746,4.214285714285714,20.0,3.835381474820766,-4.727459860120049,0.9285714285714286,0.07142857142857142,"HYPE,ZEC,LIT,PUMP,ETH",仓位真实收益偏反向，可作为反向参考
1424179,970,2026-08-03 20:16:55,30,0x60826ae62cbe3bfaabc1ba335627adc858435e14,smart_money,P-G,44.68433730140858,0.65,6,6,0,0.3333333333333333,-0.31566269859141727,,-0.31566269859141727,5.666203703703704,17.5,25.0,1.210390080801768,-0.49435730484530876,0.0,0.6666666666666666,"ETH,LDO,SOL",高杠杆/短线赌徒型，长期单降权
1423785,970,2026-08-03 20:16:54,30,0x60a8c761f39696b3b419f31dcda20b405cb685f6,money_printer,P-N,50.0,1.0,2,0,2,,,-2.717538619362444,-2.7175386193624433,866.6597222222222,15.0,20.0,16.42066165677811,-11.828493849586474,0.0,1.0,"BTC,FARTCOIN",仓位样本不足，暂不影响权重
1423786,970,2026-08-03 20:16:54,30,0x610b8dd6b392d010c2b6ad8d121dfc09524cb613,smart_money,P-N,50.0,1.0,2,0,2,,,3.467224665544893,3.526223603367691,866.6597222222222,2.5,3.0,22.53183906879071,-4.397398476819194,1.0,0.0,"HYPE,SOL",仓位样本不足，暂不影响权重
1423787,970,2026-08-03 20:16:54,30,0x615d54d75193c93f28166adcf7b615d5d47b4dbe,smart_money,P-N,50.0,1.0,1,0,1,,,8.205973329940594,8.205973329940596,866.6597222222222,10.0,10.0,46.54138668079487,0.0,0.0,1.0,HYPE,仓位样本不足，暂不影响权重
1424104,970,2026-08-03 20:16:55,30,0x615f9484c8f46ca4fd4d2c0291c42661043a3d87,smart_money,P-G,44.2413035597698,0.65,16,16,0,0.4375,-0.7586964402302047,,-0.7586964402302047,45.757482638888895,13.625,40.0,1.2095924827132722,-2.5657194208470555,0.0625,0.75,"ETH,HYPE,PUMP,SOL,BTC",高杠杆/短线赌徒型，长期单降权
1423788,970,2026-08-03 20:16:54,30,0x616d43c28a376d835d336383fd9423090651dbd6,smart_money,P-G,50.63569326239014,0.65,3,0,3,,,5.676077915314772,5.635693262390139,866.6597222222222,18.333333333333332,20.0,16.990950691500476,-1.233777899789784,0.0,1.0,"BTC,ETH,SOL",高杠杆/短线赌徒型，长期单降权
1423789,970,2026-08-03 20:16:54,30,0x617eb09d7869de4ea8a9768c5c657ff7c2d80f97,smart_money,P-A,94.19153818144548,1.15,6,4,2,0.75,8.826213698397407,-2.2873888803812576,5.121679505471186,767.375,4.666666666666667,10.0,32.946478256327104,-16.307619054211393,0.5,0.16666666666666666,"ETH,XMR,MERL,KAITO,STABLE",仓位收益稳定，适合加权参考
1424350,970,2026-08-03 20:16:55,30,0x618d69438f6c5785a72d0024a8cb73b81c356e34,smart_money,P-C,42.75361386229036,0.75,3,3,0,0.3333333333333333,-0.17546600911979834,,-0.17546600911979834,5.581574074074074,8.0,8.0,1.2459137700687781,-0.4327883690434762,0.0,0.0,HYPE,仓位收益偏弱，降权参考
1423790,970,2026-08-03 20:16:54,30,0x61bf199fabf0d2ec9dc98b9bcf8084aca32bc0de,smart_money,P-B,88.2897640283584,1.0,74,41,33,0.9512195121951219,6.171195092473736,-7.182007837647403,0.5819288170796697,451.9454054054056,10.932432432432432,40.0,8.58856308744037,-12.95585298433297,0.13513513513513514,0.47297297297297297,"BTC,HYPE,AERO,TAO,LIT",仓位表现普通有效
1423791,970,2026-08-03 20:16:54,30,0x61ceef212ff4a86933c69fb6aca2fe35d8f2a62b,money_printer,P-G,40.63880585740605,0.65,9,5,4,0.2,-0.5107985966057726,-9.174188575079175,-4.361194142593951,362.1403086419753,15.88888888888889,20.0,4.648184546482904,-16.0696641030053,0.1111111111111111,0.8888888888888888,"SOL,BTC,LIT,AVAX,HYPE",高杠杆/短线赌徒型，长期单降权
1423894,970,2026-08-03 20:16:54,30,0x61f2bb695d81ac9fce0b1d01fd45cc6b2925a571,smart_money,P-N,50.0,1.0,1,0,1,,,-2.82381154055586,-2.5141479688439294,557.0,13.0,13.0,3.0153251415159414,-8.153522064121534,0.0,1.0,ETH,仓位样本不足，暂不影响权重
1423792,970,2026-08-03 20:16:54,30,0x621c5551678189b9a6c94d929924c225ff1d63ab,money_printer,P-G,45.110110608797356,0.65,966,925,41,0.532972972972973,0.015215218096242133,2.3565607836013314,0.11011060879735386,33.36598429951689,10.346790890269151,20.0,1.6284109960854265,-1.717424175925684,0.036231884057971016,0.6904761904761905,"ARB,BTC,ETH,WLD,KAITO",高杠杆/短线赌徒型，长期单降权
1423989,970,2026-08-03 20:16:55,30,0x633fe8fa1940888c7e81f1af57116c77b2fe1bda,smart_money,P-B,100.0,1.0,3,2,1,1.0,4.40769403170062,-1.5147659865460157,2.433540692285075,182.45435185185184,5.666666666666667,7.0,6.135770438322486,-1.28656964229391,0.0,0.0,BTC,仓位表现普通有效
1423793,970,2026-08-03 20:16:54,30,0x63618d66c7a6a487491e2d0793f7b5b1c86485c0,smart_money,P-C,43.10454588052996,0.75,3,0,3,,,35.92002510137524,35.92002510137523,866.6597222222222,5.333333333333333,10.0,41.68419421410343,-10.402909975792449,0.6666666666666666,0.3333333333333333,"HYPE,PURR,STBL",仓位收益偏弱，降权参考
1423794,970,2026-08-03 20:16:54,30,0x6361d059ce1d9f49991dc7410972d3ad7b698773,smart_money,P-N,50.0,1.0,1,0,1,,,-4.427419427284686,-4.427419427284686,866.6597222222222,20.0,20.0,0.0,-12.96005725356563,0.0,1.0,BTC,仓位样本不足，暂不影响权重
1423795,970,2026-08-03 20:16:54,30,0x639c38ad64462870cca86a9cfa633b27cb7361f8,smart_money,P-N,50.0,1.0,2,0,2,,,-36.539998749042894,-36.53999874904289,866.6597222222222,9.0,15.0,14.463422714997073,-47.89947526795394,0.5,0.5,"BTC,NIL",仓位样本不足，暂不影响权重
1423796,970,2026-08-03 20:16:54,30,0x63d417a577b50c96f4f09148d4e4d70950db0522,money_printer,P-B,91.8235893897982,1.0,51,23,28,0.7391304347826086,2.140352562456197,2.1504258325565564,2.1794843794685863,417.5840413943356,8.03921568627451,20.0,12.897679971589609,-13.163003003534614,0.39215686274509803,0.3137254901960784,"BTC,CASHCAT,ETH,HYPE,ARB",仓位表现普通有效
1423911,970,2026-08-03 20:16:54,30,0x6410b0886a1f0db4c1242e1190013fe4b1e85bcd,smart_money,P-G,42.60487480937213,0.65,6,2,4,0.5,-1.975346672833797,-1.2495768874392628,-2.395125190627875,256.30421296296294,16.666666666666668,20.0,2.920148829225214,-5.121631677041816,0.0,1.0,"HYPE,ETH,BTC,SOL",高杠杆/短线赌徒型，长期单降权
1423797,970,2026-08-03 20:16:54,30,0x641edd3f198101eb13ce9228a415cbf02b62b6c8,smart_money,P-A,94.74292256544045,1.15,20,10,10,0.7,7.053679510581683,7.670238808696155,7.366311304400322,473.6140277777778,7.15,20.0,16.639774593730507,-9.068152909409873,0.3,0.45,"VVV,AAVE,AERO,WLD,XMR",仓位收益稳定，适合加权参考
1423798,970,2026-08-03 20:16:54,30,0x6427ef069a0ffa80c2dbf675479833500f429eca,smart_money,P-G,46.269560560940796,0.65,17,16,1,0.6875,1.9552362674603507,-22.00985001536156,1.269560560940796,242.1924019607843,10.647058823529411,20.0,10.71890007243522,-9.79707176070157,0.058823529411764705,0.5882352941176471,"ETH,LIT,JTO,kBONK,TRUMP",高杠杆/短线赌徒型，长期单降权
1423799,970,2026-08-03 20:16:54,30,0x643430283b19fa5bd70a1138b495c2b43523cdd5,money_printer,P-A,100.0,1.15,18,10,8,0.7,6.9241348862674,10.899053645416853,8.708428868492689,493.1560802469137,5.111111111111111,20.0,18.060089380143495,-8.259398639252472,0.5,0.1111111111111111,"HYPE,LIT,PUMP,ASTER,GMX",仓位收益稳定，适合加权参考
1424054,970,2026-08-03 20:16:55,30,0x644f7170fae9d4d173d9217f03b7a77e22ed98f1,smart_money,P-B,56.50863851323337,1.0,53,52,1,0.5192307692307693,-0.013986293538227494,0.03313094159488742,-0.013097289101753631,1.206184486373166,7.452830188679245,20.0,0.44099337917291975,-0.448727891423532,0.37735849056603776,0.49056603773584906,"VVV,ZEC,ENA,WLD,SOL",仓位表现普通有效
1423800,970,2026-08-03 20:16:54,30,0x645b2eeaa0a46df3c4211bebda1b2c7703e287b8,money_printer,P-G,47.59201709757483,0.65,17,8,9,0.625,1.6327950862951366,3.637368981835822,2.5920170975748342,447.57053921568627,10.764705882352942,20.0,7.487771896251621,-5.630041232187819,0.058823529411764705,0.8235294117647058,"ZEC,PAXG,ASTER,BNB,HYPE",高杠杆/短线赌徒型，长期单降权
1424356,970,2026-08-03 20:16:55,30,0x649156ebf0a350deb18a1e4835873defd4dc5349,money_printer,P-N,50.0,1.0,1,1,0,0.0,-17.872354717960548,,-17.872354717960548,254.84,11.0,11.0,0.0,-24.1775670095563,0.0,1.0,BTC,仓位样本不足，暂不影响权重
1423801,970,2026-08-03 20:16:54,30,0x64d0c26f561c1a653a2fe48337e9970275564d45,smart_money,P-N,50.0,1.0,1,0,1,,,62.48427832437366,62.484278324373655,866.6597222222222,20.0,20.0,64.2425702403895,0.0,0.0,1.0,SOL,仓位样本不足，暂不影响权重
1423802,970,2026-08-03 20:16:54,30,0x64dd467d1e5c2cf2be87fea20713159dbc12ca76,smart_money,P-N,50.0,1.0,1,0,1,,,14.175409717163495,14.175409717163495,866.6597222222222,10.0,10.0,19.050704962646908,-14.262761384886591,0.0,1.0,HYPE,仓位样本不足，暂不影响权重
1423917,970,2026-08-03 20:16:54,30,0x64f4e14a603a6383f459e16f4781a6b30611dfb8,smart_money,P-A,86.04165281277493,1.15,8,6,2,0.6666666666666666,1.6437625586406501,6.408484731281555,2.922043138094419,104.04385416666668,5.25,10.0,6.772817185604341,-3.8183231540409097,0.0,0.125,"SOL,PUMP,HYPE,ETH,ZEC",仓位收益稳定，适合加权参考
1423803,970,2026-08-03 20:16:54,30,0x64ffaa34fffc59e84d3e7731812b3a63397af7c6,smart_money,P-N,50.0,1.0,1,0,1,,,14.780833794125078,14.780833794125078,866.6597222222222,3.0,3.0,31.468321421013467,0.0,1.0,0.0,VVV,仓位样本不足，暂不影响权重
1424055,970,2026-08-03 20:16:55,30,0x654086857e1fad6dcf05cf6695cce51ea3984268,smart_money,P-G,44.015852028174834,0.65,9,8,1,0.375,-1.0997492205210513,-0.05933798225810214,-0.9841479718251678,94.25712962962965,11.11111111111111,20.0,1.765754671155452,-3.7578350628191135,0.0,1.0,"BTC,ETH,SOL",高杠杆/短线赌徒型，长期单降权
1423804,970,2026-08-03 20:16:54,30,0x654ed1d8631de7feb6b4e5fd9965687504a80c4a,smart_money,P-G,65.0,0.65,3,0,3,,,49.6506783249537,49.6506783249537,866.6597222222222,11.0,20.0,52.6174869858674,0.0,0.3333333333333333,0.6666666666666666,"AVAX,RESOLV,SOL",高杠杆/短线赌徒型，长期单降权
1423805,970,2026-08-03 20:16:54,30,0x655b62e1a4ca9cfe5c761b8dc3defda98be41e9f,smart_money,P-N,50.0,1.0,1,0,1,,,-18.254497455297603,-18.254497455297603,866.6597222222222,1.0,1.0,0.0,-19.86432789919168,1.0,0.0,ASTER,仓位样本不足，暂不影响权重
1424346,970,2026-08-03 20:16:55,30,0x656c54089502d4ab36a35166b514ec761c33f4b7,smart_money,P-N,50.0,1.0,1,1,0,1.0,2.138571577324851,,2.138571577324851,23.987222222222222,5.0,5.0,2.8201789500541037,0.0,0.0,0.0,HYPE,仓位样本不足，暂不影响权重
1423962,970,2026-08-03 20:16:54,30,0x657cf179cc91ccfc8cd534d5015a49e690b495f1,smart_money,P-B,64.5974998049102,1.0,84,83,1,0.4939759036144578,0.0158026238425402,-0.5057825992082048,0.009593275949078953,5.821395502645503,5.0,5.0,0.22394609005831692,-0.20271488877654403,0.0,0.0,BTC,仓位表现普通有效
1423806,970,2026-08-03 20:16:54,30,0x65aee08c9235025355ac6c5ad020fb167ecef4fe,smart_money,P-G,49.737639452498385,0.65,23,12,11,1.0,10.588947803182736,-3.6064625575417866,4.737639452498387,538.6443840579711,10.608695652173912,40.0,14.061713076059922,-7.347442818810098,0.13043478260869565,0.7391304347826086,"BNB,BTC,CC,ETH,HYPE",高杠杆/短线赌徒型，长期单降权
1424213,970,2026-08-03 20:16:55,30,0x65cf86e71afd816e6f9b8adaffab6a95b7bbbfd8,smart_money,P-G,44.20821280909064,0.65,5,5,0,0.2,-0.7917871909093616,,-0.7917871909093616,66.60194444444446,10.0,10.0,3.300808352472475,-1.4608332055015865,0.0,1.0,"HYPE,BTC",高杠杆/短线赌徒型，长期单降权
1423873,970,2026-08-03 20:16:54,30,0x65d0ab18172c32e37cd7f39d1ad3f9c5de8bdfb0,smart_money,P-C,40.73867318697002,0.75,9,6,3,0.3333333333333333,0.6505455333262712,-1.8701422276492263,0.8759018240661646,222.2907716049383,10.11111111111111,20.0,7.005464851703689,-6.040345109754507,0.2222222222222222,0.4444444444444444,"BTC,LIT,UNI,VVV,HYPE",仓位收益偏弱，降权参考
1423807,970,2026-08-03 20:16:54,30,0x65f1de0d3715941dad6a1279d8d0a96a2eeb8171,smart_money,P-N,50.0,1.0,1,0,1,,,11.148739405732776,11.148739405732776,866.6597222222222,20.0,20.0,19.081303562903056,0.0,0.0,1.0,BTC,仓位样本不足，暂不影响权重
1423808,970,2026-08-03 20:16:54,30,0x6628f829994f1756257e6c2468dabd675a530a1d,smart_money,P-G,44.9930085138533,0.65,28,24,4,0.5,0.2448247126553917,-1.1045388456144698,-0.006991486146704766,187.37927579365075,22.928571428571427,40.0,3.1934122877145037,-3.1672450652898365,0.14285714285714285,0.75,"BTC,kSHIB,ACE,kBONK,ETH",高杠杆/短线赌徒型，长期单降权
1423809,970,2026-08-03 20:16:54,30,0x66339a4c857997b2cb3a1139cc37f68fbdf9a795,smart_money,P-C,50.593837542999715,0.75,7,0,7,,,18.29812649485131,18.187079061004162,866.6597222222224,4.571428571428571,10.0,27.459060293487337,-10.948130766393389,0.5714285714285714,0.14285714285714285,"MELANIA,PROVE,STABLE,TRUMP,VVV",仓位收益偏弱，降权参考
1424000,970,2026-08-03 20:16:55,30,0x663f2673c6cef165d4e027585ed300a6b74245da,smart_money,P-G,43.1528273698731,0.65,3,2,1,0.0,-4.864201075497881,4.186884260615067,-1.8471726301268987,417.49648148148145,10.0,10.0,7.554613515220602,-12.00404238885971,0.0,1.0,"HYPE,FARTCOIN",高杠杆/短线赌徒型，长期单降权
1424115,970,2026-08-03 20:16:55,30,0x6661db9a250e02444f6f9de670c6d923bcd84cc4,smart_money,P-G,45.46359214007838,0.65,26,26,0,0.8076923076923077,0.4635921400783805,,0.4635921400783805,10.423044871794872,39.42307692307692,40.0,0.693386841865652,-0.3800708339346605,0.0,1.0,"BTC,ETH",高杠杆/短线赌徒型，长期单降权
1423810,970,2026-08-03 20:16:54,30,0x6666885961fec8ed58ddb45637ea41c02d6423f5,money_printer,P-N,50.0,1.0,1,0,1,,,36.72340083493673,36.72340083493673,866.6597222222222,10.0,10.0,82.02700733960626,0.0,0.0,1.0,HYPE,仓位样本不足，暂不影响权重
1423811,970,2026-08-03 20:16:54,30,0x66701345620a1d2d81e37f9fd8c74491e8c7d525,smart_money,P-C,63.41509991540809,0.75,20,15,5,0.4666666666666667,-1.8063597420649167,3.3913637258920724,-0.6309333539491879,231.45923611111112,8.75,40.0,6.314191181438469,-6.305953814337978,0.25,0.4,"kSHIB,DYDX,BTC,ETH,GRAM",仓位收益偏弱，降权参考
1424295,970,2026-08-03 20:16:55,30,0x66778547fc5b3e2b2e9cecb943f560d49efb171c,smart_money,P-N,50.0,1.0,1,1,0,1.0,1.1455891844152346,,1.1455891844152346,1.998888888888889,10.0,10.0,1.1455891844152346,-0.46451985461462436,0.0,1.0,HYPE,仓位样本不足，暂不影响权重
1423812,970,2026-08-03 20:16:54,30,0x667b8184fcb9e83bf3180bb42f5c67374cde679a,smart_money,P-G,43.61642016535786,0.65,41,36,5,0.4166666666666667,-1.7668520693986236,1.8434508252559412,-1.3835798346421426,128.337418699187,23.463414634146343,40.0,3.4128584275812877,-4.12428589895483,0.21951219512195122,0.6341463414634146,"BTC,ACE,kBONK,ETH,AERO",高杠杆/短线赌徒型，长期单降权
1423813,970,2026-08-03 20:16:54,30,0x6697186f603168d01797eded5bd149b44e62de27,smart_money,P-N,50.0,1.0,1,0,1,,,-7.775808351590287,-7.775808351590287,866.6597222222222,5.0,5.0,54.71616409601503,-11.550134128932585,0.0,0.0,JTO,仓位样本不足，暂不影响权重
1423814,970,2026-08-03 20:16:54,30,0x66a8e3766b64650fbe4e81a9a42e9ba96ae49db5,smart_money,P-G,35.0,0.65,7,2,5,0.5,-2.3111529180473283,-31.231536417151073,-21.443933979085013,410.0786904761905,12.714285714285714,40.0,5.701522031738918,-30.852524797962932,0.2857142857142857,0.5714285714285714,"CASHCAT,TRUMP,HYPE,LIT,BTC",高杠杆/短线赌徒型，长期单降权
1424129,970,2026-08-03 20:16:55,30,0x66d1f704749ced8c60df03cd0ccfce05c5d87fae,smart_money,P-B,70.85899685953025,1.0,7,7,0,0.7142857142857143,1.561151086836696,,1.561151086836696,119.29027777777777,11.428571428571429,20.0,4.642774876148211,-2.9671953461509877,0.0,0.2857142857142857,"HYPE,BTC",仓位表现普通有效
1423900,970,2026-08-03 20:16:54,30,0x6707013459fa40ab655710bb08690693d539b113,smart_money,P-N,50.0,1.0,2,1,1,0.0,-1.4588745295674361,20.467131314016854,9.50412839222471,248.79305555555555,3.0,5.0,15.405226516076635,-2.67316509268418,0.5,0.0,"HYPE,LIT",仓位样本不足，暂不影响权重
1423815,970,2026-08-03 20:16:54,30,0x675462411d40a169c3397ac1dc00786dc9c7d3a1,smart_money,P-G,53.43221599901312,0.65,6,3,3,1.0,6.578247712363673,10.286184285662566,8.432215999013119,606.8565277777777,13.333333333333334,25.0,18.255683494939074,-6.55364645096894,0.0,0.8333333333333334,"BCH,ETC,ZEC,SOL,ETH",高杠杆/短线赌徒型，长期单降权
1424312,970,2026-08-03 20:16:55,30,0x67870e072059b30eb06530cabebe2a8b50fecb04,smart_money,P-N,50.0,1.0,1,1,0,1.0,0.22858181858936988,,0.22858181858936988,364.7775,10.0,10.0,5.057148359525687,-10.727048185589275,0.0,1.0,HYPE,仓位样本不足，暂不影响权重
1423877,970,2026-08-03 20:16:54,30,0x6788e111b25a244e7168847fe19bb1456a8398d4,smart_money,P-N,50.0,1.0,2,0,2,,,7.647093237198323,7.647093237198323,455.13,15.0,25.0,11.666019527593742,-6.037411355046927,0.0,0.5,"ZRO,BTC",仓位样本不足，暂不影响权重
1424294,970,2026-08-03 20:16:55,30,0x67c0fc4b0490ab7e76c08c2bbd30fac0059bbc7a,smart_money,P-R,25.0,-0.8,6,6,0,0.3333333333333333,-12.343577256426789,,-12.343577256426789,27.959814814814816,4.166666666666667,10.0,8.997495160603256,-14.688682870408,0.8333333333333334,0.16666666666666666,"CASHCAT,PUMP,VVV",仓位真实收益偏反向，可作为反向参考
1424043,970,2026-08-03 20:16:55,30,0x67cd5c1c4548c7ec1a20fadefca19ad42e6230da,smart_money,P-G,44.97642554305473,0.65,336,335,1,0.47761194029850745,-0.023716945640143455,0.024276026249432255,-0.023574456945272274,2.1392824074074084,20.0,20.0,0.1446285253748757,-0.16797791828446265,0.0,1.0,BTC,高杠杆/短线赌徒型，长期单降权
1424036,970,2026-08-03 20:16:55,30,0x67f7aa8fb95c47e6ea9c517b623e0701cbf9d9ba,smart_money,P-B,77.58804177954161,1.0,215,214,1,0.5654205607476636,0.003964082643074893,0.07857097043166074,0.004301263602588073,2.552476744186045,2.683720930232558,3.0,0.20857280899382682,-0.18049955635704065,1.0,0.0,ETH,仓位表现普通有效
1423816,970,2026-08-03 20:16:54,30,0x67fcc46ed2a63971697dad2fc7bb0091fe89e51d,money_printer,P-C,82.17556607106809,0.75,14,7,7,0.42857142857142855,1.0426578685888237,26.770253227404282,10.819906498537856,565.7097222222222,5.357142857142857,10.0,23.246801970306993,-9.263741277897594,0.35714285714285715,0.21428571428571427,"AERO,JTO,MEGA,ZRO,GRAM",仓位收益偏弱，降权参考
1424315,970,2026-08-03 20:16:55,30,0x6802b4267f7f2bf7003dcf993c51542245b38329,smart_money,P-N,50.0,1.0,2,2,0,0.0,-0.31930416098599024,,-0.31930416098599024,24.49361111111111,20.0,20.0,0.2925570099819109,-0.536915163558258,0.0,1.0,BTC,仓位样本不足，暂不影响权重
1423817,970,2026-08-03 20:16:54,30,0x6859da14835424957a1e6b397d8026b1d9ff7e1e,money_printer,P-A,96.17336152219873,1.15,43,11,32,0.6363636363636364,10.017087649367356,12.229030121806922,11.853695841667982,678.1264987080106,7.744186046511628,35.0,23.73481460856303,-12.780641804413134,0.23255813953488372,0.4186046511627907,"PENGU,LINK,PUMP,AVAX,MET",仓位收益稳定，适合加权参考
1423818,970,2026-08-03 20:16:54,30,0x687843224285d4d2eac58202085041647fa3bf8c,smart_money,P-N,50.0,1.0,1,0,1,,,-12.550717173896416,-12.550717173896414,866.6597222222222,3.0,3.0,46.70573251953871,-16.129627180925482,1.0,0.0,JTO,仓位样本不足，暂不影响权重
1423991,970,2026-08-03 20:16:55,30,0x68af3f19b7cf1934909bd43776050fe83b0ac654,smart_money,P-A,72.90874713934997,1.15,18,16,2,0.5625,1.807410655826216,0.45531415081629645,1.6571777108251138,43.30345679012346,7.611111111111111,10.0,4.64629014764569,-1.6799685149760875,0.0,0.16666666666666666,"ETH,PUMP,HYPE,BTC,SOL",仓位收益稳定，适合加权参考
1423819,970,2026-08-03 20:16:54,30,0x68c151a40b08c6d059d8eddfc0c57e18325c9e38,smart_money,P-N,50.0,1.0,1,0,1,,,-44.26201266862791,-44.26201266862791,866.6597222222222,5.0,5.0,0.0,-92.06355516683892,0.0,0.0,HYPE,仓位样本不足，暂不影响权重
1423820,970,2026-08-03 20:16:54,30,0x68d017f8c75d22af6a48aa6f2f697c658ec15599,smart_money,P-G,43.97181145854812,0.65,46,41,5,0.2682926829268293,-0.7501420647433682,-2.7880284348888864,-1.0281885414518845,128.79018719806763,14.130434782608695,40.0,2.6327710368181765,-3.611919043586132,0.21739130434782608,0.6086956521739131,"ETH,SUI,BTC,GMT,CC",高杠杆/短线赌徒型，长期单降权
1424125,970,2026-08-03 20:16:55,30,0x68d39be8c66851afbb61abb3b2e0a8ef59b58e80,smart_money,P-C,62.97714804490453,0.75,3,3,0,0.6666666666666666,-1.3970322511460411,,-1.3970322511460411,31.661944444444444,5.333333333333333,10.0,12.851309786635083,-8.645965790229296,0.6666666666666666,0.3333333333333333,"CASHCAT,HYPE",仓位收益偏弱，降权参考
1423821,970,2026-08-03 20:16:54,30,0x68f1c1e8e1371d25dff689a3915196db6c5fba1a,smart_money,P-N,50.0,1.0,1,0,1,,,11.489466187078436,10.50295876499514,866.6597222222222,10.0,10.0,16.859693723332832,-6.902350693701738,0.0,1.0,HYPE,仓位样本不足，暂不影响权重
1424260,970,2026-08-03 20:16:55,30,0x68f80ecef342044f84891641e81b50b5f580b6ad,smart_money,P-R,25.0,-0.8,5,5,0,0.0,-4.710222953775608,,-4.710222953775608,47.24511111111111,2.0,2.0,1.5348082808554935,-5.211503146766117,1.0,0.0,HYPE,仓位真实收益偏反向，可作为反向参考
1423822,970,2026-08-03 20:16:54,30,0x6957d2139d29e7db7913ac21e813f2a561e47ac8,smart_money,P-G,35.0,0.65,8,1,7,0.0,-33.17479559997519,-6.814817827616985,-10.311752989302729,758.3272569444446,11.0,25.0,17.135335383217637,-27.4271680930862,0.125,0.625,"JUP,ASTER,AVNT,ETH,SOL",高杠杆/短线赌徒型，长期单降权
1424370,970,2026-08-03 20:16:55,30,0x696adb8693ed15f14f8a80bb4f9fe061f58868db,smart_money,P-G,46.868090769710584,0.65,9,9,0,0.2222222222222222,1.8680907697105826,,1.8680907697105826,23.99867283950617,12.222222222222221,20.0,5.464369117518576,-1.5663352127603338,0.0,0.7777777777777778,"LIT,BTC,HYPE,ETH,SOL",高杠杆/短线赌徒型，长期单降权
1423823,970,2026-08-03 20:16:54,30,0x69906b0ed626ca01a4b7c001e5711e5714ccf207,"money_printer,smart_money",P-G,51.2242888031836,0.65,5,4,1,0.5,0.5852238690501067,28.78054853971756,6.2242888031835975,203.7358888888889,21.0,40.0,10.84015081021772,-0.6458106067658193,0.0,0.8,"HYPE,BTC,ETHFI",高杠杆/短线赌徒型，长期单降权
1423824,970,2026-08-03 20:16:54,30,0x69a31d37f231c1987c6f283ca508b4377a2369ff,smart_money,P-R,25.0,-0.8,5,1,4,0.0,-16.865927792110373,-22.24273123471882,-17.74362660020593,761.1854999999999,1.0,1.0,14.906162111003834,-33.357996708274186,1.0,0.0,"BTC,HYPE,TAO,CASHCAT,ZEC",仓位真实收益偏反向，可作为反向参考
1423950,970,2026-08-03 20:16:54,30,0x69b05701f8175c276ecd0138387a197948e240bb,smart_money,P-G,43.44571621180293,0.65,7,6,1,0.16666666666666666,-2.069741342640166,1.5384615384615201,-1.554283788197068,264.75626984126984,12.857142857142858,20.0,5.998837320907291,-6.4959432782603175,0.0,0.7142857142857143,"PUMP,BTC,HYPE,ETH",高杠杆/短线赌徒型，长期单降权
1423825,970,2026-08-03 20:16:54,30,0x69eb16da29deeac170613a1cacb34227fc15f956,smart_money,P-N,50.0,1.0,2,0,2,,,-10.97808021027027,-12.09479494262579,866.6597222222222,11.5,20.0,0.46928895612707644,-31.546575705329253,0.5,0.5,"HYPE,SOL",仓位样本不足，暂不影响权重
1423826,970,2026-08-03 20:16:54,30,0x6a2cec2bda4749f113676bd9a5f3e64277260efd,smart_money,P-G,44.542615047960076,0.65,47,31,16,0.5806451612903226,3.5223246385186067,-8.3353239702518,-0.4573849520399219,274.7978014184398,12.297872340425531,40.0,6.400910525147952,-7.5571760440954,0.10638297872340426,0.6595744680851063,"ETH,AVAX,WLFI,CASHCAT,BTC",高杠杆/短线赌徒型，长期单降权
1423915,970,2026-08-03 20:16:54,30,0x6a756a2cc6c1e8e1e44132800b2033a42ca086ad,smart_money,P-N,50.0,1.0,2,1,1,1.0,34.43367255629312,-1.0690825647717732,16.68229499576067,432.3301388888889,3.5,5.0,23.441024854432428,-1.968721133121218,0.5,0.0,"XRP,BTC",仓位样本不足，暂不影响权重
1424056,970,2026-08-03 20:16:55,30,0x6a9e7566877b52b13b28230b5543cbccf3685870,smart_money,P-B,59.35399345510453,1.0,284,283,1,0.5123674911660777,-0.016592776948178088,-0.003744276605756362,-0.016428843542142083,2.502882433489827,7.76056338028169,20.0,0.21331377702853435,-0.22737385673149055,0.2887323943661972,0.323943661971831,ETH,仓位表现普通有效
1424185,970,2026-08-03 20:16:55,30,0x6abc111bd22bb38e649f81be60dfbeb35648aac6,smart_money,P-A,100.0,1.15,28,28,0,0.7857142857142857,15.34918728349717,,15.34918728349717,504.3067460317462,7.642857142857143,40.0,24.467419823666035,-8.169995639547595,0.2857142857142857,0.42857142857142855,"LIT,ADA,AERO,BCH,BTC",仓位收益稳定，适合加权参考
1423827,970,2026-08-03 20:16:54,30,0x6acf5dc82237396e07d7e802bff984d8662360a1,smart_money,P-N,50.0,1.0,1,0,1,,,9.606811899583114,9.527019159803128,866.6597222222222,40.0,40.0,18.38939270573041,0.0,0.0,1.0,BTC,仓位样本不足，暂不影响权重
1423885,970,2026-08-03 20:16:54,30,0x6b40177431bb4d710f047f163442dbe5b6e8f775,smart_money,P-B,71.50803062163922,1.0,18,17,1,0.6470588235294118,0.12154863929681797,-14.374144630244306,-0.3360727048930017,40.37243827160493,8.333333333333334,10.0,0.609875864885985,-1.9447142930871903,0.0,0.3333333333333333,"HYPE,ZEC,PUMP",仓位表现普通有效
1423828,970,2026-08-03 20:16:54,30,0x6b44fb3b080c233c6cb0b2d70f4b5694fd528572,smart_money,P-C,49.41980636224985,0.75,13,10,3,0.4,-1.4531574996218874,-28.490646520715746,-6.821352041947719,280.02891025641026,4.846153846153846,10.0,4.734785084142214,-13.85063023726991,0.6153846153846154,0.15384615384615385,"UNI,WLD,GRASS,ARB,ENA",仓位收益偏弱，降权参考
1423985,970,2026-08-03 20:16:55,30,0x6ba889db7f923622d3548f621ecc2054b80c1817,smart_money,P-G,45.1574458157393,0.65,4574,4531,43,0.5905981019642463,0.15934880336347518,-0.010018641011002269,0.15744581573930086,4.993524571248128,9.417140358548316,20.0,0.5791512899331921,-0.4247568013009226,0.04438128552689112,0.6869261040664626,"WLD,LIT,XPL,NEAR,FARTCOIN",高杠杆/短线赌徒型，长期单降权
1423829,970,2026-08-03 20:16:54,30,0x6bb971430554e3af58fbd469bce46ab2359a2d23,money_printer,P-G,64.14478201178161,0.65,3,2,1,0.5,3.596497859626891,50.24135031609106,19.14478201178161,577.3243518518519,12.666666666666666,25.0,24.544305469216326,-6.697765129085809,0.3333333333333333,0.6666666666666666,"PURR,ETH,HYPE",高杠杆/短线赌徒型，长期单降权
1423830,970,2026-08-03 20:16:54,30,0x6bea81d7a0c5939a5ce5552e125ab57216cc597f,money_printer,P-G,45.500686465320776,0.65,4,1,3,0.0,-6.997418202817804,3.2977873273639795,0.500686465320775,649.7445138888888,20.0,20.0,7.146332895418806,-6.6992216891932514,0.0,1.0,"ETH,BTC,SOL",高杠杆/短线赌徒型，长期单降权
1424014,970,2026-08-03 20:16:55,30,0x6cd520c1a07c9b53b33d62d04d3c2a3175161968,smart_money,P-B,68.17773411770592,1.0,68,65,3,0.6615384615384615,0.843724922563387,-0.45412294262569053,0.787962081477395,11.41252450980392,9.176470588235293,37.0,2.44231008295963,-1.0361632817415563,0.1323529411764706,0.4852941176470588,"HYPE,LIT,PUMP,SOL,GRAM",仓位表现普通有效
1423863,970,2026-08-03 20:16:54,30,0x6ce8a609b7e76d22b3cf477c16453ef9ec9a188a,smart_money,P-C,50.60853383272334,0.75,36,32,4,0.4375,-0.6464376784625375,1.8935993721106419,-0.5637886391938871,163.75847993827165,15.86111111111111,40.0,2.898510821184968,-3.766386422782281,0.4722222222222222,0.4444444444444444,"GMT,BTC,CC,ETH,MNT",仓位收益偏弱，降权参考
1423831,970,2026-08-03 20:16:54,30,0x6d3b90747dbf5883bf88ff7eb5fcc86f408b5409,smart_money,P-G,36.51816428650426,0.65,15,3,12,0.6666666666666666,-0.6837032605156524,-10.38966155399343,-8.48183571349574,695.1982962962965,13.2,40.0,9.461180099540686,-18.90425964858206,0.06666666666666667,0.6,"ETH,BNB,BTC,ENA,HYPE",高杠杆/短线赌徒型，长期单降权
1423878,970,2026-08-03 20:16:54,30,0x6e88dc3708afc2b0032eeff625df78dcde1e741a,smart_money,P-G,43.12468546222778,0.65,4,3,1,0.3333333333333333,-2.479518612719099,-0.06270231293156826,-1.875314537772216,225.83888888888887,25.5,40.0,1.5826578338904471,-5.291018350326485,0.0,1.0,"BTC,kSHIB,SOL",高杠杆/短线赌徒型，长期单降权
1423994,970,2026-08-03 20:16:55,30,0x6e8bc7cd0978397b06a14af2a8c31f5daeffea79,smart_money,P-B,49.06282102374409,1.0,158,157,1,0.5859872611464968,0.02449272210748461,0.003916285481546463,0.021856371744661117,4.55561181434599,10.936708860759493,20.0,0.229545841775098,-0.18586571884267516,0.4620253164556962,0.5,BTC,仓位表现普通有效
1423832,970,2026-08-03 20:16:54,30,0x6e9989debf991affd8dfe4a73efcbfc8cb658473,smart_money,P-G,58.01435672298085,0.65,4,2,2,0.5,11.40427141395788,14.648626636699108,13.014356722980851,568.2239583333333,13.75,20.0,22.44253925517825,-0.3968870931979413,0.0,0.75,"BTC,ETH,HYPE,LIT",高杠杆/短线赌徒型，长期单降权
1423833,970,2026-08-03 20:16:54,30,0x6e9b20e2ebb0e49a1de161b08413a2a988bd9516,smart_money,P-N,50.0,1.0,2,0,2,,,14.877146676528007,13.544224904924377,866.6597222222222,7.5,10.0,45.512800852751624,-5.311646417149907,0.0,0.5,"HYPE,ZEC",仓位样本不足，暂不影响权重
1423834,970,2026-08-03 20:16:54,30,0x6ecbb68c07bd4be7adb7f0365e9263e382aeca2d,smart_money,P-B,80.49256579511253,1.0,700,577,123,0.5493934142114385,0.2655806025425315,0.06170520937197682,0.24608482872734264,157.219234126984,4.68,12.0,4.609791549312783,-4.626645600137415,0.4357142857142857,0.022857142857142857,"SOL,RENDER,HYPE,VINE,MANTA",仓位表现普通有效
1423895,970,2026-08-03 20:16:54,30,0x6f577a1b7e3915d4d8c49c951e2332912a62d8a1,smart_money,P-N,50.0,1.0,2,1,1,1.0,2.9384051857371274,14.275297382342425,8.138741998494028,432.7661111111112,10.0,10.0,14.065480562412148,-7.068865258404484,0.0,1.0,HYPE,仓位样本不足，暂不影响权重
1424254,970,2026-08-03 20:16:55,30,0x6f684b155809d6615bb01e0dcf45d304b2e04ad0,smart_money,P-G,44.68737332530472,0.65,3,3,0,0.3333333333333333,-0.3126266746952779,,-0.3126266746952779,104.17074074074073,20.0,20.0,1.6902545188220925,-2.7611407968466506,0.0,1.0,BTC,高杠杆/短线赌徒型，长期单降权
1424095,970,2026-08-03 20:16:55,30,0x6f7f358df5a6a4b02178bdbfaae5ed4dc14b28ae,smart_money,P-G,45.27037543361929,0.65,24,24,0,0.16666666666666666,0.27037543361929073,,0.27037543361929073,19.075659722222223,12.0,40.0,2.8078560083044333,-1.618553733423953,0.041666666666666664,0.7916666666666666,"HYPE,PUMP,UNI,GRAM,kBONK",高杠杆/短线赌徒型，长期单降权
1423920,970,2026-08-03 20:16:54,30,0x6f83ab8890ed38bf38a31010aa9a5e9ca743bfad,smart_money,P-B,84.14791402420178,1.0,13,11,2,0.5454545454545454,-0.3630289799462403,1.4333119274788282,-0.08666884034238378,88.10645299145298,2.0,3.0,2.5675091195577644,-3.77475561425702,1.0,0.0,"ETH,CASHCAT,BTC,HYPE,TRUMP",仓位表现普通有效
1424005,970,2026-08-03 20:16:55,30,0x6f97b7de6be7b7771e975e46bae96c35e332e172,smart_money,P-C,56.72743154425251,0.75,33,32,1,0.46875,0.5366984888052907,3.530555222699635,0.6241324387929168,24.03511784511785,9.484848484848484,20.0,2.9130082973121887,-1.9045895742447871,0.18181818181818182,0.6666666666666666,"HYPE,VVV,ETH,FARTCOIN,PUMP",仓位收益偏弱，降权参考
1423320,970,2026-08-03 20:16:54,30,0x6f97d329b072e0f7b74575565d806a4351b8f824,money_printer,P-G,46.26639348486653,0.65,11,11,0,0.5454545454545454,1.2663934848665361,,1.2663934848665361,195.67517676767682,11.363636363636363,22.0,4.777779546795485,-5.005184060759441,0.09090909090909091,0.7272727272727273,"kBONK,BTC,AVAX,ETH,TAO",高杠杆/短线赌徒型，长期单降权
1424275,970,2026-08-03 20:16:55,30,0x6fb534b7e9820dd90a154dbed2a84f9c95bbe68e,smart_money,P-N,50.0,1.0,1,1,0,1.0,0.31807951601412043,,0.31807951601412043,1.0038888888888888,20.0,20.0,0.31807951601412043,0.0,0.0,1.0,SOL,仓位样本不足，暂不影响权重
1423835,970,2026-08-03 20:16:54,30,0x6fbb33de5f39c690d2decb95b9ab46ed0c83e3bc,smart_money,P-N,50.0,1.0,1,0,1,,,7.647566721642672,7.719123507418075,866.6597222222222,10.0,10.0,12.497596907852802,-1.9631154867062603,0.0,1.0,BTC,仓位样本不足，暂不影响权重
1424027,970,2026-08-03 20:16:55,30,0x6fededdbee4f25ad1ccb1bbc30dda3ed0fe9fc23,smart_money,P-G,45.60381456160879,0.65,23,22,1,1.0,0.6326710335021469,-0.03102782004491655,0.6038145616087963,17.147693236714975,12.608695652173912,40.0,0.637813329117509,-0.4101469948400755,0.0,1.0,BTC,高杠杆/短线赌徒型，长期单降权
1423836,970,2026-08-03 20:16:54,30,0x7044be555aea5bddb3b9808658500d4e0d0a6b6e,money_printer,P-C,49.684008011960245,0.75,27,0,27,,,40.298744991455074,40.298744991455074,866.6597222222225,7.481481481481482,20.0,52.931751689582,-14.651401225104458,0.1111111111111111,0.48148148148148145,"AAVE,ADA,ALGO,BNB,CRV",仓位收益偏弱，降权参考
1423837,970,2026-08-03 20:16:54,30,0x7050a9abd4f06372247d19c39e5d718636f35fff,smart_money,P-B,74.9748393453902,1.0,18,10,8,0.6,-0.06475961047277327,0.6780734723474264,0.5999460360674502,401.032098765432,7.055555555555555,20.0,12.877931355401985,-11.889616702519042,0.3333333333333333,0.3888888888888889,"HYPE,ENA,CASHCAT,AAVE,CC",仓位表现普通有效
1424021,970,2026-08-03 20:16:55,30,0x7064c7abd02a8481a33620e485e75df41b8a5fa5,smart_money,P-G,44.975333007934836,0.65,206,205,1,0.47804878048780486,-0.025528213727016878,0.15188344861458916,-0.024666992065164414,3.341318770226537,23.237864077669904,40.0,0.18907717688321146,-0.21224636559796456,0.0,0.970873786407767,BTC,高杠杆/短线赌徒型，长期单降权
1424057,970,2026-08-03 20:16:55,30,0x706bb519b05b7dc01d048af9a5e29d1ef5d6d9e3,smart_money,P-B,73.83236465871546,1.0,300,299,1,0.5117056856187291,0.006512874979136592,-0.0023498080990052477,0.0064833327022094525,2.4010990740740765,2.8666666666666667,4.0,0.15480129064326173,-0.1376263080423958,0.9633333333333334,0.0,BTC,仓位表现普通有效
1424352,970,2026-08-03 20:16:55,30,0x7083a8e36b44865c8d40379502bc081259a0ba66,smart_money,P-B,66.5052637564242,1.0,4,4,0,0.5,1.242331921572287,,1.242331921572287,18.96854166666667,3.0,3.0,3.0060966038075376,-1.8537606221876124,1.0,0.0,"UNI,ETH,NEAR",仓位表现普通有效
1424132,970,2026-08-03 20:16:55,30,0x70b37757f0344b28ef207d86eada7ca051138153,smart_money,P-N,50.0,1.0,1,1,0,0.0,-11.830868175736702,,-11.830868175736702,802.6586111111111,5.0,5.0,5.934047513355965,-14.575605092180133,0.0,0.0,XMR,仓位样本不足，暂不影响权重
1423838,970,2026-08-03 20:16:54,30,0x70e76a2090170a1ce5bb7324830f08b32eb2c0a3,smart_money,P-N,50.0,1.0,1,0,1,,,23.949613871554217,23.949613871554217,866.6597222222222,5.0,5.0,30.73932696179699,0.0,0.0,0.0,BTC,仓位样本不足，暂不影响权重
1423839,970,2026-08-03 20:16:54,30,0x7116470134e289f7fefb0922902e28200e471447,smart_money,P-C,58.43787921386329,0.75,30,0,30,,,14.164408840116751,14.16440884011675,866.6597222222225,4.566666666666666,10.0,33.46982657267504,-9.231921470089965,0.1,0.06666666666666667,"AAVE,ADA,AERO,ALGO,BCH",仓位收益偏弱，降权参考
1423840,970,2026-08-03 20:16:54,30,0x7176cec39ec2c66d545f85c90a217a9cb131dd3e,smart_money,P-N,50.0,1.0,1,0,1,,,51.7499693330211,51.7499693330211,866.6597222222222,10.0,10.0,102.03266312044875,0.0,0.0,1.0,HYPE,仓位样本不足，暂不影响权重
1423841,970,2026-08-03 20:16:54,30,0x7177edd4e52e01f5f78093a8834529c31424c621,smart_money,P-C,59.173788391689655,0.75,4,2,2,0.5,4.109911335306643,-7.426876972466763,-1.9234057607949837,433.12104166666666,7.25,20.0,10.2080402155091,-21.217751519082093,0.75,0.25,"LIT,SOL,CASHCAT",仓位收益偏弱，降权参考
1423902,970,2026-08-03 20:16:54,30,0x718cc7ee2ae2493ebf7d454316df6b61f4e1a868,smart_money,P-C,50.296813911973544,0.75,4,3,1,0.3333333333333333,-5.401795288921465,14.09114719748558,-0.5285596673197039,169.83527777777778,4.75,10.0,8.938214134249584,-5.515082856445757,0.5,0.25,"PUMP,UNI,SOL,kBONK",仓位收益偏弱，降权参考
1424285,970,2026-08-03 20:16:55,30,0x71b117d68974aa4c5615669ae70e8e13ce7479c8,smart_money,P-G,53.62445791473618,0.65,3,3,0,0.6666666666666666,8.624457914736183,,8.624457914736183,13.827962962962962,12.0,25.0,12.960273838034345,-0.8373528444033776,0.3333333333333333,0.6666666666666666,"CASHCAT,ENA,BTC",高杠杆/短线赌徒型，长期单降权
1424124,970,2026-08-03 20:16:55,30,0x71cfa5e263e866f7961091e01ebc5a2d11616c20,smart_money,P-B,64.42022648856792,1.0,4,4,0,0.75,0.4498132876441495,,0.4498132876441495,1.0063888888888888,7.5,10.0,0.7250791516905774,-0.1448511983144583,0.0,0.5,"AVAX,PENDLE,INJ",仓位表现普通有效
1423842,970,2026-08-03 20:16:54,30,0x71dfc07de32c2ebf1c4801f4b1c9e40b76d4a23d,money_printer,P-S,100.0,1.25,8,2,6,1.0,26.151763095523915,14.818685344907017,17.80581079945647,782.8212500000001,3.25,10.0,32.24658665032278,-8.346890537028612,0.875,0.125,"ETH,GRIFFAIN,LIT,STBL,XMR",仓位收益、持仓周期、杠杆结构适合长期参考
1423843,970,2026-08-03 20:16:54,30,0x71f12a5b0e60d2ff8a87fd34e7dcff3c10c914b0,smart_money,P-G,65.0,0.65,4,1,3,1.0,17.385625079648268,22.37064476933538,21.1243898469136,765.6589583333333,13.75,20.0,28.443108869688587,-5.873359593540345,0.0,0.75,"BTC,CRV,PENDLE,ETH",高杠杆/短线赌徒型，长期单降权
1423937,970,2026-08-03 20:16:54,30,0x720a68bf0813853cd3ed74d2fd0f54edfc7a43e1,money_printer,P-N,50.0,1.0,1,0,1,,,-0.5679580293983268,-0.6468087510773575,210.70694444444445,15.0,15.0,2.182439231716383,-2.2365040970542505,0.0,1.0,BTC,仓位样本不足，暂不影响权重
1423844,970,2026-08-03 20:16:54,30,0x7213466fb8a382b977cc9086a12ecbc17e9d4df8,smart_money,P-N,50.0,1.0,1,0,1,,,-2.904934799439643,-3.1792989706271335,866.6597222222222,20.0,20.0,0.5873039806996381,-14.672970172343437,0.0,1.0,BTC,仓位样本不足，暂不影响权重
1423941,970,2026-08-03 20:16:54,30,0x7255e02daf5481a6ac9dc541dc3c4b0be8171c7d,smart_money,P-N,50.0,1.0,1,0,1,,,14.228201864886625,14.228201864886625,176.0,5.0,5.0,16.77099296122179,-0.5757009345794339,0.0,0.0,LDO,仓位样本不足，暂不影响权重
1424060,970,2026-08-03 20:16:55,30,0x7258d00a24d6829ac4bf355127bfbc9e2303aed4,smart_money,P-G,42.926292025565374,0.65,14,14,0,0.5714285714285714,-2.0737079744346234,,-2.0737079744346234,29.414583333333333,29.0,40.0,2.2636035185585914,-2.998565987715093,0.14285714285714285,0.7857142857142857,"BTC,CASHCAT,ZEC,ETH,LIT",高杠杆/短线赌徒型，长期单降权
1424010,970,2026-08-03 20:16:55,30,0x727956612a8700627451204a3ae26268bd1a1525,money_printer,P-B,74.08044350460659,1.0,5131,5117,14,0.5157318741450069,-0.010203147381301117,0.06469055866468605,-0.010393842771944977,2.6652375538664836,2.872149678425258,3.0,0.4395418897156423,-0.4015335207999087,1.0,0.0,"FARTCOIN,HYPE,LIT,LINK,UNI",仓位表现普通有效
1423845,970,2026-08-03 20:16:54,30,0x72988778525f0ce15c5ac1804ac460606a987d6c,money_printer,P-N,50.0,1.0,2,1,1,1.0,3.958603896103896,45.44539286495951,24.701998380531702,576.6676388888889,20.0,20.0,29.61320239137459,-2.812905844155844,0.0,1.0,"ETH,BTC",仓位样本不足，暂不影响权重
1424037,970,2026-08-03 20:16:55,30,0x72cb918356c4f6d3f1b2e532928110ba6995f139,money_printer,P-G,45.06325931913696,0.65,91,90,1,0.5888888888888889,0.06317436155598884,0.04648152426971322,0.06325931913696195,8.783260073260074,10.0,10.0,0.38173655328991507,-0.27832716731226115,0.0,1.0,SOL,高杠杆/短线赌徒型，长期单降权
1423846,970,2026-08-03 20:16:54,30,0x72db642e6c803993aef6fc17e9b159c536508bb6,smart_money,P-N,50.0,1.0,2,0,2,,,-1.1776543509128476,-1.1776543509128474,866.6597222222222,20.0,20.0,5.671386999803909,-9.978600131022972,0.0,1.0,"BTC,SOL",仓位样本不足，暂不影响权重
1423847,970,2026-08-03 20:16:54,30,0x72ffacea0906eb393b2e680ab5e25efbd8d1a9c4,smart_money,P-G,35.0,0.65,3,0,3,,,-36.824824021697545,-36.824824021697545,866.6597222222222,15.0,20.0,6.212831512240835,-45.336898393109784,0.0,0.6666666666666666,"BERA,BTC,ETH",高杠杆/短线赌徒型，长期单降权
1423848,970,2026-08-03 20:16:54,30,0x7345985dd7e2c521a0ba97929aea93614627d58e,smart_money,P-N,50.0,1.0,1,0,1,,,-22.09213285337036,-22.09213285337036,866.6597222222222,10.0,10.0,3.7228142242705715,-26.517715929665865,0.0,1.0,HYPE,仓位样本不足，暂不影响权重
1423849,970,2026-08-03 20:16:54,30,0x74666e2e87171274b46ab8c2e321bb237693fc83,smart_money,P-G,50.34908384557529,0.65,4,0,4,,,2.4263051461216514,5.349083845575288,823.1964583333333,23.75,40.0,16.121826688418274,-8.868242059168486,0.0,1.0,"BTC,ETH,SOL,HYPE",高杠杆/短线赌徒型，长期单降权
1424165,970,2026-08-03 20:16:55,30,0x747b1125d08a5a2cf33550cbb038e406ebf241ad,smart_money,P-A,74.45617193206198,1.15,8,8,0,0.625,1.5876360310712672,,1.5876360310712672,60.77413194444444,5.25,10.0,4.385514669774865,-1.468709716750152,0.125,0.125,"BTC,HYPE,ZEC,SOL,NEAR",仓位收益稳定，适合加权参考
1424325,970,2026-08-03 20:16:55,30,0x749af60aeddb86cd0aa41e50f546097528ec9cd9,smart_money,P-N,50.0,1.0,2,2,0,0.5,3.1624044001783913,,3.1624044001783913,32.62166666666667,3.0,3.0,18.51041348605925,-10.234082484675557,1.0,0.0,CASHCAT,仓位样本不足，暂不影响权重
1424305,970,2026-08-03 20:16:55,30,0x74b7384e761cefb6323728d0f87e6f6c4675b93f,smart_money,P-B,60.855028666082816,1.0,5,5,0,0.6,0.432664311361311,,0.432664311361311,1.7772777777777775,5.6,10.0,0.6419639887010437,-0.7462320805029747,0.2,0.2,"LIT,CHIP,IMX,kBONK",仓位表现普通有效
1423850,970,2026-08-03 20:16:54,30,0x7583b5364597736a6a72c4ba61ede0a4a37ef4de,smart_money,P-N,50.0,1.0,2,0,2,,,-30.852741622792255,-30.852741622792255,866.6597222222222,15.0,20.0,0.0,-41.97897954778111,0.0,1.0,"SOL,UNI",仓位样本不足，暂不影响权重
1423851,970,2026-08-03 20:16:54,30,0x75d0051e8bb42fa53ef1be9951963a69ad1adf0a,smart_money,P-C,34.89758718189351,0.75,8,1,7,0.0,-8.831410738211181,2.602577343795823,1.9333436559870385,702.7452430555556,4.875,10.0,11.172445077666532,-10.53379704509531,0.625,0.25,"AVAX,HBAR,NEAR,STX,XMR",仓位收益偏弱，降权参考
1424038,970,2026-08-03 20:16:55,30,0x75ec3ba266176e733f1b1fdaa15052f5eff724b8,money_printer,P-R,25.0,-0.8,13,12,1,0.25,-3.981066365600613,-0.3115293324737699,-3.6987942861293175,85.32912393162395,8.307692307692308,10.0,3.4700927973341273,-4.811792220432117,0.07692307692307693,0.6923076923076923,"HYPE,ZEC,VVV,PUMP,JTO",仓位真实收益偏反向，可作为反向参考
1423852,970,2026-08-03 20:16:54,30,0x75ee7dfabcbbb47f8b2abaf1f533b59d3e25354f,smart_money,P-C,51.777563215218606,0.75,11,0,11,,,16.815557000705702,16.815557000705702,859.2759343434346,5.454545454545454,20.0,39.21460611754776,-18.3801851544418,0.5454545454545454,0.18181818181818182,"ALGO,AVAX,BTC,GRIFFAIN,HYPE",仓位收益偏弱，降权参考
1423853,970,2026-08-03 20:16:54,30,0x75f3665323cce024368870bfd89db0c21e1ce76b,smart_money,P-B,79.44741133157379,1.0,966,844,122,0.5390995260663507,0.1581158541120528,-0.0679697116769648,0.14507732592838707,112.00297216471111,4.782608695652174,12.0,3.894513964276962,-3.7880007568005487,0.36645962732919257,0.028985507246376812,"HYPE,SOL,ADA,MET,VINE",仓位表现普通有效
1423854,970,2026-08-03 20:16:54,30,0x7625dc67deab1864570ad816f59a9b867f280e49,money_printer,P-B,100.0,1.0,7,3,4,1.0,57.65769661483711,25.966450666902595,39.54841321601738,825.0887698412698,14.714285714285714,40.0,49.71418379492968,-14.045552869719762,0.14285714285714285,0.42857142857142855,"BTC,ETH,FARTCOIN,HYPE,ASTER",仓位表现普通有效
1423855,970,2026-08-03 20:16:54,30,0x76c2164fc79492401db1890db0d17d16b9155aa0,smart_money,P-N,50.0,1.0,1,0,1,,,-41.745371050597434,-41.745371050597434,866.6597222222222,40.0,40.0,0.0,-46.946294239560046,0.0,1.0,BTC,仓位样本不足，暂不影响权重
1423856,970,2026-08-03 20:16:54,30,0x76c2cd1b8a249f465f8445c455cb78e0eed36f1e,smart_money,P-G,44.985783435181006,0.65,39,26,13,0.46153846153846156,0.0433133674849476,1.433855926125118,-0.014216564818993365,265.4032122507123,14.076923076923077,20.0,5.330747294929195,-5.92112179622953,0.07692307692307693,0.9230769230769231,"XRP,ADA,ZEC,DOGE,BTC",高杠杆/短线赌徒型，长期单降权
1423939,970,2026-08-03 20:16:54,30,0x770493a14c49ea81192b5191a536f0530041311b,smart_money,P-A,91.17840036496176,1.15,302,284,18,0.7429577464788732,2.001891522473314,-4.981228753049168,1.5856790557203186,41.26837932303167,3.006622516556291,5.0,2.6828452398466367,-2.894629660791455,0.9966887417218543,0.0,"KAITO,PUMP,ETHFI,ZEC,FARTCOIN",仓位收益稳定，适合加权参考
1422885,970,2026-08-03 20:16:54,30,0x7717a7a245d9f950e586822b8c9b46863ed7bd7e,money_printer,P-B,70.97798545985557,1.0,1111,942,169,0.49150743099787686,-0.03172951482645174,1.239403924094659,0.16652067380497254,127.71431868186826,6.314131413141314,20.0,2.552455028705943,-2.4762458226261357,0.459045904590459,0.28802880288028804,"AZTEC,HYPE,BTC,kNEIRO,GRIFFAIN",仓位表现普通有效
1422886,970,2026-08-03 20:16:54,30,0x7725a7f2bb0e1c448d6fe361d53c840486ec6557,money_printer,P-G,48.29522488914112,0.65,9,0,9,,,3.2952248891411156,3.2952248891411164,866.66,13.333333333333334,40.0,16.818142042203828,-12.135143762318924,0.0,0.7777777777777778,"AAVE,ADA,ASTER,BTC,ETH",高杠杆/短线赌徒型，长期单降权
1422887,970,2026-08-03 20:16:54,30,0x77375a8c9d13bf79afb2a87f1b0ac1dfd5f5bf66,money_printer,P-G,47.07765654073499,0.65,34,30,4,0.4,2.770422461441981,-3.118087864567406,2.077656540734994,99.58066993464055,11.264705882352942,15.0,6.641939969637498,-3.2112884944201165,0.029411764705882353,0.8823529411764706,"ETH,BTC,ZEC,SOL,LIT",高杠杆/短线赌徒型，长期单降权
1422888,970,2026-08-03 20:16:54,30,0x774f28fc243d6aa8787506869643fb4698bd2133,money_printer,P-C,66.601565027557,0.75,9,4,5,0.25,2.028486495083012,11.806247020997471,7.390681077692993,363.83138888888885,4.444444444444445,10.0,19.584057739992918,-10.60215564720741,0.5555555555555556,0.1111111111111111,"LIT,CASHCAT,PURR,STBL,FARTCOIN",仓位收益偏弱，降权参考
1422889,970,2026-08-03 20:16:54,30,0x775a74163592917c12be68749a6906944467fe45,smart_money,P-N,50.0,1.0,1,0,1,,,22.136511619113143,22.136511619113143,866.66,10.0,10.0,29.088096919663386,0.0,0.0,1.0,BTC,仓位样本不足，暂不影响权重
1424072,970,2026-08-03 20:16:55,30,0x77640177b7623792e1939c4a2614698e69ec304a,smart_money,P-N,50.0,1.0,1,1,0,1.0,2.738935497417745,,2.738935497417745,66.0,10.0,10.0,4.327718294436758,-1.0277101976766105,0.0,1.0,HYPE,仓位样本不足，暂不影响权重
1424170,970,2026-08-03 20:16:55,30,0x77746ff04a7014752ab12d81d531aa5e50775343,smart_money,P-N,50.0,1.0,1,1,0,1.0,19.75521383644946,,19.75521383644946,746.6577777777778,10.0,10.0,19.75521383644946,-9.540825658257726,0.0,1.0,HYPE,仓位样本不足，暂不影响权重
1423396,970,2026-08-03 20:16:54,30,0x77998579f578c01030db65e75edc47bfe890c291,smart_money,P-B,95.4519659766178,1.0,13,11,2,0.9090909090909091,-0.09824438565081882,-0.5121072230666471,-0.16191559140710005,54.07880341880342,6.923076923076923,8.0,0.8662808253319203,-1.6231698037245377,0.0,0.0,"BTC,ETH",仓位表现普通有效
1422890,970,2026-08-03 20:16:54,30,0x77fee2df7bad4f1db93052fa82bf78eaab771a16,smart_money,P-B,67.57582831467597,1.0,11,5,6,0.6,1.2794473603981977,6.511226190853317,4.626405277001412,493.0315656565657,11.272727272727273,20.0,11.4613782734715,-11.506832953190495,0.2727272727272727,0.45454545454545453,"BTC,AERO,HBAR,HEMI,VVV",仓位表现普通有效
1423308,970,2026-08-03 20:16:54,30,0x780825f3f0ad6799e304fb843387934c1fa06e70,smart_money,P-G,44.148981205158414,0.65,19,14,5,0.5714285714285714,-1.52201409571813,4.251982737624739,-0.8510187948415856,178.83089181286556,16.842105263157894,40.0,6.190477366660074,-5.508244690398791,0.0,0.8947368421052632,"BTC,UNI,ETH,HYPE,PUMP",高杠杆/短线赌徒型，长期单降权
1424180,970,2026-08-03 20:16:55,30,0x781da72af1060132c4bce55ce91b1a8553271b6e,smart_money,P-G,42.54599738480153,0.65,7,7,0,0.42857142857142855,-2.454002615198466,,-2.454002615198466,84.78519841269842,23.571428571428573,40.0,2.563308225905574,-4.91790513690948,0.0,0.8571428571428571,"BTC,LIT",高杠杆/短线赌徒型，长期单降权
1422891,970,2026-08-03 20:16:54,30,0x781e95fdc049433565cf8e05265361b8402196b7,smart_money,P-G,50.076128509537654,0.65,6,1,5,1.0,7.4552901930788975,4.668402903564308,5.07612850953765,809.6618981481482,11.333333333333334,25.0,15.385065040118624,-13.59995120913454,0.16666666666666666,0.8333333333333334,"ETH,HYPE,NEAR,PAXG,ZEC",高杠杆/短线赌徒型，长期单降权
1424177,970,2026-08-03 20:16:55,30,0x782b3978d7148a1c6fbfae1bfd6e1079d15d8b2a,smart_money,P-G,46.91876487158944,0.65,5,5,0,1.0,1.918764871589436,,1.918764871589436,93.38755555555556,20.0,20.0,3.541707438334833,-0.5574568793008676,0.0,1.0,"BTC,ETH,XRP",高杠杆/短线赌徒型，长期单降权
1423406,970,2026-08-03 20:16:54,30,0x7894bb4cd20e08c2ec1895968dd0b3d97edca5f7,smart_money,P-R,25.0,-0.8,9,8,1,0.125,-3.4944897201608933,-4.14561999663253,-3.566837528657741,312.49830246913575,6.0,10.0,4.893479363538443,-5.542423435144086,0.0,0.1111111111111111,"HYPE,SOL,BTC,ETH,ZEC",仓位真实收益偏反向，可作为反向参考
1423344,970,2026-08-03 20:16:54,30,0x78aa6328eae8028a089c35d2819f79c78de2a7e5,smart_money,P-G,45.96421013693443,0.65,14,11,3,0.45454545454545453,0.08030100821547016,4.205210275570626,0.9642101369344319,125.76827380952385,13.214285714285714,30.0,4.75700085742971,-2.846669810434633,0.0,0.7142857142857143,"HYPE,SOL,LIT,PUMP,BTC",高杠杆/短线赌徒型，长期单降权
1423415,970,2026-08-03 20:16:54,30,0x78dce96236804d6958bf3c4598cf5efbc371629c,smart_money,P-G,45.02837633166373,0.65,129,128,1,0.53125,0.03210308339307599,-0.025384966145539048,0.02837633166372882,5.564237726098198,14.837209302325581,20.0,0.2745365525105698,-0.2332211862569719,0.24806201550387597,0.7054263565891473,BTC,高杠杆/短线赌徒型，长期单降权
1424086,970,2026-08-03 20:16:55,30,0x793660578d2628b0ec7e0e2b5c75a4847ae80706,smart_money,P-B,62.542130561780006,1.0,224,224,0,0.5669642857142857,0.04338670946142888,,0.04338670946142888,3.137403273809523,8.008928571428571,20.0,0.3021240872909176,-0.241189103502037,0.26339285714285715,0.36160714285714285,ETH,仓位表现普通有效
1424298,970,2026-08-03 20:16:55,30,0x79399dac99daa4a77d2bcd8ef6f5abf5966468e7,smart_money,P-N,50.0,1.0,1,1,0,1.0,9.966725562116885,,9.966725562116885,443.65694444444443,1.0,1.0,24.8665413770223,-20.538698577798407,1.0,0.0,ZEC,仓位样本不足，暂不影响权重
1424189,970,2026-08-03 20:16:55,30,0x7945772aa99d08bf90e91ff1e8e77d3c11c2a7e6,money_printer,P-N,50.0,1.0,1,1,0,1.0,0.770119572591586,,0.770119572591586,11.999166666666667,25.0,25.0,1.9732657734056995,-0.6503349728629569,0.0,1.0,ETH,仓位样本不足，暂不影响权重
1422892,970,2026-08-03 20:16:54,30,0x795cfd1b03eafc11c4ec958b8a94cfc9aa64a242,money_printer,P-N,50.0,1.0,1,0,1,,,-4.403164110111596,-5.451310710133375,866.66,10.0,10.0,27.273062562128324,-9.833575114245871,0.0,1.0,HYPE,仓位样本不足，暂不影响权重
1424306,970,2026-08-03 20:16:55,30,0x79ec68d35878cedf61a4363b40ec30b89698bcad,smart_money,P-N,50.0,1.0,1,1,0,0.0,-14.406593406593405,,-14.406593406593405,4.998055555555555,3.0,3.0,0.7934065934065939,-14.406593406593405,1.0,0.0,CASHCAT,仓位样本不足，暂不影响权重
1423431,970,2026-08-03 20:16:54,30,0x7a51ce9751493a2448c3ebc76667c6e7cf27900d,smart_money,P-G,44.325421609889815,0.65,16,15,1,0.2,-0.9630432258686759,3.6523941462671488,-0.6745783901101868,48.057864583333334,10.0,10.0,2.06721247495127,-2.2744643972289076,0.0,1.0,HYPE,高杠杆/短线赌徒型，长期单降权
1423385,970,2026-08-03 20:16:54,30,0x7a5a42bd6b1fd13368732be8a7b63e06064e0394,money_printer,P-G,45.08270174809328,0.65,15,14,1,0.5714285714285714,0.09056438228369888,-1.0308841866900165,0.08270174809327872,56.221722222222226,10.0,10.0,1.3210304360187801,-1.2702251822562973,0.0,1.0,SOL,高杠杆/短线赌徒型，长期单降权
1422893,970,2026-08-03 20:16:54,30,0x7a8862d9cfab25a31f6754199bde7945ec23de62,smart_money,P-C,63.11975603111727,0.75,17,2,15,0.5,-0.37984188463529955,-0.9540365522257245,-0.8864842383915572,721.6218300653595,7.647058823529412,10.0,13.423473882354685,-11.543883954439911,0.058823529411764705,0.47058823529411764,"ADA,APT,DOT,LIT,NEAR",仓位收益偏弱，降权参考
1422894,970,2026-08-03 20:16:54,30,0x7a9f3a323dbeefecded2432e00cc2e53bfdf9977,smart_money,P-G,35.0,0.65,3,0,3,,,-11.65327233220792,-11.105365843872661,866.66,16.666666666666668,20.0,3.872121794809859,-21.12838148928785,0.0,1.0,"BTC,HYPE,SOL",高杠杆/短线赌徒型，长期单降权
1424061,970,2026-08-03 20:16:55,30,0x7ab12f7a0925ef24927343d47199e75a91fc78aa,smart_money,P-B,60.19618287455155,1.0,222,222,0,0.5765765765765766,0.053046392230733166,,0.053046392230733166,1.0499912412412413,8.855855855855856,40.0,0.5296102573229993,-0.4144841171478344,0.0990990990990991,0.5135135135135135,"LIT,ZEC,FARTCOIN,HYPE,BTC",仓位表现普通有效
1422895,970,2026-08-03 20:16:54,30,0x7ac0db5dfa7d1dc7d1901b9ad50e8bb1813b140e,smart_money,P-N,50.0,1.0,1,0,1,,,77.31177113926539,77.31177113926539,866.66,3.0,3.0,78.49023679909558,0.0,1.0,0.0,MEGA,仓位样本不足，暂不影响权重
1423292,970,2026-08-03 20:16:54,30,0x7af0b7a51c6bbf3970a5d0c79fc958f3d5ec58b7,smart_money,P-G,44.604849432253395,0.65,35,31,4,0.25806451612903225,-0.48166621805206816,0.7594389645569886,-0.3951505677466043,139.43730158730156,23.428571428571427,40.0,2.488955226106274,-3.453209817829278,0.14285714285714285,0.6571428571428571,"BTC,CC,ETH,ALGO,LIT",高杠杆/短线赌徒型，长期单降权
1422896,970,2026-08-03 20:16:54,30,0x7b8529dfd37b7483faae2bfd3051a52b32e9a23b,smart_money,P-G,65.0,0.65,9,0,9,,,39.13375567441826,38.81542734931148,866.66,13.11111111111111,20.0,44.653761070761256,-5.3549992740301136,0.1111111111111111,0.7777777777777778,"BNB,BTC,DOGE,ETH,HYPE",高杠杆/短线赌徒型，长期单降权
1422897,970,2026-08-03 20:16:54,30,0x7c45b26c41c29330d042003cb312e73a3912024f,smart_money,P-C,49.771212547196626,0.75,3,0,3,,,38.629819638981104,38.629819638981104,866.66,5.0,5.0,45.0670807197998,0.0,0.0,0.0,"BTC,ETH,SOL",仓位收益偏弱，降权参考
1424344,970,2026-08-03 20:16:55,30,0x7c687e7f19758725aad931fb3a6fdc333690ff90,smart_money,P-N,50.0,1.0,2,2,0,0.5,-4.966632576798448,,-4.966632576798448,157.83208333333334,5.0,5.0,10.001854818159533,-12.174694799288273,0.0,0.0,ZEC,仓位样本不足，暂不影响权重
1422898,970,2026-08-03 20:16:54,30,0x7c7206eb666300e50411a9718d6b2b626297f9da,smart_money,P-N,50.0,1.0,1,0,1,,,44.12296564195298,44.12296564195298,866.66,20.0,20.0,53.41861820572983,0.0,0.0,1.0,ETH,仓位样本不足，暂不影响权重
1423490,970,2026-08-03 20:16:54,30,0x7c9063122c01837fe83da2521056e10c9b6dd129,money_printer,P-N,50.0,1.0,1,0,1,,,0.00615877317239022,0.00615877317239022,0.0,10.0,10.0,0.00615877317239022,0.0,0.0,1.0,WLD,仓位样本不足，暂不影响权重
1422899,970,2026-08-03 20:16:54,30,0x7c930969fcf3e5a5c78bcf2e1cefda3f53e3c8fd,money_printer,P-R,25.0,-0.8,195,111,84,0.35135135135135137,-1.2020238192377297,-0.4651151725170244,-0.4530926642920479,270.14242307692297,5.98974358974359,40.0,5.339330387769671,-5.877125484077429,0.2358974358974359,0.22564102564102564,"HYPE,DYDX,ZEC,APE,FIL",仓位真实收益偏反向，可作为反向参考
1422900,970,2026-08-03 20:16:54,30,0x7c976f00e84db0b44f945fc6d7fad34b43150a1a,smart_money,P-G,59.28675291719796,0.65,14,11,3,0.9090909090909091,21.35637613421675,-11.635198878537588,14.286752917197962,619.4331944444446,11.642857142857142,20.0,28.367320971728873,-4.896828038163539,0.07142857142857142,0.7857142857142857,"BTC,HYPE,NEAR,ADA,APT",高杠杆/短线赌徒型，长期单降权
1423453,970,2026-08-03 20:16:54,30,0x7ca165f354e3260e2f8d5a7508cc9dd2fa009235,money_printer,P-G,44.955907335404234,0.65,46,45,1,0.4666666666666667,-0.04547106734141823,0.02193686882535902,-0.04409266459576684,17.29964371980676,13.0,13.0,0.2309590144669455,-0.3091392134559196,0.0,1.0,BTC,高杠杆/短线赌徒型，长期单降权
1423345,970,2026-08-03 20:16:54,30,0x7d5c17cddaabc227c7d1a34ac7f6cdfda6985d48,smart_money,P-G,45.28703187039333,0.65,27,23,4,0.391304347826087,-0.03585856685964759,2.1092709420213427,0.28703187039332845,114.66566872427983,12.222222222222221,20.0,4.353942594023024,-2.56141535678098,0.0,0.7037037037037037,"SOL,ETH,LIT,WLFI,SUI",高杠杆/短线赌徒型，长期单降权
1422901,970,2026-08-03 20:16:54,30,0x7dacca323e44f168494c779bb5e7483c468ef410,money_printer,P-N,50.0,1.0,1,0,1,,,11.775384341089042,11.775384341089042,866.66,10.0,10.0,16.787013850056322,-17.458040569562293,0.0,1.0,HYPE,仓位样本不足，暂不影响权重
1424159,970,2026-08-03 20:16:55,30,0x7dbeb1e7eb118e20ef5b332096cdba0528034639,smart_money,P-C,66.28350767426794,0.75,32,32,0,0.40625,-0.07699616286602966,,-0.07699616286602966,3.459539930555555,3.0,3.0,0.19955495059379008,-0.2969080058835755,1.0,0.0,BTC,仓位收益偏弱，降权参考
1422902,970,2026-08-03 20:16:54,30,0x7dd6af227362f4115e060f39c00791ffcf4230d8,money_printer,P-G,65.0,0.65,8,0,8,,,51.13143472733888,51.13143472733888,866.66,11.875,20.0,55.5222687806611,-2.181731543776449,0.0,0.875,"AAVE,AVAX,HYPE,SOL,UNI",高杠杆/短线赌徒型，长期单降权
1423463,970,2026-08-03 20:16:54,30,0x7dd6f02fef939cea86f0243358255f6b57a6cf0d,smart_money,P-B,46.41130140026057,1.0,317,316,1,0.5284810126582279,-0.0010437959746421922,0.024276026249432255,-0.0009639227184148262,2.1791359971959343,13.299684542586752,40.0,0.16949906960709604,-0.14619055860608585,0.22397476340694006,0.42902208201892744,BTC,仓位表现普通有效
1422903,970,2026-08-03 20:16:54,30,0x7de07bb8a43c1953a019906cf2c8287dae478be9,money_printer,P-N,50.0,1.0,2,0,2,,,0.41718981605834315,0.41718981605834315,866.66,20.0,20.0,24.966347652045968,-22.271747321828883,0.0,1.0,"BTC,ETH",仓位样本不足，暂不影响权重
1422904,970,2026-08-03 20:16:54,30,0x7e09dfbba23d078e16f038b1ed4c558185c4be1e,smart_money,P-N,50.0,1.0,1,0,1,,,-3.1093856524672345,1.9566627291726282,866.66,10.0,10.0,15.438408688684671,-8.613290185000256,0.0,1.0,HYPE,仓位样本不足，暂不影响权重
1422905,970,2026-08-03 20:16:54,30,0x7e0dfa222d18639220e40ab4d2e98ebdefa44dab,smart_money,P-N,50.0,1.0,1,0,1,,,-18.20138879773171,-18.201388797731706,866.66,3.0,3.0,0.0,-31.809331285578637,1.0,0.0,ETH,仓位样本不足，暂不影响权重
1422906,970,2026-08-03 20:16:54,30,0x7e19c25679a5f4cc1351e80d428ebe6df929adb1,smart_money,P-C,35.243806794057235,0.75,10,5,5,0.4,-4.761564172094128,-2.9035674167966703,-3.878096602971381,333.2684722222222,10.3,40.0,8.881456890202628,-10.423500224049736,0.1,0.5,"AAVE,BTC,ZEC,SPX,LIT",仓位收益偏弱，降权参考
1424371,970,2026-08-03 20:16:55,30,0x7e4e766d0ae5ea9cded0c694669194db92800107,money_printer,P-N,50.0,1.0,1,1,0,1.0,1.125521215250506,,1.125521215250506,104.41083333333333,1.0,1.0,4.810728175489903,-1.2066594061725755,1.0,0.0,HYPE,仓位样本不足，暂不影响权重
1423346,970,2026-08-03 20:16:54,30,0x7e5198aecb7285e6c4419620685c3950816e780f,smart_money,P-B,71.76817718876342,1.0,19,14,5,0.5,0.6136806363415178,6.544912458790475,2.1745311159333487,270.77457602339183,6.842105263157895,20.0,13.196792376807029,-7.7859855368953035,0.2631578947368421,0.3684210526315789,"HYPE,UNI,XMR,ETH,KAITO",仓位表现普通有效
1422907,970,2026-08-03 20:16:54,30,0x7eaf2d4d87452f06bb6af45bf03c1913b415dfd6,smart_money,P-G,50.32546136854552,0.65,13,9,4,1.0,10.442363829381229,-7.159709375507587,5.325461368545515,282.00566239316237,17.0,40.0,9.638147187345893,-7.60451687582052,0.15384615384615385,0.8461538461538461,"BTC,PUMP,FARTCOIN,CASHCAT,AAVE",高杠杆/短线赌徒型，长期单降权
1423329,970,2026-08-03 20:16:54,30,0x7eb4d1f3b748890d7dfcd8eae09b087454fedce9,smart_money,P-C,51.63432165017937,0.75,14,11,3,0.45454545454545453,-2.3378994309541223,-4.933029977666163,-2.893998833820988,154.23632936507937,9.5,20.0,4.68909475274839,-5.39138626639333,0.07142857142857142,0.6428571428571429,"ONDO,HYPE,SUI,BTC,ETH",仓位收益偏弱，降权参考
1424141,970,2026-08-03 20:16:55,30,0x7eb9026d0183942458bd4660371c3cc0a2df3beb,money_printer,P-N,50.0,1.0,2,2,0,1.0,1.568106095514082,,1.568106095514082,404.33125,12.0,20.0,5.640794734119916,-2.5211731172872276,0.0,0.5,"BTC,ETH",仓位样本不足，暂不影响权重
1424199,970,2026-08-03 20:16:55,30,0x7f1e97d8eb3ddb8659cb59d611becc438f89b7a2,smart_money,P-N,50.0,1.0,1,1,0,1.0,0.3867267176826498,,0.3867267176826498,4.001666666666667,8.0,8.0,0.4907664718202744,0.0,0.0,0.0,SOL,仓位样本不足，暂不影响权重
1424304,970,2026-08-03 20:16:55,30,0x7f55a0b28ba031dc08c1fdf7336a74e399b840d1,money_printer,P-N,50.0,1.0,2,2,0,1.0,0.8755948878286595,,0.8755948878286595,9.998055555555556,40.0,40.0,0.9034052827362671,-0.24015323858465779,0.0,1.0,BTC,仓位样本不足，暂不影响权重
1422908,970,2026-08-03 20:16:54,30,0x7f70f12185d44067d45d1ebb21b497f311c7d67d,smart_money,P-N,50.0,1.0,1,0,1,,,18.10107028577734,18.10107028577734,866.66,20.0,20.0,25.41293631915096,0.0,0.0,1.0,BTC,仓位样本不足，暂不影响权重
1422909,970,2026-08-03 20:16:54,30,0x7fa02bda84034b71213871ef70627b4052d35a94,smart_money,P-C,31.10454588052996,0.75,3,0,3,,,14.396097436978046,14.396097436978046,800.0438888888889,10.0,20.0,26.240862168270667,-0.38528205392232356,0.0,0.3333333333333333,"MON,TAO,SOL",仓位收益偏弱，降权参考
1422910,970,2026-08-03 20:16:54,30,0x7fdafde5cfb5465924316eced2d3715494c517d1,money_printer,P-G,54.27673206794256,0.65,48,20,28,0.4,0.22223857625486215,15.377250267307023,9.276732067942561,489.61667824074084,10.791666666666666,20.0,18.097852903725695,-9.578431847993915,0.125,0.6041666666666666,"BTC,SOL,HYPE,NEAR,TAO",高杠杆/短线赌徒型，长期单降权
1422911,970,2026-08-03 20:16:54,30,0x7ff59a95c9e0b908adfc374139008ecb9a1d126b,smart_money,P-G,56.672518646376766,0.65,6,3,3,1.0,8.173138741358946,15.331340978013396,11.672518646376766,624.2153703703705,11.333333333333334,20.0,21.52642563412151,-0.9893985060859617,0.16666666666666666,0.6666666666666666,"DOGE,HYPE,TAO,SOL,TNSR",高杠杆/短线赌徒型，长期单降权
1422912,970,2026-08-03 20:16:54,30,0x807ddb66768050ee457165ad6d21cc1275a896ac,smart_money,P-G,58.08534658635113,0.65,5,0,5,,,13.626016941194127,13.085346586351127,786.7278333333333,13.0,20.0,19.869999854418413,-5.178395252305245,0.0,0.8,"BTC,HYPE,LINK,ZRO,ETH",高杠杆/短线赌徒型，长期单降权
1423475,970,2026-08-03 20:16:54,30,0x810ab853d951613a567792a675922c6498bce29f,smart_money,P-B,84.27011321552361,1.0,4,2,2,1.0,2.5081354670157374,0.7413778352282472,1.6247566511219922,169.73993055555556,13.25,25.0,5.210858898290994,-3.4666951471392693,0.25,0.5,"CASHCAT,PUMP,ETH,SOL",仓位表现普通有效
1424316,970,2026-08-03 20:16:55,30,0x810b41bd2294ea9b87efd8fd03040ff74a1e5130,smart_money,P-N,50.0,1.0,1,1,0,1.0,0.7802966812564818,,0.7802966812564818,142.98916666666668,4.0,4.0,1.7882810829936295,-6.312794391903352,0.0,0.0,HYPE,仓位样本不足，暂不影响权重
1423286,970,2026-08-03 20:16:54,30,0x811e8f6d80f38a2f0f8b606cb743a950638f0ad4,smart_money,P-G,46.817240781659194,0.65,11,10,1,0.9,1.2982923919000475,7.140699831729733,1.817240781659197,127.67136363636364,30.90909090909091,40.0,5.265422403078383,-2.092443293556546,0.0,0.8181818181818182,"BTC,MON,XPL",高杠杆/短线赌徒型，长期单降权
1423460,970,2026-08-03 20:16:54,30,0x8184405076b61ab78013f16393322eaf0d0a01a1,smart_money,P-B,74.17997251604378,1.0,3633,3621,12,0.5164319248826291,0.015421992879990734,-0.12225476265781349,0.014868887129873396,2.8015133651405413,3.0,3.0,0.39767617519735654,-0.3711622333312732,1.0,0.0,"PENDLE,LDO,BERA,AAVE,APE",仓位表现普通有效
1422913,970,2026-08-03 20:16:54,30,0x81d4163289cf61a0eaaac4862cb88ef0f4215c29,smart_money,P-N,50.0,1.0,1,0,1,,,7.643754626842522,7.627818587890813,866.66,10.0,10.0,12.493613060216832,-1.9665872409600513,0.0,1.0,BTC,仓位样本不足，暂不影响权重
1422914,970,2026-08-03 20:16:54,30,0x81dd236893b50383256aee3ccd6ded98fdd155b6,smart_money,P-C,52.78151250383644,0.75,6,0,6,,,38.88191175434792,38.88191175434792,819.2143981481481,3.6666666666666665,5.0,41.10865593349122,-0.6948029070291454,0.6666666666666666,0.0,"MNT,PAXG,SEI,TRUMP,WLFI",仓位收益偏弱，降权参考
1424073,970,2026-08-03 20:16:55,30,0x81f6b887657b679d9e23153ffcd703e111010240,smart_money,P-N,50.0,1.0,1,1,0,1.0,5.981826371345196,,5.981826371345196,27.99972222222222,5.0,5.0,5.981826371345195,0.0,0.0,0.0,HYPE,仓位样本不足，暂不影响权重
1423347,970,2026-08-03 20:16:54,30,0x82063340e28d0e4327a152563eda08094df98663,smart_money,P-G,50.87738981687211,0.65,3,2,1,0.5,8.593660758872426,0.380633421455929,5.877389816872111,133.01342592592593,20.0,20.0,9.176324828279688,-0.38481030486308265,0.0,1.0,BTC,高杠杆/短线赌徒型，长期单降权
1424233,970,2026-08-03 20:16:55,30,0x825714bae8bd60162bb14a04bb2183d00b3d00c9,smart_money,P-N,50.0,1.0,1,1,0,0.0,-9.258897869910689,,-9.258897869910689,655.9527777777778,3.0,3.0,3.3827748397561668,-16.84796487118436,1.0,0.0,HYPE,仓位样本不足，暂不影响权重
1424326,970,2026-08-03 20:16:55,30,0x825f23921dcff36944d8b0b0ca23ac7d05fb86cb,smart_money,P-N,50.0,1.0,2,2,0,1.0,45.181248277661226,,45.181248277661226,368.6613888888889,6.5,10.0,47.92508781195545,-0.4880518958939007,0.5,0.5,"MEGA,XPL",仓位样本不足，暂不影响权重
1423476,970,2026-08-03 20:16:54,30,0x82b409e6c2e617929cf22bd7e4b08564c207abc1,smart_money,P-B,58.872837116705945,1.0,265,264,1,0.5189393939393939,-0.02879916450611426,0.0910186052737275,-0.02834702197864316,2.68702935010482,8.403773584905661,20.0,0.2402236940877642,-0.23797441417954138,0.2792452830188679,0.36981132075471695,ETH,仓位表现普通有效
1424314,970,2026-08-03 20:16:55,30,0x82c6503af0d94c782f69caf3fb64568608b8fe42,smart_money,P-N,50.0,1.0,1,1,0,1.0,9.91015084870176,,9.91015084870176,403.6563888888889,5.0,5.0,9.91015084870176,-11.320196427656926,0.0,0.0,ETH,仓位样本不足，暂不影响权重
1422915,970,2026-08-03 20:16:54,30,0x8328446602cb4c3b2b4a25beca6488e947b6f54a,smart_money,P-N,50.0,1.0,1,0,1,,,-7.7778546473416625,-7.7778546473416625,866.66,5.0,5.0,10.123990772779697,-13.39965397923875,0.0,0.0,ETH,仓位样本不足，暂不影响权重
1422916,970,2026-08-03 20:16:54,30,0x833b99b27dac651d02080f5e220e929df891db06,money_printer,P-N,50.0,1.0,2,0,2,,,-3.059383488850713,-4.306103992975595,866.66,22.5,40.0,13.061419439836108,-7.001294298292118,0.0,0.5,"BTC,XMR",仓位样本不足，暂不影响权重
1423398,970,2026-08-03 20:16:54,30,0x8372aa26b7130d1b8a4ad205c1f2ec9a97ab2477,smart_money,P-G,44.44532116166879,0.65,13,12,1,0.16666666666666666,-0.5179506563640555,-1.0033323101168659,-0.554678838331214,62.255833333333335,13.0,13.0,0.8538608276615236,-1.4384559716468897,0.0,1.0,BTC,高杠杆/短线赌徒型，长期单降权
1422917,970,2026-08-03 20:16:54,30,0x837381dd3eda5c672e77f1c076dbb04fb98accba,smart_money,P-B,100.0,1.0,4,1,3,1.0,36.343383335808696,17.161583505759236,23.68037993000477,678.8688194444444,6.25,10.0,29.296366977551585,-2.0794174491124857,0.0,0.25,"NEAR,XMR,ZRO,DYDX",仓位表现普通有效
1422918,970,2026-08-03 20:16:54,30,0x837686cfda8a79adfb8465d39240c54166bf9a1e,smart_money,P-G,59.51234336454614,0.65,6,0,6,,,14.512343364546139,14.51234336454614,798.2170370370371,13.833333333333334,20.0,25.5372741069849,-2.344280479648651,0.16666666666666666,0.8333333333333334,"BNB,BTC,ETH,PAXG,SOL",高杠杆/短线赌徒型，长期单降权
1424102,970,2026-08-03 20:16:55,30,0x839eeee12aa7fa673b1c03fafcf0688b5c9a7375,smart_money,P-G,43.91399806541268,0.65,17,17,0,0.17647058823529413,-1.08600193458732,,-1.08600193458732,52.59776143790849,16.058823529411764,40.0,2.0801354472079323,-3.020443890658587,0.058823529411764705,0.9411764705882353,"PUMP,BTC,ETH,SOL,ZEC",高杠杆/短线赌徒型，长期单降权
1424217,970,2026-08-03 20:16:55,30,0x83b00972aafcc3d06d45b1b823079f9a414da46e,smart_money,P-G,44.96582924614381,0.65,7,7,0,0.42857142857142855,-0.034170753856191026,,-0.034170753856191026,70.90654761904761,26.428571428571427,40.0,2.1214428410434243,-2.6144174398086077,0.0,1.0,"BTC,HYPE,SOL,ETH",高杠杆/短线赌徒型，长期单降权
1424172,970,2026-08-03 20:16:55,30,0x83b1385d8126ecf64bfb3b4254d67eb9db753bcc,smart_money,P-G,42.03289305736895,0.65,4,4,0,0.25,-2.96710694263105,,-2.96710694263105,123.55645833333334,16.25,40.0,5.586377855255121,-4.563960581461983,0.0,0.75,"ENA,BTC,kBONK",高杠杆/短线赌徒型，长期单降权
1423441,970,2026-08-03 20:16:54,30,0x8434b7844fd17fad52f0aceae50a834cd4896577,smart_money,P-A,68.96093061250168,1.15,34,33,1,0.6666666666666666,1.2050363399829702,-0.8490254533849659,1.1471319729175167,9.836993464052284,6.470588235294118,10.0,2.6904536300631934,-1.4601161610657483,0.35294117647058826,0.5,"SOL,CASHCAT,BTC,LIT,VVV",仓位收益稳定，适合加权参考
1423331,970,2026-08-03 20:16:54,30,0x843f31e5cd9a6572d235a05cb78ec5ac2ffcc24f,smart_money,P-C,67.23481287319905,0.75,11,9,2,0.7777777777777778,-6.196946356224346,-4.853989436473487,-5.948142847777456,147.3788888888889,9.818181818181818,25.0,5.437597142801814,-9.945190897652084,0.09090909090909091,0.6363636363636364,"BTC,HYPE,ETHFI,CASHCAT,XPL",仓位收益偏弱，降权参考
1422919,970,2026-08-03 20:16:54,30,0x844b6ab0079fb36e6a99cba877574acd8f1e7f42,money_printer,P-C,34.9815791624065,0.75,11,2,9,0.0,-5.3628182474473505,6.673666661098077,4.238371609957579,520.6393434343436,8.727272727272727,25.0,12.774084100649139,-11.989821710081355,0.18181818181818182,0.5454545454545454,"ETH,HYPE,PURR,LIT,ZEC",仓位收益偏弱，降权参考
1423323,970,2026-08-03 20:16:54,30,0x8477e447846c758f5a675856001ea72298fd9cb5,smart_money,P-G,50.05317270946956,0.65,5,4,1,1.0,6.000209673591542,1.707222175485826,5.053172709469558,203.6691111111111,12.0,20.0,5.9005822616413965,-2.6750837814678867,0.0,0.6,"ETH,PUMP,WLD,ZEC",高杠杆/短线赌徒型，长期单降权
1423477,970,2026-08-03 20:16:54,30,0x847bd1ef4fede0fe191129894d63044843f4d473,smart_money,P-B,78.20631116990232,1.0,301,300,1,0.5733333333333334,0.03652498331182461,0.025669410084870458,0.036488918284492536,2.394637320044298,2.9833887043189367,3.0,0.247809958709281,-0.20053987441235652,1.0,0.0,ETH,仓位表现普通有效
1424266,970,2026-08-03 20:16:55,30,0x84803dc3df988d5493d9be2ee75e36f0043ee272,smart_money,P-N,50.0,1.0,1,1,0,1.0,1.3177036277046996,,1.3177036277046996,142.01583333333335,5.0,5.0,1.4647106564782628,-3.8505122276158827,0.0,0.0,BTC,仓位样本不足，暂不影响权重
1422920,970,2026-08-03 20:16:54,30,0x8482694d9bbf434bf2801f49be04dee5bc459d07,smart_money,P-C,50.85714285714286,0.75,35,0,35,,,18.596896480283863,18.596896480283863,866.66,8.342857142857143,40.0,27.478138851429467,-8.207943627448708,0.2571428571428571,0.45714285714285713,"AAVE,ADA,AIXBT,APE,AVAX",仓位收益偏弱，降权参考
1422921,970,2026-08-03 20:16:54,30,0x848721233eee7906395c00fa45b0fd90427e1601,smart_money,P-N,50.0,1.0,1,0,1,,,15.293788242100776,15.293788242100776,866.66,10.0,10.0,22.856286002810556,0.0,0.0,1.0,BTC,仓位样本不足，暂不影响权重
1423348,970,2026-08-03 20:16:54,30,0x85085800b0b90fe8a220047ec947227ea07bd73d,smart_money,P-C,63.94116821789821,0.75,3,2,1,0.5,-1.838763407653885,-0.5675396786398569,-1.4150221646492092,221.4778703703704,3.6666666666666665,5.0,18.88232160180387,-5.703830654592092,0.6666666666666666,0.0,"LIT,XPL",仓位收益偏弱，降权参考
1422922,970,2026-08-03 20:16:54,30,0x85101bbcbbf09cd50d299f662448c3ae509592ee,smart_money,P-C,57.771212547196626,0.75,30,0,30,,,13.361244526944096,13.361244526944096,866.66,4.266666666666667,10.0,33.30859708525847,-10.59588307733124,0.6,0.1,"AAVE,ADA,AERO,ALGO,BCH",仓位收益偏弱，降权参考
1424399,970,2026-08-03 20:16:55,30,0x8554501f855388039f2bc86110462adfbbde46dc,money_printer,P-N,50.0,1.0,1,1,0,1.0,3.8037181640400326,,3.8037181640400326,72.49305555555556,30.0,30.0,4.1420847644245775,-1.7592151320438447,0.0,1.0,BTC,仓位样本不足，暂不影响权重
1423403,970,2026-08-03 20:16:54,30,0x855b77fc563bb5a2c062b9ad3bdf7984883ee8b8,smart_money,P-N,50.0,1.0,1,0,1,,,2.96846713063942,2.96846713063942,72.9975,5.0,5.0,3.3184329853222514,-2.8806919108703117,0.0,0.0,HYPE,仓位样本不足，暂不影响权重
1422923,970,2026-08-03 20:16:54,30,0x856c35038594767646266bc7fd68dc26480e910d,money_printer,P-C,52.727428254851624,0.75,29,1,28,0.0,-26.08835432849648,22.608953161919732,19.718273820943843,833.5968007662835,7.137931034482759,20.0,34.54941880362785,-17.093434549593198,0.3103448275862069,0.3448275862068966,"XRP,APT,ASTER,BERA,BNB",仓位收益偏弱，降权参考
1424083,970,2026-08-03 20:16:55,30,0x85b3c124a704ae638622a1e99310f22eee7279c6,smart_money,P-N,50.0,1.0,2,2,0,0.0,-8.708901021248963,,-8.708901021248963,778.1584722222223,20.0,20.0,9.461392793598934,-12.390038611868428,0.0,1.0,"BTC,ETH",仓位样本不足，暂不影响权重
1422924,970,2026-08-03 20:16:54,30,0x85d9ba5e2910c080893a828976cd7ca040ceb5a5,smart_money,P-N,50.0,1.0,1,0,1,,,-3.7134733308211487,-3.7134733308211487,866.66,3.0,3.0,9.663937514987486,-15.739440238429655,1.0,0.0,SKY,仓位样本不足，暂不影响权重
1422925,970,2026-08-03 20:16:54,30,0x85ed1f02990eebe097154ef7e76dd43dd59d4a44,smart_money,P-G,43.39751408358888,0.65,4,1,3,0.0,-5.169753086419752,1.3586127858226131,-1.602485916411117,623.2868055555556,23.75,40.0,5.50005960220056,-7.315458633223148,0.0,1.0,"BTC,ETH,SOL,HYPE",高杠杆/短线赌徒型，长期单降权
1422926,970,2026-08-03 20:16:54,30,0x8607a7d180de23645db594d90621d837749408d5,money_printer,P-C,53.043008884850764,0.75,28,0,28,,,24.775939695667176,25.202059843924285,857.3145238095238,7.285714285714286,29.0,49.78982582076473,-24.018521799216863,0.35714285714285715,0.32142857142857145,"AIXBT,AVAX,BERA,BTC,DOGE",仓位收益偏弱，降权参考
1424393,970,2026-08-03 20:16:55,30,0x860b15d380b19ca3d37ea7c3af0e2bb26b420c27,smart_money,P-N,50.0,1.0,1,1,0,0.0,-0.9997565913287124,,-0.9997565913287124,125.5175,5.0,5.0,0.11339282003786824,-14.017325127552585,0.0,0.0,TRUMP,仓位样本不足，暂不影响权重
1424336,970,2026-08-03 20:16:55,30,0x866d4903b256ce7e7caac46a91e83128bb0fd6e1,smart_money,P-N,50.0,1.0,2,2,0,0.0,-0.7574738429451726,,-0.7574738429451726,36.99611111111111,12.5,20.0,2.656275556981079,-1.7570523457974168,0.0,0.5,"DYDX,ETH",仓位样本不足，暂不影响权重
1422927,970,2026-08-03 20:16:54,30,0x872d3fb74cb230faf1746b4e66971551a010ba6d,smart_money,P-C,7.10454588052996,0.75,3,0,3,,,-37.12209112200168,-37.12209112200168,866.66,5.333333333333333,10.0,33.619307070190594,-114.2660741197567,0.6666666666666666,0.3333333333333333,"AVAX,GRASS,HYPE",仓位收益偏弱，降权参考
1422928,970,2026-08-03 20:16:54,30,0x878d292fbebaf102eaf9d7e10b50a876e696f74b,smart_money,P-N,50.0,1.0,1,0,1,,,48.990979388475665,48.990979388475665,866.66,2.0,2.0,57.47679361735799,0.0,1.0,0.0,ETH,仓位样本不足，暂不影响权重
1422929,970,2026-08-03 20:16:54,30,0x87e8b39e166388f9fe6e57c291afc441c9e3a515,smart_money,P-G,49.83390628704777,0.65,9,7,2,0.42857142857142855,-0.169795934286551,22.346864061717888,4.833906287047771,125.99567901234566,11.11111111111111,20.0,7.604435913238131,-0.7703175425855053,0.0,1.0,"HYPE,BTC,ZEC",高杠杆/短线赌徒型，长期单降权
1423289,970,2026-08-03 20:16:54,30,0x87f36777f22548787af3a2ad3605e3d48288b928,smart_money,P-N,50.0,1.0,2,0,2,,,4.8494198364721735,4.8494198364721735,549.915,17.5,25.0,11.36017894149792,-4.769764302596228,0.0,1.0,"ETH,HYPE",仓位样本不足，暂不影响权重
1423376,970,2026-08-03 20:16:54,30,0x881cd92459f09622680e711458b22c5335fba65b,smart_money,P-G,44.96574174390886,0.65,50,46,4,0.4782608695652174,-0.026828937181192048,-0.01093211229386263,-0.034258256091141664,67.24604444444445,10.12,13.0,2.3279624260197322,-2.39862313879706,0.0,1.0,"AVAX,BCH,kBONK,BTC",高杠杆/短线赌徒型，长期单降权
1422930,970,2026-08-03 20:16:54,30,0x88250cf2f6402e856bc85fc65095e4a48bb12cb7,smart_money,P-C,65.4119610354205,0.75,41,8,33,0.5,6.592119794935286,-4.0537605010013325,-1.647678018875111,668.4952574525745,6.585365853658536,20.0,12.983950881385212,-13.826620432418752,0.36585365853658536,0.4146341463414634,"ATOM,ADA,ALT,BIO,BRETT",仓位收益偏弱，降权参考
1424354,970,2026-08-03 20:16:55,30,0x8838d88514dc65fcdc24b63eb608636d406020a5,smart_money,P-N,50.0,1.0,1,1,0,1.0,0.5109668239060737,,0.5109668239060737,42.006388888888885,10.0,10.0,1.0813210462177885,-1.7190005865240527,0.0,1.0,HYPE,仓位样本不足，暂不影响权重
1422931,970,2026-08-03 20:16:54,30,0x88696c4985f64ea1ebfb9e46c1b47197f7a244ab,smart_money,P-N,50.0,1.0,1,0,1,,,-56.56619448290553,-54.512558972732315,866.66,3.0,3.0,0.0,-63.21626371285547,1.0,0.0,NIL,仓位样本不足，暂不影响权重
1422932,970,2026-08-03 20:16:54,30,0x888e000c78b8f1aada5b3c99f880794907b76d77,money_printer,P-A,98.84210526315789,1.15,57,5,52,0.6,13.03264984198313,48.64827666532662,44.538946079822125,767.1355019493183,5.43859649122807,40.0,50.18687927841426,-4.501573232114522,0.5263157894736842,0.15789473684210525,"LIT,AERO,ANIME,APE,APEX",仓位收益稳定，适合加权参考
1422933,970,2026-08-03 20:16:54,30,0x88965659f799fcb2f70937c31180b0acb7106ac5,smart_money,P-N,50.0,1.0,1,0,1,,,-0.9048126200424186,-0.9048126200424186,866.66,10.0,10.0,31.930600689987898,-6.5339486787369,0.0,1.0,HYPE,仓位样本不足，暂不影响权重
1423316,970,2026-08-03 20:16:54,30,0x88aad701c39aa2acd2cc170bc7c90750cfd36da1,smart_money,P-C,54.91425595539643,0.75,6,2,4,0.5,0.07648631989774268,2.438129848596608,-0.766961607553344,253.72379629629629,9.666666666666666,20.0,11.905040794634006,-5.9300802141802125,0.16666666666666666,0.6666666666666666,"UNI,AAVE,AERO,PENDLE,ETH",仓位收益偏弱，降权参考
1424270,970,2026-08-03 20:16:55,30,0x88af2eae66a36804865127b23dc25a25ed3c542d,smart_money,P-N,50.0,1.0,1,1,0,0.0,-21.252392622517167,,-21.252392622517167,535.6716666666666,3.0,3.0,0.0,-27.507113408048312,1.0,0.0,GOAT,仓位样本不足，暂不影响权重
1424114,970,2026-08-03 20:16:55,30,0x88b2448328f4335ad2a8cac06485c378ebe66fe3,smart_money,P-G,45.84062018827607,0.65,3,3,0,1.0,0.8406201882760701,,0.8406201882760701,75.99546296296296,20.0,20.0,3.221701309787561,-0.36115154705986185,0.0,1.0,"BTC,SOL",高杠杆/短线赌徒型，长期单降权
1422934,970,2026-08-03 20:16:54,30,0x891140a93bef082312952b48479a853e90952fc2,smart_money,P-R,25.0,-0.8,6,0,6,,,-38.90305099370865,-38.89423976847853,866.66,6.0,10.0,3.9087672962453115,-59.790198437391986,0.3333333333333333,0.3333333333333333,"HYPE,LIT,OP,PNUT,UNI",仓位真实收益偏反向，可作为反向参考
1422935,970,2026-08-03 20:16:54,30,0x89132efe9fa560caf50d505273502c975e4805ab,smart_money,P-R,25.0,-0.8,6,0,6,,,-26.24016053617817,-26.7007537318255,866.66,10.5,20.0,10.122603650696506,-36.677881400898684,0.16666666666666666,0.5,"ENA,ETH,HYPE,PENDLE,SOL",仓位真实收益偏反向，可作为反向参考
1422936,970,2026-08-03 20:16:54,30,0x89b7815978abc23590616e9da57ddd78e53b1a77,smart_money,P-S,100.0,1.25,45,10,35,0.9,22.846971372739148,5.434664690465209,9.304066175414974,741.3834444444444,4.555555555555555,10.0,19.447099170618934,-11.411826790169052,0.5555555555555556,0.13333333333333333,"AAVE,AR,ARB,AXS,BANANA",仓位收益、持仓周期、杠杆结构适合长期参考
1423270,970,2026-08-03 20:16:54,30,0x89bdfd6caab017d28d9296c2513e687db99b3df2,smart_money,P-G,45.89528552279667,0.65,27,22,5,0.3181818181818182,0.46072578223964306,3.3658906180489323,0.8952855227966664,198.215195473251,30.40740740740741,40.0,3.4323776910384476,-2.7963055531033367,0.07407407407407407,0.7777777777777778,"BTC,ETH,AERO,TAO,GRAM",高杠杆/短线赌徒型，长期单降权
1424287,970,2026-08-03 20:16:55,30,0x89dd177683e6ba51c24bfb6d93e3b1b1ae57251d,smart_money,P-N,50.0,1.0,1,1,0,1.0,19.070783194871098,,19.070783194871098,481.66083333333336,3.0,3.0,27.07746651129126,0.0,1.0,0.0,BTC,仓位样本不足，暂不影响权重
1422937,970,2026-08-03 20:16:54,30,0x8a11b23296ca85afcd2ecf92b745b0d6274280d9,smart_money,P-N,50.0,1.0,1,0,1,,,-0.4960196298311353,-0.49601962983113523,866.66,5.0,5.0,15.889004851943552,-2.450120465875419,0.0,0.0,XMR,仓位样本不足，暂不影响权重
1422938,970,2026-08-03 20:16:54,30,0x8a3cf3c4b300be69429cce5beb2ef14d7200b6b7,money_printer,P-N,50.0,1.0,1,0,1,,,3.6439073990151885,5.79495014073168,866.66,10.0,10.0,48.09656547986414,0.0,0.0,1.0,HYPE,仓位样本不足，暂不影响权重
1422939,970,2026-08-03 20:16:54,30,0x8a5cd8bd74ab3f205ddcb3b73b2f66deadc6827f,money_printer,P-R,25.0,-0.8,6,0,6,,,-4.401838725283418,-4.406571701482657,595.4405555555555,4.833333333333333,10.0,16.21889883722312,-24.74137445416609,0.5,0.16666666666666666,"APEX,HYPE,XMR,ZRO,CASHCAT",仓位真实收益偏反向，可作为反向参考
1422940,970,2026-08-03 20:16:54,30,0x8aa077f5998d234ac8641d73d6bc4976e2a210fc,smart_money,P-B,94.36890566385095,1.0,18,6,12,0.8333333333333334,10.225839294938476,-0.7765597725410558,2.1303125286311584,632.2706172839506,8.5,20.0,10.880515430660871,-17.799502909400946,0.3333333333333333,0.3888888888888889,"LIT,BTC,ETH,HYPE,JTO",仓位表现普通有效
1422941,970,2026-08-03 20:16:54,30,0x8ac033322b353c7e7b0373d42d9fd73ff32a7ef6,smart_money,P-C,75.94239834517066,0.75,22,17,5,0.47058823529411764,0.030210297718374874,4.015886727658815,1.2884975331801873,185.92025252525258,4.318181818181818,5.0,4.815160015822654,-4.018472225912245,0.0,0.0,"DASH,HYPE,SUI,TRUMP,TAO",仓位收益偏弱，降权参考
1422942,970,2026-08-03 20:16:54,30,0x8af700ba841f30e0a3fcb0ee4c4a9d223e1efa05,money_printer,P-G,65.0,0.65,21,2,19,1.0,84.2146173174653,47.82518218595025,51.03974985096294,822.8503703703702,10.761904761904763,40.0,61.10944838026132,-5.6684298380438936,0.09523809523809523,0.6666666666666666,"AAVE,ADA,AVAX,BTC,CRV",高杠杆/短线赌徒型，长期单降权
1424338,970,2026-08-03 20:16:55,30,0x8afacaa08de7189d84db9d87b9c21c2f1ac28113,smart_money,P-N,50.0,1.0,1,1,0,1.0,0.2184135655008043,,0.2184135655008043,115.00333333333333,10.0,10.0,0.6839812975350377,-3.2435714883993585,0.0,1.0,BTC,仓位样本不足，暂不影响权重
1424118,970,2026-08-03 20:16:55,30,0x8b2fd6b5c661d2e1fbb6d9df162f2b5f3b1d3d11,smart_money,P-N,50.0,1.0,1,1,0,1.0,3.0389211989518765,,3.0389211989518765,818.6588888888889,10.0,10.0,6.5851281395794725,-11.313820731402215,0.0,1.0,BTC,仓位样本不足，暂不影响权重
1424226,970,2026-08-03 20:16:55,30,0x8b3515d1410aaddbf7458c831afdcf6b7ec72990,smart_money,P-N,50.0,1.0,1,1,0,0.0,-0.03155327386536656,,-0.03155327386536656,11.704444444444444,2.0,2.0,0.17141102829560592,-0.5875731268441671,1.0,0.0,HYPE,仓位样本不足，暂不影响权重
1422943,970,2026-08-03 20:16:54,30,0x8b9da005316ecfd7022ccca9b6231281e5c47b28,smart_money,P-G,46.0872619480156,0.65,199,157,42,0.5987261146496815,0.25245800745750835,5.224421162684606,1.087261948015603,168.47037967615861,10.055276381909549,40.0,4.653680913067593,-4.02956999849965,0.11055276381909548,0.7185929648241206,"ARB,DOT,FARTCOIN,GRASS,XRP",高杠杆/短线赌徒型，长期单降权
1424155,970,2026-08-03 20:16:55,30,0x8bae3527e5a33fa0cf184f37bc112d071463ab6d,money_printer,P-A,99.80415705956872,1.15,6,6,0,0.6666666666666666,8.177988944532816,,8.177988944532816,68.57439814814815,3.0,3.0,12.434057576121079,-1.5086702792530735,1.0,0.0,"MINA,AIXBT,SAGA,POLYX,GMT",仓位收益稳定，适合加权参考
1422944,970,2026-08-03 20:16:54,30,0x8bcf7a888c66f635ac4a2caf42a8dd12a3b20b14,money_printer,P-G,44.077690299546354,0.65,7,4,3,0.5,2.801896544997718,-5.887918027722132,-0.9223097004536459,249.2361904761905,15.428571428571429,20.0,2.8313090154227747,-10.191881736056084,0.14285714285714285,0.7142857142857143,"ETH,BTC,HYPE,ZEC",高杠杆/短线赌徒型，长期单降权
1424209,970,2026-08-03 20:16:55,30,0x8bd095444e47297c6355738aaef9d088c144dd87,smart_money,P-N,50.0,1.0,1,1,0,1.0,43.09045447488253,,43.09045447488253,694.6586111111111,1.0,1.0,50.316199437010766,0.0,1.0,0.0,VIRTUAL,仓位样本不足，暂不影响权重
1423424,970,2026-08-03 20:16:54,30,0x8c96e5a2d770f9f2c9d2464ce4e741df0b2bca57,smart_money,P-G,45.82870818732665,0.65,14,13,1,0.8461538461538461,0.8524570495992964,0.5199729777822524,0.8287081873266503,42.16829365079365,10.357142857142858,20.0,1.4083796460048439,-0.8436754113990386,0.0,0.7857142857142857,BTC,高杠杆/短线赌徒型，长期单降权
1422945,970,2026-08-03 20:16:54,30,0x8cc94dc843e1ea7a19805e0cca43001123512b6a,money_printer,P-C,76.76937012535038,0.75,154,27,127,0.5555555555555556,3.803780156255225,-2.0048837900895187,-0.5013178233276987,691.680523088025,5.175324675324675,40.0,16.225513874994846,-18.871166987391565,0.4805194805194805,0.15584415584415584,"VIRTUAL,STABLE,TIA,CELO,IMX",仓位收益偏弱，降权参考
1424219,970,2026-08-03 20:16:55,30,0x8ccee825f44c99fbdaa79464d5eb8beed9313da2,smart_money,P-N,50.0,1.0,1,1,0,1.0,18.58584470893854,,18.58584470893854,680.6575,7.0,7.0,27.394497246125216,0.0,0.0,0.0,BTC,仓位样本不足，暂不影响权重
1424330,970,2026-08-03 20:16:55,30,0x8cda7bcea7bac1545481f42a219fde1a016b57c2,smart_money,P-N,50.0,1.0,2,2,0,1.0,40.82305633943386,,40.82305633943386,281.2573611111111,12.5,20.0,46.06230641385638,0.0,0.0,0.5,"ETH,ATOM",仓位样本不足，暂不影响权重
1423335,970,2026-08-03 20:16:54,30,0x8cf051405995581de2cbbdc9a3e9951325607e18,smart_money,P-N,50.0,1.0,2,1,1,0.0,-8.641912143643655,8.25636271700657,-0.5723406549082282,398.8229166666667,10.0,10.0,8.311839841396802,-12.543343667070813,0.0,1.0,HYPE,仓位样本不足，暂不影响权重
1422946,970,2026-08-03 20:16:54,30,0x8d56d30d58d1a2709befccea6642252bab6ed51e,smart_money,P-B,81.68309699099488,1.0,29,4,25,0.5,-0.6549258787167336,6.208414020811611,5.288179195657839,704.2583333333334,5.689655172413793,20.0,20.352005915522916,-14.314168375998102,0.5172413793103449,0.27586206896551724,"AXS,CHIP,SAGA,ALT,APE",仓位表现普通有效
1422947,970,2026-08-03 20:16:54,30,0x8dae4b174dba18b3825b530d22c3141aefc93dfe,smart_money,P-N,50.0,1.0,1,0,1,,,0.19456685405460902,0.19456685405460902,866.66,6.0,6.0,22.823981247807243,-5.512589351906933,0.0,0.0,HYPE,仓位样本不足，暂不影响权重
1422948,970,2026-08-03 20:16:54,30,0x8e096995c3e4a3f0bc5b3ea1cba94de2aa4d70c9,money_printer,P-N,50.0,1.0,2,0,2,,,12.78846792927467,12.78846792927467,866.66,20.0,20.0,24.17341355781568,0.0,0.0,1.0,"BTC,ETH",仓位样本不足，暂不影响权重
1423464,970,2026-08-03 20:16:54,30,0x8e80c4b533dd977cf716b5c24fd9223129272804,money_printer,P-G,45.039971030911026,0.65,202,201,1,0.5621890547263682,0.04005016311433552,0.024065458045887236,0.03997103091102636,2.984078657865788,9.653465346534654,10.0,0.2860095904855745,-0.2276574052436011,0.0049504950495049506,0.9257425742574258,"BTC,ETH,SOL",高杠杆/短线赌徒型，长期单降权
1422949,970,2026-08-03 20:16:54,30,0x8eb3f4d468a9763ee66ceb63a0c64b7044c2aa2d,smart_money,P-N,50.0,1.0,1,0,1,,,13.505047794423833,15.599440261539618,866.66,20.0,20.0,27.894269295899772,0.0,0.0,1.0,ETH,仓位样本不足，暂不影响权重
1422950,970,2026-08-03 20:16:54,30,0x8ecec0c9367490d2044aaff4030ad0becc33218b,smart_money,P-C,0.0,0.75,4,0,4,,,-8.208977686553876,-6.095233720987073,866.66,15.75,40.0,3.285360767825641,-22.88751715770679,0.0,0.5,"BTC,HYPE,PUMP,SOL",仓位收益偏弱，降权参考
1422951,970,2026-08-03 20:16:54,30,0x8f25818ff64be1abee91abca70c306b33b602062,smart_money,P-G,49.834013235671605,0.65,3,1,2,1.0,3.5724986453319785,5.899036613135243,4.8340132356716055,550.1014814814814,11.666666666666666,15.0,8.966799717157613,-8.833284854431055,0.0,1.0,"HYPE,BTC",高杠杆/短线赌徒型，长期单降权
1423349,970,2026-08-03 20:16:54,30,0x8f61bda42be4f511531164930d4545a10dd53acb,smart_money,P-A,83.82061499499616,1.15,7,6,1,0.6666666666666666,1.6485883030659487,6.068857930258529,2.2800553926648885,410.04452380952387,3.142857142857143,10.0,10.489729982355684,-9.698390149180241,0.8571428571428571,0.14285714285714285,"HYPE,ONDO,BTC,ETH,SOL",仓位收益稳定，适合加权参考
1423461,970,2026-08-03 20:16:54,30,0x8f63c88fccae90c1f9eb8b447f830bce7b71dd74,smart_money,P-G,45.07062198755016,0.65,677,674,3,0.6008902077151336,0.07095015249004706,-0.01281308460115254,0.07062198755015876,2.8026850484162154,20.0,20.0,0.2953731469076141,-0.21171346166082075,0.0,1.0,"BTC,SOL,ETH",高杠杆/短线赌徒型，长期单降权
1422952,970,2026-08-03 20:16:54,30,0x8fb5c6f3c336033deeedbb54ad95e96453c9eaa4,smart_money,P-B,77.73699376989734,1.0,446,413,33,0.5375302663438256,0.39709516707697023,5.240458911448655,0.5796012400448173,85.87352516193324,4.573991031390134,10.0,3.580710371907245,-2.89452446559857,0.594170403587444,0.15246636771300448,"SKR,BLUR,MINA,NOT,XAI",仓位表现普通有效
1422953,970,2026-08-03 20:16:54,30,0x8fbb1aad00013c4e32bb033337b7cb792ab2fc4e,smart_money,P-N,50.0,1.0,2,0,2,,,12.981698929973463,11.932555129764062,677.82875,10.0,10.0,16.027552373543195,-3.3605305579639326,0.0,1.0,"HYPE,ETH",仓位样本不足，暂不影响权重
1422954,970,2026-08-03 20:16:54,30,0x8fc7c0442e582bca195978c5a4fdec2e7c5bb0f7,smart_money,P-N,50.0,1.0,2,0,2,,,-2.9296132423734518,-2.9296132423734518,866.66,21.5,40.0,3.917755692933721,-11.069446442421297,0.5,0.5,"ASTER,BTC",仓位样本不足，暂不影响权重
1422955,970,2026-08-03 20:16:54,30,0x8feb3a7d8bf1e424679fc75753b363eba5ee8185,money_printer,P-S,92.90286125183917,1.25,19,14,5,0.6428571428571429,5.87877490628123,2.95854822280322,5.110294200102807,198.30625730994151,5.0,20.0,15.428272944168961,-9.527332156546086,0.5263157894736842,0.10526315789473684,"CASHCAT,ZRO,PURR,GRASS,HYPE",仓位收益、持仓周期、杠杆结构适合长期参考
1423421,970,2026-08-03 20:16:54,30,0x9031a11765816d5f57fdfd7f0ce4b8f375a0bacc,smart_money,P-N,50.0,1.0,1,0,1,,,3.61628575453345,3.61628575453345,25.00111111111111,6.0,6.0,3.96845339394425,-0.3279584063933768,0.0,0.0,HYPE,仓位样本不足，暂不影响权重
1422956,970,2026-08-03 20:16:54,30,0x90326fa293578c6c9ef945aaab0b57f886aca6ec,money_printer,P-N,50.0,1.0,1,0,1,,,-12.601678232749627,-10.156419587043597,866.66,10.0,10.0,11.164545156114329,-17.992997230200082,0.0,1.0,HYPE,仓位样本不足，暂不影响权重
1423454,970,2026-08-03 20:16:54,30,0x9075c8f93cd30c1015e6fbe9718f0bf2dca4e2f0,smart_money,P-A,79.6368601886431,1.15,8,7,1,0.7142857142857143,1.2928022006620237,-0.6257741297395157,1.0529801593618309,29.962222222222223,5.0,10.0,2.5051611407136423,-1.917438119233343,0.25,0.125,"PUMP,HYPE,SOL,ZEC,BTC",仓位收益稳定，适合加权参考
1424324,970,2026-08-03 20:16:55,30,0x90882e7c28ddf0ac1177033a310aeed8eff25e90,money_printer,P-N,50.0,1.0,1,1,0,1.0,15.533531532677259,,15.533531532677259,375.6638888888889,25.0,25.0,26.09778072837633,0.0,0.0,1.0,ETH,仓位样本不足，暂不影响权重
1422957,970,2026-08-03 20:16:54,30,0x909eb3d5ff0ac0df12c81f8495860cfccf1e7ea9,smart_money,P-G,44.85425286246426,0.65,10,6,4,0.3333333333333333,-0.13562762612516588,-1.975473649248709,-0.14574713753574456,362.8578333333333,19.0,40.0,5.948984976369646,-5.72500038408897,0.0,0.8,"ETH,BTC,XMR,ONDO,SOL",高杠杆/短线赌徒型，长期单降权
1422958,970,2026-08-03 20:16:54,30,0x90dbb196cacf24bd212b377a0dd62eaad5e8151b,money_printer,P-N,50.0,1.0,1,0,1,,,-1.2610948959397168,5.3481643482534444,866.66,10.0,10.0,35.398352443961976,-6.869992217927064,0.0,1.0,HYPE,仓位样本不足，暂不影响权重
1424292,970,2026-08-03 20:16:55,30,0x912f6ba145f003477d44922dfd1a0a1bfe015b27,smart_money,P-N,50.0,1.0,1,1,0,1.0,11.595785007108292,,11.595785007108292,459.65777777777777,10.0,10.0,12.764643613267463,0.0,0.0,1.0,PAXG,仓位样本不足，暂不影响权重
1423350,970,2026-08-03 20:16:54,30,0x913b6bfaffcc18db65dc9a6bdde6cd5365e0ef92,smart_money,P-G,46.04087482774378,0.65,8,7,1,0.8571428571428571,1.5010683406979997,-2.1804797629357586,1.0408748277437798,70.93486111111112,11.25,20.0,2.378217993436213,-4.166752467602966,0.0,1.0,"ZEC,UNI,SOL,ADA",高杠杆/短线赌徒型，长期单降权
1422959,970,2026-08-03 20:16:54,30,0x913df0b299f74ced052c5332a19a1fe72a343ad6,smart_money,P-N,50.0,1.0,1,0,1,,,-79.59627421414359,-79.59627421414358,866.66,5.0,5.0,0.0,-139.10590378022746,0.0,0.0,HYPE,仓位样本不足，暂不影响权重
1423332,970,2026-08-03 20:16:54,30,0x9149f8a6afa68db53e9e96697202b8508bab29d0,smart_money,P-A,97.1653227331395,1.15,15,13,2,0.9230769230769231,2.333064391573094,-3.45607281823235,1.561179430265701,229.8655925925926,8.0,25.0,3.807809927144853,-8.778009164414744,0.26666666666666666,0.4666666666666667,"HYPE,ETH,KAITO,KAS,kSHIB",仓位收益稳定，适合加权参考
1423478,970,2026-08-03 20:16:54,30,0x91853bcefbdc3447768413e6db7d6e0a81c4be56,smart_money,P-B,61.9785207235238,1.0,183,182,1,0.5604395604395604,0.034770565833900535,0.0910186052737275,0.03507793216963728,3.5127534911961114,5.907103825136612,10.0,0.2806986113906998,-0.28715309065395506,0.29508196721311475,0.366120218579235,ETH,仓位表现普通有效
1422960,970,2026-08-03 20:16:54,30,0x91a9cadcd7e36cbe8ff604cb634307d7b7643f70,money_printer,P-N,50.0,1.0,2,0,2,,,3.656316531508166,3.6563165315081667,866.66,15.0,20.0,15.24526156601225,-12.13723596240285,0.0,1.0,"ETH,HYPE",仓位样本不足，暂不影响权重
1423351,970,2026-08-03 20:16:54,30,0x91fc8c24de2ce3150ad489fb8b7e9b9aa3edaaf2,smart_money,P-N,50.0,1.0,1,0,1,,,1.6285947206285112,1.6285947206285112,210.7072222222222,20.0,20.0,3.724439554139837,-0.8293997716145511,0.0,1.0,BTC,仓位样本不足，暂不影响权重
1424281,970,2026-08-03 20:16:55,30,0x920abbd8a5f5d39e87ed802d73e5aa902dc71d89,smart_money,P-C,48.82333113300311,0.75,10,10,0,0.7,-1.5883344334984488,,-1.5883344334984488,15.989083333333332,10.1,20.0,2.909619030026195,-3.0443908748685926,0.2,0.5,"BTC,CASHCAT,GRAM,HYPE,JTO",仓位收益偏弱，降权参考
1422961,970,2026-08-03 20:16:54,30,0x9221a960277fe388b899f58117aa9bd298463002,smart_money,P-N,50.0,1.0,2,0,2,,,-8.717556131691016,-8.717556131691016,647.8306944444444,7.5,10.0,12.413742308515985,-36.548200634734314,0.0,0.5,"HYPE,KAITO",仓位样本不足，暂不影响权重
1424349,970,2026-08-03 20:16:55,30,0x9237794d8e5c6eb247b20f2e5edd9ad5f530d8ec,smart_money,P-N,50.0,1.0,1,1,0,1.0,5.213660578130074,,5.213660578130074,264.94416666666666,20.0,20.0,12.450061820196916,-2.5027404482065414,0.0,1.0,SOL,仓位样本不足，暂不影响权重
1424190,970,2026-08-03 20:16:55,30,0x926fa6d5a99ca62b5839bc40bb4a4a5c72387725,smart_money,P-N,50.0,1.0,1,1,0,1.0,0.35136778747446556,,0.35136778747446556,24.99861111111111,20.0,20.0,2.570806326699276,-1.291120686518596,0.0,1.0,ETH,仓位样本不足，暂不影响权重
1424321,970,2026-08-03 20:16:55,30,0x92c7d53dc3bac14722b281e74a3feba8f7ba040e,smart_money,P-C,69.77221980587417,0.75,121,121,0,0.45454545454545453,-0.02298100615382523,,-0.02298100615382523,1.7605716253443524,1.0,1.0,0.1569889523591315,-0.16305948337208254,1.0,0.0,BTC,仓位收益偏弱，降权参考
1422962,970,2026-08-03 20:16:54,30,0x9321d8117e73b0c79035f0e87debcfd8dbb1d75a,money_printer,P-G,37.320011200254456,0.65,8,2,6,0.0,-9.922012045077246,-7.193328107579752,-7.679988799745544,704.0941666666668,17.5,40.0,5.494923570164306,-17.31347612295019,0.0,0.875,"HYPE,BTC,SOL,XRP,ZEC",高杠杆/短线赌徒型，长期单降权
1422963,970,2026-08-03 20:16:54,30,0x932bdd2d5e21475e62d2fea8158fc5974507cb1a,smart_money,P-C,13.771212547196626,0.75,3,1,2,0.0,-22.484548558585825,-16.007770827691925,-19.454100571366443,765.4649074074074,5.0,7.0,9.494144803892617,-22.64201324552411,0.3333333333333333,0.0,"AERO,NEAR,DOGE",仓位收益偏弱，降权参考
1424251,970,2026-08-03 20:16:55,30,0x935729ae51eef975ccdeb481d513c75986227bfd,smart_money,P-R,25.0,-0.8,6,6,0,0.0,-2.8788012363661495,,-2.8788012363661495,34.96657407407407,5.666666666666667,10.0,0.5045878848473854,-2.922103556835419,0.16666666666666666,0.16666666666666666,"ARB,ETH,SOL,XPL",仓位真实收益偏反向，可作为反向参考
1422964,970,2026-08-03 20:16:54,30,0x936cf4fb95c30ce83f658b5bbb247e4bb381bb0f,money_printer,P-B,68.41863320089743,1.0,144,125,19,0.488,0.03578566284551241,0.6692108926188349,0.22653882267093867,95.87088927469132,6.840277777777778,20.0,3.1421673609708463,-3.7675140307152524,0.3472222222222222,0.4097222222222222,"CC,GRASS,VVV,LIT,FARTCOIN",仓位表现普通有效
1422965,970,2026-08-03 20:16:54,30,0x9391199d0dd197bd019d40ef624d26aca59440f3,smart_money,P-N,50.0,1.0,1,0,1,,,51.32597662922459,51.32597662922459,866.66,10.0,10.0,55.561363720555,0.0,0.0,1.0,BNB,仓位样本不足，暂不影响权重
1424097,970,2026-08-03 20:16:55,30,0x9392e49e3f1b146fbe1bfa8fd26660a3b6c46e96,smart_money,P-N,50.0,1.0,1,1,0,1.0,1.5528284424013976,,1.5528284424013976,21.0,25.0,25.0,1.6024009217824629,-0.6431040488759078,0.0,1.0,ETH,仓位样本不足，暂不影响权重
1422966,970,2026-08-03 20:16:54,30,0x939f95036d2e7b6d7419ec072bf9d967352204d2,money_printer,P-N,50.0,1.0,2,0,2,,,1.6730636027578614,1.1328603881218147,866.66,22.5,40.0,8.930962707927026,-16.791733965957885,0.0,0.5,"BTC,HYPE",仓位样本不足，暂不影响权重
1422967,970,2026-08-03 20:16:54,30,0x940587add074ff0c4dd973b46018af4a73a81f36,smart_money,P-C,50.360819548759444,0.75,23,19,4,0.42105263157894735,-1.3233471851237304,2.488834837912816,-0.8215932501018327,202.67062801932366,10.217391304347826,40.0,3.651910945404673,-5.2413484081923345,0.43478260869565216,0.30434782608695654,"HMSTR,BTC,kBONK,AERO,ETH",仓位收益偏弱，降权参考
1422968,970,2026-08-03 20:16:54,30,0x944b5f7d8eece040aae1895c7fed03202aedf123,money_printer,P-G,47.40897308971398,0.65,3,0,3,,,2.2800853549490374,2.408973089713981,866.66,28.333333333333332,40.0,12.635669614500964,-5.9305413898301005,0.0,1.0,"BTC,ETH,SOL",高杠杆/短线赌徒型，长期单降权
1424183,970,2026-08-03 20:16:55,30,0x9471f70f2518846f7a076636d64e5a22787da105,smart_money,P-G,35.0,0.65,3,3,0,0.0,-23.837321063424824,,-23.837321063424824,730.9916666666667,10.0,10.0,3.8310085218351766,-28.995214670792254,0.0,1.0,"HYPE,NEAR,ZEC",高杠杆/短线赌徒型，长期单降权
1423311,970,2026-08-03 20:16:54,30,0x94b60c2a5db13689bb06a73657ac1216424de5b3,smart_money,P-G,49.1370843591813,0.65,3,0,3,,,4.137084359181299,4.137084359181299,375.3250925925925,25.0,40.0,6.1292785910255985,-4.977170157936291,0.0,1.0,"BTC,ETH,ENA",高杠杆/短线赌徒型，长期单降权
1422969,970,2026-08-03 20:16:54,30,0x94dac1facdc4afd2614c3119447187b4143bc449,money_printer,P-C,83.24089556317196,0.75,61,48,13,0.4791666666666667,0.24444679025260893,1.1910535003931328,-0.150385551747355,411.0328506375228,3.0,3.0,9.64153317583138,-11.100454367125131,1.0,0.0,"KAITO,HYPE,CRV,DASH,WLFI",仓位收益偏弱，降权参考
1422970,970,2026-08-03 20:16:54,30,0x95276ba037c30f90c6dfdc83f72af9fd6cecc293,smart_money,P-G,45.16820194341526,0.65,159,156,3,0.5384615384615384,0.06748779133732626,5.35668915474134,0.16820194341526293,15.251427323549983,29.748427672955973,30.0,0.7795581660365035,-0.5965799614796471,0.0,1.0,"BTC,DOGE,SUI",高杠杆/短线赌徒型，长期单降权
1424221,970,2026-08-03 20:16:55,30,0x953c5152e2f8b5ed9d92976cad478a837749182a,smart_money,P-N,50.0,1.0,1,1,0,1.0,1.0204420003233265,,1.0204420003233265,677.6611111111112,20.0,20.0,25.541673634170238,0.0,0.0,1.0,ETH,仓位样本不足，暂不影响权重
1422971,970,2026-08-03 20:16:54,30,0x95748e52b4a70542c99035d092adc8d53f5d11f8,smart_money,P-G,54.240586310439646,0.65,10,0,10,,,11.86131711284725,9.240586310439648,866.6600000000001,12.0,30.0,27.4834905004357,-18.90315696189337,0.2,0.6,"AERO,AVAX,BTC,CC,ETH",高杠杆/短线赌徒型，长期单降权
1423370,970,2026-08-03 20:16:54,30,0x957dc4212c332bf45fb31e0f1a77436d7ca81d8f,smart_money,P-N,50.0,1.0,1,0,1,,,5.895930696455029,5.895930696455029,157.00194444444443,5.0,5.0,8.68574033967856,-0.860265054638456,0.0,0.0,LDO,仓位样本不足，暂不影响权重
1423394,970,2026-08-03 20:16:54,30,0x95995f302ad58138d791ce49f9f3b1274e80c60a,money_printer,P-G,45.04892473406066,0.65,62,59,3,0.4915254237288136,0.07683672312773428,-0.6011245476342529,0.048924734060664166,39.08238351254478,20.0,20.0,1.0034523584234685,-1.1218493274855101,0.0,1.0,"BTC,ETH,SOL",高杠杆/短线赌徒型，长期单降权
1422972,970,2026-08-03 20:16:54,30,0x95b5653dfd12b0bc13c08297869621c9650aa6bb,smart_money,P-G,45.022761340525925,0.65,55,50,5,0.42,-0.060728509470398734,1.490794681766037,0.02276134052592695,109.64081313131311,24.363636363636363,40.0,3.0346749622130313,-3.215603611419242,0.09090909090909091,0.6909090909090909,"BTC,FIL,kSHIB,ACE,HEMI",高杠杆/短线赌徒型，长期单降权
1424089,970,2026-08-03 20:16:55,30,0x95c7603944bfed303c4c93349cd61f6818931f91,smart_money,P-G,45.78716453759757,0.65,4,4,0,0.5,0.7871645375975705,,0.7871645375975705,55.13,10.0,10.0,6.796331473374652,-3.4878204180873813,0.0,1.0,"kBONK,ENA",高杠杆/短线赌徒型，长期单降权
1423282,970,2026-08-03 20:16:54,30,0x95da8596c44dd09f4b8becce87ad3b7894fb2328,smart_money,P-A,99.66012593065254,1.15,46,42,4,0.8571428571428571,2.285057551041855,-3.730983296720533,1.8300629653262686,52.120193236715,4.195652173913044,5.0,3.3765496003752844,-2.87646202222312,0.2391304347826087,0.0,"HYPE,LIT,CASHCAT,ETH,JTO",仓位收益稳定，适合加权参考
1422973,970,2026-08-03 20:16:54,30,0x95fde6cf0d305078b7eeac44182a931c169dd947,money_printer,P-B,100.0,1.0,4,3,1,1.0,19.002250261822436,2.8655304998441165,15.200776671002505,359.58361111111105,8.25,20.0,20.39037627582816,-3.2133436580860275,0.25,0.25,"ZEC,ETH,LIT",仓位表现普通有效
1424139,970,2026-08-03 20:16:55,30,0x960bb18454cd67b5a3edb4fa802b7c0b5b10e2ee,money_printer,P-G,44.81503425609642,0.65,7,7,0,0.2857142857142857,-0.18496574390357948,,-0.18496574390357948,1.1436904761904763,10.428571428571429,11.0,0.13863994520958053,-0.3265745940264497,0.0,1.0,"BTC,SOL,ETH",高杠杆/短线赌徒型，长期单降权
1423261,970,2026-08-03 20:16:54,30,0x962bdd83c3943fe08b62101fd9f9a8b923a0b475,smart_money,P-C,22.656233427285084,0.75,4,3,1,0.0,-6.156232605509007,7.739964844537933,-2.682183242997271,387.27333333333337,4.75,10.0,10.256981190081827,-9.535152626122308,0.75,0.25,"ETH,MET,PUMP,DYDX",仓位收益偏弱，降权参考
1423283,970,2026-08-03 20:16:54,30,0x9690bcfc1639abff887c8fb62b48ab787b2dba3f,smart_money,P-B,67.8435587747329,1.0,778,760,18,0.5355263157894737,0.22160041142310133,-1.4227373041414335,0.19121180517188513,23.28230434161672,4.5,10.0,1.895446582802054,-1.8636743270974152,0.2532133676092545,0.0012853470437017994,"KAITO,LIT,SYRUP,ZRO,ZEC",仓位表现普通有效
1422974,970,2026-08-03 20:16:54,30,0x96a7923964dbfc5010079619e8af33ce240f79df,smart_money,P-N,50.0,1.0,2,0,2,,,-4.111059505554725,-4.111059505554725,866.66,15.0,20.0,17.522978097518408,-8.913587143725172,0.0,1.0,"HYPE,SOL",仓位样本不足，暂不影响权重
1424098,970,2026-08-03 20:16:55,30,0x96c5ecf6996df7f1851b72a86e2852e77bee4c72,smart_money,P-N,50.0,1.0,2,2,0,0.0,-0.6192804674633733,,-0.6192804674633733,10.999861111111112,30.0,40.0,0.3369354518674542,-0.6563655777915725,0.0,1.0,"XRP,BTC",仓位样本不足，暂不影响权重
1423265,970,2026-08-03 20:16:54,30,0x96c9487af21d18ac5f4c841af44a011968445709,smart_money,P-N,50.0,1.0,2,0,2,,,0.19928374636246926,0.30508670136859095,499.515,4.0,5.0,6.571108826974362,-2.5578275992678012,0.5,0.0,"BTC,ETH",仓位样本不足，暂不影响权重
1424382,970,2026-08-03 20:16:55,30,0x96cc8a4240b60d4aa5cf47b6af45d0d2d3e9e5a3,smart_money,P-N,50.0,1.0,1,1,0,1.0,2.3617560783248006,,2.3617560783248006,188.8325,20.0,20.0,8.598870820408242,-0.4194724520743336,0.0,1.0,BTC,仓位样本不足，暂不影响权重
1423298,970,2026-08-03 20:16:54,30,0x96f0bee3ad9b71b0ae67de7bd4f6ce8f342dd6bf,smart_money,P-G,35.67466701123459,0.65,7,4,3,0.75,2.12538128164358,-24.232935459896424,-9.325332988765414,343.83896825396823,17.571428571428573,40.0,8.179936898428373,-16.78961851743212,0.14285714285714285,0.5714285714285714,"BTC,LIT,HYPE,CASHCAT,SOL",高杠杆/短线赌徒型，长期单降权
1422975,970,2026-08-03 20:16:54,30,0x972b0f9cde1266e860e546ac92e783741769400f,money_printer,P-G,58.23766662807286,0.65,6,0,6,,,13.011876090899944,13.23766662807286,804.7163888888889,13.333333333333334,20.0,18.481909295697527,-9.633267260541645,0.16666666666666666,0.8333333333333334,"BTC,ETH,HYPE,PAXG,SOL",高杠杆/短线赌徒型，长期单降权
1423427,970,2026-08-03 20:16:54,30,0x97991003fd631e2923f40cab2a4fdc35e60dc807,smart_money,P-B,52.514412998617246,1.0,73,72,1,0.6111111111111112,0.12046724363171278,0.0,0.11489295288548357,10.340026636225266,10.013698630136986,20.0,0.5093732565936078,-0.38375812260816644,0.4520547945205479,0.4246575342465753,ETH,仓位表现普通有效
1424080,970,2026-08-03 20:16:55,30,0x97b1419998d4c804336c6c22519d28277bacebd7,smart_money,P-R,25.0,-0.8,7,7,0,0.2857142857142857,-0.6936529042648331,,-0.6936529042648331,51.858492063492065,9.285714285714286,10.0,1.4921159817803138,-2.3975975480219347,0.0,0.8571428571428571,"HYPE,LDO",仓位真实收益偏反向，可作为反向参考
1422976,970,2026-08-03 20:16:54,30,0x97be9c7904f9c772a3efbf9e10286b91ba8a773e,smart_money,P-G,48.039096942858805,0.65,11,8,3,0.625,2.11264050415948,8.502949622921529,3.039096942858805,201.63121212121212,15.545454545454545,40.0,9.703084182340227,-2.093528000361088,0.18181818181818182,0.6363636363636364,"SOL,CASHCAT,BTC,ETH,UNI",高杠杆/短线赌徒型，长期单降权
1424245,970,2026-08-03 20:16:55,30,0x98256d1a9e3012398237a1720c27a3d7ed1ad905,money_printer,P-C,31.022126109317856,0.75,3,3,0,0.3333333333333333,-2.3745432189393845,,-2.3745432189393845,56.43305555555556,8.333333333333334,10.0,2.8790286609668496,-3.2067888920624608,0.0,0.6666666666666666,"HYPE,PUMP",仓位收益偏弱，降权参考
1422977,970,2026-08-03 20:16:54,30,0x984e16e759ac515784f90dd88443260e482c63c1,smart_money,P-B,78.47265132808934,1.0,444,328,116,0.5121951219512195,-0.2556855597031085,2.747326072621651,0.48967657593216457,227.84428553553568,4.70045045045045,12.0,5.974902336126796,-6.010274156336133,0.3738738738738739,0.018018018018018018,"HYPE,WLD,SPX,SOL,SUI",仓位表现普通有效
1423262,970,2026-08-03 20:16:54,30,0x984f6a8aa8584dde8f1fa9b240b09f4df3ac25e5,smart_money,P-N,50.0,1.0,1,0,1,,,-3.340618423182775,-3.3406184231827756,797.1027777777778,20.0,20.0,0.0,-7.996600291403594,0.0,1.0,BTC,仓位样本不足，暂不影响权重
1422978,970,2026-08-03 20:16:54,30,0x985f02b19dbc062e565c981aac5614baf2cf501f,money_printer,P-C,47.87575842772659,0.75,9,0,9,,,17.118509596245637,19.14013522038727,821.8092901234568,5.777777777777778,10.0,36.02363135994729,-26.989292795238594,0.4444444444444444,0.3333333333333333,"APT,EIGEN,HYPE,LIT,PURR",仓位收益偏弱，降权参考
1424259,970,2026-08-03 20:16:55,30,0x987163b6b482c30c2f5f3aa2760109668eb0091d,money_printer,P-N,50.0,1.0,2,2,0,0.5,3.147371984398041,,3.147371984398041,414.70972222222224,25.0,40.0,10.60915295650852,-2.7205802118679596,0.0,1.0,"BTC,HYPE",仓位样本不足，暂不影响权重
1423293,970,2026-08-03 20:16:54,30,0x98785f2a43fe32f972476b86ed5a5cfaf5240f00,smart_money,P-G,42.93272806107275,0.65,5,4,1,0.75,1.0405321402941254,-15.815123165128037,-2.06727193892725,313.8831666666667,16.0,20.0,4.539648731055893,-5.494265518079962,0.0,1.0,"BTC,HYPE",高杠杆/短线赌徒型，长期单降权
1422979,970,2026-08-03 20:16:54,30,0x9878b73eba4475a8ca8bb9be119c3f85df988e9d,smart_money,P-B,59.912794425376966,1.0,49,45,4,0.5111111111111111,0.6669860050463459,2.2688635590423347,0.740977711554701,112.73207482993196,15.183673469387756,40.0,3.327964938497182,-3.7580345275832068,0.5714285714285714,0.3673469387755102,"HMSTR,BTC,AERO,ETH,TAO",仓位表现普通有效
1424092,970,2026-08-03 20:16:55,30,0x9887ac3b69538d77caa7f88c0688b740fb05a11f,smart_money,P-B,78.65445110851158,1.0,67,67,0,0.5671641791044776,0.47647928559907327,,0.47647928559907327,3.8341873963515742,3.0,3.0,1.692972970158096,-1.1057426001775472,1.0,0.0,"LIT,ZEC,PUMP,WLD,BLUR",仓位表现普通有效
1424380,970,2026-08-03 20:16:55,30,0x988caf2d1aa1ffc52c666f67d9a3e13a72ba6e04,smart_money,P-C,42.15439155025691,0.75,3,3,0,0.3333333333333333,-0.4750771651365227,,-0.4750771651365227,22.019722222222224,5.0,5.0,2.284544308236397,-4.740817131753951,0.0,0.0,"LIT,HYPE",仓位收益偏弱，降权参考
1423413,970,2026-08-03 20:16:54,30,0x99223bf50978618ce3dedc9d05a29717a23a9882,smart_money,P-G,45.72431945593221,0.65,20,17,3,0.7647058823529411,0.9210994880614051,-0.3907673927998707,0.7243194559322137,41.37966666666667,12.25,20.0,2.20930505640996,-1.9395873105808694,0.0,0.75,"LINK,BTC,SPX",高杠杆/短线赌徒型，长期单降权
1423288,970,2026-08-03 20:16:54,30,0x995a826fc3dd9cf4f26948dd187a08129ecc37e4,smart_money,P-G,50.106952337250185,0.65,7,4,3,1.0,7.638586733249429,1.4412661847739592,5.106952337250185,294.61126984126986,15.714285714285714,20.0,8.165865454972709,-3.167376958466725,0.0,1.0,"CRV,ETH,SOL",高杠杆/短线赌徒型，长期单降权
1423392,970,2026-08-03 20:16:54,30,0x996a189d8111a11e33ce2d37af415da0d608cdae,smart_money,P-B,83.58934696922853,1.0,9,8,1,0.875,2.1104821378655023,-0.7977086661652217,1.787349826306533,84.73716049382716,9.222222222222221,10.0,3.370881806673041,-1.6154733838804458,0.1111111111111111,0.8888888888888888,"BTC,ETH,SUI,AAVE,UNI",仓位表现普通有效
1424391,970,2026-08-03 20:16:55,30,0x9970d443386312f7839f3adbe2d607b024ac20c6,smart_money,P-B,74.39753391302244,1.0,110,110,0,0.4909090909090909,0.5624033201475859,,0.5624033201475859,159.8593282828284,5.027272727272727,20.0,9.655545149092395,-8.192614419024208,0.509090909090909,0.15454545454545454,"2Z,ADA,AIXBT,ALGO,ALT",仓位表现普通有效
1423391,970,2026-08-03 20:16:54,30,0x999510ad3dd8c94a6659d6401d983137565283e3,smart_money,P-G,47.34297395837166,0.65,3,2,1,1.0,2.830127604224158,1.368666666666665,2.3429739583716604,38.00268518518518,16.666666666666668,20.0,3.7285597744024668,-0.12512071677723796,0.0,1.0,"SOL,BTC,HYPE",高杠杆/短线赌徒型，长期单降权
1423287,970,2026-08-03 20:16:54,30,0x99967871e6c4f9a5185abc57edede9e9540191f6,money_printer,P-N,50.0,1.0,2,1,1,0.0,-17.57930991520153,12.611753569074954,-2.48377817306329,380.45902777777775,3.0,3.0,9.688705193772886,-15.989213887255481,1.0,0.0,LIT,仓位样本不足，暂不影响权重
1422980,970,2026-08-03 20:16:54,30,0x999da2f91628addf7a5df3194084eddd694066f2,money_printer,P-N,50.0,1.0,1,0,1,,,5.938668242374049,5.938668242374049,866.66,5.0,5.0,14.33638307371982,0.0,0.0,0.0,BTC,仓位样本不足，暂不影响权重
1422981,970,2026-08-03 20:16:54,30,0x99b1098d9d50aa076f78bd26ab22e6abd3710729,money_printer,P-N,50.0,1.0,1,0,1,,,-34.48044985349125,-34.48044985349125,866.66,10.0,10.0,0.0,-79.04084950364914,0.0,1.0,HYPE,仓位样本不足，暂不影响权重
1424296,970,2026-08-03 20:16:55,30,0x99df385a3cb3a44d79532f2fa698c248c31909b2,smart_money,P-N,50.0,1.0,1,1,0,1.0,2.969672131147545,,2.969672131147545,444.6563888888889,3.0,3.0,2.969672131147545,-18.799180327868854,1.0,0.0,HYPE,仓位样本不足，暂不影响权重
1422982,970,2026-08-03 20:16:54,30,0x9a0825ca6c4c577a1202a8fae3b8f044c1d5711d,smart_money,P-G,46.62467020346134,0.65,9,7,2,1.0,2.487012772945095,-1.574448048521361,1.6246702034613447,186.0359259259259,20.0,20.0,3.0083663044837756,-2.776704035541185,0.0,1.0,"ETH,BTC",高杠杆/短线赌徒型，长期单降权
1423422,970,2026-08-03 20:16:54,30,0x9a31f7aff78fd464bbceb398e11b82ba633c6525,smart_money,P-B,68.6085265399129,1.0,172,169,3,0.5502958579881657,0.04372387806903543,0.2738965242944162,0.043908240370649936,12.734680232558151,5.0,5.0,0.4979994241643324,-0.47741817433858613,0.0,0.0,"XRP,DOGE,PAXG",仓位表现普通有效
1422983,970,2026-08-03 20:16:54,30,0x9a3664a58b6a6579319c44bdd06a381ec8b47b6a,smart_money,P-B,78.88284912095236,1.0,359,234,125,0.5085470085470085,0.7148399471500608,2.7291232138301984,1.1993823253977336,315.5371835345098,4.9665738161559885,12.0,8.416467079439194,-7.328777028456229,0.41225626740947074,0.055710306406685235,"BTC,HYPE,BNB,DOGE,MANTA",仓位表现普通有效
1424397,970,2026-08-03 20:16:55,30,0x9a377ec81c1bd51d31170bf8d7a7b6c5fbaded9b,smart_money,P-N,50.0,1.0,1,1,0,0.0,-0.2469887778759307,,-0.2469887778759307,3.3733333333333335,40.0,40.0,0.4242977004053208,-0.2469887778759307,0.0,1.0,BTC,仓位样本不足，暂不影响权重
1422984,970,2026-08-03 20:16:54,30,0x9a51b0dc3545cb8e9b0382b42c91f9e39a92efd6,smart_money,P-N,50.0,1.0,1,0,1,,,-14.661296366267445,-7.353123485127389,866.66,10.0,10.0,13.75410959663034,-19.50899065423491,0.0,1.0,HYPE,仓位样本不足，暂不影响权重
1424383,970,2026-08-03 20:16:55,30,0x9a770e9cd5d05e9e5636b87c822bafb53e02bdc9,smart_money,P-C,39.68289061244015,0.75,3,3,0,0.3333333333333333,-4.710827634044906,,-4.710827634044906,47.870370370370374,3.6666666666666665,4.0,3.4687619595976416,-7.874425374120524,0.3333333333333333,0.0,"HYPE,VVV",仓位收益偏弱，降权参考
1423395,970,2026-08-03 20:16:54,30,0x9abb9d9c10d1512148e9e0074547f0e6785c84d8,smart_money,P-G,44.57180596093966,0.65,12,11,1,0.45454545454545453,-0.46961236608595675,0.027407558221484392,-0.4281940390603367,28.287685185185186,20.0,20.0,1.1412862637411392,-0.843055579211753,0.0,1.0,BTC,高杠杆/短线赌徒型，长期单降权
1423387,970,2026-08-03 20:16:54,30,0x9aca58e24ff5845f245e7c2c897fef1bc59b3555,smart_money,P-B,64.68264204156272,1.0,20,14,6,0.5,1.092903731350432,0.23712810172050788,0.8361710424614547,129.12518055555557,8.5,20.0,7.088110677215053,-4.859518284699098,0.0,0.6,"HYPE,LIT,VIRTUAL,ONDO,RENDER",仓位表现普通有效
1424348,970,2026-08-03 20:16:55,30,0x9b5b1931fa5838a891973f9877c7648c93ee80cc,smart_money,P-G,41.63040276669291,0.65,19,19,0,0.21052631578947367,-3.3695972333070876,,-3.3695972333070876,286.67555555555555,11.842105263157896,20.0,1.9813112453320305,-10.336801975828076,0.0,0.9473684210526315,"AAVE,ADA,AVAX,BCH,BNB",高杠杆/短线赌徒型，长期单降权
1422985,970,2026-08-03 20:16:54,30,0x9b745bea23ab438b0b3b9527ad7ab637b52cfcb1,smart_money,P-B,100.0,1.0,4,2,2,1.0,40.96548976811607,-12.727899537529373,15.643252777900418,541.7459027777777,4.75,10.0,35.34183320782,-25.76304453388063,0.75,0.25,"HYPE,CASHCAT,CHIP,VVV",仓位表现普通有效
1424145,970,2026-08-03 20:16:55,30,0x9b864dde6ed1c21608b1665a0ac0faa4f7e36e6e,smart_money,P-R,25.0,-0.8,17,17,0,0.23529411764705882,-1.1599724763128973,,-1.1599724763128973,103.18272875816992,4.588235294117647,10.0,6.384769124992226,-2.8702830537048327,0.17647058823529413,0.058823529411764705,"HYPE,ETH,ZEC,UNI,SUI",仓位真实收益偏反向，可作为反向参考
1422986,970,2026-08-03 20:16:54,30,0x9b883651182137f33efda174f831d9918182afe0,smart_money,P-B,75.88065076431064,1.0,671,555,116,0.4864864864864865,-0.2462389406135037,1.055440690743811,0.002717133071661189,156.14461210465296,4.187779433681073,12.0,4.66273274799132,-4.688094555799666,0.5216095380029806,0.00894187779433681,"TRB,HYPE,VVV,LIT,SPX",仓位表现普通有效
1424388,970,2026-08-03 20:16:55,30,0x9bbb821a51d9c0ef24dd8592e9caad7fc469bbf2,smart_money,P-N,50.0,1.0,1,1,0,0.0,-0.13851085614683237,,-0.13851085614683237,17.752222222222223,2.0,2.0,0.852103375028166,-1.9829141484450228,1.0,0.0,ZEC,仓位样本不足，暂不影响权重
1424372,970,2026-08-03 20:16:55,30,0x9bd2ee53f6c6aa778209b8673f6c7df754830c88,smart_money,P-N,50.0,1.0,1,1,0,0.0,-0.9987978744040662,,-0.9987978744040662,100.215,10.0,10.0,2.6089948445944766,-3.281986947946113,0.0,1.0,HYPE,仓位样本不足，暂不影响权重
1422987,970,2026-08-03 20:16:54,30,0x9c16bc8f1104e4d2f72267eb981fa12de7cc4a6f,money_printer,P-G,56.75261368641203,0.65,3,0,3,,,11.790935721377153,11.752613686412033,866.66,28.333333333333332,40.0,19.852716714515026,-2.3861008547226956,0.0,1.0,"BTC,ETH,SOL",高杠杆/短线赌徒型，长期单降权
1423377,970,2026-08-03 20:16:54,30,0x9c2a2a966ed8e47f0c8b7e2ec2b91424f229f6a8,money_printer,P-G,46.70499996400249,0.65,23,22,1,0.6363636363636364,1.3028620002826514,10.552035165838898,1.7049999640024887,125.22224637681161,15.869565217391305,20.0,3.497568088136714,-1.8436202816336422,0.0,0.9565217391304348,"HYPE,BTC,SOL,ETH,UNI",高杠杆/短线赌徒型，长期单降权
1423442,970,2026-08-03 20:16:54,30,0x9c3c0be3f3c5f56458f51fa7fbb4bacf2084e56f,smart_money,P-N,50.0,1.0,1,0,1,,,2.3837469575390937,2.383746957539094,6.000555555555556,10.0,10.0,2.7317254844425403,0.0,0.0,1.0,HYPE,仓位样本不足，暂不影响权重
1422988,970,2026-08-03 20:16:54,30,0x9cbf099ff424979439dfba03f00b5961784c06ce,money_printer,P-C,46.020599913279625,0.75,4,0,4,,,24.094745761632147,24.094745761632154,866.66,5.75,10.0,64.48238919923082,-33.94599470525538,0.25,0.25,"AAVE,LDO,VVV,ZRO",仓位收益偏弱，降权参考
1423443,970,2026-08-03 20:16:54,30,0x9cc53c5af67fb83a16cc41f61e242bade875ab3d,money_printer,P-G,45.005424019493546,0.65,35,34,1,0.6176470588235294,0.0293416709009955,-0.8077761283598118,0.005424019493543903,14.200325396825395,15.142857142857142,40.0,0.3855846154826115,-0.6007995269909364,0.0,1.0,"BTC,BCH",高杠杆/短线赌徒型，长期单降权
1422989,970,2026-08-03 20:16:54,30,0x9d1792626cc8bfb29acc7e5e7a2f706bb6ada290,smart_money,P-S,100.0,1.25,86,39,47,0.7435897435897436,9.686694690192319,9.592304801104447,9.407522077081884,513.008675710594,4.744186046511628,10.0,21.47917420444414,-10.93096875563427,0.47674418604651164,0.13953488372093023,"PENDLE,MET,FARTCOIN,SKR,VINE",仓位收益、持仓周期、杠杆结构适合长期参考
1422990,970,2026-08-03 20:16:54,30,0x9d25fdd3e862b690759fae43e2db73bc75909b0e,smart_money,P-N,50.0,1.0,1,0,1,,,13.848172469844528,13.81691293338338,866.66,10.0,10.0,18.761215144044378,-11.727386256764461,0.0,1.0,HYPE,仓位样本不足，暂不影响权重
1422991,970,2026-08-03 20:16:54,30,0x9d6468a5ab22fb02f990a778039443d264ef31fe,smart_money,P-S,100.0,1.25,19,17,2,0.8823529411764706,5.257995085456848,14.668929035161298,6.257089030188893,95.93238304093569,1.7894736842105263,5.0,9.801464484879503,-2.3510860875953945,0.9473684210526315,0.0,"CASHCAT,HYPE,ETH,SOL,LIT",仓位收益、持仓周期、杠杆结构适合长期参考
1424106,970,2026-08-03 20:16:55,30,0x9d732bed515e8f66ad2b60cda96a4ef3c31e729f,money_printer,P-G,44.91660813809022,0.65,55,55,0,0.41818181818181815,-0.08339186190978197,,-0.08339186190978197,12.800101010101008,17.072727272727274,20.0,0.2998708506457512,-0.3330395314879063,0.05454545454545454,0.8727272727272727,"SOL,BTC,ETH,CRV,RENDER",高杠杆/短线赌徒型，长期单降权
1423439,970,2026-08-03 20:16:54,30,0x9da9ccc7563bc4c420a7a30819d3875d9499f376,smart_money,P-G,45.269789679055975,0.65,54,53,1,0.7169811320754716,0.28049106546196934,-0.27032680579915164,0.2697896790559742,13.427417695473256,10.0,10.0,0.8445583517274335,-0.3998894810881425,0.0,1.0,ETH,高杠杆/短线赌徒型，长期单降权
1424351,970,2026-08-03 20:16:55,30,0x9db81630393e5cdb66b4e959c556b089c2005c80,smart_money,P-N,50.0,1.0,1,1,0,1.0,5.645382618279917,,5.645382618279917,283.6738888888889,20.0,20.0,14.680108193627268,0.0,0.0,1.0,BTC,仓位样本不足，暂不影响权重
1422992,970,2026-08-03 20:16:54,30,0x9db82c502472d76742fdd69609dfcc6e01327401,smart_money,P-C,88.78786317185842,0.75,22,1,21,1.0,0.3545497102780644,-20.610825320584272,-20.10307103799962,822.145441919192,4.2272727272727275,10.0,12.574187405550903,-33.12028044900684,0.6363636363636364,0.18181818181818182,"AAVE,ASTER,BTC,CC,CHIP",仓位收益偏弱，降权参考
1422993,970,2026-08-03 20:16:54,30,0x9dea4d13ac1c469b7fe9049d43835df1be143ec0,money_printer,P-N,50.0,1.0,1,0,1,,,11.137359937299792,11.13735993729979,866.66,40.0,40.0,19.070940043628422,0.0,0.0,1.0,BTC,仓位样本不足，暂不影响权重
1424113,970,2026-08-03 20:16:55,30,0x9dead8fffcbf130e7658f672d2c081d91178d617,smart_money,P-N,50.0,1.0,1,1,0,0.0,-0.609751458653657,,-0.609751458653657,9.001111111111111,40.0,40.0,0.04836126658950005,-0.9410626793727306,0.0,1.0,BTC,仓位样本不足，暂不影响权重
1422994,970,2026-08-03 20:16:54,30,0x9df286bcee3b6b20eddcbe763ddd3a30ef3bc665,money_printer,P-N,50.0,1.0,1,0,1,,,3.691403416268859,4.570112515052611,866.66,10.0,10.0,21.01834103055608,-4.853190341077631,0.0,1.0,HYPE,仓位样本不足，暂不影响权重
1422995,970,2026-08-03 20:16:54,30,0x9e02aca9865e1859bb7865f6f64801e804a173df,smart_money,P-C,60.0,0.75,62,0,62,,,11.073962070053991,11.073962070053991,866.6600000000013,4.580645161290323,5.0,24.860606604424273,-16.768514469826464,0.20967741935483872,0.0,"ALGO,APE,APT,AR,ATOM",仓位收益偏弱，降权参考
1424081,970,2026-08-03 20:16:55,30,0x9e2cbb5d800181c1ef21b25010dc4ea80eeb5508,money_printer,P-G,44.15798065800761,0.65,5,5,0,0.4,-0.8420193419923919,,-0.8420193419923919,18.141833333333334,13.0,30.0,1.2657722260256705,-1.805447725063031,0.0,0.8,"HYPE,BTC",高杠杆/短线赌徒型，长期单降权
1424357,970,2026-08-03 20:16:55,30,0x9e74a6a1df3c2545ec4e8e54a1502967c7ad15e1,smart_money,P-N,50.0,1.0,1,1,0,1.0,17.094151013453903,,17.094151013453903,254.84,13.0,13.0,23.455065426172045,0.0,0.0,1.0,BTC,仓位样本不足，暂不影响权重
1423479,970,2026-08-03 20:16:54,30,0x9f4609b8c7da49d2bc9103692bcd0e45027586dd,smart_money,P-R,25.0,-0.8,5,4,1,0.25,-2.719344182761919,-0.39399909077132356,-2.2542751643637997,3.6013333333333337,6.6,10.0,0.9244390858846575,-2.4718302449906147,0.2,0.4,"PUMP,FARTCOIN,HYPE,CASHCAT",仓位真实收益偏反向，可作为反向参考
1423352,970,2026-08-03 20:16:54,30,0x9fde8e59c61c290c435c2d953e70a3873e06a572,smart_money,P-G,43.47573694601376,0.65,3,2,1,0.0,-0.9370103970881283,-2.6987683677824523,-1.5242630539862363,141.96796296296296,40.0,40.0,0.5167971038632647,-5.066673179870463,0.0,1.0,BTC,高杠杆/短线赌徒型，长期单降权
1424223,970,2026-08-03 20:16:55,30,0xa028c2cb889ac9188e8c3578952da48299d7309e,smart_money,P-G,46.86239343631054,0.65,3,3,0,1.0,1.8623934363105403,,1.8623934363105403,41.907222222222224,25.0,25.0,2.9349450744940278,-0.38544049993472335,0.0,1.0,ETH,高杠杆/短线赌徒型，长期单降权
1424241,970,2026-08-03 20:16:55,30,0xa03236e2daca8f5583bd4654a0f2c9d96c6702aa,smart_money,P-R,25.0,-0.8,6,6,0,0.3333333333333333,-2.318103354786431,,-2.318103354786431,126.30833333333334,3.1666666666666665,4.0,9.542406375156162,-6.070220841170831,0.8333333333333334,0.0,"ZEC,HYPE,LIT",仓位真实收益偏反向，可作为反向参考
1424107,970,2026-08-03 20:16:55,30,0xa0479b2c614cbd03ceab36ae5a6d0822035e553c,smart_money,P-N,50.0,1.0,1,1,0,1.0,0.07962913322505874,,0.07962913322505874,1.0005555555555556,1.0,1.0,0.07962913322505874,-0.0007884072596540469,1.0,0.0,BTC,仓位样本不足，暂不影响权重
1424206,970,2026-08-03 20:16:55,30,0xa0ca3dcba02de989e35eb3810ad762a222315075,money_printer,P-B,76.14434245583251,1.0,3,3,0,0.6666666666666666,1.8532316209846122,,1.8532316209846122,33.00296296296296,4.333333333333333,5.0,2.496456158070598,-2.184490121629298,0.3333333333333333,0.0,"RUNE,HYPE",仓位表现普通有效
1424282,970,2026-08-03 20:16:55,30,0xa0d669521cb00bfe43e5fa3bd573dc01dfe6567c,smart_money,P-N,50.0,1.0,1,1,0,0.0,-0.36798280956217616,,-0.36798280956217616,53.004444444444445,25.0,25.0,2.2266988987375798,-0.5452591995702439,0.0,1.0,ETH,仓位样本不足，暂不影响权重
1422996,970,2026-08-03 20:16:54,30,0xa0f2e2f7b3ab58e3e52b74f08d94ae52778d46df,smart_money,P-N,50.0,1.0,1,0,1,,,18.15452416131188,18.15452416131188,866.66,2.0,2.0,31.8577917920339,-10.29957494793528,1.0,0.0,LIT,仓位样本不足，暂不影响权重
1424143,970,2026-08-03 20:16:55,30,0xa100c54fcea537adad0743c9745c83195b278b66,smart_money,P-N,50.0,1.0,2,2,0,0.5,-0.20830749433129359,,-0.20830749433129359,272.49680555555557,4.0,5.0,3.6017323669789643,-0.5815377641498611,0.5,0.0,"BTC,ETH",仓位样本不足，暂不影响权重
1424070,970,2026-08-03 20:16:55,30,0xa12156da455437e075d243f7091a667c7121a73c,smart_money,P-B,99.5663828000017,1.0,3,3,0,1.0,1.8975851264025392,,1.8975851264025392,62.942685185185184,3.3333333333333335,5.0,4.075610045332977,-0.28486238034231026,0.6666666666666666,0.0,"ETH,HYPE,BTC",仓位表现普通有效
1424252,970,2026-08-03 20:16:55,30,0xa169b50ddb987b06e1c6821403fcba218a4f1e3d,smart_money,P-N,50.0,1.0,1,1,0,0.0,-2.3986830352506203,,-2.3986830352506203,110.28055555555555,20.0,20.0,0.4731069252708393,-2.3986830352506203,0.0,1.0,ETH,仓位样本不足，暂不影响权重
1423388,970,2026-08-03 20:16:54,30,0xa1d22621c9b077ce4ac468908114a82b2de4a8db,smart_money,P-G,45.081117035386995,0.65,99,98,1,0.5510204081632653,0.08375513113636035,-0.04717616929505096,0.08111703538699876,7.270594837261502,13.232323232323232,20.0,0.3288546886106567,-0.2575783788542383,0.3333333333333333,0.6161616161616161,BTC,高杠杆/短线赌徒型，长期单降权
1424225,970,2026-08-03 20:16:55,30,0xa1d4fc32f21d9d77a4c20a6ac4b748815912c07c,smart_money,P-G,55.309662236207785,0.65,7,7,0,0.8571428571428571,10.309662236207789,,10.309662236207789,381.5838888888889,10.714285714285714,20.0,15.101859957757743,-2.405295482421173,0.0,0.5714285714285714,"BTC,WLFI,XLM,HBAR,DOGE",高杠杆/短线赌徒型，长期单降权
1422997,970,2026-08-03 20:16:54,30,0xa20fb0c9e04063eec5be286e9269028d966646fa,money_printer,P-A,100.0,1.15,60,10,50,0.9,18.897307089851818,11.855753058819241,12.906296597499109,742.1136666666666,7.1,20.0,22.21542082540575,-7.947529921371212,0.11666666666666667,0.36666666666666664,"MNT,LIT,AERO,ALGO,ASTER",仓位收益稳定，适合加权参考
1424171,970,2026-08-03 20:16:55,30,0xa215ce4eac3900ac8a5e76f621eb8498be16aa51,smart_money,P-N,50.0,1.0,2,2,0,0.5,18.766169659581617,,18.766169659581617,712.1594444444445,25.0,40.0,22.500991382602535,-2.8982328313798837,0.0,1.0,"TRX,BTC",仓位样本不足，暂不影响权重
1423369,970,2026-08-03 20:16:54,30,0xa243ecc646b1ce99c8c2810b6581cce76ec6f989,smart_money,P-B,90.42412806689723,1.0,28,26,2,0.8076923076923077,0.6956668678025342,-0.14506577633846351,0.6356145360781772,46.21143849206351,8.535714285714286,10.0,1.4750153295182102,-1.2564893463209248,0.0,0.14285714285714285,"BTC,ETH,ONDO,XRP",仓位表现普通有效
1423291,970,2026-08-03 20:16:54,30,0xa24c5ca26c41cc52aeac1d6886d37f6dd5d6949f,smart_money,P-B,75.57423724766754,1.0,150,132,18,0.5303030303030303,1.744275998822104,8.652855052217337,2.4931792298943716,169.08526481481468,8.08,40.0,12.96628298416873,-9.917674067747479,0.29333333333333333,0.4266666666666667,"HYPE,ETH,PUMP,XPL,BTC",仓位表现普通有效
1422998,970,2026-08-03 20:16:54,30,0xa2a7c751da5c4add00d1c8cb9a0110fb2c233f51,smart_money,P-G,45.62197518355185,0.65,223,181,42,0.5303867403314917,0.2587455156469093,2.055284244095974,0.621975183551844,139.16087070254116,10.376681614349776,40.0,4.253678829177074,-4.212787350914836,0.08071748878923767,0.6905829596412556,"XRP,DOT,FARTCOIN,LIT,PENDLE",高杠杆/短线赌徒型，长期单降权
1422999,970,2026-08-03 20:16:54,30,0xa2d1dd0f09239349354b662f75fbd81f3dbc824e,smart_money,P-C,49.771212547196626,0.75,3,0,3,,,20.274666258376115,20.27466625837612,866.66,3.6666666666666665,5.0,47.390529147272126,-44.427168505856656,0.6666666666666666,0.0,"HYPE,PENDLE,PURR",仓位收益偏弱，降权参考
1423000,970,2026-08-03 20:16:54,30,0xa3099587930a877e75ff4084c7b22505b72c2eca,smart_money,P-C,35.42757925722348,0.75,15,0,15,,,34.03159321404925,34.03159321404925,866.66,11.0,40.0,41.80547996516636,-9.08902788583532,0.3333333333333333,0.4666666666666667,"ADA,AERO,BIO,BTC,CHIP",仓位收益偏弱，降权参考
1423001,970,2026-08-03 20:16:54,30,0xa30ecf14316316f355b33eb6f5fb4f6e8ed8be51,smart_money,P-N,50.0,1.0,1,0,1,,,1.8012129233840397,1.8012129233840397,866.66,5.0,5.0,17.81169310217633,-0.10821923752902143,0.0,0.0,XMR,仓位样本不足，暂不影响权重
1423002,970,2026-08-03 20:16:54,30,0xa312114b5795dff9b8db50474dd57701aa78ad1e,money_printer,P-B,97.74069085432112,1.0,29,13,16,0.6923076923076923,4.51812561889294,18.994796364538587,12.240446794723557,569.7884770114941,9.03448275862069,40.0,21.59560296021483,-10.514868967111886,0.13793103448275862,0.5172413793103449,"kBONK,GRAM,APEX,ASTER,AZTEC",仓位表现普通有效
1423003,970,2026-08-03 20:16:54,30,0xa32533a01bfca623badfaba89fa28c079b8671f7,smart_money,P-C,76.69782333999247,0.75,16,11,5,0.7272727272727273,7.180991749005357,-32.354327580915864,-4.751233697828842,301.5930381944444,3.4375,10.0,9.558246837828808,-16.237170720860767,0.75,0.1875,"CASHCAT,AVNT,AZTEC,HYPE,POPCAT",仓位收益偏弱，降权参考
1423480,970,2026-08-03 20:16:54,30,0xa33a2a0179eb17700f12877f3c331b295037ee7b,smart_money,P-G,45.016093134933136,0.65,267,266,1,0.5639097744360902,0.01597981835113053,0.04623534574634819,0.016093134933135092,2.6700821889305035,20.0,20.0,0.16616972640238917,-0.17541043295064768,0.0,1.0,BTC,高杠杆/短线赌徒型，长期单降权
1423372,970,2026-08-03 20:16:54,30,0xa33a4a057334c7811ad5f45f3c4f0dfa3d081ff8,money_printer,P-B,58.23260826427491,1.0,52,48,4,0.5833333333333334,0.10630354506431126,-0.3007543745611196,0.12271438854770712,63.848824786324776,9.711538461538462,10.0,1.6400817311346922,-1.905730862278458,0.0,0.9423076923076923,"ADA,NEAR,LINK,ASTER",仓位表现普通有效
1423004,970,2026-08-03 20:16:54,30,0xa351db10472a07059ea099e0581444e568bff894,money_printer,P-G,48.31348666914745,0.65,13,6,7,0.6666666666666666,1.1911082726971243,6.541014623043778,3.3134866691474487,396.39997863247856,18.846153846153847,40.0,9.298687950794973,-4.654396330894371,0.0,0.7692307692307693,"BTC,ETH,LIT,SUI,XPL",高杠杆/短线赌徒型，长期单降权
1423397,970,2026-08-03 20:16:54,30,0xa3555141f2ea7ed01e1d5a6589c4355ccaa31bf5,smart_money,P-N,50.0,1.0,2,0,2,,,0.9795238049376025,0.9795238049376023,75.49805555555557,7.5,8.0,1.1053403374420876,-2.0319843312999875,0.0,0.0,"BTC,SOL",仓位样本不足，暂不影响权重
1423254,970,2026-08-03 20:16:54,30,0xa3910b710b8a68d8fd77459e5aeee0b05e631360,smart_money,P-R,25.0,-0.8,6,5,1,0.0,-3.9302496276761856,-8.292574105574305,-4.641215544202413,200.34402777777777,4.166666666666667,10.0,1.1339783639063639,-12.709014928697641,0.6666666666666666,0.16666666666666666,"ADA,ZEC,HYPE,XPL,PUMP",仓位真实收益偏反向，可作为反向参考
1423005,970,2026-08-03 20:16:54,30,0xa399f378380dddb1fbb72e935b0111d7a4d16a52,smart_money,P-G,45.845704237712695,0.65,34,27,7,0.5555555555555556,0.7755804230783995,0.006838337399693766,0.8457042377126937,168.13773692810457,16.941176470588236,40.0,6.3021441892570875,-4.335418873458069,0.058823529411764705,0.8235294117647058,"ETH,BTC,ZEC,NEAR,LIT",高杠杆/短线赌徒型，长期单降权
1424130,970,2026-08-03 20:16:55,30,0xa3a7c36cc9fa3fc5b0c971bc7b5a5659a2f7ab4c,smart_money,P-N,50.0,1.0,1,1,0,0.0,-7.047853662225958,,-7.047853662225958,31.99138888888889,10.0,10.0,0.7505758076163184,-7.047853662225958,0.0,1.0,HYPE,仓位样本不足，暂不影响权重
1423340,970,2026-08-03 20:16:54,30,0xa3b69fd03a59945b88fed1fe350b33c3e6d48480,smart_money,P-N,50.0,1.0,1,0,1,,,9.115689200045907,9.115689200045907,312.98527777777775,3.0,3.0,52.34276368644555,-2.850625502123268,1.0,0.0,CASHCAT,仓位样本不足，暂不影响权重
1423402,970,2026-08-03 20:16:54,30,0xa41f6abca0cb06a105f12a682e1995efa0c1d50a,smart_money,P-N,50.0,1.0,2,1,1,1.0,4.188961787895402,3.6790476190476187,3.93400470347151,45.995555555555555,5.0,5.0,4.907147286905457,-1.1052380952380942,0.0,0.0,HYPE,仓位样本不足，暂不影响权重
1423006,970,2026-08-03 20:16:54,30,0xa430c7425787337e5096f9aad868b02bb1ab4c5f,smart_money,P-N,50.0,1.0,2,0,2,,,27.079413811339855,27.079413811339858,866.66,7.5,10.0,33.50075051067423,-19.38672922252011,0.0,0.5,"ETH,HYPE",仓位样本不足，暂不影响权重
1424138,970,2026-08-03 20:16:55,30,0xa432ca1edabf81a8373fe2d655a2811ed2634e45,smart_money,P-N,50.0,1.0,1,1,0,1.0,10.479591359851137,,10.479591359851137,112.01,5.0,5.0,10.91748122666443,-1.1981373494986762,0.0,0.0,HYPE,仓位样本不足，暂不影响权重
1423007,970,2026-08-03 20:16:54,30,0xa445a0a15b1d50fa0c4bfe6796d9447e0da5329d,money_printer,P-G,44.537201716444464,0.65,31,30,1,0.8666666666666667,0.3427098633268702,-24.766309283081252,-0.4627982835555328,35.14727598566309,32.58064516129032,40.0,0.4658380706169795,-1.2800985442331216,0.0,1.0,"BTC,ETH,SOL,HYPE",高杠杆/短线赌徒型，长期单降权
1424401,970,2026-08-03 20:16:55,30,0xa44898949336804325763810e731f7aabf768250,smart_money,P-N,50.0,1.0,1,1,0,0.0,-13.364285714285717,,-13.364285714285717,75.4888888888889,3.0,3.0,0.7571428571428562,-13.364285714285717,1.0,0.0,VVV,仓位样本不足，暂不影响权重
1424274,970,2026-08-03 20:16:55,30,0xa46aba5584adb38d458710902f7fc6677f7ab914,smart_money,P-G,44.6198239561593,0.65,5,5,0,0.4,-0.3801760438406997,,-0.3801760438406997,18.00727777777778,29.0,40.0,0.6839095892160202,-0.5498199720656982,0.0,1.0,BTC,高杠杆/短线赌徒型，长期单降权
1423008,970,2026-08-03 20:16:54,30,0xa4add8273d7f47318675bdfbcce3e9648cdb4509,money_printer,P-B,100.0,1.0,5,3,2,1.0,3.7851608208121816,-5.5068702973101,0.35494754519107746,272.46972222222223,5.0,5.0,3.869670160727003,-5.469849211761697,0.0,0.0,"HYPE,SOL",仓位表现普通有效
1424335,970,2026-08-03 20:16:55,30,0xa4be91acc74feabab71b8878b66b8f5277212520,money_printer,P-G,49.62411141850252,0.65,3,3,0,0.6666666666666666,4.624111418502521,,4.624111418502521,350.66861111111103,28.333333333333332,40.0,13.708672556331328,-3.248271013717727,0.0,1.0,"BTC,ETH,SOL",高杠杆/短线赌徒型，长期单降权
1423435,970,2026-08-03 20:16:54,30,0xa4beb4fbe651b00bc16d472e2e1aa1c26b3d90aa,smart_money,P-A,96.14894959308998,1.15,10,9,1,1.0,1.7441590422243323,0.047316585430941575,1.5744747965449932,72.76958333333333,7.9,10.0,2.060917165892033,-5.249437228675541,0.3,0.7,"AAVE,HYPE,VVV,ZEC,UNI",仓位收益稳定，适合加权参考
1424283,970,2026-08-03 20:16:55,30,0xa4dedda59f2908b92ae192cfd494839373bcb3c4,money_printer,P-G,42.418662490882326,0.65,15,15,0,0.3333333333333333,-2.5813375091176742,,-2.5813375091176742,23.58040740740741,13.666666666666666,40.0,6.525391891044257,-5.568046328899769,0.3333333333333333,0.6666666666666666,"HYPE,CASHCAT,BTC",高杠杆/短线赌徒型，长期单降权
1423009,970,2026-08-03 20:16:54,30,0xa4e33be0b96c1ec4031f2db53dcd5660621ce3ec,smart_money,P-A,86.21207584738971,1.15,12,7,5,0.7142857142857143,6.234892260950224,-2.5374940775988066,2.5434650267900674,752.8304398148148,6.333333333333333,10.0,16.13224312268059,-14.469574564653646,0.16666666666666666,0.3333333333333333,"AAVE,HYPE,NEAR,XMR,ADA",仓位收益稳定，适合加权参考
1424173,970,2026-08-03 20:16:55,30,0xa516541e599129095d14f7faf8b11ae670c837b0,smart_money,P-G,43.60490782072391,0.65,9,9,0,0.2222222222222222,-1.3950921792760893,,-1.3950921792760893,80.3679012345679,21.666666666666668,40.0,2.6687579721856673,-2.2536197022125792,0.0,1.0,"ETH,HYPE,ZEC,BTC",高杠杆/短线赌徒型，长期单降权
1424310,970,2026-08-03 20:16:55,30,0xa522301c25e833b75b223a21a7f528eef9862d0e,smart_money,P-N,50.0,1.0,2,2,0,0.5,-0.9385469649891398,,-0.9385469649891398,6.501388888888888,3.0,3.0,5.400248788922025,-5.602532637614206,1.0,0.0,CASHCAT,仓位样本不足，暂不影响权重
1423010,970,2026-08-03 20:16:54,30,0xa559edb06548fb5d9b2066ec43320e5f9726ff95,smart_money,P-G,40.08152860824281,0.65,3,1,2,1.0,1.3314899850227904,-8.043452080147178,-4.91847139175719,578.7730555555555,10.333333333333334,20.0,11.358156412116015,-12.95954428187204,0.3333333333333333,0.6666666666666666,"ETH,XPL,CASHCAT",高杠杆/短线赌徒型，长期单降权
1423011,970,2026-08-03 20:16:54,30,0xa581bb0ac1a7ec393e76ccd45de2bfff6146e213,money_printer,P-A,100.0,1.15,5,1,4,1.0,10.945114745465794,21.9465684450052,19.74627770509732,854.2596666666666,6.8,20.0,37.88934947795498,-26.200373018637066,0.6,0.2,"ETH,HYPE,PURR,STBL,XMR",仓位收益稳定，适合加权参考
1423012,970,2026-08-03 20:16:54,30,0xa59362891a6910c0d16171ac10ad43ba994bbcde,smart_money,P-R,25.0,-0.8,42,38,4,0.2631578947368421,-0.5851988382957962,1.2402099723915139,-0.5951930839939154,132.4032936507937,16.404761904761905,40.0,2.1929646542744723,-2.9477098303738956,0.30952380952380953,0.47619047619047616,"BTC,GMT,WLFI,NEAR,LIT",仓位真实收益偏反向，可作为反向参考
1423013,970,2026-08-03 20:16:54,30,0xa5fd942d4badbab4fe84a9e10f565dd40d5f15ff,money_printer,P-B,72.11603419868524,1.0,47,23,24,0.6956521739130435,-2.71775604980952,3.1121830886819075,0.32721228898183735,427.6902659574469,11.170212765957446,40.0,12.55111776150403,-15.11545269851202,0.3404255319148936,0.3617021276595745,"ETH,BTC,HYPE,GRAM,CASHCAT",仓位表现普通有效
1423481,970,2026-08-03 20:16:54,30,0xa62b923a112d50d03e1e096bbd53422490dac104,smart_money,P-B,73.45446932576591,1.0,385,383,2,0.5065274151436031,-0.001441351284639608,0.04023184595165671,-0.001224867143152355,2.1371089466089472,2.625974025974026,3.0,0.14210544294350294,-0.13500201398114095,1.0,0.0,"BTC,ETH",仓位表现普通有效
1423399,970,2026-08-03 20:16:54,30,0xa685e0303482ece79b16dc5c1a52bd9dae623dfa,smart_money,P-A,84.17923992063575,1.15,28,26,2,0.7692307692307693,1.6071301048135322,-6.862151035158015,1.0021814519584216,47.3071626984127,7.428571428571429,20.0,4.3615187347105335,-3.894027680115554,0.4642857142857143,0.35714285714285715,"LIT,KAITO,ETH,PUMP,ZEC",仓位收益稳定，适合加权参考
1423014,970,2026-08-03 20:16:54,30,0xa68eb8520766ca5eae81e547128d5cc3fa909a1e,smart_money,P-C,41.020599913279625,0.75,4,0,4,,,22.093822697814666,22.093822697814666,866.66,9.5,20.0,39.03303365594009,-20.329924662281346,0.25,0.5,"BTC,HYPE,PENDLE,PUMP",仓位收益偏弱，降权参考
1423378,970,2026-08-03 20:16:54,30,0xa6e2dc44418f5ad213c86db4dbb203a59d13c49f,money_printer,P-G,44.5586432757768,0.65,51,45,6,0.5333333333333333,-0.11827022248741181,-2.8645054872416,-0.4413567242231986,58.948153594771256,14.862745098039216,25.0,2.252458960359727,-2.973661316169297,0.0196078431372549,0.8431372549019608,"HYPE,BTC,SOL,ETH,LIT",高杠杆/短线赌徒型，长期单降权
1423015,970,2026-08-03 20:16:54,30,0xa6ee1ed1ae80b8352603654b39f5e7b9bedd5078,money_printer,P-G,43.25793825973216,0.65,12,10,2,0.7,0.07707187992848977,-10.064228669392476,-1.7420617402678433,90.05263888888886,19.583333333333332,25.0,0.5414386069717129,-4.8840162295836,0.0,0.9166666666666666,"ETH,HYPE,MON,kBONK",高杠杆/短线赌徒型，长期单降权
1423465,970,2026-08-03 20:16:54,30,0xa775d1bd91ee2cc4cae6113e5fd9c0c17b355277,smart_money,P-B,72.8314386354038,1.0,304,303,1,0.49834983498349833,-0.026875886466978752,0.07982195644967834,-0.026524906720542384,2.369506578947368,3.0,3.0,0.22024488941432765,-0.19098377932063124,1.0,0.0,SOL,仓位表现普通有效
1423016,970,2026-08-03 20:16:54,30,0xa7aae418ee1714642f46b577c5b6f6c8bcb561dc,smart_money,P-N,50.0,1.0,1,0,1,,,3.427465455852091,3.427465455852091,866.66,10.0,10.0,11.830758174631683,0.0,0.0,1.0,BNB,仓位样本不足，暂不影响权重
1424108,970,2026-08-03 20:16:55,30,0xa7fd61557cd0a61073566766839d5f851a8e92ef,smart_money,P-N,50.0,1.0,2,2,0,0.5,0.29157662831743436,,0.29157662831743436,18.805972222222223,10.0,10.0,0.4944134078212319,-1.671272533693743,0.0,1.0,"NEAR,AAVE",仓位样本不足，暂不影响权重
1423384,970,2026-08-03 20:16:54,30,0xa844d7ac9fa3424c4fd38a25baa23e460ec3e802,smart_money,P-C,21.95569253172315,0.75,4,3,1,0.0,-3.955841777833367,-0.26228942961284823,-3.0324536907782376,161.41250000000002,4.75,10.0,5.083758815488494,-3.41072637449063,0.5,0.25,"PAXG,HYPE,BTC,ETH",仓位收益偏弱，降权参考
1423017,970,2026-08-03 20:16:54,30,0xa8616487ec2605c79c3ad3a3e6bcbe9d059bc774,smart_money,P-C,46.94780355187014,0.75,3,0,3,,,8.034991511329848,7.588295502336755,749.6569444444444,3.6666666666666665,4.0,14.005054618161786,-4.628664257795532,0.3333333333333333,0.0,"BTC,SOL,ETH",仓位收益偏弱，降权参考
1423018,970,2026-08-03 20:16:54,30,0xa864144d507da1f5a90aae0147b8cba6d93a21cb,smart_money,P-G,44.61842280537063,0.65,13,8,5,0.375,0.1790484119770892,-1.4085605886489285,-0.38157719462937073,362.3539957264957,19.076923076923077,40.0,5.179514981123626,-4.523717109888927,0.07692307692307693,0.7692307692307693,"BTC,XRP,ETH,SOL,HYPE",高杠杆/短线赌徒型，长期单降权
1423019,970,2026-08-03 20:16:54,30,0xa87a233e8a7d8951ff790a2e39738086cb5f71b7,money_printer,P-G,65.0,0.65,7,0,7,,,54.72211824281767,54.799321135636966,866.66,10.0,20.0,63.936260067646124,-14.932884011831385,0.0,0.7142857142857143,"APT,DOGE,ENA,HYPE,SOL",高杠杆/短线赌徒型，长期单降权
1423432,970,2026-08-03 20:16:54,30,0xa880d6cc607a05ea617307ab3b0d335e8d8424ee,smart_money,P-B,73.16855503838269,1.0,3432,3422,10,0.5023378141437755,0.002754771781640907,0.0523575828529947,0.00245402415919576,2.79950433825435,3.0,3.0,0.3973391315620525,-0.3647733357371624,1.0,0.0,"ADA,HYPE,PUMP,TRUMP,APT",仓位表现普通有效
1423020,970,2026-08-03 20:16:54,30,0xa88bdbd7ec3cdb13fa2be3781f35ed710f8368e0,smart_money,P-N,50.0,1.0,1,0,1,,,39.14823641563394,39.14823641563394,866.66,40.0,40.0,44.581029551954245,0.0,0.0,1.0,BTC,仓位样本不足，暂不影响权重
1423330,970,2026-08-03 20:16:54,30,0xa8cbf4200595efcd94b7526d04deafe0f284af2d,smart_money,P-N,50.0,1.0,1,0,1,,,-1.1789199342329675,-1.1789199342329677,384.99916666666667,5.0,5.0,2.8536187967291466,-3.641912307117085,0.0,0.0,MORPHO,仓位样本不足，暂不影响权重
1423021,970,2026-08-03 20:16:54,30,0xa8ccdcf9a2256a23504133c8ec1b04bc12a516df,smart_money,P-N,50.0,1.0,1,0,1,,,21.07853016049247,21.078530160492466,866.66,20.0,20.0,28.124571136082928,0.0,0.0,1.0,BTC,仓位样本不足，暂不影响权重
1424258,970,2026-08-03 20:16:55,30,0xa906355beaf1d69a5fe73ce55899c49c6e67916c,money_printer,P-N,50.0,1.0,2,2,0,0.0,-7.015754057942101,,-7.015754057942101,104.28055555555555,3.0,3.0,2.2501424805968027,-9.181233486388912,1.0,0.0,"LIT,ZEC",仓位样本不足，暂不影响权重
1424386,970,2026-08-03 20:16:55,30,0xa99767ff6874018935af8924eeb3de3c7b578edc,money_printer,P-N,50.0,1.0,1,1,0,1.0,26.791706070423565,,26.791706070423565,180.33138888888888,5.0,5.0,33.6768629170778,0.0,0.0,0.0,MON,仓位样本不足，暂不影响权重
1423297,970,2026-08-03 20:16:54,30,0xa99c9e5484e5b26635c07876d0859a1819ff40d5,smart_money,P-B,84.14208734005898,1.0,7,5,2,0.8,2.986545973750633,-1.72606427522948,0.6312677556724872,233.9680555555555,6.857142857142857,10.0,4.114720978946907,-5.475102183690441,0.2857142857142857,0.42857142857142855,"BTC,HYPE",仓位表现普通有效
1423022,970,2026-08-03 20:16:54,30,0xa9b95f2a2e7ef219021efc5c04c32761b8553bbd,money_printer,P-G,60.26949599689898,0.65,4,0,4,,,15.269495996898982,15.269495996898982,848.9409027777778,17.5,20.0,36.70991972991599,-1.4740799493605374,0.0,1.0,"BTC,ETH,HYPE,SOL",高杠杆/短线赌徒型，长期单降权
1423023,970,2026-08-03 20:16:54,30,0xaa23550773de942c546b3f29e7df60d8a9d85820,smart_money,P-B,95.57572938048492,1.0,37,30,7,0.7666666666666667,4.96026941841298,2.7870825218925757,4.549125951503715,167.46547297297292,8.45945945945946,40.0,10.434114746788596,-5.946946297018957,0.40540540540540543,0.4594594594594595,"CASHCAT,HYPE,ETH,KAITO,LIT",仓位表现普通有效
1423024,970,2026-08-03 20:16:54,30,0xaa2a33c424b92cdc042e40c522cb48e586e83026,smart_money,P-N,50.0,1.0,2,0,2,,,-34.58804996151141,-39.67756100196797,441.8297222222222,5.0,5.0,3.1678910954646895,-68.59385596518784,0.0,0.0,"HYPE,KAITO",仓位样本不足，暂不影响权重
1424144,970,2026-08-03 20:16:55,30,0xaa7577a7a27aa7fcf6d0ec481b87df3ad0f6a88e,money_printer,P-N,50.0,1.0,1,1,0,0.0,-5.721092305504202,,-5.721092305504202,133.71416666666667,25.0,25.0,5.4902971807307885,-5.721092305504201,0.0,1.0,ETH,仓位样本不足，暂不影响权重
1423025,970,2026-08-03 20:16:54,30,0xaac091f502a773498fb9336f41500fd13098245b,smart_money,P-N,50.0,1.0,2,0,2,,,-2.6801249875604642,-0.2258745588530786,866.66,7.5,10.0,12.0516914643221,-9.392248051496997,0.0,0.5,"BTC,HYPE",仓位样本不足，暂不影响权重
1423386,970,2026-08-03 20:16:54,30,0xab5e6f394951c28ab1873007e373202689cdbec3,money_printer,P-C,34.62657974736807,0.75,4,3,1,0.3333333333333333,-1.9175396770694764,4.297912032718659,-0.36367674962244256,38.123333333333335,8.75,10.0,1.7702090720474215,-1.8998632983028405,0.0,0.75,"JUP,FET,WLD",仓位收益偏弱，降权参考
1423026,970,2026-08-03 20:16:54,30,0xabcaea50f029aca1204a5ff64150279871dec56c,smart_money,P-R,25.0,-0.8,79,74,5,0.3783783783783784,-0.3124070774307278,2.3194805673136374,-0.1305428805547435,63.49049578059074,19.025316455696203,40.0,2.3795072868921854,-2.515308054684773,0.3924050632911392,0.5443037974683544,"BTC,HMSTR,XRP,kSHIB,ETH",仓位真实收益偏反向，可作为反向参考
1423027,970,2026-08-03 20:16:54,30,0xac04753928961a06af540078410802cc443f5176,money_printer,P-N,50.0,1.0,1,0,1,,,26.409674033200485,26.409674033200485,866.66,3.0,3.0,68.29580395544778,0.0,1.0,0.0,HYPE,仓位样本不足，暂不影响权重
1423028,970,2026-08-03 20:16:54,30,0xac26cf5f3c46b5e102048c65b977d2551b72a9c7,money_printer,P-C,51.578947368421055,0.75,38,0,38,,,61.68657902708031,61.605488647617854,857.8265497076023,8.368421052631579,40.0,66.89015076167732,-0.9310379132112689,0.15789473684210525,0.42105263157894735,"ADA,ALT,APT,ATOM,BCH",仓位收益偏弱，降权参考
1423029,970,2026-08-03 20:16:54,30,0xac487c027ffe32021bbba77e30786f8c8f353201,money_printer,P-G,47.17747232642693,0.65,13,1,12,1.0,17.150469483568077,1.0417250364489095,2.177472326426929,784.7720085470085,11.0,20.0,16.243132349302407,-10.340955502387164,0.07692307692307693,0.7692307692307693,"HYPE,ASTER,BTC,ETH,PURR",高杠杆/短线赌徒型，长期单降权
1424112,970,2026-08-03 20:16:55,30,0xac50a255e330c388f44b9d01259d6b153a9f0ed9,money_printer,P-G,44.632465240639675,0.65,14,14,0,0.2857142857142857,-0.36753475936032337,,-0.36753475936032337,26.311845238095238,33.57142857142857,40.0,0.7570489165575633,-0.948899736618497,0.0,1.0,"BTC,ETH,PUMP",高杠杆/短线赌徒型，长期单降权
1423030,970,2026-08-03 20:16:54,30,0xac7bbfed474127e8683320421264d403fd2155f9,money_printer,P-N,50.0,1.0,1,0,1,,,58.35903988831721,58.35903988831721,866.66,20.0,20.0,60.31067403713002,0.0,0.0,1.0,SOL,仓位样本不足，暂不影响权重
1423466,970,2026-08-03 20:16:54,30,0xaca2d79168f9e9072c089e5f7d6eb0daefc13915,smart_money,P-G,45.00852229734761,0.65,405,403,2,0.5310173697270472,0.008436314548923463,0.025847831283154772,0.008522297347611023,3.531718106995885,13.241975308641976,20.0,0.32286040215255196,-0.30111571397698333,0.1308641975308642,0.5679012345679012,"ETH,SOL",高杠杆/短线赌徒型，长期单降权
1423031,970,2026-08-03 20:16:54,30,0xacb66d1996501bcc82a0e7819c9e041599f5efbd,money_printer,P-G,40.14575813546221,0.65,5,0,5,,,-4.71882171116601,-4.854241864537788,866.6600000000001,15.0,20.0,6.9122777393086015,-13.203560616493657,0.0,0.8,"BTC,ETH,HYPE,SOL,XRP",高杠杆/短线赌徒型，长期单降权
1424229,970,2026-08-03 20:16:55,30,0xacbf9fbc58d61bdafd70fd44213fdfe01311f2ab,smart_money,P-N,50.0,1.0,2,2,0,0.5,-1.3048264181724385,,-1.3048264181724385,2.865972222222222,6.0,6.0,0.39717504529094116,-1.3668717422817003,0.0,0.0,BTC,仓位样本不足，暂不影响权重
1423032,970,2026-08-03 20:16:54,30,0xacf5c9a3213f91182317ef74770ffb41f0c081f5,smart_money,P-R,25.0,-0.8,6,2,4,0.0,-1.5484783226785617,-14.167831024968542,-9.43466617952185,425.8777314814815,18.833333333333332,40.0,5.381561001139811,-13.818830073728508,0.16666666666666666,0.5,"BTC,BLUR,ETH,PUMP,APE",仓位真实收益偏反向，可作为反向参考
1423033,970,2026-08-03 20:16:54,30,0xad227f63d34e7251c1d0ab65e64eeea07aee4e44,money_printer,P-G,44.45069516177633,0.65,26,8,18,0.625,10.822492641256183,-6.102640401518699,-0.5493048382236722,620.9952136752137,12.038461538461538,40.0,10.061100745065612,-15.214719339369678,0.038461538461538464,0.8076923076923077,"HYPE,LIT,ETH,SOL,AAVE",高杠杆/短线赌徒型，长期单降权
1423034,970,2026-08-03 20:16:54,30,0xad59ed47c226987cf458a63428ca10887773ba81,smart_money,P-R,25.0,-0.8,9,0,9,,,-5.145338334007269,-5.145338334007269,788.3648765432098,5.333333333333333,10.0,6.587213190968539,-20.97403093603616,0.3333333333333333,0.3333333333333333,"BNB,BTC,ETH,HYPE,POL",仓位真实收益偏反向，可作为反向参考
1423035,970,2026-08-03 20:16:54,30,0xad68fabb1bec8b08c8080ad165ae5bdec64136d6,smart_money,P-C,98.2574436843514,0.75,5,2,3,1.0,1.4696266812795837,-5.756631420027044,-2.8661281795043934,329.3985,4.6,5.0,1.2428487270642774,-7.815651571562784,0.0,0.0,"ETH,HYPE,BTC",仓位收益偏弱，降权参考
1424099,970,2026-08-03 20:16:55,30,0xadabc828201be912b3ef3bde83f1e19703349fdb,smart_money,P-N,50.0,1.0,1,1,0,1.0,19.030359959545866,,19.030359959545866,841.6591666666667,5.0,5.0,26.320065296686746,0.0,0.0,0.0,BTC,仓位样本不足，暂不影响权重
1423393,970,2026-08-03 20:16:54,30,0xadc9cf23f55c6221a05a8150e5768d7c3289562f,money_printer,P-G,45.10307051156922,0.65,59,58,1,0.6206896551724138,0.10712784359987726,-0.8292725305448716,0.10307051156922209,12.343413370998116,40.0,40.0,0.3633862408114193,-0.30179352237256657,0.0,1.0,BTC,高杠杆/短线赌徒型，长期单降权
1423036,970,2026-08-03 20:16:54,30,0xadcbc1f36213b15399e0497508c50a1cda7bf08f,smart_money,P-B,100.0,1.0,3,1,2,1.0,6.439061054579093,18.457606925500222,14.45142496852651,639.8836111111111,3.0,3.0,23.261621376084005,0.0,1.0,0.0,"DOGE,SUI,SOL",仓位表现普通有效
1423037,970,2026-08-03 20:16:54,30,0xadeed59f446cb0a141837e8f7c22710d759cba65,smart_money,P-N,50.0,1.0,1,0,1,,,-90.0567745359572,-90.0567745359572,866.66,10.0,10.0,0.0,-153.03251442059243,0.0,1.0,HYPE,仓位样本不足，暂不影响权重
1424302,970,2026-08-03 20:16:55,30,0xae2445cdc416b6a70bbf84a8678a13ea6003e7f8,smart_money,P-G,39.99021415730918,0.65,4,4,0,0.0,-5.00978584269082,,-5.00978584269082,71.91458333333334,15.0,20.0,0.8260856584850749,-5.333487989857224,0.0,1.0,"HYPE,SOL",高杠杆/短线赌徒型，长期单降权
1423038,970,2026-08-03 20:16:54,30,0xae58db322be15464c1831b29540e42264cff2b23,smart_money,P-C,43.43131398328214,0.75,9,0,9,,,13.580894846634042,13.5963018891526,858.5666666666666,9.777777777777779,20.0,24.64628388215557,-6.822739524035826,0.1111111111111111,0.5555555555555556,"PAXG,SEI,SOL,VIRTUAL,XRP",仓位收益偏弱，降权参考
1424068,970,2026-08-03 20:16:55,30,0xae78adaba70f18c15418001263504af373884520,smart_money,P-G,44.88027777478723,0.65,92,92,0,0.5760869565217391,-0.11972222521277034,,-0.11972222521277034,16.631591183574894,18.315217391304348,40.0,1.513908900414064,-1.6818535811632267,0.05434782608695652,0.9021739130434783,"HYPE,ETH,BTC,SOL,LIT",高杠杆/短线赌徒型，长期单降权
1423039,970,2026-08-03 20:16:54,30,0xaea8e3bd369217cc6e3e6abddf0da318fba8e59b,money_printer,P-C,47.736694685856854,0.75,7,0,7,,,56.7254518368128,56.50867424464373,866.66,8.428571428571429,20.0,61.33340487889667,-1.1925424769461466,0.42857142857142855,0.2857142857142857,"APEX,BTC,ETH,HBAR,MELANIA",仓位收益偏弱，降权参考
1423449,970,2026-08-03 20:16:54,30,0xaeaab54bbf65bfd6efed7d2eb68372298e3c2416,money_printer,P-N,50.0,1.0,2,2,0,0.5,-0.14300770071117314,,-0.14300770071117314,68.08152777777778,20.0,20.0,1.0789333793624225,-1.41960178411907,0.0,1.0,BTC,仓位样本不足，暂不影响权重
1423482,970,2026-08-03 20:16:54,30,0xaecfe4eff84a1cd9a24accc1914ac537af7f6e1b,money_printer,P-B,85.79844041379971,1.0,5,4,1,0.75,10.259927017238988,-2.767857142857143,7.654370185219761,240.83844444444443,8.6,10.0,21.636981196962275,-4.982848182015987,0.2,0.8,"PUMP,HYPE,CASHCAT",仓位表现普通有效
1423365,970,2026-08-03 20:16:54,30,0xaf0fdd39e5d92499b0ed9f68693da99c0ec1e92e,money_printer,P-B,72.46755637865604,1.0,25,23,2,0.6956521739130435,2.3579955029335022,0.5403356363459576,2.1962520590113077,130.2740777777778,12.36,30.0,6.134091727504592,-3.4894305422632597,0.12,0.48,"HYPE,BTC,LIT,ETH,UNI",仓位表现普通有效
1423414,970,2026-08-03 20:16:54,30,0xaf2825f73a90cf08baf2577818826b79e3faca9b,smart_money,P-G,45.00119572490677,0.65,661,655,6,0.5190839694656488,0.0020840596936604725,-0.06223390558684281,0.0011957249067692938,5.3136182551689295,10.81694402420575,20.0,0.5923273030252918,-0.5791690427379694,0.0,0.7549167927382754,"ZEC,SOL,LIT,WLD,NEAR",高杠杆/短线赌徒型，长期单降权
1423444,970,2026-08-03 20:16:54,30,0xaf2ac71f62f341e5823d6985492409e92c940447,smart_money,P-G,44.95625850123704,0.65,212,211,1,0.4597156398104265,-0.04576521896928545,0.1122927641742146,-0.043741498762958866,3.388367400419285,17.12264150943396,30.0,0.19373111130854795,-0.19890946908881113,0.03773584905660377,0.6415094339622641,BTC,高杠杆/短线赌徒型，长期单降权
1423040,970,2026-08-03 20:16:54,30,0xaf313f5d2d87a40b7b4675f74f29618b5a46928e,smart_money,P-N,50.0,1.0,1,0,1,,,44.36089689169814,44.36089689169814,866.66,1.0,1.0,94.54887888537739,0.0,1.0,0.0,LIT,仓位样本不足，暂不影响权重
1423041,970,2026-08-03 20:16:54,30,0xaf37a82f0cf079a3d50674b87e889d2b270f4a44,money_printer,P-N,50.0,1.0,1,0,1,,,-91.37286670865554,-91.37286670865554,866.66,1.0,1.0,0.0,-91.72868286054553,1.0,0.0,XPL,仓位样本不足，暂不影响权重
1424090,970,2026-08-03 20:16:55,30,0xaf68caebaa151dd592112a07e2344b3950e13561,smart_money,P-B,78.17167634980146,1.0,318,318,0,0.5723270440251572,0.05439163402022569,,0.05439163402022569,2.2288871418588383,3.0,3.0,0.24548639724635346,-0.15479540961673807,1.0,0.0,ETH,仓位表现普通有效
1423042,970,2026-08-03 20:16:54,30,0xaf6f7a06f7bfb3bdf7bcd2c751564f4990d1efc7,smart_money,P-G,49.05922524758358,0.65,6,4,2,0.5,4.256160641600809,3.5507974816447225,4.0592252475835835,407.1564814814814,13.0,20.0,14.922713145260587,-4.503605999051086,0.16666666666666666,0.6666666666666666,"BTC,SOL,LIT,HYPE,NEAR",高杠杆/短线赌徒型，长期单降权
1423043,970,2026-08-03 20:16:54,30,0xaf9f722a676230cc44045efe26fe9a85801ca4fa,money_printer,P-B,62.27319940332105,1.0,724,686,38,0.5539358600583091,0.16110336296715183,1.448199335693413,0.2267451521058946,40.965393646408806,9.915745856353592,20.0,1.8600406405010859,-1.7293257437982272,0.10773480662983426,0.6477900552486188,"HYPE,LIT,WLD,SOL,ENA",仓位表现普通有效
1423445,970,2026-08-03 20:16:54,30,0xb01d0612743a3401b16bef157bd69a909e3cd1dd,smart_money,P-G,44.62152621252436,0.65,15,14,1,0.6428571428571429,-0.530308151552191,1.747207309596087,-0.37847378747563937,56.55674074074076,10.866666666666667,25.0,3.3369112184560596,-3.145261917173119,0.06666666666666667,0.8,"HYPE,ETH,kBONK,CASHCAT,kPEPE",高杠杆/短线赌徒型，长期单降权
1423462,970,2026-08-03 20:16:54,30,0xb0a9214592fb899aefab0b615f2b870276cee092,smart_money,P-G,44.94985205664923,0.65,224,223,1,0.4125560538116592,-0.05010761688469764,-0.05933798225810214,-0.05014794335077067,3.8690178571428566,20.0,20.0,0.21059068368922879,-0.22640723420262862,0.0,1.0,BTC,高杠杆/短线赌徒型，长期单降权
1423044,970,2026-08-03 20:16:54,30,0xb0e6a62003899991f79ff2c35b2c5d3659a91803,smart_money,P-N,50.0,1.0,1,0,1,,,25.411075433159922,25.411075433159922,866.66,20.0,20.0,32.070310491654624,0.0,0.0,1.0,BTC,仓位样本不足，暂不影响权重
1423259,970,2026-08-03 20:16:54,30,0xb0fbfefc6c325964d0ffc3f909bdda80b8421326,money_printer,P-C,69.4208346237732,0.75,30,21,9,0.47619047619047616,-0.35693824984693334,3.9398256952507236,0.8248110382882882,354.1982962962963,7.466666666666667,25.0,8.203264404346024,-12.682941576894034,0.1,0.36666666666666664,"MON,KAITO,ENA,HYPE,ETH",仓位收益偏弱，降权参考
1423353,970,2026-08-03 20:16:54,30,0xb14d1598dbfeaec11bae2a382b29adfcab9e8560,smart_money,P-R,25.0,-0.8,7,6,1,0.3333333333333333,-1.5898314990136555,2.3173604618610617,-1.0822197824028978,232.1263888888889,11.285714285714286,40.0,7.3880079086978006,-3.6210817299334415,0.42857142857142855,0.2857142857142857,"SOL,PUMP,BTC,GRASS,ETH",仓位真实收益偏反向，可作为反向参考
1423045,970,2026-08-03 20:16:54,30,0xb1505ad1a4c7755e0eb236aa2f4327bfc3474768,smart_money,P-N,50.0,1.0,1,0,1,,,10.426220398632688,10.426220398632688,866.66,20.0,20.0,18.423290431580785,0.0,0.0,1.0,BTC,仓位样本不足，暂不影响权重
1424140,970,2026-08-03 20:16:55,30,0xb19e03768f72cb1b47fcd68f7fb99460b1e789b9,smart_money,P-C,18.188637893828357,0.75,4,4,0,0.0,-4.415981009725634,,-4.415981009725634,38.31673611111111,5.0,5.0,2.761096245011037,-4.611228837450827,0.0,0.0,"GRAM,UNI,ENA",仓位收益偏弱，降权参考
1423416,970,2026-08-03 20:16:54,30,0xb2139bc97c2dc43f8825d033d08ecb9e2c8be00f,smart_money,P-G,44.29876466167836,0.65,25,23,2,0.391304347826087,-0.9087338890468588,1.6849979950183627,-0.701235338321641,40.34138888888889,17.2,40.0,2.249326744999296,-2.3349983567114543,0.0,1.0,"ETH,HYPE,AAVE,ONDO,BTC",高杠杆/短线赌徒型，长期单降权
1424303,970,2026-08-03 20:16:55,30,0xb215c5a6fa4335147185ba2f03ea79c5a4eec70c,smart_money,P-N,50.0,1.0,2,2,0,0.0,-0.8945802886965166,,-0.8945802886965166,6.500416666666666,20.0,20.0,0.518321890547973,-1.1893423922023585,0.0,1.0,ETH,仓位样本不足，暂不影响权重
1423430,970,2026-08-03 20:16:54,30,0xb245ed242d9f9a86e75cdb30892d9d922cd568ba,money_printer,P-G,44.08699897227619,0.65,3,2,1,0.5,-0.5749602827331677,-1.5890825177051007,-0.913001027723812,209.22166666666666,30.0,30.0,6.966971875076333,-2.644043903732387,0.0,1.0,BTC,高杠杆/短线赌徒型，长期单降权
1423046,970,2026-08-03 20:16:54,30,0xb27bbaadcdfeab937069b4d966ee6bf5a32c999b,smart_money,P-B,100.0,1.0,10,1,9,1.0,6.938858145498712,4.917901188734037,4.8066513498628005,521.5166944444444,8.1,10.0,12.316243230097884,-21.71897616195987,0.2,0.7,"ONDO,GRASS,HYPE,LIT,WLD",仓位表现普通有效
1424187,970,2026-08-03 20:16:55,30,0xb28bdcb4c7db9370b73f6dbd57671416a0a57dd6,smart_money,P-N,50.0,1.0,2,2,0,1.0,6.555816098921082,,6.555816098921082,105.16569444444444,10.0,10.0,10.352817579343455,-0.747252630853652,0.0,1.0,HYPE,仓位样本不足，暂不影响权重
1423314,970,2026-08-03 20:16:54,30,0xb294964ceb670a21d34693da52a39c9837dd651f,smart_money,P-G,48.88229468081199,0.65,4,3,1,1.0,4.535938520598354,1.9213631614528917,3.882294680811988,238.61819444444444,23.75,30.0,4.981923676772958,-1.5030286531636035,0.0,1.0,"BTC,ETH,SOL",高杠杆/短线赌徒型，长期单降权
1423264,970,2026-08-03 20:16:54,30,0xb2a7131040bd752a98861dc8b2089a5ccf767836,smart_money,P-R,25.0,-0.8,38,34,4,0.29411764705882354,-0.5216124650683213,2.8402646758537813,-0.36863865094314496,141.28344298245617,13.078947368421053,40.0,2.4890132108047625,-3.0152691179530238,0.5,0.3157894736842105,"GMT,BTC,LIT,CC,ETH",仓位真实收益偏反向，可作为反向参考
1423047,970,2026-08-03 20:16:54,30,0xb2f42334fffc3947b4c79c7e3dc3d387d391f148,smart_money,P-N,50.0,1.0,1,0,1,,,-95.27904989372658,-95.27904989372658,866.66,1.0,1.0,0.0,-95.67565790915266,1.0,0.0,FOGO,仓位样本不足，暂不影响权重
1423048,970,2026-08-03 20:16:54,30,0xb2f7374b222a930d20e8d556f33228211d1baf9f,money_printer,P-G,47.59558169253751,0.65,10,2,8,0.5,9.813942649888698,3.3278039570462283,2.5955816925375053,622.1198333333334,10.0,20.0,13.245741810699528,-11.48020349294001,0.0,0.8,"AAVE,HYPE,MON,ZEC,NEAR",高杠杆/短线赌徒型，长期单降权
1423049,970,2026-08-03 20:16:54,30,0xb39766100347e1ffa1459492c85e8e3a2b25d3a0,smart_money,P-R,25.0,-0.8,8,0,8,,,-25.254667508392956,-25.254667508392952,844.3061111111111,8.5,20.0,4.944277710804315,-39.30705481457636,0.125,0.25,"AVNT,BTC,ENA,LDO,PUMP",仓位真实收益偏反向，可作为反向参考
1424365,970,2026-08-03 20:16:55,30,0xb3c51f05eb1e2f03867a858f33c38dc2183b6b26,smart_money,P-N,50.0,1.0,1,1,0,0.0,-1.0808496357629345,,-1.0808496357629345,1.9977777777777779,10.0,10.0,0.0,-1.0808496357629342,0.0,1.0,ETH,仓位样本不足，暂不影响权重
1423050,970,2026-08-03 20:16:54,30,0xb3e475368ed0fa0ad23c04de0423d48a0758806f,money_printer,P-C,31.933087675200383,0.75,4,0,4,,,7.229648375985789,1.956243880960379,866.66,5.25,10.0,24.582560280716223,-34.33279825831064,0.5,0.25,"HYPE,LIT,MNT,PURR",仓位收益偏弱，降权参考
1423051,970,2026-08-03 20:16:54,30,0xb3fe34bfb501665f4329915a7024ba5a6bec495f,smart_money,P-B,63.21121568426072,1.0,4,2,2,0.5,17.730921246414994,-12.54030547543389,2.5953078854905502,560.5148611111111,7.5,10.0,13.144592059254663,-20.360255037775502,0.0,0.5,"COMP,HYPE,AAVE,MORPHO",仓位表现普通有效
1423052,970,2026-08-03 20:16:54,30,0xb40da15b8cc492fff87d9b1e06bb45769d7e75d9,smart_money,P-C,72.88218864546643,0.75,11,8,3,0.625,0.2959285749008467,-10.717724057268972,-1.4135963757851835,325.65477272727276,6.181818181818182,10.0,7.130615064792547,-12.047632714381452,0.18181818181818182,0.2727272727272727,"LIT,WLD,VVV,JTO,ADA",仓位收益偏弱，降权参考
1423053,970,2026-08-03 20:16:54,30,0xb42943e70cb3e27ce45c8c6008b623f292b5dd04,smart_money,P-N,50.0,1.0,1,0,1,,,14.028724656497394,14.028724656497394,866.66,6.0,6.0,21.704166206508305,0.0,0.0,0.0,BTC,仓位样本不足，暂不影响权重
1424364,970,2026-08-03 20:16:55,30,0xb4321b142b2a03ce20fcab2007ff6990b9acba93,money_printer,P-C,60.76891734605581,0.75,52,52,0,0.4423076923076923,-0.09631055774132641,,-0.09631055774132641,1.7370619658119664,5.0,5.0,0.5281055731049454,-0.5883249742048322,0.0,0.0,ZEC,仓位收益偏弱，降权参考
1423354,970,2026-08-03 20:16:54,30,0xb46bf797b3efd9ae28642bbcd6f7bb6f7b52538e,smart_money,P-G,46.547044055008804,0.65,4,3,1,0.6666666666666666,1.427797453968888,1.9047838581285632,1.5470440550088065,63.67576388888889,15.0,20.0,3.124093098062488,-0.4867887795705359,0.0,1.0,"BTC,ETH,NEAR,HYPE",高杠杆/短线赌徒型，长期单降权
1423467,970,2026-08-03 20:16:54,30,0xb4d6fe0f1504a55c65a986ef55b9148a6f0dae7a,smart_money,P-G,45.00513758343701,0.65,317,316,1,0.5,0.005370026191783747,-0.06831432707005877,0.005137583437014544,2.2723343848580435,20.0,20.0,0.23146894094961207,-0.2043682669828503,0.0,1.0,SOL,高杠杆/短线赌徒型，长期单降权
1423054,970,2026-08-03 20:16:54,30,0xb506ddd40c5a39157c46f1b5b33f01d7964f8476,smart_money,P-N,50.0,1.0,1,0,1,,,40.26206612209137,40.26206612209137,866.66,10.0,10.0,86.73821733192464,0.0,0.0,1.0,HYPE,仓位样本不足，暂不影响权重
1423324,970,2026-08-03 20:16:54,30,0xb5101614ad71468a041a83e64d8b834aa17a1ed6,smart_money,P-C,28.719837659971695,0.75,4,3,1,0.3333333333333333,-9.10592708283434,-7.950409924779485,-8.81704779332063,225.9620138888889,7.0,10.0,6.760518653265962,-12.62607363321721,0.25,0.5,"HYPE,CASHCAT,GRAM",仓位收益偏弱，降权参考
1423055,970,2026-08-03 20:16:54,30,0xb56a8e43ac07b1b84d14657e0135e4fb196858a6,smart_money,P-C,43.56250902220641,0.75,7,0,7,,,6.912907168174779,6.9129071681747805,743.7086507936508,6.142857142857143,10.0,20.411083701372245,-10.378447500014348,0.14285714285714285,0.2857142857142857,"BNB,EIGEN,FET,TRX,USUAL",仓位收益偏弱，降权参考
1424142,970,2026-08-03 20:16:55,30,0xb632c6580173a16154f17cdafc6eb27e95cf73b7,money_printer,P-N,50.0,1.0,2,2,0,0.5,0.05100918555079659,,0.05100918555079659,459.47305555555556,3.5,4.0,5.253137341321463,-3.6247317145087767,0.5,0.0,"BTC,ETH",仓位样本不足，暂不影响权重
1424333,970,2026-08-03 20:16:55,30,0xb668858ff53322d5511651a2cd92391eb5d60ee3,smart_money,P-B,72.35286080970594,1.0,112,112,0,0.49107142857142855,-0.01106959514702842,,-0.01106959514702842,1.8463764880952362,3.0,3.0,0.17116923545313675,-0.15850704819424524,1.0,0.0,BTC,仓位表现普通有效
1423056,970,2026-08-03 20:16:54,30,0xb66d6ee35cb1d1c65423154dc6d5baf34da9c612,smart_money,P-N,50.0,1.0,1,0,1,,,-41.63656896623507,-41.63656896623507,866.66,10.0,10.0,0.0,-88.56816478621093,0.0,1.0,HYPE,仓位样本不足，暂不影响权重
1424210,970,2026-08-03 20:16:55,30,0xb69eec8fea0081343c3b09e652ba1fa7dcf7033a,smart_money,P-C,0.0,0.75,4,4,0,0.0,-7.153131500268423,,-7.153131500268423,213.30506944444446,11.25,20.0,0.8243201755450467,-11.642961737004104,0.5,0.5,"CASHCAT,BTC,ETH",仓位收益偏弱，降权参考
1423057,970,2026-08-03 20:16:54,30,0xb70c6d3e997e6cdc94a5598f458c7cb7e915fd4d,smart_money,P-G,65.0,0.65,5,0,5,,,33.22326035916507,31.96404282552343,866.6600000000001,15.0,25.0,40.41091464063563,-10.14373571430057,0.0,1.0,"AVAX,BNB,ETH,HYPE,SOL",高杠杆/短线赌徒型，长期单降权
1423419,970,2026-08-03 20:16:54,30,0xb730e6f15b5d89254db2e84cf0a7fc3bcc2129cc,smart_money,P-C,64.83978074410334,0.75,91,90,1,0.4111111111111111,-0.9686524324725648,0.5806654111738785,-0.9689985168372189,4.6123717948717955,3.0,3.0,2.0492459101031533,-3.2107791832127757,1.0,0.0,CASHCAT,仓位收益偏弱，降权参考
1423455,970,2026-08-03 20:16:54,30,0xb756c89e73c8711a881c009e10f79b1566f80cdb,smart_money,P-G,45.00144709191917,0.65,95,94,1,0.5,-0.0010770700645367668,0.23568281594079002,0.0014470919191683195,7.58721929824561,20.0,20.0,0.3526382795253095,-0.3072976545208632,0.0,1.0,BTC,高杠杆/短线赌徒型，长期单降权
1423325,970,2026-08-03 20:16:54,30,0xb76bc3d01ac05fd8cb1078334923785f76fe0b3c,smart_money,P-C,79.82799910960577,0.75,15,12,3,0.75,-2.0886594257816604,0.8520171852304265,-1.7164567404755218,140.1046851851852,9.4,20.0,7.835024576949554,-6.132185964331302,0.4666666666666667,0.4,"HYPE,TAO,BTC,SOL,CASHCAT",仓位收益偏弱，降权参考
1423058,970,2026-08-03 20:16:54,30,0xb7789ab9f0d568e0aa5469e3cc8eff8682fc8673,smart_money,P-B,100.0,1.0,16,2,14,1.0,67.49659614114874,-0.8132363259275286,7.73168806607225,776.6291666666666,8.375,20.0,31.698189313356124,-24.787660512121796,0.25,0.5,"DOGE,ENA,HYPE,INJ,NEAR",仓位表现普通有效
1424237,970,2026-08-03 20:16:55,30,0xb798aef79972ce8f73d47b9ebbcda6bbb7ec4fbf,money_printer,P-B,100.0,1.0,4,4,0,0.75,3.4044169317952555,,3.4044169317952555,419.7773611111111,2.5,3.0,12.024878013765623,-2.0644863249849688,1.0,0.0,"BTC,ETH,SOL",仓位表现普通有效
1423059,970,2026-08-03 20:16:54,30,0xb7ad15ad3457d8b4a3f9c5007bbf27c1f80092bd,smart_money,P-G,48.26836964404647,0.65,6,0,6,,,3.2683696440464765,3.2683696440464765,866.66,20.833333333333332,40.0,26.44717322228536,-32.11999973751428,0.0,1.0,"BTC,DOGE,ETH,HYPE,SOL",高杠杆/短线赌徒型，长期单降权
1424366,970,2026-08-03 20:16:55,30,0xb7dbd6012313c5f7d5fada7eb1213de2030970c4,smart_money,P-N,50.0,1.0,1,1,0,1.0,11.941621748660499,,11.941621748660499,54.219166666666666,3.0,3.0,11.941621748660499,-1.3008164766843722,1.0,0.0,LIT,仓位样本不足，暂不影响权重
1423060,970,2026-08-03 20:16:54,30,0xb7e09a94603f4fd3b67537b4c43584fe1498ae05,smart_money,P-B,68.83376913874734,1.0,19,16,3,0.625,0.34911994559088383,-2.7572348006243756,-0.14135711960099928,57.41454678362577,6.578947368421052,10.0,2.7061438416996393,-1.675453889663215,0.2631578947368421,0.42105263157894735,"VVV,LIT,PUMP,FARTCOIN,APE",仓位表现普通有效
1423355,970,2026-08-03 20:16:54,30,0xb7fb2b774eb5e2dad9c060fb367acbdc7fa7099b,smart_money,P-B,100.0,1.0,4,2,2,1.0,8.800043560957134,1.1972901210313391,4.61430544015341,145.84256944444445,7.5,10.0,7.532388230033609,-3.4632073427329857,0.0,0.5,"HYPE,ZEC,BTC",仓位表现普通有效
1423061,970,2026-08-03 20:16:54,30,0xb8243756956e722bff5c763971b562ac551bfbd2,smart_money,P-N,50.0,1.0,1,0,1,,,11.026505204587389,11.026505204587389,866.66,40.0,40.0,23.972206819346944,0.0,0.0,1.0,BTC,仓位样本不足，暂不影响权重
1423062,970,2026-08-03 20:16:54,30,0xb83de012dba672c76a7dbbbf3e459cb59d7d6e36,money_printer,P-C,63.56025318474033,0.75,16,3,13,0.3333333333333333,-16.7261319066903,7.646027564249922,3.092860012423879,692.7030902777777,5.875,10.0,15.409600550152039,-11.300911884105348,0.1875,0.25,"ETH,ASTER,BTC,APE,AVAX",仓位收益偏弱，降权参考
1423315,970,2026-08-03 20:16:54,30,0xb8452370507965180c053b578403ba1347ded1ad,smart_money,P-B,60.658347900172885,1.0,36,28,8,0.5357142857142857,1.7652380490371893,0.6449246100053891,1.5791739500864388,133.90193672839507,12.722222222222221,40.0,5.6575564779163,-2.6672968526003915,0.027777777777777776,0.5,"BTC,LIT,ETH,ZEC,XMR",仓位表现普通有效
1424201,970,2026-08-03 20:16:55,30,0xb854f7f40f0f3e1801fb6d8828b6f6dd97ebf33b,smart_money,P-G,45.354918795903046,0.65,10,10,0,0.7,0.3549187959030491,,0.3549187959030491,1.7632222222222222,20.0,20.0,0.5304858250003677,-0.18039459452491818,0.0,1.0,"SOL,ETH",高杠杆/短线赌徒型，长期单降权
1423483,970,2026-08-03 20:16:54,30,0xb8eb97eaed8367079894d2f1bed69bd220ec1dd5,money_printer,P-G,45.14583731042528,0.65,34,33,1,0.5151515151515151,0.14913774773082236,0.0369228793424546,0.14583731042528214,23.185964052287577,25.0,25.0,0.5407594482215224,-0.4767971373546592,0.0,1.0,ETH,高杠杆/短线赌徒型，长期单降权
1423063,970,2026-08-03 20:16:54,30,0xb919448d2f1797e5d9e7b9e88cd909a5089e6d4e,smart_money,P-C,37.261060144963466,0.75,6,1,5,0.0,-0.9698688521963466,10.945178153143834,7.906440487230178,838.4929629629629,8.333333333333334,10.0,17.158328438745112,-13.85627495266084,0.0,0.6666666666666666,"ARB,HYPE,OP,POL,TRUMP",仓位收益偏弱，降权参考
1423341,970,2026-08-03 20:16:54,30,0xb947763b6e64b4441b02562a63fda94f6b805162,smart_money,P-G,52.1063060696412,0.65,4,3,1,0.6666666666666666,7.319954883046308,6.6360792754690365,7.106306069641202,379.9888888888889,20.0,40.0,19.53487698593021,-2.294310854176924,0.0,1.0,"TRUMP,BCH,BTC,ETH",高杠杆/短线赌徒型，长期单降权
1423064,970,2026-08-03 20:16:54,30,0xb962b4452188b4bfbaefe83c8168a3335750b2e1,smart_money,P-N,50.0,1.0,1,0,1,,,-89.9160958701152,-89.91609587011521,866.66,1.0,1.0,0.0,-90.331994853283,1.0,0.0,XPL,仓位样本不足，暂不影响权重
1423338,970,2026-08-03 20:16:54,30,0xb99b8711ec0117fc816fd7ac1f9d29e061ec631b,smart_money,P-A,100.0,1.15,7,6,1,0.8333333333333334,2.980490774802446,6.786047596826865,3.524141749377363,135.11539682539686,3.0,3.0,9.645397427695146,-3.248702333861743,1.0,0.0,"ENA,SOL,ETH,HYPE,GRASS",仓位收益稳定，适合加权参考
1423065,970,2026-08-03 20:16:54,30,0xba0898f80da916730912bb2c2a18b8d76bc8985c,smart_money,P-N,50.0,1.0,1,0,1,,,-21.289799924537046,-21.289799924537046,866.66,3.0,3.0,0.0,-28.316978917229964,1.0,0.0,BTC,仓位样本不足，暂不影响权重
1423446,970,2026-08-03 20:16:54,30,0xba5f4f92f396e6de20d3dae5eefa65f4ecca806a,smart_money,P-B,62.8279215900767,1.0,80,79,1,0.5822784810126582,0.036286403322560945,-0.056134723336003986,0.034213959595313655,9.287270833333334,9.325,20.0,0.4274595894815526,-0.35942161818823876,0.4875,0.4,ETH,仓位表现普通有效
1423278,970,2026-08-03 20:16:54,30,0xba6de73b64eca3ff95c4ab7e5328912c360bd003,smart_money,P-G,45.01944989919882,0.65,32,27,5,0.25925925925925924,-0.8089108770661737,4.033929368603739,0.019449899198815568,174.67347222222216,23.78125,40.0,2.738307930138661,-3.1210008354004195,0.0625,0.8125,"ETH,BTC,AERO,FET,TAO",高杠杆/短线赌徒型，长期单降权
1423373,970,2026-08-03 20:16:54,30,0xba939edf38c0ae0cc689c98b492e0535f43e4550,smart_money,P-B,81.45703910084498,1.0,21,18,3,0.7222222222222222,1.6872943866582188,-2.866698523815146,1.0539310132608282,102.73669312169311,8.904761904761905,20.0,3.0797682450637236,-2.8988218699696997,0.09523809523809523,0.5714285714285714,"SOL,AAVE,HYPE,BTC,NEAR",仓位表现普通有效
1424320,970,2026-08-03 20:16:55,30,0xbaaaf6571ab7d571043ff1e313a9609a10637864,money_printer,P-N,50.0,1.0,2,2,0,1.0,1.130015331429096,,1.130015331429096,185.76999999999998,3.0,3.0,11.407608681092277,-1.0028263983456154,1.0,0.0,HYPE,仓位样本不足，暂不影响权重
1423066,970,2026-08-03 20:16:54,30,0xbadbb1de95b5f333623ebece7026932fa5039ee6,money_printer,P-N,50.0,1.0,2,0,2,,,35.35103187565184,35.35103187565185,866.66,12.5,20.0,66.70438265838483,-15.1227840258183,0.0,0.5,"ETH,HYPE",仓位样本不足，暂不影响权重
1424318,970,2026-08-03 20:16:55,30,0xbae5e1fd212efdfae8a9ff44d5667c95f10f7902,smart_money,P-N,50.0,1.0,2,2,0,0.5,0.25296769732911417,,0.25296769732911417,130.2526388888889,10.0,10.0,4.6276030688133165,-3.019289339137976,0.0,1.0,HYPE,仓位样本不足，暂不影响权重
1423067,970,2026-08-03 20:16:54,30,0xbb088e9852e18b1df8890d8d0f48bdcec0ab0964,smart_money,P-N,50.0,1.0,1,0,1,,,1.0383988163163236,1.0383988163163236,866.66,20.0,20.0,5.465596001228154,-11.785228890276883,0.0,1.0,SOL,仓位样本不足，暂不影响权重
1424331,970,2026-08-03 20:16:55,30,0xbb160cb61e694570f9d570f9fcde7c61dd2143ad,smart_money,P-C,69.3898076114526,0.75,60,60,0,0.45,-0.055096194273696844,,-0.055096194273696844,2.0000324074074074,3.0,3.0,0.12000736361716753,-0.14853364629393073,1.0,0.0,BTC,仓位收益偏弱，降权参考
1423068,970,2026-08-03 20:16:54,30,0xbb34960afec64f3f1cc78b0c9c342c4657021696,smart_money,P-R,25.0,-0.8,7,4,3,0.25,-0.2204230425379997,-4.554917784847477,-1.5824972642988002,376.3073015873016,8.714285714285714,10.0,4.782374066583905,-8.435832624052717,0.0,0.7142857142857143,"BTC,ETH,HYPE,LIT,PUMP",仓位真实收益偏反向，可作为反向参考
1423468,970,2026-08-03 20:16:54,30,0xbb475febf78b528f4f0d4ae1a12541406565199c,money_printer,P-G,44.89297241407479,0.65,38,37,1,0.40540540540540543,-0.10963875620290194,-0.061528537969218366,-0.10702758592521072,20.94167397660819,13.0,13.0,0.35914527485672765,-0.38063531915592747,0.0,1.0,BTC,高杠杆/短线赌徒型，长期单降权
1423326,970,2026-08-03 20:16:54,30,0xbb828515677729c4db2f790a52cf14b1c659e19f,smart_money,P-C,58.295686829598644,0.75,1066,1029,37,0.4645286686103013,-0.09976545598866071,-0.18577613043668964,-0.10127912352182572,25.47183474046279,7.469043151969982,20.0,1.5309853013315264,-1.6449289251999073,0.18667917448405252,0.50093808630394,"LIT,FARTCOIN,PUMP,KAITO,UNI",仓位收益偏弱，降权参考
1423356,970,2026-08-03 20:16:54,30,0xbb8d8e9428b4ad06b1f6de7cba830ae13a86bd13,smart_money,P-N,50.0,1.0,1,0,1,,,-2.9814728320099664,-2.981472832009966,210.7072222222222,20.0,20.0,2.047329908142603,-4.7407753386268165,0.0,1.0,ETH,仓位样本不足，暂不影响权重
1424278,970,2026-08-03 20:16:55,30,0xbb97757984fa4408c13bd3b4a9189f520bf317d3,money_printer,P-B,100.0,1.0,3,3,0,1.0,14.78933725162905,,14.78933725162905,322.98018518518523,3.6666666666666665,5.0,17.10668022650871,-10.237962132326098,0.6666666666666666,0.0,"AERO,MET,SPX",仓位表现普通有效
1423411,970,2026-08-03 20:16:54,30,0xbba0681681815bd70f9075e0235e7997b7b519d9,smart_money,P-R,25.0,-0.8,91,88,3,0.29545454545454547,-1.3871794015274697,-0.45675070717709465,-1.3598061430698578,31.585103785103787,8.593406593406593,15.0,2.7277392779509713,-3.1224840102743237,0.04395604395604396,0.7032967032967034,"UNI,kPEPE,LDO,ZEC,AAVE",仓位真实收益偏反向，可作为反向参考
1423069,970,2026-08-03 20:16:54,30,0xbbe9e1588a359337c3235de3b808da991cfc2efe,smart_money,P-C,0.43787921386329387,0.75,3,0,3,,,-12.520972464020701,-12.520972464020701,778.7692592592592,8.333333333333334,10.0,16.541507798759422,-15.328987475392225,0.0,0.6666666666666666,"ADA,HYPE,LIT",仓位收益偏弱，降权参考
1423070,970,2026-08-03 20:16:54,30,0xbbf7d7a9d0eaeab4115f022a6863450296112422,smart_money,P-G,48.18040373440165,0.65,21,2,19,1.0,11.578733268441177,1.5553389651005964,3.1804037344016507,784.1209523809524,12.857142857142858,40.0,10.671001797043127,-7.978389271873203,0.0,0.9523809523809523,"kSHIB,AAVE,ADA,AVAX,BCH",高杠杆/短线赌徒型，长期单降权
1424327,970,2026-08-03 20:16:55,30,0xbc1bc64be47052fbab69d12fe5da1c3327788d1b,money_printer,P-N,50.0,1.0,2,2,0,0.0,-1.831478191633941,,-1.831478191633941,82.19819444444444,3.0,3.0,1.5803609596284296,-2.621946671703298,1.0,0.0,BTC,仓位样本不足，暂不影响权重
1423071,970,2026-08-03 20:16:54,30,0xbc433ba7c34752448c5361e5ed3038628a1753b0,money_printer,P-G,65.0,0.65,10,1,9,1.0,69.19588222590166,23.765136983841526,29.074150600640916,702.3616666666667,10.0,20.0,38.371655564481316,-5.3101442943031065,0.4,0.6,"BNB,BTC,ETH,SOL,VVV",高杠杆/短线赌徒型，长期单降权
1423072,970,2026-08-03 20:16:54,30,0xbc5bf88fd012612ba92c5bd96e183955801b7fdc,smart_money,P-N,50.0,1.0,2,1,1,0.0,-1.632900706974783,1.6514790809369069,0.009289186981061959,454.82638888888886,17.5,25.0,13.314111993533661,-1.9913603816681773,0.0,1.0,"AAVE,ETH",仓位样本不足，暂不影响权重
1423073,970,2026-08-03 20:16:54,30,0xbc6d435e62e54273bf756fe6262dd66dbd6b0c02,smart_money,P-B,74.8813056463045,1.0,19,8,11,0.5,8.086871081304944,2.4083053963011563,4.783726923651262,756.8466228070175,8.736842105263158,20.0,19.658525021807836,-11.373825222141356,0.10526315789473684,0.47368421052631576,"BTC,HYPE,LTC,NEAR,OP",仓位表现普通有效
1423074,970,2026-08-03 20:16:54,30,0xbc80d11005f958934735d61f5b71f05060cb1d9c,smart_money,P-N,50.0,1.0,1,0,1,,,43.722140328109354,43.722140328109354,866.66,13.0,13.0,48.74657925547672,0.0,0.0,1.0,BTC,仓位样本不足，暂不影响权重
1424280,970,2026-08-03 20:16:55,30,0xbc8b92deb18a2ac9c1ffc1e522954dad81fe74bb,smart_money,P-N,50.0,1.0,1,1,0,0.0,-0.8621571149488992,,-0.8621571149488992,73.01638888888888,25.0,25.0,2.1554290741525572,-0.9590287008982114,0.0,1.0,ETH,仓位样本不足，暂不影响权重
1424239,970,2026-08-03 20:16:55,30,0xbc927e87d072dfac3693846a83fa6922cc6c5f2a,smart_money,P-G,44.96132248779592,0.65,9,9,0,0.3333333333333333,-0.0386775122040823,,-0.0386775122040823,155.54006172839507,11.444444444444445,20.0,1.813193672543106,-2.676328493634612,0.1111111111111111,0.8888888888888888,"BTC,HYPE,ETH,SOL",高杠杆/短线赌徒型，长期单降权
1424381,970,2026-08-03 20:16:55,30,0xbc9f1c4b09dbce9849e201cb0729d8582266cac7,smart_money,P-N,50.0,1.0,2,2,0,1.0,0.22201219312387166,,0.22201219312387166,0.6220833333333333,40.0,40.0,0.22201219312387166,-0.08074597607778734,0.0,1.0,BTC,仓位样本不足，暂不影响权重
1423075,970,2026-08-03 20:16:54,30,0xbcd420d13362532756c968f663f96ba95e240dd2,money_printer,P-G,43.246386026102726,0.65,22,11,11,0.36363636363636365,-0.91460405338856,-2.937821570574643,-1.7536139738972738,320.785643939394,12.5,20.0,7.407852814500564,-6.0155009396138075,0.0,0.7727272727272727,"BTC,HYPE,ADA,ETH,AAVE",高杠杆/短线赌徒型，长期单降权
1423076,970,2026-08-03 20:16:54,30,0xbcfbbf38789d63721e800f1f8595af816e52c417,smart_money,P-N,50.0,1.0,1,0,1,,,-3.747433718769174,-3.747433718769174,866.66,3.0,3.0,28.146070694085136,-9.215093712367835,1.0,0.0,HYPE,仓位样本不足，暂不影响权重
1423255,970,2026-08-03 20:16:54,30,0xbd1b3513bb0ce1529242cfb28926618809592362,smart_money,P-B,94.54391112775437,1.0,3,1,2,1.0,0.22721954703875655,8.367557378068627,5.719682623612205,606.2709259259259,10.0,20.0,9.772189635789294,-2.4741471508076414,0.0,0.3333333333333333,"BTC,ETH,SOL",仓位表现普通有效
1423077,970,2026-08-03 20:16:54,30,0xbd1c84113c6deb5044be0c2221f9e9403811ff0e,smart_money,P-N,50.0,1.0,1,0,1,,,7.594766019919874,7.594766019919874,866.66,20.0,20.0,12.442417285686117,-2.011202187173946,0.0,1.0,BTC,仓位样本不足，暂不影响权重
1423078,970,2026-08-03 20:16:54,30,0xbd49d787655919f7ccf051d372a15e4363dd3d01,money_printer,P-A,83.6678655271732,1.15,15,7,8,0.5714285714285714,2.714596935804716,11.55225674972839,6.4534764683081995,511.64718518518515,6.866666666666666,20.0,15.61180343751573,-8.039543704707048,0.26666666666666666,0.4,"LIT,BNB,AERO,ASTER,LINK",仓位收益稳定，适合加权参考
1424345,970,2026-08-03 20:16:55,30,0xbd6a65ef504a12f0ed8e8dfd3253b02ebc62c00d,smart_money,P-N,50.0,1.0,1,1,0,1.0,4.153481012658239,,4.153481012658239,0.9986111111111111,2.0,2.0,4.153481012658239,0.0,1.0,0.0,CASHCAT,仓位样本不足，暂不影响权重
1423456,970,2026-08-03 20:16:54,30,0xbd9c944dcfb31cd24c81ebf1c974d950f44e42b8,money_printer,P-G,44.939149675147696,0.65,11,9,2,0.6666666666666666,-0.046209177389068504,-0.12673548843684274,-0.06085032485230015,52.16972222222221,14.0,25.0,1.308133561694583,-1.3492418681541298,0.09090909090909091,0.6363636363636364,"SOL,BTC,ETH,HYPE,PUMP",高杠杆/短线赌徒型，长期单降权
1423079,970,2026-08-03 20:16:54,30,0xbda495ebf6fc94d61f9a7f22b9877273378ed82b,smart_money,P-B,79.78418838262809,1.0,586,475,111,0.5368421052631579,0.12052432852599923,1.604517603421195,0.3415283569328659,161.4592851725446,4.674061433447099,12.0,4.655568667592711,-4.605678702558489,0.39761092150170646,0.023890784982935155,"HYPE,WLD,FIL,ONDO,XLM",仓位表现普通有效
1423080,970,2026-08-03 20:16:54,30,0xbe19541903f64af97bcf8436f4d15bf3a56b8bd1,money_printer,P-B,80.65353620550437,1.0,9,2,7,0.5,-1.7662315914002384,37.51233820135543,28.298433296925776,766.6966358024691,9.11111111111111,20.0,37.414184145003354,-14.17642641161674,0.3333333333333333,0.4444444444444444,"ASTER,CHIP,FARTCOIN,HYPE,MEGA",仓位表现普通有效
1423257,970,2026-08-03 20:16:54,30,0xbe494a5e3a719a78a45a47ab453b7b0199b9d101,money_printer,P-N,50.0,1.0,2,0,2,,,9.359951982366011,9.359951982366011,746.9316666666666,15.0,20.0,13.124081004469817,-6.322981228883327,0.0,1.0,"HYPE,BTC",仓位样本不足，暂不影响权重
1423081,970,2026-08-03 20:16:54,30,0xbe4e91ae63090eeb4165dfcfc35db3a4eb76e75e,money_printer,P-N,50.0,1.0,1,0,1,,,-6.821079899727897,-6.821079899727897,866.66,40.0,40.0,2.715814275721503,-11.633872959666917,0.0,1.0,BTC,仓位样本不足，暂不影响权重
1424071,970,2026-08-03 20:16:55,30,0xbeac67cc882dad6003b5a67a986249aeb17ac264,smart_money,P-G,44.286657456722295,0.65,5,5,0,0.2,-0.7133425432777039,,-0.7133425432777039,65.20405555555556,16.0,20.0,1.5678549415716323,-1.5413415298559148,0.0,1.0,"BTC,ETH,AAVE",高杠杆/短线赌徒型，长期单降权
1423082,970,2026-08-03 20:16:54,30,0xbec5dab4a914d9c9d28dfc4aa120be59ab7b010f,smart_money,P-G,47.795109976362255,0.65,8,3,5,0.3333333333333333,2.120319799908702,3.1999840822343875,2.795109976362255,338.29579861111114,11.25,20.0,8.91166396545509,-4.287177199927858,0.0,0.75,"BTC,HYPE,NEAR,TAO,SOL",高杠杆/短线赌徒型，长期单降权
1423276,970,2026-08-03 20:16:54,30,0xbeccae9ffcb69e9d42a1d4e744abf8056149562d,smart_money,P-G,45.15670969465864,0.65,937,895,42,0.5720670391061452,0.18857727738590735,-0.36250188289232654,0.1567096946586402,35.182473319103586,12.606189967982925,40.0,1.6940780126758608,-1.58432105695457,0.14300960512273211,0.6221985058697972,"ETH,BTC,SOL,VVV,CHIP",高杠杆/短线赌徒型，长期单降权
1423083,970,2026-08-03 20:16:54,30,0xbed01252c3542b02be6162c00ce636720d3c05bd,smart_money,P-N,50.0,1.0,1,0,1,,,-84.56145899219902,-84.56145899219902,866.66,5.0,5.0,0.0,-88.13514653173098,0.0,0.0,kPEPE,仓位样本不足，暂不影响权重
1424263,970,2026-08-03 20:16:55,30,0xbeeab38b14a6a7af7fe1ff98cdef4e1fb1dfd4d2,smart_money,P-N,50.0,1.0,1,1,0,1.0,9.186858756984739,,9.186858756984739,552.6744444444445,40.0,40.0,20.348968644886384,0.0,0.0,1.0,BTC,仓位样本不足，暂不影响权重
1423084,970,2026-08-03 20:16:54,30,0xbf1935fe7ab6d0aa3ee8d3da47c2f80e215b2a1c,smart_money,P-G,45.12661295006594,0.65,291,287,4,0.5296167247386759,0.0672423711400564,4.388892906006131,0.12661295006594347,10.989306032836959,19.965635738831615,20.0,0.5623966858728201,-0.27159050066365004,0.0,1.0,"ETH,SOL,BTC,HYPE",高杠杆/短线赌徒型，长期单降权
1423085,970,2026-08-03 20:16:54,30,0xbf52c3c8fd04185fc819fd0c5165ae31773f931c,smart_money,P-N,50.0,1.0,1,0,1,,,34.48808451584849,34.48808451584849,866.66,3.0,3.0,37.55850582866393,0.0,1.0,0.0,SOL,仓位样本不足，暂不影响权重
1423086,970,2026-08-03 20:16:54,30,0xbf6dd537825deeec24eb456e133c91b8d014ecc0,smart_money,P-N,50.0,1.0,1,0,1,,,7.3729041058122755,7.3729041058122755,866.66,35.0,35.0,15.706909526426378,0.0,0.0,1.0,BTC,仓位样本不足，暂不影响权重
1424116,970,2026-08-03 20:16:55,30,0xbf732ea04197942783e34730ed6e0f6099575d58,money_printer,P-G,45.8852073294554,0.65,14,14,0,0.35714285714285715,0.8852073294554003,,0.8852073294554003,18.389285714285712,20.214285714285715,40.0,3.5680390648740157,-1.6540071354525938,0.07142857142857142,0.9285714285714286,"ETH,ZEC,SOL,BTC,PUMP",高杠杆/短线赌徒型，长期单降权
1423087,970,2026-08-03 20:16:54,30,0xbfa317b7468a97e4e6a7a3c138b86ca0b7395477,smart_money,P-C,73.87135082144623,0.75,917,812,105,0.46921182266009853,-0.2936393264995795,-0.0009221460172181625,-0.25773074879254865,103.88954834605582,4.7546346782988005,12.0,3.206319458281186,-3.3958154679917234,0.4100327153762268,0.022900763358778626,"HYPE,XRP,LIT,IOTA,SOL",仓位收益偏弱，降权参考
1423088,970,2026-08-03 20:16:54,30,0xbfc79c444c41a74516bf31237ebf586a231480b4,money_printer,P-G,65.0,0.65,8,1,7,1.0,64.85572491264176,26.569843421017936,31.355578607470914,591.4540972222222,13.25,40.0,36.834880652092785,-1.677540851525496,0.25,0.625,"NEAR,STBL,UNI,FARTCOIN,BTC",高杠杆/短线赌徒型，长期单降权
1423484,970,2026-08-03 20:16:54,30,0xc029043cd00b80363130fa058818459a521842a1,smart_money,P-B,72.91389194979014,1.0,323,322,1,0.5,-0.04325048109355281,0.020204803232773634,-0.04305402510492642,2.2315350877192968,2.845201238390093,3.0,0.327588155468689,-0.2919549470536034,1.0,0.0,HYPE,仓位表现普通有效
1423089,970,2026-08-03 20:16:54,30,0xc06103cbd0ba469640d4139621977f65ca8e7041,smart_money,P-G,44.19838243819178,0.65,47,42,5,0.2619047619047619,-1.061997612012786,0.9614161403004775,-0.8016175618082207,101.56843971631203,17.829787234042552,40.0,2.3636482625927395,-2.812174696482679,0.23404255319148937,0.6808510638297872,"BTC,kSHIB,ACE,ARB,HMSTR",高杠杆/短线赌徒型，长期单降权
1423090,970,2026-08-03 20:16:54,30,0xc0b2a1ce425d0cd8bc321c445fa6ae0eaed2e688,smart_money,P-C,65.7183238319538,0.75,26,19,7,0.47368421052631576,0.739369440171329,-2.0186820868967312,-0.06388296152900576,265.3715170940172,8.807692307692308,20.0,6.694761884309752,-6.065382898717845,0.3076923076923077,0.4230769230769231,"ETH,ZEC,VVV,TAO,HYPE",仓位收益偏弱，降权参考
1423091,970,2026-08-03 20:16:54,30,0xc0f06a313e20b7ad93a65dcdf0f208998d1a4596,smart_money,P-C,57.771212547196626,0.75,3,0,3,,,37.482330438626725,37.482330438626725,866.66,3.0,3.0,45.907096120841,-4.419456116375291,1.0,0.0,"2Z,MET,PURR",仓位收益偏弱，降权参考
1424311,970,2026-08-03 20:16:55,30,0xc0f1a60e0ce0acd5588316aa2b01732b100df111,smart_money,P-B,100.0,1.0,4,4,0,1.0,2.0021401909385257,,2.0021401909385257,69.24013888888888,5.0,5.0,3.0387721216274874,-4.1876221421674895,0.0,0.0,HYPE,仓位表现普通有效
1423092,970,2026-08-03 20:16:54,30,0xc16b8ddcef47a74c9b76cd28e6834270090d72dd,smart_money,P-N,50.0,1.0,2,0,2,,,38.892742723041785,38.892742723041785,866.66,3.0,3.0,41.611489214442265,-7.330828311160801,1.0,0.0,"CAKE,MOVE",仓位样本不足，暂不影响权重
1423093,970,2026-08-03 20:16:54,30,0xc1e42f862d202b4a0ed552c1145735ee088f6ccf,smart_money,P-B,100.0,1.0,73,50,23,0.88,1.0607594432858185,-0.8270252637281189,0.8592224082176372,260.61617199391173,6.36986301369863,20.0,3.7597314448823673,-3.2554131347866027,0.0,0.1643835616438356,"LIT,GRAM,ADA,ALGO,AVAX",仓位表现普通有效
1423280,970,2026-08-03 20:16:54,30,0xc1fd39727cd10fe97ccac228888f025309560a93,smart_money,P-B,67.7020784098638,1.0,1975,1878,97,0.4925452609158679,0.11192738316750937,-0.08276397247575364,0.11575254123095143,33.30415527426165,5.0648101265822785,40.0,1.8971797246970696,-1.8317723187842632,0.4688607594936709,0.15037974683544303,"CELO,MINA,SNX,ORDI,ZETA",仓位表现普通有效
1423094,970,2026-08-03 20:16:54,30,0xc28e23e7d7d6cc0c9c6f08146c71e7d168cae45a,smart_money,P-G,37.511543904340414,0.65,5,0,5,,,-7.488456095659586,-7.488456095659586,698.7279444444445,16.0,20.0,6.80187984036029,-14.063523387575339,0.0,1.0,"BNB,BTC,ETH,SOL,HYPE",高杠杆/短线赌徒型，长期单降权
1424389,970,2026-08-03 20:16:55,30,0xc2e137ea6b79a7992dd54d44ee8223f2c7e13e22,smart_money,P-C,78.56720035927384,0.75,117,117,0,0.5811965811965812,-0.6052887092519676,,-0.6052887092519676,167.154537037037,4.717948717948718,20.0,9.372266853143676,-10.832444507919659,0.5470085470085471,0.1452991452991453,"XPL,2Z,ACE,ADA,AIXBT",仓位收益偏弱，降权参考
1423095,970,2026-08-03 20:16:54,30,0xc30b67a08e962b40f1fa0a4c1052c118ac0a61c6,smart_money,P-N,50.0,1.0,1,0,1,,,9.63974457070029,9.63974457070029,866.66,10.0,10.0,21.70259853315872,0.0,0.0,1.0,LINK,仓位样本不足，暂不影响权重
1423336,970,2026-08-03 20:16:54,30,0xc30c7ea910a71ce06ae840868b0c7e47616ba4c9,money_printer,P-C,66.23986783407992,0.75,62,60,2,0.4666666666666667,-0.2154022498184619,3.8290984588845824,-0.08436715822885925,28.746998207885312,6.564516129032258,10.0,1.1873206342477962,-0.9535775069589546,0.0,0.11290322580645161,"ETH,ZEC,XRP,BTC,HYPE",仓位收益偏弱，降权参考
1423096,970,2026-08-03 20:16:54,30,0xc38de07f12cdb9122c676ef83aeb2511682cd79f,smart_money,P-N,50.0,1.0,2,1,1,0.0,-62.65255265549079,34.1088686653649,-14.271841995062942,663.1588888888889,11.5,20.0,22.535228642525322,-48.574316199554914,0.5,0.5,"ETH,HYPE",仓位样本不足，暂不影响权重
1424211,970,2026-08-03 20:16:55,30,0xc3b1951ceffdcaf25640cb37ce1d6cf125579a03,smart_money,P-R,25.0,-0.8,7,7,0,0.14285714285714285,-2.007903106591706,,-2.007903106591706,37.37964285714286,3.4285714285714284,8.0,0.3052942604809992,-4.331539978416577,0.8571428571428571,0.0,"HYPE,SOL,BTC,ZEC",仓位真实收益偏反向，可作为反向参考
1423097,970,2026-08-03 20:16:54,30,0xc3d101ae37bba62baf199c6d5e5d8f0eecfd200e,smart_money,P-B,66.30818171244577,1.0,49,47,2,0.6808510638297872,0.30936909059543305,1.3271102717736514,0.3038954589150195,37.63778344671201,9.448979591836734,10.0,1.2164394483338297,-0.8399644477347459,0.02040816326530612,0.8979591836734694,"HYPE,NEAR,ZEC,LIT,FARTCOIN",仓位表现普通有效
1423098,970,2026-08-03 20:16:54,30,0xc4241dc9bfeb5126c0766df35a87ed3fbd630c78,smart_money,P-C,40.37723910124251,0.75,69,0,69,,,1.2176050578676352,1.2176050578676336,866.6600000000016,5.695652173913044,20.0,33.65241555709168,-32.39207821295702,0.37681159420289856,0.2028985507246377,"2Z,APT,ARB,ASTER,AVAX",仓位收益偏弱，降权参考
1423099,970,2026-08-03 20:16:54,30,0xc44ffe108058eceec48e6a13e2df17a90ec62142,smart_money,P-N,50.0,1.0,1,0,1,,,15.800928747552051,15.800928747552051,866.66,10.0,10.0,21.423534523847117,-7.534979381122035,0.0,1.0,HYPE,仓位样本不足，暂不影响权重
1423100,970,2026-08-03 20:16:54,30,0xc4643e390f49d1616b5108bf0eac309f7c0eb868,smart_money,P-R,25.0,-0.8,12,6,6,0.3333333333333333,-3.6459590737064196,3.799799905618578,-0.270966914684033,573.4661574074074,9.583333333333334,20.0,11.96655772222006,-12.490743603519538,0.0,0.75,"ASTER,HYPE,LINK,TRUMP,AVAX",仓位真实收益偏反向，可作为反向参考
1423371,970,2026-08-03 20:16:54,30,0xc46e57114835d392ce1aef7b3c884d953bffc761,smart_money,P-N,50.0,1.0,2,1,1,1.0,2.708911650221897,1.452881532841271,1.2045285677612931,432.8309722222223,10.0,10.0,19.74710832442037,-4.841857103067267,0.0,1.0,HYPE,仓位样本不足，暂不影响权重
1423274,970,2026-08-03 20:16:54,30,0xc49ec554731a81f4bf4f3504cfb1dd3c484ccf74,money_printer,P-C,51.98970004336019,0.75,5,0,5,,,16.490002217981903,16.42090148351054,634.2355555555555,5.0,5.0,34.99773234856355,-11.976112142163686,0.0,0.0,"ZEC,KAITO,GRAM,LIT,JTO",仓位收益偏弱，降权参考
1423447,970,2026-08-03 20:16:54,30,0xc4b2879001501f32bc319546a2da38ea7f5b9736,smart_money,P-N,50.0,1.0,2,1,1,0.0,-0.27330812987103786,4.17977407155543,1.953232970842196,157.9934722222222,10.0,10.0,5.216991191315951,-3.8798062468314574,0.0,1.0,"UNI,AAVE",仓位样本不足，暂不影响权重
1424220,970,2026-08-03 20:16:55,30,0xc59498175d6d317642aeb97f895a7ce1aa992191,money_printer,P-N,50.0,1.0,1,1,0,1.0,7.994986685547034,,7.994986685547034,678.6561111111112,3.0,3.0,38.911902834538836,-3.8310146536585425,1.0,0.0,ZEC,仓位样本不足，暂不影响权重
1423425,970,2026-08-03 20:16:54,30,0xc5ba14d33b352090f699c82d0a1d0e8fe5a0679b,smart_money,P-B,59.790021824372005,1.0,70,68,2,0.5735294117647058,0.5775061768624864,-0.8833574985790651,0.5357672147070137,20.00094444444444,7.857142857142857,10.0,1.8409453359045886,-0.9395863979571318,0.0,0.5714285714285714,"BTC,ETH,NEAR,SOL,ZEC",仓位表现普通有效
1423101,970,2026-08-03 20:16:54,30,0xc5f033a47dde827133850ced50009c3802c989ba,smart_money,P-N,50.0,1.0,1,0,1,,,6.80873552680179,6.41561056163361,866.66,20.0,20.0,15.128771499022593,0.0,0.0,1.0,BTC,仓位样本不足，暂不影响权重
1423357,970,2026-08-03 20:16:54,30,0xc613bd93c62e62bf3e583c36ae8c4118f1fb2456,money_printer,P-N,50.0,1.0,1,0,1,,,1.259441557858976,1.259441557858976,210.7072222222222,40.0,40.0,3.363151357279528,-1.2145216563909367,0.0,1.0,BTC,仓位样本不足，暂不影响权重
1423102,970,2026-08-03 20:16:54,30,0xc646851ce5d79117d5086a5aaf5c81922f94efd9,smart_money,P-N,50.0,1.0,2,0,2,,,-0.0014786035175102796,-2.997401572435372,837.1201388888888,4.0,5.0,11.697928498365261,-13.208976448360342,0.5,0.0,"BTC,ETH",仓位样本不足，暂不影响权重
1423328,970,2026-08-03 20:16:54,30,0xc6758a779bccee1ef0190dbe8292fdf44076795d,money_printer,P-G,46.73385374337863,0.65,4,3,1,1.0,3.7194188572150435,-4.222841598130614,1.7338537433786292,366.8375,12.5,21.0,16.245689149313584,-2.917371873389258,0.0,0.75,"BTC,HYPE,ETH",高杠杆/短线赌徒型，长期单降权
1423103,970,2026-08-03 20:16:54,30,0xc6877a65349b0fa45cc61a267ee682c7abf2b369,smart_money,P-N,50.0,1.0,1,0,1,,,-1.5884539869056642,-1.5884539869056642,866.66,5.0,5.0,4.182312935327091,-35.25001679718704,0.0,0.0,HYPE,仓位样本不足，暂不影响权重
1423258,970,2026-08-03 20:16:54,30,0xc69ae428f6049e78d445f053d2c1df879c59b34c,smart_money,P-R,25.0,-0.8,12,8,4,0.0,-2.000021117001109,-6.128236465553124,-2.882189751277542,289.19474537037036,9.25,20.0,5.761960882849749,-6.773961509910539,0.16666666666666666,0.75,"LTC,PURR,kPEPE,HYPE,ETH",仓位真实收益偏反向，可作为反向参考
1423104,970,2026-08-03 20:16:54,30,0xc6aa7b1f1dbe24ca2f12c193b60eb05230270e75,smart_money,P-A,84.57089622990496,1.15,169,147,22,0.6938775510204082,1.8100869217685256,3.2778104017464087,1.9701480304216294,93.01246712689027,7.579881656804734,20.0,4.349098207438173,-3.6518996186815724,0.1893491124260355,0.4970414201183432,"MON,LIT,ZRO,HYPE,GRAM",仓位收益稳定，适合加权参考
1423363,970,2026-08-03 20:16:54,30,0xc6ac58a7a63339898aeda32499a8238a46d88e84,money_printer,P-B,70.54695242985645,1.0,129,128,1,0.578125,0.03852525314028586,-1.8418822936032384,0.03910121492822263,5.583951335055983,5.0,5.0,0.22965141440444148,-0.20805101784635338,0.0,0.0,BTC,仓位表现普通有效
1423358,970,2026-08-03 20:16:54,30,0xc6cd4f327ebda9a78cc52414aa5101c211b5e4d9,smart_money,P-C,7.034048938548617,0.75,3,1,2,0.0,-11.608373218531543,1.2513139027797648,-3.035248470990671,150.5551851851852,16.0,40.0,7.011187675359135,-10.699758187305818,0.3333333333333333,0.3333333333333333,"BTC,ENA,CASHCAT",仓位收益偏弱，降权参考
1423105,970,2026-08-03 20:16:54,30,0xc6d7fdfbcb55d6cad6570c5838de394d2aa24015,money_printer,P-N,50.0,1.0,1,0,1,,,12.767402516118626,12.767402516118626,866.66,20.0,20.0,20.555453822417668,0.0,0.0,1.0,BTC,仓位样本不足，暂不影响权重
1423106,970,2026-08-03 20:16:54,30,0xc6e7a7632505525268290eca08ee02a3100441c1,smart_money,P-N,50.0,1.0,2,0,2,,,10.214108568384324,10.214108568384322,866.66,7.5,10.0,20.55252326299471,-4.157683731501391,0.0,0.5,"HYPE,XMR",仓位样本不足，暂不影响权重
1423107,970,2026-08-03 20:16:54,30,0xc7290b4b308431a985fa9e3e8a335c2f7650517c,money_printer,P-N,50.0,1.0,1,0,1,,,-100.76756529468828,-100.76756529468827,866.66,10.0,10.0,0.0,-167.29234979731999,0.0,1.0,HYPE,仓位样本不足，暂不影响权重
1423108,970,2026-08-03 20:16:54,30,0xc74a955d699b771a8c3be0a425567e31bde1ab93,smart_money,P-N,50.0,1.0,1,0,1,,,15.482366238344202,15.4823662383442,866.66,5.0,5.0,30.199153554462406,0.0,0.0,0.0,SOL,仓位样本不足，暂不影响权重
1424309,970,2026-08-03 20:16:55,30,0xc77b4c63d4be417858836ea016abb7de233ef3e1,smart_money,P-N,50.0,1.0,2,2,0,0.0,-2.1312807678137053,,-2.1312807678137053,67.37513888888888,10.0,10.0,3.4487268508684634,-2.7660573287359638,0.0,1.0,HYPE,仓位样本不足，暂不影响权重
1424387,970,2026-08-03 20:16:55,30,0xc7abcfeaf42bd7afae393863f5e7fc470a662bf8,smart_money,P-G,43.320300880706135,0.65,3,3,0,0.0,-1.679699119293866,,-1.679699119293866,16.833796296296295,13.333333333333334,20.0,1.1913566090491494,-1.916783360315275,0.0,1.0,"HYPE,SOL",高杠杆/短线赌徒型，长期单降权
1423334,970,2026-08-03 20:16:54,30,0xc7f94fb3b3ba614b9b2bf80697ab5a31917005a2,money_printer,P-A,89.24646198728225,1.15,8,6,2,0.8333333333333334,1.4163727953266996,0.5153391820788418,1.1911143920147351,225.6373611111111,6.625,10.0,14.944502961038333,-12.414855606961272,0.125,0.375,"XMR,HYPE,ZRO,LIT,WLD",仓位收益稳定，适合加权参考
1423109,970,2026-08-03 20:16:54,30,0xc81627434af14d5b35d808f40227d18d41c35c64,smart_money,P-G,45.231685501662525,0.65,41,35,6,0.5428571428571428,-0.05048211688617684,2.0517760082600853,0.23168550166252677,128.49571138211383,21.146341463414632,40.0,2.9224483431636377,-2.6900475858566764,0.21951219512195122,0.6097560975609756,"BTC,HMSTR,XRP,DYDX,ETH",高杠杆/短线赌徒型，长期单降权
1424253,970,2026-08-03 20:16:55,30,0xc846e513f1fb448e744d5c8e911e87bccc0dfb20,smart_money,P-C,61.933367890538506,0.75,10,10,0,0.6,-1.5333160547307503,,-1.5333160547307503,47.365861111111116,9.2,20.0,3.9670673870895294,-3.123094948199964,0.4,0.4,"ETH,LIT,BTC,SOL,PUMP",仓位收益偏弱，降权参考
1423110,970,2026-08-03 20:16:54,30,0xc84b3f4b3fa29d38e60b318e5d8a84802ef7cbeb,smart_money,P-G,52.23171333726779,0.65,4,1,3,1.0,2.8378792969948363,8.696324684025443,7.231713337267791,584.4220833333334,12.5,20.0,17.033690901063036,-5.538980329458904,0.0,1.0,"HYPE,BTC,ONDO",高杠杆/短线赌徒型，长期单降权
1424272,970,2026-08-03 20:16:55,30,0xc8ff61f572ca7bc4ceb624f38f06c053b93496a5,smart_money,P-N,50.0,1.0,2,2,0,0.5,-1.32398676441146,,-1.32398676441146,65.50333333333333,7.5,10.0,0.8296607905982918,-5.649016269572937,0.0,0.5,"ENA,PENDLE",仓位样本不足，暂不影响权重
1424261,970,2026-08-03 20:16:55,30,0xc9186f29695cfe18b79e6a8ebf1be13905cac077,smart_money,P-B,84.23670838087529,1.0,4,4,0,1.0,1.6080542337978287,,1.6080542337978287,0.8758333333333335,7.5,10.0,1.7510748287635045,-0.1387302105434956,0.0,0.5,"BCH,UNI,MORPHO,ETHFI",仓位表现普通有效
1423266,970,2026-08-03 20:16:54,30,0xc9257e15609fd24a2334b991756652fbd52f48b5,smart_money,P-N,50.0,1.0,1,0,1,,,-19.933895432989324,-19.933895432989324,783.3225,3.0,3.0,8.923539505376008,-24.48207792513444,1.0,0.0,HYPE,仓位样本不足，暂不影响权重
1424148,970,2026-08-03 20:16:55,30,0xc926ddba8b7617dbc65712f20cf8e1b58b8598d3,money_printer,P-N,50.0,1.0,1,1,0,0.0,-11.661844805197106,,-11.661844805197106,785.6594444444445,10.0,10.0,16.718341050936182,-14.497282061606601,0.0,1.0,HYPE,仓位样本不足，暂不影响权重
1424255,970,2026-08-03 20:16:55,30,0xc94285029b3a5efaad09fe55e36320e6fbf82bf6,smart_money,P-N,50.0,1.0,2,2,0,1.0,2.896147324046859,,2.896147324046859,75.01263888888889,40.0,40.0,2.8961473240468596,-0.5029699024581545,0.0,1.0,BTC,仓位样本不足，暂不影响权重
1423310,970,2026-08-03 20:16:54,30,0xca230e816bdb34a46960c2f978a30a563d1ae9e0,money_printer,P-B,68.94066360888864,1.0,31,29,2,0.5172413793103449,0.13445335275974898,-3.962865920476519,0.022978285217337337,33.75425627240143,6.483870967741935,25.0,1.9123010278803951,-2.2026207297488956,0.06451612903225806,0.16129032258064516,"KAITO,HYPE,LIT,VVV,kSHIB",仓位表现普通有效
1423111,970,2026-08-03 20:16:54,30,0xca4903c207a0df58bf37d4bc8bbc5210726f53c8,money_printer,P-G,44.33425644939628,0.65,24,19,5,0.3157894736842105,-0.49462365308437073,-1.8129192173533195,-0.6657435506037216,176.79009259259257,25.833333333333332,40.0,2.5164815305817547,-3.247893144170972,0.0,1.0,"XRP,BTC,SOL,ETH,DOGE",高杠杆/短线赌徒型，长期单降权
1423112,970,2026-08-03 20:16:54,30,0xcac19662ec88d23fa1c81ac0e8570b0cf2ff26b3,money_printer,P-C,73.04989557532579,0.75,31,3,28,0.6666666666666666,5.704141410484353,-2.050355536699905,-1.6361617567772753,741.1078494623657,9.483870967741936,20.0,11.500262134394438,-14.806496616072254,0.0967741935483871,0.6129032258064516,"HYPE,ETH,ADA,AVAX,BIO",仓位收益偏弱，降权参考
1423113,970,2026-08-03 20:16:54,30,0xcac1f1c3e4599e044dc2a9d38a9b6ef1af1bdae8,money_printer,P-G,51.822338858700775,0.65,3,1,2,1.0,5.044459041068972,7.711278767516675,6.822338858700775,577.7733333333333,30.0,40.0,10.225901605596828,-6.396010175297477,0.0,1.0,"BTC,HYPE",高杠杆/短线赌徒型，长期单降权
1423114,970,2026-08-03 20:16:54,30,0xcac43e06859c3379ac1cce01047531261e22f11e,smart_money,P-N,50.0,1.0,2,0,2,,,10.364052657203022,9.870930220462192,599.3234722222222,5.0,5.0,13.578939777344024,-11.977893353303832,0.0,0.0,"HYPE,LIT",仓位样本不足，暂不影响权重
1424195,970,2026-08-03 20:16:55,30,0xcb02837caaee310c178501855b63bf7f4f4b1f8b,money_printer,P-B,79.18764450152204,1.0,3,3,0,0.6666666666666666,2.3748826438293773,,2.3748826438293773,0.8289814814814815,3.0,3.0,2.9842108250326067,-0.849457419398353,1.0,0.0,"VVV,CASHCAT,LIT",仓位表现普通有效
1423115,970,2026-08-03 20:16:54,30,0xcb15941180ed7cff8b3547117eca6b78cbdeaf9c,smart_money,P-G,50.08749530213143,0.65,63,30,33,0.6666666666666666,2.43651747570844,8.199057805536887,5.087495302131431,488.3723677248677,12.968253968253968,40.0,12.038734108380138,-8.300457690489324,0.047619047619047616,0.6984126984126984,"BTC,HYPE,SOL,ADA,ETH",高杠杆/短线赌徒型，长期单降权
1423116,970,2026-08-03 20:16:54,30,0xcb39c18f0e4d705d1db141171a65cb5a86c9fdb9,smart_money,P-C,51.98970004336019,0.75,5,0,5,,,43.32504029542106,43.32504029542106,866.6600000000001,3.4,5.0,50.942684246891474,-2.2001463559511443,0.8,0.0,"BTC,MELANIA,PUMP,WLFI,ZEN",仓位收益偏弱，降权参考
1423436,970,2026-08-03 20:16:54,30,0xcb3ee3f1b22cdff8b6ca4839cd0784d34b85dea9,smart_money,P-G,47.04298909588688,0.65,3,2,1,1.0,2.13807756012189,1.8528121674168605,2.0429890958868806,132.66814814814813,30.0,30.0,3.2935865061009912,-0.15267848616133503,0.0,1.0,BTC,高杠杆/短线赌徒型，长期单降权
1423401,970,2026-08-03 20:16:54,30,0xcb58b8f5ec6d47985f0728465c25a08ef9ad2c7b,money_printer,P-C,46.17245989882778,0.75,3,2,1,0.5,-12.604236900069735,4.3103448275861975,-6.96604299085109,425.7582407407408,9.0,17.0,4.566885340726917,-11.019243553138224,0.0,0.3333333333333333,"PUMP,AR,BTC",仓位收益偏弱，降权参考
1423117,970,2026-08-03 20:16:54,30,0xcb5c2f378860437fad512c3aec09efce1c470283,smart_money,P-B,100.0,1.0,3,1,2,1.0,55.4416670185365,-3.592623277694792,16.914396965087207,500.2164814814814,7.666666666666667,10.0,27.458835802876497,-9.855532358630613,0.3333333333333333,0.6666666666666666,"ONDO,kBONK,CASHCAT",仓位表现普通有效
1423118,970,2026-08-03 20:16:54,30,0xcb8436264dd4b0d9912b65dbe2893e71de7752cd,money_printer,P-G,45.89830188048814,0.65,203,167,36,0.5269461077844312,0.2628966537963263,4.618699102326099,0.8983018804881383,153.5348795840174,10.41871921182266,40.0,4.880194190954092,-4.23321690635575,0.12315270935960591,0.6650246305418719,"XRP,LIT,TRUMP,kBONK,AERO",高杠杆/短线赌徒型，长期单降权
1424342,970,2026-08-03 20:16:55,30,0xcba2680d2fc87cd6ee404fafbd7a5efbd26b099c,smart_money,P-N,50.0,1.0,2,2,0,0.5,1.9737239446366646,,1.9737239446366646,124.66180555555556,20.0,20.0,7.809673577995645,-1.377861629617331,0.0,1.0,SOL,仓位样本不足，暂不影响权重
1424215,970,2026-08-03 20:16:55,30,0xcbd72d8d71d94591a73321bc4fc7ab6bdcb73e24,smart_money,P-N,50.0,1.0,1,1,0,0.0,-0.07444244907982993,,-0.07444244907982993,4.998888888888889,40.0,40.0,0.1573268253748983,-0.2156528679529094,0.0,1.0,BTC,仓位样本不足，暂不影响权重
1424396,970,2026-08-03 20:16:55,30,0xcbe114cc845cf58d3eada944335612e8df99fe7f,smart_money,P-N,50.0,1.0,1,1,0,1.0,53.82750794727603,,53.82750794727603,160.83,3.0,3.0,73.17674385532459,0.0,1.0,0.0,VVV,仓位样本不足，暂不影响权重
1424394,970,2026-08-03 20:16:55,30,0xcbec2fd28c44cc34f69ce9e98029595157f47096,smart_money,P-A,83.5215253683133,1.15,113,113,0,0.584070796460177,1.6457184363690434,,1.6457184363690434,161.32464601769883,4.849557522123894,20.0,10.130979225602658,-7.751401638044629,0.49557522123893805,0.13274336283185842,"AIXBT,ANIME,APEX,APT,AR",仓位收益稳定，适合加权参考
1423119,970,2026-08-03 20:16:54,30,0xcc221419e754b43b2b5a9482909d8892ef70c838,money_printer,P-N,50.0,1.0,1,0,1,,,42.195822534696006,42.195822534696006,866.66,30.0,30.0,47.35652980242796,0.0,0.0,1.0,BTC,仓位样本不足，暂不影响权重
1424216,970,2026-08-03 20:16:55,30,0xcc29196f3d3e1af2a4dd20f4f2765b090c9e892f,smart_money,P-N,50.0,1.0,2,2,0,0.5,-0.9377365832192073,,-0.9377365832192073,685.1580555555556,15.0,20.0,6.49136330978326,-17.669498092838584,0.0,1.0,"BTC,HYPE",仓位样本不足，暂不影响权重
1423120,970,2026-08-03 20:16:54,30,0xccaeb98ce9ca54f76bf0029cf9f12c894e253dd6,smart_money,P-N,50.0,1.0,2,0,2,,,4.023627316658246,3.996993410318651,866.66,15.0,20.0,10.642508290726685,-13.65714901680092,0.0,1.0,"BTC,HYPE",仓位样本不足，暂不影响权重
1423121,970,2026-08-03 20:16:54,30,0xccf135ab352d561a15eb7be2a243cc4fcb7f0ab1,money_printer,P-N,50.0,1.0,1,0,1,,,8.266876542044729,8.266876542044729,866.66,10.0,10.0,13.477808038182031,-22.21086697325839,0.0,1.0,HYPE,仓位样本不足，暂不影响权重
1423122,970,2026-08-03 20:16:54,30,0xcd0673721a489b1cea0e2580fa304bcb6cca3186,money_printer,P-N,50.0,1.0,1,0,1,,,25.994384810436365,25.994384810436365,866.66,3.0,3.0,30.19829912781014,0.0,1.0,0.0,HYPE,仓位样本不足，暂不影响权重
1423123,970,2026-08-03 20:16:54,30,0xcd1c932a413868c3c84e73e195bf34c1ba4ffec5,smart_money,P-B,83.14688188363537,1.0,27,6,21,0.6666666666666666,-0.9176308798450119,3.1790322047218056,2.7684739728745993,762.4955144032922,8.925925925925926,20.0,17.69197109514498,-14.141360542422161,0.07407407407407407,0.5185185185185185,"AAVE,ADA,ALGO,ATOM,BCH",仓位表现普通有效
1423124,970,2026-08-03 20:16:54,30,0xcd2123d3f00325fa83b2743ed85844f8d4bb9826,smart_money,P-N,50.0,1.0,1,0,1,,,7.592543533931788,7.592543533931788,866.66,30.0,30.0,15.842601801144502,0.0,0.0,1.0,BTC,仓位样本不足，暂不影响权重
1424192,970,2026-08-03 20:16:55,30,0xcd82f03d5df801a69af899a7f13263388e1f6274,smart_money,P-G,45.00615738840214,0.65,88,88,0,0.5568181818181818,0.00615738840213794,,0.00615738840213794,6.494974747474748,20.0,20.0,0.26527558817594965,-0.23087612410102692,0.0,1.0,BTC,高杠杆/短线赌徒型，长期单降权
1424156,970,2026-08-03 20:16:55,30,0xcd87ea212314217b6aa64fdffb9954330db5de4f,smart_money,P-B,75.7488544083877,1.0,16,16,0,0.6875,0.9163272909142274,,0.9163272909142274,1.2332638888888887,3.9375,10.0,1.468276437433949,-0.6312166024998139,0.6875,0.0625,"LIT,CASHCAT,VVV,PURR,XPL",仓位表现普通有效
1424375,970,2026-08-03 20:16:55,30,0xcdbd79aafd6d0618e3fc6aecb11e1a61908a9169,smart_money,P-G,43.288817879437545,0.65,5,5,0,0.2,-1.7111821205624582,,-1.7111821205624582,25.48783333333333,28.0,40.0,0.2637246653159083,-2.65495310755695,0.0,1.0,"BTC,TRX,HYPE",高杠杆/短线赌徒型，长期单降权
1424334,970,2026-08-03 20:16:55,30,0xcde682fc64f38967b71cfd00803d4ba3d60e49d1,smart_money,P-B,84.4972948011642,1.0,124,124,0,0.6612903225806451,0.10348611025952695,,0.10348611025952695,1.6676948924731179,3.0,3.0,0.27181512714913597,-0.14663600213141303,1.0,0.0,ETH,仓位表现普通有效
1424184,970,2026-08-03 20:16:55,30,0xcdf73290cb271fc6b5aa3723eae9a0086baaa50f,smart_money,P-G,44.04294112241668,0.65,6,6,0,0.3333333333333333,-0.9570588775833199,,-0.9570588775833199,24.13486111111111,27.5,40.0,1.4520179322049414,-1.6885706517975863,0.0,1.0,"ETH,BTC,HYPE",高杠杆/短线赌徒型，长期单降权
1423390,970,2026-08-03 20:16:54,30,0xce397f90242c35486cf7f161e7a38e3321feb74f,smart_money,P-G,45.267293399788656,0.65,19,18,1,0.7777777777777778,0.29010496572940087,-0.8428120063191152,0.2672933997886591,39.065160818713444,13.0,13.0,0.5616262436181716,-0.464733063368066,0.0,1.0,BTC,高杠杆/短线赌徒型，长期单降权
1423125,970,2026-08-03 20:16:54,30,0xce5667f7194c4d9320acd28f1ee8b3d2adbdb27e,smart_money,P-G,48.3421727847571,0.65,6,1,5,1.0,10.34244595185379,1.9650251228988858,3.3421727847571012,504.37319444444444,15.5,40.0,8.686267601779422,-9.209333456384945,0.16666666666666666,0.6666666666666666,"HYPE,BTC,ETH,INJ,PUMP",高杠杆/短线赌徒型，长期单降权
1424276,970,2026-08-03 20:16:55,30,0xcf218b31732a91c751fe484bc303525783a88a36,smart_money,P-C,48.29477868850102,0.75,17,17,0,0.4117647058823529,-2.2107376155820346,,-2.2107376155820346,38.94287581699347,8.882352941176471,20.0,5.656271338744504,-4.725931978375929,0.11764705882352941,0.47058823529411764,"LIT,MON,HYPE,CASHCAT,ETH",仓位收益偏弱，降权参考
1423457,970,2026-08-03 20:16:54,30,0xcf3f419d08a5bdc2c6e5fbd9ad70904c5420f95f,smart_money,P-B,72.53394099092854,1.0,133,132,1,0.6060606060606061,0.05550902033914584,-0.019734956402973,0.05484928334306259,5.416012949039264,5.0,5.0,0.29434903207985136,-0.2218774059540217,0.0,0.0,BTC,仓位表现普通有效
1423126,970,2026-08-03 20:16:54,30,0xcf5343ba750a6e30afbb1dadda08bc78f8c8ee11,money_printer,P-C,51.020599913279625,0.75,4,0,4,,,9.172542116312123,9.172542116312123,866.66,5.0,7.0,18.23471919013245,-4.153972990698074,0.25,0.0,"BTC,ETH,HYPE,SOL",仓位收益偏弱，降权参考
1424362,970,2026-08-03 20:16:55,30,0xcf67e4da9e9cd38c0afd26338d0fbddb3036eb24,money_printer,P-N,50.0,1.0,1,1,0,0.0,-15.456927673460937,,-15.456927673460937,96.82555555555555,10.0,10.0,0.0,-20.564951266046815,0.0,1.0,XPL,仓位样本不足，暂不影响权重
1423127,970,2026-08-03 20:16:54,30,0xcf74dc50069e3ee0fddc10bd64e9a68d21126cfe,smart_money,P-G,65.0,0.65,6,0,6,,,34.912862180302405,34.912862180302405,866.66,13.333333333333334,20.0,54.979856572047545,-5.067734255684845,0.0,1.0,"ADA,AVAX,BTC,HYPE,XRP",高杠杆/短线赌徒型，长期单降权
1424358,970,2026-08-03 20:16:55,30,0xcf90cfecf74e631feea816d02e757c0c8e895c0e,money_printer,P-N,50.0,1.0,1,1,0,1.0,9.316601509175301,,9.316601509175301,251.67083333333332,15.0,15.0,15.574334725554326,0.0,0.0,1.0,BTC,仓位样本不足，暂不影响权重
1423380,970,2026-08-03 20:16:54,30,0xcfda9610dd28e9ff74240a1d4136e87a77e6da82,smart_money,P-B,64.00427664855229,1.0,7,6,1,0.5,-0.6952263112346829,1.607894736842103,-0.3662090186522851,156.69051587301587,6.571428571428571,12.0,3.3516449247186366,-2.871857006043181,0.14285714285714285,0.2857142857142857,"BTC,UNI,ETH,PENDLE,KAITO",仓位表现普通有效
1423128,970,2026-08-03 20:16:54,30,0xcfea17596c15e0f4fe3ba9cab1fcbe804bbbdbbf,smart_money,P-C,73.57546008320898,0.75,340,245,95,0.46122448979591835,-0.5918325015698706,1.877269769774373,-0.11983298360559079,252.18369689542484,4.9,12.0,6.070549789483979,-6.260001298569504,0.3352941176470588,0.023529411764705882,"HYPE,ARB,HMSTR,KAITO,LIT",仓位收益偏弱，降权参考
1424110,970,2026-08-03 20:16:55,30,0xd05d2e015b9ed6f17f2111cf1ac7ae229155816e,smart_money,P-G,46.80261148648866,0.65,13,13,0,1.0,1.802611486488658,,1.802611486488658,48.83040598290598,13.076923076923077,20.0,2.0287291334134867,-0.6571570206813304,0.0,1.0,"ETH,BTC,SOL",高杠杆/短线赌徒型，长期单降权
1423448,970,2026-08-03 20:16:54,30,0xd071d6d6ea52f5aa34b79e47f908ee48c8215837,smart_money,P-G,45.05095221328819,0.65,1675,1666,9,0.5414165666266506,0.05124014704162301,0.02431581000804543,0.05095221328819123,3.8832691542288518,17.71641791044776,40.0,0.388840526253057,-0.3190722574723305,0.0,1.0,"PUMP,BNB,ETH,BTC,SOL",高杠杆/短线赌徒型，长期单降权
1424390,970,2026-08-03 20:16:55,30,0xd080b654474d679c03df4fd676aa818c1adfa608,smart_money,P-A,84.92467586881973,1.15,107,107,0,0.616822429906542,1.4623379344098633,,1.4623379344098633,157.83503634475582,5.08411214953271,20.0,9.650360712978857,-7.692231420049496,0.4953271028037383,0.1588785046728972,"2Z,ALGO,ALT,ANIME,APEX",仓位收益稳定，适合加权参考
1423129,970,2026-08-03 20:16:54,30,0xd08a4557671ca465e7bba41110a93148c90f9931,smart_money,P-B,85.24240862640387,1.0,22,2,20,0.5,-1.255665952858591,13.344030559312008,12.731706229022452,810.1463636363635,7.909090909090909,20.0,24.138308744314667,-6.064188934584306,0.22727272727272727,0.4090909090909091,"ADA,ARB,AVAX,BSV,ENA",仓位表现普通有效
1423359,970,2026-08-03 20:16:54,30,0xd10e2b1b66001bd4086d61e43e836ab9c168fd9a,smart_money,P-R,25.0,-0.8,5,4,1,0.25,-3.3023429302398726,5.878335148968552,-1.4662073143981875,112.005,4.0,4.0,4.9353395627137955,-5.174569024775153,0.0,0.0,HYPE,仓位真实收益偏反向，可作为反向参考
1424329,970,2026-08-03 20:16:55,30,0xd13552538def5cecc78a20aa2236573f0bee6443,smart_money,P-N,50.0,1.0,1,1,0,1.0,3.690181892291987,,3.690181892291987,273.3327777777778,2.0,2.0,6.6651562308783845,-0.5802602499430194,1.0,0.0,BTC,仓位样本不足，暂不影响权重
1423130,970,2026-08-03 20:16:54,30,0xd1692402c26392ccc8588631d7d5ca9aed4348e5,money_printer,P-N,50.0,1.0,2,1,1,1.0,54.65982968378813,9.737080689029918,29.36314853207454,761.3063888888889,7.5,10.0,38.9334450915998,-7.584982242516489,0.0,0.5,"PENDLE,ENA",仓位样本不足，暂不影响权重
1424234,970,2026-08-03 20:16:55,30,0xd1dc45800b08157ff927e8d10d330b4f7bf99985,smart_money,P-N,50.0,1.0,1,1,0,1.0,0.9541644930846881,,0.9541644930846881,655.9527777777778,10.0,10.0,8.34585211150059,-6.929370512606442,0.0,1.0,APT,仓位样本不足，暂不影响权重
1423131,970,2026-08-03 20:16:54,30,0xd210bd2ed3fafe7a4de5b079392823c81b0dc56a,smart_money,P-N,50.0,1.0,1,0,1,,,14.204706587582885,14.204706587582884,866.66,6.0,6.0,21.8644366220846,0.0,0.0,0.0,BTC,仓位样本不足，暂不影响权重
1423132,970,2026-08-03 20:16:54,30,0xd21d931890d27b6e7e2e668f27931e17698e90f1,money_printer,P-B,81.99186045105643,1.0,4,3,1,0.6666666666666666,2.4628858364644253,-4.448809636659192,1.152296935555073,588.9852083333334,4.5,5.0,15.617032791360023,-15.903373637081058,0.25,0.0,"HYPE,LIT,VVV,ZEC",仓位表现普通有效
1423133,970,2026-08-03 20:16:54,30,0xd220de2f1aa9fe8ddc2c2c8e055b3341800d3c0a,smart_money,P-N,50.0,1.0,2,0,2,,,-14.21573617765078,-14.21573617765078,866.66,22.5,40.0,9.678605166676142,-17.513149162392185,0.0,0.5,"AXS,BTC",仓位样本不足，暂不影响权重
1423362,970,2026-08-03 20:16:54,30,0xd28e005c992b168d0b20fca312958e105bb260ab,money_printer,P-B,86.67947083018643,1.0,24,22,2,0.7727272727272727,0.7749674973505289,2.1940534621118255,0.8932246610806369,87.92655092592592,8.166666666666666,20.0,4.457088644489981,-4.910663986148162,0.2916666666666667,0.5,"BTC,ZEC,ONDO,VIRTUAL,MET",仓位表现普通有效
1423134,970,2026-08-03 20:16:54,30,0xd2a5474f4812a2c8ab798f3d908ab69c9b74873e,smart_money,P-N,50.0,1.0,1,0,1,,,-41.38015225934477,-41.38015225934477,866.66,3.0,3.0,0.0,-88.22678382653551,1.0,0.0,HYPE,仓位样本不足，暂不影响权重
1423333,970,2026-08-03 20:16:54,30,0xd2b2a8ab7a8c903501f4db4ee45c67522a4511ed,money_printer,P-C,53.25377935237139,0.75,4,2,2,0.5,-6.739553862143598,2.0702312735041697,-2.383410280454117,220.32875,7.5,10.0,2.6906338759362023,-7.162984540437803,0.0,0.5,"ETH,HYPE,ZEC",仓位收益偏弱，降权参考
1423135,970,2026-08-03 20:16:54,30,0xd331ae7d527b38be52219b84ae6260f637ba76ff,smart_money,P-N,50.0,1.0,1,0,1,,,7.250377873530802,7.250377873530802,866.66,10.0,10.0,11.45210593994631,0.0,0.0,1.0,TRX,仓位样本不足，暂不影响权重
1423136,970,2026-08-03 20:16:54,30,0xd33c704c68518e527bdcb36f7966c80edcffbdf2,smart_money,P-C,64.06069792766746,0.75,352,320,32,0.45,-0.2809938969128246,3.382346476077132,-0.032151036166268014,74.44762863005054,8.650568181818182,20.0,2.870970382467776,-2.746974487666491,0.125,0.46875,"ZEC,BLUR,ETH,TIA,HYPE",仓位收益偏弱，降权参考
1424117,970,2026-08-03 20:16:55,30,0xd3746a312ea0f8c41c0ae8ecb484c1216da4f0bc,smart_money,P-G,44.731537848050024,0.65,14,14,0,0.5,-0.2684621519499725,,-0.2684621519499725,39.577222222222225,10.928571428571429,15.0,1.7252963138080513,-2.6024554721560755,0.07142857142857142,0.9285714285714286,"ETH,ARB,HYPE,ZEC,CASHCAT",高杠杆/短线赌徒型，长期单降权
1423137,970,2026-08-03 20:16:54,30,0xd38c8304de77c46a488393e26554e865a373b13c,smart_money,P-N,50.0,1.0,1,0,1,,,29.0320966791555,29.0320966791555,866.66,20.0,20.0,35.36805007393243,0.0,0.0,1.0,BTC,仓位样本不足，暂不影响权重
1423313,970,2026-08-03 20:16:54,30,0xd40c748c68b59c753152676f4423474e5e36ac7a,smart_money,P-G,43.975699401349104,0.65,5,4,1,0.25,-1.6787224222617732,1.5837016868458051,-1.0243005986508997,172.9316111111111,28.0,40.0,2.124211244797649,-3.276278355357951,0.0,1.0,BTC,高杠杆/短线赌徒型，长期单降权
1423138,970,2026-08-03 20:16:54,30,0xd42827002b76a8088ba2f7d4e4b45879eb1e363b,smart_money,P-N,50.0,1.0,1,0,1,,,-18.400700516439127,-18.400700516439127,866.66,1.0,1.0,0.0,-25.685815820422352,1.0,0.0,BTC,仓位样本不足，暂不影响权重
1423139,970,2026-08-03 20:16:54,30,0xd440715f2ce6f7ed1924f282e0096c863e7049f7,smart_money,P-C,22.473138007638966,0.75,5,0,5,,,0.18556041074502544,0.2417189821393883,866.6600000000001,7.6,10.0,27.539772392284636,-34.1007847692588,0.2,0.6,"FARTCOIN,HYPE,MON,PUMP,PURR",仓位收益偏弱，降权参考
1424174,970,2026-08-03 20:16:55,30,0xd46979f07f5d1e86ae2dcc5e6e0f3af5fe270471,smart_money,P-C,51.4018239412044,0.75,10,10,0,0.2,1.2009119706022005,,1.2009119706022005,103.08294444444444,3.4,10.0,9.111091459967858,-6.30109708873201,0.8,0.1,"CASHCAT,AAVE,TAO,ZEC,NEAR",仓位收益偏弱，降权参考
1423140,970,2026-08-03 20:16:54,30,0xd47587702a91731dc1089b5db0932cf820151a91,money_printer,P-B,70.93399729963201,1.0,16,6,10,0.5,2.631097306920649,6.283665800266741,4.696398736536384,623.1208333333333,9.3125,20.0,14.535577276679032,-15.958991433920241,0.1875,0.625,"NEAR,ASTER,ENA,FARTCOIN,HYPE",仓位表现普通有效
1423485,970,2026-08-03 20:16:54,30,0xd47c1e51b759cb3754bb045ae57bc05aadcf58c2,smart_money,P-B,45.05112833328799,1.0,331,330,1,0.49393939393939396,-0.015985611613312946,-0.050887796323552434,-0.016091056280111253,2.16551527358174,11.719033232628398,30.0,0.1539470396776404,-0.14594934870433082,0.4622356495468278,0.37462235649546827,BTC,仓位表现普通有效
1424100,970,2026-08-03 20:16:55,30,0xd487e26c62ed8c28ce3cc70b5791e501c2934982,money_printer,P-B,75.60231971484023,1.0,4,4,0,0.5,8.790859900780301,,8.790859900780301,256.14631944444443,7.5,10.0,16.0649532766566,-5.543721996214778,0.0,0.5,"LIT,ZEC",仓位表现普通有效
1424176,970,2026-08-03 20:16:55,30,0xd4bb18ef8d1bc1bfadfcc034ca69628b58b42a4c,smart_money,P-B,67.54105541176082,1.0,4,4,0,0.5,-0.23977225075940056,,-0.23977225075940056,121.240625,5.0,5.0,1.5052483877977438,-1.53375994545697,0.0,0.0,BTC,仓位表现普通有效
1423141,970,2026-08-03 20:16:54,30,0xd4c1f7e8d876c4749228d515473d36f919583d1d,money_printer,P-G,45.25423591969713,0.65,101,84,17,0.6190476190476191,0.7586567120029145,-2.9655346423466034,0.25423591969713377,143.60513751375132,10.673267326732674,20.0,4.486294143122279,-4.244748275697284,0.009900990099009901,0.8217821782178217,"PUMP,AVAX,FARTCOIN,LINK,XRP",高杠杆/短线赌徒型，长期单降权
1423423,970,2026-08-03 20:16:54,30,0xd4eeed940e2c0b4b13910128fad5e0bc987e759e,smart_money,P-R,25.0,-0.8,5,4,1,0.0,-5.330532273838657,2.7629889744751477,-3.7118280241758965,154.5563888888889,6.4,10.0,1.2437627903542237,-7.549678278469476,0.0,0.4,HYPE,仓位真实收益偏反向，可作为反向参考
1423142,970,2026-08-03 20:16:54,30,0xd52cdf1414351d2c37cfe60a62dde69256044ce0,smart_money,P-R,25.0,-0.8,14,1,13,0.0,-4.201036206212865,-3.7295332932705514,-3.763212072766431,850.057242063492,7.428571428571429,20.0,13.517471871111328,-17.030996082752445,0.21428571428571427,0.42857142857142855,"ASTER,FET,HYPE,OP,STBL",仓位真实收益偏反向，可作为反向参考
1423143,970,2026-08-03 20:16:54,30,0xd576d1feee6bc976d849ac0918f79d9db7c97906,smart_money,P-N,50.0,1.0,2,0,2,,,-7.617023251326454,-7.617023251326454,866.66,3.5,5.0,6.3181726398705,-12.846231887880073,0.5,0.0,"BTC,ETH",仓位样本不足，暂不影响权重
1424203,970,2026-08-03 20:16:55,30,0xd5ac4fa2cd568dd7573e081d405da541ff82cbec,smart_money,P-G,46.218725464209356,0.65,15,15,0,0.8666666666666667,1.2187254642093583,,1.2187254642093583,54.452592592592595,23.466666666666665,40.0,3.1773301825183435,-3.941728558267938,0.06666666666666667,0.9333333333333333,"BTC,PUMP,HYPE,CASHCAT",高杠杆/短线赌徒型，长期单降权
1424268,970,2026-08-03 20:16:55,30,0xd5c7757d91cbd59543c8ef64738d806e57d2212b,money_printer,P-N,50.0,1.0,1,1,0,1.0,1.2139661588238875,,1.2139661588238875,15.999166666666667,10.0,10.0,1.4736767624138385,-0.30570269809567163,0.0,1.0,HYPE,仓位样本不足，暂不影响权重
1423144,970,2026-08-03 20:16:54,30,0xd62d484bda5391d75b414e68f9ddcedb207b7d91,money_printer,P-N,50.0,1.0,1,0,1,,,15.059114709815635,15.059114709815635,866.66,40.0,40.0,22.642563921730392,0.0,0.0,1.0,BTC,仓位样本不足，暂不影响权重
1424193,970,2026-08-03 20:16:55,30,0xd638d4c9d4f434df60c671f758f6655c0771da4f,smart_money,P-G,40.8854059985969,0.65,3,3,0,0.0,-4.114594001403099,,-4.114594001403099,55.661574074074075,10.0,10.0,1.847707675931747,-4.1178012546938865,0.0,1.0,"HYPE,ONDO",高杠杆/短线赌徒型，长期单降权
1423305,970,2026-08-03 20:16:54,30,0xd65ac35cd234c8718b876ab304fa56c8995e387f,smart_money,P-G,45.2118841701068,0.65,4,3,1,0.3333333333333333,-0.17475106532132925,-0.010115662609896561,0.21188417010680116,211.33215277777776,10.0,10.0,8.562439502260954,-8.547748779601818,0.0,1.0,ZEC,高杠杆/短线赌徒型，长期单降权
1423469,970,2026-08-03 20:16:54,30,0xd6608f4027ee90db6dc45d0b4b8e2fb0a49c1f61,smart_money,P-G,44.97488052986544,0.65,584,582,2,0.4725085910652921,-0.025270475466230697,0.018823081380930303,-0.025119470134562342,2.1031250000000026,20.0,20.0,0.16609033063869869,-0.18558639711836503,0.0,1.0,"BTC,ETH",高杠杆/短线赌徒型，长期单降权
1423145,970,2026-08-03 20:16:54,30,0xd670ced0fbe4e126f8f066d3d2579fe532f0b2ca,smart_money,P-N,50.0,1.0,1,0,1,,,20.962243989534855,20.962243989534855,866.66,40.0,40.0,28.01866689449292,0.0,0.0,1.0,BTC,仓位样本不足，暂不影响权重
1424065,970,2026-08-03 20:16:55,30,0xd67ca2c6f8bc84acf4fa4472b82a8740dc0a53ff,money_printer,P-C,42.81706050992251,0.75,31,31,0,0.45161290322580644,0.00010888256408729312,,0.00010888256408729312,20.393978494623656,9.451612903225806,10.0,1.0338134801225665,-0.5041616470642953,0.06451612903225806,0.9354838709677419,"BTC,HYPE,ZEC",仓位收益偏弱，降权参考
1423146,970,2026-08-03 20:16:54,30,0xd67f9ed4f542cfa6b70d8a92b40070a2bc080a5e,smart_money,P-N,50.0,1.0,1,0,1,,,16.111328588557676,15.709785674067172,866.66,10.0,10.0,20.876653299509602,-2.2100102732567817,0.0,1.0,HYPE,仓位样本不足，暂不影响权重
1424153,970,2026-08-03 20:16:55,30,0xd6c757043e7d59088969b188923c62fa960afe9b,smart_money,P-N,50.0,1.0,1,1,0,1.0,49.197404599289015,,49.197404599289015,780.6619444444444,5.0,5.0,58.4381192145526,0.0,0.0,0.0,ETH,仓位样本不足，暂不影响权重
1423147,970,2026-08-03 20:16:54,30,0xd6e1a6f7bb47aca69aaa511210227d40926ff256,money_printer,P-C,50.1905257325524,0.75,10,5,5,0.4,-0.1389518949347252,-3.418302566698297,-1.4047371337237977,428.84638888888884,9.0,20.0,6.688149351051689,-9.668748321266081,0.0,0.6,"TRUMP,ADA,ZEC,DOGE,ETH",仓位收益偏弱，降权参考
1423148,970,2026-08-03 20:16:54,30,0xd6e56265890b76413d1d527eb9b75e334c0c5b42,money_printer,P-C,54.054054054054056,0.75,37,0,37,,,37.19625878162854,37.27948159700434,828.5516816816817,6.054054054054054,20.0,45.539862115674794,-7.54818551334519,0.35135135135135137,0.2972972972972973,"ADA,AERO,APT,ASTER,ATOM",仓位收益偏弱，降权参考
1424146,970,2026-08-03 20:16:55,30,0xd70c9e61ba506a8cf1c25b54d14b25abdc048fd4,smart_money,P-N,50.0,1.0,2,2,0,0.5,0.30466336560836815,,0.30466336560836815,285.54555555555555,3.0,3.0,4.385953452123298,-4.39854558898632,1.0,0.0,"ETH,BTC",仓位样本不足，暂不影响权重
1423410,970,2026-08-03 20:16:54,30,0xd72cfd2424e26ba32e46b7b2aff95eff34247a71,smart_money,P-G,44.91093027702349,0.65,41,40,1,0.4,-0.08440238628755516,-0.15046063861833747,-0.08906972297651011,19.441524390243902,40.0,40.0,0.2757636507397913,-0.4011554570362976,0.0,1.0,BTC,高杠杆/短线赌徒型，长期单降权
1423149,970,2026-08-03 20:16:54,30,0xd733e6e0ffa461902ff3c63556b31fd41233d525,smart_money,P-N,50.0,1.0,1,0,1,,,11.802092702897262,11.802092702897262,866.66,40.0,40.0,19.676326039408476,0.0,0.0,1.0,BTC,仓位样本不足，暂不影响权重
1423150,970,2026-08-03 20:16:54,30,0xd7583e3cf08bbcab66f1242195227bbf9f865fda,smart_money,P-N,50.0,1.0,2,1,1,1.0,42.962573166200784,27.968975163177078,35.46577416468893,547.9920833333333,20.0,20.0,43.482194316145325,0.0,0.0,1.0,"ETH,BTC",仓位样本不足，暂不影响权重
1424317,970,2026-08-03 20:16:55,30,0xd759e86ed8ca3b9af4fbd87b295f2feea3b8daf3,smart_money,P-G,45.09506438304047,0.65,46,46,0,0.5869565217391305,0.09506438304047514,,0.09506438304047514,10.54023550724638,23.26086956521739,40.0,0.7634016696559464,-0.983292218039161,0.0,1.0,"BTC,SOL,ETH,HYPE,PUMP",高杠杆/短线赌徒型，长期单降权
1424343,970,2026-08-03 20:16:55,30,0xd77eb80f38fec10d87a192d07329415173307e93,smart_money,P-N,50.0,1.0,1,1,0,0.0,-25.82442618115193,,-25.82442618115193,305.8286111111111,1.0,1.0,1.1062695000083884,-27.120030120843097,1.0,0.0,JTO,仓位样本不足，暂不影响权重
1423450,970,2026-08-03 20:16:54,30,0xd7846935d7e5a49e20b9887e6465cb765f4c2937,smart_money,P-R,25.0,-0.8,5,4,1,0.0,-1.0349131773204951,1.2513300148068762,-0.5776645388950209,104.80538888888888,2.6,3.0,3.3122989341337563,-1.0470619805101522,1.0,0.0,HYPE,仓位真实收益偏反向，可作为反向参考
1423151,970,2026-08-03 20:16:54,30,0xd82cb57a8d039760a2073a96aa1a8d9eded94068,smart_money,P-C,79.41282359930466,0.75,227,110,117,0.5818181818181818,0.9215684015040468,-1.7989224275769313,-0.5999558415170742,409.42326358296657,4.533039647577093,10.0,9.591655509057802,-11.141961862145584,0.4977973568281938,0.10572687224669604,"HMSTR,GOAT,KAITO,EIGEN,MINA",仓位收益偏弱，降权参考
1423152,970,2026-08-03 20:16:54,30,0xd831409a48d8b21d59245c12b1540a0820446203,smart_money,P-N,50.0,1.0,1,0,1,,,3.7259244000411944,3.5917631207315908,866.66,20.0,20.0,19.741991966216908,-1.2642908641466657,0.0,1.0,ETH,仓位样本不足，暂不影响权重
1423153,970,2026-08-03 20:16:54,30,0xd83687a8ad139688f5d0eaa9fc352a10f532c2af,smart_money,P-N,50.0,1.0,1,0,1,,,1.8438444718495008,1.8438444718495008,866.66,5.0,5.0,10.607141648957597,-2.578552910386485,0.0,0.0,BTC,仓位样本不足，暂不影响权重
1424384,970,2026-08-03 20:16:55,30,0xd8ad0fd8b59b759d9ba4f1293b1f8d8d113b7598,smart_money,P-B,91.41622915436399,1.0,3,3,0,0.6666666666666666,8.489174970250351,,8.489174970250351,5.518888888888888,3.0,3.0,14.49610842726785,-3.221809169764565,1.0,0.0,HMSTR,仓位表现普通有效
1424367,970,2026-08-03 20:16:55,30,0xd8d0358919a944d4efa98713795d49b030e43ef9,smart_money,P-N,50.0,1.0,1,1,0,1.0,11.946169284144432,,11.946169284144432,54.219166666666666,3.0,3.0,11.946169284144434,-1.2955850714890083,1.0,0.0,LIT,仓位样本不足，暂不影响权重
1424164,970,2026-08-03 20:16:55,30,0xd8d324f57cfec258ffdbbc82cc6c073e5b14abea,smart_money,P-N,50.0,1.0,1,1,0,0.0,-2.733587000639991,,-2.733587000639991,757.6605555555556,6.0,6.0,1.4104226555409831,-11.625117623898436,0.0,0.0,BTC,仓位样本不足，暂不影响权重
1423322,970,2026-08-03 20:16:54,30,0xd908620dd5320d9bf0e34c614f7cf9c933dcf680,smart_money,P-G,44.51081871903551,0.65,5,4,1,0.5,-0.3500112237013643,-1.0458615100169646,-0.48918128096448443,125.10311111111109,16.0,30.0,1.4927763937143221,-2.5307261812179327,0.0,0.8,BTC,高杠杆/短线赌徒型，长期单降权
1423486,970,2026-08-03 20:16:54,30,0xd911e53d53b663972254e086450fd6198a25961e,money_printer,P-G,45.15271847304619,0.65,36,35,1,0.5714285714285714,0.15645510384308792,0.02193639515473622,0.15271847304618924,21.897854938271607,25.0,25.0,0.523405637904436,-0.45891856324931724,0.0,1.0,ETH,高杠杆/短线赌徒型，长期单降权
1423295,970,2026-08-03 20:16:54,30,0xd91f2df982c453b23a37d16a2e5bd8964fda7ad6,smart_money,P-G,39.71919201795668,0.65,3,2,1,1.0,2.855832241077952,-21.554088428285866,-5.280807982043321,238.37805555555556,10.0,10.0,1.9428240952190012,-9.865375048127765,0.0,1.0,"HYPE,SUI",高杠杆/短线赌徒型，长期单降权
1423309,970,2026-08-03 20:16:54,30,0xd92027fc1bf15ea8e1c9c0a1aa4a9f58b5433f20,smart_money,P-G,44.421073294744794,0.65,11,10,1,0.2,-0.5846921483273992,-0.619478093646803,-0.5789267052552054,86.3627777777778,31.363636363636363,40.0,1.3819719588601467,-1.5252272534889093,0.0,1.0,"BTC,ETH,SOL,AAVE",高杠杆/短线赌徒型，长期单降权
1424378,970,2026-08-03 20:16:55,30,0xd9271f589a561f18dba9e9b544c3f314538ee204,smart_money,P-N,50.0,1.0,1,1,0,0.0,-1.3559218559218407,,-1.3559218559218407,23.5625,3.0,3.0,2.8943833943834028,-1.3559218559218407,1.0,0.0,SOL,仓位样本不足，暂不影响权重
1423381,970,2026-08-03 20:16:54,30,0xd93db9fc95c19c1eaab854281890e9e77b18ae3f,smart_money,P-G,43.68708991143415,0.65,6,1,5,0.0,-5.885257122339289,-0.3984406818111643,-1.3129100885658518,89.3349537037037,13.333333333333334,20.0,2.3467934155289742,-3.1473480943677017,0.0,0.6666666666666666,"LIT,BTC,ETH,HYPE,SOL",高杠杆/短线赌徒型，长期单降权
1423154,970,2026-08-03 20:16:54,30,0xd96ea3bcce83d4e1ef8abd1776eecd0cea1bb09e,money_printer,P-N,50.0,1.0,1,0,1,,,49.87504259911395,49.875042599113954,866.66,10.0,10.0,54.236683220272596,0.0,0.0,1.0,BNB,仓位样本不足，暂不影响权重
1423155,970,2026-08-03 20:16:54,30,0xd9aecd4df04f0e8bd6320fd3fcb92d9c06dadf94,smart_money,P-B,74.0282444332453,1.0,149,95,54,0.49473684210526314,0.6388374585904594,-1.9833681099782814,-0.3620699416253102,309.4786428038778,4.476510067114094,10.0,5.272282620910919,-8.237129568528022,0.4966442953020134,0.09395973154362416,"MEME,ZK,BOME,GALA,SAGA",仓位表现普通有效
1423277,970,2026-08-03 20:16:54,30,0xd9c1ef5e179d706c4296b3abccbba362eb24158b,smart_money,P-G,45.55485966695514,0.65,29,24,5,0.375,0.5016573031337792,1.5430733790709987,0.5548596669551366,182.5719731800766,22.20689655172414,40.0,4.912471949319631,-5.014836762843032,0.27586206896551724,0.6551724137931034,"BTC,ETH,BLUR,XMR,AAVE",高杠杆/短线赌徒型，长期单降权
1423156,970,2026-08-03 20:16:54,30,0xd9f7e56fb5e1824b6bc43d93dcd30586b990e95e,smart_money,P-N,50.0,1.0,1,0,1,,,-29.789476445158726,-29.789476445158726,866.66,10.0,10.0,0.0,-72.79551150141995,0.0,1.0,HYPE,仓位样本不足，暂不影响权重
1424248,970,2026-08-03 20:16:55,30,0xda7176d42d075e6e99f6c202a7f6d2c48065879e,smart_money,P-G,43.96944187131258,0.65,3,3,0,0.3333333333333333,-1.0305581286874184,,-1.0305581286874184,99.52,20.0,20.0,1.7960821427117661,-1.728024142131062,0.0,1.0,"BTC,ETH",高杠杆/短线赌徒型，长期单降权
1423301,970,2026-08-03 20:16:54,30,0xda744273f80b22412417f7cfe0503f3d721f987d,smart_money,P-G,65.0,0.65,3,2,1,1.0,14.389263191544961,68.16406937066873,32.314198584586215,562.7208333333333,11.0,20.0,38.70766804743181,-5.0354987857211855,0.3333333333333333,0.6666666666666666,"CASHCAT,HYPE,BTC",高杠杆/短线赌徒型，长期单降权
1423157,970,2026-08-03 20:16:54,30,0xdad130ad870dc81139b2a7b1416ab8d68144f76f,smart_money,P-N,50.0,1.0,2,1,1,1.0,18.7072945521699,76.59534011104631,47.651317331608105,695.3245833333333,3.0,3.0,74.72693800538417,-12.426328229495583,1.0,0.0,"MEGA,CASHCAT",仓位样本不足，暂不影响权重
1423158,970,2026-08-03 20:16:54,30,0xdb09bf299d9ea9af66f4756bfc7f5ee3c8528976,smart_money,P-G,51.42986061742829,0.65,9,2,7,0.5,13.307760037938063,3.0532775549806694,6.429860617428291,664.421450617284,14.444444444444445,30.0,22.605470756031846,-6.653255708812388,0.0,1.0,"BTC,ADA,AVAX,DOT,SUI",高杠杆/短线赌徒型，长期单降权
1423275,970,2026-08-03 20:16:54,30,0xdb36e1fa10690f5dcd1a74c2957efc65cf834a1a,smart_money,P-N,50.0,1.0,2,0,2,,,-13.67230433413398,-13.67230433413398,719.8261111111111,5.0,5.0,16.561386507194246,-15.396448729021609,0.0,0.0,"LIT,GRAM",仓位样本不足，暂不影响权重
1423300,970,2026-08-03 20:16:54,30,0xdb6f5c58bb13d8aa101b0a5d1a70f737b5d1cd1c,smart_money,P-G,45.36489276468936,0.65,6,4,2,0.25,0.954294227781689,0.32257696140694325,0.3648927646893612,288.88666666666666,11.666666666666666,20.0,3.9535901918206555,-3.6013262735201503,0.0,1.0,"BTC,ETH",高杠杆/短线赌徒型，长期单降权
1423303,970,2026-08-03 20:16:54,30,0xdbbdee771e62ab57894e8b8bdefbe094d3135ddd,smart_money,P-N,50.0,1.0,2,1,1,0.0,-12.340354605496188,3.446272348478559,-4.447041128508815,265.4948611111111,14.0,25.0,6.567800470901213,-7.581776654220285,0.5,0.5,"ETH,CASHCAT",仓位样本不足，暂不影响权重
1423260,970,2026-08-03 20:16:54,30,0xdbcc96bcada067864902aad14e029fe7c422f147,money_printer,P-R,25.0,-0.8,39,2,37,0.0,-9.80921489366396,-2.8586865856769137,-3.2151239348044545,671.5654202279202,9.23076923076923,40.0,14.201357733989639,-11.91482148255815,0.1282051282051282,0.5641025641025641,"ZEC,AAVE,BTC,ETH,JTO",仓位真实收益偏反向，可作为反向参考
1423159,970,2026-08-03 20:16:54,30,0xdbd1bac81ad581c7198c9d155ca468f32a0c29dd,money_printer,P-C,46.020599913279625,0.75,4,0,4,,,28.052151760253885,28.025657986940196,866.66,6.0,10.0,38.76199369400211,-1.9290556610890952,0.25,0.25,"BCH,ETH,LTC,ZEC",仓位收益偏弱，降权参考
1423389,970,2026-08-03 20:16:54,30,0xdc5289909be4f3ce2604806bdd1448fd307f19f5,smart_money,P-G,44.34005602267182,0.65,27,25,2,0.4,-0.7394152015094526,0.33344632493766024,-0.6599439773281852,54.88144032921811,10.185185185185185,12.0,2.3191158924246658,-2.05875313578234,0.037037037037037035,0.8518518518518519,"BTC,ZEC,SOL,ETH,HYPE",高杠杆/短线赌徒型，长期单降权
1423160,970,2026-08-03 20:16:54,30,0xdc7be236c4b1ee77d16758451a198275ec9839b6,smart_money,P-N,50.0,1.0,1,0,1,,,-35.1109649122807,-35.1109649122807,866.66,10.0,10.0,0.0,-38.15219298245614,0.0,1.0,SOL,仓位样本不足，暂不影响权重
1423304,970,2026-08-03 20:16:54,30,0xdc931389c5ba42f4ef6202a2b678564e1d3c1350,smart_money,P-N,50.0,1.0,1,0,1,,,-2.8986722075979277,-2.8986722075979277,505.99083333333334,15.0,15.0,0.264043214105522,-7.534742316068427,0.0,1.0,BTC,仓位样本不足，暂不影响权重
1423161,970,2026-08-03 20:16:54,30,0xdca131ba8f428bd2f90ae962e4cb2d226312505e,money_printer,P-N,50.0,1.0,2,0,2,,,-3.806381942395948,-3.806381942395948,866.66,6.0,11.0,22.71853982043403,-48.321009429482395,0.5,0.5,"BTC,HYPE",仓位样本不足，暂不影响权重
1424360,970,2026-08-03 20:16:55,30,0xdca48e2b01f734fef27fcae98e5bfbd9f91043ff,smart_money,P-N,50.0,1.0,2,2,0,0.0,-2.819084618577466,,-2.819084618577466,26.668888888888887,20.0,20.0,0.836031710585084,-3.4243641534179665,0.0,1.0,ETH,仓位样本不足，暂不影响权重
1423458,970,2026-08-03 20:16:54,30,0xdd08886cb92c689c7d89c88f048028293296ead1,smart_money,P-G,44.99020216796494,0.65,16,15,1,0.4666666666666667,0.007655416529932757,-0.2715965605099566,-0.009797832035060364,40.68614583333333,36.5625,40.0,1.2036052064979157,-0.699294799458958,0.0,1.0,"BTC,ETH",高杠杆/短线赌徒型，长期单降权
1424082,970,2026-08-03 20:16:55,30,0xdd0c5de50d72e5eaa96816e920e41ce89c4b8888,money_printer,P-B,40.96307935486717,1.0,10,10,0,0.5,0.48153967743358334,,0.48153967743358334,11.945111111111112,10.4,20.0,1.5950102289435006,-1.2236004276638268,0.3,0.4,"BTC,HYPE,LIT",仓位表现普通有效
1423269,970,2026-08-03 20:16:54,30,0xdd7a372377fc633f74ab6e20963803d52f448830,money_printer,P-G,45.2516353466526,0.65,13,10,3,0.4,0.40752131480181697,-0.267984547178144,0.251635346652595,185.98799145299148,11.384615384615385,25.0,5.714351967951411,-4.270628164415693,0.07692307692307693,0.8461538461538461,"AAVE,ZEC,BTC,LINK,ONDO",高杠杆/短线赌徒型，长期单降权
1424074,970,2026-08-03 20:16:55,30,0xdd84ce1adcb3a4908db61a1dfa3353c3974c5a2b,smart_money,P-G,39.55955225071213,0.65,3,3,0,0.0,-5.440447749287867,,-5.440447749287867,179.09703703703704,10.0,10.0,2.1564609087378614,-7.3669737999000064,0.0,1.0,"BTC,HYPE",高杠杆/短线赌徒型，长期单降权
1423162,970,2026-08-03 20:16:54,30,0xdd9f274410c8c704bdbb599dce6c4fb34be4f50a,money_printer,P-N,50.0,1.0,1,0,1,,,-1.91834844807766,-1.91834844807766,866.66,40.0,40.0,9.329043185855616,-6.510250351258143,0.0,1.0,BTC,仓位样本不足，暂不影响权重
1423163,970,2026-08-03 20:16:54,30,0xdde01147aac2152dd0776bc3ed84cc96474df52d,smart_money,P-N,50.0,1.0,1,0,1,,,1.8580129601350608,1.8580129601350608,866.66,5.0,5.0,6.447196465243639,-7.235782865878078,0.0,0.0,BTC,仓位样本不足，暂不影响权重
1423271,970,2026-08-03 20:16:54,30,0xde22e70994ffd3748b78c82af635d8c584044903,smart_money,P-R,25.0,-0.8,45,40,5,0.35,0.12587393450627413,-0.8138038772240528,-0.03624093826073148,108.77667283950622,13.933333333333334,40.0,1.7981478057615834,-2.2014418158808335,0.08888888888888889,0.5111111111111111,"SEI,TRX,BTC,XRP,HMSTR",仓位真实收益偏反向，可作为反向参考
1423412,970,2026-08-03 20:16:54,30,0xde6b2a06407575b98724818445178c1f5fd53361,smart_money,P-N,50.0,1.0,2,1,1,0.0,-1.1089684980805767,-3.919475731898498,-2.514222114989537,428.83,15.0,25.0,4.548807039670035,-4.0080225188892005,0.0,0.5,"LIT,ETH",仓位样本不足，暂不影响权重
1423360,970,2026-08-03 20:16:54,30,0xde7639510e3e73d90e7f86d783134ed328f5b2e0,smart_money,P-N,50.0,1.0,1,0,1,,,-2.845338322419707,-2.8453383224197064,210.7072222222222,20.0,20.0,2.190520735890233,-4.6071094480823245,0.0,1.0,ETH,仓位样本不足，暂不影响权重
1423164,970,2026-08-03 20:16:54,30,0xde87db9becc56de225a24b9fcb135b21e5b09c1b,smart_money,P-B,67.91393066287272,1.0,3,2,1,0.5,18.458486772423775,-25.202896371333395,3.9046923911713853,458.1335185185185,6.666666666666667,10.0,15.873731123784927,-15.95975138719001,0.0,0.3333333333333333,"COMP,AAVE,MORPHO",仓位表现普通有效
1423165,970,2026-08-03 20:16:54,30,0xde8a6d588f8067e761bac811a102e0146c721e41,smart_money,P-C,13.771212547196626,0.75,3,0,3,,,-38.750086132338375,-38.750086132338375,866.66,3.6666666666666665,5.0,6.5896645704927055,-49.59213237726382,0.6666666666666666,0.0,"HYPE,MOODENG,TURBO",仓位收益偏弱，降权参考
1424131,970,2026-08-03 20:16:55,30,0xdeb7582b362a752970fbd2507d0fb5dd27ed379a,smart_money,P-N,50.0,1.0,2,2,0,0.5,-2.3891257141094364,,-2.3891257141094364,59.001666666666665,15.0,20.0,0.2309461103461192,-2.911254312969352,0.0,1.0,"ETH,SOL",仓位样本不足，暂不影响权重
1423400,970,2026-08-03 20:16:54,30,0xdee7297778b8755343e96e0b99eecf549195b856,smart_money,P-G,42.13139979602454,0.65,33,31,2,0.25806451612903225,-3.046326780872643,0.7314994848491934,-2.8686002039754634,62.75264309764309,16.181818181818183,40.0,4.066595139985556,-4.364023707090099,0.18181818181818182,0.7878787878787878,"HYPE,BTC,CASHCAT,ZEC,ETH",高杠杆/短线赌徒型，长期单降权
1423166,970,2026-08-03 20:16:54,30,0xdf52df044f1b150dfa79590909cdac6ad83d59fc,smart_money,P-A,81.33361602574271,1.15,141,108,33,0.6481481481481481,0.2738455354090206,9.949633928095652,2.4426157354875957,299.19650906225365,7.6453900709219855,20.0,7.908550044337072,-5.61800600118943,0.14893617021276595,0.5460992907801419,"TRUMP,FARTCOIN,TRX,ADA,BCH",仓位收益稳定，适合加权参考
1423167,970,2026-08-03 20:16:54,30,0xdf81987465681d0515058fe0a47a3bd174012730,smart_money,P-N,50.0,1.0,1,0,1,,,71.01365088585536,71.01365088585536,866.66,1.0,1.0,72.5192517524786,0.0,1.0,0.0,MEGA,仓位样本不足，暂不影响权重
1424103,970,2026-08-03 20:16:55,30,0xdf86c7c9069e9bd5bac9d97e21f9aa10f728fb86,smart_money,P-G,45.55746264092249,0.65,6,6,0,0.6666666666666666,0.557462640922486,,0.557462640922486,7.332777777777776,15.0,20.0,1.1764558576392117,-0.830154465562908,0.0,1.0,"HYPE,BTC,ETH,SOL",高杠杆/短线赌徒型，长期单降权
1423168,970,2026-08-03 20:16:54,30,0xdfaf7cd4ab0fc1d7f5ccf3216769f26bcd041a61,smart_money,P-B,60.5590177753308,1.0,12,8,4,0.625,2.6105925575952615,-3.6953771429087015,0.5086026574272742,425.2596527777778,10.75,40.0,21.940584141589515,-10.281606390062906,0.25,0.5,"VVV,ETH,SOL,SUI,ETHFI",仓位表现普通有效
1423433,970,2026-08-03 20:16:54,30,0xdfd50d93227ad4f896e1ed00c75aa422950a4a51,smart_money,P-G,45.03304565704404,0.65,470,467,3,0.5546038543897216,0.03310101225236639,0.009543516044288628,0.03304565704404512,4.529458628841605,20.0,20.0,0.3388750117796382,-0.3081744833609852,0.0,1.0,"BTC,SOL,ETH",高杠杆/短线赌徒型，长期单降权
1423169,970,2026-08-03 20:16:54,30,0xdfe5195e7cc1a2eca9b0df09d4646472a8c4a402,money_printer,P-N,50.0,1.0,1,0,1,,,0.7046580541793378,0.644011509433844,866.66,20.0,20.0,9.089985034551892,-4.323083394974754,0.0,1.0,BTC,仓位样本不足，暂不影响权重
1423170,970,2026-08-03 20:16:54,30,0xdfee2d4f729723aed67eed4bfb7a998dbb4294c0,smart_money,P-N,50.0,1.0,2,0,2,,,8.764410115451438,8.764410115451438,866.66,15.0,20.0,24.393574646676093,-8.441684114923467,0.0,1.0,"BTC,ZEC",仓位样本不足，暂不影响权重
1423361,970,2026-08-03 20:16:54,30,0xe02e420ec55b4e03924d77c7b342c012541ba2d3,money_printer,P-B,71.01377872651616,1.0,55,52,3,0.5576923076923077,-0.283034696690535,0.5927811845343535,-0.2850686786999629,76.90049494949494,8.163636363636364,20.0,4.14045240706524,-4.326121106980993,0.14545454545454545,0.4727272727272727,"HYPE,WLD,ENA,XPL,GRASS",仓位表现普通有效
1423171,970,2026-08-03 20:16:54,30,0xe06142615991dee64ca813085779fadcc70431eb,smart_money,P-B,88.60413749963952,1.0,14,4,10,0.5,0.8837992048002663,14.450233741104517,12.282744448386131,563.1487896825397,4.428571428571429,10.0,30.378671149945035,-14.16857520073277,0.6428571428571429,0.14285714285714285,"CASHCAT,ASTER,GRASS,HEMI,HYPE",仓位表现普通有效
1423172,970,2026-08-03 20:16:54,30,0xe06532a98a541b48f6330d2dd88e2b4b96010d6b,smart_money,P-R,25.0,-0.8,6,0,6,,,-3.0818580079851436,-3.081858007985142,866.66,9.5,20.0,14.75741977791371,-24.767687077512225,0.16666666666666666,0.3333333333333333,"BTC,FARTCOIN,HYPE,LIT,PURR",仓位真实收益偏反向，可作为反向参考
1423173,970,2026-08-03 20:16:54,30,0xe0665019fcf5ffa4a5aea5cf65f84016fcbe78da,money_printer,P-N,50.0,1.0,1,0,1,,,21.44291093404302,21.442910934043017,866.66,10.0,10.0,25.905373283820982,-4.58715728736554,0.0,1.0,HYPE,仓位样本不足，暂不影响权重
1423174,970,2026-08-03 20:16:54,30,0xe091330c53b971ed4e886f902f18e8544a8d6705,money_printer,P-N,50.0,1.0,2,1,1,0.0,-3.1689081571419453,4.606888864742854,0.7189903538004547,678.8236111111111,12.5,20.0,5.0128636072078265,-18.584067947240193,0.0,0.5,"HYPE,ETH",仓位样本不足，暂不影响权重
1423273,970,2026-08-03 20:16:54,30,0xe0ffc829349c88c159462942ad885f12130e7610,money_printer,P-N,50.0,1.0,1,0,1,,,15.619142534865926,15.619142534865926,767.2622222222222,3.0,3.0,16.99105338984995,-16.00566661176512,1.0,0.0,LIT,仓位样本不足，暂不影响权重
1423175,970,2026-08-03 20:16:54,30,0xe10e446e1d3b483635681b77da44b02c57d6905c,smart_money,P-N,50.0,1.0,1,0,1,,,28.022538095334742,28.02253809533474,866.66,7.0,7.0,34.44862401252065,0.0,0.0,0.0,BTC,仓位样本不足，暂不影响权重
1423176,970,2026-08-03 20:16:54,30,0xe113311f35a53b196c0ab3ed31ad0bf937cc5c07,money_printer,P-B,81.11484583716977,1.0,6,2,4,0.5,-4.2627260881049605,22.869210186946532,13.834760623282264,579.9404166666667,9.666666666666666,40.0,27.03138775116531,-16.59794189423228,0.6666666666666666,0.3333333333333333,"CASHCAT,BTC,HYPE,PUMP,PURR",仓位表现普通有效
1424240,970,2026-08-03 20:16:55,30,0xe117d3d94b30f7e7aa4f29704d0d2f43c009b9a8,smart_money,P-C,48.634610850604204,0.75,17,17,0,0.47058823529411764,-1.0996450639422048,,-1.0996450639422048,21.657892156862744,6.294117647058823,10.0,6.6516437540877895,-3.630068164655939,0.4117647058823529,0.47058823529411764,"CASHCAT,ZEC,LIT,PUMP,MORPHO",仓位收益偏弱，降权参考
1423177,970,2026-08-03 20:16:54,30,0xe15ec2db7dcb1fced329e9b38865ce546e688764,smart_money,P-G,44.27651908462535,0.65,29,23,6,0.30434782608695654,-0.5688337720325095,-0.604456186357038,-0.723480915374654,135.74568007662833,27.103448275862068,40.0,1.9248987873867578,-2.3861962286987493,0.2413793103448276,0.6896551724137931,"BTC,GMX,ETH,XMR,AAVE",高杠杆/短线赌徒型，长期单降权
1423178,970,2026-08-03 20:16:54,30,0xe170ed9d77792397271d564c7161351d69fe9300,money_printer,P-G,42.01616280049047,0.65,3,0,3,,,-2.983837199509533,-2.983837199509533,866.66,18.333333333333332,25.0,16.898417510630374,-25.221720173626935,0.0,1.0,"ETH,HYPE,SOL",高杠杆/短线赌徒型，长期单降权
1423179,970,2026-08-03 20:16:54,30,0xe17cf192fee50447687af1f689782d4abba8cbb1,smart_money,P-C,87.55198426108053,0.75,12,8,4,0.875,2.806962411761687,-12.810698943440691,-0.7449140996978579,350.576712962963,7.0,10.0,7.983278575034874,-11.23255719037418,0.3333333333333333,0.5,"WLD,VVV,ADA,HYPE,NEAR",仓位收益偏弱，降权参考
1424166,970,2026-08-03 20:16:55,30,0xe1b4e4d6320c65748a1900cf0329cb7221959d8a,smart_money,P-A,72.06831338716309,1.15,8,8,0,0.625,1.6437067586218275,,1.6437067586218275,61.524409722222224,6.125,10.0,4.5581912402545735,-1.460934353179487,0.0,0.25,"BTC,HYPE,ZEC,SOL,NEAR",仓位收益稳定，适合加权参考
1423180,970,2026-08-03 20:16:54,30,0xe1c08667421e480e63edda9b37b8405aa51ed19b,smart_money,P-B,85.42510065343642,1.0,104,26,78,0.5384615384615384,2.0412447608313924,3.393610046471396,2.8663964805643607,575.3468189102566,4.288461538461538,5.0,15.970878085213942,-13.968630462424086,0.3557692307692308,0.0,"EIGEN,YGG,ADA,MOODENG,TRUMP",仓位表现普通有效
1423181,970,2026-08-03 20:16:54,30,0xe24166173f1e956845a0660c8b26db334dced71a,money_printer,P-N,50.0,1.0,1,0,1,,,-25.82088758723195,-25.820887587231955,866.66,10.0,10.0,0.0,-67.51192179579346,0.0,1.0,HYPE,仓位样本不足，暂不影响权重
1423366,970,2026-08-03 20:16:54,30,0xe2990ce029db870c805e90a1a8a1d8a1c52255d6,money_printer,P-G,45.238577729184314,0.65,63,62,1,0.6290322580645161,0.3177316918958457,-4.668967958930784,0.2385777291843117,8.040736331569663,12.857142857142858,40.0,0.8950510337032961,-0.5299571694571433,0.0,0.8888888888888888,"FARTCOIN,XPL,LIT,PUMP,XRP",高杠杆/短线赌徒型，长期单降权
1423487,970,2026-08-03 20:16:54,30,0xe29d84a6f37858d7f8017be454ee35726511e525,smart_money,P-G,45.01254032210451,0.65,267,266,1,0.5676691729323309,0.012455009947378144,0.09890964635105896,0.012540322104515392,2.697864128173117,10.0,10.0,0.1826496020181719,-0.1667137261277657,0.0,1.0,BTC,高杠杆/短线赌徒型，长期单降权
1423182,970,2026-08-03 20:16:54,30,0xe2f86feccb1207710a442bc4e27a0701a290275a,money_printer,P-N,50.0,1.0,1,0,1,,,-0.2126586919657173,-0.3148653755135407,866.66,10.0,10.0,81.94657159356248,-5.881112791603646,0.0,1.0,HYPE,仓位样本不足，暂不影响权重
1424093,970,2026-08-03 20:16:55,30,0xe31501c472d557bfa145ce105d325fb2dd4cb867,smart_money,P-G,44.67568012856788,0.65,9,9,0,0.4444444444444444,-0.32431987143211893,,-0.32431987143211893,16.63222222222222,25.0,40.0,0.7110934885725821,-1.1431210240622083,0.0,1.0,"BTC,HYPE,ETH",高杠杆/短线赌徒型，长期单降权
1423491,970,2026-08-03 20:16:54,30,0xe34d21d1980082c6dd1c2d7be6315187dfe4a718,smart_money,P-B,66.505358896344,1.0,684,683,1,0.5915080527086384,0.2988010056224658,0.04887386470085771,0.2984356150655629,8.178319525666017,5.538011695906433,10.0,1.3012024730338994,-1.07685805405729,0.41812865497076024,0.27485380116959063,"LIT,VVV,PUMP,EIGEN,GRASS",仓位表现普通有效
1423437,970,2026-08-03 20:16:54,30,0xe383e214bd4b32a9ef9cf688ee98976b57f6c9c6,smart_money,P-G,43.39660216633242,0.65,16,15,1,0.13333333333333333,-1.832264193906685,1.8871915437646163,-1.6033978336675792,17.77126736111111,11.25,20.0,0.7833446884126101,-1.9432306449685501,0.0,1.0,"HYPE,ZEC,ETH",高杠杆/短线赌徒型，长期单降权
1423459,970,2026-08-03 20:16:54,30,0xe3b3482482899b4890ec5a2093cba2a558d0c14f,smart_money,P-B,46.96006060671564,1.0,239,238,1,0.5462184873949579,0.006928813313735798,-0.039462124972786936,0.006734708969440723,2.9688819153881907,14.719665271966527,30.0,0.1827399030366025,-0.18068733186812516,0.0,0.46443514644351463,BTC,仓位表现普通有效
1424250,970,2026-08-03 20:16:55,30,0xe3ea6e994993698a721f92491d1b0b4ce67ad5ff,smart_money,P-A,80.61869845094144,1.15,5,5,0,0.6,2.3144992037906236,,2.3144992037906236,163.43155555555555,3.4,5.0,8.291057642817629,-3.9539953732963857,0.6,0.0,"HYPE,BTC,LIT,SOL",仓位收益稳定，适合加权参考
1423183,970,2026-08-03 20:16:54,30,0xe41aa443bad860e6b584060cc365b58dc34caf92,smart_money,P-N,50.0,1.0,2,1,1,0.0,-63.20058997050146,63.871913317717265,0.3356616736079019,617.6606944444444,5.0,5.0,32.38971694779957,-33.136676499508354,0.0,0.0,"WLFI,PUMP",仓位样本不足，暂不影响权重
1423184,970,2026-08-03 20:16:54,30,0xe4c4f035775c4fa6fcd7561be4e35f29907b3df7,smart_money,P-N,50.0,1.0,1,0,1,,,17.712304868793826,17.712304868793822,866.66,10.0,10.0,22.38668557382105,-6.879489108151563,0.0,1.0,HYPE,仓位样本不足，暂不影响权重
1423364,970,2026-08-03 20:16:54,30,0xe5250bf1ee0d01c54866702b3e4a12a57939693d,smart_money,P-B,68.07411230225844,1.0,13,12,1,0.75,0.4087808486701512,-2.57995811930628,0.17887785113350263,37.66865384615385,8.923076923076923,10.0,1.310293123830885,-2.5875910128433826,0.15384615384615385,0.8461538461538461,"HYPE,CASHCAT,VVV",仓位表现普通有效
1423408,970,2026-08-03 20:16:54,30,0xe52ec3a0f90c66510ff7892354b1a1337afaac63,smart_money,P-G,45.06441205856607,0.65,135,132,3,0.5075757575757576,0.06728082915219931,-0.08522478288224129,0.06441205856606921,17.67488477366254,22.666666666666668,40.0,0.8248228176238303,-0.7509462837271786,0.0,1.0,"ONDO,ETH,BTC",高杠杆/短线赌徒型，长期单降权
1423185,970,2026-08-03 20:16:54,30,0xe5aaacff3f4f94d5009da0503144027e75a96232,smart_money,P-C,59.771212547196626,0.75,30,0,30,,,13.556056118751075,13.556056118751075,866.66,3.8333333333333335,8.0,33.01889227742042,-10.398380646536465,0.8,0.0,"AAVE,ADA,AERO,ALGO,BCH",仓位收益偏弱，降权参考
1423327,970,2026-08-03 20:16:54,30,0xe607da942c20336a2a7bc5a56488b86aad2684ee,money_printer,P-G,41.149172162918305,0.65,4,3,1,0.6666666666666666,-1.2419331640483373,-11.677511856181756,-3.850827837081692,110.0011111111111,11.25,20.0,2.11488157129288,-4.543707438173298,0.0,0.75,"ETHFI,UNI,ENA,XRP",高杠杆/短线赌徒型，长期单降权
1423337,970,2026-08-03 20:16:54,30,0xe67dbf2d051106b42104c1a6631af5e5a458b682,smart_money,P-R,25.0,-0.8,20,19,1,0.3684210526315789,-0.34597443739929995,-3.31846511522238,-0.4869610275161162,56.77441666666666,10.4,25.0,1.4200430216632207,-1.9071296587181306,0.0,0.35,"BTC,ETH,ONDO,BNB",仓位真实收益偏反向，可作为反向参考
1423186,970,2026-08-03 20:16:54,30,0xe67f141977da22e5c34d15c19b35f180a1532715,smart_money,P-A,100.0,1.15,17,14,3,0.9285714285714286,1.625057228058446,-2.3828686894203193,1.0512752591127401,115.81594771241832,4.529411764705882,12.0,4.1625480820909955,-3.799541087699405,0.6470588235294118,0.29411764705882354,"ETH,BTC,HYPE,PUMP,FARTCOIN",仓位收益稳定，适合加权参考
1423187,970,2026-08-03 20:16:54,30,0xe690ebdb7616526bb5ad2a6544221fb0bb69d0f5,smart_money,P-N,50.0,1.0,1,0,1,,,11.357504204142908,11.357504204142908,866.66,20.0,20.0,19.39455619135829,0.0,0.0,1.0,BTC,仓位样本不足，暂不影响权重
1423307,970,2026-08-03 20:16:54,30,0xe6e3355646051ff76174dd36f6e0fbe2b2cb67f7,smart_money,P-N,50.0,1.0,1,0,1,,,-9.693234230348079,-9.693234230348079,494.99805555555554,7.0,7.0,8.405973472198648,-14.823140989481368,0.0,0.0,HYPE,仓位样本不足，暂不影响权重
1423188,970,2026-08-03 20:16:54,30,0xe70786609d684ad71e5156cdc40279e79413ed88,smart_money,P-N,50.0,1.0,2,0,2,,,43.741915174014885,43.741915174014885,866.66,20.0,20.0,47.84305087194207,0.0,0.0,1.0,"BTC,SOL",仓位样本不足，暂不影响权重
1423189,970,2026-08-03 20:16:54,30,0xe71cbf47fff309813bcea54f3ecf49a5f129264d,smart_money,P-N,50.0,1.0,2,1,1,1.0,5.508255041885142,75.85447031667877,40.68136267928195,574.6669444444444,3.0,3.0,46.09731880962558,-0.47952677032729685,1.0,0.0,"MEGA,HYPE",仓位样本不足，暂不影响权重
1423190,970,2026-08-03 20:16:54,30,0xe72bbf79a59599b7a91b92b66ce2237af0d983db,smart_money,P-N,50.0,1.0,2,0,2,,,2.370514463360566,3.3692008161544758,866.66,12.5,15.0,14.70665730116515,-4.5600647757385415,0.0,1.0,"BTC,ETH",仓位样本不足，暂不影响权重
1424066,970,2026-08-03 20:16:55,30,0xe799f6e2414c60340ebd1e1613f7a9b1857d2af3,smart_money,P-C,62.939556320578475,0.75,31,31,0,0.6451612903225806,-1.0031593411401931,,-1.0031593411401931,24.103933691756275,9.064516129032258,14.0,1.5675335190548692,-2.58122014592568,0.1935483870967742,0.8064516129032258,"HYPE,LIT,ETH,BTC,SOL",仓位收益偏弱，降权参考
1423191,970,2026-08-03 20:16:54,30,0xe7af83354027311c07acf509653f3863096450c8,smart_money,P-S,97.47691472780741,1.25,17,10,7,0.6,1.4691576433580456,7.811622419229564,4.086212757012342,449.988774509804,3.0,3.0,13.298394884970506,-11.623619749421195,1.0,0.0,"STABLE,VVV,XMR,TRUMP,GRASS",仓位收益、持仓周期、杠杆结构适合长期参考
1423192,970,2026-08-03 20:16:54,30,0xe7e25d4f0f0076b08459e343529c446fef04f958,money_printer,P-G,65.0,0.65,4,0,4,,,42.915717305452446,42.91571730545245,866.66,10.75,20.0,46.49283130222934,-3.283576147774392,0.25,0.75,"BTC,DOGE,HYPE,LTC",高杠杆/短线赌徒型，长期单降权
1423321,970,2026-08-03 20:16:54,30,0xe7e3cdba6cc8a60c31c09279e69a0bec6e392901,smart_money,P-N,50.0,1.0,1,0,1,,,-9.979868395383535,-9.979868395383535,424.00444444444446,1.0,1.0,4.629267673939211,-16.00673971111074,1.0,0.0,ZEC,仓位样本不足，暂不影响权重
1423193,970,2026-08-03 20:16:54,30,0xe82bc65677e46b6626a8e779ac263221db039c2d,money_printer,P-N,50.0,1.0,2,0,2,,,41.55270443131789,41.55270443131789,866.66,17.5,20.0,48.932326467384684,0.0,0.0,1.0,"BTC,ETH",仓位样本不足，暂不影响权重
1423417,970,2026-08-03 20:16:54,30,0xe83054865a23ca7b74e4a13a5e7bbc2010291820,smart_money,P-N,50.0,1.0,1,0,1,,,6.351167149429203,6.351167149429203,30.00111111111111,3.0,3.0,6.887885500085197,-0.9601024109238228,1.0,0.0,VVV,仓位样本不足，暂不影响权重
1424064,970,2026-08-03 20:16:55,30,0xe86351e0f69bd808def36e7bb2f9107443838bb8,smart_money,P-G,46.31857169679707,0.65,63,63,0,0.5873015873015873,1.3185716967970726,,1.3185716967970726,19.947949735449733,10.46031746031746,20.0,3.609007183641919,-2.375694862738932,0.20634920634920634,0.5714285714285714,"HYPE,ETH,CASHCAT,BTC,PAXG",高杠杆/短线赌徒型，长期单降权
1423451,970,2026-08-03 20:16:54,30,0xe867fbdad3291530e41530301ecb77693850c78e,money_printer,P-N,50.0,1.0,2,1,1,0.0,-1.6324946718481483,0.624919261077387,-0.5037877053853806,169.9611111111111,13.0,20.0,2.138469568861455,-5.49603542311539,0.0,0.5,"ETH,HYPE",仓位样本不足，暂不影响权重
1424067,970,2026-08-03 20:16:55,30,0xe8681168f59af16c60c805dab7842eb75f127879,smart_money,P-G,46.46403346438533,0.65,24,24,0,0.8333333333333334,1.4640334643853337,,1.4640334643853337,28.71076388888889,16.458333333333332,40.0,2.685690455770042,-0.5473893203849948,0.0,0.9166666666666666,"HYPE,SOL,ETH,LIT,BTC",高杠杆/短线赌徒型，长期单降权
1423194,970,2026-08-03 20:16:54,30,0xe86b057f5eb764c9738d6b0d38170befd0723664,money_printer,P-G,45.28928183510346,0.65,519,468,51,0.5918803418803419,0.23788244818397214,1.471895749722805,0.2892818351034569,81.57439520445303,15.144508670520231,40.0,2.3388627655160916,-2.3059375206130124,0.028901734104046242,0.5992292870905588,"BTC,ETH,FARTCOIN,HYPE,SOL",高杠杆/短线赌徒型，长期单降权
1423272,970,2026-08-03 20:16:54,30,0xe8ef95e07161df78552da11fd95d287dd6d65201,smart_money,P-R,25.0,-0.8,57,53,4,0.33962264150943394,-0.4179104488718882,1.2592856147636025,-0.2709181428519805,87.37482943469786,18.36842105263158,40.0,2.1452440406486843,-2.6029377584734976,0.15789473684210525,0.47368421052631576,"BTC,DASH,ACE,XLM,kBONK",仓位真实收益偏反向，可作为反向参考
1424122,970,2026-08-03 20:16:55,30,0xe8fad35e6f85b5c5e4875fff2f595735498c279e,smart_money,P-B,100.0,1.0,4,4,0,1.0,2.7961534660349643,,2.7961534660349643,160.84465277777778,2.0,2.0,10.365756962300377,-2.5977929173633534,1.0,0.0,HYPE,仓位表现普通有效
1423195,970,2026-08-03 20:16:54,30,0xe98bc6b99a2eb1a108623af5843b922389e78cd5,money_printer,P-G,65.0,0.65,4,0,4,,,50.56744120138136,50.56744120138136,866.66,11.25,20.0,53.69857226055747,-0.3184922557049828,0.0,0.75,"HYPE,JUP,SOL,TIA",高杠杆/短线赌徒型，长期单降权
1424200,970,2026-08-03 20:16:55,30,0xe9cef9fd872a03cedf9d3e6e90309782b3724ea6,smart_money,P-B,73.90529263613828,1.0,24,24,0,0.5416666666666666,0.5932567761777818,,0.5932567761777818,50.37394675925927,3.5,5.0,2.411893743970284,-0.5254905896195038,0.75,0.0,"BTC,SOL,ETH,ZEC",仓位表现普通有效
1423196,970,2026-08-03 20:16:54,30,0xe9d199fd55a2560e3193f330e017192316ecd2d3,smart_money,P-G,45.00444794233011,0.65,32,28,4,0.6428571428571429,0.01549172173089274,-1.6225852706596784,0.004447942330112326,101.34593750000002,10.0,10.0,1.5026913834858495,-1.6274518124343542,0.0,1.0,"XRP,DOT,LTC,XPL",高杠杆/短线赌徒型，长期单降权
1423197,970,2026-08-03 20:16:54,30,0xea4fc1ae43d644b35e6874c32c49516ccb21df32,smart_money,P-B,75.67806562775108,1.0,580,421,159,0.48931116389548696,0.027365143165415197,4.320550458148672,1.1269351809817767,226.9160062260541,4.7155172413793105,40.0,6.438342112203472,-5.545884944522277,0.646551724137931,0.1413793103448276,"ME,ACE,UMA,REZ,ADA",仓位表现普通有效
1423198,970,2026-08-03 20:16:54,30,0xea6be4808a584fb1bcc0308403aacea3df94a67a,smart_money,P-B,70.05864223046856,1.0,224,162,62,0.5493827160493827,0.5245745708078101,-0.8798658208984238,0.29199748207731707,209.06322916666687,7.772321428571429,40.0,6.452452157461529,-6.1020099142872395,0.14285714285714285,0.5491071428571429,"ARB,VVV,DASH,UNI,SUI",仓位表现普通有效
1423199,970,2026-08-03 20:16:54,30,0xea745265097151523658be7c2c8ea325f1592ac0,smart_money,P-N,50.0,1.0,1,0,1,,,10.400849048901959,11.123211185633082,866.66,10.0,10.0,25.05054496084605,0.0,0.0,1.0,LINK,仓位样本不足，暂不影响权重
1424347,970,2026-08-03 20:16:55,30,0xeac842b2214cfece3f0d288293da19f408d91ede,money_printer,P-N,50.0,1.0,1,1,0,1.0,0.04211856375697125,,0.04211856375697125,21.000833333333333,10.0,10.0,4.323269665229002,-0.18227562127746672,0.0,1.0,NEAR,仓位样本不足，暂不影响权重
1423342,970,2026-08-03 20:16:54,30,0xeaf35054804ab7ed6b8cb070296dd6bb38abb4b1,smart_money,P-G,45.32054030505348,0.65,20,19,1,0.6842105263157895,0.1740676974335704,3.0048168239352084,0.32054030505347647,43.333000000000006,40.0,40.0,1.0935338400183898,-0.5026149498091506,0.0,1.0,BTC,高杠杆/短线赌徒型，长期单降权
1423256,970,2026-08-03 20:16:54,30,0xeafbe89e3bc638a540c166c45d2b12850fc6c402,money_printer,P-B,78.58290315275254,1.0,41,22,19,0.5454545454545454,0.32080397131976107,4.833268883948297,1.1517619976623048,244.24662601626005,4.658536585365853,20.0,8.149837593276565,-5.758271350145986,0.4634146341463415,0.1951219512195122,"OP,PENGU,TRUMP,GRAM,CHIP",仓位表现普通有效
1423407,970,2026-08-03 20:16:54,30,0xeb0f432beecf10dcc828fc1e36a3386caf634637,smart_money,P-G,43.56038143233401,0.65,5,4,1,0.25,-1.4787482999855306,-1.6683655592010955,-1.4396185676659858,45.53966666666666,12.6,20.0,1.1607772292327851,-2.472198336515114,0.2,0.8,"BTC,ETH,VVV",高杠杆/短线赌徒型，长期单降权
1423200,970,2026-08-03 20:16:54,30,0xeb47e64c3d12add1a175517619ede29fbc4a9f1d,smart_money,P-C,39.44817917050311,0.75,6,0,6,,,17.60466165340277,17.60466165340276,866.66,9.333333333333334,20.0,42.57925539265885,-31.479377607696193,0.3333333333333333,0.6666666666666666,"ARB,DOGE,ETH,HYPE,LINK",仓位收益偏弱，降权参考
1424392,970,2026-08-03 20:16:55,30,0xeb7f0a03ac25675c21b419ec91f7aa2e743e40bd,smart_money,P-A,83.05512572258068,1.15,110,110,0,0.5727272727272728,2.1184719521994304,,2.1184719521994304,159.0120126262628,5.181818181818182,20.0,10.769071125920734,-7.3987819500664775,0.5,0.16363636363636364,"GRASS,2Z,ADA,AIXBT,ALGO",仓位收益稳定，适合加权参考
1423339,970,2026-08-03 20:16:54,30,0xeb83e695adcac2e83f290d2d2815fc58e6491d7a,smart_money,P-G,44.52588117329895,0.65,58,56,2,0.35714285714285715,-0.48275720067244515,0.4067926820240134,-0.47411882670105493,31.90349137931034,21.137931034482758,40.0,1.224356940516202,-1.6348230819454297,0.034482758620689655,0.7758620689655172,"BTC,ETH,HYPE,APE,PUMP",高杠杆/短线赌徒型，长期单降权
1423201,970,2026-08-03 20:16:54,30,0xebcda26432c1e2a46898d9920759438f86c8fcf4,smart_money,P-G,50.82430036643243,0.65,3,0,3,,,5.75725133032758,5.824300366432431,643.3287962962963,26.666666666666668,40.0,12.28425897840208,-2.530469427183025,0.0,1.0,"BTC,SOL,ETH",高杠杆/短线赌徒型，长期单降权
1423434,970,2026-08-03 20:16:54,30,0xebcfa0e05df4c406f4a166b1318581134a8537c0,money_printer,P-B,45.538762770766986,1.0,86,85,1,0.5411764705882353,0.06500089850327719,-0.35645073840059377,0.060763054330146414,8.480426356589147,16.8953488372093,25.0,0.3892047832451846,-0.3417425495221121,0.0,0.5232558139534884,ETH,仓位表现普通有效
1423202,970,2026-08-03 20:16:54,30,0xebe6cc6820a76705b6654fdd1254256dcd54f1df,smart_money,P-N,50.0,1.0,2,1,1,1.0,11.083227845758653,18.995463737224682,15.647954406031172,479.54777777777775,6.5,10.0,39.38125542927086,-2.6071048582779044,0.5,0.5,"HYPE,VVV",仓位样本不足，暂不影响权重
1423368,970,2026-08-03 20:16:54,30,0xec2aa004732b35d4f763e7e73e7918da37274c96,smart_money,P-G,43.39669240238041,0.65,5,4,1,0.25,-3.249654210286135,4.982078853046604,-1.6033075976195874,131.65155555555555,16.6,34.0,1.612191546847607,-3.433350945886197,0.0,0.8,"BTC,kPEPE",高杠杆/短线赌徒型，长期单降权
1424178,970,2026-08-03 20:16:55,30,0xec30ae3bab4c5aa95a3151c1b6437412e876050e,smart_money,P-G,45.121636366468756,0.65,3,3,0,0.6666666666666666,0.12163636646875331,,0.12163636646875331,524.1011111111111,25.0,40.0,12.582695811994896,-3.7428650140641633,0.0,1.0,"BTC,HYPE,ETH",高杠杆/短线赌徒型，长期单降权
1423203,970,2026-08-03 20:16:54,30,0xec7c3257d80aa80d06d996517020744e40a70b05,smart_money,P-B,78.05178905074496,1.0,809,688,121,0.5218023255813954,0.13700251068092667,-0.2432564463406042,0.0841975552399517,135.2833171954402,4.855377008652658,12.0,4.317337688038112,-4.437040781858336,0.3535228677379481,0.032138442521631644,"LIT,HYPE,BTC,ADA,FARTCOIN",仓位表现普通有效
1423204,970,2026-08-03 20:16:54,30,0xec7f9f5b31b8f5da6ac6c0973bbd496e16f9df39,smart_money,P-N,50.0,1.0,1,0,1,,,7.730592089163565,7.730592089163564,866.66,20.0,20.0,12.584362959450083,-1.8875025526176803,0.0,1.0,BTC,仓位样本不足，暂不影响权重
1423205,970,2026-08-03 20:16:54,30,0xec89639d883a9ff2086c6deb0d766064b5bbea03,smart_money,P-N,50.0,1.0,1,0,1,,,26.260566814782706,23.682047876639384,866.66,4.0,4.0,30.45539023385856,0.0,0.0,0.0,HYPE,仓位样本不足，暂不影响权重
1424288,970,2026-08-03 20:16:55,30,0xec9045405a878d01cdb836f82a6dd2abd49a169c,smart_money,P-N,50.0,1.0,1,1,0,1.0,8.831608904665133,,8.831608904665133,481.66083333333336,14.0,14.0,17.851298761859265,0.0,0.0,1.0,BTC,仓位样本不足，暂不影响权重
1423206,970,2026-08-03 20:16:54,30,0xecb63caa47c7c4e77f60f1ce858cf28dc2b82b00,money_printer,P-C,72.02217644958426,0.75,185,103,82,0.6407766990291263,0.36458836503121783,-6.917601204263658,-2.5512313763624204,380.52090240240267,8.010810810810812,20.0,7.760763256793094,-10.388730995154972,0.2918918918918919,0.4864864864864865,"BTC,TRUMP,BCH,XLM,STBL",仓位收益偏弱，降权参考
1424152,970,2026-08-03 20:16:55,30,0xed48b856556a69c7c40229c9c4c829b909257c9b,money_printer,P-G,43.781418172066466,0.65,3,3,0,0.0,-1.2185818279335325,,-1.2185818279335325,51.093333333333334,20.0,20.0,1.0028787728555366,-1.2185818279335325,0.0,1.0,BTC,高杠杆/短线赌徒型，长期单降权
1423452,970,2026-08-03 20:16:54,30,0xed7c40e138cb25e79d94295882c66ac8197fb66e,smart_money,P-B,96.67219417088047,1.0,22,21,1,0.9523809523809523,0.8287405383805508,-0.009243650082411771,0.7906503479958708,14.30635101010101,3.1818181818181817,4.0,0.8624520566259831,-0.3620709427541292,0.8181818181818182,0.0,"BTC,HYPE",仓位表现普通有效
1424236,970,2026-08-03 20:16:55,30,0xeda73c9fa6a90cea2bcc5529e9e12c012e13655b,smart_money,P-N,50.0,1.0,1,1,0,0.0,-1.6969160395455294,,-1.6969160395455294,499.75055555555554,5.0,5.0,0.40824356893413877,-28.06551571491812,0.0,0.0,MON,仓位样本不足，暂不影响权重
1423207,970,2026-08-03 20:16:54,30,0xeda7dbbd44a0c5800dfa9cdd3fbb585cdba288f3,smart_money,P-G,56.37478028138304,0.65,8,3,5,1.0,12.393394804369345,10.139205949855745,11.374780281383043,579.2304166666667,15.75,40.0,17.946211878819305,-6.745368800923348,0.0,0.75,"BTC,ETH,FARTCOIN,SOL,ZEC",高杠杆/短线赌徒型，长期单降权
1424256,970,2026-08-03 20:16:55,30,0xee162a5a60829bd346f0c1ac3514b21fe5f4b290,money_printer,P-B,68.45896378036173,1.0,313,313,0,0.5463258785942492,0.10807613938214339,,0.10807613938214339,2.918281860134894,5.0,5.0,0.5035267370869195,-0.4247575063832802,0.0,0.0,"ZEC,TAO",仓位表现普通有效
1423208,970,2026-08-03 20:16:54,30,0xeeaf4055e581dae6a4eaea0a66181ecb207787f1,smart_money,P-A,100.0,1.15,5,1,4,1.0,12.100906582577846,3.1760816996322916,4.688861102058367,706.8911666666667,7.4,20.0,25.429657449979842,-12.374743737443163,0.6,0.4,"AAVE,AERO,BTC,PUMP,GALA",仓位收益稳定，适合加权参考
1423302,970,2026-08-03 20:16:54,30,0xef70339934261ca3524bddfa7d02e0a69107a84c,money_printer,P-G,48.011072853395525,0.65,6,4,2,0.5,4.22022489579462,0.2648758128577712,3.011072853395523,261.73319444444445,20.0,40.0,7.1907258666038585,-3.282801468352266,0.0,0.6666666666666666,"ETH,BTC,SOL,ASTER,LIT",高杠杆/短线赌徒型，长期单降权
1423209,970,2026-08-03 20:16:54,30,0xef96d013bdb1a5dfe553999f19b5091b9a299383,smart_money,P-G,45.37462070530212,0.65,124,92,32,0.5108695652173914,-0.31521237467967167,1.8551968467096285,0.37462070530212316,192.81439740143384,11.879032258064516,40.0,5.076051094681527,-5.127876585101534,0.008064516129032258,0.8387096774193549,"XRP,LIT,HYPE,TRUMP,ZEC",高杠杆/短线赌徒型，长期单降权
1423296,970,2026-08-03 20:16:54,30,0xeff7fe671d9a7acf86f48994bc5d5161042415b6,smart_money,P-G,45.51735475776631,0.65,5,4,1,1.0,0.8840281996351974,-0.03573068466574244,0.51735475776631,145.0696111111111,22.6,25.0,1.603130822819221,-0.7428395798401014,0.0,1.0,BTC,高杠杆/短线赌徒型，长期单降权
1424191,970,2026-08-03 20:16:55,30,0xf00bb08f7d1d04a9415408c939c02410fc6791b1,smart_money,P-N,50.0,1.0,2,2,0,0.5,-3.5544769745642975,,-3.5544769745642975,717.6575,11.5,20.0,12.896428822116459,-13.095819507964936,0.5,0.5,"ETH,HYPE",仓位样本不足，暂不影响权重
1423379,970,2026-08-03 20:16:54,30,0xf00eabc409c51cf884ec7861cb839524af6afe3d,smart_money,P-G,45.57404313153918,0.65,8,7,1,0.7142857142857143,0.5939229307738111,0.4348845368967455,0.574043131539178,153.3259375,13.875,20.0,6.903325407036155,-6.341896968792143,0.25,0.625,"BTC,CASHCAT,ETHFI,SOL",高杠杆/短线赌徒型，长期单降权
1423210,970,2026-08-03 20:16:54,30,0xf0480a7892bc260658e82359f3c9374bc0a75444,money_printer,P-N,50.0,1.0,1,0,1,,,-0.7245839401776384,-0.14800063352096848,866.66,20.0,20.0,2.2975933632131262,-3.857468813855711,0.0,1.0,BTC,仓位样本不足，暂不影响权重
1423488,970,2026-08-03 20:16:54,30,0xf05359fe3426248c3eb48ca9474160dc4510b99d,smart_money,P-B,59.253391328481676,1.0,292,291,1,0.5154639175257731,0.010007868619387577,0.02514740660681373,0.01011608508535352,2.447245053272451,7.839041095890411,20.0,0.22711650746354756,-0.20580417908450604,0.3082191780821918,0.3424657534246575,ETH,仓位表现普通有效
1423470,970,2026-08-03 20:16:54,30,0xf060e33cfa0727a224a184622606213e8f4e6a6f,smart_money,P-B,46.16537440705681,1.0,268,267,1,0.5430711610486891,0.0015067678580162525,-0.0649706457925636,0.0005697011526426362,2.644739842454393,15.638059701492537,30.0,0.1869962333741014,-0.18570272190576556,0.0,0.4925373134328358,BTC,仓位表现普通有效
1423211,970,2026-08-03 20:16:54,30,0xf10b1ba419f347fc129e4e79275fa022d72208de,smart_money,P-N,50.0,1.0,1,0,1,,,30.773278107191253,30.773278107191253,866.66,10.0,10.0,74.10529805779525,0.0,0.0,1.0,HYPE,仓位样本不足，暂不影响权重
1423212,970,2026-08-03 20:16:54,30,0xf1245033de5669c24b7915256afb598ac3245bf1,smart_money,P-G,40.60139343767029,0.65,3,1,2,0.0,-0.0544500544500487,-6.570684816269541,-4.39860656232971,847.3264814814814,13.333333333333334,20.0,11.412226079857012,-17.151631247115148,0.0,1.0,"ETH,ZEC,AAVE",高杠杆/短线赌徒型，长期单降权
1423318,970,2026-08-03 20:16:54,30,0xf17de447fdfa1778db06111e3cbdc878332adab2,money_printer,P-G,44.76554567488118,0.65,9,8,1,0.375,-1.6633783589620361,11.980536963759878,-0.2344543251188164,104.26836419753084,12.333333333333334,40.0,5.866493777355621,-4.255734016803764,0.1111111111111111,0.8888888888888888,"HYPE,BTC,ZEC,PUMP,XPL",高杠杆/短线赌徒型，长期单降权
1423213,970,2026-08-03 20:16:54,30,0xf191539a2c4ba0af951438bb6abfa0625c7df2ef,smart_money,P-G,54.38652822004608,0.65,5,1,4,0.0,-0.2873959626615165,11.805009265722978,9.38652822004608,420.4655555555555,27.0,40.0,22.347340744386322,-1.7558707943373573,0.0,1.0,"BTC,ETH,HYPE,SOL",高杠杆/短线赌徒型，长期单降权
1423214,970,2026-08-03 20:16:54,30,0xf19b3c8b8004149cf21c8efe4433cd3b57752695,smart_money,P-G,42.26876933948329,0.65,6,3,3,0.0,-1.6893915591589825,-4.615690028771703,-2.7312306605167076,347.88712962962956,28.833333333333332,40.0,6.769328386552402,-5.342344370827263,0.16666666666666666,0.8333333333333334,"BTC,HYPE,CC",高杠杆/短线赌徒型，长期单降权
1423492,970,2026-08-03 20:16:54,30,0xf208b13968cf79db8ed788907e70c288a3169c0b,smart_money,P-N,50.0,1.0,1,0,1,,,0.07087172218285151,0.07087172218285151,0.0,10.0,10.0,0.07087172218285151,0.0,0.0,1.0,WLD,仓位样本不足，暂不影响权重
1423215,970,2026-08-03 20:16:54,30,0xf215c807672f168f6894bb2f5154000de11b4d85,smart_money,P-N,50.0,1.0,1,0,1,,,0.056051968629690495,0.056051968629690495,866.66,40.0,40.0,9.947177644215875,-4.827671821400338,0.0,1.0,BTC,仓位样本不足，暂不影响权重
1423216,970,2026-08-03 20:16:54,30,0xf21cd17b9db49fdb21bfdf714558cf8bde3221bd,smart_money,P-B,78.62675337565575,1.0,301,205,96,0.5121951219512195,-0.22264330353644038,3.3056926219138467,0.585882967707943,289.0904789590254,4.7275747508305646,12.0,7.417944051283016,-6.567836293818085,0.3488372093023256,0.019933554817275746,"HYPE,XLM,ENA,LIT,LAYER",仓位表现普通有效
1424162,970,2026-08-03 20:16:55,30,0xf220c9b7b4c0e5e785ebe4b40b17576ce24473e0,money_printer,P-G,45.516375060486496,0.65,6,6,0,0.8333333333333334,0.5163750604864932,,0.5163750604864932,115.33921296296296,30.0,40.0,3.305349432181989,-2.0092076969662522,0.0,1.0,"BTC,ETH",高杠杆/短线赌徒型，长期单降权
1423217,970,2026-08-03 20:16:54,30,0xf25df1972b89d3cdb051cf8b2bf385b5dcb9aa21,smart_money,P-G,43.36186291902957,0.65,20,15,5,0.7333333333333333,0.28687447957324996,-7.454560440648443,-1.6381370809704319,202.74615277777778,14.95,20.0,2.31949275924691,-4.862840665523248,0.0,0.95,"BTC,ETH,TAO,XRP,ONDO",高杠杆/短线赌徒型，长期单降权
1423382,970,2026-08-03 20:16:54,30,0xf27ebb91ea420f73b59b205ac7e0b77a90ec8f3c,money_printer,P-B,70.37286321696018,1.0,1112,1094,18,0.5722120658135283,0.1649129648322628,-0.10411854087123563,0.15900930500659785,13.16117131294965,4.764388489208633,5.0,1.05154031775981,-0.9420246707996422,0.11780575539568346,0.0,"HYPE,ZEC,FARTCOIN,LIT,TAO",仓位表现普通有效
1424322,970,2026-08-03 20:16:55,30,0xf28e1b06e00e8774c612e31ab3ac35d5a720085f,money_printer,P-A,90.48430605155667,1.15,81,81,0,0.654320987654321,5.044622161580804,,5.044622161580804,181.06955418381358,6.777777777777778,20.0,15.383338168760991,-9.346853984949526,0.2839506172839506,0.37037037037037035,"SYRUP,LIT,CC,MANTA,HYPE",仓位收益稳定，适合加权参考
1424267,970,2026-08-03 20:16:55,30,0xf2d96ddecf1bb5639960e407b133705a812ffc34,smart_money,P-N,50.0,1.0,1,1,0,1.0,1.1121460805884265,,1.1121460805884265,16.998333333333335,3.0,3.0,1.339393258066064,-0.43763149019545,1.0,0.0,HYPE,仓位样本不足，暂不影响权重
1423218,970,2026-08-03 20:16:54,30,0xf3eb9dc9626800f5c2157a14adfaba2177e1f7b5,money_printer,P-G,56.975524076783465,0.65,4,1,3,0.0,-0.6336265520683017,16.178574286400718,11.975524076783463,516.8259722222222,11.25,20.0,17.138660172176024,-2.3081052421148645,0.0,0.75,"LINK,NEAR,LIT,SOL",高杠杆/短线赌徒型，长期单降权
1424368,970,2026-08-03 20:16:55,30,0xf403d3848c602a17c62e4f6ac1c75c2b7653318f,smart_money,P-N,50.0,1.0,1,1,0,1.0,36.09680904028891,,36.09680904028891,228.0886111111111,8.0,8.0,40.810807783901346,0.0,0.0,0.0,BTC,仓位样本不足，暂不影响权重
1423420,970,2026-08-03 20:16:54,30,0xf40f4129b137f30ab83dfe7f46a468fc6830865f,smart_money,P-C,86.3448465931675,0.75,3,1,2,1.0,0.9404745447893887,-3.0400117379165357,-1.7131829770145608,16.6662962962963,5.0,5.0,0.9189291004374881,-2.5675753019264067,0.0,0.0,"HYPE,BTC,LIT",仓位收益偏弱，降权参考
1423219,970,2026-08-03 20:16:54,30,0xf436d47f962e4acd96eb6d87677db91d5f40a204,smart_money,P-C,0.0,0.75,4,0,4,,,-11.094320261475227,-11.1555715290765,866.66,12.5,20.0,5.264616240043192,-37.849894058147356,0.0,0.5,"BTC,HYPE,INJ,SOL",仓位收益偏弱，降权参考
1423312,970,2026-08-03 20:16:54,30,0xf469697ae698e1459f02cdabc882c468fad5396d,smart_money,P-G,46.391128381774344,0.65,11,8,3,0.75,3.12126251967787,-3.382183050457567,1.3911283817743465,266.347196969697,16.818181818181817,40.0,9.595120286772984,-4.652798744589945,0.0,0.8181818181818182,"HYPE,ETHFI,BTC,LINK,SOL",高杠杆/短线赌徒型，长期单降权
1423426,970,2026-08-03 20:16:54,30,0xf47fe5f0f6c3ebfde365e34e6d15fb2ed4c39cdb,smart_money,P-G,47.89310458748563,0.65,13,8,5,0.5,3.658560114985433,1.6683757434859463,2.893104587485631,42.17527777777778,17.384615384615383,40.0,4.698471459916268,-0.39519765574370297,0.15384615384615385,0.7692307692307693,"ETH,VVV,BTC,INJ,UNI",高杠杆/短线赌徒型，长期单降权
1424175,970,2026-08-03 20:16:55,30,0xf48111d547f8de8f37fd68bc8b971a5a57019825,smart_money,P-N,50.0,1.0,1,1,0,0.0,-3.240482424138371,,-3.240482424138371,26.000833333333333,1.0,1.0,1.4743122022404536,-5.616120863556363,1.0,0.0,LIT,仓位样本不足，暂不影响权重
1423220,970,2026-08-03 20:16:54,30,0xf4939e64793fc85b68ec4ddb1697b01db3977134,smart_money,P-N,50.0,1.0,1,0,1,,,5.730962496349025,5.730962496349026,866.66,5.0,5.0,42.489002631844336,-11.971417031591015,0.0,0.0,LIT,仓位样本不足，暂不影响权重
1423221,970,2026-08-03 20:16:54,30,0xf521c8d72af09309f0c50f9c3dd053fc7b013c33,smart_money,P-N,50.0,1.0,1,0,1,,,18.200981585658084,18.200981585658084,866.66,3.0,3.0,25.503927624075757,0.0,1.0,0.0,BTC,仓位样本不足，暂不影响权重
1423222,970,2026-08-03 20:16:54,30,0xf524d20408d9f426c74903924941efd1aae5e59d,smart_money,P-G,49.321430050680135,0.65,5,0,5,,,4.321430050680134,4.321430050680133,866.6600000000001,13.0,20.0,12.784350765260625,-10.12165041101648,0.0,0.8,"BNB,ETH,HYPE,LTC,SOL",高杠杆/短线赌徒型，长期单降权
1423223,970,2026-08-03 20:16:54,30,0xf53cab0c6f25f48f985d1e2c40e03fc7c1963364,smart_money,P-G,40.882836210023356,0.65,10,2,8,1.0,15.769114229811077,-8.628511796244409,-4.117163789976646,824.5185555555556,11.5,40.0,20.543032436899306,-29.343879561611647,0.2,0.6,"ASTER,BCH,BTC,HYPE,NEAR",高杠杆/短线赌徒型，长期单降权
1424096,970,2026-08-03 20:16:55,30,0xf55f10b83bdb21d5f6b7449d4ea3589a8ae30d3a,smart_money,P-G,44.99937050676856,0.65,36,36,0,0.5555555555555556,-0.0006294932314439992,,-0.0006294932314439992,19.087322530864196,13.75,20.0,1.0315637412666707,-1.4579382046709994,0.0,0.9722222222222222,"HYPE,BTC,ETH,SOL,ZEC",高杠杆/短线赌徒型，长期单降权
1423224,970,2026-08-03 20:16:54,30,0xf58b673c1633ccef0ac58263cdc95ed80f817fc7,money_printer,P-N,50.0,1.0,2,0,2,,,-0.41505718581615453,0.6802063490676358,474.3306944444444,22.5,40.0,3.2457053648901915,-2.5333064624838757,0.0,0.5,"BTC,XMR",仓位样本不足，暂不影响权重
1424134,970,2026-08-03 20:16:55,30,0xf5a523b171032c060d49c39fbf2e9bec473e1286,money_printer,P-N,50.0,1.0,1,1,0,1.0,1.6333938294010784,,1.6333938294010784,1.0019444444444445,10.0,10.0,1.6333938294010784,0.0,0.0,1.0,kSHIB,仓位样本不足，暂不影响权重
1424290,970,2026-08-03 20:16:55,30,0xf5b0af852e3dedc03b551f7050b616b5c77c7645,smart_money,P-B,62.96959195994283,1.0,16,16,0,0.5625,0.2766960666917917,,0.2766960666917917,25.357500000000005,7.625,10.0,3.046179166960566,-1.950570096164474,0.125,0.5,"ENA,ZRO,PUMP,LIT,FARTCOIN",仓位表现普通有效
1423290,970,2026-08-03 20:16:54,30,0xf5d889840ff183c72b0b57aac895303eee76f226,smart_money,P-G,45.01914930011763,0.65,455,450,5,0.5466666666666666,0.06795373917681126,-5.4817298954988,0.019149300117634847,8.23862332112332,28.158241758241758,40.0,0.3933425771161361,-0.35471570038245936,0.01978021978021978,0.9802197802197802,"BTC,ETH,HYPE,SOPH,ANIME",高杠杆/短线赌徒型，长期单降权
1423225,970,2026-08-03 20:16:54,30,0xf5dd745bcf393686ceffb6a43f7e7b4c172aefad,smart_money,P-G,44.502996205964656,0.65,58,52,6,0.38461538461538464,-0.5249093537884169,-0.4691519577897944,-0.49700379403534417,93.17158045977017,21.53448275862069,40.0,2.522766636054191,-2.525385714175694,0.22413793103448276,0.6896551724137931,"BTC,HMSTR,XRP,kSHIB,ACE",高杠杆/短线赌徒型，长期单降权
1423226,970,2026-08-03 20:16:54,30,0xf5f4c3aa62a0f903a8529905031b1536d1cf16f8,smart_money,P-N,50.0,1.0,2,0,2,,,-17.045598751997918,-17.045598751997918,866.66,1.5,2.0,3.357547340871931,-41.70216001177485,1.0,0.0,"BTC,HYPE",仓位样本不足，暂不影响权重
1423227,970,2026-08-03 20:16:54,30,0xf62edeee17968d4c55d1c74936d2110333342f30,money_printer,P-C,20.128767686714333,0.75,3,0,3,,,2.5438085486094786,3.5121109030921858,866.66,13.666666666666666,30.0,38.338935414503204,-44.984848091853856,0.0,0.3333333333333333,"BTC,HYPE,PUMP",仓位收益偏弱，降权参考
1423228,970,2026-08-03 20:16:54,30,0xf6cb2067f954e1dfa5cb473d7f7673e0b2f95d32,smart_money,P-G,51.244940714368305,0.65,3,0,3,,,6.244940714368302,6.244940714368302,789.1045370370371,20.0,20.0,13.869329377372777,-3.7509071489007546,0.0,1.0,"BTC,SOL,ETH",高杠杆/短线赌徒型，长期单降权
1423281,970,2026-08-03 20:16:54,30,0xf6e0efd25be6f4302190ea44db596719aa400588,smart_money,P-N,50.0,1.0,1,0,1,,,6.212715186637131,6.212715186637131,734.7836111111111,20.0,20.0,11.718084199761378,-2.0936310436906944,0.0,1.0,ETH,仓位样本不足，暂不影响权重
1424207,970,2026-08-03 20:16:55,30,0xf709deb9ca069e53a31a408fde397a87d025a352,smart_money,P-G,45.408204768856386,0.65,6,6,0,1.0,0.40820476885638746,,0.40820476885638746,1.0862962962962963,10.0,10.0,0.4786433412959253,0.0,0.0,1.0,"HYPE,ZEC",高杠杆/短线赌徒型，长期单降权
1423294,970,2026-08-03 20:16:54,30,0xf770f371cc66499a89ae56aa84f9506e083f99ea,smart_money,P-B,89.29088461643912,1.0,45,39,6,0.717948717948718,1.314805689987537,-2.8077278732384787,0.7394594022366447,93.38649382716046,7.066666666666666,20.0,5.043797785298392,-4.524215415873588,0.37777777777777777,0.2222222222222222,"BTC,CASHCAT,HYPE,LIT,ZEC",仓位表现普通有效
1423229,970,2026-08-03 20:16:54,30,0xf780adb6ca4a737d2a8def6dd445b0c0276d70e1,smart_money,P-G,65.0,0.65,3,0,3,,,33.83510715823329,33.83510715823329,866.66,11.0,20.0,39.00711283477889,-2.28418305341382,0.3333333333333333,0.6666666666666666,"ETH,PURR,WLD",高杠杆/短线赌徒型，长期单降权
1424181,970,2026-08-03 20:16:55,30,0xf7b5461d0007ce4b52eaea2f6d2a30cef0fbefff,smart_money,P-N,50.0,1.0,1,1,0,0.0,-1.2904592309019878,,-1.2904592309019878,14.000277777777777,40.0,40.0,0.0870765803222618,-1.2904592309019878,0.0,1.0,BTC,仓位样本不足，暂不影响权重
1423230,970,2026-08-03 20:16:54,30,0xf7b7934ca8ff68a8b1d721232259b3c55eee5468,smart_money,P-N,50.0,1.0,1,0,1,,,25.782986324157015,25.782986324157015,866.66,10.0,10.0,29.99890920494675,0.0,0.0,1.0,HYPE,仓位样本不足，暂不影响权重
1423231,970,2026-08-03 20:16:54,30,0xf7c2ed23ddff71b17473db6f330fd8cb18388010,smart_money,P-N,50.0,1.0,1,0,1,,,-14.585153389989275,-14.585153389989278,866.66,3.0,3.0,0.0,-52.55320179104099,1.0,0.0,HYPE,仓位样本不足，暂不影响权重
1423367,970,2026-08-03 20:16:54,30,0xf7c8f36f76175b7742da42c8b714a4d8331b7260,smart_money,P-N,50.0,1.0,1,0,1,,,2.9720778341069636,2.9720778341069636,163.00277777777777,10.0,10.0,8.48378218428914,-0.23476437998674154,0.0,1.0,HYPE,仓位样本不足，暂不影响权重
1424300,970,2026-08-03 20:16:55,30,0xf8143d76137489ae1fbcb8dbdc3937f66d6618cb,smart_money,P-N,50.0,1.0,1,1,0,0.0,-33.29552819183409,,-33.29552819183409,30.997222222222224,2.0,2.0,9.148714245597134,-33.29552819183409,1.0,0.0,CASHCAT,仓位样本不足，暂不影响权重
1423284,970,2026-08-03 20:16:54,30,0xf818074d013f376b860c02f0ad2bf98b12139489,smart_money,P-R,25.0,-0.8,5,3,2,0.3333333333333333,-2.276955367290258,-0.4236651917988976,-1.5922636440465543,376.73022222222227,5.0,5.0,6.712790446466738,-6.203885032880019,0.0,0.0,"HYPE,ETH,SOL",仓位真实收益偏反向，可作为反向参考
1423232,970,2026-08-03 20:16:54,30,0xf822fa0fd364c573fcdb7009fcf47601bc8be01a,money_printer,P-S,100.0,1.25,12,1,11,1.0,5.1041666666666545,1.8882895780011244,3.002245632422937,466.46194444444444,3.0,3.0,8.376747405195248,-8.00676779725673,1.0,0.0,"PUMP,BTC,ETH,HYPE,PAXG",仓位收益、持仓周期、杠杆结构适合长期参考
1423233,970,2026-08-03 20:16:54,30,0xf83ff544ed6f00fe7a74782aee3fd9ea54d96728,money_printer,P-G,35.0,0.65,4,2,2,0.0,-0.6282825185368359,-42.09144532892011,-21.861586847519394,574.7851388888889,15.75,20.0,1.715408352003713,-24.899192223988056,0.25,0.75,"BTC,ETH,ORDI",高杠杆/短线赌徒型，长期单降权
1423234,970,2026-08-03 20:16:54,30,0xf86149475b49bdb11cd8b27c38ae11a1569fbbdc,smart_money,P-A,100.0,1.15,11,1,10,1.0,33.1015168615835,6.859793381045177,7.7162865604496345,771.6502525252525,6.363636363636363,10.0,28.686064457824912,-29.44995814779354,0.2727272727272727,0.36363636363636365,"AAVE,FARTCOIN,FET,HYPE,LINK",仓位收益稳定，适合加权参考
1423235,970,2026-08-03 20:16:54,30,0xf889692c619ff045b80b3841f43fab71278ed498,smart_money,P-N,50.0,1.0,2,0,2,,,2.1717731432848426,1.0450205566065895,758.4981944444444,21.0,40.0,9.875119887589738,-12.148226259217658,0.5,0.5,"BTC,ZEC",仓位样本不足，暂不影响权重
1423236,970,2026-08-03 20:16:54,30,0xf899937184168b1d9dee75acbaa3fef0f52888db,money_printer,P-G,37.48476773325417,0.65,3,0,3,,,-7.529737791878854,-7.515232266745824,866.66,20.0,20.0,5.139994476769495,-15.657153254304875,0.0,1.0,"BTC,ETH,SOL",高杠杆/短线赌徒型，长期单降权
1424128,970,2026-08-03 20:16:55,30,0xf8ae5f0d229618b4deead1b3901ed3134207b7d8,smart_money,P-N,50.0,1.0,1,1,0,1.0,6.772674421228604,,6.772674421228604,122.00361111111111,10.0,10.0,10.13905843565162,0.0,0.0,1.0,ZEC,仓位样本不足，暂不影响权重
1423299,970,2026-08-03 20:16:54,30,0xf8bb001a9e55d81fd6a5834f8e64865ef4e231c9,smart_money,P-G,44.48529957918863,0.65,35,33,2,0.21212121212121213,-0.37963827176829723,-2.422140509308095,-0.514700420811372,42.499619047619056,10.0,10.0,0.5199889542016255,-1.059744483259611,0.0,1.0,"ETH,BTC",高杠杆/短线赌徒型，长期单降权
1423237,970,2026-08-03 20:16:54,30,0xf8e190c49164d6aa2f4362bd429e2c400baf7c61,smart_money,P-N,50.0,1.0,1,0,1,,,10.366545569298207,10.366545569298207,866.66,1.0,1.0,51.51533146493274,0.0,1.0,0.0,ZEC,仓位样本不足，暂不影响权重
1423306,970,2026-08-03 20:16:54,30,0xf9109ada2f73c62e9889b45453065f0d99260a2d,smart_money,P-B,71.6673323516201,1.0,1921,1895,26,0.5963060686015831,0.16161300631908151,0.29182764105521763,0.16076741348446835,11.51225779397308,3.6814159292035398,10.0,0.8071346170030353,-0.6354371661886553,0.6897449245184799,0.01978136387298282,"BTC,ZEC,SUI,ETH,WLD",仓位表现普通有效
1423238,970,2026-08-03 20:16:54,30,0xf92ddf919186b80d8619a12e7f4379f678939b74,smart_money,P-G,38.4142147661603,0.65,8,5,3,0.6,-0.6047541928756348,-16.71615586269768,-6.585785233839703,390.20670138888886,12.5,20.0,3.8187921353653165,-16.26454688769858,0.0,1.0,"SUI,BTC,HYPE,ETH",高杠杆/短线赌徒型，长期单降权
1423239,970,2026-08-03 20:16:54,30,0xf94b346387ae5f1ae84bf10e36008cb552ca82d5,smart_money,P-N,50.0,1.0,1,0,1,,,2.864060470060233,2.883284038909507,866.66,10.0,10.0,23.954765560411012,-6.991850714538801,0.0,1.0,NEAR,仓位样本不足，暂不影响权重
1423268,970,2026-08-03 20:16:54,30,0xf9705511f4d0ae48aa128f73518c776fbda27ba7,smart_money,P-G,45.30458074955633,0.65,7,5,2,1.0,1.779445757142226,-8.926510004302925,0.3045807495563277,174.32428571428568,14.857142857142858,25.0,5.684138494961525,-3.777513548616717,0.0,0.7142857142857143,"BTC,ETH,LIT",高杠杆/短线赌徒型，长期单降权
1423440,970,2026-08-03 20:16:54,30,0xf97ad6704baec104d00b88e0c157e2b7b3a1ddd1,money_printer,P-A,85.56576791104274,1.15,8,7,1,0.7142857142857143,0.8599732876895764,0.7175674500450535,1.017434020561652,79.84854166666668,5.625,10.0,1.5709492674372878,-1.9488790473386353,0.0,0.125,"HYPE,BNB",仓位收益稳定，适合加权参考
1423240,970,2026-08-03 20:16:54,30,0xfa1413451bc8dd3484787eb3c3156a7e28c4aade,smart_money,P-G,44.71386396575349,0.65,93,88,5,0.4431818181818182,-0.36753961877693386,2.3950155742405594,-0.28613603424650735,35.75584229390683,12.956989247311828,40.0,3.42167863668345,-3.253175862561169,0.21505376344086022,0.6236559139784946,"SOL,ETH,CASHCAT,XPL,PUMP",高杠杆/短线赌徒型，长期单降权
1424246,970,2026-08-03 20:16:55,30,0xfaf665c655613e5713a2bdc3b4cd109e25b4b5f6,smart_money,P-N,50.0,1.0,2,2,0,0.5,-1.3061706588833109,,-1.3061706588833109,75.64541666666668,20.0,20.0,1.4962058657961057,-1.8761506602770366,0.0,1.0,SOL,仓位样本不足，暂不影响权重
1423267,970,2026-08-03 20:16:54,30,0xfb697d3976e42df505286fde283000608c20926d,smart_money,P-G,43.07430711954541,0.65,6,0,6,,,-1.9256928804545872,-1.9256928804545872,781.9056944444443,20.833333333333332,40.0,3.4971344220107317,-12.637874421693503,0.0,1.0,"BTC,BCH,DOGE,ETH,SOL",高杠杆/短线赌徒型，长期单降权
1423241,970,2026-08-03 20:16:54,30,0xfb8c34145bdea190693325d0ab01e81120909b3f,money_printer,P-N,50.0,1.0,2,0,2,,,-16.507967696804577,-16.507967696804577,866.66,7.5,10.0,5.178855631615385,-38.40973602323958,0.0,0.5,"HYPE,XMR",仓位样本不足，暂不影响权重
1423319,970,2026-08-03 20:16:54,30,0xfb941d2344b72ea9101400392b818173772d0ddf,money_printer,P-G,46.838641616515666,0.65,9,7,2,1.0,4.2161538221755395,-6.482651103293892,1.838641616515666,239.96243827160495,12.777777777777779,20.0,7.790515206208803,-5.064026654927364,0.0,0.6666666666666666,"SOL,HYPE,PUMP,ETH,XPL",高杠杆/短线赌徒型，长期单降权
1424242,970,2026-08-03 20:16:55,30,0xfb996bd6467d1575d338967415dc0ee72c6037f3,smart_money,P-N,50.0,1.0,1,1,0,1.0,0.8743210459649178,,0.8743210459649178,170.2902777777778,2.0,2.0,4.2234698039889125,-0.6607054681294239,1.0,0.0,ETH,仓位样本不足，暂不影响权重
1423374,970,2026-08-03 20:16:54,30,0xfba31dfa3c6612abca9a27f65af77d9fed7e2db7,smart_money,P-N,50.0,1.0,2,1,1,1.0,11.751149853538202,1.6669082244863156,6.709029039012258,432.82930555555555,25.0,40.0,7.577723225643693,-8.452238043245973,0.0,1.0,"BTC,HYPE",仓位样本不足，暂不影响权重
1424137,970,2026-08-03 20:16:55,30,0xfba7c3e68638fda0a13994ddb6733cbd016ec826,smart_money,P-G,45.303453132970624,0.65,38,38,0,0.6578947368421053,0.30345313297062054,,0.30345313297062054,1.7391447368421062,9.210526315789474,10.0,0.6543356301710403,-0.29208033881108736,0.0,0.8421052631578947,"HYPE,LIT,ZEC,FARTCOIN,NEAR",高杠杆/短线赌徒型，长期单降权
1423242,970,2026-08-03 20:16:54,30,0xfbc5a98a1358ba1ba8a9e2eebe94e6e3c9b6df24,smart_money,P-N,50.0,1.0,1,0,1,,,-90.6719398049546,-90.67193980495462,866.66,3.0,3.0,0.0,-153.8515160856406,1.0,0.0,HYPE,仓位样本不足，暂不影响权重
1423243,970,2026-08-03 20:16:54,30,0xfbc9638938262f15cc1b3a751a54d538559da361,money_printer,P-G,62.8323029582144,0.65,3,0,3,,,17.892100798599092,17.832302958214395,866.66,28.333333333333332,40.0,26.54555238366056,-1.8444165779846806,0.0,1.0,"BTC,ETH,SOL",高杠杆/短线赌徒型，长期单降权
1424355,970,2026-08-03 20:16:55,30,0xfbfa8568f29e6809138674195cf1c2d35b72e159,smart_money,P-N,50.0,1.0,1,1,0,0.0,-0.42155425219941345,,-0.42155425219941345,1.9769444444444444,1.0,1.0,0.00557822261889583,-0.4693675889328063,1.0,0.0,BTC,仓位样本不足，暂不影响权重
1423429,970,2026-08-03 20:16:54,30,0xfc1d41ff4a7c1e2aa4d493428d7437b34918e53e,smart_money,P-G,44.718187527883956,0.65,20,19,1,0.5263157894736842,-0.23917212195285364,-1.0517800633537622,-0.2818124721160471,36.601124999999996,33.25,40.0,1.3547750571763046,-1.1900022698549046,0.0,1.0,"BTC,ETH,ONDO,ZEC",高杠杆/短线赌徒型，长期单降权
1423285,970,2026-08-03 20:16:54,30,0xfc27136e42af1732ddc9ce2605ea9bff1b959d9d,money_printer,P-G,45.408305717826856,0.65,190,168,22,0.6369047619047619,0.36589049872206675,2.930042214503006,0.4083057178268535,79.19730555555559,12.5,20.0,2.0141636797229507,-1.5354190367788496,0.0,0.8578947368421053,"SOL,HYPE,XLM,LINK,BTC",高杠杆/短线赌徒型，长期单降权
1423409,970,2026-08-03 20:16:54,30,0xfc37faf026597474691dca71ed9dcae1a6633b84,smart_money,P-G,45.77240710734014,0.65,25,24,1,0.7083333333333334,0.6097673935242067,4.67576023892261,0.772407107340143,30.147177777777785,26.2,40.0,1.4658065141732257,-1.0350752669459298,0.0,1.0,"BTC,SOL,HYPE,ETH",高杠杆/短线赌徒型，长期单降权
1423244,970,2026-08-03 20:16:54,30,0xfc667adba8d4837586078f4fdcdc29804337ca06,money_printer,P-G,44.97425822151666,0.65,27,21,6,0.42857142857142855,-0.08952811018865203,0.09419208276954973,-0.025741778483339157,190.28655349794238,15.555555555555555,20.0,2.216256112754088,-2.7306378727380354,0.0,0.7037037037037037,"BTC,HYPE,SOL,ETH,XRP",高杠杆/短线赌徒型，长期单降权
1423245,970,2026-08-03 20:16:54,30,0xfc84a4bba95d3a13f91a9c0d735c0af04a18f4d0,smart_money,P-N,50.0,1.0,2,0,2,,,30.750532941820033,30.750532941820033,866.66,3.5,5.0,64.01503470758155,-8.915547703180211,0.5,0.0,"BTC,HYPE",仓位样本不足，暂不影响权重
1424163,970,2026-08-03 20:16:55,30,0xfc8c156428a8e48cb8d0356db16e59bec4c0ecea,money_printer,P-B,57.59592653278009,1.0,16,16,0,0.5,-0.3476366468895811,,-0.3476366468895811,5.192951388888888,5.4375,10.0,0.4130214315777988,-0.9407473533259363,0.25,0.1875,"ALGO,ETHFI,POL,XPL,2Z",仓位表现普通有效
1423471,970,2026-08-03 20:16:54,30,0xfc98b6ec7f59ea13354bae6171a9120692fb8777,money_printer,P-B,81.83489975428176,1.0,15,14,1,0.8571428571428571,2.0137739116014246,-0.137931034482757,1.870326915195812,29.135185185185186,8.133333333333333,10.0,5.990081469036213,-5.021845730131658,0.26666666666666666,0.7333333333333333,"PUMP,ZEC,CASHCAT,LIT,HYPE",仓位表现普通有效
1423246,970,2026-08-03 20:16:54,30,0xfce053a5e461683454bf37ad66d20344c0e3f4c0,money_printer,P-N,50.0,1.0,2,1,1,0.0,-4.688529122975019,41.70647591488512,18.305802828981758,529.8909722222222,20.0,20.0,27.17804116668887,-3.311781753106697,0.0,1.0,"ETH,BTC",仓位样本不足，暂不影响权重
1423489,970,2026-08-03 20:16:54,30,0xfcf104006bfff47695c1dc21dad3e9de1e72098e,smart_money,P-B,74.17940526511389,1.0,328,327,1,0.5168195718654435,0.0012017124578135173,-0.05918151031841047,0.0010176172664225886,2.196127201897019,3.0,4.0,0.15602008638153242,-0.14876017323793736,0.9878048780487805,0.0,BTC,仓位表现普通有效
1423472,970,2026-08-03 20:16:54,30,0xfd041f7e1851da14e250b02251d12f896dc172fe,smart_money,P-G,45.14756245388565,0.65,8,7,1,0.5714285714285714,0.13147762586931036,0.26015625000000003,0.14756245388564662,92.6353125,23.375,40.0,0.5925401978180708,-0.9530972395181546,0.0,0.625,BTC,高杠杆/短线赌徒型，长期单降权
1423405,970,2026-08-03 20:16:54,30,0xfd97600ac44b3c4e20ac1a5f23e3b18d10fa5912,money_printer,P-G,46.37112513367231,0.65,14,13,1,1.0,1.1104446842066733,4.759970976725564,1.3711251336723083,53.600734126984136,12.5,20.0,1.7988263101096194,-1.6012656301041857,0.0,0.9285714285714286,"HYPE,BTC,LIT",高杠杆/短线赌徒型，长期单降权
1423247,970,2026-08-03 20:16:54,30,0xfdba13d24cb423a393603d72ca80f31b251a3727,money_printer,P-C,66.70877671471916,0.75,97,40,57,0.45,0.3631260732408043,3.0018015277154197,1.7590275326173188,506.8625973654065,8.34020618556701,20.0,10.581644010310685,-9.125869218064931,0.18556701030927836,0.5154639175257731,"kSHIB,ETH,GOAT,ORDI,BCH",仓位收益偏弱，降权参考
1423248,970,2026-08-03 20:16:54,30,0xfdbaa5eee7cdf45eec3a71a672065a67191fda7a,smart_money,P-A,100.0,1.15,7,2,5,1.0,39.516843194672354,3.163220164033519,12.478491781177123,625.1851587301587,3.857142857142857,5.0,22.266826479611954,-15.189830509445573,0.5714285714285714,0.0,"LIT,PURR,XMR,ETH,ZRO",仓位收益稳定，适合加权参考
1423249,970,2026-08-03 20:16:54,30,0xfdf891f2b214a4c9374d26595ec6d4080262e381,money_printer,P-A,100.0,1.15,8,2,6,1.0,61.26854464332595,-4.223054086669035,12.296346749410237,719.8066666666666,8.0,20.0,39.8054144516187,-10.665178439497325,0.375,0.5,"AERO,ENA,ETH,GRASS,HYPE",仓位收益稳定，适合加权参考
1424079,970,2026-08-03 20:16:55,30,0xfdfb306dbff80664bd1f61699089ddead7d7dbb9,smart_money,P-G,45.381077412732246,0.65,7,7,0,0.5714285714285714,0.38107741273224727,,0.38107741273224727,3.31531746031746,11.0,20.0,0.6921126582807141,-0.2272502449696601,0.0,0.8571428571428571,"HYPE,SOL,ZEC",高杠杆/短线赌徒型，长期单降权
1423473,970,2026-08-03 20:16:54,30,0xfe1fccb7f954050a4b0ca4bea43c8287b190c55a,smart_money,P-G,44.97999578185411,0.65,168,167,1,0.5329341317365269,-0.01978274129816874,-0.05699085171575571,-0.020004218145892476,2.845188492063491,10.0,10.0,0.13740075511414704,-0.15501929664512223,0.0,1.0,BTC,高杠杆/短线赌徒型，长期单降权
1423317,970,2026-08-03 20:16:54,30,0xfe4dec8543b0b9cec0c897a689f7af7bddb02192,smart_money,P-G,41.68605430541881,0.65,6,4,2,0.5,-4.584698359638858,-0.7724403644658686,-3.3139456945811947,269.0446296296297,16.666666666666668,20.0,3.107580076417466,-5.171516306956851,0.0,1.0,"BTC,ETH,ZEC,HYPE",高杠杆/短线赌徒型，长期单降权
1423279,970,2026-08-03 20:16:54,30,0xfe72c242af1a4ca8114c6a170ba4a823785241ce,smart_money,P-C,60.844876791407586,0.75,3748,3635,113,0.4781292984869326,-0.016108963029009816,0.5792225384208457,-0.010059303206511648,22.237050723348688,4.635538954108858,20.0,1.3956215665099951,-1.435498568142811,0.5624332977588047,0.13020277481323372,"CELO,GRASS,MANTA,HYPER,PYTH",仓位收益偏弱，降权参考
1423250,970,2026-08-03 20:16:54,30,0xfe7ce058edc7cfcde9ef8262ba51f8d4796ab7ae,money_printer,P-G,54.614985681641066,0.65,19,5,14,0.6,1.2109206873436373,12.072309645307527,9.614985681641066,585.5562865497077,10.052631578947368,20.0,18.09747035077107,-8.042801202594285,0.10526315789473684,0.7368421052631579,"HYPE,ETH,AZTEC,NEAR,ZRO",高杠杆/短线赌徒型，长期单降权
1424085,970,2026-08-03 20:16:55,30,0xfe8c8076596dd917a20a31007ced69ce339129a1,smart_money,P-G,45.44459209868412,0.65,40,40,0,0.675,0.44459209868412203,,0.44459209868412203,5.8991458333333355,9.125,40.0,1.253548583853803,-0.892442371006975,0.0,0.575,"HYPE,LIT,SOL,ZEC,kSHIB",高杠杆/短线赌徒型，长期单降权
1424373,970,2026-08-03 20:16:55,30,0xfeaf607f1790b82a8b8e7b1c1279c32f0b014fbd,smart_money,P-C,61.7657296072337,0.75,13,13,0,0.46153846153846156,0.27468650362113,,0.27468650362113,132.85741452991454,7.769230769230769,20.0,9.741954242405344,-9.600672564657774,0.15384615384615385,0.46153846153846156,"ETHFI,LIT,PUMP,MORPHO,AERO",仓位收益偏弱，降权参考
1423251,970,2026-08-03 20:16:54,30,0xfece6768ee2df24d3599c710efeea77130cea000,smart_money,P-N,50.0,1.0,1,0,1,,,7.670466872828582,7.670466872828581,866.66,2.0,2.0,15.913568211338141,0.0,1.0,0.0,BTC,仓位样本不足，暂不影响权重
1423252,970,2026-08-03 20:16:54,30,0xfeec88b13fc0be31695069f02bac18538a154e9c,money_printer,P-N,50.0,1.0,1,0,1,,,8.36509518454421,8.36509518454421,866.66,5.0,5.0,13.570447337054963,-21.998336711537302,0.0,0.0,HYPE,仓位样本不足，暂不影响权重
1423418,970,2026-08-03 20:16:54,30,0xfeee942a06d2f8012823ccde7bf7bcbcaa29a09f,smart_money,P-G,45.03212114700647,0.65,100,99,1,0.5454545454545454,0.033038300336609115,-0.03805329967522043,0.0321211470064712,7.207858333333329,14.53,25.0,0.2794939665856744,-0.2864491136087459,0.29,0.69,BTC,高杠杆/短线赌徒型，长期单降权
1424120,970,2026-08-03 20:16:55,30,0xff2fed9cb48196ec35fd97b290c583e7a63b17b7,smart_money,P-C,54.62745110256345,0.75,12,12,0,0.4166666666666667,-0.16551401228973886,,-0.16551401228973886,13.28136574074074,6.333333333333333,9.0,1.2257357979181485,-0.707147700720773,0.25,0.0,"ETH,BTC,HYPE,SOL",仓位收益偏弱，降权参考
1423253,970,2026-08-03 20:16:54,30,0xff7c935b9835d700188a05333d6f7e1e06146a79,smart_money,P-N,50.0,1.0,2,0,2,,,6.799746426931556,9.128593233109248,866.66,7.5,10.0,16.818094304143564,-0.040281565895238736,0.0,0.5,"BTC,PAXG",仓位样本不足，暂不影响权重
1423404,970,2026-08-03 20:16:54,30,0xffe4e3986d18333402564ea64f3a83fcc1907b52,smart_money,P-N,50.0,1.0,2,1,1,1.0,4.775012533461979,5.309030827629177,5.042021680545577,40.49513888888889,10.0,10.0,5.220982123516208,-0.3533684457559203,0.0,1.0,HYPE,仓位样本不足，暂不影响权重
