id,run_id,calculated_at,window_days,address,groups,grade,quality_score,quality_weight,sample_total,eval_24h,win_24h,avg_24h,eval_72h,win_72h,avg_72h,eval_7d,win_7d,avg_7d,eval_15d,win_15d,avg_15d,eval_30d,win_30d,avg_30d,expectancy_72h,expectancy_30d,reverse_score,last_action_at,dominant_coins,note,decayed_sample_weight
3745675,1549,2026-08-28 09:17:46,30,0x000000209e0a892842bc06c354e7d097392cbbbb,smart_money,N,50.0,1.4,0,0,,,0,,,0,,,0,,,0,,,,,0.0,,,样本不足，暂按来源分组权重；时间衰减半衰期=14天,0.0
3745676,1549,2026-08-28 09:17:46,30,0x000007cc15b4b01aecf248bf46302ac02341e11f,smart_money,N,50.0,1.4,0,0,,,0,,,0,,,0,,,0,,,,,0.0,,,样本不足，暂按来源分组权重；时间衰减半衰期=14天,0.0
3745677,1549,2026-08-28 09:17:46,30,0x000461a73d3985eef4923655782aa5d0de75c111,smart_money,N,50.0,1.4,0,0,,,0,,,0,,,0,,,0,,,,,0.0,,,样本不足，暂按来源分组权重；时间衰减半衰期=14天,0.0
3745678,1549,2026-08-28 09:17:46,30,0x001a1a5eb6800e78197b92a527b3ba8b8d5bfef6,money_printer,N,50.0,1.2,0,0,,,0,,,0,,,0,,,0,,,,,0.0,,,样本不足，暂按来源分组权重；时间衰减半衰期=14天,0.0
3745679,1549,2026-08-28 09:17:46,30,0x001ac3f0972b620cd6be82ba54d111614d7d48fb,smart_money,N,50.0,1.4,0,0,,,0,,,0,,,0,,,0,,,,,0.0,,,样本不足，暂按来源分组权重；时间衰减半衰期=14天,0.0
3745680,1549,2026-08-28 09:17:46,30,0x003a85c562730b196f7cba202a2515f2ff855736,smart_money,N,50.0,1.4,0,0,,,0,,,0,,,0,,,0,,,,,0.0,,,样本不足，暂按来源分组权重；时间衰减半衰期=14天,0.0
3745681,1549,2026-08-28 09:17:46,30,0x004593cdface692ccbc2733b775f624ed0ad703b,smart_money,N,50.0,1.4,0,0,,,0,,,0,,,0,,,0,,,,,0.0,,,样本不足，暂按来源分组权重；时间衰减半衰期=14天,0.0
3745682,1549,2026-08-28 09:17:46,30,0x0048d42f232164a85a41f15ccf26cf859e58b108,smart_money,N,50.0,1.4,0,0,,,0,,,0,,,0,,,0,,,,,0.0,,,样本不足，暂按来源分组权重；时间衰减半衰期=14天,0.0
3745683,1549,2026-08-28 09:17:46,30,0x0050f3427e5388e9cc458e977bc3444faf015618,smart_money,N,50.0,1.4,0,0,,,0,,,0,,,0,,,0,,,,,0.0,,,样本不足，暂按来源分组权重；时间衰减半衰期=14天,0.0
3745684,1549,2026-08-28 09:17:46,30,0x0068ebb362048f1041f30176de5c958061f2a78f,money_printer,N,50.0,1.2,0,0,,,0,,,0,,,0,,,0,,,,,0.0,,,样本不足，暂按来源分组权重；时间衰减半衰期=14天,0.0
3745685,1549,2026-08-28 09:17:46,30,0x006f24a47fc10e5cc690671a90da3ff0e0754f8f,smart_money,N,50.0,1.4,0,0,,,0,,,0,,,0,,,0,,,,,0.0,,,样本不足，暂按来源分组权重；时间衰减半衰期=14天,0.0
3745686,1549,2026-08-28 09:17:46,30,0x007d76eec0ba411ce873a8819df50dd443d967a0,money_printer,N,50.0,1.2,5,5,0.8974685250841715,1.8917062964403817,5,0.5394238675630795,2.0041746820503525,3,0.0,0.4214125266785378,3,0.0,1.522760895285655,0,,,1.7464094209520749,,0.0,2026-08-24 00:18:04,"BTC,HYPE",样本不足，暂按来源分组权重；时间衰减半衰期=14天,2.2543770047031786
3745687,1549,2026-08-28 09:17:46,30,0x00897e2d7168165b81558c3cd9257efb007f2410,smart_money,N,50.0,1.4,5,5,0.0,-1.0713670790605359,4,0.0,0.1265233881004623,1,0.0,-57.94223826714804,0,,,0,,,0.08663529944759282,,0.0,2026-08-26 11:18:02,"KNTQ,PUMP,ZEC",样本不足，暂按来源分组权重；时间衰减半衰期=14天,3.89119677586037
3745688,1549,2026-08-28 09:17:46,30,0x00b43bdee2d3fa676ab06739bf1d52f4bad6591e,money_printer,N,50.0,1.2,1,1,0.0,-0.5264090299395096,1,0.0,-23.233703675583573,1,0.0,-34.04111726942187,0,,,0,,,-23.233703675583573,,0.0,2026-08-17 08:16:58,HYPE,样本不足，暂按来源分组权重；时间衰减半衰期=14天,0.5788533669394358
3745689,1549,2026-08-28 09:17:46,30,0x00e2a26304d5d078593ebf3976168f314e502489,smart_money,N,50.0,1.4,0,0,,,0,,,0,,,0,,,0,,,,,0.0,,,样本不足，暂按来源分组权重；时间衰减半衰期=14天,0.0
3745690,1549,2026-08-28 09:17:46,30,0x00e2e6902df2e1bd180a5d0e952dd45dd1675631,money_printer,N,50.0,1.2,0,0,,,0,,,0,,,0,,,0,,,,,0.0,,,样本不足，暂按来源分组权重；时间衰减半衰期=14天,0.0
3745691,1549,2026-08-28 09:17:46,30,0x00f8da96829820da934fc4a4cb7d39031ce7454b,money_printer,N,50.0,1.2,0,0,,,0,,,0,,,0,,,0,,,,,0.0,,,样本不足，暂按来源分组权重；时间衰减半衰期=14天,0.0
3745692,1549,2026-08-28 09:17:46,30,0x010461c14e146ac35fe42271bdc1134ee31c703a,money_printer,N,50.0,1.2,0,0,,,0,,,0,,,0,,,0,,,,,0.0,,,样本不足，暂按来源分组权重；时间衰减半衰期=14天,0.0
3745693,1549,2026-08-28 09:17:46,30,0x011820f60d75a2b870ffe64a4764873e14bc8ede,smart_money,N,50.0,1.4,0,0,,,0,,,0,,,0,,,0,,,,,0.0,,,样本不足，暂按来源分组权重；时间衰减半衰期=14天,0.0
3745694,1549,2026-08-28 09:17:46,30,0x011af0d7a38f1b1b43cffd7a51e1aa38d1c61ece,money_printer,N,50.0,1.2,0,0,,,0,,,0,,,0,,,0,,,,,0.0,,,样本不足，暂按来源分组权重；时间衰减半衰期=14天,0.0
3745695,1549,2026-08-28 09:17:46,30,0x0131f07e8d7fc4bceed532120e08fa591a9af04f,smart_money,N,50.0,1.4,0,0,,,0,,,0,,,0,,,0,,,,,0.0,,,样本不足，暂按来源分组权重；时间衰减半衰期=14天,0.0
3745696,1549,2026-08-28 09:17:46,30,0x0134c6a820166dabbd5b6d582858af1fa9956c03,smart_money,N,50.0,1.4,1,1,0.0,-2.91219725282725,1,0.0,-11.587078164761015,1,0.0,-14.052045125189808,0,,,0,,,-11.587078164761015,,0.0,2026-08-20 12:17:23,HYPE,样本不足，暂按来源分组权重；时间衰减半衰期=14天,0.6771188490631685
3745697,1549,2026-08-28 09:17:46,30,0x015354106478dda69c4aae3c0cf801290b738052,money_printer,N,50.0,1.2,0,0,,,0,,,0,,,0,,,0,,,,,0.0,,,样本不足，暂按来源分组权重；时间衰减半衰期=14天,0.0
3745698,1549,2026-08-28 09:17:46,30,0x015910813c8b6af4d68efb0a720a99699659ebc3,smart_money,N,50.0,1.4,0,0,,,0,,,0,,,0,,,0,,,,,0.0,,,样本不足，暂按来源分组权重；时间衰减半衰期=14天,0.0
3745699,1549,2026-08-28 09:17:46,30,0x01783e91d31c69633153c2aadbf9b7901049d03a,smart_money,N,50.0,1.4,0,0,,,0,,,0,,,0,,,0,,,,,0.0,,,样本不足，暂按来源分组权重；时间衰减半衰期=14天,0.0
3745700,1549,2026-08-28 09:17:46,30,0x019d4248690664e2a87a4aa2a26f83c8e63de7c4,money_printer,N,50.0,1.2,0,0,,,0,,,0,,,0,,,0,,,,,0.0,,,样本不足，暂按来源分组权重；时间衰减半衰期=14天,0.0
3745701,1549,2026-08-28 09:17:46,30,0x01b7e73cdad95d407e8696e04194a75f19744801,smart_money,N,50.0,1.4,0,0,,,0,,,0,,,0,,,0,,,,,0.0,,,样本不足，暂按来源分组权重；时间衰减半衰期=14天,0.0
3745702,1549,2026-08-28 09:17:46,30,0x01bb092c2e4fef1d68ef1ca66e9b1db29f0cf7b7,smart_money,N,50.0,1.4,0,0,,,0,,,0,,,0,,,0,,,,,0.0,,,样本不足，暂按来源分组权重；时间衰减半衰期=14天,0.0
3745703,1549,2026-08-28 09:17:46,30,0x01cd055a4c422cd498d35c3691e965819758d479,smart_money,N,50.0,1.4,0,0,,,0,,,0,,,0,,,0,,,,,0.0,,,样本不足，暂按来源分组权重；时间衰减半衰期=14天,0.0
3745704,1549,2026-08-28 09:17:46,30,0x02159593e155250288a7a1dd5257fc217601ceee,smart_money,N,50.0,1.4,0,0,,,0,,,0,,,0,,,0,,,,,0.0,,,样本不足，暂按来源分组权重；时间衰减半衰期=14天,0.0
3745705,1549,2026-08-28 09:17:46,30,0x0227dc6d4dc94291cc29b8f511244a2de0b49515,smart_money,N,50.0,1.4,0,0,,,0,,,0,,,0,,,0,,,,,0.0,,,样本不足，暂按来源分组权重；时间衰减半衰期=14天,0.0
3745706,1549,2026-08-28 09:17:46,30,0x023a3d058020fb76cca98f01b3c48c8938a22355,money_printer,C,46.880071706134046,0.66,235,230,0.18085628016737743,1.8851339034451498,215,0.22615917608171068,3.924549487839397,191,0.24467784463793135,2.5084623215666233,90,0.22751825300969666,0.6650722264861803,0,,,2.973880543433601,,0.0,2026-08-28 03:17:51,"UPUMP,ETH,UXPL,SOL,HYPE",C级：噪音偏多，降权参考，主周期=15d；时间衰减半衰期=14天,126.1141965794106
3745707,1549,2026-08-28 09:17:46,30,0x0252f92ee3f4430ac419fc3e9ae31df718990842,smart_money,N,50.0,1.4,0,0,,,0,,,0,,,0,,,0,,,,,0.0,,,样本不足，暂按来源分组权重；时间衰减半衰期=14天,0.0
3745708,1549,2026-08-28 09:17:46,30,0x0266a2451f715276eab4d1a0d6abece0b475af5f,smart_money,N,50.0,1.4,0,0,,,0,,,0,,,0,,,0,,,,,0.0,,,样本不足，暂按来源分组权重；时间衰减半衰期=14天,0.0
3745709,1549,2026-08-28 09:17:46,30,0x026947c2867503151e19898057c1146f990266bd,smart_money,N,50.0,1.4,0,0,,,0,,,0,,,0,,,0,,,,,0.0,,,样本不足，暂按来源分组权重；时间衰减半衰期=14天,0.0
3745710,1549,2026-08-28 09:17:46,30,0x02867e83eb85a3721422b4cddb8f4f64440eee0b,smart_money,N,50.0,1.4,0,0,,,0,,,0,,,0,,,0,,,,,0.0,,,样本不足，暂按来源分组权重；时间衰减半衰期=14天,0.0
3745711,1549,2026-08-28 09:17:46,30,0x0291639ea7178930475da17b579e1ac2de8faed8,smart_money,N,50.0,1.4,0,0,,,0,,,0,,,0,,,0,,,,,0.0,,,样本不足，暂按来源分组权重；时间衰减半衰期=14天,0.0
3745712,1549,2026-08-28 09:17:46,30,0x0291b14321f0bc83e866054592d4db5523326014,smart_money,N,50.0,1.4,0,0,,,0,,,0,,,0,,,0,,,,,0.0,,,样本不足，暂按来源分组权重；时间衰减半衰期=14天,0.0
3745713,1549,2026-08-28 09:17:46,30,0x0296c6761c55a3a54815490428e12188f44e8f48,smart_money,N,50.0,1.4,0,0,,,0,,,0,,,0,,,0,,,,,0.0,,,样本不足，暂按来源分组权重；时间衰减半衰期=14天,0.0
3745714,1549,2026-08-28 09:17:46,30,0x029cd954c38838b2731cb5618e5c950ed4766956,smart_money,N,50.0,1.4,0,0,,,0,,,0,,,0,,,0,,,,,0.0,,,样本不足，暂按来源分组权重；时间衰减半衰期=14天,0.0
3745715,1549,2026-08-28 09:17:46,30,0x02aa6015d2ba9992b88596d36bad706eeef41806,smart_money,N,50.0,1.4,0,0,,,0,,,0,,,0,,,0,,,,,0.0,,,样本不足，暂按来源分组权重；时间衰减半衰期=14天,0.0
3745716,1549,2026-08-28 09:17:46,30,0x02cf911889f9d979dde0f27084e25a4ca58efdf1,smart_money,N,50.0,1.4,1,1,0.0,0.05984738915766355,1,0.0,0.5062091666251111,1,0.0,-37.32482170465312,0,,,0,,,0.5062091666251111,,0.0,2026-08-14 12:17:02,XRP,样本不足，暂按来源分组权重；时间衰减半衰期=14天,0.5030913172480802
3745717,1549,2026-08-28 09:17:46,30,0x02fbbf39d1e3c142994b383af5ac3f2ad744cda9,smart_money,N,50.0,1.4,0,0,,,0,,,0,,,0,,,0,,,,,0.0,,,样本不足，暂按来源分组权重；时间衰减半衰期=14天,0.0
3745718,1549,2026-08-28 09:17:46,30,0x03136324349c003f3498130f56f4526bf5720ab1,smart_money,N,50.0,1.4,0,0,,,0,,,0,,,0,,,0,,,,,0.0,,,样本不足，暂按来源分组权重；时间衰减半衰期=14天,0.0
3745719,1549,2026-08-28 09:17:46,30,0x031f72deb03c509af42624ddcd1f63fce5ecb220,smart_money,N,50.0,1.4,2,2,0.5298749678026017,-6.0381753429659275,2,0.0,-14.761066748437136,1,0.0,-30.32767780358621,0,,,0,,,-15.471065538309784,,0.0,2026-08-22 06:17:02,"HYPE,ZEC",样本不足，暂按来源分组权重；时间衰减半衰期=14天,1.393525831481349
3745720,1549,2026-08-28 09:17:46,30,0x0320e2787d5c62a4a81f219dfb3c5abdf6265362,money_printer,N,50.0,1.2,0,0,,,0,,,0,,,0,,,0,,,,,0.0,,,样本不足，暂按来源分组权重；时间衰减半衰期=14天,0.0
3745721,1549,2026-08-28 09:17:46,30,0x034d4f0b00827e4ac77d910071377f707ddd23d3,smart_money,N,50.0,1.4,0,0,,,0,,,0,,,0,,,0,,,,,0.0,,,样本不足，暂按来源分组权重；时间衰减半衰期=14天,0.0
3745722,1549,2026-08-28 09:17:46,30,0x039405fa4636364e6023df1e06b085a462b9cdc9,money_printer,N,50.0,1.2,0,0,,,0,,,0,,,0,,,0,,,,,0.0,,,样本不足，暂按来源分组权重；时间衰减半衰期=14天,0.0
3745723,1549,2026-08-28 09:17:46,30,0x039cc0690200bfba3bacc6a9bcc5f865ed970ebd,smart_money,N,50.0,1.4,4,3,0.6453126296270257,3.9320273142049627,3,0.31532993031634665,0.8586532145970982,0,,,0,,,0,,,1.0050065242109825,,0.0,2026-08-27 18:17:56,"ZEC,XRP",样本不足，暂按来源分组权重；时间衰减半衰期=14天,2.3464951031995227
3745724,1549,2026-08-28 09:17:46,30,0x03ef8f736498047c3349bb2c18311d1bb4a79054,smart_money,N,50.0,1.4,1,1,0.0,-18.967299152200255,1,0.0,-24.942268873637484,1,0.0,-29.946709729511507,0,,,0,,,-24.94226887363748,,0.0,2026-08-19 16:17:05,HYPE,样本不足，暂按来源分组权重；时间衰减半衰期=14天,0.6497435422161318
3745725,1549,2026-08-28 09:17:46,30,0x041836d6c0617c694b70b57680f45905811076db,smart_money,N,50.0,1.4,2,2,0.0,-1.5109546569774421,2,0.0,-5.566760427696071,2,0.0,-6.1164642065409325,2,0.0,-3.025991504276962,0,,,-5.566760427696071,,0.0,2026-08-01 18:17:00,"BTC,ZEC",样本不足，暂按来源分组权重；时间衰减半衰期=14天,0.5352097327422022
3745726,1549,2026-08-28 09:17:46,30,0x0423b4b2acb4f219ae4a270abd5dde2360e455bb,smart_money,N,50.0,1.4,3,2,0.0,0.0,0,,,0,,,0,,,0,,,,,0.0,2026-08-27 17:17:53,UXPL,样本不足，暂按来源分组权重；时间衰减半衰期=14天,1.8283531412630594
3745727,1549,2026-08-28 09:17:46,30,0x042f3197544004962c2318a3120c4ecbce179050,smart_money,N,50.0,1.4,0,0,,,0,,,0,,,0,,,0,,,,,0.0,,,样本不足，暂按来源分组权重；时间衰减半衰期=14天,0.0
3745728,1549,2026-08-28 09:17:46,30,0x043879aa00ccc098627d71d966429b7efa5b8e4e,smart_money,N,50.0,1.4,0,0,,,0,,,0,,,0,,,0,,,,,0.0,,,样本不足，暂按来源分组权重；时间衰减半衰期=14天,0.0
3745729,1549,2026-08-28 09:17:46,30,0x043e5e9f15d2d2b454ff66f2eb593b56c9bfb386,smart_money,N,50.0,1.4,0,0,,,0,,,0,,,0,,,0,,,,,0.0,,,样本不足，暂按来源分组权重；时间衰减半衰期=14天,0.0
3745730,1549,2026-08-28 09:17:46,30,0x044d0932b02f5045bc00e0a6818b7f98ef504681,smart_money,N,50.0,1.4,0,0,,,0,,,0,,,0,,,0,,,,,0.0,,,样本不足，暂按来源分组权重；时间衰减半衰期=14天,0.0
3745731,1549,2026-08-28 09:17:46,30,0x045bad6ba93375aab642f502c2c89851488c129f,money_printer,N,50.0,1.2,0,0,,,0,,,0,,,0,,,0,,,,,0.0,,,样本不足，暂按来源分组权重；时间衰减半衰期=14天,0.0
3745732,1549,2026-08-28 09:17:46,30,0x049345fce8ad9095a2dec41059cfb50e9ba0bbde,smart_money,N,50.0,1.4,0,0,,,0,,,0,,,0,,,0,,,,,0.0,,,样本不足，暂按来源分组权重；时间衰减半衰期=14天,0.0
3745733,1549,2026-08-28 09:17:46,30,0x049bdc370620beab340b01072fa580fd57745e7d,money_printer,C,65.13146504938352,0.66,53,53,0.41902429321592216,0.14324033431456518,53,0.39642812125608934,0.27376094816299995,53,0.387318031850182,0.36533179524,23,0.42697136055887325,0.2388292948545259,0,,,0.3666410267700444,,0.0,2026-08-21 02:17:08,"MAX,ETH,BTC",C级：噪音偏多，降权参考，主周期=15d；时间衰减半衰期=14天,26.888516718067937
3745734,1549,2026-08-28 09:17:46,30,0x04cc3147bc87999e5a6b75373daa6ff8f12b38d1,smart_money,A,43.23366316613142,1.8199999999999998,13,13,0.39448191266010196,0.28272005044567894,13,0.165975849966505,0.2530545217861022,11,0.18628401680919954,0.10197135188413459,9,0.6400117391522875,8.107552586450469,0,,,-0.0008219677636214229,,0.0,2026-08-22 17:17:56,"XRP,ZEC,AAVE,MON",A级：15d中期表现偏好；时间衰减半衰期=14天,6.369773493656176
3745735,1549,2026-08-28 09:17:46,30,0x04cc5be7baef93144c6a1f06846d26f808b44ab5,smart_money,C,30.37159178553019,0.77,10,10,0.0,-0.23158187721038498,10,0.12714030419975397,0.30461315275354395,8,0.31464217910992837,0.26529634546415,4,0.5123767438270082,0.26155117037244774,0,,,0.2254118513727815,,0.0,2026-08-24 22:17:53,BRIDGE,C级：噪音偏多，降权参考，主周期=72h；时间衰减半衰期=14天,5.515775959612948
3745736,1549,2026-08-28 09:17:46,30,0x0514f2f3e0277c47117e3f33d9390efb0acfbdfe,smart_money,N,50.0,1.4,0,0,,,0,,,0,,,0,,,0,,,,,0.0,,,样本不足，暂按来源分组权重；时间衰减半衰期=14天,0.0
3745737,1549,2026-08-28 09:17:46,30,0x051c2e6d49cf82ebc47f08f9b85800f94fc9693c,money_printer,N,50.0,1.2,1,1,0.0,0.0,1,0.0,0.0,1,0.0,0.0,0,,,0,,,0.0,,0.0,2026-08-19 20:17:16,KNTQ,样本不足，暂按来源分组权重；时间衰减半衰期=14天,0.6551313763930755
3745738,1549,2026-08-28 09:17:46,30,0x0526345bf8e09eb32256008c2844c8949ee3bb9a,smart_money,N,50.0,1.4,0,0,,,0,,,0,,,0,,,0,,,,,0.0,,,样本不足，暂按来源分组权重；时间衰减半衰期=14天,0.0
3745739,1549,2026-08-28 09:17:46,30,0x053ab16a247321e312f3a8a2a0a8abda48707241,smart_money,N,50.0,1.4,0,0,,,0,,,0,,,0,,,0,,,,,0.0,,,样本不足，暂按来源分组权重；时间衰减半衰期=14天,0.0
3745740,1549,2026-08-28 09:17:46,30,0x053fa362f5459cf61037d8b554b5cfb055a7a4d3,smart_money,N,50.0,1.4,0,0,,,0,,,0,,,0,,,0,,,,,0.0,,,样本不足，暂按来源分组权重；时间衰减半衰期=14天,0.0
3745741,1549,2026-08-28 09:17:46,30,0x054a01da80ee37d5220af5471b1eedbdcd2cdb2f,smart_money,N,50.0,1.4,0,0,,,0,,,0,,,0,,,0,,,,,0.0,,,样本不足，暂按来源分组权重；时间衰减半衰期=14天,0.0
3745742,1549,2026-08-28 09:17:46,30,0x054f7d23e621503036ba8ca7004ca20c29b6c9a1,money_printer,N,50.0,1.2,2,2,0.0,-0.5493825990920029,2,0.0,0.07300858427794091,2,0.0,-0.04052345255703219,2,0.0,0.1557947457364575,0,,,0.09090040386008591,,0.0,2026-08-01 04:16:57,NEKO,样本不足，暂按来源分组权重；时间衰减半衰期=14天,0.5141419689219388
3745743,1549,2026-08-28 09:17:46,30,0x055bc3556d7c6af2f0602a5f38351ee53611f9af,smart_money,N,50.0,1.4,0,0,,,0,,,0,,,0,,,0,,,,,0.0,,,样本不足，暂按来源分组权重；时间衰减半衰期=14天,0.0
3745744,1549,2026-08-28 09:17:46,30,0x056590f16d5b314a132bbcfb1283fec5d5c6e670,smart_money,N,50.0,1.4,4,4,0.3533184019041713,-2.1322457639110906,4,0.3533184019041713,0.9195399059756745,4,0.3533184019041713,-0.37300326108511245,2,0.0,0.1672080824141373,0,,,0.8733121672360276,,0.0,2026-08-20 09:17:04,NEKO,样本不足，暂按来源分组权重；时间衰减半衰期=14天,1.8389745303794236
3745745,1549,2026-08-28 09:17:46,30,0x0572f1f5d55ea4838c2e65cf948c960de216690a,smart_money,N,50.0,1.4,4,4,0.3533184019041713,-2.1322457639110906,4,0.3533184019041713,0.9195399059756745,4,0.3533184019041713,-0.37300326108511245,2,0.0,0.1672080824141373,0,,,0.8733121672360276,,0.0,2026-08-20 09:17:04,NEKO,样本不足，暂按来源分组权重；时间衰减半衰期=14天,1.8389745303794236
3745746,1549,2026-08-28 09:17:46,30,0x057a3d2f8111a406d3aac222934861ff70d4cbf4,smart_money,N,50.0,1.4,1,1,1.0,42.23951983494326,1,1.0,44.35899840570197,0,,,0,,,0,,,44.35899840570197,,0.0,2026-08-23 08:20:03,UPUMP,样本不足，暂按来源分组权重；时间衰减半衰期=14天,0.7791614542285069
3745747,1549,2026-08-28 09:17:46,30,0x0584dc22947830561e0b698ef7b600a3d89cc681,smart_money,N,50.0,1.4,0,0,,,0,,,0,,,0,,,0,,,,,0.0,,,样本不足，暂按来源分组权重；时间衰减半衰期=14天,0.0
3745748,1549,2026-08-28 09:17:46,30,0x058985a1ae732643468d03e468c8b13d985631bc,smart_money,N,50.0,1.4,3,3,0.7041939868293249,4.960901918355108,3,0.4244154785865682,6.894698748010933,3,0.4244154785865682,6.6715247739423695,2,0.4860771925480548,-0.7317823580728161,0,,,5.509390101022864,,0.0,2026-08-19 21:17:06,ETH,样本不足，暂按来源分组权重；时间衰减半衰期=14天,1.5467873770866412
3745749,1549,2026-08-28 09:17:46,30,0x05904930cae1e9a48c055f4a8a83480ba7fc6abf,money_printer,N,50.0,1.2,0,0,,,0,,,0,,,0,,,0,,,,,0.0,,,样本不足，暂按来源分组权重；时间衰减半衰期=14天,0.0
3745750,1549,2026-08-28 09:17:46,30,0x05936f6a5ea9abfbfcc690f1a6140d97e80640f9,money_printer,N,50.0,1.2,2,2,0.587284238454115,10.799226455221486,2,0.587284238454115,13.8776469571257,2,0.587284238454115,18.09750602418729,1,1.0,23.453935331168882,0,,,11.537617358672694,,0.0,2026-08-19 16:17:05,"BTC,HYPE",样本不足，暂按来源分组权重；时间衰减半衰期=14天,1.1063527669777515
3745751,1549,2026-08-28 09:17:46,30,0x05a196a9477e70c184ed212d6cf02073f535c3bb,money_printer,N,50.0,1.2,0,0,,,0,,,0,,,0,,,0,,,,,0.0,,,样本不足，暂按来源分组权重；时间衰减半衰期=14天,0.0
3745752,1549,2026-08-28 09:17:46,30,0x05a42708e46733da056d09e0a355bfd2c3054eba,smart_money,N,50.0,1.4,0,0,,,0,,,0,,,0,,,0,,,,,0.0,,,样本不足，暂按来源分组权重；时间衰减半衰期=14天,0.0
3745753,1549,2026-08-28 09:17:46,30,0x05b5a0ae689c17cad8155932782a5c29426abe75,money_printer,N,50.0,1.2,0,0,,,0,,,0,,,0,,,0,,,,,0.0,,,样本不足，暂按来源分组权重；时间衰减半衰期=14天,0.0
3745754,1549,2026-08-28 09:17:46,30,0x05c47beed53eb8b3fc14538f881d0941cbbe05a1,smart_money,N,50.0,1.4,0,0,,,0,,,0,,,0,,,0,,,,,0.0,,,样本不足，暂按来源分组权重；时间衰减半衰期=14天,0.0
3745755,1549,2026-08-28 09:17:46,30,0x05d8fa8346470be95c8fa94300ccb313c0775c6c,smart_money,N,50.0,1.4,0,0,,,0,,,0,,,0,,,0,,,,,0.0,,,样本不足，暂按来源分组权重；时间衰减半衰期=14天,0.0
3745756,1549,2026-08-28 09:17:46,30,0x05df8c46c75a06ee097c0a90f9fbe8a11a4eba39,smart_money,N,50.0,1.4,0,0,,,0,,,0,,,0,,,0,,,,,0.0,,,样本不足，暂按来源分组权重；时间衰减半衰期=14天,0.0
3745757,1549,2026-08-28 09:17:46,30,0x05e70979fd3355133f91fc7c6597a8274169b3be,smart_money,N,50.0,1.4,0,0,,,0,,,0,,,0,,,0,,,,,0.0,,,样本不足，暂按来源分组权重；时间衰减半衰期=14天,0.0
3745758,1549,2026-08-28 09:17:46,30,0x062f920cb2678ea9c8709fcdf8ce369d33494768,smart_money,N,50.0,1.4,0,0,,,0,,,0,,,0,,,0,,,,,0.0,,,样本不足，暂按来源分组权重；时间衰减半衰期=14天,0.0
3745759,1549,2026-08-28 09:17:46,30,0x0642ac031890cdc469a2ada5965359a8432467f9,smart_money,N,50.0,1.4,0,0,,,0,,,0,,,0,,,0,,,,,0.0,,,样本不足，暂按来源分组权重；时间衰减半衰期=14天,0.0
3745760,1549,2026-08-28 09:17:46,30,0x065612c177776f3c635dff181edf170f9c196a05,smart_money,N,50.0,1.4,0,0,,,0,,,0,,,0,,,0,,,,,0.0,,,样本不足，暂按来源分组权重；时间衰减半衰期=14天,0.0
3745761,1549,2026-08-28 09:17:46,30,0x065a94c1fde9c5825a6f1baba6d9e4891608528d,smart_money,N,50.0,1.4,0,0,,,0,,,0,,,0,,,0,,,,,0.0,,,样本不足，暂按来源分组权重；时间衰减半衰期=14天,0.0
3745762,1549,2026-08-28 09:17:46,30,0x0660ce4e91cee605064059feeea32a9b472cf8c6,smart_money,N,50.0,1.4,0,0,,,0,,,0,,,0,,,0,,,,,0.0,,,样本不足，暂按来源分组权重；时间衰减半衰期=14天,0.0
3745763,1549,2026-08-28 09:17:46,30,0x06a2b18bc909bd7c7ab80f205c6024a10495e0d9,smart_money,N,50.0,1.4,0,0,,,0,,,0,,,0,,,0,,,,,0.0,,,样本不足，暂按来源分组权重；时间衰减半衰期=14天,0.0
3745764,1549,2026-08-28 09:17:46,30,0x06cecfbac34101ae41c88ebc2450f8602b3d164b,money_printer,N,50.0,1.2,5,4,0.3109091558230323,0.36780672539161746,1,0.0,-4.0182289045270325,1,0.0,1.808248762319609,1,0.0,3.303531392699287,0,,,-4.0182289045270325,,0.0,2026-08-27 14:18:02,"HYPE,AAVE,ETH",样本不足，暂按来源分组权重；时间衰减半衰期=14天,2.943367931840166
3745765,1549,2026-08-28 09:17:46,30,0x06d5af06a3a7d29909e1cdc7a9deded2fb14ab57,smart_money,N,50.0,1.4,0,0,,,0,,,0,,,0,,,0,,,,,0.0,,,样本不足，暂按来源分组权重；时间衰减半衰期=14天,0.0
3745766,1549,2026-08-28 09:17:46,30,0x0701363ed0a7809b2b8ca7e22aaccea4a670216c,smart_money,N,50.0,1.4,0,0,,,0,,,0,,,0,,,0,,,,,0.0,,,样本不足，暂按来源分组权重；时间衰减半衰期=14天,0.0
3745767,1549,2026-08-28 09:17:46,30,0x0748e296e5a350ec36c8487a1cea406e1b57d4b2,money_printer,R,19.51748092089161,-1.2,18,16,0.03760423823894948,-4.571233032568133,14,0.14525152343526382,-11.42252155034779,11,0.07584635477728667,-0.4825190791083879,9,0.23226996987167173,-1.2554782356876288,0,,,-7.183859317295509,,63.724735868501234,2026-08-27 23:17:54,"UPUMP,LDO,JUP,LIT,HYPE",反向钱包：7d方向胜率和平均收益偏差；时间衰减半衰期=14天,8.137554735702176
3745768,1549,2026-08-28 09:17:46,30,0x07642cbbd81e075d3bf14e0f6c1017f20c525572,smart_money,N,50.0,1.4,0,0,,,0,,,0,,,0,,,0,,,,,0.0,,,样本不足，暂按来源分组权重；时间衰减半衰期=14天,0.0
3745769,1549,2026-08-28 09:17:46,30,0x077a25d1f579574fe168bbaa924e40c9bfa57ccc,smart_money,N,50.0,1.4,0,0,,,0,,,0,,,0,,,0,,,,,0.0,,,样本不足，暂按来源分组权重；时间衰减半衰期=14天,0.0
3745770,1549,2026-08-28 09:17:46,30,0x07d431758c8bbbc111996d0af6f09c48416d2160,smart_money,N,50.0,1.4,7,7,0.0,0.0,5,0.0,0.0,3,0.0,0.0,1,0.0,0.0,0,,,0.0,,0.0,2026-08-26 03:18:03,UANSEM,样本不足，暂按来源分组权重；时间衰减半衰期=14天,4.9324127410165985
3745771,1549,2026-08-28 09:17:46,30,0x07fd993f0fa3a185f7207adccd29f7a87404689d,money_printer,N,50.0,1.2,7,7,0.0,-4.449215519829732,7,0.14306844206056693,-5.039382198117229,0,,,0,,,0,,,-5.039229061466974,,0.0,2026-08-25 07:17:58,"XMR,AAVE,POL,LDO,PENDLE",样本不足，暂按来源分组权重；时间衰减半衰期=14天,6.000132840750376
3745772,1549,2026-08-28 09:17:46,30,0x07fe8986162d7f68bcfe15822ec062123dd45f9f,smart_money,N,50.0,1.4,5,5,0.39350240456509067,-2.576682413077574,5,0.19147533523666616,0.06982785142544874,1,1.0,12.693299405128482,0,,,0,,,0.16775553152388878,,0.0,2026-08-22 06:17:02,"HYPE,SOL,FARTCOIN",样本不足，暂按来源分组权重；时间衰减半衰期=14天,3.6474108219648635
3745773,1549,2026-08-28 09:17:46,30,0x081942c75ff82341ab9f71d5df8b1309f6ddbc3e,smart_money,N,50.0,1.4,0,0,,,0,,,0,,,0,,,0,,,,,0.0,,,样本不足，暂按来源分组权重；时间衰减半衰期=14天,0.0
3745774,1549,2026-08-28 09:17:46,30,0x082e843a431aef031264dc232693dd710aedca88,money_printer,N,50.0,1.2,0,0,,,0,,,0,,,0,,,0,,,,,0.0,,,样本不足，暂按来源分组权重；时间衰减半衰期=14天,0.0
3745775,1549,2026-08-28 09:17:46,30,0x083384f897ee0f19899168e3b1bec365f52a9012,money_printer,N,50.0,1.2,0,0,,,0,,,0,,,0,,,0,,,,,0.0,,,样本不足，暂按来源分组权重；时间衰减半衰期=14天,0.0
3745776,1549,2026-08-28 09:17:46,30,0x0833de1e42b93ec94a6ec31670bada94a9039f2c,smart_money,N,50.0,1.4,0,0,,,0,,,0,,,0,,,0,,,,,0.0,,,样本不足，暂按来源分组权重；时间衰减半衰期=14天,0.0
3745777,1549,2026-08-28 09:17:46,30,0x0873ca7cb967af8c35642d903a950d256c1701df,smart_money,N,50.0,1.4,0,0,,,0,,,0,,,0,,,0,,,,,0.0,,,样本不足，暂按来源分组权重；时间衰减半衰期=14天,0.0
3745778,1549,2026-08-28 09:17:46,30,0x088cc6048f04dc01fb00e90421911b362e758e70,smart_money,N,50.0,1.4,0,0,,,0,,,0,,,0,,,0,,,,,0.0,,,样本不足，暂按来源分组权重；时间衰减半衰期=14天,0.0
3745779,1549,2026-08-28 09:17:46,30,0x089563d1f7e3d20791d3f4224bae908952332c21,money_printer,N,50.0,1.2,0,0,,,0,,,0,,,0,,,0,,,,,0.0,,,样本不足，暂按来源分组权重；时间衰减半衰期=14天,0.0
3745780,1549,2026-08-28 09:17:46,30,0x089fe537f4b2af55fa990bc64ff4125800bba4f8,money_printer,N,50.0,1.2,0,0,,,0,,,0,,,0,,,0,,,,,0.0,,,样本不足，暂按来源分组权重；时间衰减半衰期=14天,0.0
3745781,1549,2026-08-28 09:17:46,30,0x08a49e7f7133577aa942f1c24119ff1c6797126d,smart_money,N,50.0,1.4,2,2,0.0,-23.568848504407416,2,0.0,-25.001267868546112,1,1.0,44.35899840570197,0,,,0,,,-22.179499202850984,,0.0,2026-08-22 21:17:55,UPUMP,样本不足，暂按来源分组权重；时间衰减半衰期=14天,1.3513260661266977
3745782,1549,2026-08-28 09:17:46,30,0x08bf75d17046412ae08c95b6106993f714487872,smart_money,N,50.0,1.4,0,0,,,0,,,0,,,0,,,0,,,,,0.0,,,样本不足，暂按来源分组权重；时间衰减半衰期=14天,0.0
3745783,1549,2026-08-28 09:17:46,30,0x08c14b32c8a48894e4b933090ebcc9ce33b21135,money_printer,N,50.0,1.2,0,0,,,0,,,0,,,0,,,0,,,,,0.0,,,样本不足，暂按来源分组权重；时间衰减半衰期=14天,0.0
3745784,1549,2026-08-28 09:17:46,30,0x08f85d5d9292b14b0aa0bd096606cfb24c6e8ca1,smart_money,N,50.0,1.4,0,0,,,0,,,0,,,0,,,0,,,,,0.0,,,样本不足，暂按来源分组权重；时间衰减半衰期=14天,0.0
3745785,1549,2026-08-28 09:17:46,30,0x091144e651b334341eabdbbbfed644ad0100023e,money_printer,N,50.0,1.2,0,0,,,0,,,0,,,0,,,0,,,,,0.0,,,样本不足，暂按来源分组权重；时间衰减半衰期=14天,0.0
3745786,1549,2026-08-28 09:17:46,30,0x091159a8106b077c13e89bc09701117e8b5f129a,money_printer,C,72.47492829578258,0.66,34,29,0.2968456918624323,-0.9733448570877045,25,0.3902615030375413,2.469065262068055,4,0.6789076572362629,35.645654268435166,2,0.5,-1.0466489850060856,0,,,2.2938145081774235,,0.0,2026-08-27 15:17:55,"ENA,ETH,LTC,NEAR,JUP",C级：噪音偏多，降权参考，主周期=72h；时间衰减半衰期=14天,21.53929463517074
3745787,1549,2026-08-28 09:17:46,30,0x0937aa6d83c851d506433ab342387a337c8b512a,smart_money,N,50.0,1.4,0,0,,,0,,,0,,,0,,,0,,,,,0.0,,,样本不足，暂按来源分组权重；时间衰减半衰期=14天,0.0
3745788,1549,2026-08-28 09:17:46,30,0x093f2e026bf3d52f5ba02306976255782ffbf712,smart_money,N,50.0,1.4,0,0,,,0,,,0,,,0,,,0,,,,,0.0,,,样本不足，暂按来源分组权重；时间衰减半衰期=14天,0.0
3745789,1549,2026-08-28 09:17:46,30,0x0949d8893c5a82030ad361499377a7d4f30af52a,money_printer,N,50.0,1.2,0,0,,,0,,,0,,,0,,,0,,,,,0.0,,,样本不足，暂按来源分组权重；时间衰减半衰期=14天,0.0
3745790,1549,2026-08-28 09:17:46,30,0x0980b34ade9476dba81bcdb0f865a333793ad1c2,smart_money,N,50.0,1.4,0,0,,,0,,,0,,,0,,,0,,,,,0.0,,,样本不足，暂按来源分组权重；时间衰减半衰期=14天,0.0
3745791,1549,2026-08-28 09:17:46,30,0x09969138013fdfae9438fbd705515f047f8a0ba6,smart_money,N,50.0,1.4,3,3,0.16008611892861788,-12.7782236546774,3,0.0,-27.419487883397814,2,0.0,-17.1429624506465,1,0.0,-3.3816183260460706,0,,,-21.636573630186614,,0.0,2026-08-21 10:17:00,AAVE,样本不足，暂按来源分组权重；时间衰减半衰期=14天,1.678536088141354
3745792,1549,2026-08-28 09:17:46,30,0x09bc1cf4d9f0b59e1425a8fde4d4b1f7d3c9410d,money_printer,R,18.94740119250527,-1.2,26,24,0.21418148842064713,-0.31195441195969675,21,0.19144084371094508,0.3094385611022023,12,0.29196209317693805,-1.0525988074947275,4,0.2224845416413963,-11.935642466712444,0,,,0.46486017672237334,,33.706855551647735,2026-08-27 16:17:57,BTC,反向钱包：7d方向胜率和平均收益偏差；时间衰减半衰期=14天,16.311301385687834
3745793,1549,2026-08-28 09:17:46,30,0x0a06ec6754b628be489b2c40bba20c8580392a7b,money_printer,N,50.0,1.2,0,0,,,0,,,0,,,0,,,0,,,,,0.0,,,样本不足，暂按来源分组权重；时间衰减半衰期=14天,0.0
3745794,1549,2026-08-28 09:17:46,30,0x0a26016918a1ad8e57b899ea9484ce0ac87d5255,smart_money,N,50.0,1.4,0,0,,,0,,,0,,,0,,,0,,,,,0.0,,,样本不足，暂按来源分组权重；时间衰减半衰期=14天,0.0
3745795,1549,2026-08-28 09:17:46,30,0x0a8817c801b0801c2f2acfc8778a7cd807161e07,smart_money,N,50.0,1.4,0,0,,,0,,,0,,,0,,,0,,,,,0.0,,,样本不足，暂按来源分组权重；时间衰减半衰期=14天,0.0
3745796,1549,2026-08-28 09:17:46,30,0x0a8f51187b63a59f0f578c946675fe3be473d537,smart_money,N,50.0,1.4,0,0,,,0,,,0,,,0,,,0,,,,,0.0,,,样本不足，暂按来源分组权重；时间衰减半衰期=14天,0.0
3745797,1549,2026-08-28 09:17:46,30,0x0aa76cbe5405f234d9dc425eb20939d31fdf01e5,smart_money,N,50.0,1.4,0,0,,,0,,,0,,,0,,,0,,,,,0.0,,,样本不足，暂按来源分组权重；时间衰减半衰期=14天,0.0
3745798,1549,2026-08-28 09:17:46,30,0x0aa989625dedaee97b1996edd964bbb1bf52184d,money_printer,N,50.0,1.2,0,0,,,0,,,0,,,0,,,0,,,,,0.0,,,样本不足，暂按来源分组权重；时间衰减半衰期=14天,0.0
3745799,1549,2026-08-28 09:17:46,30,0x0ad500d23a43ae9b26a570cfb02b68c48a866565,smart_money,N,50.0,1.4,0,0,,,0,,,0,,,0,,,0,,,,,0.0,,,样本不足，暂按来源分组权重；时间衰减半衰期=14天,0.0
3745800,1549,2026-08-28 09:17:46,30,0x0ad9e656d9e6211d0ea1c5462342e1fc94cc4cbf,money_printer,N,50.0,1.2,9,9,0.5999158314065848,3.707790859178853,6,0.17016922098641274,-0.21291298184620355,4,0.0,-8.310948269806381,0,,,0,,,-0.5052886632266569,,0.0,2026-08-25 13:18:03,"ZEC,BTC,ETH",样本不足，暂按来源分组权重；时间衰减半衰期=14天,6.800291073431014
3745801,1549,2026-08-28 09:17:46,30,0x0af66f3571761d7196b713ff881609d7e7456fe1,smart_money,N,50.0,1.4,0,0,,,0,,,0,,,0,,,0,,,,,0.0,,,样本不足，暂按来源分组权重；时间衰减半衰期=14天,0.0
3745802,1549,2026-08-28 09:17:46,30,0x0b00c540bc5f203d97ac87da62164d3d37e19798,money_printer,N,50.0,1.2,0,0,,,0,,,0,,,0,,,0,,,,,0.0,,,样本不足，暂按来源分组权重；时间衰减半衰期=14天,0.0
3745803,1549,2026-08-28 09:17:46,30,0x0b1ace05eb9ef1c3a1951b763700ecad24f27741,smart_money,N,50.0,1.4,0,0,,,0,,,0,,,0,,,0,,,,,0.0,,,样本不足，暂按来源分组权重；时间衰减半衰期=14天,0.0
3745804,1549,2026-08-28 09:17:46,30,0x0b8095ad960526caa85633fb688a3ccd5bc7410e,smart_money,N,50.0,1.4,0,0,,,0,,,0,,,0,,,0,,,,,0.0,,,样本不足，暂按来源分组权重；时间衰减半衰期=14天,0.0
3745805,1549,2026-08-28 09:17:46,30,0x0b83bc39c98335a4ac56999c4ee89053cdb0508a,money_printer,N,50.0,1.2,0,0,,,0,,,0,,,0,,,0,,,,,0.0,,,样本不足，暂按来源分组权重；时间衰减半衰期=14天,0.0
3745806,1549,2026-08-28 09:17:46,30,0x0b891f9dbd3b164fab14a36f85542a6f43340441,smart_money,N,50.0,1.4,0,0,,,0,,,0,,,0,,,0,,,,,0.0,,,样本不足，暂按来源分组权重；时间衰减半衰期=14天,0.0
3745807,1549,2026-08-28 09:17:46,30,0x0b8ad91cb7fb0ae5c74661c926068a36f21f5192,money_printer,N,50.0,1.2,0,0,,,0,,,0,,,0,,,0,,,,,0.0,,,样本不足，暂按来源分组权重；时间衰减半衰期=14天,0.0
3745808,1549,2026-08-28 09:17:46,30,0x0bb6eb4200ae21b2e40a7051b481fab57b51f2c4,smart_money,N,50.0,1.4,0,0,,,0,,,0,,,0,,,0,,,,,0.0,,,样本不足，暂按来源分组权重；时间衰减半衰期=14天,0.0
3745809,1549,2026-08-28 09:17:46,30,0x0becb107c5defbb260cf044e400d4af503eedd34,money_printer,N,50.0,1.2,0,0,,,0,,,0,,,0,,,0,,,,,0.0,,,样本不足，暂按来源分组权重；时间衰减半衰期=14天,0.0
3745810,1549,2026-08-28 09:17:46,30,0x0bfd7d7721f4c116e853c18ea7998e1cc2350a7d,smart_money,N,50.0,1.4,0,0,,,0,,,0,,,0,,,0,,,,,0.0,,,样本不足，暂按来源分组权重；时间衰减半衰期=14天,0.0
3745811,1549,2026-08-28 09:17:46,30,0x0c067f133e948a9f87222b0b163bd801428b675d,smart_money,N,50.0,1.4,0,0,,,0,,,0,,,0,,,0,,,,,0.0,,,样本不足，暂按来源分组权重；时间衰减半衰期=14天,0.0
3745812,1549,2026-08-28 09:17:46,30,0x0c14dc1dc0e7f1e55c400c40ff0f97b36f5ce8a7,smart_money,N,50.0,1.4,0,0,,,0,,,0,,,0,,,0,,,,,0.0,,,样本不足，暂按来源分组权重；时间衰减半衰期=14天,0.0
3745813,1549,2026-08-28 09:17:46,30,0x0c156975b3e10cccbb041d35dc14b0a10649f55a,smart_money,N,50.0,1.4,0,0,,,0,,,0,,,0,,,0,,,,,0.0,,,样本不足，暂按来源分组权重；时间衰减半衰期=14天,0.0
3745814,1549,2026-08-28 09:17:46,30,0x0c1fd4fed8679488afb3b23b2b872971e0001d39,smart_money,N,50.0,1.4,1,1,1.0,8.41818124147555,1,1.0,4.42795064547847,0,,,0,,,0,,,4.42795064547847,,0.0,2026-08-22 07:17:04,XRP,样本不足，暂按来源分组权重；时间衰减半衰期=14天,0.7399201373795541
3745815,1549,2026-08-28 09:17:46,30,0x0c3405f5fcb19e6e42f7a05fad4ea3e52346b6d9,smart_money,N,50.0,1.4,0,0,,,0,,,0,,,0,,,0,,,,,0.0,,,样本不足，暂按来源分组权重；时间衰减半衰期=14天,0.0
3745816,1549,2026-08-28 09:17:46,30,0x0c349d9b92fbd172bbb5a17a9db0a673a6a10ad3,money_printer,N,50.0,1.2,0,0,,,0,,,0,,,0,,,0,,,,,0.0,,,样本不足，暂按来源分组权重；时间衰减半衰期=14天,0.0
3745817,1549,2026-08-28 09:17:46,30,0x0c395460f743880e3daf790d045a4306e7f329f0,money_printer,N,50.0,1.2,0,0,,,0,,,0,,,0,,,0,,,,,0.0,,,样本不足，暂按来源分组权重；时间衰减半衰期=14天,0.0
3745818,1549,2026-08-28 09:17:46,30,0x0c44471cc8516125ead11e09446302ae20540ed4,smart_money,N,50.0,1.4,3,1,1.0,1.3588444687842176,1,1.0,8.452217962760116,1,1.0,12.842278203723978,0,,,0,,,8.452217962760116,,0.0,2026-08-27 16:17:57,HYPE,样本不足，暂按来源分组权重；时间衰减半衰期=14天,0.6729339002103185
3745819,1549,2026-08-28 09:17:46,30,0x0c4a3a7ac74d43732f9b5ea507f01ab72a381b19,smart_money,R,11.634336276160177,-1.4,30,28,0.19079975746838085,-0.22079463275404676,18,0.3379594096331568,-1.3228492953971434,10,0.3356140676122473,-8.365663723839823,3,0.7051383384302987,10.861285764642556,0,,,-1.5740555972227601,,53.30174918204043,2026-08-28 05:17:49,"BTC,ETH,HYPE",反向钱包：7d方向胜率和平均收益偏差；时间衰减半衰期=14天,20.571102299873324
3745820,1549,2026-08-28 09:17:46,30,0x0c51fe7923bee4c22a84c5b4109e0c5336d8fde2,smart_money,N,50.0,1.4,0,0,,,0,,,0,,,0,,,0,,,,,0.0,,,样本不足，暂按来源分组权重；时间衰减半衰期=14天,0.0
3745821,1549,2026-08-28 09:17:46,30,0x0c6486974e303247c2e3f67ee110ac3576359107,smart_money,N,50.0,1.4,0,0,,,0,,,0,,,0,,,0,,,,,0.0,,,样本不足，暂按来源分组权重；时间衰减半衰期=14天,0.0
3745822,1549,2026-08-28 09:17:46,30,0x0c6944aba8bd9d86ddfce60fe4e1324943c444ce,money_printer,N,50.0,1.2,0,0,,,0,,,0,,,0,,,0,,,,,0.0,,,样本不足，暂按来源分组权重；时间衰减半衰期=14天,0.0
3745823,1549,2026-08-28 09:17:46,30,0x0c7aafb0a737a800b2e908974be6a1c9f9892f50,smart_money,N,50.0,1.4,0,0,,,0,,,0,,,0,,,0,,,,,0.0,,,样本不足，暂按来源分组权重；时间衰减半衰期=14天,0.0
3745824,1549,2026-08-28 09:17:46,30,0x0ca4109c94438dde8d7386da27180f414de80fa8,smart_money,N,50.0,1.4,0,0,,,0,,,0,,,0,,,0,,,,,0.0,,,样本不足，暂按来源分组权重；时间衰减半衰期=14天,0.0
3745825,1549,2026-08-28 09:17:46,30,0x0cacfc8c96b84bc5698fcdcb5ffd536b4a246170,money_printer,N,50.0,1.2,0,0,,,0,,,0,,,0,,,0,,,,,0.0,,,样本不足，暂按来源分组权重；时间衰减半衰期=14天,0.0
3745826,1549,2026-08-28 09:17:46,30,0x0cc705942b1565e2f76201d934b32472e75b3a76,smart_money,N,50.0,1.4,0,0,,,0,,,0,,,0,,,0,,,,,0.0,,,样本不足，暂按来源分组权重；时间衰减半衰期=14天,0.0
3745827,1549,2026-08-28 09:17:46,30,0x0cd16f3f840852b17db7f47c270bbd1a9d082bf3,smart_money,N,50.0,1.4,0,0,,,0,,,0,,,0,,,0,,,,,0.0,,,样本不足，暂按来源分组权重；时间衰减半衰期=14天,0.0
3745828,1549,2026-08-28 09:17:46,30,0x0ce048fe42c170e41740ee392e187f19515f339d,smart_money,N,50.0,1.4,0,0,,,0,,,0,,,0,,,0,,,,,0.0,,,样本不足，暂按来源分组权重；时间衰减半衰期=14天,0.0
3745829,1549,2026-08-28 09:17:46,30,0x0ce5bb59a414fb2a7cc1e586aa2d7eee37af7acf,smart_money,N,50.0,1.4,0,0,,,0,,,0,,,0,,,0,,,,,0.0,,,样本不足，暂按来源分组权重；时间衰减半衰期=14天,0.0
3745830,1549,2026-08-28 09:17:46,30,0x0ced48f806aa40b6a0ff3eeee40700c2d3d404f2,money_printer,N,50.0,1.2,0,0,,,0,,,0,,,0,,,0,,,,,0.0,,,样本不足，暂按来源分组权重；时间衰减半衰期=14天,0.0
3745831,1549,2026-08-28 09:17:46,30,0x0cfc3f1c075fcc56f2642539a6e09c5fbd09d629,smart_money,N,50.0,1.4,0,0,,,0,,,0,,,0,,,0,,,,,0.0,,,样本不足，暂按来源分组权重；时间衰减半衰期=14天,0.0
3745832,1549,2026-08-28 09:17:46,30,0x0d1334c633c32ea203abe54c8208d4d9fb5bcba2,smart_money,N,50.0,1.4,0,0,,,0,,,0,,,0,,,0,,,,,0.0,,,样本不足，暂按来源分组权重；时间衰减半衰期=14天,0.0
3745833,1549,2026-08-28 09:17:46,30,0x0d21f939c96a13ccb9cccbf2911545d009a2e34a,money_printer,N,50.0,1.2,0,0,,,0,,,0,,,0,,,0,,,,,0.0,,,样本不足，暂按来源分组权重；时间衰减半衰期=14天,0.0
3745834,1549,2026-08-28 09:17:46,30,0x0d2cc9a3f3177ecbb6ecf8fbd0e6645fcfa2b208,money_printer,N,50.0,1.2,0,0,,,0,,,0,,,0,,,0,,,,,0.0,,,样本不足，暂按来源分组权重；时间衰减半衰期=14天,0.0
3745835,1549,2026-08-28 09:17:46,30,0x0dab9910d8beaebee505767b5d4e8e25f41cb7a0,smart_money,N,50.0,1.4,0,0,,,0,,,0,,,0,,,0,,,,,0.0,,,样本不足，暂按来源分组权重；时间衰减半衰期=14天,0.0
3745836,1549,2026-08-28 09:17:46,30,0x0daf132c5554fd7d5eb422585426af557d8847e0,money_printer,N,50.0,1.2,0,0,,,0,,,0,,,0,,,0,,,,,0.0,,,样本不足，暂按来源分组权重；时间衰减半衰期=14天,0.0
3745837,1549,2026-08-28 09:17:46,30,0x0dc69f398a6c1b6d1777ff4be17cdb97ca7e5786,smart_money,N,50.0,1.4,0,0,,,0,,,0,,,0,,,0,,,,,0.0,,,样本不足，暂按来源分组权重；时间衰减半衰期=14天,0.0
3745838,1549,2026-08-28 09:17:46,30,0x0dd5db9c3748486e747c6a123727f472668cf6ee,smart_money,N,50.0,1.4,0,0,,,0,,,0,,,0,,,0,,,,,0.0,,,样本不足，暂按来源分组权重；时间衰减半衰期=14天,0.0
3745839,1549,2026-08-28 09:17:46,30,0x0ddde365cdff6b4827d2f7d0c66f8c99b18f6e54,smart_money,N,50.0,1.4,0,0,,,0,,,0,,,0,,,0,,,,,0.0,,,样本不足，暂按来源分组权重；时间衰减半衰期=14天,0.0
3745840,1549,2026-08-28 09:17:46,30,0x0ddf9bae2af4b874b96d287a5ad42eb47138a902,money_printer,N,50.0,1.2,3,2,1.0,10.563775357339644,1,1.0,15.54335163920786,1,1.0,17.54035613246797,0,,,0,,,15.54335163920786,,0.0,2026-08-27 10:17:52,"ENA,ETH",样本不足，暂按来源分组权重；时间衰减半衰期=14天,1.6042582570463542
3745841,1549,2026-08-28 09:17:46,30,0x0de52cf07a1c9f48e8a812cd5c1239688144664a,smart_money,N,50.0,1.4,0,0,,,0,,,0,,,0,,,0,,,,,0.0,,,样本不足，暂按来源分组权重；时间衰减半衰期=14天,0.0
3745842,1549,2026-08-28 09:17:46,30,0x0df25979a16d993e55bd58d05b6197c71634ab64,smart_money,N,50.0,1.4,0,0,,,0,,,0,,,0,,,0,,,,,0.0,,,样本不足，暂按来源分组权重；时间衰减半衰期=14天,0.0
3745843,1549,2026-08-28 09:17:46,30,0x0dfc5e0e9ae0bc59337d8f4f11459fdc7a146388,smart_money,N,50.0,1.4,0,0,,,0,,,0,,,0,,,0,,,,,0.0,,,样本不足，暂按来源分组权重；时间衰减半衰期=14天,0.0
3745844,1549,2026-08-28 09:17:46,30,0x0e21ecedde58a8e077ef669a163044e70a62a3fb,smart_money,N,50.0,1.4,0,0,,,0,,,0,,,0,,,0,,,,,0.0,,,样本不足，暂按来源分组权重；时间衰减半衰期=14天,0.0
3745845,1549,2026-08-28 09:17:46,30,0x0e71232d0315244c0d6846552bc0fa432cc6df0e,smart_money,N,50.0,1.4,0,0,,,0,,,0,,,0,,,0,,,,,0.0,,,样本不足，暂按来源分组权重；时间衰减半衰期=14天,0.0
3745846,1549,2026-08-28 09:17:46,30,0x0eb8f692baba6c6f4a5e57c7e222758c95a9ce81,smart_money,N,50.0,1.4,0,0,,,0,,,0,,,0,,,0,,,,,0.0,,,样本不足，暂按来源分组权重；时间衰减半衰期=14天,0.0
3745847,1549,2026-08-28 09:17:46,30,0x0eba5721065f961bced568527bfa03ea9ed61a00,smart_money,N,50.0,1.4,0,0,,,0,,,0,,,0,,,0,,,,,0.0,,,样本不足，暂按来源分组权重；时间衰减半衰期=14天,0.0
3745848,1549,2026-08-28 09:17:46,30,0x0ec315491f9b05d9b9cdb0b060553671fcdec1f1,smart_money,N,50.0,1.4,0,0,,,0,,,0,,,0,,,0,,,,,0.0,,,样本不足，暂按来源分组权重；时间衰减半衰期=14天,0.0
3745849,1549,2026-08-28 09:17:46,30,0x0ec6b3ae9a6cb7074542dffe9c8af7cdbcc4a016,smart_money,N,50.0,1.4,0,0,,,0,,,0,,,0,,,0,,,,,0.0,,,样本不足，暂按来源分组权重；时间衰减半衰期=14天,0.0
3745850,1549,2026-08-28 09:17:46,30,0x0eecd62efb05009e2b72964b4bcdbcf653afd4c5,smart_money,N,50.0,1.4,0,0,,,0,,,0,,,0,,,0,,,,,0.0,,,样本不足，暂按来源分组权重；时间衰减半衰期=14天,0.0
3745851,1549,2026-08-28 09:17:46,30,0x0f04da3b0c7e0494482230703e3defd7b2f1c4be,smart_money,N,50.0,1.4,0,0,,,0,,,0,,,0,,,0,,,,,0.0,,,样本不足，暂按来源分组权重；时间衰减半衰期=14天,0.0
3745852,1549,2026-08-28 09:17:46,30,0x0f7707db61e6add7c377757c0aa8068a58e389cc,smart_money,N,50.0,1.4,0,0,,,0,,,0,,,0,,,0,,,,,0.0,,,样本不足，暂按来源分组权重；时间衰减半衰期=14天,0.0
3745853,1549,2026-08-28 09:17:46,30,0x0f7a453567401070ddb6b4ec82f97bd78b857c04,smart_money,N,50.0,1.4,0,0,,,0,,,0,,,0,,,0,,,,,0.0,,,样本不足，暂按来源分组权重；时间衰减半衰期=14天,0.0
3745854,1549,2026-08-28 09:17:46,30,0x0f8c856907dfafb96871abe09a76586311632ef8,smart_money,N,50.0,1.4,0,0,,,0,,,0,,,0,,,0,,,,,0.0,,,样本不足，暂按来源分组权重；时间衰减半衰期=14天,0.0
3745855,1549,2026-08-28 09:17:46,30,0x0f991873aab3e14191978946d48f30f624ae9867,money_printer,N,50.0,1.2,0,0,,,0,,,0,,,0,,,0,,,,,0.0,,,样本不足，暂按来源分组权重；时间衰减半衰期=14天,0.0
3745856,1549,2026-08-28 09:17:46,30,0x0f9c4b57f918a3161c906c137e637e2f5b3457a7,smart_money,N,50.0,1.4,0,0,,,0,,,0,,,0,,,0,,,,,0.0,,,样本不足，暂按来源分组权重；时间衰减半衰期=14天,0.0
3745857,1549,2026-08-28 09:17:46,30,0x0fd468a73084daa6ea77a9261e40fdec3e67e0c7,money_printer,N,50.0,1.2,0,0,,,0,,,0,,,0,,,0,,,,,0.0,,,样本不足，暂按来源分组权重；时间衰减半衰期=14天,0.0
3745858,1549,2026-08-28 09:17:46,30,0x0fd6f65d35cf13ae51795036d0ae9af42f3cbcb4,smart_money,N,50.0,1.4,0,0,,,0,,,0,,,0,,,0,,,,,0.0,,,样本不足，暂按来源分组权重；时间衰减半衰期=14天,0.0
3745859,1549,2026-08-28 09:17:46,30,0x1001a2fed4bdac4dd037319af153093185b90350,smart_money,N,50.0,1.4,0,0,,,0,,,0,,,0,,,0,,,,,0.0,,,样本不足，暂按来源分组权重；时间衰减半衰期=14天,0.0
3745860,1549,2026-08-28 09:17:46,30,0x100f4a6d8713e0df271f25323f9d9399496ff179,money_printer,N,50.0,1.2,0,0,,,0,,,0,,,0,,,0,,,,,0.0,,,样本不足，暂按来源分组权重；时间衰减半衰期=14天,0.0
3745861,1549,2026-08-28 09:17:46,30,0x103e9d15f8a102ef9333ad8b66ffe25b0db448a4,money_printer,N,50.0,1.2,0,0,,,0,,,0,,,0,,,0,,,,,0.0,,,样本不足，暂按来源分组权重；时间衰减半衰期=14天,0.0
3745862,1549,2026-08-28 09:17:46,30,0x1044566e87c868cf9a642eb9809d70a0fc0af997,smart_money,N,50.0,1.4,4,4,0.3533184019041713,-2.1322457639110906,4,0.3533184019041713,0.9195399059756745,4,0.3533184019041713,-0.37300326108511245,2,0.0,0.1672080824141373,0,,,0.8733121672360276,,0.0,2026-08-20 09:17:04,NEKO,样本不足，暂按来源分组权重；时间衰减半衰期=14天,1.8389745303794236
3745863,1549,2026-08-28 09:17:46,30,0x10495f72a1623ff2d836a2cbb25eaba7ff92e246,smart_money,N,50.0,1.4,0,0,,,0,,,0,,,0,,,0,,,,,0.0,,,样本不足，暂按来源分组权重；时间衰减半衰期=14天,0.0
3745864,1549,2026-08-28 09:17:46,30,0x105a8501eae3aa9462a47568a2de12e421f75e5e,smart_money,N,50.0,1.4,0,0,,,0,,,0,,,0,,,0,,,,,0.0,,,样本不足，暂按来源分组权重；时间衰减半衰期=14天,0.0
3745865,1549,2026-08-28 09:17:46,30,0x1072c71c11c15de15ff664c8736dc9a04966fabd,money_printer,N,50.0,1.2,0,0,,,0,,,0,,,0,,,0,,,,,0.0,,,样本不足，暂按来源分组权重；时间衰减半衰期=14天,0.0
3745866,1549,2026-08-28 09:17:46,30,0x107a3e62969957f4c0be0340f457f1298acfe78e,smart_money,N,50.0,1.4,0,0,,,0,,,0,,,0,,,0,,,,,0.0,,,样本不足，暂按来源分组权重；时间衰减半衰期=14天,0.0
3745867,1549,2026-08-28 09:17:46,30,0x10b6f072fabe21bc72ffd77ff5d4414e6cef2980,smart_money,N,50.0,1.4,0,0,,,0,,,0,,,0,,,0,,,,,0.0,,,样本不足，暂按来源分组权重；时间衰减半衰期=14天,0.0
3745868,1549,2026-08-28 09:17:46,30,0x10c0ecdc55537474489435af0ec8d17baabb715e,smart_money,N,50.0,1.4,0,0,,,0,,,0,,,0,,,0,,,,,0.0,,,样本不足，暂按来源分组权重；时间衰减半衰期=14天,0.0
3745869,1549,2026-08-28 09:17:46,30,0x10cd85d0257e666fa74de7c03965a6ec9383e171,smart_money,N,50.0,1.4,0,0,,,0,,,0,,,0,,,0,,,,,0.0,,,样本不足，暂按来源分组权重；时间衰减半衰期=14天,0.0
3745870,1549,2026-08-28 09:17:46,30,0x10d7da9340e45a6ec6f93a495a7f9ae0e5075a34,smart_money,N,50.0,1.4,4,4,0.33430402633068784,2.2625165507542744,4,0.5560500016515263,5.80111540427016,4,0.33430402633068784,6.2090915620655815,3,0.0,-25.744425813358504,0,,,4.606201190118831,,0.0,2026-08-19 16:17:05,"SOL,BTC",样本不足，暂按来源分组权重；时间衰减半衰期=14天,1.9435707949667846
3745871,1549,2026-08-28 09:17:46,30,0x10d9dc2812ccb0ea9a9b89864def70a57a944890,smart_money,N,50.0,1.4,0,0,,,0,,,0,,,0,,,0,,,,,0.0,,,样本不足，暂按来源分组权重；时间衰减半衰期=14天,0.0
3745872,1549,2026-08-28 09:17:46,30,0x10da391e349b02b380359cb402dc908dfe660221,smart_money,N,50.0,1.4,0,0,,,0,,,0,,,0,,,0,,,,,0.0,,,样本不足，暂按来源分组权重；时间衰减半衰期=14天,0.0
3745873,1549,2026-08-28 09:17:46,30,0x1111bbf435a2b5e0f17e97a0764c58f2ed4bf167,money_printer,N,50.0,1.2,0,0,,,0,,,0,,,0,,,0,,,,,0.0,,,样本不足，暂按来源分组权重；时间衰减半衰期=14天,0.0
3745874,1549,2026-08-28 09:17:46,30,0x1116b5fcc070945062e8879841c29807db373d0d,smart_money,N,50.0,1.4,0,0,,,0,,,0,,,0,,,0,,,,,0.0,,,样本不足，暂按来源分组权重；时间衰减半衰期=14天,0.0
3745875,1549,2026-08-28 09:17:46,30,0x112819b32d30680790d9caac04b656dd52da21a1,smart_money,N,50.0,1.4,0,0,,,0,,,0,,,0,,,0,,,,,0.0,,,样本不足，暂按来源分组权重；时间衰减半衰期=14天,0.0
3745876,1549,2026-08-28 09:17:46,30,0x115231b1c0ad58f97944f8e69ef0dbb35f1cd055,smart_money,N,50.0,1.4,0,0,,,0,,,0,,,0,,,0,,,,,0.0,,,样本不足，暂按来源分组权重；时间衰减半衰期=14天,0.0
3745877,1549,2026-08-28 09:17:46,30,0x115849ce84370f25cadcf0d348510d73837e1aa5,smart_money,N,50.0,1.4,0,0,,,0,,,0,,,0,,,0,,,,,0.0,,,样本不足，暂按来源分组权重；时间衰减半衰期=14天,0.0
3745878,1549,2026-08-28 09:17:46,30,0x115e64063e79c9788cf554e1c2e88a069d8a9719,smart_money,N,50.0,1.4,0,0,,,0,,,0,,,0,,,0,,,,,0.0,,,样本不足，暂按来源分组权重；时间衰减半衰期=14天,0.0
3745879,1549,2026-08-28 09:17:46,30,0x11615843a09fa765d98ebf3eb15690450ef7e60a,smart_money,N,50.0,1.4,0,0,,,0,,,0,,,0,,,0,,,,,0.0,,,样本不足，暂按来源分组权重；时间衰减半衰期=14天,0.0
3745880,1549,2026-08-28 09:17:46,30,0x1174c19e08d5dbf3444c6376d6583b2d4f91cb65,smart_money,N,50.0,1.4,0,0,,,0,,,0,,,0,,,0,,,,,0.0,,,样本不足，暂按来源分组权重；时间衰减半衰期=14天,0.0
3745881,1549,2026-08-28 09:17:46,30,0x11e145d11145793fc99697612ab4e7cdcfe9c5fb,smart_money,N,50.0,1.4,4,4,0.3533184019041713,-2.1322457639110906,4,0.3533184019041713,0.9195399059756745,4,0.3533184019041713,-0.37300326108511245,2,0.0,0.1672080824141373,0,,,0.8733121672360276,,0.0,2026-08-20 09:17:04,NEKO,样本不足，暂按来源分组权重；时间衰减半衰期=14天,1.8389745303794236
3745882,1549,2026-08-28 09:17:46,30,0x12203316069a9d155cdadaa94a8e4b3e40ce6447,smart_money,N,50.0,1.4,0,0,,,0,,,0,,,0,,,0,,,,,0.0,,,样本不足，暂按来源分组权重；时间衰减半衰期=14天,0.0
3745883,1549,2026-08-28 09:17:46,30,0x123dbca6a27005a3c4ce10cb66ee8ece8fc13bff,money_printer,N,50.0,1.2,0,0,,,0,,,0,,,0,,,0,,,,,0.0,,,样本不足，暂按来源分组权重；时间衰减半衰期=14天,0.0
3745884,1549,2026-08-28 09:17:46,30,0x1271bf72a18549ee6d2ea3ab7e5dd4ae1c4eb05f,smart_money,N,50.0,1.4,0,0,,,0,,,0,,,0,,,0,,,,,0.0,,,样本不足，暂按来源分组权重；时间衰减半衰期=14天,0.0
3745885,1549,2026-08-28 09:17:46,30,0x128d456203c4eafa0d996904389fad7204595391,smart_money,N,50.0,1.4,0,0,,,0,,,0,,,0,,,0,,,,,0.0,,,样本不足，暂按来源分组权重；时间衰减半衰期=14天,0.0
3745886,1549,2026-08-28 09:17:46,30,0x129cfcdced580dcd6c2e0e1d6ac3f608e0c66040,smart_money,N,50.0,1.4,0,0,,,0,,,0,,,0,,,0,,,,,0.0,,,样本不足，暂按来源分组权重；时间衰减半衰期=14天,0.0
3745887,1549,2026-08-28 09:17:46,30,0x12f147f08112ff4c32c66bad45118302d20d807c,smart_money,N,50.0,1.4,0,0,,,0,,,0,,,0,,,0,,,,,0.0,,,样本不足，暂按来源分组权重；时间衰减半衰期=14天,0.0
3745888,1549,2026-08-28 09:17:46,30,0x1337c163a5d5b60618ffceaf3a7f2130e607f39b,smart_money,N,50.0,1.4,0,0,,,0,,,0,,,0,,,0,,,,,0.0,,,样本不足，暂按来源分组权重；时间衰减半衰期=14天,0.0
3745889,1549,2026-08-28 09:17:46,30,0x135097a80cc35350acc31f4c0f04bfde52a58f6a,smart_money,N,50.0,1.4,0,0,,,0,,,0,,,0,,,0,,,,,0.0,,,样本不足，暂按来源分组权重；时间衰减半衰期=14天,0.0
3745890,1549,2026-08-28 09:17:46,30,0x13558be785661958932ceac35ba20de187275a42,smart_money,N,50.0,1.4,0,0,,,0,,,0,,,0,,,0,,,,,0.0,,,样本不足，暂按来源分组权重；时间衰减半衰期=14天,0.0
3745891,1549,2026-08-28 09:17:46,30,0x13640f452a56aaa7a5a5e5a6bd24c45374dacbcc,smart_money,N,50.0,1.4,0,0,,,0,,,0,,,0,,,0,,,,,0.0,,,样本不足，暂按来源分组权重；时间衰减半衰期=14天,0.0
3745892,1549,2026-08-28 09:17:46,30,0x136c473f6d88c1ec17c2ed6b6cb273983e028458,smart_money,N,50.0,1.4,0,0,,,0,,,0,,,0,,,0,,,,,0.0,,,样本不足，暂按来源分组权重；时间衰减半衰期=14天,0.0
3745893,1549,2026-08-28 09:17:46,30,0x13a0833e8201b37c161feb2df764159707f71409,smart_money,N,50.0,1.4,0,0,,,0,,,0,,,0,,,0,,,,,0.0,,,样本不足，暂按来源分组权重；时间衰减半衰期=14天,0.0
3745894,1549,2026-08-28 09:17:46,30,0x13b2e9091268f291f165196d4832ba1c5ac02938,money_printer,N,50.0,1.2,0,0,,,0,,,0,,,0,,,0,,,,,0.0,,,样本不足，暂按来源分组权重；时间衰减半衰期=14天,0.0
3745895,1549,2026-08-28 09:17:46,30,0x13c7b972ea539e2a2cc97774fc16e57961ee5021,smart_money,N,50.0,1.4,0,0,,,0,,,0,,,0,,,0,,,,,0.0,,,样本不足，暂按来源分组权重；时间衰减半衰期=14天,0.0
3745896,1549,2026-08-28 09:17:46,30,0x13f210c8baf5f5dbaff3e917e2e5a49e73bbaf12,smart_money,N,50.0,1.4,0,0,,,0,,,0,,,0,,,0,,,,,0.0,,,样本不足，暂按来源分组权重；时间衰减半衰期=14天,0.0
3745897,1549,2026-08-28 09:17:46,30,0x14209452e1d82dd0adf703454c1d1d907f142830,smart_money,N,50.0,1.4,0,0,,,0,,,0,,,0,,,0,,,,,0.0,,,样本不足，暂按来源分组权重；时间衰减半衰期=14天,0.0
3745898,1549,2026-08-28 09:17:46,30,0x14246f4bbafb87ccebac17609054c6a188ed8cfd,smart_money,N,50.0,1.4,0,0,,,0,,,0,,,0,,,0,,,,,0.0,,,样本不足，暂按来源分组权重；时间衰减半衰期=14天,0.0
3745899,1549,2026-08-28 09:17:46,30,0x142a1aad965db6b3d2ad63b174419a3095bfa4c0,money_printer,N,50.0,1.2,0,0,,,0,,,0,,,0,,,0,,,,,0.0,,,样本不足，暂按来源分组权重；时间衰减半衰期=14天,0.0
3745900,1549,2026-08-28 09:17:46,30,0x143c28ae5b8642f58c98b8a6f82a0f314d23f6ab,smart_money,N,50.0,1.4,0,0,,,0,,,0,,,0,,,0,,,,,0.0,,,样本不足，暂按来源分组权重；时间衰减半衰期=14天,0.0
3745901,1549,2026-08-28 09:17:46,30,0x14b25601e369b40f5bcd1de0f9a53174e3c59d34,money_printer,N,50.0,1.2,0,0,,,0,,,0,,,0,,,0,,,,,0.0,,,样本不足，暂按来源分组权重；时间衰减半衰期=14天,0.0
3745902,1549,2026-08-28 09:17:46,30,0x14b96ee58172ad811059aa346515e944a6dbdf3a,smart_money,N,50.0,1.4,0,0,,,0,,,0,,,0,,,0,,,,,0.0,,,样本不足，暂按来源分组权重；时间衰减半衰期=14天,0.0
3745903,1549,2026-08-28 09:17:46,30,0x14dcae28535c4ede02d0b7ec4d5257f7326e0bf9,smart_money,N,50.0,1.4,0,0,,,0,,,0,,,0,,,0,,,,,0.0,,,样本不足，暂按来源分组权重；时间衰减半衰期=14天,0.0
3745904,1549,2026-08-28 09:17:46,30,0x14eb05e1905ee16bdd774fb541d3c2d491edca27,smart_money,N,50.0,1.4,0,0,,,0,,,0,,,0,,,0,,,,,0.0,,,样本不足，暂按来源分组权重；时间衰减半衰期=14天,0.0
3745905,1549,2026-08-28 09:17:46,30,0x14f23416197effe31a8be0ee400ceaeb8f67f6ec,smart_money,N,50.0,1.4,0,0,,,0,,,0,,,0,,,0,,,,,0.0,,,样本不足，暂按来源分组权重；时间衰减半衰期=14天,0.0
3745906,1549,2026-08-28 09:17:46,30,0x14f5dd7ca3e4ef4aba7431ad10d9dacaf14fd103,smart_money,N,50.0,1.4,0,0,,,0,,,0,,,0,,,0,,,,,0.0,,,样本不足，暂按来源分组权重；时间衰减半衰期=14天,0.0
3745907,1549,2026-08-28 09:17:46,30,0x14f8e042905350cee7ae0cec27f092f10dd912bb,smart_money,N,50.0,1.4,0,0,,,0,,,0,,,0,,,0,,,,,0.0,,,样本不足，暂按来源分组权重；时间衰减半衰期=14天,0.0
3745908,1549,2026-08-28 09:17:46,30,0x15094c3ec74e8a43c082042815e0c135deebb152,smart_money,N,50.0,1.4,0,0,,,0,,,0,,,0,,,0,,,,,0.0,,,样本不足，暂按来源分组权重；时间衰减半衰期=14天,0.0
3745909,1549,2026-08-28 09:17:46,30,0x15271757b398cd1d3d7cca05c4f7b0c159afa7c2,money_printer,N,50.0,1.2,0,0,,,0,,,0,,,0,,,0,,,,,0.0,,,样本不足，暂按来源分组权重；时间衰减半衰期=14天,0.0
3745910,1549,2026-08-28 09:17:46,30,0x152e41f0b83e6cad4b5dc730c1d6279b7d67c9dc,money_printer,B,100.0,1.2,21,21,0.45546294182148794,1.075070512876506,21,0.24819680940966332,0.8019210680298079,21,0.49340521190709613,7.195035480241155,17,0.5260099565868209,17.744890876259333,0,,,-0.24631908336759012,,0.0,2026-08-19 16:17:05,"HYPE,ETH,BTC",B级：普通有效参考，主周期=15d；时间衰减半衰期=14天,7.715502011197988
3745911,1549,2026-08-28 09:17:46,30,0x15644242581131594413ef72346ac5c5305b8add,smart_money,N,50.0,1.4,1,1,0.0,0.0,1,0.0,0.2913593735773476,1,0.0,2.913593735773463,1,0.0,2.913593735773463,0,,,0.2913593735773476,,0.0,2026-08-01 15:16:56,UPUMP,样本不足，暂按来源分组权重；时间衰减半衰期=14天,0.2659532142587196
3745912,1549,2026-08-28 09:17:46,30,0x15698233ddeffd2d2b25f687ac0a938bec8cba3b,smart_money,N,50.0,1.4,0,0,,,0,,,0,,,0,,,0,,,,,0.0,,,样本不足，暂按来源分组权重；时间衰减半衰期=14天,0.0
3745913,1549,2026-08-28 09:17:46,30,0x156daf376cfbdd938c470a227508b0ba022c998f,smart_money,N,50.0,1.4,0,0,,,0,,,0,,,0,,,0,,,,,0.0,,,样本不足，暂按来源分组权重；时间衰减半衰期=14天,0.0
3745914,1549,2026-08-28 09:17:46,30,0x15a105b6eca967a438a6930f6859b7e5dbc134a7,smart_money,N,50.0,1.4,0,0,,,0,,,0,,,0,,,0,,,,,0.0,,,样本不足，暂按来源分组权重；时间衰减半衰期=14天,0.0
3745915,1549,2026-08-28 09:17:46,30,0x15a4f009bb324a3fb9e36137136b201e3fe0dfdb,money_printer,N,50.0,1.2,0,0,,,0,,,0,,,0,,,0,,,,,0.0,,,样本不足，暂按来源分组权重；时间衰减半衰期=14天,0.0
3745916,1549,2026-08-28 09:17:46,30,0x15b325660a1c4a9582a7d834c31119c0cb9e3a42,money_printer,N,50.0,1.2,2,2,1.0,7.345269393377191,2,1.0,11.366126561666677,2,1.0,16.16466723791538,0,,,0,,,11.367195209247324,,0.0,2026-08-20 15:17:00,HYPE,样本不足，暂按来源分组权重；时间衰减半衰期=14天,1.3612231832952086
3745917,1549,2026-08-28 09:17:46,30,0x15c8a479139a2e195b37790ace4870d1f2be045f,smart_money,N,50.0,1.4,0,0,,,0,,,0,,,0,,,0,,,,,0.0,,,样本不足，暂按来源分组权重；时间衰减半衰期=14天,0.0
3745918,1549,2026-08-28 09:17:46,30,0x15df49f74171cd2157c89084f63e15fbd12c6ca1,money_printer,N,50.0,1.2,0,0,,,0,,,0,,,0,,,0,,,,,0.0,,,样本不足，暂按来源分组权重；时间衰减半衰期=14天,0.0
3745919,1549,2026-08-28 09:17:46,30,0x15f970a5fa4791dbe4fc3adea6d41e87e5fac6ff,smart_money,N,50.0,1.4,0,0,,,0,,,0,,,0,,,0,,,,,0.0,,,样本不足，暂按来源分组权重；时间衰减半衰期=14天,0.0
3745920,1549,2026-08-28 09:17:46,30,0x162cc7c861ebd0c06b3d72319201150482518185,money_printer,N,50.0,1.2,0,0,,,0,,,0,,,0,,,0,,,,,0.0,,,样本不足，暂按来源分组权重；时间衰减半衰期=14天,0.0
3745921,1549,2026-08-28 09:17:46,30,0x1643e9aba4fcfb4e8c1a887090239e34f488cad6,smart_money,N,50.0,1.4,0,0,,,0,,,0,,,0,,,0,,,,,0.0,,,样本不足，暂按来源分组权重；时间衰减半衰期=14天,0.0
3745922,1549,2026-08-28 09:17:46,30,0x16588c497a83e9dfa298d048553a4ef5fd52f65b,smart_money,B,92.73587046839494,1.4,20,20,0.06711282237241419,-0.08684612813306251,20,0.1958695008116537,1.486750573229129,20,0.14095872743621346,1.3750690710002913,18,0.5346772702285543,5.998987753402699,0,,,1.0152414528362284,,0.0,2026-08-17 03:17:00,"ETH,SOL",B级：普通有效参考，主周期=15d；时间衰减半衰期=14天,7.41931609545132
3745923,1549,2026-08-28 09:17:46,30,0x166866a2845506f6b4c817482fe53b4985882ea6,smart_money,N,50.0,1.4,0,0,,,0,,,0,,,0,,,0,,,,,0.0,,,样本不足，暂按来源分组权重；时间衰减半衰期=14天,0.0
3745924,1549,2026-08-28 09:17:46,30,0x16bf84af3f85f8c8a97597bf2be549dfe0dee637,money_printer,N,50.0,1.2,0,0,,,0,,,0,,,0,,,0,,,,,0.0,,,样本不足，暂按来源分组权重；时间衰减半衰期=14天,0.0
3745925,1549,2026-08-28 09:17:46,30,0x16c95227d8442946c1c152bc8ea16a37ebe1a282,smart_money,N,50.0,1.4,0,0,,,0,,,0,,,0,,,0,,,,,0.0,,,样本不足，暂按来源分组权重；时间衰减半衰期=14天,0.0
3745926,1549,2026-08-28 09:17:46,30,0x16d69a835c012584783921b2e4c622f157ce97bf,smart_money,N,50.0,1.4,0,0,,,0,,,0,,,0,,,0,,,,,0.0,,,样本不足，暂按来源分组权重；时间衰减半衰期=14天,0.0
3745927,1549,2026-08-28 09:17:46,30,0x16f037a3ddf53da1b047a926e1833219f0a8e1fc,smart_money,N,50.0,1.4,0,0,,,0,,,0,,,0,,,0,,,,,0.0,,,样本不足，暂按来源分组权重；时间衰减半衰期=14天,0.0
3745928,1549,2026-08-28 09:17:46,30,0x16f33b3d0272f897d9bc55282fa151215215602c,smart_money,N,50.0,1.4,0,0,,,0,,,0,,,0,,,0,,,,,0.0,,,样本不足，暂按来源分组权重；时间衰减半衰期=14天,0.0
3745929,1549,2026-08-28 09:17:46,30,0x170a03a53fe05bf4ce6753cb0907d05e827bc3c6,smart_money,N,50.0,1.4,0,0,,,0,,,0,,,0,,,0,,,,,0.0,,,样本不足，暂按来源分组权重；时间衰减半衰期=14天,0.0
3745930,1549,2026-08-28 09:17:46,30,0x170dbce27ab17f5dc3f04c773b6686068ad88c9b,smart_money,N,50.0,1.4,0,0,,,0,,,0,,,0,,,0,,,,,0.0,,,样本不足，暂按来源分组权重；时间衰减半衰期=14天,0.0
3745931,1549,2026-08-28 09:17:46,30,0x1711bc52bf7e0494325799717fe640f1924617b7,smart_money,N,50.0,1.4,0,0,,,0,,,0,,,0,,,0,,,,,0.0,,,样本不足，暂按来源分组权重；时间衰减半衰期=14天,0.0
3745932,1549,2026-08-28 09:17:46,30,0x1714fa1d4db089a7dd036fc8d1a9d1fd759a0250,smart_money,N,50.0,1.4,0,0,,,0,,,0,,,0,,,0,,,,,0.0,,,样本不足，暂按来源分组权重；时间衰减半衰期=14天,0.0
3745933,1549,2026-08-28 09:17:46,30,0x17241870b9263ad46f3c717bc1a36089c8179d02,smart_money,N,50.0,1.4,0,0,,,0,,,0,,,0,,,0,,,,,0.0,,,样本不足，暂按来源分组权重；时间衰减半衰期=14天,0.0
3745934,1549,2026-08-28 09:17:46,30,0x17286a34d2b2e842cd38da74bc079c1f23992b1d,smart_money,N,50.0,1.4,2,2,0.0,-11.968433805760712,2,0.0,-12.438217901533905,0,,,0,,,0,,,-13.56597470631818,,0.0,2026-08-24 20:17:59,ZEC,样本不足，暂按来源分组权重；时间衰减半衰期=14天,1.550647893760852
3745935,1549,2026-08-28 09:17:46,30,0x1750dd77a381a6a1dc4ce88e26586c856f75f646,smart_money,N,50.0,1.4,0,0,,,0,,,0,,,0,,,0,,,,,0.0,,,样本不足，暂按来源分组权重；时间衰减半衰期=14天,0.0
3745936,1549,2026-08-28 09:17:46,30,0x178d296356af8622c4405d77feccb137ecf5db1c,money_printer,N,50.0,1.2,0,0,,,0,,,0,,,0,,,0,,,,,0.0,,,样本不足，暂按来源分组权重；时间衰减半衰期=14天,0.0
3745937,1549,2026-08-28 09:17:46,30,0x179c17d04be626561b0355a248d6055a80456aa5,money_printer,N,50.0,1.2,0,0,,,0,,,0,,,0,,,0,,,,,0.0,,,样本不足，暂按来源分组权重；时间衰减半衰期=14天,0.0
3745938,1549,2026-08-28 09:17:46,30,0x17c3c8fdbcb7d1b240ce08965e09b1fc91cba868,money_printer,N,50.0,1.2,7,7,0.6989235335768887,2.891809501847042,7,0.4406858349192745,1.568202161645581,0,,,0,,,0,,,1.4970784628478044,,0.0,2026-08-24 21:17:52,"XMR,NEAR",样本不足，暂按来源分组权重；时间衰减半衰期=14天,5.245490556949961
3745939,1549,2026-08-28 09:17:46,30,0x17ca711927cd43a0320ce959ebb347804d8fdfcd,smart_money,N,50.0,1.4,0,0,,,0,,,0,,,0,,,0,,,,,0.0,,,样本不足，暂按来源分组权重；时间衰减半衰期=14天,0.0
3745940,1549,2026-08-28 09:17:46,30,0x183c6497814803574c23866c7662dea4c044d0f9,smart_money,N,50.0,1.4,0,0,,,0,,,0,,,0,,,0,,,,,0.0,,,样本不足，暂按来源分组权重；时间衰减半衰期=14天,0.0
3745941,1549,2026-08-28 09:17:46,30,0x1847dc422b9dea349e8af7d02cb3a136cd81f441,smart_money,N,50.0,1.4,8,7,0.0,0.0,2,0.0,0.0,1,0.0,0.0,0,,,0,,,0.0,,0.0,2026-08-27 18:17:56,KNTQ,样本不足，暂按来源分组权重；时间衰减半衰期=14天,5.907814775186226
3745942,1549,2026-08-28 09:17:46,30,0x185611e0343c14f53a4406891cb0fdc9e81808ae,money_printer,N,50.0,1.2,0,0,,,0,,,0,,,0,,,0,,,,,0.0,,,样本不足，暂按来源分组权重；时间衰减半衰期=14天,0.0
3745943,1549,2026-08-28 09:17:46,30,0x1864e1605a39335e87d618582a28093e1fd9711c,smart_money,N,50.0,1.4,0,0,,,0,,,0,,,0,,,0,,,,,0.0,,,样本不足，暂按来源分组权重；时间衰减半衰期=14天,0.0
3745944,1549,2026-08-28 09:17:46,30,0x18b8539261cf9e760e7fec4a8a73c50f0ae7babe,smart_money,N,50.0,1.4,0,0,,,0,,,0,,,0,,,0,,,,,0.0,,,样本不足，暂按来源分组权重；时间衰减半衰期=14天,0.0
3745945,1549,2026-08-28 09:17:46,30,0x18b9beef58b9025a394a46fd8124ee1d917d8b3e,smart_money,N,50.0,1.4,0,0,,,0,,,0,,,0,,,0,,,,,0.0,,,样本不足，暂按来源分组权重；时间衰减半衰期=14天,0.0
3745946,1549,2026-08-28 09:17:46,30,0x18cd4597e06b7fe0a8cd33dda499121b3a145a8b,smart_money,N,50.0,1.4,0,0,,,0,,,0,,,0,,,0,,,,,0.0,,,样本不足，暂按来源分组权重；时间衰减半衰期=14天,0.0
3745947,1549,2026-08-28 09:17:46,30,0x18cde66120c9195fb6e50a4b1e13bce4c85d1300,smart_money,N,50.0,1.4,0,0,,,0,,,0,,,0,,,0,,,,,0.0,,,样本不足，暂按来源分组权重；时间衰减半衰期=14天,0.0
3745948,1549,2026-08-28 09:17:46,30,0x18d103744b0f0bd4ab860f3455a252d20580d6dd,smart_money,N,50.0,1.4,0,0,,,0,,,0,,,0,,,0,,,,,0.0,,,样本不足，暂按来源分组权重；时间衰减半衰期=14天,0.0
3745949,1549,2026-08-28 09:17:46,30,0x18e2eb3cafa6ee5d3885e20d80298b37321e84fa,money_printer,N,50.0,1.2,5,5,0.20123821558016833,-7.226604581559426,5,0.20123821558016833,-10.731413869316603,5,0.20123821558016833,-12.180727130608345,0,,,0,,,-10.779105414699247,,0.0,2026-08-19 22:17:01,"ETH,HYPE",样本不足，暂按来源分组权重；时间衰减半衰期=14天,3.2689332622989222
3745950,1549,2026-08-28 09:17:46,30,0x18eec6451070b487933000185f986e8d3be68195,smart_money,C,34.249563440326654,0.77,28,28,0.0,-0.058821314305669996,11,0.11053094797533287,0.2648190969144248,8,0.31464217910992837,0.26529634546415,4,0.5123767438270082,0.26155117037244774,0,,,0.20491986488434683,,0.0,2026-08-27 08:17:47,"BRIDGE,KNTQ",C级：噪音偏多，降权参考，主周期=72h；时间衰减半衰期=14天,21.715831515786963
3745951,1549,2026-08-28 09:17:46,30,0x196283bce3e38d98f9f4c424a1a148b248eaa4f9,smart_money,N,50.0,1.4,0,0,,,0,,,0,,,0,,,0,,,,,0.0,,,样本不足，暂按来源分组权重；时间衰减半衰期=14天,0.0
3745952,1549,2026-08-28 09:17:46,30,0x197d1d1127b1a1da550f089375369d5acfeb0c72,smart_money,N,50.0,1.4,0,0,,,0,,,0,,,0,,,0,,,,,0.0,,,样本不足，暂按来源分组权重；时间衰减半衰期=14天,0.0
3745953,1549,2026-08-28 09:17:46,30,0x1984edf70973e1389548f21cd0dcb15b408240c9,money_printer,N,50.0,1.2,0,0,,,0,,,0,,,0,,,0,,,,,0.0,,,样本不足，暂按来源分组权重；时间衰减半衰期=14天,0.0
3745954,1549,2026-08-28 09:17:46,30,0x19d84c22dd017448efd6324df108c6bc01040a2b,money_printer,N,50.0,1.2,0,0,,,0,,,0,,,0,,,0,,,,,0.0,,,样本不足，暂按来源分组权重；时间衰减半衰期=14天,0.0
3745955,1549,2026-08-28 09:17:46,30,0x1a2e6afa298b1cc50939b4b2b0b430e3c1ef3459,smart_money,N,50.0,1.4,0,0,,,0,,,0,,,0,,,0,,,,,0.0,,,样本不足，暂按来源分组权重；时间衰减半衰期=14天,0.0
3745956,1549,2026-08-28 09:17:46,30,0x1a5612386dce50174bd467498afa607df418d7c6,money_printer,N,50.0,1.2,0,0,,,0,,,0,,,0,,,0,,,,,0.0,,,样本不足，暂按来源分组权重；时间衰减半衰期=14天,0.0
3745957,1549,2026-08-28 09:17:46,30,0x1a58cb9e50fdc03c290b1bc639a42bb2b9a0b1e7,smart_money,N,50.0,1.4,0,0,,,0,,,0,,,0,,,0,,,,,0.0,,,样本不足，暂按来源分组权重；时间衰减半衰期=14天,0.0
3745958,1549,2026-08-28 09:17:46,30,0x1a6132837f1857196677f06515041bb817affe9e,smart_money,N,50.0,1.4,0,0,,,0,,,0,,,0,,,0,,,,,0.0,,,样本不足，暂按来源分组权重；时间衰减半衰期=14天,0.0
3745959,1549,2026-08-28 09:17:46,30,0x1a6ea3a36087fef4d56ebc9e11bf1b0a3a6a7437,smart_money,N,50.0,1.4,0,0,,,0,,,0,,,0,,,0,,,,,0.0,,,样本不足，暂按来源分组权重；时间衰减半衰期=14天,0.0
3745960,1549,2026-08-28 09:17:46,30,0x1a7d1378d1b9df23f147fcf41e9fe887cde81ac3,smart_money,N,50.0,1.4,0,0,,,0,,,0,,,0,,,0,,,,,0.0,,,样本不足，暂按来源分组权重；时间衰减半衰期=14天,0.0
3745961,1549,2026-08-28 09:17:46,30,0x1a7e542d199e2b17e4fec60bd698950fecdb21be,smart_money,N,50.0,1.4,0,0,,,0,,,0,,,0,,,0,,,,,0.0,,,样本不足，暂按来源分组权重；时间衰减半衰期=14天,0.0
3745962,1549,2026-08-28 09:17:46,30,0x1aa1d90df49c3e5a67888798c16e73c4b4c323fc,smart_money,N,50.0,1.4,3,3,0.6711905628149881,5.5791193650408,3,0.397530675561252,7.686005095083789,3,0.397530675561252,2.4798826948119657,1,0.0,-28.49377005050605,0,,,6.490004434223328,,0.0,2026-08-19 11:16:59,SOL,样本不足，暂按来源分组权重；时间衰减半衰期=14天,1.6176710700994876
3745963,1549,2026-08-28 09:17:46,30,0x1aa5abfd850012297428b509fb84fcd9f9f995cb,smart_money,N,50.0,1.4,0,0,,,0,,,0,,,0,,,0,,,,,0.0,,,样本不足，暂按来源分组权重；时间衰减半衰期=14天,0.0
3745964,1549,2026-08-28 09:17:46,30,0x1aa780bb10425b86bcf05ecbb7953f9a93729ed9,smart_money,N,50.0,1.4,0,0,,,0,,,0,,,0,,,0,,,,,0.0,,,样本不足，暂按来源分组权重；时间衰减半衰期=14天,0.0
3745965,1549,2026-08-28 09:17:46,30,0x1abd35a5183aca3291f05353a6af3b4409603a8f,smart_money,N,50.0,1.4,0,0,,,0,,,0,,,0,,,0,,,,,0.0,,,样本不足，暂按来源分组权重；时间衰减半衰期=14天,0.0
3745966,1549,2026-08-28 09:17:46,30,0x1ae55c40c91f1553286b125239f84300d2df4dbe,smart_money,N,50.0,1.4,0,0,,,0,,,0,,,0,,,0,,,,,0.0,,,样本不足，暂按来源分组权重；时间衰减半衰期=14天,0.0
3745967,1549,2026-08-28 09:17:46,30,0x1af7a7223301aede887188066d158b502094c79e,smart_money,N,50.0,1.4,0,0,,,0,,,0,,,0,,,0,,,,,0.0,,,样本不足，暂按来源分组权重；时间衰减半衰期=14天,0.0
3745968,1549,2026-08-28 09:17:46,30,0x1b1996300dc7d3fabc039a55963fc886c3d3c9df,smart_money,N,50.0,1.4,0,0,,,0,,,0,,,0,,,0,,,,,0.0,,,样本不足，暂按来源分组权重；时间衰减半衰期=14天,0.0
3745969,1549,2026-08-28 09:17:46,30,0x1b526ff54f9f66c777fd34b7a802bb8d216ed41b,money_printer,N,50.0,1.2,0,0,,,0,,,0,,,0,,,0,,,,,0.0,,,样本不足，暂按来源分组权重；时间衰减半衰期=14天,0.0
3745970,1549,2026-08-28 09:17:46,30,0x1b798718722107a43f9603eb155dfc6944ac31cd,smart_money,N,50.0,1.4,0,0,,,0,,,0,,,0,,,0,,,,,0.0,,,样本不足，暂按来源分组权重；时间衰减半衰期=14天,0.0
3745971,1549,2026-08-28 09:17:46,30,0x1b7ca89aa121890b8572d326e363185cf4780c6a,money_printer,N,50.0,1.2,0,0,,,0,,,0,,,0,,,0,,,,,0.0,,,样本不足，暂按来源分组权重；时间衰减半衰期=14天,0.0
3745972,1549,2026-08-28 09:17:46,30,0x1ba6b82641c77ab1fc7bc734c5c3628199a8967d,smart_money,N,50.0,1.4,0,0,,,0,,,0,,,0,,,0,,,,,0.0,,,样本不足，暂按来源分组权重；时间衰减半衰期=14天,0.0
3745973,1549,2026-08-28 09:17:46,30,0x1ba78250c35b741e4ad7d356fbec3226bb094354,smart_money,N,50.0,1.4,0,0,,,0,,,0,,,0,,,0,,,,,0.0,,,样本不足，暂按来源分组权重；时间衰减半衰期=14天,0.0
3745974,1549,2026-08-28 09:17:46,30,0x1c020f03305acd09994c1910d440646e4a5f91b0,money_printer,N,50.0,1.2,0,0,,,0,,,0,,,0,,,0,,,,,0.0,,,样本不足，暂按来源分组权重；时间衰减半衰期=14天,0.0
3745975,1549,2026-08-28 09:17:46,30,0x1c2c96e78a42958892e637bdc0d94ce259f109fe,smart_money,N,50.0,1.4,0,0,,,0,,,0,,,0,,,0,,,,,0.0,,,样本不足，暂按来源分组权重；时间衰减半衰期=14天,0.0
3745976,1549,2026-08-28 09:17:46,30,0x1c75b586b9779532f65c32487af40286a0d88d88,smart_money,N,50.0,1.4,0,0,,,0,,,0,,,0,,,0,,,,,0.0,,,样本不足，暂按来源分组权重；时间衰减半衰期=14天,0.0
3745977,1549,2026-08-28 09:17:46,30,0x1c77041452e75939105981a914f138eb9634463c,smart_money,N,50.0,1.4,0,0,,,0,,,0,,,0,,,0,,,,,0.0,,,样本不足，暂按来源分组权重；时间衰减半衰期=14天,0.0
3745978,1549,2026-08-28 09:17:46,30,0x1c85279899cef59d2f715ee350c84e991cd8e676,smart_money,N,50.0,1.4,0,0,,,0,,,0,,,0,,,0,,,,,0.0,,,样本不足，暂按来源分组权重；时间衰减半衰期=14天,0.0
3745979,1549,2026-08-28 09:17:46,30,0x1c9e242d85fc0e4376ad1ea56143b9fdf9f61017,smart_money,N,50.0,1.4,4,4,0.0,0.0,4,0.0,0.0,2,0.0,0.0,0,,,0,,,0.0,,0.0,2026-08-24 16:17:56,KNTQ,样本不足，暂按来源分组权重；时间衰减半衰期=14天,2.9744406046696965
3745980,1549,2026-08-28 09:17:46,30,0x1ce8ed87b7b4cb60f0cc3664bf1fe216163ff55a,money_printer,N,50.0,1.2,0,0,,,0,,,0,,,0,,,0,,,,,0.0,,,样本不足，暂按来源分组权重；时间衰减半衰期=14天,0.0
3745981,1549,2026-08-28 09:17:46,30,0x1d207624c9466376e345310580c300611f3e0b20,smart_money,N,50.0,1.4,0,0,,,0,,,0,,,0,,,0,,,,,0.0,,,样本不足，暂按来源分组权重；时间衰减半衰期=14天,0.0
3745982,1549,2026-08-28 09:17:46,30,0x1d52fe9bde2694f6172192381111a91e24304397,money_printer,N,50.0,1.2,0,0,,,0,,,0,,,0,,,0,,,,,0.0,,,样本不足，暂按来源分组权重；时间衰减半衰期=14天,0.0
3745983,1549,2026-08-28 09:17:46,30,0x1d74a7760df9d563d0b6610b1705266c4e2fdb26,smart_money,N,50.0,1.4,0,0,,,0,,,0,,,0,,,0,,,,,0.0,,,样本不足，暂按来源分组权重；时间衰减半衰期=14天,0.0
3745984,1549,2026-08-28 09:17:46,30,0x1da5bcd75d2bdc41d8372e976f2f665479e73151,smart_money,N,50.0,1.4,0,0,,,0,,,0,,,0,,,0,,,,,0.0,,,样本不足，暂按来源分组权重；时间衰减半衰期=14天,0.0
3745985,1549,2026-08-28 09:17:46,30,0x1da7920ca7f9ee28d481bc439dccfed09f52a237,money_printer,N,50.0,1.2,0,0,,,0,,,0,,,0,,,0,,,,,0.0,,,样本不足，暂按来源分组权重；时间衰减半衰期=14天,0.0
3745986,1549,2026-08-28 09:17:46,30,0x1dff8c29ad7f6d8841a25a9dda8956f2e7a3c134,smart_money,N,50.0,1.4,0,0,,,0,,,0,,,0,,,0,,,,,0.0,,,样本不足，暂按来源分组权重；时间衰减半衰期=14天,0.0
3745987,1549,2026-08-28 09:17:46,30,0x1e07a22190c1d161248febf9fc2c440f324a16e2,smart_money,N,50.0,1.4,0,0,,,0,,,0,,,0,,,0,,,,,0.0,,,样本不足，暂按来源分组权重；时间衰减半衰期=14天,0.0
3745988,1549,2026-08-28 09:17:46,30,0x1e0b469b0f10f59bd6c76a010c4b0dd24742b1ef,smart_money,N,50.0,1.4,0,0,,,0,,,0,,,0,,,0,,,,,0.0,,,样本不足，暂按来源分组权重；时间衰减半衰期=14天,0.0
3745989,1549,2026-08-28 09:17:46,30,0x1e25c2827c34616e20aaf67e71a0b47bdbcaffa9,smart_money,N,50.0,1.4,0,0,,,0,,,0,,,0,,,0,,,,,0.0,,,样本不足，暂按来源分组权重；时间衰减半衰期=14天,0.0
3745990,1549,2026-08-28 09:17:46,30,0x1e3001537d0c6799e59245597c541127bac57120,smart_money,N,50.0,1.4,0,0,,,0,,,0,,,0,,,0,,,,,0.0,,,样本不足，暂按来源分组权重；时间衰减半衰期=14天,0.0
3745991,1549,2026-08-28 09:17:46,30,0x1e37a337ed460039d1b15bd3bc489de789768d5e,money_printer,N,50.0,1.2,0,0,,,0,,,0,,,0,,,0,,,,,0.0,,,样本不足，暂按来源分组权重；时间衰减半衰期=14天,0.0
3745992,1549,2026-08-28 09:17:46,30,0x1e5c9ef6a07f8ee36e21c0c2737c9b19f5de7f2a,money_printer,N,50.0,1.2,0,0,,,0,,,0,,,0,,,0,,,,,0.0,,,样本不足，暂按来源分组权重；时间衰减半衰期=14天,0.0
3745993,1549,2026-08-28 09:17:46,30,0x1e6db0fdf1a0f6edb78753184eb0fe5485c2eef2,smart_money,N,50.0,1.4,0,0,,,0,,,0,,,0,,,0,,,,,0.0,,,样本不足，暂按来源分组权重；时间衰减半衰期=14天,0.0
3745994,1549,2026-08-28 09:17:46,30,0x1e771e1b95c86491299d6e2a5c3b3842d03b552e,money_printer,N,50.0,1.2,0,0,,,0,,,0,,,0,,,0,,,,,0.0,,,样本不足，暂按来源分组权重；时间衰减半衰期=14天,0.0
3745995,1549,2026-08-28 09:17:46,30,0x1e921e6c998c7dff155c8792937d1ae622ce08fd,smart_money,N,50.0,1.4,0,0,,,0,,,0,,,0,,,0,,,,,0.0,,,样本不足，暂按来源分组权重；时间衰减半衰期=14天,0.0
3745996,1549,2026-08-28 09:17:46,30,0x1e934e8226b3f2cfdf262f10ef019d5574a4dbb3,money_printer,N,50.0,1.2,0,0,,,0,,,0,,,0,,,0,,,,,0.0,,,样本不足，暂按来源分组权重；时间衰减半衰期=14天,0.0
3745997,1549,2026-08-28 09:17:46,30,0x1e9d9e9cdb7109556a719aef19d874220ff8249b,money_printer,N,50.0,1.2,0,0,,,0,,,0,,,0,,,0,,,,,0.0,,,样本不足，暂按来源分组权重；时间衰减半衰期=14天,0.0
3745998,1549,2026-08-28 09:17:46,30,0x1eb117402eb2b3a5186eb9510de42cd255b3ca20,smart_money,N,50.0,1.4,0,0,,,0,,,0,,,0,,,0,,,,,0.0,,,样本不足，暂按来源分组权重；时间衰减半衰期=14天,0.0
3745999,1549,2026-08-28 09:17:46,30,0x1ec15e24896f4feb55dd70d22dc3620ae3cc990c,smart_money,N,50.0,1.4,0,0,,,0,,,0,,,0,,,0,,,,,0.0,,,样本不足，暂按来源分组权重；时间衰减半衰期=14天,0.0
3746000,1549,2026-08-28 09:17:46,30,0x1f200b140074e17a574f70bbce04c161b4caeea0,smart_money,N,50.0,1.4,0,0,,,0,,,0,,,0,,,0,,,,,0.0,,,样本不足，暂按来源分组权重；时间衰减半衰期=14天,0.0
3746001,1549,2026-08-28 09:17:46,30,0x1f3961acc0b35ceb9e6051dd77d4e31eff57ef14,smart_money,N,50.0,1.4,0,0,,,0,,,0,,,0,,,0,,,,,0.0,,,样本不足，暂按来源分组权重；时间衰减半衰期=14天,0.0
3746002,1549,2026-08-28 09:17:46,30,0x1f4059e3a39d2a2304f65dfe8b0c54a351d005c4,smart_money,N,50.0,1.4,0,0,,,0,,,0,,,0,,,0,,,,,0.0,,,样本不足，暂按来源分组权重；时间衰减半衰期=14天,0.0
3746003,1549,2026-08-28 09:17:46,30,0x1f67d79afc8d0e7609ddba6c9b657cc635f69981,money_printer,N,50.0,1.2,0,0,,,0,,,0,,,0,,,0,,,,,0.0,,,样本不足，暂按来源分组权重；时间衰减半衰期=14天,0.0
3746004,1549,2026-08-28 09:17:46,30,0x1f793d9f0368c1da329cb112212d81d521e7a9b8,money_printer,N,50.0,1.2,0,0,,,0,,,0,,,0,,,0,,,,,0.0,,,样本不足，暂按来源分组权重；时间衰减半衰期=14天,0.0
3746005,1549,2026-08-28 09:17:46,30,0x1f887fd93c17a970819895978da55628d7658609,smart_money,N,50.0,1.4,0,0,,,0,,,0,,,0,,,0,,,,,0.0,,,样本不足，暂按来源分组权重；时间衰减半衰期=14天,0.0
3746006,1549,2026-08-28 09:17:46,30,0x1fa1b4c4cda61b3c1ce805ae82e64a90d8821d08,smart_money,N,50.0,1.4,0,0,,,0,,,0,,,0,,,0,,,,,0.0,,,样本不足，暂按来源分组权重；时间衰减半衰期=14天,0.0
3746007,1549,2026-08-28 09:17:46,30,0x1fbe7279da134c53fa521f5ee65891948e775e17,smart_money,N,50.0,1.4,0,0,,,0,,,0,,,0,,,0,,,,,0.0,,,样本不足，暂按来源分组权重；时间衰减半衰期=14天,0.0
3746008,1549,2026-08-28 09:17:46,30,0x20145e97f464d0374adcbfc4fe0e42c07d313e6d,smart_money,N,50.0,1.4,0,0,,,0,,,0,,,0,,,0,,,,,0.0,,,样本不足，暂按来源分组权重；时间衰减半衰期=14天,0.0
3746009,1549,2026-08-28 09:17:46,30,0x202486b34776b26b474aedb348658aaab5d2dff4,money_printer,C,30.37159178553019,0.66,10,10,0.0,-0.23158187721038498,10,0.12714030419975397,0.30461315275354395,8,0.31464217910992837,0.26529634546415,4,0.5123767438270082,0.26155117037244774,0,,,0.2254118513727815,,0.0,2026-08-24 22:17:53,BRIDGE,C级：噪音偏多，降权参考，主周期=72h；时间衰减半衰期=14天,5.515775959612948
3746010,1549,2026-08-28 09:17:46,30,0x2025137a136bea7446deba681cbfc7cf1970840e,money_printer,C,70.63912245399816,0.66,53,45,0.2266158082940677,0.6374839491490175,28,0.38438361134627375,1.7221083865740643,0,,,0,,,0,,,1.9183444377522427,,0.0,2026-08-28 06:17:53,"UPUMP,PUMP,ZEC",C级：噪音偏多，降权参考，主周期=72h；时间衰减半衰期=14天,37.45437670229545
3746011,1549,2026-08-28 09:17:46,30,0x202db88213dec0f8994284f2d85e41e3ff479219,smart_money,N,50.0,1.4,0,0,,,0,,,0,,,0,,,0,,,,,0.0,,,样本不足，暂按来源分组权重；时间衰减半衰期=14天,0.0
3746012,1549,2026-08-28 09:17:46,30,0x202ed102cca91d1237971252eee1add2f303eb8b,smart_money,N,50.0,1.4,0,0,,,0,,,0,,,0,,,0,,,,,0.0,,,样本不足，暂按来源分组权重；时间衰减半衰期=14天,0.0
3746013,1549,2026-08-28 09:17:46,30,0x203f4c410f3c35cead9f35b6de2f66e773d7f26e,money_printer,N,50.0,1.2,0,0,,,0,,,0,,,0,,,0,,,,,0.0,,,样本不足，暂按来源分组权重；时间衰减半衰期=14天,0.0
3746014,1549,2026-08-28 09:17:46,30,0x2057d4f2b6ea957b63371980775b0a5505a438f0,smart_money,N,50.0,1.4,0,0,,,0,,,0,,,0,,,0,,,,,0.0,,,样本不足，暂按来源分组权重；时间衰减半衰期=14天,0.0
3746015,1549,2026-08-28 09:17:46,30,0x208db9f389989c5c387cc3a2620cc5251eace716,money_printer,N,50.0,1.2,0,0,,,0,,,0,,,0,,,0,,,,,0.0,,,样本不足，暂按来源分组权重；时间衰减半衰期=14天,0.0
3746016,1549,2026-08-28 09:17:46,30,0x20c2d95a3dfdca9e9ad12794d5fa6fad99da44f5,money_printer,N,50.0,1.2,0,0,,,0,,,0,,,0,,,0,,,,,0.0,,,样本不足，暂按来源分组权重；时间衰减半衰期=14天,0.0
3746017,1549,2026-08-28 09:17:46,30,0x2113bba1e701ebfef804e108727c79a81e7eca4a,smart_money,N,50.0,1.4,0,0,,,0,,,0,,,0,,,0,,,,,0.0,,,样本不足，暂按来源分组权重；时间衰减半衰期=14天,0.0
3746018,1549,2026-08-28 09:17:46,30,0x211db9de76bdd081a58280a6b287b0c40f89a2cb,smart_money,N,50.0,1.4,0,0,,,0,,,0,,,0,,,0,,,,,0.0,,,样本不足，暂按来源分组权重；时间衰减半衰期=14天,0.0
3746019,1549,2026-08-28 09:17:46,30,0x21550c0d8d8e8982cb4702949887a14f66243d0d,money_printer,N,50.0,1.2,0,0,,,0,,,0,,,0,,,0,,,,,0.0,,,样本不足，暂按来源分组权重；时间衰减半衰期=14天,0.0
3746020,1549,2026-08-28 09:17:46,30,0x215d41b79d0aa6a8cf5f25377a88b612746af80a,smart_money,N,50.0,1.4,0,0,,,0,,,0,,,0,,,0,,,,,0.0,,,样本不足，暂按来源分组权重；时间衰减半衰期=14天,0.0
3746021,1549,2026-08-28 09:17:46,30,0x21735e9daea7d836536d346ee280789d912082f9,smart_money,N,50.0,1.4,0,0,,,0,,,0,,,0,,,0,,,,,0.0,,,样本不足，暂按来源分组权重；时间衰减半衰期=14天,0.0
3746022,1549,2026-08-28 09:17:46,30,0x2175ce7c56baa22874eeb021c1270e6198059cda,smart_money,N,50.0,1.4,0,0,,,0,,,0,,,0,,,0,,,,,0.0,,,样本不足，暂按来源分组权重；时间衰减半衰期=14天,0.0
3746023,1549,2026-08-28 09:17:46,30,0x218a65e21eddeece7a9df38c6bbdd89f692b7da2,money_printer,N,50.0,1.2,9,9,0.492271127934318,1.7283281668182646,8,0.24734722781654989,2.255321007728893,4,0.6711679792395621,10.690040157258574,2,0.0,-16.44325904663869,0,,,2.3373896794797386,,0.0,2026-08-25 18:18:11,"BTC,ETH",样本不足，暂按来源分组权重；时间衰减半衰期=14天,6.131834429996591
3746024,1549,2026-08-28 09:17:46,30,0x219a2f5338f3ad74965a03c491e42963b69acc8d,smart_money,N,50.0,1.4,0,0,,,0,,,0,,,0,,,0,,,,,0.0,,,样本不足，暂按来源分组权重；时间衰减半衰期=14天,0.0
3746025,1549,2026-08-28 09:17:46,30,0x21b5eb0ca859383f7d8b6906cddb115e92e80913,money_printer,N,50.0,1.2,0,0,,,0,,,0,,,0,,,0,,,,,0.0,,,样本不足，暂按来源分组权重；时间衰减半衰期=14天,0.0
3746026,1549,2026-08-28 09:17:46,30,0x21ca98106c69bff036a194648ba30388ccbe811d,smart_money,N,50.0,1.4,1,1,0.0,-11.63116949368703,1,0.0,-7.1387578115036385,0,,,0,,,0,,,-7.138757811503638,,0.0,2026-08-21 17:17:02,VVV,样本不足，暂按来源分组权重；时间衰减半衰期=14天,0.7188552235033155
3746027,1549,2026-08-28 09:17:46,30,0x21eaaee21905a7b9fbbb093caba2ee27fc1e9352,smart_money,N,50.0,1.4,0,0,,,0,,,0,,,0,,,0,,,,,0.0,,,样本不足，暂按来源分组权重；时间衰减半衰期=14天,0.0
3746028,1549,2026-08-28 09:17:46,30,0x22046b8d7334ac32365c571d719201b31ad00f9a,smart_money,N,50.0,1.4,0,0,,,0,,,0,,,0,,,0,,,,,0.0,,,样本不足，暂按来源分组权重；时间衰减半衰期=14天,0.0
3746029,1549,2026-08-28 09:17:46,30,0x2204e04834e84ff4bfc53fc769e3ae1dcef47e85,money_printer,N,50.0,1.2,0,0,,,0,,,0,,,0,,,0,,,,,0.0,,,样本不足，暂按来源分组权重；时间衰减半衰期=14天,0.0
3746030,1549,2026-08-28 09:17:46,30,0x221284041f07f1e9af30beadbd08bb14f5e5838c,smart_money,N,50.0,1.4,0,0,,,0,,,0,,,0,,,0,,,,,0.0,,,样本不足，暂按来源分组权重；时间衰减半衰期=14天,0.0
3746031,1549,2026-08-28 09:17:46,30,0x223537ac9a856c31f4043e86ced86bb29f06653e,smart_money,N,50.0,1.4,0,0,,,0,,,0,,,0,,,0,,,,,0.0,,,样本不足，暂按来源分组权重；时间衰减半衰期=14天,0.0
3746032,1549,2026-08-28 09:17:46,30,0x223ee2b8479735f09b28f11bc5548c64a83a55bd,smart_money,N,50.0,1.4,0,0,,,0,,,0,,,0,,,0,,,,,0.0,,,样本不足，暂按来源分组权重；时间衰减半衰期=14天,0.0
3746033,1549,2026-08-28 09:17:46,30,0x225864ad63ba66272cd6be3e65476a2eba48c215,money_printer,N,50.0,1.2,0,0,,,0,,,0,,,0,,,0,,,,,0.0,,,样本不足，暂按来源分组权重；时间衰减半衰期=14天,0.0
3746034,1549,2026-08-28 09:17:46,30,0x225b79b1f34907781054680ad42902033c8adcb8,money_printer,N,50.0,1.2,0,0,,,0,,,0,,,0,,,0,,,,,0.0,,,样本不足，暂按来源分组权重；时间衰减半衰期=14天,0.0
3746035,1549,2026-08-28 09:17:46,30,0x22a709eece6ee82293e5fcdeea7ceefdefd499cd,money_printer,N,50.0,1.2,0,0,,,0,,,0,,,0,,,0,,,,,0.0,,,样本不足，暂按来源分组权重；时间衰减半衰期=14天,0.0
3746036,1549,2026-08-28 09:17:46,30,0x2306ce07ddca3829cdb1a2a14653dbefc211a9f1,smart_money,C,28.690064033427525,0.77,13,13,0.09852498331770472,0.6484330433881167,13,0.16441906943566986,1.18872934114533,13,0.09852498331770472,1.364209069866336,6,0.38490263438489264,0.11727813426426525,0,,,0.9300899308463447,,0.0,2026-08-19 21:17:06,"NEKO,UANSEM",C级：噪音偏多，降权参考，主周期=7d；时间衰减半衰期=14天,6.594708472276132
3746037,1549,2026-08-28 09:17:46,30,0x2312171890250347dbf1b082bdf7950504909e92,smart_money,N,50.0,1.4,0,0,,,0,,,0,,,0,,,0,,,,,0.0,,,样本不足，暂按来源分组权重；时间衰减半衰期=14天,0.0
3746038,1549,2026-08-28 09:17:46,30,0x2322f8e13d25e1c997b060bc5cebc9634f8a895a,smart_money,N,50.0,1.4,0,0,,,0,,,0,,,0,,,0,,,,,0.0,,,样本不足，暂按来源分组权重；时间衰减半衰期=14天,0.0
3746039,1549,2026-08-28 09:17:46,30,0x237152b038d88f4156a0cd71090462de7e3f0883,smart_money,N,50.0,1.4,3,3,0.6566600950738282,1.0711669198044271,1,0.0,1.364709673820753,0,,,0,,,0,,,1.3647096738207531,,0.0,2026-08-26 20:18:05,BTC,样本不足，暂按来源分组权重；时间衰减半衰期=14天,2.6985552208258126
3746040,1549,2026-08-28 09:17:46,30,0x2385aae82b8ff5ec9e72f122f3462b9a1b9db98a,smart_money,N,50.0,1.4,0,0,,,0,,,0,,,0,,,0,,,,,0.0,,,样本不足，暂按来源分组权重；时间衰减半衰期=14天,0.0
3746041,1549,2026-08-28 09:17:46,30,0x2396bc99feedc162af809314257571bb7ff07a36,smart_money,N,50.0,1.4,0,0,,,0,,,0,,,0,,,0,,,,,0.0,,,样本不足，暂按来源分组权重；时间衰减半衰期=14天,0.0
3746042,1549,2026-08-28 09:17:46,30,0x24246bb3cf79ebd26ab10194ec3694203ad3c891,smart_money,N,50.0,1.4,0,0,,,0,,,0,,,0,,,0,,,,,0.0,,,样本不足，暂按来源分组权重；时间衰减半衰期=14天,0.0
3746043,1549,2026-08-28 09:17:46,30,0x2474c64e65bd5c95169c28c31459714a8ded5114,smart_money,N,50.0,1.4,0,0,,,0,,,0,,,0,,,0,,,,,0.0,,,样本不足，暂按来源分组权重；时间衰减半衰期=14天,0.0
3746044,1549,2026-08-28 09:17:46,30,0x248ee78390f5505d34f36ce2df87d79fbcdb6be2,smart_money,N,50.0,1.4,0,0,,,0,,,0,,,0,,,0,,,,,0.0,,,样本不足，暂按来源分组权重；时间衰减半衰期=14天,0.0
3746045,1549,2026-08-28 09:17:46,30,0x24a44aef48aeb27c7708dabfccda14b41fbf0ae1,smart_money,N,50.0,1.4,0,0,,,0,,,0,,,0,,,0,,,,,0.0,,,样本不足，暂按来源分组权重；时间衰减半衰期=14天,0.0
3746046,1549,2026-08-28 09:17:46,30,0x24c2b6e2229b62cef2d1ae15a0e51e21678c428f,smart_money,N,50.0,1.4,0,0,,,0,,,0,,,0,,,0,,,,,0.0,,,样本不足，暂按来源分组权重；时间衰减半衰期=14天,0.0
3746047,1549,2026-08-28 09:17:46,30,0x24d02e64d4a2580d570666546ac937adab2b3e08,smart_money,N,50.0,1.4,0,0,,,0,,,0,,,0,,,0,,,,,0.0,,,样本不足，暂按来源分组权重；时间衰减半衰期=14天,0.0
3746048,1549,2026-08-28 09:17:46,30,0x24fb6523036ebcb3cc51deff138066dccf6bed0f,smart_money,R,14.797985500138463,-1.4,33,31,0.4662588722397663,0.06385206807476712,25,0.2550840154010463,0.5524074032489326,18,0.22724389972588158,-1.289103507748769,14,0.17842086443121533,-5.202014499861537,0,,,0.18939959546737772,,78.45266169100555,2026-08-27 18:17:56,"SOL,HYPE,NEKO,SUI",反向钱包：15d方向胜率和平均收益偏差；时间衰减半衰期=14天,18.06880814170605
3746049,1549,2026-08-28 09:17:46,30,0x250a09aafe5c4e63a8c11d1743e19694d79ce113,smart_money,N,50.0,1.4,0,0,,,0,,,0,,,0,,,0,,,,,0.0,,,样本不足，暂按来源分组权重；时间衰减半衰期=14天,0.0
3746050,1549,2026-08-28 09:17:46,30,0x25554a80781ee62414c3747e81c3f50157c634b1,smart_money,N,50.0,1.4,0,0,,,0,,,0,,,0,,,0,,,,,0.0,,,样本不足，暂按来源分组权重；时间衰减半衰期=14天,0.0
3746051,1549,2026-08-28 09:17:46,30,0x25773676902085225ae5751075e4161369334897,money_printer,C,66.14467908020646,0.66,66,66,0.4724501262793388,2.242535079376319,64,0.39865320696861717,1.8221838206973926,45,0.4933194190319399,2.2691107721300705,5,0.0,-43.24248991086367,0,,,1.7095708722840524,,0.0,2026-08-26 23:17:56,"ZEC,PUMP,ETH,SOL,XRP",C级：噪音偏多，降权参考，主周期=7d；时间衰减半衰期=14天,45.49474470817563
3746052,1549,2026-08-28 09:17:46,30,0x258886f9a27d38743ab45b8658871a37e2c3f51a,money_printer,N,50.0,1.2,0,0,,,0,,,0,,,0,,,0,,,,,0.0,,,样本不足，暂按来源分组权重；时间衰减半衰期=14天,0.0
3746053,1549,2026-08-28 09:17:46,30,0x258a4b8a8447c61aabf1bef9bb14ee4d69efff03,money_printer,N,50.0,1.2,2,2,0.0,-6.989347208036664,1,1.0,6.022635408245766,0,,,0,,,0,,,6.022635408245766,,0.0,2026-08-25 23:17:53,PUMP,样本不足，暂按来源分组权重；时间衰减半衰期=14天,1.6488578221985937
3746054,1549,2026-08-28 09:17:46,30,0x259b9c4cfeadaef8a5b842710a777364988415b3,smart_money,N,50.0,1.4,0,0,,,0,,,0,,,0,,,0,,,,,0.0,,,样本不足，暂按来源分组权重；时间衰减半衰期=14天,0.0
3746055,1549,2026-08-28 09:17:46,30,0x25ad068ba92b61ce2217c41270a9a69c247679af,smart_money,N,50.0,1.4,0,0,,,0,,,0,,,0,,,0,,,,,0.0,,,样本不足，暂按来源分组权重；时间衰减半衰期=14天,0.0
3746056,1549,2026-08-28 09:17:46,30,0x25dacd8a27eac9ad6eba5eb88e3b68f707eb1397,smart_money,N,50.0,1.4,0,0,,,0,,,0,,,0,,,0,,,,,0.0,,,样本不足，暂按来源分组权重；时间衰减半衰期=14天,0.0
3746057,1549,2026-08-28 09:17:46,30,0x25e9e31168d7ec59b0bfd54ebde8f3f6b9b1a5ea,smart_money,N,50.0,1.4,0,0,,,0,,,0,,,0,,,0,,,,,0.0,,,样本不足，暂按来源分组权重；时间衰减半衰期=14天,0.0
3746058,1549,2026-08-28 09:17:46,30,0x25fcb75a422f1eeef23c272f8712d6df16c49c38,smart_money,C,58.081098882187625,0.77,20,20,0.24353795374166384,0.21811483152904504,20,0.29005184495681485,0.3677565004987328,20,0.3939320241593057,0.06741717977025592,8,0.4027118622152774,1.8368558478516142,0,,,0.28615973980748555,,0.0,2026-08-18 12:16:58,BUDDY,C级：噪音偏多，降权参考，主周期=7d；时间衰减半衰期=14天,9.302125772250244
3746059,1549,2026-08-28 09:17:46,30,0x2609e5cd96e82dea377f82608474dd913549ab78,smart_money,N,50.0,1.4,0,0,,,0,,,0,,,0,,,0,,,,,0.0,,,样本不足，暂按来源分组权重；时间衰减半衰期=14天,0.0
3746060,1549,2026-08-28 09:17:46,30,0x261142dd1d82cf24228bd35b1fc65bd805af842d,money_printer,N,50.0,1.2,0,0,,,0,,,0,,,0,,,0,,,,,0.0,,,样本不足，暂按来源分组权重；时间衰减半衰期=14天,0.0
3746061,1549,2026-08-28 09:17:46,30,0x265bda080f9107223a74455201674538c32482b0,money_printer,N,50.0,1.2,0,0,,,0,,,0,,,0,,,0,,,,,0.0,,,样本不足，暂按来源分组权重；时间衰减半衰期=14天,0.0
3746062,1549,2026-08-28 09:17:46,30,0x266b5569ed3017e74dd48059c6db804e016eefcb,smart_money,N,50.0,1.4,0,0,,,0,,,0,,,0,,,0,,,,,0.0,,,样本不足，暂按来源分组权重；时间衰减半衰期=14天,0.0
3746063,1549,2026-08-28 09:17:46,30,0x2675f42b2937e5b4cb1522c97c792b6776d2e60e,smart_money,N,50.0,1.4,0,0,,,0,,,0,,,0,,,0,,,,,0.0,,,样本不足，暂按来源分组权重；时间衰减半衰期=14天,0.0
3746064,1549,2026-08-28 09:17:46,30,0x26c93faaf64380f816c7b07a7f1c051fd44210d9,smart_money,N,50.0,1.4,0,0,,,0,,,0,,,0,,,0,,,,,0.0,,,样本不足，暂按来源分组权重；时间衰减半衰期=14天,0.0
3746065,1549,2026-08-28 09:17:46,30,0x26e850e94b0b7b672544a5b60ac3463957a817ba,smart_money,N,50.0,1.4,0,0,,,0,,,0,,,0,,,0,,,,,0.0,,,样本不足，暂按来源分组权重；时间衰减半衰期=14天,0.0
3746066,1549,2026-08-28 09:17:46,30,0x27388d079cb5cf1ad50f60ab4c260356449bf92b,smart_money,N,50.0,1.4,0,0,,,0,,,0,,,0,,,0,,,,,0.0,,,样本不足，暂按来源分组权重；时间衰减半衰期=14天,0.0
3746067,1549,2026-08-28 09:17:46,30,0x2781335247f1e8522bbdff12d2a30f918b83ab61,smart_money,N,50.0,1.4,0,0,,,0,,,0,,,0,,,0,,,,,0.0,,,样本不足，暂按来源分组权重；时间衰减半衰期=14天,0.0
3746068,1549,2026-08-28 09:17:46,30,0x279818c822e5c6135d989df50d0bba96e9564ce5,smart_money,N,50.0,1.4,0,0,,,0,,,0,,,0,,,0,,,,,0.0,,,样本不足，暂按来源分组权重；时间衰减半衰期=14天,0.0
3746069,1549,2026-08-28 09:17:46,30,0x279dbeaae93533a5c4607712b027b04aff62d625,smart_money,N,50.0,1.4,0,0,,,0,,,0,,,0,,,0,,,,,0.0,,,样本不足，暂按来源分组权重；时间衰减半衰期=14天,0.0
3746070,1549,2026-08-28 09:17:46,30,0x27bcf8047c6fda384f8a93a6e5a140b878fab691,money_printer,N,50.0,1.2,0,0,,,0,,,0,,,0,,,0,,,,,0.0,,,样本不足，暂按来源分组权重；时间衰减半衰期=14天,0.0
3746071,1549,2026-08-28 09:17:46,30,0x27c5fdef9a082abd0711c611dbde9d7db9611aae,smart_money,N,50.0,1.4,0,0,,,0,,,0,,,0,,,0,,,,,0.0,,,样本不足，暂按来源分组权重；时间衰减半衰期=14天,0.0
3746072,1549,2026-08-28 09:17:46,30,0x27c9fa86c91b84ddfa15de58c482ff662498d65d,money_printer,C,47.326834752390496,0.66,17,16,0.3687263303031228,0.1069916583334273,11,0.2576760423810125,0.4868410763425528,0,,,0,,,0,,,0.6472466484839658,,0.0,2026-08-28 03:17:51,"ZEC,XRP,DOGE,AAVE",C级：噪音偏多，降权参考，主周期=72h；时间衰减半衰期=14天,13.379181136612937
3746073,1549,2026-08-28 09:17:46,30,0x27d33e77c8e6335089f56e399bf706ae9ad402b9,smart_money,N,50.0,1.4,0,0,,,0,,,0,,,0,,,0,,,,,0.0,,,样本不足，暂按来源分组权重；时间衰减半衰期=14天,0.0
3746074,1549,2026-08-28 09:17:46,30,0x281354062fa932086890a6bbf7dff7d0a67d220f,smart_money,N,50.0,1.4,0,0,,,0,,,0,,,0,,,0,,,,,0.0,,,样本不足，暂按来源分组权重；时间衰减半衰期=14天,0.0
3746075,1549,2026-08-28 09:17:46,30,0x28233e5edddfc9f71f0cecf58ca98f6a2ca11f43,money_printer,N,50.0,1.2,0,0,,,0,,,0,,,0,,,0,,,,,0.0,,,样本不足，暂按来源分组权重；时间衰减半衰期=14天,0.0
3746076,1549,2026-08-28 09:17:46,30,0x28473085ba4aa761eb541914f50a75dd685cd47b,smart_money,N,50.0,1.4,3,3,0.0,0.0,0,,,0,,,0,,,0,,,,,0.0,2026-08-26 21:18:10,KNTQ,样本不足，暂按来源分组权重；时间衰减半衰期=14天,2.7399077342071743
3746077,1549,2026-08-28 09:17:46,30,0x288ed4efc8fbd1e42a06fe083ea942d20c90b336,"money_printer,smart_money",N,50.0,1.8,1,1,0.0,0.6880203053788502,1,1.0,2.4312179236473055,1,1.0,23.330433325085604,0,,,0,,,2.4312179236473055,,0.0,2026-08-14 15:17:14,BTC,样本不足，暂按来源分组权重；时间衰减半衰期=14天,0.5062179913300552
3746078,1549,2026-08-28 09:17:46,30,0x28bbaaa5b431ed61ea6a9b3394f76616e00cfca6,money_printer,N,50.0,1.2,1,1,0.0,-0.17597653646180267,1,0.0,-1.5091321157179018,1,0.0,-26.48713504866017,0,,,0,,,-1.5091321157179018,,0.0,2026-08-14 11:17:02,ETH,样本不足，暂按来源分组权重；时间衰减半衰期=14天,0.5020545408039198
3746079,1549,2026-08-28 09:17:46,30,0x294fd17c700331aad5cc480400050e1005d2c531,smart_money,N,50.0,1.4,0,0,,,0,,,0,,,0,,,0,,,,,0.0,,,样本不足，暂按来源分组权重；时间衰减半衰期=14天,0.0
3746080,1549,2026-08-28 09:17:46,30,0x298629982613bf36c48d0b31afd2fe7d1b4604dc,money_printer,N,50.0,1.2,0,0,,,0,,,0,,,0,,,0,,,,,0.0,,,样本不足，暂按来源分组权重；时间衰减半衰期=14天,0.0
3746081,1549,2026-08-28 09:17:46,30,0x29b7ddbc6fa8cd273a63cb17826225aeb46ed6a4,smart_money,N,50.0,1.4,0,0,,,0,,,0,,,0,,,0,,,,,0.0,,,样本不足，暂按来源分组权重；时间衰减半衰期=14天,0.0
3746082,1549,2026-08-28 09:17:46,30,0x29c792a175627a15c60f5288e55d1cf7d95f2157,smart_money,N,50.0,1.4,2,2,0.0,0.0,2,0.0,0.0,0,,,0,,,0,,,0.0,,0.0,2026-08-24 16:17:56,KNTQ,样本不足，暂按来源分组权重；时间衰减半衰期=14天,1.6342036844737753
3746083,1549,2026-08-28 09:17:46,30,0x29eb62882a8bd104a64400a2971d0d6881777043,money_printer,N,50.0,1.2,0,0,,,0,,,0,,,0,,,0,,,,,0.0,,,样本不足，暂按来源分组权重；时间衰减半衰期=14天,0.0
3746084,1549,2026-08-28 09:17:46,30,0x2a246fca547f9a845e67a51c9221d888576eb81c,smart_money,N,50.0,1.4,0,0,,,0,,,0,,,0,,,0,,,,,0.0,,,样本不足，暂按来源分组权重；时间衰减半衰期=14天,0.0
3746085,1549,2026-08-28 09:17:46,30,0x2a29762f188eacd2217313a62642b1fb24d14d9c,smart_money,N,50.0,1.4,0,0,,,0,,,0,,,0,,,0,,,,,0.0,,,样本不足，暂按来源分组权重；时间衰减半衰期=14天,0.0
3746086,1549,2026-08-28 09:17:46,30,0x2a304155f0c751217f2bedc1769be8398151eca4,smart_money,N,50.0,1.4,0,0,,,0,,,0,,,0,,,0,,,,,0.0,,,样本不足，暂按来源分组权重；时间衰减半衰期=14天,0.0
3746087,1549,2026-08-28 09:17:46,30,0x2a3c3bf6a7cc9615af69be77ecb9908a1f48de46,smart_money,N,50.0,1.4,0,0,,,0,,,0,,,0,,,0,,,,,0.0,,,样本不足，暂按来源分组权重；时间衰减半衰期=14天,0.0
3746088,1549,2026-08-28 09:17:46,30,0x2a4d9f5d63bcd42c737431e0b49d2e01c49caae4,smart_money,N,50.0,1.4,0,0,,,0,,,0,,,0,,,0,,,,,0.0,,,样本不足，暂按来源分组权重；时间衰减半衰期=14天,0.0
3746089,1549,2026-08-28 09:17:46,30,0x2a72b57dea119cc0bac14df798f9e9b8b148267c,smart_money,C,58.51978797353681,0.77,28,23,0.4565553552561925,-0.4698771225374904,18,0.3644323364690629,0.499826169976285,2,1.0,19.975594398332554,1,1.0,63.6094674556213,0,,,0.6166965182979718,,0.0,2026-08-27 20:18:09,PUMP,C级：噪音偏多，降权参考，主周期=72h；时间衰减半衰期=14天,18.07863637529636
3746090,1549,2026-08-28 09:17:46,30,0x2a767954b55264c1443b3fa634d4adb7d6059a53,smart_money,N,50.0,1.4,1,1,0.0,0.2597777457064439,1,1.0,3.2905181122817155,1,0.0,3.5695386539664127,1,0.0,-42.71900707172752,0,,,3.290518112281715,,0.0,2026-08-08 11:16:51,XRP,样本不足，暂按来源分组权重；时间衰减半衰期=14天,0.37302273890788107
3746091,1549,2026-08-28 09:17:46,30,0x2a876325db0cdd43e0f250bc309d45f78e45dcf3,smart_money,N,50.0,1.4,0,0,,,0,,,0,,,0,,,0,,,,,0.0,,,样本不足，暂按来源分组权重；时间衰减半衰期=14天,0.0
3746092,1549,2026-08-28 09:17:46,30,0x2a934d40944e2b686ee9cdce74a3f67d32cd0347,money_printer,N,50.0,1.2,0,0,,,0,,,0,,,0,,,0,,,,,0.0,,,样本不足，暂按来源分组权重；时间衰减半衰期=14天,0.0
3746093,1549,2026-08-28 09:17:46,30,0x2ac1fa38a82738c3875b3ac385fbade067e3d123,money_printer,N,50.0,1.2,0,0,,,0,,,0,,,0,,,0,,,,,0.0,,,样本不足，暂按来源分组权重；时间衰减半衰期=14天,0.0
3746094,1549,2026-08-28 09:17:46,30,0x2ac4880624dae9e823874d65e43bfeba97fc61b5,smart_money,N,50.0,1.4,0,0,,,0,,,0,,,0,,,0,,,,,0.0,,,样本不足，暂按来源分组权重；时间衰减半衰期=14天,0.0
3746095,1549,2026-08-28 09:17:46,30,0x2afe745dfd735e24aae8ac39969140dd0511496b,smart_money,N,50.0,1.4,0,0,,,0,,,0,,,0,,,0,,,,,0.0,,,样本不足，暂按来源分组权重；时间衰减半衰期=14天,0.0
3746096,1549,2026-08-28 09:17:46,30,0x2b02efbf4fa4585ae3cc9d81913770e9b12484db,smart_money,N,50.0,1.4,0,0,,,0,,,0,,,0,,,0,,,,,0.0,,,样本不足，暂按来源分组权重；时间衰减半衰期=14天,0.0
3746097,1549,2026-08-28 09:17:46,30,0x2b2ab788772102883d5bca4af7cf2660d746ac9b,smart_money,N,50.0,1.4,0,0,,,0,,,0,,,0,,,0,,,,,0.0,,,样本不足，暂按来源分组权重；时间衰减半衰期=14天,0.0
3746098,1549,2026-08-28 09:17:46,30,0x2b3349ff0c4cf96f7df87fd5f3d583ee625733f7,smart_money,N,50.0,1.4,0,0,,,0,,,0,,,0,,,0,,,,,0.0,,,样本不足，暂按来源分组权重；时间衰减半衰期=14天,0.0
3746099,1549,2026-08-28 09:17:46,30,0x2b7b64b593a40a210bc0568522e7d7991ee8c7c0,smart_money,N,50.0,1.4,0,0,,,0,,,0,,,0,,,0,,,,,0.0,,,样本不足，暂按来源分组权重；时间衰减半衰期=14天,0.0
3746100,1549,2026-08-28 09:17:46,30,0x2b804617c6f63c040377e95bb276811747006f4b,"money_printer,smart_money",N,50.0,1.8,0,0,,,0,,,0,,,0,,,0,,,,,0.0,,,样本不足，暂按来源分组权重；时间衰减半衰期=14天,0.0
3746101,1549,2026-08-28 09:17:46,30,0x2b8cd26e88fa42a9cd9cc08782c51571781ffde0,smart_money,N,50.0,1.4,0,0,,,0,,,0,,,0,,,0,,,,,0.0,,,样本不足，暂按来源分组权重；时间衰减半衰期=14天,0.0
3746102,1549,2026-08-28 09:17:46,30,0x2b8e8acc1dd32cd642ebb91014320a6f6a0f9507,smart_money,N,50.0,1.4,0,0,,,0,,,0,,,0,,,0,,,,,0.0,,,样本不足，暂按来源分组权重；时间衰减半衰期=14天,0.0
3746103,1549,2026-08-28 09:17:46,30,0x2b9b48bbdd8018396daad50364c467246db30d87,smart_money,N,50.0,1.4,0,0,,,0,,,0,,,0,,,0,,,,,0.0,,,样本不足，暂按来源分组权重；时间衰减半衰期=14天,0.0
3746104,1549,2026-08-28 09:17:46,30,0x2ba553d9f990a3b66b03b2dc0d030dfc1c061036,money_printer,N,50.0,1.2,2,2,0.5010291754118389,0.5295594181316285,2,0.5010291754118389,1.2423049754995552,0,,,0,,,0,,,1.2295754839037096,,0.0,2026-08-24 02:17:48,LIT,样本不足，暂按来源分组权重；时间衰减半衰期=14天,1.613828769520768
3746105,1549,2026-08-28 09:17:46,30,0x2ba90dba46da390ca15d2ac24078d3a81bc85399,smart_money,N,50.0,1.4,0,0,,,0,,,0,,,0,,,0,,,,,0.0,,,样本不足，暂按来源分组权重；时间衰减半衰期=14天,0.0
3746106,1549,2026-08-28 09:17:46,30,0x2bb45f0411f8f7cd264620fb2b22990d373b8ac5,smart_money,N,50.0,1.4,0,0,,,0,,,0,,,0,,,0,,,,,0.0,,,样本不足，暂按来源分组权重；时间衰减半衰期=14天,0.0
3746107,1549,2026-08-28 09:17:46,30,0x2bd0cbb03af55e337aabb179a7bf092218b8367c,smart_money,N,50.0,1.4,3,3,0.0,0.0,3,0.0,0.0,0,,,0,,,0,,,0.0,,0.0,2026-08-25 00:17:48,KNTQ,样本不足，暂按来源分组权重；时间衰减半衰期=14天,2.5089463969651695
3746108,1549,2026-08-28 09:17:46,30,0x2bd6745f4c7f91401611134b61b839ee2ebdb8d8,smart_money,R,10.0,-1.4,17,17,0.07537434076344084,-3.2857439611412893,14,0.20165386163971716,-12.646486557102966,8,0.0,-19.055497648470887,6,0.0,2.088917536905966,0,,,-9.272895379504936,,74.73538213764526,2026-08-26 18:17:56,UPUMP,反向钱包：72h方向胜率和平均收益偏差；时间衰减半衰期=14天,10.125398045913993
3746109,1549,2026-08-28 09:17:46,30,0x2bee414493be72c747edf347d42b198494fb0ba9,smart_money,N,50.0,1.4,0,0,,,0,,,0,,,0,,,0,,,,,0.0,,,样本不足，暂按来源分组权重；时间衰减半衰期=14天,0.0
3746110,1549,2026-08-28 09:17:46,30,0x2c0757702f4897001f16c8cf881a3ddddf9c7494,smart_money,N,50.0,1.4,0,0,,,0,,,0,,,0,,,0,,,,,0.0,,,样本不足，暂按来源分组权重；时间衰减半衰期=14天,0.0
3746111,1549,2026-08-28 09:17:46,30,0x2c5dc7e67fce4bc252221c46c1cdc7651838b2d8,smart_money,N,50.0,1.4,0,0,,,0,,,0,,,0,,,0,,,,,0.0,,,样本不足，暂按来源分组权重；时间衰减半衰期=14天,0.0
3746112,1549,2026-08-28 09:17:46,30,0x2c6f7831be3fe15cc7025672f27623a921553725,smart_money,N,50.0,1.4,4,4,0.3792325023623705,5.355102004606307,4,0.3792325023623705,6.896649572352517,4,0.3792325023623705,9.522849246102522,3,0.6668964067623722,16.489727775008973,0,,,3.672216695398166,,0.0,2026-08-19 15:17:08,"ETH,HYPE",样本不足，暂按来源分组权重；时间衰减半衰期=14天,1.7097839816025062
3746113,1549,2026-08-28 09:17:46,30,0x2c76be702ee99922754a6df7158091a5e33f7662,money_printer,N,50.0,1.2,0,0,,,0,,,0,,,0,,,0,,,,,0.0,,,样本不足，暂按来源分组权重；时间衰减半衰期=14天,0.0
3746114,1549,2026-08-28 09:17:46,30,0x2ca4927174ba283d8a57f60ef3589844035a2930,smart_money,N,50.0,1.4,0,0,,,0,,,0,,,0,,,0,,,,,0.0,,,样本不足，暂按来源分组权重；时间衰减半衰期=14天,0.0
3746115,1549,2026-08-28 09:17:46,30,0x2cbf1e236d72633741cc9cd186bca4611b051c50,smart_money,N,50.0,1.4,0,0,,,0,,,0,,,0,,,0,,,,,0.0,,,样本不足，暂按来源分组权重；时间衰减半衰期=14天,0.0
3746116,1549,2026-08-28 09:17:46,30,0x2cd991f48ba31536a96b772536a1daaaedf150ae,money_printer,N,50.0,1.2,0,0,,,0,,,0,,,0,,,0,,,,,0.0,,,样本不足，暂按来源分组权重；时间衰减半衰期=14天,0.0
3746117,1549,2026-08-28 09:17:46,30,0x2cddea0f5a2685f268aa2734bbff9f9116f952bb,smart_money,N,50.0,1.4,0,0,,,0,,,0,,,0,,,0,,,,,0.0,,,样本不足，暂按来源分组权重；时间衰减半衰期=14天,0.0
3746118,1549,2026-08-28 09:17:46,30,0x2cef0a7f84e722c77b271862da5fe2387028fa20,smart_money,N,50.0,1.4,0,0,,,0,,,0,,,0,,,0,,,,,0.0,,,样本不足，暂按来源分组权重；时间衰减半衰期=14天,0.0
3746119,1549,2026-08-28 09:17:46,30,0x2cffce91b4e0c81df18726ff66b31b2b1545e1ad,smart_money,N,50.0,1.4,0,0,,,0,,,0,,,0,,,0,,,,,0.0,,,样本不足，暂按来源分组权重；时间衰减半衰期=14天,0.0
3746120,1549,2026-08-28 09:17:46,30,0x2d46792b530edc6951935dd7c8c79141dbcf1d43,smart_money,N,50.0,1.4,0,0,,,0,,,0,,,0,,,0,,,,,0.0,,,样本不足，暂按来源分组权重；时间衰减半衰期=14天,0.0
3746121,1549,2026-08-28 09:17:46,30,0x2d55a75eef61cf781a278f0d81074c896bdb167c,smart_money,N,50.0,1.4,0,0,,,0,,,0,,,0,,,0,,,,,0.0,,,样本不足，暂按来源分组权重；时间衰减半衰期=14天,0.0
3746122,1549,2026-08-28 09:17:46,30,0x2d66f73159eaa54cc7fddaea2ba8cf91f9f14cd6,smart_money,N,50.0,1.4,0,0,,,0,,,0,,,0,,,0,,,,,0.0,,,样本不足，暂按来源分组权重；时间衰减半衰期=14天,0.0
3746123,1549,2026-08-28 09:17:46,30,0x2d7ae76a3c51efa830e99a404570157421120d7e,smart_money,N,50.0,1.4,0,0,,,0,,,0,,,0,,,0,,,,,0.0,,,样本不足，暂按来源分组权重；时间衰减半衰期=14天,0.0
3746124,1549,2026-08-28 09:17:46,30,0x2d891ef03177dd17372c5efecbd80f301d96436b,smart_money,N,50.0,1.4,5,5,0.4631731503190121,1.25787026884287,5,0.6159937191182867,3.816441499280694,5,0.4631731503190121,4.418012001504982,2,0.0,-24.78442975221433,0,,,3.463324457969398,,0.0,2026-08-19 21:17:06,"SOL,ETH,BTC",样本不足，暂按来源分组权重；时间衰减半衰期=14天,2.8201635743228097
3746125,1549,2026-08-28 09:17:46,30,0x2d99fe0f36c1aebd28a1a2c0e82e8ca13c2ea351,money_printer,N,50.0,1.2,2,2,0.4994855550084613,0.8386995432639948,2,1.0,5.0956701976814,0,,,0,,,0,,,5.096163210150991,,0.0,2026-08-24 01:17:55,ZEC,样本不足，暂按来源分组权重；时间衰减半衰期=14天,1.6121656848679717
3746126,1549,2026-08-28 09:17:46,30,0x2dacce251f42aa0ebad75ec0cf505e138142a911,smart_money,N,50.0,1.4,0,0,,,0,,,0,,,0,,,0,,,,,0.0,,,样本不足，暂按来源分组权重；时间衰减半衰期=14天,0.0
3746127,1549,2026-08-28 09:17:46,30,0x2dafcc36215b481c331f05437959c428562064b6,smart_money,N,50.0,1.4,0,0,,,0,,,0,,,0,,,0,,,,,0.0,,,样本不足，暂按来源分组权重；时间衰减半衰期=14天,0.0
3746128,1549,2026-08-28 09:17:46,30,0x2dd5b67410355a62fde9fc526f2b08b81413a130,smart_money,N,50.0,1.4,0,0,,,0,,,0,,,0,,,0,,,,,0.0,,,样本不足，暂按来源分组权重；时间衰减半衰期=14天,0.0
3746129,1549,2026-08-28 09:17:46,30,0x2ded914aa5fadadd7d32d678924188586d7c656b,smart_money,N,50.0,1.4,0,0,,,0,,,0,,,0,,,0,,,,,0.0,,,样本不足，暂按来源分组权重；时间衰减半衰期=14天,0.0
3746130,1549,2026-08-28 09:17:46,30,0x2df1e1378bee3ff4404a602f5de07017837be985,money_printer,N,50.0,1.2,0,0,,,0,,,0,,,0,,,0,,,,,0.0,,,样本不足，暂按来源分组权重；时间衰减半衰期=14天,0.0
3746131,1549,2026-08-28 09:17:46,30,0x2e2e76c5e1d91a78ec41672da4640620d88a1c50,smart_money,N,50.0,1.4,8,8,0.43004166979101066,-0.8935262118100701,8,0.43004166979101066,0.3997059277380469,8,0.43004166979101066,-0.21029070897358348,4,0.30195581959517237,1.1263111073393466,0,,,0.41939183560107285,,0.0,2026-08-20 09:17:04,"NEKO,SWAP",样本不足，暂按来源分组权重；时间衰减半衰期=14天,3.819617268451063
3746132,1549,2026-08-28 09:17:46,30,0x2e30c32738a28833e3d85189c04895c25ee54cb5,smart_money,N,50.0,1.4,3,3,0.0,-2.406963595320705,2,0.0,-3.5151646145978583,1,0.0,-4.987168603573266,1,1.0,54.57880819257829,0,,,-2.806333528733661,,0.0,2026-08-26 01:17:50,ZEC,样本不足，暂按来源分组权重；时间衰减半衰期=14天,2.0487706083741175
3746133,1549,2026-08-28 09:17:46,30,0x2e3d94f0562703b25c83308a05046ddaf9a8dd14,money_printer,N,50.0,1.2,0,0,,,0,,,0,,,0,,,0,,,,,0.0,,,样本不足，暂按来源分组权重；时间衰减半衰期=14天,0.0
3746134,1549,2026-08-28 09:17:46,30,0x2ea161d4e856f7945ac75f21b0486c8bbcaf7b11,smart_money,N,50.0,1.4,0,0,,,0,,,0,,,0,,,0,,,,,0.0,,,样本不足，暂按来源分组权重；时间衰减半衰期=14天,0.0
3746135,1549,2026-08-28 09:17:46,30,0x2ea18c23f72a4b6172c55b411823cdc5335923f4,money_printer,N,50.0,1.2,0,0,,,0,,,0,,,0,,,0,,,,,0.0,,,样本不足，暂按来源分组权重；时间衰减半衰期=14天,0.0
3746136,1549,2026-08-28 09:17:46,30,0x2ed5c4484ea3ff8b57d5f2fb152a40d9f2b68308,smart_money,N,50.0,1.4,0,0,,,0,,,0,,,0,,,0,,,,,0.0,,,样本不足，暂按来源分组权重；时间衰减半衰期=14天,0.0
3746137,1549,2026-08-28 09:17:46,30,0x2ed8e7d874453b1136d54d84022200ec48172116,money_printer,N,50.0,1.2,4,4,0.3533184019041713,-2.1322457639110906,4,0.3533184019041713,0.9195399059756745,4,0.3533184019041713,-0.37300326108511245,2,0.0,0.1672080824141373,0,,,0.8733121672360276,,0.0,2026-08-20 09:17:04,NEKO,样本不足，暂按来源分组权重；时间衰减半衰期=14天,1.8389745303794236
3746138,1549,2026-08-28 09:17:46,30,0x2ef1697d832128ae14a19eb08f7074db6336b106,smart_money,N,50.0,1.4,0,0,,,0,,,0,,,0,,,0,,,,,0.0,,,样本不足，暂按来源分组权重；时间衰减半衰期=14天,0.0
3746139,1549,2026-08-28 09:17:46,30,0x2ef85698675478f9dd543786e459bab7665d49f7,smart_money,N,50.0,1.4,0,0,,,0,,,0,,,0,,,0,,,,,0.0,,,样本不足，暂按来源分组权重；时间衰减半衰期=14天,0.0
3746140,1549,2026-08-28 09:17:46,30,0x2f01afc9f9437c4fcb8f2e8612c57bf522bcc81d,money_printer,N,50.0,1.2,0,0,,,0,,,0,,,0,,,0,,,,,0.0,,,样本不足，暂按来源分组权重；时间衰减半衰期=14天,0.0
3746141,1549,2026-08-28 09:17:46,30,0x2f6c194ab47cd777053af1fe799a63bf30322ef8,smart_money,N,50.0,1.4,0,0,,,0,,,0,,,0,,,0,,,,,0.0,,,样本不足，暂按来源分组权重；时间衰减半衰期=14天,0.0
3746142,1549,2026-08-28 09:17:46,30,0x2f7a83314829ea002450381ad181fd525bdb340d,money_printer,N,50.0,1.2,0,0,,,0,,,0,,,0,,,0,,,,,0.0,,,样本不足，暂按来源分组权重；时间衰减半衰期=14天,0.0
3746143,1549,2026-08-28 09:17:46,30,0x2f7eb45927a2076d52e00463d8015a360a495405,smart_money,N,50.0,1.4,0,0,,,0,,,0,,,0,,,0,,,,,0.0,,,样本不足，暂按来源分组权重；时间衰减半衰期=14天,0.0
3746144,1549,2026-08-28 09:17:46,30,0x2fcb6898d5a0623de19c3691904927685014c4d8,money_printer,N,50.0,1.2,0,0,,,0,,,0,,,0,,,0,,,,,0.0,,,样本不足，暂按来源分组权重；时间衰减半衰期=14天,0.0
3746145,1549,2026-08-28 09:17:46,30,0x2fd1cbabdd9724e971e80009c8189ca593d9603e,smart_money,N,50.0,1.4,0,0,,,0,,,0,,,0,,,0,,,,,0.0,,,样本不足，暂按来源分组权重；时间衰减半衰期=14天,0.0
3746146,1549,2026-08-28 09:17:46,30,0x2ff2944a3bbf6e79848facaeddb2d986773dfaed,smart_money,N,50.0,1.4,0,0,,,0,,,0,,,0,,,0,,,,,0.0,,,样本不足，暂按来源分组权重；时间衰减半衰期=14天,0.0
3746147,1549,2026-08-28 09:17:46,30,0x3005fade4c0df5e1cd187d7062da359416f0eb8e,smart_money,N,50.0,1.4,0,0,,,0,,,0,,,0,,,0,,,,,0.0,,,样本不足，暂按来源分组权重；时间衰减半衰期=14天,0.0
3746148,1549,2026-08-28 09:17:46,30,0x3023c576d9ec4bfaa263f1f4d8c3f5172d44c756,money_printer,N,50.0,1.2,0,0,,,0,,,0,,,0,,,0,,,,,0.0,,,样本不足，暂按来源分组权重；时间衰减半衰期=14天,0.0
3746149,1549,2026-08-28 09:17:46,30,0x303729b53e97d3f43a1bd13e7f4c6bf77ae41e83,money_printer,N,50.0,1.2,0,0,,,0,,,0,,,0,,,0,,,,,0.0,,,样本不足，暂按来源分组权重；时间衰减半衰期=14天,0.0
3746150,1549,2026-08-28 09:17:46,30,0x303de6f3508071e983cd3e68ccb41cae75248466,smart_money,N,50.0,1.4,0,0,,,0,,,0,,,0,,,0,,,,,0.0,,,样本不足，暂按来源分组权重；时间衰减半衰期=14天,0.0
3746151,1549,2026-08-28 09:17:46,30,0x30530d8c6f6aa5416609992bbe08aac518d8525a,smart_money,N,50.0,1.4,0,0,,,0,,,0,,,0,,,0,,,,,0.0,,,样本不足，暂按来源分组权重；时间衰减半衰期=14天,0.0
3746152,1549,2026-08-28 09:17:46,30,0x30a712758896b443d447f486737b91b54161e64f,smart_money,N,50.0,1.4,0,0,,,0,,,0,,,0,,,0,,,,,0.0,,,样本不足，暂按来源分组权重；时间衰减半衰期=14天,0.0
3746153,1549,2026-08-28 09:17:46,30,0x30a7a78ada9aaada13ef7290ce2d18554c9cbd80,smart_money,N,50.0,1.4,0,0,,,0,,,0,,,0,,,0,,,,,0.0,,,样本不足，暂按来源分组权重；时间衰减半衰期=14天,0.0
3746154,1549,2026-08-28 09:17:46,30,0x30bb45af88000014bd7a5e6f7c714a489c4f7cae,smart_money,N,50.0,1.4,0,0,,,0,,,0,,,0,,,0,,,,,0.0,,,样本不足，暂按来源分组权重；时间衰减半衰期=14天,0.0
3746155,1549,2026-08-28 09:17:46,30,0x30bdf164cdb6f4bc373a232942896d5bb49fb5a4,money_printer,N,50.0,1.2,0,0,,,0,,,0,,,0,,,0,,,,,0.0,,,样本不足，暂按来源分组权重；时间衰减半衰期=14天,0.0
3746156,1549,2026-08-28 09:17:46,30,0x30fabf0754da17f6c8eca338ddd3581eb911fa11,money_printer,N,50.0,1.2,4,4,0.0,-0.25409803601506586,4,0.0,0.09854610614626129,4,0.0,-0.1847871299244989,4,0.0,-0.08596184304024689,0,,,0.10265643345178405,,0.0,2026-08-01 03:17:08,NEKO,样本不足，暂按来源分组权重；时间衰减半衰期=14天,1.0319564193853659
3746157,1549,2026-08-28 09:17:46,30,0x3119a5bf3ce136b2ea82969a26e5f570c0319209,smart_money,N,50.0,1.4,0,0,,,0,,,0,,,0,,,0,,,,,0.0,,,样本不足，暂按来源分组权重；时间衰减半衰期=14天,0.0
3746158,1549,2026-08-28 09:17:46,30,0x31ac79c7979e3d4ceafb85042da1ab3fb1eaddd8,smart_money,N,50.0,1.4,0,0,,,0,,,0,,,0,,,0,,,,,0.0,,,样本不足，暂按来源分组权重；时间衰减半衰期=14天,0.0
3746159,1549,2026-08-28 09:17:46,30,0x31ca8395cf837de08b24da3f660e77761dfb974b,money_printer,N,50.0,1.2,0,0,,,0,,,0,,,0,,,0,,,,,0.0,,,样本不足，暂按来源分组权重；时间衰减半衰期=14天,0.0
3746160,1549,2026-08-28 09:17:46,30,0x31d6b5a70e8ef418311d7cd2c28c7e1c15e84f90,smart_money,N,50.0,1.4,0,0,,,0,,,0,,,0,,,0,,,,,0.0,,,样本不足，暂按来源分组权重；时间衰减半衰期=14天,0.0
3746161,1549,2026-08-28 09:17:46,30,0x31dea2516beee92135b96f464eeec3cf292a13f2,money_printer,R,19.44450816381543,-1.2,12,12,0.25174136665697766,-1.1436942412473527,12,0.07841267407152025,-0.5554918361845681,4,0.28652614222889256,-2.706327116299725,1,0.0,0.36101929343366856,0,,,-0.5905894533923786,,63.8979068380333,2026-08-24 16:17:56,"ETH,BTC",反向钱包：72h方向胜率和平均收益偏差；时间衰减半衰期=14天,8.406712007898712
3746162,1549,2026-08-28 09:17:46,30,0x31e3e423f4806932307c5d94121f1f5044f72231,smart_money,N,50.0,1.4,0,0,,,0,,,0,,,0,,,0,,,,,0.0,,,样本不足，暂按来源分组权重；时间衰减半衰期=14天,0.0
3746163,1549,2026-08-28 09:17:46,30,0x31f0ed3135a26b142f58354011fdaf30766f4205,smart_money,N,50.0,1.4,0,0,,,0,,,0,,,0,,,0,,,,,0.0,,,样本不足，暂按来源分组权重；时间衰减半衰期=14天,0.0
3746164,1549,2026-08-28 09:17:46,30,0x31f28ff1130fdd38d6180fa326c146fe63ecc52b,smart_money,N,50.0,1.4,0,0,,,0,,,0,,,0,,,0,,,,,0.0,,,样本不足，暂按来源分组权重；时间衰减半衰期=14天,0.0
3746165,1549,2026-08-28 09:17:46,30,0x32051a0c36af1449e0eee08146a808115ccc40bb,money_printer,N,50.0,1.2,0,0,,,0,,,0,,,0,,,0,,,,,0.0,,,样本不足，暂按来源分组权重；时间衰减半衰期=14天,0.0
3746166,1549,2026-08-28 09:17:46,30,0x321f13fa322c8c446eb0c50f54d0af8cca859714,smart_money,N,50.0,1.4,1,1,0.0,-2.91219725282725,1,0.0,-11.587078164761015,1,0.0,-14.052045125189808,0,,,0,,,-11.587078164761015,,0.0,2026-08-20 12:17:23,HYPE,样本不足，暂按来源分组权重；时间衰减半衰期=14天,0.6771188490631685
3746167,1549,2026-08-28 09:17:46,30,0x321f7193eadbacb67eff00f76b975a487e5b1c84,smart_money,N,50.0,1.4,2,2,0.5,2.950175520232784,2,0.5,-0.3523825018335804,2,0.0,-0.9551269477910846,2,0.5,9.072433696345044,0,,,-0.35238250183358044,,0.0,2026-08-03 08:16:59,"ETH,UNI",样本不足，暂按来源分组权重；时间衰减半衰期=14天,0.5788536986447054
3746168,1549,2026-08-28 09:17:46,30,0x324563717b20e19e71c5440aff6c9762ccfc08cc,money_printer,N,50.0,1.2,0,0,,,0,,,0,,,0,,,0,,,,,0.0,,,样本不足，暂按来源分组权重；时间衰减半衰期=14天,0.0
3746169,1549,2026-08-28 09:17:46,30,0x32536c98f7fd6b47637452275a2297abcc4ff6ee,smart_money,N,50.0,1.4,0,0,,,0,,,0,,,0,,,0,,,,,0.0,,,样本不足，暂按来源分组权重；时间衰减半衰期=14天,0.0
3746170,1549,2026-08-28 09:17:46,30,0x325edd95bb016c36027ce3b9f7595af7094a9564,money_printer,N,50.0,1.2,7,6,0.493343050567828,0.5711992366630855,6,0.493343050567828,0.8755943866824787,0,,,0,,,0,,,0.9525319290448762,,0.0,2026-08-28 02:17:54,"PUMP,LIT,ZEC",样本不足，暂按来源分组权重；时间衰减半衰期=14天,4.794298177442668
3746171,1549,2026-08-28 09:17:46,30,0x3286cd2bd1b67afbcbb6988bebd50229120092e1,smart_money,N,50.0,1.4,9,9,0.0,0.0,9,0.0,0.0,9,0.0,0.0,0,,,0,,,0.0,,0.0,2026-08-17 23:16:53,UANSEM,样本不足，暂按来源分组权重；时间衰减半衰期=14天,5.179239009481259
3746172,1549,2026-08-28 09:17:46,30,0x329c787b163a730bd7900df2beb3ff4fe4670375,smart_money,N,50.0,1.4,4,4,0.3533184019041713,-2.1322457639110906,4,0.3533184019041713,0.9195399059756745,4,0.3533184019041713,-0.37300326108511245,2,0.0,0.1672080824141373,0,,,0.8733121672360276,,0.0,2026-08-20 09:17:04,NEKO,样本不足，暂按来源分组权重；时间衰减半衰期=14天,1.8389745303794236
3746173,1549,2026-08-28 09:17:46,30,0x32a501193fe8789b2093e03e698e5ca979c9cd92,money_printer,N,50.0,1.2,0,0,,,0,,,0,,,0,,,0,,,,,0.0,,,样本不足，暂按来源分组权重；时间衰减半衰期=14天,0.0
3746174,1549,2026-08-28 09:17:46,30,0x32dfc80aba2b7f2c5ad6b2f9a84cd615a6c380e8,smart_money,N,50.0,1.4,0,0,,,0,,,0,,,0,,,0,,,,,0.0,,,样本不足，暂按来源分组权重；时间衰减半衰期=14天,0.0
3746175,1549,2026-08-28 09:17:46,30,0x32ec8541bb748d7e23d3ec2f24cd06054c13a4ec,smart_money,N,50.0,1.4,0,0,,,0,,,0,,,0,,,0,,,,,0.0,,,样本不足，暂按来源分组权重；时间衰减半衰期=14天,0.0
3746176,1549,2026-08-28 09:17:46,30,0x33028909063fa394380434aa0382a6dc4cf9b41e,smart_money,N,50.0,1.4,0,0,,,0,,,0,,,0,,,0,,,,,0.0,,,样本不足，暂按来源分组权重；时间衰减半衰期=14天,0.0
3746177,1549,2026-08-28 09:17:46,30,0x334ebb44fd8fccb9112983247443dfae5e448887,smart_money,N,50.0,1.4,0,0,,,0,,,0,,,0,,,0,,,,,0.0,,,样本不足，暂按来源分组权重；时间衰减半衰期=14天,0.0
3746178,1549,2026-08-28 09:17:46,30,0x335f45392f8d87745aaae68f5c192849afd9b60e,money_printer,N,50.0,1.2,0,0,,,0,,,0,,,0,,,0,,,,,0.0,,,样本不足，暂按来源分组权重；时间衰减半衰期=14天,0.0
3746179,1549,2026-08-28 09:17:46,30,0x3384a7bee231690421fe8866904f2b971ffddaab,smart_money,N,50.0,1.4,0,0,,,0,,,0,,,0,,,0,,,,,0.0,,,样本不足，暂按来源分组权重；时间衰减半衰期=14天,0.0
3746180,1549,2026-08-28 09:17:46,30,0x33893d58f01e83b8b43fa8fcab85c0fa26c8d3ee,smart_money,N,50.0,1.4,0,0,,,0,,,0,,,0,,,0,,,,,0.0,,,样本不足，暂按来源分组权重；时间衰减半衰期=14天,0.0
3746181,1549,2026-08-28 09:17:46,30,0x339030695894d065719b8ee501459a467ef1388a,smart_money,N,50.0,1.4,0,0,,,0,,,0,,,0,,,0,,,,,0.0,,,样本不足，暂按来源分组权重；时间衰减半衰期=14天,0.0
3746182,1549,2026-08-28 09:17:46,30,0x33c3b8bcd758f511b350374a63e1f880f40e0282,smart_money,N,50.0,1.4,0,0,,,0,,,0,,,0,,,0,,,,,0.0,,,样本不足，暂按来源分组权重；时间衰减半衰期=14天,0.0
3746183,1549,2026-08-28 09:17:46,30,0x33cd83ca975dfe9fce7111eeb644f4fd0c558ad9,smart_money,N,50.0,1.4,0,0,,,0,,,0,,,0,,,0,,,,,0.0,,,样本不足，暂按来源分组权重；时间衰减半衰期=14天,0.0
3746184,1549,2026-08-28 09:17:46,30,0x342f5b2fd4f4a24eb212a2594ac48b13556a8e83,money_printer,N,50.0,1.2,0,0,,,0,,,0,,,0,,,0,,,,,0.0,,,样本不足，暂按来源分组权重；时间衰减半衰期=14天,0.0
3746185,1549,2026-08-28 09:17:46,30,0x34365f472a3af2ff8167970a519931437e2c2094,money_printer,N,50.0,1.2,0,0,,,0,,,0,,,0,,,0,,,,,0.0,,,样本不足，暂按来源分组权重；时间衰减半衰期=14天,0.0
3746186,1549,2026-08-28 09:17:46,30,0x3440f23a87f1950e7a88cd248fd270e92d1132c5,money_printer,N,50.0,1.2,1,1,0.0,-5.042589921924407,1,0.0,-12.57024317815305,1,0.0,-15.198812170984866,0,,,0,,,-12.570243178153051,,0.0,2026-08-19 20:17:16,HYPE,样本不足，暂按来源分组权重；时间衰减半衰期=14天,0.6551313763930755
3746187,1549,2026-08-28 09:17:46,30,0x34827044cbd4b808fc1b189fce9f50e6dafae7c9,smart_money,N,50.0,1.4,0,0,,,0,,,0,,,0,,,0,,,,,0.0,,,样本不足，暂按来源分组权重；时间衰减半衰期=14天,0.0
3746188,1549,2026-08-28 09:17:46,30,0x348bb306e6887d244450cbb9fd608e7f8d0a40b4,money_printer,N,50.0,1.2,0,0,,,0,,,0,,,0,,,0,,,,,0.0,,,样本不足，暂按来源分组权重；时间衰减半衰期=14天,0.0
3746189,1549,2026-08-28 09:17:46,30,0x348e5365acfa48a26ada7da840ca611e29c950ef,money_printer,N,50.0,1.2,0,0,,,0,,,0,,,0,,,0,,,,,0.0,,,样本不足，暂按来源分组权重；时间衰减半衰期=14天,0.0
3746190,1549,2026-08-28 09:17:46,30,0x349bd094209d50280dfaca12779576c748395c15,money_printer,N,50.0,1.2,0,0,,,0,,,0,,,0,,,0,,,,,0.0,,,样本不足，暂按来源分组权重；时间衰减半衰期=14天,0.0
3746191,1549,2026-08-28 09:17:46,30,0x349f8e8d1495341f520406997ebae476fcfebd06,smart_money,N,50.0,1.4,0,0,,,0,,,0,,,0,,,0,,,,,0.0,,,样本不足，暂按来源分组权重；时间衰减半衰期=14天,0.0
3746192,1549,2026-08-28 09:17:46,30,0x34c6d41c5f78f7ccdf1b05ef7cb7c868ac5a6b0c,smart_money,N,50.0,1.4,0,0,,,0,,,0,,,0,,,0,,,,,0.0,,,样本不足，暂按来源分组权重；时间衰减半衰期=14天,0.0
3746193,1549,2026-08-28 09:17:46,30,0x34d3e9b531d2bbdd4593777d2b6fdcea8a6b821f,money_printer,N,50.0,1.2,0,0,,,0,,,0,,,0,,,0,,,,,0.0,,,样本不足，暂按来源分组权重；时间衰减半衰期=14天,0.0
3746194,1549,2026-08-28 09:17:46,30,0x34fb5ec7d4e939161946340ea2a1f29254b893de,money_printer,N,50.0,1.2,2,2,0.0,-2.6068136753920386,2,0.0,-0.791952530530274,0,,,0,,,0,,,-0.7658421065470764,,0.0,2026-08-25 04:17:50,"ETH,BTC",样本不足，暂按来源分组权重；时间衰减半衰期=14天,1.5854555483241484
3746195,1549,2026-08-28 09:17:46,30,0x350e33a777d510616fbdb483d1de3b50d1edfcfb,money_printer,B,82.8588996037097,1.2,51,46,0.47209459710816076,0.9725360730639842,40,0.4983209398691678,0.869623251279484,22,0.509003539544024,1.7262601400760302,1,0.0,-0.316083098246529,0,,,0.9072026354872014,,0.0,2026-08-27 20:18:09,"HYPE,ETH,ZEC,BTC",B级：普通有效参考，主周期=7d；时间衰减半衰期=14天,32.99529500655402
3746196,1549,2026-08-28 09:17:46,30,0x351126a070c9cadef8064ddd7b2d289fc33163aa,smart_money,N,50.0,1.4,0,0,,,0,,,0,,,0,,,0,,,,,0.0,,,样本不足，暂按来源分组权重；时间衰减半衰期=14天,0.0
3746197,1549,2026-08-28 09:17:46,30,0x352deb23bebae8b4c57d0ae341d9c1951fd8425a,smart_money,N,50.0,1.4,0,0,,,0,,,0,,,0,,,0,,,,,0.0,,,样本不足，暂按来源分组权重；时间衰减半衰期=14天,0.0
3746198,1549,2026-08-28 09:17:46,30,0x353bd2e5da5f01707dfad0dd86907561ac66cc38,smart_money,N,50.0,1.4,0,0,,,0,,,0,,,0,,,0,,,,,0.0,,,样本不足，暂按来源分组权重；时间衰减半衰期=14天,0.0
3746199,1549,2026-08-28 09:17:46,30,0x3540077ea7c3234102eb3486e2bdfb2f27c50bf1,smart_money,N,50.0,1.4,0,0,,,0,,,0,,,0,,,0,,,,,0.0,,,样本不足，暂按来源分组权重；时间衰减半衰期=14天,0.0
3746200,1549,2026-08-28 09:17:46,30,0x354bcb431a332079950d2ce3a4698745e0f66425,smart_money,N,50.0,1.4,0,0,,,0,,,0,,,0,,,0,,,,,0.0,,,样本不足，暂按来源分组权重；时间衰减半衰期=14天,0.0
3746201,1549,2026-08-28 09:17:46,30,0x3595098878d3960158b77765f3b595228385d69a,money_printer,N,50.0,1.2,0,0,,,0,,,0,,,0,,,0,,,,,0.0,,,样本不足，暂按来源分组权重；时间衰减半衰期=14天,0.0
3746202,1549,2026-08-28 09:17:46,30,0x35a0e2776349c82407b0d70d7cb3cc5ceb31778d,smart_money,N,50.0,1.4,0,0,,,0,,,0,,,0,,,0,,,,,0.0,,,样本不足，暂按来源分组权重；时间衰减半衰期=14天,0.0
3746203,1549,2026-08-28 09:17:46,30,0x35af6c00f4be09af7219192cf54edb9892b31428,smart_money,N,50.0,1.4,0,0,,,0,,,0,,,0,,,0,,,,,0.0,,,样本不足，暂按来源分组权重；时间衰减半衰期=14天,0.0
3746204,1549,2026-08-28 09:17:46,30,0x35b7d824937e0767535c325512039191c214f5f4,smart_money,N,50.0,1.4,0,0,,,0,,,0,,,0,,,0,,,,,0.0,,,样本不足，暂按来源分组权重；时间衰减半衰期=14天,0.0
3746205,1549,2026-08-28 09:17:46,30,0x35c5c21decc15b99b9af370b3e97fd8e213bd29d,smart_money,N,50.0,1.4,0,0,,,0,,,0,,,0,,,0,,,,,0.0,,,样本不足，暂按来源分组权重；时间衰减半衰期=14天,0.0
3746206,1549,2026-08-28 09:17:46,30,0x35c60b52f146d971f2d7ed456c8f3d4893682a92,smart_money,N,50.0,1.4,0,0,,,0,,,0,,,0,,,0,,,,,0.0,,,样本不足，暂按来源分组权重；时间衰减半衰期=14天,0.0
3746207,1549,2026-08-28 09:17:46,30,0x35d1151ef1aab579cbb3109e69fa82f94ff5acb1,money_printer,N,50.0,1.2,0,0,,,0,,,0,,,0,,,0,,,,,0.0,,,样本不足，暂按来源分组权重；时间衰减半衰期=14天,0.0
3746208,1549,2026-08-28 09:17:46,30,0x35f13dc71426d4a429cf8bad69c4b39abbbf9896,smart_money,N,50.0,1.4,4,4,0.3533184019041713,-2.1322457639110906,4,0.3533184019041713,0.9195399059756745,4,0.3533184019041713,-0.37300326108511245,2,0.0,0.1672080824141373,0,,,0.8733121672360276,,0.0,2026-08-20 09:17:04,NEKO,样本不足，暂按来源分组权重；时间衰减半衰期=14天,1.8389745303794236
3746209,1549,2026-08-28 09:17:46,30,0x360537542135943e8fc1562199aea6d0017f104b,money_printer,N,50.0,1.2,0,0,,,0,,,0,,,0,,,0,,,,,0.0,,,样本不足，暂按来源分组权重；时间衰减半衰期=14天,0.0
3746210,1549,2026-08-28 09:17:46,30,0x36076e4bfad9624d7feba562326fdfa2063ede23,smart_money,N,50.0,1.4,0,0,,,0,,,0,,,0,,,0,,,,,0.0,,,样本不足，暂按来源分组权重；时间衰减半衰期=14天,0.0
3746211,1549,2026-08-28 09:17:46,30,0x362ad6209a5e904a5569f69884375809c5781d9f,smart_money,R,16.504062565831184,-1.4,17,15,0.10398392985424298,-2.7154525214342176,13,0.2293417759442339,-2.616216018846169,11,0.09228676043563623,-3.495937434168817,6,0.37603374526423794,2.2975934346849978,0,,,-2.018512316576374,,85.20161780364874,2026-08-27 15:17:55,"BTC,ZEC,ETH,SOL",反向钱包：7d方向胜率和平均收益偏差；时间衰减半衰期=14天,8.497352666411812
3746212,1549,2026-08-28 09:17:46,30,0x362c5006ed0a405c35df4a138cb38d891f1a1a20,smart_money,N,50.0,1.4,0,0,,,0,,,0,,,0,,,0,,,,,0.0,,,样本不足，暂按来源分组权重；时间衰减半衰期=14天,0.0
3746213,1549,2026-08-28 09:17:46,30,0x36387781e2564f8ac6d0a79154441f24d4c28cab,smart_money,N,50.0,1.4,0,0,,,0,,,0,,,0,,,0,,,,,0.0,,,样本不足，暂按来源分组权重；时间衰减半衰期=14天,0.0
3746214,1549,2026-08-28 09:17:46,30,0x365e0c115f1ca1adcb42fd21142873493df7f880,smart_money,N,50.0,1.4,0,0,,,0,,,0,,,0,,,0,,,,,0.0,,,样本不足，暂按来源分组权重；时间衰减半衰期=14天,0.0
3746215,1549,2026-08-28 09:17:46,30,0x3662dd1d493d1d3cf6a65cb8e4ce2bfb01f63b3c,money_printer,N,50.0,1.2,0,0,,,0,,,0,,,0,,,0,,,,,0.0,,,样本不足，暂按来源分组权重；时间衰减半衰期=14天,0.0
3746216,1549,2026-08-28 09:17:46,30,0x36715f6408819492c27c1a1538156af9a2bfe963,money_printer,C,30.37159178553019,0.66,10,10,0.0,-0.23158187721038498,10,0.12714030419975397,0.30461315275354395,8,0.31464217910992837,0.26529634546415,4,0.5123767438270082,0.26155117037244774,0,,,0.2254118513727815,,0.0,2026-08-24 22:17:53,BRIDGE,C级：噪音偏多，降权参考，主周期=72h；时间衰减半衰期=14天,5.515775959612948
3746217,1549,2026-08-28 09:17:46,30,0x36752718b4f769a6cfd6f552818f5911c8b649da,smart_money,N,50.0,1.4,0,0,,,0,,,0,,,0,,,0,,,,,0.0,,,样本不足，暂按来源分组权重；时间衰减半衰期=14天,0.0
3746218,1549,2026-08-28 09:17:46,30,0x367b98f500b7db1da1c9b1e7c2338f830823c097,smart_money,N,50.0,1.4,0,0,,,0,,,0,,,0,,,0,,,,,0.0,,,样本不足，暂按来源分组权重；时间衰减半衰期=14天,0.0
3746219,1549,2026-08-28 09:17:46,30,0x368fa5b8582c72ca0ecfbc8469f1cbc13c7e2162,smart_money,N,50.0,1.4,0,0,,,0,,,0,,,0,,,0,,,,,0.0,,,样本不足，暂按来源分组权重；时间衰减半衰期=14天,0.0
3746220,1549,2026-08-28 09:17:46,30,0x369daedbefcb30b82154338c8fd613a70c60d251,money_printer,N,50.0,1.2,0,0,,,0,,,0,,,0,,,0,,,,,0.0,,,样本不足，暂按来源分组权重；时间衰减半衰期=14天,0.0
3746221,1549,2026-08-28 09:17:46,30,0x36ac01de9bc76c0d744b38c3e13a0538d55c7568,money_printer,N,50.0,1.2,0,0,,,0,,,0,,,0,,,0,,,,,0.0,,,样本不足，暂按来源分组权重；时间衰减半衰期=14天,0.0
3746222,1549,2026-08-28 09:17:46,30,0x36c097864a03c7f0215c0d43165a734152a12e0b,smart_money,N,50.0,1.4,3,3,0.0,0.0,3,0.0,0.0,3,0.0,0.0,1,0.0,0.0,0,,,0.0,,0.0,2026-08-17 16:17:09,UANSEM,样本不足，暂按来源分组权重；时间衰减半衰期=14天,1.5023048036535362
3746223,1549,2026-08-28 09:17:46,30,0x36e6dab460411e402aed071915a21f5c2ff9f223,smart_money,N,50.0,1.4,0,0,,,0,,,0,,,0,,,0,,,,,0.0,,,样本不足，暂按来源分组权重；时间衰减半衰期=14天,0.0
3746224,1549,2026-08-28 09:17:46,30,0x36f5e448c9cf0032551e58919cf4eabefcd742c1,smart_money,N,50.0,1.4,0,0,,,0,,,0,,,0,,,0,,,,,0.0,,,样本不足，暂按来源分组权重；时间衰减半衰期=14天,0.0
3746225,1549,2026-08-28 09:17:46,30,0x36fbd89b5aa130b53708a98e729ad726daaf1f86,money_printer,N,50.0,1.2,0,0,,,0,,,0,,,0,,,0,,,,,0.0,,,样本不足，暂按来源分组权重；时间衰减半衰期=14天,0.0
3746226,1549,2026-08-28 09:17:46,30,0x37283486c96d2b9690cb9296292e6e354ceffb4b,smart_money,N,50.0,1.4,0,0,,,0,,,0,,,0,,,0,,,,,0.0,,,样本不足，暂按来源分组权重；时间衰减半衰期=14天,0.0
3746227,1549,2026-08-28 09:17:46,30,0x373753d4a354b34a23d04882a6ee64042f47a189,smart_money,N,50.0,1.4,0,0,,,0,,,0,,,0,,,0,,,,,0.0,,,样本不足，暂按来源分组权重；时间衰减半衰期=14天,0.0
3746228,1549,2026-08-28 09:17:46,30,0x37c9fe4d36d46a617539ccc67cc9d8f45ddd6a14,smart_money,N,50.0,1.4,0,0,,,0,,,0,,,0,,,0,,,,,0.0,,,样本不足，暂按来源分组权重；时间衰减半衰期=14天,0.0
3746229,1549,2026-08-28 09:17:46,30,0x37cdea0c9af695a5629a75e28a20724a98147918,money_printer,N,50.0,1.2,0,0,,,0,,,0,,,0,,,0,,,,,0.0,,,样本不足，暂按来源分组权重；时间衰减半衰期=14天,0.0
3746230,1549,2026-08-28 09:17:46,30,0x388855cd19e68891bf6eb081e969b7ee9ca1dcdd,smart_money,R,18.66447073713641,-1.4,32,24,0.01766036664999318,-1.3355292628635922,9,0.07784121694790896,-8.449400294966,8,0.0,0.30782120211080805,6,0.18825677843706756,1.3783142626343048,0,,,-4.495726538772581,,79.85857543890982,2026-08-27 23:17:54,UPUMP,反向钱包：24h方向胜率和平均收益偏差；时间衰减半衰期=14天,17.327304298291814
3746231,1549,2026-08-28 09:17:46,30,0x388d9e1ccaec74527f73f8c87b5928ba28c06c03,smart_money,N,50.0,1.4,0,0,,,0,,,0,,,0,,,0,,,,,0.0,,,样本不足，暂按来源分组权重；时间衰减半衰期=14天,0.0
3746232,1549,2026-08-28 09:17:46,30,0x3895d155b005191686476a39580d43258a518e46,smart_money,N,50.0,1.4,0,0,,,0,,,0,,,0,,,0,,,,,0.0,,,样本不足，暂按来源分组权重；时间衰减半衰期=14天,0.0
3746233,1549,2026-08-28 09:17:46,30,0x38ac9012a1be7bebd73d497d803f302fe274cda2,smart_money,N,50.0,1.4,0,0,,,0,,,0,,,0,,,0,,,,,0.0,,,样本不足，暂按来源分组权重；时间衰减半衰期=14天,0.0
3746234,1549,2026-08-28 09:17:46,30,0x38e481367e0c50f4166ad2a1c9fde0e3c662cfba,smart_money,N,50.0,1.4,0,0,,,0,,,0,,,0,,,0,,,,,0.0,,,样本不足，暂按来源分组权重；时间衰减半衰期=14天,0.0
3746235,1549,2026-08-28 09:17:46,30,0x39085c09de2350f6cad25cb664182791e6d6530a,smart_money,N,50.0,1.4,0,0,,,0,,,0,,,0,,,0,,,,,0.0,,,样本不足，暂按来源分组权重；时间衰减半衰期=14天,0.0
3746236,1549,2026-08-28 09:17:46,30,0x392b3aa013bca178ae7f466e12a879044cec0d92,smart_money,N,50.0,1.4,0,0,,,0,,,0,,,0,,,0,,,,,0.0,,,样本不足，暂按来源分组权重；时间衰减半衰期=14天,0.0
3746237,1549,2026-08-28 09:17:46,30,0x39475d17bcd20adc540e647dae6781b153fbf3b1,money_printer,R,13.108290985492461,-1.2,21,21,0.28075795466843606,-1.673749196020941,20,0.1672528409529618,-3.011929947724626,14,0.1688759554328097,-6.891709014507539,4,0.2545559201536855,-9.104701585390192,0,,,-3.0083482144799625,,79.97984713075044,2026-08-25 15:17:58,"ETH,BTC",反向钱包：7d方向胜率和平均收益偏差；时间衰减半衰期=14天,13.289022654630136
3746238,1549,2026-08-28 09:17:46,30,0x394845e570718bbe1654e84487b55c99b29adf3b,smart_money,N,50.0,1.4,0,0,,,0,,,0,,,0,,,0,,,,,0.0,,,样本不足，暂按来源分组权重；时间衰减半衰期=14天,0.0
3746239,1549,2026-08-28 09:17:46,30,0x39761615093bbd473af359068d075a2b03b99857,smart_money,N,50.0,1.4,0,0,,,0,,,0,,,0,,,0,,,,,0.0,,,样本不足，暂按来源分组权重；时间衰减半衰期=14天,0.0
3746240,1549,2026-08-28 09:17:46,30,0x3979bdf742ce46c9dcd570c70d2d6e88b87df0e9,smart_money,N,50.0,1.4,0,0,,,0,,,0,,,0,,,0,,,,,0.0,,,样本不足，暂按来源分组权重；时间衰减半衰期=14天,0.0
3746241,1549,2026-08-28 09:17:46,30,0x397a1e5049e06e30ebbf0e90a1724425eae3a85b,smart_money,N,50.0,1.4,0,0,,,0,,,0,,,0,,,0,,,,,0.0,,,样本不足，暂按来源分组权重；时间衰减半衰期=14天,0.0
3746242,1549,2026-08-28 09:17:46,30,0x399965e15d4e61ec3529cc98b7f7ebb93b733336,smart_money,N,50.0,1.4,2,1,0.0,0.0,1,0.0,0.0,1,0.0,0.0,0,,,0,,,0.0,,0.0,2026-08-27 17:17:53,"KNTQ,UPUMP",样本不足，暂按来源分组权重；时间衰减半衰期=14天,0.58848945079434
3746243,1549,2026-08-28 09:17:46,30,0x399d7adeecc4f5e83891d3ca03d588155765459d,money_printer,N,50.0,1.2,0,0,,,0,,,0,,,0,,,0,,,,,0.0,,,样本不足，暂按来源分组权重；时间衰减半衰期=14天,0.0
3746244,1549,2026-08-28 09:17:46,30,0x39a04e90140793ec048323284425cd2ff53480d6,smart_money,N,50.0,1.4,0,0,,,0,,,0,,,0,,,0,,,,,0.0,,,样本不足，暂按来源分组权重；时间衰减半衰期=14天,0.0
3746245,1549,2026-08-28 09:17:46,30,0x39b07015ca813075bbce6f475767d5b4b9d518b0,smart_money,N,50.0,1.4,1,1,1.0,5.988250900132647,1,1.0,3.0539680639917024,1,0.0,-3.0120782342439316,1,0.0,-60.52083021653053,0,,,3.053968063991702,,0.0,2026-08-10 17:17:01,ZEC,样本不足，暂按来源分组权重；时间衰减半衰期=14天,0.4169822956435515
3746246,1549,2026-08-28 09:17:46,30,0x39bac00809cae627f52e4a82f95f4f67d5b269bd,money_printer,N,50.0,1.2,0,0,,,0,,,0,,,0,,,0,,,,,0.0,,,样本不足，暂按来源分组权重；时间衰减半衰期=14天,0.0
3746247,1549,2026-08-28 09:17:46,30,0x39be8fad61f5fa0cdfa2fc97c30a59833f58705d,smart_money,N,50.0,1.4,0,0,,,0,,,0,,,0,,,0,,,,,0.0,,,样本不足，暂按来源分组权重；时间衰减半衰期=14天,0.0
3746248,1549,2026-08-28 09:17:46,30,0x39c3492e9171872eac6a99d9c0b6dbae5d4ae959,smart_money,N,50.0,1.4,0,0,,,0,,,0,,,0,,,0,,,,,0.0,,,样本不足，暂按来源分组权重；时间衰减半衰期=14天,0.0
3746249,1549,2026-08-28 09:17:46,30,0x3a0d3e46c87ab14986d71aaf55f665a9ff8ad197,smart_money,N,50.0,1.4,0,0,,,0,,,0,,,0,,,0,,,,,0.0,,,样本不足，暂按来源分组权重；时间衰减半衰期=14天,0.0
3746250,1549,2026-08-28 09:17:46,30,0x3a122449de235a40481689442271c0731b805d69,money_printer,N,50.0,1.2,0,0,,,0,,,0,,,0,,,0,,,,,0.0,,,样本不足，暂按来源分组权重；时间衰减半衰期=14天,0.0
3746251,1549,2026-08-28 09:17:46,30,0x3a316081b54eb22529fa983a9d048e229ab91aba,smart_money,N,50.0,1.4,0,0,,,0,,,0,,,0,,,0,,,,,0.0,,,样本不足，暂按来源分组权重；时间衰减半衰期=14天,0.0
3746252,1549,2026-08-28 09:17:46,30,0x3a35a3f97e9e317cebee6906d9232a9653e73d69,smart_money,N,50.0,1.4,0,0,,,0,,,0,,,0,,,0,,,,,0.0,,,样本不足，暂按来源分组权重；时间衰减半衰期=14天,0.0
3746253,1549,2026-08-28 09:17:46,30,0x3a44740a8c668afc6947a5c437ea073eb10b9b57,money_printer,N,50.0,1.2,0,0,,,0,,,0,,,0,,,0,,,,,0.0,,,样本不足，暂按来源分组权重；时间衰减半衰期=14天,0.0
3746254,1549,2026-08-28 09:17:46,30,0x3a732cb2ab4495ec52f1ca4c42b5f6b6c83ef6dd,smart_money,N,50.0,1.4,0,0,,,0,,,0,,,0,,,0,,,,,0.0,,,样本不足，暂按来源分组权重；时间衰减半衰期=14天,0.0
3746255,1549,2026-08-28 09:17:46,30,0x3a94ec43996178f7013988358f58baf18a4cc707,smart_money,C,30.37159178553019,0.77,10,10,0.0,-0.23158187721038498,10,0.12714030419975397,0.30461315275354395,8,0.31464217910992837,0.26529634546415,4,0.5123767438270082,0.26155117037244774,0,,,0.2254118513727815,,0.0,2026-08-24 22:17:53,BRIDGE,C级：噪音偏多，降权参考，主周期=72h；时间衰减半衰期=14天,5.515775959612948
3746256,1549,2026-08-28 09:17:46,30,0x3aacc9d745031ea9d4348242f227e35c8dfb434f,smart_money,N,50.0,1.4,0,0,,,0,,,0,,,0,,,0,,,,,0.0,,,样本不足，暂按来源分组权重；时间衰减半衰期=14天,0.0
3746257,1549,2026-08-28 09:17:46,30,0x3ab77725ac1ae06aff19d90a33c2a0fe126b7789,smart_money,C,58.8726746890487,0.77,21,21,0.19492899962991683,-1.2721834457041088,21,0.09164371795937339,-1.8414721866192563,21,0.17038550198636088,-1.7940136707309817,16,0.46007445333432245,0.4416992410741767,0,,,-1.3947079051415643,,0.0,2026-08-19 16:17:05,MAX,C级：噪音偏多，降权参考，主周期=15d；时间衰减半衰期=14天,8.775056527570635
3746258,1549,2026-08-28 09:17:46,30,0x3ac1440219d90a217b6178bcd5ecb4d536dd2f65,smart_money,N,50.0,1.4,0,0,,,0,,,0,,,0,,,0,,,,,0.0,,,样本不足，暂按来源分组权重；时间衰减半衰期=14天,0.0
3746259,1549,2026-08-28 09:17:46,30,0x3ac9b030594c1ef23a3e8fed9f62356b7bf98bf6,smart_money,N,50.0,1.4,0,0,,,0,,,0,,,0,,,0,,,,,0.0,,,样本不足，暂按来源分组权重；时间衰减半衰期=14天,0.0
3746260,1549,2026-08-28 09:17:46,30,0x3ad4cee90d0eb10769af8f3d8a58f9df39af45db,smart_money,N,50.0,1.4,0,0,,,0,,,0,,,0,,,0,,,,,0.0,,,样本不足，暂按来源分组权重；时间衰减半衰期=14天,0.0
3746261,1549,2026-08-28 09:17:46,30,0x3b11267dfc4b9ebe8427e8f557056b4b6ce98112,money_printer,N,50.0,1.2,0,0,,,0,,,0,,,0,,,0,,,,,0.0,,,样本不足，暂按来源分组权重；时间衰减半衰期=14天,0.0
3746262,1549,2026-08-28 09:17:46,30,0x3b2e0b95acd47d987c1abdf42967fd82d469bdbb,smart_money,N,50.0,1.4,0,0,,,0,,,0,,,0,,,0,,,,,0.0,,,样本不足，暂按来源分组权重；时间衰减半衰期=14天,0.0
3746263,1549,2026-08-28 09:17:46,30,0x3b3d9656b93d21729e15e0bc3566dd4fd1e5b464,smart_money,N,50.0,1.4,0,0,,,0,,,0,,,0,,,0,,,,,0.0,,,样本不足，暂按来源分组权重；时间衰减半衰期=14天,0.0
3746264,1549,2026-08-28 09:17:46,30,0x3b883b85fd41b81ef23b6041248bc6ac0b1c04a7,money_printer,B,84.99482340485375,1.2,10,10,0.46021459015659366,0.420745914587229,10,0.5100680127269979,1.774181967323594,8,0.40769590107640646,4.758292611555814,6,0.6838262347344211,13.560152143112193,0,,,1.3673677094476213,,0.0,2026-08-25 02:17:54,"XRP,SOL,HYPE,NEAR,ZEC",B级：普通有效参考，主周期=72h；时间衰减半衰期=14天,5.032348677746795
3746265,1549,2026-08-28 09:17:46,30,0x3bbe8e02f72b10c9698a6e4375b5a19e53fc5b40,smart_money,N,50.0,1.4,0,0,,,0,,,0,,,0,,,0,,,,,0.0,,,样本不足，暂按来源分组权重；时间衰减半衰期=14天,0.0
3746266,1549,2026-08-28 09:17:46,30,0x3bcae23e8c380dab4732e9a159c0456f12d866f3,money_printer,C,70.41235634742452,0.66,103,97,0.3267201328006096,-0.22365131219259746,83,0.28546894577795795,-0.11829318630197563,28,0.46865467804462557,0.06298497105625644,8,0.43182310154784037,1.840630906117987,1,1.0,29.24344413545754,-0.22661867735574193,29.24344413545754,0.0,2026-08-28 08:18:24,"ETH,BTC,HYPE,ZEC,ENA",C级：噪音偏多，降权参考，主周期=7d；时间衰减半衰期=14天,71.34350422001522
3746267,1549,2026-08-28 09:17:46,30,0x3be3a8613dc18554a73773a5bfb8e9819d360dc0,smart_money,N,50.0,1.4,0,0,,,0,,,0,,,0,,,0,,,,,0.0,,,样本不足，暂按来源分组权重；时间衰减半衰期=14天,0.0
3746268,1549,2026-08-28 09:17:46,30,0x3c165893deaaf04ac79f4f959594747b6ef77e92,smart_money,N,50.0,1.4,0,0,,,0,,,0,,,0,,,0,,,,,0.0,,,样本不足，暂按来源分组权重；时间衰减半衰期=14天,0.0
3746269,1549,2026-08-28 09:17:46,30,0x3c363e96d22c056d748f199fb728fc80d70e461a,money_printer,N,50.0,1.2,1,1,0.0,0.7513745734844333,1,1.0,4.541838304191776,0,,,0,,,0,,,4.541838304191776,,0.0,2026-08-21 20:17:06,BCH,样本不足，暂按来源分组权重；时间衰减半衰期=14天,0.7233195378441106
3746270,1549,2026-08-28 09:17:46,30,0x3c37dc9b5d4c60d404ec834987c106510d03442f,smart_money,N,50.0,1.4,0,0,,,0,,,0,,,0,,,0,,,,,0.0,,,样本不足，暂按来源分组权重；时间衰减半衰期=14天,0.0
3746271,1549,2026-08-28 09:17:46,30,0x3c516f085e94177eaf0bdfb5b5eb1ab71052d064,smart_money,N,50.0,1.4,2,2,0.0,0.0,2,0.0,0.0,2,0.0,0.1275362817516761,1,1.0,44.779909706546285,0,,,0.0,,0.0,2026-08-15 10:17:02,UPUMP,样本不足，暂按来源分组权重；时间衰减半衰期=14天,0.935758548054772
3746272,1549,2026-08-28 09:17:46,30,0x3c868417d2981ef278b8a01011487d7e80aee547,smart_money,N,50.0,1.4,0,0,,,0,,,0,,,0,,,0,,,,,0.0,,,样本不足，暂按来源分组权重；时间衰减半衰期=14天,0.0
3746273,1549,2026-08-28 09:17:46,30,0x3ca146d2692f61746a28fa926dc9d18086ce37c6,money_printer,N,50.0,1.2,0,0,,,0,,,0,,,0,,,0,,,,,0.0,,,样本不足，暂按来源分组权重；时间衰减半衰期=14天,0.0
3746274,1549,2026-08-28 09:17:46,30,0x3d2058581056aa9513869c8ae685794a4e1a0347,smart_money,N,50.0,1.4,0,0,,,0,,,0,,,0,,,0,,,,,0.0,,,样本不足，暂按来源分组权重；时间衰减半衰期=14天,0.0
3746275,1549,2026-08-28 09:17:46,30,0x3d4648e9dc896e86e92ebdb98a80cc294069b96d,money_printer,N,50.0,1.2,0,0,,,0,,,0,,,0,,,0,,,,,0.0,,,样本不足，暂按来源分组权重；时间衰减半衰期=14天,0.0
3746276,1549,2026-08-28 09:17:46,30,0x3d5f1ad033c4e7c6a6d433d50d694c488dcaebcf,smart_money,N,50.0,1.4,0,0,,,0,,,0,,,0,,,0,,,,,0.0,,,样本不足，暂按来源分组权重；时间衰减半衰期=14天,0.0
3746277,1549,2026-08-28 09:17:46,30,0x3d89bcea338f35edfaeb313b1c713978c6dceb14,smart_money,N,50.0,1.4,0,0,,,0,,,0,,,0,,,0,,,,,0.0,,,样本不足，暂按来源分组权重；时间衰减半衰期=14天,0.0
3746278,1549,2026-08-28 09:17:46,30,0x3da0af89bbb753754cc85af0658aab61cafefe82,smart_money,N,50.0,1.4,0,0,,,0,,,0,,,0,,,0,,,,,0.0,,,样本不足，暂按来源分组权重；时间衰减半衰期=14天,0.0
3746279,1549,2026-08-28 09:17:46,30,0x3daf7f1cfd1c289e9b2fb7abb2efbd39f77455d7,smart_money,N,50.0,1.4,0,0,,,0,,,0,,,0,,,0,,,,,0.0,,,样本不足，暂按来源分组权重；时间衰减半衰期=14天,0.0
3746280,1549,2026-08-28 09:17:46,30,0x3dc908374e11623d8eb9f07dfc7a2e5e803a54b0,money_printer,N,50.0,1.2,5,3,0.7293392742656526,-2.670979142348204,1,0.0,-29.06028561174497,1,0.0,-34.3251567025281,0,,,0,,,-29.06028561174497,,0.0,2026-08-27 10:17:52,"AAVE,PUMP,HYPE",样本不足，暂按来源分组权重；时间衰减半衰期=14天,2.3956399883395854
3746281,1549,2026-08-28 09:17:46,30,0x3dd02db82fce1f4ad2daec0694fc7ab81b0d9218,smart_money,N,50.0,1.4,0,0,,,0,,,0,,,0,,,0,,,,,0.0,,,样本不足，暂按来源分组权重；时间衰减半衰期=14天,0.0
3746282,1549,2026-08-28 09:17:46,30,0x3dd462347e7b42b5a3ea15132b677a4978af7a81,smart_money,N,50.0,1.4,0,0,,,0,,,0,,,0,,,0,,,,,0.0,,,样本不足，暂按来源分组权重；时间衰减半衰期=14天,0.0
3746283,1549,2026-08-28 09:17:46,30,0x3dda84d7ca629758ada7523a694702061538f906,smart_money,N,50.0,1.4,0,0,,,0,,,0,,,0,,,0,,,,,0.0,,,样本不足，暂按来源分组权重；时间衰减半衰期=14天,0.0
3746284,1549,2026-08-28 09:17:46,30,0x3e02519a47cef3d4464944c4815fad9e5837e767,money_printer,N,50.0,1.2,0,0,,,0,,,0,,,0,,,0,,,,,0.0,,,样本不足，暂按来源分组权重；时间衰减半衰期=14天,0.0
3746285,1549,2026-08-28 09:17:46,30,0x3e051c89cd06e6867ce98c758fcc665d2148e1bb,smart_money,N,50.0,1.4,0,0,,,0,,,0,,,0,,,0,,,,,0.0,,,样本不足，暂按来源分组权重；时间衰减半衰期=14天,0.0
3746286,1549,2026-08-28 09:17:46,30,0x3e10f2f45af8c7672cbd1535fc7ed8cb41a3d962,money_printer,N,50.0,1.2,0,0,,,0,,,0,,,0,,,0,,,,,0.0,,,样本不足，暂按来源分组权重；时间衰减半衰期=14天,0.0
3746287,1549,2026-08-28 09:17:46,30,0x3e252899d87a354e8bfa4bd8b62325549b5714da,smart_money,N,50.0,1.4,0,0,,,0,,,0,,,0,,,0,,,,,0.0,,,样本不足，暂按来源分组权重；时间衰减半衰期=14天,0.0
3746288,1549,2026-08-28 09:17:46,30,0x3e41a8fa0032d635f02201053f1a5aa2a6967c81,smart_money,N,50.0,1.4,2,2,0.0,-0.5502467403951186,2,0.0,-2.8871459663897387,2,0.0,-3.1794233117075352,1,0.0,-7.850607342993127,0,,,-4.618128475996489,,0.0,2026-08-18 10:16:59,"ZEC,UANSEM",样本不足，暂按来源分组权重；时间衰减半衰期=14天,0.8884763827588344
3746289,1549,2026-08-28 09:17:46,30,0x3e5dacb70247b57aca1d62b927c398ff05b7e570,money_printer,N,50.0,1.2,0,0,,,0,,,0,,,0,,,0,,,,,0.0,,,样本不足，暂按来源分组权重；时间衰减半衰期=14天,0.0
3746290,1549,2026-08-28 09:17:46,30,0x3e630436ff5d3b658788dc4d1521606f875573df,smart_money,N,50.0,1.4,0,0,,,0,,,0,,,0,,,0,,,,,0.0,,,样本不足，暂按来源分组权重；时间衰减半衰期=14天,0.0
3746291,1549,2026-08-28 09:17:46,30,0x3e6805e8694bb2b717a828c1bfa32df5d6580cc9,smart_money,N,50.0,1.4,0,0,,,0,,,0,,,0,,,0,,,,,0.0,,,样本不足，暂按来源分组权重；时间衰减半衰期=14天,0.0
3746292,1549,2026-08-28 09:17:46,30,0x3e781befd071c59d820725f70ce109298f750706,smart_money,N,50.0,1.4,0,0,,,0,,,0,,,0,,,0,,,,,0.0,,,样本不足，暂按来源分组权重；时间衰减半衰期=14天,0.0
3746293,1549,2026-08-28 09:17:46,30,0x3e7a0eca8b624b75034ad820fa291425f21f1589,money_printer,N,50.0,1.2,0,0,,,0,,,0,,,0,,,0,,,,,0.0,,,样本不足，暂按来源分组权重；时间衰减半衰期=14天,0.0
3746294,1549,2026-08-28 09:17:46,30,0x3e8734ec146c981e3ed1f6b582d447dde701d90c,smart_money,N,50.0,1.4,0,0,,,0,,,0,,,0,,,0,,,,,0.0,,,样本不足，暂按来源分组权重；时间衰减半衰期=14天,0.0
3746295,1549,2026-08-28 09:17:46,30,0x3ee505ba316879d246a8fd2b3d7ee63b51b44fab,money_printer,N,50.0,1.2,2,2,0.0,-3.8755673216765634,2,0.5216511695069334,0.11145682373544306,0,,,0,,,0,,,-0.25383999996692097,,0.0,2026-08-23 13:17:43,"LIT,AAVE",样本不足，暂按来源分组权重；时间衰减半衰期=14天,1.5090097495232635
3746296,1549,2026-08-28 09:17:46,30,0x3f1647d33707830e088e9cb6aa791017a1dfdf84,smart_money,N,50.0,1.4,0,0,,,0,,,0,,,0,,,0,,,,,0.0,,,样本不足，暂按来源分组权重；时间衰减半衰期=14天,0.0
3746297,1549,2026-08-28 09:17:46,30,0x3f1c0f2130158c4ff45acd214fd81b37441a9ab5,smart_money,N,50.0,1.4,0,0,,,0,,,0,,,0,,,0,,,,,0.0,,,样本不足，暂按来源分组权重；时间衰减半衰期=14天,0.0
3746298,1549,2026-08-28 09:17:46,30,0x3f418869b5086023b1f2826dcf6c15ea5fdd321c,smart_money,N,50.0,1.4,0,0,,,0,,,0,,,0,,,0,,,,,0.0,,,样本不足，暂按来源分组权重；时间衰减半衰期=14天,0.0
3746299,1549,2026-08-28 09:17:46,30,0x3f7bac9e92818ed337685f55dfb627ef48c28027,money_printer,N,50.0,1.2,0,0,,,0,,,0,,,0,,,0,,,,,0.0,,,样本不足，暂按来源分组权重；时间衰减半衰期=14天,0.0
3746300,1549,2026-08-28 09:17:46,30,0x3faf35a220e0d6a3bc3cce4ca54454aba68cfd6a,smart_money,N,50.0,1.4,0,0,,,0,,,0,,,0,,,0,,,,,0.0,,,样本不足，暂按来源分组权重；时间衰减半衰期=14天,0.0
3746301,1549,2026-08-28 09:17:46,30,0x3fb5da839710949169d716d95800ff6316b3286f,smart_money,N,50.0,1.4,0,0,,,0,,,0,,,0,,,0,,,,,0.0,,,样本不足，暂按来源分组权重；时间衰减半衰期=14天,0.0
3746302,1549,2026-08-28 09:17:46,30,0x3fc56e944aa7b1594c85861b2d46a07f82a2c0c1,money_printer,N,50.0,1.2,0,0,,,0,,,0,,,0,,,0,,,,,0.0,,,样本不足，暂按来源分组权重；时间衰减半衰期=14天,0.0
3746303,1549,2026-08-28 09:17:46,30,0x3fe1303b746bb9c88b30f364a6394261b4692943,money_printer,N,50.0,1.2,0,0,,,0,,,0,,,0,,,0,,,,,0.0,,,样本不足，暂按来源分组权重；时间衰减半衰期=14天,0.0
3746304,1549,2026-08-28 09:17:46,30,0x3ff54fd26855db3758d0b5ae7aed47440c47f705,money_printer,N,50.0,1.2,7,7,0.33315159736442174,-0.4248337606754544,5,0.0,-3.658838323968661,2,0.0,-9.053973493815983,1,0.0,0.5681595855408864,0,,,-2.969487855718689,,0.0,2026-08-25 21:18:07,BTC,样本不足，暂按来源分组权重；时间衰减半衰期=14天,4.8359628835861495
3746305,1549,2026-08-28 09:17:46,30,0x3ff73eae520b053e82449eda5c9cf719c38aa48c,money_printer,N,50.0,1.2,0,0,,,0,,,0,,,0,,,0,,,,,0.0,,,样本不足，暂按来源分组权重；时间衰减半衰期=14天,0.0
3746306,1549,2026-08-28 09:17:46,30,0x4016f161f022cbeb49b2932cb0bc9c92ded5acb6,money_printer,N,50.0,1.2,0,0,,,0,,,0,,,0,,,0,,,,,0.0,,,样本不足，暂按来源分组权重；时间衰减半衰期=14天,0.0
3746307,1549,2026-08-28 09:17:46,30,0x402cf0cac36c6faa342b8379d77111e158fe75d0,smart_money,N,50.0,1.4,0,0,,,0,,,0,,,0,,,0,,,,,0.0,,,样本不足，暂按来源分组权重；时间衰减半衰期=14天,0.0
3746308,1549,2026-08-28 09:17:46,30,0x404ca2035b37bf2e83505134ebcf8d03babb5f03,money_printer,N,50.0,1.2,0,0,,,0,,,0,,,0,,,0,,,,,0.0,,,样本不足，暂按来源分组权重；时间衰减半衰期=14天,0.0
3746309,1549,2026-08-28 09:17:46,30,0x4058fc96c3477729095901ef3f888be60247757b,smart_money,N,50.0,1.4,0,0,,,0,,,0,,,0,,,0,,,,,0.0,,,样本不足，暂按来源分组权重；时间衰减半衰期=14天,0.0
3746310,1549,2026-08-28 09:17:46,30,0x406073860818ecfb7dca0706a6bac73faa95bd3e,money_printer,N,50.0,1.2,0,0,,,0,,,0,,,0,,,0,,,,,0.0,,,样本不足，暂按来源分组权重；时间衰减半衰期=14天,0.0
3746311,1549,2026-08-28 09:17:46,30,0x407c578cc7c27d8df36633cd0a2531c14aa1ccd5,smart_money,N,50.0,1.4,0,0,,,0,,,0,,,0,,,0,,,,,0.0,,,样本不足，暂按来源分组权重；时间衰减半衰期=14天,0.0
3746312,1549,2026-08-28 09:17:46,30,0x408d807d1dbb778f59a9c088e56d4c27bdd362ac,smart_money,N,50.0,1.4,3,3,0.30072562531385855,0.3537654676821044,3,0.0,-1.3629980229051057,3,0.0,0.9608758934617578,3,0.0,-2.9066511513969324,0,,,-1.369959063869901,,0.0,2026-08-04 18:16:56,BTC,样本不足，暂按来源分组权重；时间衰减半衰期=14天,0.771800241881347
3746313,1549,2026-08-28 09:17:46,30,0x4094ec1d7352b451e9b3d07ce4ed836331103960,smart_money,N,50.0,1.4,0,0,,,0,,,0,,,0,,,0,,,,,0.0,,,样本不足，暂按来源分组权重；时间衰减半衰期=14天,0.0
3746314,1549,2026-08-28 09:17:46,30,0x4099d1765fe640154a47d33ad58efd9ed12e50c8,smart_money,N,50.0,1.4,0,0,,,0,,,0,,,0,,,0,,,,,0.0,,,样本不足，暂按来源分组权重；时间衰减半衰期=14天,0.0
3746315,1549,2026-08-28 09:17:46,30,0x40c06ddd4f66e9f55ecdc9c742a2073e280ddeae,smart_money,N,50.0,1.4,0,0,,,0,,,0,,,0,,,0,,,,,0.0,,,样本不足，暂按来源分组权重；时间衰减半衰期=14天,0.0
3746316,1549,2026-08-28 09:17:46,30,0x40d213f8be646562af3e9d8ec8b42847391a2a73,money_printer,N,50.0,1.2,0,0,,,0,,,0,,,0,,,0,,,,,0.0,,,样本不足，暂按来源分组权重；时间衰减半衰期=14天,0.0
3746317,1549,2026-08-28 09:17:46,30,0x40e494cdd7f6ee95449e06a74b767fb93c3623c5,smart_money,N,50.0,1.4,0,0,,,0,,,0,,,0,,,0,,,,,0.0,,,样本不足，暂按来源分组权重；时间衰减半衰期=14天,0.0
3746318,1549,2026-08-28 09:17:46,30,0x40ebad3d5648f1e542376c0e7152bd4018c9ce35,smart_money,N,50.0,1.4,0,0,,,0,,,0,,,0,,,0,,,,,0.0,,,样本不足，暂按来源分组权重；时间衰减半衰期=14天,0.0
3746319,1549,2026-08-28 09:17:46,30,0x40f6b6909659d3c76413e613fa8a2c5100bca864,smart_money,N,50.0,1.4,0,0,,,0,,,0,,,0,,,0,,,,,0.0,,,样本不足，暂按来源分组权重；时间衰减半衰期=14天,0.0
3746320,1549,2026-08-28 09:17:46,30,0x40fa3e3a2f6d025a99d9f7706a0aa1769cf04de2,money_printer,N,50.0,1.2,0,0,,,0,,,0,,,0,,,0,,,,,0.0,,,样本不足，暂按来源分组权重；时间衰减半衰期=14天,0.0
3746321,1549,2026-08-28 09:17:46,30,0x40fb8cab1c759e43bce58efc8fc9e948645488a7,smart_money,N,50.0,1.4,0,0,,,0,,,0,,,0,,,0,,,,,0.0,,,样本不足，暂按来源分组权重；时间衰减半衰期=14天,0.0
3746322,1549,2026-08-28 09:17:46,30,0x4101ce19ee81f24da894976e585f1e79119dbd93,smart_money,N,50.0,1.4,0,0,,,0,,,0,,,0,,,0,,,,,0.0,,,样本不足，暂按来源分组权重；时间衰减半衰期=14天,0.0
3746323,1549,2026-08-28 09:17:46,30,0x4112f219d4f9ea0890b5eb9b915b15521363fddf,smart_money,N,50.0,1.4,0,0,,,0,,,0,,,0,,,0,,,,,0.0,,,样本不足，暂按来源分组权重；时间衰减半衰期=14天,0.0
3746324,1549,2026-08-28 09:17:46,30,0x41206f8efb51e5039e5b46e04e7866a4849f72d2,money_printer,N,50.0,1.2,0,0,,,0,,,0,,,0,,,0,,,,,0.0,,,样本不足，暂按来源分组权重；时间衰减半衰期=14天,0.0
3746325,1549,2026-08-28 09:17:46,30,0x413c7a0a3489563350219bc96965a7da02f0fffc,smart_money,N,50.0,1.4,0,0,,,0,,,0,,,0,,,0,,,,,0.0,,,样本不足，暂按来源分组权重；时间衰减半衰期=14天,0.0
3746326,1549,2026-08-28 09:17:46,30,0x41829013ce94b21131b68d5a7b0247bd4eefce96,smart_money,N,50.0,1.4,0,0,,,0,,,0,,,0,,,0,,,,,0.0,,,样本不足，暂按来源分组权重；时间衰减半衰期=14天,0.0
3746327,1549,2026-08-28 09:17:46,30,0x418aa6bf98a2b2bc93779f810330d88cde488888,money_printer,N,50.0,1.2,2,2,0.7303514715325993,12.864868884368326,2,0.7303514715325993,18.237377330419818,2,0.7303514715325993,19.756266080641048,1,0.0,-2.6836694376225045,0,,,11.766957558068185,,0.0,2026-08-19 14:17:11,"BTC,ETH",样本不足，暂按来源分组权重；时间衰减半衰期=14天,0.8859714172176804
3746328,1549,2026-08-28 09:17:46,30,0x4196dc4a1dc7d3bfd5434adf04c829f4ccaf480d,money_printer,N,50.0,1.2,11,6,0.3302342675950759,-0.7201025168388117,5,0.0,-0.5721163386971818,1,0.0,-1.6634572049002383,0,,,0,,,-0.6038650461667856,,0.0,2026-08-28 05:17:49,MAX,样本不足，暂按来源分组权重；时间衰减半衰期=14天,4.7137408199418545
3746329,1549,2026-08-28 09:17:46,30,0x41f9ae0b64a0ec4adc788ee5c82d4b824f839017,smart_money,N,50.0,1.4,0,0,,,0,,,0,,,0,,,0,,,,,0.0,,,样本不足，暂按来源分组权重；时间衰减半衰期=14天,0.0
3746330,1549,2026-08-28 09:17:46,30,0x4208020376ed59106cbd45434a3919714bc3a722,smart_money,N,50.0,1.4,0,0,,,0,,,0,,,0,,,0,,,,,0.0,,,样本不足，暂按来源分组权重；时间衰减半衰期=14天,0.0
3746331,1549,2026-08-28 09:17:46,30,0x420ab45e0bd8863569a5efbb9c05d91f40624641,smart_money,N,50.0,1.4,0,0,,,0,,,0,,,0,,,0,,,,,0.0,,,样本不足，暂按来源分组权重；时间衰减半衰期=14天,0.0
3746332,1549,2026-08-28 09:17:46,30,0x4221ae35dd1c468fea6fa034ffcd6360100f0eaa,smart_money,N,50.0,1.4,0,0,,,0,,,0,,,0,,,0,,,,,0.0,,,样本不足，暂按来源分组权重；时间衰减半衰期=14天,0.0
3746333,1549,2026-08-28 09:17:46,30,0x422f1f07f40f11bac71db4f520dd0ea1ff20f2c4,money_printer,N,50.0,1.2,0,0,,,0,,,0,,,0,,,0,,,,,0.0,,,样本不足，暂按来源分组权重；时间衰减半衰期=14天,0.0
3746334,1549,2026-08-28 09:17:46,30,0x42351635d3e18bebbed4d119da64607d765ae877,smart_money,N,50.0,1.4,4,4,0.3533184019041713,-2.1322457639110906,4,0.3533184019041713,0.9195399059756745,4,0.3533184019041713,-0.37300326108511245,2,0.0,0.1672080824141373,0,,,0.8733121672360276,,0.0,2026-08-20 09:17:04,NEKO,样本不足，暂按来源分组权重；时间衰减半衰期=14天,1.8389745303794236
3746335,1549,2026-08-28 09:17:46,30,0x427070e33d630b0476bedba5d53db224913eb946,smart_money,N,50.0,1.4,8,8,0.0,0.0,5,0.0,0.0,0,,,0,,,0,,,0.0,,0.0,2026-08-26 14:17:57,KNTQ,样本不足，暂按来源分组权重；时间衰减半衰期=14天,6.945374843633615
3746336,1549,2026-08-28 09:17:46,30,0x4281922345d503589ac331a2cae1e48368cc3f94,smart_money,N,50.0,1.4,0,0,,,0,,,0,,,0,,,0,,,,,0.0,,,样本不足，暂按来源分组权重；时间衰减半衰期=14天,0.0
3746337,1549,2026-08-28 09:17:46,30,0x42b6d907f36255d48f70db8b4a2684088a162634,money_printer,N,50.0,1.2,0,0,,,0,,,0,,,0,,,0,,,,,0.0,,,样本不足，暂按来源分组权重；时间衰减半衰期=14天,0.0
3746338,1549,2026-08-28 09:17:46,30,0x42bc06d636e9a9a93edb1ddf781ee97821a73946,smart_money,N,50.0,1.4,0,0,,,0,,,0,,,0,,,0,,,,,0.0,,,样本不足，暂按来源分组权重；时间衰减半衰期=14天,0.0
3746339,1549,2026-08-28 09:17:46,30,0x42fd5648cf21c158d15e4f58785760755b3f6623,smart_money,N,50.0,1.4,6,6,0.31385754015511985,-1.7500852059546166,5,0.40024644537814713,-1.3085688405828715,5,0.40024644537814713,-1.1110173908609196,0,,,0,,,-1.3127600292954296,,0.0,2026-08-27 08:17:47,"MAX,HYPE",样本不足，暂按来源分组权重；时间衰减半衰期=14天,4.400192707583485
3746340,1549,2026-08-28 09:17:46,30,0x430f09841d65beb3f27765503d0f850b8bce7713,money_printer,N,50.0,1.2,0,0,,,0,,,0,,,0,,,0,,,,,0.0,,,样本不足，暂按来源分组权重；时间衰减半衰期=14天,0.0
3746341,1549,2026-08-28 09:17:46,30,0x431e6a452b01124374c0ab913614cb4fbf462958,smart_money,N,50.0,1.4,0,0,,,0,,,0,,,0,,,0,,,,,0.0,,,样本不足，暂按来源分组权重；时间衰减半衰期=14天,0.0
3746342,1549,2026-08-28 09:17:46,30,0x435ea5582e97b68468fd1e8472b230037cf38003,smart_money,N,50.0,1.4,0,0,,,0,,,0,,,0,,,0,,,,,0.0,,,样本不足，暂按来源分组权重；时间衰减半衰期=14天,0.0
3746343,1549,2026-08-28 09:17:46,30,0x439ae37721c7436a64d933fd5f082525845ca848,smart_money,N,50.0,1.4,0,0,,,0,,,0,,,0,,,0,,,,,0.0,,,样本不足，暂按来源分组权重；时间衰减半衰期=14天,0.0
3746344,1549,2026-08-28 09:17:46,30,0x439b5e3b9af606327558add370197d3a7c492d7b,smart_money,N,50.0,1.4,0,0,,,0,,,0,,,0,,,0,,,,,0.0,,,样本不足，暂按来源分组权重；时间衰减半衰期=14天,0.0
3746345,1549,2026-08-28 09:17:46,30,0x43b29051e7b4ce9fcbc893aa6bd07c32df7399f9,money_printer,N,50.0,1.2,0,0,,,0,,,0,,,0,,,0,,,,,0.0,,,样本不足，暂按来源分组权重；时间衰减半衰期=14天,0.0
3746346,1549,2026-08-28 09:17:46,30,0x43c63ea7775a4f7ee93fcdd096f4ff92a9fe4054,smart_money,N,50.0,1.4,0,0,,,0,,,0,,,0,,,0,,,,,0.0,,,样本不足，暂按来源分组权重；时间衰减半衰期=14天,0.0
3746347,1549,2026-08-28 09:17:46,30,0x441c564b6fe734e889bf40f426d7d588e3bdbbbd,money_printer,N,50.0,1.2,0,0,,,0,,,0,,,0,,,0,,,,,0.0,,,样本不足，暂按来源分组权重；时间衰减半衰期=14天,0.0
3746348,1549,2026-08-28 09:17:46,30,0x4430bd573cb9a4eb33e61ece030ad6e5edaa0476,smart_money,N,50.0,1.4,0,0,,,0,,,0,,,0,,,0,,,,,0.0,,,样本不足，暂按来源分组权重；时间衰减半衰期=14天,0.0
3746349,1549,2026-08-28 09:17:46,30,0x44327a330aa2343e88fe3d6a5f93de42d7404e8f,smart_money,N,50.0,1.4,0,0,,,0,,,0,,,0,,,0,,,,,0.0,,,样本不足，暂按来源分组权重；时间衰减半衰期=14天,0.0
3746350,1549,2026-08-28 09:17:46,30,0x44871d62caaeb8b91777be8aae0e23ee68b4c92d,money_printer,N,50.0,1.2,6,6,0.33418397003293226,0.3100114860949976,3,0.0,-4.1820965095744285,0,,,0,,,0,,,-4.197415745623906,,0.0,2026-08-26 22:17:51,ETH,样本不足，暂按来源分组权重；时间衰减半衰期=14天,4.853561882514488
3746351,1549,2026-08-28 09:17:46,30,0x449c736640a876685819c021896fe2e905906997,smart_money,N,50.0,1.4,0,0,,,0,,,0,,,0,,,0,,,,,0.0,,,样本不足，暂按来源分组权重；时间衰减半衰期=14天,0.0
3746352,1549,2026-08-28 09:17:46,30,0x44a3e107c375c1abfa28c1ac5e92bc85f0b435dd,smart_money,N,50.0,1.4,0,0,,,0,,,0,,,0,,,0,,,,,0.0,,,样本不足，暂按来源分组权重；时间衰减半衰期=14天,0.0
3746353,1549,2026-08-28 09:17:46,30,0x44a709e254ac9f54bbd37a1d6388da5ddcb57c7a,smart_money,N,50.0,1.4,0,0,,,0,,,0,,,0,,,0,,,,,0.0,,,样本不足，暂按来源分组权重；时间衰减半衰期=14天,0.0
3746354,1549,2026-08-28 09:17:46,30,0x44a8d1f9a16ce315f6ee224887b0ac79a60fc770,money_printer,N,50.0,1.2,0,0,,,0,,,0,,,0,,,0,,,,,0.0,,,样本不足，暂按来源分组权重；时间衰减半衰期=14天,0.0
3746355,1549,2026-08-28 09:17:46,30,0x44ade5b0c1131eef7b58525e8be12ddf9f797abb,money_printer,N,50.0,1.2,0,0,,,0,,,0,,,0,,,0,,,,,0.0,,,样本不足，暂按来源分组权重；时间衰减半衰期=14天,0.0
3746356,1549,2026-08-28 09:17:46,30,0x44c9c226cdfae773002b3f86d3966af3cd8f277c,money_printer,N,50.0,1.2,0,0,,,0,,,0,,,0,,,0,,,,,0.0,,,样本不足，暂按来源分组权重；时间衰减半衰期=14天,0.0
3746357,1549,2026-08-28 09:17:46,30,0x44f3abaf092be39d7bd6ebcabe4d3cdd3d804c1f,smart_money,N,50.0,1.4,0,0,,,0,,,0,,,0,,,0,,,,,0.0,,,样本不足，暂按来源分组权重；时间衰减半衰期=14天,0.0
3746358,1549,2026-08-28 09:17:46,30,0x44f4f40d7c82447b2d23c2e537703016874ffab0,smart_money,N,50.0,1.4,0,0,,,0,,,0,,,0,,,0,,,,,0.0,,,样本不足，暂按来源分组权重；时间衰减半衰期=14天,0.0
3746359,1549,2026-08-28 09:17:46,30,0x45246498353a9e3ca808b67567e238865350fc10,smart_money,N,50.0,1.4,0,0,,,0,,,0,,,0,,,0,,,,,0.0,,,样本不足，暂按来源分组权重；时间衰减半衰期=14天,0.0
3746360,1549,2026-08-28 09:17:46,30,0x4537e1a5b7bcadd39f6d6211cb757ce431798732,smart_money,C,59.813579442062284,0.77,31,27,0.348598514089754,-1.7272078366786967,22,0.48932964626705555,-0.5634645785027947,9,0.13304452683678744,-1.9978986946437804,6,0.5092995858939136,0.9142353217133505,0,,,-0.5629646143954683,,0.0,2026-08-28 03:17:51,XRP,C级：噪音偏多，降权参考，主周期=72h；时间衰减半衰期=14天,18.757191783533997
3746361,1549,2026-08-28 09:17:46,30,0x4583f9b7a06ab8b5b7b4a7dd27e774356015d406,money_printer,N,50.0,1.2,0,0,,,0,,,0,,,0,,,0,,,,,0.0,,,样本不足，暂按来源分组权重；时间衰减半衰期=14天,0.0
3746362,1549,2026-08-28 09:17:46,30,0x4588595ee0047982cd5ca4a82ab69c3174fbc832,smart_money,N,50.0,1.4,0,0,,,0,,,0,,,0,,,0,,,,,0.0,,,样本不足，暂按来源分组权重；时间衰减半衰期=14天,0.0
3746363,1549,2026-08-28 09:17:46,30,0x459714ce7e445bf6eba30e9b97d77be4ca027201,money_printer,N,50.0,1.2,0,0,,,0,,,0,,,0,,,0,,,,,0.0,,,样本不足，暂按来源分组权重；时间衰减半衰期=14天,0.0
3746364,1549,2026-08-28 09:17:46,30,0x45974824c1c4e4d797aa8d057a5499b46cdefe33,money_printer,N,50.0,1.2,4,4,0.3533184019041713,-2.1322457639110906,4,0.3533184019041713,0.9195399059756745,4,0.3533184019041713,-0.37300326108511245,2,0.0,0.1672080824141373,0,,,0.8733121672360276,,0.0,2026-08-20 09:17:04,NEKO,样本不足，暂按来源分组权重；时间衰减半衰期=14天,1.8389745303794236
3746365,1549,2026-08-28 09:17:46,30,0x45b440e5992994caf591bd5fa4ff4a471a531b00,smart_money,N,50.0,1.4,0,0,,,0,,,0,,,0,,,0,,,,,0.0,,,样本不足，暂按来源分组权重；时间衰减半衰期=14天,0.0
3746366,1549,2026-08-28 09:17:46,30,0x45d26f28196d226497130c4bac709d808fed4029,money_printer,R,18.239234593804838,-1.2,17,17,0.23369872642698547,-3.225185956296793,17,0.30045342828022037,-1.7607654061951636,1,0.0,-21.91887675507019,0,,,0,,,-1.9073330967690576,,38.013574724726055,2026-08-22 20:17:48,"PUMP,XRP,ZEC,ETH,LINK",反向钱包：72h方向胜率和平均收益偏差；时间衰减半衰期=14天,12.51520488536853
3746367,1549,2026-08-28 09:17:46,30,0x45ffe9ad0793c732578966bae4199b92ffabff5f,smart_money,N,50.0,1.4,0,0,,,0,,,0,,,0,,,0,,,,,0.0,,,样本不足，暂按来源分组权重；时间衰减半衰期=14天,0.0
3746368,1549,2026-08-28 09:17:46,30,0x4603444ec777fc3e783d157bc871f6bc04baf161,smart_money,N,50.0,1.4,0,0,,,0,,,0,,,0,,,0,,,,,0.0,,,样本不足，暂按来源分组权重；时间衰减半衰期=14天,0.0
3746369,1549,2026-08-28 09:17:46,30,0x461a98d8776fd02df0e29f5713dbf9e5278ce676,smart_money,N,50.0,1.4,0,0,,,0,,,0,,,0,,,0,,,,,0.0,,,样本不足，暂按来源分组权重；时间衰减半衰期=14天,0.0
3746370,1549,2026-08-28 09:17:46,30,0x461cc78cc9ddd66b0778aea759bdf0866a5ad2f2,smart_money,C,71.28970669741314,0.77,27,21,0.44737197139139,0.9994633526200084,18,0.5014134559269334,1.8031138518784988,10,0.42724259547770566,9.491387911417542,8,0.14743487139500666,-20.148936374924517,0,,,1.5964797364007923,,0.0,2026-08-28 03:17:51,"ZEC,TAO,BTC",C级：噪音偏多，降权参考，主周期=7d；时间衰减半衰期=14天,12.988190234629604
3746371,1549,2026-08-28 09:17:46,30,0x46459033061d58df4742a35f63e9ec6aff5acf7d,smart_money,N,50.0,1.4,0,0,,,0,,,0,,,0,,,0,,,,,0.0,,,样本不足，暂按来源分组权重；时间衰减半衰期=14天,0.0
3746372,1549,2026-08-28 09:17:46,30,0x46921f6961bdb411b756c9712f6bdb58fbd9164f,smart_money,N,50.0,1.4,0,0,,,0,,,0,,,0,,,0,,,,,0.0,,,样本不足，暂按来源分组权重；时间衰减半衰期=14天,0.0
3746373,1549,2026-08-28 09:17:46,30,0x4692441b5a9e26a690eea6d2f36139679add737b,smart_money,N,50.0,1.4,0,0,,,0,,,0,,,0,,,0,,,,,0.0,,,样本不足，暂按来源分组权重；时间衰减半衰期=14天,0.0
3746374,1549,2026-08-28 09:17:46,30,0x469e9a7f624b04c24f0e64edf8d8a277e6bf58a5,money_printer,R,11.16330675670554,-1.2,82,77,0.4553993565954153,0.5082553413799165,68,0.3738110460279285,1.471487504283562,48,0.39246709657107015,0.4696928513204624,24,0.1531620722914333,-8.83669324329446,0,,,1.0508134094682906,,82.49406843337067,2026-08-27 21:17:50,"ETH,BTC,HYPE,XRP,PUMP",反向钱包：15d方向胜率和平均收益偏差；时间衰减半衰期=14天,46.587937287085545
3746375,1549,2026-08-28 09:17:46,30,0x46aaf7c9cde1c76d910fd7720458e217aeb09c98,smart_money,N,50.0,1.4,0,0,,,0,,,0,,,0,,,0,,,,,0.0,,,样本不足，暂按来源分组权重；时间衰减半衰期=14天,0.0
3746376,1549,2026-08-28 09:17:46,30,0x470a063ae0e2edb2b8029fd44b702ad7be6585c9,smart_money,N,50.0,1.4,0,0,,,0,,,0,,,0,,,0,,,,,0.0,,,样本不足，暂按来源分组权重；时间衰减半衰期=14天,0.0
3746377,1549,2026-08-28 09:17:46,30,0x474e2cb1aac71f66d0aa7adb0cd92c919f842fe4,smart_money,N,50.0,1.4,0,0,,,0,,,0,,,0,,,0,,,,,0.0,,,样本不足，暂按来源分组权重；时间衰减半衰期=14天,0.0
3746378,1549,2026-08-28 09:17:46,30,0x477296b8f5f5525be26e5c0a82eb0dd24da3949f,money_printer,N,50.0,1.2,0,0,,,0,,,0,,,0,,,0,,,,,0.0,,,样本不足，暂按来源分组权重；时间衰减半衰期=14天,0.0
3746379,1549,2026-08-28 09:17:46,30,0x47807d3f6ae34ff6aa1fc8fe4e7b742197c1e125,smart_money,N,50.0,1.4,0,0,,,0,,,0,,,0,,,0,,,,,0.0,,,样本不足，暂按来源分组权重；时间衰减半衰期=14天,0.0
3746380,1549,2026-08-28 09:17:46,30,0x47818abc02d61af1e586d3ceb035591aeae4548f,money_printer,N,50.0,1.2,0,0,,,0,,,0,,,0,,,0,,,,,0.0,,,样本不足，暂按来源分组权重；时间衰减半衰期=14天,0.0
3746381,1549,2026-08-28 09:17:46,30,0x47a0d24b34889277010026892b7612143d16bf13,money_printer,N,50.0,1.2,0,0,,,0,,,0,,,0,,,0,,,,,0.0,,,样本不足，暂按来源分组权重；时间衰减半衰期=14天,0.0
3746382,1549,2026-08-28 09:17:46,30,0x47a127f496d001f187ac65fc24852274dc51d080,money_printer,N,50.0,1.2,1,1,1.0,11.119610950221283,1,1.0,24.242755404986966,0,,,0,,,0,,,24.242755404986966,,0.0,2026-08-21 11:17:03,LIT,样本不足，暂按来源分组权重；时间衰减半衰期=14天,0.7100127475203121
3746383,1549,2026-08-28 09:17:46,30,0x47a761bb9e970ac93cb571c4614c4ca643714e4f,money_printer,N,50.0,1.2,0,0,,,0,,,0,,,0,,,0,,,,,0.0,,,样本不足，暂按来源分组权重；时间衰减半衰期=14天,0.0
3746384,1549,2026-08-28 09:17:46,30,0x47f5a6397b79deaaca5c456503e7c1a49357b942,money_printer,N,50.0,1.2,0,0,,,0,,,0,,,0,,,0,,,,,0.0,,,样本不足，暂按来源分组权重；时间衰减半衰期=14天,0.0
3746385,1549,2026-08-28 09:17:46,30,0x4801af178dd07390941931c7e6f82b61a4344a0b,smart_money,N,50.0,1.4,5,5,0.3864538579112151,0.19781679825623757,5,0.3864538579112151,-0.06394641878617194,5,0.3864538579112151,-0.04565219610521367,2,0.495357376768603,1.7406129570568623,0,,,-0.027622796827104334,,0.0,2026-08-17 16:17:09,"SWAP,KNTQ",样本不足，暂按来源分组权重；时间衰减半衰期=14天,2.5691321888659795
3746386,1549,2026-08-28 09:17:46,30,0x481b24686744c8bf1fd8c993aad47902075cf951,smart_money,N,50.0,1.4,0,0,,,0,,,0,,,0,,,0,,,,,0.0,,,样本不足，暂按来源分组权重；时间衰减半衰期=14天,0.0
3746387,1549,2026-08-28 09:17:46,30,0x4829f3bbd5508707339547ebefface2b4c86d3b5,smart_money,N,50.0,1.4,0,0,,,0,,,0,,,0,,,0,,,,,0.0,,,样本不足，暂按来源分组权重；时间衰减半衰期=14天,0.0
3746388,1549,2026-08-28 09:17:46,30,0x483848d2c8f7f69b51cb7b39c7d8c3c30f333d79,smart_money,N,50.0,1.4,0,0,,,0,,,0,,,0,,,0,,,,,0.0,,,样本不足，暂按来源分组权重；时间衰减半衰期=14天,0.0
3746389,1549,2026-08-28 09:17:46,30,0x483e1d004247248d516865b9b9e893d48359ce10,smart_money,N,50.0,1.4,0,0,,,0,,,0,,,0,,,0,,,,,0.0,,,样本不足，暂按来源分组权重；时间衰减半衰期=14天,0.0
3746390,1549,2026-08-28 09:17:46,30,0x484bc1608211d0604bf70bae72792a56884562f8,smart_money,N,50.0,1.4,0,0,,,0,,,0,,,0,,,0,,,,,0.0,,,样本不足，暂按来源分组权重；时间衰减半衰期=14天,0.0
3746391,1549,2026-08-28 09:17:46,30,0x487033d8ed8c955098148e87fa66f54b046d5c41,smart_money,N,50.0,1.4,0,0,,,0,,,0,,,0,,,0,,,,,0.0,,,样本不足，暂按来源分组权重；时间衰减半衰期=14天,0.0
3746392,1549,2026-08-28 09:17:46,30,0x48cd535b80439fefd6d00f74e5cf9b152adf2671,smart_money,N,50.0,1.4,0,0,,,0,,,0,,,0,,,0,,,,,0.0,,,样本不足，暂按来源分组权重；时间衰减半衰期=14天,0.0
3746393,1549,2026-08-28 09:17:46,30,0x48d826da83e69844f2f84b2db50703a933d137a2,money_printer,N,50.0,1.2,0,0,,,0,,,0,,,0,,,0,,,,,0.0,,,样本不足，暂按来源分组权重；时间衰减半衰期=14天,0.0
3746394,1549,2026-08-28 09:17:46,30,0x48ea62a2cc8391fbbe210e8ee89db573a8ec145f,smart_money,N,50.0,1.4,0,0,,,0,,,0,,,0,,,0,,,,,0.0,,,样本不足，暂按来源分组权重；时间衰减半衰期=14天,0.0
3746395,1549,2026-08-28 09:17:46,30,0x48ec0004494081e8332589faf0747d568da79faf,smart_money,N,50.0,1.4,0,0,,,0,,,0,,,0,,,0,,,,,0.0,,,样本不足，暂按来源分组权重；时间衰减半衰期=14天,0.0
3746396,1549,2026-08-28 09:17:46,30,0x491251909171d4b9b39c5bc5d70515292e21eaf0,smart_money,N,50.0,1.4,0,0,,,0,,,0,,,0,,,0,,,,,0.0,,,样本不足，暂按来源分组权重；时间衰减半衰期=14天,0.0
3746397,1549,2026-08-28 09:17:46,30,0x4916efbf56bcaea1130b2a631f6f093095f614a2,smart_money,N,50.0,1.4,0,0,,,0,,,0,,,0,,,0,,,,,0.0,,,样本不足，暂按来源分组权重；时间衰减半衰期=14天,0.0
3746398,1549,2026-08-28 09:17:46,30,0x4926e8a30e82f0e34f723dc4c1394f9c668d21db,smart_money,N,50.0,1.4,0,0,,,0,,,0,,,0,,,0,,,,,0.0,,,样本不足，暂按来源分组权重；时间衰减半衰期=14天,0.0
3746399,1549,2026-08-28 09:17:46,30,0x4937c6b353864c7586198eb42b1c91dc917e0bd6,smart_money,N,50.0,1.4,0,0,,,0,,,0,,,0,,,0,,,,,0.0,,,样本不足，暂按来源分组权重；时间衰减半衰期=14天,0.0
3746400,1549,2026-08-28 09:17:46,30,0x499beed00ee60bef8ce07a68c92103bd2225b5fb,money_printer,N,50.0,1.2,0,0,,,0,,,0,,,0,,,0,,,,,0.0,,,样本不足，暂按来源分组权重；时间衰减半衰期=14天,0.0
3746401,1549,2026-08-28 09:17:46,30,0x49ba9baa20d355ba042af2be9772d2b2cd892f44,money_printer,N,50.0,1.2,0,0,,,0,,,0,,,0,,,0,,,,,0.0,,,样本不足，暂按来源分组权重；时间衰减半衰期=14天,0.0
3746402,1549,2026-08-28 09:17:46,30,0x49e96e255ba418d08e66c35b588e2f2f3766e1d0,money_printer,N,50.0,1.2,1,1,0.0,0.0,0,,,0,,,0,,,0,,,,,0.0,2026-08-25 20:17:51,UXPL,样本不足，暂按来源分组权重；时间衰减半衰期=14天,0.8817591303723021
3746403,1549,2026-08-28 09:17:46,30,0x4a0aee02132a411cfcf79a486f0e2d7c5152e94a,money_printer,N,50.0,1.2,0,0,,,0,,,0,,,0,,,0,,,,,0.0,,,样本不足，暂按来源分组权重；时间衰减半衰期=14天,0.0
3746404,1549,2026-08-28 09:17:46,30,0x4a13807147b2a364761e72cd129243ea20f4a4d1,smart_money,N,50.0,1.4,0,0,,,0,,,0,,,0,,,0,,,,,0.0,,,样本不足，暂按来源分组权重；时间衰减半衰期=14天,0.0
3746405,1549,2026-08-28 09:17:46,30,0x4a19c9768629266caad38bd6857c6a4161532c19,money_printer,N,50.0,1.2,0,0,,,0,,,0,,,0,,,0,,,,,0.0,,,样本不足，暂按来源分组权重；时间衰减半衰期=14天,0.0
3746406,1549,2026-08-28 09:17:46,30,0x4a1b3580f7ac72bc54175f05b76092eeb7a266aa,smart_money,N,50.0,1.4,0,0,,,0,,,0,,,0,,,0,,,,,0.0,,,样本不足，暂按来源分组权重；时间衰减半衰期=14天,0.0
3746407,1549,2026-08-28 09:17:46,30,0x4a49adcac118e57b253c7405b736724726ea5e14,smart_money,N,50.0,1.4,0,0,,,0,,,0,,,0,,,0,,,,,0.0,,,样本不足，暂按来源分组权重；时间衰减半衰期=14天,0.0
3746408,1549,2026-08-28 09:17:46,30,0x4a5ae81bb737662ff67f7b31eb6fe62d15d91441,smart_money,N,50.0,1.4,0,0,,,0,,,0,,,0,,,0,,,,,0.0,,,样本不足，暂按来源分组权重；时间衰减半衰期=14天,0.0
3746409,1549,2026-08-28 09:17:46,30,0x4a95b86a8bd451534117d07672fa51fa89b9615b,smart_money,N,50.0,1.4,0,0,,,0,,,0,,,0,,,0,,,,,0.0,,,样本不足，暂按来源分组权重；时间衰减半衰期=14天,0.0
3746410,1549,2026-08-28 09:17:46,30,0x4a96036fb1529561fa3eeeb2781fad2d4f25500e,money_printer,N,50.0,1.2,4,4,0.5018047353065499,1.1212749215512596,4,0.2511613093569687,-0.3108680472601609,0,,,0,,,0,,,-0.3184812744943253,,0.0,2026-08-22 07:17:04,"XRP,HYPE",样本不足，暂按来源分组权重；时间衰减半衰期=14天,2.9459957000300787
3746411,1549,2026-08-28 09:17:46,30,0x4aab8988462923ca3cbaa7e94df0cc523817cd64,money_printer,N,50.0,1.2,0,0,,,0,,,0,,,0,,,0,,,,,0.0,,,样本不足，暂按来源分组权重；时间衰减半衰期=14天,0.0
3746412,1549,2026-08-28 09:17:46,30,0x4aada58e425bb36c8cb39cd4e3ebf8571b76b2b5,smart_money,N,50.0,1.4,0,0,,,0,,,0,,,0,,,0,,,,,0.0,,,样本不足，暂按来源分组权重；时间衰减半衰期=14天,0.0
3746413,1549,2026-08-28 09:17:46,30,0x4b1c09fa8322548360a76a3747e32a60a864bc38,money_printer,N,50.0,1.2,1,1,1.0,4.721466011133234,0,,,0,,,0,,,0,,,,,0.0,2026-08-26 17:18:09,AAVE,样本不足，暂按来源分组权重；时间衰减半衰期=14天,0.9208074400582735
3746414,1549,2026-08-28 09:17:46,30,0x4b1e012d2b5934b018200fae0d89eba37fd7a06e,money_printer,N,50.0,1.2,0,0,,,0,,,0,,,0,,,0,,,,,0.0,,,样本不足，暂按来源分组权重；时间衰减半衰期=14天,0.0
3746415,1549,2026-08-28 09:17:46,30,0x4b2de27ef0a189125cf2ca554576fb5307c22f6f,smart_money,N,50.0,1.4,0,0,,,0,,,0,,,0,,,0,,,,,0.0,,,样本不足，暂按来源分组权重；时间衰减半衰期=14天,0.0
3746416,1549,2026-08-28 09:17:46,30,0x4b563051258ade30122940b80f575363baa4445b,smart_money,N,50.0,1.4,2,2,0.4994859847867645,-0.5315789165049202,2,0.0,0.07876549745137194,2,0.4994859847867645,-1.1532716714337987,2,0.4994859847867645,-0.3347414049556617,0,,,0.07985858749001651,,0.0,2026-08-12 14:17:15,HYPE,样本不足，暂按来源分组权重；时间衰减半衰期=14天,0.9141582320003446
3746417,1549,2026-08-28 09:17:46,30,0x4b66f4048a0a90fd5ff44abbe5d68332656b78b8,money_printer,N,50.0,1.2,0,0,,,0,,,0,,,0,,,0,,,,,0.0,,,样本不足，暂按来源分组权重；时间衰减半衰期=14天,0.0
3746418,1549,2026-08-28 09:17:46,30,0x4b986d9ad948eb96ec32acbf95967b477f3aadb4,smart_money,N,50.0,1.4,0,0,,,0,,,0,,,0,,,0,,,,,0.0,,,样本不足，暂按来源分组权重；时间衰减半衰期=14天,0.0
3746419,1549,2026-08-28 09:17:46,30,0x4ba0fbe4e66cf378f1df25739143ddc05fbdb13a,money_printer,N,50.0,1.2,0,0,,,0,,,0,,,0,,,0,,,,,0.0,,,样本不足，暂按来源分组权重；时间衰减半衰期=14天,0.0
3746420,1549,2026-08-28 09:17:46,30,0x4bc52d0ab83ed62c91c9a89fc3304e12422a54fb,smart_money,N,50.0,1.4,0,0,,,0,,,0,,,0,,,0,,,,,0.0,,,样本不足，暂按来源分组权重；时间衰减半衰期=14天,0.0
3746421,1549,2026-08-28 09:17:46,30,0x4bcc092a156905788bf2a1a59e5968623957210d,smart_money,N,50.0,1.4,0,0,,,0,,,0,,,0,,,0,,,,,0.0,,,样本不足，暂按来源分组权重；时间衰减半衰期=14天,0.0
3746422,1549,2026-08-28 09:17:46,30,0x4bd009bd1877ae6e21982d4ba3a32ee527e034df,smart_money,N,50.0,1.4,0,0,,,0,,,0,,,0,,,0,,,,,0.0,,,样本不足，暂按来源分组权重；时间衰减半衰期=14天,0.0
3746423,1549,2026-08-28 09:17:46,30,0x4c46f7295a1fe70d2ad04dfd5fa0e8007b17cba5,smart_money,N,50.0,1.4,0,0,,,0,,,0,,,0,,,0,,,,,0.0,,,样本不足，暂按来源分组权重；时间衰减半衰期=14天,0.0
3746424,1549,2026-08-28 09:17:46,30,0x4c49bfae14f852dfb66574e364438d68fc47fe5c,smart_money,N,50.0,1.4,0,0,,,0,,,0,,,0,,,0,,,,,0.0,,,样本不足，暂按来源分组权重；时间衰减半衰期=14天,0.0
3746425,1549,2026-08-28 09:17:46,30,0x4c56bfd325f350bd1af76bf691981fdd8740390a,smart_money,N,50.0,1.4,0,0,,,0,,,0,,,0,,,0,,,,,0.0,,,样本不足，暂按来源分组权重；时间衰减半衰期=14天,0.0
3746426,1549,2026-08-28 09:17:46,30,0x4c57d6262721ad25a8a337a7ac95d3c10f4900b3,smart_money,N,50.0,1.4,0,0,,,0,,,0,,,0,,,0,,,,,0.0,,,样本不足，暂按来源分组权重；时间衰减半衰期=14天,0.0
3746427,1549,2026-08-28 09:17:46,30,0x4c60401b03b5b444750abb01f142e9f5c65ee7a1,smart_money,N,50.0,1.4,0,0,,,0,,,0,,,0,,,0,,,,,0.0,,,样本不足，暂按来源分组权重；时间衰减半衰期=14天,0.0
3746428,1549,2026-08-28 09:17:46,30,0x4c7a572ad38aed2c1d33fbfeba7bd69a83ec0e30,smart_money,N,50.0,1.4,0,0,,,0,,,0,,,0,,,0,,,,,0.0,,,样本不足，暂按来源分组权重；时间衰减半衰期=14天,0.0
3746429,1549,2026-08-28 09:17:46,30,0x4c7b17c7de3f3cc291a117623aec6f3982660169,smart_money,N,50.0,1.4,0,0,,,0,,,0,,,0,,,0,,,,,0.0,,,样本不足，暂按来源分组权重；时间衰减半衰期=14天,0.0
3746430,1549,2026-08-28 09:17:46,30,0x4cb104e79a27275e4a6d1e5d39eecb68bbd78bcd,smart_money,N,50.0,1.4,0,0,,,0,,,0,,,0,,,0,,,,,0.0,,,样本不足，暂按来源分组权重；时间衰减半衰期=14天,0.0
3746431,1549,2026-08-28 09:17:46,30,0x4cb5f4d145cd16460932bbb9b871bb6fd5db97e3,money_printer,N,50.0,1.2,0,0,,,0,,,0,,,0,,,0,,,,,0.0,,,样本不足，暂按来源分组权重；时间衰减半衰期=14天,0.0
3746432,1549,2026-08-28 09:17:46,30,0x4cc390eada38741fe9c77036b7c38537fb5f38ea,money_printer,N,50.0,1.2,0,0,,,0,,,0,,,0,,,0,,,,,0.0,,,样本不足，暂按来源分组权重；时间衰减半衰期=14天,0.0
3746433,1549,2026-08-28 09:17:46,30,0x4ccffbc75f38bc534cf2ab99a749266a148a4f04,smart_money,N,50.0,1.4,0,0,,,0,,,0,,,0,,,0,,,,,0.0,,,样本不足，暂按来源分组权重；时间衰减半衰期=14天,0.0
3746434,1549,2026-08-28 09:17:46,30,0x4cd80aa0ce4881eb8679eda1f6fbe3d89aec0f7f,money_printer,N,50.0,1.2,0,0,,,0,,,0,,,0,,,0,,,,,0.0,,,样本不足，暂按来源分组权重；时间衰减半衰期=14天,0.0
3746435,1549,2026-08-28 09:17:46,30,0x4ce423197edc972896d16cdb410b212c2b675633,smart_money,N,50.0,1.4,2,2,0.49896896222144876,0.9137720721992569,2,0.0,-12.457485354600523,2,0.0,-58.85862321018966,0,,,0,,,-12.459008369634377,,0.0,2026-08-17 19:16:59,ZEC,样本不足，暂按来源分组权重；时间衰减半衰期=14天,1.1818417583834102
3746436,1549,2026-08-28 09:17:46,30,0x4d26bc95c771d1d0a5c5e76297c8f53ffe5f6c19,smart_money,N,50.0,1.4,0,0,,,0,,,0,,,0,,,0,,,,,0.0,,,样本不足，暂按来源分组权重；时间衰减半衰期=14天,0.0
3746437,1549,2026-08-28 09:17:46,30,0x4d36cff935cf04cc7cf1e795bcf69a0f981604a2,smart_money,N,50.0,1.4,0,0,,,0,,,0,,,0,,,0,,,,,0.0,,,样本不足，暂按来源分组权重；时间衰减半衰期=14天,0.0
3746438,1549,2026-08-28 09:17:46,30,0x4d3980ac9d84fc34adcd025ee2337786846343c4,smart_money,N,50.0,1.4,0,0,,,0,,,0,,,0,,,0,,,,,0.0,,,样本不足，暂按来源分组权重；时间衰减半衰期=14天,0.0
3746439,1549,2026-08-28 09:17:46,30,0x4d49a0d59711abf2d2d870f9dc88905239b0010c,smart_money,N,50.0,1.4,0,0,,,0,,,0,,,0,,,0,,,,,0.0,,,样本不足，暂按来源分组权重；时间衰减半衰期=14天,0.0
3746440,1549,2026-08-28 09:17:46,30,0x4deb56a42fc63650b2f0bfb9abe1850e3a091371,smart_money,N,50.0,1.4,0,0,,,0,,,0,,,0,,,0,,,,,0.0,,,样本不足，暂按来源分组权重；时间衰减半衰期=14天,0.0
3746441,1549,2026-08-28 09:17:46,30,0x4e23288cee4960f9f962195c22948e4bc7ae20c3,money_printer,B,77.41161872315728,1.2,106,100,0.372782351611129,-0.38788844570735476,86,0.33599103628917976,0.11168903376742231,69,0.39771384005325067,0.73316941617606,28,0.5073944125310696,0.9425992295139543,0,,,0.24271164830900016,,0.0,2026-08-28 03:17:51,"HYPE,ETH,BTC,SOL",B级：普通有效参考，主周期=15d；时间衰减半衰期=14天,61.83097338336129
3746442,1549,2026-08-28 09:17:46,30,0x4e4cdfeb4105c7a458f381373e21a3bc3ad78ece,smart_money,N,50.0,1.4,0,0,,,0,,,0,,,0,,,0,,,,,0.0,,,样本不足，暂按来源分组权重；时间衰减半衰期=14天,0.0
3746443,1549,2026-08-28 09:17:46,30,0x4e63d67418d7cb3d5430f29a9be52f347a9fd4ce,money_printer,N,50.0,1.2,0,0,,,0,,,0,,,0,,,0,,,,,0.0,,,样本不足，暂按来源分组权重；时间衰减半衰期=14天,0.0
3746444,1549,2026-08-28 09:17:46,30,0x4e7cfe8e3e20284ba246978abaf301c5fb0ccc9c,smart_money,N,50.0,1.4,0,0,,,0,,,0,,,0,,,0,,,,,0.0,,,样本不足，暂按来源分组权重；时间衰减半衰期=14天,0.0
3746445,1549,2026-08-28 09:17:46,30,0x4e994d450c7c710ba4baeda5e249acc71f80aa1b,smart_money,N,50.0,1.4,0,0,,,0,,,0,,,0,,,0,,,,,0.0,,,样本不足，暂按来源分组权重；时间衰减半衰期=14天,0.0
3746446,1549,2026-08-28 09:17:46,30,0x4eebd8d39e82efb958e0fa9f694435c910c8518f,money_printer,N,50.0,1.2,0,0,,,0,,,0,,,0,,,0,,,,,0.0,,,样本不足，暂按来源分组权重；时间衰减半衰期=14天,0.0
3746447,1549,2026-08-28 09:17:46,30,0x4ef1c5ae65ab5b37629b7aa523e7e95e7da528e3,smart_money,N,50.0,1.4,0,0,,,0,,,0,,,0,,,0,,,,,0.0,,,样本不足，暂按来源分组权重；时间衰减半衰期=14天,0.0
3746448,1549,2026-08-28 09:17:46,30,0x4f19154a8cf68292c66e2fb4e3d19f99795aa2cf,smart_money,N,50.0,1.4,0,0,,,0,,,0,,,0,,,0,,,,,0.0,,,样本不足，暂按来源分组权重；时间衰减半衰期=14天,0.0
3746449,1549,2026-08-28 09:17:46,30,0x4f235c15474f984504b0f188755021ae45c2fa65,money_printer,N,50.0,1.2,0,0,,,0,,,0,,,0,,,0,,,,,0.0,,,样本不足，暂按来源分组权重；时间衰减半衰期=14天,0.0
3746450,1549,2026-08-28 09:17:46,30,0x4f24303e0af2e4a94abcd516a3c80d38262bde6a,money_printer,N,50.0,1.2,0,0,,,0,,,0,,,0,,,0,,,,,0.0,,,样本不足，暂按来源分组权重；时间衰减半衰期=14天,0.0
3746451,1549,2026-08-28 09:17:46,30,0x4f67680ed589c995177481778d48a754703b5b79,smart_money,R,19.93014290732505,-1.4,24,24,0.1468232721698921,0.10784285232617338,24,0.07066046851512947,0.29496278316554364,19,0.03054973934464968,0.13782856611368394,10,0.06946082046997633,-0.06985709267495276,0,,,0.08405773132832933,,61.445125466203415,2026-08-22 06:17:02,BASED,反向钱包：15d方向胜率和平均收益偏差；时间衰减半衰期=14天,12.353929865191233
3746452,1549,2026-08-28 09:17:46,30,0x4f7634c03ec4e87e14725c84913ade523c6fad5a,money_printer,N,50.0,1.2,4,4,0.6118003384176576,3.677251188480797,4,1.0,15.615286949945963,4,1.0,18.775825735827244,2,1.0,49.69514747653197,0,,,13.954069681229221,,0.0,2026-08-19 20:17:16,"HYPE,LIT",样本不足，暂按来源分组权重；时间衰减半衰期=14天,2.141650912085103
3746453,1549,2026-08-28 09:17:46,30,0x4f9140107e42982d3f86eae7474f56bc373ade31,smart_money,N,50.0,1.4,0,0,,,0,,,0,,,0,,,0,,,,,0.0,,,样本不足，暂按来源分组权重；时间衰减半衰期=14天,0.0
3746454,1549,2026-08-28 09:17:46,30,0x4f9b096385c4e66ce3dec9a17e150795b9a02e3f,money_printer,N,50.0,1.2,1,1,0.0,-18.837656022697132,1,0.0,-27.35390327999293,1,0.0,-30.32767780358621,0,,,0,,,-27.35390327999293,,0.0,2026-08-19 20:17:16,HYPE,样本不足，暂按来源分组权重；时间衰减半衰期=14天,0.6551313763930755
3746455,1549,2026-08-28 09:17:46,30,0x4fa931c594203579bee714eed85406a1f159e2ce,smart_money,N,50.0,1.4,2,2,0.500514731510407,-0.06637362825162851,2,0.49948526848959285,-0.32140296960818904,0,,,0,,,0,,,-0.31803642852374114,,0.0,2026-08-22 06:17:02,ZEC,样本不足，暂按来源分组权重；时间衰减半衰期=14天,1.475270174086615
3746456,1549,2026-08-28 09:17:46,30,0x4fae22be2fb03c3c587795fb478572518ccfd904,smart_money,N,50.0,1.4,0,0,,,0,,,0,,,0,,,0,,,,,0.0,,,样本不足，暂按来源分组权重；时间衰减半衰期=14天,0.0
3746457,1549,2026-08-28 09:17:46,30,0x4faf9534f8f029d03561d245b3b442b1c2e14ee2,smart_money,N,50.0,1.4,0,0,,,0,,,0,,,0,,,0,,,,,0.0,,,样本不足，暂按来源分组权重；时间衰减半衰期=14天,0.0
3746458,1549,2026-08-28 09:17:46,30,0x4fe2e743da6e8d1aa0c9ed5489d8c2c9b5f96c87,smart_money,N,50.0,1.4,4,4,0.3533184019041713,-2.1322457639110906,4,0.3533184019041713,0.9195399059756745,4,0.3533184019041713,-0.37300326108511245,2,0.0,0.1672080824141373,0,,,0.8733121672360276,,0.0,2026-08-20 09:17:04,NEKO,样本不足，暂按来源分组权重；时间衰减半衰期=14天,1.8389745303794236
3746459,1549,2026-08-28 09:17:46,30,0x4fe53e953f1ff4454d144cb6f4fee3f2ca9363fe,smart_money,N,50.0,1.4,4,4,0.3533184019041713,-2.1322457639110906,4,0.3533184019041713,0.9195399059756745,4,0.3533184019041713,-0.37300326108511245,2,0.0,0.1672080824141373,0,,,0.8733121672360276,,0.0,2026-08-20 09:17:04,NEKO,样本不足，暂按来源分组权重；时间衰减半衰期=14天,1.8389745303794236
3746460,1549,2026-08-28 09:17:46,30,0x4fe9e1465d589757e0469b33504d00b91f431055,smart_money,N,50.0,1.4,0,0,,,0,,,0,,,0,,,0,,,,,0.0,,,样本不足，暂按来源分组权重；时间衰减半衰期=14天,0.0
3746461,1549,2026-08-28 09:17:46,30,0x500a8d2934da6f7831e3996df1c8c5a5a74c2274,smart_money,N,50.0,1.4,0,0,,,0,,,0,,,0,,,0,,,,,0.0,,,样本不足，暂按来源分组权重；时间衰减半衰期=14天,0.0
3746462,1549,2026-08-28 09:17:46,30,0x500bea59133e20dc63b7e88913b30348494b84ba,money_printer,N,50.0,1.2,0,0,,,0,,,0,,,0,,,0,,,,,0.0,,,样本不足，暂按来源分组权重；时间衰减半衰期=14天,0.0
3746463,1549,2026-08-28 09:17:46,30,0x503ff4d3b508aff1cf4260dbd814505eb6f7b2e9,smart_money,N,50.0,1.4,0,0,,,0,,,0,,,0,,,0,,,,,0.0,,,样本不足，暂按来源分组权重；时间衰减半衰期=14天,0.0
3746464,1549,2026-08-28 09:17:46,30,0x5049695d6faacffd34f2d24f3f0ff8c64d88f71c,smart_money,N,50.0,1.4,0,0,,,0,,,0,,,0,,,0,,,,,0.0,,,样本不足，暂按来源分组权重；时间衰减半衰期=14天,0.0
3746465,1549,2026-08-28 09:17:46,30,0x504f4f997a233873949ab352051ea3ffabd10b7e,smart_money,N,50.0,1.4,0,0,,,0,,,0,,,0,,,0,,,,,0.0,,,样本不足，暂按来源分组权重；时间衰减半衰期=14天,0.0
3746466,1549,2026-08-28 09:17:46,30,0x507e0d7cb4cca156d09db13681ed4e5da66b411e,money_printer,N,50.0,1.2,0,0,,,0,,,0,,,0,,,0,,,,,0.0,,,样本不足，暂按来源分组权重；时间衰减半衰期=14天,0.0
3746467,1549,2026-08-28 09:17:46,30,0x50a4d39bc020be2c86954eec2670541d300f8168,smart_money,N,50.0,1.4,1,1,0.0,-3.75420769071104,1,0.0,-0.5739605988683191,1,0.0,2.7416545587452252,1,0.0,-12.015269517818956,0,,,-0.5739605988683191,,0.0,2026-08-04 16:17:05,HYPE,样本不足，暂按来源分组权重；时间衰减半衰期=14天,0.30917888991352177
3746468,1549,2026-08-28 09:17:46,30,0x50b309f78e774a756a2230e1769729094cac9f20,money_printer,C,33.51984207018708,0.66,100,89,0.2410677273158698,-0.47366091422422724,75,0.16122398547334432,-1.151226472208742,60,0.10978324686435617,-1.7977779767236424,50,0.1839467654448476,0.39561369863726203,0,,,-0.8501187375652656,,0.0,2026-08-28 04:17:46,"BTC,ETH,ZEC",C级：噪音偏多，降权参考，主周期=15d；时间衰减半衰期=14天,45.87605943778565
3746469,1549,2026-08-28 09:17:46,30,0x50d59f4c2480e107acf32c0d1e9cbe7579b01480,smart_money,N,50.0,1.4,0,0,,,0,,,0,,,0,,,0,,,,,0.0,,,样本不足，暂按来源分组权重；时间衰减半衰期=14天,0.0
3746470,1549,2026-08-28 09:17:46,30,0x50e8db5da4198e49197743f8006b318cb6a08b49,smart_money,N,50.0,1.4,0,0,,,0,,,0,,,0,,,0,,,,,0.0,,,样本不足，暂按来源分组权重；时间衰减半衰期=14天,0.0
3746471,1549,2026-08-28 09:17:46,30,0x5116ebe0e30b2192945893171ea21b788ee86d49,smart_money,N,50.0,1.4,0,0,,,0,,,0,,,0,,,0,,,,,0.0,,,样本不足，暂按来源分组权重；时间衰减半衰期=14天,0.0
3746472,1549,2026-08-28 09:17:46,30,0x5128153e496c90ecb70efe93c0ab567b6aa11109,money_printer,N,50.0,1.2,0,0,,,0,,,0,,,0,,,0,,,,,0.0,,,样本不足，暂按来源分组权重；时间衰减半衰期=14天,0.0
3746473,1549,2026-08-28 09:17:46,30,0x5148b1d40d2082a1ba56ebfea2321d97846e44b4,smart_money,N,50.0,1.4,0,0,,,0,,,0,,,0,,,0,,,,,0.0,,,样本不足，暂按来源分组权重；时间衰减半衰期=14天,0.0
3746474,1549,2026-08-28 09:17:46,30,0x514ad80730593801036e2934bcda9b4e90221b4d,money_printer,N,50.0,1.2,0,0,,,0,,,0,,,0,,,0,,,,,0.0,,,样本不足，暂按来源分组权重；时间衰减半衰期=14天,0.0
3746475,1549,2026-08-28 09:17:46,30,0x515c07dd7cd01496d4000e4998b4fd5acd2c09e1,smart_money,N,50.0,1.4,0,0,,,0,,,0,,,0,,,0,,,,,0.0,,,样本不足，暂按来源分组权重；时间衰减半衰期=14天,0.0
3746476,1549,2026-08-28 09:17:46,30,0x51651b81c895e654e5402a3fc371e3b60b0dfb1e,smart_money,N,50.0,1.4,1,1,0.0,-5.648199291259907,1,1.0,3.340760002730693,0,,,0,,,0,,,3.340760002730693,,0.0,2026-08-23 00:17:50,ZEC,样本不足，暂按来源分组权重；时间衰减半衰期=14天,0.7663496780322723
3746477,1549,2026-08-28 09:17:46,30,0x517bb82ad25d90b9d9e0af57682931c44f7ff64c,smart_money,R,19.149559295769254,-1.4,11,11,0.17492096831264864,-0.14514245564263395,11,0.0,-0.015646295425262576,11,0.21262158963499447,-0.8504407042307456,7,0.41195401884676225,-4.63041131432587,0,,,-0.019459394722868627,,44.78407129224685,2026-08-14 09:17:01,BTC,反向钱包：7d方向胜率和平均收益偏差；时间衰减半衰期=14天,4.579118128007562
3746478,1549,2026-08-28 09:17:46,30,0x51b97ab1e4381e22dd6cd04d6f67393964fe3bc1,smart_money,N,50.0,1.4,0,0,,,0,,,0,,,0,,,0,,,,,0.0,,,样本不足，暂按来源分组权重；时间衰减半衰期=14天,0.0
3746479,1549,2026-08-28 09:17:46,30,0x51c96a11da65524d0efc6fd0c6dc9b306f19f3aa,smart_money,N,50.0,1.4,0,0,,,0,,,0,,,0,,,0,,,,,0.0,,,样本不足，暂按来源分组权重；时间衰减半衰期=14天,0.0
3746480,1549,2026-08-28 09:17:46,30,0x51d34d5b79c4b27763ee4b891039cf602f8a020f,smart_money,N,50.0,1.4,0,0,,,0,,,0,,,0,,,0,,,,,0.0,,,样本不足，暂按来源分组权重；时间衰减半衰期=14天,0.0
3746481,1549,2026-08-28 09:17:46,30,0x51d99a4022a55cad07a3c958f0600d8bb0b39921,money_printer,N,50.0,1.2,0,0,,,0,,,0,,,0,,,0,,,,,0.0,,,样本不足，暂按来源分组权重；时间衰减半衰期=14天,0.0
3746482,1549,2026-08-28 09:17:46,30,0x51f3a19c1dfd8d7fe670e43ce0f66648789c8b34,smart_money,N,50.0,1.4,2,1,1.0,1.9306195262336723,1,0.0,-0.4052684903748651,0,,,0,,,0,,,-0.4052684903748651,,0.0,2026-08-28 02:17:54,HYPE,样本不足，暂按来源分组权重；时间衰减半衰期=14天,0.7338383601983034
3746483,1549,2026-08-28 09:17:46,30,0x52081a6912cfa64968999fbeb31387446a49b207,smart_money,N,50.0,1.4,0,0,,,0,,,0,,,0,,,0,,,,,0.0,,,样本不足，暂按来源分组权重；时间衰减半衰期=14天,0.0
3746484,1549,2026-08-28 09:17:46,30,0x520863bab865050e635207c4ed099eec568f3f47,smart_money,N,50.0,1.4,0,0,,,0,,,0,,,0,,,0,,,,,0.0,,,样本不足，暂按来源分组权重；时间衰减半衰期=14天,0.0
3746485,1549,2026-08-28 09:17:46,30,0x523852be2db1a76a0e088ecbff32e849544054e5,smart_money,C,62.018104454481616,0.77,32,29,0.4481857841961032,0.5472789569869043,23,0.44756043437702026,0.355184986432331,17,0.417762334014826,-0.18930846515580962,3,0.33683987826736234,-6.654160119891834,0,,,0.41775813074647505,,0.0,2026-08-27 18:17:56,"HYPE,ENA,PUMP,KNTQ,ETHFI",C级：噪音偏多，降权参考，主周期=7d；时间衰减半衰期=14天,19.280003969173084
3746486,1549,2026-08-28 09:17:46,30,0x52516d3ee158365393598028055769354d45a3dd,smart_money,N,50.0,1.4,0,0,,,0,,,0,,,0,,,0,,,,,0.0,,,样本不足，暂按来源分组权重；时间衰减半衰期=14天,0.0
3746487,1549,2026-08-28 09:17:46,30,0x5272f37ecaa073e5a0ea07618145939e5e6cfcd9,money_printer,N,50.0,1.2,0,0,,,0,,,0,,,0,,,0,,,,,0.0,,,样本不足，暂按来源分组权重；时间衰减半衰期=14天,0.0
3746488,1549,2026-08-28 09:17:46,30,0x52a1ac3717f8173bd175a4c1923594ed6110142d,smart_money,N,50.0,1.4,0,0,,,0,,,0,,,0,,,0,,,,,0.0,,,样本不足，暂按来源分组权重；时间衰减半衰期=14天,0.0
3746489,1549,2026-08-28 09:17:46,30,0x52b3ed56ea6d4c2ac0f79e8ff5e8e54ec4736cce,smart_money,N,50.0,1.4,0,0,,,0,,,0,,,0,,,0,,,,,0.0,,,样本不足，暂按来源分组权重；时间衰减半衰期=14天,0.0
3746490,1549,2026-08-28 09:17:46,30,0x52e6c32f0eb44f707e9c159052fc5039fc7b7725,smart_money,N,50.0,1.4,0,0,,,0,,,0,,,0,,,0,,,,,0.0,,,样本不足，暂按来源分组权重；时间衰减半衰期=14天,0.0
3746491,1549,2026-08-28 09:17:46,30,0x52ea814df88c423bd5325e84f4b6f8bf429a61d5,smart_money,N,50.0,1.4,0,0,,,0,,,0,,,0,,,0,,,,,0.0,,,样本不足，暂按来源分组权重；时间衰减半衰期=14天,0.0
3746492,1549,2026-08-28 09:17:46,30,0x5323b92268b4e140ac2133c677e991cd9ad1b23c,smart_money,B,76.0960910660583,1.4,236,207,0.4189067280698178,-0.21389316864119912,159,0.41355167771545076,-0.5879002519216343,70,0.4357210174749206,-2.0862570708008867,29,0.52579210236971,0.8420054683184467,0,,,-0.5228656131437424,,0.0,2026-08-28 03:17:51,"ZEC,HYPE,SOL",B级：普通有效参考，主周期=15d；时间衰减半衰期=14天,148.9372958317196
3746493,1549,2026-08-28 09:17:46,30,0x535191d6d49922d69cc7829dbb73e48694840db7,smart_money,N,50.0,1.4,0,0,,,0,,,0,,,0,,,0,,,,,0.0,,,样本不足，暂按来源分组权重；时间衰减半衰期=14天,0.0
3746494,1549,2026-08-28 09:17:46,30,0x53ad68079890e9d72a5bb4eb79079f19c32aeca4,smart_money,N,50.0,1.4,0,0,,,0,,,0,,,0,,,0,,,,,0.0,,,样本不足，暂按来源分组权重；时间衰减半衰期=14天,0.0
3746495,1549,2026-08-28 09:17:46,30,0x53b63a30a688beb53b5dc7bd731c661d678c555c,smart_money,N,50.0,1.4,0,0,,,0,,,0,,,0,,,0,,,,,0.0,,,样本不足，暂按来源分组权重；时间衰减半衰期=14天,0.0
3746496,1549,2026-08-28 09:17:46,30,0x53e655101ea361537124ef814ad4e654b54d0637,smart_money,N,50.0,1.4,0,0,,,0,,,0,,,0,,,0,,,,,0.0,,,样本不足，暂按来源分组权重；时间衰减半衰期=14天,0.0
3746497,1549,2026-08-28 09:17:46,30,0x5405450cae1b86581f017d1c35ad954d8703f802,money_printer,N,50.0,1.2,0,0,,,0,,,0,,,0,,,0,,,,,0.0,,,样本不足，暂按来源分组权重；时间衰减半衰期=14天,0.0
3746498,1549,2026-08-28 09:17:46,30,0x54069d1a01434813617e09b9426b03971c0ce123,smart_money,N,50.0,1.4,0,0,,,0,,,0,,,0,,,0,,,,,0.0,,,样本不足，暂按来源分组权重；时间衰减半衰期=14天,0.0
3746499,1549,2026-08-28 09:17:46,30,0x5410d09be697e57cd7c4ffa83759abed3219e020,smart_money,N,50.0,1.4,0,0,,,0,,,0,,,0,,,0,,,,,0.0,,,样本不足，暂按来源分组权重；时间衰减半衰期=14天,0.0
3746500,1549,2026-08-28 09:17:46,30,0x543356c584e7931233afe07ecd982cda5f0f3f3b,money_printer,N,50.0,1.2,0,0,,,0,,,0,,,0,,,0,,,,,0.0,,,样本不足，暂按来源分组权重；时间衰减半衰期=14天,0.0
3746501,1549,2026-08-28 09:17:46,30,0x54426307974b659b48e70b1faa44f17aa0e3c4cf,smart_money,N,50.0,1.4,0,0,,,0,,,0,,,0,,,0,,,,,0.0,,,样本不足，暂按来源分组权重；时间衰减半衰期=14天,0.0
3746502,1549,2026-08-28 09:17:46,30,0x5483dd0f8b7d2544a6ac14ba8659988178fd9f4a,smart_money,N,50.0,1.4,0,0,,,0,,,0,,,0,,,0,,,,,0.0,,,样本不足，暂按来源分组权重；时间衰减半衰期=14天,0.0
3746503,1549,2026-08-28 09:17:46,30,0x54a7240cea67b8c41b7c7f2b485360f37331aef4,smart_money,N,50.0,1.4,0,0,,,0,,,0,,,0,,,0,,,,,0.0,,,样本不足，暂按来源分组权重；时间衰减半衰期=14天,0.0
3746504,1549,2026-08-28 09:17:46,30,0x54d796f92c566372ca09d8d22868d675935b4b98,money_printer,N,50.0,1.2,0,0,,,0,,,0,,,0,,,0,,,,,0.0,,,样本不足，暂按来源分组权重；时间衰减半衰期=14天,0.0
3746505,1549,2026-08-28 09:17:46,30,0x54dbc1fbf6b1cd59807db61109b1d9eb91fd1a04,money_printer,N,50.0,1.2,0,0,,,0,,,0,,,0,,,0,,,,,0.0,,,样本不足，暂按来源分组权重；时间衰减半衰期=14天,0.0
3746506,1549,2026-08-28 09:17:46,30,0x54e3f54df4b10ff63f7284733ed735e8e1507c20,smart_money,N,50.0,1.4,0,0,,,0,,,0,,,0,,,0,,,,,0.0,,,样本不足，暂按来源分组权重；时间衰减半衰期=14天,0.0
3746507,1549,2026-08-28 09:17:46,30,0x54ecc92c9407b74138fcf45e284425139687ca56,smart_money,N,50.0,1.4,0,0,,,0,,,0,,,0,,,0,,,,,0.0,,,样本不足，暂按来源分组权重；时间衰减半衰期=14天,0.0
3746508,1549,2026-08-28 09:17:46,30,0x54fc13e72548503e13eea8b4cfdb4524be39d7d2,smart_money,N,50.0,1.4,0,0,,,0,,,0,,,0,,,0,,,,,0.0,,,样本不足，暂按来源分组权重；时间衰减半衰期=14天,0.0
3746509,1549,2026-08-28 09:17:46,30,0x54fe014a1fb506ff3a00d863e6522f24e6edba47,smart_money,N,50.0,1.4,2,2,0.503095083820437,-0.1291546738117068,2,0.503095083820437,-0.12469089344202833,2,0.0,-0.12252874982546513,2,0.0,-0.12469089344202833,0,,,-0.1418484613485187,,0.0,2026-08-04 13:17:04,UPUMP,样本不足，暂按来源分组权重；时间衰减半衰期=14天,0.6107616270553939
3746510,1549,2026-08-28 09:17:46,30,0x55045b55e00e09b4da8d061d8787cd97b4b0d24d,smart_money,N,50.0,1.4,0,0,,,0,,,0,,,0,,,0,,,,,0.0,,,样本不足，暂按来源分组权重；时间衰减半衰期=14天,0.0
3746511,1549,2026-08-28 09:17:46,30,0x551946bd7965303493ff47ecd8c7f2ba8d754d0d,smart_money,N,50.0,1.4,0,0,,,0,,,0,,,0,,,0,,,,,0.0,,,样本不足，暂按来源分组权重；时间衰减半衰期=14天,0.0
3746512,1549,2026-08-28 09:17:46,30,0x551b30bc933e26e098bd2e68d436c24ed39b7312,money_printer,N,50.0,1.2,0,0,,,0,,,0,,,0,,,0,,,,,0.0,,,样本不足，暂按来源分组权重；时间衰减半衰期=14天,0.0
3746513,1549,2026-08-28 09:17:46,30,0x5559da6ec434c5723d0ce9c4da7f29e3f8a3d43b,money_printer,N,50.0,1.2,0,0,,,0,,,0,,,0,,,0,,,,,0.0,,,样本不足，暂按来源分组权重；时间衰减半衰期=14天,0.0
3746514,1549,2026-08-28 09:17:46,30,0x556c8b1c32744692ae52ab2856fdcd8d54acc6c8,smart_money,N,50.0,1.4,0,0,,,0,,,0,,,0,,,0,,,,,0.0,,,样本不足，暂按来源分组权重；时间衰减半衰期=14天,0.0
3746515,1549,2026-08-28 09:17:46,30,0x557a75e1368dc5fa69978ed5fd88bfd7bddfc3a2,smart_money,N,50.0,1.4,0,0,,,0,,,0,,,0,,,0,,,,,0.0,,,样本不足，暂按来源分组权重；时间衰减半衰期=14天,0.0
3746516,1549,2026-08-28 09:17:46,30,0x55a8f87e59611f86a31a58b361038f36fbded9ea,smart_money,N,50.0,1.4,0,0,,,0,,,0,,,0,,,0,,,,,0.0,,,样本不足，暂按来源分组权重；时间衰减半衰期=14天,0.0
3746517,1549,2026-08-28 09:17:46,30,0x55ab9da1341d23c9e5ab8a50ea23c5977a8a70b5,money_printer,N,50.0,1.2,0,0,,,0,,,0,,,0,,,0,,,,,0.0,,,样本不足，暂按来源分组权重；时间衰减半衰期=14天,0.0
3746518,1549,2026-08-28 09:17:46,30,0x55f47d6e757125e949330f8a61cb7fb8bbe56a89,smart_money,N,50.0,1.4,0,0,,,0,,,0,,,0,,,0,,,,,0.0,,,样本不足，暂按来源分组权重；时间衰减半衰期=14天,0.0
3746519,1549,2026-08-28 09:17:46,30,0x560a2edd994f2ba4883cdf8e0d164558d8c803ac,smart_money,N,50.0,1.4,0,0,,,0,,,0,,,0,,,0,,,,,0.0,,,样本不足，暂按来源分组权重；时间衰减半衰期=14天,0.0
3746520,1549,2026-08-28 09:17:46,30,0x562e68a7eb3d74262413030f9f8052306a3cad97,smart_money,N,50.0,1.4,0,0,,,0,,,0,,,0,,,0,,,,,0.0,,,样本不足，暂按来源分组权重；时间衰减半衰期=14天,0.0
3746521,1549,2026-08-28 09:17:46,30,0x5647249079e257329ecb6f46ed41821d3c69e7de,money_printer,N,50.0,1.2,3,3,1.0,3.563768796350888,3,0.0,-0.9555847287355994,0,,,0,,,0,,,-0.9547712746101782,,0.0,2026-08-23 04:17:52,"PUMP,BNB",样本不足，暂按来源分组权重；时间衰减半衰期=14天,2.2867885515288195
3746522,1549,2026-08-28 09:17:46,30,0x56498e5f90c14060499b62b6f459b3e3fb9280c5,money_printer,N,50.0,1.2,0,0,,,0,,,0,,,0,,,0,,,,,0.0,,,样本不足，暂按来源分组权重；时间衰减半衰期=14天,0.0
3746523,1549,2026-08-28 09:17:46,30,0x565a65432ca44a999eb7217815d58594a559ccb2,smart_money,N,50.0,1.4,0,0,,,0,,,0,,,0,,,0,,,,,0.0,,,样本不足，暂按来源分组权重；时间衰减半衰期=14天,0.0
3746524,1549,2026-08-28 09:17:46,30,0x5661a070eb13c7c55ac3210b2447d4bea426cbf5,smart_money,N,50.0,1.4,0,0,,,0,,,0,,,0,,,0,,,,,0.0,,,样本不足，暂按来源分组权重；时间衰减半衰期=14天,0.0
3746525,1549,2026-08-28 09:17:46,30,0x5661e424b3b482231b8fc2a59c96dbe157fd70fc,smart_money,N,50.0,1.4,0,0,,,0,,,0,,,0,,,0,,,,,0.0,,,样本不足，暂按来源分组权重；时间衰减半衰期=14天,0.0
3746526,1549,2026-08-28 09:17:46,30,0x56654885ad39155235336c0ff01b3337693c3882,smart_money,N,50.0,1.4,0,0,,,0,,,0,,,0,,,0,,,,,0.0,,,样本不足，暂按来源分组权重；时间衰减半衰期=14天,0.0
3746527,1549,2026-08-28 09:17:46,30,0x567110130473121dedea5308f007f15fe58356db,money_printer,N,50.0,1.2,0,0,,,0,,,0,,,0,,,0,,,,,0.0,,,样本不足，暂按来源分组权重；时间衰减半衰期=14天,0.0
3746528,1549,2026-08-28 09:17:46,30,0x56811550b50c940db1f8acfc3341e7a6101660eb,smart_money,N,50.0,1.4,0,0,,,0,,,0,,,0,,,0,,,,,0.0,,,样本不足，暂按来源分组权重；时间衰减半衰期=14天,0.0
3746529,1549,2026-08-28 09:17:46,30,0x5690fd2f011c86c2a6de8fcde2d7d1c5e314abd3,smart_money,N,50.0,1.4,0,0,,,0,,,0,,,0,,,0,,,,,0.0,,,样本不足，暂按来源分组权重；时间衰减半衰期=14天,0.0
3746530,1549,2026-08-28 09:17:46,30,0x56c58ed0c0b9b164653d7aa44fd40632393f8e38,money_printer,N,50.0,1.2,0,0,,,0,,,0,,,0,,,0,,,,,0.0,,,样本不足，暂按来源分组权重；时间衰减半衰期=14天,0.0
3746531,1549,2026-08-28 09:17:46,30,0x56cd86d6ef24a3f51ce6992b7f1db751b0a0276a,money_printer,N,50.0,1.2,1,1,0.0,-0.7057996131916769,1,0.0,-8.896591565569025,1,0.0,-17.02458995805389,1,0.0,-15.839047547283558,0,,,-8.896591565569025,,0.0,2026-08-03 03:17:00,LIT,样本不足，暂按来源分组权重；时间衰减半衰期=14天,0.2864570088615555
3746532,1549,2026-08-28 09:17:46,30,0x570b09e27a87f9acbce49f85056745d29b3ee3c6,money_printer,N,50.0,1.2,0,0,,,0,,,0,,,0,,,0,,,,,0.0,,,样本不足，暂按来源分组权重；时间衰减半衰期=14天,0.0
3746533,1549,2026-08-28 09:17:46,30,0x572b4de5be467f6e7210f77940d462b9b8ef3ea5,smart_money,N,50.0,1.4,0,0,,,0,,,0,,,0,,,0,,,,,0.0,,,样本不足，暂按来源分组权重；时间衰减半衰期=14天,0.0
3746534,1549,2026-08-28 09:17:46,30,0x577586e7460f83ce4f30ded0ea2e44e7579de25d,smart_money,N,50.0,1.4,0,0,,,0,,,0,,,0,,,0,,,,,0.0,,,样本不足，暂按来源分组权重；时间衰减半衰期=14天,0.0
3746535,1549,2026-08-28 09:17:46,30,0x577a00a0ee907ee481791049477a3c1fa1470568,smart_money,N,50.0,1.4,7,6,0.3522497223149378,-1.1057188715142234,4,0.0,-3.7626251404766604,1,0.0,-15.198812170984866,0,,,0,,,-4.163890790003582,,0.0,2026-08-27 15:17:55,HYPE,样本不足，暂按来源分组权重；时间衰减半衰期=14天,4.763976551488425
3746536,1549,2026-08-28 09:17:46,30,0x577ae91c7b74f04ddb3a5b399ded8318e9895fd2,money_printer,N,50.0,1.2,0,0,,,0,,,0,,,0,,,0,,,,,0.0,,,样本不足，暂按来源分组权重；时间衰减半衰期=14天,0.0
3746537,1549,2026-08-28 09:17:46,30,0x579f4017263b88945d727a927bf1e3d061fee5ff,smart_money,N,50.0,1.4,0,0,,,0,,,0,,,0,,,0,,,,,0.0,,,样本不足，暂按来源分组权重；时间衰减半衰期=14天,0.0
3746538,1549,2026-08-28 09:17:46,30,0x57a4840fdfb68f12349de0a9e6b6ccefb3aebf3b,smart_money,N,50.0,1.4,0,0,,,0,,,0,,,0,,,0,,,,,0.0,,,样本不足，暂按来源分组权重；时间衰减半衰期=14天,0.0
3746539,1549,2026-08-28 09:17:46,30,0x57baee0482d81f19eff86257425033af3f875b86,smart_money,N,50.0,1.4,0,0,,,0,,,0,,,0,,,0,,,,,0.0,,,样本不足，暂按来源分组权重；时间衰减半衰期=14天,0.0
3746540,1549,2026-08-28 09:17:46,30,0x57d8e75f473cd6346495c9b6760a580018e840e6,smart_money,N,50.0,1.4,0,0,,,0,,,0,,,0,,,0,,,,,0.0,,,样本不足，暂按来源分组权重；时间衰减半衰期=14天,0.0
3746541,1549,2026-08-28 09:17:46,30,0x57febe9bf4cc255b4ac72c6fdb52a19a059a9ef0,smart_money,N,50.0,1.4,0,0,,,0,,,0,,,0,,,0,,,,,0.0,,,样本不足，暂按来源分组权重；时间衰减半衰期=14天,0.0
3746542,1549,2026-08-28 09:17:46,30,0x58120e7628a3d85fbaff5faa84d178eacd213c9b,smart_money,N,50.0,1.4,0,0,,,0,,,0,,,0,,,0,,,,,0.0,,,样本不足，暂按来源分组权重；时间衰减半衰期=14天,0.0
3746543,1549,2026-08-28 09:17:46,30,0x581796f091e9304d7796a86916886d95fa544dad,smart_money,N,50.0,1.4,0,0,,,0,,,0,,,0,,,0,,,,,0.0,,,样本不足，暂按来源分组权重；时间衰减半衰期=14天,0.0
3746544,1549,2026-08-28 09:17:46,30,0x5846ac5619d2a762751b1663d86a402085505765,money_printer,N,50.0,1.2,0,0,,,0,,,0,,,0,,,0,,,,,0.0,,,样本不足，暂按来源分组权重；时间衰减半衰期=14天,0.0
3746545,1549,2026-08-28 09:17:46,30,0x58749ca7cb7e7d92da06cee9ee5d625515b96682,smart_money,N,50.0,1.4,0,0,,,0,,,0,,,0,,,0,,,,,0.0,,,样本不足，暂按来源分组权重；时间衰减半衰期=14天,0.0
3746546,1549,2026-08-28 09:17:46,30,0x5875d72130981b18692a3d29545e4038f7eb0c38,smart_money,N,50.0,1.4,3,3,0.3523752674255572,0.40374463243415865,3,0.0,-4.841536452270605,1,0.0,-30.339402676360905,0,,,0,,,-5.539393875697208,,0.0,2026-08-22 09:17:11,WLD,样本不足，暂按来源分组权重；时间衰减半衰期=14天,2.0825478631338226
3746547,1549,2026-08-28 09:17:46,30,0x588432f54227364caf999a6df88dbf86a90f4772,smart_money,N,50.0,1.4,0,0,,,0,,,0,,,0,,,0,,,,,0.0,,,样本不足，暂按来源分组权重；时间衰减半衰期=14天,0.0
3746548,1549,2026-08-28 09:17:46,30,0x58a049263e0754cb51a63248c34ffe07e8434899,smart_money,N,50.0,1.4,0,0,,,0,,,0,,,0,,,0,,,,,0.0,,,样本不足，暂按来源分组权重；时间衰减半衰期=14天,0.0
3746549,1549,2026-08-28 09:17:46,30,0x58a722b5f37435cab8957a17fc575bb136e0b48b,smart_money,N,50.0,1.4,0,0,,,0,,,0,,,0,,,0,,,,,0.0,,,样本不足，暂按来源分组权重；时间衰减半衰期=14天,0.0
3746550,1549,2026-08-28 09:17:46,30,0x58a800ab969e69481dd8c952dabff14934f0fdce,money_printer,N,50.0,1.2,0,0,,,0,,,0,,,0,,,0,,,,,0.0,,,样本不足，暂按来源分组权重；时间衰减半衰期=14天,0.0
3746551,1549,2026-08-28 09:17:46,30,0x58bfdd9459a2f07bcd204efcbc4595982ac92bb1,smart_money,N,50.0,1.4,0,0,,,0,,,0,,,0,,,0,,,,,0.0,,,样本不足，暂按来源分组权重；时间衰减半衰期=14天,0.0
3746552,1549,2026-08-28 09:17:46,30,0x58cbd807135f66e8c9b4f39eea92a612b477bf00,money_printer,N,50.0,1.2,0,0,,,0,,,0,,,0,,,0,,,,,0.0,,,样本不足，暂按来源分组权重；时间衰减半衰期=14天,0.0
3746553,1549,2026-08-28 09:17:46,30,0x58d143119b3529ed4b291b5e0dc9a30e89d1f6ad,smart_money,N,50.0,1.4,0,0,,,0,,,0,,,0,,,0,,,,,0.0,,,样本不足，暂按来源分组权重；时间衰减半衰期=14天,0.0
3746554,1549,2026-08-28 09:17:46,30,0x58e1b0e63c905d5982324fcd9108582623b8132e,smart_money,N,50.0,1.4,0,0,,,0,,,0,,,0,,,0,,,,,0.0,,,样本不足，暂按来源分组权重；时间衰减半衰期=14天,0.0
3746555,1549,2026-08-28 09:17:46,30,0x592838c5d6ffb870c20bf4f13d1089259354d5f9,smart_money,N,50.0,1.4,0,0,,,0,,,0,,,0,,,0,,,,,0.0,,,样本不足，暂按来源分组权重；时间衰减半衰期=14天,0.0
3746556,1549,2026-08-28 09:17:46,30,0x59319c81c0cf3d02e3b68996c2dfe47308a006dc,smart_money,N,50.0,1.4,0,0,,,0,,,0,,,0,,,0,,,,,0.0,,,样本不足，暂按来源分组权重；时间衰减半衰期=14天,0.0
3746557,1549,2026-08-28 09:17:46,30,0x5970d203949c26e7b80a262648f400e44df6cf4e,smart_money,N,50.0,1.4,0,0,,,0,,,0,,,0,,,0,,,,,0.0,,,样本不足，暂按来源分组权重；时间衰减半衰期=14天,0.0
3746558,1549,2026-08-28 09:17:46,30,0x5986347c1d0133d02d307f08bb1efd44c2eb89d9,smart_money,R,19.21953601588495,-1.4,39,39,0.2873999029586715,0.1276991440052766,39,0.2956328863278741,1.4808264246307492,39,0.12464431548620765,2.312011254268373,37,0.26737056794177105,-0.7804639841150469,0,,,0.8004053567858195,,35.464421002237,2026-08-17 14:17:02,"ETH,SOL,BTC,ZEC",反向钱包：15d方向胜率和平均收益偏差；时间衰减半衰期=14天,13.051991496280415
3746559,1549,2026-08-28 09:17:46,30,0x598930e14f4496e77593d0ccc6d7ab2e9179bc29,smart_money,N,50.0,1.4,0,0,,,0,,,0,,,0,,,0,,,,,0.0,,,样本不足，暂按来源分组权重；时间衰减半衰期=14天,0.0
3746560,1549,2026-08-28 09:17:46,30,0x5a19bfe9c095c3bd188eca00a690b95200797aba,smart_money,N,50.0,1.4,0,0,,,0,,,0,,,0,,,0,,,,,0.0,,,样本不足，暂按来源分组权重；时间衰减半衰期=14天,0.0
3746561,1549,2026-08-28 09:17:46,30,0x5a209e55c592687bb3f105f2f645c09238612d1b,money_printer,N,50.0,1.2,0,0,,,0,,,0,,,0,,,0,,,,,0.0,,,样本不足，暂按来源分组权重；时间衰减半衰期=14天,0.0
3746562,1549,2026-08-28 09:17:46,30,0x5a29ad4553f8d1a7058ba7d6bd97cda39cfcc492,smart_money,N,50.0,1.4,0,0,,,0,,,0,,,0,,,0,,,,,0.0,,,样本不足，暂按来源分组权重；时间衰减半衰期=14天,0.0
3746563,1549,2026-08-28 09:17:46,30,0x5aadb434293b4e1b8fb2e84007e567506fe65a96,smart_money,N,50.0,1.4,0,0,,,0,,,0,,,0,,,0,,,,,0.0,,,样本不足，暂按来源分组权重；时间衰减半衰期=14天,0.0
3746564,1549,2026-08-28 09:17:46,30,0x5ad96a3986b9d2cfab1d39c68002edd17263f5ef,smart_money,N,50.0,1.4,0,0,,,0,,,0,,,0,,,0,,,,,0.0,,,样本不足，暂按来源分组权重；时间衰减半衰期=14天,0.0
3746565,1549,2026-08-28 09:17:46,30,0x5ae7fe9df15590e286152908112b82969f41c8b8,money_printer,N,50.0,1.2,0,0,,,0,,,0,,,0,,,0,,,,,0.0,,,样本不足，暂按来源分组权重；时间衰减半衰期=14天,0.0
3746566,1549,2026-08-28 09:17:46,30,0x5afe865300895b96d20132a8d9fa8e7829334b52,smart_money,N,50.0,1.4,0,0,,,0,,,0,,,0,,,0,,,,,0.0,,,样本不足，暂按来源分组权重；时间衰减半衰期=14天,0.0
3746567,1549,2026-08-28 09:17:46,30,0x5b1c220c5d481ae836a5457778f3175d62e48305,smart_money,N,50.0,1.4,0,0,,,0,,,0,,,0,,,0,,,,,0.0,,,样本不足，暂按来源分组权重；时间衰减半衰期=14天,0.0
3746568,1549,2026-08-28 09:17:46,30,0x5b236d19f680ff47e7bf2a9eb88fc5cc03d443a8,smart_money,C,47.91576690871994,0.77,27,25,0.5304799632316519,0.8597539936789067,23,0.38246218460947384,0.2298170870542594,21,0.25458320144006463,-0.6146400461722972,14,0.2714604889121148,1.2664290406657075,0,,,0.44590954209353617,,0.0,2026-08-27 14:18:02,HWAVE,C级：噪音偏多，降权参考，主周期=15d；时间衰减半衰期=14天,11.975237329610742
3746569,1549,2026-08-28 09:17:46,30,0x5b28335f6d5cd5a1ac3b66eb2edd2b917e7aa4a4,smart_money,N,50.0,1.4,0,0,,,0,,,0,,,0,,,0,,,,,0.0,,,样本不足，暂按来源分组权重；时间衰减半衰期=14天,0.0
3746570,1549,2026-08-28 09:17:46,30,0x5b53358eca5790fa4c268ad6813386b3a86549c7,money_printer,N,50.0,1.2,0,0,,,0,,,0,,,0,,,0,,,,,0.0,,,样本不足，暂按来源分组权重；时间衰减半衰期=14天,0.0
3746571,1549,2026-08-28 09:17:46,30,0x5b5d51203a0f9079f8aeb098a6523a13f298c060,money_printer,R,10.0,-1.2,48,48,0.43245170010538614,1.2641460916919796,47,0.2978992948670028,-1.5328604833272481,10,0.1279151471753096,-10.412515169482276,4,0.6059101174184413,15.361780930742999,0,,,-1.7677829603027049,,86.53357645195047,2026-08-26 07:17:44,"HYPE,SOL,XRP,PUMP,ETH",反向钱包：7d方向胜率和平均收益偏差；时间衰减半衰期=14天,34.66091070708143
3746572,1549,2026-08-28 09:17:46,30,0x5b5f798b94f54d33ba316c8b1c837e930c90c052,smart_money,N,50.0,1.4,10,9,0.5425426170099819,1.4701177298160255,3,0.3267117392722316,-1.2233447030733584,0,,,0,,,0,,,-1.1691299383961842,,0.0,2026-08-27 14:18:02,"ZEC,HYPE",样本不足，暂按来源分组权重；时间衰减半衰期=14天,7.801244432602817
3746573,1549,2026-08-28 09:17:46,30,0x5b6d236e39a4723a8f79db93cfd1af4d228f9c60,smart_money,N,50.0,1.4,1,1,0.0,-5.46185080207088,1,1.0,2.952154939579154,0,,,0,,,0,,,2.952154939579154,,0.0,2026-08-22 05:17:09,ZEC,样本不足，暂按来源分组权重；时间衰减半衰期=14天,0.7368757189983413
3746574,1549,2026-08-28 09:17:46,30,0x5b9306593ae710a66832c4101e019e3e96f65d0a,money_printer,N,50.0,1.2,0,0,,,0,,,0,,,0,,,0,,,,,0.0,,,样本不足，暂按来源分组权重；时间衰减半衰期=14天,0.0
3746575,1549,2026-08-28 09:17:46,30,0x5bba1df1bd0d44250246ef5b4697e9b847530dc4,smart_money,N,50.0,1.4,0,0,,,0,,,0,,,0,,,0,,,,,0.0,,,样本不足，暂按来源分组权重；时间衰减半衰期=14天,0.0
3746576,1549,2026-08-28 09:17:46,30,0x5bc43f38c2ddcd85857f218674cd384f172c3b0c,money_printer,N,50.0,1.2,0,0,,,0,,,0,,,0,,,0,,,,,0.0,,,样本不足，暂按来源分组权重；时间衰减半衰期=14天,0.0
3746577,1549,2026-08-28 09:17:46,30,0x5c0db52c100b26f7add20caadf6d65cf475fd377,smart_money,N,50.0,1.4,0,0,,,0,,,0,,,0,,,0,,,,,0.0,,,样本不足，暂按来源分组权重；时间衰减半衰期=14天,0.0
3746578,1549,2026-08-28 09:17:46,30,0x5c3f8fdc2c99cd27576f36d13446f33c58e67a24,smart_money,N,50.0,1.4,0,0,,,0,,,0,,,0,,,0,,,,,0.0,,,样本不足，暂按来源分组权重；时间衰减半衰期=14天,0.0
3746579,1549,2026-08-28 09:17:46,30,0x5c5267a02593366f681365ec057e2c5099fa6f88,smart_money,N,50.0,1.4,0,0,,,0,,,0,,,0,,,0,,,,,0.0,,,样本不足，暂按来源分组权重；时间衰减半衰期=14天,0.0
3746580,1549,2026-08-28 09:17:46,30,0x5c90ce5f9d84b6011385ae01366c5726c39bf23a,smart_money,N,50.0,1.4,0,0,,,0,,,0,,,0,,,0,,,,,0.0,,,样本不足，暂按来源分组权重；时间衰减半衰期=14天,0.0
3746581,1549,2026-08-28 09:17:46,30,0x5c9b5f1f13aa845d46a16a4036f1ba7eff7de431,money_printer,N,50.0,1.2,0,0,,,0,,,0,,,0,,,0,,,,,0.0,,,样本不足，暂按来源分组权重；时间衰减半衰期=14天,0.0
3746582,1549,2026-08-28 09:17:46,30,0x5c9c9ab381c841530464ef9ee402568f84c3b676,money_printer,N,50.0,1.2,0,0,,,0,,,0,,,0,,,0,,,,,0.0,,,样本不足，暂按来源分组权重；时间衰减半衰期=14天,0.0
3746583,1549,2026-08-28 09:17:46,30,0x5cb20485ede692b76ad1f12ee70d089437b99de8,smart_money,N,50.0,1.4,0,0,,,0,,,0,,,0,,,0,,,,,0.0,,,样本不足，暂按来源分组权重；时间衰减半衰期=14天,0.0
3746584,1549,2026-08-28 09:17:46,30,0x5cbdb794b3b36df58a7ce6c1a552f117f061103b,smart_money,N,50.0,1.4,0,0,,,0,,,0,,,0,,,0,,,,,0.0,,,样本不足，暂按来源分组权重；时间衰减半衰期=14天,0.0
3746585,1549,2026-08-28 09:17:46,30,0x5cd30f546267012ef19704616fc77ed27f790ec2,smart_money,N,50.0,1.4,0,0,,,0,,,0,,,0,,,0,,,,,0.0,,,样本不足，暂按来源分组权重；时间衰减半衰期=14天,0.0
3746586,1549,2026-08-28 09:17:46,30,0x5cddd9a435aabecbea14d7abe24f546ff24ccb94,smart_money,N,50.0,1.4,0,0,,,0,,,0,,,0,,,0,,,,,0.0,,,样本不足，暂按来源分组权重；时间衰减半衰期=14天,0.0
3746587,1549,2026-08-28 09:17:46,30,0x5cfd4e2c982a66b32120e43b016f29c21cbe9b7b,smart_money,N,50.0,1.4,0,0,,,0,,,0,,,0,,,0,,,,,0.0,,,样本不足，暂按来源分组权重；时间衰减半衰期=14天,0.0
3746588,1549,2026-08-28 09:17:46,30,0x5d1211d66d13b2f66413e9af3cf5485596418dd6,money_printer,N,50.0,1.2,0,0,,,0,,,0,,,0,,,0,,,,,0.0,,,样本不足，暂按来源分组权重；时间衰减半衰期=14天,0.0
3746589,1549,2026-08-28 09:17:46,30,0x5d2f4460ac3514ada79f5d9838916e508ab39bb7,money_printer,N,50.0,1.2,0,0,,,0,,,0,,,0,,,0,,,,,0.0,,,样本不足，暂按来源分组权重；时间衰减半衰期=14天,0.0
3746590,1549,2026-08-28 09:17:46,30,0x5d8265f9f86d0b354d24ce76146aa7b6054001f8,smart_money,N,50.0,1.4,0,0,,,0,,,0,,,0,,,0,,,,,0.0,,,样本不足，暂按来源分组权重；时间衰减半衰期=14天,0.0
3746591,1549,2026-08-28 09:17:46,30,0x5d9d19a3e5005225f13780fa10c198f87816670d,smart_money,N,50.0,1.4,0,0,,,0,,,0,,,0,,,0,,,,,0.0,,,样本不足，暂按来源分组权重；时间衰减半衰期=14天,0.0
3746592,1549,2026-08-28 09:17:46,30,0x5dc26505b5118adc172fd8ef764a1c5af60667cb,smart_money,N,50.0,1.4,0,0,,,0,,,0,,,0,,,0,,,,,0.0,,,样本不足，暂按来源分组权重；时间衰减半衰期=14天,0.0
3746593,1549,2026-08-28 09:17:46,30,0x5dca07e29b8fe52932872f6ccf8da2a2b72297cf,money_printer,N,50.0,1.2,0,0,,,0,,,0,,,0,,,0,,,,,0.0,,,样本不足，暂按来源分组权重；时间衰减半衰期=14天,0.0
3746594,1549,2026-08-28 09:17:46,30,0x5df2fed8188902f86f2074b70fd36ed3a39a1256,smart_money,N,50.0,1.4,0,0,,,0,,,0,,,0,,,0,,,,,0.0,,,样本不足，暂按来源分组权重；时间衰减半衰期=14天,0.0
3746595,1549,2026-08-28 09:17:46,30,0x5e0c78f6360514ac1d4ea4ab9a2a232284458e69,smart_money,N,50.0,1.4,0,0,,,0,,,0,,,0,,,0,,,,,0.0,,,样本不足，暂按来源分组权重；时间衰减半衰期=14天,0.0
3746596,1549,2026-08-28 09:17:46,30,0x5e13d5cedbddd7237f659947ce64bec1294e2607,money_printer,N,50.0,1.2,0,0,,,0,,,0,,,0,,,0,,,,,0.0,,,样本不足，暂按来源分组权重；时间衰减半衰期=14天,0.0
3746597,1549,2026-08-28 09:17:46,30,0x5e8e18557c0df89fb79a41941c03768da69100af,smart_money,N,50.0,1.4,0,0,,,0,,,0,,,0,,,0,,,,,0.0,,,样本不足，暂按来源分组权重；时间衰减半衰期=14天,0.0
3746598,1549,2026-08-28 09:17:46,30,0x5e9eadc22514f35af45de3ea4c3c9e56d21435ee,smart_money,N,50.0,1.4,0,0,,,0,,,0,,,0,,,0,,,,,0.0,,,样本不足，暂按来源分组权重；时间衰减半衰期=14天,0.0
3746599,1549,2026-08-28 09:17:46,30,0x5eeb5a0cb514bf3843d5f1c24752ee0e3b08f46c,smart_money,N,50.0,1.4,0,0,,,0,,,0,,,0,,,0,,,,,0.0,,,样本不足，暂按来源分组权重；时间衰减半衰期=14天,0.0
3746600,1549,2026-08-28 09:17:46,30,0x5efc5eaa41ebfefcc122e7600d3ac81549b6dd8d,smart_money,N,50.0,1.4,4,4,0.3533184019041713,-2.1322457639110906,4,0.3533184019041713,0.9195399059756745,4,0.3533184019041713,-0.37300326108511245,2,0.0,0.1672080824141373,0,,,0.8733121672360276,,0.0,2026-08-20 09:17:04,NEKO,样本不足，暂按来源分组权重；时间衰减半衰期=14天,1.8389745303794236
3746601,1549,2026-08-28 09:17:46,30,0x5f1055597a652a50c67e62bcf2912dc621bfd49d,smart_money,N,50.0,1.4,0,0,,,0,,,0,,,0,,,0,,,,,0.0,,,样本不足，暂按来源分组权重；时间衰减半衰期=14天,0.0
3746602,1549,2026-08-28 09:17:46,30,0x5f1ff6f82d95ee2aaf599577024c5d37c860b0a8,smart_money,N,50.0,1.4,0,0,,,0,,,0,,,0,,,0,,,,,0.0,,,样本不足，暂按来源分组权重；时间衰减半衰期=14天,0.0
3746603,1549,2026-08-28 09:17:46,30,0x5f4f59301e46bf6f6603a8c4cf826bdac70339d1,smart_money,N,50.0,1.4,0,0,,,0,,,0,,,0,,,0,,,,,0.0,,,样本不足，暂按来源分组权重；时间衰减半衰期=14天,0.0
3746604,1549,2026-08-28 09:17:46,30,0x5f6fd9d880be6e209d5ee7a5517dfb40b8a9d81b,smart_money,N,50.0,1.4,0,0,,,0,,,0,,,0,,,0,,,,,0.0,,,样本不足，暂按来源分组权重；时间衰减半衰期=14天,0.0
3746605,1549,2026-08-28 09:17:46,30,0x5f77dc3b3641d06f68800e07bd0a65d949918b24,smart_money,N,50.0,1.4,0,0,,,0,,,0,,,0,,,0,,,,,0.0,,,样本不足，暂按来源分组权重；时间衰减半衰期=14天,0.0
3746606,1549,2026-08-28 09:17:46,30,0x5f94a51948d2376ad34a6fadfa2544e651b74b96,money_printer,N,50.0,1.2,2,2,1.0,8.341147219836998,2,0.4974143307832276,4.773161485025374,0,,,0,,,0,,,4.821226485610758,,0.0,2026-08-22 11:17:51,"PUMP,TRUMP",样本不足，暂按来源分组权重；时间衰减半衰期=14天,1.4844655841049035
3746607,1549,2026-08-28 09:17:46,30,0x5fbd0c50d414a58c1194696391cccdb0a3750d1c,smart_money,N,50.0,1.4,0,0,,,0,,,0,,,0,,,0,,,,,0.0,,,样本不足，暂按来源分组权重；时间衰减半衰期=14天,0.0
3746608,1549,2026-08-28 09:17:46,30,0x5fdbf83c3d95d525704f61401db68cbec1b2a775,smart_money,N,50.0,1.4,0,0,,,0,,,0,,,0,,,0,,,,,0.0,,,样本不足，暂按来源分组权重；时间衰减半衰期=14天,0.0
3746609,1549,2026-08-28 09:17:46,30,0x5fe77169ee8a147ee63662160449c9bc84570f3b,smart_money,N,50.0,1.4,0,0,,,0,,,0,,,0,,,0,,,,,0.0,,,样本不足，暂按来源分组权重；时间衰减半衰期=14天,0.0
3746610,1549,2026-08-28 09:17:46,30,0x603f6575750b2da949a84ff412b68e762bcd75a3,smart_money,N,50.0,1.4,0,0,,,0,,,0,,,0,,,0,,,,,0.0,,,样本不足，暂按来源分组权重；时间衰减半衰期=14天,0.0
3746611,1549,2026-08-28 09:17:46,30,0x60826ae62cbe3bfaabc1ba335627adc858435e14,smart_money,N,50.0,1.4,0,0,,,0,,,0,,,0,,,0,,,,,0.0,,,样本不足，暂按来源分组权重；时间衰减半衰期=14天,0.0
3746612,1549,2026-08-28 09:17:46,30,0x60a8c761f39696b3b419f31dcda20b405cb685f6,money_printer,N,50.0,1.2,0,0,,,0,,,0,,,0,,,0,,,,,0.0,,,样本不足，暂按来源分组权重；时间衰减半衰期=14天,0.0
3746613,1549,2026-08-28 09:17:46,30,0x60ceef10f9dd4a5d7874f22f461048ea96f475f6,smart_money,N,50.0,1.4,0,0,,,0,,,0,,,0,,,0,,,,,0.0,,,样本不足，暂按来源分组权重；时间衰减半衰期=14天,0.0
3746614,1549,2026-08-28 09:17:46,30,0x60fe5cbd886a778f584ffcc63833b068104d1f77,smart_money,N,50.0,1.4,0,0,,,0,,,0,,,0,,,0,,,,,0.0,,,样本不足，暂按来源分组权重；时间衰减半衰期=14天,0.0
3746615,1549,2026-08-28 09:17:46,30,0x610b8dd6b392d010c2b6ad8d121dfc09524cb613,smart_money,R,15.912081249491935,-1.4,12,12,0.2479745104860065,-2.8414801882782186,10,0.3082234226127248,-4.087918750508065,4,0.2553226957702293,-11.691948247125381,0,,,0,,,-4.501229320801025,,55.387602386028554,2026-08-26 06:17:55,"SOL,HYPE,DOGE",反向钱包：72h方向胜率和平均收益偏差；时间衰减半衰期=14天,9.05439885924353
3746616,1549,2026-08-28 09:17:46,30,0x612cb0b6b1d2b6108386c408f6215df1e2ce15d8,smart_money,N,50.0,1.4,0,0,,,0,,,0,,,0,,,0,,,,,0.0,,,样本不足，暂按来源分组权重；时间衰减半衰期=14天,0.0
3746617,1549,2026-08-28 09:17:46,30,0x615d54d75193c93f28166adcf7b615d5d47b4dbe,smart_money,N,50.0,1.4,0,0,,,0,,,0,,,0,,,0,,,,,0.0,,,样本不足，暂按来源分组权重；时间衰减半衰期=14天,0.0
3746618,1549,2026-08-28 09:17:46,30,0x615f9484c8f46ca4fd4d2c0291c42661043a3d87,smart_money,N,50.0,1.4,0,0,,,0,,,0,,,0,,,0,,,,,0.0,,,样本不足，暂按来源分组权重；时间衰减半衰期=14天,0.0
3746619,1549,2026-08-28 09:17:46,30,0x616d43c28a376d835d336383fd9423090651dbd6,smart_money,N,50.0,1.4,0,0,,,0,,,0,,,0,,,0,,,,,0.0,,,样本不足，暂按来源分组权重；时间衰减半衰期=14天,0.0
3746620,1549,2026-08-28 09:17:46,30,0x617eb09d7869de4ea8a9768c5c657ff7c2d80f97,smart_money,N,50.0,1.4,0,0,,,0,,,0,,,0,,,0,,,,,0.0,,,样本不足，暂按来源分组权重；时间衰减半衰期=14天,0.0
3746621,1549,2026-08-28 09:17:46,30,0x618d69438f6c5785a72d0024a8cb73b81c356e34,smart_money,N,50.0,1.4,0,0,,,0,,,0,,,0,,,0,,,,,0.0,,,样本不足，暂按来源分组权重；时间衰减半衰期=14天,0.0
3746622,1549,2026-08-28 09:17:46,30,0x6195e397e225cac7a04af74cba2d7ddbba1a419a,smart_money,N,50.0,1.4,0,0,,,0,,,0,,,0,,,0,,,,,0.0,,,样本不足，暂按来源分组权重；时间衰减半衰期=14天,0.0
3746623,1549,2026-08-28 09:17:46,30,0x61b6cfd715d70df1b1822763639e75a575a23c12,smart_money,N,50.0,1.4,0,0,,,0,,,0,,,0,,,0,,,,,0.0,,,样本不足，暂按来源分组权重；时间衰减半衰期=14天,0.0
3746624,1549,2026-08-28 09:17:46,30,0x61bf199fabf0d2ec9dc98b9bcf8084aca32bc0de,smart_money,N,50.0,1.4,5,5,0.6735985686294654,5.987127334200227,5,0.7561560024979614,11.180487586054763,5,0.6735985686294654,10.822962433886811,1,0.0,-5.614900285168413,0,,,10.42194517674483,,0.0,2026-08-21 09:17:08,"HYPE,BNB",样本不足，暂按来源分组权重；时间衰减半衰期=14天,2.8997694879691585
3746625,1549,2026-08-28 09:17:46,30,0x61ceef212ff4a86933c69fb6aca2fe35d8f2a62b,money_printer,C,54.64759087055666,0.66,30,20,0.41932381144039094,0.9380524647944174,18,0.3339857394786103,0.05081916390797261,3,0.28609109733375704,-1.30901361054515,0,,,0,,,-0.09817574772084048,,0.0,2026-08-28 07:17:43,"BTC,ETH,ZEC,HYPE,ENA",C级：噪音偏多，降权参考，主周期=72h；时间衰减半衰期=14天,15.034250791779462
3746626,1549,2026-08-28 09:17:46,30,0x61d897b1246fd61076914b619310707dc0be790e,smart_money,N,50.0,1.4,0,0,,,0,,,0,,,0,,,0,,,,,0.0,,,样本不足，暂按来源分组权重；时间衰减半衰期=14天,0.0
3746627,1549,2026-08-28 09:17:46,30,0x61f2bb695d81ac9fce0b1d01fd45cc6b2925a571,smart_money,N,50.0,1.4,1,1,0.0,0.0,1,0.0,0.0,0,,,0,,,0,,,0.0,,0.0,2026-08-21 18:17:05,KNTQ,样本不足，暂按来源分组权重；时间衰减半衰期=14天,0.720340946308399
3746628,1549,2026-08-28 09:17:46,30,0x621c5551678189b9a6c94d929924c225ff1d63ab,money_printer,N,50.0,1.2,1,0,,,0,,,0,,,0,,,0,,,,,0.0,2026-08-27 19:18:03,SOL,样本不足，暂按来源分组权重；时间衰减半衰期=14天,0.0
3746629,1549,2026-08-28 09:17:46,30,0x623c09f8c389131a5b45985df6e67ff31a504165,smart_money,N,50.0,1.4,0,0,,,0,,,0,,,0,,,0,,,,,0.0,,,样本不足，暂按来源分组权重；时间衰减半衰期=14天,0.0
3746630,1549,2026-08-28 09:17:46,30,0x625a341283aa40c3e2ddc13921ab1850013f23a6,smart_money,N,50.0,1.4,0,0,,,0,,,0,,,0,,,0,,,,,0.0,,,样本不足，暂按来源分组权重；时间衰减半衰期=14天,0.0
3746631,1549,2026-08-28 09:17:46,30,0x625e239e46d3ad052e23f396de3a569f6fd504e7,money_printer,N,50.0,1.2,6,6,0.19156946180944612,-0.09947602720093773,6,0.5016305380937894,0.15526014364199664,6,0.37350988873768587,0.052852120491638115,2,0.5010310377785512,0.12150774402795596,0,,,0.11505394502338984,,0.0,2026-08-17 01:16:58,NEKO,样本不足，暂按来源分组权重；时间衰减半衰期=14天,2.9783163548723453
3746632,1549,2026-08-28 09:17:46,30,0x627b21c82c46b349e053048659eb52c52e4bc007,smart_money,N,50.0,1.4,0,0,,,0,,,0,,,0,,,0,,,,,0.0,,,样本不足，暂按来源分组权重；时间衰减半衰期=14天,0.0
3746633,1549,2026-08-28 09:17:46,30,0x6281f807954f90110c626ba37b183bf9f94fae8d,smart_money,N,50.0,1.4,0,0,,,0,,,0,,,0,,,0,,,,,0.0,,,样本不足，暂按来源分组权重；时间衰减半衰期=14天,0.0
3746634,1549,2026-08-28 09:17:46,30,0x630daeb3f561a58475205f5730335c13de507b4e,money_printer,N,50.0,1.2,0,0,,,0,,,0,,,0,,,0,,,,,0.0,,,样本不足，暂按来源分组权重；时间衰减半衰期=14天,0.0
3746635,1549,2026-08-28 09:17:46,30,0x631abae0e172c21dd37fa303bdd9deec22d32a04,smart_money,N,50.0,1.4,0,0,,,0,,,0,,,0,,,0,,,,,0.0,,,样本不足，暂按来源分组权重；时间衰减半衰期=14天,0.0
3746636,1549,2026-08-28 09:17:46,30,0x63286282fe46eed057c18e108ecf27bd3089c847,smart_money,N,50.0,1.4,0,0,,,0,,,0,,,0,,,0,,,,,0.0,,,样本不足，暂按来源分组权重；时间衰减半衰期=14天,0.0
3746637,1549,2026-08-28 09:17:46,30,0x633fe8fa1940888c7e81f1af57116c77b2fe1bda,smart_money,N,50.0,1.4,0,0,,,0,,,0,,,0,,,0,,,,,0.0,,,样本不足，暂按来源分组权重；时间衰减半衰期=14天,0.0
3746638,1549,2026-08-28 09:17:46,30,0x6355f7cf36b24044cd5b089a845113327d0ee58e,money_printer,N,50.0,1.2,0,0,,,0,,,0,,,0,,,0,,,,,0.0,,,样本不足，暂按来源分组权重；时间衰减半衰期=14天,0.0
3746639,1549,2026-08-28 09:17:46,30,0x63618d66c7a6a487491e2d0793f7b5b1c86485c0,smart_money,N,50.0,1.4,0,0,,,0,,,0,,,0,,,0,,,,,0.0,,,样本不足，暂按来源分组权重；时间衰减半衰期=14天,0.0
3746640,1549,2026-08-28 09:17:46,30,0x6361d059ce1d9f49991dc7410972d3ad7b698773,smart_money,N,50.0,1.4,0,0,,,0,,,0,,,0,,,0,,,,,0.0,,,样本不足，暂按来源分组权重；时间衰减半衰期=14天,0.0
3746641,1549,2026-08-28 09:17:46,30,0x639c38ad64462870cca86a9cfa633b27cb7361f8,smart_money,N,50.0,1.4,0,0,,,0,,,0,,,0,,,0,,,,,0.0,,,样本不足，暂按来源分组权重；时间衰减半衰期=14天,0.0
3746642,1549,2026-08-28 09:17:46,30,0x63d417a577b50c96f4f09148d4e4d70950db0522,money_printer,N,50.0,1.2,1,1,0.0,-2.756900910885606,0,,,0,,,0,,,0,,,,,0.0,2026-08-25 21:18:07,XRP,样本不足，暂按来源分组权重；时间衰减半衰期=14天,0.8835881236109304
3746643,1549,2026-08-28 09:17:46,30,0x6410b0886a1f0db4c1242e1190013fe4b1e85bcd,smart_money,N,50.0,1.4,0,0,,,0,,,0,,,0,,,0,,,,,0.0,,,样本不足，暂按来源分组权重；时间衰减半衰期=14天,0.0
3746644,1549,2026-08-28 09:17:46,30,0x6417da1d2452a4b4a81aa151b7235ffec865082f,money_printer,N,50.0,1.2,0,0,,,0,,,0,,,0,,,0,,,,,0.0,,,样本不足，暂按来源分组权重；时间衰减半衰期=14天,0.0
3746645,1549,2026-08-28 09:17:46,30,0x641edd3f198101eb13ce9228a415cbf02b62b6c8,smart_money,N,50.0,1.4,0,0,,,0,,,0,,,0,,,0,,,,,0.0,,,样本不足，暂按来源分组权重；时间衰减半衰期=14天,0.0
3746646,1549,2026-08-28 09:17:46,30,0x6427ef069a0ffa80c2dbf675479833500f429eca,smart_money,N,50.0,1.4,0,0,,,0,,,0,,,0,,,0,,,,,0.0,,,样本不足，暂按来源分组权重；时间衰减半衰期=14天,0.0
3746647,1549,2026-08-28 09:17:46,30,0x643430283b19fa5bd70a1138b495c2b43523cdd5,money_printer,N,50.0,1.2,0,0,,,0,,,0,,,0,,,0,,,,,0.0,,,样本不足，暂按来源分组权重；时间衰减半衰期=14天,0.0
3746648,1549,2026-08-28 09:17:46,30,0x643a1bef23ebe06af0ff69de2074b776ecf799a4,smart_money,N,50.0,1.4,0,0,,,0,,,0,,,0,,,0,,,,,0.0,,,样本不足，暂按来源分组权重；时间衰减半衰期=14天,0.0
3746649,1549,2026-08-28 09:17:46,30,0x643b713c5c6b86f74c0bbd77d0fe257acc772801,money_printer,N,50.0,1.2,0,0,,,0,,,0,,,0,,,0,,,,,0.0,,,样本不足，暂按来源分组权重；时间衰减半衰期=14天,0.0
3746650,1549,2026-08-28 09:17:46,30,0x644f7170fae9d4d173d9217f03b7a77e22ed98f1,smart_money,N,50.0,1.4,0,0,,,0,,,0,,,0,,,0,,,,,0.0,,,样本不足，暂按来源分组权重；时间衰减半衰期=14天,0.0
3746651,1549,2026-08-28 09:17:46,30,0x645b2eeaa0a46df3c4211bebda1b2c7703e287b8,money_printer,R,18.88261504587316,-1.2,16,15,0.28310305551684795,-0.8560529909003409,12,0.1901384545921537,-1.1173849541268406,7,0.08269350310882376,-6.951315951394193,4,1.0,7.83111600292203,0,,,-0.5994035085691798,,50.51692689827014,2026-08-27 15:17:55,"HYPE,ETH",反向钱包：72h方向胜率和平均收益偏差；时间衰减半衰期=14天,9.682546231478465
3746652,1549,2026-08-28 09:17:46,30,0x649156ebf0a350deb18a1e4835873defd4dc5349,money_printer,N,50.0,1.2,0,0,,,0,,,0,,,0,,,0,,,,,0.0,,,样本不足，暂按来源分组权重；时间衰减半衰期=14天,0.0
3746653,1549,2026-08-28 09:17:46,30,0x649568dbdea4a6a1937901ca1e44dd293ead52b8,money_printer,N,50.0,1.2,0,0,,,0,,,0,,,0,,,0,,,,,0.0,,,样本不足，暂按来源分组权重；时间衰减半衰期=14天,0.0
3746654,1549,2026-08-28 09:17:46,30,0x64b2627e0c33b44d5a78ca2b5289abd0c306a5de,smart_money,N,50.0,1.4,0,0,,,0,,,0,,,0,,,0,,,,,0.0,,,样本不足，暂按来源分组权重；时间衰减半衰期=14天,0.0
3746655,1549,2026-08-28 09:17:46,30,0x64d0c26f561c1a653a2fe48337e9970275564d45,smart_money,N,50.0,1.4,0,0,,,0,,,0,,,0,,,0,,,,,0.0,,,样本不足，暂按来源分组权重；时间衰减半衰期=14天,0.0
3746656,1549,2026-08-28 09:17:46,30,0x64dd467d1e5c2cf2be87fea20713159dbc12ca76,smart_money,N,50.0,1.4,0,0,,,0,,,0,,,0,,,0,,,,,0.0,,,样本不足，暂按来源分组权重；时间衰减半衰期=14天,0.0
3746657,1549,2026-08-28 09:17:46,30,0x64f4e14a603a6383f459e16f4781a6b30611dfb8,smart_money,N,50.0,1.4,0,0,,,0,,,0,,,0,,,0,,,,,0.0,,,样本不足，暂按来源分组权重；时间衰减半衰期=14天,0.0
3746658,1549,2026-08-28 09:17:46,30,0x64ffaa34fffc59e84d3e7731812b3a63397af7c6,smart_money,N,50.0,1.4,0,0,,,0,,,0,,,0,,,0,,,,,0.0,,,样本不足，暂按来源分组权重；时间衰减半衰期=14天,0.0
3746659,1549,2026-08-28 09:17:46,30,0x654086857e1fad6dcf05cf6695cce51ea3984268,smart_money,N,50.0,1.4,0,0,,,0,,,0,,,0,,,0,,,,,0.0,,,样本不足，暂按来源分组权重；时间衰减半衰期=14天,0.0
3746660,1549,2026-08-28 09:17:46,30,0x654ed1d8631de7feb6b4e5fd9965687504a80c4a,smart_money,N,50.0,1.4,0,0,,,0,,,0,,,0,,,0,,,,,0.0,,,样本不足，暂按来源分组权重；时间衰减半衰期=14天,0.0
3746661,1549,2026-08-28 09:17:46,30,0x655b62e1a4ca9cfe5c761b8dc3defda98be41e9f,smart_money,N,50.0,1.4,0,0,,,0,,,0,,,0,,,0,,,,,0.0,,,样本不足，暂按来源分组权重；时间衰减半衰期=14天,0.0
3746662,1549,2026-08-28 09:17:46,30,0x656c54089502d4ab36a35166b514ec761c33f4b7,smart_money,N,50.0,1.4,0,0,,,0,,,0,,,0,,,0,,,,,0.0,,,样本不足，暂按来源分组权重；时间衰减半衰期=14天,0.0
3746663,1549,2026-08-28 09:17:46,30,0x656c8da58d738295e03550796dd83900aa7c6525,money_printer,N,50.0,1.2,0,0,,,0,,,0,,,0,,,0,,,,,0.0,,,样本不足，暂按来源分组权重；时间衰减半衰期=14天,0.0
3746664,1549,2026-08-28 09:17:46,30,0x6579896dfcca97db2cd59d26673918f18c7d89e0,money_printer,N,50.0,1.2,0,0,,,0,,,0,,,0,,,0,,,,,0.0,,,样本不足，暂按来源分组权重；时间衰减半衰期=14天,0.0
3746665,1549,2026-08-28 09:17:46,30,0x657cf179cc91ccfc8cd534d5015a49e690b495f1,smart_money,N,50.0,1.4,0,0,,,0,,,0,,,0,,,0,,,,,0.0,,,样本不足，暂按来源分组权重；时间衰减半衰期=14天,0.0
3746666,1549,2026-08-28 09:17:46,30,0x65aee08c9235025355ac6c5ad020fb167ecef4fe,smart_money,N,50.0,1.4,0,0,,,0,,,0,,,0,,,0,,,,,0.0,,,样本不足，暂按来源分组权重；时间衰减半衰期=14天,0.0
3746667,1549,2026-08-28 09:17:46,30,0x65cf86e71afd816e6f9b8adaffab6a95b7bbbfd8,smart_money,N,50.0,1.4,0,0,,,0,,,0,,,0,,,0,,,,,0.0,,,样本不足，暂按来源分组权重；时间衰减半衰期=14天,0.0
3746668,1549,2026-08-28 09:17:46,30,0x65d0ab18172c32e37cd7f39d1ad3f9c5de8bdfb0,smart_money,N,50.0,1.4,0,0,,,0,,,0,,,0,,,0,,,,,0.0,,,样本不足，暂按来源分组权重；时间衰减半衰期=14天,0.0
3746669,1549,2026-08-28 09:17:46,30,0x65e51a6f396599558e647d7e4d8e6e6ca6ee4a9b,smart_money,N,50.0,1.4,0,0,,,0,,,0,,,0,,,0,,,,,0.0,,,样本不足，暂按来源分组权重；时间衰减半衰期=14天,0.0
3746670,1549,2026-08-28 09:17:46,30,0x65f1de0d3715941dad6a1279d8d0a96a2eeb8171,smart_money,N,50.0,1.4,0,0,,,0,,,0,,,0,,,0,,,,,0.0,,,样本不足，暂按来源分组权重；时间衰减半衰期=14天,0.0
3746671,1549,2026-08-28 09:17:46,30,0x6608d5342ca0fc0acf0c334c2496f1542af1fc71,smart_money,N,50.0,1.4,0,0,,,0,,,0,,,0,,,0,,,,,0.0,,,样本不足，暂按来源分组权重；时间衰减半衰期=14天,0.0
3746672,1549,2026-08-28 09:17:46,30,0x6628f829994f1756257e6c2468dabd675a530a1d,smart_money,N,50.0,1.4,0,0,,,0,,,0,,,0,,,0,,,,,0.0,,,样本不足，暂按来源分组权重；时间衰减半衰期=14天,0.0
3746673,1549,2026-08-28 09:17:46,30,0x66339a4c857997b2cb3a1139cc37f68fbdf9a795,smart_money,N,50.0,1.4,0,0,,,0,,,0,,,0,,,0,,,,,0.0,,,样本不足，暂按来源分组权重；时间衰减半衰期=14天,0.0
3746674,1549,2026-08-28 09:17:46,30,0x663f2673c6cef165d4e027585ed300a6b74245da,smart_money,N,50.0,1.4,0,0,,,0,,,0,,,0,,,0,,,,,0.0,,,样本不足，暂按来源分组权重；时间衰减半衰期=14天,0.0
3746675,1549,2026-08-28 09:17:46,30,0x6661db9a250e02444f6f9de670c6d923bcd84cc4,smart_money,N,50.0,1.4,0,0,,,0,,,0,,,0,,,0,,,,,0.0,,,样本不足，暂按来源分组权重；时间衰减半衰期=14天,0.0
3746676,1549,2026-08-28 09:17:46,30,0x6666885961fec8ed58ddb45637ea41c02d6423f5,money_printer,N,50.0,1.2,0,0,,,0,,,0,,,0,,,0,,,,,0.0,,,样本不足，暂按来源分组权重；时间衰减半衰期=14天,0.0
3746677,1549,2026-08-28 09:17:46,30,0x66701345620a1d2d81e37f9fd8c74491e8c7d525,smart_money,N,50.0,1.4,0,0,,,0,,,0,,,0,,,0,,,,,0.0,,,样本不足，暂按来源分组权重；时间衰减半衰期=14天,0.0
3746678,1549,2026-08-28 09:17:46,30,0x66778547fc5b3e2b2e9cecb943f560d49efb171c,smart_money,N,50.0,1.4,0,0,,,0,,,0,,,0,,,0,,,,,0.0,,,样本不足，暂按来源分组权重；时间衰减半衰期=14天,0.0
3746679,1549,2026-08-28 09:17:46,30,0x667b8184fcb9e83bf3180bb42f5c67374cde679a,smart_money,N,50.0,1.4,0,0,,,0,,,0,,,0,,,0,,,,,0.0,,,样本不足，暂按来源分组权重；时间衰减半衰期=14天,0.0
3746680,1549,2026-08-28 09:17:46,30,0x667c488d3a11b6fe829c5cdfec8f729faa16f78c,smart_money,N,50.0,1.4,0,0,,,0,,,0,,,0,,,0,,,,,0.0,,,样本不足，暂按来源分组权重；时间衰减半衰期=14天,0.0
3746681,1549,2026-08-28 09:17:46,30,0x6697186f603168d01797eded5bd149b44e62de27,smart_money,N,50.0,1.4,0,0,,,0,,,0,,,0,,,0,,,,,0.0,,,样本不足，暂按来源分组权重；时间衰减半衰期=14天,0.0
3746682,1549,2026-08-28 09:17:46,30,0x66a8e3766b64650fbe4e81a9a42e9ba96ae49db5,smart_money,N,50.0,1.4,0,0,,,0,,,0,,,0,,,0,,,,,0.0,,,样本不足，暂按来源分组权重；时间衰减半衰期=14天,0.0
3746683,1549,2026-08-28 09:17:46,30,0x66d1f704749ced8c60df03cd0ccfce05c5d87fae,smart_money,N,50.0,1.4,0,0,,,0,,,0,,,0,,,0,,,,,0.0,,,样本不足，暂按来源分组权重；时间衰减半衰期=14天,0.0
3746684,1549,2026-08-28 09:17:46,30,0x66d3b80a7c6dc33801414dd22cde23f25d3de4d6,smart_money,N,50.0,1.4,0,0,,,0,,,0,,,0,,,0,,,,,0.0,,,样本不足，暂按来源分组权重；时间衰减半衰期=14天,0.0
3746685,1549,2026-08-28 09:17:46,30,0x6707013459fa40ab655710bb08690693d539b113,smart_money,N,50.0,1.4,0,0,,,0,,,0,,,0,,,0,,,,,0.0,,,样本不足，暂按来源分组权重；时间衰减半衰期=14天,0.0
3746686,1549,2026-08-28 09:17:46,30,0x675462411d40a169c3397ac1dc00786dc9c7d3a1,smart_money,N,50.0,1.4,0,0,,,0,,,0,,,0,,,0,,,,,0.0,,,样本不足，暂按来源分组权重；时间衰减半衰期=14天,0.0
3746687,1549,2026-08-28 09:17:46,30,0x677d831aef5328190852e24f13c46cac05f984e7,money_printer,N,50.0,1.2,0,0,,,0,,,0,,,0,,,0,,,,,0.0,,,样本不足，暂按来源分组权重；时间衰减半衰期=14天,0.0
3746688,1549,2026-08-28 09:17:46,30,0x67870e072059b30eb06530cabebe2a8b50fecb04,smart_money,N,50.0,1.4,0,0,,,0,,,0,,,0,,,0,,,,,0.0,,,样本不足，暂按来源分组权重；时间衰减半衰期=14天,0.0
3746689,1549,2026-08-28 09:17:46,30,0x6788e111b25a244e7168847fe19bb1456a8398d4,smart_money,N,50.0,1.4,0,0,,,0,,,0,,,0,,,0,,,,,0.0,,,样本不足，暂按来源分组权重；时间衰减半衰期=14天,0.0
3746690,1549,2026-08-28 09:17:46,30,0x67a773143ea4fdaf7a77cc6069ffddb4573ff82b,smart_money,N,50.0,1.4,0,0,,,0,,,0,,,0,,,0,,,,,0.0,,,样本不足，暂按来源分组权重；时间衰减半衰期=14天,0.0
3746691,1549,2026-08-28 09:17:46,30,0x67b6baae5bd3c1b332b37859d8f12ecf78fd0752,money_printer,N,50.0,1.2,0,0,,,0,,,0,,,0,,,0,,,,,0.0,,,样本不足，暂按来源分组权重；时间衰减半衰期=14天,0.0
3746692,1549,2026-08-28 09:17:46,30,0x67c0fc4b0490ab7e76c08c2bbd30fac0059bbc7a,smart_money,N,50.0,1.4,0,0,,,0,,,0,,,0,,,0,,,,,0.0,,,样本不足，暂按来源分组权重；时间衰减半衰期=14天,0.0
3746693,1549,2026-08-28 09:17:46,30,0x67cd5c1c4548c7ec1a20fadefca19ad42e6230da,smart_money,N,50.0,1.4,0,0,,,0,,,0,,,0,,,0,,,,,0.0,,,样本不足，暂按来源分组权重；时间衰减半衰期=14天,0.0
3746694,1549,2026-08-28 09:17:46,30,0x67f053dc9f2d8d642615bd870719068a9978662b,smart_money,N,50.0,1.4,0,0,,,0,,,0,,,0,,,0,,,,,0.0,,,样本不足，暂按来源分组权重；时间衰减半衰期=14天,0.0
3746695,1549,2026-08-28 09:17:46,30,0x67f7aa8fb95c47e6ea9c517b623e0701cbf9d9ba,smart_money,N,50.0,1.4,0,0,,,0,,,0,,,0,,,0,,,,,0.0,,,样本不足，暂按来源分组权重；时间衰减半衰期=14天,0.0
3746696,1549,2026-08-28 09:17:46,30,0x67fcc46ed2a63971697dad2fc7bb0091fe89e51d,money_printer,N,50.0,1.2,0,0,,,0,,,0,,,0,,,0,,,,,0.0,,,样本不足，暂按来源分组权重；时间衰减半衰期=14天,0.0
3746697,1549,2026-08-28 09:17:46,30,0x6802b4267f7f2bf7003dcf993c51542245b38329,smart_money,N,50.0,1.4,0,0,,,0,,,0,,,0,,,0,,,,,0.0,,,样本不足，暂按来源分组权重；时间衰减半衰期=14天,0.0
3746698,1549,2026-08-28 09:17:46,30,0x6859da14835424957a1e6b397d8026b1d9ff7e1e,money_printer,R,10.0,-1.2,17,14,0.08102568636371438,-4.378992746127508,12,0.10642507003902103,-17.04553168614077,9,0.0,0.5588520485315032,7,0.1650299437582322,1.5677347063732454,0,,,-10.522161827048642,,89.97198879375664,2026-08-27 23:17:54,UPUMP,反向钱包：72h方向胜率和平均收益偏差；时间衰减半衰期=14天,7.468562533628936
3746699,1549,2026-08-28 09:17:46,30,0x687843224285d4d2eac58202085041647fa3bf8c,smart_money,N,50.0,1.4,0,0,,,0,,,0,,,0,,,0,,,,,0.0,,,样本不足，暂按来源分组权重；时间衰减半衰期=14天,0.0
3746700,1549,2026-08-28 09:17:46,30,0x6891ed9ee6a9d0649ffac2bcee814e6899a0e075,smart_money,N,50.0,1.4,0,0,,,0,,,0,,,0,,,0,,,,,0.0,,,样本不足，暂按来源分组权重；时间衰减半衰期=14天,0.0
3746701,1549,2026-08-28 09:17:46,30,0x689f15b91f1df16794177056982376721da16965,smart_money,N,50.0,1.4,0,0,,,0,,,0,,,0,,,0,,,,,0.0,,,样本不足，暂按来源分组权重；时间衰减半衰期=14天,0.0
3746702,1549,2026-08-28 09:17:46,30,0x68a24ccf099422806f1e73248517f3389c29c104,smart_money,N,50.0,1.4,0,0,,,0,,,0,,,0,,,0,,,,,0.0,,,样本不足，暂按来源分组权重；时间衰减半衰期=14天,0.0
3746703,1549,2026-08-28 09:17:46,30,0x68af3f19b7cf1934909bd43776050fe83b0ac654,smart_money,R,10.0,-1.4,38,36,0.5940434786391187,-0.6094484893344374,32,0.22071977484459535,-6.757017923953507,23,0.2441056456412366,-15.72623586286762,11,0.17820467117471042,-27.6977176234353,0,,,-6.507500711843192,,78.48725261204633,2026-08-28 03:17:51,"ZEC,PUMP,DOGE,HYPE,ASTER",反向钱包：15d方向胜率和平均收益偏差；时间衰减半衰期=14天,22.231370066064105
3746704,1549,2026-08-28 09:17:46,30,0x68c151a40b08c6d059d8eddfc0c57e18325c9e38,smart_money,N,50.0,1.4,0,0,,,0,,,0,,,0,,,0,,,,,0.0,,,样本不足，暂按来源分组权重；时间衰减半衰期=14天,0.0
3746705,1549,2026-08-28 09:17:46,30,0x68cd0d2bf68e54ea2d3feb090ff6683a99a0eec2,smart_money,N,50.0,1.4,0,0,,,0,,,0,,,0,,,0,,,,,0.0,,,样本不足，暂按来源分组权重；时间衰减半衰期=14天,0.0
3746706,1549,2026-08-28 09:17:46,30,0x68d017f8c75d22af6a48aa6f2f697c658ec15599,smart_money,N,50.0,1.4,0,0,,,0,,,0,,,0,,,0,,,,,0.0,,,样本不足，暂按来源分组权重；时间衰减半衰期=14天,0.0
3746707,1549,2026-08-28 09:17:46,30,0x68d39be8c66851afbb61abb3b2e0a8ef59b58e80,smart_money,N,50.0,1.4,0,0,,,0,,,0,,,0,,,0,,,,,0.0,,,样本不足，暂按来源分组权重；时间衰减半衰期=14天,0.0
3746708,1549,2026-08-28 09:17:46,30,0x68e7e72938db36a5cbbca7b52c71dbbaadfb8264,money_printer,N,50.0,1.2,0,0,,,0,,,0,,,0,,,0,,,,,0.0,,,样本不足，暂按来源分组权重；时间衰减半衰期=14天,0.0
3746709,1549,2026-08-28 09:17:46,30,0x68f1c1e8e1371d25dff689a3915196db6c5fba1a,smart_money,N,50.0,1.4,0,0,,,0,,,0,,,0,,,0,,,,,0.0,,,样本不足，暂按来源分组权重；时间衰减半衰期=14天,0.0
3746710,1549,2026-08-28 09:17:46,30,0x68f80ecef342044f84891641e81b50b5f580b6ad,smart_money,N,50.0,1.4,0,0,,,0,,,0,,,0,,,0,,,,,0.0,,,样本不足，暂按来源分组权重；时间衰减半衰期=14天,0.0
3746711,1549,2026-08-28 09:17:46,30,0x6957d2139d29e7db7913ac21e813f2a561e47ac8,smart_money,N,50.0,1.4,0,0,,,0,,,0,,,0,,,0,,,,,0.0,,,样本不足，暂按来源分组权重；时间衰减半衰期=14天,0.0
3746712,1549,2026-08-28 09:17:46,30,0x696adb8693ed15f14f8a80bb4f9fe061f58868db,smart_money,N,50.0,1.4,0,0,,,0,,,0,,,0,,,0,,,,,0.0,,,样本不足，暂按来源分组权重；时间衰减半衰期=14天,0.0
3746713,1549,2026-08-28 09:17:46,30,0x6979dde2781dc4ec843641b10b2a2f2e0f4bda62,money_printer,N,50.0,1.2,0,0,,,0,,,0,,,0,,,0,,,,,0.0,,,样本不足，暂按来源分组权重；时间衰减半衰期=14天,0.0
3746714,1549,2026-08-28 09:17:46,30,0x69906b0ed626ca01a4b7c001e5711e5714ccf207,"money_printer,smart_money",R,16.953815544718598,-1.5,13,13,0.2594565687162485,-0.9825602411102922,13,0.243261044029664,-3.046184455281402,9,0.10989516401037912,-6.474279720310167,0,,,0,,,-3.118686453421279,,57.44770859750498,2026-08-24 13:18:01,"KNTQ,HYPE,XRP,ETH",反向钱包：72h方向胜率和平均收益偏差；时间衰减半衰期=14天,8.498800339672526
3746715,1549,2026-08-28 09:17:46,30,0x69a31d37f231c1987c6f283ca508b4377a2369ff,smart_money,N,50.0,1.4,1,1,0.0,0.0,1,0.0,0.0,0,,,0,,,0,,,0.0,,0.0,2026-08-24 14:18:04,KNTQ,样本不足，暂按来源分组权重；时间衰减半衰期=14天,0.8288491996626582
3746716,1549,2026-08-28 09:17:46,30,0x69b05701f8175c276ecd0138387a197948e240bb,smart_money,R,10.0,-1.4,12,12,0.05273853160805299,0.1344627299329293,12,0.05273853160805299,-14.87532536023175,12,0.0,-19.703147627434962,6,0.18825677843706756,1.3783142626343048,0,,,-10.23587318098712,,100.0,2026-08-21 05:17:00,UPUMP,反向钱包：7d方向胜率和平均收益偏差；时间衰减半衰期=14天,5.802333467265329
3746717,1549,2026-08-28 09:17:46,30,0x69e45d4b853d2864450e0c25d12b43f2ad845272,money_printer,N,50.0,1.2,0,0,,,0,,,0,,,0,,,0,,,,,0.0,,,样本不足，暂按来源分组权重；时间衰减半衰期=14天,0.0
3746718,1549,2026-08-28 09:17:46,30,0x69eb16da29deeac170613a1cacb34227fc15f956,smart_money,N,50.0,1.4,0,0,,,0,,,0,,,0,,,0,,,,,0.0,,,样本不足，暂按来源分组权重；时间衰减半衰期=14天,0.0
3746719,1549,2026-08-28 09:17:46,30,0x6a02aedceac5a6813d960e4dae1910d9c458e77c,smart_money,N,50.0,1.4,2,2,1.0,3.1332711781674094,2,1.0,2.9305151747932188,0,,,0,,,0,,,2.902579348610099,,0.0,2026-08-23 07:17:51,"ETH,BTC",样本不足，暂按来源分组权重；时间衰减半衰期=14天,1.5053035085282274
3746720,1549,2026-08-28 09:17:46,30,0x6a02cace26bae56849bda4b0d0c865bff20cefe3,smart_money,N,50.0,1.4,0,0,,,0,,,0,,,0,,,0,,,,,0.0,,,样本不足，暂按来源分组权重；时间衰减半衰期=14天,0.0
3746721,1549,2026-08-28 09:17:46,30,0x6a2cec2bda4749f113676bd9a5f3e64277260efd,smart_money,N,50.0,1.4,0,0,,,0,,,0,,,0,,,0,,,,,0.0,,,样本不足，暂按来源分组权重；时间衰减半衰期=14天,0.0
3746722,1549,2026-08-28 09:17:46,30,0x6a572bb9d31ff710f882f33c21d8ba11a169a887,money_printer,N,50.0,1.2,0,0,,,0,,,0,,,0,,,0,,,,,0.0,,,样本不足，暂按来源分组权重；时间衰减半衰期=14天,0.0
3746723,1549,2026-08-28 09:17:46,30,0x6a756a2cc6c1e8e1e44132800b2033a42ca086ad,smart_money,N,50.0,1.4,0,0,,,0,,,0,,,0,,,0,,,,,0.0,,,样本不足，暂按来源分组权重；时间衰减半衰期=14天,0.0
3746724,1549,2026-08-28 09:17:46,30,0x6a9e7566877b52b13b28230b5543cbccf3685870,smart_money,N,50.0,1.4,0,0,,,0,,,0,,,0,,,0,,,,,0.0,,,样本不足，暂按来源分组权重；时间衰减半衰期=14天,0.0
3746725,1549,2026-08-28 09:17:46,30,0x6abc111bd22bb38e649f81be60dfbeb35648aac6,smart_money,N,50.0,1.4,4,4,0.501277199964788,0.2565922132899696,4,0.501277199964788,-0.08294620716212997,4,0.501277199964788,-0.059216396905843356,2,0.495357376768603,1.7406129570568623,0,,,-0.03452849603388097,,0.0,2026-08-17 16:17:09,SWAP,样本不足，暂按来源分组权重；时间衰减半衰期=14天,1.9806427380716394
3746726,1549,2026-08-28 09:17:46,30,0x6acf5dc82237396e07d7e802bff984d8662360a1,smart_money,N,50.0,1.4,0,0,,,0,,,0,,,0,,,0,,,,,0.0,,,样本不足，暂按来源分组权重；时间衰减半衰期=14天,0.0
3746727,1549,2026-08-28 09:17:46,30,0x6b08bbb2daf57d390538d73542f50d5f735ca420,money_printer,N,50.0,1.2,0,0,,,0,,,0,,,0,,,0,,,,,0.0,,,样本不足，暂按来源分组权重；时间衰减半衰期=14天,0.0
3746728,1549,2026-08-28 09:17:46,30,0x6b3008d6e60617f44b1135ffc669fc87caec75b2,smart_money,N,50.0,1.4,0,0,,,0,,,0,,,0,,,0,,,,,0.0,,,样本不足，暂按来源分组权重；时间衰减半衰期=14天,0.0
3746729,1549,2026-08-28 09:17:46,30,0x6b40177431bb4d710f047f163442dbe5b6e8f775,smart_money,N,50.0,1.4,9,8,0.0,0.0,7,0.0,0.0,7,0.0,0.0,1,0.0,0.0,0,,,0.0,,0.0,2026-08-28 04:17:46,UANSEM,样本不足，暂按来源分组权重；时间衰减半衰期=14天,4.830770487555009
3746730,1549,2026-08-28 09:17:46,30,0x6b44fb3b080c233c6cb0b2d70f4b5694fd528572,smart_money,N,50.0,1.4,0,0,,,0,,,0,,,0,,,0,,,,,0.0,,,样本不足，暂按来源分组权重；时间衰减半衰期=14天,0.0
3746731,1549,2026-08-28 09:17:46,30,0x6b78be2ba4d55d5ee434c7d47fb3bbaffafc5e9c,money_printer,N,50.0,1.2,0,0,,,0,,,0,,,0,,,0,,,,,0.0,,,样本不足，暂按来源分组权重；时间衰减半衰期=14天,0.0
3746732,1549,2026-08-28 09:17:46,30,0x6ba2ad09aa6629a423b59b71f3564d84ce66c001,smart_money,N,50.0,1.4,0,0,,,0,,,0,,,0,,,0,,,,,0.0,,,样本不足，暂按来源分组权重；时间衰减半衰期=14天,0.0
3746733,1549,2026-08-28 09:17:46,30,0x6ba889db7f923622d3548f621ecc2054b80c1817,smart_money,N,50.0,1.4,0,0,,,0,,,0,,,0,,,0,,,,,0.0,,,样本不足，暂按来源分组权重；时间衰减半衰期=14天,0.0
3746734,1549,2026-08-28 09:17:46,30,0x6bb971430554e3af58fbd469bce46ab2359a2d23,money_printer,N,50.0,1.2,0,0,,,0,,,0,,,0,,,0,,,,,0.0,,,样本不足，暂按来源分组权重；时间衰减半衰期=14天,0.0
3746735,1549,2026-08-28 09:17:46,30,0x6bea81d7a0c5939a5ce5552e125ab57216cc597f,money_printer,N,50.0,1.2,0,0,,,0,,,0,,,0,,,0,,,,,0.0,,,样本不足，暂按来源分组权重；时间衰减半衰期=14天,0.0
3746736,1549,2026-08-28 09:17:46,30,0x6c073b46e9fd3daebcb4391f8ee86c194c79ecad,smart_money,N,50.0,1.4,0,0,,,0,,,0,,,0,,,0,,,,,0.0,,,样本不足，暂按来源分组权重；时间衰减半衰期=14天,0.0
3746737,1549,2026-08-28 09:17:46,30,0x6cd520c1a07c9b53b33d62d04d3c2a3175161968,smart_money,N,50.0,1.4,4,4,0.3533184019041713,-2.1322457639110906,4,0.3533184019041713,0.9195399059756745,4,0.3533184019041713,-0.37300326108511245,2,0.0,0.1672080824141373,0,,,0.8733121672360276,,0.0,2026-08-20 09:17:04,NEKO,样本不足，暂按来源分组权重；时间衰减半衰期=14天,1.8389745303794236
3746738,1549,2026-08-28 09:17:46,30,0x6ce8a609b7e76d22b3cf477c16453ef9ec9a188a,smart_money,N,50.0,1.4,0,0,,,0,,,0,,,0,,,0,,,,,0.0,,,样本不足，暂按来源分组权重；时间衰减半衰期=14天,0.0
3746739,1549,2026-08-28 09:17:46,30,0x6cf8226d1be88828e9392c050122c3c50b0d1685,smart_money,N,50.0,1.4,0,0,,,0,,,0,,,0,,,0,,,,,0.0,,,样本不足，暂按来源分组权重；时间衰减半衰期=14天,0.0
3746740,1549,2026-08-28 09:17:46,30,0x6d3b90747dbf5883bf88ff7eb5fcc86f408b5409,smart_money,N,50.0,1.4,0,0,,,0,,,0,,,0,,,0,,,,,0.0,,,样本不足，暂按来源分组权重；时间衰减半衰期=14天,0.0
3746741,1549,2026-08-28 09:17:46,30,0x6d7f5a158495d5865383172856a9b6445a992216,smart_money,N,50.0,1.4,0,0,,,0,,,0,,,0,,,0,,,,,0.0,,,样本不足，暂按来源分组权重；时间衰减半衰期=14天,0.0
3746742,1549,2026-08-28 09:17:46,30,0x6df99d59cdada18ade521e05edd5e6a2ec91b734,money_printer,N,50.0,1.2,0,0,,,0,,,0,,,0,,,0,,,,,0.0,,,样本不足，暂按来源分组权重；时间衰减半衰期=14天,0.0
3746743,1549,2026-08-28 09:17:46,30,0x6e88dc3708afc2b0032eeff625df78dcde1e741a,smart_money,N,50.0,1.4,0,0,,,0,,,0,,,0,,,0,,,,,0.0,,,样本不足，暂按来源分组权重；时间衰减半衰期=14天,0.0
3746744,1549,2026-08-28 09:17:46,30,0x6e8bc7cd0978397b06a14af2a8c31f5daeffea79,smart_money,N,50.0,1.4,0,0,,,0,,,0,,,0,,,0,,,,,0.0,,,样本不足，暂按来源分组权重；时间衰减半衰期=14天,0.0
3746745,1549,2026-08-28 09:17:46,30,0x6e9989debf991affd8dfe4a73efcbfc8cb658473,smart_money,N,50.0,1.4,0,0,,,0,,,0,,,0,,,0,,,,,0.0,,,样本不足，暂按来源分组权重；时间衰减半衰期=14天,0.0
3746746,1549,2026-08-28 09:17:46,30,0x6e9b20e2ebb0e49a1de161b08413a2a988bd9516,smart_money,N,50.0,1.4,0,0,,,0,,,0,,,0,,,0,,,,,0.0,,,样本不足，暂按来源分组权重；时间衰减半衰期=14天,0.0
3746747,1549,2026-08-28 09:17:46,30,0x6ecbb68c07bd4be7adb7f0365e9263e382aeca2d,smart_money,N,50.0,1.4,0,0,,,0,,,0,,,0,,,0,,,,,0.0,,,样本不足，暂按来源分组权重；时间衰减半衰期=14天,0.0
3746748,1549,2026-08-28 09:17:46,30,0x6ed6644cd7ae111d19acd82f9d8d31976c7f20e2,smart_money,N,50.0,1.4,0,0,,,0,,,0,,,0,,,0,,,,,0.0,,,样本不足，暂按来源分组权重；时间衰减半衰期=14天,0.0
3746749,1549,2026-08-28 09:17:46,30,0x6f142cc70bd7829d9b41350b5dd13ba20388a473,money_printer,N,50.0,1.2,0,0,,,0,,,0,,,0,,,0,,,,,0.0,,,样本不足，暂按来源分组权重；时间衰减半衰期=14天,0.0
3746750,1549,2026-08-28 09:17:46,30,0x6f490ff069c117a74727be3a61f54fc7b7d6f104,money_printer,N,50.0,1.2,0,0,,,0,,,0,,,0,,,0,,,,,0.0,,,样本不足，暂按来源分组权重；时间衰减半衰期=14天,0.0
3746751,1549,2026-08-28 09:17:46,30,0x6f577a1b7e3915d4d8c49c951e2332912a62d8a1,smart_money,N,50.0,1.4,0,0,,,0,,,0,,,0,,,0,,,,,0.0,,,样本不足，暂按来源分组权重；时间衰减半衰期=14天,0.0
3746752,1549,2026-08-28 09:17:46,30,0x6f684b155809d6615bb01e0dcf45d304b2e04ad0,smart_money,N,50.0,1.4,0,0,,,0,,,0,,,0,,,0,,,,,0.0,,,样本不足，暂按来源分组权重；时间衰减半衰期=14天,0.0
3746753,1549,2026-08-28 09:17:46,30,0x6f7d75c18e8ca7f486eb4d2690abf7b329087062,money_printer,N,50.0,1.2,0,0,,,0,,,0,,,0,,,0,,,,,0.0,,,样本不足，暂按来源分组权重；时间衰减半衰期=14天,0.0
3746754,1549,2026-08-28 09:17:46,30,0x6f7f358df5a6a4b02178bdbfaae5ed4dc14b28ae,smart_money,N,50.0,1.4,0,0,,,0,,,0,,,0,,,0,,,,,0.0,,,样本不足，暂按来源分组权重；时间衰减半衰期=14天,0.0
3746755,1549,2026-08-28 09:17:46,30,0x6f83ab8890ed38bf38a31010aa9a5e9ca743bfad,smart_money,N,50.0,1.4,0,0,,,0,,,0,,,0,,,0,,,,,0.0,,,样本不足，暂按来源分组权重；时间衰减半衰期=14天,0.0
3746756,1549,2026-08-28 09:17:46,30,0x6f90d048a511626ba5a6425db17f377826df336a,money_printer,N,50.0,1.2,0,0,,,0,,,0,,,0,,,0,,,,,0.0,,,样本不足，暂按来源分组权重；时间衰减半衰期=14天,0.0
3746757,1549,2026-08-28 09:17:46,30,0x6f97b7de6be7b7771e975e46bae96c35e332e172,smart_money,N,50.0,1.4,1,1,1.0,32.59315361503441,1,1.0,40.19775116311975,1,1.0,31.414636582300613,0,,,0,,,40.19775116311975,,0.0,2026-08-21 06:17:02,ZEC,样本不足，暂按来源分组权重；时间衰减半衰期=14天,0.7027264239174276
3746758,1549,2026-08-28 09:17:46,30,0x6f97d329b072e0f7b74575565d806a4351b8f824,money_printer,N,50.0,1.2,0,0,,,0,,,0,,,0,,,0,,,,,0.0,,,样本不足，暂按来源分组权重；时间衰减半衰期=14天,0.0
3746759,1549,2026-08-28 09:17:46,30,0x6fa6f42d2e41327e27fe7f416a823cef7050825e,money_printer,N,50.0,1.2,0,0,,,0,,,0,,,0,,,0,,,,,0.0,,,样本不足，暂按来源分组权重；时间衰减半衰期=14天,0.0
3746760,1549,2026-08-28 09:17:46,30,0x6fb534b7e9820dd90a154dbed2a84f9c95bbe68e,smart_money,N,50.0,1.4,0,0,,,0,,,0,,,0,,,0,,,,,0.0,,,样本不足，暂按来源分组权重；时间衰减半衰期=14天,0.0
3746761,1549,2026-08-28 09:17:46,30,0x6fbb33de5f39c690d2decb95b9ab46ed0c83e3bc,smart_money,N,50.0,1.4,0,0,,,0,,,0,,,0,,,0,,,,,0.0,,,样本不足，暂按来源分组权重；时间衰减半衰期=14天,0.0
3746762,1549,2026-08-28 09:17:46,30,0x6fbe81055140287005ffb5659a9312eba019f350,money_printer,N,50.0,1.2,0,0,,,0,,,0,,,0,,,0,,,,,0.0,,,样本不足，暂按来源分组权重；时间衰减半衰期=14天,0.0
3746763,1549,2026-08-28 09:17:46,30,0x6fededdbee4f25ad1ccb1bbc30dda3ed0fe9fc23,smart_money,N,50.0,1.4,0,0,,,0,,,0,,,0,,,0,,,,,0.0,,,样本不足，暂按来源分组权重；时间衰减半衰期=14天,0.0
3746764,1549,2026-08-28 09:17:46,30,0x703c24657ef75734722e6a36e802f22f788afdfc,money_printer,N,50.0,1.2,0,0,,,0,,,0,,,0,,,0,,,,,0.0,,,样本不足，暂按来源分组权重；时间衰减半衰期=14天,0.0
3746765,1549,2026-08-28 09:17:46,30,0x7044be555aea5bddb3b9808658500d4e0d0a6b6e,money_printer,N,50.0,1.2,0,0,,,0,,,0,,,0,,,0,,,,,0.0,,,样本不足，暂按来源分组权重；时间衰减半衰期=14天,0.0
3746766,1549,2026-08-28 09:17:46,30,0x7050a9abd4f06372247d19c39e5d718636f35fff,smart_money,N,50.0,1.4,0,0,,,0,,,0,,,0,,,0,,,,,0.0,,,样本不足，暂按来源分组权重；时间衰减半衰期=14天,0.0
3746767,1549,2026-08-28 09:17:46,30,0x705e54faaa515bc86c83fb4803000eebeccbf167,smart_money,N,50.0,1.4,0,0,,,0,,,0,,,0,,,0,,,,,0.0,,,样本不足，暂按来源分组权重；时间衰减半衰期=14天,0.0
3746768,1549,2026-08-28 09:17:46,30,0x7064c7abd02a8481a33620e485e75df41b8a5fa5,smart_money,N,50.0,1.4,0,0,,,0,,,0,,,0,,,0,,,,,0.0,,,样本不足，暂按来源分组权重；时间衰减半衰期=14天,0.0
3746769,1549,2026-08-28 09:17:46,30,0x706bb519b05b7dc01d048af9a5e29d1ef5d6d9e3,smart_money,N,50.0,1.4,0,0,,,0,,,0,,,0,,,0,,,,,0.0,,,样本不足，暂按来源分组权重；时间衰减半衰期=14天,0.0
3746770,1549,2026-08-28 09:17:46,30,0x7083a8e36b44865c8d40379502bc081259a0ba66,smart_money,N,50.0,1.4,0,0,,,0,,,0,,,0,,,0,,,,,0.0,,,样本不足，暂按来源分组权重；时间衰减半衰期=14天,0.0
3746771,1549,2026-08-28 09:17:46,30,0x70875c76b1219a5e03ea43881a2e90faade89fc9,smart_money,N,50.0,1.4,0,0,,,0,,,0,,,0,,,0,,,,,0.0,,,样本不足，暂按来源分组权重；时间衰减半衰期=14天,0.0
3746772,1549,2026-08-28 09:17:46,30,0x70b37757f0344b28ef207d86eada7ca051138153,smart_money,N,50.0,1.4,0,0,,,0,,,0,,,0,,,0,,,,,0.0,,,样本不足，暂按来源分组权重；时间衰减半衰期=14天,0.0
3746773,1549,2026-08-28 09:17:46,30,0x70d70b5b746493e4c247da944032ad6af77e0d97,smart_money,N,50.0,1.4,0,0,,,0,,,0,,,0,,,0,,,,,0.0,,,样本不足，暂按来源分组权重；时间衰减半衰期=14天,0.0
3746774,1549,2026-08-28 09:17:46,30,0x70e76a2090170a1ce5bb7324830f08b32eb2c0a3,smart_money,N,50.0,1.4,0,0,,,0,,,0,,,0,,,0,,,,,0.0,,,样本不足，暂按来源分组权重；时间衰减半衰期=14天,0.0
3746775,1549,2026-08-28 09:17:46,30,0x7116470134e289f7fefb0922902e28200e471447,smart_money,N,50.0,1.4,0,0,,,0,,,0,,,0,,,0,,,,,0.0,,,样本不足，暂按来源分组权重；时间衰减半衰期=14天,0.0
3746776,1549,2026-08-28 09:17:46,30,0x716373c2d4420f24d7137a0c524239b176c36af5,smart_money,N,50.0,1.4,0,0,,,0,,,0,,,0,,,0,,,,,0.0,,,样本不足，暂按来源分组权重；时间衰减半衰期=14天,0.0
3746777,1549,2026-08-28 09:17:46,30,0x7176cec39ec2c66d545f85c90a217a9cb131dd3e,smart_money,N,50.0,1.4,1,1,0.0,-2.91219725282725,1,0.0,-11.587078164761015,1,0.0,-14.052045125189808,0,,,0,,,-11.587078164761015,,0.0,2026-08-20 12:17:23,HYPE,样本不足，暂按来源分组权重；时间衰减半衰期=14天,0.6771188490631685
3746778,1549,2026-08-28 09:17:46,30,0x7177edd4e52e01f5f78093a8834529c31424c621,smart_money,N,50.0,1.4,0,0,,,0,,,0,,,0,,,0,,,,,0.0,,,样本不足，暂按来源分组权重；时间衰减半衰期=14天,0.0
3746779,1549,2026-08-28 09:17:46,30,0x718cc7ee2ae2493ebf7d454316df6b61f4e1a868,smart_money,N,50.0,1.4,0,0,,,0,,,0,,,0,,,0,,,,,0.0,,,样本不足，暂按来源分组权重；时间衰减半衰期=14天,0.0
3746780,1549,2026-08-28 09:17:46,30,0x71acae4aacaf4956ac31e09b18cbc33ae49dd8b3,smart_money,N,50.0,1.4,0,0,,,0,,,0,,,0,,,0,,,,,0.0,,,样本不足，暂按来源分组权重；时间衰减半衰期=14天,0.0
3746781,1549,2026-08-28 09:17:46,30,0x71b117d68974aa4c5615669ae70e8e13ce7479c8,smart_money,N,50.0,1.4,0,0,,,0,,,0,,,0,,,0,,,,,0.0,,,样本不足，暂按来源分组权重；时间衰减半衰期=14天,0.0
3746782,1549,2026-08-28 09:17:46,30,0x71cfa5e263e866f7961091e01ebc5a2d11616c20,smart_money,N,50.0,1.4,0,0,,,0,,,0,,,0,,,0,,,,,0.0,,,样本不足，暂按来源分组权重；时间衰减半衰期=14天,0.0
3746783,1549,2026-08-28 09:17:46,30,0x71dfc07de32c2ebf1c4801f4b1c9e40b76d4a23d,money_printer,N,50.0,1.2,0,0,,,0,,,0,,,0,,,0,,,,,0.0,,,样本不足，暂按来源分组权重；时间衰减半衰期=14天,0.0
3746784,1549,2026-08-28 09:17:46,30,0x71f12a5b0e60d2ff8a87fd34e7dcff3c10c914b0,smart_money,N,50.0,1.4,0,0,,,0,,,0,,,0,,,0,,,,,0.0,,,样本不足，暂按来源分组权重；时间衰减半衰期=14天,0.0
3746785,1549,2026-08-28 09:17:46,30,0x720a68bf0813853cd3ed74d2fd0f54edfc7a43e1,money_printer,C,46.82019122378962,0.66,27,20,0.2906577618082813,0.20808940292081493,18,0.36907877873651795,-0.5395239695336934,13,0.36151039765246595,0.5019334629294664,5,0.39117059439576723,-8.645360823352435,0,,,-0.5216855880535172,,0.0,2026-08-27 15:17:55,"ETH,BTC,LINK,XLM,BNB",C级：噪音偏多，降权参考，主周期=7d；时间衰减半衰期=14天,13.127077478195217
3746786,1549,2026-08-28 09:17:46,30,0x720c933b5eb30fc37461789ef3264e51f2a7f4af,smart_money,N,50.0,1.4,0,0,,,0,,,0,,,0,,,0,,,,,0.0,,,样本不足，暂按来源分组权重；时间衰减半衰期=14天,0.0
3746787,1549,2026-08-28 09:17:46,30,0x7213466fb8a382b977cc9086a12ecbc17e9d4df8,smart_money,N,50.0,1.4,0,0,,,0,,,0,,,0,,,0,,,,,0.0,,,样本不足，暂按来源分组权重；时间衰减半衰期=14天,0.0
3746788,1549,2026-08-28 09:17:46,30,0x7255e02daf5481a6ac9dc541dc3c4b0be8171c7d,smart_money,N,50.0,1.4,0,0,,,0,,,0,,,0,,,0,,,,,0.0,,,样本不足，暂按来源分组权重；时间衰减半衰期=14天,0.0
3746789,1549,2026-08-28 09:17:46,30,0x7258d00a24d6829ac4bf355127bfbc9e2303aed4,smart_money,N,50.0,1.4,0,0,,,0,,,0,,,0,,,0,,,,,0.0,,,样本不足，暂按来源分组权重；时间衰减半衰期=14天,0.0
3746790,1549,2026-08-28 09:17:46,30,0x72655b3926db3afbe914a53b0604905af7ce11a5,money_printer,N,50.0,1.2,0,0,,,0,,,0,,,0,,,0,,,,,0.0,,,样本不足，暂按来源分组权重；时间衰减半衰期=14天,0.0
3746791,1549,2026-08-28 09:17:46,30,0x726a3d2e230bbc90a4dd84f3f857d5b2d2e7a0e1,money_printer,N,50.0,1.2,0,0,,,0,,,0,,,0,,,0,,,,,0.0,,,样本不足，暂按来源分组权重；时间衰减半衰期=14天,0.0
3746792,1549,2026-08-28 09:17:46,30,0x727956612a8700627451204a3ae26268bd1a1525,money_printer,N,50.0,1.2,0,0,,,0,,,0,,,0,,,0,,,,,0.0,,,样本不足，暂按来源分组权重；时间衰减半衰期=14天,0.0
3746793,1549,2026-08-28 09:17:46,30,0x728ac133a5c9250a61f7b27abbe7a823e786ff66,smart_money,N,50.0,1.4,0,0,,,0,,,0,,,0,,,0,,,,,0.0,,,样本不足，暂按来源分组权重；时间衰减半衰期=14天,0.0
3746794,1549,2026-08-28 09:17:46,30,0x72988778525f0ce15c5ac1804ac460606a987d6c,money_printer,N,50.0,1.2,0,0,,,0,,,0,,,0,,,0,,,,,0.0,,,样本不足，暂按来源分组权重；时间衰减半衰期=14天,0.0
3746795,1549,2026-08-28 09:17:46,30,0x72cb918356c4f6d3f1b2e532928110ba6995f139,money_printer,N,50.0,1.2,2,2,0.0,-5.64310354898366,2,0.0,-13.062181066327588,2,0.0,-16.391658916064756,0,,,0,,,-13.066059696700242,,0.0,2026-08-19 21:17:06,SOL,样本不足，暂按来源分组权重；时间衰减半衰期=14天,1.3062240471340212
3746796,1549,2026-08-28 09:17:46,30,0x72db642e6c803993aef6fc17e9b159c536508bb6,smart_money,N,50.0,1.4,1,1,0.0,-5.200832427853185,0,,,0,,,0,,,0,,,,,0.0,2026-08-25 16:18:05,ZEC,样本不足，暂按来源分组权重；时间衰减半衰期=14天,0.8745200261238625
3746797,1549,2026-08-28 09:17:46,30,0x72ec72319700ff1a5545e2cc282f2f72185e6483,smart_money,N,50.0,1.4,0,0,,,0,,,0,,,0,,,0,,,,,0.0,,,样本不足，暂按来源分组权重；时间衰减半衰期=14天,0.0
3746798,1549,2026-08-28 09:17:46,30,0x72ffacea0906eb393b2e680ab5e25efbd8d1a9c4,smart_money,N,50.0,1.4,0,0,,,0,,,0,,,0,,,0,,,,,0.0,,,样本不足，暂按来源分组权重；时间衰减半衰期=14天,0.0
3746799,1549,2026-08-28 09:17:46,30,0x732e5e68c7d4fdd667c5fabc8433d46e6614041a,smart_money,N,50.0,1.4,0,0,,,0,,,0,,,0,,,0,,,,,0.0,,,样本不足，暂按来源分组权重；时间衰减半衰期=14天,0.0
3746800,1549,2026-08-28 09:17:46,30,0x7345985dd7e2c521a0ba97929aea93614627d58e,smart_money,N,50.0,1.4,0,0,,,0,,,0,,,0,,,0,,,,,0.0,,,样本不足，暂按来源分组权重；时间衰减半衰期=14天,0.0
3746801,1549,2026-08-28 09:17:46,30,0x73c2221c22f0a0724ccb0e24f032c727f3507257,smart_money,N,50.0,1.4,0,0,,,0,,,0,,,0,,,0,,,,,0.0,,,样本不足，暂按来源分组权重；时间衰减半衰期=14天,0.0
3746802,1549,2026-08-28 09:17:46,30,0x74666e2e87171274b46ab8c2e321bb237693fc83,smart_money,N,50.0,1.4,0,0,,,0,,,0,,,0,,,0,,,,,0.0,,,样本不足，暂按来源分组权重；时间衰减半衰期=14天,0.0
3746803,1549,2026-08-28 09:17:46,30,0x747b1125d08a5a2cf33550cbb038e406ebf241ad,smart_money,N,50.0,1.4,0,0,,,0,,,0,,,0,,,0,,,,,0.0,,,样本不足，暂按来源分组权重；时间衰减半衰期=14天,0.0
3746804,1549,2026-08-28 09:17:46,30,0x749af60aeddb86cd0aa41e50f546097528ec9cd9,smart_money,N,50.0,1.4,0,0,,,0,,,0,,,0,,,0,,,,,0.0,,,样本不足，暂按来源分组权重；时间衰减半衰期=14天,0.0
3746805,1549,2026-08-28 09:17:46,30,0x74b7384e761cefb6323728d0f87e6f6c4675b93f,smart_money,N,50.0,1.4,0,0,,,0,,,0,,,0,,,0,,,,,0.0,,,样本不足，暂按来源分组权重；时间衰减半衰期=14天,0.0
3746806,1549,2026-08-28 09:17:46,30,0x74fc5ebb789a42662409f3ec728bca883224c939,smart_money,N,50.0,1.4,0,0,,,0,,,0,,,0,,,0,,,,,0.0,,,样本不足，暂按来源分组权重；时间衰减半衰期=14天,0.0
3746807,1549,2026-08-28 09:17:46,30,0x75161cdd2ee68383d0c90ddbbd46d20b9daa11ab,money_printer,N,50.0,1.2,0,0,,,0,,,0,,,0,,,0,,,,,0.0,,,样本不足，暂按来源分组权重；时间衰减半衰期=14天,0.0
3746808,1549,2026-08-28 09:17:46,30,0x7549eef4d4ea4bfcd439387435278704945d9f29,smart_money,N,50.0,1.4,0,0,,,0,,,0,,,0,,,0,,,,,0.0,,,样本不足，暂按来源分组权重；时间衰减半衰期=14天,0.0
3746809,1549,2026-08-28 09:17:46,30,0x7576b7a1d278e3004dd37bbeb90e0b08ca70a1b9,smart_money,N,50.0,1.4,0,0,,,0,,,0,,,0,,,0,,,,,0.0,,,样本不足，暂按来源分组权重；时间衰减半衰期=14天,0.0
3746810,1549,2026-08-28 09:17:46,30,0x757bb286acc54032172594e2ae11f02442d7c6ea,smart_money,N,50.0,1.4,0,0,,,0,,,0,,,0,,,0,,,,,0.0,,,样本不足，暂按来源分组权重；时间衰减半衰期=14天,0.0
3746811,1549,2026-08-28 09:17:46,30,0x7583b5364597736a6a72c4ba61ede0a4a37ef4de,smart_money,N,50.0,1.4,1,0,,,0,,,0,,,0,,,0,,,,,0.0,2026-08-27 17:17:53,SOL,样本不足，暂按来源分组权重；时间衰减半衰期=14天,0.0
3746812,1549,2026-08-28 09:17:46,30,0x75a5625688a349a15f7f5b98dff0c2c103c27bde,money_printer,N,50.0,1.2,0,0,,,0,,,0,,,0,,,0,,,,,0.0,,,样本不足，暂按来源分组权重；时间衰减半衰期=14天,0.0
3746813,1549,2026-08-28 09:17:46,30,0x75d0051e8bb42fa53ef1be9951963a69ad1adf0a,smart_money,N,50.0,1.4,3,3,0.3426991672141949,-7.1396959267100355,3,0.0,-15.044641601977657,1,0.0,-31.194943512666118,0,,,0,,,-15.812149547902527,,0.0,2026-08-23 14:17:57,"ZEC,NEAR",样本不足，暂按来源分组权重；时间衰减半衰期=14天,2.273601831490629
3746814,1549,2026-08-28 09:17:46,30,0x75ec3ba266176e733f1b1fdaa15052f5eff724b8,money_printer,B,96.9748491644483,1.2,14,11,0.6683006850636244,4.939314482804873,9,0.3319632194528833,1.2645624238657163,3,0.37199869559774207,-1.353585404634021,1,0.0,-64.21378364295664,0,,,1.1735263809228256,,0.0,2026-08-28 04:17:46,"ZEC,KNTQ",B级：普通有效参考，主周期=24h；时间衰减半衰期=14天,8.095386210686716
3746815,1549,2026-08-28 09:17:46,30,0x75ee7dfabcbbb47f8b2abaf1f533b59d3e25354f,smart_money,N,50.0,1.4,0,0,,,0,,,0,,,0,,,0,,,,,0.0,,,样本不足，暂按来源分组权重；时间衰减半衰期=14天,0.0
3746816,1549,2026-08-28 09:17:46,30,0x75f3665323cce024368870bfd89db0c21e1ce76b,smart_money,N,50.0,1.4,0,0,,,0,,,0,,,0,,,0,,,,,0.0,,,样本不足，暂按来源分组权重；时间衰减半衰期=14天,0.0
3746817,1549,2026-08-28 09:17:46,30,0x75f7eeb85dc639d5e99c78f95393aa9a5f1170d4,smart_money,N,50.0,1.4,0,0,,,0,,,0,,,0,,,0,,,,,0.0,,,样本不足，暂按来源分组权重；时间衰减半衰期=14天,0.0
3746818,1549,2026-08-28 09:17:46,30,0x76184c92c5e17122a496fe1799adc77f4139c96e,money_printer,N,50.0,1.2,0,0,,,0,,,0,,,0,,,0,,,,,0.0,,,样本不足，暂按来源分组权重；时间衰减半衰期=14天,0.0
3746819,1549,2026-08-28 09:17:46,30,0x7625dc67deab1864570ad816f59a9b867f280e49,money_printer,N,50.0,1.2,0,0,,,0,,,0,,,0,,,0,,,,,0.0,,,样本不足，暂按来源分组权重；时间衰减半衰期=14天,0.0
3746820,1549,2026-08-28 09:17:46,30,0x76537e159ef79ff8dc8ae21ee0763a120262d004,smart_money,N,50.0,1.4,0,0,,,0,,,0,,,0,,,0,,,,,0.0,,,样本不足，暂按来源分组权重；时间衰减半衰期=14天,0.0
3746821,1549,2026-08-28 09:17:46,30,0x76987ceada087975a0cedef7753f25bf86234480,money_printer,N,50.0,1.2,0,0,,,0,,,0,,,0,,,0,,,,,0.0,,,样本不足，暂按来源分组权重；时间衰减半衰期=14天,0.0
3746822,1549,2026-08-28 09:17:46,30,0x76c2164fc79492401db1890db0d17d16b9155aa0,smart_money,N,50.0,1.4,0,0,,,0,,,0,,,0,,,0,,,,,0.0,,,样本不足，暂按来源分组权重；时间衰减半衰期=14天,0.0
3746823,1549,2026-08-28 09:17:46,30,0x76c2cd1b8a249f465f8445c455cb78e0eed36f1e,smart_money,N,50.0,1.4,0,0,,,0,,,0,,,0,,,0,,,,,0.0,,,样本不足，暂按来源分组权重；时间衰减半衰期=14天,0.0
3746824,1549,2026-08-28 09:17:46,30,0x76dfe5d18078574a26ddeaa560e7031f140e264e,smart_money,N,50.0,1.4,0,0,,,0,,,0,,,0,,,0,,,,,0.0,,,样本不足，暂按来源分组权重；时间衰减半衰期=14天,0.0
3746825,1549,2026-08-28 09:17:46,30,0x77001f3760e212769cb102dd82477e1b07f84216,money_printer,N,50.0,1.2,0,0,,,0,,,0,,,0,,,0,,,,,0.0,,,样本不足，暂按来源分组权重；时间衰减半衰期=14天,0.0
3746826,1549,2026-08-28 09:17:46,30,0x770493a14c49ea81192b5191a536f0530041311b,smart_money,N,50.0,1.4,1,1,0.0,-13.86963602620914,1,1.0,74.90436692800061,0,,,0,,,0,,,74.90436692800061,,0.0,2026-08-22 06:17:02,CASHCAT,样本不足，暂按来源分组权重；时间衰减半衰期=14天,0.7383944550882736
3746827,1549,2026-08-28 09:17:46,30,0x7717a7a245d9f950e586822b8c9b46863ed7bd7e,money_printer,R,17.70088788452427,-1.2,18,17,0.42272872267199774,0.16381537663224166,15,0.3377342219601173,-2.2991121154757277,1,0.0,-39.65486520677796,0,,,0,,,-2.703877819470795,,36.35542141018705,2026-08-27 17:17:53,"ZEC,XRP,NEAR,WLD,FARTCOIN",反向钱包：72h方向胜率和平均收益偏差；时间衰减半衰期=14天,13.162559487305519
3746828,1549,2026-08-28 09:17:46,30,0x7725a7f2bb0e1c448d6fe361d53c840486ec6557,money_printer,N,50.0,1.2,6,6,1.0,9.612164436830813,6,1.0,28.599077175525636,6,1.0,27.954704854635537,0,,,0,,,28.597044089451376,,0.0,2026-08-19 22:17:01,"ETH,PUMP,ASTER,AAVE",样本不足，暂按来源分组权重；时间衰减半衰期=14天,3.9415906127829445
3746829,1549,2026-08-28 09:17:46,30,0x77375a8c9d13bf79afb2a87f1b0ac1dfd5f5bf66,money_printer,A,100.0,1.6199999999999999,85,85,0.33718464943708004,1.0405686706367403,84,0.36258088308126857,2.3450713341501874,74,0.33541875239290647,-3.487515239797995,28,0.5784087796388069,15.17527918763821,0,,,1.7572683469233659,,0.0,2026-08-26 01:17:50,"BUDDY,BRIDGE,ZEC,BNB,NEAR",A级：15d中期表现偏好；时间衰减半衰期=14天,45.28530131342571
3746830,1549,2026-08-28 09:17:46,30,0x774f28fc243d6aa8787506869643fb4698bd2133,money_printer,N,50.0,1.2,0,0,,,0,,,0,,,0,,,0,,,,,0.0,,,样本不足，暂按来源分组权重；时间衰减半衰期=14天,0.0
3746831,1549,2026-08-28 09:17:46,30,0x775a74163592917c12be68749a6906944467fe45,smart_money,N,50.0,1.4,0,0,,,0,,,0,,,0,,,0,,,,,0.0,,,样本不足，暂按来源分组权重；时间衰减半衰期=14天,0.0
3746832,1549,2026-08-28 09:17:46,30,0x77640177b7623792e1939c4a2614698e69ec304a,smart_money,N,50.0,1.4,0,0,,,0,,,0,,,0,,,0,,,,,0.0,,,样本不足，暂按来源分组权重；时间衰减半衰期=14天,0.0
3746833,1549,2026-08-28 09:17:46,30,0x77746ff04a7014752ab12d81d531aa5e50775343,smart_money,N,50.0,1.4,0,0,,,0,,,0,,,0,,,0,,,,,0.0,,,样本不足，暂按来源分组权重；时间衰减半衰期=14天,0.0
3746834,1549,2026-08-28 09:17:46,30,0x7782d30cf2850815fd84cd99790b4bc6b2c23fd0,smart_money,N,50.0,1.4,0,0,,,0,,,0,,,0,,,0,,,,,0.0,,,样本不足，暂按来源分组权重；时间衰减半衰期=14天,0.0
3746835,1549,2026-08-28 09:17:46,30,0x7786498ffb58bedc6c392a4a40789be5c2da240d,smart_money,N,50.0,1.4,0,0,,,0,,,0,,,0,,,0,,,,,0.0,,,样本不足，暂按来源分组权重；时间衰减半衰期=14天,0.0
3746836,1549,2026-08-28 09:17:46,30,0x7789450871fb1315fa982ccb8039cb34e8f2f60d,"money_printer,smart_money",N,50.0,1.8,0,0,,,0,,,0,,,0,,,0,,,,,0.0,,,样本不足，暂按来源分组权重；时间衰减半衰期=14天,0.0
3746837,1549,2026-08-28 09:17:46,30,0x77998579f578c01030db65e75edc47bfe890c291,smart_money,N,50.0,1.4,0,0,,,0,,,0,,,0,,,0,,,,,0.0,,,样本不足，暂按来源分组权重；时间衰减半衰期=14天,0.0
3746838,1549,2026-08-28 09:17:46,30,0x77bc81c1b1df574d28a4f77b471cabf0c7e0e23c,money_printer,N,50.0,1.2,0,0,,,0,,,0,,,0,,,0,,,,,0.0,,,样本不足，暂按来源分组权重；时间衰减半衰期=14天,0.0
3746839,1549,2026-08-28 09:17:46,30,0x77e1ee2ff5406d98c0b87d2371291392098f7d85,smart_money,N,50.0,1.4,0,0,,,0,,,0,,,0,,,0,,,,,0.0,,,样本不足，暂按来源分组权重；时间衰减半衰期=14天,0.0
3746840,1549,2026-08-28 09:17:46,30,0x77f12d27fe3a7eda486bf899ee274562928844da,smart_money,N,50.0,1.4,0,0,,,0,,,0,,,0,,,0,,,,,0.0,,,样本不足，暂按来源分组权重；时间衰减半衰期=14天,0.0
3746841,1549,2026-08-28 09:17:46,30,0x77fee2df7bad4f1db93052fa82bf78eaab771a16,smart_money,N,50.0,1.4,0,0,,,0,,,0,,,0,,,0,,,,,0.0,,,样本不足，暂按来源分组权重；时间衰减半衰期=14天,0.0
3746842,1549,2026-08-28 09:17:46,30,0x78072457eeacd6b89716afa3c2ffff96e64f556d,money_printer,N,50.0,1.2,0,0,,,0,,,0,,,0,,,0,,,,,0.0,,,样本不足，暂按来源分组权重；时间衰减半衰期=14天,0.0
3746843,1549,2026-08-28 09:17:46,30,0x780825f3f0ad6799e304fb843387934c1fa06e70,smart_money,B,74.69114151379173,1.4,17,14,0.4194610414972462,-1.3490628690062414,13,0.5389020344604336,1.7033979251044418,5,0.5906474633002509,5.3553894740374215,3,0.6746401616216636,15.963390446078758,0,,,1.1009281214867377,,0.0,2026-08-27 11:17:58,"HYPE,DOGE,TRUMP,ZEC,ETH",B级：普通有效参考，主周期=72h；时间衰减半衰期=14天,9.354317172619892
3746844,1549,2026-08-28 09:17:46,30,0x781da72af1060132c4bce55ce91b1a8553271b6e,smart_money,N,50.0,1.4,0,0,,,0,,,0,,,0,,,0,,,,,0.0,,,样本不足，暂按来源分组权重；时间衰减半衰期=14天,0.0
3746845,1549,2026-08-28 09:17:46,30,0x781e95fdc049433565cf8e05265361b8402196b7,smart_money,N,50.0,1.4,0,0,,,0,,,0,,,0,,,0,,,,,0.0,,,样本不足，暂按来源分组权重；时间衰减半衰期=14天,0.0
3746846,1549,2026-08-28 09:17:46,30,0x782b3978d7148a1c6fbfae1bfd6e1079d15d8b2a,smart_money,N,50.0,1.4,2,2,1.0,3.080916234343283,2,0.7540216665547448,2.227728299566589,2,0.7540216665547448,13.182939967604396,1,0.0,-0.5275513703146845,0,,,0.44464117656599256,,0.0,2026-08-21 09:17:08,"ETH,SOL",样本不足，暂按来源分组权重；时间衰减半衰期=14天,0.9377600341534774
3746847,1549,2026-08-28 09:17:46,30,0x782e432267376f377585fc78092d998f8442ab83,money_printer,N,50.0,1.2,0,0,,,0,,,0,,,0,,,0,,,,,0.0,,,样本不足，暂按来源分组权重；时间衰减半衰期=14天,0.0
3746848,1549,2026-08-28 09:17:46,30,0x783d13f7d762775fea1de86e3382064ef75f0bfe,smart_money,N,50.0,1.4,0,0,,,0,,,0,,,0,,,0,,,,,0.0,,,样本不足，暂按来源分组权重；时间衰减半衰期=14天,0.0
3746849,1549,2026-08-28 09:17:46,30,0x788fe3d9394aca3eb83e8903b383123ccd9970c1,smart_money,N,50.0,1.4,0,0,,,0,,,0,,,0,,,0,,,,,0.0,,,样本不足，暂按来源分组权重；时间衰减半衰期=14天,0.0
3746850,1549,2026-08-28 09:17:46,30,0x7894bb4cd20e08c2ec1895968dd0b3d97edca5f7,smart_money,N,50.0,1.4,0,0,,,0,,,0,,,0,,,0,,,,,0.0,,,样本不足，暂按来源分组权重；时间衰减半衰期=14天,0.0
3746851,1549,2026-08-28 09:17:46,30,0x78aa6328eae8028a089c35d2819f79c78de2a7e5,smart_money,N,50.0,1.4,0,0,,,0,,,0,,,0,,,0,,,,,0.0,,,样本不足，暂按来源分组权重；时间衰减半衰期=14天,0.0
3746852,1549,2026-08-28 09:17:46,30,0x78cf18209177b518fa192c1f61fb4482a24b9930,smart_money,N,50.0,1.4,0,0,,,0,,,0,,,0,,,0,,,,,0.0,,,样本不足，暂按来源分组权重；时间衰减半衰期=14天,0.0
3746853,1549,2026-08-28 09:17:46,30,0x78dce96236804d6958bf3c4598cf5efbc371629c,smart_money,N,50.0,1.4,0,0,,,0,,,0,,,0,,,0,,,,,0.0,,,样本不足，暂按来源分组权重；时间衰减半衰期=14天,0.0
3746854,1549,2026-08-28 09:17:46,30,0x793660578d2628b0ec7e0e2b5c75a4847ae80706,smart_money,N,50.0,1.4,0,0,,,0,,,0,,,0,,,0,,,,,0.0,,,样本不足，暂按来源分组权重；时间衰减半衰期=14天,0.0
3746855,1549,2026-08-28 09:17:46,30,0x79399dac99daa4a77d2bcd8ef6f5abf5966468e7,smart_money,N,50.0,1.4,0,0,,,0,,,0,,,0,,,0,,,,,0.0,,,样本不足，暂按来源分组权重；时间衰减半衰期=14天,0.0
3746856,1549,2026-08-28 09:17:46,30,0x7945772aa99d08bf90e91ff1e8e77d3c11c2a7e6,money_printer,N,50.0,1.2,1,1,0.0,-8.802407369800799,1,0.0,-18.8011150700611,0,,,0,,,0,,,-18.8011150700611,,0.0,2026-08-23 16:18:07,TRUMP,样本不足，暂按来源分组权重；时间衰减半衰期=14天,0.7920743903105454
3746857,1549,2026-08-28 09:17:46,30,0x795cfd1b03eafc11c4ec958b8a94cfc9aa64a242,money_printer,N,50.0,1.2,9,9,0.6110672831459314,1.9365914113335163,9,0.35308866967973007,-0.5119663853438633,5,0.22321655393667797,-4.376510879258757,1,0.0,-15.584819476165023,0,,,-1.5693920738448228,,0.0,2026-08-23 14:17:57,"ETH,HYPE,BTC",样本不足，暂按来源分组权重；时间衰减半衰期=14天,5.8730316051060765
3746858,1549,2026-08-28 09:17:46,30,0x798296cea00d6494c9e47f43e2d5f9189fd5729f,smart_money,N,50.0,1.4,0,0,,,0,,,0,,,0,,,0,,,,,0.0,,,样本不足，暂按来源分组权重；时间衰减半衰期=14天,0.0
3746859,1549,2026-08-28 09:17:46,30,0x798598191e985b99dbcfee33e9fb8fd9ea6f4267,smart_money,N,50.0,1.4,0,0,,,0,,,0,,,0,,,0,,,,,0.0,,,样本不足，暂按来源分组权重；时间衰减半衰期=14天,0.0
3746860,1549,2026-08-28 09:17:46,30,0x79cc76364b5fb263a25bd52930e3d9788fcfeea8,money_printer,N,50.0,1.2,0,0,,,0,,,0,,,0,,,0,,,,,0.0,,,样本不足，暂按来源分组权重；时间衰减半衰期=14天,0.0
3746861,1549,2026-08-28 09:17:46,30,0x79ec68d35878cedf61a4363b40ec30b89698bcad,smart_money,N,50.0,1.4,0,0,,,0,,,0,,,0,,,0,,,,,0.0,,,样本不足，暂按来源分组权重；时间衰减半衰期=14天,0.0
3746862,1549,2026-08-28 09:17:46,30,0x7a35bbc1de0b86e11aea964956807e08317f3803,smart_money,N,50.0,1.4,4,4,0.2503724582653244,-20.324965127200194,4,0.4966463798460835,-14.787100554891236,0,,,0,,,0,,,-14.597694198595981,,0.0,2026-08-24 06:17:44,DEPIN,样本不足，暂按来源分组权重；时间衰减半衰期=14天,3.2095758328227593
3746863,1549,2026-08-28 09:17:46,30,0x7a51ce9751493a2448c3ebc76667c6e7cf27900d,smart_money,C,58.688551903629026,0.77,41,41,0.4253507673138257,0.5131998060209298,41,0.43856274465964057,0.42851250226041554,41,0.4412805330693015,1.6905630552547666,27,0.45017852447074697,-1.949956966240231,0,,,0.49557813619913693,,0.0,2026-08-20 22:17:00,HYPE,C级：噪音偏多，降权参考，主周期=15d；时间衰减半衰期=14天,18.14288469085798
3746864,1549,2026-08-28 09:17:46,30,0x7a5a42bd6b1fd13368732be8a7b63e06064e0394,money_printer,N,50.0,1.2,0,0,,,0,,,0,,,0,,,0,,,,,0.0,,,样本不足，暂按来源分组权重；时间衰减半衰期=14天,0.0
3746865,1549,2026-08-28 09:17:46,30,0x7a6d5fc57f6906f337c48fe2763c3a501304f79c,money_printer,N,50.0,1.2,1,1,0.0,0.5798104798580705,1,1.0,2.6816234693435974,0,,,0,,,0,,,2.6816234693435974,,0.0,2026-08-21 22:17:01,DOGE,样本不足，暂按来源分组权重；时间衰减半衰期=14天,0.7263079485621301
3746866,1549,2026-08-28 09:17:46,30,0x7a7da855c61ba2326decf722691c6e2d14a50344,money_printer,N,50.0,1.2,0,0,,,0,,,0,,,0,,,0,,,,,0.0,,,样本不足，暂按来源分组权重；时间衰减半衰期=14天,0.0
3746867,1549,2026-08-28 09:17:46,30,0x7a8862d9cfab25a31f6754199bde7945ec23de62,smart_money,N,50.0,1.4,0,0,,,0,,,0,,,0,,,0,,,,,0.0,,,样本不足，暂按来源分组权重；时间衰减半衰期=14天,0.0
3746868,1549,2026-08-28 09:17:46,30,0x7a958123d8b514c860ec15937850fac53720b42d,smart_money,N,50.0,1.4,0,0,,,0,,,0,,,0,,,0,,,,,0.0,,,样本不足，暂按来源分组权重；时间衰减半衰期=14天,0.0
3746869,1549,2026-08-28 09:17:46,30,0x7a9f3a323dbeefecded2432e00cc2e53bfdf9977,smart_money,N,50.0,1.4,0,0,,,0,,,0,,,0,,,0,,,,,0.0,,,样本不足，暂按来源分组权重；时间衰减半衰期=14天,0.0
3746870,1549,2026-08-28 09:17:46,30,0x7ab12f7a0925ef24927343d47199e75a91fc78aa,smart_money,N,50.0,1.4,0,0,,,0,,,0,,,0,,,0,,,,,0.0,,,样本不足，暂按来源分组权重；时间衰减半衰期=14天,0.0
3746871,1549,2026-08-28 09:17:46,30,0x7ab80d2c05e5ed068454f4a7553047c8d0ff8136,smart_money,N,50.0,1.4,0,0,,,0,,,0,,,0,,,0,,,,,0.0,,,样本不足，暂按来源分组权重；时间衰减半衰期=14天,0.0
3746872,1549,2026-08-28 09:17:46,30,0x7ac0db5dfa7d1dc7d1901b9ad50e8bb1813b140e,smart_money,N,50.0,1.4,0,0,,,0,,,0,,,0,,,0,,,,,0.0,,,样本不足，暂按来源分组权重；时间衰减半衰期=14天,0.0
3746873,1549,2026-08-28 09:17:46,30,0x7ad3c2303655f78594e4f976ddb873aef9322efc,smart_money,N,50.0,1.4,0,0,,,0,,,0,,,0,,,0,,,,,0.0,,,样本不足，暂按来源分组权重；时间衰减半衰期=14天,0.0
3746874,1549,2026-08-28 09:17:46,30,0x7af0b7a51c6bbf3970a5d0c79fc958f3d5ec58b7,smart_money,N,50.0,1.4,0,0,,,0,,,0,,,0,,,0,,,,,0.0,,,样本不足，暂按来源分组权重；时间衰减半衰期=14天,0.0
3746875,1549,2026-08-28 09:17:46,30,0x7b354a477d33493397ca3ee8c05dd8255c264918,smart_money,N,50.0,1.4,0,0,,,0,,,0,,,0,,,0,,,,,0.0,,,样本不足，暂按来源分组权重；时间衰减半衰期=14天,0.0
3746876,1549,2026-08-28 09:17:46,30,0x7b51c5d9366077e1b3c1cba383389752f486071b,smart_money,N,50.0,1.4,0,0,,,0,,,0,,,0,,,0,,,,,0.0,,,样本不足，暂按来源分组权重；时间衰减半衰期=14天,0.0
3746877,1549,2026-08-28 09:17:46,30,0x7b5aaa7bf50c7b18d03824c049b116e296fe67bd,smart_money,N,50.0,1.4,0,0,,,0,,,0,,,0,,,0,,,,,0.0,,,样本不足，暂按来源分组权重；时间衰减半衰期=14天,0.0
3746878,1549,2026-08-28 09:17:46,30,0x7b8529dfd37b7483faae2bfd3051a52b32e9a23b,smart_money,N,50.0,1.4,0,0,,,0,,,0,,,0,,,0,,,,,0.0,,,样本不足，暂按来源分组权重；时间衰减半衰期=14天,0.0
3746879,1549,2026-08-28 09:17:46,30,0x7be1cba648ebe1ab8084244d23f28d68a86480d8,money_printer,N,50.0,1.2,0,0,,,0,,,0,,,0,,,0,,,,,0.0,,,样本不足，暂按来源分组权重；时间衰减半衰期=14天,0.0
3746880,1549,2026-08-28 09:17:46,30,0x7bedd1556856ee82d0c11ea82c4825c7a7b046f3,smart_money,N,50.0,1.4,0,0,,,0,,,0,,,0,,,0,,,,,0.0,,,样本不足，暂按来源分组权重；时间衰减半衰期=14天,0.0
3746881,1549,2026-08-28 09:17:46,30,0x7c313432dd4179adec41447dd798a6cf3f34ceca,smart_money,N,50.0,1.4,0,0,,,0,,,0,,,0,,,0,,,,,0.0,,,样本不足，暂按来源分组权重；时间衰减半衰期=14天,0.0
3746882,1549,2026-08-28 09:17:46,30,0x7c45b26c41c29330d042003cb312e73a3912024f,smart_money,N,50.0,1.4,0,0,,,0,,,0,,,0,,,0,,,,,0.0,,,样本不足，暂按来源分组权重；时间衰减半衰期=14天,0.0
3746883,1549,2026-08-28 09:17:46,30,0x7c5885d2974457eafb1a3a4d848c358111f0714d,smart_money,N,50.0,1.4,0,0,,,0,,,0,,,0,,,0,,,,,0.0,,,样本不足，暂按来源分组权重；时间衰减半衰期=14天,0.0
3746884,1549,2026-08-28 09:17:46,30,0x7c687e7f19758725aad931fb3a6fdc333690ff90,smart_money,N,50.0,1.4,0,0,,,0,,,0,,,0,,,0,,,,,0.0,,,样本不足，暂按来源分组权重；时间衰减半衰期=14天,0.0
3746885,1549,2026-08-28 09:17:46,30,0x7c7206eb666300e50411a9718d6b2b626297f9da,smart_money,N,50.0,1.4,0,0,,,0,,,0,,,0,,,0,,,,,0.0,,,样本不足，暂按来源分组权重；时间衰减半衰期=14天,0.0
3746886,1549,2026-08-28 09:17:46,30,0x7c9063122c01837fe83da2521056e10c9b6dd129,money_printer,N,50.0,1.2,0,0,,,0,,,0,,,0,,,0,,,,,0.0,,,样本不足，暂按来源分组权重；时间衰减半衰期=14天,0.0
3746887,1549,2026-08-28 09:17:46,30,0x7c930969fcf3e5a5c78bcf2e1cefda3f53e3c8fd,money_printer,N,50.0,1.2,4,4,0.5869839040337171,1.055453144053975,4,0.5869839040337171,1.689134827992075,4,0.5869839040337171,1.9273366018836198,1,0.0,-7.385978750057993,0,,,0.7722840680552601,,0.0,2026-08-20 16:17:03,"XRP,ETH",样本不足，暂按来源分组权重；时间衰减半衰期=14天,2.201442428230334
3746888,1549,2026-08-28 09:17:46,30,0x7c976f00e84db0b44f945fc6d7fad34b43150a1a,smart_money,N,50.0,1.4,2,2,1.0,1.4690324114947806,2,0.0,-1.0166788919888605,2,0.0,-1.137794357659127,2,0.0,-6.141690448934123,0,,,-1.016553975285606,,0.0,2026-07-29 16:16:53,XRP,样本不足，暂按来源分组权重；时间衰减半衰期=14天,0.45896202649844625
3746889,1549,2026-08-28 09:17:46,30,0x7ca165f354e3260e2f8d5a7508cc9dd2fa009235,money_printer,N,50.0,1.2,4,4,0.3035039350005649,-2.9757527686827694,4,0.0,-5.307690546675862,3,0.0,-10.227773191842504,1,1.0,12.024403600379474,0,,,-4.714680981631621,,0.0,2026-08-21 22:17:01,BTC,样本不足，暂按来源分组权重；时间衰减半衰期=14天,2.393075887338259
3746890,1549,2026-08-28 09:17:46,30,0x7cbe8545bf40cffa28c270589d87c3a1e0fb5019,smart_money,N,50.0,1.4,0,0,,,0,,,0,,,0,,,0,,,,,0.0,,,样本不足，暂按来源分组权重；时间衰减半衰期=14天,0.0
3746891,1549,2026-08-28 09:17:46,30,0x7cc0b0049faddc405da8494ac67737975c757480,money_printer,N,50.0,1.2,0,0,,,0,,,0,,,0,,,0,,,,,0.0,,,样本不足，暂按来源分组权重；时间衰减半衰期=14天,0.0
3746892,1549,2026-08-28 09:17:46,30,0x7cff6e8eec63aaf0685ebd51c6157c5f53fdf5e6,smart_money,N,50.0,1.4,0,0,,,0,,,0,,,0,,,0,,,,,0.0,,,样本不足，暂按来源分组权重；时间衰减半衰期=14天,0.0
3746893,1549,2026-08-28 09:17:46,30,0x7d162baaff2a8ab5634d9ffa7985f1fa6dc03e66,smart_money,N,50.0,1.4,0,0,,,0,,,0,,,0,,,0,,,,,0.0,,,样本不足，暂按来源分组权重；时间衰减半衰期=14天,0.0
3746894,1549,2026-08-28 09:17:46,30,0x7d1d11fae1b69fe347de53e2461de2686ebe11fc,smart_money,N,50.0,1.4,0,0,,,0,,,0,,,0,,,0,,,,,0.0,,,样本不足，暂按来源分组权重；时间衰减半衰期=14天,0.0
3746895,1549,2026-08-28 09:17:46,30,0x7d54a6772903c4f45f05c9b4e89f1dd2a0f52794,smart_money,N,50.0,1.4,2,2,0.0,0.2862146730198838,2,1.0,2.3476594123873507,0,,,0,,,0,,,2.3473657241885237,,0.0,2026-08-21 16:17:05,HYPE,样本不足，暂按来源分组权重；时间衰减半衰期=14天,1.4332696370804745
3746896,1549,2026-08-28 09:17:46,30,0x7d5c17cddaabc227c7d1a34ac7f6cdfda6985d48,smart_money,N,50.0,1.4,0,0,,,0,,,0,,,0,,,0,,,,,0.0,,,样本不足，暂按来源分组权重；时间衰减半衰期=14天,0.0
3746897,1549,2026-08-28 09:17:46,30,0x7da85a334e43a6b1c2c0da9623409d9ee9047747,smart_money,N,50.0,1.4,0,0,,,0,,,0,,,0,,,0,,,,,0.0,,,样本不足，暂按来源分组权重；时间衰减半衰期=14天,0.0
3746898,1549,2026-08-28 09:17:46,30,0x7dacca323e44f168494c779bb5e7483c468ef410,money_printer,N,50.0,1.2,0,0,,,0,,,0,,,0,,,0,,,,,0.0,,,样本不足，暂按来源分组权重；时间衰减半衰期=14天,0.0
3746899,1549,2026-08-28 09:17:46,30,0x7dbeb1e7eb118e20ef5b332096cdba0528034639,smart_money,N,50.0,1.4,0,0,,,0,,,0,,,0,,,0,,,,,0.0,,,样本不足，暂按来源分组权重；时间衰减半衰期=14天,0.0
3746900,1549,2026-08-28 09:17:46,30,0x7dd6af227362f4115e060f39c00791ffcf4230d8,money_printer,N,50.0,1.2,4,4,0.3533184019041713,-2.1322457639110906,4,0.3533184019041713,0.9195399059756745,4,0.3533184019041713,-0.37300326108511245,2,0.0,0.1672080824141373,0,,,0.8733121672360276,,0.0,2026-08-20 09:17:04,NEKO,样本不足，暂按来源分组权重；时间衰减半衰期=14天,1.8389745303794236
3746901,1549,2026-08-28 09:17:46,30,0x7dd6f02fef939cea86f0243358255f6b57a6cf0d,smart_money,N,50.0,1.4,0,0,,,0,,,0,,,0,,,0,,,,,0.0,,,样本不足，暂按来源分组权重；时间衰减半衰期=14天,0.0
3746902,1549,2026-08-28 09:17:46,30,0x7de07bb8a43c1953a019906cf2c8287dae478be9,money_printer,N,50.0,1.2,0,0,,,0,,,0,,,0,,,0,,,,,0.0,,,样本不足，暂按来源分组权重；时间衰减半衰期=14天,0.0
3746903,1549,2026-08-28 09:17:46,30,0x7defab45247754d549e9405e4a265c677713fa07,smart_money,N,50.0,1.4,0,0,,,0,,,0,,,0,,,0,,,,,0.0,,,样本不足，暂按来源分组权重；时间衰减半衰期=14天,0.0
3746904,1549,2026-08-28 09:17:46,30,0x7e09dfbba23d078e16f038b1ed4c558185c4be1e,smart_money,N,50.0,1.4,0,0,,,0,,,0,,,0,,,0,,,,,0.0,,,样本不足，暂按来源分组权重；时间衰减半衰期=14天,0.0
3746905,1549,2026-08-28 09:17:46,30,0x7e0dfa222d18639220e40ab4d2e98ebdefa44dab,smart_money,N,50.0,1.4,0,0,,,0,,,0,,,0,,,0,,,,,0.0,,,样本不足，暂按来源分组权重；时间衰减半衰期=14天,0.0
3746906,1549,2026-08-28 09:17:46,30,0x7e19c25679a5f4cc1351e80d428ebe6df929adb1,smart_money,N,50.0,1.4,0,0,,,0,,,0,,,0,,,0,,,,,0.0,,,样本不足，暂按来源分组权重；时间衰减半衰期=14天,0.0
3746907,1549,2026-08-28 09:17:46,30,0x7e416524307357636f95083883150e4621271c3e,smart_money,N,50.0,1.4,0,0,,,0,,,0,,,0,,,0,,,,,0.0,,,样本不足，暂按来源分组权重；时间衰减半衰期=14天,0.0
3746908,1549,2026-08-28 09:17:46,30,0x7e4e766d0ae5ea9cded0c694669194db92800107,money_printer,N,50.0,1.2,9,8,0.24927838015273435,-0.4790429700873419,8,0.24927838015273435,-0.11953198238977988,0,,,0,,,0,,,-0.06424373013442808,,0.0,2026-08-27 18:17:56,"HYPE,ETH,ZEC",样本不足，暂按来源分组权重；时间衰减半衰期=14天,5.998596724973959
3746909,1549,2026-08-28 09:17:46,30,0x7e5198aecb7285e6c4419620685c3950816e780f,smart_money,N,50.0,1.4,0,0,,,0,,,0,,,0,,,0,,,,,0.0,,,样本不足，暂按来源分组权重；时间衰减半衰期=14天,0.0
3746910,1549,2026-08-28 09:17:46,30,0x7ea848f8eec719f6bd0866c26c7a7d2fb686d160,money_printer,N,50.0,1.2,0,0,,,0,,,0,,,0,,,0,,,,,0.0,,,样本不足，暂按来源分组权重；时间衰减半衰期=14天,0.0
3746911,1549,2026-08-28 09:17:46,30,0x7eaf2d4d87452f06bb6af45bf03c1913b415dfd6,smart_money,N,50.0,1.4,0,0,,,0,,,0,,,0,,,0,,,,,0.0,,,样本不足，暂按来源分组权重；时间衰减半衰期=14天,0.0
3746912,1549,2026-08-28 09:17:46,30,0x7eb4d1f3b748890d7dfcd8eae09b087454fedce9,smart_money,N,50.0,1.4,0,0,,,0,,,0,,,0,,,0,,,,,0.0,,,样本不足，暂按来源分组权重；时间衰减半衰期=14天,0.0
3746913,1549,2026-08-28 09:17:46,30,0x7eb9026d0183942458bd4660371c3cc0a2df3beb,money_printer,N,50.0,1.2,1,1,0.0,0.45357924598376914,1,0.0,-0.6179424570719642,1,0.0,-2.5681751732530484,1,0.0,0.316083098246529,0,,,-0.6179424570719642,,0.0,2026-07-31 15:17:34,BTC,样本不足，暂按来源分组权重；时间衰减半衰期=14天,0.2531118965048436
3746914,1549,2026-08-28 09:17:46,30,0x7ee6b077b59f4417bc36d41bb65365644315db10,smart_money,N,50.0,1.4,0,0,,,0,,,0,,,0,,,0,,,,,0.0,,,样本不足，暂按来源分组权重；时间衰减半衰期=14天,0.0
3746915,1549,2026-08-28 09:17:46,30,0x7ee8fd43698a51053cd9729b29cbd90ab68fbc6c,smart_money,N,50.0,1.4,0,0,,,0,,,0,,,0,,,0,,,,,0.0,,,样本不足，暂按来源分组权重；时间衰减半衰期=14天,0.0
3746916,1549,2026-08-28 09:17:46,30,0x7f1e97d8eb3ddb8659cb59d611becc438f89b7a2,smart_money,N,50.0,1.4,1,1,0.0,-1.4900771411617406,1,0.0,-0.5933935517900785,0,,,0,,,0,,,-0.5933935517900785,,0.0,2026-08-24 02:17:48,UPUMP,样本不足，暂按来源分组权重；时间衰减半衰期=14天,0.808575297648893
3746917,1549,2026-08-28 09:17:46,30,0x7f38620111a647c26b9ea8d276c5ed92f2007fe7,money_printer,N,50.0,1.2,0,0,,,0,,,0,,,0,,,0,,,,,0.0,,,样本不足，暂按来源分组权重；时间衰减半衰期=14天,0.0
3746918,1549,2026-08-28 09:17:46,30,0x7f55a0b28ba031dc08c1fdf7336a74e399b840d1,money_printer,N,50.0,1.2,0,0,,,0,,,0,,,0,,,0,,,,,0.0,,,样本不足，暂按来源分组权重；时间衰减半衰期=14天,0.0
3746919,1549,2026-08-28 09:17:46,30,0x7f55bd494bed4b4eed2064eccc1af75e9d76ad4b,smart_money,N,50.0,1.4,0,0,,,0,,,0,,,0,,,0,,,,,0.0,,,样本不足，暂按来源分组权重；时间衰减半衰期=14天,0.0
3746920,1549,2026-08-28 09:17:46,30,0x7f583a47e00701d257ac873c80eb5326fec69e56,smart_money,N,50.0,1.4,7,7,0.22327473059433078,1.4694619394563992,7,0.3726021786214597,2.693867224904221,7,0.22327473059433078,3.0915347792199426,6,0.38490263438489264,0.11727813426426525,0,,,1.7273098715717827,,0.0,2026-08-19 16:17:05,NEKO,样本不足，暂按来源分组权重；时间衰减半衰期=14天,2.910063044244155
3746921,1549,2026-08-28 09:17:46,30,0x7f70f12185d44067d45d1ebb21b497f311c7d67d,smart_money,N,50.0,1.4,0,0,,,0,,,0,,,0,,,0,,,,,0.0,,,样本不足，暂按来源分组权重；时间衰减半衰期=14天,0.0
3746922,1549,2026-08-28 09:17:46,30,0x7fa02bda84034b71213871ef70627b4052d35a94,smart_money,N,50.0,1.4,0,0,,,0,,,0,,,0,,,0,,,,,0.0,,,样本不足，暂按来源分组权重；时间衰减半衰期=14天,0.0
3746923,1549,2026-08-28 09:17:46,30,0x7fa54e51e7024c0cc95667a39ade5ff6cfc97d7a,smart_money,N,50.0,1.4,0,0,,,0,,,0,,,0,,,0,,,,,0.0,,,样本不足，暂按来源分组权重；时间衰减半衰期=14天,0.0
3746924,1549,2026-08-28 09:17:46,30,0x7fa77093e83c9292c2357ea799ac2c57ec138203,smart_money,N,50.0,1.4,0,0,,,0,,,0,,,0,,,0,,,,,0.0,,,样本不足，暂按来源分组权重；时间衰减半衰期=14天,0.0
3746925,1549,2026-08-28 09:17:46,30,0x7fd284b3b84e67530e8d89e86288bff9fa0b20c7,smart_money,N,50.0,1.4,0,0,,,0,,,0,,,0,,,0,,,,,0.0,,,样本不足，暂按来源分组权重；时间衰减半衰期=14天,0.0
3746926,1549,2026-08-28 09:17:46,30,0x7fdafde5cfb5465924316eced2d3715494c517d1,money_printer,C,93.77158618153894,0.66,117,108,0.313897702521336,-2.0323220261363684,90,0.40841656957246025,-1.5195252876690002,46,0.3348167952490396,-2.418093001181874,14,0.4965352496909262,8.497745127817966,0,,,-1.584542141571522,,0.0,2026-08-28 03:17:51,"HYPE,ZEC,ETH,BTC,LIT",C级：噪音偏多，降权参考，主周期=15d；时间衰减半衰期=14天,75.72567749049782
3746927,1549,2026-08-28 09:17:46,30,0x7fe8cfe481ec2f702692a9152e3f002f3e417ac6,money_printer,N,50.0,1.2,0,0,,,0,,,0,,,0,,,0,,,,,0.0,,,样本不足，暂按来源分组权重；时间衰减半衰期=14天,0.0
3746928,1549,2026-08-28 09:17:46,30,0x7ff59a95c9e0b908adfc374139008ecb9a1d126b,smart_money,N,50.0,1.4,0,0,,,0,,,0,,,0,,,0,,,,,0.0,,,样本不足，暂按来源分组权重；时间衰减半衰期=14天,0.0
3746929,1549,2026-08-28 09:17:46,30,0x807a2e2e469df84b299da5f90f15dda4380daca1,money_printer,N,50.0,1.2,0,0,,,0,,,0,,,0,,,0,,,,,0.0,,,样本不足，暂按来源分组权重；时间衰减半衰期=14天,0.0
3746930,1549,2026-08-28 09:17:46,30,0x807ddb66768050ee457165ad6d21cc1275a896ac,smart_money,N,50.0,1.4,0,0,,,0,,,0,,,0,,,0,,,,,0.0,,,样本不足，暂按来源分组权重；时间衰减半衰期=14天,0.0
3746931,1549,2026-08-28 09:17:46,30,0x80bcb08c54bbd5abb37528425b1f8ad2507c9b62,smart_money,N,50.0,1.4,0,0,,,0,,,0,,,0,,,0,,,,,0.0,,,样本不足，暂按来源分组权重；时间衰减半衰期=14天,0.0
3746932,1549,2026-08-28 09:17:46,30,0x810ab853d951613a567792a675922c6498bce29f,smart_money,N,50.0,1.4,0,0,,,0,,,0,,,0,,,0,,,,,0.0,,,样本不足，暂按来源分组权重；时间衰减半衰期=14天,0.0
3746933,1549,2026-08-28 09:17:46,30,0x810b41bd2294ea9b87efd8fd03040ff74a1e5130,smart_money,N,50.0,1.4,1,1,1.0,3.1754638415604703,1,1.0,11.872536547725788,1,1.0,14.343809305332517,0,,,0,,,11.872536547725788,,0.0,2026-08-20 12:17:23,HYPE,样本不足，暂按来源分组权重；时间衰减半衰期=14天,0.6771188490631685
3746934,1549,2026-08-28 09:17:46,30,0x811e8f6d80f38a2f0f8b606cb743a950638f0ad4,smart_money,N,50.0,1.4,0,0,,,0,,,0,,,0,,,0,,,,,0.0,,,样本不足，暂按来源分组权重；时间衰减半衰期=14天,0.0
3746935,1549,2026-08-28 09:17:46,30,0x81712699067dbac3477ba0529968d88006572fec,smart_money,N,50.0,1.4,0,0,,,0,,,0,,,0,,,0,,,,,0.0,,,样本不足，暂按来源分组权重；时间衰减半衰期=14天,0.0
3746936,1549,2026-08-28 09:17:46,30,0x8184405076b61ab78013f16393322eaf0d0a01a1,smart_money,N,50.0,1.4,0,0,,,0,,,0,,,0,,,0,,,,,0.0,,,样本不足，暂按来源分组权重；时间衰减半衰期=14天,0.0
3746937,1549,2026-08-28 09:17:46,30,0x81c9ac8d5ebf5fd27e6e2611d1204dce585db486,smart_money,N,50.0,1.4,0,0,,,0,,,0,,,0,,,0,,,,,0.0,,,样本不足，暂按来源分组权重；时间衰减半衰期=14天,0.0
3746938,1549,2026-08-28 09:17:46,30,0x81d4163289cf61a0eaaac4862cb88ef0f4215c29,smart_money,N,50.0,1.4,0,0,,,0,,,0,,,0,,,0,,,,,0.0,,,样本不足，暂按来源分组权重；时间衰减半衰期=14天,0.0
3746939,1549,2026-08-28 09:17:46,30,0x81dd236893b50383256aee3ccd6ded98fdd155b6,smart_money,N,50.0,1.4,0,0,,,0,,,0,,,0,,,0,,,,,0.0,,,样本不足，暂按来源分组权重；时间衰减半衰期=14天,0.0
3746940,1549,2026-08-28 09:17:46,30,0x81f6b887657b679d9e23153ffcd703e111010240,smart_money,N,50.0,1.4,0,0,,,0,,,0,,,0,,,0,,,,,0.0,,,样本不足，暂按来源分组权重；时间衰减半衰期=14天,0.0
3746941,1549,2026-08-28 09:17:46,30,0x82063340e28d0e4327a152563eda08094df98663,smart_money,N,50.0,1.4,0,0,,,0,,,0,,,0,,,0,,,,,0.0,,,样本不足，暂按来源分组权重；时间衰减半衰期=14天,0.0
3746942,1549,2026-08-28 09:17:46,30,0x8230cf5bc3de7f18889fabdb8e649b3c45ff3650,smart_money,N,50.0,1.4,0,0,,,0,,,0,,,0,,,0,,,,,0.0,,,样本不足，暂按来源分组权重；时间衰减半衰期=14天,0.0
3746943,1549,2026-08-28 09:17:46,30,0x823ecdcdfc67ab8885f4d24ba595050611fe76c9,smart_money,N,50.0,1.4,0,0,,,0,,,0,,,0,,,0,,,,,0.0,,,样本不足，暂按来源分组权重；时间衰减半衰期=14天,0.0
3746944,1549,2026-08-28 09:17:46,30,0x8250a7f9fca9c33e68eead8c05c1d58c8fd70d13,smart_money,N,50.0,1.4,4,4,0.3533184019041713,-2.1322457639110906,4,0.3533184019041713,0.9195399059756745,4,0.3533184019041713,-0.37300326108511245,2,0.0,0.1672080824141373,0,,,0.8733121672360276,,0.0,2026-08-20 09:17:04,NEKO,样本不足，暂按来源分组权重；时间衰减半衰期=14天,1.8389745303794236
3746945,1549,2026-08-28 09:17:46,30,0x825714bae8bd60162bb14a04bb2183d00b3d00c9,smart_money,N,50.0,1.4,2,2,1.0,2.290573410961494,2,0.48918229465623253,1.5439538098273657,0,,,0,,,0,,,1.5792899780426444,,0.0,2026-08-23 16:18:07,HYPE,样本不足，暂按来源分组权重；时间衰减半衰期=14天,1.5506008934782307
3746946,1549,2026-08-28 09:17:46,30,0x825f23921dcff36944d8b0b0ca23ac7d05fb86cb,smart_money,N,50.0,1.4,0,0,,,0,,,0,,,0,,,0,,,,,0.0,,,样本不足，暂按来源分组权重；时间衰减半衰期=14天,0.0
3746947,1549,2026-08-28 09:17:46,30,0x82a7f089adee34666241259bf3fd87551050eef3,smart_money,N,50.0,1.4,0,0,,,0,,,0,,,0,,,0,,,,,0.0,,,样本不足，暂按来源分组权重；时间衰减半衰期=14天,0.0
3746948,1549,2026-08-28 09:17:46,30,0x82b409e6c2e617929cf22bd7e4b08564c207abc1,smart_money,N,50.0,1.4,0,0,,,0,,,0,,,0,,,0,,,,,0.0,,,样本不足，暂按来源分组权重；时间衰减半衰期=14天,0.0
3746949,1549,2026-08-28 09:17:46,30,0x82c6503af0d94c782f69caf3fb64568608b8fe42,smart_money,N,50.0,1.4,0,0,,,0,,,0,,,0,,,0,,,,,0.0,,,样本不足，暂按来源分组权重；时间衰减半衰期=14天,0.0
3746950,1549,2026-08-28 09:17:46,30,0x8328446602cb4c3b2b4a25beca6488e947b6f54a,smart_money,N,50.0,1.4,2,2,0.4994849819707249,1.5182576819280083,2,0.4994849819707249,1.933243497038969,2,0.4994849819707249,0.9397751193497982,0,,,0,,,1.9409470025424906,,0.0,2026-08-19 22:17:01,ETH,样本不足，暂按来源分组权重；时间衰减半衰期=14天,1.3143148014735828
3746951,1549,2026-08-28 09:17:46,30,0x833b99b27dac651d02080f5e220e929df891db06,money_printer,N,50.0,1.2,0,0,,,0,,,0,,,0,,,0,,,,,0.0,,,样本不足，暂按来源分组权重；时间衰减半衰期=14天,0.0
3746952,1549,2026-08-28 09:17:46,30,0x834ce0cb3092a2ab56d0a636c0bd678154b4c61f,smart_money,N,50.0,1.4,0,0,,,0,,,0,,,0,,,0,,,,,0.0,,,样本不足，暂按来源分组权重；时间衰减半衰期=14天,0.0
3746953,1549,2026-08-28 09:17:46,30,0x8372aa26b7130d1b8a4ad205c1f2ec9a97ab2477,smart_money,N,50.0,1.4,0,0,,,0,,,0,,,0,,,0,,,,,0.0,,,样本不足，暂按来源分组权重；时间衰减半衰期=14天,0.0
3746954,1549,2026-08-28 09:17:46,30,0x837381dd3eda5c672e77f1c076dbb04fb98accba,smart_money,N,50.0,1.4,0,0,,,0,,,0,,,0,,,0,,,,,0.0,,,样本不足，暂按来源分组权重；时间衰减半衰期=14天,0.0
3746955,1549,2026-08-28 09:17:46,30,0x83749adcb55def56d3120206d43a20bc31d3dbe7,smart_money,N,50.0,1.4,0,0,,,0,,,0,,,0,,,0,,,,,0.0,,,样本不足，暂按来源分组权重；时间衰减半衰期=14天,0.0
3746956,1549,2026-08-28 09:17:46,30,0x837686cfda8a79adfb8465d39240c54166bf9a1e,smart_money,N,50.0,1.4,0,0,,,0,,,0,,,0,,,0,,,,,0.0,,,样本不足，暂按来源分组权重；时间衰减半衰期=14天,0.0
3746957,1549,2026-08-28 09:17:46,30,0x8383b9a512f1c0e57cd015b076372b2844859e57,smart_money,N,50.0,1.4,0,0,,,0,,,0,,,0,,,0,,,,,0.0,,,样本不足，暂按来源分组权重；时间衰减半衰期=14天,0.0
3746958,1549,2026-08-28 09:17:46,30,0x839eeee12aa7fa673b1c03fafcf0688b5c9a7375,smart_money,N,50.0,1.4,0,0,,,0,,,0,,,0,,,0,,,,,0.0,,,样本不足，暂按来源分组权重；时间衰减半衰期=14天,0.0
3746959,1549,2026-08-28 09:17:46,30,0x83b00972aafcc3d06d45b1b823079f9a414da46e,smart_money,N,50.0,1.4,0,0,,,0,,,0,,,0,,,0,,,,,0.0,,,样本不足，暂按来源分组权重；时间衰减半衰期=14天,0.0
3746960,1549,2026-08-28 09:17:46,30,0x83b1385d8126ecf64bfb3b4254d67eb9db753bcc,smart_money,C,12.47673887883218,0.77,14,13,0.2981851124220483,0.6060606588923791,12,0.15086961455614215,-0.06421620142215106,10,0.06221938689315581,0.11299770781287283,7,0.09917998361487236,-0.15982798332230916,0,,,-0.16150767051234405,,0.0,2026-08-27 20:18:09,BASED,C级：噪音偏多，降权参考，主周期=7d；时间衰减半衰期=14天,6.72213845735647
3746961,1549,2026-08-28 09:17:46,30,0x83dbc7524ece5a0ce2c8233c93745d6c58cdf50b,smart_money,N,50.0,1.4,0,0,,,0,,,0,,,0,,,0,,,,,0.0,,,样本不足，暂按来源分组权重；时间衰减半衰期=14天,0.0
3746962,1549,2026-08-28 09:17:46,30,0x83f9daccd2ce1a71e4965a28fc898e4d41af7092,smart_money,N,50.0,1.4,0,0,,,0,,,0,,,0,,,0,,,,,0.0,,,样本不足，暂按来源分组权重；时间衰减半衰期=14天,0.0
3746963,1549,2026-08-28 09:17:46,30,0x841aa76ae707bde0f9cc62aae34b47e831ee251d,money_printer,N,50.0,1.2,0,0,,,0,,,0,,,0,,,0,,,,,0.0,,,样本不足，暂按来源分组权重；时间衰减半衰期=14天,0.0
3746964,1549,2026-08-28 09:17:46,30,0x8434b7844fd17fad52f0aceae50a834cd4896577,smart_money,N,50.0,1.4,0,0,,,0,,,0,,,0,,,0,,,,,0.0,,,样本不足，暂按来源分组权重；时间衰减半衰期=14天,0.0
3746965,1549,2026-08-28 09:17:46,30,0x843f31e5cd9a6572d235a05cb78ec5ac2ffcc24f,smart_money,N,50.0,1.4,3,2,0.0,-1.5849938483027552,1,0.0,-4.939864435367654,0,,,0,,,0,,,-4.939864435367654,,0.0,2026-08-27 20:18:09,HYPE,样本不足，暂按来源分组权重；时间衰减半衰期=14天,1.7002831245394465
3746966,1549,2026-08-28 09:17:46,30,0x844b6ab0079fb36e6a99cba877574acd8f1e7f42,money_printer,N,50.0,1.2,0,0,,,0,,,0,,,0,,,0,,,,,0.0,,,样本不足，暂按来源分组权重；时间衰减半衰期=14天,0.0
3746967,1549,2026-08-28 09:17:46,30,0x8477e447846c758f5a675856001ea72298fd9cb5,smart_money,N,50.0,1.4,0,0,,,0,,,0,,,0,,,0,,,,,0.0,,,样本不足，暂按来源分组权重；时间衰减半衰期=14天,0.0
3746968,1549,2026-08-28 09:17:46,30,0x847bd1ef4fede0fe191129894d63044843f4d473,smart_money,N,50.0,1.4,0,0,,,0,,,0,,,0,,,0,,,,,0.0,,,样本不足，暂按来源分组权重；时间衰减半衰期=14天,0.0
3746969,1549,2026-08-28 09:17:46,30,0x84803dc3df988d5493d9be2ee75e36f0043ee272,smart_money,N,50.0,1.4,0,0,,,0,,,0,,,0,,,0,,,,,0.0,,,样本不足，暂按来源分组权重；时间衰减半衰期=14天,0.0
3746970,1549,2026-08-28 09:17:46,30,0x8482694d9bbf434bf2801f49be04dee5bc459d07,smart_money,N,50.0,1.4,0,0,,,0,,,0,,,0,,,0,,,,,0.0,,,样本不足，暂按来源分组权重；时间衰减半衰期=14天,0.0
3746971,1549,2026-08-28 09:17:46,30,0x848721233eee7906395c00fa45b0fd90427e1601,smart_money,N,50.0,1.4,0,0,,,0,,,0,,,0,,,0,,,,,0.0,,,样本不足，暂按来源分组权重；时间衰减半衰期=14天,0.0
3746972,1549,2026-08-28 09:17:46,30,0x848aa08a594a14664685e7bbb3a00e38faba4f2f,smart_money,N,50.0,1.4,0,0,,,0,,,0,,,0,,,0,,,,,0.0,,,样本不足，暂按来源分组权重；时间衰减半衰期=14天,0.0
3746973,1549,2026-08-28 09:17:46,30,0x84abc08c0ea62e687c370154de1f38ea462f4d37,money_printer,N,50.0,1.2,0,0,,,0,,,0,,,0,,,0,,,,,0.0,,,样本不足，暂按来源分组权重；时间衰减半衰期=14天,0.0
3746974,1549,2026-08-28 09:17:46,30,0x84d19fbb0d4f28fdb76557a4555a5ecf934e22c1,smart_money,N,50.0,1.4,0,0,,,0,,,0,,,0,,,0,,,,,0.0,,,样本不足，暂按来源分组权重；时间衰减半衰期=14天,0.0
3746975,1549,2026-08-28 09:17:46,30,0x85085800b0b90fe8a220047ec947227ea07bd73d,smart_money,N,50.0,1.4,0,0,,,0,,,0,,,0,,,0,,,,,0.0,,,样本不足，暂按来源分组权重；时间衰减半衰期=14天,0.0
3746976,1549,2026-08-28 09:17:46,30,0x85101bbcbbf09cd50d299f662448c3ae509592ee,smart_money,N,50.0,1.4,0,0,,,0,,,0,,,0,,,0,,,,,0.0,,,样本不足，暂按来源分组权重；时间衰减半衰期=14天,0.0
3746977,1549,2026-08-28 09:17:46,30,0x8554501f855388039f2bc86110462adfbbde46dc,money_printer,N,50.0,1.2,1,1,0.0,-6.847745648896802,1,0.0,-33.35891462244757,1,0.0,-35.0801699328491,0,,,0,,,-33.35891462244757,,0.0,2026-08-19 16:17:05,AAVE,样本不足，暂按来源分组权重；时间衰减半衰期=14天,0.6497435422161318
3746978,1549,2026-08-28 09:17:46,30,0x855b77fc563bb5a2c062b9ad3bdf7984883ee8b8,smart_money,N,50.0,1.4,0,0,,,0,,,0,,,0,,,0,,,,,0.0,,,样本不足，暂按来源分组权重；时间衰减半衰期=14天,0.0
3746979,1549,2026-08-28 09:17:46,30,0x856c35038594767646266bc7fd68dc26480e910d,money_printer,N,50.0,1.2,0,0,,,0,,,0,,,0,,,0,,,,,0.0,,,样本不足，暂按来源分组权重；时间衰减半衰期=14天,0.0
3746980,1549,2026-08-28 09:17:46,30,0x859801b3305919287e2cf4ea307f78da1b6074bb,smart_money,N,50.0,1.4,0,0,,,0,,,0,,,0,,,0,,,,,0.0,,,样本不足，暂按来源分组权重；时间衰减半衰期=14天,0.0
3746981,1549,2026-08-28 09:17:46,30,0x85b3c124a704ae638622a1e99310f22eee7279c6,smart_money,N,50.0,1.4,0,0,,,0,,,0,,,0,,,0,,,,,0.0,,,样本不足，暂按来源分组权重；时间衰减半衰期=14天,0.0
3746982,1549,2026-08-28 09:17:46,30,0x85d9ba5e2910c080893a828976cd7ca040ceb5a5,smart_money,N,50.0,1.4,0,0,,,0,,,0,,,0,,,0,,,,,0.0,,,样本不足，暂按来源分组权重；时间衰减半衰期=14天,0.0
3746983,1549,2026-08-28 09:17:46,30,0x85dad19900267008bef897cc8044293ce7dcbcd2,smart_money,N,50.0,1.4,0,0,,,0,,,0,,,0,,,0,,,,,0.0,,,样本不足，暂按来源分组权重；时间衰减半衰期=14天,0.0
3746984,1549,2026-08-28 09:17:46,30,0x85ecf584f25db6f146718b86d493e33c5af72052,smart_money,N,50.0,1.4,0,0,,,0,,,0,,,0,,,0,,,,,0.0,,,样本不足，暂按来源分组权重；时间衰减半衰期=14天,0.0
3746985,1549,2026-08-28 09:17:46,30,0x85ed1f02990eebe097154ef7e76dd43dd59d4a44,smart_money,N,50.0,1.4,0,0,,,0,,,0,,,0,,,0,,,,,0.0,,,样本不足，暂按来源分组权重；时间衰减半衰期=14天,0.0
3746986,1549,2026-08-28 09:17:46,30,0x8607a7d180de23645db594d90621d837749408d5,money_printer,C,25.900528601454496,0.66,16,16,0.0,-0.10290483398932261,16,0.06968040186522663,0.19841582272517094,12,0.1038944195079323,0.051814557270390554,0,,,0,,,0.19261547582848348,,0.0,2026-08-24 22:17:53,"KNTQ,BRIDGE",C级：噪音偏多，降权参考，主周期=7d；时间衰减半衰期=14天,10.064199037761954
3746987,1549,2026-08-28 09:17:46,30,0x860b15d380b19ca3d37ea7c3af0e2bb26b420c27,smart_money,N,50.0,1.4,4,4,0.3533184019041713,-2.1322457639110906,4,0.3533184019041713,0.9195399059756745,4,0.3533184019041713,-0.37300326108511245,2,0.0,0.1672080824141373,0,,,0.8733121672360276,,0.0,2026-08-20 09:17:04,NEKO,样本不足，暂按来源分组权重；时间衰减半衰期=14天,1.8389745303794236
3746988,1549,2026-08-28 09:17:46,30,0x860e468ca7716dfa0deb4fc84459a74b3974e5c5,smart_money,N,50.0,1.4,0,0,,,0,,,0,,,0,,,0,,,,,0.0,,,样本不足，暂按来源分组权重；时间衰减半衰期=14天,0.0
3746989,1549,2026-08-28 09:17:46,30,0x863b676e5e4fea0541062c32983dc8f84749ca6d,money_printer,N,50.0,1.2,2,2,0.502060777474516,-3.9624380807955446,2,0.502060777474516,-3.277382907950509,2,0.502060777474516,-2.835771843784142,0,,,0,,,-3.3299316967056845,,0.0,2026-08-19 21:17:06,ETH,样本不足，暂按来源分组权重；时间衰减半衰期=14天,1.3075717808910325
3746990,1549,2026-08-28 09:17:46,30,0x8658ccc0732959a37f303173e29180273b3faf88,smart_money,N,50.0,1.4,0,0,,,0,,,0,,,0,,,0,,,,,0.0,,,样本不足，暂按来源分组权重；时间衰减半衰期=14天,0.0
3746991,1549,2026-08-28 09:17:46,30,0x866d4903b256ce7e7caac46a91e83128bb0fd6e1,smart_money,N,50.0,1.4,0,0,,,0,,,0,,,0,,,0,,,,,0.0,,,样本不足，暂按来源分组权重；时间衰减半衰期=14天,0.0
3746992,1549,2026-08-28 09:17:46,30,0x867fd5474e39f8623117b672137bf54af92c5548,smart_money,N,50.0,1.4,0,0,,,0,,,0,,,0,,,0,,,,,0.0,,,样本不足，暂按来源分组权重；时间衰减半衰期=14天,0.0
3746993,1549,2026-08-28 09:17:46,30,0x872d3fb74cb230faf1746b4e66971551a010ba6d,smart_money,N,50.0,1.4,0,0,,,0,,,0,,,0,,,0,,,,,0.0,,,样本不足，暂按来源分组权重；时间衰减半衰期=14天,0.0
3746994,1549,2026-08-28 09:17:46,30,0x872ea3fe1a064a4f739fa897ec3f81404b352092,money_printer,N,50.0,1.2,0,0,,,0,,,0,,,0,,,0,,,,,0.0,,,样本不足，暂按来源分组权重；时间衰减半衰期=14天,0.0
3746995,1549,2026-08-28 09:17:46,30,0x878d292fbebaf102eaf9d7e10b50a876e696f74b,smart_money,N,50.0,1.4,0,0,,,0,,,0,,,0,,,0,,,,,0.0,,,样本不足，暂按来源分组权重；时间衰减半衰期=14天,0.0
3746996,1549,2026-08-28 09:17:46,30,0x87b100e26d400d17e33fa18fbe8cd634678bd33d,smart_money,N,50.0,1.4,0,0,,,0,,,0,,,0,,,0,,,,,0.0,,,样本不足，暂按来源分组权重；时间衰减半衰期=14天,0.0
3746997,1549,2026-08-28 09:17:46,30,0x87d76b68d81a3cec086e6c34afed49dbf378af8b,smart_money,N,50.0,1.4,0,0,,,0,,,0,,,0,,,0,,,,,0.0,,,样本不足，暂按来源分组权重；时间衰减半衰期=14天,0.0
3746998,1549,2026-08-28 09:17:46,30,0x87e8b39e166388f9fe6e57c291afc441c9e3a515,smart_money,N,50.0,1.4,0,0,,,0,,,0,,,0,,,0,,,,,0.0,,,样本不足，暂按来源分组权重；时间衰减半衰期=14天,0.0
3746999,1549,2026-08-28 09:17:46,30,0x87f36777f22548787af3a2ad3605e3d48288b928,smart_money,N,50.0,1.4,0,0,,,0,,,0,,,0,,,0,,,,,0.0,,,样本不足，暂按来源分组权重；时间衰减半衰期=14天,0.0
3747000,1549,2026-08-28 09:17:46,30,0x880ac484a1743862989a441d6d867238c7aa311c,money_printer,N,50.0,1.2,0,0,,,0,,,0,,,0,,,0,,,,,0.0,,,样本不足，暂按来源分组权重；时间衰减半衰期=14天,0.0
3747001,1549,2026-08-28 09:17:46,30,0x881cd92459f09622680e711458b22c5335fba65b,smart_money,N,50.0,1.4,0,0,,,0,,,0,,,0,,,0,,,,,0.0,,,样本不足，暂按来源分组权重；时间衰减半衰期=14天,0.0
3747002,1549,2026-08-28 09:17:46,30,0x88250cf2f6402e856bc85fc65095e4a48bb12cb7,smart_money,N,50.0,1.4,0,0,,,0,,,0,,,0,,,0,,,,,0.0,,,样本不足，暂按来源分组权重；时间衰减半衰期=14天,0.0
3747003,1549,2026-08-28 09:17:46,30,0x8838d88514dc65fcdc24b63eb608636d406020a5,smart_money,N,50.0,1.4,7,7,0.22327473059433078,1.4694619394563992,7,0.3726021786214597,2.693867224904221,7,0.22327473059433078,3.0915347792199426,6,0.38490263438489264,0.11727813426426525,0,,,1.7273098715717827,,0.0,2026-08-19 16:17:05,NEKO,样本不足，暂按来源分组权重；时间衰减半衰期=14天,2.910063044244155
3747004,1549,2026-08-28 09:17:46,30,0x885989fd94d30c150e6eaf897090509bce4f6aa8,money_printer,N,50.0,1.2,2,2,0.0,0.0,2,0.0,0.0,2,0.0,0.0,2,0.0,0.0,0,,,0.0,,0.0,2026-08-05 11:16:57,KNTQ,样本不足，暂按来源分组权重；时间衰减半衰期=14天,0.6127593462237748
3747005,1549,2026-08-28 09:17:46,30,0x88696c4985f64ea1ebfb9e46c1b47197f7a244ab,smart_money,N,50.0,1.4,0,0,,,0,,,0,,,0,,,0,,,,,0.0,,,样本不足，暂按来源分组权重；时间衰减半衰期=14天,0.0
3747006,1549,2026-08-28 09:17:46,30,0x88794bce1888f14a84bee7b2f541334ee2ded023,money_printer,N,50.0,1.2,0,0,,,0,,,0,,,0,,,0,,,,,0.0,,,样本不足，暂按来源分组权重；时间衰减半衰期=14天,0.0
3747007,1549,2026-08-28 09:17:46,30,0x88806a71d74ad0a510b350545c9ae490912f0888,smart_money,N,50.0,1.4,0,0,,,0,,,0,,,0,,,0,,,,,0.0,,,样本不足，暂按来源分组权重；时间衰减半衰期=14天,0.0
3747008,1549,2026-08-28 09:17:46,30,0x888e000c78b8f1aada5b3c99f880794907b76d77,money_printer,N,50.0,1.2,0,0,,,0,,,0,,,0,,,0,,,,,0.0,,,样本不足，暂按来源分组权重；时间衰减半衰期=14天,0.0
3747009,1549,2026-08-28 09:17:46,30,0x88965659f799fcb2f70937c31180b0acb7106ac5,smart_money,N,50.0,1.4,0,0,,,0,,,0,,,0,,,0,,,,,0.0,,,样本不足，暂按来源分组权重；时间衰减半衰期=14天,0.0
3747010,1549,2026-08-28 09:17:46,30,0x88a0511a229643ae6e4ef263a08297343e11bf63,smart_money,N,50.0,1.4,0,0,,,0,,,0,,,0,,,0,,,,,0.0,,,样本不足，暂按来源分组权重；时间衰减半衰期=14天,0.0
3747011,1549,2026-08-28 09:17:46,30,0x88aad701c39aa2acd2cc170bc7c90750cfd36da1,smart_money,N,50.0,1.4,0,0,,,0,,,0,,,0,,,0,,,,,0.0,,,样本不足，暂按来源分组权重；时间衰减半衰期=14天,0.0
3747012,1549,2026-08-28 09:17:46,30,0x88af2eae66a36804865127b23dc25a25ed3c542d,smart_money,N,50.0,1.4,0,0,,,0,,,0,,,0,,,0,,,,,0.0,,,样本不足，暂按来源分组权重；时间衰减半衰期=14天,0.0
3747013,1549,2026-08-28 09:17:46,30,0x88b2448328f4335ad2a8cac06485c378ebe66fe3,smart_money,N,50.0,1.4,0,0,,,0,,,0,,,0,,,0,,,,,0.0,,,样本不足，暂按来源分组权重；时间衰减半衰期=14天,0.0
3747014,1549,2026-08-28 09:17:46,30,0x88e251d9904dc70f2a050dcf18556797dba2b1ec,money_printer,N,50.0,1.2,0,0,,,0,,,0,,,0,,,0,,,,,0.0,,,样本不足，暂按来源分组权重；时间衰减半衰期=14天,0.0
3747015,1549,2026-08-28 09:17:46,30,0x890d2fae5b768700d8b6502fbe6d56b4ca14d07c,smart_money,N,50.0,1.4,0,0,,,0,,,0,,,0,,,0,,,,,0.0,,,样本不足，暂按来源分组权重；时间衰减半衰期=14天,0.0
3747016,1549,2026-08-28 09:17:46,30,0x891140a93bef082312952b48479a853e90952fc2,smart_money,N,50.0,1.4,0,0,,,0,,,0,,,0,,,0,,,,,0.0,,,样本不足，暂按来源分组权重；时间衰减半衰期=14天,0.0
3747017,1549,2026-08-28 09:17:46,30,0x89132efe9fa560caf50d505273502c975e4805ab,smart_money,N,50.0,1.4,0,0,,,0,,,0,,,0,,,0,,,,,0.0,,,样本不足，暂按来源分组权重；时间衰减半衰期=14天,0.0
3747018,1549,2026-08-28 09:17:46,30,0x899b2d61a5943dd2452cbc9ff5d158c63a2275dd,smart_money,N,50.0,1.4,0,0,,,0,,,0,,,0,,,0,,,,,0.0,,,样本不足，暂按来源分组权重；时间衰减半衰期=14天,0.0
3747019,1549,2026-08-28 09:17:46,30,0x89abe626dc7f010138bc08e0100f1e4e13c30d32,money_printer,N,50.0,1.2,0,0,,,0,,,0,,,0,,,0,,,,,0.0,,,样本不足，暂按来源分组权重；时间衰减半衰期=14天,0.0
3747020,1549,2026-08-28 09:17:46,30,0x89b61dba1332032926967cc935d17e4d61b88ce5,smart_money,N,50.0,1.4,0,0,,,0,,,0,,,0,,,0,,,,,0.0,,,样本不足，暂按来源分组权重；时间衰减半衰期=14天,0.0
3747021,1549,2026-08-28 09:17:46,30,0x89b7815978abc23590616e9da57ddd78e53b1a77,smart_money,N,50.0,1.4,0,0,,,0,,,0,,,0,,,0,,,,,0.0,,,样本不足，暂按来源分组权重；时间衰减半衰期=14天,0.0
3747022,1549,2026-08-28 09:17:46,30,0x89bdfd6caab017d28d9296c2513e687db99b3df2,smart_money,N,50.0,1.4,0,0,,,0,,,0,,,0,,,0,,,,,0.0,,,样本不足，暂按来源分组权重；时间衰减半衰期=14天,0.0
3747023,1549,2026-08-28 09:17:46,30,0x89dd177683e6ba51c24bfb6d93e3b1b1ae57251d,smart_money,N,50.0,1.4,0,0,,,0,,,0,,,0,,,0,,,,,0.0,,,样本不足，暂按来源分组权重；时间衰减半衰期=14天,0.0
3747024,1549,2026-08-28 09:17:46,30,0x8a0cd16a004e21e04936a0a01c6f5a49ff937914,smart_money,N,50.0,1.4,0,0,,,0,,,0,,,0,,,0,,,,,0.0,,,样本不足，暂按来源分组权重；时间衰减半衰期=14天,0.0
3747025,1549,2026-08-28 09:17:46,30,0x8a11b23296ca85afcd2ecf92b745b0d6274280d9,smart_money,N,50.0,1.4,0,0,,,0,,,0,,,0,,,0,,,,,0.0,,,样本不足，暂按来源分组权重；时间衰减半衰期=14天,0.0
3747026,1549,2026-08-28 09:17:46,30,0x8a265d24c0c4e611119ba4c8fcab93fd987d343a,money_printer,N,50.0,1.2,0,0,,,0,,,0,,,0,,,0,,,,,0.0,,,样本不足，暂按来源分组权重；时间衰减半衰期=14天,0.0
3747027,1549,2026-08-28 09:17:46,30,0x8a3cf3c4b300be69429cce5beb2ef14d7200b6b7,money_printer,R,16.914167851969758,-1.2,16,16,0.45718357709159363,-0.4942731842630744,16,0.2906022839374628,0.011213423619544735,16,0.11842760244555216,-0.4876682778881633,14,0.3781997567269519,-3.085832148030243,0,,,-0.21750068443020787,,36.17469610792965,2026-08-20 09:17:04,"HYPE,NEKO",反向钱包：15d方向胜率和平均收益偏差；时间衰减半衰期=14天,5.4864197940244175
3747028,1549,2026-08-28 09:17:46,30,0x8a5cd8bd74ab3f205ddcb3b73b2f66deadc6827f,money_printer,N,50.0,1.2,0,0,,,0,,,0,,,0,,,0,,,,,0.0,,,样本不足，暂按来源分组权重；时间衰减半衰期=14天,0.0
3747029,1549,2026-08-28 09:17:46,30,0x8aa077f5998d234ac8641d73d6bc4976e2a210fc,smart_money,N,50.0,1.4,0,0,,,0,,,0,,,0,,,0,,,,,0.0,,,样本不足，暂按来源分组权重；时间衰减半衰期=14天,0.0
3747030,1549,2026-08-28 09:17:46,30,0x8ac033322b353c7e7b0373d42d9fd73ff32a7ef6,smart_money,N,50.0,1.4,0,0,,,0,,,0,,,0,,,0,,,,,0.0,,,样本不足，暂按来源分组权重；时间衰减半衰期=14天,0.0
3747031,1549,2026-08-28 09:17:46,30,0x8ad3d77e9b65584ee2cba00a8cb8c1794456209c,smart_money,N,50.0,1.4,0,0,,,0,,,0,,,0,,,0,,,,,0.0,,,样本不足，暂按来源分组权重；时间衰减半衰期=14天,0.0
3747032,1549,2026-08-28 09:17:46,30,0x8af700ba841f30e0a3fcb0ee4c4a9d223e1efa05,money_printer,R,12.155952729475587,-1.2,10,10,0.3979191263949552,-7.84192847873855,10,0.19167770093897576,-7.844047270524412,4,0.4953317711768105,2.4583065496812355,0,,,0,,,-7.505299218170107,,76.33156784976387,2026-08-22 03:17:01,ZEC,反向钱包：72h方向胜率和平均收益偏差；时间衰减半衰期=14天,7.108971510055094
3747033,1549,2026-08-28 09:17:46,30,0x8afacaa08de7189d84db9d87b9c21c2f1ac28113,smart_money,N,50.0,1.4,0,0,,,0,,,0,,,0,,,0,,,,,0.0,,,样本不足，暂按来源分组权重；时间衰减半衰期=14天,0.0
3747034,1549,2026-08-28 09:17:46,30,0x8b04b421a9e80a26c4f411a92f17cd3d39798bd5,smart_money,N,50.0,1.4,0,0,,,0,,,0,,,0,,,0,,,,,0.0,,,样本不足，暂按来源分组权重；时间衰减半衰期=14天,0.0
3747035,1549,2026-08-28 09:17:46,30,0x8b0e69f0a54d71e7bf33bef64c37e0307c3ac50f,smart_money,N,50.0,1.4,0,0,,,0,,,0,,,0,,,0,,,,,0.0,,,样本不足，暂按来源分组权重；时间衰减半衰期=14天,0.0
3747036,1549,2026-08-28 09:17:46,30,0x8b106149af9783f2da51a1866afc308817c90402,smart_money,N,50.0,1.4,0,0,,,0,,,0,,,0,,,0,,,,,0.0,,,样本不足，暂按来源分组权重；时间衰减半衰期=14天,0.0
3747037,1549,2026-08-28 09:17:46,30,0x8b2fd6b5c661d2e1fbb6d9df162f2b5f3b1d3d11,smart_money,N,50.0,1.4,0,0,,,0,,,0,,,0,,,0,,,,,0.0,,,样本不足，暂按来源分组权重；时间衰减半衰期=14天,0.0
3747038,1549,2026-08-28 09:17:46,30,0x8b3515d1410aaddbf7458c831afdcf6b7ec72990,smart_money,N,50.0,1.4,0,0,,,0,,,0,,,0,,,0,,,,,0.0,,,样本不足，暂按来源分组权重；时间衰减半衰期=14天,0.0
3747039,1549,2026-08-28 09:17:46,30,0x8b6f7fbe7c49a1e52e5b68035965f49a82d32ccf,smart_money,N,50.0,1.4,0,0,,,0,,,0,,,0,,,0,,,,,0.0,,,样本不足，暂按来源分组权重；时间衰减半衰期=14天,0.0
3747040,1549,2026-08-28 09:17:46,30,0x8b9af0a4a822d6d6ccc72540b2a44bcc9a5a66ef,money_printer,N,50.0,1.2,0,0,,,0,,,0,,,0,,,0,,,,,0.0,,,样本不足，暂按来源分组权重；时间衰减半衰期=14天,0.0
3747041,1549,2026-08-28 09:17:46,30,0x8b9da005316ecfd7022ccca9b6231281e5c47b28,smart_money,N,50.0,1.4,4,4,0.4552967653092236,1.931316951848155,3,0.6402760521450109,2.004947398716608,0,,,0,,,0,,,2.2064354632115957,,0.0,2026-08-27 03:17:55,"XRP,ZEC",样本不足，暂按来源分组权重；时间衰减半衰期=14天,3.253634161958404
3747042,1549,2026-08-28 09:17:46,30,0x8bae3527e5a33fa0cf184f37bc112d071463ab6d,money_printer,N,50.0,1.2,6,6,0.5067694631756469,0.1067651033464831,4,0.25710274659023374,-0.03424600336959785,2,0.0,-0.3133846329260731,0,,,0,,,-0.03827023760127379,,0.0,2026-08-26 20:18:05,"RSR,kLUNC,S",样本不足，暂按来源分组权重；时间衰减半衰期=14天,4.672357517952825
3747043,1549,2026-08-28 09:17:46,30,0x8bcf7a888c66f635ac4a2caf42a8dd12a3b20b14,money_printer,N,50.0,1.2,4,4,0.3533184019041713,-2.1322457639110906,4,0.3533184019041713,0.9195399059756745,4,0.3533184019041713,-0.37300326108511245,2,0.0,0.1672080824141373,0,,,0.8733121672360276,,0.0,2026-08-20 09:17:04,NEKO,样本不足，暂按来源分组权重；时间衰减半衰期=14天,1.8389745303794236
3747044,1549,2026-08-28 09:17:46,30,0x8bd095444e47297c6355738aaef9d088c144dd87,smart_money,N,50.0,1.4,0,0,,,0,,,0,,,0,,,0,,,,,0.0,,,样本不足，暂按来源分组权重；时间衰减半衰期=14天,0.0
3747045,1549,2026-08-28 09:17:46,30,0x8bd097df5ae353adc890ff704d360d8916220cee,smart_money,N,50.0,1.4,0,0,,,0,,,0,,,0,,,0,,,,,0.0,,,样本不足，暂按来源分组权重；时间衰减半衰期=14天,0.0
3747046,1549,2026-08-28 09:17:46,30,0x8bd30fc805e672e1d978138ecbedcb48479ce275,smart_money,N,50.0,1.4,0,0,,,0,,,0,,,0,,,0,,,,,0.0,,,样本不足，暂按来源分组权重；时间衰减半衰期=14天,0.0
3747047,1549,2026-08-28 09:17:46,30,0x8bd9c4b5ea8f6f14c9b14d830ddb67f3720d77f6,smart_money,N,50.0,1.4,0,0,,,0,,,0,,,0,,,0,,,,,0.0,,,样本不足，暂按来源分组权重；时间衰减半衰期=14天,0.0
3747048,1549,2026-08-28 09:17:46,30,0x8be0b9c4dbfb90f47fb94e8968dce08d3152326c,smart_money,N,50.0,1.4,7,7,0.4397374244474305,-1.0217896894514833,7,0.265596071573119,-5.563999894021382,4,0.3854959835114242,-34.92456937595557,2,1.0,89.27065741230511,0,,,-4.483792421947767,,0.0,2026-08-23 12:17:54,"PUMP,LIT",样本不足，暂按来源分组权重；时间衰减半衰期=14天,4.382619005085162
3747049,1549,2026-08-28 09:17:46,30,0x8bf273c8b3ce5319dcc73deb6b4ff5729b41b561,smart_money,N,50.0,1.4,0,0,,,0,,,0,,,0,,,0,,,,,0.0,,,样本不足，暂按来源分组权重；时间衰减半衰期=14天,0.0
3747050,1549,2026-08-28 09:17:46,30,0x8bf3ac5c417624b3bde7901de3c4ad7659599060,money_printer,N,50.0,1.2,0,0,,,0,,,0,,,0,,,0,,,,,0.0,,,样本不足，暂按来源分组权重；时间衰减半衰期=14天,0.0
3747051,1549,2026-08-28 09:17:46,30,0x8bff50aad8b4e06c5e148eaeb9d7aef69e26cdc3,money_printer,N,50.0,1.2,0,0,,,0,,,0,,,0,,,0,,,,,0.0,,,样本不足，暂按来源分组权重；时间衰减半衰期=14天,0.0
3747052,1549,2026-08-28 09:17:46,30,0x8c96e5a2d770f9f2c9d2464ce4e741df0b2bca57,smart_money,R,12.717864762801526,-1.4,29,29,0.41902195536304077,1.9718040113373967,29,0.43156761532800375,3.187972213331336,29,0.22985469861565633,1.2630259777944757,22,0.05835273860980903,-7.2821352371984736,0,,,2.1385523860529214,,97.66356182243055,2026-08-19 16:17:05,BTC,反向钱包：15d方向胜率和平均收益偏差；时间衰减半衰期=14天,11.147487945563991
3747053,1549,2026-08-28 09:17:46,30,0x8cc46a19d4ab8617eca741e53ea65fb366024cc2,smart_money,N,50.0,1.4,0,0,,,0,,,0,,,0,,,0,,,,,0.0,,,样本不足，暂按来源分组权重；时间衰减半衰期=14天,0.0
3747054,1549,2026-08-28 09:17:46,30,0x8cc94dc843e1ea7a19805e0cca43001123512b6a,money_printer,N,50.0,1.2,0,0,,,0,,,0,,,0,,,0,,,,,0.0,,,样本不足，暂按来源分组权重；时间衰减半衰期=14天,0.0
3747055,1549,2026-08-28 09:17:46,30,0x8ccee825f44c99fbdaa79464d5eb8beed9313da2,smart_money,N,50.0,1.4,0,0,,,0,,,0,,,0,,,0,,,,,0.0,,,样本不足，暂按来源分组权重；时间衰减半衰期=14天,0.0
3747056,1549,2026-08-28 09:17:46,30,0x8cda7bcea7bac1545481f42a219fde1a016b57c2,smart_money,N,50.0,1.4,0,0,,,0,,,0,,,0,,,0,,,,,0.0,,,样本不足，暂按来源分组权重；时间衰减半衰期=14天,0.0
3747057,1549,2026-08-28 09:17:46,30,0x8cf051405995581de2cbbdc9a3e9951325607e18,smart_money,N,50.0,1.4,0,0,,,0,,,0,,,0,,,0,,,,,0.0,,,样本不足，暂按来源分组权重；时间衰减半衰期=14天,0.0
3747058,1549,2026-08-28 09:17:46,30,0x8cf120f68a0c32c320c01819e30e600109eaa1e7,smart_money,N,50.0,1.4,0,0,,,0,,,0,,,0,,,0,,,,,0.0,,,样本不足，暂按来源分组权重；时间衰减半衰期=14天,0.0
3747059,1549,2026-08-28 09:17:46,30,0x8cfe4bc352deb10ed41c5f0f89bc57674cee1e22,money_printer,N,50.0,1.2,0,0,,,0,,,0,,,0,,,0,,,,,0.0,,,样本不足，暂按来源分组权重；时间衰减半衰期=14天,0.0
3747060,1549,2026-08-28 09:17:46,30,0x8d56d30d58d1a2709befccea6642252bab6ed51e,smart_money,N,50.0,1.4,0,0,,,0,,,0,,,0,,,0,,,,,0.0,,,样本不足，暂按来源分组权重；时间衰减半衰期=14天,0.0
3747061,1549,2026-08-28 09:17:46,30,0x8da6beaa2f002a511809101b24d181a324ae82d6,money_printer,N,50.0,1.2,0,0,,,0,,,0,,,0,,,0,,,,,0.0,,,样本不足，暂按来源分组权重；时间衰减半衰期=14天,0.0
3747062,1549,2026-08-28 09:17:46,30,0x8dae4b174dba18b3825b530d22c3141aefc93dfe,smart_money,N,50.0,1.4,0,0,,,0,,,0,,,0,,,0,,,,,0.0,,,样本不足，暂按来源分组权重；时间衰减半衰期=14天,0.0
3747063,1549,2026-08-28 09:17:46,30,0x8decc13b6e83873a78126e99036f9442019fd0b5,money_printer,N,50.0,1.2,0,0,,,0,,,0,,,0,,,0,,,,,0.0,,,样本不足，暂按来源分组权重；时间衰减半衰期=14天,0.0
3747064,1549,2026-08-28 09:17:46,30,0x8e096995c3e4a3f0bc5b3ea1cba94de2aa4d70c9,money_printer,N,50.0,1.2,0,0,,,0,,,0,,,0,,,0,,,,,0.0,,,样本不足，暂按来源分组权重；时间衰减半衰期=14天,0.0
3747065,1549,2026-08-28 09:17:46,30,0x8e80c4b533dd977cf716b5c24fd9223129272804,money_printer,N,50.0,1.2,4,4,0.3533184019041713,-2.1322457639110906,4,0.3533184019041713,0.9195399059756745,4,0.3533184019041713,-0.37300326108511245,2,0.0,0.1672080824141373,0,,,0.8733121672360276,,0.0,2026-08-20 09:17:04,NEKO,样本不足，暂按来源分组权重；时间衰减半衰期=14天,1.8389745303794236
3747066,1549,2026-08-28 09:17:46,30,0x8eac91ad88b67ad7d5262ee2ebaa10598c2e6daf,smart_money,N,50.0,1.4,0,0,,,0,,,0,,,0,,,0,,,,,0.0,,,样本不足，暂按来源分组权重；时间衰减半衰期=14天,0.0
3747067,1549,2026-08-28 09:17:46,30,0x8eadef1db48d9a682da64d74a69c5ac78d0ee175,money_printer,N,50.0,1.2,0,0,,,0,,,0,,,0,,,0,,,,,0.0,,,样本不足，暂按来源分组权重；时间衰减半衰期=14天,0.0
3747068,1549,2026-08-28 09:17:46,30,0x8eb3f4d468a9763ee66ceb63a0c64b7044c2aa2d,smart_money,N,50.0,1.4,0,0,,,0,,,0,,,0,,,0,,,,,0.0,,,样本不足，暂按来源分组权重；时间衰减半衰期=14天,0.0
3747069,1549,2026-08-28 09:17:46,30,0x8ecec0c9367490d2044aaff4030ad0becc33218b,smart_money,N,50.0,1.4,0,0,,,0,,,0,,,0,,,0,,,,,0.0,,,样本不足，暂按来源分组权重；时间衰减半衰期=14天,0.0
3747070,1549,2026-08-28 09:17:46,30,0x8f25818ff64be1abee91abca70c306b33b602062,smart_money,N,50.0,1.4,0,0,,,0,,,0,,,0,,,0,,,,,0.0,,,样本不足，暂按来源分组权重；时间衰减半衰期=14天,0.0
3747071,1549,2026-08-28 09:17:46,30,0x8f61bda42be4f511531164930d4545a10dd53acb,smart_money,N,50.0,1.4,0,0,,,0,,,0,,,0,,,0,,,,,0.0,,,样本不足，暂按来源分组权重；时间衰减半衰期=14天,0.0
3747072,1549,2026-08-28 09:17:46,30,0x8f63c88fccae90c1f9eb8b447f830bce7b71dd74,smart_money,N,50.0,1.4,0,0,,,0,,,0,,,0,,,0,,,,,0.0,,,样本不足，暂按来源分组权重；时间衰减半衰期=14天,0.0
3747073,1549,2026-08-28 09:17:46,30,0x8f804f353f3229d3f2e589b1a276c958263ec4da,smart_money,N,50.0,1.4,0,0,,,0,,,0,,,0,,,0,,,,,0.0,,,样本不足，暂按来源分组权重；时间衰减半衰期=14天,0.0
3747074,1549,2026-08-28 09:17:46,30,0x8f8178b3585d3174006cc19d5e7d6ba9736266a3,smart_money,N,50.0,1.4,0,0,,,0,,,0,,,0,,,0,,,,,0.0,,,样本不足，暂按来源分组权重；时间衰减半衰期=14天,0.0
3747075,1549,2026-08-28 09:17:46,30,0x8fb5c6f3c336033deeedbb54ad95e96453c9eaa4,smart_money,N,50.0,1.4,0,0,,,0,,,0,,,0,,,0,,,,,0.0,,,样本不足，暂按来源分组权重；时间衰减半衰期=14天,0.0
3747076,1549,2026-08-28 09:17:46,30,0x8fbb1aad00013c4e32bb033337b7cb792ab2fc4e,smart_money,N,50.0,1.4,2,2,0.0,-2.7516092657439,2,0.0,-3.7931598212532136,1,0.0,-15.201898569753489,0,,,0,,,-4.134035146531163,,0.0,2026-08-22 06:17:02,HYPE,样本不足，暂按来源分组权重；时间衰减半衰期=14天,1.396228751643967
3747077,1549,2026-08-28 09:17:46,30,0x8fc7c0442e582bca195978c5a4fdec2e7c5bb0f7,smart_money,N,50.0,1.4,0,0,,,0,,,0,,,0,,,0,,,,,0.0,,,样本不足，暂按来源分组权重；时间衰减半衰期=14天,0.0
3747078,1549,2026-08-28 09:17:46,30,0x8feb3a7d8bf1e424679fc75753b363eba5ee8185,money_printer,N,50.0,1.2,0,0,,,0,,,0,,,0,,,0,,,,,0.0,,,样本不足，暂按来源分组权重；时间衰减半衰期=14天,0.0
3747079,1549,2026-08-28 09:17:46,30,0x9031a11765816d5f57fdfd7f0ce4b8f375a0bacc,smart_money,N,50.0,1.4,4,4,0.5097581267461418,0.6169406282661599,4,0.5097581267461418,0.14712132264626782,2,0.5108277288163352,-0.04485649788580202,0,,,0,,,-0.05124994961925422,,0.0,2026-08-22 11:17:51,HYPE,样本不足，暂按来源分组权重；时间衰减半衰期=14天,2.816768043426574
3747080,1549,2026-08-28 09:17:46,30,0x90326fa293578c6c9ef945aaab0b57f886aca6ec,money_printer,N,50.0,1.2,0,0,,,0,,,0,,,0,,,0,,,,,0.0,,,样本不足，暂按来源分组权重；时间衰减半衰期=14天,0.0
3747081,1549,2026-08-28 09:17:46,30,0x904e8b48dbf490f3c3bafe6a0d2894d3eb392e67,smart_money,N,50.0,1.4,0,0,,,0,,,0,,,0,,,0,,,,,0.0,,,样本不足，暂按来源分组权重；时间衰减半衰期=14天,0.0
3747082,1549,2026-08-28 09:17:46,30,0x906d31b2ee92c4bc720232112274a0e1ffb0ad6e,money_printer,N,50.0,1.2,0,0,,,0,,,0,,,0,,,0,,,,,0.0,,,样本不足，暂按来源分组权重；时间衰减半衰期=14天,0.0
3747083,1549,2026-08-28 09:17:46,30,0x9075c8f93cd30c1015e6fbe9718f0bf2dca4e2f0,smart_money,N,50.0,1.4,0,0,,,0,,,0,,,0,,,0,,,,,0.0,,,样本不足，暂按来源分组权重；时间衰减半衰期=14天,0.0
3747084,1549,2026-08-28 09:17:46,30,0x90882e7c28ddf0ac1177033a310aeed8eff25e90,money_printer,N,50.0,1.2,0,0,,,0,,,0,,,0,,,0,,,,,0.0,,,样本不足，暂按来源分组权重；时间衰减半衰期=14天,0.0
3747085,1549,2026-08-28 09:17:46,30,0x909eb3d5ff0ac0df12c81f8495860cfccf1e7ea9,smart_money,N,50.0,1.4,0,0,,,0,,,0,,,0,,,0,,,,,0.0,,,样本不足，暂按来源分组权重；时间衰减半衰期=14天,0.0
3747086,1549,2026-08-28 09:17:46,30,0x90c319161aac3ab564a834a49786bccc81bb8dd6,smart_money,N,50.0,1.4,0,0,,,0,,,0,,,0,,,0,,,,,0.0,,,样本不足，暂按来源分组权重；时间衰减半衰期=14天,0.0
3747087,1549,2026-08-28 09:17:46,30,0x90d4bbf943f250cc9f950fe1b2d7b15166a4c742,smart_money,N,50.0,1.4,0,0,,,0,,,0,,,0,,,0,,,,,0.0,,,样本不足，暂按来源分组权重；时间衰减半衰期=14天,0.0
3747088,1549,2026-08-28 09:17:46,30,0x90dbb196cacf24bd212b377a0dd62eaad5e8151b,money_printer,N,50.0,1.2,5,5,0.6186030202927614,0.8344283565999601,2,0.0,-0.39579653643513546,2,1.0,28.127889861859828,1,1.0,52.33979819737109,0,,,-0.31273754098916884,,0.0,2026-08-26 22:17:51,"LINK,HYPE",样本不足，暂按来源分组权重；时间衰减半衰期=14天,3.6944206848897148
3747089,1549,2026-08-28 09:17:46,30,0x912f6ba145f003477d44922dfd1a0a1bfe015b27,smart_money,N,50.0,1.4,0,0,,,0,,,0,,,0,,,0,,,,,0.0,,,样本不足，暂按来源分组权重；时间衰减半衰期=14天,0.0
3747090,1549,2026-08-28 09:17:46,30,0x913b6bfaffcc18db65dc9a6bdde6cd5365e0ef92,smart_money,N,50.0,1.4,7,6,0.38065382185026375,0.40012093002610843,2,0.505157162199716,1.1919737071201983,2,0.505157162199716,-1.750739813931859,0,,,0,,,1.0822481011699816,,0.0,2026-08-27 14:18:02,ZEC,样本不足，暂按来源分组权重；时间衰减半衰期=14天,4.8630531792995235
3747091,1549,2026-08-28 09:17:46,30,0x913df0b299f74ced052c5332a19a1fe72a343ad6,smart_money,N,50.0,1.4,0,0,,,0,,,0,,,0,,,0,,,,,0.0,,,样本不足，暂按来源分组权重；时间衰减半衰期=14天,0.0
3747092,1549,2026-08-28 09:17:46,30,0x9149f8a6afa68db53e9e96697202b8508bab29d0,smart_money,N,50.0,1.4,0,0,,,0,,,0,,,0,,,0,,,,,0.0,,,样本不足，暂按来源分组权重；时间衰减半衰期=14天,0.0
3747093,1549,2026-08-28 09:17:46,30,0x9169bdd3f7163508a14468f8d7892dc0fe2f737f,smart_money,N,50.0,1.4,0,0,,,0,,,0,,,0,,,0,,,,,0.0,,,样本不足，暂按来源分组权重；时间衰减半衰期=14天,0.0
3747094,1549,2026-08-28 09:17:46,30,0x91853bcefbdc3447768413e6db7d6e0a81c4be56,smart_money,N,50.0,1.4,0,0,,,0,,,0,,,0,,,0,,,,,0.0,,,样本不足，暂按来源分组权重；时间衰减半衰期=14天,0.0
3747095,1549,2026-08-28 09:17:46,30,0x919805f1cd563d3b50e124e582a4a16c3dcf1819,smart_money,N,50.0,1.4,0,0,,,0,,,0,,,0,,,0,,,,,0.0,,,样本不足，暂按来源分组权重；时间衰减半衰期=14天,0.0
3747096,1549,2026-08-28 09:17:46,30,0x91a9cadcd7e36cbe8ff604cb634307d7b7643f70,money_printer,N,50.0,1.2,0,0,,,0,,,0,,,0,,,0,,,,,0.0,,,样本不足，暂按来源分组权重；时间衰减半衰期=14天,0.0
3747097,1549,2026-08-28 09:17:46,30,0x91f564e80ed5e98eb22fde0857e1a87047f2df13,smart_money,N,50.0,1.4,0,0,,,0,,,0,,,0,,,0,,,,,0.0,,,样本不足，暂按来源分组权重；时间衰减半衰期=14天,0.0
3747098,1549,2026-08-28 09:17:46,30,0x91fc8c24de2ce3150ad489fb8b7e9b9aa3edaaf2,smart_money,N,50.0,1.4,0,0,,,0,,,0,,,0,,,0,,,,,0.0,,,样本不足，暂按来源分组权重；时间衰减半衰期=14天,0.0
3747099,1549,2026-08-28 09:17:46,30,0x92033525c11d06155dfbc89aea9e22a0637d06cf,smart_money,N,50.0,1.4,4,4,0.3533184019041713,-2.1322457639110906,4,0.3533184019041713,0.9195399059756745,4,0.3533184019041713,-0.37300326108511245,2,0.0,0.1672080824141373,0,,,0.8733121672360276,,0.0,2026-08-20 09:17:04,NEKO,样本不足，暂按来源分组权重；时间衰减半衰期=14天,1.8389745303794236
3747100,1549,2026-08-28 09:17:46,30,0x920abbd8a5f5d39e87ed802d73e5aa902dc71d89,smart_money,C,30.37159178553019,0.77,10,10,0.0,-0.23158187721038498,10,0.12714030419975397,0.30461315275354395,8,0.31464217910992837,0.26529634546415,4,0.5123767438270082,0.26155117037244774,0,,,0.2254118513727815,,0.0,2026-08-24 22:17:53,BRIDGE,C级：噪音偏多，降权参考，主周期=72h；时间衰减半衰期=14天,5.515775959612948
3747101,1549,2026-08-28 09:17:46,30,0x9221a960277fe388b899f58117aa9bd298463002,smart_money,N,50.0,1.4,0,0,,,0,,,0,,,0,,,0,,,,,0.0,,,样本不足，暂按来源分组权重；时间衰减半衰期=14天,0.0
3747102,1549,2026-08-28 09:17:46,30,0x922c8fa6bafbc4251f9ea8ced4ae342326d57fad,smart_money,N,50.0,1.4,0,0,,,0,,,0,,,0,,,0,,,,,0.0,,,样本不足，暂按来源分组权重；时间衰减半衰期=14天,0.0
3747103,1549,2026-08-28 09:17:46,30,0x9237794d8e5c6eb247b20f2e5edd9ad5f530d8ec,smart_money,N,50.0,1.4,0,0,,,0,,,0,,,0,,,0,,,,,0.0,,,样本不足，暂按来源分组权重；时间衰减半衰期=14天,0.0
3747104,1549,2026-08-28 09:17:46,30,0x926fa6d5a99ca62b5839bc40bb4a4a5c72387725,smart_money,N,50.0,1.4,0,0,,,0,,,0,,,0,,,0,,,,,0.0,,,样本不足，暂按来源分组权重；时间衰减半衰期=14天,0.0
3747105,1549,2026-08-28 09:17:46,30,0x9279737f23ea2c30820b61eba072002a405a526f,smart_money,N,50.0,1.4,5,5,0.5231834442418615,-0.2476185051038649,5,0.5231834442418615,3.9798515190162083,5,0.5231834442418615,3.7172740800853394,2,0.0,0.1672080824141373,0,,,3.2126983694194324,,0.0,2026-08-20 09:17:04,"NEKO,HYPE",样本不足，暂按来源分组权重；时间衰减半衰期=14天,2.494105906772499
3747106,1549,2026-08-28 09:17:46,30,0x92b585bdf2d67c0fe321108b863ca4617dd39fe9,smart_money,N,50.0,1.4,0,0,,,0,,,0,,,0,,,0,,,,,0.0,,,样本不足，暂按来源分组权重；时间衰减半衰期=14天,0.0
3747107,1549,2026-08-28 09:17:46,30,0x92bbd8110393350dda7e9c32089e95af071a9b6f,money_printer,N,50.0,1.2,2,2,0.5005158775858772,1.2735594170583173,2,1.0,5.768074292300787,0,,,0,,,0,,,5.768698239746464,,0.0,2026-08-23 22:17:50,TAO,样本不足，暂按来源分组权重；时间衰减半衰期=14天,1.6022099250773167
3747108,1549,2026-08-28 09:17:46,30,0x92c7d53dc3bac14722b281e74a3feba8f7ba040e,smart_money,N,50.0,1.4,0,0,,,0,,,0,,,0,,,0,,,,,0.0,,,样本不足，暂按来源分组权重；时间衰减半衰期=14天,0.0
3747109,1549,2026-08-28 09:17:46,30,0x9321d8117e73b0c79035f0e87debcfd8dbb1d75a,money_printer,C,22.564224052152053,0.66,45,39,0.34877024976603227,0.3087738171676671,35,0.4331203037829498,2.5564355859330132,15,0.3826553260940999,-4.803148408462106,5,0.19099198425586758,-18.338941344474826,0,,,2.5005636853033257,,0.0,2026-08-28 04:17:46,"XRP,ZEC,BNB,BTC,HYPE",C级：噪音偏多，降权参考，主周期=7d；时间衰减半衰期=14天,27.272857520736085
3747110,1549,2026-08-28 09:17:46,30,0x932bdd2d5e21475e62d2fea8158fc5974507cb1a,smart_money,N,50.0,1.4,0,0,,,0,,,0,,,0,,,0,,,,,0.0,,,样本不足，暂按来源分组权重；时间衰减半衰期=14天,0.0
3747111,1549,2026-08-28 09:17:46,30,0x935729ae51eef975ccdeb481d513c75986227bfd,smart_money,N,50.0,1.4,0,0,,,0,,,0,,,0,,,0,,,,,0.0,,,样本不足，暂按来源分组权重；时间衰减半衰期=14天,0.0
3747112,1549,2026-08-28 09:17:46,30,0x936cf4fb95c30ce83f658b5bbb247e4bb381bb0f,money_printer,R,10.017214216175313,-1.2,79,75,0.31554252584969467,-1.5777022173115651,63,0.2695507474097816,-1.3578025537335632,30,0.06884121330515391,-9.982785783824687,9,0.07878291055257065,1.5807708155530382,0,,,-1.4580848835439966,,95.98540587117537,2026-08-28 08:18:24,"HYPE,UAVAX,ZEC,PUMP,LIT",反向钱包：7d方向胜率和平均收益偏差；时间衰减半衰期=14天,53.79277936160849
3747113,1549,2026-08-28 09:17:46,30,0x9391199d0dd197bd019d40ef624d26aca59440f3,smart_money,N,50.0,1.4,0,0,,,0,,,0,,,0,,,0,,,,,0.0,,,样本不足，暂按来源分组权重；时间衰减半衰期=14天,0.0
3747114,1549,2026-08-28 09:17:46,30,0x9392e49e3f1b146fbe1bfa8fd26660a3b6c46e96,smart_money,N,50.0,1.4,0,0,,,0,,,0,,,0,,,0,,,,,0.0,,,样本不足，暂按来源分组权重；时间衰减半衰期=14天,0.0
3747115,1549,2026-08-28 09:17:46,30,0x939cefcfae7762a3cca03372bbf14f299aa3d3a4,smart_money,N,50.0,1.4,0,0,,,0,,,0,,,0,,,0,,,,,0.0,,,样本不足，暂按来源分组权重；时间衰减半衰期=14天,0.0
3747116,1549,2026-08-28 09:17:46,30,0x939f95036d2e7b6d7419ec072bf9d967352204d2,money_printer,N,50.0,1.2,0,0,,,0,,,0,,,0,,,0,,,,,0.0,,,样本不足，暂按来源分组权重；时间衰减半衰期=14天,0.0
3747117,1549,2026-08-28 09:17:46,30,0x93af88ff7cf535323e73ce0c04824bcbd9d3546c,smart_money,N,50.0,1.4,0,0,,,0,,,0,,,0,,,0,,,,,0.0,,,样本不足，暂按来源分组权重；时间衰减半衰期=14天,0.0
3747118,1549,2026-08-28 09:17:46,30,0x93b259140d4e179a35d12313908695c1b3da6bec,smart_money,C,30.687833903924506,0.77,19,19,0.23789431626718313,-1.1593898933643716,19,0.19587735083950197,-1.6468228880372848,19,0.20013237168251002,-1.9827954012336402,14,0.18017168507959846,1.1718878786870826,0,,,-1.045111878067698,,0.0,2026-08-19 21:17:06,MAX,C级：噪音偏多，降权参考，主周期=15d；时间衰减半衰期=14天,7.513407556916245
3747119,1549,2026-08-28 09:17:46,30,0x93b50f731355058661ee6ee7d8cc9b32dd3093ee,smart_money,N,50.0,1.4,0,0,,,0,,,0,,,0,,,0,,,,,0.0,,,样本不足，暂按来源分组权重；时间衰减半衰期=14天,0.0
3747120,1549,2026-08-28 09:17:46,30,0x940587add074ff0c4dd973b46018af4a73a81f36,smart_money,N,50.0,1.4,0,0,,,0,,,0,,,0,,,0,,,,,0.0,,,样本不足，暂按来源分组权重；时间衰减半衰期=14天,0.0
3747121,1549,2026-08-28 09:17:46,30,0x944b5f7d8eece040aae1895c7fed03202aedf123,money_printer,N,50.0,1.2,0,0,,,0,,,0,,,0,,,0,,,,,0.0,,,样本不足，暂按来源分组权重；时间衰减半衰期=14天,0.0
3747122,1549,2026-08-28 09:17:46,30,0x9458f423df6569f053358ee9906613cd69c1ec04,money_printer,N,50.0,1.2,0,0,,,0,,,0,,,0,,,0,,,,,0.0,,,样本不足，暂按来源分组权重；时间衰减半衰期=14天,0.0
3747123,1549,2026-08-28 09:17:46,30,0x9471f70f2518846f7a076636d64e5a22787da105,smart_money,N,50.0,1.4,5,5,0.0,0.0,5,0.0,0.0,5,0.19145979897251114,8.248769731592574,0,,,0,,,0.0,,0.0,2026-08-21 09:17:08,"KNTQ,UPUMP",样本不足，暂按来源分组权重；时间衰减半衰期=14天,3.4288164326974124
3747124,1549,2026-08-28 09:17:46,30,0x9475e4bfdfadb5cf4ce7cf805044c0db5a8a6f8e,smart_money,N,50.0,1.4,0,0,,,0,,,0,,,0,,,0,,,,,0.0,,,样本不足，暂按来源分组权重；时间衰减半衰期=14天,0.0
3747125,1549,2026-08-28 09:17:46,30,0x949b82dfc04558bc4d3ca033a1b194915a3a3bee,smart_money,N,50.0,1.4,0,0,,,0,,,0,,,0,,,0,,,,,0.0,,,样本不足，暂按来源分组权重；时间衰减半衰期=14天,0.0
3747126,1549,2026-08-28 09:17:46,30,0x94ab9eb9c49efb110870cfb713933bef4414b60b,money_printer,N,50.0,1.2,0,0,,,0,,,0,,,0,,,0,,,,,0.0,,,样本不足，暂按来源分组权重；时间衰减半衰期=14天,0.0
3747127,1549,2026-08-28 09:17:46,30,0x94b60c2a5db13689bb06a73657ac1216424de5b3,smart_money,N,50.0,1.4,0,0,,,0,,,0,,,0,,,0,,,,,0.0,,,样本不足，暂按来源分组权重；时间衰减半衰期=14天,0.0
3747128,1549,2026-08-28 09:17:46,30,0x94dac1facdc4afd2614c3119447187b4143bc449,money_printer,N,50.0,1.2,0,0,,,0,,,0,,,0,,,0,,,,,0.0,,,样本不足，暂按来源分组权重；时间衰减半衰期=14天,0.0
3747129,1549,2026-08-28 09:17:46,30,0x952044eb3c860b00778ea414670a6c8c22f84ac6,money_printer,N,50.0,1.2,0,0,,,0,,,0,,,0,,,0,,,,,0.0,,,样本不足，暂按来源分组权重；时间衰减半衰期=14天,0.0
3747130,1549,2026-08-28 09:17:46,30,0x95276ba037c30f90c6dfdc83f72af9fd6cecc293,smart_money,N,50.0,1.4,8,8,0.47933782000348685,0.5172416137790304,8,0.47933782000348685,0.7891007584289158,8,0.47933782000348685,1.017089602531565,3,0.0,0.4620688185075189,0,,,0.5866743016900147,,0.0,2026-08-20 14:17:01,BTC,样本不足，暂按来源分组权重；时间衰减半衰期=14天,4.186433586780015
3747131,1549,2026-08-28 09:17:46,30,0x953c5152e2f8b5ed9d92976cad478a837749182a,smart_money,N,50.0,1.4,0,0,,,0,,,0,,,0,,,0,,,,,0.0,,,样本不足，暂按来源分组权重；时间衰减半衰期=14天,0.0
3747132,1549,2026-08-28 09:17:46,30,0x95748e52b4a70542c99035d092adc8d53f5d11f8,smart_money,N,50.0,1.4,0,0,,,0,,,0,,,0,,,0,,,,,0.0,,,样本不足，暂按来源分组权重；时间衰减半衰期=14天,0.0
3747133,1549,2026-08-28 09:17:46,30,0x957dc4212c332bf45fb31e0f1a77436d7ca81d8f,smart_money,N,50.0,1.4,0,0,,,0,,,0,,,0,,,0,,,,,0.0,,,样本不足，暂按来源分组权重；时间衰减半衰期=14天,0.0
3747134,1549,2026-08-28 09:17:46,30,0x95995f302ad58138d791ce49f9f3b1274e80c60a,money_printer,R,17.994194450035458,-1.2,14,10,0.31053615441679083,-2.005805549964542,9,0.21573721473914248,-2.8446456334045798,7,0.2977559284309181,-8.073561031011408,0,,,0,,,-3.0143925833895224,,38.3606596930298,2026-08-28 02:17:54,"BTC,ETH,SOL",反向钱包：24h方向胜率和平均收益偏差；时间衰减半衰期=14天,7.070858576913248
3747135,1549,2026-08-28 09:17:46,30,0x95b5653dfd12b0bc13c08297869621c9650aa6bb,smart_money,N,50.0,1.4,0,0,,,0,,,0,,,0,,,0,,,,,0.0,,,样本不足，暂按来源分组权重；时间衰减半衰期=14天,0.0
3747136,1549,2026-08-28 09:17:46,30,0x95c7603944bfed303c4c93349cd61f6818931f91,smart_money,N,50.0,1.4,0,0,,,0,,,0,,,0,,,0,,,,,0.0,,,样本不足，暂按来源分组权重；时间衰减半衰期=14天,0.0
3747137,1549,2026-08-28 09:17:46,30,0x95da8596c44dd09f4b8becce87ad3b7894fb2328,smart_money,N,50.0,1.4,0,0,,,0,,,0,,,0,,,0,,,,,0.0,,,样本不足，暂按来源分组权重；时间衰减半衰期=14天,0.0
3747138,1549,2026-08-28 09:17:46,30,0x95f45c5e6bd5a932c9193d55fed1fd0428ff127f,money_printer,N,50.0,1.2,0,0,,,0,,,0,,,0,,,0,,,,,0.0,,,样本不足，暂按来源分组权重；时间衰减半衰期=14天,0.0
3747139,1549,2026-08-28 09:17:46,30,0x95fde6cf0d305078b7eeac44182a931c169dd947,money_printer,N,50.0,1.2,8,6,0.0,-7.124299325865017,4,0.4913289862775934,10.062289697094043,2,1.0,43.5112382494634,0,,,0,,,11.422992087120432,,0.0,2026-08-27 23:17:54,UPUMP,样本不足，暂按来源分组权重；时间衰减半衰期=14天,4.684963204620724
3747140,1549,2026-08-28 09:17:46,30,0x960bb18454cd67b5a3edb4fa802b7c0b5b10e2ee,money_printer,N,50.0,1.2,0,0,,,0,,,0,,,0,,,0,,,,,0.0,,,样本不足，暂按来源分组权重；时间衰减半衰期=14天,0.0
3747141,1549,2026-08-28 09:17:46,30,0x962bdd83c3943fe08b62101fd9f9a8b923a0b475,smart_money,N,50.0,1.4,0,0,,,0,,,0,,,0,,,0,,,,,0.0,,,样本不足，暂按来源分组权重；时间衰减半衰期=14天,0.0
3747142,1549,2026-08-28 09:17:46,30,0x9690bcfc1639abff887c8fb62b48ab787b2dba3f,smart_money,N,50.0,1.4,0,0,,,0,,,0,,,0,,,0,,,,,0.0,,,样本不足，暂按来源分组权重；时间衰减半衰期=14天,0.0
3747143,1549,2026-08-28 09:17:46,30,0x96a7923964dbfc5010079619e8af33ce240f79df,smart_money,N,50.0,1.4,0,0,,,0,,,0,,,0,,,0,,,,,0.0,,,样本不足，暂按来源分组权重；时间衰减半衰期=14天,0.0
3747144,1549,2026-08-28 09:17:46,30,0x96c5ecf6996df7f1851b72a86e2852e77bee4c72,smart_money,N,50.0,1.4,0,0,,,0,,,0,,,0,,,0,,,,,0.0,,,样本不足，暂按来源分组权重；时间衰减半衰期=14天,0.0
3747145,1549,2026-08-28 09:17:46,30,0x96c9487af21d18ac5f4c841af44a011968445709,smart_money,N,50.0,1.4,0,0,,,0,,,0,,,0,,,0,,,,,0.0,,,样本不足，暂按来源分组权重；时间衰减半衰期=14天,0.0
3747146,1549,2026-08-28 09:17:46,30,0x96cc8a4240b60d4aa5cf47b6af45d0d2d3e9e5a3,smart_money,N,50.0,1.4,0,0,,,0,,,0,,,0,,,0,,,,,0.0,,,样本不足，暂按来源分组权重；时间衰减半衰期=14天,0.0
3747147,1549,2026-08-28 09:17:46,30,0x96f0bee3ad9b71b0ae67de7bd4f6ce8f342dd6bf,smart_money,N,50.0,1.4,1,1,0.0,0.0,1,0.0,0.0,0,,,0,,,0,,,0.0,,0.0,2026-08-24 15:17:55,KNTQ,样本不足，暂按来源分组权重；时间衰减半衰期=14天,0.8305565456118323
3747148,1549,2026-08-28 09:17:46,30,0x971df4ed6000003a6a63f9beb7609d489fbfe4bb,money_printer,N,50.0,1.2,0,0,,,0,,,0,,,0,,,0,,,,,0.0,,,样本不足，暂按来源分组权重；时间衰减半衰期=14天,0.0
3747149,1549,2026-08-28 09:17:46,30,0x972b0f9cde1266e860e546ac92e783741769400f,money_printer,N,50.0,1.2,0,0,,,0,,,0,,,0,,,0,,,,,0.0,,,样本不足，暂按来源分组权重；时间衰减半衰期=14天,0.0
3747150,1549,2026-08-28 09:17:46,30,0x9771bb15dac34345012f8a5005a5e13be6da1bda,money_printer,N,50.0,1.2,0,0,,,0,,,0,,,0,,,0,,,,,0.0,,,样本不足，暂按来源分组权重；时间衰减半衰期=14天,0.0
3747151,1549,2026-08-28 09:17:46,30,0x9793ef64d14c3b220574a604d69b692f905b0a16,smart_money,N,50.0,1.4,0,0,,,0,,,0,,,0,,,0,,,,,0.0,,,样本不足，暂按来源分组权重；时间衰减半衰期=14天,0.0
3747152,1549,2026-08-28 09:17:46,30,0x97991003fd631e2923f40cab2a4fdc35e60dc807,smart_money,N,50.0,1.4,0,0,,,0,,,0,,,0,,,0,,,,,0.0,,,样本不足，暂按来源分组权重；时间衰减半衰期=14天,0.0
3747153,1549,2026-08-28 09:17:46,30,0x97b1419998d4c804336c6c22519d28277bacebd7,smart_money,N,50.0,1.4,0,0,,,0,,,0,,,0,,,0,,,,,0.0,,,样本不足，暂按来源分组权重；时间衰减半衰期=14天,0.0
3747154,1549,2026-08-28 09:17:46,30,0x97be9c7904f9c772a3efbf9e10286b91ba8a773e,smart_money,N,50.0,1.4,0,0,,,0,,,0,,,0,,,0,,,,,0.0,,,样本不足，暂按来源分组权重；时间衰减半衰期=14天,0.0
3747155,1549,2026-08-28 09:17:46,30,0x97ee7d16c1aebdfbfa7a9f983ac5a0ec56e63b2e,smart_money,N,50.0,1.4,0,0,,,0,,,0,,,0,,,0,,,,,0.0,,,样本不足，暂按来源分组权重；时间衰减半衰期=14天,0.0
3747156,1549,2026-08-28 09:17:46,30,0x97f20f91c18093c7f738a00ffabc03eea04ec668,money_printer,N,50.0,1.2,0,0,,,0,,,0,,,0,,,0,,,,,0.0,,,样本不足，暂按来源分组权重；时间衰减半衰期=14天,0.0
3747157,1549,2026-08-28 09:17:46,30,0x97f46f90c04efb91d0d740bd263e76683ca6f904,money_printer,N,50.0,1.2,0,0,,,0,,,0,,,0,,,0,,,,,0.0,,,样本不足，暂按来源分组权重；时间衰减半衰期=14天,0.0
3747158,1549,2026-08-28 09:17:46,30,0x98256d1a9e3012398237a1720c27a3d7ed1ad905,money_printer,N,50.0,1.2,0,0,,,0,,,0,,,0,,,0,,,,,0.0,,,样本不足，暂按来源分组权重；时间衰减半衰期=14天,0.0
3747159,1549,2026-08-28 09:17:46,30,0x984e16e759ac515784f90dd88443260e482c63c1,smart_money,N,50.0,1.4,0,0,,,0,,,0,,,0,,,0,,,,,0.0,,,样本不足，暂按来源分组权重；时间衰减半衰期=14天,0.0
3747160,1549,2026-08-28 09:17:46,30,0x984f6a8aa8584dde8f1fa9b240b09f4df3ac25e5,smart_money,N,50.0,1.4,0,0,,,0,,,0,,,0,,,0,,,,,0.0,,,样本不足，暂按来源分组权重；时间衰减半衰期=14天,0.0
3747161,1549,2026-08-28 09:17:46,30,0x985f02b19dbc062e565c981aac5614baf2cf501f,money_printer,N,50.0,1.2,0,0,,,0,,,0,,,0,,,0,,,,,0.0,,,样本不足，暂按来源分组权重；时间衰减半衰期=14天,0.0
3747162,1549,2026-08-28 09:17:46,30,0x987163b6b482c30c2f5f3aa2760109668eb0091d,money_printer,N,50.0,1.2,0,0,,,0,,,0,,,0,,,0,,,,,0.0,,,样本不足，暂按来源分组权重；时间衰减半衰期=14天,0.0
3747163,1549,2026-08-28 09:17:46,30,0x98785f2a43fe32f972476b86ed5a5cfaf5240f00,smart_money,N,50.0,1.4,2,2,0.0,0.0,2,0.0,0.0,2,0.0,0.1275362817516761,1,1.0,44.779909706546285,0,,,0.0,,0.0,2026-08-15 10:17:02,UPUMP,样本不足，暂按来源分组权重；时间衰减半衰期=14天,0.935758548054772
3747164,1549,2026-08-28 09:17:46,30,0x9878b73eba4475a8ca8bb9be119c3f85df988e9d,smart_money,N,50.0,1.4,0,0,,,0,,,0,,,0,,,0,,,,,0.0,,,样本不足，暂按来源分组权重；时间衰减半衰期=14天,0.0
3747165,1549,2026-08-28 09:17:46,30,0x9887ac3b69538d77caa7f88c0688b740fb05a11f,smart_money,N,50.0,1.4,0,0,,,0,,,0,,,0,,,0,,,,,0.0,,,样本不足，暂按来源分组权重；时间衰减半衰期=14天,0.0
3747166,1549,2026-08-28 09:17:46,30,0x988caf2d1aa1ffc52c666f67d9a3e13a72ba6e04,smart_money,N,50.0,1.4,0,0,,,0,,,0,,,0,,,0,,,,,0.0,,,样本不足，暂按来源分组权重；时间衰减半衰期=14天,0.0
3747167,1549,2026-08-28 09:17:46,30,0x98c3e9986645cdfc6ff96cef60eee24205e28d4e,smart_money,N,50.0,1.4,0,0,,,0,,,0,,,0,,,0,,,,,0.0,,,样本不足，暂按来源分组权重；时间衰减半衰期=14天,0.0
3747168,1549,2026-08-28 09:17:46,30,0x98d0e60828e17d1deba5b3924536909fe1387830,smart_money,N,50.0,1.4,0,0,,,0,,,0,,,0,,,0,,,,,0.0,,,样本不足，暂按来源分组权重；时间衰减半衰期=14天,0.0
3747169,1549,2026-08-28 09:17:46,30,0x98de2e6749be6bd822fd65bfc957210f48bac007,money_printer,N,50.0,1.2,0,0,,,0,,,0,,,0,,,0,,,,,0.0,,,样本不足，暂按来源分组权重；时间衰减半衰期=14天,0.0
3747170,1549,2026-08-28 09:17:46,30,0x99223bf50978618ce3dedc9d05a29717a23a9882,smart_money,N,50.0,1.4,0,0,,,0,,,0,,,0,,,0,,,,,0.0,,,样本不足，暂按来源分组权重；时间衰减半衰期=14天,0.0
3747171,1549,2026-08-28 09:17:46,30,0x995a826fc3dd9cf4f26948dd187a08129ecc37e4,smart_money,N,50.0,1.4,0,0,,,0,,,0,,,0,,,0,,,,,0.0,,,样本不足，暂按来源分组权重；时间衰减半衰期=14天,0.0
3747172,1549,2026-08-28 09:17:46,30,0x996a189d8111a11e33ce2d37af415da0d608cdae,smart_money,N,50.0,1.4,0,0,,,0,,,0,,,0,,,0,,,,,0.0,,,样本不足，暂按来源分组权重；时间衰减半衰期=14天,0.0
3747173,1549,2026-08-28 09:17:46,30,0x9970d443386312f7839f3adbe2d607b024ac20c6,smart_money,N,50.0,1.4,0,0,,,0,,,0,,,0,,,0,,,,,0.0,,,样本不足，暂按来源分组权重；时间衰减半衰期=14天,0.0
3747174,1549,2026-08-28 09:17:46,30,0x999510ad3dd8c94a6659d6401d983137565283e3,smart_money,N,50.0,1.4,2,2,0.0,-4.639083710288667,2,0.0,-1.7166045804387857,0,,,0,,,0,,,-1.6215855409836228,,0.0,2026-08-23 07:17:51,BUDDY,样本不足，暂按来源分组权重；时间衰减半衰期=14天,1.5143726553122852
3747175,1549,2026-08-28 09:17:46,30,0x99967871e6c4f9a5185abc57edede9e9540191f6,money_printer,N,50.0,1.2,10,9,0.3748503937180107,-0.8847918303453401,9,0.5170937597414899,3.697156419939677,4,0.3533184019041713,-0.37300326108511245,2,0.0,0.1672080824141373,0,,,3.3192853587791684,,0.0,2026-08-27 18:17:56,"LIT,NEKO",样本不足，暂按来源分组权重；时间衰减半衰期=14天,5.5569187446648325
3747176,1549,2026-08-28 09:17:46,30,0x999da2f91628addf7a5df3194084eddd694066f2,money_printer,N,50.0,1.2,0,0,,,0,,,0,,,0,,,0,,,,,0.0,,,样本不足，暂按来源分组权重；时间衰减半衰期=14天,0.0
3747177,1549,2026-08-28 09:17:46,30,0x99b1098d9d50aa076f78bd26ab22e6abd3710729,money_printer,N,50.0,1.2,0,0,,,0,,,0,,,0,,,0,,,,,0.0,,,样本不足，暂按来源分组权重；时间衰减半衰期=14天,0.0
3747178,1549,2026-08-28 09:17:46,30,0x99b3ba1c1b7ad83d0164d996e3d271ae8c842551,money_printer,N,50.0,1.2,0,0,,,0,,,0,,,0,,,0,,,,,0.0,,,样本不足，暂按来源分组权重；时间衰减半衰期=14天,0.0
3747179,1549,2026-08-28 09:17:46,30,0x99bfe8e92dcd439ec785c8d809ee2b4c929734c3,smart_money,N,50.0,1.4,0,0,,,0,,,0,,,0,,,0,,,,,0.0,,,样本不足，暂按来源分组权重；时间衰减半衰期=14天,0.0
3747180,1549,2026-08-28 09:17:46,30,0x99c641913b895b0180d6c8ece787a36dd8f99344,money_printer,N,50.0,1.2,0,0,,,0,,,0,,,0,,,0,,,,,0.0,,,样本不足，暂按来源分组权重；时间衰减半衰期=14天,0.0
3747181,1549,2026-08-28 09:17:46,30,0x99d7a0e9fd6df0fe58548593ffbb795a47ebfc5b,smart_money,N,50.0,1.4,0,0,,,0,,,0,,,0,,,0,,,,,0.0,,,样本不足，暂按来源分组权重；时间衰减半衰期=14天,0.0
3747182,1549,2026-08-28 09:17:46,30,0x99df385a3cb3a44d79532f2fa698c248c31909b2,smart_money,N,50.0,1.4,0,0,,,0,,,0,,,0,,,0,,,,,0.0,,,样本不足，暂按来源分组权重；时间衰减半衰期=14天,0.0
3747183,1549,2026-08-28 09:17:46,30,0x99e4df374b19aadd7a4dc61a9234e00afee93156,smart_money,N,50.0,1.4,0,0,,,0,,,0,,,0,,,0,,,,,0.0,,,样本不足，暂按来源分组权重；时间衰减半衰期=14天,0.0
3747184,1549,2026-08-28 09:17:46,30,0x9a0825ca6c4c577a1202a8fae3b8f044c1d5711d,smart_money,N,50.0,1.4,0,0,,,0,,,0,,,0,,,0,,,,,0.0,,,样本不足，暂按来源分组权重；时间衰减半衰期=14天,0.0
3747185,1549,2026-08-28 09:17:46,30,0x9a31f7aff78fd464bbceb398e11b82ba633c6525,smart_money,C,63.45972177958306,0.77,94,85,0.3537946727898768,-0.6804486049464052,76,0.3539460482135257,-0.03604740742273333,28,0.37948881404185586,1.6280779566023666,13,0.3407777985162464,1.411406965357079,0,,,0.052667488955782105,,0.0,2026-08-28 05:17:49,"XRP,DOGE",C级：噪音偏多，降权参考，主周期=15d；时间衰减半衰期=14天,59.12057338753729
3747186,1549,2026-08-28 09:17:46,30,0x9a3664a58b6a6579319c44bdd06a381ec8b47b6a,smart_money,N,50.0,1.4,0,0,,,0,,,0,,,0,,,0,,,,,0.0,,,样本不足，暂按来源分组权重；时间衰减半衰期=14天,0.0
3747187,1549,2026-08-28 09:17:46,30,0x9a377ec81c1bd51d31170bf8d7a7b6c5fbaded9b,smart_money,N,50.0,1.4,0,0,,,0,,,0,,,0,,,0,,,,,0.0,,,样本不足，暂按来源分组权重；时间衰减半衰期=14天,0.0
3747188,1549,2026-08-28 09:17:46,30,0x9a51b0dc3545cb8e9b0382b42c91f9e39a92efd6,smart_money,N,50.0,1.4,0,0,,,0,,,0,,,0,,,0,,,,,0.0,,,样本不足，暂按来源分组权重；时间衰减半衰期=14天,0.0
3747189,1549,2026-08-28 09:17:46,30,0x9a568bfeb8cb19e4bafcb57ee69498d57d9591ca,smart_money,N,50.0,1.4,0,0,,,0,,,0,,,0,,,0,,,,,0.0,,,样本不足，暂按来源分组权重；时间衰减半衰期=14天,0.0
3747190,1549,2026-08-28 09:17:46,30,0x9a770e9cd5d05e9e5636b87c822bafb53e02bdc9,smart_money,N,50.0,1.4,0,0,,,0,,,0,,,0,,,0,,,,,0.0,,,样本不足，暂按来源分组权重；时间衰减半衰期=14天,0.0
3747191,1549,2026-08-28 09:17:46,30,0x9ab1c356e6af86361446497fce954b3cdf940206,money_printer,C,30.37159178553019,0.66,10,10,0.0,-0.23158187721038498,10,0.12714030419975397,0.30461315275354395,8,0.31464217910992837,0.26529634546415,4,0.5123767438270082,0.26155117037244774,0,,,0.2254118513727815,,0.0,2026-08-24 22:17:53,BRIDGE,C级：噪音偏多，降权参考，主周期=72h；时间衰减半衰期=14天,5.515775959612948
3747192,1549,2026-08-28 09:17:46,30,0x9abb9d9c10d1512148e9e0074547f0e6785c84d8,smart_money,N,50.0,1.4,0,0,,,0,,,0,,,0,,,0,,,,,0.0,,,样本不足，暂按来源分组权重；时间衰减半衰期=14天,0.0
3747193,1549,2026-08-28 09:17:46,30,0x9aca58e24ff5845f245e7c2c897fef1bc59b3555,smart_money,N,50.0,1.4,0,0,,,0,,,0,,,0,,,0,,,,,0.0,,,样本不足，暂按来源分组权重；时间衰减半衰期=14天,0.0
3747194,1549,2026-08-28 09:17:46,30,0x9afb4e4eda99fdeec1343bc7de4108beacec1d70,smart_money,N,50.0,1.4,10,8,0.0,-0.25970225988488554,7,0.0,0.03227266382585351,6,0.4378385988434196,18.90401015624655,4,0.24625959684962725,11.0274825112968,0,,,0.043845132799164244,,0.0,2026-08-27 23:17:54,"UPUMP,KNTQ",样本不足，暂按来源分组权重；时间衰减半衰期=14天,4.736038319399474
3747195,1549,2026-08-28 09:17:46,30,0x9b28837deb55b014f7a37f2812d6ec042ce87ca1,smart_money,N,50.0,1.4,0,0,,,0,,,0,,,0,,,0,,,,,0.0,,,样本不足，暂按来源分组权重；时间衰减半衰期=14天,0.0
3747196,1549,2026-08-28 09:17:46,30,0x9b5b1931fa5838a891973f9877c7648c93ee80cc,smart_money,N,50.0,1.4,0,0,,,0,,,0,,,0,,,0,,,,,0.0,,,样本不足，暂按来源分组权重；时间衰减半衰期=14天,0.0
3747197,1549,2026-08-28 09:17:46,30,0x9b745bea23ab438b0b3b9527ad7ab637b52cfcb1,smart_money,N,50.0,1.4,0,0,,,0,,,0,,,0,,,0,,,,,0.0,,,样本不足，暂按来源分组权重；时间衰减半衰期=14天,0.0
3747198,1549,2026-08-28 09:17:46,30,0x9b864dde6ed1c21608b1665a0ac0faa4f7e36e6e,smart_money,N,50.0,1.4,8,8,0.18843480343029553,0.3229226860631584,5,0.2628867185222445,10.330537589874197,4,0.3963537616903894,15.619217285550699,3,0.31502990994377167,-17.590752269028748,0,,,6.837325736987065,,0.0,2026-08-25 22:17:55,"ZEC,KNTQ",样本不足，暂按来源分组权重；时间衰减半衰期=14天,5.0919695870262744
3747199,1549,2026-08-28 09:17:46,30,0x9b883651182137f33efda174f831d9918182afe0,smart_money,N,50.0,1.4,0,0,,,0,,,0,,,0,,,0,,,,,0.0,,,样本不足，暂按来源分组权重；时间衰减半衰期=14天,0.0
3747200,1549,2026-08-28 09:17:46,30,0x9bbb821a51d9c0ef24dd8592e9caad7fc469bbf2,smart_money,N,50.0,1.4,3,3,0.0,-4.1046086597128575,3,0.3283758408748398,3.0009402507933975,0,,,0,,,0,,,3.0350015305936435,,0.0,2026-08-24 19:18:15,ZEC,样本不足，暂按来源分组权重；时间衰减半衰期=14天,2.4021517528963656
3747201,1549,2026-08-28 09:17:46,30,0x9bd2ee53f6c6aa778209b8673f6c7df754830c88,smart_money,C,75.12334885452384,0.77,31,27,0.5514250161270303,0.7576801313499066,21,0.47131771330783606,0.15316605519032966,8,0.6246644954859386,3.0541386036478873,0,,,0,,,0.21035090615308594,,0.0,2026-08-28 03:17:51,"ZEC,HYPE",C级：噪音偏多，降权参考，主周期=72h；时间衰减半衰期=14天,20.33380361493323
3747202,1549,2026-08-28 09:17:46,30,0x9c16bc8f1104e4d2f72267eb981fa12de7cc4a6f,money_printer,N,50.0,1.2,0,0,,,0,,,0,,,0,,,0,,,,,0.0,,,样本不足，暂按来源分组权重；时间衰减半衰期=14天,0.0
3747203,1549,2026-08-28 09:17:46,30,0x9c2a2a966ed8e47f0c8b7e2ec2b91424f229f6a8,money_printer,C,77.38073036508767,0.66,38,31,0.5258017887538359,-0.1689903367686566,31,0.37052934418964867,-0.5651576981637545,24,0.4792873300368099,3.255679315888033,8,0.0,1.6929293549564592,0,,,-0.6303694338083989,,0.0,2026-08-28 03:17:51,"SOL,ETH,BTC,XRP,ZEC",C级：噪音偏多，降权参考，主周期=7d；时间衰减半衰期=14天,18.185890760463913
3747204,1549,2026-08-28 09:17:46,30,0x9c3c0be3f3c5f56458f51fa7fbb4bacf2084e56f,smart_money,N,50.0,1.4,4,4,0.21665460321519855,-0.18177919019855346,3,0.30557996993625114,-0.5107215967183734,2,0.49948297633865807,0.40983862096405815,0,,,0,,,-0.528902410484438,,0.0,2026-08-25 18:18:11,"XRP,KNTQ",样本不足，暂按来源分组权重；时间衰减半衰期=14天,3.0176044845373826
3747205,1549,2026-08-28 09:17:46,30,0x9c6d11eac2d056caebb8b4b9a614ece5262f6a98,money_printer,N,50.0,1.2,0,0,,,0,,,0,,,0,,,0,,,,,0.0,,,样本不足，暂按来源分组权重；时间衰减半衰期=14天,0.0
3747206,1549,2026-08-28 09:17:46,30,0x9c972d06eceee9dc08e2d295742d2045f8e54fa2,smart_money,N,50.0,1.4,4,4,0.3533184019041713,-2.1322457639110906,4,0.3533184019041713,0.9195399059756745,4,0.3533184019041713,-0.37300326108511245,2,0.0,0.1672080824141373,0,,,0.8733121672360276,,0.0,2026-08-20 09:17:04,NEKO,样本不足，暂按来源分组权重；时间衰减半衰期=14天,1.8389745303794236
3747207,1549,2026-08-28 09:17:46,30,0x9cbf099ff424979439dfba03f00b5961784c06ce,money_printer,N,50.0,1.2,0,0,,,0,,,0,,,0,,,0,,,,,0.0,,,样本不足，暂按来源分组权重；时间衰减半衰期=14天,0.0
3747208,1549,2026-08-28 09:17:46,30,0x9cc46eed6d6f0c7638779964930904f526e7b125,smart_money,N,50.0,1.4,0,0,,,0,,,0,,,0,,,0,,,,,0.0,,,样本不足，暂按来源分组权重；时间衰减半衰期=14天,0.0
3747209,1549,2026-08-28 09:17:46,30,0x9cc53c5af67fb83a16cc41f61e242bade875ab3d,money_printer,R,17.694521611339873,-1.2,48,48,0.1535515392444654,-0.04748631553336393,48,0.19665688410188778,-0.6120788488942219,48,0.25018008029227784,-0.3687391050975139,34,0.24515511707647236,-2.305478388660128,0,,,-0.3809266676490791,,51.21900837704545,2026-08-19 16:17:05,BTC,反向钱包：15d方向胜率和平均收益偏差；时间衰减半衰期=14天,18.48545578761756
3747210,1549,2026-08-28 09:17:46,30,0x9cd0a696c7cbb9d44de99268194cb08e5684e5fe,money_printer,N,50.0,1.2,0,0,,,0,,,0,,,0,,,0,,,,,0.0,,,样本不足，暂按来源分组权重；时间衰减半衰期=14天,0.0
3747211,1549,2026-08-28 09:17:46,30,0x9d1792626cc8bfb29acc7e5e7a2f706bb6ada290,smart_money,N,50.0,1.4,0,0,,,0,,,0,,,0,,,0,,,,,0.0,,,样本不足，暂按来源分组权重；时间衰减半衰期=14天,0.0
3747212,1549,2026-08-28 09:17:46,30,0x9d25fdd3e862b690759fae43e2db73bc75909b0e,smart_money,N,50.0,1.4,0,0,,,0,,,0,,,0,,,0,,,,,0.0,,,样本不足，暂按来源分组权重；时间衰减半衰期=14天,0.0
3747213,1549,2026-08-28 09:17:46,30,0x9d6086239968f79c0c4a6883653f5c3270331692,smart_money,N,50.0,1.4,0,0,,,0,,,0,,,0,,,0,,,,,0.0,,,样本不足，暂按来源分组权重；时间衰减半衰期=14天,0.0
3747214,1549,2026-08-28 09:17:46,30,0x9d6468a5ab22fb02f990a778039443d264ef31fe,smart_money,N,50.0,1.4,2,1,0.0,-5.586816720257244,1,0.0,-1.788585209003226,0,,,0,,,0,,,-1.788585209003226,,0.0,2026-08-27 15:17:55,PUMP,样本不足，暂按来源分组权重；时间衰减半衰期=14天,0.8288491996626582
3747215,1549,2026-08-28 09:17:46,30,0x9d732bed515e8f66ad2b60cda96a4ef3c31e729f,money_printer,N,50.0,1.2,0,0,,,0,,,0,,,0,,,0,,,,,0.0,,,样本不足，暂按来源分组权重；时间衰减半衰期=14天,0.0
3747216,1549,2026-08-28 09:17:46,30,0x9da9ccc7563bc4c420a7a30819d3875d9499f376,smart_money,N,50.0,1.4,0,0,,,0,,,0,,,0,,,0,,,,,0.0,,,样本不足，暂按来源分组权重；时间衰减半衰期=14天,0.0
3747217,1549,2026-08-28 09:17:46,30,0x9db81630393e5cdb66b4e959c556b089c2005c80,smart_money,N,50.0,1.4,0,0,,,0,,,0,,,0,,,0,,,,,0.0,,,样本不足，暂按来源分组权重；时间衰减半衰期=14天,0.0
3747218,1549,2026-08-28 09:17:46,30,0x9db82c502472d76742fdd69609dfcc6e01327401,smart_money,N,50.0,1.4,8,8,0.0,0.0,6,0.0,0.0,2,0.0,0.0,1,0.0,0.0,0,,,0.0,,0.0,2026-08-25 19:17:55,KNTQ,样本不足，暂按来源分组权重；时间衰减半衰期=14天,6.1302278414928395
3747219,1549,2026-08-28 09:17:46,30,0x9dcf1c87b82a35519a430457c1157f21e68f302d,money_printer,N,50.0,1.2,0,0,,,0,,,0,,,0,,,0,,,,,0.0,,,样本不足，暂按来源分组权重；时间衰减半衰期=14天,0.0
3747220,1549,2026-08-28 09:17:46,30,0x9dea4d13ac1c469b7fe9049d43835df1be143ec0,money_printer,N,50.0,1.2,0,0,,,0,,,0,,,0,,,0,,,,,0.0,,,样本不足，暂按来源分组权重；时间衰减半衰期=14天,0.0
3747221,1549,2026-08-28 09:17:46,30,0x9dead8fffcbf130e7658f672d2c081d91178d617,smart_money,N,50.0,1.4,5,5,0.36430365760591166,-0.21137376643722422,5,0.22722878948001976,-0.7145013263420201,4,0.3088049212731813,-0.16370449769356382,2,0.5010320405913845,-0.8967556504942503,0,,,-0.5189954222271345,,0.0,2026-08-23 12:17:54,"HYPE,BTC",样本不足，暂按来源分组权重；时间衰减半衰期=14天,2.9737205286159094
3747222,1549,2026-08-28 09:17:46,30,0x9df286bcee3b6b20eddcbe763ddd3a30ef3bc665,money_printer,N,50.0,1.2,2,1,0.0,-5.113532845237696,1,0.0,-7.890279699045187,0,,,0,,,0,,,-7.890279699045186,,0.0,2026-08-27 15:17:55,"HYPE,ENA",样本不足，暂按来源分组权重；时间衰减半衰期=14天,0.7114781562599993
3747223,1549,2026-08-28 09:17:46,30,0x9e02aca9865e1859bb7865f6f64801e804a173df,smart_money,N,50.0,1.4,0,0,,,0,,,0,,,0,,,0,,,,,0.0,,,样本不足，暂按来源分组权重；时间衰减半衰期=14天,0.0
3747224,1549,2026-08-28 09:17:46,30,0x9e1fdc4ed12d7cb16d30542254781eb7d0f3290c,smart_money,N,50.0,1.4,0,0,,,0,,,0,,,0,,,0,,,,,0.0,,,样本不足，暂按来源分组权重；时间衰减半衰期=14天,0.0
3747225,1549,2026-08-28 09:17:46,30,0x9e2cbb5d800181c1ef21b25010dc4ea80eeb5508,money_printer,R,15.983970248872122,-1.2,28,25,0.5347886690737552,0.7996089113633289,23,0.5173422084984971,0.9394345583311301,20,0.2956049804006273,0.422234309467112,12,0.2756752257953921,-4.016029751127877,0,,,0.3536046779958615,,60.02020188176028,2026-08-28 02:17:54,"HYPE,BTC,ETH",反向钱包：15d方向胜率和平均收益偏差；时间衰减半衰期=14天,13.136267598337813
3747226,1549,2026-08-28 09:17:46,30,0x9e2f8a58da8192b1aac60505700184bd00399781,money_printer,N,50.0,1.2,0,0,,,0,,,0,,,0,,,0,,,,,0.0,,,样本不足，暂按来源分组权重；时间衰减半衰期=14天,0.0
3747227,1549,2026-08-28 09:17:46,30,0x9e5bb5fcbbb88cdf81b19e55e7e07d716945743e,smart_money,N,50.0,1.4,0,0,,,0,,,0,,,0,,,0,,,,,0.0,,,样本不足，暂按来源分组权重；时间衰减半衰期=14天,0.0
3747228,1549,2026-08-28 09:17:46,30,0x9e74a6a1df3c2545ec4e8e54a1502967c7ad15e1,smart_money,N,50.0,1.4,0,0,,,0,,,0,,,0,,,0,,,,,0.0,,,样本不足，暂按来源分组权重；时间衰减半衰期=14天,0.0
3747229,1549,2026-08-28 09:17:46,30,0x9e8b1e51c642f4c8b87c6ba11c53d516a218afc4,money_printer,N,50.0,1.2,4,4,1.0,7.750155063559196,2,1.0,6.8401419891791875,2,0.0,1.4219614905449778,0,,,0,,,6.8401419891791875,,0.0,2026-08-26 17:18:09,"ZEC,NEAR,ADA",样本不足，暂按来源分组权重；时间衰减半衰期=14天,3.1989745922666355
3747230,1549,2026-08-28 09:17:46,30,0x9eb42f017e793512e4734f8785de605c4cb3a24e,smart_money,N,50.0,1.4,0,0,,,0,,,0,,,0,,,0,,,,,0.0,,,样本不足，暂按来源分组权重；时间衰减半衰期=14天,0.0
3747231,1549,2026-08-28 09:17:46,30,0x9ef0c73fb9c3b96dde6b709fa89df72dd2a855e4,smart_money,N,50.0,1.4,0,0,,,0,,,0,,,0,,,0,,,,,0.0,,,样本不足，暂按来源分组权重；时间衰减半衰期=14天,0.0
3747232,1549,2026-08-28 09:17:46,30,0x9f1dc0c50e6814cfe14edfe2e4b4431bc6b8122f,smart_money,N,50.0,1.4,0,0,,,0,,,0,,,0,,,0,,,,,0.0,,,样本不足，暂按来源分组权重；时间衰减半衰期=14天,0.0
3747233,1549,2026-08-28 09:17:46,30,0x9f4609b8c7da49d2bc9103692bcd0e45027586dd,smart_money,N,50.0,1.4,0,0,,,0,,,0,,,0,,,0,,,,,0.0,,,样本不足，暂按来源分组权重；时间衰减半衰期=14天,0.0
3747234,1549,2026-08-28 09:17:46,30,0x9fb1750da6266a05601855bb62767ebc742707b1,money_printer,N,50.0,1.2,0,0,,,0,,,0,,,0,,,0,,,,,0.0,,,样本不足，暂按来源分组权重；时间衰减半衰期=14天,0.0
3747235,1549,2026-08-28 09:17:46,30,0x9fd7be134d8d4ddb8fa8d093e348c899716f6b0b,smart_money,N,50.0,1.4,0,0,,,0,,,0,,,0,,,0,,,,,0.0,,,样本不足，暂按来源分组权重；时间衰减半衰期=14天,0.0
3747236,1549,2026-08-28 09:17:46,30,0x9fde8e59c61c290c435c2d953e70a3873e06a572,smart_money,N,50.0,1.4,0,0,,,0,,,0,,,0,,,0,,,,,0.0,,,样本不足，暂按来源分组权重；时间衰减半衰期=14天,0.0
3747237,1549,2026-08-28 09:17:46,30,0x9fdf0c5b09d9a9432bf3ba5180ee34036fc3ab9d,smart_money,N,50.0,1.4,0,0,,,0,,,0,,,0,,,0,,,,,0.0,,,样本不足，暂按来源分组权重；时间衰减半衰期=14天,0.0
3747238,1549,2026-08-28 09:17:46,30,0xa0273bcc0a3f0acd195a302f72c86afbd632aaa3,smart_money,N,50.0,1.4,0,0,,,0,,,0,,,0,,,0,,,,,0.0,,,样本不足，暂按来源分组权重；时间衰减半衰期=14天,0.0
3747239,1549,2026-08-28 09:17:46,30,0xa028c2cb889ac9188e8c3578952da48299d7309e,smart_money,N,50.0,1.4,0,0,,,0,,,0,,,0,,,0,,,,,0.0,,,样本不足，暂按来源分组权重；时间衰减半衰期=14天,0.0
3747240,1549,2026-08-28 09:17:46,30,0xa03236e2daca8f5583bd4654a0f2c9d96c6702aa,smart_money,N,50.0,1.4,2,2,0.0,-2.934921882025733,2,0.44503683585532183,7.938766565681526,1,1.0,33.42430324048804,0,,,0,,,9.39740306900512,,0.0,2026-08-21 19:17:16,HYPE,样本不足，暂按来源分组权重；时间衰减半衰期=14天,1.3006864158265243
3747241,1549,2026-08-28 09:17:46,30,0xa0479b2c614cbd03ceab36ae5a6d0822035e553c,smart_money,N,50.0,1.4,2,2,1.0,3.657022079476288,2,0.4798999141852818,6.926507896948063,2,1.0,8.981054794074806,0,,,0,,,7.163157070417331,,0.0,2026-08-21 08:17:02,BTC,样本不足，暂按来源分组权重；时间衰减半衰期=14天,1.3567230514689508
3747242,1549,2026-08-28 09:17:46,30,0xa04cc046c32dc706c65324ae6352d3d78e0c2013,smart_money,N,50.0,1.4,0,0,,,0,,,0,,,0,,,0,,,,,0.0,,,样本不足，暂按来源分组权重；时间衰减半衰期=14天,0.0
3747243,1549,2026-08-28 09:17:46,30,0xa0ca3dcba02de989e35eb3810ad762a222315075,money_printer,N,50.0,1.2,0,0,,,0,,,0,,,0,,,0,,,,,0.0,,,样本不足，暂按来源分组权重；时间衰减半衰期=14天,0.0
3747244,1549,2026-08-28 09:17:46,30,0xa0d669521cb00bfe43e5fa3bd573dc01dfe6567c,smart_money,N,50.0,1.4,0,0,,,0,,,0,,,0,,,0,,,,,0.0,,,样本不足，暂按来源分组权重；时间衰减半衰期=14天,0.0
3747245,1549,2026-08-28 09:17:46,30,0xa0f2e2f7b3ab58e3e52b74f08d94ae52778d46df,smart_money,N,50.0,1.4,0,0,,,0,,,0,,,0,,,0,,,,,0.0,,,样本不足，暂按来源分组权重；时间衰减半衰期=14天,0.0
3747246,1549,2026-08-28 09:17:46,30,0xa100c54fcea537adad0743c9745c83195b278b66,smart_money,N,50.0,1.4,0,0,,,0,,,0,,,0,,,0,,,,,0.0,,,样本不足，暂按来源分组权重；时间衰减半衰期=14天,0.0
3747247,1549,2026-08-28 09:17:46,30,0xa11f83cbb07fd0327415bd424b986132e009f643,smart_money,N,50.0,1.4,0,0,,,0,,,0,,,0,,,0,,,,,0.0,,,样本不足，暂按来源分组权重；时间衰减半衰期=14天,0.0
3747248,1549,2026-08-28 09:17:46,30,0xa12156da455437e075d243f7091a667c7121a73c,smart_money,N,50.0,1.4,0,0,,,0,,,0,,,0,,,0,,,,,0.0,,,样本不足，暂按来源分组权重；时间衰减半衰期=14天,0.0
3747249,1549,2026-08-28 09:17:46,30,0xa169b50ddb987b06e1c6821403fcba218a4f1e3d,smart_money,N,50.0,1.4,0,0,,,0,,,0,,,0,,,0,,,,,0.0,,,样本不足，暂按来源分组权重；时间衰减半衰期=14天,0.0
3747250,1549,2026-08-28 09:17:46,30,0xa1d22621c9b077ce4ac468908114a82b2de4a8db,smart_money,N,50.0,1.4,0,0,,,0,,,0,,,0,,,0,,,,,0.0,,,样本不足，暂按来源分组权重；时间衰减半衰期=14天,0.0
3747251,1549,2026-08-28 09:17:46,30,0xa1d4fc32f21d9d77a4c20a6ac4b748815912c07c,smart_money,N,50.0,1.4,0,0,,,0,,,0,,,0,,,0,,,,,0.0,,,样本不足，暂按来源分组权重；时间衰减半衰期=14天,0.0
3747252,1549,2026-08-28 09:17:46,30,0xa20fb0c9e04063eec5be286e9269028d966646fa,money_printer,N,50.0,1.2,2,2,0.0,-0.3361605500294428,2,0.0,0.9057562011069391,2,0.0,-1.8057067335192896,2,0.5605575057017276,6.77444760295892,0,,,0.9189734477242629,,0.0,2026-08-09 23:16:51,BNB,样本不足，暂按来源分组权重；时间衰减半衰期=14天,0.7167510673645436
3747253,1549,2026-08-28 09:17:46,30,0xa215ce4eac3900ac8a5e76f621eb8498be16aa51,smart_money,N,50.0,1.4,1,1,1.0,1.0447715330485863,1,0.0,0.5546507697507916,1,0.0,0.7543865040100743,1,0.0,2.611928832621457,0,,,0.5546507697507916,,0.0,2026-07-29 20:17:01,TRX,样本不足，暂按来源分组权重；时间衰减半衰期=14天,0.2316219284755595
3747254,1549,2026-08-28 09:17:46,30,0xa237f4cc7bbc930fd531b1a36f31e54f778fc431,smart_money,C,33.85271601501466,0.77,26,26,0.11888575426335857,-0.430544750954625,24,0.1212746271233781,0.3026152962228127,22,0.1967002439854622,0.03591910981598931,13,0.19313254437413432,0.12036918156849553,0,,,0.23947363261133003,,0.0,2026-08-25 23:17:53,"UANSEM,BRIDGE,NEKO,HYPE",C级：噪音偏多，降权参考，主周期=15d；时间衰减半衰期=14天,12.912819166992339
3747255,1549,2026-08-28 09:17:46,30,0xa243ecc646b1ce99c8c2810b6581cce76ec6f989,smart_money,N,50.0,1.4,0,0,,,0,,,0,,,0,,,0,,,,,0.0,,,样本不足，暂按来源分组权重；时间衰减半衰期=14天,0.0
3747256,1549,2026-08-28 09:17:46,30,0xa24c5ca26c41cc52aeac1d6886d37f6dd5d6949f,smart_money,N,50.0,1.4,0,0,,,0,,,0,,,0,,,0,,,,,0.0,,,样本不足，暂按来源分组权重；时间衰减半衰期=14天,0.0
3747257,1549,2026-08-28 09:17:46,30,0xa2a7c751da5c4add00d1c8cb9a0110fb2c233f51,smart_money,N,50.0,1.4,1,1,1.0,1.8598637426028086,1,0.0,-0.22875329454472815,1,0.0,-0.9970659903525737,1,1.0,42.14033517330548,0,,,-0.22875329454472815,,0.0,2026-08-11 09:17:16,XRP,样本不足，暂按来源分组权重；时间衰减半衰期=14天,0.4309790015350072
3747258,1549,2026-08-28 09:17:46,30,0xa2d1dd0f09239349354b662f75fbd81f3dbc824e,smart_money,N,50.0,1.4,0,0,,,0,,,0,,,0,,,0,,,,,0.0,,,样本不足，暂按来源分组权重；时间衰减半衰期=14天,0.0
3747259,1549,2026-08-28 09:17:46,30,0xa2e81e888f4a757bbad012ea9b193e7ab93f1468,money_printer,N,50.0,1.2,0,0,,,0,,,0,,,0,,,0,,,,,0.0,,,样本不足，暂按来源分组权重；时间衰减半衰期=14天,0.0
3747260,1549,2026-08-28 09:17:46,30,0xa3099587930a877e75ff4084c7b22505b72c2eca,smart_money,N,50.0,1.4,0,0,,,0,,,0,,,0,,,0,,,,,0.0,,,样本不足，暂按来源分组权重；时间衰减半衰期=14天,0.0
3747261,1549,2026-08-28 09:17:46,30,0xa30ecf14316316f355b33eb6f5fb4f6e8ed8be51,smart_money,N,50.0,1.4,0,0,,,0,,,0,,,0,,,0,,,,,0.0,,,样本不足，暂按来源分组权重；时间衰减半衰期=14天,0.0
3747262,1549,2026-08-28 09:17:46,30,0xa312114b5795dff9b8db50474dd57701aa78ad1e,money_printer,N,50.0,1.2,6,6,0.16606168621935974,-15.374079166700295,6,0.16606168621935974,-20.4164062788931,4,0.25151206671459986,-13.40215219476677,0,,,0,,,-20.276348206711187,,0.0,2026-08-21 17:17:02,"ZEC,HYPE",样本不足，暂按来源分组权重；时间衰减半衰期=14天,4.214322171805155
3747263,1549,2026-08-28 09:17:46,30,0xa31441e058492bc7cfffda9aa7623c407ae83a81,money_printer,N,50.0,1.2,0,0,,,0,,,0,,,0,,,0,,,,,0.0,,,样本不足，暂按来源分组权重；时间衰减半衰期=14天,0.0
3747264,1549,2026-08-28 09:17:46,30,0xa31981ba7aca4c3d1e3594fb5bfe295e1f611314,money_printer,N,50.0,1.2,0,0,,,0,,,0,,,0,,,0,,,,,0.0,,,样本不足，暂按来源分组权重；时间衰减半衰期=14天,0.0
3747265,1549,2026-08-28 09:17:46,30,0xa32533a01bfca623badfaba89fa28c079b8671f7,smart_money,N,50.0,1.4,0,0,,,0,,,0,,,0,,,0,,,,,0.0,,,样本不足，暂按来源分组权重；时间衰减半衰期=14天,0.0
3747266,1549,2026-08-28 09:17:46,30,0xa33a2a0179eb17700f12877f3c331b295037ee7b,smart_money,N,50.0,1.4,0,0,,,0,,,0,,,0,,,0,,,,,0.0,,,样本不足，暂按来源分组权重；时间衰减半衰期=14天,0.0
3747267,1549,2026-08-28 09:17:46,30,0xa33a4a057334c7811ad5f45f3c4f0dfa3d081ff8,money_printer,N,50.0,1.2,0,0,,,0,,,0,,,0,,,0,,,,,0.0,,,样本不足，暂按来源分组权重；时间衰减半衰期=14天,0.0
3747268,1549,2026-08-28 09:17:46,30,0xa351db10472a07059ea099e0581444e568bff894,money_printer,N,50.0,1.2,1,1,0.0,-4.860131533148915,1,0.0,-23.410335794236715,1,0.0,-24.971146976386304,0,,,0,,,-23.410335794236715,,0.0,2026-08-20 14:17:01,LIT,样本不足，暂按来源分组权重；时间衰减半衰期=14天,0.6799097571340902
3747269,1549,2026-08-28 09:17:46,30,0xa3555141f2ea7ed01e1d5a6589c4355ccaa31bf5,smart_money,N,50.0,1.4,0,0,,,0,,,0,,,0,,,0,,,,,0.0,,,样本不足，暂按来源分组权重；时间衰减半衰期=14天,0.0
3747270,1549,2026-08-28 09:17:46,30,0xa3609cf7872faa7804281c7c5edb8b2d33001089,money_printer,N,50.0,1.2,0,0,,,0,,,0,,,0,,,0,,,,,0.0,,,样本不足，暂按来源分组权重；时间衰减半衰期=14天,0.0
3747271,1549,2026-08-28 09:17:46,30,0xa3652867632777bd42f12561d28bfd2064a11721,smart_money,N,50.0,1.4,0,0,,,0,,,0,,,0,,,0,,,,,0.0,,,样本不足，暂按来源分组权重；时间衰减半衰期=14天,0.0
3747272,1549,2026-08-28 09:17:46,30,0xa380444a9299df2a15bddf949dd493bb6d30d939,"money_printer,smart_money",N,50.0,1.8,0,0,,,0,,,0,,,0,,,0,,,,,0.0,,,样本不足，暂按来源分组权重；时间衰减半衰期=14天,0.0
3747273,1549,2026-08-28 09:17:46,30,0xa38157f31371eec73fd878097c249f16472b066c,smart_money,N,50.0,1.4,0,0,,,0,,,0,,,0,,,0,,,,,0.0,,,样本不足，暂按来源分组权重；时间衰减半衰期=14天,0.0
3747274,1549,2026-08-28 09:17:46,30,0xa3910b710b8a68d8fd77459e5aeee0b05e631360,smart_money,N,50.0,1.4,1,1,1.0,9.34872433019601,1,1.0,13.158889813204272,0,,,0,,,0,,,13.158889813204272,,0.0,2026-08-21 23:16:58,ZEC,样本不足，暂按来源分组权重；时间衰减半衰期=14天,0.7278065722142834
3747275,1549,2026-08-28 09:17:46,30,0xa399f378380dddb1fbb72e935b0111d7a4d16a52,smart_money,N,50.0,1.4,0,0,,,0,,,0,,,0,,,0,,,,,0.0,,,样本不足，暂按来源分组权重；时间衰减半衰期=14天,0.0
3747276,1549,2026-08-28 09:17:46,30,0xa3a7c36cc9fa3fc5b0c971bc7b5a5659a2f7ab4c,smart_money,N,50.0,1.4,2,2,0.0,-2.874238094423952,2,0.0,-4.783487313814694,2,0.0,-1.6295002781136658,2,0.0,-3.861288184810508,0,,,-4.805654415331944,,0.0,2026-08-01 06:16:52,HYPE,样本不足，暂按来源分组权重；时间衰减半衰期=14天,0.5054482302051646
3747277,1549,2026-08-28 09:17:46,30,0xa3b69fd03a59945b88fed1fe350b33c3e6d48480,smart_money,N,50.0,1.4,0,0,,,0,,,0,,,0,,,0,,,,,0.0,,,样本不足，暂按来源分组权重；时间衰减半衰期=14天,0.0
3747278,1549,2026-08-28 09:17:46,30,0xa3b7226dea54ab25133e1e80fbf22adefa917ade,smart_money,N,50.0,1.4,0,0,,,0,,,0,,,0,,,0,,,,,0.0,,,样本不足，暂按来源分组权重；时间衰减半衰期=14天,0.0
3747279,1549,2026-08-28 09:17:46,30,0xa3fc7e0b7571ccf00820307321b044019aeb062a,smart_money,N,50.0,1.4,0,0,,,0,,,0,,,0,,,0,,,,,0.0,,,样本不足，暂按来源分组权重；时间衰减半衰期=14天,0.0
3747280,1549,2026-08-28 09:17:46,30,0xa41f6abca0cb06a105f12a682e1995efa0c1d50a,smart_money,N,50.0,1.4,0,0,,,0,,,0,,,0,,,0,,,,,0.0,,,样本不足，暂按来源分组权重；时间衰减半衰期=14天,0.0
3747281,1549,2026-08-28 09:17:46,30,0xa430c7425787337e5096f9aad868b02bb1ab4c5f,smart_money,N,50.0,1.4,0,0,,,0,,,0,,,0,,,0,,,,,0.0,,,样本不足，暂按来源分组权重；时间衰减半衰期=14天,0.0
3747282,1549,2026-08-28 09:17:46,30,0xa432ca1edabf81a8373fe2d655a2811ed2634e45,smart_money,N,50.0,1.4,0,0,,,0,,,0,,,0,,,0,,,,,0.0,,,样本不足，暂按来源分组权重；时间衰减半衰期=14天,0.0
3747283,1549,2026-08-28 09:17:46,30,0xa445a0a15b1d50fa0c4bfe6796d9447e0da5329d,money_printer,C,73.75099538754696,0.66,69,66,0.3439137267993499,-0.8498951023340716,61,0.35217131884019,-1.2329479812522681,43,0.22583749093212216,-2.3876291384435144,21,0.33780729856179703,5.660812292886303,0,,,-1.0804756546711718,,0.0,2026-08-27 15:17:55,"ETH,BTC,SOL,XRP,PUMP",C级：噪音偏多，降权参考，主周期=15d；时间衰减半衰期=14天,38.677934303871304
3747284,1549,2026-08-28 09:17:46,30,0xa44898949336804325763810e731f7aabf768250,smart_money,N,50.0,1.4,0,0,,,0,,,0,,,0,,,0,,,,,0.0,,,样本不足，暂按来源分组权重；时间衰减半衰期=14天,0.0
3747285,1549,2026-08-28 09:17:46,30,0xa461db6d21568e97e040c4ab57ff38708a4f0f67,money_printer,N,50.0,1.2,0,0,,,0,,,0,,,0,,,0,,,,,0.0,,,样本不足，暂按来源分组权重；时间衰减半衰期=14天,0.0
3747286,1549,2026-08-28 09:17:46,30,0xa46aba5584adb38d458710902f7fc6677f7ab914,smart_money,N,50.0,1.4,0,0,,,0,,,0,,,0,,,0,,,,,0.0,,,样本不足，暂按来源分组权重；时间衰减半衰期=14天,0.0
3747287,1549,2026-08-28 09:17:46,30,0xa4ab01805c9b03315059fdf0d35b71339a2d38e7,money_printer,N,50.0,1.2,0,0,,,0,,,0,,,0,,,0,,,,,0.0,,,样本不足，暂按来源分组权重；时间衰减半衰期=14天,0.0
3747288,1549,2026-08-28 09:17:46,30,0xa4add8273d7f47318675bdfbcce3e9648cdb4509,money_printer,N,50.0,1.2,3,3,0.34953323834054184,-10.71670590548336,3,0.0,-17.157561158625423,1,0.0,-22.399438578583037,0,,,0,,,-17.32515615180254,,0.0,2026-08-22 02:17:01,"ZEC,SOL",样本不足，暂按来源分组权重；时间衰减半衰期=14天,2.0951542721322474
3747289,1549,2026-08-28 09:17:46,30,0xa4bd8238f85a21aef58a82b62b17f43bac1aa0b0,smart_money,N,50.0,1.4,0,0,,,0,,,0,,,0,,,0,,,,,0.0,,,样本不足，暂按来源分组权重；时间衰减半衰期=14天,0.0
3747290,1549,2026-08-28 09:17:46,30,0xa4be91acc74feabab71b8878b66b8f5277212520,money_printer,N,50.0,1.2,0,0,,,0,,,0,,,0,,,0,,,,,0.0,,,样本不足，暂按来源分组权重；时间衰减半衰期=14天,0.0
3747291,1549,2026-08-28 09:17:46,30,0xa4beb4fbe651b00bc16d472e2e1aa1c26b3d90aa,smart_money,N,50.0,1.4,4,4,0.7012935027005245,1.2339426434859857,3,0.5254709444953897,2.0797905593142696,2,0.0,0.0,2,0.0,0.0,0,,,1.3193184647671907,,0.0,2026-08-25 18:18:11,"KNTQ,BUDDY",样本不足，暂按来源分组权重；时间衰减半衰期=14天,2.3700161874338592
3747292,1549,2026-08-28 09:17:46,30,0xa4cab6d48de3a101026e9fc6f7f0fcdcd718e2f2,smart_money,N,50.0,1.4,0,0,,,0,,,0,,,0,,,0,,,,,0.0,,,样本不足，暂按来源分组权重；时间衰减半衰期=14天,0.0
3747293,1549,2026-08-28 09:17:46,30,0xa4dedda59f2908b92ae192cfd494839373bcb3c4,money_printer,C,59.254322699571425,0.66,26,25,0.35042930734939176,0.03054593692031027,16,0.3727977419990527,0.6127057909993481,1,1.0,43.03501331837937,0,,,0,,,0.7362634806472839,,0.0,2026-08-27 13:17:51,"BTC,ZEC,HYPE",C级：噪音偏多，降权参考，主周期=72h；时间衰减半衰期=14天,20.022820128878177
3747294,1549,2026-08-28 09:17:46,30,0xa4e33be0b96c1ec4031f2db53dcd5660621ce3ec,smart_money,N,50.0,1.4,0,0,,,0,,,0,,,0,,,0,,,,,0.0,,,样本不足，暂按来源分组权重；时间衰减半衰期=14天,0.0
3747295,1549,2026-08-28 09:17:46,30,0xa516541e599129095d14f7faf8b11ae670c837b0,smart_money,C,80.19002412272866,0.77,11,11,0.3848979519081634,4.863136538931756,10,0.47116639876037447,7.006988734239596,5,0.5465930763854253,9.180451176681295,2,0.0,-0.07630769056560514,0,,,6.661729156214665,,0.0,2026-08-25 10:17:57,"ETH,ZEC,HYPE",C级：噪音偏多，降权参考，主周期=72h；时间衰减半衰期=14天,7.4024262444769
3747296,1549,2026-08-28 09:17:46,30,0xa522301c25e833b75b223a21a7f528eef9862d0e,smart_money,N,50.0,1.4,0,0,,,0,,,0,,,0,,,0,,,,,0.0,,,样本不足，暂按来源分组权重；时间衰减半衰期=14天,0.0
3747297,1549,2026-08-28 09:17:46,30,0xa53c9f3c7e5fa635bc4bfd9dbe459b5940e43ab2,smart_money,N,50.0,1.4,0,0,,,0,,,0,,,0,,,0,,,,,0.0,,,样本不足，暂按来源分组权重；时间衰减半衰期=14天,0.0
3747298,1549,2026-08-28 09:17:46,30,0xa559edb06548fb5d9b2066ec43320e5f9726ff95,smart_money,N,50.0,1.4,0,0,,,0,,,0,,,0,,,0,,,,,0.0,,,样本不足，暂按来源分组权重；时间衰减半衰期=14天,0.0
3747299,1549,2026-08-28 09:17:46,30,0xa581bb0ac1a7ec393e76ccd45de2bfff6146e213,money_printer,N,50.0,1.2,0,0,,,0,,,0,,,0,,,0,,,,,0.0,,,样本不足，暂按来源分组权重；时间衰减半衰期=14天,0.0
3747300,1549,2026-08-28 09:17:46,30,0xa59362891a6910c0d16171ac10ad43ba994bbcde,smart_money,N,50.0,1.4,0,0,,,0,,,0,,,0,,,0,,,,,0.0,,,样本不足，暂按来源分组权重；时间衰减半衰期=14天,0.0
3747301,1549,2026-08-28 09:17:46,30,0xa5e3b79ebb74c75d6f415aa0b5892c83a3628fa7,smart_money,N,50.0,1.4,0,0,,,0,,,0,,,0,,,0,,,,,0.0,,,样本不足，暂按来源分组权重；时间衰减半衰期=14天,0.0
3747302,1549,2026-08-28 09:17:46,30,0xa5ee12ffed6a53622c11ea5f678ccea19b8b243f,smart_money,N,50.0,1.4,0,0,,,0,,,0,,,0,,,0,,,,,0.0,,,样本不足，暂按来源分组权重；时间衰减半衰期=14天,0.0
3747303,1549,2026-08-28 09:17:46,30,0xa5fd942d4badbab4fe84a9e10f565dd40d5f15ff,money_printer,N,50.0,1.2,4,4,0.2517944098688241,-21.01471602219942,4,0.4984471034192006,-18.590192093919462,0,,,0,,,0,,,-18.582959619033993,,0.0,2026-08-24 05:17:48,DEPIN,样本不足，暂按来源分组权重；时间衰减半衰期=14天,3.2046470508081146
3747304,1549,2026-08-28 09:17:46,30,0xa62a501f54e85c9c784c2f1f4a8fdf31115866a2,money_printer,N,50.0,1.2,0,0,,,0,,,0,,,0,,,0,,,,,0.0,,,样本不足，暂按来源分组权重；时间衰减半衰期=14天,0.0
3747305,1549,2026-08-28 09:17:46,30,0xa62b923a112d50d03e1e096bbd53422490dac104,smart_money,N,50.0,1.4,0,0,,,0,,,0,,,0,,,0,,,,,0.0,,,样本不足，暂按来源分组权重；时间衰减半衰期=14天,0.0
3747306,1549,2026-08-28 09:17:46,30,0xa65ce1d604fa901c13aa29f2126a57d9032e412b,money_printer,N,50.0,1.2,0,0,,,0,,,0,,,0,,,0,,,,,0.0,,,样本不足，暂按来源分组权重；时间衰减半衰期=14天,0.0
3747307,1549,2026-08-28 09:17:46,30,0xa65e486e97e22ece31c1ceb5ee27e749090ec906,money_printer,N,50.0,1.2,0,0,,,0,,,0,,,0,,,0,,,,,0.0,,,样本不足，暂按来源分组权重；时间衰减半衰期=14天,0.0
3747308,1549,2026-08-28 09:17:46,30,0xa685e0303482ece79b16dc5c1a52bd9dae623dfa,smart_money,N,50.0,1.4,0,0,,,0,,,0,,,0,,,0,,,,,0.0,,,样本不足，暂按来源分组权重；时间衰减半衰期=14天,0.0
3747309,1549,2026-08-28 09:17:46,30,0xa68eb8520766ca5eae81e547128d5cc3fa909a1e,smart_money,N,50.0,1.4,0,0,,,0,,,0,,,0,,,0,,,,,0.0,,,样本不足，暂按来源分组权重；时间衰减半衰期=14天,0.0
3747310,1549,2026-08-28 09:17:46,30,0xa6c204bbc0e8b2d30e60512b0094a5f3d8307769,smart_money,N,50.0,1.4,0,0,,,0,,,0,,,0,,,0,,,,,0.0,,,样本不足，暂按来源分组权重；时间衰减半衰期=14天,0.0
3747311,1549,2026-08-28 09:17:46,30,0xa6cb81271418b9f41295fff54be05f6250c7cbf6,money_printer,N,50.0,1.2,0,0,,,0,,,0,,,0,,,0,,,,,0.0,,,样本不足，暂按来源分组权重；时间衰减半衰期=14天,0.0
3747312,1549,2026-08-28 09:17:46,30,0xa6e2dc44418f5ad213c86db4dbb203a59d13c49f,money_printer,C,78.68842373713436,0.66,14,10,0.43668609136244374,13.967268873463922,8,0.2616568781077942,-1.1396130323957392,3,0.6364044535637515,3.8015945858511637,0,,,0,,,-1.3640561585008317,,0.0,2026-08-28 03:17:51,"USDHL,BTC,ZEC,kPEPE,ENA",C级：噪音偏多，降权参考，主周期=24h；时间衰减半衰期=14天,7.421086728043136
3747313,1549,2026-08-28 09:17:46,30,0xa6ee1ed1ae80b8352603654b39f5e7b9bedd5078,money_printer,N,50.0,1.2,1,1,0.0,-19.07226483649577,1,0.0,-26.335082761404937,1,0.0,-28.740411788453777,0,,,0,,,-26.335082761404937,,0.0,2026-08-19 17:17:21,HYPE,样本不足，暂按来源分组权重；时间衰减半衰期=14天,0.6510912759731431
3747314,1549,2026-08-28 09:17:46,30,0xa6f9b02d98769ffa2a33910f36b0b5738f8d4d5e,smart_money,N,50.0,1.4,0,0,,,0,,,0,,,0,,,0,,,,,0.0,,,样本不足，暂按来源分组权重；时间衰减半衰期=14天,0.0
3747315,1549,2026-08-28 09:17:46,30,0xa6fc599a28c4b23b7f74bd391c56dfda70d48693,smart_money,N,50.0,1.4,0,0,,,0,,,0,,,0,,,0,,,,,0.0,,,样本不足，暂按来源分组权重；时间衰减半衰期=14天,0.0
3747316,1549,2026-08-28 09:17:46,30,0xa715dbb56dc8c1a6a2d84bfcb0f45bf4da07ad14,money_printer,N,50.0,1.2,0,0,,,0,,,0,,,0,,,0,,,,,0.0,,,样本不足，暂按来源分组权重；时间衰减半衰期=14天,0.0
3747317,1549,2026-08-28 09:17:46,30,0xa74421270b2d439edc6fa6eb4d5cacb15f2f94ee,smart_money,N,50.0,1.4,0,0,,,0,,,0,,,0,,,0,,,,,0.0,,,样本不足，暂按来源分组权重；时间衰减半衰期=14天,0.0
3747318,1549,2026-08-28 09:17:46,30,0xa775d1bd91ee2cc4cae6113e5fd9c0c17b355277,smart_money,N,50.0,1.4,0,0,,,0,,,0,,,0,,,0,,,,,0.0,,,样本不足，暂按来源分组权重；时间衰减半衰期=14天,0.0
3747319,1549,2026-08-28 09:17:46,30,0xa7aae418ee1714642f46b577c5b6f6c8bcb561dc,smart_money,N,50.0,1.4,0,0,,,0,,,0,,,0,,,0,,,,,0.0,,,样本不足，暂按来源分组权重；时间衰减半衰期=14天,0.0
3747320,1549,2026-08-28 09:17:46,30,0xa7fd61557cd0a61073566766839d5f851a8e92ef,smart_money,N,50.0,1.4,0,0,,,0,,,0,,,0,,,0,,,,,0.0,,,样本不足，暂按来源分组权重；时间衰减半衰期=14天,0.0
3747321,1549,2026-08-28 09:17:46,30,0xa844d7ac9fa3424c4fd38a25baa23e460ec3e802,smart_money,N,50.0,1.4,0,0,,,0,,,0,,,0,,,0,,,,,0.0,,,样本不足，暂按来源分组权重；时间衰减半衰期=14天,0.0
3747322,1549,2026-08-28 09:17:46,30,0xa8616487ec2605c79c3ad3a3e6bcbe9d059bc774,smart_money,N,50.0,1.4,0,0,,,0,,,0,,,0,,,0,,,,,0.0,,,样本不足，暂按来源分组权重；时间衰减半衰期=14天,0.0
3747323,1549,2026-08-28 09:17:46,30,0xa864144d507da1f5a90aae0147b8cba6d93a21cb,smart_money,N,50.0,1.4,0,0,,,0,,,0,,,0,,,0,,,,,0.0,,,样本不足，暂按来源分组权重；时间衰减半衰期=14天,0.0
3747324,1549,2026-08-28 09:17:46,30,0xa87a233e8a7d8951ff790a2e39738086cb5f71b7,money_printer,N,50.0,1.2,4,4,0.3533184019041713,-2.1322457639110906,4,0.3533184019041713,0.9195399059756745,4,0.3533184019041713,-0.37300326108511245,2,0.0,0.1672080824141373,0,,,0.8733121672360276,,0.0,2026-08-20 09:17:04,NEKO,样本不足，暂按来源分组权重；时间衰减半衰期=14天,1.8389745303794236
3747325,1549,2026-08-28 09:17:46,30,0xa880d6cc607a05ea617307ab3b0d335e8d8424ee,smart_money,N,50.0,1.4,0,0,,,0,,,0,,,0,,,0,,,,,0.0,,,样本不足，暂按来源分组权重；时间衰减半衰期=14天,0.0
3747326,1549,2026-08-28 09:17:46,30,0xa88bdbd7ec3cdb13fa2be3781f35ed710f8368e0,smart_money,N,50.0,1.4,0,0,,,0,,,0,,,0,,,0,,,,,0.0,,,样本不足，暂按来源分组权重；时间衰减半衰期=14天,0.0
3747327,1549,2026-08-28 09:17:46,30,0xa8ad3b7407031091f27af3bfedf170edc77cf761,smart_money,N,50.0,1.4,0,0,,,0,,,0,,,0,,,0,,,,,0.0,,,样本不足，暂按来源分组权重；时间衰减半衰期=14天,0.0
3747328,1549,2026-08-28 09:17:46,30,0xa8b695817a4054dd278f04746585dea6487e775d,money_printer,N,50.0,1.2,0,0,,,0,,,0,,,0,,,0,,,,,0.0,,,样本不足，暂按来源分组权重；时间衰减半衰期=14天,0.0
3747329,1549,2026-08-28 09:17:46,30,0xa8cbf4200595efcd94b7526d04deafe0f284af2d,smart_money,N,50.0,1.4,0,0,,,0,,,0,,,0,,,0,,,,,0.0,,,样本不足，暂按来源分组权重；时间衰减半衰期=14天,0.0
3747330,1549,2026-08-28 09:17:46,30,0xa8ccdcf9a2256a23504133c8ec1b04bc12a516df,smart_money,N,50.0,1.4,0,0,,,0,,,0,,,0,,,0,,,,,0.0,,,样本不足，暂按来源分组权重；时间衰减半衰期=14天,0.0
3747331,1549,2026-08-28 09:17:46,30,0xa906355beaf1d69a5fe73ce55899c49c6e67916c,money_printer,N,50.0,1.2,1,1,0.0,-4.443040640134752,1,1.0,2.3162771109707276,0,,,0,,,0,,,2.3162771109707276,,0.0,2026-08-24 18:18:36,PUMP,样本不足，暂按来源分组权重；时间衰减半衰期=14天,0.8357322792348668
3747332,1549,2026-08-28 09:17:46,30,0xa930cdefd5c41bbb92081faa33afdd5b3ba0c999,money_printer,N,50.0,1.2,0,0,,,0,,,0,,,0,,,0,,,,,0.0,,,样本不足，暂按来源分组权重；时间衰减半衰期=14天,0.0
3747333,1549,2026-08-28 09:17:46,30,0xa99767ff6874018935af8924eeb3de3c7b578edc,money_printer,N,50.0,1.2,0,0,,,0,,,0,,,0,,,0,,,,,0.0,,,样本不足，暂按来源分组权重；时间衰减半衰期=14天,0.0
3747334,1549,2026-08-28 09:17:46,30,0xa99c9e5484e5b26635c07876d0859a1819ff40d5,smart_money,N,50.0,1.4,0,0,,,0,,,0,,,0,,,0,,,,,0.0,,,样本不足，暂按来源分组权重；时间衰减半衰期=14天,0.0
3747335,1549,2026-08-28 09:17:46,30,0xa9b95f2a2e7ef219021efc5c04c32761b8553bbd,money_printer,N,50.0,1.2,8,8,0.5375376107495003,0.29435009826886116,8,0.5375376107495003,-0.3769481319872789,8,0.5375376107495003,1.645263012587934,1,0.0,-3.192653693174232,0,,,-0.5806930019892702,,0.0,2026-08-20 11:17:01,"ETH,HYPE,BTC,SOL",样本不足，暂按来源分组权重；时间衰减半衰期=14天,4.961696394287925
3747336,1549,2026-08-28 09:17:46,30,0xaa23550773de942c546b3f29e7df60d8a9d85820,smart_money,N,50.0,1.4,2,2,1.0,1.4130525849655697,2,0.0,-2.1858252478646873,2,0.0,-1.0730022424211239,2,0.0,-4.198725592879689,0,,,-2.174622535180104,,0.0,2026-07-31 21:16:54,"ETH,HYPE",样本不足，暂按来源分组权重；时间衰减半衰期=14天,0.4888382294409175
3747337,1549,2026-08-28 09:17:46,30,0xaa2a33c424b92cdc042e40c522cb48e586e83026,smart_money,N,50.0,1.4,0,0,,,0,,,0,,,0,,,0,,,,,0.0,,,样本不足，暂按来源分组权重；时间衰减半衰期=14天,0.0
3747338,1549,2026-08-28 09:17:46,30,0xaa7577a7a27aa7fcf6d0ec481b87df3ad0f6a88e,money_printer,N,50.0,1.2,0,0,,,0,,,0,,,0,,,0,,,,,0.0,,,样本不足，暂按来源分组权重；时间衰减半衰期=14天,0.0
3747339,1549,2026-08-28 09:17:46,30,0xaaade20f0679f73416d4c8acafa0cdd160a9d9ad,smart_money,N,50.0,1.4,0,0,,,0,,,0,,,0,,,0,,,,,0.0,,,样本不足，暂按来源分组权重；时间衰减半衰期=14天,0.0
3747340,1549,2026-08-28 09:17:46,30,0xaac091f502a773498fb9336f41500fd13098245b,smart_money,N,50.0,1.4,2,2,0.0,-2.929290356922449,2,0.5524162128850886,-4.166408040856907,1,0.0,-15.198812170984866,0,,,0,,,-4.9638089884270915,,0.0,2026-08-24 02:17:48,"HYPE,MAX",样本不足，暂按来源分组权重；时间衰减半衰期=14天,1.4637066740419686
3747341,1549,2026-08-28 09:17:46,30,0xab04d4088815e5ef868f93643ed4d047e5690e4f,smart_money,N,50.0,1.4,0,0,,,0,,,0,,,0,,,0,,,,,0.0,,,样本不足，暂按来源分组权重；时间衰减半衰期=14天,0.0
3747342,1549,2026-08-28 09:17:46,30,0xab15f1311653897cae7a60a8f82b7ad991df829a,money_printer,N,50.0,1.2,0,0,,,0,,,0,,,0,,,0,,,,,0.0,,,样本不足，暂按来源分组权重；时间衰减半衰期=14天,0.0
3747343,1549,2026-08-28 09:17:46,30,0xab2811065c46ffb17997ff83446dffd35807fe3e,smart_money,N,50.0,1.4,0,0,,,0,,,0,,,0,,,0,,,,,0.0,,,样本不足，暂按来源分组权重；时间衰减半衰期=14天,0.0
3747344,1549,2026-08-28 09:17:46,30,0xab5e6f394951c28ab1873007e373202689cdbec3,money_printer,N,50.0,1.2,0,0,,,0,,,0,,,0,,,0,,,,,0.0,,,样本不足，暂按来源分组权重；时间衰减半衰期=14天,0.0
3747345,1549,2026-08-28 09:17:46,30,0xab704bf1cb30ae52683899caeab58cb2e81df59e,smart_money,N,50.0,1.4,0,0,,,0,,,0,,,0,,,0,,,,,0.0,,,样本不足，暂按来源分组权重；时间衰减半衰期=14天,0.0
3747346,1549,2026-08-28 09:17:46,30,0xabcaea50f029aca1204a5ff64150279871dec56c,smart_money,N,50.0,1.4,0,0,,,0,,,0,,,0,,,0,,,,,0.0,,,样本不足，暂按来源分组权重；时间衰减半衰期=14天,0.0
3747347,1549,2026-08-28 09:17:46,30,0xac03fc4c21902e4e934b4367cb1a6c6e3f0d8037,money_printer,N,50.0,1.2,0,0,,,0,,,0,,,0,,,0,,,,,0.0,,,样本不足，暂按来源分组权重；时间衰减半衰期=14天,0.0
3747348,1549,2026-08-28 09:17:46,30,0xac04753928961a06af540078410802cc443f5176,money_printer,R,14.153951234977924,-1.2,13,11,0.05355748889944225,-5.846048765022075,9,0.07784121694790896,-8.449400294966,8,0.0,0.30782120211080805,6,0.18825677843706756,1.3783142626343048,0,,,-4.495726538772581,,98.43080177608925,2026-08-27 23:17:54,UPUMP,反向钱包：24h方向胜率和平均收益偏差；时间衰减半衰期=14天,5.713608932233247
3747349,1549,2026-08-28 09:17:46,30,0xac26cf5f3c46b5e102048c65b977d2551b72a9c7,money_printer,N,50.0,1.2,0,0,,,0,,,0,,,0,,,0,,,,,0.0,,,样本不足，暂按来源分组权重；时间衰减半衰期=14天,0.0
3747350,1549,2026-08-28 09:17:46,30,0xac487c027ffe32021bbba77e30786f8c8f353201,money_printer,N,50.0,1.2,1,0,,,0,,,0,,,0,,,0,,,,,0.0,2026-08-28 00:17:51,HYPE,样本不足，暂按来源分组权重；时间衰减半衰期=14天,0.0
3747351,1549,2026-08-28 09:17:46,30,0xac50a255e330c388f44b9d01259d6b153a9f0ed9,money_printer,N,50.0,1.2,0,0,,,0,,,0,,,0,,,0,,,,,0.0,,,样本不足，暂按来源分组权重；时间衰减半衰期=14天,0.0
3747352,1549,2026-08-28 09:17:46,30,0xac7476e14f768e3e67c195e79c2490dd20c70127,money_printer,N,50.0,1.2,0,0,,,0,,,0,,,0,,,0,,,,,0.0,,,样本不足，暂按来源分组权重；时间衰减半衰期=14天,0.0
3747353,1549,2026-08-28 09:17:46,30,0xac7bbfed474127e8683320421264d403fd2155f9,money_printer,N,50.0,1.2,0,0,,,0,,,0,,,0,,,0,,,,,0.0,,,样本不足，暂按来源分组权重；时间衰减半衰期=14天,0.0
3747354,1549,2026-08-28 09:17:46,30,0xaca2d79168f9e9072c089e5f7d6eb0daefc13915,smart_money,N,50.0,1.4,0,0,,,0,,,0,,,0,,,0,,,,,0.0,,,样本不足，暂按来源分组权重；时间衰减半衰期=14天,0.0
3747355,1549,2026-08-28 09:17:46,30,0xacb66d1996501bcc82a0e7819c9e041599f5efbd,money_printer,N,50.0,1.2,1,1,1.0,6.393748938338704,0,,,0,,,0,,,0,,,,,0.0,2026-08-25 17:17:56,XRP,样本不足，暂按来源分组权重；时间衰减半衰期=14天,0.8763214493799649
3747356,1549,2026-08-28 09:17:46,30,0xacbf9fbc58d61bdafd70fd44213fdfe01311f2ab,smart_money,N,50.0,1.4,2,2,1.0,12.186744068274178,2,0.49123326861024713,10.80014269730423,0,,,0,,,0,,,11.111512541496221,,0.0,2026-08-22 03:17:01,ZEC,样本不足，暂按来源分组权重；时间衰减半衰期=14天,1.4423866871046036
3747357,1549,2026-08-28 09:17:46,30,0xace0a4c087f7f199328fb1e38d8d27bd237b03fd,money_printer,N,50.0,1.2,0,0,,,0,,,0,,,0,,,0,,,,,0.0,,,样本不足，暂按来源分组权重；时间衰减半衰期=14天,0.0
3747358,1549,2026-08-28 09:17:46,30,0xacf5c9a3213f91182317ef74770ffb41f0c081f5,smart_money,N,50.0,1.4,0,0,,,0,,,0,,,0,,,0,,,,,0.0,,,样本不足，暂按来源分组权重；时间衰减半衰期=14天,0.0
3747359,1549,2026-08-28 09:17:46,30,0xad227f63d34e7251c1d0ab65e64eeea07aee4e44,money_printer,R,10.398959316676855,-1.2,14,14,0.19012317356188876,-5.471547550463881,14,0.19012317356188876,-11.222892437106598,11,0.2499529488167236,-9.601040683323145,2,0.495357376768603,1.7406129570568623,0,,,-10.48863483503602,,67.00752818932423,2026-08-21 10:17:00,"SWAP,BTC,ZEC,HYPE,SOL",反向钱包：7d方向胜率和平均收益偏差；时间衰减半衰期=14天,8.88038152918218
3747360,1549,2026-08-28 09:17:46,30,0xad58ae5dbc928021fb6e9daba2602b3c4a2eb7ab,smart_money,N,50.0,1.4,0,0,,,0,,,0,,,0,,,0,,,,,0.0,,,样本不足，暂按来源分组权重；时间衰减半衰期=14天,0.0
3747361,1549,2026-08-28 09:17:46,30,0xad59ed47c226987cf458a63428ca10887773ba81,smart_money,N,50.0,1.4,0,0,,,0,,,0,,,0,,,0,,,,,0.0,,,样本不足，暂按来源分组权重；时间衰减半衰期=14天,0.0
3747362,1549,2026-08-28 09:17:46,30,0xad68fabb1bec8b08c8080ad165ae5bdec64136d6,smart_money,N,50.0,1.4,0,0,,,0,,,0,,,0,,,0,,,,,0.0,,,样本不足，暂按来源分组权重；时间衰减半衰期=14天,0.0
3747363,1549,2026-08-28 09:17:46,30,0xad747d2d91d8fd336bda8805961089cec51f3550,money_printer,N,50.0,1.2,0,0,,,0,,,0,,,0,,,0,,,,,0.0,,,样本不足，暂按来源分组权重；时间衰减半衰期=14天,0.0
3747364,1549,2026-08-28 09:17:46,30,0xadabc828201be912b3ef3bde83f1e19703349fdb,smart_money,N,50.0,1.4,0,0,,,0,,,0,,,0,,,0,,,,,0.0,,,样本不足，暂按来源分组权重；时间衰减半衰期=14天,0.0
3747365,1549,2026-08-28 09:17:46,30,0xadc9cf23f55c6221a05a8150e5768d7c3289562f,money_printer,N,50.0,1.2,0,0,,,0,,,0,,,0,,,0,,,,,0.0,,,样本不足，暂按来源分组权重；时间衰减半衰期=14天,0.0
3747366,1549,2026-08-28 09:17:46,30,0xadcbc1f36213b15399e0497508c50a1cda7bf08f,smart_money,N,50.0,1.4,0,0,,,0,,,0,,,0,,,0,,,,,0.0,,,样本不足，暂按来源分组权重；时间衰减半衰期=14天,0.0
3747367,1549,2026-08-28 09:17:46,30,0xaded86bf6e6fd72f78dca132af112fa36230809e,money_printer,N,50.0,1.2,0,0,,,0,,,0,,,0,,,0,,,,,0.0,,,样本不足，暂按来源分组权重；时间衰减半衰期=14天,0.0
3747368,1549,2026-08-28 09:17:46,30,0xadedb7e42d645ad812019f3d182d393b1d17d8e6,smart_money,N,50.0,1.4,0,0,,,0,,,0,,,0,,,0,,,,,0.0,,,样本不足，暂按来源分组权重；时间衰减半衰期=14天,0.0
3747369,1549,2026-08-28 09:17:46,30,0xadeed59f446cb0a141837e8f7c22710d759cba65,smart_money,N,50.0,1.4,0,0,,,0,,,0,,,0,,,0,,,,,0.0,,,样本不足，暂按来源分组权重；时间衰减半衰期=14天,0.0
3747370,1549,2026-08-28 09:17:46,30,0xae2445cdc416b6a70bbf84a8678a13ea6003e7f8,smart_money,R,19.264171347564936,-1.4,23,23,0.29589498271578646,0.9887009458536458,23,0.2651178226983311,1.1558912738383005,23,0.20907921043966077,1.380130555362718,18,0.2752686280103943,-0.7358286524350631,1,1.0,23.511035125893688,0.6909929300193896,23.511035125893688,33.84364873781742,2026-08-19 15:17:08,NEKO,反向钱包：15d方向胜率和平均收益偏差；时间衰减半衰期=14天,8.364549176973327
3747371,1549,2026-08-28 09:17:46,30,0xae3316f89c23e5c8175e5c278c9d890a553bcaae,smart_money,N,50.0,1.4,0,0,,,0,,,0,,,0,,,0,,,,,0.0,,,样本不足，暂按来源分组权重；时间衰减半衰期=14天,0.0
3747372,1549,2026-08-28 09:17:46,30,0xae58db322be15464c1831b29540e42264cff2b23,smart_money,N,50.0,1.4,0,0,,,0,,,0,,,0,,,0,,,,,0.0,,,样本不足，暂按来源分组权重；时间衰减半衰期=14天,0.0
3747373,1549,2026-08-28 09:17:46,30,0xae67e0441a483deed7792d4572558608e5a99a49,smart_money,N,50.0,1.4,0,0,,,0,,,0,,,0,,,0,,,,,0.0,,,样本不足，暂按来源分组权重；时间衰减半衰期=14天,0.0
3747374,1549,2026-08-28 09:17:46,30,0xae78adaba70f18c15418001263504af373884520,smart_money,R,19.08733482499706,-1.4,19,18,0.27096984624087816,-0.2810186247678607,14,0.35224205378936496,-0.9126651750029392,6,0.5303146246899146,0.5750134380516566,1,0.0,-47.60545076828744,0,,,-0.8042586415075168,,22.942592793725122,2026-08-27 10:17:52,"HYPE,ETH,BTC,ZEC,UPUMP",反向钱包：72h方向胜率和平均收益偏差；时间衰减半衰期=14天,13.939939427905585
3747375,1549,2026-08-28 09:17:46,30,0xae7a0f9f663bb54bfe95378c7e3de7dd6e28d6bc,money_printer,N,50.0,1.2,0,0,,,0,,,0,,,0,,,0,,,,,0.0,,,样本不足，暂按来源分组权重；时间衰减半衰期=14天,0.0
3747376,1549,2026-08-28 09:17:46,30,0xaea8e3bd369217cc6e3e6abddf0da318fba8e59b,money_printer,N,50.0,1.2,0,0,,,0,,,0,,,0,,,0,,,,,0.0,,,样本不足，暂按来源分组权重；时间衰减半衰期=14天,0.0
3747377,1549,2026-08-28 09:17:46,30,0xaeaab54bbf65bfd6efed7d2eb68372298e3c2416,money_printer,R,19.160381395839295,-1.2,13,12,0.3904221888340151,-1.0936944594638172,12,0.3416303450263455,-0.8396186041607048,5,0.4560626018563822,6.411887340800588,2,0.49845280141028653,0.10617373172660897,0,,,-0.4512560076392802,,24.056093629070364,2026-08-27 18:17:56,"ZEC,HYPE,ETH,SOL",反向钱包：72h方向胜率和平均收益偏差；时间衰减半衰期=14天,8.08559715308866
3747378,1549,2026-08-28 09:17:46,30,0xaec601c7312d63610c6ce0facfd3b1498fd4fe9f,smart_money,N,50.0,1.4,0,0,,,0,,,0,,,0,,,0,,,,,0.0,,,样本不足，暂按来源分组权重；时间衰减半衰期=14天,0.0
3747379,1549,2026-08-28 09:17:46,30,0xaecfe4eff84a1cd9a24accc1914ac537af7f6e1b,money_printer,C,69.55621415535911,0.66,13,10,0.3779756976967688,3.9877095279838914,8,0.6789943550350188,9.353038578115743,4,0.5618297647770957,4.134821667072202,3,0.2852553985832418,-0.7784610588255302,0,,,7.391538081326482,,0.0,2026-08-27 23:17:54,"UPUMP,PUMP,HYPE,GRAM",C级：噪音偏多，降权参考，主周期=24h；时间衰减半衰期=14天,6.550737248358267
3747380,1549,2026-08-28 09:17:46,30,0xaede390f5b5b7cf77428030ccfc73d99a44e1602,smart_money,N,50.0,1.4,0,0,,,0,,,0,,,0,,,0,,,,,0.0,,,样本不足，暂按来源分组权重；时间衰减半衰期=14天,0.0
3747381,1549,2026-08-28 09:17:46,30,0xaf0fdd39e5d92499b0ed9f68693da99c0ec1e92e,money_printer,C,29.19224488725675,0.66,23,19,0.04894786763072711,-0.29539611536114135,12,0.09723087755551152,0.2530512747806919,8,0.18292054058184612,-0.19311181582607154,4,0.0,0.08721908998617225,0,,,0.29110405574534237,,0.0,2026-08-28 02:17:54,"KNTQ,NEKO,DRV",C级：噪音偏多，降权参考，主周期=72h；时间衰减半衰期=14天,13.274195050087416
3747382,1549,2026-08-28 09:17:46,30,0xaf2825f73a90cf08baf2577818826b79e3faca9b,smart_money,N,50.0,1.4,0,0,,,0,,,0,,,0,,,0,,,,,0.0,,,样本不足，暂按来源分组权重；时间衰减半衰期=14天,0.0
3747383,1549,2026-08-28 09:17:46,30,0xaf2ac71f62f341e5823d6985492409e92c940447,smart_money,N,50.0,1.4,0,0,,,0,,,0,,,0,,,0,,,,,0.0,,,样本不足，暂按来源分组权重；时间衰减半衰期=14天,0.0
3747384,1549,2026-08-28 09:17:46,30,0xaf313f5d2d87a40b7b4675f74f29618b5a46928e,smart_money,N,50.0,1.4,0,0,,,0,,,0,,,0,,,0,,,,,0.0,,,样本不足，暂按来源分组权重；时间衰减半衰期=14天,0.0
3747385,1549,2026-08-28 09:17:46,30,0xaf37a82f0cf079a3d50674b87e889d2b270f4a44,money_printer,N,50.0,1.2,0,0,,,0,,,0,,,0,,,0,,,,,0.0,,,样本不足，暂按来源分组权重；时间衰减半衰期=14天,0.0
3747386,1549,2026-08-28 09:17:46,30,0xaf68caebaa151dd592112a07e2344b3950e13561,smart_money,N,50.0,1.4,0,0,,,0,,,0,,,0,,,0,,,,,0.0,,,样本不足，暂按来源分组权重；时间衰减半衰期=14天,0.0
3747387,1549,2026-08-28 09:17:46,30,0xaf69b1587b87c78409e5a20c3fd5f1ca386fd350,smart_money,N,50.0,1.4,0,0,,,0,,,0,,,0,,,0,,,,,0.0,,,样本不足，暂按来源分组权重；时间衰减半衰期=14天,0.0
3747388,1549,2026-08-28 09:17:46,30,0xaf6f7a06f7bfb3bdf7bcd2c751564f4990d1efc7,smart_money,N,50.0,1.4,0,0,,,0,,,0,,,0,,,0,,,,,0.0,,,样本不足，暂按来源分组权重；时间衰减半衰期=14天,0.0
3747389,1549,2026-08-28 09:17:46,30,0xaf9081c56c8d43437085ad8134d31fc68cfb136f,smart_money,N,50.0,1.4,0,0,,,0,,,0,,,0,,,0,,,,,0.0,,,样本不足，暂按来源分组权重；时间衰减半衰期=14天,0.0
3747390,1549,2026-08-28 09:17:46,30,0xaf9f722a676230cc44045efe26fe9a85801ca4fa,money_printer,N,50.0,1.2,6,6,0.33830112330734063,-0.09566420541461754,6,0.33830112330734063,-0.6622073319454654,5,0.42490957788498124,-2.698248484121843,0,,,0,,,-0.6439792477524575,,0.0,2026-08-23 21:17:49,"BTC,ETH",样本不足，暂按来源分组权重；时间衰减半衰期=14天,3.926244459504936
3747391,1549,2026-08-28 09:17:46,30,0xafa0b1fef0259c97416dade2346feb7169f6e336,smart_money,N,50.0,1.4,0,0,,,0,,,0,,,0,,,0,,,,,0.0,,,样本不足，暂按来源分组权重；时间衰减半衰期=14天,0.0
3747392,1549,2026-08-28 09:17:46,30,0xafd9cfc5d4a4af11cc472379f48315ae21e9acd7,money_printer,N,50.0,1.2,0,0,,,0,,,0,,,0,,,0,,,,,0.0,,,样本不足，暂按来源分组权重；时间衰减半衰期=14天,0.0
3747393,1549,2026-08-28 09:17:46,30,0xb01d0612743a3401b16bef157bd69a909e3cd1dd,smart_money,N,50.0,1.4,0,0,,,0,,,0,,,0,,,0,,,,,0.0,,,样本不足，暂按来源分组权重；时间衰减半衰期=14天,0.0
3747394,1549,2026-08-28 09:17:46,30,0xb0a55f13d22f66e6d495ac98113841b2326e9540,money_printer,N,50.0,1.2,4,4,0.5005165144996874,-0.007669681864408189,4,0.5005165144996874,-0.08363395837665345,4,0.5005165144996874,0.3396677656985825,0,,,0,,,-0.09298077395055948,,0.0,2026-08-19 22:17:01,"BTC,ETH",样本不足，暂按来源分组权重；时间衰减半衰期=14天,2.615149619662858
3747395,1549,2026-08-28 09:17:46,30,0xb0a9214592fb899aefab0b615f2b870276cee092,smart_money,N,50.0,1.4,0,0,,,0,,,0,,,0,,,0,,,,,0.0,,,样本不足，暂按来源分组权重；时间衰减半衰期=14天,0.0
3747396,1549,2026-08-28 09:17:46,30,0xb0e6a62003899991f79ff2c35b2c5d3659a91803,smart_money,N,50.0,1.4,0,0,,,0,,,0,,,0,,,0,,,,,0.0,,,样本不足，暂按来源分组权重；时间衰减半衰期=14天,0.0
3747397,1549,2026-08-28 09:17:46,30,0xb0fbfefc6c325964d0ffc3f909bdda80b8421326,money_printer,N,50.0,1.2,4,4,0.3533184019041713,-2.1322457639110906,4,0.3533184019041713,0.9195399059756745,4,0.3533184019041713,-0.37300326108511245,2,0.0,0.1672080824141373,0,,,0.8733121672360276,,0.0,2026-08-20 09:17:04,NEKO,样本不足，暂按来源分组权重；时间衰减半衰期=14天,1.8389745303794236
3747398,1549,2026-08-28 09:17:46,30,0xb1231a4a2dd02f2276fa3c5e2a2f3436e6bfed23,smart_money,N,50.0,1.4,0,0,,,0,,,0,,,0,,,0,,,,,0.0,,,样本不足，暂按来源分组权重；时间衰减半衰期=14天,0.0
3747399,1549,2026-08-28 09:17:46,30,0xb14d1598dbfeaec11bae2a382b29adfcab9e8560,smart_money,N,50.0,1.4,0,0,,,0,,,0,,,0,,,0,,,,,0.0,,,样本不足，暂按来源分组权重；时间衰减半衰期=14天,0.0
3747400,1549,2026-08-28 09:17:46,30,0xb1505ad1a4c7755e0eb236aa2f4327bfc3474768,smart_money,N,50.0,1.4,1,1,1.0,5.467432564076724,1,1.0,4.182874802647049,1,1.0,7.3149921058819585,0,,,0,,,4.182874802647049,,0.0,2026-08-21 03:16:58,BTC,样本不足，暂按来源分组权重；时间衰减半衰期=14天,0.6983892098815663
3747401,1549,2026-08-28 09:17:46,30,0xb1694de2324433778487999bd86b1acb3335ebc4,money_printer,N,50.0,1.2,0,0,,,0,,,0,,,0,,,0,,,,,0.0,,,样本不足，暂按来源分组权重；时间衰减半衰期=14天,0.0
3747402,1549,2026-08-28 09:17:46,30,0xb19e03768f72cb1b47fcd68f7fb99460b1e789b9,smart_money,N,50.0,1.4,3,1,0.0,-1.0336890809232528,1,1.0,8.398429451897554,0,,,0,,,0,,,8.398429451897554,,0.0,2026-08-27 22:17:49,ZEC,样本不足，暂按来源分组权重；时间衰减半衰期=14天,0.7616237104361552
3747403,1549,2026-08-28 09:17:46,30,0xb1af209c673a5f0c8702f8d3f2843f3b19926cac,smart_money,N,50.0,1.4,0,0,,,0,,,0,,,0,,,0,,,,,0.0,,,样本不足，暂按来源分组权重；时间衰减半衰期=14天,0.0
3747404,1549,2026-08-28 09:17:46,30,0xb1c517a30cb7cea401a538f6ac8160e75bba65dd,smart_money,N,50.0,1.4,0,0,,,0,,,0,,,0,,,0,,,,,0.0,,,样本不足，暂按来源分组权重；时间衰减半衰期=14天,0.0
3747405,1549,2026-08-28 09:17:46,30,0xb2139bc97c2dc43f8825d033d08ecb9e2c8be00f,smart_money,N,50.0,1.4,0,0,,,0,,,0,,,0,,,0,,,,,0.0,,,样本不足，暂按来源分组权重；时间衰减半衰期=14天,0.0
3747406,1549,2026-08-28 09:17:46,30,0xb215c5a6fa4335147185ba2f03ea79c5a4eec70c,smart_money,N,50.0,1.4,0,0,,,0,,,0,,,0,,,0,,,,,0.0,,,样本不足，暂按来源分组权重；时间衰减半衰期=14天,0.0
3747407,1549,2026-08-28 09:17:46,30,0xb245ed242d9f9a86e75cdb30892d9d922cd568ba,money_printer,N,50.0,1.2,0,0,,,0,,,0,,,0,,,0,,,,,0.0,,,样本不足，暂按来源分组权重；时间衰减半衰期=14天,0.0
3747408,1549,2026-08-28 09:17:46,30,0xb27bbaadcdfeab937069b4d966ee6bf5a32c999b,smart_money,N,50.0,1.4,0,0,,,0,,,0,,,0,,,0,,,,,0.0,,,样本不足，暂按来源分组权重；时间衰减半衰期=14天,0.0
3747409,1549,2026-08-28 09:17:46,30,0xb28bdcb4c7db9370b73f6dbd57671416a0a57dd6,smart_money,N,50.0,1.4,0,0,,,0,,,0,,,0,,,0,,,,,0.0,,,样本不足，暂按来源分组权重；时间衰减半衰期=14天,0.0
3747410,1549,2026-08-28 09:17:46,30,0xb294964ceb670a21d34693da52a39c9837dd651f,smart_money,N,50.0,1.4,0,0,,,0,,,0,,,0,,,0,,,,,0.0,,,样本不足，暂按来源分组权重；时间衰减半衰期=14天,0.0
3747411,1549,2026-08-28 09:17:46,30,0xb2a7131040bd752a98861dc8b2089a5ccf767836,smart_money,N,50.0,1.4,0,0,,,0,,,0,,,0,,,0,,,,,0.0,,,样本不足，暂按来源分组权重；时间衰减半衰期=14天,0.0
3747412,1549,2026-08-28 09:17:46,30,0xb2f42334fffc3947b4c79c7e3dc3d387d391f148,smart_money,N,50.0,1.4,0,0,,,0,,,0,,,0,,,0,,,,,0.0,,,样本不足，暂按来源分组权重；时间衰减半衰期=14天,0.0
3747413,1549,2026-08-28 09:17:46,30,0xb2f7374b222a930d20e8d556f33228211d1baf9f,money_printer,N,50.0,1.2,7,7,0.5777794079127823,-4.502133629970981,7,0.29131985100552354,-3.7635058469571105,1,1.0,30.644548055950203,0,,,0,,,-3.4671683817156618,,0.0,2026-08-25 01:18:01,"ZEC,LIT",样本不足，暂按来源分组权重；时间衰减半衰期=14天,5.15001206457997
3747414,1549,2026-08-28 09:17:46,30,0xb30cadab02bc62fc4df652ae0ffaffa9596a0e1b,money_printer,N,50.0,1.2,0,0,,,0,,,0,,,0,,,0,,,,,0.0,,,样本不足，暂按来源分组权重；时间衰减半衰期=14天,0.0
3747415,1549,2026-08-28 09:17:46,30,0xb31533962e88b707355777244d94ba5e1e6a7893,smart_money,N,50.0,1.4,0,0,,,0,,,0,,,0,,,0,,,,,0.0,,,样本不足，暂按来源分组权重；时间衰减半衰期=14天,0.0
3747416,1549,2026-08-28 09:17:46,30,0xb32b3cadf4ee7cc5de0be2dbb7430464bab2c5ca,smart_money,N,50.0,1.4,0,0,,,0,,,0,,,0,,,0,,,,,0.0,,,样本不足，暂按来源分组权重；时间衰减半衰期=14天,0.0
3747417,1549,2026-08-28 09:17:46,30,0xb39766100347e1ffa1459492c85e8e3a2b25d3a0,smart_money,N,50.0,1.4,0,0,,,0,,,0,,,0,,,0,,,,,0.0,,,样本不足，暂按来源分组权重；时间衰减半衰期=14天,0.0
3747418,1549,2026-08-28 09:17:46,30,0xb3b60225e0b7806793bc9379209d93979f686b77,smart_money,N,50.0,1.4,0,0,,,0,,,0,,,0,,,0,,,,,0.0,,,样本不足，暂按来源分组权重；时间衰减半衰期=14天,0.0
3747419,1549,2026-08-28 09:17:46,30,0xb3bfb32977cfd6200ab9537e3703e501d8381c9b,smart_money,N,50.0,1.4,0,0,,,0,,,0,,,0,,,0,,,,,0.0,,,样本不足，暂按来源分组权重；时间衰减半衰期=14天,0.0
3747420,1549,2026-08-28 09:17:46,30,0xb3c51f05eb1e2f03867a858f33c38dc2183b6b26,smart_money,N,50.0,1.4,0,0,,,0,,,0,,,0,,,0,,,,,0.0,,,样本不足，暂按来源分组权重；时间衰减半衰期=14天,0.0
3747421,1549,2026-08-28 09:17:46,30,0xb3d9257f29fce57219f7dd763c09b1501e7fddf8,smart_money,N,50.0,1.4,0,0,,,0,,,0,,,0,,,0,,,,,0.0,,,样本不足，暂按来源分组权重；时间衰减半衰期=14天,0.0
3747422,1549,2026-08-28 09:17:46,30,0xb3e475368ed0fa0ad23c04de0423d48a0758806f,money_printer,N,50.0,1.2,0,0,,,0,,,0,,,0,,,0,,,,,0.0,,,样本不足，暂按来源分组权重；时间衰减半衰期=14天,0.0
3747423,1549,2026-08-28 09:17:46,30,0xb3fe34bfb501665f4329915a7024ba5a6bec495f,smart_money,N,50.0,1.4,0,0,,,0,,,0,,,0,,,0,,,,,0.0,,,样本不足，暂按来源分组权重；时间衰减半衰期=14天,0.0
3747424,1549,2026-08-28 09:17:46,30,0xb40da15b8cc492fff87d9b1e06bb45769d7e75d9,smart_money,N,50.0,1.4,0,0,,,0,,,0,,,0,,,0,,,,,0.0,,,样本不足，暂按来源分组权重；时间衰减半衰期=14天,0.0
3747425,1549,2026-08-28 09:17:46,30,0xb42943e70cb3e27ce45c8c6008b623f292b5dd04,smart_money,N,50.0,1.4,0,0,,,0,,,0,,,0,,,0,,,,,0.0,,,样本不足，暂按来源分组权重；时间衰减半衰期=14天,0.0
3747426,1549,2026-08-28 09:17:46,30,0xb4321b142b2a03ce20fcab2007ff6990b9acba93,money_printer,N,50.0,1.2,0,0,,,0,,,0,,,0,,,0,,,,,0.0,,,样本不足，暂按来源分组权重；时间衰减半衰期=14天,0.0
3747427,1549,2026-08-28 09:17:46,30,0xb46bf797b3efd9ae28642bbcd6f7bb6f7b52538e,smart_money,N,50.0,1.4,4,4,0.0,-18.430720745022043,4,0.0,-17.482851134551556,0,,,0,,,0,,,-17.4928229316085,,0.0,2026-08-21 22:17:01,ZEC,样本不足，暂按来源分组权重；时间衰减半衰期=14天,2.893296366666586
3747428,1549,2026-08-28 09:17:46,30,0xb48616b68d0a8c86482be79cdfdcddc023d06c3e,smart_money,N,50.0,1.4,0,0,,,0,,,0,,,0,,,0,,,,,0.0,,,样本不足，暂按来源分组权重；时间衰减半衰期=14天,0.0
3747429,1549,2026-08-28 09:17:46,30,0xb4d6fe0f1504a55c65a986ef55b9148a6f0dae7a,smart_money,N,50.0,1.4,0,0,,,0,,,0,,,0,,,0,,,,,0.0,,,样本不足，暂按来源分组权重；时间衰减半衰期=14天,0.0
3747430,1549,2026-08-28 09:17:46,30,0xb506ddd40c5a39157c46f1b5b33f01d7964f8476,smart_money,N,50.0,1.4,1,1,0.0,-18.837656022697132,1,0.0,-27.35390327999293,1,0.0,-30.32767780358621,0,,,0,,,-27.35390327999293,,0.0,2026-08-19 20:17:16,HYPE,样本不足，暂按来源分组权重；时间衰减半衰期=14天,0.6551313763930755
3747431,1549,2026-08-28 09:17:46,30,0xb5101614ad71468a041a83e64d8b834aa17a1ed6,smart_money,N,50.0,1.4,3,3,0.3305680932513595,-0.3584506252524413,3,0.3305680932513595,-0.5323606661853576,0,,,0,,,0,,,-0.5461342311484052,,0.0,2026-08-22 11:17:51,"XRP,DOGE",样本不足，暂按来源分组权重；时间衰减半衰期=14天,2.2016842734451965
3747432,1549,2026-08-28 09:17:46,30,0xb5485243e6c04e4dcbbe7f2718f9c33f0139b540,money_printer,N,50.0,1.2,0,0,,,0,,,0,,,0,,,0,,,,,0.0,,,样本不足，暂按来源分组权重；时间衰减半衰期=14天,0.0
3747433,1549,2026-08-28 09:17:46,30,0xb552648f037b4c60ba9c237bb503735aed0db94e,smart_money,N,50.0,1.4,0,0,,,0,,,0,,,0,,,0,,,,,0.0,,,样本不足，暂按来源分组权重；时间衰减半衰期=14天,0.0
3747434,1549,2026-08-28 09:17:46,30,0xb55428f566567ee1774ee1540347ab355682a919,money_printer,N,50.0,1.2,0,0,,,0,,,0,,,0,,,0,,,,,0.0,,,样本不足，暂按来源分组权重；时间衰减半衰期=14天,0.0
3747435,1549,2026-08-28 09:17:46,30,0xb56a8e43ac07b1b84d14657e0135e4fb196858a6,smart_money,N,50.0,1.4,0,0,,,0,,,0,,,0,,,0,,,,,0.0,,,样本不足，暂按来源分组权重；时间衰减半衰期=14天,0.0
3747436,1549,2026-08-28 09:17:46,30,0xb5bc1b7fec5f9ae4267f83f388699d036c87a351,smart_money,N,50.0,1.4,0,0,,,0,,,0,,,0,,,0,,,,,0.0,,,样本不足，暂按来源分组权重；时间衰减半衰期=14天,0.0
3747437,1549,2026-08-28 09:17:46,30,0xb632c6580173a16154f17cdafc6eb27e95cf73b7,money_printer,N,50.0,1.2,1,1,0.0,0.45357924598376914,1,0.0,-0.6179424570719642,1,0.0,-2.5681751732530484,1,0.0,0.316083098246529,0,,,-0.6179424570719642,,0.0,2026-07-31 15:17:34,BTC,样本不足，暂按来源分组权重；时间衰减半衰期=14天,0.2531118965048436
3747438,1549,2026-08-28 09:17:46,30,0xb668858ff53322d5511651a2cd92391eb5d60ee3,smart_money,N,50.0,1.4,0,0,,,0,,,0,,,0,,,0,,,,,0.0,,,样本不足，暂按来源分组权重；时间衰减半衰期=14天,0.0
3747439,1549,2026-08-28 09:17:46,30,0xb66d6ee35cb1d1c65423154dc6d5baf34da9c612,smart_money,N,50.0,1.4,0,0,,,0,,,0,,,0,,,0,,,,,0.0,,,样本不足，暂按来源分组权重；时间衰减半衰期=14天,0.0
3747440,1549,2026-08-28 09:17:46,30,0xb69eec8fea0081343c3b09e652ba1fa7dcf7033a,smart_money,N,50.0,1.4,2,2,0.0,-0.31906337180216215,2,0.0,-0.3415691898844714,2,0.0,1.3978974862565696,2,0.5640681219700017,7.080768532994592,0,,,-0.3933313672873184,,0.0,2026-08-12 00:17:14,ETH,样本不足，暂按来源分组权重；时间衰减半衰期=14天,0.788066552837853
3747441,1549,2026-08-28 09:17:46,30,0xb6f1d510a8e18a9ba14cec92791c026f8f3b9072,smart_money,N,50.0,1.4,0,0,,,0,,,0,,,0,,,0,,,,,0.0,,,样本不足，暂按来源分组权重；时间衰减半衰期=14天,0.0
3747442,1549,2026-08-28 09:17:46,30,0xb6f59d050b6730bf199ceb08219c218e635da16d,smart_money,N,50.0,1.4,0,0,,,0,,,0,,,0,,,0,,,,,0.0,,,样本不足，暂按来源分组权重；时间衰减半衰期=14天,0.0
3747443,1549,2026-08-28 09:17:46,30,0xb70c6d3e997e6cdc94a5598f458c7cb7e915fd4d,smart_money,N,50.0,1.4,0,0,,,0,,,0,,,0,,,0,,,,,0.0,,,样本不足，暂按来源分组权重；时间衰减半衰期=14天,0.0
3747444,1549,2026-08-28 09:17:46,30,0xb724246d32d7fe834e4cdfdc1d5566fc3c6de62c,money_printer,N,50.0,1.2,0,0,,,0,,,0,,,0,,,0,,,,,0.0,,,样本不足，暂按来源分组权重；时间衰减半衰期=14天,0.0
3747445,1549,2026-08-28 09:17:46,30,0xb729dbf1b0dce96ed77453e5f2c6b49525ae7929,smart_money,N,50.0,1.4,0,0,,,0,,,0,,,0,,,0,,,,,0.0,,,样本不足，暂按来源分组权重；时间衰减半衰期=14天,0.0
3747446,1549,2026-08-28 09:17:46,30,0xb730e6f15b5d89254db2e84cf0a7fc3bcc2129cc,smart_money,N,50.0,1.4,0,0,,,0,,,0,,,0,,,0,,,,,0.0,,,样本不足，暂按来源分组权重；时间衰减半衰期=14天,0.0
3747447,1549,2026-08-28 09:17:46,30,0xb747ec449b7b722b5e47b852fe97bfd68913c809,smart_money,N,50.0,1.4,0,0,,,0,,,0,,,0,,,0,,,,,0.0,,,样本不足，暂按来源分组权重；时间衰减半衰期=14天,0.0
3747448,1549,2026-08-28 09:17:46,30,0xb756c89e73c8711a881c009e10f79b1566f80cdb,smart_money,N,50.0,1.4,0,0,,,0,,,0,,,0,,,0,,,,,0.0,,,样本不足，暂按来源分组权重；时间衰减半衰期=14天,0.0
3747449,1549,2026-08-28 09:17:46,30,0xb758afaaa4b13e8573ec0966b2bb8cdadab72501,smart_money,N,50.0,1.4,0,0,,,0,,,0,,,0,,,0,,,,,0.0,,,样本不足，暂按来源分组权重；时间衰减半衰期=14天,0.0
3747450,1549,2026-08-28 09:17:46,30,0xb76bc3d01ac05fd8cb1078334923785f76fe0b3c,smart_money,N,50.0,1.4,3,3,0.0,0.0,3,0.0,0.0,0,,,0,,,0,,,0.0,,0.0,2026-08-25 01:18:01,KNTQ,样本不足，暂按来源分组权重；时间衰减半衰期=14天,2.533158690894812
3747451,1549,2026-08-28 09:17:46,30,0xb7789ab9f0d568e0aa5469e3cc8eff8682fc8673,smart_money,N,50.0,1.4,0,0,,,0,,,0,,,0,,,0,,,,,0.0,,,样本不足，暂按来源分组权重；时间衰减半衰期=14天,0.0
3747452,1549,2026-08-28 09:17:46,30,0xb798aef79972ce8f73d47b9ebbcda6bbb7ec4fbf,money_printer,N,50.0,1.2,0,0,,,0,,,0,,,0,,,0,,,,,0.0,,,样本不足，暂按来源分组权重；时间衰减半衰期=14天,0.0
3747453,1549,2026-08-28 09:17:46,30,0xb7ad15ad3457d8b4a3f9c5007bbf27c1f80092bd,smart_money,N,50.0,1.4,0,0,,,0,,,0,,,0,,,0,,,,,0.0,,,样本不足，暂按来源分组权重；时间衰减半衰期=14天,0.0
3747454,1549,2026-08-28 09:17:46,30,0xb7dbd6012313c5f7d5fada7eb1213de2030970c4,smart_money,N,50.0,1.4,0,0,,,0,,,0,,,0,,,0,,,,,0.0,,,样本不足，暂按来源分组权重；时间衰减半衰期=14天,0.0
3747455,1549,2026-08-28 09:17:46,30,0xb7e09a94603f4fd3b67537b4c43584fe1498ae05,smart_money,N,50.0,1.4,8,8,0.4999757987216464,-0.815692680330732,6,0.49982842282986434,-0.20997284457974727,0,,,0,,,0,,,-0.20748546498569587,,0.0,2026-08-25 22:17:55,"PUMP,ONDO,AAVE,ZEC",样本不足，暂按来源分组权重；时间衰减半衰期=14天,6.194805349988881
3747456,1549,2026-08-28 09:17:46,30,0xb7fb2b774eb5e2dad9c060fb367acbdc7fa7099b,smart_money,N,50.0,1.4,1,1,0.0,0.908852063405571,1,0.0,-14.995085971177508,1,0.0,-63.09418393063918,0,,,0,,,-14.995085971177508,,0.0,2026-08-17 16:17:09,ZEC,样本不足，暂按来源分组权重；时间衰减半衰期=14天,0.58848945079434
3747457,1549,2026-08-28 09:17:46,30,0xb8243756956e722bff5c763971b562ac551bfbd2,smart_money,N,50.0,1.4,0,0,,,0,,,0,,,0,,,0,,,,,0.0,,,样本不足，暂按来源分组权重；时间衰减半衰期=14天,0.0
3747458,1549,2026-08-28 09:17:46,30,0xb83de012dba672c76a7dbbbf3e459cb59d7d6e36,money_printer,B,85.53187804346075,1.2,29,29,0.091062130237136,-2.2846460805705813,28,0.04637622343966587,-4.547083666251906,25,0.05506657344414969,-8.863534976946166,13,0.5195284681046921,9.758210808221463,0,,,-3.7881937052310537,,0.0,2026-08-26 12:17:51,"ETH,HYPE,BTC,SOL",B级：普通有效参考，主周期=15d；时间衰减半衰期=14天,14.863984226885606
3747459,1549,2026-08-28 09:17:46,30,0xb8452370507965180c053b578403ba1347ded1ad,smart_money,N,50.0,1.4,0,0,,,0,,,0,,,0,,,0,,,,,0.0,,,样本不足，暂按来源分组权重；时间衰减半衰期=14天,0.0
3747460,1549,2026-08-28 09:17:46,30,0xb854f7f40f0f3e1801fb6d8828b6f6dd97ebf33b,smart_money,N,50.0,1.4,0,0,,,0,,,0,,,0,,,0,,,,,0.0,,,样本不足，暂按来源分组权重；时间衰减半衰期=14天,0.0
3747461,1549,2026-08-28 09:17:46,30,0xb8eb97eaed8367079894d2f1bed69bd220ec1dd5,money_printer,R,10.488280427040314,-1.2,46,44,0.2807715435071041,0.05397784199848912,41,0.302701658383105,1.184350292738293,33,0.33067916215040843,2.5684291534425965,19,0.13897668403243837,-9.511719572959686,0,,,1.004151007634357,,84.76373055480985,2026-08-28 03:17:51,ETH,反向钱包：15d方向胜率和平均收益偏差；时间衰减半衰期=14天,23.874155421092006
3747462,1549,2026-08-28 09:17:46,30,0xb919448d2f1797e5d9e7b9e88cd909a5089e6d4e,smart_money,N,50.0,1.4,0,0,,,0,,,0,,,0,,,0,,,,,0.0,,,样本不足，暂按来源分组权重；时间衰减半衰期=14天,0.0
3747463,1549,2026-08-28 09:17:46,30,0xb91b6aa05e95c3aa71a8c077b2321f480f039c0e,smart_money,N,50.0,1.4,0,0,,,0,,,0,,,0,,,0,,,,,0.0,,,样本不足，暂按来源分组权重；时间衰减半衰期=14天,0.0
3747464,1549,2026-08-28 09:17:46,30,0xb947763b6e64b4441b02562a63fda94f6b805162,smart_money,N,50.0,1.4,0,0,,,0,,,0,,,0,,,0,,,,,0.0,,,样本不足，暂按来源分组权重；时间衰减半衰期=14天,0.0
3747465,1549,2026-08-28 09:17:46,30,0xb952fb6b4cee4ff4591c6d6eba1508068b62e9c1,smart_money,N,50.0,1.4,0,0,,,0,,,0,,,0,,,0,,,,,0.0,,,样本不足，暂按来源分组权重；时间衰减半衰期=14天,0.0
3747466,1549,2026-08-28 09:17:46,30,0xb962b4452188b4bfbaefe83c8168a3335750b2e1,smart_money,N,50.0,1.4,0,0,,,0,,,0,,,0,,,0,,,,,0.0,,,样本不足，暂按来源分组权重；时间衰减半衰期=14天,0.0
3747467,1549,2026-08-28 09:17:46,30,0xb98909dd9cf5a95fe7079ee5bb4698cdad72b05e,smart_money,N,50.0,1.4,0,0,,,0,,,0,,,0,,,0,,,,,0.0,,,样本不足，暂按来源分组权重；时间衰减半衰期=14天,0.0
3747468,1549,2026-08-28 09:17:46,30,0xb99b8711ec0117fc816fd7ac1f9d29e061ec631b,smart_money,N,50.0,1.4,0,0,,,0,,,0,,,0,,,0,,,,,0.0,,,样本不足，暂按来源分组权重；时间衰减半衰期=14天,0.0
3747469,1549,2026-08-28 09:17:46,30,0xb9a6c1c5fdc74f9a4076110bff09bb8beb62e7a0,smart_money,N,50.0,1.4,0,0,,,0,,,0,,,0,,,0,,,,,0.0,,,样本不足，暂按来源分组权重；时间衰减半衰期=14天,0.0
3747470,1549,2026-08-28 09:17:46,30,0xb9c0283968744b80aef904455bb3dfc7ffd6801e,money_printer,N,50.0,1.2,0,0,,,0,,,0,,,0,,,0,,,,,0.0,,,样本不足，暂按来源分组权重；时间衰减半衰期=14天,0.0
3747471,1549,2026-08-28 09:17:46,30,0xb9f3c7aa5ceae0cb7256e5129d52d7c65acc3fef,money_printer,N,50.0,1.2,0,0,,,0,,,0,,,0,,,0,,,,,0.0,,,样本不足，暂按来源分组权重；时间衰减半衰期=14天,0.0
3747472,1549,2026-08-28 09:17:46,30,0xba0898f80da916730912bb2c2a18b8d76bc8985c,smart_money,N,50.0,1.4,4,4,0.3533184019041713,-2.1322457639110906,4,0.3533184019041713,0.9195399059756745,4,0.3533184019041713,-0.37300326108511245,2,0.0,0.1672080824141373,0,,,0.8733121672360276,,0.0,2026-08-20 09:17:04,NEKO,样本不足，暂按来源分组权重；时间衰减半衰期=14天,1.8389745303794236
3747473,1549,2026-08-28 09:17:46,30,0xba5f4f92f396e6de20d3dae5eefa65f4ecca806a,smart_money,N,50.0,1.4,0,0,,,0,,,0,,,0,,,0,,,,,0.0,,,样本不足，暂按来源分组权重；时间衰减半衰期=14天,0.0
3747474,1549,2026-08-28 09:17:46,30,0xba6de73b64eca3ff95c4ab7e5328912c360bd003,smart_money,N,50.0,1.4,0,0,,,0,,,0,,,0,,,0,,,,,0.0,,,样本不足，暂按来源分组权重；时间衰减半衰期=14天,0.0
3747475,1549,2026-08-28 09:17:46,30,0xba939edf38c0ae0cc689c98b492e0535f43e4550,smart_money,N,50.0,1.4,0,0,,,0,,,0,,,0,,,0,,,,,0.0,,,样本不足，暂按来源分组权重；时间衰减半衰期=14天,0.0
3747476,1549,2026-08-28 09:17:46,30,0xbaaaf6571ab7d571043ff1e313a9609a10637864,money_printer,N,50.0,1.2,0,0,,,0,,,0,,,0,,,0,,,,,0.0,,,样本不足，暂按来源分组权重；时间衰减半衰期=14天,0.0
3747477,1549,2026-08-28 09:17:46,30,0xbadbb1de95b5f333623ebece7026932fa5039ee6,money_printer,N,50.0,1.2,0,0,,,0,,,0,,,0,,,0,,,,,0.0,,,样本不足，暂按来源分组权重；时间衰减半衰期=14天,0.0
3747478,1549,2026-08-28 09:17:46,30,0xbae5e1fd212efdfae8a9ff44d5667c95f10f7902,smart_money,N,50.0,1.4,0,0,,,0,,,0,,,0,,,0,,,,,0.0,,,样本不足，暂按来源分组权重；时间衰减半衰期=14天,0.0
3747479,1549,2026-08-28 09:17:46,30,0xbb088e9852e18b1df8890d8d0f48bdcec0ab0964,smart_money,N,50.0,1.4,0,0,,,0,,,0,,,0,,,0,,,,,0.0,,,样本不足，暂按来源分组权重；时间衰减半衰期=14天,0.0
3747480,1549,2026-08-28 09:17:46,30,0xbb160cb61e694570f9d570f9fcde7c61dd2143ad,smart_money,N,50.0,1.4,0,0,,,0,,,0,,,0,,,0,,,,,0.0,,,样本不足，暂按来源分组权重；时间衰减半衰期=14天,0.0
3747481,1549,2026-08-28 09:17:46,30,0xbb3340c9e2073fb8ad372377230fa708d9b3fe03,smart_money,N,50.0,1.4,0,0,,,0,,,0,,,0,,,0,,,,,0.0,,,样本不足，暂按来源分组权重；时间衰减半衰期=14天,0.0
3747482,1549,2026-08-28 09:17:46,30,0xbb34960afec64f3f1cc78b0c9c342c4657021696,smart_money,N,50.0,1.4,2,2,0.0,-14.21466610873389,2,0.0,-34.56828270139252,1,0.0,-62.754251417139045,0,,,0,,,-36.93369788909098,,0.0,2026-08-23 07:17:51,PUMP,样本不足，暂按来源分组权重；时间衰减半衰期=14天,1.4380536321365933
3747483,1549,2026-08-28 09:17:46,30,0xbb475febf78b528f4f0d4ae1a12541406565199c,money_printer,N,50.0,1.2,0,0,,,0,,,0,,,0,,,0,,,,,0.0,,,样本不足，暂按来源分组权重；时间衰减半衰期=14天,0.0
3747484,1549,2026-08-28 09:17:46,30,0xbb828515677729c4db2f790a52cf14b1c659e19f,smart_money,N,50.0,1.4,1,1,0.0,-1.6099482104473404,1,0.0,-7.875185735512617,1,0.0,-34.63408300754481,0,,,0,,,-7.875185735512617,,0.0,2026-08-16 22:17:01,DOGE,样本不足，暂按来源分组权重；时间衰减半衰期=14天,0.5670352845151322
3747485,1549,2026-08-28 09:17:46,30,0xbb8d8e9428b4ad06b1f6de7cba830ae13a86bd13,smart_money,N,50.0,1.4,0,0,,,0,,,0,,,0,,,0,,,,,0.0,,,样本不足，暂按来源分组权重；时间衰减半衰期=14天,0.0
3747486,1549,2026-08-28 09:17:46,30,0xbb97757984fa4408c13bd3b4a9189f520bf317d3,money_printer,N,50.0,1.2,0,0,,,0,,,0,,,0,,,0,,,,,0.0,,,样本不足，暂按来源分组权重；时间衰减半衰期=14天,0.0
3747487,1549,2026-08-28 09:17:46,30,0xbb9f0315243db63fc34c51f96ad5bb7ce6e275e2,smart_money,N,50.0,1.4,0,0,,,0,,,0,,,0,,,0,,,,,0.0,,,样本不足，暂按来源分组权重；时间衰减半衰期=14天,0.0
3747488,1549,2026-08-28 09:17:46,30,0xbba0681681815bd70f9075e0235e7997b7b519d9,smart_money,N,50.0,1.4,6,6,0.17659278351149135,-0.12707319233526562,6,0.0,-0.12479344092855092,6,0.0,-0.12361244614568184,6,0.0,-0.6608559077834745,0,,,-0.12565012070508985,,0.0,2026-08-13 06:17:15,BASED,样本不足，暂按来源分组权重；时间衰减半衰期=14天,2.612456707924191
3747489,1549,2026-08-28 09:17:46,30,0xbbe9e1588a359337c3235de3b808da991cfc2efe,smart_money,N,50.0,1.4,0,0,,,0,,,0,,,0,,,0,,,,,0.0,,,样本不足，暂按来源分组权重；时间衰减半衰期=14天,0.0
3747490,1549,2026-08-28 09:17:46,30,0xbbece4231a4291e81777f4047dbfd2ba36a8f8ac,money_printer,N,50.0,1.2,0,0,,,0,,,0,,,0,,,0,,,,,0.0,,,样本不足，暂按来源分组权重；时间衰减半衰期=14天,0.0
3747491,1549,2026-08-28 09:17:46,30,0xbbf7d7a9d0eaeab4115f022a6863450296112422,smart_money,N,50.0,1.4,0,0,,,0,,,0,,,0,,,0,,,,,0.0,,,样本不足，暂按来源分组权重；时间衰减半衰期=14天,0.0
3747492,1549,2026-08-28 09:17:46,30,0xbc1bc64be47052fbab69d12fe5da1c3327788d1b,money_printer,N,50.0,1.2,1,1,1.0,5.173360268768789,1,1.0,6.007773215344402,1,1.0,11.27335807294525,0,,,0,,,6.007773215344402,,0.0,2026-08-20 10:17:07,ETH,样本不足，暂按来源分组权重；时间衰减半衰期=14天,0.6743247132825027
3747493,1549,2026-08-28 09:17:46,30,0xbc433ba7c34752448c5361e5ed3038628a1753b0,money_printer,N,50.0,1.2,0,0,,,0,,,0,,,0,,,0,,,,,0.0,,,样本不足，暂按来源分组权重；时间衰减半衰期=14天,0.0
3747494,1549,2026-08-28 09:17:46,30,0xbc5bf88fd012612ba92c5bd96e183955801b7fdc,smart_money,N,50.0,1.4,0,0,,,0,,,0,,,0,,,0,,,,,0.0,,,样本不足，暂按来源分组权重；时间衰减半衰期=14天,0.0
3747495,1549,2026-08-28 09:17:46,30,0xbc6411074346d9bfcdfe252cf901a4f67c68c6aa,money_printer,N,50.0,1.2,0,0,,,0,,,0,,,0,,,0,,,,,0.0,,,样本不足，暂按来源分组权重；时间衰减半衰期=14天,0.0
3747496,1549,2026-08-28 09:17:46,30,0xbc6d435e62e54273bf756fe6262dd66dbd6b0c02,smart_money,N,50.0,1.4,0,0,,,0,,,0,,,0,,,0,,,,,0.0,,,样本不足，暂按来源分组权重；时间衰减半衰期=14天,0.0
3747497,1549,2026-08-28 09:17:46,30,0xbc740622c82f05f579365366476202be35361390,money_printer,N,50.0,1.2,0,0,,,0,,,0,,,0,,,0,,,,,0.0,,,样本不足，暂按来源分组权重；时间衰减半衰期=14天,0.0
3747498,1549,2026-08-28 09:17:46,30,0xbc80d11005f958934735d61f5b71f05060cb1d9c,smart_money,N,50.0,1.4,0,0,,,0,,,0,,,0,,,0,,,,,0.0,,,样本不足，暂按来源分组权重；时间衰减半衰期=14天,0.0
3747499,1549,2026-08-28 09:17:46,30,0xbc8b92deb18a2ac9c1ffc1e522954dad81fe74bb,smart_money,N,50.0,1.4,0,0,,,0,,,0,,,0,,,0,,,,,0.0,,,样本不足，暂按来源分组权重；时间衰减半衰期=14天,0.0
3747500,1549,2026-08-28 09:17:46,30,0xbc927e87d072dfac3693846a83fa6922cc6c5f2a,smart_money,N,50.0,1.4,0,0,,,0,,,0,,,0,,,0,,,,,0.0,,,样本不足，暂按来源分组权重；时间衰减半衰期=14天,0.0
3747501,1549,2026-08-28 09:17:46,30,0xbc9f1c4b09dbce9849e201cb0729d8582266cac7,smart_money,N,50.0,1.4,0,0,,,0,,,0,,,0,,,0,,,,,0.0,,,样本不足，暂按来源分组权重；时间衰减半衰期=14天,0.0
3747502,1549,2026-08-28 09:17:46,30,0xbcc7fd5f27cba04dca862b94509133c453dde764,smart_money,N,50.0,1.4,0,0,,,0,,,0,,,0,,,0,,,,,0.0,,,样本不足，暂按来源分组权重；时间衰减半衰期=14天,0.0
3747503,1549,2026-08-28 09:17:46,30,0xbcd4071d023bf2aae484d724c130b5af6f0ca0d2,smart_money,N,50.0,1.4,0,0,,,0,,,0,,,0,,,0,,,,,0.0,,,样本不足，暂按来源分组权重；时间衰减半衰期=14天,0.0
3747504,1549,2026-08-28 09:17:46,30,0xbcd420d13362532756c968f663f96ba95e240dd2,money_printer,A,100.0,1.5499999999999998,56,50,0.4953439220174199,2.2583209563103916,45,0.5827602185063822,3.9145633577054397,19,0.7279819089198382,4.931384687570242,2,0.0,-9.900358157495459,0,,,4.132336937987924,,0.0,2026-08-27 23:17:54,"HYPE,XRP,ETH,AAVE,LIT",A级：72h表现稳定偏好；时间衰减半衰期=14天,37.52009589827265
3747505,1549,2026-08-28 09:17:46,30,0xbcfbbf38789d63721e800f1f8595af816e52c417,smart_money,N,50.0,1.4,0,0,,,0,,,0,,,0,,,0,,,,,0.0,,,样本不足，暂按来源分组权重；时间衰减半衰期=14天,0.0
3747506,1549,2026-08-28 09:17:46,30,0xbd1b3513bb0ce1529242cfb28926618809592362,smart_money,N,50.0,1.4,0,0,,,0,,,0,,,0,,,0,,,,,0.0,,,样本不足，暂按来源分组权重；时间衰减半衰期=14天,0.0
3747507,1549,2026-08-28 09:17:46,30,0xbd1c84113c6deb5044be0c2221f9e9403811ff0e,smart_money,N,50.0,1.4,3,3,0.6566600950738282,1.0711669198044271,1,0.0,1.364709673820753,0,,,0,,,0,,,1.3647096738207531,,0.0,2026-08-26 20:18:05,BTC,样本不足，暂按来源分组权重；时间衰减半衰期=14天,2.6985552208258126
3747508,1549,2026-08-28 09:17:46,30,0xbd49d787655919f7ccf051d372a15e4363dd3d01,money_printer,N,50.0,1.2,2,0,,,0,,,0,,,0,,,0,,,,,0.0,2026-08-27 23:17:54,UPUMP,样本不足，暂按来源分组权重；时间衰减半衰期=14天,0.0
3747509,1549,2026-08-28 09:17:46,30,0xbd6a65ef504a12f0ed8e8dfd3253b02ebc62c00d,smart_money,N,50.0,1.4,2,0,,,0,,,0,,,0,,,0,,,,,0.0,2026-08-28 00:17:51,UANSEM,样本不足，暂按来源分组权重；时间衰减半衰期=14天,0.0
3747510,1549,2026-08-28 09:17:46,30,0xbd8592125e9bf377fd739496412781ab1772c3b6,smart_money,N,50.0,1.4,0,0,,,0,,,0,,,0,,,0,,,,,0.0,,,样本不足，暂按来源分组权重；时间衰减半衰期=14天,0.0
3747511,1549,2026-08-28 09:17:46,30,0xbd9c944dcfb31cd24c81ebf1c974d950f44e42b8,money_printer,N,50.0,1.2,4,4,0.3533184019041713,-2.1322457639110906,4,0.3533184019041713,0.9195399059756745,4,0.3533184019041713,-0.37300326108511245,2,0.0,0.1672080824141373,0,,,0.8733121672360276,,0.0,2026-08-20 09:17:04,NEKO,样本不足，暂按来源分组权重；时间衰减半衰期=14天,1.8389745303794236
3747512,1549,2026-08-28 09:17:46,30,0xbda495ebf6fc94d61f9a7f22b9877273378ed82b,smart_money,N,50.0,1.4,0,0,,,0,,,0,,,0,,,0,,,,,0.0,,,样本不足，暂按来源分组权重；时间衰减半衰期=14天,0.0
3747513,1549,2026-08-28 09:17:46,30,0xbdcbc1fbca3cb7137263d7d76dea37c9efa2bdef,smart_money,N,50.0,1.4,0,0,,,0,,,0,,,0,,,0,,,,,0.0,,,样本不足，暂按来源分组权重；时间衰减半衰期=14天,0.0
3747514,1549,2026-08-28 09:17:46,30,0xbdd243d77a59a3b38d21bf61e78a6ba4702f2bbc,money_printer,N,50.0,1.2,0,0,,,0,,,0,,,0,,,0,,,,,0.0,,,样本不足，暂按来源分组权重；时间衰减半衰期=14天,0.0
3747515,1549,2026-08-28 09:17:46,30,0xbde2ddc49a2e6827300faa6afc93d572114a60b1,smart_money,N,50.0,1.4,0,0,,,0,,,0,,,0,,,0,,,,,0.0,,,样本不足，暂按来源分组权重；时间衰减半衰期=14天,0.0
3747516,1549,2026-08-28 09:17:46,30,0xbe19541903f64af97bcf8436f4d15bf3a56b8bd1,money_printer,N,50.0,1.2,0,0,,,0,,,0,,,0,,,0,,,,,0.0,,,样本不足，暂按来源分组权重；时间衰减半衰期=14天,0.0
3747517,1549,2026-08-28 09:17:46,30,0xbe494a5e3a719a78a45a47ab453b7b0199b9d101,money_printer,N,50.0,1.2,0,0,,,0,,,0,,,0,,,0,,,,,0.0,,,样本不足，暂按来源分组权重；时间衰减半衰期=14天,0.0
3747518,1549,2026-08-28 09:17:46,30,0xbe4e91ae63090eeb4165dfcfc35db3a4eb76e75e,money_printer,N,50.0,1.2,0,0,,,0,,,0,,,0,,,0,,,,,0.0,,,样本不足，暂按来源分组权重；时间衰减半衰期=14天,0.0
3747519,1549,2026-08-28 09:17:46,30,0xbeac67cc882dad6003b5a67a986249aeb17ac264,smart_money,N,50.0,1.4,0,0,,,0,,,0,,,0,,,0,,,,,0.0,,,样本不足，暂按来源分组权重；时间衰减半衰期=14天,0.0
3747520,1549,2026-08-28 09:17:46,30,0xbec5dab4a914d9c9d28dfc4aa120be59ab7b010f,smart_money,N,50.0,1.4,0,0,,,0,,,0,,,0,,,0,,,,,0.0,,,样本不足，暂按来源分组权重；时间衰减半衰期=14天,0.0
3747521,1549,2026-08-28 09:17:46,30,0xbeccae9ffcb69e9d42a1d4e744abf8056149562d,smart_money,N,50.0,1.4,0,0,,,0,,,0,,,0,,,0,,,,,0.0,,,样本不足，暂按来源分组权重；时间衰减半衰期=14天,0.0
3747522,1549,2026-08-28 09:17:46,30,0xbed01252c3542b02be6162c00ce636720d3c05bd,smart_money,N,50.0,1.4,0,0,,,0,,,0,,,0,,,0,,,,,0.0,,,样本不足，暂按来源分组权重；时间衰减半衰期=14天,0.0
3747523,1549,2026-08-28 09:17:46,30,0xbeeab38b14a6a7af7fe1ff98cdef4e1fb1dfd4d2,smart_money,N,50.0,1.4,0,0,,,0,,,0,,,0,,,0,,,,,0.0,,,样本不足，暂按来源分组权重；时间衰减半衰期=14天,0.0
3747524,1549,2026-08-28 09:17:46,30,0xbf1935fe7ab6d0aa3ee8d3da47c2f80e215b2a1c,smart_money,N,50.0,1.4,0,0,,,0,,,0,,,0,,,0,,,,,0.0,,,样本不足，暂按来源分组权重；时间衰减半衰期=14天,0.0
3747525,1549,2026-08-28 09:17:46,30,0xbf411e7eb27b8841b1ef83b3e79cc0c63407f5ad,smart_money,N,50.0,1.4,0,0,,,0,,,0,,,0,,,0,,,,,0.0,,,样本不足，暂按来源分组权重；时间衰减半衰期=14天,0.0
3747526,1549,2026-08-28 09:17:46,30,0xbf4ef7c97309cd4b7ef113358dbaabb3f36a13f5,smart_money,N,50.0,1.4,0,0,,,0,,,0,,,0,,,0,,,,,0.0,,,样本不足，暂按来源分组权重；时间衰减半衰期=14天,0.0
3747527,1549,2026-08-28 09:17:46,30,0xbf52c3c8fd04185fc819fd0c5165ae31773f931c,smart_money,N,50.0,1.4,0,0,,,0,,,0,,,0,,,0,,,,,0.0,,,样本不足，暂按来源分组权重；时间衰减半衰期=14天,0.0
3747528,1549,2026-08-28 09:17:46,30,0xbf55d2d31c193e475d9d52006359f1fe51ecb7ce,smart_money,N,50.0,1.4,0,0,,,0,,,0,,,0,,,0,,,,,0.0,,,样本不足，暂按来源分组权重；时间衰减半衰期=14天,0.0
3747529,1549,2026-08-28 09:17:46,30,0xbf6dd537825deeec24eb456e133c91b8d014ecc0,smart_money,N,50.0,1.4,0,0,,,0,,,0,,,0,,,0,,,,,0.0,,,样本不足，暂按来源分组权重；时间衰减半衰期=14天,0.0
3747530,1549,2026-08-28 09:17:46,30,0xbf732ea04197942783e34730ed6e0f6099575d58,money_printer,C,80.19465936994105,0.66,30,29,0.5582743144115829,1.648381255272804,17,0.4896999919012854,1.9017521365994152,8,0.4825664674891445,11.693898334056476,4,0.4943088627209387,-3.17542604523916,0,,,1.7244534917797814,,0.0,2026-08-27 16:17:57,"ZEC,NEAR,HYPE,LIT,XPL",C级：噪音偏多，降权参考，主周期=72h；时间衰减半衰期=14天,21.68946539918102
3747531,1549,2026-08-28 09:17:46,30,0xbf740cfaa6c1e9cb1b8c882df405040431480192,smart_money,N,50.0,1.4,0,0,,,0,,,0,,,0,,,0,,,,,0.0,,,样本不足，暂按来源分组权重；时间衰减半衰期=14天,0.0
3747532,1549,2026-08-28 09:17:46,30,0xbfa317b7468a97e4e6a7a3c138b86ca0b7395477,smart_money,N,50.0,1.4,0,0,,,0,,,0,,,0,,,0,,,,,0.0,,,样本不足，暂按来源分组权重；时间衰减半衰期=14天,0.0
3747533,1549,2026-08-28 09:17:46,30,0xbfc79c444c41a74516bf31237ebf586a231480b4,money_printer,N,50.0,1.2,5,5,0.5971515378749304,1.7918634123929893,5,0.5938619066260636,1.4587317080060225,0,,,0,,,0,,,1.4922808826945413,,0.0,2026-08-22 16:17:51,"DOGE,NEAR,LINK,XRP",样本不足，暂按来源分组权重；时间衰减半衰期=14天,3.6741219947697115
3747534,1549,2026-08-28 09:17:46,30,0xbfc8ced189f451020a0d69cb4e5b52b0f4bc43aa,money_printer,N,50.0,1.2,0,0,,,0,,,0,,,0,,,0,,,,,0.0,,,样本不足，暂按来源分组权重；时间衰减半衰期=14天,0.0
3747535,1549,2026-08-28 09:17:46,30,0xbfef36a2015646dd9681e37864cddc833d6f676f,money_printer,N,50.0,1.2,0,0,,,0,,,0,,,0,,,0,,,,,0.0,,,样本不足，暂按来源分组权重；时间衰减半衰期=14天,0.0
3747536,1549,2026-08-28 09:17:46,30,0xc029043cd00b80363130fa058818459a521842a1,smart_money,N,50.0,1.4,0,0,,,0,,,0,,,0,,,0,,,,,0.0,,,样本不足，暂按来源分组权重；时间衰减半衰期=14天,0.0
3747537,1549,2026-08-28 09:17:46,30,0xc06103cbd0ba469640d4139621977f65ca8e7041,smart_money,N,50.0,1.4,0,0,,,0,,,0,,,0,,,0,,,,,0.0,,,样本不足，暂按来源分组权重；时间衰减半衰期=14天,0.0
3747538,1549,2026-08-28 09:17:46,30,0xc08895cf0f48d7d43a602db2c2d45f52d7ae2e21,smart_money,N,50.0,1.4,0,0,,,0,,,0,,,0,,,0,,,,,0.0,,,样本不足，暂按来源分组权重；时间衰减半衰期=14天,0.0
3747539,1549,2026-08-28 09:17:46,30,0xc0b2a1ce425d0cd8bc321c445fa6ae0eaed2e688,smart_money,N,50.0,1.4,0,0,,,0,,,0,,,0,,,0,,,,,0.0,,,样本不足，暂按来源分组权重；时间衰减半衰期=14天,0.0
3747540,1549,2026-08-28 09:17:46,30,0xc0de1b88583d7d98abcf8f1efcd4ee2d8d031691,smart_money,N,50.0,1.4,1,1,0.0,-12.400770350885438,1,0.0,-11.334491991169141,0,,,0,,,0,,,-11.334491991169141,,0.0,2026-08-22 18:17:58,FARTCOIN,样本不足，暂按来源分组权重；时间衰减半衰期=14天,0.7569260197027322
3747541,1549,2026-08-28 09:17:46,30,0xc0f06a313e20b7ad93a65dcdf0f208998d1a4596,smart_money,N,50.0,1.4,0,0,,,0,,,0,,,0,,,0,,,,,0.0,,,样本不足，暂按来源分组权重；时间衰减半衰期=14天,0.0
3747542,1549,2026-08-28 09:17:46,30,0xc0f1a60e0ce0acd5588316aa2b01732b100df111,smart_money,N,50.0,1.4,0,0,,,0,,,0,,,0,,,0,,,,,0.0,,,样本不足，暂按来源分组权重；时间衰减半衰期=14天,0.0
3747543,1549,2026-08-28 09:17:46,30,0xc1471df385b1b039aae2000678e0b8bd905b3aef,money_printer,N,50.0,1.2,0,0,,,0,,,0,,,0,,,0,,,,,0.0,,,样本不足，暂按来源分组权重；时间衰减半衰期=14天,0.0
3747544,1549,2026-08-28 09:17:46,30,0xc162762278a1d8fa55ee59a07a711f94a9949148,smart_money,N,50.0,1.4,0,0,,,0,,,0,,,0,,,0,,,,,0.0,,,样本不足，暂按来源分组权重；时间衰减半衰期=14天,0.0
3747545,1549,2026-08-28 09:17:46,30,0xc16b8ddcef47a74c9b76cd28e6834270090d72dd,smart_money,N,50.0,1.4,0,0,,,0,,,0,,,0,,,0,,,,,0.0,,,样本不足，暂按来源分组权重；时间衰减半衰期=14天,0.0
3747546,1549,2026-08-28 09:17:46,30,0xc1b052a1d94a6f6c85c97fb1f467584ca6635c4c,smart_money,N,50.0,1.4,0,0,,,0,,,0,,,0,,,0,,,,,0.0,,,样本不足，暂按来源分组权重；时间衰减半衰期=14天,0.0
3747547,1549,2026-08-28 09:17:46,30,0xc1bc869dd56ece95f406d9f9cb6770e6252cf1a1,money_printer,N,50.0,1.2,0,0,,,0,,,0,,,0,,,0,,,,,0.0,,,样本不足，暂按来源分组权重；时间衰减半衰期=14天,0.0
3747548,1549,2026-08-28 09:17:46,30,0xc1e42f862d202b4a0ed552c1145735ee088f6ccf,smart_money,N,50.0,1.4,0,0,,,0,,,0,,,0,,,0,,,,,0.0,,,样本不足，暂按来源分组权重；时间衰减半衰期=14天,0.0
3747549,1549,2026-08-28 09:17:46,30,0xc1fd39727cd10fe97ccac228888f025309560a93,smart_money,N,50.0,1.4,0,0,,,0,,,0,,,0,,,0,,,,,0.0,,,样本不足，暂按来源分组权重；时间衰减半衰期=14天,0.0
3747550,1549,2026-08-28 09:17:46,30,0xc28e23e7d7d6cc0c9c6f08146c71e7d168cae45a,smart_money,N,50.0,1.4,0,0,,,0,,,0,,,0,,,0,,,,,0.0,,,样本不足，暂按来源分组权重；时间衰减半衰期=14天,0.0
3747551,1549,2026-08-28 09:17:46,30,0xc2e137ea6b79a7992dd54d44ee8223f2c7e13e22,smart_money,N,50.0,1.4,0,0,,,0,,,0,,,0,,,0,,,,,0.0,,,样本不足，暂按来源分组权重；时间衰减半衰期=14天,0.0
3747552,1549,2026-08-28 09:17:46,30,0xc30b67a08e962b40f1fa0a4c1052c118ac0a61c6,smart_money,N,50.0,1.4,0,0,,,0,,,0,,,0,,,0,,,,,0.0,,,样本不足，暂按来源分组权重；时间衰减半衰期=14天,0.0
3747553,1549,2026-08-28 09:17:46,30,0xc30c7ea910a71ce06ae840868b0c7e47616ba4c9,money_printer,C,30.76114969852464,0.66,17,16,0.493411318594296,1.8735533303855183,15,0.36466686438376167,-4.271332939309172,11,0.41832410859168734,-9.887326488678383,2,1.0,44.51426961909328,0,,,-4.848992628265114,,0.0,2026-08-27 15:17:55,XRP,C级：噪音偏多，降权参考，主周期=7d；时间衰减半衰期=14天,10.562567581432734
3747554,1549,2026-08-28 09:17:46,30,0xc38de07f12cdb9122c676ef83aeb2511682cd79f,smart_money,N,50.0,1.4,0,0,,,0,,,0,,,0,,,0,,,,,0.0,,,样本不足，暂按来源分组权重；时间衰减半衰期=14天,0.0
3747555,1549,2026-08-28 09:17:46,30,0xc3b1951ceffdcaf25640cb37ce1d6cf125579a03,smart_money,N,50.0,1.4,3,3,0.3317203119339514,-1.1597490354492421,3,0.3317203119339514,-3.207127409997382,3,0.3317203119339514,-5.699408234930145,0,,,0,,,-3.174792774741435,,0.0,2026-08-20 07:17:15,"HYPE,SOL",样本不足，暂按来源分组权重；时间衰减半衰期=14天,1.9871944676687412
3747556,1549,2026-08-28 09:17:46,30,0xc3d101ae37bba62baf199c6d5e5d8f0eecfd200e,smart_money,N,50.0,1.4,1,1,1.0,3.909235313255547,0,,,0,,,0,,,0,,,,,0.0,2026-08-26 22:17:51,ZEC,样本不足，暂按来源分组权重；时间衰减半衰期=14天,0.9303448397646581
3747557,1549,2026-08-28 09:17:46,30,0xc3f43a41a396e5049d6f96c7d444fc6c315b738a,smart_money,N,50.0,1.4,0,0,,,0,,,0,,,0,,,0,,,,,0.0,,,样本不足，暂按来源分组权重；时间衰减半衰期=14天,0.0
3747558,1549,2026-08-28 09:17:46,30,0xc3fbfc41c60d61a01bd2dbb6846008b4338aefd3,money_printer,N,50.0,1.2,0,0,,,0,,,0,,,0,,,0,,,,,0.0,,,样本不足，暂按来源分组权重；时间衰减半衰期=14天,0.0
3747559,1549,2026-08-28 09:17:46,30,0xc4180d58e4980ae6b39c133ab3a9389ae62e8706,money_printer,N,50.0,1.2,0,0,,,0,,,0,,,0,,,0,,,,,0.0,,,样本不足，暂按来源分组权重；时间衰减半衰期=14天,0.0
3747560,1549,2026-08-28 09:17:46,30,0xc4241dc9bfeb5126c0766df35a87ed3fbd630c78,smart_money,N,50.0,1.4,0,0,,,0,,,0,,,0,,,0,,,,,0.0,,,样本不足，暂按来源分组权重；时间衰减半衰期=14天,0.0
3747561,1549,2026-08-28 09:17:46,30,0xc44ffe108058eceec48e6a13e2df17a90ec62142,smart_money,N,50.0,1.4,0,0,,,0,,,0,,,0,,,0,,,,,0.0,,,样本不足，暂按来源分组权重；时间衰减半衰期=14天,0.0
3747562,1549,2026-08-28 09:17:46,30,0xc4643e390f49d1616b5108bf0eac309f7c0eb868,smart_money,N,50.0,1.4,0,0,,,0,,,0,,,0,,,0,,,,,0.0,,,样本不足，暂按来源分组权重；时间衰减半衰期=14天,0.0
3747563,1549,2026-08-28 09:17:46,30,0xc46e57114835d392ce1aef7b3c884d953bffc761,smart_money,N,50.0,1.4,1,0,,,0,,,0,,,0,,,0,,,,,0.0,2026-08-27 21:17:50,BUDDY,样本不足，暂按来源分组权重；时间衰减半衰期=14天,0.0
3747564,1549,2026-08-28 09:17:46,30,0xc471ab54066b18c5626f0281f01d68d346e8e249,smart_money,N,50.0,1.4,0,0,,,0,,,0,,,0,,,0,,,,,0.0,,,样本不足，暂按来源分组权重；时间衰减半衰期=14天,0.0
3747565,1549,2026-08-28 09:17:46,30,0xc49ec554731a81f4bf4f3504cfb1dd3c484ccf74,money_printer,N,50.0,1.2,0,0,,,0,,,0,,,0,,,0,,,,,0.0,,,样本不足，暂按来源分组权重；时间衰减半衰期=14天,0.0
3747566,1549,2026-08-28 09:17:46,30,0xc4af23ba0db32f3841ad876aa50435c178ca7109,smart_money,N,50.0,1.4,0,0,,,0,,,0,,,0,,,0,,,,,0.0,,,样本不足，暂按来源分组权重；时间衰减半衰期=14天,0.0
3747567,1549,2026-08-28 09:17:46,30,0xc4b2879001501f32bc319546a2da38ea7f5b9736,smart_money,N,50.0,1.4,0,0,,,0,,,0,,,0,,,0,,,,,0.0,,,样本不足，暂按来源分组权重；时间衰减半衰期=14天,0.0
3747568,1549,2026-08-28 09:17:46,30,0xc5010834e5be500437b1bb04f2c34e0f3898e581,smart_money,N,50.0,1.4,0,0,,,0,,,0,,,0,,,0,,,,,0.0,,,样本不足，暂按来源分组权重；时间衰减半衰期=14天,0.0
3747569,1549,2026-08-28 09:17:46,30,0xc58304f545d166779215a0d33b2c4496838d9869,smart_money,N,50.0,1.4,0,0,,,0,,,0,,,0,,,0,,,,,0.0,,,样本不足，暂按来源分组权重；时间衰减半衰期=14天,0.0
3747570,1549,2026-08-28 09:17:46,30,0xc59498175d6d317642aeb97f895a7ce1aa992191,money_printer,N,50.0,1.2,0,0,,,0,,,0,,,0,,,0,,,,,0.0,,,样本不足，暂按来源分组权重；时间衰减半衰期=14天,0.0
3747571,1549,2026-08-28 09:17:46,30,0xc59e5158df849739800f83a609ef41236bb0d4ff,smart_money,N,50.0,1.4,0,0,,,0,,,0,,,0,,,0,,,,,0.0,,,样本不足，暂按来源分组权重；时间衰减半衰期=14天,0.0
3747572,1549,2026-08-28 09:17:46,30,0xc5ba14d33b352090f699c82d0a1d0e8fe5a0679b,smart_money,N,50.0,1.4,0,0,,,0,,,0,,,0,,,0,,,,,0.0,,,样本不足，暂按来源分组权重；时间衰减半衰期=14天,0.0
3747573,1549,2026-08-28 09:17:46,30,0xc5ed4501500fcbfb2b88fb7f0aa52f834ed44346,smart_money,N,50.0,1.4,0,0,,,0,,,0,,,0,,,0,,,,,0.0,,,样本不足，暂按来源分组权重；时间衰减半衰期=14天,0.0
3747574,1549,2026-08-28 09:17:46,30,0xc5f033a47dde827133850ced50009c3802c989ba,smart_money,N,50.0,1.4,0,0,,,0,,,0,,,0,,,0,,,,,0.0,,,样本不足，暂按来源分组权重；时间衰减半衰期=14天,0.0
3747575,1549,2026-08-28 09:17:46,30,0xc613bd93c62e62bf3e583c36ae8c4118f1fb2456,money_printer,N,50.0,1.2,0,0,,,0,,,0,,,0,,,0,,,,,0.0,,,样本不足，暂按来源分组权重；时间衰减半衰期=14天,0.0
3747576,1549,2026-08-28 09:17:46,30,0xc646851ce5d79117d5086a5aaf5c81922f94efd9,smart_money,N,50.0,1.4,0,0,,,0,,,0,,,0,,,0,,,,,0.0,,,样本不足，暂按来源分组权重；时间衰减半衰期=14天,0.0
3747577,1549,2026-08-28 09:17:46,30,0xc6758a779bccee1ef0190dbe8292fdf44076795d,money_printer,A,76.19526014673707,1.5499999999999998,28,28,0.5163508502273496,2.3017602362907765,28,0.6196023557048286,1.8067819936334655,19,0.4547929319281217,1.9730108541681743,3,0.0,-17.922715925955515,0,,,1.8366345688423542,,0.0,2026-08-22 17:17:56,"BTC,HYPE,SOL,ETH,ADA",A级：72h表现稳定偏好；时间衰减半衰期=14天,18.146357276292466
3747578,1549,2026-08-28 09:17:46,30,0xc6877a65349b0fa45cc61a267ee682c7abf2b369,smart_money,N,50.0,1.4,0,0,,,0,,,0,,,0,,,0,,,,,0.0,,,样本不足，暂按来源分组权重；时间衰减半衰期=14天,0.0
3747579,1549,2026-08-28 09:17:46,30,0xc69ae428f6049e78d445f053d2c1df879c59b34c,smart_money,N,50.0,1.4,0,0,,,0,,,0,,,0,,,0,,,,,0.0,,,样本不足，暂按来源分组权重；时间衰减半衰期=14天,0.0
3747580,1549,2026-08-28 09:17:46,30,0xc6a4d5ae5d32ff24f5d0b0d8e939582d92f8d847,smart_money,N,50.0,1.4,0,0,,,0,,,0,,,0,,,0,,,,,0.0,,,样本不足，暂按来源分组权重；时间衰减半衰期=14天,0.0
3747581,1549,2026-08-28 09:17:46,30,0xc6aa7b1f1dbe24ca2f12c193b60eb05230270e75,smart_money,N,50.0,1.4,0,0,,,0,,,0,,,0,,,0,,,,,0.0,,,样本不足，暂按来源分组权重；时间衰减半衰期=14天,0.0
3747582,1549,2026-08-28 09:17:46,30,0xc6ac58a7a63339898aeda32499a8238a46d88e84,money_printer,N,50.0,1.2,0,0,,,0,,,0,,,0,,,0,,,,,0.0,,,样本不足，暂按来源分组权重；时间衰减半衰期=14天,0.0
3747583,1549,2026-08-28 09:17:46,30,0xc6cd4f327ebda9a78cc52414aa5101c211b5e4d9,smart_money,N,50.0,1.4,0,0,,,0,,,0,,,0,,,0,,,,,0.0,,,样本不足，暂按来源分组权重；时间衰减半衰期=14天,0.0
3747584,1549,2026-08-28 09:17:46,30,0xc6d7fdfbcb55d6cad6570c5838de394d2aa24015,money_printer,N,50.0,1.2,0,0,,,0,,,0,,,0,,,0,,,,,0.0,,,样本不足，暂按来源分组权重；时间衰减半衰期=14天,0.0
3747585,1549,2026-08-28 09:17:46,30,0xc6e7a7632505525268290eca08ee02a3100441c1,smart_money,N,50.0,1.4,0,0,,,0,,,0,,,0,,,0,,,,,0.0,,,样本不足，暂按来源分组权重；时间衰减半衰期=14天,0.0
3747586,1549,2026-08-28 09:17:46,30,0xc6fd7c7bc701c802cf2e75fa19cacd5e4c55af9c,smart_money,N,50.0,1.4,0,0,,,0,,,0,,,0,,,0,,,,,0.0,,,样本不足，暂按来源分组权重；时间衰减半衰期=14天,0.0
3747587,1549,2026-08-28 09:17:46,30,0xc7041ae8ff2edc2547013b17ec021f8142594b37,smart_money,N,50.0,1.4,0,0,,,0,,,0,,,0,,,0,,,,,0.0,,,样本不足，暂按来源分组权重；时间衰减半衰期=14天,0.0
3747588,1549,2026-08-28 09:17:46,30,0xc7290b4b308431a985fa9e3e8a335c2f7650517c,money_printer,N,50.0,1.2,0,0,,,0,,,0,,,0,,,0,,,,,0.0,,,样本不足，暂按来源分组权重；时间衰减半衰期=14天,0.0
3747589,1549,2026-08-28 09:17:46,30,0xc73b427d778bc04728843dc62895b472d7ac1e37,smart_money,N,50.0,1.4,0,0,,,0,,,0,,,0,,,0,,,,,0.0,,,样本不足，暂按来源分组权重；时间衰减半衰期=14天,0.0
3747590,1549,2026-08-28 09:17:46,30,0xc74a955d699b771a8c3be0a425567e31bde1ab93,smart_money,N,50.0,1.4,0,0,,,0,,,0,,,0,,,0,,,,,0.0,,,样本不足，暂按来源分组权重；时间衰减半衰期=14天,0.0
3747591,1549,2026-08-28 09:17:46,30,0xc77b4c63d4be417858836ea016abb7de233ef3e1,smart_money,N,50.0,1.4,0,0,,,0,,,0,,,0,,,0,,,,,0.0,,,样本不足，暂按来源分组权重；时间衰减半衰期=14天,0.0
3747592,1549,2026-08-28 09:17:46,30,0xc794b210337339ce83f5be21f0f62802c029b332,money_printer,N,50.0,1.2,0,0,,,0,,,0,,,0,,,0,,,,,0.0,,,样本不足，暂按来源分组权重；时间衰减半衰期=14天,0.0
3747593,1549,2026-08-28 09:17:46,30,0xc7abcfeaf42bd7afae393863f5e7fc470a662bf8,smart_money,N,50.0,1.4,2,2,0.5005140152132355,1.383661145912679,0,,,0,,,0,,,0,,,,,0.0,2026-08-25 22:17:55,ZEC,样本不足，暂按来源分组权重；时间衰减半衰期=14天,1.7689948277290362
3747594,1549,2026-08-28 09:17:46,30,0xc7accfe2b643330ff8f091e4e5f3f044f560bec9,smart_money,N,50.0,1.4,0,0,,,0,,,0,,,0,,,0,,,,,0.0,,,样本不足，暂按来源分组权重；时间衰减半衰期=14天,0.0
3747595,1549,2026-08-28 09:17:46,30,0xc7bfd896cc6a8bf1d09486dd08f590691b20c2ff,smart_money,N,50.0,1.4,0,0,,,0,,,0,,,0,,,0,,,,,0.0,,,样本不足，暂按来源分组权重；时间衰减半衰期=14天,0.0
3747596,1549,2026-08-28 09:17:46,30,0xc7ebe10d3568c52b3f43dc50320167db9d10ce4f,money_printer,N,50.0,1.2,0,0,,,0,,,0,,,0,,,0,,,,,0.0,,,样本不足，暂按来源分组权重；时间衰减半衰期=14天,0.0
3747597,1549,2026-08-28 09:17:46,30,0xc7f94fb3b3ba614b9b2bf80697ab5a31917005a2,money_printer,N,50.0,1.2,0,0,,,0,,,0,,,0,,,0,,,,,0.0,,,样本不足，暂按来源分组权重；时间衰减半衰期=14天,0.0
3747598,1549,2026-08-28 09:17:46,30,0xc81627434af14d5b35d808f40227d18d41c35c64,smart_money,N,50.0,1.4,0,0,,,0,,,0,,,0,,,0,,,,,0.0,,,样本不足，暂按来源分组权重；时间衰减半衰期=14天,0.0
3747599,1549,2026-08-28 09:17:46,30,0xc846e513f1fb448e744d5c8e911e87bccc0dfb20,smart_money,N,50.0,1.4,0,0,,,0,,,0,,,0,,,0,,,,,0.0,,,样本不足，暂按来源分组权重；时间衰减半衰期=14天,0.0
3747600,1549,2026-08-28 09:17:46,30,0xc84b3f4b3fa29d38e60b318e5d8a84802ef7cbeb,smart_money,N,50.0,1.4,0,0,,,0,,,0,,,0,,,0,,,,,0.0,,,样本不足，暂按来源分组权重；时间衰减半衰期=14天,0.0
3747601,1549,2026-08-28 09:17:46,30,0xc850d1f1639458b47b5ce9482a73d11d95f4d89b,smart_money,N,50.0,1.4,0,0,,,0,,,0,,,0,,,0,,,,,0.0,,,样本不足，暂按来源分组权重；时间衰减半衰期=14天,0.0
3747602,1549,2026-08-28 09:17:46,30,0xc897e2a9cf140a9035e2aebaa834ae98196c152a,smart_money,N,50.0,1.4,0,0,,,0,,,0,,,0,,,0,,,,,0.0,,,样本不足，暂按来源分组权重；时间衰减半衰期=14天,0.0
3747603,1549,2026-08-28 09:17:46,30,0xc8996c94746b9ab950c3a1163728cf58c657da73,smart_money,N,50.0,1.4,0,0,,,0,,,0,,,0,,,0,,,,,0.0,,,样本不足，暂按来源分组权重；时间衰减半衰期=14天,0.0
3747604,1549,2026-08-28 09:17:46,30,0xc8c49a444442eabcc8391ae908b1a8bfc991a0ff,smart_money,N,50.0,1.4,0,0,,,0,,,0,,,0,,,0,,,,,0.0,,,样本不足，暂按来源分组权重；时间衰减半衰期=14天,0.0
3747605,1549,2026-08-28 09:17:46,30,0xc8ff61f572ca7bc4ceb624f38f06c053b93496a5,smart_money,N,50.0,1.4,0,0,,,0,,,0,,,0,,,0,,,,,0.0,,,样本不足，暂按来源分组权重；时间衰减半衰期=14天,0.0
3747606,1549,2026-08-28 09:17:46,30,0xc9186f29695cfe18b79e6a8ebf1be13905cac077,smart_money,N,50.0,1.4,0,0,,,0,,,0,,,0,,,0,,,,,0.0,,,样本不足，暂按来源分组权重；时间衰减半衰期=14天,0.0
3747607,1549,2026-08-28 09:17:46,30,0xc9257e15609fd24a2334b991756652fbd52f48b5,smart_money,N,50.0,1.4,0,0,,,0,,,0,,,0,,,0,,,,,0.0,,,样本不足，暂按来源分组权重；时间衰减半衰期=14天,0.0
3747608,1549,2026-08-28 09:17:46,30,0xc926ddba8b7617dbc65712f20cf8e1b58b8598d3,money_printer,N,50.0,1.2,0,0,,,0,,,0,,,0,,,0,,,,,0.0,,,样本不足，暂按来源分组权重；时间衰减半衰期=14天,0.0
3747609,1549,2026-08-28 09:17:46,30,0xc932e364a2c57ffe87153113bc4c53fa8338b1ba,smart_money,N,50.0,1.4,0,0,,,0,,,0,,,0,,,0,,,,,0.0,,,样本不足，暂按来源分组权重；时间衰减半衰期=14天,0.0
3747610,1549,2026-08-28 09:17:46,30,0xc94285029b3a5efaad09fe55e36320e6fbf82bf6,smart_money,N,50.0,1.4,0,0,,,0,,,0,,,0,,,0,,,,,0.0,,,样本不足，暂按来源分组权重；时间衰减半衰期=14天,0.0
3747611,1549,2026-08-28 09:17:46,30,0xca230e816bdb34a46960c2f978a30a563d1ae9e0,money_printer,R,18.94203532658375,-1.2,32,32,0.3000107100385934,-0.12420052963925518,20,0.31999863453160693,-1.0579646734162527,5,0.0,-3.9386226691092774,4,0.0,-22.866258737716645,0,,,-0.9837827104348846,,29.263935862272916,2026-08-27 04:17:46,"HYPE,ZEC,KAITO,LIT",反向钱包：72h方向胜率和平均收益偏差；时间衰减半衰期=14天,24.36829832843676
3747612,1549,2026-08-28 09:17:46,30,0xca4903c207a0df58bf37d4bc8bbc5210726f53c8,money_printer,N,50.0,1.2,0,0,,,0,,,0,,,0,,,0,,,,,0.0,,,样本不足，暂按来源分组权重；时间衰减半衰期=14天,0.0
3747613,1549,2026-08-28 09:17:46,30,0xca73bbd800aaba3cad7560596b2734f300cd5a6a,smart_money,N,50.0,1.4,0,0,,,0,,,0,,,0,,,0,,,,,0.0,,,样本不足，暂按来源分组权重；时间衰减半衰期=14天,0.0
3747614,1549,2026-08-28 09:17:46,30,0xcac19662ec88d23fa1c81ac0e8570b0cf2ff26b3,money_printer,N,50.0,1.2,9,9,0.44712007537999887,-3.0194866393949136,9,0.45450131232359775,-4.99921531888056,1,0.0,-14.791338663177047,0,,,0,,,-5.209373445901475,,0.0,2026-08-23 12:17:54,"ZEC,NEAR,HYPE,XRP",样本不足，暂按来源分组权重；时间衰减半衰期=14天,6.595603256844955
3747615,1549,2026-08-28 09:17:46,30,0xcac1f1c3e4599e044dc2a9d38a9b6ef1af1bdae8,money_printer,N,50.0,1.2,4,4,0.3533184019041713,-2.1322457639110906,4,0.3533184019041713,0.9195399059756745,4,0.3533184019041713,-0.37300326108511245,2,0.0,0.1672080824141373,0,,,0.8733121672360276,,0.0,2026-08-20 09:17:04,NEKO,样本不足，暂按来源分组权重；时间衰减半衰期=14天,1.8389745303794236
3747616,1549,2026-08-28 09:17:46,30,0xcac43e06859c3379ac1cce01047531261e22f11e,smart_money,N,50.0,1.4,0,0,,,0,,,0,,,0,,,0,,,,,0.0,,,样本不足，暂按来源分组权重；时间衰减半衰期=14天,0.0
3747617,1549,2026-08-28 09:17:46,30,0xcafcbbf25e5d67c7700d8c49b0431a64fd7e89a8,smart_money,N,50.0,1.4,0,0,,,0,,,0,,,0,,,0,,,,,0.0,,,样本不足，暂按来源分组权重；时间衰减半衰期=14天,0.0
3747618,1549,2026-08-28 09:17:46,30,0xcb02837caaee310c178501855b63bf7f4f4b1f8b,money_printer,N,50.0,1.2,0,0,,,0,,,0,,,0,,,0,,,,,0.0,,,样本不足，暂按来源分组权重；时间衰减半衰期=14天,0.0
3747619,1549,2026-08-28 09:17:46,30,0xcb15941180ed7cff8b3547117eca6b78cbdeaf9c,smart_money,N,50.0,1.4,0,0,,,0,,,0,,,0,,,0,,,,,0.0,,,样本不足，暂按来源分组权重；时间衰减半衰期=14天,0.0
3747620,1549,2026-08-28 09:17:46,30,0xcb39c18f0e4d705d1db141171a65cb5a86c9fdb9,smart_money,N,50.0,1.4,0,0,,,0,,,0,,,0,,,0,,,,,0.0,,,样本不足，暂按来源分组权重；时间衰减半衰期=14天,0.0
3747621,1549,2026-08-28 09:17:46,30,0xcb3ee3f1b22cdff8b6ca4839cd0784d34b85dea9,smart_money,N,50.0,1.4,0,0,,,0,,,0,,,0,,,0,,,,,0.0,,,样本不足，暂按来源分组权重；时间衰减半衰期=14天,0.0
3747622,1549,2026-08-28 09:17:46,30,0xcb58b8f5ec6d47985f0728465c25a08ef9ad2c7b,money_printer,B,66.3013195014502,1.2,15,15,0.5090028399133742,0.36699929992801955,9,0.4106606117999534,0.30742030190861575,6,0.46840497787663915,2.8079235465854744,2,0.38161287057117854,-29.540803585317875,0,,,1.0367164001962106,,0.0,2026-08-26 16:17:58,"ETH,ZEC,PUMP,NEAR,ZRO",B级：普通有效参考，主周期=24h；时间衰减半衰期=14天,10.933937076771674
3747623,1549,2026-08-28 09:17:46,30,0xcb5c2f378860437fad512c3aec09efce1c470283,smart_money,N,50.0,1.4,0,0,,,0,,,0,,,0,,,0,,,,,0.0,,,样本不足，暂按来源分组权重；时间衰减半衰期=14天,0.0
3747624,1549,2026-08-28 09:17:46,30,0xcb8436264dd4b0d9912b65dbe2893e71de7752cd,money_printer,N,50.0,1.2,1,1,1.0,1.8598637426028086,1,0.0,-0.22875329454472815,1,0.0,-0.9970659903525737,1,1.0,42.14033517330548,0,,,-0.22875329454472815,,0.0,2026-08-11 09:17:16,XRP,样本不足，暂按来源分组权重；时间衰减半衰期=14天,0.4309790015350072
3747625,1549,2026-08-28 09:17:46,30,0xcba2680d2fc87cd6ee404fafbd7a5efbd26b099c,smart_money,N,50.0,1.4,0,0,,,0,,,0,,,0,,,0,,,,,0.0,,,样本不足，暂按来源分组权重；时间衰减半衰期=14天,0.0
3747626,1549,2026-08-28 09:17:46,30,0xcbc7b92332f8160e9f743ad2efd5755680f83e95,money_printer,N,50.0,1.2,0,0,,,0,,,0,,,0,,,0,,,,,0.0,,,样本不足，暂按来源分组权重；时间衰减半衰期=14天,0.0
3747627,1549,2026-08-28 09:17:46,30,0xcbd72d8d71d94591a73321bc4fc7ab6bdcb73e24,smart_money,N,50.0,1.4,0,0,,,0,,,0,,,0,,,0,,,,,0.0,,,样本不足，暂按来源分组权重；时间衰减半衰期=14天,0.0
3747628,1549,2026-08-28 09:17:46,30,0xcbe114cc845cf58d3eada944335612e8df99fe7f,smart_money,N,50.0,1.4,0,0,,,0,,,0,,,0,,,0,,,,,0.0,,,样本不足，暂按来源分组权重；时间衰减半衰期=14天,0.0
3747629,1549,2026-08-28 09:17:46,30,0xcbe884e98d877b6b3273fa1648e33a39f5d9d13a,smart_money,N,50.0,1.4,0,0,,,0,,,0,,,0,,,0,,,,,0.0,,,样本不足，暂按来源分组权重；时间衰减半衰期=14天,0.0
3747630,1549,2026-08-28 09:17:46,30,0xcbec2fd28c44cc34f69ce9e98029595157f47096,smart_money,N,50.0,1.4,0,0,,,0,,,0,,,0,,,0,,,,,0.0,,,样本不足，暂按来源分组权重；时间衰减半衰期=14天,0.0
3747631,1549,2026-08-28 09:17:46,30,0xcc0ec788a4a1312582b24ac899c522fc3794ee8d,money_printer,N,50.0,1.2,0,0,,,0,,,0,,,0,,,0,,,,,0.0,,,样本不足，暂按来源分组权重；时间衰减半衰期=14天,0.0
3747632,1549,2026-08-28 09:17:46,30,0xcc221419e754b43b2b5a9482909d8892ef70c838,money_printer,N,50.0,1.2,0,0,,,0,,,0,,,0,,,0,,,,,0.0,,,样本不足，暂按来源分组权重；时间衰减半衰期=14天,0.0
3747633,1549,2026-08-28 09:17:46,30,0xcc29196f3d3e1af2a4dd20f4f2765b090c9e892f,smart_money,N,50.0,1.4,0,0,,,0,,,0,,,0,,,0,,,,,0.0,,,样本不足，暂按来源分组权重；时间衰减半衰期=14天,0.0
3747634,1549,2026-08-28 09:17:46,30,0xcc2fcbbe74bcef78bd512ba8831a8c6db50054de,money_printer,N,50.0,1.2,0,0,,,0,,,0,,,0,,,0,,,,,0.0,,,样本不足，暂按来源分组权重；时间衰减半衰期=14天,0.0
3747635,1549,2026-08-28 09:17:46,30,0xcc7c071d6000f98ebd009de30e5e9c387e501276,money_printer,N,50.0,1.2,0,0,,,0,,,0,,,0,,,0,,,,,0.0,,,样本不足，暂按来源分组权重；时间衰减半衰期=14天,0.0
3747636,1549,2026-08-28 09:17:46,30,0xcc89d2eb1f307e56f7c79a5f0a3384be6656bd41,money_printer,N,50.0,1.2,0,0,,,0,,,0,,,0,,,0,,,,,0.0,,,样本不足，暂按来源分组权重；时间衰减半衰期=14天,0.0
3747637,1549,2026-08-28 09:17:46,30,0xccaeb98ce9ca54f76bf0029cf9f12c894e253dd6,smart_money,N,50.0,1.4,0,0,,,0,,,0,,,0,,,0,,,,,0.0,,,样本不足，暂按来源分组权重；时间衰减半衰期=14天,0.0
3747638,1549,2026-08-28 09:17:46,30,0xccf135ab352d561a15eb7be2a243cc4fcb7f0ab1,money_printer,N,50.0,1.2,0,0,,,0,,,0,,,0,,,0,,,,,0.0,,,样本不足，暂按来源分组权重；时间衰减半衰期=14天,0.0
3747639,1549,2026-08-28 09:17:46,30,0xcd0673721a489b1cea0e2580fa304bcb6cca3186,money_printer,N,50.0,1.2,0,0,,,0,,,0,,,0,,,0,,,,,0.0,,,样本不足，暂按来源分组权重；时间衰减半衰期=14天,0.0
3747640,1549,2026-08-28 09:17:46,30,0xcd1c932a413868c3c84e73e195bf34c1ba4ffec5,smart_money,N,50.0,1.4,0,0,,,0,,,0,,,0,,,0,,,,,0.0,,,样本不足，暂按来源分组权重；时间衰减半衰期=14天,0.0
3747641,1549,2026-08-28 09:17:46,30,0xcd2123d3f00325fa83b2743ed85844f8d4bb9826,smart_money,N,50.0,1.4,0,0,,,0,,,0,,,0,,,0,,,,,0.0,,,样本不足，暂按来源分组权重；时间衰减半衰期=14天,0.0
3747642,1549,2026-08-28 09:17:46,30,0xcd278177b13eb5c269fed43960c4171b66df5b9c,money_printer,N,50.0,1.2,0,0,,,0,,,0,,,0,,,0,,,,,0.0,,,样本不足，暂按来源分组权重；时间衰减半衰期=14天,0.0
3747643,1549,2026-08-28 09:17:46,30,0xcd6cd380329759474d36c2fbc7b9a13177f38bd9,smart_money,N,50.0,1.4,0,0,,,0,,,0,,,0,,,0,,,,,0.0,,,样本不足，暂按来源分组权重；时间衰减半衰期=14天,0.0
3747644,1549,2026-08-28 09:17:46,30,0xcd82f03d5df801a69af899a7f13263388e1f6274,smart_money,N,50.0,1.4,0,0,,,0,,,0,,,0,,,0,,,,,0.0,,,样本不足，暂按来源分组权重；时间衰减半衰期=14天,0.0
3747645,1549,2026-08-28 09:17:46,30,0xcd87ea212314217b6aa64fdffb9954330db5de4f,smart_money,N,50.0,1.4,0,0,,,0,,,0,,,0,,,0,,,,,0.0,,,样本不足，暂按来源分组权重；时间衰减半衰期=14天,0.0
3747646,1549,2026-08-28 09:17:46,30,0xcdbd79aafd6d0618e3fc6aecb11e1a61908a9169,smart_money,N,50.0,1.4,0,0,,,0,,,0,,,0,,,0,,,,,0.0,,,样本不足，暂按来源分组权重；时间衰减半衰期=14天,0.0
3747647,1549,2026-08-28 09:17:46,30,0xcde682fc64f38967b71cfd00803d4ba3d60e49d1,smart_money,N,50.0,1.4,0,0,,,0,,,0,,,0,,,0,,,,,0.0,,,样本不足，暂按来源分组权重；时间衰减半衰期=14天,0.0
3747648,1549,2026-08-28 09:17:46,30,0xcdf0c733561c848fa99c6a3d25f6f07724e22bd1,smart_money,N,50.0,1.4,0,0,,,0,,,0,,,0,,,0,,,,,0.0,,,样本不足，暂按来源分组权重；时间衰减半衰期=14天,0.0
3747649,1549,2026-08-28 09:17:46,30,0xcdf73290cb271fc6b5aa3723eae9a0086baaa50f,smart_money,N,50.0,1.4,0,0,,,0,,,0,,,0,,,0,,,,,0.0,,,样本不足，暂按来源分组权重；时间衰减半衰期=14天,0.0
3747650,1549,2026-08-28 09:17:46,30,0xce104105134aad17c5f16a1b3e27c32b4b91ce72,money_printer,N,50.0,1.2,0,0,,,0,,,0,,,0,,,0,,,,,0.0,,,样本不足，暂按来源分组权重；时间衰减半衰期=14天,0.0
3747651,1549,2026-08-28 09:17:46,30,0xce397f90242c35486cf7f161e7a38e3321feb74f,smart_money,N,50.0,1.4,0,0,,,0,,,0,,,0,,,0,,,,,0.0,,,样本不足，暂按来源分组权重；时间衰减半衰期=14天,0.0
3747652,1549,2026-08-28 09:17:46,30,0xce50bd5c2f4319e186da50e3ad8952bba2b50d08,smart_money,N,50.0,1.4,0,0,,,0,,,0,,,0,,,0,,,,,0.0,,,样本不足，暂按来源分组权重；时间衰减半衰期=14天,0.0
3747653,1549,2026-08-28 09:17:46,30,0xce5667f7194c4d9320acd28f1ee8b3d2adbdb27e,smart_money,N,50.0,1.4,0,0,,,0,,,0,,,0,,,0,,,,,0.0,,,样本不足，暂按来源分组权重；时间衰减半衰期=14天,0.0
3747654,1549,2026-08-28 09:17:46,30,0xcefd7652228a8619d0af5b95389cd49387cd30e0,smart_money,N,50.0,1.4,0,0,,,0,,,0,,,0,,,0,,,,,0.0,,,样本不足，暂按来源分组权重；时间衰减半衰期=14天,0.0
3747655,1549,2026-08-28 09:17:46,30,0xcf218b31732a91c751fe484bc303525783a88a36,smart_money,N,50.0,1.4,0,0,,,0,,,0,,,0,,,0,,,,,0.0,,,样本不足，暂按来源分组权重；时间衰减半衰期=14天,0.0
3747656,1549,2026-08-28 09:17:46,30,0xcf3f419d08a5bdc2c6e5fbd9ad70904c5420f95f,smart_money,C,92.18458521927298,0.77,99,92,0.29110380778801387,-0.07159347863472289,76,0.2796347079765228,0.008759631037683062,39,0.34057462089134893,-0.6702027404681965,18,0.46710200430943566,6.904534324697887,0,,,-0.08407774615155095,,0.0,2026-08-28 03:17:51,BTC,C级：噪音偏多，降权参考，主周期=15d；时间衰减半衰期=14天,63.05736976464609
3747657,1549,2026-08-28 09:17:46,30,0xcf5343ba750a6e30afbb1dadda08bc78f8c8ee11,money_printer,N,50.0,1.2,0,0,,,0,,,0,,,0,,,0,,,,,0.0,,,样本不足，暂按来源分组权重；时间衰减半衰期=14天,0.0
3747658,1549,2026-08-28 09:17:46,30,0xcf67e4da9e9cd38c0afd26338d0fbddb3036eb24,money_printer,N,50.0,1.2,0,0,,,0,,,0,,,0,,,0,,,,,0.0,,,样本不足，暂按来源分组权重；时间衰减半衰期=14天,0.0
3747659,1549,2026-08-28 09:17:46,30,0xcf74dc50069e3ee0fddc10bd64e9a68d21126cfe,smart_money,N,50.0,1.4,0,0,,,0,,,0,,,0,,,0,,,,,0.0,,,样本不足，暂按来源分组权重；时间衰减半衰期=14天,0.0
3747660,1549,2026-08-28 09:17:46,30,0xcf90cfecf74e631feea816d02e757c0c8e895c0e,money_printer,N,50.0,1.2,0,0,,,0,,,0,,,0,,,0,,,,,0.0,,,样本不足，暂按来源分组权重；时间衰减半衰期=14天,0.0
3747661,1549,2026-08-28 09:17:46,30,0xcfa99b8e07d37f25e5769400c29e22076bc08e81,money_printer,N,50.0,1.2,0,0,,,0,,,0,,,0,,,0,,,,,0.0,,,样本不足，暂按来源分组权重；时间衰减半衰期=14天,0.0
3747662,1549,2026-08-28 09:17:46,30,0xcfb464585241eab3ecb392011648a8e829b951ed,smart_money,N,50.0,1.4,0,0,,,0,,,0,,,0,,,0,,,,,0.0,,,样本不足，暂按来源分组权重；时间衰减半衰期=14天,0.0
3747663,1549,2026-08-28 09:17:46,30,0xcfda9610dd28e9ff74240a1d4136e87a77e6da82,smart_money,N,50.0,1.4,0,0,,,0,,,0,,,0,,,0,,,,,0.0,,,样本不足，暂按来源分组权重；时间衰减半衰期=14天,0.0
3747664,1549,2026-08-28 09:17:46,30,0xcfdf98f367c063907c9fa1f6982fc947bbf1a5dd,smart_money,N,50.0,1.4,2,2,0.0,-31.81678538196457,2,0.0,-33.75048101742374,1,0.0,-2.330874988618768,1,0.0,-2.913593735773463,0,,,-22.179499202850984,,0.0,2026-08-22 22:17:52,UPUMP,样本不足，暂按来源分组权重；时间衰减半衰期=14天,1.0030842156401905
3747665,1549,2026-08-28 09:17:46,30,0xcfea17596c15e0f4fe3ba9cab1fcbe804bbbdbbf,smart_money,N,50.0,1.4,0,0,,,0,,,0,,,0,,,0,,,,,0.0,,,样本不足，暂按来源分组权重；时间衰减半衰期=14天,0.0
3747666,1549,2026-08-28 09:17:46,30,0xcfeefe744f867f45f3a324a73cadbda1fa309f91,smart_money,N,50.0,1.4,0,0,,,0,,,0,,,0,,,0,,,,,0.0,,,样本不足，暂按来源分组权重；时间衰减半衰期=14天,0.0
3747667,1549,2026-08-28 09:17:46,30,0xd01e89789346826dd2a87b7dd8d730f56a907d1d,smart_money,N,50.0,1.4,0,0,,,0,,,0,,,0,,,0,,,,,0.0,,,样本不足，暂按来源分组权重；时间衰减半衰期=14天,0.0
3747668,1549,2026-08-28 09:17:46,30,0xd0254dd9c10498b256b6ec3bd8de37a9ba4329de,money_printer,N,50.0,1.2,0,0,,,0,,,0,,,0,,,0,,,,,0.0,,,样本不足，暂按来源分组权重；时间衰减半衰期=14天,0.0
3747669,1549,2026-08-28 09:17:46,30,0xd02928c445d780ea954fe0b6f0be0f6cb9727678,money_printer,N,50.0,1.2,0,0,,,0,,,0,,,0,,,0,,,,,0.0,,,样本不足，暂按来源分组权重；时间衰减半衰期=14天,0.0
3747670,1549,2026-08-28 09:17:46,30,0xd05808946809c180d190608e13f473db30aa8524,money_printer,N,50.0,1.2,0,0,,,0,,,0,,,0,,,0,,,,,0.0,,,样本不足，暂按来源分组权重；时间衰减半衰期=14天,0.0
3747671,1549,2026-08-28 09:17:46,30,0xd05d2e015b9ed6f17f2111cf1ac7ae229155816e,smart_money,N,50.0,1.4,1,1,1.0,5.92891801310591,1,1.0,15.882146966134767,1,1.0,11.053724175879163,0,,,0,,,15.882146966134766,,0.0,2026-08-20 16:17:03,DOGE,样本不足，暂按来源分组权重；时间衰减半衰期=14天,0.6827215579539488
3747672,1549,2026-08-28 09:17:46,30,0xd071d6d6ea52f5aa34b79e47f908ee48c8215837,smart_money,N,50.0,1.4,0,0,,,0,,,0,,,0,,,0,,,,,0.0,,,样本不足，暂按来源分组权重；时间衰减半衰期=14天,0.0
3747673,1549,2026-08-28 09:17:46,30,0xd080b654474d679c03df4fd676aa818c1adfa608,smart_money,N,50.0,1.4,0,0,,,0,,,0,,,0,,,0,,,,,0.0,,,样本不足，暂按来源分组权重；时间衰减半衰期=14天,0.0
3747674,1549,2026-08-28 09:17:46,30,0xd08a4557671ca465e7bba41110a93148c90f9931,smart_money,N,50.0,1.4,0,0,,,0,,,0,,,0,,,0,,,,,0.0,,,样本不足，暂按来源分组权重；时间衰减半衰期=14天,0.0
3747675,1549,2026-08-28 09:17:46,30,0xd09d19f718c4b331ee0137b83177b60f5cfd2134,smart_money,N,50.0,1.4,0,0,,,0,,,0,,,0,,,0,,,,,0.0,,,样本不足，暂按来源分组权重；时间衰减半衰期=14天,0.0
3747676,1549,2026-08-28 09:17:46,30,0xd10e2b1b66001bd4086d61e43e836ab9c168fd9a,smart_money,R,10.0,-1.4,12,12,0.1158407206972426,0.3804858693023476,10,0.0,-12.73870417206035,5,0.0,-0.8887375267705503,4,0.2738937586233837,-2.8499538651700056,0,,,-10.376507639542798,,100.0,2026-08-26 12:17:51,"UPUMP,KNTQ,SWAP",反向钱包：72h方向胜率和平均收益偏差；时间衰减半衰期=14天,7.549331710474061
3747677,1549,2026-08-28 09:17:46,30,0xd13552538def5cecc78a20aa2236573f0bee6443,smart_money,N,50.0,1.4,1,1,1.0,9.252539912917255,1,1.0,40.457184325108834,1,1.0,76.48766328011611,0,,,0,,,40.457184325108834,,0.0,2026-08-18 03:16:58,PUMP,样本不足，暂按来源分组权重；时间衰减半衰期=14天,0.6019925175700613
3747678,1549,2026-08-28 09:17:46,30,0xd1692402c26392ccc8588631d7d5ca9aed4348e5,money_printer,N,50.0,1.2,0,0,,,0,,,0,,,0,,,0,,,,,0.0,,,样本不足，暂按来源分组权重；时间衰减半衰期=14天,0.0
3747679,1549,2026-08-28 09:17:46,30,0xd1dc45800b08157ff927e8d10d330b4f7bf99985,smart_money,N,50.0,1.4,0,0,,,0,,,0,,,0,,,0,,,,,0.0,,,样本不足，暂按来源分组权重；时间衰减半衰期=14天,0.0
3747680,1549,2026-08-28 09:17:46,30,0xd1dd6d99c5fb5d31ff52eacce5046c7158859e85,smart_money,N,50.0,1.4,4,4,0.501277199964788,0.2565922132899696,4,0.501277199964788,-0.08294620716212997,4,0.501277199964788,-0.059216396905843356,2,0.495357376768603,1.7406129570568623,0,,,-0.03452849603388097,,0.0,2026-08-17 16:17:09,SWAP,样本不足，暂按来源分组权重；时间衰减半衰期=14天,1.9806427380716394
3747681,1549,2026-08-28 09:17:46,30,0xd200aec937116ffbc8eb0d493faf8428024a959e,smart_money,N,50.0,1.4,0,0,,,0,,,0,,,0,,,0,,,,,0.0,,,样本不足，暂按来源分组权重；时间衰减半衰期=14天,0.0
3747682,1549,2026-08-28 09:17:46,30,0xd2025ce53d6261c301fb6944d0826e07ffb31117,smart_money,N,50.0,1.4,0,0,,,0,,,0,,,0,,,0,,,,,0.0,,,样本不足，暂按来源分组权重；时间衰减半衰期=14天,0.0
3747683,1549,2026-08-28 09:17:46,30,0xd210bd2ed3fafe7a4de5b079392823c81b0dc56a,smart_money,N,50.0,1.4,0,0,,,0,,,0,,,0,,,0,,,,,0.0,,,样本不足，暂按来源分组权重；时间衰减半衰期=14天,0.0
3747684,1549,2026-08-28 09:17:46,30,0xd21d931890d27b6e7e2e668f27931e17698e90f1,money_printer,N,50.0,1.2,4,4,0.7257125177968675,5.399634882294119,4,0.6254832605978755,1.817306838116028,2,0.0,-9.151264968583325,1,0.0,5.388484136310223,0,,,0.6368004909584428,,0.0,2026-08-22 22:17:52,"HYPE,PUMP",样本不足，暂按来源分组权重；时间衰减半衰期=14天,2.393403080756383
3747685,1549,2026-08-28 09:17:46,30,0xd21ef30a784238abb0e25438b9c8ab2f0a279583,smart_money,N,50.0,1.4,0,0,,,0,,,0,,,0,,,0,,,,,0.0,,,样本不足，暂按来源分组权重；时间衰减半衰期=14天,0.0
3747686,1549,2026-08-28 09:17:46,30,0xd220de2f1aa9fe8ddc2c2c8e055b3341800d3c0a,smart_money,N,50.0,1.4,0,0,,,0,,,0,,,0,,,0,,,,,0.0,,,样本不足，暂按来源分组权重；时间衰减半衰期=14天,0.0
3747687,1549,2026-08-28 09:17:46,30,0xd282232463d50d54ccbccf0edc5c7562ae47c1e7,money_printer,N,50.0,1.2,0,0,,,0,,,0,,,0,,,0,,,,,0.0,,,样本不足，暂按来源分组权重；时间衰减半衰期=14天,0.0
3747688,1549,2026-08-28 09:17:46,30,0xd28aec1f84668999fef0d884bd21aeff5fdea225,smart_money,N,50.0,1.4,0,0,,,0,,,0,,,0,,,0,,,,,0.0,,,样本不足，暂按来源分组权重；时间衰减半衰期=14天,0.0
3747689,1549,2026-08-28 09:17:46,30,0xd28e005c992b168d0b20fca312958e105bb260ab,money_printer,N,50.0,1.2,2,2,0.45729688859022627,0.748825760677063,1,0.0,-0.6021926637389008,0,,,0,,,0,,,-0.6021926637389008,,0.0,2026-08-26 14:17:57,ZEC,样本不足，暂按来源分组权重；时间衰减半衰期=14天,1.6862258935420762
3747690,1549,2026-08-28 09:17:46,30,0xd2a238110d411970efdc9cccfb4110a6fe24206e,money_printer,N,50.0,1.2,0,0,,,0,,,0,,,0,,,0,,,,,0.0,,,样本不足，暂按来源分组权重；时间衰减半衰期=14天,0.0
3747691,1549,2026-08-28 09:17:46,30,0xd2a5474f4812a2c8ab798f3d908ab69c9b74873e,smart_money,N,50.0,1.4,0,0,,,0,,,0,,,0,,,0,,,,,0.0,,,样本不足，暂按来源分组权重；时间衰减半衰期=14天,0.0
3747692,1549,2026-08-28 09:17:46,30,0xd2b2a8ab7a8c903501f4db4ee45c67522a4511ed,money_printer,N,50.0,1.2,0,0,,,0,,,0,,,0,,,0,,,,,0.0,,,样本不足，暂按来源分组权重；时间衰减半衰期=14天,0.0
3747693,1549,2026-08-28 09:17:46,30,0xd331ae7d527b38be52219b84ae6260f637ba76ff,smart_money,N,50.0,1.4,0,0,,,0,,,0,,,0,,,0,,,,,0.0,,,样本不足，暂按来源分组权重；时间衰减半衰期=14天,0.0
3747694,1549,2026-08-28 09:17:46,30,0xd33c704c68518e527bdcb36f7966c80edcffbdf2,smart_money,N,50.0,1.4,0,0,,,0,,,0,,,0,,,0,,,,,0.0,,,样本不足，暂按来源分组权重；时间衰减半衰期=14天,0.0
3747695,1549,2026-08-28 09:17:46,30,0xd34521cf9842e627ce643e2bf2ffb4a3e9e13fc8,money_printer,N,50.0,1.2,0,0,,,0,,,0,,,0,,,0,,,,,0.0,,,样本不足，暂按来源分组权重；时间衰减半衰期=14天,0.0
3747696,1549,2026-08-28 09:17:46,30,0xd3746a312ea0f8c41c0ae8ecb484c1216da4f0bc,smart_money,N,50.0,1.4,0,0,,,0,,,0,,,0,,,0,,,,,0.0,,,样本不足，暂按来源分组权重；时间衰减半衰期=14天,0.0
3747697,1549,2026-08-28 09:17:46,30,0xd38c8304de77c46a488393e26554e865a373b13c,smart_money,N,50.0,1.4,0,0,,,0,,,0,,,0,,,0,,,,,0.0,,,样本不足，暂按来源分组权重；时间衰减半衰期=14天,0.0
3747698,1549,2026-08-28 09:17:46,30,0xd39bda92ff3af74498316d78c95feb852d4a4ce6,smart_money,N,50.0,1.4,0,0,,,0,,,0,,,0,,,0,,,,,0.0,,,样本不足，暂按来源分组权重；时间衰减半衰期=14天,0.0
3747699,1549,2026-08-28 09:17:46,30,0xd3b87077727556ca28cac130ceba4c420c191a2a,smart_money,N,50.0,1.4,0,0,,,0,,,0,,,0,,,0,,,,,0.0,,,样本不足，暂按来源分组权重；时间衰减半衰期=14天,0.0
3747700,1549,2026-08-28 09:17:46,30,0xd3fcada4c18d60333abf066a11b3360d81f1eca5,smart_money,N,50.0,1.4,0,0,,,0,,,0,,,0,,,0,,,,,0.0,,,样本不足，暂按来源分组权重；时间衰减半衰期=14天,0.0
3747701,1549,2026-08-28 09:17:46,30,0xd40c748c68b59c753152676f4423474e5e36ac7a,smart_money,N,50.0,1.4,0,0,,,0,,,0,,,0,,,0,,,,,0.0,,,样本不足，暂按来源分组权重；时间衰减半衰期=14天,0.0
3747702,1549,2026-08-28 09:17:46,30,0xd42827002b76a8088ba2f7d4e4b45879eb1e363b,smart_money,N,50.0,1.4,0,0,,,0,,,0,,,0,,,0,,,,,0.0,,,样本不足，暂按来源分组权重；时间衰减半衰期=14天,0.0
3747703,1549,2026-08-28 09:17:46,30,0xd4302dd22452d8031ceb1122a5cbbb01aa8f33ae,smart_money,N,50.0,1.4,0,0,,,0,,,0,,,0,,,0,,,,,0.0,,,样本不足，暂按来源分组权重；时间衰减半衰期=14天,0.0
3747704,1549,2026-08-28 09:17:46,30,0xd440715f2ce6f7ed1924f282e0096c863e7049f7,smart_money,R,10.0,-1.4,15,15,0.04040368472621677,0.08408001959034013,15,0.04040368472621677,0.08256313011053021,14,0.09740801823366507,-11.23933188052714,6,0.18825677843706756,1.3783142626343048,0,,,0.15536323425346982,,91.41471708261359,2026-08-24 09:17:54,"UPUMP,UXPL",反向钱包：7d方向胜率和平均收益偏差；时间衰减半衰期=14天,7.573728709086711
3747705,1549,2026-08-28 09:17:46,30,0xd46979f07f5d1e86ae2dcc5e6e0f3af5fe270471,smart_money,N,50.0,1.4,0,0,,,0,,,0,,,0,,,0,,,,,0.0,,,样本不足，暂按来源分组权重；时间衰减半衰期=14天,0.0
3747706,1549,2026-08-28 09:17:46,30,0xd47587702a91731dc1089b5db0932cf820151a91,money_printer,N,50.0,1.2,0,0,,,0,,,0,,,0,,,0,,,,,0.0,,,样本不足，暂按来源分组权重；时间衰减半衰期=14天,0.0
3747707,1549,2026-08-28 09:17:46,30,0xd47c1e51b759cb3754bb045ae57bc05aadcf58c2,smart_money,N,50.0,1.4,0,0,,,0,,,0,,,0,,,0,,,,,0.0,,,样本不足，暂按来源分组权重；时间衰减半衰期=14天,0.0
3747708,1549,2026-08-28 09:17:46,30,0xd487e26c62ed8c28ce3cc70b5791e501c2934982,money_printer,N,50.0,1.2,2,2,0.0,-2.1362552609944028,2,0.5,5.2540153673687895,2,1.0,8.201833051206306,2,0.5,7.770290278085123,0,,,5.2540153673687895,,0.0,2026-08-02 03:16:54,"ZEC,LIT",样本不足，暂按来源分组权重；时间衰减半衰期=14天,0.5452376191033291
3747709,1549,2026-08-28 09:17:46,30,0xd4887c7c9cf2f8a237ab68499c6d0e05d295696d,smart_money,N,50.0,1.4,0,0,,,0,,,0,,,0,,,0,,,,,0.0,,,样本不足，暂按来源分组权重；时间衰减半衰期=14天,0.0
3747710,1549,2026-08-28 09:17:46,30,0xd4bb18ef8d1bc1bfadfcc034ca69628b58b42a4c,smart_money,N,50.0,1.4,0,0,,,0,,,0,,,0,,,0,,,,,0.0,,,样本不足，暂按来源分组权重；时间衰减半衰期=14天,0.0
3747711,1549,2026-08-28 09:17:46,30,0xd4c1f7e8d876c4749228d515473d36f919583d1d,money_printer,R,10.0,-1.2,44,42,0.3704834110572354,-1.5456530300173048,38,0.3216640746158887,-4.926947423478556,17,0.2447579581757319,-13.196751621768003,1,0.0,-23.846579967817654,0,,,-5.357399823015903,,67.8387266918829,2026-08-27 18:17:56,"ZEC,HYPE,ETH,XRP,PUMP",反向钱包：7d方向胜率和平均收益偏差；时间衰减半衰期=14天,30.778182779692926
3747712,1549,2026-08-28 09:17:46,30,0xd4eeed940e2c0b4b13910128fad5e0bc987e759e,smart_money,N,50.0,1.4,1,1,0.0,-4.56621004566211,1,0.0,-10.510898595675028,1,0.0,-4.514517101748953,1,0.0,-13.061083828724051,0,,,-10.510898595675028,,0.0,2026-08-02 18:16:55,HYPE,样本不足，暂按来源分组权重；时间衰减半衰期=14天,0.2811867842201424
3747713,1549,2026-08-28 09:17:46,30,0xd52936fa285cfa500440e31355c0b28f4b740729,smart_money,N,50.0,1.4,0,0,,,0,,,0,,,0,,,0,,,,,0.0,,,样本不足，暂按来源分组权重；时间衰减半衰期=14天,0.0
3747714,1549,2026-08-28 09:17:46,30,0xd52cdf1414351d2c37cfe60a62dde69256044ce0,smart_money,N,50.0,1.4,0,0,,,0,,,0,,,0,,,0,,,,,0.0,,,样本不足，暂按来源分组权重；时间衰减半衰期=14天,0.0
3747715,1549,2026-08-28 09:17:46,30,0xd576d1feee6bc976d849ac0918f79d9db7c97906,smart_money,N,50.0,1.4,0,0,,,0,,,0,,,0,,,0,,,,,0.0,,,样本不足，暂按来源分组权重；时间衰减半衰期=14天,0.0
3747716,1549,2026-08-28 09:17:46,30,0xd598a3ad5637687537d2eb2d69dba4c65a6d9646,smart_money,N,50.0,1.4,0,0,,,0,,,0,,,0,,,0,,,,,0.0,,,样本不足，暂按来源分组权重；时间衰减半衰期=14天,0.0
3747717,1549,2026-08-28 09:17:46,30,0xd5ac4fa2cd568dd7573e081d405da541ff82cbec,smart_money,N,50.0,1.4,0,0,,,0,,,0,,,0,,,0,,,,,0.0,,,样本不足，暂按来源分组权重；时间衰减半衰期=14天,0.0
3747718,1549,2026-08-28 09:17:46,30,0xd5c7757d91cbd59543c8ef64738d806e57d2212b,money_printer,N,50.0,1.2,0,0,,,0,,,0,,,0,,,0,,,,,0.0,,,样本不足，暂按来源分组权重；时间衰减半衰期=14天,0.0
3747719,1549,2026-08-28 09:17:46,30,0xd5da6d6270974c43c654d318e66165e6fd166cac,smart_money,N,50.0,1.4,0,0,,,0,,,0,,,0,,,0,,,,,0.0,,,样本不足，暂按来源分组权重；时间衰减半衰期=14天,0.0
3747720,1549,2026-08-28 09:17:46,30,0xd5ff5491f6f3c80438e02c281726757baf4d1070,money_printer,N,50.0,1.2,0,0,,,0,,,0,,,0,,,0,,,,,0.0,,,样本不足，暂按来源分组权重；时间衰减半衰期=14天,0.0
3747721,1549,2026-08-28 09:17:46,30,0xd62d484bda5391d75b414e68f9ddcedb207b7d91,money_printer,N,50.0,1.2,0,0,,,0,,,0,,,0,,,0,,,,,0.0,,,样本不足，暂按来源分组权重；时间衰减半衰期=14天,0.0
3747722,1549,2026-08-28 09:17:46,30,0xd638d4c9d4f434df60c671f758f6655c0771da4f,smart_money,N,50.0,1.4,0,0,,,0,,,0,,,0,,,0,,,,,0.0,,,样本不足，暂按来源分组权重；时间衰减半衰期=14天,0.0
3747723,1549,2026-08-28 09:17:46,30,0xd63c228ea09e4d999f5fb3ed7d3529756e3a724f,money_printer,N,50.0,1.2,0,0,,,0,,,0,,,0,,,0,,,,,0.0,,,样本不足，暂按来源分组权重；时间衰减半衰期=14天,0.0
3747724,1549,2026-08-28 09:17:46,30,0xd65ac35cd234c8718b876ab304fa56c8995e387f,smart_money,N,50.0,1.4,0,0,,,0,,,0,,,0,,,0,,,,,0.0,,,样本不足，暂按来源分组权重；时间衰减半衰期=14天,0.0
3747725,1549,2026-08-28 09:17:46,30,0xd6608f4027ee90db6dc45d0b4b8e2fb0a49c1f61,smart_money,N,50.0,1.4,0,0,,,0,,,0,,,0,,,0,,,,,0.0,,,样本不足，暂按来源分组权重；时间衰减半衰期=14天,0.0
3747726,1549,2026-08-28 09:17:46,30,0xd670ced0fbe4e126f8f066d3d2579fe532f0b2ca,smart_money,N,50.0,1.4,0,0,,,0,,,0,,,0,,,0,,,,,0.0,,,样本不足，暂按来源分组权重；时间衰减半衰期=14天,0.0
3747727,1549,2026-08-28 09:17:46,30,0xd67ca2c6f8bc84acf4fa4472b82a8740dc0a53ff,money_printer,R,18.564990857670328,-1.2,12,11,0.4673000980952079,-0.07385985165817285,10,0.25758969716256064,-1.4350091423296727,9,0.0,0.6066331253197872,9,0.352446905130809,-0.27756945034747776,0,,,-0.34781974904671376,,42.26572159262768,2026-08-27 19:18:03,"HYPE,BTC,ZEC",反向钱包：72h方向胜率和平均收益偏差；时间衰减半衰期=14天,4.2757570535201985
3747728,1549,2026-08-28 09:17:46,30,0xd67f9ed4f542cfa6b70d8a92b40070a2bc080a5e,smart_money,N,50.0,1.4,0,0,,,0,,,0,,,0,,,0,,,,,0.0,,,样本不足，暂按来源分组权重；时间衰减半衰期=14天,0.0
3747729,1549,2026-08-28 09:17:46,30,0xd6c757043e7d59088969b188923c62fa960afe9b,smart_money,N,50.0,1.4,0,0,,,0,,,0,,,0,,,0,,,,,0.0,,,样本不足，暂按来源分组权重；时间衰减半衰期=14天,0.0
3747730,1549,2026-08-28 09:17:46,30,0xd6e1a6f7bb47aca69aaa511210227d40926ff256,money_printer,N,50.0,1.2,5,5,0.21841739911797148,-3.643372884182366,5,0.41100231339616317,-2.3332984787083584,0,,,0,,,0,,,-2.473578698517546,,0.0,2026-08-24 11:17:56,"TRUMP,DOGE",样本不足，暂按来源分组权重；时间衰减半衰期=14天,3.7713647057160866
3747731,1549,2026-08-28 09:17:46,30,0xd6e56265890b76413d1d527eb9b75e334c0c5b42,money_printer,N,50.0,1.2,2,2,0.5046400447810492,-0.9682208911493446,2,0.5046400447810492,-1.3650168854801046,2,0.5046400447810492,-0.563443822375339,0,,,0,,,-1.4680462671502612,,0.0,2026-08-20 05:17:06,HYPE,样本不足，暂按来源分组权重；时间衰减半衰期=14天,1.3225360053650381
3747732,1549,2026-08-28 09:17:46,30,0xd6ef5649200101eb44ce8949f4cfb167b0c5a07a,money_printer,N,50.0,1.2,0,0,,,0,,,0,,,0,,,0,,,,,0.0,,,样本不足，暂按来源分组权重；时间衰减半衰期=14天,0.0
3747733,1549,2026-08-28 09:17:46,30,0xd70c9e61ba506a8cf1c25b54d14b25abdc048fd4,smart_money,N,50.0,1.4,0,0,,,0,,,0,,,0,,,0,,,,,0.0,,,样本不足，暂按来源分组权重；时间衰减半衰期=14天,0.0
3747734,1549,2026-08-28 09:17:46,30,0xd71c6b3760cfd22e50e5514d163986552a96930b,smart_money,N,50.0,1.4,0,0,,,0,,,0,,,0,,,0,,,,,0.0,,,样本不足，暂按来源分组权重；时间衰减半衰期=14天,0.0
3747735,1549,2026-08-28 09:17:46,30,0xd72699df7b670ab92170a82b6373eca0c90d216b,smart_money,N,50.0,1.4,0,0,,,0,,,0,,,0,,,0,,,,,0.0,,,样本不足，暂按来源分组权重；时间衰减半衰期=14天,0.0
3747736,1549,2026-08-28 09:17:46,30,0xd72cfd2424e26ba32e46b7b2aff95eff34247a71,smart_money,N,50.0,1.4,0,0,,,0,,,0,,,0,,,0,,,,,0.0,,,样本不足，暂按来源分组权重；时间衰减半衰期=14天,0.0
3747737,1549,2026-08-28 09:17:46,30,0xd730cd62cda9cfdc109be2d819b0337fafdca959,money_printer,N,50.0,1.2,0,0,,,0,,,0,,,0,,,0,,,,,0.0,,,样本不足，暂按来源分组权重；时间衰减半衰期=14天,0.0
3747738,1549,2026-08-28 09:17:46,30,0xd733e6e0ffa461902ff3c63556b31fd41233d525,smart_money,N,50.0,1.4,0,0,,,0,,,0,,,0,,,0,,,,,0.0,,,样本不足，暂按来源分组权重；时间衰减半衰期=14天,0.0
3747739,1549,2026-08-28 09:17:46,30,0xd7583e3cf08bbcab66f1242195227bbf9f865fda,smart_money,N,50.0,1.4,0,0,,,0,,,0,,,0,,,0,,,,,0.0,,,样本不足，暂按来源分组权重；时间衰减半衰期=14天,0.0
3747740,1549,2026-08-28 09:17:46,30,0xd759e86ed8ca3b9af4fbd87b295f2feea3b8daf3,smart_money,N,50.0,1.4,0,0,,,0,,,0,,,0,,,0,,,,,0.0,,,样本不足，暂按来源分组权重；时间衰减半衰期=14天,0.0
3747741,1549,2026-08-28 09:17:46,30,0xd77eb80f38fec10d87a192d07329415173307e93,smart_money,N,50.0,1.4,0,0,,,0,,,0,,,0,,,0,,,,,0.0,,,样本不足，暂按来源分组权重；时间衰减半衰期=14天,0.0
3747742,1549,2026-08-28 09:17:46,30,0xd7846935d7e5a49e20b9887e6465cb765f4c2937,smart_money,N,50.0,1.4,0,0,,,0,,,0,,,0,,,0,,,,,0.0,,,样本不足，暂按来源分组权重；时间衰减半衰期=14天,0.0
3747743,1549,2026-08-28 09:17:46,30,0xd7a678fcf72c1b602850ef2f3e2d668ec41fa0ed,money_printer,N,50.0,1.2,0,0,,,0,,,0,,,0,,,0,,,,,0.0,,,样本不足，暂按来源分组权重；时间衰减半衰期=14天,0.0
3747744,1549,2026-08-28 09:17:46,30,0xd7a813a0539fd213bb46b4d3aab84b87cbeac7c7,smart_money,N,50.0,1.4,0,0,,,0,,,0,,,0,,,0,,,,,0.0,,,样本不足，暂按来源分组权重；时间衰减半衰期=14天,0.0
3747745,1549,2026-08-28 09:17:46,30,0xd82cb57a8d039760a2073a96aa1a8d9eded94068,smart_money,N,50.0,1.4,0,0,,,0,,,0,,,0,,,0,,,,,0.0,,,样本不足，暂按来源分组权重；时间衰减半衰期=14天,0.0
3747746,1549,2026-08-28 09:17:46,30,0xd82f7d84a524b8e82de0cb3df1f04e338604fd8e,money_printer,N,50.0,1.2,0,0,,,0,,,0,,,0,,,0,,,,,0.0,,,样本不足，暂按来源分组权重；时间衰减半衰期=14天,0.0
3747747,1549,2026-08-28 09:17:46,30,0xd831409a48d8b21d59245c12b1540a0820446203,smart_money,N,50.0,1.4,0,0,,,0,,,0,,,0,,,0,,,,,0.0,,,样本不足，暂按来源分组权重；时间衰减半衰期=14天,0.0
3747748,1549,2026-08-28 09:17:46,30,0xd83687a8ad139688f5d0eaa9fc352a10f532c2af,smart_money,N,50.0,1.4,0,0,,,0,,,0,,,0,,,0,,,,,0.0,,,样本不足，暂按来源分组权重；时间衰减半衰期=14天,0.0
3747749,1549,2026-08-28 09:17:46,30,0xd83989ae5084a9b68ef52393f780249e0e597255,smart_money,N,50.0,1.4,0,0,,,0,,,0,,,0,,,0,,,,,0.0,,,样本不足，暂按来源分组权重；时间衰减半衰期=14天,0.0
3747750,1549,2026-08-28 09:17:46,30,0xd8495b95a3a6a85f4e3baa003e8b7ed1ed85562d,money_printer,N,50.0,1.2,0,0,,,0,,,0,,,0,,,0,,,,,0.0,,,样本不足，暂按来源分组权重；时间衰减半衰期=14天,0.0
3747751,1549,2026-08-28 09:17:46,30,0xd8ad0fd8b59b759d9ba4f1293b1f8d8d113b7598,smart_money,N,50.0,1.4,0,0,,,0,,,0,,,0,,,0,,,,,0.0,,,样本不足，暂按来源分组权重；时间衰减半衰期=14天,0.0
3747752,1549,2026-08-28 09:17:46,30,0xd8c5228c515db3043dfa0c8cd6f22450ee9a99b0,money_printer,N,50.0,1.2,0,0,,,0,,,0,,,0,,,0,,,,,0.0,,,样本不足，暂按来源分组权重；时间衰减半衰期=14天,0.0
3747753,1549,2026-08-28 09:17:46,30,0xd8c5d4d36ddb2634491076c3d3bc541ed4646d3f,smart_money,N,50.0,1.4,0,0,,,0,,,0,,,0,,,0,,,,,0.0,,,样本不足，暂按来源分组权重；时间衰减半衰期=14天,0.0
3747754,1549,2026-08-28 09:17:46,30,0xd8d0358919a944d4efa98713795d49b030e43ef9,smart_money,N,50.0,1.4,0,0,,,0,,,0,,,0,,,0,,,,,0.0,,,样本不足，暂按来源分组权重；时间衰减半衰期=14天,0.0
3747755,1549,2026-08-28 09:17:46,30,0xd8d324f57cfec258ffdbbc82cc6c073e5b14abea,smart_money,N,50.0,1.4,0,0,,,0,,,0,,,0,,,0,,,,,0.0,,,样本不足，暂按来源分组权重；时间衰减半衰期=14天,0.0
3747756,1549,2026-08-28 09:17:46,30,0xd8efd7ef9839461c8feb551dd8a80b7e0a26e093,money_printer,N,50.0,1.2,0,0,,,0,,,0,,,0,,,0,,,,,0.0,,,样本不足，暂按来源分组权重；时间衰减半衰期=14天,0.0
3747757,1549,2026-08-28 09:17:46,30,0xd908620dd5320d9bf0e34c614f7cf9c933dcf680,smart_money,N,50.0,1.4,0,0,,,0,,,0,,,0,,,0,,,,,0.0,,,样本不足，暂按来源分组权重；时间衰减半衰期=14天,0.0
3747758,1549,2026-08-28 09:17:46,30,0xd911e53d53b663972254e086450fd6198a25961e,money_printer,R,13.755871173326451,-1.2,42,41,0.27950094467760944,-0.2829725362642665,39,0.24047356147547183,-0.12162948083713164,32,0.36904716838062984,1.5639436812201293,13,0.2656436305953439,-6.244128826673548,0,,,-0.10995825417069094,,64.49701910474498,2026-08-27 10:17:52,ETH,反向钱包：15d方向胜率和平均收益偏差；时间衰减半衰期=14天,23.44051130552918
3747759,1549,2026-08-28 09:17:46,30,0xd91f2df982c453b23a37d16a2e5bd8964fda7ad6,smart_money,N,50.0,1.4,0,0,,,0,,,0,,,0,,,0,,,,,0.0,,,样本不足，暂按来源分组权重；时间衰减半衰期=14天,0.0
3747760,1549,2026-08-28 09:17:46,30,0xd92027fc1bf15ea8e1c9c0a1aa4a9f58b5433f20,smart_money,N,50.0,1.4,0,0,,,0,,,0,,,0,,,0,,,,,0.0,,,样本不足，暂按来源分组权重；时间衰减半衰期=14天,0.0
3747761,1549,2026-08-28 09:17:46,30,0xd9271f589a561f18dba9e9b544c3f314538ee204,smart_money,N,50.0,1.4,0,0,,,0,,,0,,,0,,,0,,,,,0.0,,,样本不足，暂按来源分组权重；时间衰减半衰期=14天,0.0
3747762,1549,2026-08-28 09:17:46,30,0xd93db9fc95c19c1eaab854281890e9e77b18ae3f,smart_money,N,50.0,1.4,0,0,,,0,,,0,,,0,,,0,,,,,0.0,,,样本不足，暂按来源分组权重；时间衰减半衰期=14天,0.0
3747763,1549,2026-08-28 09:17:46,30,0xd96ea3bcce83d4e1ef8abd1776eecd0cea1bb09e,money_printer,N,50.0,1.2,0,0,,,0,,,0,,,0,,,0,,,,,0.0,,,样本不足，暂按来源分组权重；时间衰减半衰期=14天,0.0
3747764,1549,2026-08-28 09:17:46,30,0xd974cce30cc2f4161fde8295fed2cc097ba7658d,smart_money,N,50.0,1.4,0,0,,,0,,,0,,,0,,,0,,,,,0.0,,,样本不足，暂按来源分组权重；时间衰减半衰期=14天,0.0
3747765,1549,2026-08-28 09:17:46,30,0xd9a1ed9aac149bf9bd655f9b9ddecf9bd04316b3,money_printer,N,50.0,1.2,0,0,,,0,,,0,,,0,,,0,,,,,0.0,,,样本不足，暂按来源分组权重；时间衰减半衰期=14天,0.0
3747766,1549,2026-08-28 09:17:46,30,0xd9aecd4df04f0e8bd6320fd3fcb92d9c06dadf94,smart_money,N,50.0,1.4,0,0,,,0,,,0,,,0,,,0,,,,,0.0,,,样本不足，暂按来源分组权重；时间衰减半衰期=14天,0.0
3747767,1549,2026-08-28 09:17:46,30,0xd9c1ef5e179d706c4296b3abccbba362eb24158b,smart_money,N,50.0,1.4,0,0,,,0,,,0,,,0,,,0,,,,,0.0,,,样本不足，暂按来源分组权重；时间衰减半衰期=14天,0.0
3747768,1549,2026-08-28 09:17:46,30,0xd9efb310452b02b033df507a428c40d14b73b073,money_printer,N,50.0,1.2,0,0,,,0,,,0,,,0,,,0,,,,,0.0,,,样本不足，暂按来源分组权重；时间衰减半衰期=14天,0.0
3747769,1549,2026-08-28 09:17:46,30,0xd9f7e56fb5e1824b6bc43d93dcd30586b990e95e,smart_money,N,50.0,1.4,4,4,0.0,0.023479384035024288,0,,,0,,,0,,,0,,,,,0.0,2026-08-27 06:17:58,DOGE,样本不足，暂按来源分组权重；时间衰减半衰期=14天,3.6601860446783627
3747770,1549,2026-08-28 09:17:46,30,0xda0440148160f0d4c6d7434ca1cc474f8af7eb2f,smart_money,N,50.0,1.4,0,0,,,0,,,0,,,0,,,0,,,,,0.0,,,样本不足，暂按来源分组权重；时间衰减半衰期=14天,0.0
3747771,1549,2026-08-28 09:17:46,30,0xda0950da3882ef1ae1e41e99ebe31e6b3324c17f,smart_money,N,50.0,1.4,0,0,,,0,,,0,,,0,,,0,,,,,0.0,,,样本不足，暂按来源分组权重；时间衰减半衰期=14天,0.0
3747772,1549,2026-08-28 09:17:46,30,0xda223307bc8b0f530f66d55c413172b16349c9b3,money_printer,N,50.0,1.2,0,0,,,0,,,0,,,0,,,0,,,,,0.0,,,样本不足，暂按来源分组权重；时间衰减半衰期=14天,0.0
3747773,1549,2026-08-28 09:17:46,30,0xda3cdff67ce27fa68ba5600a7c95efd8153d9f15,money_printer,N,50.0,1.2,0,0,,,0,,,0,,,0,,,0,,,,,0.0,,,样本不足，暂按来源分组权重；时间衰减半衰期=14天,0.0
3747774,1549,2026-08-28 09:17:46,30,0xda6816df552c3f9e0fb64979fb357800d690d79b,smart_money,N,50.0,1.4,0,0,,,0,,,0,,,0,,,0,,,,,0.0,,,样本不足，暂按来源分组权重；时间衰减半衰期=14天,0.0
3747775,1549,2026-08-28 09:17:46,30,0xda7176d42d075e6e99f6c202a7f6d2c48065879e,smart_money,N,50.0,1.4,0,0,,,0,,,0,,,0,,,0,,,,,0.0,,,样本不足，暂按来源分组权重；时间衰减半衰期=14天,0.0
3747776,1549,2026-08-28 09:17:46,30,0xda744273f80b22412417f7cfe0503f3d721f987d,smart_money,N,50.0,1.4,1,1,1.0,2.648477410885006,1,1.0,7.85030014174681,1,0.0,2.6960434563391162,1,1.0,12.112217814435343,0,,,7.850300141746811,,0.0,2026-08-02 22:16:55,HYPE,样本不足，暂按来源分组权重；时间衰减半衰期=14天,0.2835166674603611
3747777,1549,2026-08-28 09:17:46,30,0xdad130ad870dc81139b2a7b1416ab8d68144f76f,smart_money,N,50.0,1.4,0,0,,,0,,,0,,,0,,,0,,,,,0.0,,,样本不足，暂按来源分组权重；时间衰减半衰期=14天,0.0
3747778,1549,2026-08-28 09:17:46,30,0xdb095d5a4f412fc6b14e6204c1db78bd14becbc1,smart_money,N,50.0,1.4,0,0,,,0,,,0,,,0,,,0,,,,,0.0,,,样本不足，暂按来源分组权重；时间衰减半衰期=14天,0.0
3747779,1549,2026-08-28 09:17:46,30,0xdb09bf299d9ea9af66f4756bfc7f5ee3c8528976,smart_money,N,50.0,1.4,0,0,,,0,,,0,,,0,,,0,,,,,0.0,,,样本不足，暂按来源分组权重；时间衰减半衰期=14天,0.0
3747780,1549,2026-08-28 09:17:46,30,0xdb36e1fa10690f5dcd1a74c2957efc65cf834a1a,smart_money,N,50.0,1.4,0,0,,,0,,,0,,,0,,,0,,,,,0.0,,,样本不足，暂按来源分组权重；时间衰减半衰期=14天,0.0
3747781,1549,2026-08-28 09:17:46,30,0xdb43735bb6deb18c7dffb6fe551032cc2653a1ef,smart_money,N,50.0,1.4,0,0,,,0,,,0,,,0,,,0,,,,,0.0,,,样本不足，暂按来源分组权重；时间衰减半衰期=14天,0.0
3747782,1549,2026-08-28 09:17:46,30,0xdb6f5c58bb13d8aa101b0a5d1a70f737b5d1cd1c,smart_money,N,50.0,1.4,1,1,0.0,-12.164913877775918,1,0.0,-15.5139783915866,1,0.0,-17.272357041899237,0,,,0,,,-15.5139783915866,,0.0,2026-08-19 16:17:05,ETH,样本不足，暂按来源分组权重；时间衰减半衰期=14天,0.6497435422161318
3747783,1549,2026-08-28 09:17:46,30,0xdbbdee771e62ab57894e8b8bdefbe094d3135ddd,smart_money,N,50.0,1.4,0,0,,,0,,,0,,,0,,,0,,,,,0.0,,,样本不足，暂按来源分组权重；时间衰减半衰期=14天,0.0
3747784,1549,2026-08-28 09:17:46,30,0xdbcc96bcada067864902aad14e029fe7c422f147,money_printer,N,50.0,1.2,9,9,0.3333333333333333,0.43976830508322673,9,0.44444444444444436,2.4442746535266995,9,0.11111111111111109,2.2444832127085745,9,0.11111111111111109,-23.00020213466975,0,,,2.4442746535266995,,0.0,2026-08-12 07:17:08,"BTC,NEAR,LIT,UNI,XPL",样本不足，暂按来源分组权重；时间衰减半衰期=14天,4.0588866807695165
3747785,1549,2026-08-28 09:17:46,30,0xdbd1bac81ad581c7198c9d155ca468f32a0c29dd,money_printer,N,50.0,1.2,0,0,,,0,,,0,,,0,,,0,,,,,0.0,,,样本不足，暂按来源分组权重；时间衰减半衰期=14天,0.0
3747786,1549,2026-08-28 09:17:46,30,0xdc38f7ee386b7eea3842643e56b08ee5bb40f625,smart_money,N,50.0,1.4,0,0,,,0,,,0,,,0,,,0,,,,,0.0,,,样本不足，暂按来源分组权重；时间衰减半衰期=14天,0.0
3747787,1549,2026-08-28 09:17:46,30,0xdc5289909be4f3ce2604806bdd1448fd307f19f5,smart_money,N,50.0,1.4,0,0,,,0,,,0,,,0,,,0,,,,,0.0,,,样本不足，暂按来源分组权重；时间衰减半衰期=14天,0.0
3747788,1549,2026-08-28 09:17:46,30,0xdc6ce65c700bc839382b1316770c38b5bdf861d4,smart_money,N,50.0,1.4,0,0,,,0,,,0,,,0,,,0,,,,,0.0,,,样本不足，暂按来源分组权重；时间衰减半衰期=14天,0.0
3747789,1549,2026-08-28 09:17:46,30,0xdc7be236c4b1ee77d16758451a198275ec9839b6,smart_money,N,50.0,1.4,0,0,,,0,,,0,,,0,,,0,,,,,0.0,,,样本不足，暂按来源分组权重；时间衰减半衰期=14天,0.0
3747790,1549,2026-08-28 09:17:46,30,0xdc931389c5ba42f4ef6202a2b678564e1d3c1350,smart_money,N,50.0,1.4,0,0,,,0,,,0,,,0,,,0,,,,,0.0,,,样本不足，暂按来源分组权重；时间衰减半衰期=14天,0.0
3747791,1549,2026-08-28 09:17:46,30,0xdca131ba8f428bd2f90ae962e4cb2d226312505e,money_printer,N,50.0,1.2,0,0,,,0,,,0,,,0,,,0,,,,,0.0,,,样本不足，暂按来源分组权重；时间衰减半衰期=14天,0.0
3747792,1549,2026-08-28 09:17:46,30,0xdca48e2b01f734fef27fcae98e5bfbd9f91043ff,smart_money,N,50.0,1.4,0,0,,,0,,,0,,,0,,,0,,,,,0.0,,,样本不足，暂按来源分组权重；时间衰减半衰期=14天,0.0
3747793,1549,2026-08-28 09:17:46,30,0xdcac85ecae7148886029c20e661d848a4de99ce2,smart_money,C,28.614533204047703,0.77,15,15,0.09182091819291373,0.5958737574918795,15,0.09182091819291373,1.0600674757465454,14,0.1041176979126973,1.2721627314487585,9,0.36749851668450356,-0.44701096739714913,0,,,0.7570082116970683,,0.0,2026-08-24 18:18:36,"NEKO,KNTQ,CFX0",C级：噪音偏多，降权参考，主周期=7d；时间衰减半衰期=14天,7.076203930470777
3747794,1549,2026-08-28 09:17:46,30,0xdcf8a86ff20b0e42f31d76fa86bb5c6c8992cf4c,smart_money,N,50.0,1.4,0,0,,,0,,,0,,,0,,,0,,,,,0.0,,,样本不足，暂按来源分组权重；时间衰减半衰期=14天,0.0
3747795,1549,2026-08-28 09:17:46,30,0xdd08886cb92c689c7d89c88f048028293296ead1,smart_money,N,50.0,1.4,0,0,,,0,,,0,,,0,,,0,,,,,0.0,,,样本不足，暂按来源分组权重；时间衰减半衰期=14天,0.0
3747796,1549,2026-08-28 09:17:46,30,0xdd0c5de50d72e5eaa96816e920e41ce89c4b8888,money_printer,N,50.0,1.2,2,2,0.0,0.0,2,0.0,0.0,0,,,0,,,0,,,0.0,,0.0,2026-08-25 04:17:50,"DRV,KNTQ",样本不足，暂按来源分组权重；时间衰减半衰期=14天,1.692299228263596
3747797,1549,2026-08-28 09:17:46,30,0xdd539d21ad8dca18566086d6b265dc86a82e0caa,smart_money,N,50.0,1.4,0,0,,,0,,,0,,,0,,,0,,,,,0.0,,,样本不足，暂按来源分组权重；时间衰减半衰期=14天,0.0
3747798,1549,2026-08-28 09:17:46,30,0xdd7a372377fc633f74ab6e20963803d52f448830,money_printer,N,50.0,1.2,5,5,0.582048514488203,-1.0538928143278694,5,0.3769423900418075,5.936347252152966,3,0.6588290697115821,13.718861950127781,0,,,0,,,6.936109521152073,,0.0,2026-08-23 21:17:49,ZEC,样本不足，暂按来源分组权重；时间衰减半衰期=14天,3.5926558555345505
3747799,1549,2026-08-28 09:17:46,30,0xdd84ce1adcb3a4908db61a1dfa3353c3974c5a2b,smart_money,N,50.0,1.4,0,0,,,0,,,0,,,0,,,0,,,,,0.0,,,样本不足，暂按来源分组权重；时间衰减半衰期=14天,0.0
3747800,1549,2026-08-28 09:17:46,30,0xdd966dff1c320d96b001bc2c0b03cf6145b64421,smart_money,N,50.0,1.4,0,0,,,0,,,0,,,0,,,0,,,,,0.0,,,样本不足，暂按来源分组权重；时间衰减半衰期=14天,0.0
3747801,1549,2026-08-28 09:17:46,30,0xdd9f274410c8c704bdbb599dce6c4fb34be4f50a,money_printer,N,50.0,1.2,2,1,0.0,0.8435925533673215,0,,,0,,,0,,,0,,,,,0.0,2026-08-27 11:17:58,"HYPE,BTC",样本不足，暂按来源分组权重；时间衰减半衰期=14天,0.8781386602746245
3747802,1549,2026-08-28 09:17:46,30,0xddc7e50a83710f9c62efb558bcd0f640314ae2f8,money_printer,N,50.0,1.2,0,0,,,0,,,0,,,0,,,0,,,,,0.0,,,样本不足，暂按来源分组权重；时间衰减半衰期=14天,0.0
3747803,1549,2026-08-28 09:17:46,30,0xddce6ae3db95eb2a0259aeeab3f6932902354830,money_printer,N,50.0,1.2,0,0,,,0,,,0,,,0,,,0,,,,,0.0,,,样本不足，暂按来源分组权重；时间衰减半衰期=14天,0.0
3747804,1549,2026-08-28 09:17:46,30,0xdde01147aac2152dd0776bc3ed84cc96474df52d,smart_money,N,50.0,1.4,0,0,,,0,,,0,,,0,,,0,,,,,0.0,,,样本不足，暂按来源分组权重；时间衰减半衰期=14天,0.0
3747805,1549,2026-08-28 09:17:46,30,0xde0695cdc60ac0dedb8739951eff70006cafab15,money_printer,N,50.0,1.2,0,0,,,0,,,0,,,0,,,0,,,,,0.0,,,样本不足，暂按来源分组权重；时间衰减半衰期=14天,0.0
3747806,1549,2026-08-28 09:17:46,30,0xde1e6c1bec4d1754eb5487421f9e79a77b4fe871,smart_money,N,50.0,1.4,0,0,,,0,,,0,,,0,,,0,,,,,0.0,,,样本不足，暂按来源分组权重；时间衰减半衰期=14天,0.0
3747807,1549,2026-08-28 09:17:46,30,0xde22e70994ffd3748b78c82af635d8c584044903,smart_money,N,50.0,1.4,0,0,,,0,,,0,,,0,,,0,,,,,0.0,,,样本不足，暂按来源分组权重；时间衰减半衰期=14天,0.0
3747808,1549,2026-08-28 09:17:46,30,0xde6b2a06407575b98724818445178c1f5fd53361,smart_money,N,50.0,1.4,2,2,0.7435508908831905,1.1353504844236697,2,0.7435508908831905,2.5862537226141895,1,0.0,-3.188086341765004,1,0.0,-1.3440498911319587,0,,,1.487303415536337,,0.0,2026-08-23 07:17:51,"ETH,BTC",样本不足，暂按来源分组权重；时间衰减半衰期=14天,1.0456539637662627
3747809,1549,2026-08-28 09:17:46,30,0xde7639510e3e73d90e7f86d783134ed328f5b2e0,smart_money,N,50.0,1.4,0,0,,,0,,,0,,,0,,,0,,,,,0.0,,,样本不足，暂按来源分组权重；时间衰减半衰期=14天,0.0
3747810,1549,2026-08-28 09:17:46,30,0xde87db9becc56de225a24b9fcb135b21e5b09c1b,smart_money,N,50.0,1.4,0,0,,,0,,,0,,,0,,,0,,,,,0.0,,,样本不足，暂按来源分组权重；时间衰减半衰期=14天,0.0
3747811,1549,2026-08-28 09:17:46,30,0xde8a6d588f8067e761bac811a102e0146c721e41,smart_money,N,50.0,1.4,0,0,,,0,,,0,,,0,,,0,,,,,0.0,,,样本不足，暂按来源分组权重；时间衰减半衰期=14天,0.0
3747812,1549,2026-08-28 09:17:46,30,0xdeb7582b362a752970fbd2507d0fb5dd27ed379a,smart_money,N,50.0,1.4,0,0,,,0,,,0,,,0,,,0,,,,,0.0,,,样本不足，暂按来源分组权重；时间衰减半衰期=14天,0.0
3747813,1549,2026-08-28 09:17:46,30,0xdec960c1ded3634c16f5b6c239452fc591b205bb,smart_money,N,50.0,1.4,0,0,,,0,,,0,,,0,,,0,,,,,0.0,,,样本不足，暂按来源分组权重；时间衰减半衰期=14天,0.0
3747814,1549,2026-08-28 09:17:46,30,0xdee7297778b8755343e96e0b99eecf549195b856,smart_money,N,50.0,1.4,0,0,,,0,,,0,,,0,,,0,,,,,0.0,,,样本不足，暂按来源分组权重；时间衰减半衰期=14天,0.0
3747815,1549,2026-08-28 09:17:46,30,0xdf013f7104e62f6b10756caf5d683fd94c92c414,money_printer,N,50.0,1.2,0,0,,,0,,,0,,,0,,,0,,,,,0.0,,,样本不足，暂按来源分组权重；时间衰减半衰期=14天,0.0
3747816,1549,2026-08-28 09:17:46,30,0xdf52df044f1b150dfa79590909cdac6ad83d59fc,smart_money,N,50.0,1.4,0,0,,,0,,,0,,,0,,,0,,,,,0.0,,,样本不足，暂按来源分组权重；时间衰减半衰期=14天,0.0
3747817,1549,2026-08-28 09:17:46,30,0xdf81987465681d0515058fe0a47a3bd174012730,smart_money,N,50.0,1.4,0,0,,,0,,,0,,,0,,,0,,,,,0.0,,,样本不足，暂按来源分组权重；时间衰减半衰期=14天,0.0
3747818,1549,2026-08-28 09:17:46,30,0xdf86c7c9069e9bd5bac9d97e21f9aa10f728fb86,smart_money,N,50.0,1.4,0,0,,,0,,,0,,,0,,,0,,,,,0.0,,,样本不足，暂按来源分组权重；时间衰减半衰期=14天,0.0
3747819,1549,2026-08-28 09:17:46,30,0xdfaf7cd4ab0fc1d7f5ccf3216769f26bcd041a61,smart_money,N,50.0,1.4,0,0,,,0,,,0,,,0,,,0,,,,,0.0,,,样本不足，暂按来源分组权重；时间衰减半衰期=14天,0.0
3747820,1549,2026-08-28 09:17:46,30,0xdfc24b077bc1425ad1dea75bcb6f8158e10df303,"money_printer,smart_money",N,50.0,1.8,0,0,,,0,,,0,,,0,,,0,,,,,0.0,,,样本不足，暂按来源分组权重；时间衰减半衰期=14天,0.0
3747821,1549,2026-08-28 09:17:46,30,0xdfd50d93227ad4f896e1ed00c75aa422950a4a51,smart_money,N,50.0,1.4,0,0,,,0,,,0,,,0,,,0,,,,,0.0,,,样本不足，暂按来源分组权重；时间衰减半衰期=14天,0.0
3747822,1549,2026-08-28 09:17:46,30,0xdfe5195e7cc1a2eca9b0df09d4646472a8c4a402,money_printer,N,50.0,1.2,0,0,,,0,,,0,,,0,,,0,,,,,0.0,,,样本不足，暂按来源分组权重；时间衰减半衰期=14天,0.0
3747823,1549,2026-08-28 09:17:46,30,0xdfee2d4f729723aed67eed4bfb7a998dbb4294c0,smart_money,N,50.0,1.4,0,0,,,0,,,0,,,0,,,0,,,,,0.0,,,样本不足，暂按来源分组权重；时间衰减半衰期=14天,0.0
3747824,1549,2026-08-28 09:17:46,30,0xe02e420ec55b4e03924d77c7b342c012541ba2d3,money_printer,N,50.0,1.2,2,1,0.0,-0.8574091332711947,1,0.0,-1.7168893030961923,0,,,0,,,0,,,-1.7168893030961923,,0.0,2026-08-28 05:17:49,ETH,样本不足，暂按来源分组权重；时间衰减半衰期=14天,0.7727004540387016
3747825,1549,2026-08-28 09:17:46,30,0xe02e6f03f583626481450bbdeb9efd6eb0eed78b,money_printer,N,50.0,1.2,0,0,,,0,,,0,,,0,,,0,,,,,0.0,,,样本不足，暂按来源分组权重；时间衰减半衰期=14天,0.0
3747826,1549,2026-08-28 09:17:46,30,0xe06142615991dee64ca813085779fadcc70431eb,smart_money,N,50.0,1.4,0,0,,,0,,,0,,,0,,,0,,,,,0.0,,,样本不足，暂按来源分组权重；时间衰减半衰期=14天,0.0
3747827,1549,2026-08-28 09:17:46,30,0xe06532a98a541b48f6330d2dd88e2b4b96010d6b,smart_money,N,50.0,1.4,0,0,,,0,,,0,,,0,,,0,,,,,0.0,,,样本不足，暂按来源分组权重；时间衰减半衰期=14天,0.0
3747828,1549,2026-08-28 09:17:46,30,0xe0665019fcf5ffa4a5aea5cf65f84016fcbe78da,money_printer,N,50.0,1.2,0,0,,,0,,,0,,,0,,,0,,,,,0.0,,,样本不足，暂按来源分组权重；时间衰减半衰期=14天,0.0
3747829,1549,2026-08-28 09:17:46,30,0xe091330c53b971ed4e886f902f18e8544a8d6705,money_printer,N,50.0,1.2,2,2,0.0,-2.1821849138712412,2,0.0,-0.5182306988195988,0,,,0,,,0,,,-0.4045115023947501,,0.0,2026-08-24 05:17:48,ETH,样本不足，暂按来源分组权重；时间衰减半衰期=14天,1.539902885208577
3747830,1549,2026-08-28 09:17:46,30,0xe0afe5de6831901db80d7ca9d17475f78b1a870c,smart_money,N,50.0,1.4,0,0,,,0,,,0,,,0,,,0,,,,,0.0,,,样本不足，暂按来源分组权重；时间衰减半衰期=14天,0.0
3747831,1549,2026-08-28 09:17:46,30,0xe0cc85525563dadd56fdcd96581f7b587a2b2411,money_printer,N,50.0,1.2,0,0,,,0,,,0,,,0,,,0,,,,,0.0,,,样本不足，暂按来源分组权重；时间衰减半衰期=14天,0.0
3747832,1549,2026-08-28 09:17:46,30,0xe0fdd46e097cda083d7b8d3b17debd01a7e94bd7,smart_money,N,50.0,1.4,0,0,,,0,,,0,,,0,,,0,,,,,0.0,,,样本不足，暂按来源分组权重；时间衰减半衰期=14天,0.0
3747833,1549,2026-08-28 09:17:46,30,0xe0ffc829349c88c159462942ad885f12130e7610,money_printer,N,50.0,1.2,13,9,0.9614948384792705,5.051397245358222,9,0.8780053790935488,9.194733022840241,1,0.0,0.6103340654259567,1,0.0,-6.565714946248984,0,,,8.982522115123045,,0.0,2026-08-27 23:17:54,LIT,样本不足，暂按来源分组权重；时间衰减半衰期=14天,6.027766179664067
3747834,1549,2026-08-28 09:17:46,30,0xe10e446e1d3b483635681b77da44b02c57d6905c,smart_money,N,50.0,1.4,0,0,,,0,,,0,,,0,,,0,,,,,0.0,,,样本不足，暂按来源分组权重；时间衰减半衰期=14天,0.0
3747835,1549,2026-08-28 09:17:46,30,0xe113311f35a53b196c0ab3ed31ad0bf937cc5c07,money_printer,N,50.0,1.2,4,4,0.3533184019041713,-2.1322457639110906,4,0.3533184019041713,0.9195399059756745,4,0.3533184019041713,-0.37300326108511245,2,0.0,0.1672080824141373,0,,,0.8733121672360276,,0.0,2026-08-20 09:17:04,NEKO,样本不足，暂按来源分组权重；时间衰减半衰期=14天,1.8389745303794236
3747836,1549,2026-08-28 09:17:46,30,0xe117d3d94b30f7e7aa4f29704d0d2f43c009b9a8,smart_money,N,50.0,1.4,0,0,,,0,,,0,,,0,,,0,,,,,0.0,,,样本不足，暂按来源分组权重；时间衰减半衰期=14天,0.0
3747837,1549,2026-08-28 09:17:46,30,0xe15ec2db7dcb1fced329e9b38865ce546e688764,smart_money,N,50.0,1.4,0,0,,,0,,,0,,,0,,,0,,,,,0.0,,,样本不足，暂按来源分组权重；时间衰减半衰期=14天,0.0
3747838,1549,2026-08-28 09:17:46,30,0xe170ed9d77792397271d564c7161351d69fe9300,money_printer,N,50.0,1.2,0,0,,,0,,,0,,,0,,,0,,,,,0.0,,,样本不足，暂按来源分组权重；时间衰减半衰期=14天,0.0
3747839,1549,2026-08-28 09:17:46,30,0xe17cf192fee50447687af1f689782d4abba8cbb1,smart_money,N,50.0,1.4,0,0,,,0,,,0,,,0,,,0,,,,,0.0,,,样本不足，暂按来源分组权重；时间衰减半衰期=14天,0.0
3747840,1549,2026-08-28 09:17:46,30,0xe183ef47829ae1eb7234e478e418cd9fa0a511dd,smart_money,N,50.0,1.4,0,0,,,0,,,0,,,0,,,0,,,,,0.0,,,样本不足，暂按来源分组权重；时间衰减半衰期=14天,0.0
3747841,1549,2026-08-28 09:17:46,30,0xe1b2155b8fbc16c1146d5d16247896f06f68686e,smart_money,N,50.0,1.4,0,0,,,0,,,0,,,0,,,0,,,,,0.0,,,样本不足，暂按来源分组权重；时间衰减半衰期=14天,0.0
3747842,1549,2026-08-28 09:17:46,30,0xe1b4e4d6320c65748a1900cf0329cb7221959d8a,smart_money,N,50.0,1.4,0,0,,,0,,,0,,,0,,,0,,,,,0.0,,,样本不足，暂按来源分组权重；时间衰减半衰期=14天,0.0
3747843,1549,2026-08-28 09:17:46,30,0xe1c08667421e480e63edda9b37b8405aa51ed19b,smart_money,N,50.0,1.4,0,0,,,0,,,0,,,0,,,0,,,,,0.0,,,样本不足，暂按来源分组权重；时间衰减半衰期=14天,0.0
3747844,1549,2026-08-28 09:17:46,30,0xe1d39d2b30da977d470e0652239372b7ad4b7766,smart_money,N,50.0,1.4,0,0,,,0,,,0,,,0,,,0,,,,,0.0,,,样本不足，暂按来源分组权重；时间衰减半衰期=14天,0.0
3747845,1549,2026-08-28 09:17:46,30,0xe21be5bb37a3af716174cdc5d095ab224b3ef9de,smart_money,N,50.0,1.4,0,0,,,0,,,0,,,0,,,0,,,,,0.0,,,样本不足，暂按来源分组权重；时间衰减半衰期=14天,0.0
3747846,1549,2026-08-28 09:17:46,30,0xe24166173f1e956845a0660c8b26db334dced71a,money_printer,N,50.0,1.2,0,0,,,0,,,0,,,0,,,0,,,,,0.0,,,样本不足，暂按来源分组权重；时间衰减半衰期=14天,0.0
3747847,1549,2026-08-28 09:17:46,30,0xe2990ce029db870c805e90a1a8a1d8a1c52255d6,money_printer,N,50.0,1.2,2,2,0.0,0.10529193473011429,2,0.0,0.1906713133653541,0,,,0,,,0,,,0.19252984212552948,,0.0,2026-08-24 18:18:36,ETH,样本不足，暂按来源分组权重；时间衰减半衰期=14天,1.6697265004569812
3747848,1549,2026-08-28 09:17:46,30,0xe29d84a6f37858d7f8017be454ee35726511e525,smart_money,N,50.0,1.4,0,0,,,0,,,0,,,0,,,0,,,,,0.0,,,样本不足，暂按来源分组权重；时间衰减半衰期=14天,0.0
3747849,1549,2026-08-28 09:17:46,30,0xe2f86feccb1207710a442bc4e27a0701a290275a,money_printer,N,50.0,1.2,0,0,,,0,,,0,,,0,,,0,,,,,0.0,,,样本不足，暂按来源分组权重；时间衰减半衰期=14天,0.0
3747850,1549,2026-08-28 09:17:46,30,0xe31501c472d557bfa145ce105d325fb2dd4cb867,smart_money,N,50.0,1.4,0,0,,,0,,,0,,,0,,,0,,,,,0.0,,,样本不足，暂按来源分组权重；时间衰减半衰期=14天,0.0
3747851,1549,2026-08-28 09:17:46,30,0xe34d21d1980082c6dd1c2d7be6315187dfe4a718,smart_money,N,50.0,1.4,0,0,,,0,,,0,,,0,,,0,,,,,0.0,,,样本不足，暂按来源分组权重；时间衰减半衰期=14天,0.0
3747852,1549,2026-08-28 09:17:46,30,0xe383e214bd4b32a9ef9cf688ee98976b57f6c9c6,smart_money,N,50.0,1.4,0,0,,,0,,,0,,,0,,,0,,,,,0.0,,,样本不足，暂按来源分组权重；时间衰减半衰期=14天,0.0
3747853,1549,2026-08-28 09:17:46,30,0xe3b3482482899b4890ec5a2093cba2a558d0c14f,smart_money,N,50.0,1.4,0,0,,,0,,,0,,,0,,,0,,,,,0.0,,,样本不足，暂按来源分组权重；时间衰减半衰期=14天,0.0
3747854,1549,2026-08-28 09:17:46,30,0xe3ea6e994993698a721f92491d1b0b4ce67ad5ff,smart_money,N,50.0,1.4,0,0,,,0,,,0,,,0,,,0,,,,,0.0,,,样本不足，暂按来源分组权重；时间衰减半衰期=14天,0.0
3747855,1549,2026-08-28 09:17:46,30,0xe4178ba889ac1c931861533b98bb86cb9d4858c7,money_printer,N,50.0,1.2,0,0,,,0,,,0,,,0,,,0,,,,,0.0,,,样本不足，暂按来源分组权重；时间衰减半衰期=14天,0.0
3747856,1549,2026-08-28 09:17:46,30,0xe41aa443bad860e6b584060cc365b58dc34caf92,smart_money,N,50.0,1.4,0,0,,,0,,,0,,,0,,,0,,,,,0.0,,,样本不足，暂按来源分组权重；时间衰减半衰期=14天,0.0
3747857,1549,2026-08-28 09:17:46,30,0xe42921388db8d4164aa819dd948578b3b7facf10,smart_money,N,50.0,1.4,0,0,,,0,,,0,,,0,,,0,,,,,0.0,,,样本不足，暂按来源分组权重；时间衰减半衰期=14天,0.0
3747858,1549,2026-08-28 09:17:46,30,0xe435b877a30cd694140108cc89650bf11abdab6f,money_printer,N,50.0,1.2,0,0,,,0,,,0,,,0,,,0,,,,,0.0,,,样本不足，暂按来源分组权重；时间衰减半衰期=14天,0.0
3747859,1549,2026-08-28 09:17:46,30,0xe4c4f035775c4fa6fcd7561be4e35f29907b3df7,smart_money,N,50.0,1.4,1,1,1.0,5.042589921924407,1,1.0,12.57024317815305,1,1.0,15.198812170984866,0,,,0,,,12.570243178153051,,0.0,2026-08-19 20:17:16,HYPE,样本不足，暂按来源分组权重；时间衰减半衰期=14天,0.6551313763930755
3747860,1549,2026-08-28 09:17:46,30,0xe4d31c2541a9ce596419879b1a46ffc7cd202c62,money_printer,N,50.0,1.2,0,0,,,0,,,0,,,0,,,0,,,,,0.0,,,样本不足，暂按来源分组权重；时间衰减半衰期=14天,0.0
3747861,1549,2026-08-28 09:17:46,30,0xe4d83945c0322f3d340203a7129b7eb5cacae847,money_printer,N,50.0,1.2,0,0,,,0,,,0,,,0,,,0,,,,,0.0,,,样本不足，暂按来源分组权重；时间衰减半衰期=14天,0.0
3747862,1549,2026-08-28 09:17:46,30,0xe4d934cbb071a2067c624c0a716274373a980d18,smart_money,N,50.0,1.4,0,0,,,0,,,0,,,0,,,0,,,,,0.0,,,样本不足，暂按来源分组权重；时间衰减半衰期=14天,0.0
3747863,1549,2026-08-28 09:17:46,30,0xe5250bf1ee0d01c54866702b3e4a12a57939693d,smart_money,N,50.0,1.4,0,0,,,0,,,0,,,0,,,0,,,,,0.0,,,样本不足，暂按来源分组权重；时间衰减半衰期=14天,0.0
3747864,1549,2026-08-28 09:17:46,30,0xe52ec3a0f90c66510ff7892354b1a1337afaac63,smart_money,N,50.0,1.4,0,0,,,0,,,0,,,0,,,0,,,,,0.0,,,样本不足，暂按来源分组权重；时间衰减半衰期=14天,0.0
3747865,1549,2026-08-28 09:17:46,30,0xe5a1d72ecb46aaf48df76ded128b5aebd5b22156,smart_money,N,50.0,1.4,0,0,,,0,,,0,,,0,,,0,,,,,0.0,,,样本不足，暂按来源分组权重；时间衰减半衰期=14天,0.0
3747866,1549,2026-08-28 09:17:46,30,0xe5aaacff3f4f94d5009da0503144027e75a96232,smart_money,N,50.0,1.4,0,0,,,0,,,0,,,0,,,0,,,,,0.0,,,样本不足，暂按来源分组权重；时间衰减半衰期=14天,0.0
3747867,1549,2026-08-28 09:17:46,30,0xe607da942c20336a2a7bc5a56488b86aad2684ee,money_printer,N,50.0,1.2,1,1,1.0,6.657588585299432,1,0.0,-10.81081081081081,1,0.0,-23.01589650987241,0,,,0,,,-10.81081081081081,,0.0,2026-08-18 03:16:58,WLD,样本不足，暂按来源分组权重；时间衰减半衰期=14天,0.6019925175700613
3747868,1549,2026-08-28 09:17:46,30,0xe67dbf2d051106b42104c1a6631af5e5a458b682,smart_money,N,50.0,1.4,0,0,,,0,,,0,,,0,,,0,,,,,0.0,,,样本不足，暂按来源分组权重；时间衰减半衰期=14天,0.0
3747869,1549,2026-08-28 09:17:46,30,0xe67f141977da22e5c34d15c19b35f180a1532715,smart_money,N,50.0,1.4,0,0,,,0,,,0,,,0,,,0,,,,,0.0,,,样本不足，暂按来源分组权重；时间衰减半衰期=14天,0.0
3747870,1549,2026-08-28 09:17:46,30,0xe690ebdb7616526bb5ad2a6544221fb0bb69d0f5,smart_money,N,50.0,1.4,0,0,,,0,,,0,,,0,,,0,,,,,0.0,,,样本不足，暂按来源分组权重；时间衰减半衰期=14天,0.0
3747871,1549,2026-08-28 09:17:46,30,0xe69883a960b5784b32fe75a6dab33b4764d5085d,smart_money,N,50.0,1.4,0,0,,,0,,,0,,,0,,,0,,,,,0.0,,,样本不足，暂按来源分组权重；时间衰减半衰期=14天,0.0
3747872,1549,2026-08-28 09:17:46,30,0xe6bd577759caa3bca511b3b3b8310f26e5de6f6d,money_printer,N,50.0,1.2,0,0,,,0,,,0,,,0,,,0,,,,,0.0,,,样本不足，暂按来源分组权重；时间衰减半衰期=14天,0.0
3747873,1549,2026-08-28 09:17:46,30,0xe6e3355646051ff76174dd36f6e0fbe2b2cb67f7,smart_money,N,50.0,1.4,0,0,,,0,,,0,,,0,,,0,,,,,0.0,,,样本不足，暂按来源分组权重；时间衰减半衰期=14天,0.0
3747874,1549,2026-08-28 09:17:46,30,0xe70786609d684ad71e5156cdc40279e79413ed88,smart_money,N,50.0,1.4,0,0,,,0,,,0,,,0,,,0,,,,,0.0,,,样本不足，暂按来源分组权重；时间衰减半衰期=14天,0.0
3747875,1549,2026-08-28 09:17:46,30,0xe71092eeced04572afba4515895758277d0f8b88,smart_money,N,50.0,1.4,0,0,,,0,,,0,,,0,,,0,,,,,0.0,,,样本不足，暂按来源分组权重；时间衰减半衰期=14天,0.0
3747876,1549,2026-08-28 09:17:46,30,0xe71cbf47fff309813bcea54f3ecf49a5f129264d,smart_money,N,50.0,1.4,0,0,,,0,,,0,,,0,,,0,,,,,0.0,,,样本不足，暂按来源分组权重；时间衰减半衰期=14天,0.0
3747877,1549,2026-08-28 09:17:46,30,0xe71e9636e31b838af0a3c38b3f3449cdc2b7aa87,smart_money,N,50.0,1.4,4,4,0.3533184019041713,-2.1322457639110906,4,0.3533184019041713,0.9195399059756745,4,0.3533184019041713,-0.37300326108511245,2,0.0,0.1672080824141373,0,,,0.8733121672360276,,0.0,2026-08-20 09:17:04,NEKO,样本不足，暂按来源分组权重；时间衰减半衰期=14天,1.8389745303794236
3747878,1549,2026-08-28 09:17:46,30,0xe724acd020fbd65ddb42a0f05dcfb65489480320,smart_money,N,50.0,1.4,0,0,,,0,,,0,,,0,,,0,,,,,0.0,,,样本不足，暂按来源分组权重；时间衰减半衰期=14天,0.0
3747879,1549,2026-08-28 09:17:46,30,0xe72bbf79a59599b7a91b92b66ce2237af0d983db,smart_money,N,50.0,1.4,0,0,,,0,,,0,,,0,,,0,,,,,0.0,,,样本不足，暂按来源分组权重；时间衰减半衰期=14天,0.0
3747880,1549,2026-08-28 09:17:46,30,0xe767b3177c141dee02c20df876a5d65ce0ed6572,smart_money,N,50.0,1.4,0,0,,,0,,,0,,,0,,,0,,,,,0.0,,,样本不足，暂按来源分组权重；时间衰减半衰期=14天,0.0
3747881,1549,2026-08-28 09:17:46,30,0xe799f6e2414c60340ebd1e1613f7a9b1857d2af3,smart_money,N,50.0,1.4,0,0,,,0,,,0,,,0,,,0,,,,,0.0,,,样本不足，暂按来源分组权重；时间衰减半衰期=14天,0.0
3747882,1549,2026-08-28 09:17:46,30,0xe7af83354027311c07acf509653f3863096450c8,smart_money,N,50.0,1.4,0,0,,,0,,,0,,,0,,,0,,,,,0.0,,,样本不足，暂按来源分组权重；时间衰减半衰期=14天,0.0
3747883,1549,2026-08-28 09:17:46,30,0xe7e25d4f0f0076b08459e343529c446fef04f958,money_printer,N,50.0,1.2,0,0,,,0,,,0,,,0,,,0,,,,,0.0,,,样本不足，暂按来源分组权重；时间衰减半衰期=14天,0.0
3747884,1549,2026-08-28 09:17:46,30,0xe7e3cdba6cc8a60c31c09279e69a0bec6e392901,smart_money,N,50.0,1.4,1,1,0.0,-5.611321268906091,0,,,0,,,0,,,0,,,,,0.0,2026-08-26 16:17:58,ZEC,样本不足，暂按来源分组权重；时间衰减半衰期=14天,0.9189040371067104
3747885,1549,2026-08-28 09:17:46,30,0xe7e4ca8b310c0d0ea900e15e4f43ffd9d25e3c77,smart_money,N,50.0,1.4,0,0,,,0,,,0,,,0,,,0,,,,,0.0,,,样本不足，暂按来源分组权重；时间衰减半衰期=14天,0.0
3747886,1549,2026-08-28 09:17:46,30,0xe807ef6abba4af23d7c82d25c2346fe15186e3f1,smart_money,N,50.0,1.4,0,0,,,0,,,0,,,0,,,0,,,,,0.0,,,样本不足，暂按来源分组权重；时间衰减半衰期=14天,0.0
3747887,1549,2026-08-28 09:17:46,30,0xe82bc65677e46b6626a8e779ac263221db039c2d,money_printer,N,50.0,1.2,0,0,,,0,,,0,,,0,,,0,,,,,0.0,,,样本不足，暂按来源分组权重；时间衰减半衰期=14天,0.0
3747888,1549,2026-08-28 09:17:46,30,0xe83054865a23ca7b74e4a13a5e7bbc2010291820,smart_money,N,50.0,1.4,0,0,,,0,,,0,,,0,,,0,,,,,0.0,,,样本不足，暂按来源分组权重；时间衰减半衰期=14天,0.0
3747889,1549,2026-08-28 09:17:46,30,0xe86351e0f69bd808def36e7bb2f9107443838bb8,smart_money,N,50.0,1.4,7,6,0.6363456000029889,2.3052261467529123,6,0.2284562506629145,-5.4595244055254,2,0.4850462977091697,-1.243414948351541,2,0.4850462977091697,-0.7013280372186513,0,,,-4.3100973260383215,,0.0,2026-08-27 10:17:52,"PAXG,ETH,PENGU,SOL,NEAR",样本不足，暂按来源分组权重；时间衰减半衰期=14天,3.62804343176243
3747890,1549,2026-08-28 09:17:46,30,0xe867fbdad3291530e41530301ecb77693850c78e,money_printer,C,35.87422183427527,0.66,18,18,0.30725785940774664,0.349988323236198,10,0.11721766416485202,0.35838465996185664,7,0.1922015642641326,0.4329534707017533,3,0.0,0.0,0,,,0.28261692106579694,,0.0,2026-08-26 04:17:46,"HYPE,KNTQ",C级：噪音偏多，降权参考，主周期=72h；时间衰减半衰期=14天,12.685855424130008
3747891,1549,2026-08-28 09:17:46,30,0xe8681168f59af16c60c805dab7842eb75f127879,smart_money,N,50.0,1.4,0,0,,,0,,,0,,,0,,,0,,,,,0.0,,,样本不足，暂按来源分组权重；时间衰减半衰期=14天,0.0
3747892,1549,2026-08-28 09:17:46,30,0xe86b057f5eb764c9738d6b0d38170befd0723664,money_printer,N,50.0,1.2,4,4,0.2644434446437729,-1.945432541953343,4,0.24703296800177665,-6.954828916736586,0,,,0,,,0,,,-7.135465409909266,,0.0,2026-08-23 07:17:51,"PUMP,DOGE,AAVE,kPEPE",样本不足，暂按来源分组权重；时间衰减半衰期=14天,2.940125580958516
3747893,1549,2026-08-28 09:17:46,30,0xe87ed6dd514a29bc96fd5d5a7bd2ac1c496afe04,money_printer,N,50.0,1.2,0,0,,,0,,,0,,,0,,,0,,,,,0.0,,,样本不足，暂按来源分组权重；时间衰减半衰期=14天,0.0
3747894,1549,2026-08-28 09:17:46,30,0xe88a203d722e506648a7e9482de68ec9c58249e0,smart_money,N,50.0,1.4,0,0,,,0,,,0,,,0,,,0,,,,,0.0,,,样本不足，暂按来源分组权重；时间衰减半衰期=14天,0.0
3747895,1549,2026-08-28 09:17:46,30,0xe8d2fcb28ba154dbfb7346bafed968fde304eed7,money_printer,N,50.0,1.2,0,0,,,0,,,0,,,0,,,0,,,,,0.0,,,样本不足，暂按来源分组权重；时间衰减半衰期=14天,0.0
3747896,1549,2026-08-28 09:17:46,30,0xe8d89110c52df4ca33e75e060e3c72dcbf6c8dda,smart_money,N,50.0,1.4,0,0,,,0,,,0,,,0,,,0,,,,,0.0,,,样本不足，暂按来源分组权重；时间衰减半衰期=14天,0.0
3747897,1549,2026-08-28 09:17:46,30,0xe8ef95e07161df78552da11fd95d287dd6d65201,smart_money,N,50.0,1.4,0,0,,,0,,,0,,,0,,,0,,,,,0.0,,,样本不足，暂按来源分组权重；时间衰减半衰期=14天,0.0
3747898,1549,2026-08-28 09:17:46,30,0xe8fad35e6f85b5c5e4875fff2f595735498c279e,smart_money,N,50.0,1.4,0,0,,,0,,,0,,,0,,,0,,,,,0.0,,,样本不足，暂按来源分组权重；时间衰减半衰期=14天,0.0
3747899,1549,2026-08-28 09:17:46,30,0xe93a3afb65812c48eaf14b4b2599f79fc9c22c44,smart_money,N,50.0,1.4,0,0,,,0,,,0,,,0,,,0,,,,,0.0,,,样本不足，暂按来源分组权重；时间衰减半衰期=14天,0.0
3747900,1549,2026-08-28 09:17:46,30,0xe93af00e02bf889d8e3281cd71b088a4a4b2c8c7,smart_money,N,50.0,1.4,0,0,,,0,,,0,,,0,,,0,,,,,0.0,,,样本不足，暂按来源分组权重；时间衰减半衰期=14天,0.0
3747901,1549,2026-08-28 09:17:46,30,0xe98bc6b99a2eb1a108623af5843b922389e78cd5,money_printer,N,50.0,1.2,0,0,,,0,,,0,,,0,,,0,,,,,0.0,,,样本不足，暂按来源分组权重；时间衰减半衰期=14天,0.0
3747902,1549,2026-08-28 09:17:46,30,0xe9bf81b432e5bf34995afae08747c530c8406c4d,smart_money,N,50.0,1.4,0,0,,,0,,,0,,,0,,,0,,,,,0.0,,,样本不足，暂按来源分组权重；时间衰减半衰期=14天,0.0
3747903,1549,2026-08-28 09:17:46,30,0xe9cef9fd872a03cedf9d3e6e90309782b3724ea6,smart_money,N,50.0,1.4,0,0,,,0,,,0,,,0,,,0,,,,,0.0,,,样本不足，暂按来源分组权重；时间衰减半衰期=14天,0.0
3747904,1549,2026-08-28 09:17:46,30,0xe9d199fd55a2560e3193f330e017192316ecd2d3,smart_money,R,16.486285092372796,-1.4,11,11,0.299191129137806,-3.5137149076272056,9,0.27683322537476046,-2.738051528177032,5,0.42698966384446296,2.126963591715375,1,0.0,-42.71900707172752,0,,,-2.106263798001269,,52.23913859896869,2026-08-25 22:17:55,XRP,反向钱包：24h方向胜率和平均收益偏差；时间衰减半衰期=14天,7.718631742117902
3747905,1549,2026-08-28 09:17:46,30,0xe9e32ffe41cbff270dacd5b2334ce34cbba399e3,money_printer,N,50.0,1.2,0,0,,,0,,,0,,,0,,,0,,,,,0.0,,,样本不足，暂按来源分组权重；时间衰减半衰期=14天,0.0
3747906,1549,2026-08-28 09:17:46,30,0xe9ffe7698f46f96f980f2877e18c43f5b4165903,money_printer,N,50.0,1.2,0,0,,,0,,,0,,,0,,,0,,,,,0.0,,,样本不足，暂按来源分组权重；时间衰减半衰期=14天,0.0
3747907,1549,2026-08-28 09:17:46,30,0xea4fc1ae43d644b35e6874c32c49516ccb21df32,smart_money,N,50.0,1.4,0,0,,,0,,,0,,,0,,,0,,,,,0.0,,,样本不足，暂按来源分组权重；时间衰减半衰期=14天,0.0
3747908,1549,2026-08-28 09:17:46,30,0xea6be4808a584fb1bcc0308403aacea3df94a67a,smart_money,N,50.0,1.4,0,0,,,0,,,0,,,0,,,0,,,,,0.0,,,样本不足，暂按来源分组权重；时间衰减半衰期=14天,0.0
3747909,1549,2026-08-28 09:17:46,30,0xea745265097151523658be7c2c8ea325f1592ac0,smart_money,N,50.0,1.4,0,0,,,0,,,0,,,0,,,0,,,,,0.0,,,样本不足，暂按来源分组权重；时间衰减半衰期=14天,0.0
3747910,1549,2026-08-28 09:17:46,30,0xeac842b2214cfece3f0d288293da19f408d91ede,money_printer,N,50.0,1.2,0,0,,,0,,,0,,,0,,,0,,,,,0.0,,,样本不足，暂按来源分组权重；时间衰减半衰期=14天,0.0
3747911,1549,2026-08-28 09:17:46,30,0xeaf35054804ab7ed6b8cb070296dd6bb38abb4b1,smart_money,N,50.0,1.4,0,0,,,0,,,0,,,0,,,0,,,,,0.0,,,样本不足，暂按来源分组权重；时间衰减半衰期=14天,0.0
3747912,1549,2026-08-28 09:17:46,30,0xeafbe89e3bc638a540c166c45d2b12850fc6c402,money_printer,N,50.0,1.2,0,0,,,0,,,0,,,0,,,0,,,,,0.0,,,样本不足，暂按来源分组权重；时间衰减半衰期=14天,0.0
3747913,1549,2026-08-28 09:17:46,30,0xeb0f432beecf10dcc828fc1e36a3386caf634637,smart_money,N,50.0,1.4,7,6,0.4774547722751538,0.6123475813789392,5,0.6009863792860015,-4.592597695666832,5,0.6009863792860015,-5.040859120032165,0,,,0,,,-4.675951277849797,,0.0,2026-08-28 02:17:54,"XRP,ZEC,SOL",样本不足，暂按来源分组权重；时间衰减半衰期=14天,4.415487639779827
3747914,1549,2026-08-28 09:17:46,30,0xeb432905497d9ed2f0a8a9aac9053a0108746c1a,money_printer,N,50.0,1.2,0,0,,,0,,,0,,,0,,,0,,,,,0.0,,,样本不足，暂按来源分组权重；时间衰减半衰期=14天,0.0
3747915,1549,2026-08-28 09:17:46,30,0xeb47e64c3d12add1a175517619ede29fbc4a9f1d,smart_money,N,50.0,1.4,0,0,,,0,,,0,,,0,,,0,,,,,0.0,,,样本不足，暂按来源分组权重；时间衰减半衰期=14天,0.0
3747916,1549,2026-08-28 09:17:46,30,0xeb7f0a03ac25675c21b419ec91f7aa2e743e40bd,smart_money,N,50.0,1.4,0,0,,,0,,,0,,,0,,,0,,,,,0.0,,,样本不足，暂按来源分组权重；时间衰减半衰期=14天,0.0
3747917,1549,2026-08-28 09:17:46,30,0xeb83e695adcac2e83f290d2d2815fc58e6491d7a,smart_money,N,50.0,1.4,0,0,,,0,,,0,,,0,,,0,,,,,0.0,,,样本不足，暂按来源分组权重；时间衰减半衰期=14天,0.0
3747918,1549,2026-08-28 09:17:46,30,0xeb93e6fc46b78c19bfe3264afabccae410956389,money_printer,N,50.0,1.2,0,0,,,0,,,0,,,0,,,0,,,,,0.0,,,样本不足，暂按来源分组权重；时间衰减半衰期=14天,0.0
3747919,1549,2026-08-28 09:17:46,30,0xebcda26432c1e2a46898d9920759438f86c8fcf4,smart_money,N,50.0,1.4,0,0,,,0,,,0,,,0,,,0,,,,,0.0,,,样本不足，暂按来源分组权重；时间衰减半衰期=14天,0.0
3747920,1549,2026-08-28 09:17:46,30,0xebcfa0e05df4c406f4a166b1318581134a8537c0,money_printer,N,50.0,1.2,0,0,,,0,,,0,,,0,,,0,,,,,0.0,,,样本不足，暂按来源分组权重；时间衰减半衰期=14天,0.0
3747921,1549,2026-08-28 09:17:46,30,0xebe6cc6820a76705b6654fdd1254256dcd54f1df,smart_money,N,50.0,1.4,0,0,,,0,,,0,,,0,,,0,,,,,0.0,,,样本不足，暂按来源分组权重；时间衰减半衰期=14天,0.0
3747922,1549,2026-08-28 09:17:46,30,0xec2aa004732b35d4f763e7e73e7918da37274c96,smart_money,N,50.0,1.4,0,0,,,0,,,0,,,0,,,0,,,,,0.0,,,样本不足，暂按来源分组权重；时间衰减半衰期=14天,0.0
3747923,1549,2026-08-28 09:17:46,30,0xec30ae3bab4c5aa95a3151c1b6437412e876050e,smart_money,N,50.0,1.4,0,0,,,0,,,0,,,0,,,0,,,,,0.0,,,样本不足，暂按来源分组权重；时间衰减半衰期=14天,0.0
3747924,1549,2026-08-28 09:17:46,30,0xec326a384ae965647d87e1f85db46d2efa15ae82,money_printer,N,50.0,1.2,0,0,,,0,,,0,,,0,,,0,,,,,0.0,,,样本不足，暂按来源分组权重；时间衰减半衰期=14天,0.0
3747925,1549,2026-08-28 09:17:46,30,0xec7c3257d80aa80d06d996517020744e40a70b05,smart_money,N,50.0,1.4,0,0,,,0,,,0,,,0,,,0,,,,,0.0,,,样本不足，暂按来源分组权重；时间衰减半衰期=14天,0.0
3747926,1549,2026-08-28 09:17:46,30,0xec7f9f5b31b8f5da6ac6c0973bbd496e16f9df39,smart_money,N,50.0,1.4,3,3,0.34316941968194686,0.46804458752844497,1,0.0,-1.0620827644353281,0,,,0,,,0,,,-1.0620827644353281,,0.0,2026-08-26 20:18:05,BTC,样本不足，暂按来源分组权重；时间衰减半衰期=14天,2.677697907809969
3747927,1549,2026-08-28 09:17:46,30,0xec89639d883a9ff2086c6deb0d766064b5bbea03,smart_money,N,50.0,1.4,0,0,,,0,,,0,,,0,,,0,,,,,0.0,,,样本不足，暂按来源分组权重；时间衰减半衰期=14天,0.0
3747928,1549,2026-08-28 09:17:46,30,0xec9045405a878d01cdb836f82a6dd2abd49a169c,smart_money,N,50.0,1.4,0,0,,,0,,,0,,,0,,,0,,,,,0.0,,,样本不足，暂按来源分组权重；时间衰减半衰期=14天,0.0
3747929,1549,2026-08-28 09:17:46,30,0xecb63caa47c7c4e77f60f1ce858cf28dc2b82b00,money_printer,R,17.487770238546556,-1.2,917,860,0.22146518785802152,0.2530805674560914,768,0.24791992974332613,0.09537950653274949,489,0.2755090049087698,1.0652587465542764,261,0.21356496287035898,-2.512229761453445,1,0.0,-39.73413457161067,0.049971603210035465,-39.73413457161067,57.927444032370126,2026-08-28 08:18:24,"UPUMP,ETH,BTC,UXPL,XRP",反向钱包：15d方向胜率和平均收益偏差；时间衰减半衰期=14天,530.2304847280692
3747930,1549,2026-08-28 09:17:46,30,0xed41a12ea862f31df054e9bd3af1dd59486c6029,money_printer,N,50.0,1.2,0,0,,,0,,,0,,,0,,,0,,,,,0.0,,,样本不足，暂按来源分组权重；时间衰减半衰期=14天,0.0
3747931,1549,2026-08-28 09:17:46,30,0xed47a512c2f150ffa1ca19416d1401c019cfe349,smart_money,N,50.0,1.4,0,0,,,0,,,0,,,0,,,0,,,,,0.0,,,样本不足，暂按来源分组权重；时间衰减半衰期=14天,0.0
3747932,1549,2026-08-28 09:17:46,30,0xed48b856556a69c7c40229c9c4c829b909257c9b,money_printer,N,50.0,1.2,4,4,0.3533184019041713,-2.1322457639110906,4,0.3533184019041713,0.9195399059756745,4,0.3533184019041713,-0.37300326108511245,2,0.0,0.1672080824141373,0,,,0.8733121672360276,,0.0,2026-08-20 09:17:04,NEKO,样本不足，暂按来源分组权重；时间衰减半衰期=14天,1.8389745303794236
3747933,1549,2026-08-28 09:17:46,30,0xed7c40e138cb25e79d94295882c66ac8197fb66e,smart_money,N,50.0,1.4,0,0,,,0,,,0,,,0,,,0,,,,,0.0,,,样本不足，暂按来源分组权重；时间衰减半衰期=14天,0.0
3747934,1549,2026-08-28 09:17:46,30,0xeda73c9fa6a90cea2bcc5529e9e12c012e13655b,smart_money,N,50.0,1.4,4,4,0.3533184019041713,-2.1322457639110906,4,0.3533184019041713,0.9195399059756745,4,0.3533184019041713,-0.37300326108511245,2,0.0,0.1672080824141373,0,,,0.8733121672360276,,0.0,2026-08-20 09:17:04,NEKO,样本不足，暂按来源分组权重；时间衰减半衰期=14天,1.8389745303794236
3747935,1549,2026-08-28 09:17:46,30,0xeda7dbbd44a0c5800dfa9cdd3fbb585cdba288f3,smart_money,N,50.0,1.4,0,0,,,0,,,0,,,0,,,0,,,,,0.0,,,样本不足，暂按来源分组权重；时间衰减半衰期=14天,0.0
3747936,1549,2026-08-28 09:17:46,30,0xee162a5a60829bd346f0c1ac3514b21fe5f4b290,money_printer,N,50.0,1.2,0,0,,,0,,,0,,,0,,,0,,,,,0.0,,,样本不足，暂按来源分组权重；时间衰减半衰期=14天,0.0
3747937,1549,2026-08-28 09:17:46,30,0xeeaf4055e581dae6a4eaea0a66181ecb207787f1,smart_money,N,50.0,1.4,0,0,,,0,,,0,,,0,,,0,,,,,0.0,,,样本不足，暂按来源分组权重；时间衰减半衰期=14天,0.0
3747938,1549,2026-08-28 09:17:46,30,0xef2364db5db6f5539aa0bc111771a94ee47637fc,smart_money,N,50.0,1.4,0,0,,,0,,,0,,,0,,,0,,,,,0.0,,,样本不足，暂按来源分组权重；时间衰减半衰期=14天,0.0
3747939,1549,2026-08-28 09:17:46,30,0xef5fdcefdb38803a654ee9f3539bed8058443d99,money_printer,N,50.0,1.2,0,0,,,0,,,0,,,0,,,0,,,,,0.0,,,样本不足，暂按来源分组权重；时间衰减半衰期=14天,0.0
3747940,1549,2026-08-28 09:17:46,30,0xef70339934261ca3524bddfa7d02e0a69107a84c,money_printer,N,50.0,1.2,0,0,,,0,,,0,,,0,,,0,,,,,0.0,,,样本不足，暂按来源分组权重；时间衰减半衰期=14天,0.0
3747941,1549,2026-08-28 09:17:46,30,0xef759e3f7fe04ac8c5b63736e5196ded52eaf34e,money_printer,N,50.0,1.2,0,0,,,0,,,0,,,0,,,0,,,,,0.0,,,样本不足，暂按来源分组权重；时间衰减半衰期=14天,0.0
3747942,1549,2026-08-28 09:17:46,30,0xef96d013bdb1a5dfe553999f19b5091b9a299383,smart_money,N,50.0,1.4,4,4,0.8615684229305317,3.2221605842308794,4,0.0,-3.4496708911498324,2,0.0,-43.70991659528598,1,1.0,27.49809406135807,0,,,-3.2830965643692833,,0.0,2026-08-24 09:17:54,"ZEC,ETH",样本不足，暂按来源分组权重；时间衰减半衰期=14天,2.5495762888531632
3747943,1549,2026-08-28 09:17:46,30,0xefe3e45503bd838fa08594906b0906d252701cfe,smart_money,N,50.0,1.4,0,0,,,0,,,0,,,0,,,0,,,,,0.0,,,样本不足，暂按来源分组权重；时间衰减半衰期=14天,0.0
3747944,1549,2026-08-28 09:17:46,30,0xeff7fe671d9a7acf86f48994bc5d5161042415b6,smart_money,N,50.0,1.4,0,0,,,0,,,0,,,0,,,0,,,,,0.0,,,样本不足，暂按来源分组权重；时间衰减半衰期=14天,0.0
3747945,1549,2026-08-28 09:17:46,30,0xf00bb08f7d1d04a9415408c939c02410fc6791b1,smart_money,N,50.0,1.4,0,0,,,0,,,0,,,0,,,0,,,,,0.0,,,样本不足，暂按来源分组权重；时间衰减半衰期=14天,0.0
3747946,1549,2026-08-28 09:17:46,30,0xf00eabc409c51cf884ec7861cb839524af6afe3d,smart_money,N,50.0,1.4,0,0,,,0,,,0,,,0,,,0,,,,,0.0,,,样本不足，暂按来源分组权重；时间衰减半衰期=14天,0.0
3747947,1549,2026-08-28 09:17:46,30,0xf0480a7892bc260658e82359f3c9374bc0a75444,money_printer,N,50.0,1.2,0,0,,,0,,,0,,,0,,,0,,,,,0.0,,,样本不足，暂按来源分组权重；时间衰减半衰期=14天,0.0
3747948,1549,2026-08-28 09:17:46,30,0xf05359fe3426248c3eb48ca9474160dc4510b99d,smart_money,N,50.0,1.4,0,0,,,0,,,0,,,0,,,0,,,,,0.0,,,样本不足，暂按来源分组权重；时间衰减半衰期=14天,0.0
3747949,1549,2026-08-28 09:17:46,30,0xf060e33cfa0727a224a184622606213e8f4e6a6f,smart_money,N,50.0,1.4,0,0,,,0,,,0,,,0,,,0,,,,,0.0,,,样本不足，暂按来源分组权重；时间衰减半衰期=14天,0.0
3747950,1549,2026-08-28 09:17:46,30,0xf071f949b2ea482b176173135921a7965b302368,smart_money,N,50.0,1.4,0,0,,,0,,,0,,,0,,,0,,,,,0.0,,,样本不足，暂按来源分组权重；时间衰减半衰期=14天,0.0
3747951,1549,2026-08-28 09:17:46,30,0xf10b1ba419f347fc129e4e79275fa022d72208de,smart_money,N,50.0,1.4,1,1,0.0,-5.117874155274526,1,0.0,-6.519293091947916,0,,,0,,,0,,,-6.519293091947915,,0.0,2026-08-21 14:17:08,HYPE,样本不足，暂按来源分组权重；时间衰减半衰期=14天,0.7144225567286261
3747952,1549,2026-08-28 09:17:46,30,0xf1245033de5669c24b7915256afb598ac3245bf1,smart_money,N,50.0,1.4,0,0,,,0,,,0,,,0,,,0,,,,,0.0,,,样本不足，暂按来源分组权重；时间衰减半衰期=14天,0.0
3747953,1549,2026-08-28 09:17:46,30,0xf14be72acba3becf3b6f0fc014f49e54e8511358,smart_money,N,50.0,1.4,0,0,,,0,,,0,,,0,,,0,,,,,0.0,,,样本不足，暂按来源分组权重；时间衰减半衰期=14天,0.0
3747954,1549,2026-08-28 09:17:46,30,0xf17de447fdfa1778db06111e3cbdc878332adab2,money_printer,C,74.66152606607231,0.66,44,39,0.47939207422026675,-0.007211669677965645,36,0.44228130369149693,0.27613904601912026,23,0.48321141636325793,0.6894952201228461,4,0.5437206302778063,3.762998745302714,0,,,0.2646963663448707,,0.0,2026-08-27 20:18:09,"BTC,HYPE,ENA",C级：噪音偏多，降权参考，主周期=7d；时间衰减半衰期=14天,25.979501426159988
3747955,1549,2026-08-28 09:17:46,30,0xf191539a2c4ba0af951438bb6abfa0625c7df2ef,smart_money,N,50.0,1.4,4,4,0.3533184019041713,-2.1322457639110906,4,0.3533184019041713,0.9195399059756745,4,0.3533184019041713,-0.37300326108511245,2,0.0,0.1672080824141373,0,,,0.8733121672360276,,0.0,2026-08-20 09:17:04,NEKO,样本不足，暂按来源分组权重；时间衰减半衰期=14天,1.8389745303794236
3747956,1549,2026-08-28 09:17:46,30,0xf19b3c8b8004149cf21c8efe4433cd3b57752695,smart_money,N,50.0,1.4,0,0,,,0,,,0,,,0,,,0,,,,,0.0,,,样本不足，暂按来源分组权重；时间衰减半衰期=14天,0.0
3747957,1549,2026-08-28 09:17:46,30,0xf1c0dab1ff187f1dc13482cb675f54b8be362a5c,money_printer,N,50.0,1.2,0,0,,,0,,,0,,,0,,,0,,,,,0.0,,,样本不足，暂按来源分组权重；时间衰减半衰期=14天,0.0
3747958,1549,2026-08-28 09:17:46,30,0xf1ed8db37b7474fb5bfe01b58def6001955a2d2a,smart_money,N,50.0,1.4,0,0,,,0,,,0,,,0,,,0,,,,,0.0,,,样本不足，暂按来源分组权重；时间衰减半衰期=14天,0.0
3747959,1549,2026-08-28 09:17:46,30,0xf208b13968cf79db8ed788907e70c288a3169c0b,smart_money,N,50.0,1.4,0,0,,,0,,,0,,,0,,,0,,,,,0.0,,,样本不足，暂按来源分组权重；时间衰减半衰期=14天,0.0
3747960,1549,2026-08-28 09:17:46,30,0xf215c807672f168f6894bb2f5154000de11b4d85,smart_money,N,50.0,1.4,0,0,,,0,,,0,,,0,,,0,,,,,0.0,,,样本不足，暂按来源分组权重；时间衰减半衰期=14天,0.0
3747961,1549,2026-08-28 09:17:46,30,0xf21cd17b9db49fdb21bfdf714558cf8bde3221bd,smart_money,N,50.0,1.4,0,0,,,0,,,0,,,0,,,0,,,,,0.0,,,样本不足，暂按来源分组权重；时间衰减半衰期=14天,0.0
3747962,1549,2026-08-28 09:17:46,30,0xf220c9b7b4c0e5e785ebe4b40b17576ce24473e0,money_printer,N,50.0,1.2,2,2,1.0,9.142330820115177,2,1.0,12.845701502800592,2,1.0,15.300690401038477,0,,,0,,,13.04223083019548,,0.0,2026-08-20 22:17:00,BTC,样本不足，暂按来源分组权重；时间衰减半衰期=14天,1.3382938864428193
3747963,1549,2026-08-28 09:17:46,30,0xf230daae38627c46367334a7494dc37861b4d3ef,smart_money,N,50.0,1.4,2,2,0.0,-2.55475329224114,2,0.0,0.306930953941014,0,,,0,,,0,,,0.31724072542723686,,0.0,2026-08-22 07:17:04,MAX,样本不足，暂按来源分组权重；时间衰减半衰期=14天,1.4677267095938373
3747964,1549,2026-08-28 09:17:46,30,0xf2500dbc34617daf22b5186a1bfb9f5f3a33ae13,smart_money,N,50.0,1.4,1,1,1.0,7.660778133232967,1,1.0,7.649016748212266,0,,,0,,,0,,,7.649016748212266,,0.0,2026-08-25 04:17:50,ZEC,样本不足，暂按来源分组权重；时间衰减半衰期=14天,0.8531294907627431
3747965,1549,2026-08-28 09:17:46,30,0xf25bc953a6709cc21d6f6611c9feecb493e77dbe,smart_money,N,50.0,1.4,0,0,,,0,,,0,,,0,,,0,,,,,0.0,,,样本不足，暂按来源分组权重；时间衰减半衰期=14天,0.0
3747966,1549,2026-08-28 09:17:46,30,0xf25df1972b89d3cdb051cf8b2bf385b5dcb9aa21,smart_money,N,50.0,1.4,0,0,,,0,,,0,,,0,,,0,,,,,0.0,,,样本不足，暂按来源分组权重；时间衰减半衰期=14天,0.0
3747967,1549,2026-08-28 09:17:46,30,0xf27ebb91ea420f73b59b205ac7e0b77a90ec8f3c,money_printer,N,50.0,1.2,1,1,0.0,0.0,1,0.0,0.0,1,0.0,0.0,1,0.0,0.0,0,,,0.0,,0.0,2026-08-03 07:16:52,UXPL,样本不足，暂按来源分组权重；时间衰减半衰期=14天,0.28882923652750964
3747968,1549,2026-08-28 09:17:46,30,0xf28e1b06e00e8774c612e31ab3ac35d5a720085f,money_printer,N,50.0,1.2,0,0,,,0,,,0,,,0,,,0,,,,,0.0,,,样本不足，暂按来源分组权重；时间衰减半衰期=14天,0.0
3747969,1549,2026-08-28 09:17:46,30,0xf292b42e6167e0d591449ebd67d2e989a3479edf,smart_money,N,50.0,1.4,0,0,,,0,,,0,,,0,,,0,,,,,0.0,,,样本不足，暂按来源分组权重；时间衰减半衰期=14天,0.0
3747970,1549,2026-08-28 09:17:46,30,0xf2d96ddecf1bb5639960e407b133705a812ffc34,smart_money,N,50.0,1.4,0,0,,,0,,,0,,,0,,,0,,,,,0.0,,,样本不足，暂按来源分组权重；时间衰减半衰期=14天,0.0
3747971,1549,2026-08-28 09:17:46,30,0xf2efcd0bedf771dc63eb655d395c15a9d753550a,money_printer,N,50.0,1.2,0,0,,,0,,,0,,,0,,,0,,,,,0.0,,,样本不足，暂按来源分组权重；时间衰减半衰期=14天,0.0
3747972,1549,2026-08-28 09:17:46,30,0xf3362789cecf25c6a31288d172880d7ad9b81801,smart_money,N,50.0,1.4,0,0,,,0,,,0,,,0,,,0,,,,,0.0,,,样本不足，暂按来源分组权重；时间衰减半衰期=14天,0.0
3747973,1549,2026-08-28 09:17:46,30,0xf3d0e131bb5d8e043bbbc87b345ec4aa2b875f4b,smart_money,N,50.0,1.4,0,0,,,0,,,0,,,0,,,0,,,,,0.0,,,样本不足，暂按来源分组权重；时间衰减半衰期=14天,0.0
3747974,1549,2026-08-28 09:17:46,30,0xf3eb9dc9626800f5c2157a14adfaba2177e1f7b5,money_printer,N,50.0,1.2,0,0,,,0,,,0,,,0,,,0,,,,,0.0,,,样本不足，暂按来源分组权重；时间衰减半衰期=14天,0.0
3747975,1549,2026-08-28 09:17:46,30,0xf3f496c9486be5924a93d67e98298733bb47057c,money_printer,N,50.0,1.2,0,0,,,0,,,0,,,0,,,0,,,,,0.0,,,样本不足，暂按来源分组权重；时间衰减半衰期=14天,0.0
3747976,1549,2026-08-28 09:17:46,30,0xf403d3848c602a17c62e4f6ac1c75c2b7653318f,smart_money,N,50.0,1.4,0,0,,,0,,,0,,,0,,,0,,,,,0.0,,,样本不足，暂按来源分组权重；时间衰减半衰期=14天,0.0
3747977,1549,2026-08-28 09:17:46,30,0xf40f4129b137f30ab83dfe7f46a468fc6830865f,smart_money,N,50.0,1.4,1,1,0.0,-0.621076246890046,0,,,0,,,0,,,0,,,,,0.0,2026-08-26 10:17:48,HYPE,样本不足，暂按来源分组权重；时间衰减半衰期=14天,0.9075950848113374
3747978,1549,2026-08-28 09:17:46,30,0xf436d47f962e4acd96eb6d87677db91d5f40a204,smart_money,N,50.0,1.4,0,0,,,0,,,0,,,0,,,0,,,,,0.0,,,样本不足，暂按来源分组权重；时间衰减半衰期=14天,0.0
3747979,1549,2026-08-28 09:17:46,30,0xf467b892ddd18b4449e89fcf02a22f23cbf72d1d,smart_money,N,50.0,1.4,0,0,,,0,,,0,,,0,,,0,,,,,0.0,,,样本不足，暂按来源分组权重；时间衰减半衰期=14天,0.0
3747980,1549,2026-08-28 09:17:46,30,0xf469697ae698e1459f02cdabc882c468fad5396d,smart_money,N,50.0,1.4,0,0,,,0,,,0,,,0,,,0,,,,,0.0,,,样本不足，暂按来源分组权重；时间衰减半衰期=14天,0.0
3747981,1549,2026-08-28 09:17:46,30,0xf47fe5f0f6c3ebfde365e34e6d15fb2ed4c39cdb,smart_money,N,50.0,1.4,0,0,,,0,,,0,,,0,,,0,,,,,0.0,,,样本不足，暂按来源分组权重；时间衰减半衰期=14天,0.0
3747982,1549,2026-08-28 09:17:46,30,0xf48111d547f8de8f37fd68bc8b971a5a57019825,smart_money,N,50.0,1.4,0,0,,,0,,,0,,,0,,,0,,,,,0.0,,,样本不足，暂按来源分组权重；时间衰减半衰期=14天,0.0
3747983,1549,2026-08-28 09:17:46,30,0xf4939e64793fc85b68ec4ddb1697b01db3977134,smart_money,N,50.0,1.4,0,0,,,0,,,0,,,0,,,0,,,,,0.0,,,样本不足，暂按来源分组权重；时间衰减半衰期=14天,0.0
3747984,1549,2026-08-28 09:17:46,30,0xf49559a962d46b02b49a70320cbbdf2cc7ba40a7,smart_money,N,50.0,1.4,0,0,,,0,,,0,,,0,,,0,,,,,0.0,,,样本不足，暂按来源分组权重；时间衰减半衰期=14天,0.0
3747985,1549,2026-08-28 09:17:46,30,0xf4b68732980c2a72d7bdd1f4b0f461c794526738,smart_money,N,50.0,1.4,0,0,,,0,,,0,,,0,,,0,,,,,0.0,,,样本不足，暂按来源分组权重；时间衰减半衰期=14天,0.0
3747986,1549,2026-08-28 09:17:46,30,0xf521c8d72af09309f0c50f9c3dd053fc7b013c33,smart_money,N,50.0,1.4,0,0,,,0,,,0,,,0,,,0,,,,,0.0,,,样本不足，暂按来源分组权重；时间衰减半衰期=14天,0.0
3747987,1549,2026-08-28 09:17:46,30,0xf524d20408d9f426c74903924941efd1aae5e59d,smart_money,N,50.0,1.4,0,0,,,0,,,0,,,0,,,0,,,,,0.0,,,样本不足，暂按来源分组权重；时间衰减半衰期=14天,0.0
3747988,1549,2026-08-28 09:17:46,30,0xf53cab0c6f25f48f985d1e2c40e03fc7c1963364,smart_money,N,50.0,1.4,0,0,,,0,,,0,,,0,,,0,,,,,0.0,,,样本不足，暂按来源分组权重；时间衰减半衰期=14天,0.0
3747989,1549,2026-08-28 09:17:46,30,0xf55f10b83bdb21d5f6b7449d4ea3589a8ae30d3a,smart_money,N,50.0,1.4,4,3,0.0,0.0,3,0.0,0.0,3,0.0,0.0,1,0.0,0.0,0,,,0.0,,0.0,2026-08-27 12:17:59,KNTQ,样本不足，暂按来源分组权重；时间衰减半衰期=14天,1.8452191100996638
3747990,1549,2026-08-28 09:17:46,30,0xf5629393e446a103a4be1c49a956255e7c87c1d3,money_printer,N,50.0,1.2,0,0,,,0,,,0,,,0,,,0,,,,,0.0,,,样本不足，暂按来源分组权重；时间衰减半衰期=14天,0.0
3747991,1549,2026-08-28 09:17:46,30,0xf58b673c1633ccef0ac58263cdc95ed80f817fc7,money_printer,N,50.0,1.2,0,0,,,0,,,0,,,0,,,0,,,,,0.0,,,样本不足，暂按来源分组权重；时间衰减半衰期=14天,0.0
3747992,1549,2026-08-28 09:17:46,30,0xf5a523b171032c060d49c39fbf2e9bec473e1286,money_printer,N,50.0,1.2,0,0,,,0,,,0,,,0,,,0,,,,,0.0,,,样本不足，暂按来源分组权重；时间衰减半衰期=14天,0.0
3747993,1549,2026-08-28 09:17:46,30,0xf5b0af852e3dedc03b551f7050b616b5c77c7645,smart_money,N,50.0,1.4,0,0,,,0,,,0,,,0,,,0,,,,,0.0,,,样本不足，暂按来源分组权重；时间衰减半衰期=14天,0.0
3747994,1549,2026-08-28 09:17:46,30,0xf5d0308ac17a33e666326df43788afaa4100b9eb,smart_money,N,50.0,1.4,0,0,,,0,,,0,,,0,,,0,,,,,0.0,,,样本不足，暂按来源分组权重；时间衰减半衰期=14天,0.0
3747995,1549,2026-08-28 09:17:46,30,0xf5d889840ff183c72b0b57aac895303eee76f226,smart_money,N,50.0,1.4,0,0,,,0,,,0,,,0,,,0,,,,,0.0,,,样本不足，暂按来源分组权重；时间衰减半衰期=14天,0.0
3747996,1549,2026-08-28 09:17:46,30,0xf5dd745bcf393686ceffb6a43f7e7b4c172aefad,smart_money,N,50.0,1.4,0,0,,,0,,,0,,,0,,,0,,,,,0.0,,,样本不足，暂按来源分组权重；时间衰减半衰期=14天,0.0
3747997,1549,2026-08-28 09:17:46,30,0xf5f4c3aa62a0f903a8529905031b1536d1cf16f8,smart_money,N,50.0,1.4,0,0,,,0,,,0,,,0,,,0,,,,,0.0,,,样本不足，暂按来源分组权重；时间衰减半衰期=14天,0.0
3747998,1549,2026-08-28 09:17:46,30,0xf61ba5417da20fd6267ba42d23123f1a572a6ea7,smart_money,N,50.0,1.4,0,0,,,0,,,0,,,0,,,0,,,,,0.0,,,样本不足，暂按来源分组权重；时间衰减半衰期=14天,0.0
3747999,1549,2026-08-28 09:17:46,30,0xf625aabf0c9f527697ff2d99b30dd794cfd76b93,money_printer,N,50.0,1.2,0,0,,,0,,,0,,,0,,,0,,,,,0.0,,,样本不足，暂按来源分组权重；时间衰减半衰期=14天,0.0
3748000,1549,2026-08-28 09:17:46,30,0xf629d790657e15ae9b51731932a5b63ff20b8b01,smart_money,N,50.0,1.4,0,0,,,0,,,0,,,0,,,0,,,,,0.0,,,样本不足，暂按来源分组权重；时间衰减半衰期=14天,0.0
3748001,1549,2026-08-28 09:17:46,30,0xf62edeee17968d4c55d1c74936d2110333342f30,money_printer,N,50.0,1.2,0,0,,,0,,,0,,,0,,,0,,,,,0.0,,,样本不足，暂按来源分组权重；时间衰减半衰期=14天,0.0
3748002,1549,2026-08-28 09:17:46,30,0xf69b98e485a8acab142c7c88f5a5b22333c47f97,smart_money,N,50.0,1.4,0,0,,,0,,,0,,,0,,,0,,,,,0.0,,,样本不足，暂按来源分组权重；时间衰减半衰期=14天,0.0
3748003,1549,2026-08-28 09:17:46,30,0xf6cb2067f954e1dfa5cb473d7f7673e0b2f95d32,smart_money,N,50.0,1.4,0,0,,,0,,,0,,,0,,,0,,,,,0.0,,,样本不足，暂按来源分组权重；时间衰减半衰期=14天,0.0
3748004,1549,2026-08-28 09:17:46,30,0xf6e0efd25be6f4302190ea44db596719aa400588,smart_money,N,50.0,1.4,0,0,,,0,,,0,,,0,,,0,,,,,0.0,,,样本不足，暂按来源分组权重；时间衰减半衰期=14天,0.0
3748005,1549,2026-08-28 09:17:46,30,0xf709deb9ca069e53a31a408fde397a87d025a352,smart_money,N,50.0,1.4,0,0,,,0,,,0,,,0,,,0,,,,,0.0,,,样本不足，暂按来源分组权重；时间衰减半衰期=14天,0.0
3748006,1549,2026-08-28 09:17:46,30,0xf74deefc2d993bf56f54ad2a7c0c42bf3f6c2982,smart_money,N,50.0,1.4,0,0,,,0,,,0,,,0,,,0,,,,,0.0,,,样本不足，暂按来源分组权重；时间衰减半衰期=14天,0.0
3748007,1549,2026-08-28 09:17:46,30,0xf76b17ce8ff08f96ad7bb785d4ed898d5d5014ef,smart_money,N,50.0,1.4,0,0,,,0,,,0,,,0,,,0,,,,,0.0,,,样本不足，暂按来源分组权重；时间衰减半衰期=14天,0.0
3748008,1549,2026-08-28 09:17:46,30,0xf770f371cc66499a89ae56aa84f9506e083f99ea,smart_money,N,50.0,1.4,1,1,0.0,-19.072406478160474,1,0.0,-28.73597491885261,1,0.0,-36.81408088329258,0,,,0,,,-28.73597491885261,,0.0,2026-08-18 23:16:52,HYPE,样本不足，暂按来源分组权重；时间衰减半衰期=14天,0.6273473274054894
3748009,1549,2026-08-28 09:17:46,30,0xf780adb6ca4a737d2a8def6dd445b0c0276d70e1,smart_money,N,50.0,1.4,0,0,,,0,,,0,,,0,,,0,,,,,0.0,,,样本不足，暂按来源分组权重；时间衰减半衰期=14天,0.0
3748010,1549,2026-08-28 09:17:46,30,0xf7b5461d0007ce4b52eaea2f6d2a30cef0fbefff,smart_money,N,50.0,1.4,8,8,0.27636606135643527,0.20444482798922128,8,0.36906512619438286,0.9230379585125694,8,0.4099189867337793,-0.07288763820227843,2,0.5030940810417491,0.015123715383974296,0,,,0.8389521783471419,,0.0,2026-08-17 02:16:57,NEKO,样本不足，暂按来源分组权重；时间衰减半衰期=14天,4.099449085181057
3748011,1549,2026-08-28 09:17:46,30,0xf7b7934ca8ff68a8b1d721232259b3c55eee5468,smart_money,N,50.0,1.4,0,0,,,0,,,0,,,0,,,0,,,,,0.0,,,样本不足，暂按来源分组权重；时间衰减半衰期=14天,0.0
3748012,1549,2026-08-28 09:17:46,30,0xf7c2ed23ddff71b17473db6f330fd8cb18388010,smart_money,N,50.0,1.4,0,0,,,0,,,0,,,0,,,0,,,,,0.0,,,样本不足，暂按来源分组权重；时间衰减半衰期=14天,0.0
3748013,1549,2026-08-28 09:17:46,30,0xf7c8f36f76175b7742da42c8b714a4d8331b7260,smart_money,N,50.0,1.4,0,0,,,0,,,0,,,0,,,0,,,,,0.0,,,样本不足，暂按来源分组权重；时间衰减半衰期=14天,0.0
3748014,1549,2026-08-28 09:17:46,30,0xf8143d76137489ae1fbcb8dbdc3937f66d6618cb,smart_money,N,50.0,1.4,0,0,,,0,,,0,,,0,,,0,,,,,0.0,,,样本不足，暂按来源分组权重；时间衰减半衰期=14天,0.0
3748015,1549,2026-08-28 09:17:46,30,0xf818074d013f376b860c02f0ad2bf98b12139489,smart_money,N,50.0,1.4,4,4,0.3533184019041713,-2.1322457639110906,4,0.3533184019041713,0.9195399059756745,4,0.3533184019041713,-0.37300326108511245,2,0.0,0.1672080824141373,0,,,0.8733121672360276,,0.0,2026-08-20 09:17:04,NEKO,样本不足，暂按来源分组权重；时间衰减半衰期=14天,1.8389745303794236
3748016,1549,2026-08-28 09:17:46,30,0xf822fa0fd364c573fcdb7009fcf47601bc8be01a,money_printer,N,50.0,1.2,9,9,0.5329218079496316,3.325227304611361,9,0.6496310190953214,6.738309685324445,5,1.0,14.036421022573053,0,,,0,,,7.120771048553274,,0.0,2026-08-22 05:17:09,"ETH,HYPE,LINK,SOL",样本不足，暂按来源分组权重；时间衰减半衰期=14天,6.300745611954239
3748017,1549,2026-08-28 09:17:46,30,0xf83350f2426d9f4790b6aa61710f6a26ddd908e7,money_printer,N,50.0,1.2,0,0,,,0,,,0,,,0,,,0,,,,,0.0,,,样本不足，暂按来源分组权重；时间衰减半衰期=14天,0.0
3748018,1549,2026-08-28 09:17:46,30,0xf83ff544ed6f00fe7a74782aee3fd9ea54d96728,money_printer,N,50.0,1.2,2,2,0.0,-0.4917371670200146,2,0.41471420349793475,1.2594580874264023,2,0.0,-1.1743412263054016,2,0.5852857965020654,13.145082177195725,0,,,1.485196283596561,,0.0,2026-08-05 19:17:01,"BTC,ETH",样本不足，暂按来源分组权重；时间衰减半衰期=14天,0.558509755686998
3748019,1549,2026-08-28 09:17:46,30,0xf86149475b49bdb11cd8b27c38ae11a1569fbbdc,smart_money,N,50.0,1.4,4,4,0.3533184019041713,-2.1322457639110906,4,0.3533184019041713,0.9195399059756745,4,0.3533184019041713,-0.37300326108511245,2,0.0,0.1672080824141373,0,,,0.8733121672360276,,0.0,2026-08-20 09:17:04,NEKO,样本不足，暂按来源分组权重；时间衰减半衰期=14天,1.8389745303794236
3748020,1549,2026-08-28 09:17:46,30,0xf889692c619ff045b80b3841f43fab71278ed498,smart_money,N,50.0,1.4,0,0,,,0,,,0,,,0,,,0,,,,,0.0,,,样本不足，暂按来源分组权重；时间衰减半衰期=14天,0.0
3748021,1549,2026-08-28 09:17:46,30,0xf890f106fae3d9023c57f9da5911df097edd30eb,smart_money,N,50.0,1.4,0,0,,,0,,,0,,,0,,,0,,,,,0.0,,,样本不足，暂按来源分组权重；时间衰减半衰期=14天,0.0
3748022,1549,2026-08-28 09:17:46,30,0xf8992a1f4e302460bd49a1646ee315d810235212,smart_money,N,50.0,1.4,0,0,,,0,,,0,,,0,,,0,,,,,0.0,,,样本不足，暂按来源分组权重；时间衰减半衰期=14天,0.0
3748023,1549,2026-08-28 09:17:46,30,0xf899937184168b1d9dee75acbaa3fef0f52888db,money_printer,N,50.0,1.2,0,0,,,0,,,0,,,0,,,0,,,,,0.0,,,样本不足，暂按来源分组权重；时间衰减半衰期=14天,0.0
3748024,1549,2026-08-28 09:17:46,30,0xf8ae5f0d229618b4deead1b3901ed3134207b7d8,smart_money,N,50.0,1.4,0,0,,,0,,,0,,,0,,,0,,,,,0.0,,,样本不足，暂按来源分组权重；时间衰减半衰期=14天,0.0
3748025,1549,2026-08-28 09:17:46,30,0xf8bb001a9e55d81fd6a5834f8e64865ef4e231c9,smart_money,N,50.0,1.4,0,0,,,0,,,0,,,0,,,0,,,,,0.0,,,样本不足，暂按来源分组权重；时间衰减半衰期=14天,0.0
3748026,1549,2026-08-28 09:17:46,30,0xf8e190c49164d6aa2f4362bd429e2c400baf7c61,smart_money,N,50.0,1.4,0,0,,,0,,,0,,,0,,,0,,,,,0.0,,,样本不足，暂按来源分组权重；时间衰减半衰期=14天,0.0
3748027,1549,2026-08-28 09:17:46,30,0xf8f3160d4d85c92cdf5fd59846923465cc1f2671,smart_money,C,30.37159178553019,0.77,10,10,0.0,-0.23158187721038498,10,0.12714030419975397,0.30461315275354395,8,0.31464217910992837,0.26529634546415,4,0.5123767438270082,0.26155117037244774,0,,,0.2254118513727815,,0.0,2026-08-24 22:17:53,BRIDGE,C级：噪音偏多，降权参考，主周期=72h；时间衰减半衰期=14天,5.515775959612948
3748028,1549,2026-08-28 09:17:46,30,0xf8fcae418ddedfb12f8fa06ea5fc8724fe60b75d,smart_money,N,50.0,1.4,0,0,,,0,,,0,,,0,,,0,,,,,0.0,,,样本不足，暂按来源分组权重；时间衰减半衰期=14天,0.0
3748029,1549,2026-08-28 09:17:46,30,0xf9109ada2f73c62e9889b45453065f0d99260a2d,smart_money,R,18.551661310399616,-1.4,15,12,0.1689481393345428,-1.4483386896003854,9,0.451878425054711,0.5805309508007023,2,0.0,-9.554984198551654,0,,,0,,,0.269113793151432,,56.555007223276235,2026-08-27 20:18:09,"ZEC,ETH,DOGE,HYPE",反向钱包：24h方向胜率和平均收益偏差；时间衰减半衰期=14天,9.758002315534782
3748030,1549,2026-08-28 09:17:46,30,0xf92ddf919186b80d8619a12e7f4379f678939b74,smart_money,N,50.0,1.4,0,0,,,0,,,0,,,0,,,0,,,,,0.0,,,样本不足，暂按来源分组权重；时间衰减半衰期=14天,0.0
3748031,1549,2026-08-28 09:17:46,30,0xf94b346387ae5f1ae84bf10e36008cb552ca82d5,smart_money,N,50.0,1.4,0,0,,,0,,,0,,,0,,,0,,,,,0.0,,,样本不足，暂按来源分组权重；时间衰减半衰期=14天,0.0
3748032,1549,2026-08-28 09:17:46,30,0xf9705511f4d0ae48aa128f73518c776fbda27ba7,smart_money,N,50.0,1.4,1,1,0.0,-9.558409145801464,1,0.0,-27.242170517671692,1,0.0,-29.741969245632404,0,,,0,,,-27.242170517671692,,0.0,2026-08-19 17:17:21,LIT,样本不足，暂按来源分组权重；时间衰减半衰期=14天,0.6510912759731431
3748033,1549,2026-08-28 09:17:46,30,0xf97ad6704baec104d00b88e0c157e2b7b3a1ddd1,money_printer,N,50.0,1.2,0,0,,,0,,,0,,,0,,,0,,,,,0.0,,,样本不足，暂按来源分组权重；时间衰减半衰期=14天,0.0
3748034,1549,2026-08-28 09:17:46,30,0xf9a28ab8bd579e6a75cc5dd138954e3db8967c5a,smart_money,N,50.0,1.4,0,0,,,0,,,0,,,0,,,0,,,,,0.0,,,样本不足，暂按来源分组权重；时间衰减半衰期=14天,0.0
3748035,1549,2026-08-28 09:17:46,30,0xf9aa2b842eb3b27268d092d465fd186dff95c22e,smart_money,N,50.0,1.4,0,0,,,0,,,0,,,0,,,0,,,,,0.0,,,样本不足，暂按来源分组权重；时间衰减半衰期=14天,0.0
3748036,1549,2026-08-28 09:17:46,30,0xf9d4f4892f9c9a4ddf939166c592efb9be365e91,money_printer,N,50.0,1.2,0,0,,,0,,,0,,,0,,,0,,,,,0.0,,,样本不足，暂按来源分组权重；时间衰减半衰期=14天,0.0
3748037,1549,2026-08-28 09:17:46,30,0xfa1413451bc8dd3484787eb3c3156a7e28c4aade,smart_money,C,69.74227968746294,0.77,36,36,0.26123165764411305,-0.42944193635079636,36,0.3113634017639874,-1.789555307369789,30,0.3347403379866139,-0.06326539989234983,14,0.4544647474987365,1.1758852713257444,0,,,-1.0148621701649398,,0.0,2026-08-24 22:17:53,"BUDDY,BRIDGE,DEPIN",C级：噪音偏多，降权参考，主周期=15d；时间衰减半衰期=14天,18.955721749807875
3748038,1549,2026-08-28 09:17:46,30,0xfa50b069e2dd8e6d0657e1247e35c5e39fb6ff9d,smart_money,N,50.0,1.4,0,0,,,0,,,0,,,0,,,0,,,,,0.0,,,样本不足，暂按来源分组权重；时间衰减半衰期=14天,0.0
3748039,1549,2026-08-28 09:17:46,30,0xfa58f82875ee97464a8feef085e597b06590dd13,smart_money,N,50.0,1.4,0,0,,,0,,,0,,,0,,,0,,,,,0.0,,,样本不足，暂按来源分组权重；时间衰减半衰期=14天,0.0
3748040,1549,2026-08-28 09:17:46,30,0xfa6af5f4f7440ce389a1e650991eea45c161e13e,money_printer,N,50.0,1.2,0,0,,,0,,,0,,,0,,,0,,,,,0.0,,,样本不足，暂按来源分组权重；时间衰减半衰期=14天,0.0
3748041,1549,2026-08-28 09:17:46,30,0xfab35149ccbcd9044ef062270f55c8b3fb650e21,smart_money,N,50.0,1.4,0,0,,,0,,,0,,,0,,,0,,,,,0.0,,,样本不足，暂按来源分组权重；时间衰减半衰期=14天,0.0
3748042,1549,2026-08-28 09:17:46,30,0xfabee32ab2c189c2ff20ac2a83cfd820de7b1d6d,smart_money,N,50.0,1.4,0,0,,,0,,,0,,,0,,,0,,,,,0.0,,,样本不足，暂按来源分组权重；时间衰减半衰期=14天,0.0
3748043,1549,2026-08-28 09:17:46,30,0xfaf665c655613e5713a2bdc3b4cd109e25b4b5f6,smart_money,N,50.0,1.4,0,0,,,0,,,0,,,0,,,0,,,,,0.0,,,样本不足，暂按来源分组权重；时间衰减半衰期=14天,0.0
3748044,1549,2026-08-28 09:17:46,30,0xfb184022457cdabaa2f39ccaa7bcb231a410a767,smart_money,N,50.0,1.4,0,0,,,0,,,0,,,0,,,0,,,,,0.0,,,样本不足，暂按来源分组权重；时间衰减半衰期=14天,0.0
3748045,1549,2026-08-28 09:17:46,30,0xfb697d3976e42df505286fde283000608c20926d,smart_money,N,50.0,1.4,0,0,,,0,,,0,,,0,,,0,,,,,0.0,,,样本不足，暂按来源分组权重；时间衰减半衰期=14天,0.0
3748046,1549,2026-08-28 09:17:46,30,0xfb751fa655f5e7cb9e4a474cf616e1439600bec2,smart_money,N,50.0,1.4,0,0,,,0,,,0,,,0,,,0,,,,,0.0,,,样本不足，暂按来源分组权重；时间衰减半衰期=14天,0.0
3748047,1549,2026-08-28 09:17:46,30,0xfb8c34145bdea190693325d0ab01e81120909b3f,money_printer,N,50.0,1.2,0,0,,,0,,,0,,,0,,,0,,,,,0.0,,,样本不足，暂按来源分组权重；时间衰减半衰期=14天,0.0
3748048,1549,2026-08-28 09:17:46,30,0xfb941d2344b72ea9101400392b818173772d0ddf,money_printer,B,66.27541611751883,1.2,14,14,0.6085011389438761,1.2371237578162577,14,0.5168613024917935,-0.3000927087897636,12,0.5316512425005693,-0.0346813737788623,5,0.43220162662479455,1.213294758032,0,,,-0.8483449871180229,,0.0,2026-08-22 06:17:02,"SWAP,PUMP,HYPE,ONDO,ETH",B级：普通有效参考，主周期=7d；时间衰减半衰期=14天,7.621022002224393
3748049,1549,2026-08-28 09:17:46,30,0xfb996bd6467d1575d338967415dc0ee72c6037f3,smart_money,N,50.0,1.4,2,2,0.0,0.0,2,0.0,0.0,2,0.0,0.0,0,,,0,,,0.0,,0.0,2026-08-21 02:17:08,UXPL,样本不足，暂按来源分组权重；时间衰减半衰期=14天,1.3924692279656912
3748050,1549,2026-08-28 09:17:46,30,0xfba31dfa3c6612abca9a27f65af77d9fed7e2db7,smart_money,N,50.0,1.4,0,0,,,0,,,0,,,0,,,0,,,,,0.0,,,样本不足，暂按来源分组权重；时间衰减半衰期=14天,0.0
3748051,1549,2026-08-28 09:17:46,30,0xfba7c3e68638fda0a13994ddb6733cbd016ec826,smart_money,N,50.0,1.4,6,6,0.31984022657067696,0.5472589847030782,6,0.5001423256507687,0.11286624713003711,6,0.38818568002022547,-0.6096145934773567,2,0.5005147315104072,0.31317205674611287,0,,,0.09308723107168415,,0.0,2026-08-20 08:16:59,HYPE,样本不足，暂按来源分组权重；时间衰减半衰期=14天,3.2303906977560364
3748052,1549,2026-08-28 09:17:46,30,0xfbc5a98a1358ba1ba8a9e2eebe94e6e3c9b6df24,smart_money,N,50.0,1.4,0,0,,,0,,,0,,,0,,,0,,,,,0.0,,,样本不足，暂按来源分组权重；时间衰减半衰期=14天,0.0
3748053,1549,2026-08-28 09:17:46,30,0xfbc9638938262f15cc1b3a751a54d538559da361,money_printer,N,50.0,1.2,0,0,,,0,,,0,,,0,,,0,,,,,0.0,,,样本不足，暂按来源分组权重；时间衰减半衰期=14天,0.0
3748054,1549,2026-08-28 09:17:46,30,0xfbdd44e73e24dc3ac26c2747d92b35363f155680,smart_money,N,50.0,1.4,0,0,,,0,,,0,,,0,,,0,,,,,0.0,,,样本不足，暂按来源分组权重；时间衰减半衰期=14天,0.0
3748055,1549,2026-08-28 09:17:46,30,0xfbfa8568f29e6809138674195cf1c2d35b72e159,smart_money,N,50.0,1.4,0,0,,,0,,,0,,,0,,,0,,,,,0.0,,,样本不足，暂按来源分组权重；时间衰减半衰期=14天,0.0
3748056,1549,2026-08-28 09:17:46,30,0xfc16f2564fef00de7dbd57ffcb80354c4d9e0eac,smart_money,N,50.0,1.4,2,2,0.0,0.0,2,0.0,0.0,0,,,0,,,0,,,0.0,,0.0,2026-08-24 18:18:36,KNTQ,样本不足，暂按来源分组权重；时间衰减半衰期=14天,1.6697265004569812
3748057,1549,2026-08-28 09:17:46,30,0xfc1d41ff4a7c1e2aa4d493428d7437b34918e53e,smart_money,N,50.0,1.4,0,0,,,0,,,0,,,0,,,0,,,,,0.0,,,样本不足，暂按来源分组权重；时间衰减半衰期=14天,0.0
3748058,1549,2026-08-28 09:17:46,30,0xfc27136e42af1732ddc9ce2605ea9bff1b959d9d,money_printer,R,16.832102464582913,-1.2,63,59,0.30728212871112165,-0.8880935633283715,55,0.23252843681956684,-0.9809617930122482,23,0.2031768303403058,-3.1678975354170875,8,0.3144896060991475,3.7253227969162803,0,,,-0.942774507918064,,64.83488742888778,2026-08-28 03:17:51,"XRP,BTC,ETH,ZEC,SOL",反向钱包：7d方向胜率和平均收益偏差；时间衰减半衰期=14天,40.509428151747414
3748059,1549,2026-08-28 09:17:46,30,0xfc37faf026597474691dca71ed9dcae1a6633b84,smart_money,N,50.0,1.4,5,5,0.20435136242842866,8.545463050439494,5,0.20435136242842866,9.261711425808121,2,0.0,0.0,0,,,0,,,9.048503377625808,,0.0,2026-08-24 18:18:36,"UANSEM,UPUMP,KNTQ",样本不足，暂按来源分组权重；时间衰减半衰期=14天,3.7347204031756736
3748060,1549,2026-08-28 09:17:46,30,0xfc667adba8d4837586078f4fdcdc29804337ca06,money_printer,R,10.0,-1.2,70,62,0.33150732302034347,0.5063139717635142,52,0.5055784444389589,2.983053812588682,44,0.49505625797515773,3.955517687952381,17,0.22844667808220367,-17.274934716769316,0,,,2.649354586775647,,70.44853150684742,2026-08-28 07:17:43,"HYPE,XRP,ETH,SOL,BTC",反向钱包：15d方向胜率和平均收益偏差；时间衰减半衰期=14天,39.31580843605666
3748061,1549,2026-08-28 09:17:46,30,0xfc84a4bba95d3a13f91a9c0d735c0af04a18f4d0,smart_money,N,50.0,1.4,0,0,,,0,,,0,,,0,,,0,,,,,0.0,,,样本不足，暂按来源分组权重；时间衰减半衰期=14天,0.0
3748062,1549,2026-08-28 09:17:46,30,0xfc8c156428a8e48cb8d0356db16e59bec4c0ecea,money_printer,N,50.0,1.2,0,0,,,0,,,0,,,0,,,0,,,,,0.0,,,样本不足，暂按来源分组权重；时间衰减半衰期=14天,0.0
3748063,1549,2026-08-28 09:17:46,30,0xfc98b6ec7f59ea13354bae6171a9120692fb8777,money_printer,N,50.0,1.2,1,1,1.0,2.4408710924651467,1,0.0,-3.055278003611969,0,,,0,,,0,,,-3.0552780036119693,,0.0,2026-08-23 01:17:49,ZEC,样本不足，暂按来源分组权重；时间衰减半衰期=14天,0.7679318016827127
3748064,1549,2026-08-28 09:17:46,30,0xfcb01354e18ca1cc0eee89ca3459ef84daa2e0b6,smart_money,N,50.0,1.4,0,0,,,0,,,0,,,0,,,0,,,,,0.0,,,样本不足，暂按来源分组权重；时间衰减半衰期=14天,0.0
3748065,1549,2026-08-28 09:17:46,30,0xfce053a5e461683454bf37ad66d20344c0e3f4c0,money_printer,N,50.0,1.2,0,0,,,0,,,0,,,0,,,0,,,,,0.0,,,样本不足，暂按来源分组权重；时间衰减半衰期=14天,0.0
3748066,1549,2026-08-28 09:17:46,30,0xfcf104006bfff47695c1dc21dad3e9de1e72098e,smart_money,N,50.0,1.4,0,0,,,0,,,0,,,0,,,0,,,,,0.0,,,样本不足，暂按来源分组权重；时间衰减半衰期=14天,0.0
3748067,1549,2026-08-28 09:17:46,30,0xfd041f7e1851da14e250b02251d12f896dc172fe,smart_money,N,50.0,1.4,0,0,,,0,,,0,,,0,,,0,,,,,0.0,,,样本不足，暂按来源分组权重；时间衰减半衰期=14天,0.0
3748068,1549,2026-08-28 09:17:46,30,0xfd0e0d2846eb717eaa439d49a4c0dc0a4004cf94,money_printer,N,50.0,1.2,0,0,,,0,,,0,,,0,,,0,,,,,0.0,,,样本不足，暂按来源分组权重；时间衰减半衰期=14天,0.0
3748069,1549,2026-08-28 09:17:46,30,0xfd97600ac44b3c4e20ac1a5f23e3b18d10fa5912,money_printer,N,50.0,1.2,1,1,0.0,-4.443040640134752,1,1.0,2.3162771109707276,0,,,0,,,0,,,2.3162771109707276,,0.0,2026-08-24 18:18:36,PUMP,样本不足，暂按来源分组权重；时间衰减半衰期=14天,0.8357322792348668
3748070,1549,2026-08-28 09:17:46,30,0xfdba13d24cb423a393603d72ca80f31b251a3727,money_printer,N,50.0,1.2,0,0,,,0,,,0,,,0,,,0,,,,,0.0,,,样本不足，暂按来源分组权重；时间衰减半衰期=14天,0.0
3748071,1549,2026-08-28 09:17:46,30,0xfdbaa5eee7cdf45eec3a71a672065a67191fda7a,smart_money,N,50.0,1.4,0,0,,,0,,,0,,,0,,,0,,,,,0.0,,,样本不足，暂按来源分组权重；时间衰减半衰期=14天,0.0
3748072,1549,2026-08-28 09:17:46,30,0xfdcec78b3a783d677bad7b8d58823cea5b5d26c2,money_printer,N,50.0,1.2,0,0,,,0,,,0,,,0,,,0,,,,,0.0,,,样本不足，暂按来源分组权重；时间衰减半衰期=14天,0.0
3748073,1549,2026-08-28 09:17:46,30,0xfdf1e791b257b259d2e2967a0b525d0e777d67fe,smart_money,N,50.0,1.4,0,0,,,0,,,0,,,0,,,0,,,,,0.0,,,样本不足，暂按来源分组权重；时间衰减半衰期=14天,0.0
3748074,1549,2026-08-28 09:17:46,30,0xfdf891f2b214a4c9374d26595ec6d4080262e381,money_printer,N,50.0,1.2,1,1,1.0,4.412724857599568,1,1.0,9.419816736835008,1,1.0,11.310984532949108,0,,,0,,,9.419816736835008,,0.0,2026-08-19 21:17:06,ETH,样本不足，暂按来源分组权重；时间衰减半衰期=14天,0.6564805049178893
3748075,1549,2026-08-28 09:17:46,30,0xfdfb306dbff80664bd1f61699089ddead7d7dbb9,smart_money,C,67.42799652037229,0.77,14,14,0.5885953835000743,0.838474005927711,14,0.49880894981735635,0.9424360267112303,4,0.0,-0.20054361161906872,4,0.2692382842207883,0.0011107080244733268,0,,,0.887889871542547,,0.0,2026-08-25 04:17:50,"XRP,HYPE,DOGE",C级：噪音偏多，降权参考，主周期=72h；时间衰减半衰期=14天,8.863420691460139
3748076,1549,2026-08-28 09:17:46,30,0xfe1fccb7f954050a4b0ca4bea43c8287b190c55a,smart_money,N,50.0,1.4,0,0,,,0,,,0,,,0,,,0,,,,,0.0,,,样本不足，暂按来源分组权重；时间衰减半衰期=14天,0.0
3748077,1549,2026-08-28 09:17:46,30,0xfe3952b95be13603e0ce10f90441c5ad7350fcea,smart_money,N,50.0,1.4,0,0,,,0,,,0,,,0,,,0,,,,,0.0,,,样本不足，暂按来源分组权重；时间衰减半衰期=14天,0.0
3748078,1549,2026-08-28 09:17:46,30,0xfe40fa3decfc6dc555f4ad7736d0dd65ccbd4743,smart_money,N,50.0,1.4,0,0,,,0,,,0,,,0,,,0,,,,,0.0,,,样本不足，暂按来源分组权重；时间衰减半衰期=14天,0.0
3748079,1549,2026-08-28 09:17:46,30,0xfe4dec8543b0b9cec0c897a689f7af7bddb02192,smart_money,N,50.0,1.4,0,0,,,0,,,0,,,0,,,0,,,,,0.0,,,样本不足，暂按来源分组权重；时间衰减半衰期=14天,0.0
3748080,1549,2026-08-28 09:17:46,30,0xfe6882837b95cb94ff35867c87bd8fde8cb347f2,smart_money,N,50.0,1.4,4,4,0.3533184019041713,-2.1322457639110906,4,0.3533184019041713,0.9195399059756745,4,0.3533184019041713,-0.37300326108511245,2,0.0,0.1672080824141373,0,,,0.8733121672360276,,0.0,2026-08-20 09:17:04,NEKO,样本不足，暂按来源分组权重；时间衰减半衰期=14天,1.8389745303794236
3748081,1549,2026-08-28 09:17:46,30,0xfe72c242af1a4ca8114c6a170ba4a823785241ce,smart_money,N,50.0,1.4,0,0,,,0,,,0,,,0,,,0,,,,,0.0,,,样本不足，暂按来源分组权重；时间衰减半衰期=14天,0.0
3748082,1549,2026-08-28 09:17:46,30,0xfe7ce058edc7cfcde9ef8262ba51f8d4796ab7ae,money_printer,R,10.0,-1.2,30,30,0.25873030535562075,-4.784159742269158,24,0.16380331437006135,-10.565016001733266,11,0.1275046791757433,-22.105941445090675,5,0.5737443074129929,4.186636130602601,1,1.0,70.40567357428675,-9.511747169202417,70.40567357428675,86.59925133188108,2026-08-26 14:17:57,"ZEC,NEAR,PUMP,TRUMP,ETH",反向钱包：7d方向胜率和平均收益偏差；时间衰减半衰期=14天,20.583259091765523
3748083,1549,2026-08-28 09:17:46,30,0xfe8c8076596dd917a20a31007ced69ce339129a1,smart_money,N,50.0,1.4,0,0,,,0,,,0,,,0,,,0,,,,,0.0,,,样本不足，暂按来源分组权重；时间衰减半衰期=14天,0.0
3748084,1549,2026-08-28 09:17:46,30,0xfeaf607f1790b82a8b8e7b1c1279c32f0b014fbd,smart_money,N,50.0,1.4,0,0,,,0,,,0,,,0,,,0,,,,,0.0,,,样本不足，暂按来源分组权重；时间衰减半衰期=14天,0.0
3748085,1549,2026-08-28 09:17:46,30,0xfece6768ee2df24d3599c710efeea77130cea000,smart_money,N,50.0,1.4,0,0,,,0,,,0,,,0,,,0,,,,,0.0,,,样本不足，暂按来源分组权重；时间衰减半衰期=14天,0.0
3748086,1549,2026-08-28 09:17:46,30,0xfeec88b13fc0be31695069f02bac18538a154e9c,money_printer,N,50.0,1.2,0,0,,,0,,,0,,,0,,,0,,,,,0.0,,,样本不足，暂按来源分组权重；时间衰减半衰期=14天,0.0
3748087,1549,2026-08-28 09:17:46,30,0xfeee942a06d2f8012823ccde7bf7bcbcaa29a09f,smart_money,N,50.0,1.4,0,0,,,0,,,0,,,0,,,0,,,,,0.0,,,样本不足，暂按来源分组权重；时间衰减半衰期=14天,0.0
3748088,1549,2026-08-28 09:17:46,30,0xff0b4cdec41787756fcda9d080de55ee31d74a05,smart_money,N,50.0,1.4,0,0,,,0,,,0,,,0,,,0,,,,,0.0,,,样本不足，暂按来源分组权重；时间衰减半衰期=14天,0.0
3748089,1549,2026-08-28 09:17:46,30,0xff2fed9cb48196ec35fd97b290c583e7a63b17b7,smart_money,N,50.0,1.4,0,0,,,0,,,0,,,0,,,0,,,,,0.0,,,样本不足，暂按来源分组权重；时间衰减半衰期=14天,0.0
3748090,1549,2026-08-28 09:17:46,30,0xff4cd3826ecee12acd4329aada4a2d3419fc463c,money_printer,N,50.0,1.2,0,0,,,0,,,0,,,0,,,0,,,,,0.0,,,样本不足，暂按来源分组权重；时间衰减半衰期=14天,0.0
3748091,1549,2026-08-28 09:17:46,30,0xff7c935b9835d700188a05333d6f7e1e06146a79,smart_money,N,50.0,1.4,0,0,,,0,,,0,,,0,,,0,,,,,0.0,,,样本不足，暂按来源分组权重；时间衰减半衰期=14天,0.0
3748092,1549,2026-08-28 09:17:46,30,0xff8850989681b1163cbaf0b0f6b719c1c663dc25,smart_money,N,50.0,1.4,0,0,,,0,,,0,,,0,,,0,,,,,0.0,,,样本不足，暂按来源分组权重；时间衰减半衰期=14天,0.0
3748093,1549,2026-08-28 09:17:46,30,0xffe4e3986d18333402564ea64f3a83fcc1907b52,smart_money,N,50.0,1.4,0,0,,,0,,,0,,,0,,,0,,,,,0.0,,,样本不足，暂按来源分组权重；时间衰减半衰期=14天,0.0
