id,run_id,calculated_at,window_days,address,groups,position_grade,position_score,position_weight_multiplier,sample_trades,closed_trades,open_trades,closed_win_rate,avg_realized_return,avg_unrealized_return,avg_final_return,avg_holding_hours,avg_leverage,max_leverage,avg_max_favorable_pct,avg_max_adverse_pct,low_leverage_ratio,high_leverage_ratio,dominant_coins,note
2356334,1595,2026-08-30 07:17:52,30,0x000000209e0a892842bc06c354e7d097392cbbbb,smart_money,P-C,52.5303218384368,0.75,23,0,23,,,29.607600853960715,29.607600853960715,1501.6758333333337,5.826086956521739,10.0,50.42236595299505,-12.429595837221028,0.34782608695652173,0.30434782608695654,"ARB,BANANA,BIGTIME,CRV,DOGE",仓位收益偏弱，降权参考
2356335,1595,2026-08-30 07:17:52,30,0x001a1a5eb6800e78197b92a527b3ba8b8d5bfef6,money_printer,P-R,25.0,-0.8,5,0,5,,,-42.49632817182027,-42.49632817182027,1501.6758333333332,9.0,10.0,25.75231013930061,-58.26725675671329,0.0,0.8,"BTC,DOGE,ETH,HYPE,SOL",仓位真实收益偏反向，可作为反向参考
2357722,1595,2026-08-30 07:17:52,30,0x003a85c562730b196f7cba202a2515f2ff855736,smart_money,P-N,50.0,1.0,2,2,0,0.5,-3.5675480795417127,,-3.5675480795417127,470.33152777777775,40.0,40.0,5.013127217001551,-7.773878193656174,0.0,1.0,BTC,仓位样本不足，暂不影响权重
2357661,1595,2026-08-30 07:17:52,30,0x004593cdface692ccbc2733b775f624ed0ad703b,smart_money,P-N,50.0,1.0,1,1,0,0.0,-15.486950651809906,,-15.486950651809906,1363.675,3.0,3.0,27.93720249900833,-15.486950651809906,1.0,0.0,BTC,仓位样本不足，暂不影响权重
2356336,1595,2026-08-30 07:17:52,30,0x0048d42f232164a85a41f15ccf26cf859e58b108,smart_money,P-N,50.0,1.0,2,0,2,,,12.27506391552607,10.473420992716905,1280.3480555555554,4.5,5.0,30.650881442359225,-27.76001381415543,0.0,0.0,"ALGO,ZEC",仓位样本不足，暂不影响权重
2356337,1595,2026-08-30 07:17:52,30,0x007d76eec0ba411ce873a8819df50dd443d967a0,money_printer,P-G,55.362157961065925,0.65,5,2,3,0.5,8.659946006338282,11.496965930884352,10.362157961065924,931.4070555555554,16.0,40.0,28.713643300921557,-5.063094275238742,0.0,1.0,"ADA,TRUMP,HYPE,BTC,SUI",高杠杆/短线赌徒型，长期单降权
2357054,1595,2026-08-30 07:17:52,30,0x00897e2d7168165b81558c3cd9257efb007f2410,smart_money,P-C,58.23750565374072,0.75,28,22,6,0.3181818181818182,0.219790596708771,1.6125372639657352,0.8180276052242027,76.60501984126986,7.428571428571429,20.0,8.316744614054953,-3.4250099550254847,0.39285714285714285,0.35714285714285715,"ZEC,PUMP,HYPE,BTC,PURR",仓位收益偏弱，降权参考
2357780,1595,2026-08-30 07:17:52,30,0x00b43bdee2d3fa676ab06739bf1d52f4bad6591e,money_printer,P-N,50.0,1.0,1,1,0,1.0,57.12047329426488,,57.12047329426488,1190.6591666666666,10.0,10.0,91.32727147918747,0.0,0.0,1.0,HYPE,仓位样本不足，暂不影响权重
2357781,1595,2026-08-30 07:17:52,30,0x00f8da96829820da934fc4a4cb7d39031ce7454b,money_printer,P-N,50.0,1.0,1,1,0,1.0,11.680650584212774,,11.680650584212774,392.00083333333333,10.0,10.0,12.172079979659747,-2.587878580888521,0.0,1.0,HYPE,仓位样本不足，暂不影响权重
2356338,1595,2026-08-30 07:17:52,30,0x010461c14e146ac35fe42271bdc1134ee31c703a,money_printer,P-G,44.92577271594352,0.65,2245,2070,175,0.4956521739130435,-0.07637779373474404,0.06444436257948363,-0.07422728405647819,87.81357832219754,20.0,20.0,1.7479855672727154,-1.6782801101471612,0.0,1.0,"PENGU,ACE,JUP,DASH,HYPE",高杠杆/短线赌徒型，长期单降权
2356339,1595,2026-08-30 07:17:52,30,0x011820f60d75a2b870ffe64a4764873e14bc8ede,smart_money,P-C,84.79181246047625,0.75,12,3,9,1.0,4.366747176732407,-41.121082938446136,-30.11385929371357,912.4805324074072,7.333333333333333,25.0,31.04796175391033,-53.09063709721082,0.5,0.25,"CASHCAT,APEX,DYDX,ETH,FARTCOIN",仓位收益偏弱，降权参考
2357731,1595,2026-08-30 07:17:52,30,0x0134c6a820166dabbd5b6d582858af1fa9956c03,smart_money,P-N,50.0,1.0,1,1,0,1.0,100.91537847003025,,100.91537847003025,1266.6641666666667,10.0,10.0,104.02576579495748,0.0,0.0,1.0,HYPE,仓位样本不足，暂不影响权重
2357213,1595,2026-08-30 07:17:52,30,0x015354106478dda69c4aae3c0cf801290b738052,money_printer,P-N,50.0,1.0,2,0,2,,,1.4300285711240082,1.4300285711240084,162.00416666666666,1.5,2.0,7.2823515683221665,-1.7298552847744633,1.0,0.0,"BTC,ZEC",仓位样本不足，暂不影响权重
2357695,1595,2026-08-30 07:17:52,30,0x015910813c8b6af4d68efb0a720a99699659ebc3,smart_money,P-N,50.0,1.0,1,1,0,1.0,23.028369455995904,,23.028369455995904,890.0,10.0,10.0,23.028369455995907,-21.479665421198256,0.0,1.0,HYPE,仓位样本不足，暂不影响权重
2356959,1595,2026-08-30 07:17:52,30,0x01783e91d31c69633153c2aadbf9b7901049d03a,smart_money,P-G,45.154135166261426,0.65,42,35,7,0.5142857142857142,0.10058356097717908,1.1131344744450276,0.15413516626142587,107.40623677248678,16.0,40.0,2.89409601997855,-2.9657512712543266,0.09523809523809523,0.7380952380952381,"HYPE,ETH,BTC,FET,kPEPE",高杠杆/短线赌徒型，长期单降权
2357097,1595,2026-08-30 07:17:52,30,0x01bb092c2e4fef1d68ef1ca66e9b1db29f0cf7b7,smart_money,P-A,100.0,1.15,5,2,3,1.0,40.26895782323342,11.021606157264662,22.58161563470874,145.41077777777775,3.2,5.0,27.824674947101965,-0.4992528189104757,0.8,0.0,"BTC,HYPE,XMR,PUMP,ZEC",仓位收益稳定，适合加权参考
2357304,1595,2026-08-30 07:17:52,30,0x01cd055a4c422cd498d35c3691e965819758d479,smart_money,P-G,48.459062715286784,0.65,15,14,1,0.7857142857142857,3.5612916913341577,2.0327553222499577,3.459062715286783,78.60212962962964,15.933333333333334,40.0,6.246903198718822,-4.733696900435869,0.13333333333333333,0.8666666666666667,"HYPE,PUMP,ZEC,BTC,CASHCAT",高杠杆/短线赌徒型，长期单降权
2356340,1595,2026-08-30 07:17:52,30,0x023a3d058020fb76cca98f01b3c48c8938a22355,money_printer,P-C,58.21078543875856,0.75,351,245,106,0.5591836734693878,-0.39213426803390716,-1.8245448874689505,-0.6512210372344743,394.53182098765404,11.783475783475783,40.0,6.664155666179078,-9.474327943104653,0.30484330484330485,0.48148148148148145,"BTC,ETH,DASH,ETHFI,BIO",仓位收益偏弱，降权参考
2357151,1595,2026-08-30 07:17:52,30,0x0252f92ee3f4430ac419fc3e9ae31df718990842,smart_money,P-C,64.93942650277285,0.75,74,72,2,0.4583333333333333,1.0659692644211918,14.46317589595795,1.4280465847197583,13.662766516516513,3.418918918918919,5.0,3.5706957854403503,-1.1431020229759827,0.6081081081081081,0.0,"HYPE,PUMP,SOL,DOGE,BTC",仓位收益偏弱，降权参考
2357812,1595,2026-08-30 07:17:52,30,0x02867e83eb85a3721422b4cddb8f4f64440eee0b,smart_money,P-N,50.0,1.0,1,1,0,0.0,-0.36708647164398905,,-0.36708647164398905,32.99111111111111,40.0,40.0,0.04832103575756646,-0.6741934989031891,0.0,1.0,BTC,仓位样本不足，暂不影响权重
2357503,1595,2026-08-30 07:17:52,30,0x0291639ea7178930475da17b579e1ac2de8faed8,smart_money,P-B,54.31356073859532,1.0,94,94,0,0.48936170212765956,0.241886752276383,,0.241886752276383,8.978947990543734,8.159574468085106,20.0,1.3822094475890565,-0.9856485150711458,0.09574468085106383,0.5212765957446809,"PUMP,LIT,FARTCOIN,HYPE,XRP",仓位表现普通有效
2357640,1595,2026-08-30 07:17:52,30,0x0291b14321f0bc83e866054592d4db5523326014,smart_money,P-N,50.0,1.0,1,1,0,0.0,-4.7544840096382,,-4.7544840096382,1380.6716666666666,2.0,2.0,24.56755890554223,-4.7544840096382,1.0,0.0,BTC,仓位样本不足，暂不影响权重
2357516,1595,2026-08-30 07:17:52,30,0x0296c6761c55a3a54815490428e12188f44e8f48,smart_money,P-C,48.03089986991944,0.75,8,8,0,0.5,-19.258189603379922,,-19.258189603379922,237.4974652777778,5.625,10.0,3.252347985663094,-22.600067632970767,0.5,0.25,"HYPE,PEOPLE,BSV,BOME,UMA",仓位收益偏弱，降权参考
2356341,1595,2026-08-30 07:17:52,30,0x029cd954c38838b2731cb5618e5c950ed4766956,smart_money,P-C,36.4378792138633,0.75,3,0,3,,,0.6985642661202659,10.44845523977448,974.9030555555555,7.666666666666667,10.0,33.46043871869369,-22.43465618017116,0.3333333333333333,0.6666666666666666,"MEGA,HYPE,WLD",仓位收益偏弱，降权参考
2356342,1595,2026-08-30 07:17:52,30,0x02aa6015d2ba9992b88596d36bad706eeef41806,smart_money,P-N,50.0,1.0,2,0,2,,,-21.931831503426107,-21.931831503426107,1501.6758333333332,20.0,20.0,7.137893699339495,-37.771529864293406,0.0,1.0,"BTC,ETH",仓位样本不足，暂不影响权重
2357714,1595,2026-08-30 07:17:52,30,0x02cf911889f9d979dde0f27084e25a4ca58efdf1,smart_money,P-G,42.12849037926013,0.65,6,6,0,0.3333333333333333,-2.8715096207398747,,-2.8715096207398747,37.330601851851846,18.333333333333332,20.0,1.9835337120485794,-5.294138766070604,0.0,1.0,"XRP,BTC,HYPE",高杠杆/短线赌徒型，长期单降权
2357630,1595,2026-08-30 07:17:52,30,0x02fbbf39d1e3c142994b383af5ac3f2ad744cda9,smart_money,P-A,82.42665769207866,1.15,7,7,0,0.7142857142857143,1.3449815031109036,,1.3449815031109036,117.71591269841271,6.428571428571429,10.0,6.87817942654141,-2.354678226254741,0.0,0.2857142857142857,"OP,kBONK,TIA,SEI",仓位收益稳定，适合加权参考
2357163,1595,2026-08-30 07:17:52,30,0x03136324349c003f3498130f56f4526bf5720ab1,smart_money,P-B,69.77665994715414,1.0,3,2,1,0.5,6.452614961732833,11.6029411764706,8.169390366645423,283.0090740740741,8.333333333333334,10.0,10.565919842962515,-10.260842041304214,0.0,0.6666666666666666,"CRV,MORPHO,ONDO",仓位表现普通有效
2357685,1595,2026-08-30 07:17:52,30,0x031f72deb03c509af42624ddcd1f63fce5ecb220,smart_money,P-A,100.0,1.15,6,6,0,1.0,26.457492299591053,,26.457492299591053,610.2437962962963,6.666666666666667,20.0,32.306505440707404,-10.966720944355545,0.3333333333333333,0.16666666666666666,"CASHCAT,ZEC,AAVE,HYPE,BTC",仓位收益稳定，适合加权参考
2356343,1595,2026-08-30 07:17:52,30,0x034d4f0b00827e4ac77d910071377f707ddd23d3,smart_money,P-A,84.21908192298964,1.15,396,289,107,0.5951557093425606,1.2302511088653083,0.5249715216675781,1.1629295183435788,292.3467992424245,5.704545454545454,12.0,7.7446587228987065,-7.834642475903512,0.25252525252525254,0.08838383838383838,"ZEC,HYPE,ETH,BTC,FARTCOIN",仓位收益稳定，适合加权参考
2356344,1595,2026-08-30 07:17:52,30,0x039cc0690200bfba3bacc6a9bcc5f865ed970ebd,smart_money,P-G,44.78782694290577,0.65,283,252,31,0.5396825396825397,0.14884779110614538,-2.5801504158484896,-0.21217305709423465,144.48053494307032,12.070671378091873,40.0,3.8991512849108103,-5.752901201495156,0.06007067137809187,0.7809187279151943,"FARTCOIN,ETH,kPEPE,BTC,XMR",高杠杆/短线赌徒型，长期单降权
2357114,1595,2026-08-30 07:17:52,30,0x03ef8f736498047c3349bb2c18311d1bb4a79054,smart_money,P-G,46.036242391315,0.65,4,3,1,1.0,4.434467253272614,-9.159534154817008,1.0362423913149972,243.25534722222224,10.0,10.0,5.462932744380141,-5.380079300146897,0.0,1.0,"HYPE,TRUMP",高杠杆/短线赌徒型，长期单降权
2357835,1595,2026-08-30 07:17:52,30,0x041836d6c0617c694b70b57680f45905811076db,smart_money,P-G,40.99326552312822,0.65,5,5,0,0.4,-4.006734476871776,,-4.006734476871776,335.5961111111111,14.0,40.0,6.845616297672066,-14.995344769623092,0.0,0.6,"KAITO,XMR,BTC,ZEC,HYPE",高杠杆/短线赌徒型，长期单降权
2356345,1595,2026-08-30 07:17:52,30,0x0423b4b2acb4f219ae4a270abd5dde2360e455bb,smart_money,P-C,67.77558942148582,0.75,10,9,1,0.4444444444444444,-2.3391461924305066,26.884050907451517,-0.16776084481263948,161.07005555555554,5.0,5.0,5.0569374466309736,-7.657397204235432,0.0,0.0,"PUMP,ENA,SOL,HYPE,ETH",仓位收益偏弱，降权参考
2356346,1595,2026-08-30 07:17:52,30,0x043879aa00ccc098627d71d966429b7efa5b8e4e,smart_money,P-N,50.0,1.0,1,0,1,,,53.51163920667874,53.51163920667874,1501.6758333333332,20.0,20.0,68.85617739299438,0.0,0.0,1.0,SOL,仓位样本不足，暂不影响权重
2357587,1595,2026-08-30 07:17:52,30,0x049bdc370620beab340b01072fa580fd57745e7d,money_printer,P-G,45.07356555131907,0.65,16,16,0,0.8125,0.07356555131906771,,0.07356555131906771,8.374791666666667,20.0,20.0,0.7256139049252188,-0.6859073047059944,0.0,1.0,"BTC,ETH",高杠杆/短线赌徒型，长期单降权
2357514,1595,2026-08-30 07:17:52,30,0x04cc3147bc87999e5a6b75373daa6ff8f12b38d1,smart_money,P-G,42.519583632645364,0.65,8,8,0,0.125,-2.4804163673546338,,-2.4804163673546338,40.8765625,12.5,20.0,1.6870936309663631,-3.6982979291319946,0.0,0.75,"XRP,MON,ZEC,AAVE",高杠杆/短线赌徒型，长期单降权
2356347,1595,2026-08-30 07:17:52,30,0x0514f2f3e0277c47117e3f33d9390efb0acfbdfe,smart_money,P-G,35.0,0.65,3,0,3,,,-32.267810874951614,-27.27088402604865,1104.4560185185185,18.333333333333332,25.0,8.376009434102718,-41.94241496267196,0.0,1.0,"AAVE,ETH,BTC",高杠杆/短线赌徒型，长期单降权
2356348,1595,2026-08-30 07:17:52,30,0x051c2e6d49cf82ebc47f08f9b85800f94fc9693c,money_printer,P-B,85.79181246047625,1.0,12,4,8,0.5,-4.515949739598383,15.971442899325472,9.142312019684185,628.5362962962962,7.5,21.0,20.831174521800996,-8.135740948424433,0.25,0.25,"HYPE,AAVE,ETH,NEAR,XPL",仓位表现普通有效
2357710,1595,2026-08-30 07:17:52,30,0x0526345bf8e09eb32256008c2844c8949ee3bb9a,smart_money,P-N,50.0,1.0,1,1,0,0.0,-1.5286624203821697,,-1.5286624203821697,1.0019444444444445,3.0,3.0,0.0,-3.6942675159235714,1.0,0.0,SAGA,仓位样本不足，暂不影响权重
2356349,1595,2026-08-30 07:17:52,30,0x054a01da80ee37d5220af5471b1eedbdcd2cdb2f,smart_money,P-N,50.0,1.0,2,0,2,,,-53.52242936774024,-56.82590823680405,1468.5434722222221,21.5,40.0,12.851597594072064,-69.76635562189806,0.5,0.5,"HYPE,BTC",仓位样本不足，暂不影响权重
2356350,1595,2026-08-30 07:17:52,30,0x055bc3556d7c6af2f0602a5f38351ee53611f9af,smart_money,P-N,50.0,1.0,1,0,1,,,-11.552458757000934,-11.552458757000934,1501.6758333333332,3.0,3.0,17.974289283543786,-15.083398311934342,1.0,0.0,BTC,仓位样本不足，暂不影响权重
2356351,1595,2026-08-30 07:17:52,30,0x057a3d2f8111a406d3aac222934861ff70d4cbf4,smart_money,P-C,62.43249108007711,0.75,14,5,9,0.4,5.720113158222843,-2.3377300349423265,1.5570339330759364,1101.6227777777774,6.5,10.0,27.288579282198107,-23.150997570505137,0.14285714285714285,0.35714285714285715,"LIT,ARB,EIGEN,INIT,JUP",仓位收益偏弱，降权参考
2356352,1595,2026-08-30 07:17:52,30,0x0584dc22947830561e0b698ef7b600a3d89cc681,smart_money,P-N,50.0,1.0,2,0,2,,,-30.24050045957026,-30.240500459570256,1501.6758333333332,7.5,10.0,7.631473063789991,-41.6728609853657,0.0,0.5,"BTC,ETH",仓位样本不足，暂不影响权重
2357753,1595,2026-08-30 07:17:52,30,0x058985a1ae732643468d03e468c8b13d985631bc,smart_money,P-G,43.48215059572567,0.65,6,6,0,0.5,-1.5178494042743294,,-1.5178494042743294,85.6661111111111,20.0,20.0,1.2472172900614449,-2.8444349566247773,0.0,1.0,"ETH,BTC",高杠杆/短线赌徒型，长期单降权
2356353,1595,2026-08-30 07:17:52,30,0x05904930cae1e9a48c055f4a8a83480ba7fc6abf,money_printer,P-R,25.0,-0.8,11,0,11,,,-10.491412141614461,-9.353831369936701,1271.206439393939,6.818181818181818,10.0,24.186197670846127,-29.59321537015195,0.0,0.36363636363636365,"HYPE,LDO,LINK,MON,WLD",仓位真实收益偏反向，可作为反向参考
2357082,1595,2026-08-30 07:17:52,30,0x05936f6a5ea9abfbfcc690f1a6140d97e80640f9,money_printer,P-G,54.578665232133325,0.65,3,2,1,0.0,-0.6819741663204029,36.971154794709754,9.578665232133325,92.00574074074075,14.0,20.0,13.996300878360515,-0.5364822723876146,0.3333333333333333,0.6666666666666666,"BTC,HYPE",高杠杆/短线赌徒型，长期单降权
2356354,1595,2026-08-30 07:17:52,30,0x05a42708e46733da056d09e0a355bfd2c3054eba,smart_money,P-C,70.98427530867072,0.75,22,6,16,0.6666666666666666,6.725071009192722,-8.390006030722608,-2.5987636285635554,958.1558585858587,8.545454545454545,20.0,18.067476229076973,-22.721749564392468,0.045454545454545456,0.5454545454545454,"SUI,AVAX,ETC,ADA,ETH",仓位收益偏弱，降权参考
2356355,1595,2026-08-30 07:17:52,30,0x05b5a0ae689c17cad8155932782a5c29426abe75,money_printer,P-G,48.52990486886488,0.65,5,2,3,1.0,6.917399234336266,1.7325348261657894,3.5299048688648837,856.4393333333334,12.2,21.0,13.691642923641428,-10.847273037606557,0.0,0.6,"LDO,BTC,ETH,BCH",高杠杆/短线赌徒型，长期单降权
2357119,1595,2026-08-30 07:17:52,30,0x05c47beed53eb8b3fc14538f881d0941cbbe05a1,smart_money,P-C,36.77114162319433,0.75,7,4,3,0.25,-6.1134445610844,8.956178459183228,0.7672234686687405,243.8145634920635,11.571428571428571,40.0,9.107011077503449,-8.218448891560858,0.2857142857142857,0.2857142857142857,"PURR,LIT,BTC,SOL,ZRO",仓位收益偏弱，降权参考
2357083,1595,2026-08-30 07:17:52,30,0x05df8c46c75a06ee097c0a90f9fbe8a11a4eba39,smart_money,P-G,46.09230760444622,0.65,6,5,1,0.2,-0.4739082495314332,6.320496064040529,1.0923076044462208,105.51694444444445,20.0,20.0,3.3208943685458525,-1.3778494076002314,0.0,1.0,BTC,高杠杆/短线赌徒型，长期单降权
2356356,1595,2026-08-30 07:17:52,30,0x05e70979fd3355133f91fc7c6597a8274169b3be,smart_money,P-N,50.0,1.0,2,0,2,,,-24.626246721297104,-29.753090543565257,1501.6758333333332,7.5,10.0,16.145629686882437,-61.815536916899106,0.0,0.5,"XPL,ZEC",仓位样本不足，暂不影响权重
2356357,1595,2026-08-30 07:17:52,30,0x0642ac031890cdc469a2ada5965359a8432467f9,smart_money,P-N,50.0,1.0,2,0,2,,,-57.973505467425085,-56.04712025681548,1119.3465277777777,17.5,25.0,14.292934269916879,-77.52071301888597,0.0,1.0,"ETH,ENA",仓位样本不足，暂不影响权重
2357600,1595,2026-08-30 07:17:52,30,0x065612c177776f3c635dff181edf170f9c196a05,smart_money,P-C,40.6065432091101,0.75,3,3,0,0.3333333333333333,2.4176653309567375,,2.4176653309567375,50.67425925925926,8.333333333333334,10.0,9.822324989063153,-4.762914575300717,0.0,0.6666666666666666,"HYPE,TRUMP,KAITO",仓位收益偏弱，降权参考
2357598,1595,2026-08-30 07:17:52,30,0x06cecfbac34101ae41c88ebc2450f8602b3d164b,money_printer,P-G,35.0,0.65,5,5,0,0.2,-34.040591423133826,,-34.040591423133826,1413.0733333333333,13.0,20.0,14.459214383088996,-52.16435558462656,0.0,0.8,"ETH,BTC,HYPE,MON,AAVE",高杠杆/短线赌徒型，长期单降权
2356358,1595,2026-08-30 07:17:52,30,0x06d5af06a3a7d29909e1cdc7a9deded2fb14ab57,smart_money,P-C,44.8006960696913,0.75,6,1,5,0.0,-37.72451327901809,15.914270754849756,6.676258449594098,1184.8955555555556,5.0,10.0,23.309869722184217,-19.830286700109628,0.3333333333333333,0.16666666666666666,"BTC,HYPE,MORPHO,NEAR,APEX",仓位收益偏弱，降权参考
2356359,1595,2026-08-30 07:17:52,30,0x0701363ed0a7809b2b8ca7e22aaccea4a670216c,smart_money,P-N,50.0,1.0,2,0,2,,,-8.964198531702314,-8.964198531702314,1501.6758333333332,2.5,3.0,25.448660347753812,-12.323863850562315,1.0,0.0,"BTC,ETH",仓位样本不足，暂不影响权重
2356360,1595,2026-08-30 07:17:52,30,0x0748e296e5a350ec36c8487a1cea406e1b57d4b2,money_printer,P-C,72.96625391966509,0.75,17,8,9,0.375,-2.760401737925358,23.66265395119606,11.339013225882958,1031.4485130718951,9.529411764705882,20.0,32.2418182078138,-10.860803718152837,0.0,0.5294117647058824,"AAVE,ADA,AVAX,INJ,SUI",仓位收益偏弱，降权参考
2356361,1595,2026-08-30 07:17:52,30,0x077a25d1f579574fe168bbaa924e40c9bfa57ccc,smart_money,P-N,50.0,1.0,2,0,2,,,3.9080756450096104,3.908075645009607,1365.8390277777776,15.0,25.0,35.79947155322934,-26.628795348638942,0.0,0.5,"ETH,LIT",仓位样本不足，暂不影响权重
2357801,1595,2026-08-30 07:17:52,30,0x07d431758c8bbbc111996d0af6f09c48416d2160,smart_money,P-G,44.45769232509172,0.65,4,4,0,0.5,-0.5423076749082782,,-0.5423076749082782,373.4161805555555,12.5,20.0,5.622205111181163,-6.053799092504014,0.0,1.0,"HYPE,BTC",高杠杆/短线赌徒型，长期单降权
2356362,1595,2026-08-30 07:17:52,30,0x07fd993f0fa3a185f7207adccd29f7a87404689d,money_printer,P-C,45.18974033536724,0.75,60,0,60,,,4.815178154148763,5.094870167683621,1498.090925925925,7.233333333333333,40.0,26.88181414948586,-20.8139157701704,0.3,0.35,"AAVE,AERO,ALGO,ALT,ANIME",仓位收益偏弱，降权参考
2357182,1595,2026-08-30 07:17:52,30,0x07fe8986162d7f68bcfe15822ec062123dd45f9f,smart_money,P-G,45.07666526565772,0.65,38,32,6,0.59375,-0.1138233826851722,1.6234245465947128,0.07666526565771575,152.7360964912281,11.18421052631579,20.0,5.703118953379726,-5.407180546632977,0.0,0.868421052631579,"FARTCOIN,SOL,HYPE,WLFI,SUI",高杠杆/短线赌徒型，长期单降权
2356363,1595,2026-08-30 07:17:52,30,0x082e843a431aef031264dc232693dd710aedca88,money_printer,P-N,50.0,1.0,1,0,1,,,115.40122299647064,115.40122299647064,1501.6758333333332,5.0,5.0,123.09860247443471,0.0,0.0,0.0,HYPE,仓位样本不足，暂不影响权重
2357481,1595,2026-08-30 07:17:52,30,0x0873ca7cb967af8c35642d903a950d256c1701df,smart_money,P-G,45.032539139803404,0.65,143,142,1,0.5492957746478874,0.030994375502516654,0.21710770637135765,0.032539139803406364,5.0560703185703195,12.0,12.0,0.49641005454347564,-0.43144030258394567,0.0,1.0,SOL,高杠杆/短线赌徒型，长期单降权
2356364,1595,2026-08-30 07:17:52,30,0x088cc6048f04dc01fb00e90421911b362e758e70,smart_money,P-C,64.13943352306836,0.75,13,0,13,,,25.321118477838827,25.321118477838827,1501.6758333333332,3.0,3.0,38.9708023094141,-26.09970002324424,1.0,0.0,"AAVE,BNB,CAKE,CRV,DOGE",仓位收益偏弱，降权参考
2356972,1595,2026-08-30 07:17:52,30,0x089fe537f4b2af55fa990bc64ff4125800bba4f8,money_printer,P-N,50.0,1.0,1,0,1,,,56.059794290282085,55.98071669860537,1060.016111111111,5.0,5.0,62.791386991453436,-15.564277482552102,0.0,0.0,ZEC,仓位样本不足，暂不影响权重
2356365,1595,2026-08-30 07:17:52,30,0x08a49e7f7133577aa942f1c24119ff1c6797126d,smart_money,P-B,70.75533201341312,1.0,276,257,19,0.5914396887159533,0.3579730675284038,0.2678496849345121,0.30046530744529987,70.25534017713372,6.579710144927536,20.0,2.4646268259890167,-2.300052723872716,0.15217391304347827,0.36231884057971014,"PUMP,LIT,VVV,SUI,WLD",仓位表现普通有效
2356366,1595,2026-08-30 07:17:52,30,0x08bf75d17046412ae08c95b6106993f714487872,smart_money,P-N,50.0,1.0,1,0,1,,,-22.985574639365986,-21.85323752666326,1501.6758333333332,20.0,20.0,20.176912281420627,-27.141734742185996,0.0,1.0,ETH,仓位样本不足，暂不影响权重
2356367,1595,2026-08-30 07:17:52,30,0x08c14b32c8a48894e4b933090ebcc9ce33b21135,money_printer,P-A,100.0,1.15,12,2,10,1.0,28.823325798170433,19.673857395495666,21.54874662631647,1368.106782407407,7.333333333333333,20.0,47.883687042777915,-24.157721521914013,0.08333333333333333,0.3333333333333333,"AAVE,BTC,ENA,ETHFI,LDO",仓位收益稳定，适合加权参考
2356368,1595,2026-08-30 07:17:52,30,0x08f85d5d9292b14b0aa0bd096606cfb24c6e8ca1,smart_money,P-C,85.98970004336019,0.75,5,2,3,1.0,4.009776314984859,-26.00130773557767,-13.996874115352659,423.7399444444444,3.4,4.0,4.469953429934374,-20.458797901659022,0.6,0.0,"ZEC,HYPE,BTC",仓位收益偏弱，降权参考
2356369,1595,2026-08-30 07:17:52,30,0x091159a8106b077c13e89bc09701117e8b5f129a,money_printer,P-A,100.0,1.15,32,2,30,1.0,18.486091174367328,11.15512001959586,9.078404955426295,668.6834548611112,7.53125,20.0,30.62774878078605,-10.059228908288738,0.375,0.40625,"BTC,AERO,LIT,MON,SAGA",仓位收益稳定，适合加权参考
2357224,1595,2026-08-30 07:17:52,30,0x0937aa6d83c851d506433ab342387a337c8b512a,smart_money,P-G,49.2250963613976,0.65,14,12,2,0.9166666666666666,5.235839896732113,-12.246757693412818,4.225096361397597,128.577003968254,10.071428571428571,20.0,13.948998429071695,-4.9977901917192975,0.14285714285714285,0.6428571428571429,"AAVE,LDO,MEGA,ETH,UNI",高杠杆/短线赌徒型，长期单降权
2357265,1595,2026-08-30 07:17:52,30,0x093f2e026bf3d52f5ba02306976255782ffbf712,smart_money,P-G,45.00221773066073,0.65,199,198,1,0.5505050505050505,0.00829223586739686,-1.2005343002585578,0.0022177306607337713,2.974952540480179,17.01005025125628,20.0,0.23471093683678618,-0.21019538211663136,0.005025125628140704,0.8140703517587939,"BTC,ETH",高杠杆/短线赌徒型，长期单降权
2356370,1595,2026-08-30 07:17:52,30,0x0980b34ade9476dba81bcdb0f865a333793ad1c2,smart_money,P-G,35.0,0.65,12,1,11,0.0,-16.92031531166298,-18.38276522474723,-15.377779237224308,1300.918634259259,11.916666666666666,20.0,35.38092703414821,-37.57203872490482,0.08333333333333333,0.75,"BTC,CRV,DOGE,ENA,ETH",高杠杆/短线赌徒型，长期单降权
2357137,1595,2026-08-30 07:17:52,30,0x09969138013fdfae9438fbd705515f047f8a0ba6,smart_money,P-N,50.0,1.0,2,1,1,1.0,10.759608860191056,-16.170624997684648,-2.705508068746796,174.00805555555553,3.0,3.0,6.061992255176154,-19.50519376966697,1.0,0.0,AAVE,仓位样本不足，暂不影响权重
2357384,1595,2026-08-30 07:17:52,30,0x09bc1cf4d9f0b59e1425a8fde4d4b1f7d3c9410d,money_printer,P-G,45.041670730182894,0.65,58,57,1,0.49122807017543857,0.04188489091788877,-0.0800584196263418,0.04167073018289047,12.914123563218388,40.0,40.0,0.2867788619007126,-0.27820406239371737,0.0,1.0,BTC,高杠杆/短线赌徒型，长期单降权
2357125,1595,2026-08-30 07:17:52,30,0x0a06ec6754b628be489b2c40bba20c8580392a7b,money_printer,P-B,48.3481458262923,1.0,154,150,4,0.52,0.05759959815270491,0.6107580667768738,0.06498200405524185,19.811930014430008,9.493506493506494,10.0,0.7072890865123076,-0.8473715059989162,0.03896103896103896,0.9090909090909091,"SOL,AAVE,FARTCOIN,WLFI",仓位表现普通有效
2357491,1595,2026-08-30 07:17:52,30,0x0a8817c801b0801c2f2acfc8778a7cd807161e07,smart_money,P-B,74.04997042378864,1.0,125,124,1,0.5241935483870968,-0.0017870156333395272,-0.0020327682237560336,-0.0017889816540628551,5.888144444444444,2.728,13.0,0.235731520524885,-0.20136009917630293,0.84,0.032,ETH,仓位表现普通有效
2357143,1595,2026-08-30 07:17:52,30,0x0ad9e656d9e6211d0ea1c5462342e1fc94cc4cbf,money_printer,P-A,100.0,1.15,6,3,3,1.0,6.9226734323829815,6.543440255549921,7.209466498742658,221.3412037037037,4.333333333333333,10.0,10.548904183116555,-1.5262154279941236,0.5,0.16666666666666666,"BTC,ETH,ZEC",仓位收益稳定，适合加权参考
2356371,1595,2026-08-30 07:17:52,30,0x0af66f3571761d7196b713ff881609d7e7456fe1,smart_money,P-B,75.88849485770407,1.0,5,2,3,0.5,10.748469426294484,1.9166827277569167,5.4493974071719435,1131.337,4.4,10.0,33.234716036663954,-27.850089996330915,0.8,0.2,"HYPE,MEGA,CASHCAT,DOT,VINE",仓位表现普通有效
2356372,1595,2026-08-30 07:17:52,30,0x0b1ace05eb9ef1c3a1951b763700ecad24f27741,smart_money,P-B,52.99506908547876,1.0,960,959,1,0.5370177267987487,0.14710857956340004,-47.239587209446555,0.09774743811651462,6.189235243055559,9.666666666666666,20.0,1.097568527293885,-0.9743438803018047,0.19791666666666666,0.7395833333333334,"CASHCAT,UNI,AAVE,SUI,SOL",仓位表现普通有效
2356373,1595,2026-08-30 07:17:52,30,0x0c1fd4fed8679488afb3b23b2b872971e0001d39,smart_money,P-G,44.24974799711382,0.65,265,226,39,0.5088495575221239,-0.20772806015296913,-3.4056118987903234,-0.7502520028861751,154.9546603773584,10.026415094339622,40.0,3.48026085909663,-7.007944061363351,0.07169811320754717,0.6339622641509434,"FARTCOIN,LIT,ETH,HYPE,APT",高杠杆/短线赌徒型，长期单降权
2357641,1595,2026-08-30 07:17:52,30,0x0c349d9b92fbd172bbb5a17a9db0a673a6a10ad3,money_printer,P-G,45.795856991243696,0.65,6,6,0,1.0,0.7958569912436958,,0.7958569912436958,7.69212962962963,40.0,40.0,0.9381012948510273,-0.1078957617587074,0.0,1.0,BTC,高杠杆/短线赌徒型，长期单降权
2357321,1595,2026-08-30 07:17:52,30,0x0c44471cc8516125ead11e09446302ae20540ed4,smart_money,P-G,45.670003945564915,0.65,9,7,2,0.7142857142857143,0.6769067481289223,0.6458441365908878,0.6700039455649145,280.6273765432099,30.0,40.0,4.01374802863135,-4.322017658094716,0.0,1.0,"BTC,HYPE",高杠杆/短线赌徒型，长期单降权
2357153,1595,2026-08-30 07:17:52,30,0x0c4a3a7ac74d43732f9b5ea507f01ab72a381b19,smart_money,P-G,46.532953017427424,0.65,8,6,2,0.5,1.8113009923839452,-0.6465945946978333,1.532953017427422,318.0420486111111,25.625,40.0,5.583036022799122,-2.0052496984126695,0.0,1.0,"BTC,ETH,HYPE",高杠杆/短线赌徒型，长期单降权
2357075,1595,2026-08-30 07:17:52,30,0x0c51fe7923bee4c22a84c5b4109e0c5336d8fde2,smart_money,P-A,77.38965573761091,1.15,74,67,7,0.582089552238806,1.7073932834745258,0.8260591174042015,1.673044891798594,28.704091591591588,6.013513513513513,20.0,4.521309230787456,-2.3941798322811048,0.2972972972972973,0.13513513513513514,"LIT,PUMP,GRAM,HYPE,ZEC",仓位收益稳定，适合加权参考
2357832,1595,2026-08-30 07:17:52,30,0x0c6486974e303247c2e3f67ee110ac3576359107,smart_money,P-N,50.0,1.0,1,1,0,0.0,-12.168408826145553,,-12.168408826145553,855.6588888888889,5.0,5.0,4.674946364419964,-16.109234127957823,0.0,0.0,XMR,仓位样本不足，暂不影响权重
2356374,1595,2026-08-30 07:17:52,30,0x0c7aafb0a737a800b2e908974be6a1c9f9892f50,smart_money,P-G,35.0,0.65,3,0,3,,,-12.5096669276791,-12.054527149037499,1055.7849999999999,20.0,20.0,12.460170969235081,-19.100427423532192,0.0,1.0,"BTC,ETH,SOL",高杠杆/短线赌徒型，长期单降权
2357117,1595,2026-08-30 07:17:52,30,0x0ca4109c94438dde8d7386da27180f414de80fa8,smart_money,P-C,92.35275162057198,0.75,12,6,6,1.0,3.5760841205577107,-12.34847829379531,-4.3861970866188,313.2353472222222,7.0,20.0,3.4208629212936916,-28.90399454501019,0.25,0.3333333333333333,"HYPE,ETH,2Z,ENS,GALA",仓位收益偏弱，降权参考
2356375,1595,2026-08-30 07:17:52,30,0x0cacfc8c96b84bc5698fcdcb5ffd536b4a246170,money_printer,P-N,50.0,1.0,2,0,2,,,9.091843467378323,11.575762206860322,1501.6758333333332,20.0,20.0,32.58668095623125,-10.058832174230469,0.0,1.0,"BTC,ETH",仓位样本不足，暂不影响权重
2356376,1595,2026-08-30 07:17:52,30,0x0cd16f3f840852b17db7f47c270bbd1a9d082bf3,smart_money,P-N,50.0,1.0,2,0,2,,,-32.559197925774,-32.8442980024527,1501.6758333333332,4.5,6.0,29.489383095603472,-53.768195768672,0.5,0.0,"ETH,HYPE",仓位样本不足，暂不影响权重
2357076,1595,2026-08-30 07:17:52,30,0x0ce048fe42c170e41740ee392e187f19515f339d,smart_money,P-C,60.14354314845533,0.75,95,89,6,0.449438202247191,1.4192543106888804,3.8364466110113233,1.70985554820756,47.535540935672515,9.347368421052632,20.0,5.905759753372997,-2.009285711772616,0.23157894736842105,0.5368421052631579,"BTC,ETH,CASHCAT,HYPE,SOL",仓位收益偏弱，降权参考
2357760,1595,2026-08-30 07:17:52,30,0x0d1334c633c32ea203abe54c8208d4d9fb5bcba2,smart_money,P-N,50.0,1.0,1,1,0,1.0,16.706443114553583,,16.706443114553583,1246.6591666666666,40.0,40.0,24.914982131071522,0.0,0.0,1.0,BTC,仓位样本不足，暂不影响权重
2356377,1595,2026-08-30 07:17:52,30,0x0d2cc9a3f3177ecbb6ecf8fbd0e6645fcfa2b208,money_printer,P-N,50.0,1.0,1,0,1,,,36.05267197763254,36.05267197763254,1501.6758333333332,10.0,10.0,40.91452480573818,-16.155494367305874,0.0,1.0,HYPE,仓位样本不足，暂不影响权重
2356378,1595,2026-08-30 07:17:52,30,0x0daf132c5554fd7d5eb422585426af557d8847e0,money_printer,P-C,0.43787921386329387,0.75,3,0,3,,,-39.20318079724634,-39.20318079724634,1501.6758333333335,8.333333333333334,10.0,22.3615432373861,-52.72103537016682,0.0,0.6666666666666666,"FARTCOIN,HYPE,MON",仓位收益偏弱，降权参考
2357281,1595,2026-08-30 07:17:52,30,0x0dd5db9c3748486e747c6a123727f472668cf6ee,smart_money,P-B,64.97917005829215,1.0,257,256,1,0.5,0.029897286895254005,0.2607236201506688,0.02849553498264981,2.7120471249459572,4.01556420233463,10.0,0.26673072431135636,-0.2445618140014704,0.007782101167315175,0.0038910505836575876,"ETH,BTC",仓位表现普通有效
2357602,1595,2026-08-30 07:17:52,30,0x0ddf9bae2af4b874b96d287a5ad42eb47138a902,money_printer,P-N,50.0,1.0,2,2,0,0.5,-12.72305495034928,,-12.72305495034928,627.8286111111112,2.5,3.0,7.110306320936596,-15.3321812002585,1.0,0.0,"ENA,ETH",仓位样本不足，暂不影响权重
2356379,1595,2026-08-30 07:17:52,30,0x0dfc5e0e9ae0bc59337d8f4f11459fdc7a146388,smart_money,P-C,62.804931604741995,0.75,20,14,6,0.5,-1.895982970074854,-1.0776955469055614,-1.1026841759489043,518.8038333333333,8.8,25.0,7.895846796698834,-9.20673109311142,0.1,0.5,"BCH,BTC,NEAR,LTC,SUI",仓位收益偏弱，降权参考
2356380,1595,2026-08-30 07:17:52,30,0x0e21ecedde58a8e077ef669a163044e70a62a3fb,smart_money,P-G,35.0,0.65,16,2,14,1.0,13.161129861997885,-44.95346804182058,-37.64291237658181,1313.9663541666666,14.875,40.0,4.995712140891183,-49.37087981831054,0.0625,0.8125,"ETH,BTC,ARB,DOGE,DOT",高杠杆/短线赌徒型，长期单降权
2356381,1595,2026-08-30 07:17:52,30,0x0eb8f692baba6c6f4a5e57c7e222758c95a9ce81,smart_money,P-N,50.0,1.0,1,0,1,,,-3.746085802103921,-3.1251724884541288,1501.6758333333332,10.0,10.0,21.19414902571946,-20.078692814230127,0.0,1.0,JUP,仓位样本不足，暂不影响权重
2356382,1595,2026-08-30 07:17:52,30,0x0eba5721065f961bced568527bfa03ea9ed61a00,smart_money,P-N,50.0,1.0,1,0,1,,,50.80181375801814,50.80181375801814,1501.6758333333332,1.0,1.0,66.54869866548698,0.0,1.0,0.0,MON,仓位样本不足，暂不影响权重
2356980,1595,2026-08-30 07:17:52,30,0x0eecd62efb05009e2b72964b4bcdbcf653afd4c5,smart_money,P-B,70.39402079840661,1.0,146,141,5,0.49645390070921985,0.24127675891732972,-12.490771889915147,-0.17887612561939129,26.866400304414004,3.2534246575342465,5.0,1.0302646490772487,-1.1738823541318733,0.5821917808219178,0.0,"BTC,ETH,SOL,LIT,ZEC",仓位表现普通有效
2357456,1595,2026-08-30 07:17:52,30,0x0f7707db61e6add7c377757c0aa8068a58e389cc,smart_money,P-G,56.381079402610524,0.65,3,2,1,1.0,17.131565751399524,-0.11989329496747213,11.381079402610524,614.5696296296296,25.0,40.0,18.812404726420997,-5.128736417730654,0.0,1.0,"HYPE,BTC,ETH",高杠杆/短线赌徒型，长期单降权
2356939,1595,2026-08-30 07:17:52,30,0x0f7a453567401070ddb6b4ec82f97bd78b857c04,smart_money,P-C,66.47066931849741,0.75,135,104,31,0.4423076923076923,-0.33141792158335875,-0.1070870991812048,-0.7269160530020077,94.58553086419755,6.029629629629629,40.0,6.07432665930761,-10.05868930481404,0.35555555555555557,0.2518518518518518,"ACE,KAITO,XMR,VVV,GRAM",仓位收益偏弱，降权参考
2356383,1595,2026-08-30 07:17:52,30,0x0f8c856907dfafb96871abe09a76586311632ef8,smart_money,P-N,50.0,1.0,1,0,1,,,15.548207890842534,15.548207890842535,1501.6758333333332,10.0,10.0,46.49080340190009,0.0,0.0,1.0,ETH,仓位样本不足，暂不影响权重
2357037,1595,2026-08-30 07:17:52,30,0x0f9c4b57f918a3161c906c137e637e2f5b3457a7,smart_money,P-N,50.0,1.0,1,0,1,,,11.887011019692874,11.887011019692872,448.01,5.0,5.0,41.319296537455116,-3.156794639289337,0.0,0.0,WLD,仓位样本不足，暂不影响权重
2357421,1595,2026-08-30 07:17:52,30,0x0fd468a73084daa6ea77a9261e40fdec3e67e0c7,money_printer,P-G,45.029563736228994,0.65,54,53,1,0.49056603773584906,0.029399203459518658,-0.0597119505733333,0.029563736228996843,13.352109053497939,13.0,13.0,0.2079838112932372,-0.2624198507302071,0.0,1.0,BTC,高杠杆/短线赌徒型，长期单降权
2357749,1595,2026-08-30 07:17:52,30,0x0fd6f65d35cf13ae51795036d0ae9af42f3cbcb4,smart_money,P-N,50.0,1.0,1,1,0,1.0,0.5680044852865482,,0.5680044852865482,0.9986111111111111,1.0,1.0,0.5680044852865481,0.0,1.0,0.0,HYPE,仓位样本不足，暂不影响权重
2357522,1595,2026-08-30 07:17:52,30,0x1001a2fed4bdac4dd037319af153093185b90350,smart_money,P-A,79.57386781119179,1.15,27,27,0,0.6666666666666666,1.7967817514676256,,1.7967817514676256,21.553713991769545,4.481481481481482,5.0,4.718569077403897,-2.4959375123575236,0.25925925925925924,0.0,"LIT,CASHCAT,HYPE,TAO,NEAR",仓位收益稳定，适合加权参考
2356981,1595,2026-08-30 07:17:52,30,0x103e9d15f8a102ef9333ad8b66ffe25b0db448a4,money_printer,P-N,50.0,1.0,1,0,1,,,-0.34502978711830723,-9.608695281717651,845.7230555555556,10.0,10.0,9.213123135212667,-24.253234877840633,0.0,1.0,AAVE,仓位样本不足，暂不影响权重
2356384,1595,2026-08-30 07:17:52,30,0x10495f72a1623ff2d836a2cbb25eaba7ff92e246,smart_money,P-N,50.0,1.0,1,0,1,,,-24.247757253969098,-17.78043305249209,1501.6758333333332,10.0,10.0,23.372851277106705,-28.796676657790076,0.0,1.0,HYPE,仓位样本不足，暂不影响权重
2357288,1595,2026-08-30 07:17:52,30,0x105a8501eae3aa9462a47568a2de12e421f75e5e,smart_money,P-C,50.05084175219622,0.75,20,17,3,0.47058823529411764,-10.057259774642393,-2.6776435271325085,-8.95031733751591,600.2366527777779,8.35,40.0,11.17581506430685,-23.41609048270326,0.45,0.25,"XMR,ETH,S,HEMI,GAS",仓位收益偏弱，降权参考
2357563,1595,2026-08-30 07:17:52,30,0x107a3e62969957f4c0be0340f457f1298acfe78e,smart_money,P-G,41.296199359417514,0.65,20,20,0,0.6,-3.7038006405824824,,-3.7038006405824824,50.24926388888889,20.5,40.0,0.9443260739916084,-4.882155448037766,0.0,0.9,"BTC,HYPE,ZEC,BNB,MON",高杠杆/短线赌徒型，长期单降权
2357324,1595,2026-08-30 07:17:52,30,0x10b6f072fabe21bc72ffd77ff5d4414e6cef2980,smart_money,P-C,58.15938191959454,0.75,4,3,1,0.3333333333333333,-3.316849859576559,-2.4385530753071567,-3.0972756635092087,170.00465277777778,3.0,4.0,1.5465346568106226,-4.290262684366596,0.5,0.0,BTC,仓位收益偏弱，降权参考
2357053,1595,2026-08-30 07:17:52,30,0x10c0ecdc55537474489435af0ec8d17baabb715e,smart_money,P-N,50.0,1.0,1,0,1,,,-93.5615370781128,-93.5615370781128,373.01416666666665,10.0,10.0,2.174929560577915,-125.08842395539837,0.0,1.0,ENA,仓位样本不足，暂不影响权重
2357768,1595,2026-08-30 07:17:52,30,0x10d7da9340e45a6ec6f93a495a7f9ae0e5075a34,smart_money,P-N,50.0,1.0,2,2,0,0.5,-3.8829938555072983,,-3.8829938555072983,582.1420833333333,3.0,3.0,4.2711217958875425,-5.631742851422196,1.0,0.0,"SOL,BTC",仓位样本不足，暂不影响权重
2356385,1595,2026-08-30 07:17:52,30,0x10d9dc2812ccb0ea9a9b89864def70a57a944890,smart_money,P-C,79.37020275383759,0.75,13,5,8,1.0,6.301256644139674,-20.851672004063765,-9.173367156407387,524.159871794872,8.615384615384615,20.0,11.732083359509732,-22.92671821932008,0.3076923076923077,0.5384615384615384,"CASHCAT,ETH,ETHFI,HYPE,BTC",仓位收益偏弱，降权参考
2357231,1595,2026-08-30 07:17:52,30,0x10da391e349b02b380359cb402dc908dfe660221,smart_money,P-G,45.00086088641034,0.65,9,6,3,0.8333333333333334,-0.04534846731791359,0.09327959386684664,0.0008608864103397951,106.9999074074074,13.777777777777779,40.0,4.314785409774055,-6.170139626743932,0.2222222222222222,0.5555555555555556,"BTC,HYPE,CASHCAT,ZEC,TRUMP",高杠杆/短线赌徒型，长期单降权
2357434,1595,2026-08-30 07:17:52,30,0x1116b5fcc070945062e8879841c29807db373d0d,smart_money,P-C,59.09688056880008,0.75,3,2,1,0.5,-1.1631491533633254,-0.1851996608681662,-0.8371659891982723,29.337407407407408,3.3333333333333335,5.0,1.3331018401871342,-2.169462765131334,0.6666666666666666,0.0,"HYPE,BTC",仓位收益偏弱，降权参考
2357206,1595,2026-08-30 07:17:52,30,0x112819b32d30680790d9caac04b656dd52da21a1,smart_money,P-G,49.615888517971726,0.65,6,5,1,1.0,5.068424134262169,2.353210436519503,4.615888517971725,409.2784259259259,11.0,13.0,11.88653798806275,-7.619684348578473,0.0,1.0,"HYPE,ETH",高杠杆/短线赌徒型，长期单降权
2356386,1595,2026-08-30 07:17:52,30,0x115231b1c0ad58f97944f8e69ef0dbb35f1cd055,smart_money,P-N,50.0,1.0,1,0,1,,,-6.286705384452396,-0.7213694819882069,1501.6758333333332,20.0,20.0,21.086888650585728,-10.770677724077329,0.0,1.0,BTC,仓位样本不足，暂不影响权重
2356387,1595,2026-08-30 07:17:52,30,0x115849ce84370f25cadcf0d348510d73837e1aa5,smart_money,P-G,41.72597223192041,0.65,9,6,3,0.3333333333333333,-9.389152367803174,11.843428713691223,-3.274027768079595,584.6707716049382,12.222222222222221,20.0,12.326283118825055,-10.64800860657533,0.0,0.7777777777777778,"WLD,SOL,XLM,ARB,BTC",高杠杆/短线赌徒型，长期单降权
2357766,1595,2026-08-30 07:17:52,30,0x11615843a09fa765d98ebf3eb15690450ef7e60a,smart_money,P-N,50.0,1.0,1,1,0,0.0,-19.41685377879503,,-19.41685377879503,1190.3244444444445,5.0,5.0,0.9806153029096006,-24.47369362707094,0.0,0.0,ETH,仓位样本不足，暂不影响权重
2357045,1595,2026-08-30 07:17:52,30,0x1174c19e08d5dbf3444c6376d6583b2d4f91cb65,smart_money,P-C,52.56516663064978,0.75,6,5,1,0.2,1.7095028897506057,22.40561156609409,5.225160396740002,138.8075925925926,7.333333333333333,20.0,13.320391179589047,-6.000404037951902,0.5,0.3333333333333333,"VVV,CASHCAT,BOME,LIT,ADA",仓位收益偏弱，降权参考
2357653,1595,2026-08-30 07:17:52,30,0x12203316069a9d155cdadaa94a8e4b3e40ce6447,smart_money,P-A,99.03972694485374,1.15,6,6,0,1.0,3.1291072205086503,,3.1291072205086503,0.9995833333333333,3.3333333333333335,5.0,3.1291072205086508,-0.05676946614391174,0.8333333333333334,0.0,"AERO,MELANIA,ENS,PNUT,FOGO",仓位收益稳定，适合加权参考
2356388,1595,2026-08-30 07:17:52,30,0x123dbca6a27005a3c4ce10cb66ee8ece8fc13bff,money_printer,P-R,25.0,-0.8,86,7,79,0.2857142857142857,-5.55222972142005,-10.668068996182974,-9.267607028250882,1365.3766731266135,6.906976744186046,20.0,24.125216505686875,-37.23195834016938,0.20930232558139536,0.3953488372093023,"ETC,APT,BNB,CRV,kPEPE",仓位真实收益偏反向，可作为反向参考
2356389,1595,2026-08-30 07:17:52,30,0x1271bf72a18549ee6d2ea3ab7e5dd4ae1c4eb05f,smart_money,P-N,50.0,1.0,1,0,1,,,15.664214625703163,16.989021785106235,1501.6758333333332,5.0,5.0,28.602336650800513,-10.644742535698825,0.0,0.0,EIGEN,仓位样本不足，暂不影响权重
2357077,1595,2026-08-30 07:17:52,30,0x129cfcdced580dcd6c2e0e1d6ac3f608e0c66040,smart_money,P-N,50.0,1.0,2,1,1,0.0,-0.9606190236537493,11.488584392096783,4.890270110773714,130.50847222222222,32.5,40.0,15.088780236747295,-0.48030951182687465,0.0,1.0,"ETH,BTC",仓位样本不足，暂不影响权重
2357340,1595,2026-08-30 07:17:52,30,0x12f147f08112ff4c32c66bad45118302d20d807c,smart_money,P-G,44.96584318359961,0.65,37,36,1,0.4722222222222222,-0.06611645432757564,1.1163901489783798,-0.03415681640038765,11.59536786786787,36.62162162162162,40.0,0.7472112820496855,-0.7784003127402025,0.0,1.0,"BTC,HYPE,ETH",高杠杆/短线赌徒型，长期单降权
2357805,1595,2026-08-30 07:17:52,30,0x135097a80cc35350acc31f4c0f04bfde52a58f6a,smart_money,P-C,66.18055582702569,0.75,3,3,0,0.3333333333333333,8.8713383065812,,8.8713383065812,1022.6583333333333,8.333333333333334,20.0,21.61706177737022,-11.75494194444755,0.3333333333333333,0.3333333333333333,"XMR,PURR,BTC",仓位收益偏弱，降权参考
2357279,1595,2026-08-30 07:17:52,30,0x13558be785661958932ceac35ba20de187275a42,smart_money,P-G,44.76516581970901,0.65,226,224,2,0.42410714285714285,-0.23753450596258904,-0.21553092441228267,-0.2348341802909879,9.35708947885939,17.628318584070797,20.0,0.19924049661685067,-0.4234727104865578,0.0,0.827433628318584,"BTC,ETH",高杠杆/短线赌徒型，长期单降权
2356944,1595,2026-08-30 07:17:52,30,0x13640f452a56aaa7a5a5e5a6bd24c45374dacbcc,smart_money,P-G,44.563984230904886,0.65,24,16,8,0.625,-2.220658048140047,0.9799931501584767,-0.43601576909511114,271.8039699074074,15.541666666666666,40.0,8.594993455482147,-7.236242811740613,0.041666666666666664,0.75,"HYPE,BTC,ETH,ZEC,LIT",高杠杆/短线赌徒型，长期单降权
2356390,1595,2026-08-30 07:17:52,30,0x13a0833e8201b37c161feb2df764159707f71409,smart_money,P-N,50.0,1.0,2,1,1,1.0,0.13291310507298282,-71.51201093625187,-35.68954891558944,923.8429166666666,25.0,40.0,0.17708482562118968,-41.91371727036423,0.0,1.0,"HYPE,BTC",仓位样本不足，暂不影响权重
2357739,1595,2026-08-30 07:17:52,30,0x13b2e9091268f291f165196d4832ba1c5ac02938,money_printer,P-G,45.01393699791988,0.65,168,168,0,0.5535714285714286,0.01393699791987543,,0.01393699791987543,2.845170304232804,20.0,20.0,0.21082940654917864,-0.2661072085825239,0.0,1.0,"ETH,SOL,BTC",高杠杆/短线赌徒型，长期单降权
2356391,1595,2026-08-30 07:17:52,30,0x14209452e1d82dd0adf703454c1d1d907f142830,smart_money,P-N,50.0,1.0,1,0,1,,,-218.36612247393683,-218.36612247393683,1501.6758333333332,10.0,10.0,0.0,-229.74296065303125,0.0,1.0,HYPE,仓位样本不足，暂不影响权重
2357842,1595,2026-08-30 07:17:52,30,0x14246f4bbafb87ccebac17609054c6a188ed8cfd,smart_money,P-N,50.0,1.0,1,1,0,1.0,6.807927066891242,,6.807927066891242,122.0038888888889,10.0,10.0,10.173275431403685,0.0,0.0,1.0,ZEC,仓位样本不足，暂不影响权重
2357094,1595,2026-08-30 07:17:52,30,0x143c28ae5b8642f58c98b8a6f82a0f314d23f6ab,smart_money,P-N,50.0,1.0,1,0,1,,,34.39641598802318,28.717880821929597,254.01222222222222,10.0,10.0,39.19908237936062,0.0,0.0,1.0,HYPE,仓位样本不足，暂不影响权重
2357761,1595,2026-08-30 07:17:52,30,0x14b96ee58172ad811059aa346515e944a6dbdf3a,smart_money,P-N,50.0,1.0,1,1,0,0.0,-7.179742784867084,,-7.179742784867084,1246.6591666666666,20.0,20.0,11.502020088232335,-7.179742784867085,0.0,1.0,BTC,仓位样本不足，暂不影响权重
2356392,1595,2026-08-30 07:17:52,30,0x14f5dd7ca3e4ef4aba7431ad10d9dacaf14fd103,smart_money,P-G,52.39547279525243,0.65,4,0,4,,,7.395472795252428,7.395472795252427,1501.6758333333332,17.5,20.0,30.79804089016698,-10.4635498238664,0.0,1.0,"BTC,ETH,PAXG,SOL",高杠杆/短线赌徒型，长期单降权
2357559,1595,2026-08-30 07:17:52,30,0x14f8e042905350cee7ae0cec27f092f10dd912bb,smart_money,P-G,44.982982180345175,0.65,287,287,0,0.49825783972125437,-0.017017819654821697,,-0.017017819654821697,2.2788830816879595,20.0,20.0,0.27240873971803187,-0.28763985150162114,0.0,1.0,SOL,高杠杆/短线赌徒型，长期单降权
2357301,1595,2026-08-30 07:17:52,30,0x15094c3ec74e8a43c082042815e0c135deebb152,smart_money,P-B,66.49380858235298,1.0,47,46,1,0.5217391304347826,-0.019762276339935422,2.064448952569993,-0.013965274040897455,15.68121749408983,5.0,5.0,0.4073510939281428,-0.3662306518363033,0.0,0.0,BTC,仓位表现普通有效
2357740,1595,2026-08-30 07:17:52,30,0x15271757b398cd1d3d7cca05c4f7b0c159afa7c2,money_printer,P-N,50.0,1.0,1,1,0,1.0,1.5863073155680383,,1.5863073155680383,1.0002777777777778,5.0,5.0,1.5863073155680383,0.0,0.0,0.0,AAVE,仓位样本不足，暂不影响权重
2357030,1595,2026-08-30 07:17:52,30,0x152e41f0b83e6cad4b5dc730c1d6279b7d67c9dc,money_printer,P-G,54.5039551671722,0.65,6,3,3,0.0,-8.66720376647911,27.67511410082351,9.5039551671722,371.7275462962962,15.0,20.0,17.547778084533423,-5.319039083197569,0.0,0.6666666666666666,"HYPE,BTC,ETH",高杠杆/短线赌徒型，长期单降权
2357209,1595,2026-08-30 07:17:52,30,0x15644242581131594413ef72346ac5c5305b8add,smart_money,P-G,46.82783534156822,0.65,7,6,1,0.5,1.166107012863337,5.798205313797515,1.8278353415682198,121.95825396825397,14.285714285714286,20.0,4.149780524265922,-0.5177365189355151,0.0,0.8571428571428571,"BTC,ASTER,PUMP,HYPE,ETH",高杠杆/短线赌徒型，长期单降权
2356393,1595,2026-08-30 07:17:52,30,0x15a105b6eca967a438a6930f6859b7e5dbc134a7,smart_money,P-G,35.0,0.65,5,3,2,0.3333333333333333,-0.21606094776612061,-44.251947857014684,-17.830415711465545,626.2674444444444,19.0,40.0,10.259692203430422,-26.78079388499331,0.0,1.0,"BNB,BTC,HYPE,ETH",高杠杆/短线赌徒型，长期单降权
2356945,1595,2026-08-30 07:17:52,30,0x15a4f009bb324a3fb9e36137136b201e3fe0dfdb,money_printer,P-N,50.0,1.0,2,0,2,,,32.55087124198046,32.55087124198046,1293.2895833333332,30.0,40.0,36.63991962198841,-1.625483006566148,0.0,1.0,"BTC,ETH",仓位样本不足，暂不影响权重
2356394,1595,2026-08-30 07:17:52,30,0x15b325660a1c4a9582a7d834c31119c0cb9e3a42,money_printer,P-N,50.0,1.0,2,0,2,,,25.961367771337272,25.961367771337265,1501.6758333333332,15.0,20.0,30.205096646186952,-13.799188489317059,0.0,1.0,"BTC,HYPE",仓位样本不足，暂不影响权重
2356919,1595,2026-08-30 07:17:52,30,0x15c8a479139a2e195b37790ace4870d1f2be045f,smart_money,P-G,35.0,0.65,5,1,4,1.0,3.264847260263517,-31.2575572206456,-20.431562275082225,1200.1408333333334,23.0,40.0,10.986054871974886,-28.70514856211623,0.0,1.0,"SOL,ETH,BTC,HYPE",高杠杆/短线赌徒型，长期单降权
2357567,1595,2026-08-30 07:17:52,30,0x15f970a5fa4791dbe4fc3adea6d41e87e5fac6ff,smart_money,P-B,54.67435153473971,1.0,6,6,0,0.6666666666666666,0.6130861821183125,,0.6130861821183125,41.66726851851852,10.666666666666666,29.0,1.57454169635972,-2.332642981440616,0.0,0.5,"LIT,ZEC,HYPE,BTC",仓位表现普通有效
2357422,1595,2026-08-30 07:17:52,30,0x1643e9aba4fcfb4e8c1a887090239e34f488cad6,smart_money,P-B,73.40838740880599,1.0,620,615,5,0.5040650406504065,0.06382674851554147,-0.20366863952228006,0.061917281638771804,5.872703853046592,2.0,2.0,0.6615081637588484,-0.6034051178707471,1.0,0.0,"SOL,ETH,BTC,HYPE,XRP",仓位表现普通有效
2357430,1595,2026-08-30 07:17:52,30,0x16588c497a83e9dfa298d048553a4ef5fd52f65b,smart_money,P-G,44.48068097137957,0.65,24,23,1,0.34782608695652173,-0.5137748832222486,-0.6506393861892621,-0.5193190286204289,24.41736111111111,25.625,40.0,0.6008555168121196,-1.0319621400213763,0.0,1.0,"ETH,BTC",高杠杆/短线赌徒型，长期单降权
2357707,1595,2026-08-30 07:17:52,30,0x166866a2845506f6b4c817482fe53b4985882ea6,smart_money,P-C,72.48643419870855,0.75,6,6,0,0.6666666666666666,-1.4808724858972713,,-1.4808724858972713,62.2837037037037,4.333333333333333,5.0,3.6834975044590306,-6.761062844666576,0.3333333333333333,0.0,"HYPE,PURR,WLFI,CASHCAT",仓位收益偏弱，降权参考
2357078,1595,2026-08-30 07:17:52,30,0x16c95227d8442946c1c152bc8ea16a37ebe1a282,smart_money,P-G,45.39024604209371,0.65,58,57,1,0.9122807017543859,0.4069215871478733,-1.3269842428223144,0.39024604209370534,13.93131704980842,10.0,10.0,0.6349398492698498,-0.3501253339715864,0.0,1.0,HYPE,高杠杆/短线赌徒型，长期单降权
2357513,1595,2026-08-30 07:17:52,30,0x16d69a835c012584783921b2e4c622f157ce97bf,smart_money,P-C,66.3160731168162,0.75,7,7,0,0.42857142857142855,-0.5674536416631826,,-0.5674536416631826,49.14420634920635,2.7142857142857144,3.0,2.9890731864577096,-2.7525877052270706,1.0,0.0,"BTC,AERO,ETH",仓位收益偏弱，降权参考
2356395,1595,2026-08-30 07:17:52,30,0x16f037a3ddf53da1b047a926e1833219f0a8e1fc,smart_money,P-C,86.12777961823002,0.75,7,4,3,0.75,3.3435283166964673,-6.814721376322114,-0.9116003909562715,1158.6207142857143,3.857142857142857,6.0,14.610100630374049,-20.28835779318646,0.5714285714285714,0.0,"ADA,SUI,TIA,BERA,APT",仓位收益偏弱，降权参考
2357482,1595,2026-08-30 07:17:52,30,0x170a03a53fe05bf4ce6753cb0907d05e827bc3c6,smart_money,P-B,75.9922944822554,1.0,286,285,1,0.543859649122807,-0.039291212861406605,0.06101890872499385,-0.038940478170545065,2.517536907536908,1.5419580419580419,3.0,0.3924959134888725,-0.37340166092494226,1.0,0.0,XRP,仓位表现普通有效
2357745,1595,2026-08-30 07:17:52,30,0x170dbce27ab17f5dc3f04c773b6686068ad88c9b,smart_money,P-N,50.0,1.0,1,1,0,1.0,13.139720263094048,,13.139720263094048,1141.2822222222221,7.0,7.0,15.965098839396367,-26.33922166170233,0.0,0.0,HYPE,仓位样本不足，暂不影响权重
2357635,1595,2026-08-30 07:17:52,30,0x1711bc52bf7e0494325799717fe640f1924617b7,smart_money,P-G,47.430891952423316,0.65,8,8,0,0.375,2.430891952423318,,2.430891952423318,19.499375,15.0,30.0,4.973308738928396,-1.758764519396508,0.0,1.0,"XRP,BTC,ZEC,NEAR,ETH",高杠杆/短线赌徒型，长期单降权
2357525,1595,2026-08-30 07:17:52,30,0x17286a34d2b2e842cd38da74bc079c1f23992b1d,smart_money,P-B,70.69880802758131,1.0,15,15,0,0.6,0.96894771851225,,0.96894771851225,7.132981481481482,5.066666666666666,6.0,2.9750862620289,-0.9844930394438304,0.0,0.0,"ZEC,XMR",仓位表现普通有效
2356396,1595,2026-08-30 07:17:52,30,0x17c3c8fdbcb7d1b240ce08965e09b1fc91cba868,money_printer,P-A,89.72976245838227,1.15,35,17,18,0.5882352941176471,4.510155373873017,2.1468155572797722,3.8480745065020554,561.0890158730159,3.5142857142857142,10.0,14.762669193134903,-11.309258507684497,0.8857142857142857,0.05714285714285714,"FARTCOIN,WIF,ZEC,HYPE,WLD",仓位收益稳定，适合加权参考
2357253,1595,2026-08-30 07:17:52,30,0x183c6497814803574c23866c7662dea4c044d0f9,smart_money,P-B,100.0,1.0,9,8,1,1.0,8.690492942285212,2.484143104586973,8.000898515874297,158.46654320987653,9.333333333333334,20.0,8.599151166158347,-0.49040577713731526,0.3333333333333333,0.5555555555555556,"BTC,LTC,XPL,kPEPE,RUNE",仓位表现普通有效
2357107,1595,2026-08-30 07:17:52,30,0x1847dc422b9dea349e8af7d02cb3a136cd81f441,smart_money,P-A,86.7921349308435,1.15,14,13,1,0.6923076923076923,2.2578944905831153,11.749665736201349,2.7918009134041815,111.99690476190476,7.857142857142857,20.0,12.41927626904489,-2.882085536869236,0.2857142857142857,0.2857142857142857,"BTC,TAO,CASHCAT,HYPE,ASTER",仓位收益稳定，适合加权参考
2357145,1595,2026-08-30 07:17:52,30,0x185611e0343c14f53a4406891cb0fdc9e81808ae,money_printer,P-C,65.31874125432496,0.75,86,74,12,0.47297297297297297,-1.8956250165910136,4.528071397654407,-1.290032264100873,127.91035852713183,7.406976744186046,40.0,7.600021549616257,-10.350974778424083,0.3372093023255814,0.36046511627906974,"ACE,KAITO,CHIP,HYPE,ETH",仓位收益偏弱，降权参考
2356397,1595,2026-08-30 07:17:52,30,0x18b8539261cf9e760e7fec4a8a73c50f0ae7babe,smart_money,P-N,50.0,1.0,1,0,1,,,12.700912213487452,1.1948895313730956,1501.6758333333332,10.0,10.0,18.001725744460597,-25.557814330622797,0.0,1.0,HYPE,仓位样本不足，暂不影响权重
2357336,1595,2026-08-30 07:17:52,30,0x18cd4597e06b7fe0a8cd33dda499121b3a145a8b,smart_money,P-G,48.1277406637373,0.65,5,4,1,1.0,3.6544246398982763,1.021278040581924,3.127740663737297,212.603,13.0,25.0,7.0561620080095135,-5.893451274721066,0.0,1.0,"HYPE,ETH",高杠杆/短线赌徒型，长期单降权
2356398,1595,2026-08-30 07:17:52,30,0x18cde66120c9195fb6e50a4b1e13bce4c85d1300,smart_money,P-C,60.113384522572886,0.75,64,4,60,0.25,-2.132799289527911,4.488667743873922,4.056692261286447,1372.737252604166,7.515625,40.0,27.324542673413955,-18.427444609553213,0.265625,0.375,"XLM,SOL,AAVE,AERO,ALGO",仓位收益偏弱，降权参考
2356399,1595,2026-08-30 07:17:52,30,0x18e2eb3cafa6ee5d3885e20d80298b37321e84fa,money_printer,P-N,50.0,1.0,2,1,1,0.0,-6.083826773481945,112.43134214941786,40.816610327467934,753.837361111111,15.0,20.0,60.01129635201779,-3.0419133867409727,0.0,1.0,"HYPE,ETH",仓位样本不足，暂不影响权重
2357770,1595,2026-08-30 07:17:52,30,0x196283bce3e38d98f9f4c424a1a148b248eaa4f9,smart_money,P-N,50.0,1.0,2,2,0,1.0,0.5151460371004668,,0.5151460371004668,58.50472222222222,7.5,10.0,0.9497042814851566,-3.283311406565033,0.0,0.5,HYPE,仓位样本不足，暂不影响权重
2357217,1595,2026-08-30 07:17:52,30,0x1a2e6afa298b1cc50939b4b2b0b430e3c1ef3459,smart_money,P-B,63.29332236310926,1.0,157,156,1,0.4935897435897436,0.014512660050650513,-1.013810489466251,0.007962831072835838,3.828147558386412,7.076433121019108,11.0,0.24724595763442211,-0.20509968557246516,0.006369426751592357,0.06369426751592357,BTC,仓位表现普通有效
2357379,1595,2026-08-30 07:17:52,30,0x1a6132837f1857196677f06515041bb817affe9e,smart_money,P-R,25.0,-0.8,7,5,2,0.2,-3.4976979466261526,-0.8604275888549623,-2.744192130120098,228.66662698412696,3.7142857142857144,5.0,4.351572342746069,-5.445733314683925,0.5714285714285714,0.0,"XPL,HYPE,ETH,FARTCOIN,LIT",仓位真实收益偏反向，可作为反向参考
2356400,1595,2026-08-30 07:17:52,30,0x1a6ea3a36087fef4d56ebc9e11bf1b0a3a6a7437,smart_money,P-G,44.29400627393598,0.65,3,2,1,0.0,-1.8212601305759657,-0.8929889904343111,-0.705993726064019,1379.3362962962963,16.666666666666668,20.0,21.695985370908005,-3.160159564342084,0.0,1.0,"ETH,PAXG,BTC",高杠杆/短线赌徒型，长期单降权
2357442,1595,2026-08-30 07:17:52,30,0x1aa1d90df49c3e5a67888798c16e73c4b4c323fc,smart_money,P-G,44.346544454190216,0.65,44,43,1,0.3953488372093023,-0.6660212234992148,-0.11313140516417551,-0.653455545809782,14.044703282828284,19.545454545454547,20.0,0.5998216081018459,-1.2135021614189077,0.0,1.0,SOL,高杠杆/短线赌徒型，长期单降权
2357512,1595,2026-08-30 07:17:52,30,0x1aa5abfd850012297428b509fb84fcd9f9f995cb,smart_money,P-C,49.78125129295582,0.75,6,6,0,0.3333333333333333,0.4998693945596962,,0.4998693945596962,26.16643518518519,9.166666666666666,20.0,2.9871195006885265,-1.9917591967051156,0.0,0.16666666666666666,"HYPE,BTC",仓位收益偏弱，降权参考
2357331,1595,2026-08-30 07:17:52,30,0x1aa780bb10425b86bcf05ecbb7953f9a93729ed9,smart_money,P-N,50.0,1.0,1,0,1,,,-2.113247009611532,-2.113247009611532,56.00361111111111,10.0,10.0,0.0,-6.625854816346669,0.0,1.0,HYPE,仓位样本不足，暂不影响权重
2357357,1595,2026-08-30 07:17:52,30,0x1ae55c40c91f1553286b125239f84300d2df4dbe,smart_money,P-B,73.03412057741463,1.0,32,29,3,0.4827586206896552,1.8370180318172653,-0.47241628549349196,1.620508564569382,69.21927951388889,5.1875,8.0,4.13675827506928,-1.8127995143244466,0.40625,0.0,"SOL,BTC,ETH",仓位表现普通有效
2357367,1595,2026-08-30 07:17:52,30,0x1b1996300dc7d3fabc039a55963fc886c3d3c9df,smart_money,P-G,45.7255276804514,0.65,17,16,1,0.75,0.8481289819543834,-1.2360931435963778,0.7255276804513974,36.05794117647059,34.11764705882353,40.0,1.7660928426521043,-0.8707628759992653,0.0,0.8823529411764706,"BTC,ETHFI,HYPE",高杠杆/短线赌徒型，长期单降权
2356401,1595,2026-08-30 07:17:52,30,0x1b7ca89aa121890b8572d326e363185cf4780c6a,money_printer,P-C,73.16932200103513,0.75,30,18,12,0.5555555555555556,7.349047178494909,-17.131412605516537,-1.0787230508585317,649.7606018518517,6.066666666666666,20.0,18.581309488374053,-19.661527737283045,0.3,0.26666666666666666,"ASTER,MON,ZEC,ZRO,APT",仓位收益偏弱，降权参考
2356402,1595,2026-08-30 07:17:52,30,0x1c2c96e78a42958892e637bdc0d94ce259f109fe,smart_money,P-B,88.58490566037736,1.0,53,2,51,0.5,18.471188156575195,48.32710764945847,47.20046917802891,1477.2544392033547,7.09433962264151,40.0,62.64929952848755,-9.353358219911575,0.22641509433962265,0.32075471698113206,"ADA,ALGO,APE,ASTER,ATOM",仓位表现普通有效
2357595,1595,2026-08-30 07:17:52,30,0x1c9e242d85fc0e4376ad1ea56143b9fdf9f61017,smart_money,P-N,50.0,1.0,1,1,0,0.0,-5.359312962430638,,-5.359312962430638,24.0,10.0,10.0,0.0,-6.727199233878971,0.0,1.0,ZEC,仓位样本不足，暂不影响权重
2356992,1595,2026-08-30 07:17:52,30,0x1ce8ed87b7b4cb60f0cc3664bf1fe216163ff55a,money_printer,P-R,25.0,-0.8,5,3,2,0.0,-30.107418286025297,-1.3241242718573205,-19.91347219545272,568.6073333333334,2.4,3.0,6.135480170502399,-23.37250952191424,1.0,0.0,"ETH,BTC,AAVE,SOL",仓位真实收益偏反向，可作为反向参考
2356403,1595,2026-08-30 07:17:52,30,0x1d207624c9466376e345310580c300611f3e0b20,smart_money,P-B,58.77369443517265,1.0,267,242,25,0.49173553719008267,-0.15973630992004634,1.565655062921541,-0.02239845672574616,118.22733562213891,9.340823970037453,20.0,2.7677204237314617,-2.859930287832864,0.04868913857677903,0.8801498127340824,"kSHIB,kBONK,KAITO,GAS,CFX",仓位表现普通有效
2357700,1595,2026-08-30 07:17:52,30,0x1d74a7760df9d563d0b6610b1705266c4e2fdb26,smart_money,P-N,50.0,1.0,1,1,0,1.0,0.6554574175579757,,0.6554574175579757,1300.6583333333333,1.0,1.0,28.52811775874564,-28.10284137829222,1.0,0.0,ETH,仓位样本不足，暂不影响权重
2357225,1595,2026-08-30 07:17:52,30,0x1da5bcd75d2bdc41d8372e976f2f665479e73151,smart_money,P-G,49.22202400918506,0.65,3,2,1,1.0,4.7324815466102095,1.153891789273845,4.222024009185064,359.6675,10.0,10.0,9.955262782897414,-3.7762070609414184,0.0,1.0,HYPE,高杠杆/短线赌徒型，长期单降权
2356404,1595,2026-08-30 07:17:52,30,0x1dff8c29ad7f6d8841a25a9dda8956f2e7a3c134,smart_money,P-N,50.0,1.0,1,0,1,,,77.75611350780206,77.75611350780206,1501.6758333333332,3.0,3.0,82.28323243880655,0.0,1.0,0.0,MEGA,仓位样本不足，暂不影响权重
2357678,1595,2026-08-30 07:17:52,30,0x1e07a22190c1d161248febf9fc2c440f324a16e2,smart_money,P-G,45.031990952399596,0.65,13,13,0,0.7692307692307693,0.031990952399593785,,0.031990952399593785,21.539743589743587,20.0,40.0,1.2749780172697893,-2.1571437106196822,0.0,1.0,"HYPE,BTC,ETH,ENA,XPL",高杠杆/短线赌徒型，长期单降权
2357183,1595,2026-08-30 07:17:52,30,0x1e0b469b0f10f59bd6c76a010c4b0dd24742b1ef,smart_money,P-N,50.0,1.0,1,0,1,,,-5.996343692870198,-5.996343692870198,193.01777777777778,3.0,3.0,1.8098720292504658,-9.067641681901279,1.0,0.0,PNUT,仓位样本不足，暂不影响权重
2357470,1595,2026-08-30 07:17:52,30,0x1e3001537d0c6799e59245597c541127bac57120,smart_money,P-G,44.990284287600176,0.65,307,306,1,0.545751633986928,-0.009770586907608876,0.010165080914044076,-0.009715712399825178,2.3290282301845813,20.0,20.0,0.24743927999899046,-0.20693428474222536,0.0,1.0,ETH,高杠杆/短线赌徒型，长期单降权
2356405,1595,2026-08-30 07:17:52,30,0x1e37a337ed460039d1b15bd3bc489de789768d5e,money_printer,P-G,44.81014763589324,0.65,21,2,19,1.0,1.9349843920894323,-6.151904160825798,-0.18985236410675932,1325.865912698413,12.857142857142858,40.0,4.524546277456683,-12.018208438039638,0.0,0.9523809523809523,"kSHIB,AAVE,ADA,AVAX,BCH",高杠杆/短线赌徒型，长期单降权
2356406,1595,2026-08-30 07:17:52,30,0x1e771e1b95c86491299d6e2a5c3b3842d03b552e,money_printer,P-C,73.03089986991944,0.75,8,1,7,1.0,2.7142607784953743,-45.038499378466774,-39.0694043588465,1328.5913541666664,8.625,10.0,16.309925902018694,-57.27136697299835,0.0,0.75,"DOGE,ENA,HYPE,TIA,XPL",仓位收益偏弱，降权参考
2357221,1595,2026-08-30 07:17:52,30,0x1eb117402eb2b3a5186eb9510de42cd255b3ca20,smart_money,P-C,16.909241020246764,0.75,3,0,3,,,-0.7643190968082644,-0.7643190968082646,130.67046296296297,7.666666666666667,10.0,5.477997072617033,-9.319012221271203,0.3333333333333333,0.6666666666666666,"BTC,HYPE,CASHCAT",仓位收益偏弱，降权参考
2357236,1595,2026-08-30 07:17:52,30,0x1ec15e24896f4feb55dd70d22dc3620ae3cc990c,smart_money,P-R,25.0,-0.8,15,14,1,0.21428571428571427,-0.2083506265451262,0.3037741048597448,-0.1890750560086215,48.73446296296296,5.266666666666667,24.0,0.31695356870683633,-0.41639896587819164,0.6,0.2,BTC,仓位真实收益偏反向，可作为反向参考
2356407,1595,2026-08-30 07:17:52,30,0x1f67d79afc8d0e7609ddba6c9b657cc635f69981,money_printer,P-G,43.942759351612196,0.65,13,5,8,0.2,-2.5134850261844397,-2.991571622958479,-1.0572406483878023,252.1380341880342,22.307692307692307,40.0,5.002993860305275,-8.085545479208491,0.0,1.0,"BTC,SOL,HYPE,ETH,XRP",高杠杆/短线赌徒型，长期单降权
2356408,1595,2026-08-30 07:17:52,30,0x1f887fd93c17a970819895978da55628d7658609,smart_money,P-G,65.0,0.65,3,1,2,1.0,76.37189212105136,15.291256045167081,36.81590596985067,947.4462962962962,11.0,20.0,48.44091958638065,-1.4096346589072117,0.3333333333333333,0.6666666666666666,"ETH,PEOPLE,DOT",高杠杆/短线赌徒型，长期单降权
2357683,1595,2026-08-30 07:17:52,30,0x1fbe7279da134c53fa521f5ee65891948e775e17,smart_money,P-A,100.0,1.15,8,8,0,1.0,12.66353909217045,,12.66353909217045,1.7486805555555558,7.875,20.0,21.955337712980935,0.0,0.375,0.5,"CASHCAT,FARTCOIN,NEAR,SOL,XPL",仓位收益稳定，适合加权参考
2357313,1595,2026-08-30 07:17:52,30,0x202486b34776b26b474aedb348658aaab5d2dff4,money_printer,P-B,67.90486043350737,1.0,156,148,8,0.6959459459459459,0.38117997618850613,0.1718227232745844,0.36355287787634477,10.411084401709406,8.653846153846153,25.0,1.6492507818477702,-1.5094944625890192,0.22435897435897437,0.5769230769230769,"HYPE,LIT,ZEC,ENA,PUMP",仓位表现普通有效
2356409,1595,2026-08-30 07:17:52,30,0x2025137a136bea7446deba681cbfc7cf1970840e,money_printer,P-G,37.04168840423479,0.65,58,43,15,0.5813953488372093,-0.23350869361841814,-29.295265528365,-7.958311595765206,343.860325670498,13.241379310344827,40.0,3.9481287982042934,-15.4617904031279,0.1896551724137931,0.7068965517241379,"ETH,LIT,HYPE,PUMP,BTC",高杠杆/短线赌徒型，长期单降权
2357571,1595,2026-08-30 07:17:52,30,0x202ed102cca91d1237971252eee1add2f303eb8b,smart_money,P-N,50.0,1.0,1,1,0,0.0,-0.5331469648562263,,-0.5331469648562263,0.9994444444444445,20.0,20.0,0.0,-0.5331469648562264,0.0,1.0,ETH,仓位样本不足，暂不影响权重
2356410,1595,2026-08-30 07:17:52,30,0x203f4c410f3c35cead9f35b6de2f66e773d7f26e,money_printer,P-G,65.0,0.65,3,0,3,,,27.35023652540403,27.35023652540403,1501.6758333333335,13.333333333333334,20.0,49.16452309686941,0.0,0.0,1.0,"BNB,ETH,SOL",高杠杆/短线赌徒型，长期单降权
2356411,1595,2026-08-30 07:17:52,30,0x2057d4f2b6ea957b63371980775b0a5505a438f0,smart_money,P-N,50.0,1.0,1,0,1,,,25.46026821683246,16.091538541731968,1501.6758333333332,10.0,10.0,32.791146487404895,-20.34101329576363,0.0,1.0,HYPE,仓位样本不足，暂不影响权重
2357724,1595,2026-08-30 07:17:52,30,0x2113bba1e701ebfef804e108727c79a81e7eca4a,smart_money,P-N,50.0,1.0,1,1,0,1.0,10.250629645555625,,10.250629645555625,1278.6572222222221,10.0,10.0,28.57730818846366,0.0,0.0,1.0,BTC,仓位样本不足，暂不影响权重
2357632,1595,2026-08-30 07:17:52,30,0x211db9de76bdd081a58280a6b287b0c40f89a2cb,smart_money,P-N,50.0,1.0,1,1,0,0.0,-13.10380498335883,,-13.10380498335883,10.003333333333334,3.0,3.0,3.9039309166141916,-16.24538994333004,1.0,0.0,CASHCAT,仓位样本不足，暂不影响权重
2356412,1595,2026-08-30 07:17:52,30,0x2175ce7c56baa22874eeb021c1270e6198059cda,smart_money,P-C,14.529163119705473,0.75,4,0,4,,,-6.187768135534008,-6.745718396787075,1501.6758333333332,5.25,10.0,27.362283898877067,-32.565418253824866,0.5,0.25,"ETHFI,JUP,MEGA,XPL",仓位收益偏弱，降权参考
2356413,1595,2026-08-30 07:17:52,30,0x218a65e21eddeece7a9df38c6bbdd89f692b7da2,money_printer,P-N,50.0,1.0,2,0,2,,,-14.976785770200959,-12.441282558324506,1348.3447222222221,9.0,10.0,13.86990701439115,-24.410475921458126,0.0,0.5,"BTC,ETH",仓位样本不足，暂不影响权重
2357333,1595,2026-08-30 07:17:52,30,0x219a2f5338f3ad74965a03c491e42963b69acc8d,smart_money,P-G,44.65387203512298,0.65,29,26,3,0.5,-0.22392800575627575,-1.4023573422372415,-0.3461279648770188,69.76159961685823,14.448275862068966,20.0,2.2343699653041074,-2.532987998570364,0.27586206896551724,0.6896551724137931,"BTC,SOL,AERO,HYPE,ENA",高杠杆/短线赌徒型，长期单降权
2357344,1595,2026-08-30 07:17:52,30,0x21ca98106c69bff036a194648ba30388ccbe811d,smart_money,P-A,96.6801162514784,1.15,27,23,4,0.782608695652174,3.776201505886884,0.25740230169807155,3.254897920081134,132.19953703703706,5.888888888888889,10.0,5.894015593543971,-4.102104036599691,0.2962962962962963,0.2962962962962963,"VVV,NEAR,TAO,HYPE,ZEC",仓位收益稳定，适合加权参考
2357734,1595,2026-08-30 07:17:52,30,0x21eaaee21905a7b9fbbb093caba2ee27fc1e9352,smart_money,P-N,50.0,1.0,2,2,0,1.0,9.479151733189227,,9.479151733189227,1265.6583333333333,1.0,1.0,9.496084977502068,-19.243421682680207,1.0,0.0,"BTC,ETH",仓位样本不足，暂不影响权重
2356414,1595,2026-08-30 07:17:52,30,0x2204e04834e84ff4bfc53fc769e3ae1dcef47e85,money_printer,P-N,50.0,1.0,1,0,1,,,-90.09879954463136,-90.09879954463136,1501.6758333333332,1.0,1.0,0.0,-91.76780289172724,1.0,0.0,XPL,仓位样本不足，暂不影响权重
2357560,1595,2026-08-30 07:17:52,30,0x221284041f07f1e9af30beadbd08bb14f5e5838c,smart_money,P-C,74.55708655694069,0.75,9,9,0,0.4444444444444444,4.562886286829278,,4.562886286829278,148.13743827160494,4.111111111111111,10.0,13.834658446744836,-3.066356225872707,0.4444444444444444,0.1111111111111111,"ETH,XRP,BTC,HYPE,ZEC",仓位收益偏弱，降权参考
2357462,1595,2026-08-30 07:17:52,30,0x223537ac9a856c31f4043e86ced86bb29f06653e,smart_money,P-B,65.6086733927646,1.0,4266,4252,14,0.5087017873941675,-0.0001098048086199361,-0.0082345526794925,-0.00022586241356793734,2.438634161587745,4.160806375996249,5.0,0.4990039128040052,-0.4756056782825612,0.4195968120018753,0.0,"ENA,CRV,WLFI,VIRTUAL,WLD",仓位表现普通有效
2357308,1595,2026-08-30 07:17:52,30,0x2306ce07ddca3829cdb1a2a14653dbefc211a9f1,smart_money,P-G,47.14739372437262,0.65,10,9,1,0.5555555555555556,2.5616496768620673,0.32820512820513614,2.147393724372618,41.309694444444446,17.6,40.0,7.29883033926672,-4.020522945530747,0.2,0.6,"BTC,CASHCAT,PUMP,SOL,LIT",高杠杆/短线赌徒型，长期单降权
2357139,1595,2026-08-30 07:17:52,30,0x2312171890250347dbf1b082bdf7950504909e92,smart_money,P-B,76.47393111530853,1.0,24,13,11,0.5384615384615384,4.879381281253699,1.1201977649380999,3.1564221696090495,169.87737268518518,8.5,20.0,7.979533752232997,-5.832563781298749,0.125,0.4166666666666667,"ZEC,UNI,HYPE,ENA,ETH",仓位表现普通有效
2356415,1595,2026-08-30 07:17:52,30,0x2322f8e13d25e1c997b060bc5cebc9634f8a895a,smart_money,P-G,49.655356067256605,0.65,3,1,2,1.0,2.6062030070881455,5.769880912214956,4.655356067256604,1039.7841666666666,20.0,40.0,24.196715295614307,-15.492829847724737,0.0,1.0,"BTC,HYPE,PUMP",高杠杆/短线赌徒型，长期单降权
2357351,1595,2026-08-30 07:17:52,30,0x237152b038d88f4156a0cd71090462de7e3f0883,smart_money,P-G,56.09387047498959,0.65,3,2,1,1.0,16.953890643518083,-0.6261698620673964,11.093870474989592,474.55907407407403,20.0,20.0,11.865415650040623,-1.3927067717044277,0.0,1.0,BTC,高杠杆/短线赌徒型，长期单降权
2357457,1595,2026-08-30 07:17:52,30,0x2385aae82b8ff5ec9e72f122f3462b9a1b9db98a,smart_money,P-G,47.415557552105874,0.65,59,56,3,0.6785714285714286,2.614785357619644,-1.3295898862335924,2.4155575521058728,24.81410075329567,10.101694915254237,20.0,5.4372928786655015,-2.31109747658487,0.2033898305084746,0.6271186440677966,"BTC,ZEC,CASHCAT,WLD,SPX",高杠杆/短线赌徒型，长期单降权
2357204,1595,2026-08-30 07:17:52,30,0x2396bc99feedc162af809314257571bb7ff07a36,smart_money,P-R,25.0,-0.8,12,10,2,0.2,-10.654218466607523,3.1337589948380544,-8.75822527124467,103.83439814814814,4.666666666666667,5.0,4.506388833241538,-11.11877195467419,0.16666666666666666,0.0,"TRUMP,XRP,MELANIA,DOT,LIT",仓位真实收益偏反向，可作为反向参考
2356416,1595,2026-08-30 07:17:52,30,0x24246bb3cf79ebd26ab10194ec3694203ad3c891,smart_money,P-G,35.0,0.65,3,0,3,,,-33.82652235407606,-31.648570604070144,1501.6758333333335,11.666666666666666,20.0,28.113111848843246,-48.72000426031271,0.0,0.6666666666666666,"ETH,HYPE,TAO",高杠杆/短线赌徒型，长期单降权
2357128,1595,2026-08-30 07:17:52,30,0x248ee78390f5505d34f36ce2df87d79fbcdb6be2,smart_money,P-N,50.0,1.0,2,1,1,0.0,-0.9764151861440427,11.470678357768605,5.247131585812282,161.0148611111111,5.0,5.0,18.118271554516546,-0.9503588908959439,0.0,0.0,"HYPE,PUMP",仓位样本不足，暂不影响权重
2356417,1595,2026-08-30 07:17:52,30,0x24a44aef48aeb27c7708dabfccda14b41fbf0ae1,smart_money,P-N,50.0,1.0,2,0,2,,,89.30337287115128,72.01780696221704,1501.6758333333332,5.5,10.0,93.93160022113463,0.0,0.5,0.5,"HYPE,LINEA",仓位样本不足，暂不影响权重
2356418,1595,2026-08-30 07:17:52,30,0x24d02e64d4a2580d570666546ac937adab2b3e08,smart_money,P-C,58.17391304347826,0.75,46,5,41,0.6,3.4873620656408364,-20.47096015378287,-17.40945916550464,1397.979178743962,7.173913043478261,20.0,7.615092644949385,-41.95824711674639,0.2608695652173913,0.391304347826087,"ENA,AAVE,AERO,APEX,APT",仓位收益偏弱，降权参考
2357334,1595,2026-08-30 07:17:52,30,0x24fb6523036ebcb3cc51deff138066dccf6bed0f,smart_money,P-B,70.9024761951056,1.0,74,71,3,0.6901408450704225,0.5446775758653567,-1.112448824364831,0.4854977092772058,12.06748873873874,9.27027027027027,16.0,1.4436511638335345,-1.2185356170310633,0.06756756756756757,0.4189189189189189,"SOL,ENA,PUMP,ETH,HYPE",仓位表现普通有效
2356419,1595,2026-08-30 07:17:52,30,0x250a09aafe5c4e63a8c11d1743e19694d79ce113,smart_money,P-R,25.0,-0.8,40,13,27,0.3076923076923077,-3.547687213471432,-2.014383632537598,-1.033434547054344,1060.0528750000003,8.1,20.0,18.86880232454182,-20.316037165981573,0.2,0.5,"UNI,PENDLE,AAVE,AERO,BTC",仓位真实收益偏反向，可作为反向参考
2356420,1595,2026-08-30 07:17:52,30,0x25554a80781ee62414c3747e81c3f50157c634b1,smart_money,P-B,83.82899213775065,1.0,44,27,17,0.7037037037037037,3.0788140496244294,-6.620721213458533,-0.07876992439066881,991.5578156565651,6.954545454545454,20.0,14.345386776331141,-23.137348577918715,0.36363636363636365,0.36363636363636365,"TRUMP,ZEC,BTC,ENA,AAVE",仓位表现普通有效
2356969,1595,2026-08-30 07:17:52,30,0x25773676902085225ae5751075e4161369334897,money_printer,P-G,44.773048113363735,0.65,450,422,28,0.5687203791469194,0.25929448993643267,-8.811572665022968,-0.2269518866362671,51.94201728395059,11.084444444444445,40.0,2.136807477684738,-2.738203941412378,0.09333333333333334,0.7977777777777778,"ZEC,AVAX,VVV,PUMP,ETH",高杠杆/短线赌徒型，长期单降权
2356421,1595,2026-08-30 07:17:52,30,0x258a4b8a8447c61aabf1bef9bb14ee4d69efff03,money_printer,P-B,74.9186515674323,1.0,284,212,72,0.5094339622641509,-0.14451366722192002,3.164621998435745,0.21364414672439086,169.5661805555557,4.954225352112676,20.0,6.730424080889484,-7.376307061121659,0.4894366197183099,0.15845070422535212,"CASHCAT,SPX,GRASS,IMX,ICP",仓位表现普通有效
2357557,1595,2026-08-30 07:17:52,30,0x259b9c4cfeadaef8a5b842710a777364988415b3,smart_money,P-G,43.58272354032552,0.65,46,46,0,0.34782608695652173,-1.4172764596744836,,-1.4172764596744836,18.525803140096617,12.5,35.0,2.2931407546083,-3.3310255019180945,0.043478260869565216,0.9347826086956522,"PUMP,HYPE,BTC,ZEC,FARTCOIN",高杠杆/短线赌徒型，长期单降权
2356422,1595,2026-08-30 07:17:52,30,0x25dacd8a27eac9ad6eba5eb88e3b68f707eb1397,smart_money,P-N,50.0,1.0,1,0,1,,,-8.967878666354759,-8.967878666354759,1501.6758333333332,40.0,40.0,19.04986688054896,-12.417009212534397,0.0,1.0,BTC,仓位样本不足，暂不影响权重
2357190,1595,2026-08-30 07:17:52,30,0x25e9e31168d7ec59b0bfd54ebde8f3f6b9b1a5ea,smart_money,P-C,63.25178475611777,0.75,26,24,2,0.4583333333333333,2.822593640181715,3.0610837015949306,3.0093589715381337,39.07864316239316,8.538461538461538,16.0,5.758119335360207,-1.4893456528269604,0.15384615384615385,0.5,"BTC,ZEC,LIT,TAO,PUMP",仓位收益偏弱，降权参考
2357226,1595,2026-08-30 07:17:52,30,0x25fcb75a422f1eeef23c272f8712d6df16c49c38,smart_money,P-G,35.0,0.65,11,9,2,0.3333333333333333,-29.554271148064338,-1.3972985653481826,-24.434821587570493,500.68148989899004,12.363636363636363,40.0,5.583760497209043,-36.12113126002963,0.09090909090909091,0.7272727272727273,"HYPE,TAO,BTC,ZEC,ETH",高杠杆/短线赌徒型，长期单降权
2356423,1595,2026-08-30 07:17:52,30,0x2609e5cd96e82dea377f82608474dd913549ab78,smart_money,P-N,50.0,1.0,1,0,1,,,-88.3741530449028,-88.37415304490281,1501.6758333333332,1.0,1.0,0.0,-90.33387273428255,1.0,0.0,XPL,仓位样本不足，暂不影响权重
2356424,1595,2026-08-30 07:17:52,30,0x266b5569ed3017e74dd48059c6db804e016eefcb,smart_money,P-A,99.0,1.15,10,5,5,0.8,7.841492925191393,22.902736270092326,11.427641644145393,716.958361111111,7.8,10.0,35.308110604085485,-7.069801851658783,0.1,0.6,"FARTCOIN,HYPE,TAO,ZEC,VIRTUAL",仓位收益稳定，适合加权参考
2357723,1595,2026-08-30 07:17:52,30,0x26c93faaf64380f816c7b07a7f1c051fd44210d9,smart_money,P-N,50.0,1.0,2,2,0,0.0,-6.554411196617465,,-6.554411196617465,636.3295833333333,24.0,40.0,4.893018700925379,-6.554411196617465,0.0,0.5,BTC,仓位样本不足，暂不影响权重
2356996,1595,2026-08-30 07:17:52,30,0x26e850e94b0b7b672544a5b60ac3463957a817ba,smart_money,P-N,50.0,1.0,2,1,1,1.0,1.32255078702376,10.39211377792559,5.492613830414608,396.5102777777778,15.0,20.0,8.583575181994535,-0.5901703649179875,0.0,1.0,"PAXG,SOL",仓位样本不足，暂不影响权重
2357752,1595,2026-08-30 07:17:52,30,0x27388d079cb5cf1ad50f60ab4c260356449bf92b,smart_money,P-G,37.02859429505796,0.65,3,3,0,0.0,-7.971405704942044,,-7.971405704942044,170.33046296296297,20.0,20.0,1.2708607435818833,-7.971405704942044,0.0,1.0,"SOL,BTC,ETH",高杠杆/短线赌徒型，长期单降权
2357823,1595,2026-08-30 07:17:52,30,0x2781335247f1e8522bbdff12d2a30f918b83ab61,smart_money,P-N,50.0,1.0,1,1,0,0.0,-0.5029291189703691,,-0.5029291189703691,1.0019444444444445,3.0,3.0,0.0,-0.5029291189703691,1.0,0.0,HYPE,仓位样本不足，暂不影响权重
2357819,1595,2026-08-30 07:17:52,30,0x279818c822e5c6135d989df50d0bba96e9564ce5,smart_money,P-N,50.0,1.0,1,1,0,1.0,3.7498649173327783,,3.7498649173327783,184.00694444444446,10.0,10.0,6.43345084518137,-3.1418277612056005,0.0,1.0,XPL,仓位样本不足，暂不影响权重
2356922,1595,2026-08-30 07:17:52,30,0x279dbeaae93533a5c4607712b027b04aff62d625,smart_money,P-N,50.0,1.0,1,0,1,,,-25.701442946792184,0.9297852995916718,1465.8097222222223,5.0,5.0,22.534594962436312,-30.193393799387678,0.0,0.0,HYPE,仓位样本不足，暂不影响权重
2357345,1595,2026-08-30 07:17:52,30,0x27c5fdef9a082abd0711c611dbde9d7db9611aae,smart_money,P-A,85.37451537144669,1.15,18,15,3,0.7333333333333333,2.118214598404051,0.8742979692206444,1.9108951602068163,30.50115740740741,6.111111111111111,11.0,3.5063096930073723,-1.4715595648380866,0.3333333333333333,0.16666666666666666,"HYPE,ZEC,ETH,SOL,LIT",仓位收益稳定，适合加权参考
2356425,1595,2026-08-30 07:17:52,30,0x27c9fa86c91b84ddfa15de58c482ff662498d65d,money_printer,P-B,74.73764644535666,1.0,735,674,61,0.5890207715133531,0.36493703724863846,-0.8432537734839199,0.2701030224320567,85.87792630385492,8.17142857142857,40.0,3.0474880762134173,-3.5252723696029027,0.18639455782312925,0.45170068027210886,"PUMP,MET,JTO,CC,LIT",仓位表现普通有效
2357599,1595,2026-08-30 07:17:52,30,0x27d33e77c8e6335089f56e399bf706ae9ad402b9,smart_money,P-R,25.0,-0.8,15,15,0,0.2,-0.4794013824959041,,-0.4794013824959041,33.60625925925926,2.0,2.0,0.9812449544078975,-0.9296728559849794,1.0,0.0,"ETH,SOL,BTC,HYPE,ZEC",仓位真实收益偏反向，可作为反向参考
2357178,1595,2026-08-30 07:17:52,30,0x281354062fa932086890a6bbf7dff7d0a67d220f,smart_money,P-G,46.84381704400951,0.65,75,71,4,0.8450704225352113,1.7887938139478878,5.0427125403587905,1.8438170440095125,19.615462962962958,16.413333333333334,40.0,4.054316687031544,-1.2017223544958908,0.06666666666666667,0.7066666666666667,"HYPE,BTC,LIT,PUMP,MON",高杠杆/短线赌徒型，长期单降权
2356426,1595,2026-08-30 07:17:52,30,0x28233e5edddfc9f71f0cecf58ca98f6a2ca11f43,money_printer,P-R,25.0,-0.8,26,16,10,0.375,-4.864785574697764,-12.743597175345368,-6.571992866134362,1023.6356303418803,9.192307692307692,20.0,12.830868233462494,-23.130994292396945,0.11538461538461539,0.5769230769230769,"ETH,BNB,BTC,DOT,LINK",仓位真实收益偏反向，可作为反向参考
2357127,1595,2026-08-30 07:17:52,30,0x28473085ba4aa761eb541914f50a75dd685cd47b,smart_money,P-A,100.0,1.15,27,12,15,0.8333333333333334,2.7048840043916607,0.6395858934760972,1.6080561501474506,151.8940740740741,4.111111111111111,6.0,14.019216305566665,-4.673697642836537,0.4074074074074074,0.0,"ENA,ETHFI,NEAR,ETH,LIT",仓位收益稳定，适合加权参考
2356958,1595,2026-08-30 07:17:52,30,0x288ed4efc8fbd1e42a06fe083ea942d20c90b336,"money_printer,smart_money",P-C,72.30099451288729,0.75,9,3,6,1.0,4.696878902996086,-16.581412663314012,-7.78738195741965,434.56725308641967,14.0,40.0,16.398132190752904,-20.95231975557285,0.2222222222222222,0.3333333333333333,"BTC,WLFI,CASHCAT,VVV,ETH",仓位收益偏弱，降权参考
2356982,1595,2026-08-30 07:17:52,30,0x28bbaaa5b431ed61ea6a9b3394f76616e00cfca6,money_printer,P-N,50.0,1.0,1,0,1,,,-29.721533674384276,-29.721533674384276,845.7230555555556,20.0,20.0,3.8641827237826867,-33.62955540319604,0.0,1.0,ETH,仓位样本不足，暂不影响权重
2357052,1595,2026-08-30 07:17:52,30,0x29c792a175627a15c60f5288e55d1cf7d95f2157,smart_money,P-N,50.0,1.0,2,1,1,0.0,-2.283337546437348,47.38794747587692,22.552304964719788,530.0098611111111,10.0,10.0,28.031573052574906,-6.503730718486638,0.0,1.0,HYPE,仓位样本不足，暂不影响权重
2357619,1595,2026-08-30 07:17:52,30,0x29eb62882a8bd104a64400a2971d0d6881777043,money_printer,P-S,100.0,1.25,38,38,0,0.6842105263157895,16.2745803544526,,16.2745803544526,1196.645380116959,4.7894736842105265,5.0,36.82535460931086,-18.796572799006952,0.10526315789473684,0.0,"AAVE,ALGO,ASTER,BTC,CRV",仓位收益、持仓周期、杠杆结构适合长期参考
2356427,1595,2026-08-30 07:17:52,30,0x2a29762f188eacd2217313a62642b1fb24d14d9c,smart_money,P-N,50.0,1.0,1,0,1,,,131.60401225472484,131.60401225472484,1501.6758333333332,2.0,2.0,139.8803996686109,0.0,1.0,0.0,HYPE,仓位样本不足，暂不影响权重
2357100,1595,2026-08-30 07:17:52,30,0x2a304155f0c751217f2bedc1769be8398151eca4,smart_money,P-B,65.92119443953666,1.0,41,37,4,0.5405405405405406,0.4837405312679957,11.036570915626141,1.407531959385996,40.026084010840115,7.365853658536586,20.0,5.173035994257909,-2.562211123241625,0.1951219512195122,0.5365853658536586,"PUMP,TAO,HYPE,ZEC,CASHCAT",仓位表现普通有效
2357399,1595,2026-08-30 07:17:52,30,0x2a3c3bf6a7cc9615af69be77ecb9908a1f48de46,smart_money,P-N,50.0,1.0,2,1,1,1.0,1.1053057515653089,6.2798783137766225,3.692592032670966,16.499444444444446,4.0,5.0,5.637398638494515,-0.11332335137120153,0.5,0.0,"PUMP,HYPE",仓位样本不足，暂不影响权重
2356428,1595,2026-08-30 07:17:52,30,0x2a4d9f5d63bcd42c737431e0b49d2e01c49caae4,smart_money,P-B,100.0,1.0,4,1,3,1.0,18.993830655977114,0.7416967275870476,7.515446956226594,1480.4251388888888,6.25,10.0,37.339922800995225,-8.446455659679613,0.25,0.25,"LINK,SOL,TRB,POL",仓位表现普通有效
2356970,1595,2026-08-30 07:17:52,30,0x2a72b57dea119cc0bac14df798f9e9b8b148267c,smart_money,P-B,69.31005529292858,1.0,3438,3405,33,0.5568281938325991,0.1678364553631236,-0.12754465826087746,0.1660408623233174,7.24971818240579,4.175101803374055,5.0,0.9888618921761283,-0.8004389985061123,0.41244909831297266,0.0,"MORPHO,ARB,LAYER,VVV,MELANIA",仓位表现普通有效
2356429,1595,2026-08-30 07:17:52,30,0x2a767954b55264c1443b3fa634d4adb7d6059a53,smart_money,P-G,41.953899701438424,0.65,119,98,21,0.5408163265306123,-1.2705896976492905,-15.179148450111105,-3.046100298561578,336.98044351073753,13.974789915966387,40.0,4.950771600455816,-11.126607272434223,0.008403361344537815,0.8991596638655462,"ETH,DOT,HYPE,XRP,ARB",高杠杆/短线赌徒型，长期单降权
2356430,1595,2026-08-30 07:17:52,30,0x2a876325db0cdd43e0f250bc309d45f78e45dcf3,smart_money,P-C,56.832990295929136,0.75,15,8,7,0.5,-3.277403321537573,-16.84422252699256,-7.797294480647171,799.3225555555557,4.133333333333334,10.0,17.385089321352172,-26.86182470990482,0.6,0.06666666666666667,"GRIFFAIN,STBL,ZRO,GRASS,VVV",仓位收益偏弱，降权参考
2357762,1595,2026-08-30 07:17:52,30,0x2a934d40944e2b686ee9cdce74a3f67d32cd0347,money_printer,P-N,50.0,1.0,1,1,0,1.0,3.4522476847782895,,3.4522476847782895,1246.6591666666666,25.0,25.0,30.65194953108038,0.0,0.0,1.0,ETH,仓位样本不足，暂不影响权重
2356431,1595,2026-08-30 07:17:52,30,0x2ac4880624dae9e823874d65e43bfeba97fc61b5,smart_money,P-B,82.58101128059619,1.0,24,11,13,0.6363636363636364,-0.5206724260927118,-0.9578659665346192,-0.13327784098720857,404.05886574074066,4.666666666666667,20.0,16.572637244659727,-10.063916232153362,0.4166666666666667,0.125,"BTC,CASHCAT,HYPE,ZEC,ENA",仓位表现普通有效
2356432,1595,2026-08-30 07:17:52,30,0x2b02efbf4fa4585ae3cc9d81913770e9b12484db,smart_money,P-N,50.0,1.0,2,0,2,,,-32.96349961621633,-32.39024034790971,846.3462499999999,4.0,5.0,5.84084097727673,-46.98149270508899,0.5,0.0,"ETHFI,XMR",仓位样本不足，暂不影响权重
2357577,1595,2026-08-30 07:17:52,30,0x2b2ab788772102883d5bca4af7cf2660d746ac9b,smart_money,P-G,57.05032949181885,0.65,4,4,0,0.5,12.05032949181885,,12.05032949181885,45.75416666666666,17.5,30.0,18.520779839950112,-0.582421792989892,0.0,1.0,"HYPE,ETH,BTC,ZEC",高杠杆/短线赌徒型，长期单降权
2356433,1595,2026-08-30 07:17:52,30,0x2b3349ff0c4cf96f7df87fd5f3d583ee625733f7,smart_money,P-C,85.99148956997236,0.75,18,5,13,0.6,-9.617402931816658,1.2331981175454356,-1.7806177405303556,854.8205246913581,1.8333333333333333,2.0,17.828645669404267,-23.965990088769946,1.0,0.0,"AAVE,LIT,ENA,TAO,AVAX",仓位收益偏弱，降权参考
2357809,1595,2026-08-30 07:17:52,30,0x2b7b64b593a40a210bc0568522e7d7991ee8c7c0,smart_money,P-N,50.0,1.0,2,2,0,0.0,-0.29446529665131305,,-0.29446529665131305,96.50569444444444,5.0,5.0,0.0,-2.5331476573871536,0.0,0.0,ETH,仓位样本不足，暂不影响权重
2356434,1595,2026-08-30 07:17:52,30,0x2b9b48bbdd8018396daad50364c467246db30d87,smart_money,P-B,100.0,1.0,6,1,5,1.0,19.127884239738748,5.114615461715762,9.725693393924308,795.3397685185186,11.666666666666666,20.0,27.67370355523613,-6.733305543224934,0.16666666666666666,0.5,"ZEC,BTC,ETH,MON,SOL",仓位表现普通有效
2357230,1595,2026-08-30 07:17:52,30,0x2ba553d9f990a3b66b03b2dc0d030dfc1c061036,money_printer,P-N,50.0,1.0,2,1,1,1.0,3.233860035560502,0.8294435791042076,2.031651807332355,75.00013888888888,5.0,5.0,5.669074536156396,-4.063546617832504,0.0,0.0,LIT,仓位样本不足，暂不影响权重
2356435,1595,2026-08-30 07:17:52,30,0x2ba90dba46da390ca15d2ac24078d3a81bc85399,smart_money,P-R,25.0,-0.8,8,4,4,0.25,-1.3026321198200397,-30.171700220538856,-17.002509450170788,464.3420486111111,3.5,5.0,12.66277674493449,-41.18960188642263,0.375,0.0,"ZEC,CASHCAT,HYPE,FARTCOIN,PURR",仓位真实收益偏反向，可作为反向参考
2356436,1595,2026-08-30 07:17:52,30,0x2bb45f0411f8f7cd264620fb2b22990d373b8ac5,smart_money,P-N,50.0,1.0,1,0,1,,,34.35340009580948,34.35340009580947,1501.6758333333332,5.0,5.0,42.069484681889726,0.0,0.0,0.0,WLFI,仓位样本不足，暂不影响权重
2356437,1595,2026-08-30 07:17:52,30,0x2bd0cbb03af55e337aabb179a7bf092218b8367c,smart_money,P-N,50.0,1.0,2,1,1,1.0,2.3681578151534195,-0.16191171012044184,1.1031230525164888,753.338611111111,6.5,10.0,15.28262318814765,-4.223516996211736,0.5,0.5,"BTC,CASHCAT",仓位样本不足，暂不影响权重
2356438,1595,2026-08-30 07:17:52,30,0x2bd6745f4c7f91401611134b61b839ee2ebdb8d8,smart_money,P-C,5.020599913279625,0.75,4,0,4,,,-25.105981657684076,-34.806614069465056,1501.6758333333332,7.5,10.0,13.161967004120317,-84.14361787076231,0.0,0.5,"FARTCOIN,HYPE,PUMP,SPX",仓位收益偏弱，降权参考
2356439,1595,2026-08-30 07:17:52,30,0x2bee414493be72c747edf347d42b198494fb0ba9,smart_money,P-N,50.0,1.0,1,0,1,,,-1.3829869927968077,0.2356552061774487,1501.6758333333332,8.0,8.0,29.79213413941939,-4.592035031352023,0.0,0.0,BTC,仓位样本不足，暂不影响权重
2357023,1595,2026-08-30 07:17:52,30,0x2c6f7831be3fe15cc7025672f27623a921553725,smart_money,P-G,64.87030912185391,0.65,3,1,2,0.0,-1.5177683031824702,30.564347834372104,19.87030912185391,354.0114814814815,15.333333333333334,20.0,25.067654995103368,-3.951774383675332,0.0,0.6666666666666666,"ETH,HYPE",高杠杆/短线赌徒型，长期单降权
2357238,1595,2026-08-30 07:17:52,30,0x2ca4927174ba283d8a57f60ef3589844035a2930,smart_money,P-G,45.061470529495914,0.65,7,6,1,0.6666666666666666,0.18136085443511965,-0.6492574926777546,0.06147052949591704,137.14333333333335,20.0,20.0,1.5101851689520855,-1.780239091004617,0.0,1.0,BTC,高杠杆/短线赌徒型，长期单降权
2357800,1595,2026-08-30 07:17:52,30,0x2cd991f48ba31536a96b772536a1daaaedf150ae,money_printer,P-B,92.96510444713246,1.0,23,23,0,0.6521739130434783,15.480334960503008,,15.480334960503008,968.427898550725,9.782608695652174,40.0,35.92362089800438,-16.806551044874993,0.21739130434782608,0.5652173913043478,"PURR,NEAR,W,NOT,AVAX",仓位表现普通有效
2357400,1595,2026-08-30 07:17:52,30,0x2cef0a7f84e722c77b271862da5fe2387028fa20,smart_money,P-G,44.76516706363328,0.65,40,39,1,0.5897435897435898,-0.16294903652379622,-3.03830503024082,-0.23483293636672195,69.87841666666668,27.125,40.0,3.1031214142832297,-2.7276849512205295,0.125,0.875,"BTC,ETH,HYPE,CASHCAT,SOL",高杠杆/短线赌徒型，长期单降权
2357458,1595,2026-08-30 07:17:52,30,0x2cffce91b4e0c81df18726ff66b31b2b1545e1ad,smart_money,P-B,65.6342547069384,1.0,83,82,1,0.5365853658536586,0.0012744494875590487,-0.06342232491411239,0.0004949702779003596,8.735060240963852,4.36144578313253,20.0,0.234273566612901,-0.20857511848057061,0.5662650602409639,0.0963855421686747,BTC,仓位表现普通有效
2357447,1595,2026-08-30 07:17:52,30,0x2d46792b530edc6951935dd7c8c79141dbcf1d43,smart_money,P-G,45.09750084694901,0.65,165,164,1,0.6585365853658537,0.09790543728652969,-0.024413188745910884,0.09750084694901069,6.57587037037037,20.0,20.0,0.33464549330619936,-0.2538884786873841,0.0,1.0,BTC,高杠杆/短线赌徒型，长期单降权
2356440,1595,2026-08-30 07:17:52,30,0x2d55a75eef61cf781a278f0d81074c896bdb167c,smart_money,P-C,68.80119027268482,0.75,16,4,12,0.75,28.69115325745548,-21.348077430637172,-8.870004776937217,755.3367361111112,6.125,10.0,17.73236826640929,-27.342855323308914,0.0625,0.25,"HYPE,NEAR,XMR,ZRO,GRAM",仓位收益偏弱，降权参考
2356441,1595,2026-08-30 07:17:52,30,0x2d7ae76a3c51efa830e99a404570157421120d7e,smart_money,P-G,62.86436881940283,0.65,3,0,3,,,17.864368819402827,17.864368819402827,1501.6758333333335,20.0,20.0,46.14584185904977,-0.9024602479705112,0.0,1.0,"BTC,ETH,SOL",高杠杆/短线赌徒型，长期单降权
2357123,1595,2026-08-30 07:17:52,30,0x2d891ef03177dd17372c5efecbd80f301d96436b,smart_money,P-C,52.054872559597946,0.75,4,3,1,0.3333333333333333,-4.741216762664448,-10.374471086036671,-6.149530343507504,351.5740277777778,3.0,3.0,2.458010263452355,-7.897186939711401,1.0,0.0,"BTC,ETH,SOL",仓位收益偏弱，降权参考
2357167,1595,2026-08-30 07:17:52,30,0x2d99fe0f36c1aebd28a1a2c0e82e8ca13c2ea351,money_printer,P-C,43.09912595379866,0.75,3,0,3,,,1.6639567033010187,1.6639567033010187,167.33916666666664,1.3333333333333333,2.0,6.711380081981512,-0.8234946700679174,1.0,0.0,"ETH,BTC,ZEC",仓位收益偏弱，降权参考
2356442,1595,2026-08-30 07:17:52,30,0x2dacce251f42aa0ebad75ec0cf505e138142a911,smart_money,P-N,50.0,1.0,1,0,1,,,-47.541524452789005,-47.541524452789005,1501.6758333333332,2.0,2.0,6.516744746834297,-51.9863954555543,1.0,0.0,ETH,仓位样本不足，暂不影响权重
2357467,1595,2026-08-30 07:17:52,30,0x2dafcc36215b481c331f05437959c428562064b6,smart_money,P-G,43.07294656124827,0.65,14,13,1,0.23076923076923078,-2.0824805728242612,0.09349930419123208,-1.927053438751726,108.47686507936508,12.357142857142858,20.0,2.737899261361672,-4.446096399188211,0.07142857142857142,0.9285714285714286,"HYPE,BTC,ZEC,PURR,ETH",高杠杆/短线赌徒型，长期单降权
2357726,1595,2026-08-30 07:17:52,30,0x2dd5b67410355a62fde9fc526f2b08b81413a130,smart_money,P-N,50.0,1.0,1,1,0,1.0,13.12327613647262,,13.12327613647262,1276.6577777777777,10.0,10.0,22.391495935868807,-24.9098447080301,0.0,1.0,HYPE,仓位样本不足，暂不影响权重
2356443,1595,2026-08-30 07:17:52,30,0x2ded914aa5fadadd7d32d678924188586d7c656b,smart_money,P-C,83.00905390690949,0.75,104,29,75,0.6896551724137931,5.712145877751675,-7.254067468447797,-3.6334040810280213,1062.2504006410268,4.076923076923077,5.0,18.11734072163623,-25.849653862753623,0.46153846153846156,0.0,"GALA,JUP,SUSHI,AXS,UNI",仓位收益偏弱，降权参考
2356444,1595,2026-08-30 07:17:52,30,0x2e2e76c5e1d91a78ec41672da4640620d88a1c50,smart_money,P-B,91.47687329859794,1.0,9,6,3,1.0,2.202265568142835,-3.3795778855627017,0.6894463243245657,463.15101851851847,10.88888888888889,40.0,5.30578029237351,-11.333641249910885,0.1111111111111111,0.2222222222222222,"HYPE,BTC,LIT,AERO,ZEC",仓位表现普通有效
2356445,1595,2026-08-30 07:17:52,30,0x2e30c32738a28833e3d85189c04895c25ee54cb5,smart_money,P-R,25.0,-0.8,5,0,5,,,-0.8068028958701363,-1.2348565630371113,1501.6758333333332,2.0,2.0,4.764158377645684,-22.835274798990543,1.0,0.0,"BTC,ETH,SOL,XRP,ZEC",仓位真实收益偏反向，可作为反向参考
2356446,1595,2026-08-30 07:17:52,30,0x2ef1697d832128ae14a19eb08f7074db6336b106,smart_money,P-N,50.0,1.0,2,0,2,,,-6.531804027017573,-6.531804027017573,1501.6758333333332,1.0,1.0,34.48037473162371,-14.631433401948811,1.0,0.0,"FARTCOIN,HYPE",仓位样本不足，暂不影响权重
2357284,1595,2026-08-30 07:17:52,30,0x2ef85698675478f9dd543786e459bab7665d49f7,smart_money,P-A,75.28222559204549,1.15,9,7,2,0.7142857142857143,2.6384294507891073,4.717775647040309,2.9254558043816803,24.221975308641973,7.555555555555555,10.0,5.56498719599809,-2.8658619739233666,0.1111111111111111,0.5555555555555556,"SOL,XMR,TRUMP,WLFI,ZEC",仓位收益稳定，适合加权参考
2357260,1595,2026-08-30 07:17:52,30,0x2f7eb45927a2076d52e00463d8015a360a495405,smart_money,P-G,42.04012471056447,0.65,18,16,2,0.5,-4.100022781350253,6.567049322062011,-2.9598752894355327,132.17012345679012,28.72222222222222,40.0,8.924383177342516,-15.583012891820589,0.2222222222222222,0.7222222222222222,"BTC,VVV,ZRO,SOL,VINE",高杠杆/短线赌徒型，长期单降权
2356447,1595,2026-08-30 07:17:52,30,0x2fcb6898d5a0623de19c3691904927685014c4d8,money_printer,P-A,100.0,1.15,29,5,24,0.8,24.52377862403055,50.314908310170814,46.115159297884944,1311.4899616858243,6.655172413793103,40.0,59.08238863478611,-5.393039350304171,0.3793103448275862,0.27586206896551724,"ZEC,0G,ANIME,AVNT,BCH",仓位收益稳定，适合加权参考
2356448,1595,2026-08-30 07:17:52,30,0x2ff2944a3bbf6e79848facaeddb2d986773dfaed,smart_money,P-C,81.46688543119177,0.75,88,34,54,0.6176470588235294,6.977644905546711,-11.810315558634775,-1.8842043432276447,1181.3045012626267,4.136363636363637,5.0,23.74370386869626,-27.64829356466059,0.4318181818181818,0.0,"ETC,PROVE,MINA,JUP,AAVE",仓位收益偏弱，降权参考
2356449,1595,2026-08-30 07:17:52,30,0x3005fade4c0df5e1cd187d7062da359416f0eb8e,smart_money,P-G,55.90819808597294,0.65,8,1,7,1.0,6.160014442433847,12.853636715571097,10.908198085972941,1054.9040972222224,13.375,25.0,23.307142930116935,-16.002146896055013,0.0,0.625,"SOL,ETH,HYPE,PENDLE,LIT",高杠杆/短线赌徒型，长期单降权
2356450,1595,2026-08-30 07:17:52,30,0x303de6f3508071e983cd3e68ccb41cae75248466,smart_money,P-N,50.0,1.0,2,0,2,,,-2.4145880599703404,-2.4145880599703404,1501.6758333333332,15.0,20.0,15.468728839131069,-7.090693211021111,0.0,1.0,"BTC,TRX",仓位样本不足，暂不影响权重
2356451,1595,2026-08-30 07:17:52,30,0x30530d8c6f6aa5416609992bbe08aac518d8525a,smart_money,P-C,70.11484583716977,0.75,6,2,4,1.0,4.4029601424176965,-26.567579541057146,-16.2440663132322,966.6155092592593,9.166666666666666,10.0,4.930788464784832,-28.311017678067184,0.0,0.8333333333333334,"BTC,DOGE,FARTCOIN,HYPE,TRUMP",仓位收益偏弱，降权参考
2356452,1595,2026-08-30 07:17:52,30,0x30a712758896b443d447f486737b91b54161e64f,smart_money,P-N,50.0,1.0,2,1,1,1.0,57.889014089601986,35.586725294161,46.35336765022154,876.192361111111,3.5,5.0,66.97759198443516,-28.269316043261526,0.5,0.0,"ETHFI,CASHCAT",仓位样本不足，暂不影响权重
2357380,1595,2026-08-30 07:17:52,30,0x30a7a78ada9aaada13ef7290ce2d18554c9cbd80,smart_money,P-G,44.68037153966498,0.65,14,13,1,0.46153846153846156,-0.263008860646755,-1.0556832562824452,-0.31962846033501846,43.64230158730159,19.285714285714285,20.0,1.0562012364406843,-1.1675307869743252,0.0,1.0,"BTC,ETH,HYPE",高杠杆/短线赌徒型，长期单降权
2356453,1595,2026-08-30 07:17:52,30,0x30bb45af88000014bd7a5e6f7c714a489c4f7cae,smart_money,P-G,65.0,0.65,3,0,3,,,21.93830642343194,21.93830642343194,1054.1171296296295,16.666666666666668,20.0,39.34538710681591,-2.845564248995777,0.0,1.0,"ETH,SOL,HYPE",高杠杆/短线赌徒型，长期单降权
2356454,1595,2026-08-30 07:17:52,30,0x31ca8395cf837de08b24da3f660e77761dfb974b,money_printer,P-G,45.108910860739776,0.65,2367,2192,175,0.5542883211678832,0.121520676301081,-0.08084683810003007,0.10891086073977502,84.77801694597,20.0,20.0,1.6195624381588944,-1.5904006017503962,0.0,1.0,"ACE,RENDER,PENGU,DASH,HYPE",高杠杆/短线赌徒型，长期单降权
2356455,1595,2026-08-30 07:17:52,30,0x31d6b5a70e8ef418311d7cd2c28c7e1c15e84f90,smart_money,P-R,25.0,-0.8,13,0,13,,,-5.431646670072018,-8.21471737243388,1025.3440598290597,3.076923076923077,10.0,17.66287031387636,-32.48975626593999,0.9230769230769231,0.07692307692307693,"ADA,ASTER,HYPE,LINK,MNT",仓位真实收益偏反向，可作为反向参考
2356456,1595,2026-08-30 07:17:52,30,0x31dea2516beee92135b96f464eeec3cf292a13f2,money_printer,P-G,44.73204067626981,0.65,276,268,8,0.6455223880597015,0.12880531983740948,-13.677750040412331,-0.2679593237301901,28.62714070048311,15.27536231884058,20.0,0.7799310354945085,-0.9107208626931724,0.2246376811594203,0.7681159420289855,"ETH,HYPE,BTC,SOL,ZEC",高杠杆/短线赌徒型，长期单降权
2357839,1595,2026-08-30 07:17:52,30,0x31f0ed3135a26b142f58354011fdaf30766f4205,smart_money,P-G,44.87577050918805,0.65,4,4,0,0.5,-0.12422949081195109,,-0.12422949081195109,10.249375,17.5,40.0,1.2212774136037519,-0.7307155722690064,0.0,1.0,"HYPE,BTC",高杠杆/短线赌徒型，长期单降权
2356457,1595,2026-08-30 07:17:52,30,0x31f28ff1130fdd38d6180fa326c146fe63ecc52b,smart_money,P-A,95.84016681704011,1.15,26,16,10,0.8125,2.883840286911795,0.033199944243855306,3.1384858994352,391.2105021367521,6.884615384615385,10.0,14.191147358498158,-9.397870779969153,0.11538461538461539,0.4230769230769231,"UNI,LIT,HYPE,CASHCAT,PUMP",仓位收益稳定，适合加权参考
2356458,1595,2026-08-30 07:17:52,30,0x32051a0c36af1449e0eee08146a808115ccc40bb,money_printer,P-B,59.13772760064848,1.0,86,81,5,0.6049382716049383,0.24374343279204,0.37755135499653913,0.1634661546165143,56.13648901808786,9.883720930232558,10.0,1.3268758404587593,-1.7977692434622532,0.0,0.9767441860465116,"ZEC,DOGE,SUI,PUMP,PENGU",仓位表现普通有效
2357732,1595,2026-08-30 07:17:52,30,0x321f13fa322c8c446eb0c50f54d0af8cca859714,smart_money,P-N,50.0,1.0,1,1,0,1.0,100.41824332231768,,100.41824332231768,1266.6641666666667,10.0,10.0,103.52093445756547,0.0,0.0,1.0,HYPE,仓位样本不足，暂不影响权重
2357368,1595,2026-08-30 07:17:52,30,0x321f7193eadbacb67eff00f76b975a487e5b1c84,smart_money,P-G,39.56414294230344,0.65,6,5,1,0.2,-6.750413337656921,1.136924342105267,-5.435857057696556,190.4996759259259,10.0,10.0,3.586432265334736,-7.49976715178141,0.0,1.0,"ETH,BTC,SOL,UNI",高杠杆/短线赌徒型，长期单降权
2356459,1595,2026-08-30 07:17:52,30,0x324563717b20e19e71c5440aff6c9762ccfc08cc,money_printer,P-N,50.0,1.0,2,0,2,,,5.484414322405705,5.508734617961684,1501.6758333333332,20.0,20.0,35.68950628409722,-4.19484691760458,0.0,1.0,"BTC,ETH",仓位样本不足，暂不影响权重
2357570,1595,2026-08-30 07:17:52,30,0x32536c98f7fd6b47637452275a2297abcc4ff6ee,smart_money,P-N,50.0,1.0,1,1,0,1.0,0.311875,,0.311875,83.99638888888889,15.0,15.0,2.511875,-0.9156249999999999,0.0,1.0,BTC,仓位样本不足，暂不影响权重
2357273,1595,2026-08-30 07:17:52,30,0x325edd95bb016c36027ce3b9f7595af7094a9564,money_printer,P-G,46.653324926105306,0.65,33,27,6,0.7777777777777778,1.4654074205971968,2.4935852178432976,1.6533249261053038,31.249696969696963,13.636363636363637,40.0,3.6194984538676467,-3.1778891329800136,0.0,0.7878787878787878,"HYPE,LIT,ZEC,ETH,SOL",高杠杆/短线赌徒型，长期单降权
2357528,1595,2026-08-30 07:17:52,30,0x3286cd2bd1b67afbcbb6988bebd50229120092e1,smart_money,P-N,50.0,1.0,2,2,0,0.5,-0.3313512902466955,,-0.3313512902466955,47.499861111111116,15.0,20.0,1.1032943972491909,-2.3413634261690257,0.0,1.0,"BTC,HYPE",仓位样本不足，暂不影响权重
2357590,1595,2026-08-30 07:17:52,30,0x329c787b163a730bd7900df2beb3ff4fe4670375,smart_money,P-C,41.498798838223394,0.75,6,6,0,0.3333333333333333,0.02530983386014385,,0.02530983386014385,222.95032407407405,8.833333333333334,10.0,5.59574546715523,-1.9224645540857708,0.16666666666666666,0.8333333333333334,"HYPE,LIT",仓位收益偏弱，降权参考
2356460,1595,2026-08-30 07:17:52,30,0x32a501193fe8789b2093e03e698e5ca979c9cd92,money_printer,P-C,65.2279857837152,0.75,50,25,25,0.48,-0.2049321874701755,-5.704926256163299,-2.986007108142399,252.78978333333336,5.1,20.0,11.10197861954743,-16.45896669124821,0.5,0.22,"CASHCAT,ENA,LIT,PENGU,ZRO",仓位收益偏弱，降权参考
2357665,1595,2026-08-30 07:17:52,30,0x334ebb44fd8fccb9112983247443dfae5e448887,smart_money,P-N,50.0,1.0,2,2,0,1.0,8.820020142615029,,8.820020142615029,83.01375,10.0,10.0,16.04190015501325,0.0,0.0,1.0,"HYPE,LINK",仓位样本不足，暂不影响权重
2357475,1595,2026-08-30 07:17:52,30,0x335f45392f8d87745aaae68f5c192849afd9b60e,money_printer,P-G,44.88228308342921,0.65,28,27,1,0.2962962962962963,-0.12030113834238775,-0.04794292873763072,-0.11771691657078928,25.75049603174603,13.0,13.0,0.3580116204874789,-0.3838512006193289,0.0,1.0,BTC,高杠杆/短线赌徒型，长期单降权
2357401,1595,2026-08-30 07:17:52,30,0x339030695894d065719b8ee501459a467ef1388a,smart_money,P-B,69.57625550340727,1.0,230,229,1,0.5807860262008734,0.068815547722373,0.28822026230734377,0.06931248684698108,3.0037536231884054,4.947826086956522,20.0,0.3165586882303194,-0.26906702433747,0.02608695652173913,0.06086956521739131,"ETH,BTC",仓位表现普通有效
2357696,1595,2026-08-30 07:17:52,30,0x33c3b8bcd758f511b350374a63e1f880f40e0282,smart_money,P-N,50.0,1.0,1,1,0,0.0,-15.878194671016866,,-15.878194671016866,565.9997222222222,5.0,5.0,13.259017582019206,-15.878194671016866,0.0,0.0,DYDX,仓位样本不足，暂不影响权重
2356461,1595,2026-08-30 07:17:52,30,0x3440f23a87f1950e7a88cd248fd270e92d1132c5,money_printer,P-G,39.39767987880291,0.65,5,1,4,1.0,18.344640341527892,-27.11363754022617,-5.602320121197087,1070.150111111111,21.0,40.0,10.796562553529963,-27.476066196010247,0.0,1.0,"HYPE,BTC,ETH,SOL",高杠杆/短线赌徒型，长期单降权
2357663,1595,2026-08-30 07:17:52,30,0x34827044cbd4b808fc1b189fce9f50e6dafae7c9,smart_money,P-C,55.35491522696989,0.75,711,711,0,0.44022503516174405,-0.19877304755584813,,-0.19877304755584813,1.8157755117987213,5.582278481012659,20.0,0.8810341307311559,-1.0072355349313182,0.3909985935302391,0.25316455696202533,"KAITO,PUMP,ENA,VVV,XMR",仓位收益偏弱，降权参考
2356462,1595,2026-08-30 07:17:52,30,0x349bd094209d50280dfaca12779576c748395c15,money_printer,P-C,44.03089986991944,0.75,8,0,8,,,32.61504078832634,32.61504078832634,1219.6353124999998,8.5,20.0,68.19175634046107,-33.72613914661235,0.125,0.5,"HYPE,PUMP,PURR,SOL,TAO",仓位收益偏弱，降权参考
2357003,1595,2026-08-30 07:17:52,30,0x34fb5ec7d4e939161946340ea2a1f29254b893de,money_printer,P-G,45.20989600395415,0.65,1168,1132,36,0.5848056537102474,0.20253474629466142,1.8211318212227492,0.20989600395414848,24.965945585996987,11.31763698630137,20.0,1.4721510583113548,-1.3113429100614014,0.1053082191780822,0.723458904109589,"ETH,ZEC,BTC,HYPE,SOL",高杠杆/短线赌徒型，长期单降权
2356463,1595,2026-08-30 07:17:52,30,0x350e33a777d510616fbdb483d1de3b50d1edfcfb,money_printer,P-G,44.95488659357599,0.65,38,25,13,0.64,-0.03281026517701382,0.3353220696192896,-0.04511340642400694,219.80739035087717,14.052631578947368,20.0,5.127705693175324,-5.483973240565487,0.05263157894736842,0.8421052631578947,"BTC,HYPE,ETH,ZEC,SOL",高杠杆/短线赌徒型，长期单降权
2357450,1595,2026-08-30 07:17:52,30,0x351126a070c9cadef8064ddd7b2d289fc33163aa,smart_money,P-B,64.65891992305603,1.0,167,166,1,0.5120481927710844,0.00657525682129879,-0.058579210075626345,0.006575609749642571,4.383323353293412,3.6467065868263475,23.0,0.28155674372506684,-0.22496247425711513,0.7005988023952096,0.059880239520958084,ETH,仓位表现普通有效
2357431,1595,2026-08-30 07:17:52,30,0x352deb23bebae8b4c57d0ae341d9c1951fd8425a,smart_money,P-G,43.929107995733084,0.65,43,42,1,0.40476190476190477,-1.1081150241421094,0.4924748304910622,-1.0708920042669192,25.905258397932823,20.488372093023255,40.0,2.6890840632680377,-3.529688052540748,0.13953488372093023,0.7441860465116279,"BTC,FARTCOIN,TRUMP,ZEC,ACE",高杠杆/短线赌徒型，长期单降权
2357821,1595,2026-08-30 07:17:52,30,0x353bd2e5da5f01707dfad0dd86907561ac66cc38,smart_money,P-B,100.0,1.0,4,4,0,1.0,8.61965357611419,,8.61965357611419,581.0937500000001,6.25,10.0,13.18937724686595,-1.6243755678287646,0.0,0.25,"TAO,HYPE,ETH,BTC",仓位表现普通有效
2357804,1595,2026-08-30 07:17:52,30,0x354bcb431a332079950d2ce3a4698745e0f66425,smart_money,P-G,44.91641470421855,0.65,4,4,0,0.5,-0.08358529578144762,,-0.08358529578144762,256.1642361111111,10.0,10.0,1.300646052927035,-2.1949887389235934,0.0,1.0,PAXG,高杠杆/短线赌徒型，长期单降权
2356464,1595,2026-08-30 07:17:52,30,0x3595098878d3960158b77765f3b595228385d69a,money_printer,P-N,50.0,1.0,2,0,2,,,-15.588298989501173,5.274320795131485,1501.6758333333332,10.0,10.0,15.199704514054373,-38.812432929162924,0.0,1.0,"AAVE,SUI",仓位样本不足，暂不影响权重
2357385,1595,2026-08-30 07:17:52,30,0x35af6c00f4be09af7219192cf54edb9892b31428,smart_money,P-G,45.14446211132777,0.65,28,27,1,0.5555555555555556,0.22236705329471704,-2.199483282749352,0.1444621113277705,27.036329365079364,10.0,10.0,1.4594755144720941,-1.1643549206856056,0.0,1.0,HYPE,高杠杆/短线赌徒型，长期单降权
2357239,1595,2026-08-30 07:17:52,30,0x35c5c21decc15b99b9af370b3e97fd8e213bd29d,smart_money,P-G,45.232962452187216,0.65,50,48,2,0.8541666666666666,0.30836755945434496,-1.5767601222238448,0.23296245218721745,10.202227777777777,15.2,20.0,0.6939462473363177,-0.8996774476475283,0.0,1.0,"ZEC,SOL,BTC,HYPE,ETH",高杠杆/短线赌徒型，长期单降权
2356465,1595,2026-08-30 07:17:52,30,0x35d1151ef1aab579cbb3109e69fa82f94ff5acb1,money_printer,P-N,50.0,1.0,2,0,2,,,-75.71453886218156,-75.71453886218156,1501.6758333333332,10.0,10.0,25.748319818496462,-109.16868413618558,0.0,1.0,"FARTCOIN,PUMP",仓位样本不足，暂不影响权重
2357244,1595,2026-08-30 07:17:52,30,0x36076e4bfad9624d7feba562326fdfa2063ede23,smart_money,P-A,70.83395268264056,1.15,36,34,2,0.5588235294117647,1.3382283204389938,7.310344635906519,1.4692639230196283,29.308248456790125,7.638888888888889,25.0,4.5462149196174835,-1.99584477420579,0.1388888888888889,0.3611111111111111,"LIT,FARTCOIN,HYPE,ETH,XMR",仓位收益稳定，适合加权参考
2357134,1595,2026-08-30 07:17:52,30,0x362ad6209a5e904a5569f69884375809c5781d9f,smart_money,P-S,100.0,1.25,14,10,4,1.0,5.402739040496201,-1.562924561196075,3.695078599477965,107.64775793650793,4.857142857142857,6.0,6.5981156379582035,-3.965550861895685,0.0,0.0,"BTC,ZEC,ASTER,SOL,ADA",仓位收益、持仓周期、杠杆结构适合长期参考
2357394,1595,2026-08-30 07:17:52,30,0x362c5006ed0a405c35df4a138cb38d891f1a1a20,smart_money,P-G,45.027952447913094,0.65,91,90,1,0.4777777777777778,0.026817498886505076,0.24030363311938174,0.027952447913095216,3.077054334554335,14.835164835164836,20.0,0.2469444834922073,-0.20472973406661094,0.0,0.6043956043956044,BTC,高杠杆/短线赌徒型，长期单降权
2357297,1595,2026-08-30 07:17:52,30,0x36387781e2564f8ac6d0a79154441f24d4c28cab,smart_money,P-N,50.0,1.0,2,1,1,1.0,2.35940786092213,2.8712347375570624,2.6153212992395964,660.8311111111111,5.0,5.0,17.66685812375193,-0.027444755090111052,0.0,0.0,ETH,仓位样本不足，暂不影响权重
2357332,1595,2026-08-30 07:17:52,30,0x365e0c115f1ca1adcb42fd21142873493df7f880,smart_money,P-G,45.30416285644944,0.65,283,271,12,0.6051660516605166,0.32761065502086395,-0.20520209701923944,0.30416285644943675,32.88646937573615,13.321554770318022,30.0,2.1405375096907093,-1.7690978480492021,0.0,1.0,"NEAR,kPEPE,AVAX,SUI,ETH",高杠杆/短线赌徒型，长期单降权
2356466,1595,2026-08-30 07:17:52,30,0x367b98f500b7db1da1c9b1e7c2338f830823c097,smart_money,P-C,49.771212547196626,0.75,3,0,3,,,26.098734021662665,26.098734021662665,1448.6091666666664,3.6666666666666665,5.0,30.211730838736003,-19.344207555232813,0.6666666666666666,0.0,"BTC,ETH,HYPE",仓位收益偏弱，降权参考
2357502,1595,2026-08-30 07:17:52,30,0x368fa5b8582c72ca0ecfbc8469f1cbc13c7e2162,smart_money,P-N,50.0,1.0,2,2,0,0.5,0.02676656147213531,,0.02676656147213531,28.99902777777778,40.0,40.0,0.4008576819567287,-0.5587808343529064,0.0,1.0,BTC,仓位样本不足，暂不影响权重
2356467,1595,2026-08-30 07:17:52,30,0x369daedbefcb30b82154338c8fd613a70c60d251,money_printer,P-B,92.3013698630137,1.0,146,35,111,0.5142857142857142,3.3216591848575705,12.504847422960655,10.881006816390412,1054.713807077624,5.184931506849315,20.0,29.841820758168538,-17.68807064648775,0.4726027397260274,0.18493150684931506,"BANANA,PUMP,REZ,DYM,BOME",仓位表现普通有效
2356468,1595,2026-08-30 07:17:52,30,0x36ac01de9bc76c0d744b38c3e13a0538d55c7568,money_printer,P-C,61.96370868055273,0.75,10,6,4,0.5,-2.6833834082509447,-7.73338634572041,-3.018145659723638,467.64155555555556,5.0,10.0,21.322958498546676,-22.235733446823353,0.5,0.2,"CASHCAT,PURR,HYPE,XMR,APEX",仓位收益偏弱，降权参考
2357309,1595,2026-08-30 07:17:52,30,0x36c097864a03c7f0215c0d43165a734152a12e0b,smart_money,P-G,43.84341866342622,0.65,79,77,2,0.7272727272727273,-1.1953881046583157,0.33747923468090363,-1.1565813365737785,152.38300632911387,17.620253164556964,40.0,5.119561592837275,-5.957569469837376,0.11392405063291139,0.7848101265822784,"BTC,HYPE,SOL,CASHCAT,ETH",高杠杆/短线赌徒型，长期单降权
2357161,1595,2026-08-30 07:17:52,30,0x36e6dab460411e402aed071915a21f5c2ff9f223,smart_money,P-N,50.0,1.0,2,1,1,1.0,1.6269230769230838,-20.452517985611507,-9.412797454344211,102.50833333333333,10.0,10.0,1.6940693532227544,-13.69679302711677,0.0,1.0,ZEC,仓位样本不足，暂不影响权重
2356469,1595,2026-08-30 07:17:52,30,0x36f5e448c9cf0032551e58919cf4eabefcd742c1,smart_money,P-C,85.08526048295153,0.75,17,8,9,0.875,5.555268141959663,-7.80981302107923,-4.205202600709725,509.65937908496744,6.529411764705882,20.0,12.618686010360573,-21.20687472131306,0.4117647058823529,0.35294117647058826,"CASHCAT,LIT,HYPE,BTC,ZEC",仓位收益偏弱，降权参考
2356470,1595,2026-08-30 07:17:52,30,0x36fbd89b5aa130b53708a98e729ad726daaf1f86,money_printer,P-G,35.0,0.65,4,0,4,,,-25.43822254088891,-17.998650841955644,1501.6758333333332,20.0,40.0,21.48357368562462,-34.760244801559956,0.0,0.75,"BTC,ETH,HYPE,LIT",高杠杆/短线赌徒型，长期单降权
2356471,1595,2026-08-30 07:17:52,30,0x37283486c96d2b9690cb9296292e6e354ceffb4b,smart_money,P-C,13.771212547196626,0.75,3,2,1,0.0,-2.8101465406820676,-47.00015859836364,-17.540150559909257,509.89148148148143,4.333333333333333,5.0,0.0,-22.836446898056266,0.3333333333333333,0.0,"TRB,XMR,PUMP",仓位收益偏弱，降权参考
2356472,1595,2026-08-30 07:17:52,30,0x373753d4a354b34a23d04882a6ee64042f47a189,smart_money,P-G,65.0,0.65,8,0,8,,,35.1991016640415,31.555734943542,1279.2191319444446,11.875,20.0,50.20059499421865,-11.214734114393377,0.0,0.625,"BTC,ETH,LINK,SOL,ENA",高杠杆/短线赌徒型，长期单降权
2356473,1595,2026-08-30 07:17:52,30,0x37c9fe4d36d46a617539ccc67cc9d8f45ddd6a14,smart_money,P-N,50.0,1.0,1,0,1,,,-1.429525537842961,-1.4295255378429608,1501.6758333333332,2.0,2.0,32.04959055219797,-5.197775287027869,1.0,0.0,SOL,仓位样本不足，暂不影响权重
2357214,1595,2026-08-30 07:17:52,30,0x37cdea0c9af695a5629a75e28a20724a98147918,money_printer,P-B,58.6169564295853,1.0,4,3,1,0.6666666666666666,-3.649643962769836,12.808311587587548,0.4648449248195099,88.00493055555556,10.0,20.0,4.613037796922382,-5.369073188358451,0.0,0.5,"ZRO,XMR,BTC,UNI",仓位表现普通有效
2357540,1595,2026-08-30 07:17:52,30,0x3895d155b005191686476a39580d43258a518e46,smart_money,P-C,67.50889696601988,0.75,25,25,0,0.64,-0.7352515603502464,,-0.7352515603502464,15.801766666666666,5.92,25.0,2.0844281135762386,-2.4600337387848223,0.44,0.24,"BOME,W,PUMP,MON,CHIP",仓位收益偏弱，降权参考
2356474,1595,2026-08-30 07:17:52,30,0x39085c09de2350f6cad25cb664182791e6d6530a,smart_money,P-N,50.0,1.0,1,0,1,,,16.302487753748743,16.302487753748743,1501.6758333333332,10.0,10.0,37.82273417613211,0.0,0.0,1.0,BTC,仓位样本不足，暂不影响权重
2356475,1595,2026-08-30 07:17:52,30,0x392b3aa013bca178ae7f466e12a879044cec0d92,smart_money,P-C,46.114845837169774,0.75,6,0,6,,,39.45530746731364,39.673108556444895,1501.675833333333,8.333333333333334,20.0,60.00186559925695,-3.880543633762517,0.0,0.3333333333333333,"JTO,JUP,PUMP,PYTH,SOL",仓位收益偏弱，降权参考
2357022,1595,2026-08-30 07:17:52,30,0x39475d17bcd20adc540e647dae6781b153fbf3b1,money_printer,P-G,45.33439382342521,0.65,1258,1221,37,0.5962325962325963,0.3319315168196043,1.9298279297965677,0.33439382342521046,23.65079270446919,10.970588235294118,20.0,1.5790214576991166,-1.2521273430136732,0.037360890302066775,0.7702702702702703,"ZEC,FARTCOIN,ETH,HYPE,BTC",高杠杆/短线赌徒型，长期单降权
2357219,1595,2026-08-30 07:17:52,30,0x397a1e5049e06e30ebbf0e90a1724425eae3a85b,smart_money,P-N,50.0,1.0,1,0,1,,,11.97652537237265,12.01527135912972,158.99944444444444,5.0,5.0,15.843778904730001,-3.1432398813510685,0.0,0.0,ETHFI,仓位样本不足，暂不影响权重
2357796,1595,2026-08-30 07:17:52,30,0x399d7adeecc4f5e83891d3ca03d588155765459d,money_printer,P-N,50.0,1.0,2,2,0,1.0,50.166474471557905,,50.166474471557905,1067.6625,15.0,20.0,55.88512580306903,0.0,0.0,1.0,"XRP,kPEPE",仓位样本不足，暂不影响权重
2357369,1595,2026-08-30 07:17:52,30,0x39a04e90140793ec048323284425cd2ff53480d6,smart_money,P-A,89.7860466413807,1.15,30,29,1,0.6206896551724138,6.254261439582687,-3.0844597771695272,5.949945782724211,132.27735185185182,6.633333333333334,40.0,18.031977938576524,-3.801154501186809,0.5,0.36666666666666664,"HYPE,LIT,VVV,ENA,FARTCOIN",仓位收益稳定，适合加权参考
2357542,1595,2026-08-30 07:17:52,30,0x39b07015ca813075bbce6f475767d5b4b9d518b0,smart_money,P-C,57.68352429057547,0.75,22,22,0,0.4090909090909091,3.6751032866312516,,3.6751032866312516,53.54863636363635,8.0,10.0,14.387848491474426,-4.109143814990409,0.13636363636363635,0.6363636363636364,"ZEC,BTC,CASHCAT,ETH,LINK",仓位收益偏弱，降权参考
2356476,1595,2026-08-30 07:17:52,30,0x39bac00809cae627f52e4a82f95f4f67d5b269bd,money_printer,P-B,73.78843444869011,1.0,416,354,62,0.5790960451977402,0.17860289353543343,-0.34301885614051075,0.12104795011645472,173.5228525641026,7.810096153846154,20.0,5.397608032857308,-5.389897368375402,0.12740384615384615,0.4495192307692308,"PUMP,ENA,HYPE,ZEC,NEAR",仓位表现普通有效
2356477,1595,2026-08-30 07:17:52,30,0x39be8fad61f5fa0cdfa2fc97c30a59833f58705d,smart_money,P-A,88.11655889650132,1.15,61,43,18,0.627906976744186,7.688520599402322,-1.381811633796949,5.507764770400871,574.6689480874315,7.475409836065574,20.0,11.951632882615979,-6.112085608100303,0.11475409836065574,0.4426229508196721,"SPX,XMR,BCH,AVAX,ADA",仓位收益稳定，适合加权参考
2356478,1595,2026-08-30 07:17:52,30,0x3a0d3e46c87ab14986d71aaf55f665a9ff8ad197,smart_money,P-N,50.0,1.0,1,0,1,,,63.988520832925225,63.988520832925225,1501.6758333333332,10.0,10.0,71.06211678975102,-26.973104272365767,0.0,1.0,ZEC,仓位样本不足，暂不影响权重
2357833,1595,2026-08-30 07:17:52,30,0x3a122449de235a40481689442271c0731b805d69,money_printer,P-N,50.0,1.0,2,2,0,0.5,-1.2279519882504786,,-1.2279519882504786,167.20972222222224,30.0,40.0,3.8183675009120277,-1.447528466613398,0.0,1.0,"BTC,ETH",仓位样本不足，暂不影响权重
2356479,1595,2026-08-30 07:17:52,30,0x3a316081b54eb22529fa983a9d048e229ab91aba,smart_money,P-N,50.0,1.0,1,0,1,,,-5.124898408796287,-5.124898408796287,1501.6758333333332,20.0,20.0,21.904742713979623,-8.452388148924308,0.0,1.0,BTC,仓位样本不足，暂不影响权重
2356480,1595,2026-08-30 07:17:52,30,0x3a35a3f97e9e317cebee6906d9232a9653e73d69,smart_money,P-N,50.0,1.0,1,0,1,,,-26.729554655870448,-26.72955465587045,1501.6758333333332,5.0,5.0,5.85506072874494,-30.74089068825911,0.0,0.0,BTC,仓位样本不足，暂不影响权重
2357737,1595,2026-08-30 07:17:52,30,0x3a732cb2ab4495ec52f1ca4c42b5f6b6c83ef6dd,smart_money,P-G,42.04238606770055,0.65,3,3,0,0.3333333333333333,-2.957613932299451,,-2.957613932299451,5.665555555555556,30.0,40.0,0.3525895827812622,-3.3322863699521874,0.0,1.0,"BTC,ENA",高杠杆/短线赌徒型，长期单降权
2356927,1595,2026-08-30 07:17:52,30,0x3a94ec43996178f7013988358f58baf18a4cc707,smart_money,P-R,25.0,-0.8,7,6,1,0.3333333333333333,-6.642884183855031,29.75734012002051,-2.7621640797531435,359.0003174603175,10.857142857142858,40.0,9.189603200103587,-9.29591483801651,0.2857142857142857,0.42857142857142855,"PURR,UNI,LIT,BTC,ASTER",仓位真实收益偏反向，可作为反向参考
2357126,1595,2026-08-30 07:17:52,30,0x3aacc9d745031ea9d4348242f227e35c8dfb434f,smart_money,P-A,93.64393661937163,1.15,20,19,1,0.7368421052631579,4.3501298180845795,-2.9259156474538717,4.027344647155381,171.90495833333335,6.3,20.0,10.849114373974874,-3.4446753331427047,0.6,0.3,"PUMP,BTC,HYPE,ZEC,CASHCAT",仓位收益稳定，适合加权参考
2357395,1595,2026-08-30 07:17:52,30,0x3ac9b030594c1ef23a3e8fed9f62356b7bf98bf6,smart_money,P-C,55.77629290366819,0.75,74,73,1,0.4246575342465753,-0.08575110780473763,0.24762304931196266,-0.08297535490414935,3.7568393393393387,8.932432432432432,20.0,0.17169478077251357,-0.292878871322712,0.0,0.1891891891891892,BTC,仓位收益偏弱，降权参考
2357396,1595,2026-08-30 07:17:52,30,0x3b11267dfc4b9ebe8427e8f557056b4b6ce98112,money_printer,P-G,45.795743137498384,0.65,7,6,1,1.0,1.0583305052312666,-0.7797810688989054,0.7957431374983848,16.00174603174603,20.0,20.0,0.9765848160951395,-0.8677939734791382,0.0,1.0,BTC,高杠杆/短线赌徒型，长期单降权
2357634,1595,2026-08-30 07:17:52,30,0x3b3d9656b93d21729e15e0bc3566dd4fd1e5b464,smart_money,P-B,100.0,1.0,4,4,0,1.0,5.149240796056764,,5.149240796056764,971.2450694444444,7.0,10.0,25.7452627173802,-0.010694078073251194,0.0,0.5,"BTC,ETH,XRP",仓位表现普通有效
2356973,1595,2026-08-30 07:17:52,30,0x3b883b85fd41b81ef23b6041248bc6ac0b1c04a7,money_printer,P-G,37.078306094894955,0.65,14,11,3,0.45454545454545453,-6.637793267031224,-13.06725363547234,-7.921693905105045,462.4929166666667,14.285714285714286,30.0,7.056850648287777,-18.932788284010993,0.0,1.0,"SUI,ETH,HYPE,BTC,ZEC",高杠杆/短线赌徒型，长期单降权
2357346,1595,2026-08-30 07:17:52,30,0x3bbe8e02f72b10c9698a6e4375b5a19e53fc5b40,smart_money,P-A,91.87648540369293,1.15,32,31,1,0.6451612903225806,1.4142787323732318,-0.3995194057737417,1.3575975405561387,26.436267361111117,1.0,1.0,2.9828576957335384,-2.464646363321477,1.0,0.0,"ENA,HYPE,ZEC,PUMP,ETH",仓位收益稳定，适合加权参考
2357267,1595,2026-08-30 07:17:52,30,0x3bcae23e8c380dab4732e9a159c0456f12d866f3,money_printer,P-G,45.56241828060895,0.65,180,173,7,0.6127167630057804,0.6810488247332909,-2.5415795772778518,0.5624182806089489,18.757263888888883,19.144444444444446,40.0,2.106556010138621,-1.9136668936112105,0.03333333333333333,0.8611111111111112,"ETH,BTC,HYPE,PUMP,SOL",高杠杆/短线赌徒型，长期单降权
2356481,1595,2026-08-30 07:17:52,30,0x3c165893deaaf04ac79f4f959594747b6ef77e92,smart_money,P-R,25.0,-0.8,46,33,13,0.36363636363636365,-2.218366098637026,1.292668610417251,-1.2085438468166934,212.5482487922705,5.804347826086956,10.0,7.784060830229045,-12.407810435770866,0.30434782608695654,0.2826086956521739,"GRASS,ENA,ZRO,SKY,BOME",仓位真实收益偏反向，可作为反向参考
2357681,1595,2026-08-30 07:17:52,30,0x3c363e96d22c056d748f199fb728fc80d70e461a,money_printer,P-N,50.0,1.0,1,1,0,1.0,3.5362364418924463,,3.5362364418924463,13.002222222222223,10.0,10.0,4.190571982798424,-4.057831193401293,0.0,1.0,BCH,仓位样本不足，暂不影响权重
2357601,1595,2026-08-30 07:17:52,30,0x3c37dc9b5d4c60d404ec834987c106510d03442f,smart_money,P-C,69.71227288116876,0.75,39,39,0,0.46153846153846156,-0.2977097132617795,,-0.2977097132617795,14.41416666666667,1.0,1.0,1.8740608363201539,-8.692540978181697,1.0,0.0,"BOME,ETH,CASHCAT,TRUMP,MELANIA",仓位收益偏弱，降权参考
2357526,1595,2026-08-30 07:17:52,30,0x3c516f085e94177eaf0bdfb5b5eb1ab71052d064,smart_money,P-B,48.7910200055523,1.0,22,22,0,0.5454545454545454,0.6379420532105788,,0.6379420532105788,17.95619949494949,9.772727272727273,10.0,1.907352963037681,-0.922414016351729,0.0,0.9545454545454546,"ZEC,BTC,ETHFI",仓位表现普通有效
2357251,1595,2026-08-30 07:17:52,30,0x3c868417d2981ef278b8a01011487d7e80aee547,smart_money,P-C,29.48215390383576,0.75,4,1,3,0.0,-1.3728017428514225,-2.57807837072809,-2.769223004721933,69.25284722222223,2.5,3.0,3.4105445582107006,-4.30731337238324,1.0,0.0,"SKY,BNB,ENA,BTC",仓位收益偏弱，降权参考
2356482,1595,2026-08-30 07:17:52,30,0x3ca146d2692f61746a28fa926dc9d18086ce37c6,money_printer,P-C,70.8962322568543,0.75,159,98,61,0.5612244897959183,-0.07168339840150689,-3.3731603124493934,-0.9180114546815602,507.20858665269,7.528301886792453,20.0,11.506793691057814,-12.415941047063527,0.18238993710691823,0.4276729559748428,"kPEPE,TRUMP,PUMP,ENA,HYPE",仓位收益偏弱，降权参考
2357042,1595,2026-08-30 07:17:52,30,0x3d5f1ad033c4e7c6a6d433d50d694c488dcaebcf,smart_money,P-G,45.962780287188636,0.65,13,7,6,0.42857142857142855,-1.6427965479591085,4.872666130513811,0.9627802871886362,175.16010683760683,10.615384615384615,40.0,7.979444322336222,-7.466467405360094,0.07692307692307693,0.6923076923076923,"kPEPE,HYPE,LIT,PENGU,BTC",高杠杆/短线赌徒型，长期单降权
2357032,1595,2026-08-30 07:17:52,30,0x3d89bcea338f35edfaeb313b1c713978c6dceb14,smart_money,P-C,69.08077181788049,0.75,27,23,4,0.6086956521739131,-0.7020218021942521,-0.7037333269631014,-0.7541140712749903,92.84389917695472,9.62962962962963,20.0,3.9509106507835305,-8.069574139322482,0.07407407407407407,0.6666666666666666,"HYPE,XRP,BNB,NEAR,LINK",仓位收益偏弱，降权参考
2357316,1595,2026-08-30 07:17:52,30,0x3daf7f1cfd1c289e9b2fb7abb2efbd39f77455d7,smart_money,P-N,50.0,1.0,1,0,1,,,2.528928349147083,2.528928349147083,63.0025,10.0,10.0,19.22861969541086,-1.6817182994830266,0.0,1.0,ENA,仓位样本不足，暂不影响权重
2356483,1595,2026-08-30 07:17:52,30,0x3dc908374e11623d8eb9f07dfc7a2e5e803a54b0,money_printer,P-C,81.25390993512796,0.75,7,1,6,1.0,0.10980578496123229,-10.27542786061271,-4.955678089650158,876.3867063492063,8.285714285714286,10.0,14.980529011443831,-15.852132317716297,0.14285714285714285,0.7142857142857143,"HYPE,LINK,VVV,AAVE,XMR",仓位收益偏弱，降权参考
2356484,1595,2026-08-30 07:17:52,30,0x3dd02db82fce1f4ad2daec0694fc7ab81b0d9218,smart_money,P-N,50.0,1.0,1,0,1,,,-88.44913534527207,-88.44913534527207,1501.6758333333332,1.0,1.0,0.0,-90.39621558645024,1.0,0.0,XPL,仓位样本不足，暂不影响权重
2357792,1595,2026-08-30 07:17:52,30,0x3dd462347e7b42b5a3ea15132b677a4978af7a81,smart_money,P-B,100.0,1.0,3,3,0,0.6666666666666666,9.845459362713477,,9.845459362713477,580.4041666666667,2.6666666666666665,6.0,21.950440901201542,-9.343553196294799,0.6666666666666666,0.0,"GRASS,CASHCAT,HYPE",仓位表现普通有效
2356485,1595,2026-08-30 07:17:52,30,0x3e02519a47cef3d4464944c4815fad9e5837e767,money_printer,P-C,64.07462449091723,0.75,34,20,14,0.5,-5.343553531470407,-1.442240539068978,-2.933275989835502,371.51745915032683,6.0588235294117645,10.0,15.097538791553331,-21.518559064582035,0.35294117647058826,0.35294117647058826,"CASHCAT,HYPE,LIT,ZEC,PURR",仓位收益偏弱，降权参考
2357322,1595,2026-08-30 07:17:52,30,0x3e051c89cd06e6867ce98c758fcc665d2148e1bb,smart_money,P-G,44.726387700045315,0.65,284,259,25,0.39768339768339767,-0.45351593163270376,1.5677927796469626,-0.27361229995468783,23.44876467136151,12.193661971830986,25.0,2.919243119881871,-2.136520939710583,0.09154929577464789,0.704225352112676,"BTC,ETH,HYPE,SOL,ZEC",高杠杆/短线赌徒型，长期单降权
2357561,1595,2026-08-30 07:17:52,30,0x3e252899d87a354e8bfa4bd8b62325549b5714da,smart_money,P-B,78.79019128978129,1.0,10,10,0,0.5,4.395095644890642,,4.395095644890642,132.7215833333333,3.3,10.0,11.381740875571435,-3.241854991838345,0.9,0.1,"ETH,HYPE,BTC,ENA,XRP",仓位表现普通有效
2357729,1595,2026-08-30 07:17:52,30,0x3e41a8fa0032d635f02201053f1a5aa2a6967c81,smart_money,P-A,82.67669190372982,1.15,12,12,0,0.5833333333333334,2.025773054960115,,2.025773054960115,384.1586574074074,3.0833333333333335,4.0,14.178359926790833,-6.0028372107187105,0.9166666666666666,0.0,"BTC,ZEC,HYPE,ETH,LIT",仓位收益稳定，适合加权参考
2357670,1595,2026-08-30 07:17:52,30,0x3e6805e8694bb2b717a828c1bfa32df5d6580cc9,smart_money,P-N,50.0,1.0,1,1,0,0.0,-2.7158098933074757,,-2.7158098933074757,14.999722222222223,1.0,1.0,1.2415130940834107,-3.60814742967993,1.0,0.0,PUMP,仓位样本不足，暂不影响权重
2356486,1595,2026-08-30 07:17:52,30,0x3e781befd071c59d820725f70ce109298f750706,smart_money,P-C,71.91578034368382,0.75,10,2,8,1.0,4.077454639490353,-10.672385013473622,-6.542109828158087,1461.772472222222,11.5,40.0,11.737509995532413,-25.760948951316788,0.2,0.5,"ARB,BTC,ETH,HYPE,LDO",仓位收益偏弱，降权参考
2356487,1595,2026-08-30 07:17:52,30,0x3e8734ec146c981e3ed1f6b582d447dde701d90c,smart_money,P-N,50.0,1.0,1,0,1,,,-158.3170284743303,-156.39556156415014,1501.6758333333332,3.0,3.0,0.0,-167.54800760307717,1.0,0.0,HYPE,仓位样本不足，暂不影响权重
2356488,1595,2026-08-30 07:17:52,30,0x3ee505ba316879d246a8fd2b3d7ee63b51b44fab,money_printer,P-B,100.0,1.0,8,2,6,1.0,65.89312855165434,34.552303487893305,42.63445952799625,1289.589270833333,9.75,20.0,57.44070427285698,-12.880681557460317,0.125,0.5,"LIT,AAVE,HYPE,SKY,SOL",仓位表现普通有效
2356489,1595,2026-08-30 07:17:52,30,0x3f1647d33707830e088e9cb6aa791017a1dfdf84,smart_money,P-N,50.0,1.0,1,0,1,,,52.68831244196844,49.84392551603216,1501.6758333333332,20.0,20.0,58.360898328690816,0.0,0.0,1.0,SOL,仓位样本不足，暂不影响权重
2356490,1595,2026-08-30 07:17:52,30,0x3f1c0f2130158c4ff45acd214fd81b37441a9ab5,smart_money,P-G,36.18496593856367,0.65,3,1,2,1.0,4.512438207834886,-16.006531069574827,-8.81503406143633,856.4503703703704,35.0,40.0,10.58390111662697,-13.306522225436284,0.0,1.0,"BTC,ETH",高杠杆/短线赌徒型，长期单降权
2357129,1595,2026-08-30 07:17:52,30,0x3faf35a220e0d6a3bc3cce4ca54454aba68cfd6a,smart_money,P-G,45.346736843681775,0.65,47,38,9,0.3157894736842105,0.39487331896349126,1.3227774486522663,0.3467368436817765,108.70570330969268,17.21276595744681,40.0,4.2840355008507585,-3.574560102402562,0.1702127659574468,0.6595744680851063,"ETH,KAITO,BTC,ACE,BNB",高杠杆/短线赌徒型，长期单降权
2357277,1595,2026-08-30 07:17:52,30,0x3fb5da839710949169d716d95800ff6316b3286f,smart_money,P-N,50.0,1.0,1,0,1,,,-4.0686712315173095,-4.0686712315173095,101.00333333333333,5.0,5.0,8.36062320134961,-5.7854520194502355,0.0,0.0,FARTCOIN,仓位样本不足，暂不影响权重
2356491,1595,2026-08-30 07:17:52,30,0x3fc56e944aa7b1594c85861b2d46a07f82a2c0c1,money_printer,P-A,80.6958933772124,1.15,47,41,6,0.5853658536585366,1.1807098212976856,1.896065890691389,1.4133332999191224,117.85281914893623,5.851063829787234,40.0,5.375377706515288,-3.9831255110767314,0.6382978723404256,0.2553191489361702,"PURR,MON,NEAR,KAITO,BTC",仓位收益稳定，适合加权参考
2357046,1595,2026-08-30 07:17:52,30,0x3fe1303b746bb9c88b30f364a6394261b4692943,money_printer,P-A,95.6975665365861,1.15,8,3,5,0.6666666666666666,7.789285166524756,11.125437625889887,9.874380453627962,173.50715277777778,6.0,10.0,18.7271673226729,-5.268539441912214,0.375,0.25,"HYPE,MORPHO,CHIP,SKY,VVV",仓位收益稳定，适合加权参考
2357108,1595,2026-08-30 07:17:52,30,0x3ff54fd26855db3758d0b5ae7aed47440c47f705,money_printer,P-G,45.029905817620566,0.65,46,45,1,0.4888888888888889,0.03787792208476527,0.29584253328865173,0.029905817620566776,16.065428743961355,13.0,13.0,0.42548017322778003,-0.3948542291486653,0.0,1.0,BTC,高杠杆/短线赌徒型，长期单降权
2357851,1595,2026-08-30 07:17:52,30,0x402cf0cac36c6faa342b8379d77111e158fe75d0,smart_money,P-N,50.0,1.0,1,1,0,0.0,-3.4732703019146425,,-3.4732703019146425,10.996666666666666,5.0,5.0,2.6448831527440273,-3.4732703019146425,0.0,0.0,UNI,仓位样本不足，暂不影响权重
2356492,1595,2026-08-30 07:17:52,30,0x404ca2035b37bf2e83505134ebcf8d03babb5f03,money_printer,P-G,38.879337135283976,0.65,18,0,18,,,-7.713782055159527,-6.120662864716023,1375.9358179012347,10.555555555555555,40.0,24.784162275017515,-26.816538692885818,0.0,0.6666666666666666,"AAVE,ASTER,AVAX,BCH,BNB",高杠杆/短线赌徒型，长期单降权
2357352,1595,2026-08-30 07:17:52,30,0x4058fc96c3477729095901ef3f888be60247757b,smart_money,P-N,50.0,1.0,2,1,1,0.0,-10.426122281698184,1.236445418197969,-4.594838431750108,736.3381944444444,5.0,5.0,10.937953802095231,-6.215990455007238,0.0,0.0,BTC,仓位样本不足，暂不影响权重
2357645,1595,2026-08-30 07:17:52,30,0x408d807d1dbb778f59a9c088e56d4c27bdd362ac,smart_money,P-G,45.09394430891994,0.65,39,39,0,0.5384615384615384,0.09394430891993642,,0.09394430891993642,3.178917378917379,21.307692307692307,30.0,0.43896500324719495,-0.3340088167673942,0.05128205128205128,0.9487179487179487,"BTC,ETH,HYPE,SOL,LINK",高杠杆/短线赌徒型，长期单降权
2356493,1595,2026-08-30 07:17:52,30,0x40e494cdd7f6ee95449e06a74b767fb93c3623c5,smart_money,P-G,57.75535946268606,0.65,3,2,1,0.5,14.583140340354106,3.2899742744302296,12.755359462686059,1032.454537037037,18.333333333333332,40.0,28.944751253054744,-1.5366470278990292,0.0,0.6666666666666666,"MON,BTC,DOGE",高杠杆/短线赌徒型，长期单降权
2356494,1595,2026-08-30 07:17:52,30,0x40ebad3d5648f1e542376c0e7152bd4018c9ce35,smart_money,P-C,10.020599913279625,0.75,4,0,4,,,-28.563978449018283,-24.39197173648328,1188.5113194444446,8.25,20.0,22.96947946156843,-44.56917615640313,0.25,0.25,"FARTCOIN,HYPE,PURR,ETH",仓位收益偏弱，降权参考
2356495,1595,2026-08-30 07:17:52,30,0x40fb8cab1c759e43bce58efc8fc9e948645488a7,smart_money,P-N,50.0,1.0,1,0,1,,,-1.6543920119688298,-1.6543920119688298,1501.6758333333332,20.0,20.0,54.71267707954958,-4.716856365875638,0.0,1.0,ETH,仓位样本不足，暂不影响权重
2356496,1595,2026-08-30 07:17:52,30,0x4101ce19ee81f24da894976e585f1e79119dbd93,smart_money,P-C,45.3702027538376,0.75,13,0,13,,,21.258236236477497,19.998900654720252,1402.625064102564,9.0,20.0,40.64278542858207,-7.786030658209568,0.15384615384615385,0.5384615384615384,"AERO,AVAX,BNB,BTC,ETH",仓位收益偏弱，降权参考
2357658,1595,2026-08-30 07:17:52,30,0x4112f219d4f9ea0890b5eb9b915b15521363fddf,smart_money,P-B,46.57557231350024,1.0,4,4,0,0.5,-0.22251379988969333,,-0.22251379988969333,37.50069444444444,9.5,15.0,6.281903462366837,-7.292848062345875,0.25,0.75,"MOVE,BNB,BTC,ETH",仓位表现普通有效
2356497,1595,2026-08-30 07:17:52,30,0x41206f8efb51e5039e5b46e04e7866a4849f72d2,money_printer,P-N,50.0,1.0,2,0,2,,,19.336355726206595,19.336355726206595,1501.6758333333332,32.5,40.0,44.21073226528812,0.0,0.0,1.0,"BTC,ETH",仓位样本不足，暂不影响权重
2357031,1595,2026-08-30 07:17:52,30,0x413c7a0a3489563350219bc96965a7da02f0fffc,smart_money,P-A,79.47556796832424,1.15,42,33,9,0.6060606060606061,2.2056953137849034,5.442612317216837,3.001853248231385,89.33541666666667,7.904761904761905,17.0,8.262982290591914,-4.441155128465535,0.30952380952380953,0.5476190476190477,"FARTCOIN,CASHCAT,PUMP,BOME,BTC",仓位收益稳定，适合加权参考
2357592,1595,2026-08-30 07:17:52,30,0x41829013ce94b21131b68d5a7b0247bd4eefce96,smart_money,P-G,44.943751909601005,0.65,3,3,0,0.3333333333333333,-0.05624809039899451,,-0.05624809039899451,867.7728703703702,10.0,10.0,19.76698929498502,-3.706565714525682,0.0,1.0,"ETH,BTC,SOL",高杠杆/短线赌徒型，长期单降权
2356498,1595,2026-08-30 07:17:52,30,0x418aa6bf98a2b2bc93779f810330d88cde488888,money_printer,P-G,46.71370422933925,0.65,8,5,3,0.8,0.7987302467725659,-0.7593299409107533,1.7137042293392502,553.5029166666666,30.0,40.0,9.302472410383867,-4.289896606587764,0.0,0.875,"BTC,BNB,ENA,ETH",高杠杆/短线赌徒型，长期单降权
2357822,1595,2026-08-30 07:17:52,30,0x4196dc4a1dc7d3bfd5434adf04c829f4ccaf480d,money_printer,P-N,50.0,1.0,2,2,0,0.5,-23.573430679282563,,-23.573430679282563,908.6644444444445,10.0,10.0,18.446679438058748,-58.137206331773484,0.0,1.0,"FARTCOIN,HYPE",仓位样本不足，暂不影响权重
2356499,1595,2026-08-30 07:17:52,30,0x4208020376ed59106cbd45434a3919714bc3a722,smart_money,P-G,39.95264252149393,0.65,6,2,4,0.0,-7.094255599130676,-14.803106709855799,-5.047357478506075,938.3396296296296,25.833333333333332,40.0,15.73194561349962,-19.633578668501816,0.0,1.0,"BTC,SOL,ETH,HYPE",高杠杆/短线赌徒型，长期单降权
2356500,1595,2026-08-30 07:17:52,30,0x420ab45e0bd8863569a5efbb9c05d91f40624641,smart_money,P-G,59.36403750884356,0.65,3,0,3,,,14.36403750884356,14.36403750884356,1501.6758333333335,20.0,20.0,41.430325942080735,0.0,0.0,1.0,"BTC,ETH,SOL",高杠杆/短线赌徒型，长期单降权
2357776,1595,2026-08-30 07:17:52,30,0x4221ae35dd1c468fea6fa034ffcd6360100f0eaa,smart_money,P-G,45.41445437365731,0.65,3,3,0,0.6666666666666666,0.4144543736573046,,0.4144543736573046,1204.6691666666666,20.0,20.0,11.986490889508119,-5.10587639780477,0.0,1.0,"BTC,ETH,SOL",高杠杆/短线赌徒型，长期单降权
2356501,1595,2026-08-30 07:17:52,30,0x422f1f07f40f11bac71db4f520dd0ea1ff20f2c4,money_printer,P-R,25.0,-0.8,6,0,6,,,-20.234037156476404,-20.234037156476404,1501.675833333333,7.666666666666667,20.0,38.34898192573622,-51.58566295946262,0.3333333333333333,0.3333333333333333,"BTC,FARTCOIN,GRIFFAIN,LIT,STBL",仓位真实收益偏反向，可作为反向参考
2357443,1595,2026-08-30 07:17:52,30,0x42351635d3e18bebbed4d119da64607d765ae877,smart_money,P-N,50.0,1.0,2,1,1,0.0,-17.213173666755562,1.3607982621130712,-7.926187702321245,28.5025,3.0,3.0,3.3979743253730037,-15.338378557089921,1.0,0.0,CASHCAT,仓位样本不足，暂不影响权重
2357534,1595,2026-08-30 07:17:52,30,0x427070e33d630b0476bedba5d53db224913eb946,smart_money,P-A,94.82659559789325,1.15,20,20,0,0.75,3.158147820626719,,3.158147820626719,14.55011111111111,1.75,5.0,6.788819209964314,-4.169658039429306,0.95,0.0,"CASHCAT,DOGE,LIT,PUMP,XPL",仓位收益稳定，适合加权参考
2356502,1595,2026-08-30 07:17:52,30,0x42bc06d636e9a9a93edb1ddf781ee97821a73946,smart_money,P-N,50.0,1.0,1,0,1,,,-40.46468887258993,-40.46468887258993,1501.6758333333332,10.0,10.0,20.156298600311036,-45.4842054680189,0.0,1.0,HYPE,仓位样本不足，暂不影响权重
2357370,1595,2026-08-30 07:17:52,30,0x42fd5648cf21c158d15e4f58785760755b3f6623,smart_money,P-B,91.0631591815739,1.0,28,25,3,0.76,1.7039590696887483,3.381020239555021,1.7672180055044215,79.64812499999998,8.214285714285714,20.0,4.005965490726786,-1.9305148997389459,0.35714285714285715,0.35714285714285715,"BTC,HYPE,ETH,ZEC,PUMP",仓位表现普通有效
2357550,1595,2026-08-30 07:17:52,30,0x435ea5582e97b68468fd1e8472b230037cf38003,smart_money,P-R,25.0,-0.8,5,5,0,0.2,-2.2125949893035846,,-2.2125949893035846,32.603722222222224,6.4,10.0,4.6128544748839015,-4.886016794816346,0.4,0.4,"ENA,BTC,TAO",仓位真实收益偏反向，可作为反向参考
2357084,1595,2026-08-30 07:17:52,30,0x44871d62caaeb8b91777be8aae0e23ee68b4c92d,money_printer,P-G,45.05887896926658,0.65,32,31,1,0.6129032258064516,0.10756945879235771,0.7997644667430238,0.05887896926657728,22.531684027777782,10.0,10.0,0.653138686892851,-0.6973559785294094,0.0,1.0,ETH,高杠杆/短线赌徒型，长期单降权
2357386,1595,2026-08-30 07:17:52,30,0x44a709e254ac9f54bbd37a1d6388da5ddcb57c7a,smart_money,P-B,78.75940195905176,1.0,53,51,2,0.6862745098039216,0.7554657083396958,1.7496488331998314,0.7563195514829685,31.891001048218033,6.69811320754717,10.0,2.804173942957145,-1.27169369354209,0.0,0.33962264150943394,"MORPHO,HBAR,ICP,kSHIB,TAO",仓位表现普通有效
2356503,1595,2026-08-30 07:17:52,30,0x44c9c226cdfae773002b3f86d3966af3cd8f277c,money_printer,P-C,56.51655449601894,0.75,46,9,37,0.4444444444444444,3.175494868080827,-7.577199832012061,-5.471191351024346,922.9530676328505,5.8478260869565215,20.0,16.23259700610588,-22.07453540315174,0.391304347826087,0.2826086956521739,"AIXBT,BCH,EIGEN,ETC,HMSTR",仓位收益偏弱，降权参考
2357706,1595,2026-08-30 07:17:52,30,0x44f3abaf092be39d7bd6ebcabe4d3cdd3d804c1f,smart_money,P-N,50.0,1.0,1,1,0,0.0,-12.326633436671717,,-12.326633436671717,1264.9386111111112,40.0,40.0,3.766760470120841,-15.082064366957054,0.0,1.0,BTC,仓位样本不足，暂不影响权重
2357358,1595,2026-08-30 07:17:52,30,0x44f4f40d7c82447b2d23c2e537703016874ffab0,smart_money,P-G,44.281327846742286,0.65,3,2,1,0.5,-1.8769273282466028,1.5978381967200712,-0.7186721532577115,154.66833333333332,30.0,40.0,2.497635839336177,-5.964231723390533,0.0,1.0,"BTC,HYPE",高杠杆/短线赌徒型，长期单降权
2357830,1595,2026-08-30 07:17:52,30,0x45246498353a9e3ca808b67567e238865350fc10,smart_money,P-B,100.0,1.0,4,4,0,1.0,20.79771959386771,,20.79771959386771,834.6597222222222,5.0,5.0,31.89179122169649,-3.551428169410442,0.0,0.0,"LDO,COMP,FET,CFX",仓位表现普通有效
2357057,1595,2026-08-30 07:17:52,30,0x4537e1a5b7bcadd39f6d6211cb757ce431798732,smart_money,P-B,63.23945206355693,1.0,27,25,2,0.56,0.46572204125530703,-1.5650673805860966,0.25179609987241747,82.46998971193419,9.222222222222221,10.0,1.8795629978849022,-3.4279084910974977,0.1111111111111111,0.8888888888888888,"XRP,MEGA",仓位表现普通有效
2357621,1595,2026-08-30 07:17:52,30,0x4588595ee0047982cd5ca4a82ab69c3174fbc832,smart_money,P-B,67.94783421073348,1.0,61,61,0,0.5409836065573771,0.039490875858541025,,0.039490875858541025,1.869075591985428,5.0,5.0,0.24641432338236854,-0.18009232089240598,0.0,0.0,BTC,仓位表现普通有效
2357241,1595,2026-08-30 07:17:52,30,0x45974824c1c4e4d797aa8d057a5499b46cdefe33,money_printer,P-G,45.00602939899676,0.65,6,4,2,0.75,0.3317997516977659,-0.24525797480505784,0.006029398996757122,339.4696759259259,25.0,40.0,9.36028532624725,-10.306181141740801,0.0,1.0,"HYPE,BTC",高杠杆/短线赌徒型，长期单降权
2357772,1595,2026-08-30 07:17:52,30,0x45b440e5992994caf591bd5fa4ff4a471a531b00,smart_money,P-G,44.80208474875612,0.65,8,8,0,0.25,-0.19791525124388032,,-0.19791525124388032,42.62791666666666,30.625,40.0,1.4769060143594888,-0.7914813817853311,0.0,1.0,"ETH,BTC",高杠杆/短线赌徒型，长期单降权
2356504,1595,2026-08-30 07:17:52,30,0x45d26f28196d226497130c4bac709d808fed4029,money_printer,P-C,51.92307692307692,0.75,52,0,52,,,33.56940416177693,33.56528182087806,1316.0543322649576,7.365384615384615,20.0,56.72597898356007,-12.687193639515936,0.23076923076923078,0.40384615384615385,"2Z,APEX,ARB,ASTER,ATOM",仓位收益偏弱，降权参考
2357793,1595,2026-08-30 07:17:52,30,0x45ffe9ad0793c732578966bae4199b92ffabff5f,smart_money,P-G,46.510162209651035,0.65,10,10,0,0.5,1.5101622096510343,,1.5101622096510343,59.20030555555555,20.5,40.0,4.146320218295568,-1.376732188799891,0.0,1.0,"PUMP,ETH,BTC,AAVE,UNI",高杠杆/短线赌徒型，长期单降权
2357328,1595,2026-08-30 07:17:52,30,0x4603444ec777fc3e783d157bc871f6bc04baf161,smart_money,P-G,45.52176562886467,0.65,46,44,2,0.6136363636363636,0.5928825843733031,-0.47147277351362693,0.5217656288646682,14.282336956521737,19.130434782608695,20.0,1.2421567554171038,-0.7126758727538044,0.0,1.0,"BTC,ETH,HYPE,ZEC",高杠杆/短线赌徒型，长期单降权
2357828,1595,2026-08-30 07:17:52,30,0x461a98d8776fd02df0e29f5713dbf9e5278ce676,smart_money,P-N,50.0,1.0,1,1,0,0.0,-4.791118681368385,,-4.791118681368385,0.9988888888888889,5.0,5.0,0.0,-5.137809666649086,0.0,0.0,GRAM,仓位样本不足，暂不影响权重
2357272,1595,2026-08-30 07:17:52,30,0x461cc78cc9ddd66b0778aea759bdf0866a5ad2f2,smart_money,P-G,44.05317923908879,0.65,17,16,1,0.3125,-0.867481371500137,-3.7154936250178334,-0.9468207609112089,40.47013071895425,13.411764705882353,39.0,2.644563186879921,-2.555975711886676,0.0,0.7647058823529411,"ZEC,BTC,NEAR,TAO,MORPHO",高杠杆/短线赌徒型，长期单降权
2357130,1595,2026-08-30 07:17:52,30,0x469e9a7f624b04c24f0e64edf8d8a277e6bf58a5,money_printer,P-G,46.87195852019034,0.65,34,25,9,0.68,2.771436797941162,-1.1093447768756024,1.8719585201903433,149.72823529411764,18.529411764705884,25.0,6.44962985530074,-5.317365652108795,0.0,0.9117647058823529,"BTC,ETH,PUMP,HYPE,XRP",高杠杆/短线赌徒型，长期单降权
2357098,1595,2026-08-30 07:17:52,30,0x470a063ae0e2edb2b8029fd44b702ad7be6585c9,smart_money,P-N,50.0,1.0,2,1,1,1.0,9.306151911860889,-34.057522074051676,-12.375685081095394,529.338611111111,10.0,10.0,6.267643580193775,-30.82073279924513,0.0,1.0,HYPE,仓位样本不足，暂不影响权重
2356505,1595,2026-08-30 07:17:52,30,0x474e2cb1aac71f66d0aa7adb0cd92c919f842fe4,smart_money,P-N,50.0,1.0,1,0,1,,,-240.37793667007148,-240.37793667007148,1501.6758333333332,3.0,3.0,0.0,-252.5413687436159,1.0,0.0,HYPE,仓位样本不足，暂不影响权重
2356506,1595,2026-08-30 07:17:52,30,0x477296b8f5f5525be26e5c0a82eb0dd24da3949f,money_printer,P-B,77.43533596355644,1.0,11,5,6,0.6,2.7899340555518437,-3.9586442907325754,0.8288863741689151,783.0978030303031,5.545454545454546,10.0,20.732846439694676,-22.248441521899124,0.18181818181818182,0.18181818181818182,"XMR,MON,LIT,FARTCOIN,HYPE",仓位表现普通有效
2356507,1595,2026-08-30 07:17:52,30,0x47807d3f6ae34ff6aa1fc8fe4e7b742197c1e125,smart_money,P-R,25.0,-0.8,123,63,60,0.1746031746031746,-5.739578900783618,7.931361976411407,-0.5496719844102225,568.8655374887085,6.048780487804878,40.0,15.561532937187378,-15.07165739497419,0.36585365853658536,0.2601626016260163,"HEMI,UNI,ETHFI,XMR,GRIFFAIN",仓位真实收益偏反向，可作为反向参考
2356991,1595,2026-08-30 07:17:52,30,0x47818abc02d61af1e586d3ceb035591aeae4548f,money_printer,P-N,50.0,1.0,1,0,1,,,5.75819205152791,5.034454723023689,810.0152777777778,10.0,10.0,17.75640337906231,-6.203531004880047,0.0,1.0,ETH,仓位样本不足，暂不影响权重
2357416,1595,2026-08-30 07:17:52,30,0x47a127f496d001f187ac65fc24852274dc51d080,money_printer,P-A,89.0481754857268,1.15,12,9,3,0.7777777777777778,2.140295710090408,2.5362833646743455,2.2392926237363926,38.086527777777775,5.5,10.0,3.6194345311539653,-1.4387221635195628,0.0,0.08333333333333333,"BTC,NEAR,ETH,ZEC,XMR",仓位收益稳定，适合加权参考
2356508,1595,2026-08-30 07:17:52,30,0x47f5a6397b79deaaca5c456503e7c1a49357b942,money_printer,P-B,85.9778500789842,1.0,74,14,60,0.7142857142857143,11.096972881287753,-2.664556163655341,0.7727088232758863,1026.839737237238,7.594594594594595,40.0,22.611854164281095,-21.194387068548792,0.21621621621621623,0.3783783783783784,"KAITO,ZEC,WIF,BTC,MORPHO",仓位表现普通有效
2356509,1595,2026-08-30 07:17:52,30,0x4801af178dd07390941931c7e6f82b61a4344a0b,smart_money,P-C,1.9757233663760232,0.75,3,0,3,,,-8.231077923743635,-8.231077923743635,1378.7887037037035,7.666666666666667,10.0,5.8058073006197235,-37.86159410089906,0.3333333333333333,0.6666666666666666,"BTC,CHIP,NEAR",仓位收益偏弱，降权参考
2356966,1595,2026-08-30 07:17:52,30,0x481b24686744c8bf1fd8c993aad47902075cf951,smart_money,P-N,50.0,1.0,1,0,1,,,-30.867251928704448,-30.25191595460333,1112.0144444444445,1.0,1.0,3.1630752859803164,-34.809789837722796,1.0,0.0,ETH,仓位样本不足，暂不影响权重
2357294,1595,2026-08-30 07:17:52,30,0x4829f3bbd5508707339547ebefface2b4c86d3b5,smart_money,P-G,44.82265115444856,0.65,75,71,4,0.43661971830985913,-0.17971395887080313,3.5237661716392807,-0.17734884555144273,16.3581962962963,17.56,40.0,1.7788716831217015,-1.8505720495700602,0.0,0.76,"HYPE,BTC,ETH,PUMP,ARB",高杠杆/短线赌徒型，长期单降权
2356510,1595,2026-08-30 07:17:52,30,0x483e1d004247248d516865b9b9e893d48359ce10,smart_money,P-B,77.11717401623834,1.0,1211,1066,145,0.5121951219512195,-0.2316607881241104,1.11868242695389,-0.1370283873411494,96.39382787411694,4.821635012386458,12.0,3.647917213802788,-4.644392962914733,0.3930635838150289,0.023121387283236993,"HYPE,ZEC,AAVE,SUI,ENA",仓位表现普通有效
2356511,1595,2026-08-30 07:17:52,30,0x484bc1608211d0604bf70bae72792a56884562f8,smart_money,P-N,50.0,1.0,1,0,1,,,-18.688508931130002,-18.688508931130002,1501.6758333333332,5.0,5.0,0.8373929378800884,-36.57464896360684,0.0,0.0,FET,仓位样本不足，暂不影响权重
2356512,1595,2026-08-30 07:17:52,30,0x48cd535b80439fefd6d00f74e5cf9b152adf2671,smart_money,P-R,25.0,-0.8,5,0,5,,,-17.09068825918018,-17.09068825918018,1501.6758333333332,5.8,10.0,33.442551132266864,-51.63982994173032,0.6,0.4,"ANIME,JUP,TRB,USUAL,kBONK",仓位真实收益偏反向，可作为反向参考
2356513,1595,2026-08-30 07:17:52,30,0x48d826da83e69844f2f84b2db50703a933d137a2,money_printer,P-N,50.0,1.0,2,1,1,1.0,1.6427826933553984,-61.13542861453416,-8.253012383309127,1479.6741666666667,7.5,10.0,12.423195415076453,-34.47913461190332,0.0,0.5,"HYPE,BNB",仓位样本不足，暂不影响权重
2357483,1595,2026-08-30 07:17:52,30,0x48ea62a2cc8391fbbe210e8ee89db573a8ec145f,smart_money,P-G,45.078858478301925,0.65,363,362,1,0.569060773480663,0.08043797207550624,-0.23293336012388247,0.07885847830192448,2.3499556167737983,11.983471074380166,20.0,0.3930593541856795,-0.2693424005016126,0.0,1.0,"HYPE,BTC",高杠杆/短线赌徒型，长期单降权
2357554,1595,2026-08-30 07:17:52,30,0x48ec0004494081e8332589faf0747d568da79faf,smart_money,P-G,45.071313545672204,0.65,53,53,0,0.4528301886792453,0.07131354567220236,,0.07131354567220236,17.314245283018874,26.528301886792452,40.0,0.9189755949754682,-0.8113269097474939,0.03773584905660377,0.9245283018867925,"ETH,BTC,SOL,SYRUP,XRP",高杠杆/短线赌徒型，长期单降权
2356514,1595,2026-08-30 07:17:52,30,0x491251909171d4b9b39c5bc5d70515292e21eaf0,smart_money,P-N,50.0,1.0,1,0,1,,,-79.71300265879628,-79.71300265879628,1501.6758333333332,3.0,3.0,0.0,-83.7482666938059,1.0,0.0,BLUR,仓位样本不足，暂不影响权重
2356515,1595,2026-08-30 07:17:52,30,0x4916efbf56bcaea1130b2a631f6f093095f614a2,smart_money,P-N,50.0,1.0,2,0,2,,,41.950880834567066,41.950880834567066,1501.6758333333332,6.5,10.0,71.93862121010845,-29.28283232161681,0.5,0.5,"AZTEC,HYPE",仓位样本不足，暂不影响权重
2356516,1595,2026-08-30 07:17:52,30,0x4926e8a30e82f0e34f723dc4c1394f9c668d21db,smart_money,P-C,92.61491960038744,0.75,8,3,5,1.0,13.150360892347182,-18.471043993898792,-4.207990134765998,690.67625,7.0,20.0,13.963909507455002,-27.17218862101605,0.25,0.25,"MORPHO,VVV,BTC,ZEC,LIT",仓位收益偏弱，降权参考
2357257,1595,2026-08-30 07:17:52,30,0x4937c6b353864c7586198eb42b1c91dc917e0bd6,smart_money,P-N,50.0,1.0,2,1,1,0.0,-6.932142857142851,22.58126686367724,7.8245620032671965,108.0075,4.0,5.0,16.505371138562065,-8.203735499301267,0.5,0.0,"PURR,MON",仓位样本不足，暂不影响权重
2357484,1595,2026-08-30 07:17:52,30,0x49ba9baa20d355ba042af2be9772d2b2cd892f44,money_printer,P-G,45.00828148502455,0.65,217,216,1,0.5416666666666666,0.008561725848596578,-0.06329437639055828,0.008281485024549557,2.428805683563748,20.0,20.0,0.17266638303490334,-0.14978399945267198,0.0,1.0,BTC,高杠杆/短线赌徒型，长期单降权
2356517,1595,2026-08-30 07:17:52,30,0x4a0aee02132a411cfcf79a486f0e2d7c5152e94a,money_printer,P-R,25.0,-0.8,32,0,32,,,-53.841978580249325,-53.84197858024932,1501.675833333334,8.71875,20.0,2.6947261645115947,-67.57022555899425,0.25,0.59375,"AAVE,ARB,ASTER,ATOM,AVAX",仓位真实收益偏反向，可作为反向参考
2357767,1595,2026-08-30 07:17:52,30,0x4a13807147b2a364761e72cd129243ea20f4a4d1,smart_money,P-N,50.0,1.0,1,1,0,0.0,-10.586983507714134,,-10.586983507714134,1009.0025,10.0,10.0,0.5215302519789131,-10.586983507714134,0.0,1.0,BTC,仓位样本不足，暂不影响权重
2356518,1595,2026-08-30 07:17:52,30,0x4a1b3580f7ac72bc54175f05b76092eeb7a266aa,smart_money,P-N,50.0,1.0,1,0,1,,,23.097886475548854,23.097886475548854,1501.6758333333332,20.0,20.0,27.671146356012493,-17.53336374375709,0.0,1.0,SOL,仓位样本不足，暂不影响权重
2356519,1595,2026-08-30 07:17:52,30,0x4a5ae81bb737662ff67f7b31eb6fe62d15d91441,smart_money,P-N,50.0,1.0,2,0,2,,,4.627369727091541,4.627369727091541,1501.6758333333332,3.0,3.0,31.54807009235141,-24.928193141043334,1.0,0.0,"BTC,ETH",仓位样本不足，暂不影响权重
2356520,1595,2026-08-30 07:17:52,30,0x4a96036fb1529561fa3eeeb2781fad2d4f25500e,money_printer,P-G,41.28344504414613,0.65,36,22,14,0.5909090909090909,-1.079408732864196,-7.906113107781851,-3.716554955853873,790.9983487654324,12.11111111111111,40.0,13.773388511323345,-18.13385937448767,0.027777777777777776,0.6666666666666666,"SOL,HYPE,ZEC,XRP,BTC",高杠杆/短线赌徒型，长期单降权
2357448,1595,2026-08-30 07:17:52,30,0x4aab8988462923ca3cbaa7e94df0cc523817cd64,money_printer,P-C,48.5914436401082,0.75,4,3,1,0.3333333333333333,-6.55994679396379,0.15486116888186396,-4.881244803252376,40.253055555555555,2.0,2.0,0.3433423934805467,-5.505564183004276,1.0,0.0,BTC,仓位收益偏弱，降权参考
2356521,1595,2026-08-30 07:17:52,30,0x4aada58e425bb36c8cb39cd4e3ebf8571b76b2b5,smart_money,P-N,50.0,1.0,1,0,1,,,1.788269135195097,-2.801778173410145,1501.6758333333332,20.0,20.0,3.8873666736922794,-5.593389406795313,0.0,1.0,BTC,仓位样本不足，暂不影响权重
2357302,1595,2026-08-30 07:17:52,30,0x4b1c09fa8322548360a76a3747e32a60a864bc38,money_printer,P-C,55.79631564058657,0.75,57,41,16,0.4634146341463415,-1.4315711675211595,0.7222253286993061,-0.9003017432497191,556.2643372319689,9.210526315789474,10.0,11.085985569860277,-14.15764984145617,0.0,0.8421052631578947,"kSHIB,BTC,XRP,BNB,HYPE",仓位收益偏弱，降权参考
2357794,1595,2026-08-30 07:17:52,30,0x4b563051258ade30122940b80f575363baa4445b,smart_money,P-N,50.0,1.0,2,2,0,0.0,-0.5191313931946702,,-0.5191313931946702,1.49625,17.5,25.0,0.0,-0.8493757224705755,0.0,1.0,"BTC,HYPE",仓位样本不足，暂不影响权重
2356522,1595,2026-08-30 07:17:52,30,0x4bc52d0ab83ed62c91c9a89fc3304e12422a54fb,smart_money,P-N,50.0,1.0,1,0,1,,,-22.25357775977649,-22.144034890429364,1501.6758333333332,10.0,10.0,22.94860288577852,-26.622318881414436,0.0,1.0,HYPE,仓位样本不足，暂不影响权重
2356523,1595,2026-08-30 07:17:52,30,0x4bd009bd1877ae6e21982d4ba3a32ee527e034df,smart_money,P-N,50.0,1.0,1,0,1,,,28.02582978316373,28.02582978316373,1501.6758333333332,20.0,20.0,46.53177861657433,0.0,0.0,1.0,BTC,仓位样本不足，暂不影响权重
2357759,1595,2026-08-30 07:17:52,30,0x4c46f7295a1fe70d2ad04dfd5fa0e8007b17cba5,smart_money,P-N,50.0,1.0,1,1,0,0.0,-0.5328790440155851,,-0.5328790440155851,1.0044444444444445,40.0,40.0,0.0,-0.532879044015585,0.0,1.0,BTC,仓位样本不足，暂不影响权重
2357763,1595,2026-08-30 07:17:52,30,0x4c49bfae14f852dfb66574e364438d68fc47fe5c,smart_money,P-N,50.0,1.0,1,1,0,0.0,-9.76703153188561,,-9.76703153188561,1246.6591666666666,20.0,20.0,13.791100588573702,-19.93116089847095,0.0,1.0,ETH,仓位样本不足，暂不影响权重
2356524,1595,2026-08-30 07:17:52,30,0x4c56bfd325f350bd1af76bf691981fdd8740390a,smart_money,P-R,25.0,-0.8,49,0,49,,,-2.3994640122006006,-0.0904134763390071,1069.4782482993205,6.081632653061225,20.0,24.25916801024306,-28.079151329745887,0.32653061224489793,0.30612244897959184,"BNB,BTC,CC,DOGE,EIGEN",仓位真实收益偏反向，可作为反向参考
2357623,1595,2026-08-30 07:17:52,30,0x4c7a572ad38aed2c1d33fbfeba7bd69a83ec0e30,smart_money,P-B,78.53941075778644,1.0,4,4,0,0.75,1.5094054222534066,,1.5094054222534066,194.01395833333333,9.5,20.0,21.773992153660892,-5.762559370231478,0.25,0.5,"HYPE,SOL,BTC,CASHCAT",仓位表现普通有效
2356525,1595,2026-08-30 07:17:52,30,0x4cb104e79a27275e4a6d1e5d39eecb68bbd78bcd,smart_money,P-N,50.0,1.0,2,0,2,,,40.65737718250219,40.65737718250219,1501.6758333333332,3.0,3.0,49.263664524382406,0.0,1.0,0.0,"ASTER,LAYER",仓位样本不足，暂不影响权重
2357778,1595,2026-08-30 07:17:52,30,0x4ce423197edc972896d16cdb410b212c2b675633,smart_money,P-N,50.0,1.0,1,1,0,0.0,-4.348160761096363,,-4.348160761096363,757.0016666666667,1.0,1.0,5.3045426447796435,-15.46464907382245,1.0,0.0,ZEC,仓位样本不足，暂不影响权重
2357521,1595,2026-08-30 07:17:52,30,0x4d3980ac9d84fc34adcd025ee2337786846343c4,smart_money,P-G,45.6117394184842,0.65,47,47,0,0.48936170212765956,0.6117394184841977,,0.6117394184841977,16.93404846335697,25.04255319148936,40.0,1.731379218360959,-0.8048639284697865,0.0,1.0,"BTC,ETH,ZEC,SOL",高杠杆/短线赌徒型，长期单降权
2356526,1595,2026-08-30 07:17:52,30,0x4deb56a42fc63650b2f0bfb9abe1850e3a091371,smart_money,P-N,50.0,1.0,1,0,1,,,9.690766777491742,9.69076677749174,1501.6758333333332,20.0,20.0,13.765933275662604,-26.51515941092478,0.0,1.0,SOL,仓位样本不足，暂不影响权重
2356527,1595,2026-08-30 07:17:52,30,0x4e23288cee4960f9f962195c22948e4bc7ae20c3,money_printer,P-C,51.74305974843431,0.75,30,25,5,0.44,0.4861772985277281,2.9797330288133006,0.919256933952182,205.09108333333333,12.433333333333334,20.0,4.8852393695384375,-4.0295581514286845,0.0,0.5333333333333333,"ETH,HYPE,SOL,WLD,ZEC",仓位收益偏弱，降权参考
2356528,1595,2026-08-30 07:17:52,30,0x4e4cdfeb4105c7a458f381373e21a3bc3ad78ece,smart_money,P-G,35.0,0.65,3,0,3,,,-14.027537462503687,-10.233624022035928,1501.6758333333335,20.0,20.0,18.195859934205153,-22.680091896649873,0.0,1.0,"BTC,ETH,SOL",高杠杆/短线赌徒型，长期单降权
2356936,1595,2026-08-30 07:17:52,30,0x4e7cfe8e3e20284ba246978abaf301c5fb0ccc9c,smart_money,P-G,47.17847550790933,0.65,18,13,5,0.7692307692307693,2.9223182431104484,0.32613179208178505,2.17847550790933,408.92331790123455,14.222222222222221,40.0,6.722126824072727,-5.587406135786067,0.1111111111111111,0.5555555555555556,"kPEPE,BTC,XMR,ETH,TAO",高杠杆/短线赌徒型，长期单降权
2357492,1595,2026-08-30 07:17:52,30,0x4ef1c5ae65ab5b37629b7aa523e7e95e7da528e3,smart_money,P-B,78.64296448522975,1.0,673,672,1,0.5788690476190477,0.06160790870194136,0.14859879324089226,0.061065575948202465,2.0817649001155694,3.0,3.0,0.33076689203050336,-0.20850233585228867,1.0,0.0,"XRP,SOL",仓位表现普通有效
2357115,1595,2026-08-30 07:17:52,30,0x4f235c15474f984504b0f188755021ae45c2fa65,money_printer,P-B,58.13471276907937,1.0,55,52,3,0.5576923076923077,0.11966831629357583,-1.9803513726089006,0.09358016076345821,62.14016161616161,9.163636363636364,10.0,1.5566754114129715,-2.0871900112058275,0.05454545454545454,0.8545454545454545,"UNI,DOGE,MON,POPCAT",仓位表现普通有效
2356529,1595,2026-08-30 07:17:52,30,0x4f24303e0af2e4a94abcd516a3c80d38262bde6a,money_printer,P-G,46.0635334211523,0.65,24,22,2,0.6363636363636364,0.607182013623877,11.792195305028649,1.0635334211523035,86.57005787037038,18.541666666666668,40.0,3.3239279889646336,-1.4515410118218017,0.0,0.9166666666666666,"SOL,ETH,PUMP,XPL,BTC",高杠杆/短线赌徒型，长期单降权
2356530,1595,2026-08-30 07:17:52,30,0x4f67680ed589c995177481778d48a754703b5b79,smart_money,P-B,78.8466126979129,1.0,377,352,25,0.5710227272727273,-0.24955547108153764,0.9688513672706972,-0.13012836288343227,80.52707043913942,4.750663129973475,10.0,3.6819019441965932,-5.01128324928618,0.4827586206896552,0.14323607427055704,"AZTEC,PENGU,HYPE,GRIFFAIN,ZRO",仓位表现普通有效
2357730,1595,2026-08-30 07:17:52,30,0x4f7634c03ec4e87e14725c84913ade523c6fad5a,money_printer,P-C,63.7347238416025,0.75,3,3,0,0.3333333333333333,0.31508898053627377,,0.31508898053627377,1037.7685185185185,3.0,5.0,17.56046509755967,-12.910112978043074,0.6666666666666666,0.0,"HYPE,LIT,NEAR",仓位收益偏弱，降权参考
2357754,1595,2026-08-30 07:17:52,30,0x4f9b096385c4e66ce3dec9a17e150795b9a02e3f,money_printer,P-N,50.0,1.0,1,1,0,1.0,99.20099401665372,,99.20099401665372,1250.6625,10.0,10.0,105.1079209994509,0.0,0.0,1.0,HYPE,仓位样本不足，暂不影响权重
2357412,1595,2026-08-30 07:17:52,30,0x4fa931c594203579bee714eed85406a1f159e2ce,smart_money,P-G,51.37689723056591,0.65,5,4,1,0.5,7.628093620188503,1.372111672075533,6.376897230565909,112.39911111111113,10.0,10.0,10.205082636043816,-3.1898611450502337,0.0,1.0,"HYPE,ZEC",高杠杆/短线赌徒型，长期单降权
2356531,1595,2026-08-30 07:17:52,30,0x4faf9534f8f029d03561d245b3b442b1c2e14ee2,smart_money,P-G,47.77940646910673,0.65,14,5,9,0.6,4.592383178548305,4.6237152648105,2.779406469106735,1077.0806547619047,12.857142857142858,40.0,28.779211626824917,-20.17348866936149,0.0,0.7857142857142857,"BTC,FARTCOIN,PENGU,SOL,kPEPE",高杠杆/短线赌徒型，长期单降权
2357562,1595,2026-08-30 07:17:52,30,0x4fe2e743da6e8d1aa0c9ed5489d8c2c9b5f96c87,smart_money,P-B,65.5455420991994,1.0,8,8,0,0.5,0.2573211146399734,,0.2573211146399734,27.50232638888889,3.75,5.0,5.119322543029098,-3.507245620349013,0.625,0.0,"LIT,ZEC,FARTCOIN",仓位表现普通有效
2356532,1595,2026-08-30 07:17:52,30,0x4fe53e953f1ff4454d144cb6f4fee3f2ca9363fe,smart_money,P-N,50.0,1.0,1,0,1,,,36.24692327192144,26.71479367166394,1501.6758333333332,10.0,10.0,41.115717685155644,-16.386677111647835,0.0,1.0,HYPE,仓位样本不足，暂不影响权重
2357347,1595,2026-08-30 07:17:52,30,0x4fe9e1465d589757e0469b33504d00b91f431055,smart_money,P-G,44.93577335585121,0.65,5,4,1,0.5,0.03994147720643959,-0.48089912956972003,-0.06422664414879228,179.40294444444447,17.0,20.0,2.224925027434655,-7.838417885921531,0.0,1.0,"BTC,SOL,HYPE,ETH",高杠杆/短线赌徒型，长期单降权
2357815,1595,2026-08-30 07:17:52,30,0x500bea59133e20dc63b7e88913b30348494b84ba,money_printer,P-B,92.43787921386328,1.0,3,3,0,0.6666666666666666,9.349295112214545,,9.349295112214545,14.333333333333334,3.0,3.0,14.870823983391942,-7.513459786442623,1.0,0.0,CASHCAT,仓位表现普通有效
2356533,1595,2026-08-30 07:17:52,30,0x503ff4d3b508aff1cf4260dbd814505eb6f7b2e9,smart_money,P-N,50.0,1.0,1,0,1,,,23.8123100917985,23.8123100917985,1501.6758333333332,3.0,3.0,47.52015122559352,0.0,1.0,0.0,BTC,仓位样本不足，暂不影响权重
2357674,1595,2026-08-30 07:17:52,30,0x5049695d6faacffd34f2d24f3f0ff8c64d88f71c,smart_money,P-N,50.0,1.0,1,1,0,0.0,-17.493871310337376,,-17.493871310337376,1330.6719444444445,10.0,10.0,21.5710687000744,-25.557020404858534,0.0,1.0,HYPE,仓位样本不足，暂不影响权重
2357444,1595,2026-08-30 07:17:52,30,0x504f4f997a233873949ab352051ea3ffabd10b7e,smart_money,P-G,45.22501027479383,0.65,13,12,1,0.5833333333333334,0.20940950294027516,0.41221953703647746,0.22501027479382915,9.61662393162393,10.0,10.0,1.6166003653730578,-0.8464194790698827,0.0,1.0,HYPE,高杠杆/短线赌徒型，长期单降权
2357377,1595,2026-08-30 07:17:52,30,0x507e0d7cb4cca156d09db13681ed4e5da66b411e,money_printer,P-C,68.06499545432274,0.75,45,41,4,0.6829268292682927,-3.5255376817177586,-3.650078356217793,-3.5366079638955403,118.48035802469134,9.644444444444444,20.0,2.0670725380655983,-6.897223322704528,0.06666666666666667,0.7333333333333333,"ZEC,HYPE,ETH,LIT,SOL",仓位收益偏弱，降权参考
2357825,1595,2026-08-30 07:17:52,30,0x50a4d39bc020be2c86954eec2670541d300f8168,smart_money,P-N,50.0,1.0,2,2,0,0.0,-5.808222125889959,,-5.808222125889959,222.85666666666668,4.5,5.0,2.571596273943326,-12.332485323240459,0.0,0.0,"WLD,HYPE",仓位样本不足，暂不影响权重
2357485,1595,2026-08-30 07:17:52,30,0x50b309f78e774a756a2230e1769729094cac9f20,money_printer,P-G,45.03208693805593,0.65,55,54,1,0.5925925925925926,0.03243265277397236,0.013418343281879836,0.0320869380559343,9.927505050505054,30.636363636363637,40.0,0.30228824922288994,-0.5082340561186853,0.0,0.9818181818181818,"BTC,ETH,ZEC",高杠杆/短线赌徒型，长期单降权
2357402,1595,2026-08-30 07:17:52,30,0x50d59f4c2480e107acf32c0d1e9cbe7579b01480,smart_money,P-G,45.02606040004523,0.65,232,231,1,0.5714285714285714,0.025356378245041628,0.2833365797648292,0.026060400045232582,2.892319204980843,18.594827586206897,30.0,0.2126100189027487,-0.17308978758702315,0.0,0.8577586206896551,BTC,高杠杆/短线赌徒型，长期单降权
2356534,1595,2026-08-30 07:17:52,30,0x50e8db5da4198e49197743f8006b318cb6a08b49,smart_money,P-B,78.50411562921471,1.0,809,679,130,0.5272459499263623,0.3684992837667825,0.6036280288343014,0.29288714444054553,158.45404374399146,4.81087762669963,12.0,5.670327204815676,-6.433384581637724,0.446229913473424,0.049443757725587144,"CASHCAT,XRP,SOL,BTC,HYPE",仓位表现普通有效
2357769,1595,2026-08-30 07:17:52,30,0x5148b1d40d2082a1ba56ebfea2321d97846e44b4,smart_money,P-G,43.33342275340203,0.65,3,3,0,0.3333333333333333,-1.6665772465979682,,-1.6665772465979682,53.33555555555555,25.0,25.0,0.7736465292537895,-2.5124771449230936,0.0,1.0,BTC,高杠杆/短线赌徒型，长期单降权
2357704,1595,2026-08-30 07:17:52,30,0x515c07dd7cd01496d4000e4998b4fd5acd2c09e1,smart_money,P-N,50.0,1.0,2,2,0,0.0,-2.8272713834458516,,-2.8272713834458516,1.5004166666666667,7.5,10.0,0.0,-2.827271383445851,0.0,0.5,"MORPHO,ZEC",仓位样本不足，暂不影响权重
2357278,1595,2026-08-30 07:17:52,30,0x51651b81c895e654e5402a3fc371e3b60b0dfb1e,smart_money,P-G,45.78032264913922,0.65,61,54,7,0.46296296296296297,0.7398222793992439,1.578392415404501,0.7803226491392201,34.98529143897996,17.42622950819672,40.0,5.307500260728263,-2.7776850739935988,0.16393442622950818,0.6885245901639344,"BTC,ETH,ZEC,CHIP,NEAR",高杠杆/短线赌徒型，长期单降权
2357790,1595,2026-08-30 07:17:52,30,0x517bb82ad25d90b9d9e0af57682931c44f7ff64c,smart_money,P-G,44.810267932518464,0.65,5,5,0,0.6,-0.18973206748153265,,-0.18973206748153265,4.999777777777777,40.0,40.0,0.17433859365991028,-0.2966058961149799,0.0,1.0,BTC,高杠杆/短线赌徒型，长期单降权
2356979,1595,2026-08-30 07:17:52,30,0x51f3a19c1dfd8d7fe670e43ce0f66648789c8b34,smart_money,P-N,50.0,1.0,1,0,1,,,8.792602246697992,14.271248377782278,947.0022222222223,8.0,8.0,33.91233649854339,-11.367787556841524,0.0,0.0,HYPE,仓位样本不足，暂不影响权重
2357305,1595,2026-08-30 07:17:52,30,0x52081a6912cfa64968999fbeb31387446a49b207,smart_money,P-B,59.567802568738216,1.0,22,21,1,0.5238095238095238,2.530391376484946,-3.8922188738395556,2.2384545469247423,23.772891414141416,8.045454545454545,40.0,8.295383506820214,-3.804721812685777,0.4090909090909091,0.5,"CASHCAT,ZEC,TRUMP,LIT,BTC",仓位表现普通有效
2356535,1595,2026-08-30 07:17:52,30,0x520863bab865050e635207c4ed099eec568f3f47,smart_money,P-C,7.10454588052996,0.75,3,0,3,,,-193.77165619392346,-164.88773842915086,1501.6758333333335,6.0,10.0,52.160960520305515,-251.7020960309201,0.3333333333333333,0.3333333333333333,"AVAX,HYPE,S",仓位收益偏弱，降权参考
2357551,1595,2026-08-30 07:17:52,30,0x523852be2db1a76a0e088ecbff32e849544054e5,smart_money,P-B,45.30142160757501,1.0,94,94,0,0.5212765957446809,0.8315618676172901,,0.8315618676172901,10.213312647754138,11.914893617021276,40.0,3.016187553199382,-1.1607025625964682,0.14893617021276595,0.5425531914893617,"HYPE,BTC,ETH,ENA,CHIP",仓位表现普通有效
2357816,1595,2026-08-30 07:17:52,30,0x52516d3ee158365393598028055769354d45a3dd,smart_money,P-N,50.0,1.0,2,2,0,0.0,-6.616649217550183,,-6.616649217550183,487.8544444444444,7.5,10.0,2.7229697649034024,-12.042528809260096,0.0,0.5,"TAO,NEAR",仓位样本不足，暂不影响权重
2356536,1595,2026-08-30 07:17:52,30,0x5272f37ecaa073e5a0ea07618145939e5e6cfcd9,money_printer,P-N,50.0,1.0,1,0,1,,,-9.716658786164809,-2.687872921433148,1501.6758333333332,5.0,5.0,30.4828219928451,-13.0220089034802,0.0,0.0,ETH,仓位样本不足，暂不影响权重
2357378,1595,2026-08-30 07:17:52,30,0x52a1ac3717f8173bd175a4c1923594ed6110142d,smart_money,P-B,86.9537717928583,1.0,20,19,1,0.8421052631578947,-0.04545649032574754,0.8247074678478831,-0.0019482924170660166,23.150666666666663,8.0,8.0,0.7137180559094716,-1.0047433122927356,0.0,0.0,"BTC,ETH",仓位表现普通有效
2357423,1595,2026-08-30 07:17:52,30,0x52e6c32f0eb44f707e9c159052fc5039fc7b7725,smart_money,P-G,46.7539269281733,0.65,33,31,2,0.7741935483870968,1.8068118206153738,0.9342110953211934,1.7539269281733023,30.607222222222227,21.060606060606062,40.0,3.1129953721990526,-1.521372970870102,0.0,0.9090909090909091,"BTC,ETH,HYPE,ZEC,PUMP",高杠杆/短线赌徒型，长期单降权
2357389,1595,2026-08-30 07:17:52,30,0x5323b92268b4e140ac2133c677e991cd9ad1b23c,smart_money,P-B,70.67984029910401,1.0,373,369,4,0.5772357723577236,0.13448317263186,0.2712141219645475,0.13666811703168438,7.93313896336014,5.0,5.0,0.708467651053638,-0.5219698280316265,0.0,0.0,"ZEC,HYPE,SOL,BNB",仓位表现普通有效
2356537,1595,2026-08-30 07:17:52,30,0x535191d6d49922d69cc7829dbb73e48694840db7,smart_money,P-G,50.2739228643008,0.65,6,4,2,0.5,7.4125530351990925,3.843159574315024,5.2739228643008005,744.0014351851851,19.166666666666668,30.0,18.418560371962965,-14.077701482238458,0.0,0.8333333333333334,"BTC,ETH,ASTER,HYPE",高杠杆/短线赌徒型，长期单降权
2357371,1595,2026-08-30 07:17:52,30,0x53b63a30a688beb53b5dc7bd731c661d678c555c,smart_money,P-G,46.980454474722364,0.65,5,4,1,1.0,2.3599711991507215,0.46238757700892125,1.9804544747223616,98.59727777777778,14.0,20.0,4.6232994426952825,-0.5541726446377351,0.0,1.0,"HYPE,SOL,BTC",高杠杆/短线赌徒型，长期单降权
2357215,1595,2026-08-30 07:17:52,30,0x54069d1a01434813617e09b9426b03971c0ce123,smart_money,P-A,82.82933112752092,1.15,22,19,3,0.5789473684210527,4.4136796195505665,2.091547201505694,4.12121244673077,330.3104292929293,7.681818181818182,40.0,11.464674982594028,-7.147460672748974,0.36363636363636365,0.3181818181818182,"WLFI,SKY,ZORA,TRUMP,XRP",仓位收益稳定，适合加权参考
2357020,1595,2026-08-30 07:17:52,30,0x5410d09be697e57cd7c4ffa83759abed3219e020,smart_money,P-C,7.4073642877081,0.75,3,1,2,0.0,-0.13327581159576601,-4.095375177579694,-2.8485907964109303,384.6725925925926,11.666666666666666,25.0,9.3314784575161,-12.180280039208,0.0,0.3333333333333333,"BTC,ETH",仓位收益偏弱，降权参考
2357607,1595,2026-08-30 07:17:52,30,0x54426307974b659b48e70b1faa44f17aa0e3c4cf,smart_money,P-N,50.0,1.0,1,1,0,1.0,264.69918478936296,,264.69918478936296,1428.6744444444444,3.0,3.0,272.32798781580357,0.0,1.0,0.0,HYPE,仓位样本不足，暂不影响权重
2357463,1595,2026-08-30 07:17:52,30,0x5483dd0f8b7d2544a6ac14ba8659988178fd9f4a,smart_money,P-B,62.854752423986056,1.0,62,61,1,0.4918032786885246,0.02183600699112262,-0.10704023573272133,0.020713070797888044,11.87122759856631,3.838709677419355,22.0,0.3224568062687054,-0.24030688118540594,0.7258064516129032,0.08064516129032258,ETH,仓位表现普通有效
2356538,1595,2026-08-30 07:17:52,30,0x54a7240cea67b8c41b7c7f2b485360f37331aef4,smart_money,P-G,56.13274741842703,0.65,13,10,3,0.6,0.5969225946006583,51.39427649150314,11.132747418427034,262.7210256410257,21.153846153846153,40.0,14.275634828503305,-1.4017072716917847,0.0,1.0,"ETH,HYPE,BTC,ZEC,SOL",高杠杆/短线赌徒型，长期单降权
2356539,1595,2026-08-30 07:17:52,30,0x54dbc1fbf6b1cd59807db61109b1d9eb91fd1a04,money_printer,P-N,50.0,1.0,1,0,1,,,30.93393225368406,27.141294761830725,1501.6758333333332,2.0,2.0,35.67470588050303,-17.21691990409066,1.0,0.0,HYPE,仓位样本不足，暂不影响权重
2357593,1595,2026-08-30 07:17:52,30,0x54e3f54df4b10ff63f7284733ed735e8e1507c20,smart_money,P-R,25.0,-0.8,25,25,0,0.36,-0.3350133595399398,,-0.3350133595399398,10.520711111111106,8.08,10.0,0.3461802988144218,-0.5605847824092075,0.0,0.04,"BTC,HYPE",仓位真实收益偏反向，可作为反向参考
2357435,1595,2026-08-30 07:17:52,30,0x54fc13e72548503e13eea8b4cfdb4524be39d7d2,smart_money,P-B,66.83462967546707,1.0,6,5,1,0.6,1.8939094728270862,0.6898041507564426,1.6932252524819793,313.44925925925924,9.333333333333334,20.0,17.107438107436398,-4.4987440213298635,0.3333333333333333,0.6666666666666666,"ZEC,STABLE,BTC,HYPE",仓位表现普通有效
2357785,1595,2026-08-30 07:17:52,30,0x54fe014a1fb506ff3a00d863e6522f24e6edba47,smart_money,P-N,50.0,1.0,2,2,0,0.0,-1.554451141104641,,-1.554451141104641,232.99916666666667,3.5,5.0,1.5194657894156243,-2.3717544883836594,0.5,0.0,"BTC,ETH",仓位样本不足，暂不影响权重
2356540,1595,2026-08-30 07:17:52,30,0x55045b55e00e09b4da8d061d8787cd97b4b0d24d,smart_money,P-C,43.0,0.75,10,0,10,,,26.55185599470149,26.677657759850213,1501.675833333333,9.8,20.0,53.24626859307652,-13.434963496949115,0.1,0.6,"AAVE,CRV,FARTCOIN,HYPE,LAYER",仓位收益偏弱，降权参考
2357445,1595,2026-08-30 07:17:52,30,0x551946bd7965303493ff47ecd8c7f2ba8d754d0d,smart_money,P-G,44.9653823308511,0.65,166,165,1,0.49696969696969695,-0.03541586586862456,0.14086858101368527,-0.03461766914890056,7.006119477911645,20.0,20.0,0.3689064748380028,-0.35251420831885855,0.0,1.0,"ETH,BTC",高杠杆/短线赌徒型，长期单降权
2356541,1595,2026-08-30 07:17:52,30,0x5559da6ec434c5723d0ce9c4da7f29e3f8a3d43b,money_printer,P-G,48.27860913511257,0.65,5,1,4,0.0,-0.000635533975646338,4.098420302384623,3.2786091351125703,678.8746666666667,23.0,40.0,18.53598214205073,-7.99104444747365,0.0,1.0,"ETH,XRP,SOL,ZEC,BTC",高杠杆/短线赌徒型，长期单降权
2357403,1595,2026-08-30 07:17:52,30,0x557a75e1368dc5fa69978ed5fd88bfd7bddfc3a2,smart_money,P-A,99.86132312082938,1.15,6,5,1,0.8,3.672671961432949,2.8760720438141085,3.5399053084964756,33.83675925925926,2.1666666666666665,3.0,6.454816324172071,-2.2024110234035765,1.0,0.0,"PUMP,HYPE,SOL,kBONK",仓位收益稳定，适合加权参考
2357353,1595,2026-08-30 07:17:52,30,0x55a8f87e59611f86a31a58b361038f36fbded9ea,smart_money,P-G,43.168672883192166,0.65,19,18,1,0.5,-2.026646312470834,1.6844184051261126,-1.8313271168078367,71.05305555555556,21.05263157894737,40.0,1.7457177590116686,-3.3815841078141533,0.0,1.0,"SOL,ETH,HYPE,XPL,BTC",高杠杆/短线赌徒型，长期单降权
2356542,1595,2026-08-30 07:17:52,30,0x560a2edd994f2ba4883cdf8e0d164558d8c803ac,smart_money,P-A,82.60776985720364,1.15,28,25,3,0.56,1.074930695499459,5.447602921471109,3.1109519147478664,82.4524007936508,6.285714285714286,25.0,5.082084011105726,-1.6071532282541692,0.17857142857142858,0.21428571428571427,"BTC,SOL,HYPE,ETH,MEGA",仓位收益稳定，适合加权参考
2356543,1595,2026-08-30 07:17:52,30,0x562e68a7eb3d74262413030f9f8052306a3cad97,smart_money,P-G,35.0,0.65,8,2,6,0.0,-6.923222935934581,-38.79104215754134,-27.014426794101045,1148.0135416666665,18.125,40.0,6.3556495855359305,-40.54808021933452,0.0,1.0,"BNB,BTC,HYPE,LINK,SOL",高杠杆/短线赌徒型，长期单降权
2356544,1595,2026-08-30 07:17:52,30,0x5647249079e257329ecb6f46ed41821d3c69e7de,money_printer,P-C,64.14108675340498,0.75,78,35,43,0.4857142857142857,1.0202814279176269,-5.875893426159808,-1.570482264323153,463.9733297720796,7.538461538461538,20.0,9.123001777381164,-19.022634971437807,0.14102564102564102,0.4358974358974359,"KAITO,FARTCOIN,JUP,ZEC,UNI",仓位收益偏弱，降权参考
2357845,1595,2026-08-30 07:17:52,30,0x56498e5f90c14060499b62b6f459b3e3fb9280c5,money_printer,P-N,50.0,1.0,1,1,0,0.0,-9.357792778646857,,-9.357792778646857,535.9919444444445,5.0,5.0,11.884160382774956,-16.80375733068779,0.0,0.0,LIT,仓位样本不足，暂不影响权重
2356545,1595,2026-08-30 07:17:52,30,0x565a65432ca44a999eb7217815d58594a559ccb2,smart_money,P-C,65.0,0.75,10,5,5,0.8,1.76225953741459,-38.286652645787484,-18.26219655418645,780.1407777777777,7.8,10.0,3.712248653065852,-32.551114950831874,0.0,0.5,"ENA,HYPE,ATOM,BTC,DOT",仓位收益偏弱，降权参考
2357072,1595,2026-08-30 07:17:52,30,0x5661a070eb13c7c55ac3210b2447d4bea426cbf5,smart_money,P-G,45.56528668846054,0.65,5,4,1,0.25,-0.8593405665162042,2.2336983004923896,0.5652866884605363,140.2031111111111,20.0,20.0,3.9491998454224264,-1.7616278763704571,0.0,1.0,BTC,高杠杆/短线赌徒型，长期单降权
2357649,1595,2026-08-30 07:17:52,30,0x5661e424b3b482231b8fc2a59c96dbe157fd70fc,smart_money,P-B,85.03356936625887,1.0,65,65,0,0.6461538461538462,0.9014000677448216,,0.9014000677448216,3.570128205128205,3.0,3.0,2.090510218643179,-1.2991150832143419,1.0,0.0,"HYPE,PUMP,ZEC,TRUMP,LIT",仓位表现普通有效
2357085,1595,2026-08-30 07:17:52,30,0x56654885ad39155235336c0ff01b3337693c3882,smart_money,P-N,50.0,1.0,2,0,2,,,8.323570714534767,7.166680791910535,253.015,15.0,20.0,16.713890266095902,-0.39892857142856797,0.0,1.0,"BTC,HYPE",仓位样本不足，暂不影响权重
2357820,1595,2026-08-30 07:17:52,30,0x56811550b50c940db1f8acfc3341e7a6101660eb,smart_money,P-N,50.0,1.0,1,1,0,0.0,-0.28333411639675204,,-0.28333411639675204,3.0027777777777778,4.0,4.0,0.0,-0.5716014146553329,0.0,0.0,BTC,仓位样本不足，暂不影响权重
2356546,1595,2026-08-30 07:17:52,30,0x5690fd2f011c86c2a6de8fcde2d7d1c5e314abd3,smart_money,P-G,65.0,0.65,9,0,9,,,22.57952207460551,22.09297210552194,1197.5266049382715,14.222222222222221,40.0,37.3969174531379,-6.191268231107302,0.1111111111111111,0.6666666666666666,"BNB,BTC,ETH,HYPE,PAXG",高杠杆/短线赌徒型，长期单降权
2356547,1595,2026-08-30 07:17:52,30,0x56cd86d6ef24a3f51ce6992b7f1db751b0a0276a,money_printer,P-G,65.0,0.65,3,1,2,1.0,25.903986808387085,38.13671266307235,34.05913737817726,1284.6699999999998,11.666666666666666,20.0,62.39478067792572,0.0,0.0,0.6666666666666666,"SOL,XRP,LIT",高杠杆/短线赌徒型，长期单降权
2357841,1595,2026-08-30 07:17:52,30,0x572b4de5be467f6e7210f77940d462b9b8ef3ea5,smart_money,P-N,50.0,1.0,1,1,0,1.0,4.124955079829567,,4.124955079829567,110.00166666666667,3.0,3.0,4.715334462754768,-0.04363673699881457,1.0,0.0,ETH,仓位样本不足，暂不影响权重
2356548,1595,2026-08-30 07:17:52,30,0x577586e7460f83ce4f30ded0ea2e44e7579de25d,smart_money,P-C,44.6438375629383,0.75,45,5,40,0.4,-5.535616429754556,-7.963066355083349,-6.678081218530848,959.2815987654329,8.8,20.0,15.6434474850307,-26.122071852276754,0.044444444444444446,0.6,"ONDO,LTC,AAVE,WLFI,AERO",仓位收益偏弱，降权参考
2356975,1595,2026-08-30 07:17:52,30,0x577a00a0ee907ee481791049477a3c1fa1470568,smart_money,P-N,50.0,1.0,1,0,1,,,0.25114682763169555,0.5428423025618644,1024.0152777777778,10.0,10.0,7.558029211886275,-4.525687826150874,0.0,1.0,HYPE,仓位样本不足，暂不影响权重
2356549,1595,2026-08-30 07:17:52,30,0x57baee0482d81f19eff86257425033af3f875b86,smart_money,P-N,50.0,1.0,1,0,1,,,-88.42241890100196,-88.42241890100196,1501.6758333333332,1.0,1.0,0.0,-90.3740026198251,1.0,0.0,XPL,仓位样本不足，暂不影响权重
2357223,1595,2026-08-30 07:17:52,30,0x57d8e75f473cd6346495c9b6760a580018e840e6,smart_money,P-B,67.72700043497466,1.0,3943,3904,39,0.5363729508196722,0.09048737708529399,0.04312341610118235,0.09044693879880142,7.231955575281093,4.225970073548059,5.0,0.983392024282704,-0.8793392472421142,0.38701496322597007,0.0,"ADA,TAO,TRX,ANIME,HEMI",仓位表现普通有效
2357694,1595,2026-08-30 07:17:52,30,0x58120e7628a3d85fbaff5faa84d178eacd213c9b,smart_money,P-R,25.0,-0.8,23,23,0,0.34782608695652173,-7.461389260114938,,-7.461389260114938,804.4004227053139,5.086956521739131,20.0,20.132520033449588,-15.275666197916392,0.6086956521739131,0.17391304347826086,"BCH,BTC,FOGO,ME,MERL",仓位真实收益偏反向，可作为反向参考
2357622,1595,2026-08-30 07:17:52,30,0x581796f091e9304d7796a86916886d95fa544dad,smart_money,P-N,50.0,1.0,1,1,0,0.0,-0.1149236578558539,,-0.1149236578558539,1.0016666666666667,3.0,3.0,0.0,-2.035790510589394,1.0,0.0,ZORA,仓位样本不足，暂不影响权重
2357160,1595,2026-08-30 07:17:52,30,0x5875d72130981b18692a3d29545e4038f7eb0c38,smart_money,P-G,45.49104688706974,0.65,9,6,3,0.5,2.460281470644212,-4.194287050846039,0.4910468870697417,228.02194444444442,16.666666666666668,40.0,5.518517690038088,-5.704510548037269,0.0,1.0,"WLD,BTC,HYPE,LINK",高杠杆/短线赌徒型，长期单降权
2357575,1595,2026-08-30 07:17:52,30,0x588432f54227364caf999a6df88dbf86a90f4772,smart_money,P-B,66.37191354934339,1.0,131,131,0,0.5190839694656488,0.018017843373981324,,0.018017843373981324,2.274949109414757,3.4885496183206106,6.0,0.2146570654226487,-0.1789378795721833,0.5877862595419847,0.0,BTC,仓位表现普通有效
2356550,1595,2026-08-30 07:17:52,30,0x58a722b5f37435cab8957a17fc575bb136e0b48b,smart_money,P-G,52.06103172143682,0.65,6,4,2,0.75,3.4863951117260275,17.154544105897948,7.061031721436817,696.0018518518518,16.666666666666668,20.0,18.406618574023557,-5.969962347717964,0.0,1.0,"BTC,HYPE,WLD",高杠杆/短线赌徒型，长期单降权
2356551,1595,2026-08-30 07:17:52,30,0x58d143119b3529ed4b291b5e0dc9a30e89d1f6ad,smart_money,P-G,35.0,0.65,3,0,3,,,-18.96100595227499,-18.96100595227499,1456.6921296296296,12.666666666666666,25.0,25.151118034883826,-34.76459555405671,0.3333333333333333,0.6666666666666666,"ETH,HYPE,GRASS",高杠杆/短线赌徒型，长期单降权
2357191,1595,2026-08-30 07:17:52,30,0x592838c5d6ffb870c20bf4f13d1089259354d5f9,smart_money,P-B,68.12998303372765,1.0,2886,2857,29,0.5495274763738187,0.20216586277049808,-0.11733393937529821,0.19882021107054074,7.696266843766842,4.588357588357589,10.0,1.2177007724662634,-0.9300432692627203,0.29764379764379767,0.036729036729036726,"PUMP,CASHCAT,CRV,XLM,LIT",仓位表现普通有效
2356994,1595,2026-08-30 07:17:52,30,0x5970d203949c26e7b80a262648f400e44df6cf4e,smart_money,P-N,50.0,1.0,1,0,1,,,11.488910145274106,2.8890300165503953,806.0188888888889,10.0,10.0,42.229628743946904,-3.950827826334122,0.0,1.0,SUI,仓位样本不足，暂不影响权重
2357062,1595,2026-08-30 07:17:52,30,0x5986347c1d0133d02d307f08bb1efd44c2eb89d9,smart_money,P-G,47.92997958429905,0.65,24,22,2,0.22727272727272727,0.10245379752058063,34.03276323886218,2.929979584299048,53.459178240740755,29.166666666666668,40.0,4.2674704523607465,-0.5553567890313555,0.0,1.0,"BTC,SOL,ETH,ZEC",高杠杆/短线赌徒型，长期单降权
2357298,1595,2026-08-30 07:17:52,30,0x598930e14f4496e77593d0ccc6d7ab2e9179bc29,smart_money,P-N,50.0,1.0,1,0,1,,,1.7355714891212164,1.7355714891212162,70.00277777777778,3.0,3.0,19.67849321842328,-8.255586146184854,1.0,0.0,CASHCAT,仓位样本不足，暂不影响权重
2357027,1595,2026-08-30 07:17:52,30,0x5a19bfe9c095c3bd188eca00a690b95200797aba,smart_money,P-R,25.0,-0.8,8,4,4,0.25,2.052716283857431,-0.44201256112387965,-0.7197981510728857,252.00725694444444,3.0,4.0,16.720366086782764,-28.18251668648888,0.5,0.0,"CASHCAT,PUMP,FARTCOIN,PURR",仓位真实收益偏反向，可作为反向参考
2357019,1595,2026-08-30 07:17:52,30,0x5a29ad4553f8d1a7058ba7d6bd97cda39cfcc492,smart_money,P-N,50.0,1.0,2,1,1,1.0,8.756544547030826,-2.926824764773846,2.91485989112849,736.3370833333333,1.5,2.0,11.760265963279494,-4.330573312752767,1.0,0.0,"GRAM,BTC",仓位样本不足，暂不影响权重
2357682,1595,2026-08-30 07:17:52,30,0x5aadb434293b4e1b8fb2e84007e567506fe65a96,smart_money,P-C,38.74627493965654,0.75,3,3,0,0.3333333333333333,-2.17913547043671,,-2.17913547043671,21.000833333333336,3.6666666666666665,5.0,1.5465805238532508,-4.330444770151205,0.6666666666666666,0.0,"PUMP,ETH",仓位收益偏弱，降权参考
2356552,1595,2026-08-30 07:17:52,30,0x5ad96a3986b9d2cfab1d39c68002edd17263f5ef,smart_money,P-R,25.0,-0.8,26,4,22,0.25,-5.5592340755132,-2.082445753805966,-2.9231954564989833,1301.7705128205127,2.0,2.0,11.708396845896589,-20.04061431623319,1.0,0.0,"LINK,UNI,AAVE,AVAX,BCH",仓位真实收益偏反向，可作为反向参考
2356553,1595,2026-08-30 07:17:52,30,0x5b1c220c5d481ae836a5457778f3175d62e48305,smart_money,P-A,100.0,1.15,5,1,4,1.0,47.92940963254949,3.517902816328368,14.21284111286655,1201.741111111111,7.6,10.0,40.84897269847573,-16.12532887209659,0.2,0.6,"AXS,HYPE,ME,ZEC,TRUMP",仓位收益稳定，适合加权参考
2356554,1595,2026-08-30 07:17:52,30,0x5b53358eca5790fa4c268ad6813386b3a86549c7,money_printer,P-N,50.0,1.0,1,0,1,,,-36.5127684762388,-36.5127684762388,1501.6758333333332,10.0,10.0,40.501437510569936,-58.74767461525453,0.0,1.0,ENA,仓位样本不足，暂不影响权重
2356555,1595,2026-08-30 07:17:52,30,0x5b5d51203a0f9079f8aeb098a6523a13f298c060,money_printer,P-B,74.30085184775541,1.0,10,2,8,0.5,0.04684525909435565,2.90373684401923,3.1504259238777035,1115.4913055555555,6.0,10.0,29.209932198262248,-16.6998705947273,0.0,0.2,"BTC,FARTCOIN,HYPE,PUMP,SOL",仓位表现普通有效
2357424,1595,2026-08-30 07:17:52,30,0x5b5f798b94f54d33ba316c8b1c837e930c90c052,smart_money,P-G,44.96211599492076,0.65,13,12,1,0.5833333333333334,-0.1943777977967753,1.8400415075311458,-0.037884005079242895,10.693739316239315,22.307692307692307,40.0,1.5149355482342455,-0.7567455763502866,0.0,1.0,"ZEC,BTC,HYPE,SOL",高杠杆/短线赌徒型，长期单降权
2357201,1595,2026-08-30 07:17:52,30,0x5b6d236e39a4723a8f79db93cfd1af4d228f9c60,smart_money,P-G,36.7013433347553,0.65,8,5,3,0.2,-15.109512813996929,3.0527702493423465,-8.298656665244701,336.9590625,10.0,10.0,9.26311329996969,-16.204594418613656,0.0,1.0,"ZEC,HYPE,PUMP",高杠杆/短线赌徒型，长期单降权
2356556,1595,2026-08-30 07:17:52,30,0x5bc43f38c2ddcd85857f218674cd384f172c3b0c,money_printer,P-C,77.21285549474432,0.75,24,10,14,0.7,2.458234855992443,-11.772335394995249,-3.7946284611858734,950.8190046296295,6.833333333333333,20.0,15.199303844243303,-29.840591681561207,0.3333333333333333,0.25,"BNB,MON,PAXG,SOL,ZEC",仓位收益偏弱，降权参考
2357184,1595,2026-08-30 07:17:52,30,0x5c3f8fdc2c99cd27576f36d13446f33c58e67a24,smart_money,P-R,25.0,-0.8,18,14,4,0.35714285714285715,-7.39962538083062,3.539739095055654,-4.638822493965043,61.89492283950616,3.7777777777777777,5.0,5.152830052135172,-8.318003418561176,0.4444444444444444,0.0,"ADA,XRP,TAO,TRUMP,WLD",仓位真实收益偏反向，可作为反向参考
2356557,1595,2026-08-30 07:17:52,30,0x5c5267a02593366f681365ec057e2c5099fa6f88,smart_money,P-C,43.98970004336019,0.75,5,0,5,,,42.74344968213404,42.74344968213404,1501.6758333333332,8.2,25.0,60.877792945647705,-26.31752417317198,0.6,0.4,"ETH,FARTCOIN,HYPE,MET,MON",仓位收益偏弱，降权参考
2356558,1595,2026-08-30 07:17:52,30,0x5cb20485ede692b76ad1f12ee70d089437b99de8,smart_money,P-N,50.0,1.0,2,0,2,,,-50.820107626908865,-50.820107626908865,1501.6758333333332,4.0,4.0,23.292569860096748,-70.64758703427678,0.0,0.0,"BNB,HYPE",仓位样本不足，暂不影响权重
2356559,1595,2026-08-30 07:17:52,30,0x5cd30f546267012ef19704616fc77ed27f790ec2,smart_money,P-N,50.0,1.0,1,0,1,,,-90.78741024018488,-90.78741024018488,1501.6758333333332,3.0,3.0,0.0,-92.067570913693,1.0,0.0,LAYER,仓位样本不足，暂不影响权重
2357086,1595,2026-08-30 07:17:52,30,0x5cfd4e2c982a66b32120e43b016f29c21cbe9b7b,smart_money,P-G,45.57832257185953,0.65,10,8,2,0.375,-1.2227756545942312,7.963142250839461,0.5783225718595315,51.304222222222236,13.3,30.0,7.084423417299139,-3.7452845618402875,0.1,0.8,"FARTCOIN,BTC,SPX,ZEC,SOL",高杠杆/短线赌徒型，长期单降权
2357771,1595,2026-08-30 07:17:52,30,0x5d8265f9f86d0b354d24ce76146aa7b6054001f8,smart_money,P-B,100.0,1.0,10,10,0,0.9,14.197213704567323,,14.197213704567323,1121.4259722222223,8.5,20.0,24.809060846981744,-9.326258730946032,0.0,0.5,"ETH,LINK,ENA,GRAM,NEAR",仓位表现普通有效
2357784,1595,2026-08-30 07:17:52,30,0x5d9d19a3e5005225f13780fa10c198f87816670d,smart_money,P-N,50.0,1.0,2,2,0,0.5,3.84595499128954,,3.84595499128954,371.00097222222223,3.5,4.0,17.56052706225831,-7.698073582498849,0.5,0.0,"LIT,PUMP",仓位样本不足，暂不影响权重
2357171,1595,2026-08-30 07:17:52,30,0x5df2fed8188902f86f2074b70fd36ed3a39a1256,smart_money,P-N,50.0,1.0,2,1,1,1.0,34.49627498523816,-1.8782804787970369,16.30899725322056,777.235,15.0,20.0,18.998414036532363,-8.071212363523625,0.0,1.0,"HYPE,SOL",仓位样本不足，暂不影响权重
2356560,1595,2026-08-30 07:17:52,30,0x5e0c78f6360514ac1d4ea4ab9a2a232284458e69,smart_money,P-C,66.0481714656085,0.75,9,5,4,0.6,-3.802161460981761,-7.330334451027285,-5.136015703281256,640.2805246913581,7.222222222222222,33.0,9.428078514551736,-18.82950118443166,0.4444444444444444,0.1111111111111111,"BTC,ZEC,HYPE,NEAR,PENGU",仓位收益偏弱，降权参考
2357247,1595,2026-08-30 07:17:52,30,0x5e13d5cedbddd7237f659947ce64bec1294e2607,money_printer,P-B,82.70340267153479,1.0,12,11,1,0.5454545454545454,2.807212921861491,-4.899410999770515,2.36488601462018,33.1662962962963,1.25,3.0,6.926664473888632,-4.469939335771779,1.0,0.0,"SUI,GRASS,MORPHO,ZEC,ENA",仓位表现普通有效
2357234,1595,2026-08-30 07:17:52,30,0x5e8e18557c0df89fb79a41941c03768da69100af,smart_money,P-G,46.588794989328214,0.65,37,12,25,0.75,0.8400193289879759,1.9482073062915248,1.588794989328212,69.08763513513514,10.135135135135135,40.0,4.468119980972804,-2.500110272057357,0.0,0.7837837837837838,"APT,ARB,AVAX,DOGE,WLD",高杠杆/短线赌徒型，长期单降权
2356561,1595,2026-08-30 07:17:52,30,0x5e9eadc22514f35af45de3ea4c3c9e56d21435ee,smart_money,P-N,50.0,1.0,1,0,1,,,-43.0894261646577,-43.15135018404177,1501.6758333333332,20.0,20.0,7.572918025786711,-49.088149486788794,0.0,1.0,ETH,仓位样本不足，暂不影响权重
2357342,1595,2026-08-30 07:17:52,30,0x5eeb5a0cb514bf3843d5f1c24752ee0e3b08f46c,smart_money,P-R,25.0,-0.8,55,51,4,0.3333333333333333,-0.20706603015633007,0.6814323397410693,-0.10448950700864687,30.237409090909093,6.672727272727273,9.0,2.1214812420658813,-1.9715845076721181,0.0,0.0,"UNI,HYPE,ZEC,DOGE,LINK",仓位真实收益偏反向，可作为反向参考
2357493,1595,2026-08-30 07:17:52,30,0x5efc5eaa41ebfefcc122e7600d3ac81549b6dd8d,smart_money,P-G,45.69341276926457,0.65,22,21,1,0.6190476190476191,0.7189671047494621,0.1567717240817619,0.6934127692645667,22.455303030303035,26.045454545454547,40.0,1.5760657791115584,-0.6287157658899378,0.0,0.9090909090909091,"BTC,ETH,XRP,SOL,PUMP",高杠杆/短线赌徒型，长期单降权
2357024,1595,2026-08-30 07:17:52,30,0x5f1055597a652a50c67e62bcf2912dc621bfd49d,smart_money,P-G,55.4590032988234,0.65,4,1,3,0.0,-0.45813614740458164,14.098049780899387,10.459003298823395,219.50333333333333,13.75,20.0,16.453686761018,-2.571316360906751,0.0,0.75,"SOL,SUI,TAO",高杠杆/短线赌徒型，长期单降权
2356562,1595,2026-08-30 07:17:52,30,0x5f1ff6f82d95ee2aaf599577024c5d37c860b0a8,smart_money,P-G,35.0,0.65,3,0,3,,,-58.953141642767804,-58.953141642767804,1501.6758333333335,20.0,40.0,13.134803372299267,-69.5526409200791,0.0,1.0,"BTC,HYPE,TRX",高杠杆/短线赌徒型，长期单降权
2356563,1595,2026-08-30 07:17:52,30,0x5f4f59301e46bf6f6603a8c4cf826bdac70339d1,smart_money,P-N,50.0,1.0,1,0,1,,,-1.3063391950951835,1.0227907701847427,1501.6758333333332,20.0,20.0,21.293939574454264,-9.300622234737915,0.0,1.0,BTC,仓位样本不足，暂不影响权重
2356564,1595,2026-08-30 07:17:52,30,0x5f94a51948d2376ad34a6fadfa2544e651b74b96,money_printer,P-B,83.42422680822206,1.0,22,4,18,0.5,13.2477946515187,23.47336608345312,21.596706548766278,982.5222853535349,7.863636363636363,10.0,36.962135834668736,-9.755641220091638,0.045454545454545456,0.5,"TRUMP,ADA,DOT,LIT,NEAR",仓位表现普通有效
2357101,1595,2026-08-30 07:17:52,30,0x5fdbf83c3d95d525704f61401db68cbec1b2a775,smart_money,P-B,84.77121254719663,1.0,3,2,1,0.5,13.390556953847462,26.946815495732125,17.909309801142353,641.8883333333333,4.666666666666667,9.0,32.37728287740944,-3.700056060272381,0.6666666666666666,0.0,"FARTCOIN,BTC,HYPE",仓位表现普通有效
2356957,1595,2026-08-30 07:17:52,30,0x5fe77169ee8a147ee63662160449c9bc84570f3b,smart_money,P-N,50.0,1.0,1,0,1,,,22.594304817735054,22.594304817735054,1211.0030555555556,20.0,20.0,26.474748914744588,-3.0727101541681505,0.0,1.0,BTC,仓位样本不足，暂不影响权重
2357207,1595,2026-08-30 07:17:52,30,0x603f6575750b2da949a84ff412b68e762bcd75a3,smart_money,P-C,69.79361181641343,0.75,22,19,3,0.47368421052631576,1.3786304495007022,1.690386897802128,1.105745135674636,64.86190656565655,3.409090909090909,6.0,7.073347747630495,-2.5545259215624045,0.8181818181818182,0.0,"HYPE,ZEC,LIT,ASTER,PUMP",仓位收益偏弱，降权参考
2357813,1595,2026-08-30 07:17:52,30,0x60826ae62cbe3bfaabc1ba335627adc858435e14,smart_money,P-G,45.449429185955786,0.65,5,5,0,1.0,0.4494291859557841,,0.4494291859557841,16.21644444444444,25.0,25.0,0.88875053106933,-0.15535205744629837,0.0,1.0,ETH,高杠杆/短线赌徒型，长期单降权
2356565,1595,2026-08-30 07:17:52,30,0x60a8c761f39696b3b419f31dcda20b405cb685f6,money_printer,P-N,50.0,1.0,2,0,2,,,31.347207377606914,31.347207377606914,1501.6758333333332,15.0,20.0,42.61439513024472,-11.828493849586474,0.0,1.0,"BTC,FARTCOIN",仓位样本不足，暂不影响权重
2357179,1595,2026-08-30 07:17:52,30,0x610b8dd6b392d010c2b6ad8d121dfc09524cb613,smart_money,P-A,83.93016461293789,1.15,10,8,2,0.625,2.5827840551024366,-2.38072468806503,1.5900823064689433,291.3348611111111,3.5,5.0,5.63876056806509,-4.678666233716482,0.7,0.0,"SOL,HYPE,DOGE,XRP,LIT",仓位收益稳定，适合加权参考
2356566,1595,2026-08-30 07:17:52,30,0x615d54d75193c93f28166adcf7b615d5d47b4dbe,smart_money,P-N,50.0,1.0,1,0,1,,,65.60941960416352,65.60941960416352,1501.6758333333332,10.0,10.0,71.52748511040957,0.0,0.0,1.0,HYPE,仓位样本不足，暂不影响权重
2357775,1595,2026-08-30 07:17:52,30,0x615f9484c8f46ca4fd4d2c0291c42661043a3d87,smart_money,P-G,46.76674762451243,0.65,5,5,0,0.8,1.7667476245124356,,1.7667476245124356,10.799611111111112,18.0,40.0,2.8665689664011333,-0.47363529151353545,0.0,0.6,"MON,ETH,BTC",高杠杆/短线赌徒型，长期单降权
2356567,1595,2026-08-30 07:17:52,30,0x616d43c28a376d835d336383fd9423090651dbd6,smart_money,P-G,35.0,0.65,3,0,3,,,-24.74944012678209,-22.081781995368157,1501.6758333333335,18.333333333333332,20.0,16.990950691500476,-28.863695523867236,0.0,1.0,"BTC,ETH,SOL",高杠杆/短线赌徒型，长期单降权
2356568,1595,2026-08-30 07:17:52,30,0x617eb09d7869de4ea8a9768c5c657ff7c2d80f97,smart_money,P-C,48.03089986991944,0.75,8,2,6,0.5,13.186281077740826,-19.98480980135095,-11.692037081578006,720.1051388888889,5.625,10.0,20.6672596122408,-30.491970241116704,0.25,0.25,"ETH,XMR,PAXG,TAO,AERO",仓位收益偏弱，降权参考
2357610,1595,2026-08-30 07:17:52,30,0x618d69438f6c5785a72d0024a8cb73b81c356e34,smart_money,P-G,44.05833991160716,0.65,5,5,0,0.4,-0.9416600883928373,,-0.9416600883928373,12.601444444444446,14.2,20.0,0.6514506739772382,-1.515925803844133,0.2,0.6,"BTC,HYPE,VINE,ETH",高杠杆/短线赌徒型，长期单降权
2357414,1595,2026-08-30 07:17:52,30,0x61b6cfd715d70df1b1822763639e75a575a23c12,smart_money,P-A,79.12334700121147,1.15,7,6,1,0.6666666666666666,1.636525266297136,0.9087179487179525,1.502849967201115,24.00043650793651,3.5714285714285716,5.0,2.0352210475795762,-0.2669945199997918,0.42857142857142855,0.0,"ETH,ENA",仓位收益稳定，适合加权参考
2357087,1595,2026-08-30 07:17:52,30,0x61bf199fabf0d2ec9dc98b9bcf8084aca32bc0de,smart_money,P-G,41.360115181235415,0.65,51,46,5,0.4782608695652174,-3.6235241079085396,-4.363756609494586,-3.639884818764582,697.0214379084965,10.72549019607843,40.0,7.550907836062116,-16.239677897862244,0.0784313725490196,0.5882352941176471,"HYPE,BTC,ZEC,SPX,ETH",高杠杆/短线赌徒型，长期单降权
2356569,1595,2026-08-30 07:17:52,30,0x61ceef212ff4a86933c69fb6aca2fe35d8f2a62b,money_printer,P-G,40.57642104754085,0.65,37,33,4,0.6666666666666666,0.21465994793651796,-42.68904988072347,-4.423578952459156,150.05010510510508,16.2972972972973,20.0,2.1169232463539323,-8.036746278391368,0.02702702702702703,0.972972972972973,"BTC,ETH,SOL,AVAX,HYPE",高杠杆/短线赌徒型，长期单降权
2357243,1595,2026-08-30 07:17:52,30,0x61d897b1246fd61076914b619310707dc0be790e,smart_money,P-N,50.0,1.0,1,0,1,,,-28.058112773302646,-28.058112773302646,132.99166666666667,1.0,1.0,0.0,-44.34119677790564,1.0,0.0,CASHCAT,仓位样本不足，暂不影响权重
2357811,1595,2026-08-30 07:17:52,30,0x61f2bb695d81ac9fce0b1d01fd45cc6b2925a571,smart_money,P-N,50.0,1.0,1,1,0,0.0,-3.4830197575282313,,-3.4830197575282313,682.9994444444444,13.0,13.0,3.0153251415159414,-8.153522064121534,0.0,1.0,ETH,仓位样本不足，暂不影响权重
2356570,1595,2026-08-30 07:17:52,30,0x621c5551678189b9a6c94d929924c225ff1d63ab,money_printer,P-G,45.24665907851903,0.65,999,958,41,0.605427974947808,0.20427229557486634,0.9083809330696754,0.24665907851903152,35.40049132465801,11.343343343343344,20.0,1.8184993866174164,-1.7490329769978037,0.02902902902902903,0.7857857857857858,"ETH,BTC,SUI,TRUMP,WLD",高杠杆/短线赌徒型，长期单降权
2357162,1595,2026-08-30 07:17:52,30,0x625e239e46d3ad052e23f396de3a569f6fd504e7,money_printer,P-N,50.0,1.0,2,0,2,,,-13.69364092153194,-13.69364092153194,203.01638888888888,15.0,20.0,0.10121123444702225,-17.838485085911117,0.0,1.0,"HYPE,SOL",仓位样本不足，暂不影响权重
2357687,1595,2026-08-30 07:17:52,30,0x633fe8fa1940888c7e81f1af57116c77b2fe1bda,smart_money,P-N,50.0,1.0,2,2,0,0.5,-4.6888342861715575,,-4.6888342861715575,232.00013888888887,8.5,10.0,6.093537942814362,-9.655596070984716,0.0,0.5,"DOGE,BTC",仓位样本不足，暂不影响权重
2357095,1595,2026-08-30 07:17:52,30,0x63618d66c7a6a487491e2d0793f7b5b1c86485c0,smart_money,P-G,44.639665466820055,0.65,9,5,4,0.6,14.65425883354188,-19.128576241582227,-0.36033453317994446,559.2266358024691,13.555555555555555,40.0,16.903460269059817,-19.550043231994824,0.4444444444444444,0.5555555555555556,"BTC,HYPE,PURR,STBL,ONDO",高杠杆/短线赌徒型，长期单降权
2357743,1595,2026-08-30 07:17:52,30,0x6361d059ce1d9f49991dc7410972d3ad7b698773,smart_money,P-N,50.0,1.0,1,1,0,1.0,3.6216174132287984,,3.6216174132287984,1257.6602777777778,20.0,20.0,4.412147817207802,-12.96005725356563,0.0,1.0,BTC,仓位样本不足，暂不影响权重
2356571,1595,2026-08-30 07:17:52,30,0x639c38ad64462870cca86a9cfa633b27cb7361f8,smart_money,P-N,50.0,1.0,2,0,2,,,-43.75130213703247,-43.751302137032475,1501.6758333333332,9.0,15.0,14.463422714997073,-47.89947526795394,0.5,0.5,"BTC,NIL",仓位样本不足，暂不影响权重
2356572,1595,2026-08-30 07:17:52,30,0x63d417a577b50c96f4f09148d4e4d70950db0522,money_printer,P-A,86.86258275267281,1.15,65,42,23,0.5952380952380952,2.2639881349005626,8.419468637031228,4.521034966079997,503.70269230769225,7.3076923076923075,20.0,17.665684179984382,-13.207341690763554,0.4307692307692308,0.2923076923076923,"BTC,CASHCAT,XRP,CC,ENA",仓位收益稳定，适合加权参考
2357051,1595,2026-08-30 07:17:52,30,0x6410b0886a1f0db4c1242e1190013fe4b1e85bcd,smart_money,P-G,38.72004448500756,0.65,6,4,2,0.25,-2.461195455481219,-14.77045327974041,-6.279955514992441,498.7913425925926,16.666666666666668,20.0,3.0323471190167033,-11.357887562947113,0.0,1.0,"ETH,HYPE,BTC,SOL",高杠杆/短线赌徒型，长期单降权
2356573,1595,2026-08-30 07:17:52,30,0x641edd3f198101eb13ce9228a415cbf02b62b6c8,smart_money,P-C,72.13401419464196,0.75,29,17,12,0.6470588235294118,2.844135267093151,-11.883349011287029,-3.2541106812204434,471.5366475095786,6.793103448275862,20.0,11.846712363358378,-14.691654487909732,0.3103448275862069,0.41379310344827586,"VVV,FARTCOIN,KAITO,SKR,ZEC",仓位收益偏弱，降权参考
2356574,1595,2026-08-30 07:17:52,30,0x6427ef069a0ffa80c2dbf675479833500f429eca,smart_money,P-C,48.22235330984232,0.75,12,10,2,0.5,-4.815378943884637,-15.320371935157116,-5.618062908650299,259.05509259259253,8.0,10.0,10.431512917799052,-16.526837414809794,0.08333333333333333,0.6666666666666666,"TRUMP,ENA,JTO,FARTCOIN,ARB",仓位收益偏弱，降权参考
2356575,1595,2026-08-30 07:17:52,30,0x643430283b19fa5bd70a1138b495c2b43523cdd5,money_printer,P-B,72.83466600412194,1.0,15,4,11,0.5,9.348785281877264,-2.9944038038051644,1.536876706782566,836.8657962962964,7.066666666666666,20.0,19.85512426979244,-15.281188147244945,0.4666666666666667,0.2,"HYPE,BTC,ASTER,GMX,MORPHO",仓位表现普通有效
2357637,1595,2026-08-30 07:17:52,30,0x644f7170fae9d4d173d9217f03b7a77e22ed98f1,smart_money,P-C,57.61680689504812,0.75,762,762,0,0.47506561679790027,-0.10235770733158109,,-0.10235770733158109,1.7837656751239412,6.011811023622047,20.0,0.6995097054769542,-0.8479427358194568,0.2125984251968504,0.27165354330708663,"XMR,LIT,VVV,ETHFI,XPL",仓位收益偏弱，降权参考
2356576,1595,2026-08-30 07:17:52,30,0x645b2eeaa0a46df3c4211bebda1b2c7703e287b8,money_printer,P-B,82.77613787691342,1.0,24,12,12,0.75,3.1256906518282044,-4.391157473906088,0.15367939656534116,560.7315162037038,9.458333333333334,20.0,8.597088434605668,-11.132564425219948,0.16666666666666666,0.5416666666666666,"ASTER,BTC,ZEC,CASHCAT,TRUMP",仓位表现普通有效
2357152,1595,2026-08-30 07:17:52,30,0x649156ebf0a350deb18a1e4835873defd4dc5349,money_printer,P-N,50.0,1.0,1,0,1,,,-10.084438923833188,-10.084438923833188,210.0175,10.0,10.0,1.9365452719488423,-14.018314921507468,0.0,1.0,HYPE,仓位样本不足，暂不影响权重
2356577,1595,2026-08-30 07:17:52,30,0x64d0c26f561c1a653a2fe48337e9970275564d45,smart_money,P-N,50.0,1.0,1,0,1,,,46.624911248605336,46.624911248605336,1501.6758333333332,20.0,20.0,64.2425702403895,0.0,0.0,1.0,SOL,仓位样本不足，暂不影响权重
2356578,1595,2026-08-30 07:17:52,30,0x64dd467d1e5c2cf2be87fea20713159dbc12ca76,smart_money,P-N,50.0,1.0,1,0,1,,,-31.354676152364025,-31.354676152364025,1501.6758333333332,10.0,10.0,19.050704962646908,-36.04864573380131,0.0,1.0,HYPE,仓位样本不足，暂不影响权重
2357133,1595,2026-08-30 07:17:52,30,0x64f4e14a603a6383f459e16f4781a6b30611dfb8,smart_money,P-A,100.0,1.15,7,6,1,0.8333333333333334,22.17131312447664,19.185536247147628,21.744773570572498,248.4313888888889,6.142857142857143,10.0,24.37533936022283,-2.462123570212747,0.0,0.14285714285714285,"SOL,PUMP,BTC,MON,ETH",仓位收益稳定，适合加权参考
2357818,1595,2026-08-30 07:17:52,30,0x64ffaa34fffc59e84d3e7731812b3a63397af7c6,smart_money,P-N,50.0,1.0,1,1,0,1.0,22.259313113109013,,22.259313113109013,929.67,3.0,3.0,31.468321421013467,0.0,1.0,0.0,VVV,仓位样本不足，暂不影响权重
2357451,1595,2026-08-30 07:17:52,30,0x654086857e1fad6dcf05cf6695cce51ea3984268,smart_money,P-G,44.97507480738081,0.65,555,552,3,0.5144927536231884,-0.024943741275628397,-0.024490422543010232,-0.024925192619196193,2.9712402402402422,10.0,10.0,0.3151225390980847,-0.3072228277942024,0.0,1.0,"BTC,ETH,HYPE",高杠杆/短线赌徒型，长期单降权
2356579,1595,2026-08-30 07:17:52,30,0x654ed1d8631de7feb6b4e5fd9965687504a80c4a,smart_money,P-G,65.0,0.65,3,1,2,1.0,81.62772560708524,6.77046668264276,31.72288632412359,1408.0037037037036,11.0,20.0,52.6174869858674,-3.709164343412683,0.3333333333333333,0.6666666666666666,"AVAX,SOL,RESOLV",高杠杆/短线赌徒型，长期单降权
2356580,1595,2026-08-30 07:17:52,30,0x655b62e1a4ca9cfe5c761b8dc3defda98be41e9f,smart_money,P-N,50.0,1.0,1,0,1,,,-4.922706365838385,-4.922706365838385,1501.6758333333332,1.0,1.0,3.5367280842609574,-19.86432789919168,1.0,0.0,ASTER,仓位样本不足，暂不影响权重
2357452,1595,2026-08-30 07:17:52,30,0x657cf179cc91ccfc8cd534d5015a49e690b495f1,smart_money,P-B,68.6032238027367,1.0,96,95,1,0.5473684210526316,0.14453361836362888,0.211549962031132,0.14371716452623562,7.916820023148148,5.0,5.0,0.3879572959689348,-0.2498886862162405,0.0,0.0,BTC,仓位表现普通有效
2356581,1595,2026-08-30 07:17:52,30,0x65aee08c9235025355ac6c5ad020fb167ecef4fe,smart_money,P-G,41.99021120223142,0.65,27,6,21,1.0,8.12521001463594,-2.334778242318027,-3.0097887977685787,736.8851748971194,10.074074074074074,40.0,15.245714690368205,-21.37781504666436,0.14814814814814814,0.6296296296296297,"VVV,LIT,BNB,BTC,CC",高杠杆/短线赌徒型，长期单降权
2357372,1595,2026-08-30 07:17:52,30,0x65d0ab18172c32e37cd7f39d1ad3f9c5de8bdfb0,smart_money,P-B,72.2765774924058,1.0,23,20,3,0.65,3.64178304197382,1.9987597270557302,3.4274756530714616,129.78754830917876,10.130434782608695,20.0,8.000591988674861,-3.6693080893617855,0.2608695652173913,0.43478260869565216,"BTC,VVV,ZEC,LIT,ENA",仓位表现普通有效
2356582,1595,2026-08-30 07:17:52,30,0x65f1de0d3715941dad6a1279d8d0a96a2eeb8171,smart_money,P-N,50.0,1.0,1,0,1,,,-8.925561396988707,-8.925561396988707,1501.6758333333332,20.0,20.0,19.081303562903056,-12.373352486181684,0.0,1.0,BTC,仓位样本不足，暂不影响权重
2357211,1595,2026-08-30 07:17:52,30,0x6608d5342ca0fc0acf0c334c2496f1542af1fc71,smart_money,P-C,42.166528851591934,0.75,3,0,3,,,1.1976581521976564,1.1976581521976564,130.66833333333332,1.6666666666666667,2.0,13.58739711501797,-9.444112823464572,1.0,0.0,"AAVE,UNI,CASHCAT",仓位收益偏弱，降权参考
2356583,1595,2026-08-30 07:17:52,30,0x6628f829994f1756257e6c2468dabd675a530a1d,smart_money,P-B,58.38243971794179,1.0,32,25,7,0.48,-0.2981341951834443,0.0362946725429627,-0.42128014102910316,206.83429687499998,10.1875,40.0,2.8494953833809338,-4.027308949782277,0.53125,0.21875,"CELO,XMR,BTC,ETH,TAO",仓位表现普通有效
2356584,1595,2026-08-30 07:17:52,30,0x66339a4c857997b2cb3a1139cc37f68fbdf9a795,smart_money,P-C,38.02161013128399,0.75,7,0,7,,,-1.2292719886965915,2.713886294142138,1501.675833333333,4.571428571428571,10.0,29.052761213695526,-31.319212280374092,0.5714285714285714,0.14285714285714285,"MELANIA,PROVE,STABLE,TRUMP,VVV",仓位收益偏弱，降权参考
2357061,1595,2026-08-30 07:17:52,30,0x663f2673c6cef165d4e027585ed300a6b74245da,smart_money,P-R,25.0,-0.8,6,3,3,0.3333333333333333,0.6910329566617651,-38.979933168023656,-3.4125015128139684,161.3423148148148,9.166666666666666,20.0,2.4365323538999832,-26.807643445016215,0.0,0.5,"HYPE,ETHFI,PUMP,VIRTUAL,ETH",仓位真实收益偏反向，可作为反向参考
2357709,1595,2026-08-30 07:17:52,30,0x6661db9a250e02444f6f9de670c6d923bcd84cc4,smart_money,P-G,44.18694000030649,0.65,11,11,0,0.5454545454545454,-0.8130599996935103,,-0.8130599996935103,18.181767676767677,40.0,40.0,0.27403980009976764,-1.3347166306789295,0.0,1.0,BTC,高杠杆/短线赌徒型，长期单降权
2356585,1595,2026-08-30 07:17:52,30,0x6666885961fec8ed58ddb45637ea41c02d6423f5,money_printer,P-N,50.0,1.0,1,0,1,,,109.25538915988888,109.25538915988888,1501.6758333333332,10.0,10.0,116.73314678710118,0.0,0.0,1.0,HYPE,仓位样本不足，暂不影响权重
2356586,1595,2026-08-30 07:17:52,30,0x66701345620a1d2d81e37f9fd8c74491e8c7d525,smart_money,P-G,46.01018615182566,0.65,21,15,6,0.4,1.4770149394785315,1.340618209398392,1.0101861518256543,309.84371693121693,15.333333333333334,40.0,5.9430841347286085,-5.017647043278875,0.19047619047619047,0.5714285714285714,"BTC,DOT,XMR,GOAT,ETH",高杠杆/短线赌徒型，长期单降权
2356587,1595,2026-08-30 07:17:52,30,0x667b8184fcb9e83bf3180bb42f5c67374cde679a,smart_money,P-C,63.17542273842039,0.75,28,21,7,0.3333333333333333,0.5411625341697822,1.9062368042832207,0.6138259744038589,226.8437599206349,8.25,40.0,4.491297874760134,-3.906445873187207,0.07142857142857142,0.14285714285714285,"ETC,BTC,AERO,ETH,GRAM",仓位收益偏弱，降权参考
2356588,1595,2026-08-30 07:17:52,30,0x6697186f603168d01797eded5bd149b44e62de27,smart_money,P-N,50.0,1.0,1,0,1,,,-10.288661609767374,-10.288661609767374,1501.6758333333332,5.0,5.0,54.71616409601503,-13.344636127105048,0.0,0.0,JTO,仓位样本不足，暂不影响权重
2356961,1595,2026-08-30 07:17:52,30,0x66a8e3766b64650fbe4e81a9a42e9ba96ae49db5,smart_money,P-G,46.61593566804258,0.65,8,2,6,0.0,-20.918362779594258,11.47553568739074,1.615935668042578,720.9650694444446,13.875,40.0,16.82524019927874,-28.486915586901098,0.125,0.75,"HYPE,LIT,CASHCAT,ETH,PUMP",高杠杆/短线赌徒型，长期单降权
2357472,1595,2026-08-30 07:17:52,30,0x66d1f704749ced8c60df03cd0ccfce05c5d87fae,smart_money,P-C,70.9944605477393,0.75,9,8,1,0.625,-0.5963211681968754,-0.07027111436775135,-0.5378711622158616,24.67033950617284,8.222222222222221,10.0,1.8099775513271632,-2.6950915801438233,0.0,0.1111111111111111,"HYPE,ZEC",仓位收益偏弱，降权参考
2357654,1595,2026-08-30 07:17:52,30,0x6707013459fa40ab655710bb08690693d539b113,smart_money,P-N,50.0,1.0,1,1,0,0.0,-15.047706716930412,,-15.047706716930412,963.0166666666667,1.0,1.0,24.98502315930974,-20.820730869825706,1.0,0.0,HYPE,仓位样本不足，暂不影响权重
2356589,1595,2026-08-30 07:17:52,30,0x675462411d40a169c3397ac1dc00786dc9c7d3a1,smart_money,P-C,0.02059991327962507,0.75,4,1,3,0.0,-55.10472613119764,-3.2371301184664656,-16.20402912164926,1110.7575,8.75,10.0,17.440456568336398,-32.89453272270488,0.0,0.75,"BCH,ETC,PUMP,ZEC",仓位收益偏弱，降权参考
2357285,1595,2026-08-30 07:17:52,30,0x67870e072059b30eb06530cabebe2a8b50fecb04,smart_money,P-N,50.0,1.0,2,1,1,0.0,-0.6561639923933487,-0.38407867155652353,-0.5179509417529157,43.49944444444444,10.0,10.0,1.6166659237135834,-2.8162828172066843,0.0,1.0,HYPE,仓位样本不足，暂不影响权重
2356942,1595,2026-08-30 07:17:52,30,0x6788e111b25a244e7168847fe19bb1456a8398d4,smart_money,P-C,59.459539672767185,0.75,17,6,11,0.5,-3.0196396747688694,-1.927414401407654,-2.128357123448954,259.9634640522876,9.823529411764707,25.0,8.294800515926525,-11.186430225760356,0.058823529411764705,0.5294117647058824,"ZRO,ZEC,GRAM,AAVE,MORPHO",仓位收益偏弱，降权参考
2357494,1595,2026-08-30 07:17:52,30,0x67cd5c1c4548c7ec1a20fadefca19ad42e6230da,smart_money,P-G,44.96683433911009,0.65,332,331,1,0.5166163141993958,-0.03287388441804191,-0.12974367307664494,-0.03316566088990517,2.1446184738955827,20.0,20.0,0.1547324772679642,-0.197445329548474,0.0,1.0,BTC,高杠杆/短线赌徒型，长期单降权
2357473,1595,2026-08-30 07:17:52,30,0x67f7aa8fb95c47e6ea9c517b623e0701cbf9d9ba,smart_money,P-B,75.00341311682409,1.0,336,335,1,0.5283582089552239,0.00915170525127901,0.015045053836890913,0.009169244979212374,2.14885830026455,2.5476190476190474,4.0,0.2394081738655588,-0.19674146389315617,0.5654761904761905,0.0,ETH,仓位表现普通有效
2356590,1595,2026-08-30 07:17:52,30,0x67fcc46ed2a63971697dad2fc7bb0091fe89e51d,money_printer,P-C,37.405314607132006,0.75,30,0,30,,,3.6879682118491526,3.150384363301022,488.3427592592592,7.733333333333333,20.0,13.93231195181423,-13.971354903736065,0.13333333333333333,0.5333333333333333,"AERO,JTO,MEGA,ZRO,GRAM",仓位收益偏弱，降权参考
2357738,1595,2026-08-30 07:17:52,30,0x6802b4267f7f2bf7003dcf993c51542245b38329,smart_money,P-G,44.92581729714316,0.65,175,175,0,0.5257142857142857,-0.0741827028568345,,-0.0741827028568345,3.4172460317460334,20.0,20.0,0.23436605208200778,-0.30139061392879807,0.0,1.0,"ETH,BTC,SOL",高杠杆/短线赌徒型，长期单降权
2356591,1595,2026-08-30 07:17:52,30,0x6859da14835424957a1e6b397d8026b1d9ff7e1e,money_printer,P-C,84.26731019721609,0.75,39,9,30,0.7777777777777778,6.029060226037558,-10.521448661009755,-1.216772251819307,1120.2576282051284,8.256410256410257,35.0,24.698716835535954,-31.75850388311106,0.20512820512820512,0.48717948717948717,"ZEC,SPX,MEGA,PAXG,AAVE",仓位收益偏弱，降权参考
2356592,1595,2026-08-30 07:17:52,30,0x687843224285d4d2eac58202085041647fa3bf8c,smart_money,P-N,50.0,1.0,1,0,1,,,-14.933467419217902,-14.933467419217902,1501.6758333333332,3.0,3.0,46.70573251953871,-17.83121881285276,1.0,0.0,JTO,仓位样本不足，暂不影响权重
2357218,1595,2026-08-30 07:17:52,30,0x6891ed9ee6a9d0649ffac2bcee814e6899a0e075,smart_money,P-N,50.0,1.0,1,0,1,,,-3.8266587401588623,-3.8266587401588623,160.0038888888889,10.0,10.0,3.1704008130061143,-7.536912475650287,0.0,1.0,HYPE,仓位样本不足，暂不影响权重
2357124,1595,2026-08-30 07:17:52,30,0x68af3f19b7cf1934909bd43776050fe83b0ac654,smart_money,P-C,66.54234269636156,0.75,51,47,4,0.425531914893617,0.2735148552908746,7.023059263421915,0.7697111896492781,33.5109531590414,7.03921568627451,10.0,4.234073046436666,-1.667010482795508,0.0392156862745098,0.0392156862745098,"ETH,ZEC,SOL,PUMP,HYPE",仓位收益偏弱，降权参考
2356593,1595,2026-08-30 07:17:52,30,0x68c151a40b08c6d059d8eddfc0c57e18325c9e38,smart_money,P-C,13.771212547196626,0.75,3,1,2,0.0,-0.4990506932910423,-56.15517113362501,-37.60313098684702,527.2275,4.0,5.0,8.397924847687383,-44.112069744695305,0.3333333333333333,0.0,"HYPE,CASHCAT,BTC",仓位收益偏弱，降权参考
2357088,1595,2026-08-30 07:17:52,30,0x68cd0d2bf68e54ea2d3feb090ff6683a99a0eec2,smart_money,P-N,50.0,1.0,1,0,1,,,36.75619861844352,36.75619861844352,255.01666666666668,10.0,10.0,41.643192025845075,0.0,0.0,1.0,HYPE,仓位样本不足，暂不影响权重
2356594,1595,2026-08-30 07:17:52,30,0x68d017f8c75d22af6a48aa6f2f697c658ec15599,smart_money,P-G,42.37217021020246,0.65,40,32,8,0.28125,-2.1095142820191146,-4.201903337241741,-2.6278297897975404,163.52587499999998,11.275,40.0,4.441010420064879,-7.501407299076666,0.175,0.75,"SUI,HYPE,ACE,ETH,BTC",高杠杆/短线赌徒型，长期单降权
2357566,1595,2026-08-30 07:17:52,30,0x68d39be8c66851afbb61abb3b2e0a8ef59b58e80,smart_money,P-G,45.92575693600865,0.65,3,3,0,1.0,0.925756936008652,,0.925756936008652,17.001574074074075,18.333333333333332,25.0,1.7320396500541753,-0.2970209765556127,0.0,1.0,"SOL,ETH,HYPE",高杠杆/短线赌徒型，长期单降权
2356595,1595,2026-08-30 07:17:52,30,0x68f1c1e8e1371d25dff689a3915196db6c5fba1a,smart_money,P-N,50.0,1.0,1,0,1,,,-35.30776089876546,-33.79137989210418,1501.6758333333332,10.0,10.0,16.859693723332832,-40.14299427145847,0.0,1.0,HYPE,仓位样本不足，暂不影响权重
2357579,1595,2026-08-30 07:17:52,30,0x68f80ecef342044f84891641e81b50b5f580b6ad,smart_money,P-A,77.14346682877532,1.15,14,14,0,0.5714285714285714,1.3410932359964647,,1.3410932359964647,12.212916666666668,2.0,2.0,2.2490014218484533,-0.7472145162535819,1.0,0.0,HYPE,仓位收益稳定，适合加权参考
2356596,1595,2026-08-30 07:17:52,30,0x6957d2139d29e7db7913ac21e813f2a561e47ac8,smart_money,P-G,42.03616694287058,0.65,7,0,7,,,-7.685935166786818,-2.9638330571294205,1434.296468253968,11.142857142857142,25.0,24.869418472190187,-32.193297393991465,0.14285714285714285,0.5714285714285714,"ASTER,AVNT,ETH,SOL,XPL",高杠杆/短线赌徒型，长期单降权
2356597,1595,2026-08-30 07:17:52,30,0x69906b0ed626ca01a4b7c001e5711e5714ccf207,"money_printer,smart_money",P-G,45.47743823020607,0.65,24,21,3,0.7619047619047619,1.0776934435314682,-3.792000856042821,0.47743823020607024,93.19700231481478,19.916666666666668,40.0,4.267066168373973,-3.1139660460804985,0.041666666666666664,0.875,"ETH,SOL,HYPE,BTC,ETHFI",高杠杆/短线赌徒型，长期单降权
2356598,1595,2026-08-30 07:17:52,30,0x69a31d37f231c1987c6f283ca508b4377a2369ff,smart_money,P-C,57.32157439566626,0.75,7,2,5,0.0,-6.522118204603096,10.02523334605712,6.935296997761844,834.5771031746033,1.1428571428571428,2.0,28.15319183654245,-28.938724673980143,1.0,0.0,"CASHCAT,BTC,HYPE,TAO,ZEC",仓位收益偏弱，降权参考
2357453,1595,2026-08-30 07:17:52,30,0x69b05701f8175c276ecd0138387a197948e240bb,smart_money,P-G,47.649446146519544,0.65,9,8,1,0.375,2.9815055090836853,-0.007028753993610223,2.6494461465195416,142.9667901234568,18.333333333333332,20.0,5.721859891231567,-2.9728065795600354,0.0,0.8888888888888888,"BTC,ETH,PUMP",高杠杆/短线赌徒型，长期单降权
2356599,1595,2026-08-30 07:17:52,30,0x69eb16da29deeac170613a1cacb34227fc15f956,smart_money,P-G,35.786725597347434,0.65,3,1,2,1.0,0.14282313734825042,-15.43495058319877,-9.213274402652566,1001.4499074074074,14.333333333333334,20.0,11.183770295872774,-27.66851012966225,0.3333333333333333,0.6666666666666666,"HYPE,SOL,BTC",高杠杆/短线赌徒型，长期单降权
2357673,1595,2026-08-30 07:17:52,30,0x6a02aedceac5a6813d960e4dae1910d9c458e77c,smart_money,P-N,50.0,1.0,2,2,0,1.0,3.303959192372857,,3.303959192372857,40.01430555555556,10.0,10.0,3.957929243675885,-1.2356020806309498,0.0,1.0,"BTC,ETH",仓位样本不足，暂不影响权重
2356600,1595,2026-08-30 07:17:52,30,0x6a2cec2bda4749f113676bd9a5f3e64277260efd,smart_money,P-G,45.66564121265919,0.65,55,35,20,0.6285714285714286,2.805071257087546,-3.9561513869572047,0.6656412126591883,378.9328989898991,11.727272727272727,40.0,8.829403959020496,-10.905014281674719,0.10909090909090909,0.5636363636363636,"BTC,CASHCAT,LIT,ZEC,ETH",高杠杆/短线赌徒型，长期单降权
2356976,1595,2026-08-30 07:17:52,30,0x6a756a2cc6c1e8e1e44132800b2033a42ca086ad,smart_money,P-N,50.0,1.0,1,0,1,,,28.329313353176644,28.329313353176644,1019.0141666666667,2.0,2.0,53.85588187856484,-9.294310200730195,1.0,0.0,XRP,仓位样本不足，暂不影响权重
2357310,1595,2026-08-30 07:17:52,30,0x6a9e7566877b52b13b28230b5543cbccf3685870,smart_money,P-B,64.02222853165229,1.0,289,287,2,0.5052264808362369,0.049468349932241765,0.7785167149178813,0.0548310351737694,2.626278354479045,5.155709342560554,20.0,0.262762377183316,-0.2207627124680734,0.006920415224913495,0.0726643598615917,"ETH,BTC",仓位表现普通有效
2357669,1595,2026-08-30 07:17:52,30,0x6abc111bd22bb38e649f81be60dfbeb35648aac6,smart_money,P-N,50.0,1.0,2,2,0,0.0,-23.593846853697833,,-23.593846853697833,198.51222222222225,7.5,10.0,6.725886940448003,-32.14881042944208,0.0,0.5,"CRV,LIT",仓位样本不足，暂不影响权重
2356601,1595,2026-08-30 07:17:52,30,0x6acf5dc82237396e07d7e802bff984d8662360a1,smart_money,P-N,50.0,1.0,1,0,1,,,-10.910250504907346,-8.917175929630734,1501.6758333333332,40.0,40.0,18.38939270573041,-14.42086241717748,0.0,1.0,BTC,仓位样本不足，暂不影响权重
2357329,1595,2026-08-30 07:17:52,30,0x6b40177431bb4d710f047f163442dbe5b6e8f775,smart_money,P-B,81.42652106084135,1.0,26,24,2,0.6666666666666666,-0.19604023221329378,-0.06419301886270828,-0.19493954276674103,48.130833333333335,7.461538461538462,8.0,1.4660543644049442,-2.5261550041547616,0.038461538461538464,0.0,"HYPE,PUMP,SOL,VVV",仓位表现普通有效
2356951,1595,2026-08-30 07:17:52,30,0x6b44fb3b080c233c6cb0b2d70f4b5694fd528572,smart_money,P-C,7.10454588052996,0.75,3,2,1,0.0,-16.870589136175823,-19.159663865546218,-18.29629995314118,1241.0141666666668,5.333333333333333,10.0,6.26805631742549,-36.01774654386383,0.6666666666666666,0.3333333333333333,"GRASS,WLD,ARB",仓位收益偏弱，降权参考
2357417,1595,2026-08-30 07:17:52,30,0x6ba889db7f923622d3548f621ecc2054b80c1817,smart_money,P-G,45.0573347521916,0.65,9395,9355,40,0.5428113308391235,0.05714868562980168,0.03750421512315033,0.057334752191601675,3.1537551002305992,9.224587546567323,20.0,0.555641139855951,-0.42750785117539086,0.043640234167110166,0.6639701969132518,"LIT,WLD,ONDO,ZEC,XPL",高杠杆/短线赌徒型，长期单降权
2356602,1595,2026-08-30 07:17:52,30,0x6bb971430554e3af58fbd469bce46ab2359a2d23,money_printer,P-N,50.0,1.0,1,0,1,,,4.613022210261362,4.613022210261362,1501.6758333333332,3.0,3.0,54.73669459063872,-27.74500889185731,1.0,0.0,PURR,仓位样本不足，暂不影响权重
2356603,1595,2026-08-30 07:17:52,30,0x6bea81d7a0c5939a5ce5552e125ab57216cc597f,money_printer,P-G,41.91314342798916,0.65,5,2,3,0.5,1.388170859703252,-11.257515384441247,-3.0868565720108405,809.6734444444444,20.0,20.0,5.779463223863975,-12.958029971449198,0.0,1.0,"SOL,ETH,BTC",高杠杆/短线赌徒型，长期单降权
2357397,1595,2026-08-30 07:17:52,30,0x6cd520c1a07c9b53b33d62d04d3c2a3175161968,smart_money,P-G,45.8986165043491,0.65,120,114,6,0.6491228070175439,0.9275435363477506,0.5396927257224001,0.8986165043490966,13.70019444444444,11.083333333333334,37.0,2.988039473345712,-1.26067849414059,0.075,0.65,"HYPE,ETH,PUMP,FARTCOIN,MON",高杠杆/短线赌徒型，长期单降权
2356929,1595,2026-08-30 07:17:52,30,0x6ce8a609b7e76d22b3cf477c16453ef9ec9a188a,smart_money,P-R,25.0,-0.8,43,35,8,0.3142857142857143,-0.991775971623231,0.9267006620944825,-0.9351991467318146,144.5180426356589,6.558139534883721,40.0,4.012325901979384,-4.706919272338513,0.6744186046511628,0.23255813953488372,"GMT,LINK,ACE,BTC,KAITO",仓位真实收益偏反向，可作为反向参考
2356604,1595,2026-08-30 07:17:52,30,0x6d3b90747dbf5883bf88ff7eb5fcc86f408b5409,smart_money,P-G,42.42720277872445,0.65,14,1,13,1.0,8.613378817667714,-2.166270903126678,-2.572797221275549,1255.1278968253962,12.357142857142858,40.0,19.0935028043304,-28.208701654457432,0.07142857142857142,0.5714285714285714,"BNB,BTC,ENA,HYPE,LINK",高杠杆/短线赌徒型，长期单降权
2357359,1595,2026-08-30 07:17:52,30,0x6e88dc3708afc2b0032eeff625df78dcde1e741a,smart_money,P-G,42.99479779448327,0.65,5,4,1,0.5,-2.1245022988602855,-1.5280018321425282,-2.005202205516734,252.76911111111113,40.0,40.0,2.7914040059650267,-3.4347104142913083,0.0,1.0,BTC,高杠杆/短线赌徒型，长期单降权
2357337,1595,2026-08-30 07:17:52,30,0x6e8bc7cd0978397b06a14af2a8c31f5daeffea79,smart_money,P-B,62.913696749024204,1.0,89,88,1,0.5113636363636364,0.018666447258846867,-0.08684241490977364,0.019795259088196064,8.213673533083645,5.179775280898877,35.0,0.22415140535238184,-0.17011306184964842,0.550561797752809,0.14606741573033707,BTC,仓位表现普通有效
2356605,1595,2026-08-30 07:17:52,30,0x6e9989debf991affd8dfe4a73efcbfc8cb658473,smart_money,P-N,50.0,1.0,2,0,2,,,-8.406918256365824,-5.165390323014244,1501.6758333333332,20.0,20.0,30.457827066932577,-11.753220989881385,0.0,1.0,"BTC,ETH",仓位样本不足，暂不影响权重
2356606,1595,2026-08-30 07:17:52,30,0x6e9b20e2ebb0e49a1de161b08413a2a988bd9516,smart_money,P-N,50.0,1.0,2,0,2,,,88.91575634309116,63.15334440521801,1501.6758333333332,7.5,10.0,96.52799871001795,-5.311646417149907,0.0,0.5,"HYPE,ZEC",仓位样本不足，暂不影响权重
2356607,1595,2026-08-30 07:17:52,30,0x6ecbb68c07bd4be7adb7f0365e9263e382aeca2d,smart_money,P-B,77.2997340228689,1.0,652,512,140,0.525390625,-0.24582446944489686,0.46046348882123495,-0.3246944341176944,200.53782464212713,4.625766871165644,12.0,5.818532871847696,-7.5333037025856,0.4570552147239264,0.04141104294478527,"CASHCAT,XPL,HYPE,ACE,MANTA",仓位表现普通有效
2356965,1595,2026-08-30 07:17:52,30,0x6f577a1b7e3915d4d8c49c951e2332912a62d8a1,smart_money,P-N,50.0,1.0,1,0,1,,,-29.168727546743884,-10.392097564698567,1147.88,10.0,10.0,19.144918474794352,-33.784582084530456,0.0,1.0,HYPE,仓位样本不足，暂不影响权重
2357196,1595,2026-08-30 07:17:52,30,0x6f684b155809d6615bb01e0dcf45d304b2e04ad0,smart_money,P-B,84.98245061713827,1.0,8,4,4,0.75,5.033582146621253,-1.7374824401802906,1.9757753736094146,79.37979166666666,8.875,20.0,12.259653209282991,-7.54922970157474,0.25,0.375,"PENGU,FARTCOIN,SPX,CASHCAT,ZEC",仓位表现普通有效
2357824,1595,2026-08-30 07:17:52,30,0x6f7f358df5a6a4b02178bdbfaae5ed4dc14b28ae,smart_money,P-G,40.98976226552411,0.65,3,3,0,0.0,-4.010237734475897,,-4.010237734475897,7.335648148148148,10.0,10.0,0.42827113124923927,-4.010237734475897,0.0,1.0,"PUMP,HYPE",高杠杆/短线赌徒型，长期单降权
2356978,1595,2026-08-30 07:17:52,30,0x6f83ab8890ed38bf38a31010aa9a5e9ca743bfad,smart_money,P-C,88.44705836885244,0.75,6,4,2,0.75,5.631467970854921,-23.79600879599488,-3.4172270674920022,315.3398148148148,1.8333333333333333,3.0,6.312465030208304,-11.522899449861436,1.0,0.0,"CASHCAT,ETH,BTC,DOGE,HYPE",仓位收益偏弱，降权参考
2357425,1595,2026-08-30 07:17:52,30,0x6f97b7de6be7b7771e975e46bae96c35e332e172,smart_money,P-B,50.686391766582815,1.0,52,51,1,0.49019607843137253,-0.07788124113406096,-0.0917159110099094,-0.08289763103739502,11.28759615384615,9.557692307692308,20.0,2.367057184045973,-1.9330702767542667,0.07692307692307693,0.6730769230769231,"HYPE,PUMP,ZEC,SOL,ENA",仓位表现普通有效
2357028,1595,2026-08-30 07:17:52,30,0x6f97d329b072e0f7b74575565d806a4351b8f824,money_printer,P-G,40.490477349588964,0.65,10,4,6,0.25,-2.6206233686337828,-5.753301770203475,-4.509522650411034,168.30433333333332,16.0,22.0,2.072169043007695,-10.411273132129136,0.0,0.8,"BTC,kBONK,XRP,PENGU,TAO",高杠杆/短线赌徒型，长期单降权
2357807,1595,2026-08-30 07:17:52,30,0x6fb534b7e9820dd90a154dbed2a84f9c95bbe68e,smart_money,P-N,50.0,1.0,2,2,0,0.0,-0.15685868253483826,,-0.15685868253483826,1.0006944444444446,40.0,40.0,0.03116583301269719,-0.15685868253483826,0.0,1.0,BTC,仓位样本不足，暂不影响权重
2357185,1595,2026-08-30 07:17:52,30,0x6fbb33de5f39c690d2decb95b9ab46ed0c83e3bc,smart_money,P-G,38.79694751817694,0.65,5,4,1,0.25,-9.053013945606404,5.196793373310303,-6.20305248182306,315.3386111111111,10.6,20.0,9.27058780184321,-10.096110077942743,0.2,0.8,"VVV,XPL,PUMP,ETH,BTC",高杠杆/短线赌徒型，长期单降权
2357672,1595,2026-08-30 07:17:52,30,0x6fededdbee4f25ad1ccb1bbc30dda3ed0fe9fc23,smart_money,P-G,44.09612155359041,0.65,19,19,0,0.7894736842105263,-0.9038784464095926,,-0.9038784464095926,16.110716374269007,10.0,10.0,0.45011841416020704,-1.9133473101773155,0.0,1.0,"BTC,ETH",高杠杆/短线赌徒型，长期单降权
2356608,1595,2026-08-30 07:17:52,30,0x7044be555aea5bddb3b9808658500d4e0d0a6b6e,money_printer,P-A,100.0,1.15,28,6,22,0.8333333333333334,34.08515420798572,27.74680181573881,29.105020185506003,1413.3276587301589,7.928571428571429,20.0,52.548971431364,-18.996514848132396,0.10714285714285714,0.5,"ADA,ALGO,CRV,DOGE,DOT",仓位收益稳定，适合加权参考
2356997,1595,2026-08-30 07:17:52,30,0x7050a9abd4f06372247d19c39e5d718636f35fff,smart_money,P-C,80.2604607338619,0.75,23,15,8,0.7333333333333333,4.576470717042819,-16.68957050879513,-2.366814610258456,462.53221014492755,6.391304347826087,20.0,13.445109399370967,-18.106183239844047,0.391304347826087,0.34782608695652173,"CASHCAT,HYPE,GRASS,XMR,PUMP",仓位收益偏弱，降权参考
2357102,1595,2026-08-30 07:17:52,30,0x705e54faaa515bc86c83fb4803000eebeccbf167,smart_money,P-N,50.0,1.0,1,0,1,,,-14.433720845214593,-14.433720845214589,251.01333333333332,20.0,20.0,0.0,-18.05586020326095,0.0,1.0,BTC,仓位样本不足，暂不影响权重
2357474,1595,2026-08-30 07:17:52,30,0x7064c7abd02a8481a33620e485e75df41b8a5fa5,smart_money,P-G,45.0387137199832,0.65,39,38,1,0.5,0.042131262100435336,-0.09115288047172579,0.03871371998320044,4.769059829059828,34.87179487179487,40.0,0.2689744452077987,-0.2554461610730488,0.0,1.0,"BTC,ETH",高杠杆/短线赌徒型，长期单降权
2357476,1595,2026-08-30 07:17:52,30,0x706bb519b05b7dc01d048af9a5e29d1ef5d6d9e3,smart_money,P-B,65.65694164339725,1.0,331,330,1,0.509090909090909,0.010325973972012353,-0.019427328371692195,0.010289003516811179,2.1752727425310487,3.1268882175226587,6.0,0.15852679667172004,-0.16595770262696,0.6616314199395771,0.0,BTC,仓位表现普通有效
2357216,1595,2026-08-30 07:17:52,30,0x7083a8e36b44865c8d40379502bc081259a0ba66,smart_money,P-B,80.34223692067616,1.0,22,15,7,0.6666666666666666,1.704204941426261,-5.707775967332874,-0.3743282771062891,47.86590909090909,3.0454545454545454,5.0,5.57382496568026,-5.263223070499612,0.9090909090909091,0.0,"NEAR,ZEC,ZRO,DOGE,UNI",仓位表现普通有效
2357844,1595,2026-08-30 07:17:52,30,0x70b37757f0344b28ef207d86eada7ca051138153,smart_money,P-N,50.0,1.0,1,1,0,0.0,-11.830868175736702,,-11.830868175736702,802.6586111111111,5.0,5.0,5.934047513355965,-14.575605092180133,0.0,0.0,XMR,仓位样本不足，暂不影响权重
2356609,1595,2026-08-30 07:17:52,30,0x70e76a2090170a1ce5bb7324830f08b32eb2c0a3,smart_money,P-N,50.0,1.0,1,0,1,,,6.767434158011246,6.645435640879349,1501.6758333333332,5.0,5.0,30.73932696179699,0.0,0.0,0.0,BTC,仓位样本不足，暂不影响权重
2356610,1595,2026-08-30 07:17:52,30,0x7116470134e289f7fefb0922902e28200e471447,smart_money,P-B,90.78947368421052,1.0,38,2,36,0.5,-6.270302584142071,17.177978133076476,15.983104500609496,1206.112894736842,5.894736842105263,20.0,36.18644793225209,-11.277096840198269,0.10526315789473684,0.21052631578947367,"AAVE,ADA,AERO,ALGO,BCH",仓位表现普通有效
2357733,1595,2026-08-30 07:17:52,30,0x7176cec39ec2c66d545f85c90a217a9cb131dd3e,smart_money,P-N,50.0,1.0,1,1,0,1.0,100.52440533939983,,100.52440533939983,1266.6641666666667,10.0,10.0,103.62873997747373,0.0,0.0,1.0,HYPE,仓位样本不足，暂不影响权重
2357831,1595,2026-08-30 07:17:52,30,0x7177edd4e52e01f5f78093a8834529c31424c621,smart_money,P-N,50.0,1.0,2,2,0,0.5,-6.607093227020796,,-6.607093227020796,603.8220833333332,11.5,20.0,10.186909708158385,-31.843171848465698,0.5,0.5,"CASHCAT,SOL",仓位样本不足，暂不影响权重
2356968,1595,2026-08-30 07:17:52,30,0x718cc7ee2ae2493ebf7d454316df6b61f4e1a868,smart_money,P-B,100.0,1.0,3,1,2,1.0,0.5012222913762836,85.34217432659862,57.06185698152451,457.67685185185184,3.0,4.0,68.51815182281582,-1.587301587301587,0.6666666666666666,0.0,"PUMP,BTC,UNI",仓位表现普通有效
2357363,1595,2026-08-30 07:17:52,30,0x71acae4aacaf4956ac31e09b18cbc33ae49dd8b3,smart_money,P-A,75.79148539575156,1.15,6,5,1,0.6,2.881788305012003,0.654691851080113,2.5049864459575635,45.669212962962966,3.3333333333333335,5.0,7.848981001404414,-2.347374045193023,0.6666666666666666,0.0,"PUMP,BTC,ENA,ZEC",仓位收益稳定，适合加权参考
2357680,1595,2026-08-30 07:17:52,30,0x71b117d68974aa4c5615669ae70e8e13ce7479c8,smart_money,P-N,50.0,1.0,2,2,0,1.0,16.361023584094546,,16.361023584094546,104.00833333333333,4.0,5.0,24.409289258977946,-3.8665358204203195,0.5,0.0,"VIRTUAL,ZORA",仓位样本不足，暂不影响权重
2357693,1595,2026-08-30 07:17:52,30,0x71cfa5e263e866f7961091e01ebc5a2d11616c20,smart_money,P-C,40.392929342744566,0.75,5,5,0,0.4,-0.7983853503078103,,-0.7983853503078103,9.804888888888888,7.0,10.0,1.224227247063907,-8.7054710179119,0.0,0.4,"INJ,WIF,kPEPE,AVAX",仓位收益偏弱，降权参考
2356611,1595,2026-08-30 07:17:52,30,0x71dfc07de32c2ebf1c4801f4b1c9e40b76d4a23d,money_printer,P-R,25.0,-0.8,6,0,6,,,-25.514612131462368,-22.55457793145383,1501.675833333333,2.3333333333333335,3.0,29.6735466431159,-38.165541593588536,1.0,0.0,"ETH,GRIFFAIN,LIT,STBL,XMR",仓位真实收益偏反向，可作为反向参考
2356612,1595,2026-08-30 07:17:52,30,0x71f12a5b0e60d2ff8a87fd34e7dcff3c10c914b0,smart_money,P-G,43.2716417261969,0.65,3,0,3,,,-1.7283582738031005,-1.7283582738031005,1501.6758333333335,11.666666666666666,20.0,30.215254288338873,-15.961692666586309,0.0,0.6666666666666666,"BTC,CRV,PENDLE",高杠杆/短线赌徒型，长期单降权
2357364,1595,2026-08-30 07:17:52,30,0x720a68bf0813853cd3ed74d2fd0f54edfc7a43e1,money_printer,P-R,25.0,-0.8,21,20,1,0.25,-1.51859507773515,-0.28213460103639915,-1.4597160074161617,49.605873015873016,8.19047619047619,20.0,1.781719502084567,-2.360368198931822,0.19047619047619047,0.47619047619047616,"ETH,BTC,LINK,XLM,AAVE",仓位真实收益偏反向，可作为反向参考
2357553,1595,2026-08-30 07:17:52,30,0x7213466fb8a382b977cc9086a12ecbc17e9d4df8,smart_money,P-G,46.489910659165,0.65,6,6,0,1.0,1.4899106591649958,,1.4899106591649958,242.7797685185185,20.0,20.0,4.0411255861809465,-2.8888740491414695,0.0,1.0,BTC,高杠杆/短线赌徒型，长期单降权
2356990,1595,2026-08-30 07:17:52,30,0x7255e02daf5481a6ac9dc541dc3c4b0be8171c7d,smart_money,P-N,50.0,1.0,1,0,1,,,2.1564653425212774,9.733528997480905,811.0161111111111,5.0,5.0,25.35603296851776,-11.206593703553576,0.0,0.0,LDO,仓位样本不足，暂不影响权重
2357788,1595,2026-08-30 07:17:52,30,0x7258d00a24d6829ac4bf355127bfbc9e2303aed4,smart_money,P-G,43.885221798531035,0.65,6,6,0,0.3333333333333333,-1.1147782014689638,,-1.1147782014689638,37.166250000000005,37.5,40.0,0.329511970554022,-1.4089449639920613,0.0,1.0,"BTC,ETH",高杠杆/短线赌徒型，长期单降权
2357455,1595,2026-08-30 07:17:52,30,0x727956612a8700627451204a3ae26268bd1a1525,money_printer,P-B,65.11374337364082,1.0,4492,4477,15,0.5018985928076837,-0.009556769643498532,-0.21801028051338647,-0.009579061448518314,2.343542346888309,4.083259127337489,5.0,0.5216297508903229,-0.47643423863630885,0.4312110418521817,0.0,"HYPE,UNI,FARTCOIN,LIT,ONDO",仓位表现普通有效
2356613,1595,2026-08-30 07:17:52,30,0x72988778525f0ce15c5ac1804ac460606a987d6c,money_printer,P-N,50.0,1.0,1,0,1,,,28.22207631137375,28.22207631137375,1501.6758333333332,20.0,20.0,54.52104763989203,0.0,0.0,1.0,ETH,仓位样本不足，暂不影响权重
2357418,1595,2026-08-30 07:17:52,30,0x72cb918356c4f6d3f1b2e532928110ba6995f139,money_printer,P-G,44.9529537640864,0.65,75,74,1,0.5540540540540541,-0.046320741985037876,-0.04420215117136544,-0.04704623591360053,9.626885185185182,10.0,10.0,0.3473421127815007,-0.48576802656836654,0.0,1.0,SOL,高杠杆/短线赌徒型，长期单降权
2357268,1595,2026-08-30 07:17:52,30,0x72db642e6c803993aef6fc17e9b159c536508bb6,smart_money,P-B,88.11484583716977,1.0,6,5,1,0.6,10.975816565167642,3.490883377199102,9.728327700506219,451.3847685185185,8.666666666666666,20.0,20.112714223787616,-12.032954275190066,0.6666666666666666,0.3333333333333333,"CASHCAT,ZEC,SOL,BTC",仓位表现普通有效
2356614,1595,2026-08-30 07:17:52,30,0x72ffacea0906eb393b2e680ab5e25efbd8d1a9c4,smart_money,P-G,35.0,0.65,3,0,3,,,-19.291977830838928,-19.29197783083893,1501.6758333333335,15.0,20.0,17.624072610406873,-45.384487454108154,0.0,0.6666666666666666,"BERA,BTC,ETH",高杠杆/短线赌徒型，长期单降权
2356615,1595,2026-08-30 07:17:52,30,0x7345985dd7e2c521a0ba97929aea93614627d58e,smart_money,P-N,50.0,1.0,1,0,1,,,19.238118411542015,19.238118411542015,1501.6758333333332,10.0,10.0,23.499101858544496,-26.517715929665865,0.0,1.0,HYPE,仓位样本不足，暂不影响权重
2356616,1595,2026-08-30 07:17:52,30,0x74666e2e87171274b46ab8c2e321bb237693fc83,smart_money,P-G,35.134458404780986,0.65,5,1,4,0.0,-6.624364108641758,-16.057281033383777,-9.865541595219018,1166.5700555555554,23.0,40.0,17.993541379314603,-23.83128532017826,0.0,1.0,"SOL,BTC,ETH,HYPE",高杠杆/短线赌徒型，长期单降权
2357289,1595,2026-08-30 07:17:52,30,0x747b1125d08a5a2cf33550cbb038e406ebf241ad,smart_money,P-C,59.754912333037275,0.75,14,12,2,0.4166666666666667,-0.13638189320344873,-0.7373300572205193,-0.2222316309201732,34.431785714285716,5.0,10.0,3.153875508576366,-2.623536018342271,0.07142857142857142,0.07142857142857142,"ZEC,PUMP,HYPE,BTC,ONDO",仓位收益偏弱，降权参考
2357675,1595,2026-08-30 07:17:52,30,0x749af60aeddb86cd0aa41e50f546097528ec9cd9,smart_money,P-N,50.0,1.0,2,2,0,0.5,-2.958109219807511,,-2.958109219807511,1.986388888888889,6.5,10.0,0.8128737557073851,-3.5501352060808946,0.5,0.5,"FARTCOIN,ACE",仓位样本不足，暂不影响权重
2357029,1595,2026-08-30 07:17:52,30,0x7576b7a1d278e3004dd37bbeb90e0b08ca70a1b9,smart_money,P-N,50.0,1.0,1,0,1,,,20.41530744137379,20.41530744137379,481.02,5.0,5.0,24.22678032867606,-3.6075890933710837,0.0,0.0,BTC,仓位样本不足，暂不影响权重
2356617,1595,2026-08-30 07:17:52,30,0x7583b5364597736a6a72c4ba61ede0a4a37ef4de,smart_money,P-N,50.0,1.0,2,1,1,1.0,12.837262388547407,-22.47470780444891,-4.818722707950752,1470.6741666666667,15.0,20.0,6.48684265139252,-41.97897954778111,0.0,1.0,"UNI,SOL",仓位样本不足，暂不影响权重
2356618,1595,2026-08-30 07:17:52,30,0x75d0051e8bb42fa53ef1be9951963a69ad1adf0a,smart_money,P-C,49.01612837725388,0.75,25,22,3,0.4090909090909091,0.45197698593804264,-5.114149750957425,0.10018232708493319,359.85580000000004,10.04,40.0,6.327197546245142,-7.82876473637932,0.16,0.44,"BTC,STX,ZEC,NEAR,ETH",仓位收益偏弱，降权参考
2357079,1595,2026-08-30 07:17:52,30,0x75ec3ba266176e733f1b1fdaa15052f5eff724b8,money_printer,P-G,46.92052197326268,0.65,11,10,1,0.7,1.4257921404139835,6.082371048609239,1.9205219732626815,72.3658585858586,14.181818181818182,40.0,8.910023036741288,-3.2220162563636516,0.18181818181818182,0.8181818181818182,"HYPE,ZEC,BTC,PUMP,PURR",高杠杆/短线赌徒型，长期单降权
2356619,1595,2026-08-30 07:17:52,30,0x75ee7dfabcbbb47f8b2abaf1f533b59d3e25354f,smart_money,P-C,52.458479127142915,0.75,12,1,11,0.0,-50.46988853315675,32.83917541694646,27.125640055803885,1369.7677083333328,5.583333333333333,20.0,44.51267488392679,-19.11523909992668,0.5,0.16666666666666666,"SOL,ALGO,AVAX,BTC,GRIFFAIN",仓位收益偏弱，降权参考
2356620,1595,2026-08-30 07:17:52,30,0x75f3665323cce024368870bfd89db0c21e1ce76b,smart_money,P-B,79.44460395285112,1.0,1055,923,132,0.5395449620801733,0.28391886440672204,0.7384986382242873,0.30268327992281113,115.51340705634553,4.77345971563981,12.0,4.991950616583131,-5.076779292858578,0.4151658767772512,0.046445497630331754,"CASHCAT,FARTCOIN,ZEC,HYPE,ACE",仓位表现普通有效
2356621,1595,2026-08-30 07:17:52,30,0x7625dc67deab1864570ad816f59a9b867f280e49,money_printer,P-C,2.4703344579217372,0.75,4,0,4,,,-4.275132727678944,-4.275132727678944,1501.6758333333332,18.75,40.0,39.398632561614185,-28.155723631649742,0.0,0.5,"BTC,ETH,FARTCOIN,HYPE",仓位收益偏弱，降权参考
2356622,1595,2026-08-30 07:17:52,30,0x76c2164fc79492401db1890db0d17d16b9155aa0,smart_money,P-N,50.0,1.0,2,1,1,1.0,1.2493701007245763,-0.36122089351559106,-7.672035216239312,758.8375,25.0,40.0,2.832554778479631,-24.106600506556237,0.0,1.0,"BTC,HYPE",仓位样本不足，暂不影响权重
2356623,1595,2026-08-30 07:17:52,30,0x76c2cd1b8a249f465f8445c455cb78e0eed36f1e,smart_money,P-G,44.063751846203274,0.65,45,32,13,0.3125,-0.5351691286333913,-2.8896347160639198,-0.9362481537967233,318.64113580246925,13.28888888888889,20.0,7.648965543667328,-8.338728172243409,0.13333333333333333,0.8666666666666667,"ETH,BTC,BNB,XRP,ZEC",高杠杆/短线赌徒型，长期单降权
2356999,1595,2026-08-30 07:17:52,30,0x770493a14c49ea81192b5191a536f0530041311b,smart_money,P-S,100.0,1.25,60,57,3,0.7368421052631579,3.206057569630532,-5.966206769003585,2.747444352698827,102.95210185185185,3.0,3.0,5.143442479664506,-11.771206177651845,1.0,0.0,"ZEC,NIL,HEMI,SKR,ACE",仓位收益、持仓周期、杠杆结构适合长期参考
2356624,1595,2026-08-30 07:17:52,30,0x7717a7a245d9f950e586822b8c9b46863ed7bd7e,money_printer,P-B,72.65565002943111,1.0,1525,1354,171,0.534711964549483,0.096410254482941,0.11566424248342494,0.05552920630332421,136.24801111111086,6.961311475409836,20.0,2.7465113486912895,-3.142763130814109,0.38491803278688524,0.3442622950819672,"ETH,BTC,ZEC,OP,MOODENG",仓位表现普通有效
2357747,1595,2026-08-30 07:17:52,30,0x7725a7f2bb0e1c448d6fe361d53c840486ec6557,money_printer,P-G,35.41314540100302,0.65,9,9,0,0.4444444444444444,-9.586854598996982,,-9.586854598996982,1251.992314814815,13.333333333333334,40.0,16.818142042203828,-19.157955616318823,0.0,0.7777777777777778,"BTC,ETH,PUMP,AAVE,ADA",高杠杆/短线赌徒型，长期单降权
2357140,1595,2026-08-30 07:17:52,30,0x77375a8c9d13bf79afb2a87f1b0ac1dfd5f5bf66,money_printer,P-R,25.0,-0.8,18,15,3,0.26666666666666666,-2.3902131820042443,-3.5937716940443494,-2.5908062673442616,199.87427469135798,8.833333333333334,15.0,5.083499870950174,-8.713453601878134,0.16666666666666666,0.7222222222222222,"NEAR,VVV,JTO,PUMP,AAVE",仓位真实收益偏反向，可作为反向参考
2356625,1595,2026-08-30 07:17:52,30,0x774f28fc243d6aa8787506869643fb4698bd2133,money_printer,P-C,49.593837542999715,0.75,7,2,5,0.5,-0.44443656766392137,-16.728037742507702,-12.063723497613557,839.9847222222222,4.857142857142857,10.0,15.800972099341477,-30.134689977852712,0.42857142857142855,0.14285714285714285,"LIT,PURR,STBL,FARTCOIN,GRASS",仓位收益偏弱，降权参考
2356626,1595,2026-08-30 07:17:52,30,0x775a74163592917c12be68749a6906944467fe45,smart_money,P-N,50.0,1.0,1,0,1,,,4.544694948726115,4.484802529856447,1501.6758333333332,10.0,10.0,29.088096919663386,0.0,0.0,1.0,BTC,仓位样本不足，暂不影响权重
2357537,1595,2026-08-30 07:17:52,30,0x77640177b7623792e1939c4a2614698e69ec304a,smart_money,P-N,50.0,1.0,2,2,0,1.0,14.373213675341447,,14.373213675341447,92.49902777777777,6.5,10.0,16.196701085812123,-1.969496396712299,0.5,0.5,"PURR,HYPE",仓位样本不足，暂不影响权重
2357146,1595,2026-08-30 07:17:52,30,0x77746ff04a7014752ab12d81d531aa5e50775343,smart_money,P-G,45.83976070868568,0.65,4,3,1,1.0,2.554893948373882,-4.5675460595517015,0.8397607086856819,59.75479166666667,10.0,10.0,2.7032482532809796,-2.416429612699158,0.0,1.0,HYPE,高杠杆/短线赌徒型，长期单降权
2357299,1595,2026-08-30 07:17:52,30,0x77998579f578c01030db65e75edc47bfe890c291,smart_money,P-B,87.06573701819141,1.0,24,22,2,0.7727272727272727,-0.7416838986798111,2.194815946475461,-0.49697557825020494,28.083252314814818,7.916666666666667,10.0,0.8654112167256319,-1.4489346359485407,0.0,0.041666666666666664,"BTC,ETH",仓位表现普通有效
2356627,1595,2026-08-30 07:17:52,30,0x77fee2df7bad4f1db93052fa82bf78eaab771a16,smart_money,P-C,86.78151250383644,0.75,6,1,5,1.0,18.628615177229708,-26.30664146069781,-14.490909255002379,1447.1730555555553,4.0,5.0,19.38817577619536,-43.47980731591372,0.5,0.0,"AERO,HBAR,HEMI,VVV,WLFI",仓位收益偏弱，降权参考
2357548,1595,2026-08-30 07:17:52,30,0x780825f3f0ad6799e304fb843387934c1fa06e70,smart_money,P-G,44.82552827920782,0.65,25,25,0,0.52,-0.17447172079217624,,-0.17447172079217624,184.96769999999998,16.16,40.0,11.430906789221305,-5.1135574645070765,0.12,0.76,"BTC,ETH,HYPE,PUMP,AERO",高杠杆/短线赌徒型，长期单降权
2357721,1595,2026-08-30 07:17:52,30,0x781da72af1060132c4bce55ce91b1a8553271b6e,smart_money,P-N,50.0,1.0,1,1,0,0.0,-11.824605731802462,,-11.824605731802462,56.0,10.0,10.0,0.6736063849532884,-11.824605731802462,0.0,1.0,BTC,仓位样本不足，暂不影响权重
2356628,1595,2026-08-30 07:17:52,30,0x781e95fdc049433565cf8e05265361b8402196b7,smart_money,P-G,41.22483561997566,0.65,7,2,5,0.5,3.8386891048146383,-7.652585163001096,-3.77516438002434,985.6218253968253,10.714285714285714,25.0,12.694917131938066,-21.48528127097813,0.0,0.7142857142857143,"NEAR,PAXG,ZEC,TAO,XMR",高杠杆/短线赌徒型，长期单降权
2357717,1595,2026-08-30 07:17:52,30,0x782b3978d7148a1c6fbfae1bfd6e1079d15d8b2a,smart_money,P-G,41.9835106700132,0.65,7,7,0,0.2857142857142857,-3.0164893299867983,,-3.0164893299867983,18.71527777777778,18.571428571428573,20.0,1.1025364775875914,-3.8582198219318404,0.0,1.0,"ETH,BTC,SOL,XRP,HYPE",高杠杆/短线赌徒型，长期单降权
2357016,1595,2026-08-30 07:17:52,30,0x7894bb4cd20e08c2ec1895968dd0b3d97edca5f7,smart_money,P-C,69.95847912714292,0.75,12,8,4,0.25,-3.180388534001862,44.46893683605681,12.15147137510431,426.63472222222225,6.416666666666667,10.0,24.51489383432545,-5.440489543595395,0.0,0.16666666666666666,"BTC,SOL,ZEC,ETH,HYPE",仓位收益偏弱，降权参考
2356983,1595,2026-08-30 07:17:52,30,0x78aa6328eae8028a089c35d2819f79c78de2a7e5,smart_money,P-G,54.04060601091861,0.65,17,13,4,0.5384615384615384,0.37435642996673507,51.61264772593775,9.040606010918605,236.1670751633987,22.647058823529413,30.0,16.16962926608673,-2.2827640488337138,0.0,0.8235294117647058,"BTC,HYPE,PUMP,SOL,TAO",高杠杆/短线赌徒型，长期单降权
2357338,1595,2026-08-30 07:17:52,30,0x78dce96236804d6958bf3c4598cf5efbc371629c,smart_money,P-B,77.55578164233458,1.0,29,28,1,0.6071428571428571,0.06745772398960447,-0.20218290959004398,0.06072841787940971,25.207480842911874,3.3448275862068964,24.0,0.3205114767215973,-0.1941408170758131,0.7586206896551724,0.034482758620689655,BTC,仓位表现普通有效
2357415,1595,2026-08-30 07:17:52,30,0x793660578d2628b0ec7e0e2b5c75a4847ae80706,smart_money,P-G,45.05610475800999,0.65,46,45,1,0.4888888888888889,0.05052374393533914,0.3237054985064677,0.056104758009989666,3.4345229468599046,13.043478260869565,20.0,0.3526891572095888,-0.36867041413566104,0.0,0.5652173913043478,"ETH,BTC",高杠杆/短线赌徒型，长期单降权
2357594,1595,2026-08-30 07:17:52,30,0x79399dac99daa4a77d2bcd8ef6f5abf5966468e7,smart_money,P-N,50.0,1.0,2,2,0,0.5,3.2835838094493153,,3.2835838094493153,65.00777777777778,3.0,3.0,3.9001355197943792,-1.7126876297751392,1.0,0.0,HYPE,仓位样本不足，暂不影响权重
2357220,1595,2026-08-30 07:17:52,30,0x7945772aa99d08bf90e91ff1e8e77d3c11c2a7e6,money_printer,P-N,50.0,1.0,2,1,1,1.0,0.3619623794070646,-2.3602944200008134,-2.6716297388242927,79.99902777777777,10.0,10.0,6.012747597562705,-9.580844821413892,0.0,1.0,TRUMP,仓位样本不足，暂不影响权重
2356629,1595,2026-08-30 07:17:52,30,0x795cfd1b03eafc11c4ec958b8a94cfc9aa64a242,money_printer,P-G,53.51491914899947,0.65,5,4,1,1.0,5.039313050762176,36.70750018461237,8.514919148999468,359.9378333333333,28.0,40.0,13.50702420295455,-2.9804868224779586,0.0,1.0,"ETH,BTC,HYPE",高杠杆/短线赌徒型，长期单降权
2357360,1595,2026-08-30 07:17:52,30,0x79cc76364b5fb263a25bd52930e3d9788fcfeea8,money_printer,P-B,89.55321977014147,1.0,3,1,2,1.0,0.1767615572123019,0.24812463860248224,0.22433694480575547,32.66898148148148,6.0,10.0,6.23488291814989,-3.0654201750502783,0.3333333333333333,0.3333333333333333,"ENA,LIT,VIRTUAL",仓位表现普通有效
2357073,1595,2026-08-30 07:17:52,30,0x7a51ce9751493a2448c3ebc76667c6e7cf27900d,smart_money,P-G,46.465073103932255,0.65,14,13,1,0.38461538461538464,-0.035376125687254775,26.101014015176183,1.4650731039322558,49.641746031746024,10.0,10.0,4.014964109280503,-1.0273460923445932,0.0,1.0,HYPE,高杠杆/短线赌徒型，长期单降权
2357000,1595,2026-08-30 07:17:52,30,0x7a5a42bd6b1fd13368732be8a7b63e06064e0394,money_printer,P-N,50.0,1.0,1,0,1,,,-2.302971155509854,-3.691011122703975,741.0163888888889,10.0,10.0,2.6038122801805486,-18.167865229577284,0.0,1.0,SOL,仓位样本不足，暂不影响权重
2357049,1595,2026-08-30 07:17:52,30,0x7a6d5fc57f6906f337c48fe2763c3a501304f79c,money_printer,P-R,25.0,-0.8,15,0,15,,,-2.508133758398272,-2.493998937307358,222.68401851851846,7.866666666666666,10.0,6.477102485930845,-16.377299350889995,0.06666666666666667,0.6,"PAXG,ZEC,ASTER,ENA,FARTCOIN",仓位真实收益偏反向，可作为反向参考
2356630,1595,2026-08-30 07:17:52,30,0x7a8862d9cfab25a31f6754199bde7945ec23de62,smart_money,P-C,59.51995464088617,0.75,22,4,18,0.25,-14.210657288644477,10.264120800765788,5.7978639163320596,982.5222853535349,7.863636363636363,10.0,22.760872475876397,-20.05493901761433,0.045454545454545456,0.5,"TRUMP,ADA,DOT,LIT,NEAR",仓位收益偏弱，降权参考
2356631,1595,2026-08-30 07:17:52,30,0x7a9f3a323dbeefecded2432e00cc2e53bfdf9977,smart_money,P-G,37.97249496500436,0.65,3,0,3,,,-6.444022238636326,-7.027505034995642,1501.6758333333335,16.666666666666668,20.0,18.022961770525033,-34.59827304291873,0.0,1.0,"BTC,HYPE,SOL",高杠杆/短线赌徒型，长期单降权
2357527,1595,2026-08-30 07:17:52,30,0x7ab12f7a0925ef24927343d47199e75a91fc78aa,smart_money,P-G,45.07640624875744,0.65,117,117,0,0.5213675213675214,0.07640624875744119,,0.07640624875744119,1.0770109211775882,10.632478632478632,40.0,0.770063210732717,-0.43308703495584927,0.1111111111111111,0.6581196581196581,"HYPE,XRP,ZEC,FARTCOIN,BTC",高杠杆/短线赌徒型，长期单降权
2356632,1595,2026-08-30 07:17:52,30,0x7ac0db5dfa7d1dc7d1901b9ad50e8bb1813b140e,smart_money,P-N,50.0,1.0,1,0,1,,,76.58797940450003,76.58797940450003,1501.6758333333332,3.0,3.0,81.35283925433475,0.0,1.0,0.0,MEGA,仓位样本不足，暂不影响权重
2356949,1595,2026-08-30 07:17:52,30,0x7af0b7a51c6bbf3970a5d0c79fc958f3d5ec58b7,smart_money,P-G,45.469060547201096,0.65,16,10,6,0.7,0.7294572761015164,1.6377425719422736,0.4690605472010956,355.47164930555556,17.0625,40.0,6.624878018892992,-9.27246730791004,0.0625,0.75,"ETH,BTC,AXS,SUI,AAVE",高杠杆/短线赌徒型，长期单降权
2357652,1595,2026-08-30 07:17:52,30,0x7b5aaa7bf50c7b18d03824c049b116e296fe67bd,smart_money,P-B,71.57423400040442,1.0,30,30,0,0.6,0.2348440599372292,,0.2348440599372292,5.667166666666668,5.5,20.0,0.3746631217140964,-0.3313333902004201,0.0,0.03333333333333333,BTC,仓位表现普通有效
2356633,1595,2026-08-30 07:17:52,30,0x7b8529dfd37b7483faae2bfd3051a52b32e9a23b,smart_money,P-G,65.0,0.65,9,4,5,0.5,28.645892181171032,9.73330257519087,20.273903867732468,1415.001759259259,13.11111111111111,20.0,45.04377484027245,-13.968942528865528,0.1111111111111111,0.7777777777777778,"BTC,DOGE,ETH,SOL,XRP",高杠杆/短线赌徒型，长期单降权
2357606,1595,2026-08-30 07:17:52,30,0x7bedd1556856ee82d0c11ea82c4825c7a7b046f3,smart_money,P-N,50.0,1.0,1,1,0,1.0,10.069072408099988,,10.069072408099988,171.01416666666665,10.0,10.0,16.909025477190582,0.0,0.0,1.0,HYPE,仓位样本不足，暂不影响权重
2356634,1595,2026-08-30 07:17:52,30,0x7c45b26c41c29330d042003cb312e73a3912024f,smart_money,P-C,49.771212547196626,0.75,3,0,3,,,19.965674160157246,19.965674160157246,1501.6758333333335,5.0,5.0,45.0670807197998,0.0,0.0,0.0,"BTC,ETH,SOL",仓位收益偏弱，降权参考
2357786,1595,2026-08-30 07:17:52,30,0x7c7206eb666300e50411a9718d6b2b626297f9da,smart_money,P-N,50.0,1.0,1,1,0,1.0,43.68358913813459,,43.68358913813459,1137.6586111111112,20.0,20.0,53.41861820572983,0.0,0.0,1.0,ETH,仓位样本不足，暂不影响权重
2357006,1595,2026-08-30 07:17:52,30,0x7c9063122c01837fe83da2521056e10c9b6dd129,money_printer,P-N,50.0,1.0,2,0,2,,,9.73512484926631,9.73026259865301,355.01,10.0,10.0,25.115620025263734,-5.058095471118213,0.0,1.0,"WLD,HYPE",仓位样本不足，暂不影响权重
2356635,1595,2026-08-30 07:17:52,30,0x7c930969fcf3e5a5c78bcf2e1cefda3f53e3c8fd,money_printer,P-R,25.0,-0.8,257,244,13,0.19262295081967212,-4.143465130018171,5.331205191356862,-3.805750307296173,318.3904020752278,8.140077821011673,40.0,5.134654909490711,-10.602968570687601,0.28793774319066145,0.30739299610894943,"BTC,ETH,CRV,HYPE,ENA",仓位真实收益偏反向，可作为反向参考
2356636,1595,2026-08-30 07:17:52,30,0x7c976f00e84db0b44f945fc6d7fad34b43150a1a,smart_money,P-B,91.11602467636968,1.0,5,4,1,0.75,14.153639517372618,1.049680666713145,8.313162316504748,825.5981111111112,9.2,20.0,19.488128906545576,-15.744299962661154,0.4,0.6,"CASHCAT,BTC,HYPE,NEAR",仓位表现普通有效
2357381,1595,2026-08-30 07:17:52,30,0x7ca165f354e3260e2f8d5a7508cc9dd2fa009235,money_printer,P-G,44.93526660656581,0.65,58,57,1,0.3684210526315789,-0.06601700887039896,-0.08620237606489245,-0.06473339343418821,12.914123563218386,13.0,13.0,0.20419968597953164,-0.2896828455898084,0.0,1.0,BTC,高杠杆/短线赌徒型，长期单降权
2357156,1595,2026-08-30 07:17:52,30,0x7d54a6772903c4f45f05c9b4e89f1dd2a0f52794,smart_money,P-N,50.0,1.0,1,0,1,,,8.251588868112577,7.629528640039439,208.01805555555555,5.0,5.0,12.11996782631406,-3.1859225830428115,0.0,0.0,HYPE,仓位样本不足，暂不影响权重
2357271,1595,2026-08-30 07:17:52,30,0x7d5c17cddaabc227c7d1a34ac7f6cdfda6985d48,smart_money,P-G,47.828404053442945,0.65,37,34,3,0.5588235294117647,2.695899778558961,4.3301191687947265,2.828404053442942,94.71968468468468,11.35135135135135,20.0,5.380874097349732,-2.3141768022044187,0.0,0.6756756756756757,"ZEC,LIT,XRP,XLM,SOL",高杠杆/短线赌徒型，长期单降权
2357725,1595,2026-08-30 07:17:52,30,0x7dacca323e44f168494c779bb5e7483c468ef410,money_printer,P-N,50.0,1.0,1,1,0,0.0,-18.784529762788203,,-18.784529762788203,1277.6616666666666,10.0,10.0,16.787013850056322,-21.546603129837177,0.0,1.0,HYPE,仓位样本不足，暂不影响权重
2356637,1595,2026-08-30 07:17:52,30,0x7dd6af227362f4115e060f39c00791ffcf4230d8,money_printer,P-G,65.0,0.65,8,1,7,0.0,-31.981256982178657,44.14401531556867,34.62835627835026,1494.1757291666663,11.875,20.0,56.24378439610868,-4.981020669803414,0.0,0.875,"AAVE,AVAX,SOL,UNI,WIF",高杠杆/短线赌徒型，长期单降权
2357404,1595,2026-08-30 07:17:52,30,0x7dd6f02fef939cea86f0243358255f6b57a6cf0d,smart_money,P-B,65.60006237289159,1.0,292,291,1,0.5189003436426117,-0.019691510392797304,0.2419728795669264,-0.01901508762096477,2.414438736681888,6.089041095890411,11.0,0.18901097712310147,-0.19614143326581598,0.13356164383561644,0.03424657534246575,BTC,仓位表现普通有效
2356638,1595,2026-08-30 07:17:52,30,0x7de07bb8a43c1953a019906cf2c8287dae478be9,money_printer,P-N,50.0,1.0,2,0,2,,,-2.1844733346609004,-2.1844733346609004,1501.6758333333332,20.0,20.0,24.966347652045968,-22.271747321828883,0.0,1.0,"BTC,ETH",仓位样本不足，暂不影响权重
2357426,1595,2026-08-30 07:17:52,30,0x7e09dfbba23d078e16f038b1ed4c558185c4be1e,smart_money,P-N,50.0,1.0,2,1,1,1.0,3.5550044986820852,-0.061857403670611516,1.746573547505737,750.8379166666666,10.0,10.0,27.11772092185155,-4.492333498297232,0.0,1.0,HYPE,仓位样本不足，暂不影响权重
2356639,1595,2026-08-30 07:17:52,30,0x7e0dfa222d18639220e40ab4d2e98ebdefa44dab,smart_money,P-N,50.0,1.0,1,0,1,,,7.623073119719277,7.623073119719276,1501.6758333333332,3.0,3.0,10.865351378077657,-31.809331285578637,1.0,0.0,ETH,仓位样本不足，暂不影响权重
2356640,1595,2026-08-30 07:17:52,30,0x7e19c25679a5f4cc1351e80d428ebe6df929adb1,smart_money,P-C,65.45231160243777,0.75,12,10,2,0.3,4.018623966939481,24.888377591187176,7.49691623764743,389.4111111111112,8.75,40.0,26.39056364823753,-9.351097534488831,0.4166666666666667,0.4166666666666667,"ZEC,LIT,CASHCAT,BTC,SPX",仓位收益偏弱，降权参考
2357578,1595,2026-08-30 07:17:52,30,0x7e4e766d0ae5ea9cded0c694669194db92800107,money_printer,P-R,25.0,-0.8,6,6,0,0.16666666666666666,-2.844346393939801,,-2.844346393939801,13.001064814814816,7.333333333333333,10.0,1.2853384968093358,-3.5956527545464723,0.0,0.5,"HYPE,XMR,ZEC,ETH,TRUMP",仓位真实收益偏反向，可作为反向参考
2356993,1595,2026-08-30 07:17:52,30,0x7e5198aecb7285e6c4419620685c3950816e780f,smart_money,P-C,69.65635109400648,0.75,11,6,5,0.3333333333333333,7.237593858565639,18.517839616614943,12.485078792542838,374.9550757575758,8.727272727272727,20.0,23.7751609490624,-7.224214454173077,0.18181818181818182,0.45454545454545453,"HYPE,ETH,BTC,SOL,LIT",仓位收益偏弱，降权参考
2356964,1595,2026-08-30 07:17:52,30,0x7eaf2d4d87452f06bb6af45bf03c1913b415dfd6,smart_money,P-G,35.0,0.65,6,3,3,1.0,9.261970809443257,-67.75481035717698,-25.524871306365597,695.1107407407408,16.333333333333332,40.0,9.316778457871843,-45.19908690026089,0.16666666666666666,0.8333333333333334,"PUMP,ETH,TRUMP,CASHCAT,AAVE",高杠杆/短线赌徒型，长期单降权
2357552,1595,2026-08-30 07:17:52,30,0x7eb4d1f3b748890d7dfcd8eae09b087454fedce9,smart_money,P-G,49.35688318468,0.65,10,10,0,0.6,4.356883184680003,,4.356883184680003,311.70669444444445,10.0,20.0,12.200812238911947,-5.375728642833389,0.0,0.8,"ENA,HYPE,ETH,SUI,ONDO",高杠杆/短线赌徒型，长期单降权
2357846,1595,2026-08-30 07:17:52,30,0x7eb9026d0183942458bd4660371c3cc0a2df3beb,money_printer,P-N,50.0,1.0,1,1,0,1.0,2.5143816839611994,,2.5143816839611994,789.6669444444444,4.0,4.0,9.216779988179415,-5.042346234574455,0.0,0.0,BTC,仓位样本不足，暂不影响权重
2357245,1595,2026-08-30 07:17:52,30,0x7f1e97d8eb3ddb8659cb59d611becc438f89b7a2,smart_money,P-B,70.37938323179432,1.0,5,2,3,0.5,3.4337896373480667,-1.1311237678702681,0.6948415942170659,91.00311111111111,5.8,8.0,5.17986207322638,-3.6192364512084545,0.4,0.0,"ETH,XMR,kPEPE",仓位表现普通有效
2357664,1595,2026-08-30 07:17:52,30,0x7f55a0b28ba031dc08c1fdf7336a74e399b840d1,money_printer,P-G,44.863538240426664,0.65,8,8,0,0.625,-0.13646175957333556,,-0.13646175957333556,24.87600694444444,38.125,40.0,0.6864248550935131,-0.9595808746656557,0.0,1.0,"BTC,ETH",高杠杆/短线赌徒型，长期单降权
2357556,1595,2026-08-30 07:17:52,30,0x7f70f12185d44067d45d1ebb21b497f311c7d67d,smart_money,P-C,42.28201267281223,0.75,4,4,0,0.25,-1.619293620233699,,-1.619293620233699,335.4170833333334,8.75,20.0,8.046601748389504,-2.3160559568140733,0.0,0.25,"HYPE,BTC",仓位收益偏弱，降权参考
2356641,1595,2026-08-30 07:17:52,30,0x7fa02bda84034b71213871ef70627b4052d35a94,smart_money,P-C,17.31603286907928,0.75,4,0,4,,,-5.499048646945413,-5.352283522100172,1131.5486805555556,8.75,20.0,21.266930847780706,-16.722735967951685,0.0,0.25,"MON,TAO,SOL,GRAM",仓位收益偏弱，降权参考
2356642,1595,2026-08-30 07:17:52,30,0x7fdafde5cfb5465924316eced2d3715494c517d1,money_printer,P-G,52.91202221255312,0.65,76,44,32,0.6363636363636364,5.862205209677165,10.665344338865518,7.912022212553119,510.1442251461989,10.447368421052632,20.0,16.81526877795192,-8.765133967754,0.10526315789473684,0.5657894736842105,"HYPE,SOL,BTC,FARTCOIN,NEAR",高杠杆/短线赌徒型，长期单降权
2356643,1595,2026-08-30 07:17:52,30,0x7ff59a95c9e0b908adfc374139008ecb9a1d126b,smart_money,P-B,100.0,1.0,3,2,1,1.0,12.095195825529458,71.71422564474639,31.527564939758538,1339.9974074074073,8.333333333333334,10.0,38.658088358807085,0.0,0.0,0.6666666666666666,"HYPE,TAO,DOGE",仓位表现普通有效
2356644,1595,2026-08-30 07:17:52,30,0x807ddb66768050ee457165ad6d21cc1275a896ac,smart_money,P-G,40.114034133973135,0.65,5,3,2,0.3333333333333333,-7.798701393853498,-0.21032255150662316,-4.885965866026867,1282.1334444444442,13.0,20.0,19.869999854418413,-17.518263352062935,0.0,0.8,"LINK,ZRO,HYPE,BTC,ETH",高杠杆/短线赌徒型，长期单降权
2357157,1595,2026-08-30 07:17:52,30,0x80bcb08c54bbd5abb37528425b1f8ad2507c9b62,smart_money,P-N,50.0,1.0,1,0,1,,,-1.3672279792746114,-1.9179970314647563,208.01805555555555,15.0,15.0,1.5537564766839378,-4.575777202072539,0.0,1.0,BTC,仓位样本不足，暂不影响权重
2357650,1595,2026-08-30 07:17:52,30,0x810ab853d951613a567792a675922c6498bce29f,smart_money,P-B,100.0,1.0,3,3,0,1.0,35.64138791224729,,35.64138791224729,191.34064814814815,6.0,10.0,60.91234465672514,-2.0674260071847534,0.3333333333333333,0.3333333333333333,"HYPE,CASHCAT,PUMP",仓位表现普通有效
2357348,1595,2026-08-30 07:17:52,30,0x810b41bd2294ea9b87efd8fd03040ff74a1e5130,smart_money,P-B,83.45830653449454,1.0,18,15,3,0.8666666666666667,3.187965085147626,5.11078328412107,3.5083462972862844,25.666589506172837,9.61111111111111,20.0,4.888292279068109,-1.1465681915684027,0.1111111111111111,0.8888888888888888,"HYPE,BTC,CASHCAT,ETH,PUMP",仓位表现普通有效
2357168,1595,2026-08-30 07:17:52,30,0x811e8f6d80f38a2f0f8b606cb743a950638f0ad4,smart_money,P-G,42.98824485723256,0.65,7,6,1,0.5,-3.7045415272387925,10.270288442143489,-2.0117551427674387,215.1909920634921,25.0,40.0,5.655432863371727,-6.4714614781999416,0.0,0.5714285714285714,"BTC,MON",高杠杆/短线赌徒型，长期单降权
2357468,1595,2026-08-30 07:17:52,30,0x8184405076b61ab78013f16393322eaf0d0a01a1,smart_money,P-B,65.43037033154441,1.0,3618,3606,12,0.5063782584581253,-0.008028946803524993,0.026754577304653988,-0.008053880262181028,2.371479178183166,4.062465450525152,5.0,0.45957615912495836,-0.48904122376330017,0.46876727473742397,0.0,"ATOM,CC,PENDLE,TAO,ICP",仓位表现普通有效
2357186,1595,2026-08-30 07:17:52,30,0x81d4163289cf61a0eaaac4862cb88ef0f4215c29,smart_money,P-R,25.0,-0.8,5,4,1,0.25,-8.882693834679909,7.264071507221977,-5.6533407662995305,315.3386111111111,8.6,10.0,9.776601759304281,-9.744856677333392,0.2,0.8,"VVV,XPL,PUMP,ETH,BTC",仓位真实收益偏反向，可作为反向参考
2356645,1595,2026-08-30 07:17:52,30,0x81dd236893b50383256aee3ccd6ded98fdd155b6,smart_money,P-C,52.78151250383644,0.75,6,1,5,0.0,-16.634515771800082,28.74601556350637,21.18259367428863,1421.8943055555555,3.6666666666666665,5.0,42.27987774786407,-6.335602202231359,0.6666666666666666,0.0,"MNT,PAXG,SEI,WLFI,IOTA",仓位收益偏弱，降权参考
2357581,1595,2026-08-30 07:17:52,30,0x81f6b887657b679d9e23153ffcd703e111010240,smart_money,P-A,99.15616430228245,1.15,7,7,0,1.0,4.2811633796413675,,4.2811633796413675,8.141944444444444,5.857142857142857,10.0,5.200389330718508,-0.21107052381227565,0.14285714285714285,0.14285714285714285,"ETH,HYPE,SOL,TRUMP,BTC",仓位收益稳定，适合加权参考
2357716,1595,2026-08-30 07:17:52,30,0x82063340e28d0e4327a152563eda08094df98663,smart_money,P-N,50.0,1.0,1,1,0,0.0,-1.6339293742911893,,-1.6339293742911893,631.7072222222222,20.0,20.0,3.941897867681876,-7.451313370304594,0.0,1.0,BTC,仓位样本不足，暂不影响权重
2357242,1595,2026-08-30 07:17:52,30,0x825714bae8bd60162bb14a04bb2183d00b3d00c9,smart_money,P-B,100.0,1.0,4,3,1,1.0,6.351126856648537,-2.273070413133827,4.195077539202945,153.24368055555556,5.25,10.0,5.9938317475974,-2.8563992141952914,0.5,0.25,"ETH,HYPE,DOGE",仓位表现普通有效
2357382,1595,2026-08-30 07:17:52,30,0x82b409e6c2e617929cf22bd7e4b08564c207abc1,smart_money,P-G,44.98325897669139,0.65,222,221,1,0.5248868778280543,-0.01606338931773851,-0.3141888773804593,-0.01674102330861186,2.982118368368371,14.666666666666666,20.0,0.3096298670821029,-0.28339907405070497,0.0,0.6666666666666666,"ETH,BTC",高杠杆/短线赌徒型，长期单降权
2356646,1595,2026-08-30 07:17:52,30,0x8328446602cb4c3b2b4a25beca6488e947b6f54a,smart_money,P-N,50.0,1.0,1,0,1,,,-7.3661006591296,-16.207707272076544,1501.6758333333332,25.0,25.0,10.123990772779697,-21.240682773290906,0.0,1.0,ETH,仓位样本不足，暂不影响权重
2356647,1595,2026-08-30 07:17:52,30,0x833b99b27dac651d02080f5e220e929df891db06,money_printer,P-G,44.05024779044388,0.65,7,4,3,0.25,2.1709317405206328,-3.6803276986955855,-0.9497522095561143,458.3383333333333,30.714285714285715,40.0,9.19265655289378,-8.094153351725925,0.0,0.8571428571428571,"BTC,XMR,ADA",高杠杆/短线赌徒型，长期单降权
2357303,1595,2026-08-30 07:17:52,30,0x8372aa26b7130d1b8a4ad205c1f2ec9a97ab2477,smart_money,P-G,44.71428294899699,0.65,19,18,1,0.5,-0.29458293480365816,0.43624126619058845,-0.2857170510030108,39.89555555555556,13.0,13.0,0.7553660554915534,-1.1530071560340556,0.0,1.0,BTC,高杠杆/短线赌徒型，长期单降权
2356648,1595,2026-08-30 07:17:52,30,0x837381dd3eda5c672e77f1c076dbb04fb98accba,smart_money,P-B,78.10454588052995,1.0,3,2,1,0.5,14.812941419372677,-0.8550602747406776,9.590274188001558,1252.6700925925925,6.666666666666667,10.0,26.75741967392645,-10.380704929523622,0.0,0.3333333333333333,"ZRO,NEAR,XMR",仓位表现普通有效
2356649,1595,2026-08-30 07:17:52,30,0x837686cfda8a79adfb8465d39240c54166bf9a1e,smart_money,P-G,35.0,0.65,6,0,6,,,-29.882547128608156,-29.882547128608156,1433.2328703703704,13.833333333333334,20.0,25.5372741069849,-38.13835950510583,0.16666666666666666,0.8333333333333334,"BNB,BTC,ETH,PAXG,SOL",高杠杆/短线赌徒型，长期单降权
2357180,1595,2026-08-30 07:17:52,30,0x8383b9a512f1c0e57cd015b076372b2844859e57,smart_money,P-N,50.0,1.0,2,0,2,,,-1.9373625593280117,-1.9373625593280117,194.01555555555555,1.0,1.0,3.2466067486981864,-11.08921830517019,1.0,0.0,"ASTER,ZEC",仓位样本不足，暂不影响权重
2357229,1595,2026-08-30 07:17:52,30,0x839eeee12aa7fa673b1c03fafcf0688b5c9a7375,smart_money,P-G,45.39182834380506,0.65,68,59,9,0.4915254237288136,0.07452299558788252,2.5476299331245906,0.39182834380505605,34.47450163398693,12.558823529411764,40.0,2.6991455915694123,-2.920236993207957,0.11764705882352941,0.7794117647058824,"PUMP,ZEC,TRUMP,BTC,SOL",高杠杆/短线赌徒型，长期单降权
2357387,1595,2026-08-30 07:17:52,30,0x83b00972aafcc3d06d45b1b823079f9a414da46e,smart_money,P-G,44.535296480284565,0.65,8,7,1,0.42857142857142855,-1.0337380822573412,3.518538418077899,-0.4647035197154361,26.1271875,13.125,20.0,4.820224217493319,-2.913886067864197,0.0,0.875,"ZEC,HYPE,XRP,PUMP,SOL",高杠杆/短线赌徒型，长期单降权
2357070,1595,2026-08-30 07:17:52,30,0x83b1385d8126ecf64bfb3b4254d67eb9db753bcc,smart_money,P-B,92.77121254719663,1.0,3,2,1,0.5,18.342739016676603,62.59973404255321,33.09507069196881,185.64305555555552,1.6666666666666667,2.0,40.17471357876283,-11.060227124881203,1.0,0.0,"PUMP,CASHCAT",仓位表现普通有效
2357827,1595,2026-08-30 07:17:52,30,0x83dbc7524ece5a0ce2c8233c93745d6c58cdf50b,smart_money,P-N,50.0,1.0,1,1,0,0.0,-3.3746935136339933,,-3.3746935136339933,1.0002777777777778,3.0,3.0,1.3849468756965635,-3.3746935136339933,1.0,0.0,PURR,仓位样本不足，暂不影响权重
2357530,1595,2026-08-30 07:17:52,30,0x8434b7844fd17fad52f0aceae50a834cd4896577,smart_money,P-G,45.52081218047782,0.65,53,53,0,0.6415094339622641,0.5208121804778152,,0.5208121804778152,5.377258909853249,10.415094339622641,25.0,2.3163828964758992,-1.9673127034107052,0.2830188679245283,0.6981132075471698,"SOL,CASHCAT,TRUMP,BTC,HYPE",高杠杆/短线赌徒型，长期单降权
2357269,1595,2026-08-30 07:17:52,30,0x843f31e5cd9a6572d235a05cb78ec5ac2ffcc24f,smart_money,P-G,47.91895443728203,0.65,14,12,2,1.0,3.184926249975801,0.44653483809471195,2.918954437282031,129.35962301587298,17.357142857142858,25.0,4.985909736458027,-2.114140819273899,0.07142857142857142,0.7857142857142857,"BTC,HYPE,ETHFI,ENA,VVV",高杠杆/短线赌徒型，长期单降权
2356650,1595,2026-08-30 07:17:52,30,0x844b6ab0079fb36e6a99cba877574acd8f1e7f42,money_printer,P-G,35.0,0.65,14,0,14,,,-23.15760931300746,-20.05958355619186,885.497123015873,10.928571428571429,40.0,15.743417101134977,-39.61583823350177,0.07142857142857142,0.5714285714285714,"ETH,HYPE,PURR,LIT,ZEC",高杠杆/短线赌徒型，长期单降权
2357074,1595,2026-08-30 07:17:52,30,0x8477e447846c758f5a675856001ea72298fd9cb5,smart_money,P-G,47.63728918899406,0.65,11,7,4,1.0,6.044178325774079,-3.324766800370978,2.6372891889940595,140.3656313131313,11.818181818181818,20.0,5.089575517232761,-5.145636843390437,0.0,0.6363636363636364,"ETH,PUMP,APE,ZEC,AAVE",高杠杆/短线赌徒型，长期单降权
2357486,1595,2026-08-30 07:17:52,30,0x847bd1ef4fede0fe191129894d63044843f4d473,smart_money,P-B,77.3679288658157,1.0,325,324,1,0.5617283950617284,0.023503427507189287,0.008945162090413416,0.023470605747353386,2.2185042735042724,2.852307692307692,6.0,0.2496814910795057,-0.20332440139892877,0.7538461538461538,0.0,ETH,仓位表现普通有效
2357608,1595,2026-08-30 07:17:52,30,0x84803dc3df988d5493d9be2ee75e36f0043ee272,smart_money,P-B,97.6189987884573,1.0,4,4,0,1.0,4.799199437588836,,4.799199437588836,86.25430555555556,8.25,10.0,6.242854692034325,-0.24497825240837195,0.25,0.75,"PAXG,HYPE",仓位表现普通有效
2356651,1595,2026-08-30 07:17:52,30,0x8482694d9bbf434bf2801f49be04dee5bc459d07,smart_money,P-B,75.08374171286758,1.0,64,31,33,0.5483870967741935,-4.087239074473481,7.560816626295779,1.8795724693370115,813.6194097222215,7.75,40.0,21.191704008706573,-12.026067656971538,0.265625,0.453125,"AAVE,ADA,AIXBT,APE,AVAX",仓位表现普通有效
2356652,1595,2026-08-30 07:17:52,30,0x848721233eee7906395c00fa45b0fd90427e1601,smart_money,P-N,50.0,1.0,1,0,1,,,-3.8440153558912282,-3.8440153558912273,1501.6758333333332,10.0,10.0,22.856286002810556,-7.130961654062508,0.0,1.0,BTC,仓位样本不足，暂不影响权重
2357181,1595,2026-08-30 07:17:52,30,0x85085800b0b90fe8a220047ec947227ea07bd73d,smart_money,P-B,92.68726657994628,1.0,4,3,1,0.6666666666666666,31.392069070418245,36.40000000000001,32.64405180281368,317.1852083333333,4.75,10.0,38.00934703403928,-4.397376720779597,0.75,0.25,"LIT,CHIP,ZEC",仓位表现普通有效
2356653,1595,2026-08-30 07:17:52,30,0x85101bbcbbf09cd50d299f662448c3ae509592ee,smart_money,P-C,53.26182759655695,0.75,39,0,39,,,7.955678326241734,7.93860610597078,1184.5973076923074,5.512820512820513,20.0,33.41919503067825,-11.429169965269608,0.4358974358974359,0.23076923076923078,"AAVE,ADA,AERO,ALGO,BCH",仓位收益偏弱，降权参考
2357390,1595,2026-08-30 07:17:52,30,0x8554501f855388039f2bc86110462adfbbde46dc,money_printer,P-G,44.698733769192586,0.65,8,7,1,0.42857142857142855,-0.18360497728103795,-1.1248950054920204,-0.30126623080741066,60.99954861111111,20.75,30.0,0.8884824388807547,-1.768609359059644,0.0,0.75,"BTC,AAVE",高杠杆/短线赌徒型，长期单降权
2357002,1595,2026-08-30 07:17:52,30,0x855b77fc563bb5a2c062b9ad3bdf7984883ee8b8,smart_money,P-B,91.81317773167733,1.0,3,2,1,0.5,7.7873126753428465,7.6699882387913085,8.520982592240351,276.0075,3.0,5.0,32.78318101772627,-9.272898199481318,0.6666666666666666,0.0,"CASHCAT,HYPE",仓位表现普通有效
2356654,1595,2026-08-30 07:17:52,30,0x856c35038594767646266bc7fd68dc26480e910d,money_printer,P-A,100.0,1.15,33,5,28,1.0,3.8110476758890917,20.40850573843104,19.81266687737367,1259.8511784511788,7.181818181818182,20.0,38.26423895991432,-20.27229962589039,0.2727272727272727,0.30303030303030304,"FARTCOIN,BTC,APT,ASTER,BERA",仓位收益稳定，适合加权参考
2357323,1595,2026-08-30 07:17:52,30,0x85b3c124a704ae638622a1e99310f22eee7279c6,smart_money,P-N,50.0,1.0,2,1,1,0.0,-16.58177211814121,0.6826713912586514,-7.949550363441279,459.33000000000004,20.0,20.0,1.7197904410893188,-11.53877716662342,0.0,1.0,BTC,仓位样本不足，暂不影响权重
2356655,1595,2026-08-30 07:17:52,30,0x85d9ba5e2910c080893a828976cd7ca040ceb5a5,smart_money,P-N,50.0,1.0,1,0,1,,,17.597889760542618,17.597889760542618,1501.6758333333332,3.0,3.0,20.418964749409067,-15.739440238429655,1.0,0.0,SKY,仓位样本不足，暂不影响权重
2356656,1595,2026-08-30 07:17:52,30,0x85ed1f02990eebe097154ef7e76dd43dd59d4a44,smart_money,P-G,35.0,0.65,4,3,1,0.0,-17.648588481468725,-25.050336213949688,-18.1620193644501,1069.0474305555556,23.75,40.0,5.50005960220056,-26.81640679397347,0.0,1.0,"BTC,ETH,SOL,HYPE",高杠杆/短线赌徒型，长期单降权
2356657,1595,2026-08-30 07:17:52,30,0x8607a7d180de23645db594d90621d837749408d5,money_printer,P-A,97.16708342726541,1.15,29,8,21,0.625,16.277695371935156,31.44668789445667,26.091719175663002,1353.4269348659009,7.137931034482759,29.0,52.03682031443659,-24.69717778938482,0.3793103448275862,0.3103448275862069,"AIXBT,AVAX,BERA,BTC,FARTCOIN",仓位收益稳定，适合加权参考
2357829,1595,2026-08-30 07:17:52,30,0x860b15d380b19ca3d37ea7c3af0e2bb26b420c27,smart_money,P-N,50.0,1.0,1,1,0,0.0,-5.885406941528492,,-5.885406941528492,0.9977777777777778,5.0,5.0,0.0,-5.885406941528492,0.0,0.0,GRAM,仓位样本不足，暂不影响权重
2357096,1595,2026-08-30 07:17:52,30,0x863b676e5e4fea0541062c32983dc8f84749ca6d,money_printer,P-N,50.0,1.0,2,0,2,,,-15.592739172596673,-3.2087732919911036,254.01222222222222,20.0,20.0,0.5887114408727974,-19.16200830501172,0.0,1.0,"BTC,ETH",仓位样本不足，暂不影响权重
2357055,1595,2026-08-30 07:17:52,30,0x866d4903b256ce7e7caac46a91e83128bb0fd6e1,smart_money,P-A,89.9593813970368,1.15,11,7,4,0.5714285714285714,4.274236416755731,41.091829965478745,17.66245225265501,153.2784090909091,6.363636363636363,20.0,29.222296601657572,-1.5694986807593454,0.36363636363636365,0.2727272727272727,"ZEC,TAO,CHIP,ZRO,BTC",仓位收益稳定，适合加权参考
2357410,1595,2026-08-30 07:17:52,30,0x867fd5474e39f8623117b672137bf54af92c5548,smart_money,P-N,50.0,1.0,2,1,1,1.0,7.311853777049551,-0.8052257878357008,3.253313994606925,27.00125,10.0,10.0,3.774372755092508,-2.5061921921832857,0.0,1.0,"BTC,ENA",仓位样本不足，暂不影响权重
2357666,1595,2026-08-30 07:17:52,30,0x872d3fb74cb230faf1746b4e66971551a010ba6d,smart_money,P-C,53.77121254719662,0.75,3,3,0,0.6666666666666666,-88.73331891059092,,-88.73331891059092,1319.0013888888889,5.333333333333333,10.0,34.98527221348451,-133.4737504250274,0.6666666666666666,0.3333333333333333,"AVAX,HYPE,GRASS",仓位收益偏弱，降权参考
2356658,1595,2026-08-30 07:17:52,30,0x878d292fbebaf102eaf9d7e10b50a876e696f74b,smart_money,P-N,50.0,1.0,1,0,1,,,32.8870322570083,32.8870322570083,1501.6758333333332,2.0,2.0,57.47679361735799,0.0,1.0,0.0,ETH,仓位样本不足，暂不影响权重
2356659,1595,2026-08-30 07:17:52,30,0x87e8b39e166388f9fe6e57c291afc441c9e3a515,smart_money,P-G,47.0052574160659,0.65,13,12,1,0.4166666666666667,-0.5148849337048121,32.24696561331451,2.005257416065904,145.20632478632479,11.153846153846153,20.0,5.998964367992885,-1.6559499395602915,0.0,0.9230769230769231,"HYPE,FARTCOIN,BTC,ETH,LIT",高杠杆/短线赌徒型，长期单降权
2357261,1595,2026-08-30 07:17:52,30,0x87f36777f22548787af3a2ad3605e3d48288b928,smart_money,P-G,44.46015737554692,0.65,56,54,2,0.24074074074074073,-0.5041990965929171,-1.5022178766774053,-0.5398426244530773,37.96158234126983,20.714285714285715,25.0,0.9504727037700504,-1.465152447770592,0.0,1.0,"ETH,HYPE",高杠杆/短线赌徒型，长期单降权
2357150,1595,2026-08-30 07:17:52,30,0x880ac484a1743862989a441d6d867238c7aa311c,money_printer,P-N,50.0,1.0,2,0,2,,,-3.0625710387880245,-3.927578156281089,192.51,5.5,8.0,6.783370157530404,-11.564865464447582,0.5,0.0,"FARTCOIN,HYPE",仓位样本不足，暂不影响权重
2357012,1595,2026-08-30 07:17:52,30,0x881cd92459f09622680e711458b22c5335fba65b,smart_money,P-G,44.87697781005051,0.65,42,39,3,0.5897435897435898,0.3659666154490395,-5.814025131131568,-0.123022189949489,68.76347883597884,10.142857142857142,13.0,2.0985662677616777,-2.7489224486532464,0.0,1.0,"AVAX,BCH,BTC,kBONK",高杠杆/短线赌徒型，长期单降权
2356660,1595,2026-08-30 07:17:52,30,0x88250cf2f6402e856bc85fc65095e4a48bb12cb7,smart_money,P-C,68.93745999332475,0.75,54,20,34,0.55,1.1236220995360913,-2.184014370760518,-1.5220107440783675,847.2248868312755,7.7592592592592595,40.0,19.46447072994009,-21.307322164605452,0.3333333333333333,0.42592592592592593,"HYPE,KAITO,ONDO,TIA,ENA",仓位收益偏弱，降权参考
2357718,1595,2026-08-30 07:17:52,30,0x885989fd94d30c150e6eaf897090509bce4f6aa8,money_printer,P-N,50.0,1.0,2,2,0,0.5,1.3658494295914856,,1.3658494295914856,8.00013888888889,20.0,20.0,3.4329329350593514,-1.7772216889488075,0.0,1.0,BTC,仓位样本不足，暂不影响权重
2356661,1595,2026-08-30 07:17:52,30,0x88696c4985f64ea1ebfb9e46c1b47197f7a244ab,smart_money,P-N,50.0,1.0,1,0,1,,,-28.466822877835764,-45.68576677082657,1501.6758333333332,3.0,3.0,0.0,-63.21626371285547,1.0,0.0,NIL,仓位样本不足，暂不影响权重
2356662,1595,2026-08-30 07:17:52,30,0x888e000c78b8f1aada5b3c99f880794907b76d77,money_printer,P-A,100.0,1.15,61,16,45,0.8125,11.365663462902747,46.00433296571861,36.532516903049384,1230.8081466302374,6.491803278688525,40.0,49.525516454611044,-10.06100592833228,0.5245901639344263,0.18032786885245902,"BTC,CASHCAT,TRB,AERO,ANIME",仓位收益稳定，适合加权参考
2356663,1595,2026-08-30 07:17:52,30,0x88965659f799fcb2f70937c31180b0acb7106ac5,smart_money,P-N,50.0,1.0,1,0,1,,,51.6653467689815,51.6653467689815,1501.6758333333332,10.0,10.0,57.085119746579636,-6.5339486787369,0.0,1.0,HYPE,仓位样本不足，暂不影响权重
2357810,1595,2026-08-30 07:17:52,30,0x88aad701c39aa2acd2cc170bc7c90750cfd36da1,smart_money,P-C,55.643386982938594,0.75,4,4,0,0.5,-1.1886064651705137,,-1.1886064651705137,337.2479166666667,7.0,10.0,9.152927866530678,-4.749528661606125,0.25,0.5,"UNI,AAVE,AERO,PENDLE",仓位收益偏弱，降权参考
2357840,1595,2026-08-30 07:17:52,30,0x88b2448328f4335ad2a8cac06485c378ebe66fe3,smart_money,P-N,50.0,1.0,2,2,0,1.0,0.22699794775566942,,0.22699794775566942,66.99791666666667,20.0,20.0,2.251418336321502,-0.2703843820164984,0.0,1.0,"SOL,BTC",仓位样本不足，暂不影响权重
2356664,1595,2026-08-30 07:17:52,30,0x891140a93bef082312952b48479a853e90952fc2,smart_money,P-G,35.971797527600174,0.65,23,14,9,0.42857142857142855,0.3520448875109198,-27.773638179049197,-9.028202472399826,490.7421376811594,12.91304347826087,40.0,11.94353066367142,-27.541596900699535,0.17391304347826086,0.6956521739130435,"ZEC,LIT,ETH,BTC,HYPE",高杠杆/短线赌徒型，长期单降权
2356665,1595,2026-08-30 07:17:52,30,0x89132efe9fa560caf50d505273502c975e4805ab,smart_money,P-C,43.879551828714,0.75,7,2,5,0.5,7.236027405430377,-20.590116937940504,-11.889924100271486,1143.4345238095236,9.714285714285714,20.0,13.517437841571715,-32.94450781060104,0.14285714285714285,0.42857142857142855,"HYPE,ENA,PENDLE,SOL,XPL",仓位收益偏弱，降权参考
2357287,1595,2026-08-30 07:17:52,30,0x899b2d61a5943dd2452cbc9ff5d158c63a2275dd,smart_money,P-G,46.27459802620513,0.65,5,3,2,0.6666666666666666,-0.8884568586674333,4.519180353513986,1.2745980262051346,40.20172222222222,16.0,20.0,4.171928495649539,-1.8866710242977671,0.0,1.0,"SOL,AAVE",高杠杆/短线赌徒型，长期单降权
2356666,1595,2026-08-30 07:17:52,30,0x89b7815978abc23590616e9da57ddd78e53b1a77,smart_money,P-C,66.62116332201319,0.75,53,10,43,0.6,23.49724907747726,-15.052031900807513,-7.55734286729529,969.7825104821808,4.471698113207547,10.0,18.36593225376767,-34.23688736401888,0.5471698113207547,0.11320754716981132,"CASHCAT,GRASS,AAVE,AR,ARB",仓位收益偏弱，降权参考
2356931,1595,2026-08-30 07:17:52,30,0x89bdfd6caab017d28d9296c2513e687db99b3df2,smart_money,P-G,44.867232723529916,0.65,11,5,6,0.4,0.5563353675360012,-0.5654645399487406,-0.13276727647008058,644.7460353535356,17.545454545454547,40.0,5.992870860681603,-8.992693959495739,0.09090909090909091,0.6363636363636364,"BTC,HYPE,ETH,AERO,TAO",高杠杆/短线赌徒型，长期单降权
2357015,1595,2026-08-30 07:17:52,30,0x8a0cd16a004e21e04936a0a01c6f5a49ff937914,smart_money,P-G,63.847815614433685,0.65,6,3,3,1.0,17.505815837719652,20.189815391147715,18.84781561443368,323.345,14.666666666666666,25.0,26.642265294381108,-4.676349010590809,0.16666666666666666,0.8333333333333334,"SOL,STABLE,ETH,HYPE,PUMP",高杠杆/短线赌徒型，长期单降权
2356667,1595,2026-08-30 07:17:52,30,0x8a11b23296ca85afcd2ecf92b745b0d6274280d9,smart_money,P-N,50.0,1.0,1,0,1,,,-31.700567355413206,-31.37324529887207,1501.6758333333332,5.0,5.0,15.889004851943552,-32.147456893201735,0.0,0.0,XMR,仓位样本不足，暂不影响权重
2356668,1595,2026-08-30 07:17:52,30,0x8a3cf3c4b300be69429cce5beb2ef14d7200b6b7,money_printer,P-N,50.0,1.0,1,0,1,,,42.15617683796679,19.098082039766865,1501.6758333333332,10.0,10.0,48.09656547986414,-1.9494701991584416,0.0,1.0,HYPE,仓位样本不足，暂不影响权重
2356669,1595,2026-08-30 07:17:52,30,0x8a5cd8bd74ab3f205ddcb3b73b2f66deadc6827f,money_printer,P-C,96.81373490174349,0.75,16,3,13,1.0,28.8488654264609,-12.817069046639222,-4.86373246240788,523.0485069444444,4.375,10.0,12.982974908763243,-32.34553975613804,0.625,0.125,"ZRO,APEX,CASHCAT,HYPE,XMR",仓位收益偏弱，降权参考
2356670,1595,2026-08-30 07:17:52,30,0x8aa077f5998d234ac8641d73d6bc4976e2a210fc,smart_money,P-B,91.42279212687417,1.0,21,9,12,0.7777777777777778,7.2592526199858565,1.057438289695187,3.1399821294500274,740.6239550264548,9.476190476190476,20.0,14.085837849196212,-20.22743996530344,0.14285714285714285,0.47619047619047616,"KAITO,MORPHO,JTO,XRP,BTC",仓位表现普通有效
2356671,1595,2026-08-30 07:17:52,30,0x8ac033322b353c7e7b0373d42d9fd73ff32a7ef6,smart_money,P-C,74.61138629120092,0.75,26,21,5,0.5238095238095238,0.19382198187177826,-12.19655411311943,-1.602506927586964,227.5031196581196,4.038461538461538,5.0,5.708626684472384,-10.803525760450393,0.0,0.0,"HYPE,TRUMP,SUI,ZEC,TAO",仓位收益偏弱，降权参考
2356672,1595,2026-08-30 07:17:52,30,0x8af700ba841f30e0a3fcb0ee4c4a9d223e1efa05,money_printer,P-G,65.0,0.65,21,3,18,0.6666666666666666,83.95661782531494,47.99471344110867,50.00326671082879,1349.0868253968256,10.428571428571429,40.0,64.62104757056134,-7.557207552881617,0.14285714285714285,0.6190476190476191,"HYPE,AAVE,ADA,AVAX,BTC",高杠杆/短线赌徒型，长期单降权
2357060,1595,2026-08-30 07:17:52,30,0x8afacaa08de7189d84db9d87b9c21c2f1ac28113,smart_money,P-C,3.942818863298765,0.75,3,1,2,0.0,-1.8557676508718688,-9.208585742454934,-7.247530175282265,177.0111111111111,8.333333333333334,10.0,0.9535325875668611,-9.530019317001369,0.0,0.6666666666666666,"BTC,ETH",仓位收益偏弱，降权参考
2357657,1595,2026-08-30 07:17:52,30,0x8b2fd6b5c661d2e1fbb6d9df162f2b5f3b1d3d11,smart_money,P-N,50.0,1.0,2,2,0,1.0,11.77583397346844,,11.77583397346844,468.83625,9.0,10.0,13.81264673066438,-5.6569103657011075,0.0,0.5,"ETH,BTC",仓位样本不足，暂不影响权重
2357255,1595,2026-08-30 07:17:52,30,0x8b3515d1410aaddbf7458c831afdcf6b7ec72990,smart_money,P-N,50.0,1.0,1,0,1,,,4.651214084215035,3.732156384416687,121.00416666666666,2.0,2.0,5.006319104870668,-5.01822945960074,1.0,0.0,XMR,仓位样本不足，暂不影响权重
2356673,1595,2026-08-30 07:17:52,30,0x8b9da005316ecfd7022ccca9b6231281e5c47b28,smart_money,P-G,44.98912999662065,0.65,249,219,30,0.5570776255707762,0.2749508789091562,-0.3904181567831738,-0.010870003379352395,192.68730477465417,11.19277108433735,40.0,4.773428393438043,-6.596623682519855,0.07630522088353414,0.751004016064257,"FARTCOIN,ETH,kPEPE,ZEC,ARB",高杠杆/短线赌徒型，长期单降权
2357613,1595,2026-08-30 07:17:52,30,0x8bae3527e5a33fa0cf184f37bc112d071463ab6d,money_printer,P-B,100.0,1.0,4,4,0,1.0,13.053927774523729,,13.053927774523729,68.26013888888889,4.0,5.0,18.527167685623265,-0.6464121120139196,0.5,0.0,"S,kLUNC,RSR,NEO",仓位表现普通有效
2356674,1595,2026-08-30 07:17:52,30,0x8bcf7a888c66f635ac4a2caf42a8dd12a3b20b14,money_printer,P-G,39.28162235293187,0.65,19,18,1,0.6111111111111112,-2.263743105764749,-67.90179939052902,-5.718377647068132,146.77807017543864,13.68421052631579,20.0,1.6364420477650463,-8.783161670267479,0.0,0.5789473684210527,"BTC,ETH,ZEC,HYPE,PUMP",高杠杆/短线赌徒型，长期单降权
2357059,1595,2026-08-30 07:17:52,30,0x8be0b9c4dbfb90f47fb94e8968dce08d3152326c,smart_money,P-B,80.7786433505109,1.0,16,13,3,0.6153846153846154,3.176297554283256,12.839421435721029,6.080260223514285,66.3148611111111,9.75,40.0,21.398397238579264,-3.819919889447006,0.3125,0.375,"CASHCAT,PURR,SOL,PUMP,BTC",仓位表现普通有效
2357711,1595,2026-08-30 07:17:52,30,0x8c96e5a2d770f9f2c9d2464ce4e741df0b2bca57,smart_money,P-G,44.2761528419063,0.65,8,8,0,0.375,-0.7238471580936948,,-0.7238471580936948,60.625,27.5,40.0,0.9432311447180648,-1.951721110626855,0.0,1.0,"BTC,SOL",高杠杆/短线赌徒型，长期单降权
2356675,1595,2026-08-30 07:17:52,30,0x8cc94dc843e1ea7a19805e0cca43001123512b6a,money_printer,P-B,81.80828951243154,1.0,186,60,126,0.6166666666666667,6.442364439809958,-1.2016796941307666,0.04124153040931326,966.748853046595,5.198924731182796,40.0,23.04697968306301,-22.604847681442152,0.478494623655914,0.17204301075268819,"JUP,TIA,CASHCAT,IMX,NIL",仓位表现普通有效
2356977,1595,2026-08-30 07:17:52,30,0x8cf051405995581de2cbbdc9a3e9951325607e18,smart_money,P-N,50.0,1.0,1,0,1,,,-38.54311662351096,-22.409010148904418,984.005,10.0,10.0,13.467891454576094,-45.34892535337251,0.0,1.0,HYPE,仓位样本不足，暂不影响权重
2356676,1595,2026-08-30 07:17:52,30,0x8d56d30d58d1a2709befccea6642252bab6ed51e,smart_money,P-B,90.3583722279374,1.0,30,12,18,0.75,6.799210411079699,-12.080810931466662,0.7102465070370473,1161.3927777777776,5.6,20.0,25.640849748666806,-27.763579676321402,0.5333333333333333,0.26666666666666666,"SAGA,AXS,CHIP,ALT,APE",仓位表现普通有效
2357651,1595,2026-08-30 07:17:52,30,0x8dae4b174dba18b3825b530d22c3141aefc93dfe,smart_money,P-N,50.0,1.0,1,1,0,1.0,9.80308098839008,,9.80308098839008,1367.6752777777779,6.0,6.0,38.03754385577386,-5.512589351906933,0.0,0.0,HYPE,仓位样本不足，暂不影响权重
2356677,1595,2026-08-30 07:17:52,30,0x8e096995c3e4a3f0bc5b3ea1cba94de2aa4d70c9,money_printer,P-N,50.0,1.0,2,0,2,,,-11.106919846440945,-11.106919846440945,1501.6758333333332,20.0,20.0,24.17341355781568,-14.529986290268718,0.0,1.0,"BTC,ETH",仓位样本不足，暂不影响权重
2357495,1595,2026-08-30 07:17:52,30,0x8e80c4b533dd977cf716b5c24fd9223129272804,money_printer,P-B,68.38594752613251,1.0,320,319,1,0.554858934169279,0.023172479864988875,-0.0604795916540758,0.022911067141491798,2.0375503472222216,5.1875,13.0,0.18948323840022596,-0.14577808605897027,0.221875,0.025,"BTC,ETH",仓位表现普通有效
2357698,1595,2026-08-30 07:17:52,30,0x8eb3f4d468a9763ee66ceb63a0c64b7044c2aa2d,smart_money,P-N,50.0,1.0,1,1,0,0.0,-0.0998041695437238,,-0.0998041695437238,1304.6580555555556,20.0,20.0,27.894269295899772,-16.800225785855055,0.0,1.0,ETH,仓位样本不足，暂不影响权重
2356678,1595,2026-08-30 07:17:52,30,0x8ecec0c9367490d2044aaff4030ad0becc33218b,smart_money,P-C,54.53010299772589,0.75,9,4,5,0.25,-0.642319338764562,3.3601106838672323,2.46606117388854,697.1875308641975,5.111111111111111,11.0,15.088571070661127,-19.170830596284915,0.5555555555555556,0.2222222222222222,"CASHCAT,BTC,HYPE,PUMP,SOL",仓位收益偏弱，降权参考
2356679,1595,2026-08-30 07:17:52,30,0x8f25818ff64be1abee91abca70c306b33b602062,smart_money,P-G,49.01989479946003,0.65,3,1,2,1.0,3.3346153846153888,-1.0799222743814472,4.019894799460033,832.2262037037036,10.0,15.0,15.920579713109293,-12.615274962982037,0.0,0.6666666666666666,"BTC,HYPE,ETHFI",高杠杆/短线赌徒型，长期单降权
2357018,1595,2026-08-30 07:17:52,30,0x8f61bda42be4f511531164930d4545a10dd53acb,smart_money,P-N,50.0,1.0,2,1,1,1.0,2.9712692175611735,-6.149339602052064,-1.589035192245445,416.36263888888885,6.5,10.0,11.52773236688014,-9.744535431686533,0.5,0.5,"ONDO,HYPE",仓位样本不足，暂不影响权重
2357471,1595,2026-08-30 07:17:52,30,0x8f63c88fccae90c1f9eb8b447f830bce7b71dd74,smart_money,P-G,45.003668928070546,0.65,822,819,3,0.557997557997558,0.0036120835094443256,-0.03966157628825167,0.003668928070547655,2.547628413084618,20.0,20.0,0.2368810262251735,-0.21287156911497668,0.0,1.0,"BTC,ETH,SOL",高杠杆/短线赌徒型，长期单降权
2356680,1595,2026-08-30 07:17:52,30,0x8fb5c6f3c336033deeedbb54ad95e96453c9eaa4,smart_money,P-B,66.79375460978136,1.0,971,895,76,0.49385474860335193,-0.17699237835454712,2.0486593648761384,-0.08577319076834973,53.32427280009161,4.817713697219362,20.0,2.9977908689070074,-3.4383758495437937,0.5633367662203913,0.18022657054582905,"GRIFFAIN,SKR,XAI,NOT,IOTA",仓位表现普通有效
2357113,1595,2026-08-30 07:17:52,30,0x8fbb1aad00013c4e32bb033337b7cb792ab2fc4e,smart_money,P-G,39.57492237332989,0.65,11,8,3,0.75,-5.571674560968008,-5.0187098520062685,-5.4250776266701095,251.51853535353533,10.0,10.0,5.168314748261058,-12.43244753995481,0.0,1.0,"TRUMP,ETH,HYPE",高杠杆/短线赌徒型，长期单降权
2357195,1595,2026-08-30 07:17:52,30,0x8fc7c0442e582bca195978c5a4fdec2e7c5bb0f7,smart_money,P-B,100.0,1.0,30,12,18,0.9166666666666666,12.581355881093268,2.652389248498874,6.684630949414532,255.1120277777778,9.566666666666666,40.0,13.083959741378603,-7.702980636272676,0.3,0.3333333333333333,"ENA,PUMP,LIT,SOL,BTC",仓位表现普通有效
2356681,1595,2026-08-30 07:17:52,30,0x8feb3a7d8bf1e424679fc75753b363eba5ee8185,money_printer,P-C,65.2443345528143,0.75,41,22,19,0.5454545454545454,-6.3806995988343065,-2.7009875154989986,-4.785814985233652,203.60968834688342,5.951219512195122,20.0,8.413054857084695,-19.082750605712256,0.43902439024390244,0.2682926829268293,"CASHCAT,HYPE,ZRO,FARTCOIN,PURR",仓位收益偏弱，降权参考
2357192,1595,2026-08-30 07:17:52,30,0x9031a11765816d5f57fdfd7f0ce4b8f375a0bacc,smart_money,P-G,58.70077093258816,0.65,3,2,1,1.0,17.198708427245517,6.704895943273462,13.700770932588165,207.3351851851852,10.0,10.0,16.627966147970152,-0.8447752131841534,0.0,1.0,HYPE,高杠杆/短线赌徒型，长期单降权
2356682,1595,2026-08-30 07:17:52,30,0x90326fa293578c6c9ef945aaab0b57f886aca6ec,money_printer,P-N,50.0,1.0,1,0,1,,,29.34481029324315,24.297714568961318,1501.6758333333332,10.0,10.0,38.543315810262705,-17.992997230200082,0.0,1.0,HYPE,仓位样本不足，暂不影响权重
2357712,1595,2026-08-30 07:17:52,30,0x9075c8f93cd30c1015e6fbe9718f0bf2dca4e2f0,smart_money,P-B,62.858956131709036,1.0,6,6,0,0.5,-0.4612781860637018,,-0.4612781860637018,63.00050925925927,3.1666666666666665,4.0,3.5170872703031253,-3.0201487099948676,0.8333333333333334,0.0,"HYPE,BTC,ETH",仓位表现普通有效
2356984,1595,2026-08-30 07:17:52,30,0x909eb3d5ff0ac0df12c81f8495860cfccf1e7ea9,smart_money,P-G,56.72092289362804,0.65,4,1,3,1.0,4.021759970776237,14.287310534578644,11.720922893628043,898.6031944444444,18.75,40.0,23.27068376967867,-11.484078075955468,0.0,0.75,"BTC,ETH,ONDO,XMR",高杠杆/短线赌徒型，长期单降权
2357688,1595,2026-08-30 07:17:52,30,0x90d4bbf943f250cc9f950fe1b2d7b15166a4c742,smart_money,P-N,50.0,1.0,1,1,0,0.0,-4.713322498109193,,-4.713322498109193,0.9977777777777778,10.0,10.0,5.078609014691918,-4.713322498109192,0.0,1.0,TRUMP,仓位样本不足，暂不影响权重
2356683,1595,2026-08-30 07:17:52,30,0x90dbb196cacf24bd212b377a0dd62eaad5e8151b,money_printer,P-C,36.4378792138633,0.75,3,1,2,0.0,-4.446447418809477,24.569695851547664,11.805405462207412,629.8972222222222,8.333333333333334,10.0,25.881873934636236,-4.905155933876633,0.0,0.6666666666666666,"HYPE,LINK,MORPHO",仓位收益偏弱，降权参考
2357515,1595,2026-08-30 07:17:52,30,0x913b6bfaffcc18db65dc9a6bdde6cd5365e0ef92,smart_money,P-G,42.114697129112194,0.65,19,19,0,0.631578947368421,-2.8853028708878043,,-2.8853028708878043,26.19595029239766,12.789473684210526,25.0,1.0744830068526907,-4.669383925030215,0.0,0.8947368421052632,"ZEC,ETH,LINK,BTC,UNI",高杠杆/短线赌徒型，长期单降权
2356684,1595,2026-08-30 07:17:52,30,0x913df0b299f74ced052c5332a19a1fe72a343ad6,smart_money,P-N,50.0,1.0,1,0,1,,,-174.87239216436748,-174.87239216436748,1501.6758333333332,5.0,5.0,0.0,-184.69497850381256,0.0,0.0,HYPE,仓位样本不足，暂不影响权重
2357034,1595,2026-08-30 07:17:52,30,0x9149f8a6afa68db53e9e96697202b8508bab29d0,smart_money,P-G,43.69219650581392,0.65,30,15,15,0.8666666666666667,1.020456665283071,-3.8034094670681355,-1.3078034941860854,138.90543518518515,13.433333333333334,40.0,3.7312824391270047,-9.179903441367928,0.03333333333333333,0.8666666666666667,"XRP,HYPE,BTC,ADA,DOT",高杠杆/短线赌徒型，长期单降权
2357446,1595,2026-08-30 07:17:52,30,0x91853bcefbdc3447768413e6db7d6e0a81c4be56,smart_money,P-B,67.57130153215036,1.0,210,209,1,0.5645933014354066,0.024817974682407085,-0.04193156206574679,0.024885215835944104,3.300023809523809,5.576190476190476,20.0,0.3134538262186672,-0.2644634821482528,0.023809523809523808,0.1,"ETH,BTC",仓位表现普通有效
2356685,1595,2026-08-30 07:17:52,30,0x91a9cadcd7e36cbe8ff604cb634307d7b7643f70,money_printer,P-N,50.0,1.0,2,0,2,,,-31.212995236795592,-29.223267356099033,1501.6758333333332,15.0,20.0,15.24526156601225,-35.51375397505929,0.0,1.0,"ETH,HYPE",仓位样本不足，暂不影响权重
2356985,1595,2026-08-30 07:17:52,30,0x91fc8c24de2ce3150ad489fb8b7e9b9aa3edaaf2,smart_money,P-N,50.0,1.0,1,0,1,,,-20.596606888857035,-20.59660688885704,845.7230555555556,20.0,20.0,3.724439554139837,-24.413818398127297,0.0,1.0,BTC,仓位样本不足，暂不影响权重
2357477,1595,2026-08-30 07:17:52,30,0x920abbd8a5f5d39e87ed802d73e5aa902dc71d89,smart_money,P-R,25.0,-0.8,13,12,1,0.25,-1.2773042465978492,-4.521977126285893,-1.5268944681123142,20.99903846153846,7.615384615384615,20.0,3.2908259211996214,-3.06523248070054,0.6153846153846154,0.3076923076923077,"CASHCAT,ORDI,BTC,MEGA,ETH",仓位真实收益偏反向，可作为反向参考
2356686,1595,2026-08-30 07:17:52,30,0x9221a960277fe388b899f58117aa9bd298463002,smart_money,P-C,43.10454588052996,0.75,3,0,3,,,29.460469058821655,26.854887639407178,922.5697222222221,6.666666666666667,10.0,36.45335104007845,-31.225161473587004,0.0,0.3333333333333333,"HYPE,KAITO,LIT",仓位收益偏弱，降权参考
2357080,1595,2026-08-30 07:17:52,30,0x9237794d8e5c6eb247b20f2e5edd9ad5f530d8ec,smart_money,P-G,45.2693906135101,0.65,4,1,3,1.0,5.612424422923451,-2.0478059729008957,0.26939061351009896,128.75944444444445,15.75,20.0,8.373837878323462,-3.0945771409458542,0.25,0.75,"BTC,ETH,SOL,LIT",高杠杆/短线赌徒型，长期单降权
2357671,1595,2026-08-30 07:17:52,30,0x9279737f23ea2c30820b61eba072002a405a526f,smart_money,P-N,50.0,1.0,1,1,0,1.0,12.373487399759773,,12.373487399759773,94.00944444444444,10.0,10.0,16.644219483776297,-1.4478787766971113,0.0,1.0,HYPE,仓位样本不足，暂不影响权重
2357036,1595,2026-08-30 07:17:52,30,0x92bbd8110393350dda7e9c32089e95af071a9b6f,money_printer,P-R,25.0,-0.8,21,10,11,0.2,-3.4630967370573797,-0.1475036986532398,-1.716992396190039,135.5326984126984,7.857142857142857,10.0,5.480943651265984,-13.894403315714092,0.0,0.5714285714285714,"ENA,ZEC,XMR,GRAM,PUMP",仓位真实收益偏反向，可作为反向参考
2356955,1595,2026-08-30 07:17:52,30,0x9321d8117e73b0c79035f0e87debcfd8dbb1d75a,money_printer,P-G,44.74530151029494,0.65,25,19,6,0.3157894736842105,-3.2345314704231445,9.181439282568855,-0.2546984897050648,364.98220000000003,18.0,40.0,6.565144740307731,-11.033009362488743,0.0,0.92,"XRP,SOL,ETH,ZEC,BTC",高杠杆/短线赌徒型，长期单降权
2356687,1595,2026-08-30 07:17:52,30,0x932bdd2d5e21475e62d2fea8158fc5974507cb1a,smart_money,P-N,50.0,1.0,2,1,1,0.0,-20.65433130881112,-2.9106352744886412,-11.78248329164988,1231.2318055555556,5.0,7.0,14.241217205838925,-22.47428131405129,0.5,0.0,"AERO,NEAR",仓位样本不足，暂不影响权重
2357684,1595,2026-08-30 07:17:52,30,0x935729ae51eef975ccdeb481d513c75986227bfd,smart_money,P-C,51.71010661008342,0.75,7,7,0,0.42857142857142855,-0.870436895029575,,-0.870436895029575,11.572698412698413,4.428571428571429,8.0,0.8842776214221229,-1.5031446276679648,0.2857142857142857,0.0,"WLD,CASHCAT,ZEC,ETH,HYPE",仓位收益偏弱，降权参考
2356688,1595,2026-08-30 07:17:52,30,0x936cf4fb95c30ce83f658b5bbb247e4bb381bb0f,money_printer,P-B,79.83032109766346,1.0,153,131,22,0.6412213740458015,0.9336831259636252,0.06967734444161927,0.7861379474247546,130.43821350762536,7.196078431372549,20.0,4.844049508855914,-4.179319303894327,0.24183006535947713,0.43137254901960786,"CC,FARTCOIN,LIT,KAITO,EIGEN",仓位表现普通有效
2356689,1595,2026-08-30 07:17:52,30,0x9391199d0dd197bd019d40ef624d26aca59440f3,smart_money,P-N,50.0,1.0,1,0,1,,,42.86960852510568,42.869608525105676,1501.6758333333332,10.0,10.0,55.561363720555,0.0,0.0,1.0,BNB,仓位样本不足，暂不影响权重
2357836,1595,2026-08-30 07:17:52,30,0x9392e49e3f1b146fbe1bfa8fd26660a3b6c46e96,smart_money,P-N,50.0,1.0,1,1,0,1.0,1.5528284424013976,,1.5528284424013976,21.0,25.0,25.0,1.6024009217824629,-0.6431040488759078,0.0,1.0,ETH,仓位样本不足，暂不影响权重
2356690,1595,2026-08-30 07:17:52,30,0x939f95036d2e7b6d7419ec072bf9d967352204d2,money_printer,P-N,50.0,1.0,2,0,2,,,-11.210677611874214,-17.69161229556518,1501.6758333333332,22.5,40.0,16.116674160298537,-27.844551517382037,0.0,0.5,"BTC,HYPE",仓位样本不足，暂不影响权重
2357642,1595,2026-08-30 07:17:52,30,0x93af88ff7cf535323e73ce0c04824bcbd9d3546c,smart_money,P-N,50.0,1.0,1,1,0,0.0,-5.418121408539181,,-5.418121408539181,131.01666666666668,5.0,5.0,2.1672692837465566,-7.064464415578904,0.0,0.0,BTC,仓位样本不足，暂不影响权重
2356932,1595,2026-08-30 07:17:52,30,0x940587add074ff0c4dd973b46018af4a73a81f36,smart_money,P-B,55.90490362259129,1.0,27,20,7,0.5,0.28444414052503747,2.3200711418737625,0.6104478053155232,239.78982510288063,11.148148148148149,40.0,3.3778818099214014,-3.404760613914351,0.07407407407407407,0.48148148148148145,"XMR,BNB,BTC,AERO,HYPE",仓位表现普通有效
2356691,1595,2026-08-30 07:17:52,30,0x944b5f7d8eece040aae1895c7fed03202aedf123,money_printer,P-G,35.0,0.65,3,0,3,,,-29.02881106250723,-26.43569352173047,1501.6758333333335,28.333333333333332,40.0,12.635669614500964,-33.28501825753583,0.0,1.0,"BTC,ETH,SOL",高杠杆/短线赌徒型，长期单降权
2357109,1595,2026-08-30 07:17:52,30,0x9471f70f2518846f7a076636d64e5a22787da105,smart_money,P-R,25.0,-0.8,14,11,3,0.36363636363636365,-0.6256527597006474,-5.392065015346907,-1.6470268144819886,84.36162698412696,7.071428571428571,20.0,4.167244167329691,-5.759793027855293,0.2857142857142857,0.42857142857142855,"HYPE,BOME,ZEC,ALT,BTC",仓位真实收益偏反向，可作为反向参考
2357147,1595,2026-08-30 07:17:52,30,0x94b60c2a5db13689bb06a73657ac1216424de5b3,smart_money,P-G,46.62892119284892,0.65,18,14,4,0.5714285714285714,1.7609872797657995,1.1666898886398613,1.6289211928489244,193.0024074074074,15.333333333333334,40.0,10.177116341321813,-6.324640299409495,0.1111111111111111,0.7777777777777778,"BTC,ENA,ZEC,ZRO,ETH",高杠杆/短线赌徒型，长期单降权
2356692,1595,2026-08-30 07:17:52,30,0x94dac1facdc4afd2614c3119447187b4143bc449,money_printer,P-C,76.57858714833729,0.75,86,71,15,0.49295774647887325,-2.1038859758795745,-12.414606879636624,-3.9642275525919133,198.8800161498709,3.0,3.0,4.6931233936519705,-12.685189677365365,1.0,0.0,"HYPE,CRV,TRUMP,POL,ACE",仓位收益偏弱，降权参考
2356693,1595,2026-08-30 07:17:52,30,0x95276ba037c30f90c6dfdc83f72af9fd6cecc293,smart_money,P-G,45.077156474958116,0.65,218,215,3,0.49767441860465117,-0.02581443712384777,7.456738507498854,0.07715647495811592,16.841280581039758,29.81651376146789,30.0,0.5630967902462912,-0.5045524771966068,0.0,1.0,"BTC,DOGE,SUI",高杠杆/短线赌徒型，长期单降权
2357618,1595,2026-08-30 07:17:52,30,0x953c5152e2f8b5ed9d92976cad478a837749182a,smart_money,P-N,50.0,1.0,1,1,0,0.0,-7.9693853145180595,,-7.9693853145180595,11.001944444444444,4.0,4.0,1.8705520292363937,-7.969385314518061,0.0,0.0,FARTCOIN,仓位样本不足，暂不影响权重
2356694,1595,2026-08-30 07:17:52,30,0x95748e52b4a70542c99035d092adc8d53f5d11f8,smart_money,P-G,47.378354281836536,0.65,10,1,9,0.0,-4.749987103447326,23.315584671810957,2.3783542818365326,1494.4755277777774,12.0,30.0,47.7357523264928,-22.089983746359216,0.2,0.6,"AVAX,BTC,CC,ETH,OP",高杠杆/短线赌徒型，长期单降权
2357679,1595,2026-08-30 07:17:52,30,0x957dc4212c332bf45fb31e0f1a77436d7ca81d8f,smart_money,P-N,50.0,1.0,1,1,0,0.0,-5.371201829396295,,-5.371201829396295,603.0155555555556,5.0,5.0,19.086657814213964,-13.269170534468513,0.0,0.0,LDO,仓位样本不足，暂不影响权重
2357325,1595,2026-08-30 07:17:52,30,0x95995f302ad58138d791ce49f9f3b1274e80c60a,money_printer,P-G,45.181030462446714,0.65,78,75,3,0.5466666666666666,0.16987783138683027,0.43667698177434544,0.1810304624467147,27.78268518518518,20.0,20.0,0.9448124060959185,-0.9911935168172485,0.0,1.0,"ETH,BTC,SOL",高杠杆/短线赌徒型，长期单降权
2356695,1595,2026-08-30 07:17:52,30,0x95b5653dfd12b0bc13c08297869621c9650aa6bb,smart_money,P-G,44.529129226781144,0.65,37,29,8,0.4827586206896552,-0.42232871555165696,0.4712210646259142,-0.4708707732188568,147.3796621621622,12.675675675675675,40.0,3.849741162118416,-6.02942862338955,0.08108108108108109,0.6216216216216216,"kPEPE,BTC,NEAR,FET,FIL",高杠杆/短线赌徒型，长期单降权
2357802,1595,2026-08-30 07:17:52,30,0x95c7603944bfed303c4c93349cd61f6818931f91,smart_money,P-N,50.0,1.0,2,2,0,0.5,1.6638806237841401,,1.6638806237841401,115.9976388888889,10.0,10.0,4.862890965686592,-5.491588633151075,0.0,1.0,"kBONK,ENA",仓位样本不足，暂不影响权重
2357232,1595,2026-08-30 07:17:52,30,0x95da8596c44dd09f4b8becce87ad3b7894fb2328,smart_money,P-S,100.0,1.25,33,31,2,0.8709677419354839,4.275937915806221,-1.5791391768089627,3.9210847586780275,79.8291414141414,4.545454545454546,10.0,5.761612208970504,-2.9356039288966,0.18181818181818182,0.030303030303030304,"HYPE,XRP,LIT,ZRO,CASHCAT",仓位收益、持仓周期、杠杆结构适合长期参考
2357120,1595,2026-08-30 07:17:52,30,0x95fde6cf0d305078b7eeac44182a931c169dd947,money_printer,P-G,41.65179308042471,0.65,3,2,1,0.0,-2.8794468163486213,-2.2834069379642004,-3.3482069195752935,509.5568518518519,14.333333333333334,20.0,7.442847902755893,-11.195393835740683,0.3333333333333333,0.6666666666666666,"ETH,LIT",高杠杆/短线赌徒型，长期单降权
2357787,1595,2026-08-30 07:17:52,30,0x960bb18454cd67b5a3edb4fa802b7c0b5b10e2ee,money_printer,P-G,44.98394920015578,0.65,3,3,0,0.3333333333333333,-0.016050799844222474,,-0.016050799844222474,25.333240740740738,10.666666666666666,12.0,0.579024505274959,-0.5917289471331234,0.0,1.0,BTC,高杠杆/短线赌徒型，长期单降权
2356925,1595,2026-08-30 07:17:52,30,0x962bdd83c3943fe08b62101fd9f9a8b923a0b475,smart_money,P-N,50.0,1.0,2,0,2,,,31.036674814616486,31.036674814616482,962.3065277777778,4.0,5.0,35.0761496878325,-2.7020435273106416,0.5,0.0,"ETH,BTC",仓位样本不足，暂不影响权重
2356941,1595,2026-08-30 07:17:52,30,0x9690bcfc1639abff887c8fb62b48ab787b2dba3f,smart_money,P-B,73.3557293923423,1.0,467,435,32,0.5379310344827586,-0.07257173458674308,-1.1630651332044026,-0.1497215107253964,36.339155365215355,4.481798715203426,5.0,2.433802867747682,-3.223705559017532,0.25910064239828695,0.0,"KAITO,ENA,HYPE,ZEC,LIT",仓位表现普通有效
2356696,1595,2026-08-30 07:17:52,30,0x96a7923964dbfc5010079619e8af33ce240f79df,smart_money,P-N,50.0,1.0,2,0,2,,,36.039303429596856,36.03930342959685,1501.6758333333332,15.0,20.0,43.503162065460316,-8.913587143725172,0.0,1.0,"HYPE,SOL",仓位样本不足，暂不影响权重
2357699,1595,2026-08-30 07:17:52,30,0x96c5ecf6996df7f1851b72a86e2852e77bee4c72,smart_money,P-G,42.674966854767504,0.65,5,5,0,0.2,-2.325033145232492,,-2.325033145232492,6.400722222222223,18.0,20.0,2.2193653962075404,-2.677776176441408,0.0,1.0,"XRP,ZEC",高杠杆/短线赌徒型，长期单降权
2357205,1595,2026-08-30 07:17:52,30,0x96c9487af21d18ac5f4c841af44a011968445709,smart_money,P-B,83.26993406940318,1.0,4,3,1,0.6666666666666666,0.323491662195154,6.194859992328337,1.7913337447284499,410.7591666666666,3.5,5.0,7.101612043394858,-1.9487526154894614,0.75,0.0,"PUMP,BTC,ETH",仓位表现普通有效
2356954,1595,2026-08-30 07:17:52,30,0x96f0bee3ad9b71b0ae67de7bd4f6ce8f342dd6bf,smart_money,P-G,64.1567073193559,0.65,3,0,3,,,23.93975959016247,19.156707319355903,1073.683148148148,17.666666666666668,40.0,34.12279879781007,-32.6128011541283,0.3333333333333333,0.6666666666666666,"HYPE,CASHCAT,BTC",高杠杆/短线赌徒型，长期单降权
2356697,1595,2026-08-30 07:17:52,30,0x972b0f9cde1266e860e546ac92e783741769400f,money_printer,P-G,35.0,0.65,6,0,6,,,-14.037790209119143,-10.740430540735787,1439.732222222222,13.333333333333334,20.0,19.188261451325047,-25.633620926913284,0.16666666666666666,0.8333333333333334,"BTC,ETH,HYPE,PAXG,SOL",高杠杆/短线赌徒型，长期单降权
2357459,1595,2026-08-30 07:17:52,30,0x97991003fd631e2923f40cab2a4fdc35e60dc807,smart_money,P-B,68.50308777965401,1.0,67,66,1,0.5757575757575758,-0.0037874503035249772,-0.08708001188194035,-0.004448873628444877,10.925597014925371,3.6865671641791047,24.0,0.30385538404917173,-0.26165155082872327,0.7611940298507462,0.08955223880597014,ETH,仓位表现普通有效
2357411,1595,2026-08-30 07:17:52,30,0x97b1419998d4c804336c6c22519d28277bacebd7,smart_money,P-R,25.0,-0.8,11,10,1,0.2,-4.9382055770882545,4.750520471113006,-4.057412299979048,49.6375,8.090909090909092,10.0,3.1414449146827494,-5.57828924668732,0.2727272727272727,0.7272727272727273,"ZEC,HYPE,VVV,CASHCAT",仓位真实收益偏反向，可作为反向参考
2356698,1595,2026-08-30 07:17:52,30,0x97be9c7904f9c772a3efbf9e10286b91ba8a773e,smart_money,P-B,100.0,1.0,28,24,4,0.9166666666666666,5.930283715794761,20.072087505330977,7.076060571158384,139.2700892857143,8.785714285714286,40.0,13.999775659434972,-2.8654454170011325,0.42857142857142855,0.5357142857142857,"CASHCAT,PUMP,CRV,HEMI,UNI",仓位表现普通有效
2356699,1595,2026-08-30 07:17:52,30,0x984e16e759ac515784f90dd88443260e482c63c1,smart_money,P-B,80.09038342287128,1.0,416,286,130,0.5384615384615384,0.8556448840569387,-0.5220365213439108,0.5596147883587126,308.4806563835469,4.7764423076923075,12.0,8.113288824803927,-9.829646013368325,0.37740384615384615,0.036057692307692304,"HYPE,FARTCOIN,ONDO,TRUMP,VVV",仓位表现普通有效
2356926,1595,2026-08-30 07:17:52,30,0x984f6a8aa8584dde8f1fa9b240b09f4df3ac25e5,smart_money,P-N,50.0,1.0,1,0,1,,,-15.988373816482987,-15.988373816482987,1432.118611111111,20.0,20.0,0.0,-21.312175520079748,0.0,1.0,BTC,仓位样本不足，暂不影响权重
2356700,1595,2026-08-30 07:17:52,30,0x985f02b19dbc062e565c981aac5614baf2cf501f,money_printer,P-C,54.90967523997252,0.75,13,2,11,0.5,41.9428635511493,-16.32329276587145,-6.807186833855616,1069.112799145299,5.384615384615385,10.0,28.75826835845686,-36.40724561709355,0.38461538461538464,0.23076923076923078,"EIGEN,HYPE,LIT,PURR,STABLE",仓位收益偏弱，降权参考
2357627,1595,2026-08-30 07:17:52,30,0x987163b6b482c30c2f5f3aa2760109668eb0091d,money_printer,P-G,46.08338513395546,0.65,4,4,0,0.75,1.083385133955462,,1.083385133955462,34.99631944444444,23.5,40.0,6.036712909026342,-4.5282529313895035,0.0,0.75,"BTC,ZRO,FARTCOIN",高杠杆/短线赌徒型，长期单降权
2356950,1595,2026-08-30 07:17:52,30,0x98785f2a43fe32f972476b86ed5a5cfaf5240f00,smart_money,P-G,45.97623769145552,0.65,10,8,2,0.375,-1.5446659444955817,12.546911446084465,0.9762376914555262,210.93861111111113,12.5,20.0,7.518153958455159,-6.743801242524688,0.0,0.9,"BTC,ZEC,PUMP,HYPE,ETHFI",高杠杆/短线赌徒型，长期单降权
2356701,1595,2026-08-30 07:17:52,30,0x9878b73eba4475a8ca8bb9be119c3f85df988e9d,smart_money,P-G,45.58711475644184,0.65,19,13,6,0.5384615384615384,1.5288153595675416,-1.0672558659582887,0.5871147564418442,352.8494444444445,15.052631578947368,40.0,5.592472692982785,-6.7364133474745245,0.10526315789473684,0.631578947368421,"DOT,BTC,XRP,XMR,ETH",高杠杆/短线赌徒型，长期单降权
2357432,1595,2026-08-30 07:17:52,30,0x9887ac3b69538d77caa7f88c0688b740fb05a11f,smart_money,P-B,79.04299585123502,1.0,184,181,3,0.569060773480663,0.6142637188142622,0.05821274011322212,0.6043708537943083,4.000474033816427,3.0,3.0,2.0910037066153357,-1.633391207832533,1.0,0.0,"ZEC,KAITO,ENA,HYPE,TRUMP",仓位表现普通有效
2357198,1595,2026-08-30 07:17:52,30,0x988caf2d1aa1ffc52c666f67d9a3e13a72ba6e04,smart_money,P-G,46.12015788582199,0.65,35,31,4,0.5161290322580645,1.0021888632583802,1.440267105563989,1.1201578858219892,24.57300793650794,11.82857142857143,20.0,4.164308006238322,-2.6879236863159135,0.11428571428571428,0.6857142857142857,"BTC,ETH,LIT,HYPE,ZEC",高杠杆/短线赌徒型，长期单降权
2357519,1595,2026-08-30 07:17:52,30,0x99223bf50978618ce3dedc9d05a29717a23a9882,smart_money,P-G,39.392373308530104,0.65,9,9,0,0.6666666666666666,-5.607626691469897,,-5.607626691469897,119.44651234567904,13.88888888888889,20.0,1.7640304701438227,-8.427262291381894,0.0,0.8888888888888888,"BTC,LINK,SPX",高杠杆/短线赌徒型，长期单降权
2357436,1595,2026-08-30 07:17:52,30,0x995a826fc3dd9cf4f26948dd187a08129ecc37e4,smart_money,P-G,38.9810382607105,0.65,5,4,1,0.5,-7.250667846173618,-1.0921373117530329,-6.0189617392895,480.4721111111112,14.0,20.0,6.240242391987527,-13.695635570965772,0.0,1.0,"ZEC,HYPE,ETH,SOL,CRV",高杠杆/短线赌徒型，长期单降权
2357174,1595,2026-08-30 07:17:52,30,0x996a189d8111a11e33ce2d37af415da0d608cdae,smart_money,P-G,45.21724284403948,0.65,6,5,1,0.8,-0.29158511558655287,2.7613826421696452,0.21724284403948024,68.0012962962963,10.0,10.0,1.9862351886311054,-1.8768057105448326,0.0,1.0,"BTC,ZEC",高杠杆/短线赌徒型，长期单降权
2357373,1595,2026-08-30 07:17:52,30,0x999510ad3dd8c94a6659d6401d983137565283e3,smart_money,P-N,50.0,1.0,2,1,1,1.0,1.3526666666666642,-2.0297562039039785,-0.24035312771761952,81.99527777777777,15.0,20.0,4.164878243551877,-1.1324528292643494,0.0,1.0,"HYPE,SOL",仓位样本不足，暂不影响权重
2356948,1595,2026-08-30 07:17:52,30,0x99967871e6c4f9a5185abc57edede9e9540191f6,money_printer,P-N,50.0,1.0,1,0,1,,,-9.134071875620679,-14.287080782763015,1310.3444444444444,4.0,4.0,16.277138415304652,-29.22430866312026,0.0,0.0,LIT,仓位样本不足，暂不影响权重
2356702,1595,2026-08-30 07:17:52,30,0x999da2f91628addf7a5df3194084eddd694066f2,money_printer,P-N,50.0,1.0,1,0,1,,,-15.312751883554837,-8.644986909302014,1501.6758333333332,5.0,5.0,14.33638307371982,-18.962714971332247,0.0,0.0,BTC,仓位样本不足，暂不影响权重
2357803,1595,2026-08-30 07:17:52,30,0x99b1098d9d50aa076f78bd26ab22e6abd3710729,money_printer,P-N,50.0,1.0,1,1,0,0.0,-35.27105352881009,,-35.27105352881009,1026.6563888888888,10.0,10.0,0.0,-79.04084950364914,0.0,1.0,HYPE,仓位样本不足，暂不影响权重
2357609,1595,2026-08-30 07:17:52,30,0x99df385a3cb3a44d79532f2fa698c248c31909b2,smart_money,P-N,50.0,1.0,1,1,0,1.0,0.007028304900653462,,0.007028304900653462,6.998333333333333,10.0,10.0,4.190786531212073,0.0,0.0,1.0,ZEC,仓位样本不足，暂不影响权重
2356703,1595,2026-08-30 07:17:52,30,0x9a0825ca6c4c577a1202a8fae3b8f044c1d5711d,smart_money,P-G,45.810199479970215,0.65,7,5,2,1.0,1.202135590792701,2.1654321581176577,0.8101994799702138,313.67079365079366,20.0,20.0,4.2401124364954885,-5.007411725854387,0.0,1.0,"ETH,BTC",高杠杆/短线赌徒型，长期单降权
2357258,1595,2026-08-30 07:17:52,30,0x9a31f7aff78fd464bbceb398e11b82ba633c6525,smart_money,P-B,72.4824926767923,1.0,238,235,3,0.6042553191489362,0.09414331999116161,0.06496559919296192,0.0923101681833866,9.311137955182076,5.0,5.0,0.6065298109895881,-0.4861929142906791,0.0,0.0,"XRP,DOGE,PAXG",仓位表现普通有效
2356704,1595,2026-08-30 07:17:52,30,0x9a3664a58b6a6579319c44bdd06a381ec8b47b6a,smart_money,P-B,79.5457526815612,1.0,296,165,131,0.5515151515151515,1.4924697990774805,-1.1768968441263328,0.4833595512638107,509.51390015014977,5.371621621621622,12.0,10.73997773482921,-12.726568581088493,0.34797297297297297,0.10135135135135136,"HYPE,ETH,BTC,TRUMP,XMR",仓位表现普通有效
2356705,1595,2026-08-30 07:17:52,30,0x9a51b0dc3545cb8e9b0382b42c91f9e39a92efd6,smart_money,P-N,50.0,1.0,1,0,1,,,12.654734183103592,6.886196872682579,1501.6758333333332,10.0,10.0,21.427503973842832,-19.50899065423491,0.0,1.0,HYPE,仓位样本不足，暂不影响权重
2357383,1595,2026-08-30 07:17:52,30,0x9a770e9cd5d05e9e5636b87c822bafb53e02bdc9,smart_money,P-N,50.0,1.0,2,1,1,0.0,-3.664946785359561,4.798403886626646,0.5667285506335431,31.010416666666668,3.5,4.0,3.4774958695240743,-2.405353828068907,0.5,0.0,HYPE,仓位样本不足，暂不影响权重
2357523,1595,2026-08-30 07:17:52,30,0x9abb9d9c10d1512148e9e0074547f0e6785c84d8,smart_money,P-G,45.23948281279039,0.65,26,26,0,0.6923076923076923,0.23948281279039443,,0.23948281279039443,12.769444444444444,22.307692307692307,30.0,0.7520144921355063,-0.5256736503325821,0.0,1.0,"BTC,ETH,HYPE",高杠杆/短线赌徒型，长期单降权
2357248,1595,2026-08-30 07:17:52,30,0x9aca58e24ff5845f245e7c2c897fef1bc59b3555,smart_money,P-G,43.79874583673695,0.65,17,14,3,0.5,-0.980131322458446,-2.1302272135701754,-1.2012541632630511,132.2963071895425,11.941176470588236,25.0,4.342651461892404,-7.645027776989999,0.058823529411764705,0.7058823529411765,"SOL,ETH,ZEC,HYPE,CASHCAT",高杠杆/短线赌徒型，长期单降权
2357047,1595,2026-08-30 07:17:52,30,0x9afb4e4eda99fdeec1343bc7de4108beacec1d70,smart_money,P-N,50.0,1.0,1,0,1,,,36.45825607555192,44.652984999447305,398.01222222222225,1.0,1.0,59.89764889119631,0.0,1.0,0.0,ETHFI,仓位样本不足，暂不影响权重
2357702,1595,2026-08-30 07:17:52,30,0x9b28837deb55b014f7a37f2812d6ec042ce87ca1,smart_money,P-N,50.0,1.0,1,1,0,1.0,1.1405275190154722,,1.1405275190154722,1.0002777777777778,10.0,10.0,1.1405275190154722,-0.007878600119643765,0.0,1.0,HYPE,仓位样本不足，暂不影响权重
2356706,1595,2026-08-30 07:17:52,30,0x9b745bea23ab438b0b3b9527ad7ab637b52cfcb1,smart_money,P-C,60.11484583716976,0.75,6,3,3,0.6666666666666666,3.0816751007274292,-72.8197642212092,-19.27718195268732,485.78717592592596,4.166666666666667,10.0,15.27351359773626,-46.23303563960298,0.8333333333333334,0.16666666666666666,"PURR,HYPE,CASHCAT,LIT,UNI",仓位收益偏弱，降权参考
2357081,1595,2026-08-30 07:17:52,30,0x9b864dde6ed1c21608b1665a0ac0faa4f7e36e6e,smart_money,P-C,56.78882678828415,0.75,20,17,3,0.17647058823529413,-0.7391657644901651,22.01994321358791,2.7127928275868696,77.40530555555556,3.95,10.0,10.521858033769288,-3.1065628774619656,0.6,0.05,"ZEC,ZRO,HYPE,TAO,AAVE",仓位收益偏弱，降权参考
2356707,1595,2026-08-30 07:17:52,30,0x9b883651182137f33efda174f831d9918182afe0,smart_money,P-B,79.2002587665348,1.0,622,484,138,0.5392561983471075,0.25929540737110923,-0.9126610575307536,0.03162867906076244,199.3236830117898,4.692926045016077,12.0,6.249492715625521,-7.691716034913776,0.42765273311897106,0.03054662379421222,"HYPE,ACE,XMR,VVV,SKR",仓位表现普通有效
2357648,1595,2026-08-30 07:17:52,30,0x9bbb821a51d9c0ef24dd8592e9caad7fc469bbf2,smart_money,P-C,62.35666331599896,0.75,4,4,0,0.5,-0.8319682986403338,,-0.8319682986403338,13.001458333333332,2.25,3.0,0.9669885546176847,-3.5636326437670736,1.0,0.0,"HYPE,ZEC,CASHCAT",仓位收益偏弱，降权参考
2357507,1595,2026-08-30 07:17:52,30,0x9bd2ee53f6c6aa778209b8673f6c7df754830c88,smart_money,P-G,45.84861339983248,0.65,24,24,0,0.5416666666666666,0.8486133998324829,,0.8486133998324829,14.375914351851852,10.0,20.0,3.530011858128187,-1.7413660971888945,0.041666666666666664,0.9166666666666666,"ZEC,HYPE,TRUMP,SOL,BTC",高杠杆/短线赌徒型，长期单降权
2356708,1595,2026-08-30 07:17:52,30,0x9c16bc8f1104e4d2f72267eb981fa12de7cc4a6f,money_printer,P-G,46.90573885740131,0.65,3,0,3,,,-1.9892292567375982,1.9057388574013086,1501.6758333333335,28.333333333333332,40.0,26.192230807682208,-13.790262002601338,0.0,1.0,"BTC,ETH,SOL",高杠杆/短线赌徒型，长期单降权
2357008,1595,2026-08-30 07:17:52,30,0x9c2a2a966ed8e47f0c8b7e2ec2b91424f229f6a8,money_printer,P-G,43.592586454872524,0.65,33,26,7,0.4230769230769231,-1.583365483904824,1.0455048576415578,-1.4074135451274783,114.85185185185183,14.242424242424242,20.0,4.062555795340768,-4.289736650497192,0.0,0.9393939393939394,"HYPE,ETH,SOL,XRP,ZEC",高杠杆/短线赌徒型，长期单降权
2357212,1595,2026-08-30 07:17:52,30,0x9c3c0be3f3c5f56458f51fa7fbb4bacf2084e56f,smart_money,P-G,49.96521465462426,0.65,4,3,1,1.0,2.0126514167127083,13.822904368358923,4.965214654624263,77.25013888888888,18.25,40.0,15.804132750608922,-0.009445100354190878,0.25,0.75,"PURR,XRP,BTC,HYPE",高杠杆/短线赌徒型，长期单降权
2356709,1595,2026-08-30 07:17:52,30,0x9cbf099ff424979439dfba03f00b5961784c06ce,money_printer,P-C,46.020599913279625,0.75,4,0,4,,,61.036651885932386,62.2359930169099,1501.6758333333332,5.75,10.0,90.12472109159387,-33.94599470525538,0.25,0.25,"AAVE,LDO,VVV,ZRO",仓位收益偏弱，降权参考
2357533,1595,2026-08-30 07:17:52,30,0x9cc53c5af67fb83a16cc41f61e242bade875ab3d,money_printer,P-G,44.947208546613744,0.65,33,33,0,0.6363636363636364,-0.05279145338625229,,-0.05279145338625229,11.242870370370373,15.303030303030303,20.0,0.3681816176541608,-0.4531834064354857,0.0,1.0,"BTC,ETH,BCH",高杠杆/短线赌徒型，长期单降权
2356710,1595,2026-08-30 07:17:52,30,0x9d1792626cc8bfb29acc7e5e7a2f706bb6ada290,smart_money,P-A,84.89911403769946,1.15,60,29,31,0.5517241379310345,4.380794276902555,-1.3657233768460182,3.3058788579301916,936.6620370370373,4.683333333333334,10.0,22.336686640104187,-22.390961346132734,0.45,0.11666666666666667,"KAITO,ATOM,MNT,SUSHI,LIT",仓位收益稳定，适合加权参考
2356711,1595,2026-08-30 07:17:52,30,0x9d25fdd3e862b690759fae43e2db73bc75909b0e,smart_money,P-N,50.0,1.0,1,0,1,,,-31.851130842156916,-17.27884286833424,1501.6758333333332,10.0,10.0,18.761215144044378,-36.744205948728336,0.0,1.0,HYPE,仓位样本不足，暂不影响权重
2356712,1595,2026-08-30 07:17:52,30,0x9d6468a5ab22fb02f990a778039443d264ef31fe,smart_money,P-A,99.85341246823707,1.15,19,17,2,0.7058823529411765,2.301553634266259,-4.567486210729493,1.8533716658868942,178.12260233918124,2.789473684210526,10.0,7.135906613099575,-3.6346559355436647,0.7894736842105263,0.05263157894736842,"PUMP,CASHCAT,SOL,BTC,ETH",仓位收益稳定，适合加权参考
2357798,1595,2026-08-30 07:17:52,30,0x9d732bed515e8f66ad2b60cda96a4ef3c31e729f,money_printer,P-B,61.67319453476692,1.0,50,50,0,0.52,0.2365972673834624,,0.2365972673834624,2.6802499999999996,5.18,10.0,1.0125559032400813,-0.7199541626953525,0.56,0.26,"XAI,GRASS,CRV,BABY,XPL",仓位表现普通有效
2357405,1595,2026-08-30 07:17:52,30,0x9da9ccc7563bc4c420a7a30819d3875d9499f376,smart_money,P-G,45.375971535416205,0.65,33,32,1,0.6875,0.39321742847215113,-0.20696089335402643,0.3759715354162066,21.90963804713805,10.0,10.0,1.104987935956424,-0.581098430933865,0.0,1.0,ETH,高杠杆/短线赌徒型，长期单降权
2356713,1595,2026-08-30 07:17:52,30,0x9db82c502472d76742fdd69609dfcc6e01327401,smart_money,P-S,100.0,1.25,21,1,20,1.0,31.31712819236793,12.768025918690466,3.4395255946157035,1464.659867724868,3.9523809523809526,10.0,42.95447145912841,-35.48979398719449,0.6666666666666666,0.14285714285714285,"AAVE,ASTER,BTC,CC,CHIP",仓位收益、持仓周期、杠杆结构适合长期参考
2356714,1595,2026-08-30 07:17:52,30,0x9dea4d13ac1c469b7fe9049d43835df1be143ec0,money_printer,P-N,50.0,1.0,2,0,2,,,-8.387692545103908,-7.59507614860753,869.3458333333333,32.5,40.0,9.689797765783384,-11.736153437300963,0.0,1.0,"BTC,ETH",仓位样本不足，暂不影响权重
2357210,1595,2026-08-30 07:17:52,30,0x9dead8fffcbf130e7658f672d2c081d91178d617,smart_money,P-G,43.47601833782232,0.65,6,4,2,0.25,-0.8180447243118636,-2.563172031253457,-1.5239816621776814,99.00092592592593,25.0,40.0,1.4352294384821696,-7.438637353612022,0.0,1.0,"BTC,HYPE",高杠杆/短线赌徒型，长期单降权
2356715,1595,2026-08-30 07:17:52,30,0x9df286bcee3b6b20eddcbe763ddd3a30ef3bc665,money_printer,P-R,25.0,-0.8,15,0,15,,,-8.906384455006584,-8.636516964700547,369.8497222222223,7.733333333333333,10.0,6.361376268524261,-20.550653005965156,0.06666666666666667,0.6,"HYPE,BNB,GRAM,LIT,ASTER",仓位真实收益偏反向，可作为反向参考
2356716,1595,2026-08-30 07:17:52,30,0x9e02aca9865e1859bb7865f6f64801e804a173df,smart_money,P-C,54.50995484794575,0.75,62,0,62,,,6.254977423972876,6.254977423972876,1501.675833333332,4.580645161290323,5.0,29.054416504761864,-23.80659678313727,0.20967741935483872,0.0,"ALGO,APE,APT,AR,ATOM",仓位收益偏弱，降权参考
2357586,1595,2026-08-30 07:17:52,30,0x9e2cbb5d800181c1ef21b25010dc4ea80eeb5508,money_printer,P-G,45.428962670754665,0.65,14,14,0,0.5714285714285714,0.4289626707546678,,0.4289626707546678,17.858134920634917,21.071428571428573,40.0,1.8946462898639314,-1.1644767544798449,0.0,0.9285714285714286,"HYPE,BTC,ETH",高杠杆/短线赌徒型，长期单降权
2357615,1595,2026-08-30 07:17:52,30,0x9e8b1e51c642f4c8b87c6ba11c53d516a218afc4,money_printer,P-G,49.42102910089749,0.65,5,5,0,0.8,4.421029100897491,,4.421029100897491,30.810611111111115,16.0,40.0,11.909733886541739,-0.39511368459049034,0.0,1.0,"BTC,ZEC,ADA,AVAX,NEAR",高杠杆/短线赌徒型，长期单降权
2357636,1595,2026-08-30 07:17:52,30,0x9f4609b8c7da49d2bc9103692bcd0e45027586dd,smart_money,P-G,43.441337199991196,0.65,8,8,0,0.125,-1.5586628000088028,,-1.5586628000088028,9.624791666666667,10.25,20.0,1.2651956616756919,-2.265575455775285,0.125,0.625,"PUMP,ZEC,kPEPE,SOL,ETH",高杠杆/短线赌徒型，长期单降权
2357138,1595,2026-08-30 07:17:52,30,0x9fde8e59c61c290c435c2d953e70a3873e06a572,smart_money,P-G,47.28829683808458,0.65,10,7,3,0.5714285714285714,2.8976680920380353,-0.0752646726207507,2.2882968380845794,118.57686111111111,21.0,40.0,7.526406378157864,-4.04688938223577,0.0,0.8,"BTC,ETH,ENA,PYTH,PENDLE",高杠杆/短线赌徒型，长期单降权
2357545,1595,2026-08-30 07:17:52,30,0xa028c2cb889ac9188e8c3578952da48299d7309e,smart_money,P-G,46.808102569643495,0.65,8,8,0,0.875,1.8081025696434967,,1.8081025696434967,12.500798611111112,25.0,25.0,2.6293656380421195,-0.6366233665886439,0.0,1.0,ETH,高杠杆/短线赌徒型，长期单降权
2357703,1595,2026-08-30 07:17:52,30,0xa03236e2daca8f5583bd4654a0f2c9d96c6702aa,smart_money,P-N,50.0,1.0,1,1,0,1.0,24.07778919898896,,24.07778919898896,107.00305555555556,3.0,3.0,30.457644572474685,-2.188947070859356,1.0,0.0,HYPE,仓位样本不足，暂不影响权重
2357089,1595,2026-08-30 07:17:52,30,0xa0479b2c614cbd03ceab36ae5a6d0822035e553c,smart_money,P-N,50.0,1.0,2,1,1,1.0,0.07962913322505874,5.983696586955369,3.026127554109796,128.00861111111112,10.5,20.0,4.708999382417005,-0.35663841548046427,0.5,0.5,BTC,仓位样本不足，暂不影响权重
2357532,1595,2026-08-30 07:17:52,30,0xa0ca3dcba02de989e35eb3810ad762a222315075,money_printer,P-N,50.0,1.0,2,2,0,1.0,6.748180726618299,,6.748180726618299,19.993472222222223,5.0,5.0,6.861502286454187,-3.503944354010106,0.0,0.0,RUNE,仓位样本不足，暂不影响权重
2356717,1595,2026-08-30 07:17:52,30,0xa0f2e2f7b3ab58e3e52b74f08d94ae52778d46df,smart_money,P-N,50.0,1.0,1,0,1,,,-40.680948858256535,-40.680948858256535,1501.6758333333332,2.0,2.0,31.8577917920339,-52.952411075378905,1.0,0.0,LIT,仓位样本不足，暂不影响权重
2357848,1595,2026-08-30 07:17:52,30,0xa100c54fcea537adad0743c9745c83195b278b66,smart_money,P-N,50.0,1.0,1,1,0,1.0,0.022498272454079416,,0.022498272454079416,543.9952777777778,3.0,3.0,7.2034647339579285,-0.7239622671830556,1.0,0.0,BTC,仓位样本不足，暂不影响权重
2357433,1595,2026-08-30 07:17:52,30,0xa12156da455437e075d243f7091a667c7121a73c,smart_money,P-A,82.41805031683248,1.15,8,7,1,0.5714285714285714,2.512998549621947,-0.04238805970149471,2.193575223456517,43.74982638888889,2.75,6.0,5.797509040394656,-1.757403187467919,0.75,0.0,"ETH,ZEC,ENA,BTC",仓位收益稳定，适合加权参考
2357250,1595,2026-08-30 07:17:52,30,0xa169b50ddb987b06e1c6821403fcba218a4f1e3d,smart_money,P-G,44.14113472335943,0.65,5,4,1,0.25,-1.8426918443286906,3.0764409941119135,-0.85886527664057,102.40122222222222,20.0,20.0,2.696256946758941,-3.122721805184008,0.0,1.0,BTC,高杠杆/短线赌徒型，长期单降权
2357065,1595,2026-08-30 07:17:52,30,0xa1d22621c9b077ce4ac468908114a82b2de4a8db,smart_money,P-C,65.58713824130285,0.75,23,22,1,0.45454545454545453,0.015262161563396088,-0.2658620336203362,0.010621640168199002,31.56589371980676,4.043478260869565,24.0,0.22470796113323258,-0.1756673735145774,0.7391304347826086,0.043478260869565216,BTC,仓位收益偏弱，降权参考
2357319,1595,2026-08-30 07:17:52,30,0xa1d4fc32f21d9d77a4c20a6ac4b748815912c07c,smart_money,P-N,50.0,1.0,2,1,1,1.0,4.098071236262518,0.6272351793375511,3.0956455463152257,31.999166666666667,10.0,10.0,4.463303985717317,-6.282565550818749,0.0,1.0,ENA,仓位样本不足，暂不影响权重
2356718,1595,2026-08-30 07:17:52,30,0xa20fb0c9e04063eec5be286e9269028d966646fa,money_printer,P-B,69.58474816265772,1.0,62,12,50,0.5,-18.152515309424416,4.899935398552076,0.16334182326434432,1144.2606137992836,7.290322580645161,20.0,22.34130614331558,-20.88453218061765,0.14516129032258066,0.3870967741935484,"MEGA,WIF,XRP,AERO,ALGO",仓位表现普通有效
2357276,1595,2026-08-30 07:17:52,30,0xa237f4cc7bbc930fd531b1a36f31e54f778fc431,smart_money,P-C,39.73442749777129,0.75,8,6,2,0.5,-1.3092737361878468,0.33487646426724543,-0.8982361860740737,23.625555555555554,9.375,10.0,1.6201645460969836,-2.036742192036354,0.0,0.875,"HYPE,BTC,PUMP",仓位收益偏弱，降权参考
2357391,1595,2026-08-30 07:17:52,30,0xa243ecc646b1ce99c8c2810b6581cce76ec6f989,smart_money,P-B,84.31705099373096,1.0,34,32,2,0.78125,1.093511024370692,-0.6449929432178537,0.9912460851007775,21.325343137254904,8.823529411764707,20.0,1.4485689356310318,-1.0207317453881328,0.0,0.11764705882352941,"ETH,BTC,ONDO,XRP,SOL",仓位表现普通有效
2356953,1595,2026-08-30 07:17:52,30,0xa24c5ca26c41cc52aeac1d6886d37f6dd5d6949f,smart_money,P-B,77.58279796635347,1.0,186,145,41,0.6206896551724138,0.6863923637843221,0.2551094955759806,0.5833900844003158,129.72831391875744,7.655913978494624,40.0,6.83855178623302,-6.942114858403209,0.1774193548387097,0.45161290322580644,"ACE,KAITO,PUMP,TRUMP,XPL",仓位表现普通有效
2356719,1595,2026-08-30 07:17:52,30,0xa2a7c751da5c4add00d1c8cb9a0110fb2c233f51,smart_money,P-G,43.811851509089195,0.65,252,218,34,0.5045871559633027,-0.44041783884556546,-6.080060367627336,-1.1881484909108084,174.7540641534392,11.015873015873016,40.0,3.766802038191611,-7.963927104715298,0.06746031746031746,0.7142857142857143,"FARTCOIN,ARB,XMR,ETH,ZEC",高杠杆/短线赌徒型，长期单降权
2356720,1595,2026-08-30 07:17:52,30,0xa2d1dd0f09239349354b662f75fbd81f3dbc824e,smart_money,P-C,13.771212547196626,0.75,3,0,3,,,-22.447327468185417,-22.44732746818542,1501.6758333333335,3.6666666666666665,5.0,47.390529147272126,-59.25335754110814,0.6666666666666666,0.0,"HYPE,PENDLE,PURR",仓位收益偏弱，降权参考
2356721,1595,2026-08-30 07:17:52,30,0xa3099587930a877e75ff4084c7b22505b72c2eca,smart_money,P-C,35.42757925722348,0.75,15,0,15,,,15.894689997159245,15.894689997159245,1501.6758333333335,11.0,40.0,42.41707203756801,-13.877293927267244,0.3333333333333333,0.4666666666666667,"ADA,AERO,BIO,BTC,CHIP",仓位收益偏弱，降权参考
2356722,1595,2026-08-30 07:17:52,30,0xa30ecf14316316f355b33eb6f5fb4f6e8ed8be51,smart_money,P-N,50.0,1.0,2,0,2,,,-13.991544096667338,-13.025370231029815,783.3383333333333,7.5,10.0,11.13002081060578,-15.166762181994288,0.0,0.5,"XMR,SOL",仓位样本不足，暂不影响权重
2356723,1595,2026-08-30 07:17:52,30,0xa312114b5795dff9b8db50474dd57701aa78ad1e,money_printer,P-G,47.687480861304294,0.65,25,7,18,0.5714285714285714,3.6048100976719866,-3.6103287337536276,2.6874808613042966,940.5830222222219,10.48,40.0,24.255031474704534,-20.090130052716898,0.16,0.6,"PUMP,NEAR,BTC,APEX,ASTER",高杠杆/短线赌徒型，长期单降权
2357048,1595,2026-08-30 07:17:52,30,0xa31441e058492bc7cfffda9aa7623c407ae83a81,money_printer,P-C,22.852934946582167,0.75,5,0,5,,,4.429980348962106,4.431617451610991,151.00522222222222,12.6,40.0,7.695211396203081,-8.18870818394911,0.2,0.4,"APT,PURR,BTC,TAO,XMR",仓位收益偏弱，降权参考
2356724,1595,2026-08-30 07:17:52,30,0xa32533a01bfca623badfaba89fa28c079b8671f7,smart_money,P-C,70.11258729916429,0.75,12,8,4,0.625,3.14547780112625,-15.934793344220452,-3.214612580655984,628.7759953703703,5.25,10.0,9.360823870974082,-18.97240197003553,0.4166666666666667,0.25,"LIT,FARTCOIN,PURR,AVNT,AZTEC",仓位收益偏弱，降权参考
2357504,1595,2026-08-30 07:17:52,30,0xa33a2a0179eb17700f12877f3c331b295037ee7b,smart_money,P-G,44.965821980244236,0.65,174,174,0,0.5114942528735632,-0.03417801975576122,,-0.03417801975576122,3.6323004469987237,20.0,20.0,0.21303992120159684,-0.24318534213149662,0.0,1.0,"BTC,ETH",高杠杆/短线赌徒型，长期单降权
2357039,1595,2026-08-30 07:17:52,30,0xa33a4a057334c7811ad5f45f3c4f0dfa3d081ff8,money_printer,P-B,62.16216948926303,1.0,51,47,4,0.6170212765957447,0.11570029328520097,-0.8198171623622051,0.11279104417260707,59.15821895424839,9.313725490196079,10.0,1.4435391652017944,-2.044565680008904,0.0,0.8627450980392157,"LINK,ADA,ASTER,NEAR",仓位表现普通有效
2357713,1595,2026-08-30 07:17:52,30,0xa351db10472a07059ea099e0581444e568bff894,money_printer,P-G,44.491607564897514,0.65,15,15,0,0.4,-0.5083924351024872,,-0.5083924351024872,312.2862037037037,14.666666666666666,40.0,5.613929254020446,-5.954561554780756,0.0,0.8666666666666667,"XPL,SUI,AVAX,ETH,SOL",高杠杆/短线赌徒型，长期单降权
2357295,1595,2026-08-30 07:17:52,30,0xa3555141f2ea7ed01e1d5a6589c4355ccaa31bf5,smart_money,P-B,98.75621458853533,1.0,3,2,1,1.0,2.3480542222067147,0.7813946175946319,1.8258343540026871,193.6698148148148,8.333333333333334,10.0,3.618923144370287,-2.0962393976167757,0.0,0.3333333333333333,"BTC,SOL",仓位表现普通有效
2357392,1595,2026-08-30 07:17:52,30,0xa3910b710b8a68d8fd77459e5aeee0b05e631360,smart_money,P-C,50.8277676635451,0.75,7,5,2,0.4,-6.495585208999273,-5.851659266547384,-6.311606368298733,214.3317857142857,5.857142857142857,7.0,0.7170608599694577,-13.999373923343551,0.14285714285714285,0.0,"ZEC,PUMP,BTC",仓位收益偏弱，降权参考
2356725,1595,2026-08-30 07:17:52,30,0xa399f378380dddb1fbb72e935b0111d7a4d16a52,smart_money,P-G,45.76722840506004,0.65,39,29,10,0.3103448275862069,-0.23083340270227323,7.533033670928633,0.767228405060035,204.1915527065527,17.666666666666668,40.0,9.130687132965992,-5.1888670770648115,0.07692307692307693,0.8205128205128205,"SOL,ETH,HYPE,BTC,ZEC",高杠杆/短线赌徒型，长期单降权
2357843,1595,2026-08-30 07:17:52,30,0xa3a7c36cc9fa3fc5b0c971bc7b5a5659a2f7ab4c,smart_money,P-N,50.0,1.0,1,1,0,0.0,-7.047853662225958,,-7.047853662225958,31.99138888888889,10.0,10.0,0.7505758076163184,-7.047853662225958,0.0,1.0,HYPE,仓位样本不足，暂不影响权重
2357646,1595,2026-08-30 07:17:52,30,0xa3b69fd03a59945b88fed1fe350b33c3e6d48480,smart_money,P-N,50.0,1.0,1,1,0,0.0,-156.7515066049526,,-156.7515066049526,818.9977777777777,3.0,3.0,52.34276368644555,-198.1249282681051,1.0,0.0,CASHCAT,仓位样本不足，暂不影响权重
2357026,1595,2026-08-30 07:17:52,30,0xa3fc7e0b7571ccf00820307321b044019aeb062a,smart_money,P-N,50.0,1.0,1,0,1,,,23.5750469112728,23.765253188969638,541.0091666666667,10.0,10.0,31.852842298288504,0.0,0.0,1.0,HYPE,仓位样本不足，暂不影响权重
2357539,1595,2026-08-30 07:17:52,30,0xa41f6abca0cb06a105f12a682e1995efa0c1d50a,smart_money,P-G,46.28834945931409,0.65,17,17,0,0.6470588235294118,1.2883494593140896,,1.2883494593140896,27.058888888888895,11.705882352941176,25.0,4.546522529863474,-1.4788827576310488,0.0,0.7647058823529411,"HYPE,SOL,ZEC,BTC,XRP",高杠杆/短线赌徒型，长期单降权
2356726,1595,2026-08-30 07:17:52,30,0xa430c7425787337e5096f9aad868b02bb1ab4c5f,smart_money,P-N,50.0,1.0,2,0,2,,,-7.136699065029134,-7.136699065029134,1501.6758333333332,7.5,10.0,33.50075051067423,-32.61633473764841,0.0,0.5,"ETH,HYPE",仓位样本不足，暂不影响权重
2357817,1595,2026-08-30 07:17:52,30,0xa432ca1edabf81a8373fe2d655a2811ed2634e45,smart_money,P-C,43.22151078066973,0.75,3,3,0,0.3333333333333333,-2.941517549930111,,-2.941517549930111,43.670462962962965,3.6666666666666665,5.0,6.258322716387597,-17.18541344498678,0.6666666666666666,0.0,"CASHCAT,HYPE",仓位收益偏弱，降权参考
2357541,1595,2026-08-30 07:17:52,30,0xa445a0a15b1d50fa0c4bfe6796d9447e0da5329d,money_printer,P-G,45.81774474414561,0.65,36,36,0,0.7222222222222222,0.8177447441456039,,0.8177447441456039,60.01887345679011,22.38888888888889,40.0,1.8015916496288291,-3.2623631372232085,0.05555555555555555,0.8888888888888888,"SOL,ETH,BTC,XRP,CASHCAT",高杠杆/短线赌徒型，长期单降权
2357616,1595,2026-08-30 07:17:52,30,0xa46aba5584adb38d458710902f7fc6677f7ab914,smart_money,P-N,50.0,1.0,1,1,0,0.0,-7.791936494673059,,-7.791936494673059,69.00055555555555,2.0,2.0,9.703363275537926,-7.791936494673058,1.0,0.0,PENGU,仓位样本不足，暂不影响权重
2357154,1595,2026-08-30 07:17:52,30,0xa4add8273d7f47318675bdfbcce3e9648cdb4509,money_printer,P-C,95.25074519870593,0.75,3,2,1,1.0,3.811690970113044,-17.404082962962136,-3.2602336742453484,681.4611111111111,5.0,5.0,3.500730661549941,-14.544894590103192,0.0,0.0,"ZEC,SOL,HYPE",仓位收益偏弱，降权参考
2357063,1595,2026-08-30 07:17:52,30,0xa4beb4fbe651b00bc16d472e2e1aa1c26b3d90aa,smart_money,P-B,83.99077078543215,1.0,29,25,4,0.88,1.6401737219642667,-13.221469088922248,-0.40970804505456276,58.41672413793106,9.413793103448276,20.0,1.8908037955061983,-5.849592178060809,0.3793103448275862,0.6206896551724138,"LIT,XRP,HYPE,VVV,ZEC",仓位表现普通有效
2357460,1595,2026-08-30 07:17:52,30,0xa4dedda59f2908b92ae192cfd494839373bcb3c4,money_printer,P-G,46.955590945799244,0.65,19,18,1,0.6666666666666666,1.743859148665474,5.766763294207103,1.9555909457992438,19.468932748538013,20.68421052631579,40.0,3.6125873270793503,-0.596685774324773,0.05263157894736842,0.9473684210526315,"HYPE,BTC,ZEC,CASHCAT",高杠杆/短线赌徒型，长期单降权
2356727,1595,2026-08-30 07:17:52,30,0xa4e33be0b96c1ec4031f2db53dcd5660621ce3ec,smart_money,P-C,76.72822792761221,0.75,7,5,2,0.8,7.507307661068654,-23.400851343375457,-1.647090521979467,1147.545873015873,7.857142857142857,10.0,18.311570134864542,-20.031394638574284,0.0,0.5714285714285714,"NEAR,XMR,HYPE,AAVE,ADA",仓位收益偏弱，降权参考
2357068,1595,2026-08-30 07:17:52,30,0xa516541e599129095d14f7faf8b11ae670c837b0,smart_money,P-G,49.934985607684304,0.65,11,7,4,0.42857142857142855,-0.2566425254819536,14.020334840725255,4.934985607684305,83.45979797979797,23.181818181818183,40.0,7.7985732617956325,-1.095499099298857,0.0,1.0,"BTC,HYPE,ETH,ZEC,SOL",高杠杆/短线赌徒型，长期单降权
2357544,1595,2026-08-30 07:17:52,30,0xa522301c25e833b75b223a21a7f528eef9862d0e,smart_money,P-N,50.0,1.0,2,2,0,0.5,1.5330689061622502,,1.5330689061622502,25.999027777777776,15.0,20.0,3.6370619061246794,-3.1472905207762363,0.0,1.0,"HYPE,BTC",仓位样本不足，暂不影响权重
2356728,1595,2026-08-30 07:17:52,30,0xa559edb06548fb5d9b2066ec43320e5f9726ff95,smart_money,P-G,54.007630042657055,0.65,3,1,2,0.0,-2.671794819268462,14.847342473619818,9.007630042657059,944.1203703703703,16.666666666666668,20.0,22.220232274340372,-12.90784993593595,0.0,1.0,"ETH,XPL",高杠杆/短线赌徒型，长期单降权
2356729,1595,2026-08-30 07:17:52,30,0xa581bb0ac1a7ec393e76ccd45de2bfff6146e213,money_printer,P-C,84.59383754299971,0.75,7,2,5,1.0,14.038635626155365,-20.723569507583186,-10.791510897943596,1074.4806746031747,6.0,20.0,33.86752392084514,-37.92190891117432,0.5714285714285714,0.14285714285714285,"XMR,ETH,HYPE,PURR,STBL",仓位收益偏弱，降权参考
2356730,1595,2026-08-30 07:17:52,30,0xa59362891a6910c0d16171ac10ad43ba994bbcde,smart_money,P-R,25.0,-0.8,62,54,8,0.3148148148148148,-0.5400495040976072,1.3563376027784835,-0.5720080262795927,93.07323028673838,10.016129032258064,40.0,2.8980638153005067,-3.548587029708305,0.5161290322580645,0.2903225806451613,"GMT,KAITO,BTC,ACE,PAXG",仓位真实收益偏反向，可作为反向参考
2356731,1595,2026-08-30 07:17:52,30,0xa5fd942d4badbab4fe84a9e10f565dd40d5f15ff,money_printer,P-B,77.22001276168733,1.0,61,33,28,0.48484848484848486,-2.471541600147346,10.09913683053348,3.59112908327784,558.252140255009,9.327868852459016,40.0,15.891542686868966,-14.742437716328778,0.3442622950819672,0.29508196721311475,"BTC,CASHCAT,KAITO,ENA,VVV",仓位表现普通有效
2357478,1595,2026-08-30 07:17:52,30,0xa62b923a112d50d03e1e096bbd53422490dac104,smart_money,P-C,71.12991018273235,0.75,676,674,2,0.4732937685459941,-0.00038152298233790945,0.017709616375453548,-0.00032680774361390676,2.1316999506903382,2.735207100591716,5.0,0.1804191098672027,-0.160667030871576,0.6272189349112426,0.0,"ETH,BTC",仓位收益偏弱，降权参考
2357090,1595,2026-08-30 07:17:52,30,0xa685e0303482ece79b16dc5c1a52bd9dae623dfa,smart_money,P-C,61.76657337292834,0.75,28,26,2,0.46153846153846156,-0.8165114290439655,24.814412244216975,0.5650789473354898,58.96946428571429,7.357142857142857,20.0,6.12012036310882,-4.444300031585127,0.5,0.35714285714285715,"PUMP,KAITO,HYPE,SOL,CASHCAT",仓位收益偏弱，降权参考
2356732,1595,2026-08-30 07:17:52,30,0xa68eb8520766ca5eae81e547128d5cc3fa909a1e,smart_money,P-C,5.020599913279625,0.75,4,0,4,,,-20.202058329284426,-20.202058329284426,1501.6758333333332,9.5,20.0,39.03303365594009,-37.023487384311785,0.25,0.5,"BTC,HYPE,PENDLE,PUMP",仓位收益偏弱，降权参考
2357311,1595,2026-08-30 07:17:52,30,0xa6e2dc44418f5ad213c86db4dbb203a59d13c49f,money_printer,P-B,59.88452292817637,1.0,199,195,4,0.5333333333333333,1.8715943131351063,-2.297896006398349,1.803232988376294,23.481652707984367,8.422110552763819,40.0,5.058753404875941,-2.96228813849362,0.21608040201005024,0.5527638190954773,"HYPE,SOL,ZEC,BTC,ETH",仓位表现普通有效
2356733,1595,2026-08-30 07:17:52,30,0xa6ee1ed1ae80b8352603654b39f5e7b9bedd5078,money_printer,P-N,50.0,1.0,2,1,1,0.0,-2.720974899321927,-35.384225209231545,-17.08247456096004,1028.3406944444444,7.5,10.0,5.315160785233524,-36.66360487590345,0.0,0.5,"MON,HYPE",仓位样本不足，暂不影响权重
2357655,1595,2026-08-30 07:17:52,30,0xa74421270b2d439edc6fa6eb4d5cacb15f2f94ee,smart_money,P-N,50.0,1.0,1,1,0,0.0,-0.6671669306616772,,-0.6671669306616772,86.01277777777777,40.0,40.0,3.573467652917518,-0.21659645497178284,0.0,1.0,BTC,仓位样本不足，暂不影响权重
2357479,1595,2026-08-30 07:17:52,30,0xa775d1bd91ee2cc4cae6113e5fd9c0c17b355277,smart_money,P-B,76.37179105545793,1.0,323,322,1,0.546583850931677,0.0556273768007446,0.0018053440083067014,0.055460745120272645,2.229149466804265,2.931888544891641,3.0,0.3051884625070074,-0.21740950365285794,1.0,0.0,SOL,仓位表现普通有效
2356734,1595,2026-08-30 07:17:52,30,0xa7aae418ee1714642f46b577c5b6f6c8bcb561dc,smart_money,P-G,39.27294492796582,0.65,3,2,1,0.0,-1.9153139313452974,-13.350537353411951,-5.727055072034182,521.2254629629629,11.666666666666666,20.0,4.470253898512907,-7.8118776427916785,0.0,0.6666666666666666,"BNB,BTC,ETH",高杠杆/短线赌徒型，长期单降权
2357564,1595,2026-08-30 07:17:52,30,0xa7fd61557cd0a61073566766839d5f851a8e92ef,smart_money,P-N,50.0,1.0,2,2,0,0.5,1.4439566652932436,,1.4439566652932436,8.000277777777779,6.5,10.0,1.6467934447970412,-0.542378767852206,0.5,0.5,"HYPE,NEAR",仓位样本不足，暂不影响权重
2357194,1595,2026-08-30 07:17:52,30,0xa844d7ac9fa3424c4fd38a25baa23e460ec3e802,smart_money,P-A,99.46217565935379,1.15,15,11,4,0.9090909090909091,3.078480772601122,-4.300807439268643,1.1991163828833407,100.20975925925926,5.533333333333333,20.0,3.918525985403719,-3.732603978041369,0.4666666666666667,0.26666666666666666,"BTC,PAXG,HYPE,ETH,SOL",仓位收益稳定，适合加权参考
2357662,1595,2026-08-30 07:17:52,30,0xa8616487ec2605c79c3ad3a3e6bcbe9d059bc774,smart_money,P-C,37.104545880529955,0.75,3,3,0,0.3333333333333333,-11.117504013492498,,-11.117504013492498,1177.6617592592593,3.6666666666666665,4.0,14.005054618161786,-13.484075269741878,0.3333333333333333,0.0,"BTC,ETH,SOL",仓位收益偏弱，降权参考
2357041,1595,2026-08-30 07:17:52,30,0xa864144d507da1f5a90aae0147b8cba6d93a21cb,smart_money,P-G,44.03380405033022,0.65,14,12,2,0.3333333333333333,-0.4309770286943393,-2.547153194062316,-0.9661959496697818,334.768630952381,27.142857142857142,40.0,3.9378526050343425,-4.927645356175337,0.0,1.0,"BTC,SOL,XRP,ETH,HYPE",高杠杆/短线赌徒型，长期单降权
2356735,1595,2026-08-30 07:17:52,30,0xa87a233e8a7d8951ff790a2e39738086cb5f71b7,money_printer,P-A,100.0,1.15,7,6,1,0.8333333333333334,41.858232789803694,89.86463810269606,48.716290691645455,1298.6653571428574,4.0,10.0,64.03533024166661,-19.053949223122164,0.42857142857142855,0.14285714285714285,"APT,SOL,HYPE,VIRTUAL,ENA",仓位收益稳定，适合加权参考
2357437,1595,2026-08-30 07:17:52,30,0xa880d6cc607a05ea617307ab3b0d335e8d8424ee,smart_money,P-B,64.8832936889663,1.0,2983,2973,10,0.49848637739656915,-0.004911240903338686,-0.07352443756365094,-0.005376364396768401,2.405007822103031,4.326852162252766,5.0,0.46076283098518817,-0.42374112325921437,0.33657391887361715,0.0,"ADA,PUMP,NEAR,HYPE,TRUMP",仓位表现普通有效
2357705,1595,2026-08-30 07:17:52,30,0xa88bdbd7ec3cdb13fa2be3781f35ed710f8368e0,smart_money,P-N,50.0,1.0,1,1,0,1.0,26.350333651096282,,26.350333651096282,1294.6591666666666,40.0,40.0,44.581029551954245,0.0,0.0,1.0,BTC,仓位样本不足，暂不影响权重
2357330,1595,2026-08-30 07:17:52,30,0xa8cbf4200595efcd94b7526d04deafe0f284af2d,smart_money,P-A,100.0,1.15,7,6,1,1.0,6.380996989943181,-1.1472942436499065,5.6171814809976865,124.4288095238095,4.142857142857143,6.0,7.314552321731902,-1.9783656469804651,0.2857142857142857,0.0,"MORPHO,HYPE",仓位收益稳定，适合加权参考
2357764,1595,2026-08-30 07:17:52,30,0xa8ccdcf9a2256a23504133c8ec1b04bc12a516df,smart_money,P-N,50.0,1.0,1,1,0,1.0,15.190344488225483,,15.190344488225483,1246.6591666666666,20.0,20.0,28.124571136082928,0.0,0.0,1.0,BTC,仓位样本不足，暂不影响权重
2357103,1595,2026-08-30 07:17:52,30,0xa906355beaf1d69a5fe73ce55899c49c6e67916c,money_printer,P-A,100.0,1.15,6,4,2,1.0,14.062101634311055,53.54818309710203,23.552856043998386,82.49921296296297,2.3333333333333335,3.0,34.326133137898076,-0.5948833827634036,1.0,0.0,"PUMP,HYPE,CASHCAT,LIT",仓位收益稳定，适合加权参考
2357069,1595,2026-08-30 07:17:52,30,0xa99c9e5484e5b26635c07876d0859a1819ff40d5,smart_money,P-A,86.50298914570934,1.15,10,8,2,0.625,0.05462235601975903,27.985441351620928,5.8764945728546705,192.50280555555554,6.7,10.0,8.727190964903652,-2.689474362775141,0.1,0.3,"BTC,HYPE",仓位收益稳定，适合加权参考
2356736,1595,2026-08-30 07:17:52,30,0xa9b95f2a2e7ef219021efc5c04c32761b8553bbd,money_printer,P-G,63.07091245257091,0.65,4,3,1,0.0,-7.52925977272918,110.19359787251761,18.070912452570905,1303.6935416666665,17.5,20.0,45.425356340679045,-5.722333421479376,0.0,1.0,"HYPE,ETH,SOL,BTC",高杠杆/短线赌徒型，长期单降权
2357624,1595,2026-08-30 07:17:52,30,0xaa23550773de942c546b3f29e7df60d8a9d85820,smart_money,P-B,90.05498086025094,1.0,13,13,0,0.8461538461538461,7.727004437822055,,7.727004437822055,409.4112606837607,11.538461538461538,25.0,12.192467552500926,-6.790106677287462,0.15384615384615385,0.5384615384615384,"ETH,LIT,KAITO,AZTEC,ADA",仓位表现普通有效
2356737,1595,2026-08-30 07:17:52,30,0xaa2a33c424b92cdc042e40c522cb48e586e83026,smart_money,P-C,85.02059991327963,0.75,4,2,2,1.0,15.997917947774875,-120.4197666085508,-45.752945536847626,526.9636111111112,5.0,5.0,8.699991593136861,-67.44443913835329,0.0,0.0,"HYPE,PUMP,KAITO,XMR",仓位收益偏弱，降权参考
2357849,1595,2026-08-30 07:17:52,30,0xaa7577a7a27aa7fcf6d0ec481b87df3ad0f6a88e,money_printer,P-N,50.0,1.0,1,1,0,0.0,-5.721092305504202,,-5.721092305504202,133.71416666666667,25.0,25.0,5.4902971807307885,-5.721092305504201,0.0,1.0,ETH,仓位样本不足，暂不影响权重
2356738,1595,2026-08-30 07:17:52,30,0xaac091f502a773498fb9336f41500fd13098245b,smart_money,P-N,50.0,1.0,2,0,2,,,5.732822157413941,13.37663490692319,1501.6758333333332,7.5,10.0,30.770425719322986,-9.392248051496997,0.0,0.5,"BTC,HYPE",仓位样本不足，暂不影响权重
2357597,1595,2026-08-30 07:17:52,30,0xab5e6f394951c28ab1873007e373202689cdbec3,money_printer,P-B,67.65374224547483,1.0,15,15,0,0.6,3.113081494125676,,3.113081494125676,39.53338888888889,9.333333333333334,25.0,5.335047632669234,-1.7681369798852027,0.0,0.6666666666666666,"JUP,FET,ENA,ETH,WLD",仓位表现普通有效
2356739,1595,2026-08-30 07:17:52,30,0xabcaea50f029aca1204a5ff64150279871dec56c,smart_money,P-G,45.42446746239381,0.65,33,28,5,0.5357142857142857,0.6344499049030913,0.3456663838326356,0.4244674623938088,166.04320707070704,13.212121212121213,40.0,4.557836751282912,-5.547609964500434,0.06060606060606061,0.7878787878787878,"HYPE,kPEPE,BTC,FET,PEOPLE",高杠杆/短线赌徒型，长期单降权
2356740,1595,2026-08-30 07:17:52,30,0xac04753928961a06af540078410802cc443f5176,money_printer,P-N,50.0,1.0,1,0,1,,,93.47021337866585,93.47021337866585,1501.6758333333332,3.0,3.0,100.38388652007913,0.0,1.0,0.0,HYPE,仓位样本不足，暂不影响权重
2356741,1595,2026-08-30 07:17:52,30,0xac26cf5f3c46b5e102048c65b977d2551b72a9c7,money_printer,P-C,51.578947368421055,0.75,38,0,38,,,56.385585477159545,56.762860371435494,1492.8423830409363,8.368421052631579,40.0,68.22555118339828,-3.096316660361393,0.15789473684210525,0.42105263157894735,"ADA,ALT,APT,ATOM,BCH",仓位收益偏弱，降权参考
2356742,1595,2026-08-30 07:17:52,30,0xac487c027ffe32021bbba77e30786f8c8f353201,money_printer,P-G,55.46424263875019,0.65,13,1,12,1.0,45.564538554416636,16.36586101181336,10.464242638750191,1318.4283760683757,11.0,20.0,34.70154214471757,-15.382092053452633,0.07692307692307693,0.7692307692307693,"HYPE,ASTER,BTC,ETH,PURR",高杠杆/短线赌徒型，长期单降权
2357568,1595,2026-08-30 07:17:52,30,0xac50a255e330c388f44b9d01259d6b153a9f0ed9,money_printer,P-G,44.23217448484041,0.65,18,18,0,0.3333333333333333,-0.7678255151595956,,-0.7678255151595956,11.611790123456789,30.833333333333332,40.0,0.8512584350078921,-1.4203617012297522,0.0,1.0,"BTC,ETH,PUMP,ARB",高杠杆/短线赌徒型，长期单降权
2356743,1595,2026-08-30 07:17:52,30,0xac7bbfed474127e8683320421264d403fd2155f9,money_printer,P-N,50.0,1.0,1,0,1,,,40.75577271652612,40.75577271652612,1501.6758333333332,20.0,20.0,60.31067403713002,0.0,0.0,1.0,SOL,仓位样本不足，暂不影响权重
2357603,1595,2026-08-30 07:17:52,30,0xaca2d79168f9e9072c089e5f7d6eb0daefc13915,smart_money,P-G,45.03288077380645,0.65,280,280,0,0.4928571428571429,0.032880773806448896,,0.032880773806448896,3.6500833333333316,13.596428571428572,20.0,0.44584328092076486,-0.39170975258738994,0.0,0.6964285714285714,"ETH,SOL,HYPE,ZEC,LIT",高杠杆/短线赌徒型，长期单降权
2356744,1595,2026-08-30 07:17:52,30,0xacb66d1996501bcc82a0e7819c9e041599f5efbd,money_printer,P-G,38.54507722836465,0.65,7,2,5,0.0,-6.3344043809860215,-9.868862439130645,-6.454922771635351,1006.9097222222221,14.285714285714286,20.0,8.044201518686718,-24.195530323589086,0.0,0.7142857142857143,"BTC,ETH,HYPE,SOL,XRP",高杠杆/短线赌徒型，长期单降权
2357697,1595,2026-08-30 07:17:52,30,0xacbf9fbc58d61bdafd70fd44213fdfe01311f2ab,smart_money,P-G,49.56470717221553,0.65,5,5,0,0.4,4.564707172215526,,4.564707172215526,9.399833333333333,14.2,40.0,5.167899138939122,-1.225071580965179,0.0,0.6,"BTC,ZEC,TRUMP",高杠杆/短线赌徒型，长期单降权
2357110,1595,2026-08-30 07:17:52,30,0xacf5c9a3213f91182317ef74770ffb41f0c081f5,smart_money,P-B,76.10649208053317,1.0,12,11,1,0.8181818181818182,0.7637942250345106,-10.150022391401706,-0.1456904930018406,267.77719907407413,11.5,40.0,8.061720857788051,-7.794874313562794,0.08333333333333333,0.3333333333333333,"PUMP,ETH,BLUR,BTC,APE",仓位表现普通有效
2357555,1595,2026-08-30 07:17:52,30,0xad227f63d34e7251c1d0ab65e64eeea07aee4e44,money_printer,P-G,49.77746173633023,0.65,22,22,0,0.5454545454545454,4.777461736330234,,4.777461736330234,987.9047222222224,15.590909090909092,40.0,11.664080091451694,-17.136992145944603,0.045454545454545456,0.8636363636363636,"BTC,ETH,SOL,AAVE,NEAR",高杠杆/短线赌徒型，长期单降权
2356745,1595,2026-08-30 07:17:52,30,0xad59ed47c226987cf458a63428ca10887773ba81,smart_money,P-C,85.42757925722348,0.75,15,6,9,1.0,10.810619349256621,-23.425269834690422,-9.738887455070646,753.164425925926,4.466666666666667,10.0,11.235100333283174,-23.346589728450702,0.4666666666666667,0.26666666666666666,"XMR,ETH,BTC,XRP,BNB",仓位收益偏弱，降权参考
2356947,1595,2026-08-30 07:17:52,30,0xad68fabb1bec8b08c8080ad165ae5bdec64136d6,smart_money,P-C,100.0,0.75,5,4,1,1.0,1.8547282822169942,-12.515724708949927,-1.01936231601639,552.906,4.6,5.0,2.015218776874034,-10.54780273966829,0.0,0.0,"BTC,HYPE,ETH",仓位收益偏弱，降权参考
2357837,1595,2026-08-30 07:17:52,30,0xadabc828201be912b3ef3bde83f1e19703349fdb,smart_money,P-N,50.0,1.0,1,1,0,1.0,19.030359959545866,,19.030359959545866,841.6591666666667,5.0,5.0,26.320065296686746,0.0,0.0,0.0,BTC,仓位样本不足，暂不影响权重
2357343,1595,2026-08-30 07:17:52,30,0xadc9cf23f55c6221a05a8150e5768d7c3289562f,money_printer,P-G,44.95602659643714,0.65,33,32,1,0.5,-0.05185406210709557,-0.10835247944244793,-0.04397340356285866,21.939882154882152,40.0,40.0,0.36614965657351933,-0.4701858011735194,0.0,1.0,BTC,高杠杆/短线赌徒型，长期单降权
2357690,1595,2026-08-30 07:17:52,30,0xadcbc1f36213b15399e0497508c50a1cda7bf08f,smart_money,P-N,50.0,1.0,2,2,0,1.0,23.96358684282542,,23.96358684282542,1307.6602777777778,3.0,3.0,38.710622037928715,-1.7053472243072,1.0,0.0,"DOGE,SUI",仓位样本不足，暂不影响权重
2356746,1595,2026-08-30 07:17:52,30,0xadeed59f446cb0a141837e8f7c22710d759cba65,smart_money,P-N,50.0,1.0,1,0,1,,,-190.88220505872988,-190.88220505872985,1501.6758333333332,10.0,10.0,0.0,-201.2769033087054,0.0,1.0,HYPE,仓位样本不足，暂不影响权重
2357584,1595,2026-08-30 07:17:52,30,0xae2445cdc416b6a70bbf84a8678a13ea6003e7f8,smart_money,P-G,47.00886733003908,0.65,18,18,0,0.6111111111111112,2.008867330039084,,2.008867330039084,37.22239197530864,11.944444444444445,20.0,3.885164569904701,-2.294540048713347,0.0,0.7222222222222222,"SOL,HYPE,PUMP,ZEC,APE",高杠杆/短线赌徒型，长期单降权
2356747,1595,2026-08-30 07:17:52,30,0xae58db322be15464c1831b29540e42264cff2b23,smart_money,P-C,26.11274226079473,0.75,9,0,9,,,0.23122163378636962,0.34071413875629414,1493.5824999999995,9.777777777777779,20.0,29.658148291314863,-25.447784180614015,0.1111111111111111,0.5555555555555556,"PAXG,SEI,SOL,VIRTUAL,XRP",仓位收益偏弱，降权参考
2357169,1595,2026-08-30 07:17:52,30,0xae67e0441a483deed7792d4572558608e5a99a49,smart_money,P-N,50.0,1.0,1,0,1,,,-5.720335932904339,-3.870185974287024,200.0186111111111,10.0,10.0,3.4417690452442558,-10.280551105350185,0.0,1.0,ZEC,仓位样本不足，暂不影响权重
2357464,1595,2026-08-30 07:17:52,30,0xae78adaba70f18c15418001263504af373884520,smart_money,P-G,45.05868941547263,0.65,137,134,3,0.5,0.05718963785785459,0.12567948226569378,0.0586894154726248,13.438759124087593,21.51094890510949,40.0,1.281891316662675,-1.498061961024878,0.029197080291970802,0.9416058394160584,"BTC,ETH,HYPE,SOL,PUMP",高杠杆/短线赌徒型，长期单降权
2356748,1595,2026-08-30 07:17:52,30,0xaea8e3bd369217cc6e3e6abddf0da318fba8e59b,money_printer,P-C,47.736694685856854,0.75,7,2,5,0.0,-10.340399328990928,74.51591693839885,50.27125514771605,1457.3893253968254,8.428571428571429,20.0,62.043726297677836,-7.827326104681224,0.42857142857142855,0.2857142857142857,"APEX,HBAR,MELANIA,MOODENG,OP",仓位收益偏弱，降权参考
2357222,1595,2026-08-30 07:17:52,30,0xaeaab54bbf65bfd6efed7d2eb68372298e3c2416,money_printer,P-G,45.28599986994948,0.65,24,23,1,0.4782608695652174,0.427593702828463,-2.9706582862671826,0.2859998699494776,9.958668981481482,17.5,20.0,0.8287869384649941,-1.1195864652479008,0.0,1.0,"BTC,ETH,ZEC,HYPE,SOL",高杠杆/短线赌徒型，长期单降权
2357005,1595,2026-08-30 07:17:52,30,0xaecfe4eff84a1cd9a24accc1914ac537af7f6e1b,money_printer,P-A,87.87575842772658,1.15,9,7,2,0.5714285714285714,25.126918010473407,58.401517807376884,32.61435873309787,224.7446296296296,5.555555555555555,10.0,42.86442393842984,-5.078457078113016,0.5555555555555556,0.3333333333333333,"CASHCAT,PUMP,HYPE,PURR,GRAM",仓位收益稳定，适合加权参考
2357374,1595,2026-08-30 07:17:52,30,0xaede390f5b5b7cf77428030ccfc73d99a44e1602,smart_money,P-N,50.0,1.0,1,0,1,,,-1.1098693093356935,-1.1098693093356935,37.99166666666667,10.0,10.0,0.049097827421136615,-1.1098693093356935,0.0,1.0,BTC,仓位样本不足，暂不影响权重
2357175,1595,2026-08-30 07:17:52,30,0xaf0fdd39e5d92499b0ed9f68693da99c0ec1e92e,money_printer,P-B,81.82996937245032,1.0,13,10,3,0.8,7.104980360048598,-4.289465202462012,4.460652540075586,150.08044871794874,11.76923076923077,30.0,9.549801245830222,-3.095220894111341,0.07692307692307693,0.46153846153846156,"HYPE,LIT,SOL,BTC,UNI",仓位表现普通有效
2357300,1595,2026-08-30 07:17:52,30,0xaf2825f73a90cf08baf2577818826b79e3faca9b,smart_money,P-G,45.004420895172494,0.65,898,896,2,0.5167410714285714,0.004225526891879257,0.0483704270679816,0.0044208951724945544,4.584712323682253,10.155902004454344,20.0,0.7729089261947684,-0.6944103960726935,0.0,0.7416481069042317,"ZEC,WLD,LIT,PUMP,SOL",高杠杆/短线赌徒型，长期单降权
2357282,1595,2026-08-30 07:17:52,30,0xaf2ac71f62f341e5823d6985492409e92c940447,smart_money,P-G,45.030959648937504,0.65,133,132,1,0.5984848484848485,0.030309313291225683,-0.2388912372388528,0.030959648937506887,4.9400062656641595,17.48872180451128,20.0,0.26414173938461416,-0.24824836452074875,0.0,0.7969924812030075,BTC,高杠杆/短线赌徒型，长期单降权
2356749,1595,2026-08-30 07:17:52,30,0xaf313f5d2d87a40b7b4675f74f29618b5a46928e,smart_money,P-N,50.0,1.0,1,0,1,,,148.1362316565958,148.1362316565958,1501.6758333333332,1.0,1.0,169.78091358535528,0.0,1.0,0.0,LIT,仓位样本不足，暂不影响权重
2356750,1595,2026-08-30 07:17:52,30,0xaf37a82f0cf079a3d50674b87e889d2b270f4a44,money_printer,P-N,50.0,1.0,1,0,1,,,-90.18102907259077,-90.18102907259077,1501.6758333333332,1.0,1.0,0.0,-91.83617133708228,1.0,0.0,XPL,仓位样本不足，暂不影响权重
2357834,1595,2026-08-30 07:17:52,30,0xaf68caebaa151dd592112a07e2344b3950e13561,smart_money,P-B,75.98807075633104,1.0,37,37,0,0.5405405405405406,0.0751164592466006,,0.0751164592466006,1.9999549549549553,3.0,3.0,0.22329161618581894,-0.11216203712706269,1.0,0.0,ETH,仓位表现普通有效
2357066,1595,2026-08-30 07:17:52,30,0xaf6f7a06f7bfb3bdf7bcd2c751564f4990d1efc7,smart_money,P-A,89.88556901496915,1.15,8,6,2,0.6666666666666666,6.587487127560216,1.1177972206839613,6.094001239191531,291.21215277777776,8.0,20.0,13.498071785892531,-3.8739065154295598,0.375,0.25,"HYPE,LIT,VVV,ETHFI,BTC",仓位收益稳定，适合加权参考
2356751,1595,2026-08-30 07:17:52,30,0xaf9f722a676230cc44045efe26fe9a85801ca4fa,money_printer,P-B,64.34732738293094,1.0,893,858,35,0.5990675990675991,0.23556670651629952,1.932136312140591,0.27236715299087066,36.603154162000756,9.964165733482643,20.0,1.921314880204272,-1.8152288569391062,0.05711086226203808,0.7066069428891377,"ENA,TRUMP,ETH,HYPE,LIT",仓位表现普通有效
2357520,1595,2026-08-30 07:17:52,30,0xb01d0612743a3401b16bef157bd69a909e3cd1dd,smart_money,P-G,44.71142603874209,0.65,43,43,0,0.46511627906976744,-0.28857396125791335,,-0.28857396125791335,18.16551033591731,10.627906976744185,19.0,2.049786348232395,-2.2413324022228607,0.11627906976744186,0.8372093023255814,"HYPE,SOL,NEAR,VVV,FARTCOIN",高杠杆/短线赌徒型，长期单降权
2357750,1595,2026-08-30 07:17:52,30,0xb0a55f13d22f66e6d495ac98113841b2326e9540,money_printer,P-N,50.0,1.0,2,2,0,0.5,-0.348295876800345,,-0.348295876800345,1.0015277777777778,20.0,20.0,1.0659798311182627,-0.9551937825406139,0.0,1.0,"ETH,BTC",仓位样本不足，暂不影响权重
2357480,1595,2026-08-30 07:17:52,30,0xb0a9214592fb899aefab0b615f2b870276cee092,smart_money,P-G,44.96747337891551,0.65,305,304,1,0.47039473684210525,-0.03285883360247029,0.02363492347395048,-0.032526621084494195,2.3114207650273215,20.0,20.0,0.15167308014002687,-0.17016574564913342,0.0,1.0,BTC,高杠杆/短线赌徒型，长期单降权
2356752,1595,2026-08-30 07:17:52,30,0xb0e6a62003899991f79ff2c35b2c5d3659a91803,smart_money,P-N,50.0,1.0,1,0,1,,,8.559085958934515,8.559085958934515,1501.6758333333332,20.0,20.0,32.070310491654624,0.0,0.0,1.0,BTC,仓位样本不足，暂不影响权重
2356924,1595,2026-08-30 07:17:52,30,0xb0fbfefc6c325964d0ffc3f909bdda80b8421326,money_printer,P-C,51.285909491384174,0.75,36,31,5,0.45161290322580644,-5.830453367700099,-8.274724961408898,-6.163496867211139,358.8369444444443,9.027777777777779,25.0,6.904314134859144,-15.421142177482173,0.1388888888888889,0.5,"BTC,ZRO,UNI,XRP,VVV",仓位收益偏弱，降权参考
2357009,1595,2026-08-30 07:17:52,30,0xb14d1598dbfeaec11bae2a382b29adfcab9e8560,smart_money,P-G,62.730874212728025,0.65,10,7,3,0.2857142857142857,0.07235898195066848,58.93407641787521,17.73087421272803,165.67597222222224,28.4,40.0,21.522721391096233,-0.3445160594421498,0.0,0.8,"BTC,ETH,PUMP,SOL",高杠杆/短线赌徒型，长期单降权
2357136,1595,2026-08-30 07:17:52,30,0xb1505ad1a4c7755e0eb236aa2f4327bfc3474768,smart_money,P-N,50.0,1.0,2,1,1,0.0,-4.432697758743585,4.652811117961169,0.11005667960879162,750.8379166666666,20.0,20.0,13.194324219699382,-2.607502287282704,0.0,1.0,BTC,仓位样本不足，暂不影响权重
2357438,1595,2026-08-30 07:17:52,30,0xb19e03768f72cb1b47fcd68f7fb99460b1e789b9,smart_money,P-A,79.98263231513246,1.15,16,15,1,0.6,6.462454441657392,0.5946432837248444,6.095716244286608,21.18888888888889,5.0625,10.0,12.363189781062783,-2.237626619986857,0.125,0.0625,"ZEC,LIT,UNI,ENA,PUMP",仓位收益稳定，适合加权参考
2357419,1595,2026-08-30 07:17:52,30,0xb2139bc97c2dc43f8825d033d08ecb9e2c8be00f,smart_money,P-G,44.781532196684545,0.65,30,28,2,0.42857142857142855,-0.22202993128307874,-0.16859801176871841,-0.21846780331545465,40.368583333333326,16.0,40.0,2.8910018666460093,-1.5680081911014425,0.0,1.0,"HYPE,ETH,BTC,AAVE,ONDO",高杠杆/短线赌徒型，长期单降权
2357782,1595,2026-08-30 07:17:52,30,0xb245ed242d9f9a86e75cdb30892d9d922cd568ba,money_printer,P-N,50.0,1.0,2,2,0,0.5,-0.18284178304484783,,-0.18284178304484783,70.50125,30.0,30.0,1.0677164196544784,-1.2733739280768577,0.0,1.0,BTC,仓位样本不足，暂不影响权重
2356753,1595,2026-08-30 07:17:52,30,0xb27bbaadcdfeab937069b4d966ee6bf5a32c999b,smart_money,P-C,75.20909176105992,0.75,9,2,7,1.0,36.57665701618063,-53.82144307638673,-31.070581246438035,1145.5874074074075,7.888888888888889,10.0,19.551706620520264,-58.67886035778812,0.2222222222222222,0.6666666666666666,"HYPE,LIT,WLD,ZEC,ONDO",仓位收益偏弱，降权参考
2357406,1595,2026-08-30 07:17:52,30,0xb28bdcb4c7db9370b73f6dbd57671416a0a57dd6,smart_money,P-G,45.4099010018823,0.65,3,2,1,1.0,2.0830775225192406,-2.9364520393915896,0.40990100188229733,50.33925925925926,10.0,10.0,4.71424328748985,-1.822312460933382,0.0,1.0,HYPE,高杠杆/短线赌徒型，长期单降权
2357719,1595,2026-08-30 07:17:52,30,0xb294964ceb670a21d34693da52a39c9837dd651f,smart_money,P-N,50.0,1.0,1,1,0,0.0,-14.644304367402071,,-14.644304367402071,877.0016666666667,30.0,30.0,4.010970438202937,-14.644304367402071,0.0,1.0,BTC,仓位样本不足，暂不影响权重
2357111,1595,2026-08-30 07:17:52,30,0xb2a7131040bd752a98861dc8b2089a5ccf767836,smart_money,P-C,56.37914801455196,0.75,31,23,8,0.4782608695652174,1.548374630275153,1.0391777505060955,1.0097641355800715,176.78825268817207,14.0,40.0,5.090114900524297,-4.648625452033127,0.41935483870967744,0.45161290322580644,"GMT,BTC,ETH,PEOPLE,KAITO",仓位收益偏弱，降权参考
2356754,1595,2026-08-30 07:17:52,30,0xb2f42334fffc3947b4c79c7e3dc3d387d391f148,smart_money,P-N,50.0,1.0,1,0,1,,,-95.84273725266779,-95.84273725266779,1501.6758333333332,1.0,1.0,0.0,-96.01091219843548,1.0,0.0,FOGO,仓位样本不足，暂不影响权重
2356755,1595,2026-08-30 07:17:52,30,0xb2f7374b222a930d20e8d556f33228211d1baf9f,money_printer,P-C,91.38791564790355,0.75,11,3,8,1.0,15.035282902488104,-17.605737801489532,-1.6493692382029899,931.0534090909091,9.090909090909092,20.0,12.443541431725107,-23.066121449436118,0.0,0.6363636363636364,"HYPE,MON,ZEC,LIT,TRX",仓位收益偏弱，降权参考
2356756,1595,2026-08-30 07:17:52,30,0xb39766100347e1ffa1459492c85e8e3a2b25d3a0,smart_money,P-R,25.0,-0.8,8,0,8,,,0.05974164914946822,-1.019572268034961,1479.3219444444442,8.5,20.0,28.33832670443637,-43.14934037887986,0.125,0.25,"AVNT,BTC,ENA,LDO,PUMP",仓位真实收益偏反向，可作为反向参考
2357365,1595,2026-08-30 07:17:52,30,0xb3c51f05eb1e2f03867a858f33c38dc2183b6b26,smart_money,P-G,47.61358588566173,0.65,18,17,1,0.8235294117647058,2.731006017054066,0.7262074389281645,2.6135858856617245,17.22311728395062,11.38888888888889,20.0,5.460844157928129,-2.0715129276427184,0.0,1.0,"HYPE,kPEPE,SOL,BTC,AVAX",高杠杆/短线赌徒型，长期单降权
2356757,1595,2026-08-30 07:17:52,30,0xb3e475368ed0fa0ad23c04de0423d48a0758806f,money_printer,P-R,25.0,-0.8,5,0,5,,,-22.319264480731828,-16.87211211379696,1243.9442777777776,6.2,10.0,19.736480422149015,-44.14462655686605,0.4,0.4,"HYPE,LIT,MNT,PURR,AAVE",仓位真实收益偏反向，可作为反向参考
2356758,1595,2026-08-30 07:17:52,30,0xb3fe34bfb501665f4329915a7024ba5a6bec495f,smart_money,P-N,50.0,1.0,2,0,2,,,-34.751327105069045,-34.73950162811549,1501.6758333333332,7.5,10.0,2.6805695346170695,-45.13037121260157,0.0,0.5,"COMP,HYPE",仓位样本不足，暂不影响权重
2356759,1595,2026-08-30 07:17:52,30,0xb40da15b8cc492fff87d9b1e06bb45769d7e75d9,smart_money,P-A,100.0,1.15,12,4,8,1.0,14.268508767619767,1.0258622842587104,5.624721556187783,422.9503935185184,6.583333333333333,10.0,22.18923530867882,-13.316800063301729,0.3333333333333333,0.5,"PUMP,VVV,CASHCAT,ADA,HYPE",仓位收益稳定，适合加权参考
2356760,1595,2026-08-30 07:17:52,30,0xb42943e70cb3e27ce45c8c6008b623f292b5dd04,smart_money,P-N,50.0,1.0,1,0,1,,,-5.394896686590397,-5.394896686590397,1501.6758333333332,6.0,6.0,21.704166206508305,-8.73093260857268,0.0,0.0,BTC,仓位样本不足，暂不影响权重
2356986,1595,2026-08-30 07:17:52,30,0xb46bf797b3efd9ae28642bbcd6f7bb6f7b52538e,smart_money,P-N,50.0,1.0,2,0,2,,,-23.71291925895046,-23.71291925895046,537.8691666666666,15.0,20.0,3.576142056361131,-28.358839396153638,0.0,1.0,"BTC,ZEC",仓位样本不足，暂不影响权重
2357164,1595,2026-08-30 07:17:52,30,0xb48616b68d0a8c86482be79cdfdcddc023d06c3e,smart_money,P-N,50.0,1.0,1,0,1,,,-9.375745132021876,-9.375745132021878,201.01777777777778,10.0,10.0,0.10315076931920823,-18.605669814299823,0.0,1.0,ZEC,仓位样本不足，暂不影响权重
2357487,1595,2026-08-30 07:17:52,30,0xb4d6fe0f1504a55c65a986ef55b9148a6f0dae7a,smart_money,P-G,45.05441703155148,0.65,334,333,1,0.5465465465465466,0.054475322364510005,0.18896393501926279,0.0544170315514798,2.1377744510978043,20.0,20.0,0.3319589537210332,-0.23907566911015635,0.0,1.0,SOL,高杠杆/短线赌徒型，长期单降权
2357755,1595,2026-08-30 07:17:52,30,0xb506ddd40c5a39157c46f1b5b33f01d7964f8476,smart_money,P-N,50.0,1.0,1,1,0,1.0,81.36032159146545,,81.36032159146545,1250.6625,10.0,10.0,86.73821733192464,0.0,0.0,1.0,HYPE,仓位样本不足，暂不影响权重
2356974,1595,2026-08-30 07:17:52,30,0xb5101614ad71468a041a83e64d8b834aa17a1ed6,smart_money,P-G,52.55514629189571,0.65,4,2,2,0.5,-0.19316572849854596,18.226124232711847,7.55514629189571,334.26229166666667,15.0,20.0,17.96170426287579,-6.130286931058949,0.0,1.0,"XRP,HYPE,DOGE",高杠杆/短线赌徒型，长期单降权
2357633,1595,2026-08-30 07:17:52,30,0xb552648f037b4c60ba9c237bb503735aed0db94e,smart_money,P-N,50.0,1.0,2,2,0,1.0,5.272079090067569,,5.272079090067569,1.4991666666666668,5.0,5.0,5.539010866837949,-0.7450642853300324,0.0,0.0,"ZRO,WLFI",仓位样本不足，暂不影响权重
2357791,1595,2026-08-30 07:17:52,30,0xb56a8e43ac07b1b84d14657e0135e4fb196858a6,smart_money,P-A,95.15738411826462,1.15,7,7,0,0.7142857142857143,7.7103447162038785,,7.7103447162038785,982.7107936507936,6.142857142857143,10.0,21.46950270783463,-11.187470170546282,0.14285714285714285,0.2857142857142857,"BNB,EIGEN,TRX,USUAL,ZRO",仓位收益稳定，适合加权参考
2357847,1595,2026-08-30 07:17:52,30,0xb632c6580173a16154f17cdafc6eb27e95cf73b7,money_printer,P-N,50.0,1.0,1,1,0,1.0,1.3130628443971146,,1.3130628443971146,789.6669444444444,4.0,4.0,8.43740704076308,-6.038418955722032,0.0,0.0,BTC,仓位样本不足，暂不影响权重
2357744,1595,2026-08-30 07:17:52,30,0xb66d6ee35cb1d1c65423154dc6d5baf34da9c612,smart_money,P-N,50.0,1.0,1,1,0,0.0,-80.78526374953164,,-80.78526374953164,1257.6602777777778,10.0,10.0,0.0,-88.56816478621093,0.0,1.0,HYPE,仓位样本不足，暂不影响权重
2357144,1595,2026-08-30 07:17:52,30,0xb69eec8fea0081343c3b09e652ba1fa7dcf7033a,smart_money,P-G,46.74014638143688,0.65,10,4,6,0.25,-0.9197708299775783,3.5134245223798533,1.7401463814368807,140.90083333333334,17.0,25.0,7.005903841923539,-4.481381136216717,0.0,1.0,"ETH,BTC,BNB,SOL,ZEC",高杠杆/短线赌徒型，长期单降权
2356761,1595,2026-08-30 07:17:52,30,0xb70c6d3e997e6cdc94a5598f458c7cb7e915fd4d,smart_money,P-G,54.01144754662756,0.65,11,3,8,0.3333333333333333,7.831493050230005,4.1789651700087305,9.011447546627556,746.9451767676768,13.636363636363637,40.0,25.957497556383952,-9.253320773796782,0.0,0.7272727272727273,"AVAX,BNB,ETH,HYPE,SOL",高杠杆/短线赌徒型，长期单降权
2357806,1595,2026-08-30 07:17:52,30,0xb730e6f15b5d89254db2e84cf0a7fc3bcc2129cc,smart_money,P-R,25.0,-0.8,30,30,0,0.3333333333333333,-2.530079601644584,,-2.530079601644584,4.6333981481481485,3.0,3.0,1.3159689843946667,-3.6828009775217416,1.0,0.0,CASHCAT,仓位真实收益偏反向，可作为反向参考
2357647,1595,2026-08-30 07:17:52,30,0xb747ec449b7b722b5e47b852fe97bfd68913c809,smart_money,P-C,50.237253066414034,0.75,5,5,0,0.4,0.12377651152692255,,0.12377651152692255,8.606166666666667,4.6,6.0,1.0904293839519543,-2.7136751317507746,0.0,0.0,ZEC,仓位收益偏弱，降权参考
2357449,1595,2026-08-30 07:17:52,30,0xb756c89e73c8711a881c009e10f79b1566f80cdb,smart_money,P-G,45.027206870628504,0.65,171,170,1,0.5764705882352941,0.027025816558171076,-0.002172418464019753,0.027206870628507407,4.234012345679015,20.0,20.0,0.3209039560439695,-0.25634601555207703,0.0,1.0,BTC,高杠杆/短线赌徒型，长期单降权
2357001,1595,2026-08-30 07:17:52,30,0xb76bc3d01ac05fd8cb1078334923785f76fe0b3c,smart_money,P-C,62.30921239338842,0.75,16,13,3,0.38461538461538464,1.0316023075083425,6.1785969529588805,2.547467821876122,170.6289409722222,9.3125,20.0,10.818888186202958,-3.6772011498220634,0.5,0.4375,"LIT,BTC,HYPE,ETH,TAO",仓位收益偏弱，降权参考
2356762,1595,2026-08-30 07:17:52,30,0xb7789ab9f0d568e0aa5469e3cc8eff8682fc8673,smart_money,P-G,60.50894910854788,0.65,25,11,14,0.7272727272727273,28.70089081876413,5.7656215865874,15.50894910854788,846.8167222222222,10.48,20.0,33.874680672541444,-19.398980314100882,0.2,0.6,"BTC,ZEC,ETH,HYPE,INJ",高杠杆/短线赌徒型，长期单降权
2356763,1595,2026-08-30 07:17:52,30,0xb7ad15ad3457d8b4a3f9c5007bbf27c1f80092bd,smart_money,P-G,36.072062535128296,0.65,6,0,6,,,-8.927937464871706,-8.927937464871706,1501.675833333333,20.833333333333332,40.0,26.743354339116177,-38.28617817958692,0.0,1.0,"BTC,DOGE,ETH,HYPE,SOL",高杠杆/短线赌徒型，长期单降权
2357659,1595,2026-08-30 07:17:52,30,0xb7dbd6012313c5f7d5fada7eb1213de2030970c4,smart_money,P-N,50.0,1.0,1,1,0,1.0,6.916738465817955,,6.916738465817955,12.001111111111111,3.0,3.0,7.638633012125598,-1.2837538974349108,1.0,0.0,LIT,仓位样本不足，暂不影响权重
2356764,1595,2026-08-30 07:17:52,30,0xb7e09a94603f4fd3b67537b4c43584fe1498ae05,smart_money,P-A,76.84066880164363,1.15,49,48,1,0.7291666666666666,1.3773191628773642,-6.0357675111773474,1.2260316797333906,43.99366780045354,7.836734693877551,10.0,3.6151651359305124,-1.079321027401803,0.16326530612244897,0.6326530612244898,"PUMP,CASHCAT,FARTCOIN,LIT,ZEC",仓位收益稳定，适合加权参考
2357779,1595,2026-08-30 07:17:52,30,0xb7fb2b774eb5e2dad9c060fb367acbdc7fa7099b,smart_money,P-B,100.0,1.0,3,3,0,1.0,5.358593517159886,,5.358593517159886,308.5674074074074,5.0,5.0,8.951724023196794,-5.375747286153708,0.0,0.0,"ZEC,HYPE",仓位表现普通有效
2357644,1595,2026-08-30 07:17:52,30,0xb8243756956e722bff5c763971b562ac551bfbd2,smart_money,P-G,44.03165988544493,0.65,3,3,0,0.0,-0.9683401145550681,,-0.9683401145550681,453.55574074074076,40.0,40.0,8.618035745929314,-2.1802387509323027,0.0,1.0,BTC,高杠杆/短线赌徒型，长期单降权
2356765,1595,2026-08-30 07:17:52,30,0xb83de012dba672c76a7dbbbf3e459cb59d7d6e36,money_printer,P-C,88.80002317144721,0.75,14,1,13,1.0,4.63239369860793,-11.73308370689268,-7.687771449810439,1335.7493650793647,5.785714285714286,10.0,19.361076921789795,-26.463870787756996,0.14285714285714285,0.21428571428571427,"XRP,APE,AVAX,DOGE,FARTCOIN",仓位收益偏弱，降权参考
2357043,1595,2026-08-30 07:17:52,30,0xb8452370507965180c053b578403ba1347ded1ad,smart_money,P-G,46.36846207099262,0.65,23,18,5,0.3888888888888889,0.4029413479069726,4.559831520252738,1.3684620709926194,259.1675724637682,15.347826086956522,40.0,11.091948007951414,-4.640072972980325,0.043478260869565216,0.6521739130434783,"BTC,ZEC,ETH,LIT,PENGU",高杠杆/短线赌徒型，长期单降权
2357546,1595,2026-08-30 07:17:52,30,0xb854f7f40f0f3e1801fb6d8828b6f6dd97ebf33b,smart_money,P-G,45.3025378437584,0.65,11,11,0,0.7272727272727273,0.3025378437583978,,0.3025378437583978,1.367070707070707,20.0,20.0,0.7252079332999007,-0.07739073107512749,0.0,1.0,"SOL,ETH,BTC",高杠杆/短线赌徒型，长期单降权
2357361,1595,2026-08-30 07:17:52,30,0xb8eb97eaed8367079894d2f1bed69bd220ec1dd5,money_printer,P-G,45.04789686669721,0.65,84,83,1,0.5301204819277109,0.04689839215571111,-0.1816560021831319,0.047896866697209696,8.583498677248675,25.0,25.0,0.3730869562697003,-0.34545303623279516,0.0,1.0,ETH,高杠杆/短线赌徒型，长期单降权
2357543,1595,2026-08-30 07:17:52,30,0xb919448d2f1797e5d9e7b9e88cd909a5089e6d4e,smart_money,P-G,35.0,0.65,9,9,0,0.2222222222222222,-17.84547351475318,,-17.84547351475318,744.3660802469135,17.22222222222222,40.0,11.440558354533557,-22.63858377907687,0.0,0.7777777777777778,"BTC,PAXG,POL,OP,ARB",高杠杆/短线赌徒型，长期单降权
2357189,1595,2026-08-30 07:17:52,30,0xb947763b6e64b4441b02562a63fda94f6b805162,smart_money,P-G,35.0,0.65,10,7,3,0.14285714285714285,-15.090673572789353,0.2268981461222929,-10.273530557737327,146.79861111111111,10.5,20.0,5.555663236937847,-17.79537859167015,0.0,0.7,"MON,TRUMP,ENA,XRP",高杠杆/短线赌徒型，长期单降权
2356766,1595,2026-08-30 07:17:52,30,0xb962b4452188b4bfbaefe83c8168a3335750b2e1,smart_money,P-N,50.0,1.0,1,0,1,,,-88.52300548254422,-88.52300548254422,1501.6758333333332,1.0,1.0,0.0,-90.45763374813485,1.0,0.0,XPL,仓位样本不足，暂不影响权重
2357172,1595,2026-08-30 07:17:52,30,0xb98909dd9cf5a95fe7079ee5bb4698cdad72b05e,smart_money,P-G,41.31296048454004,0.65,3,2,1,0.5,-3.697785492612597,-3.6655475611546806,-3.687039515459959,68.67416666666666,10.0,10.0,1.8055925718977812,-7.0453266884226515,0.0,1.0,HYPE,高杠杆/短线赌徒型，长期单降权
2357582,1595,2026-08-30 07:17:52,30,0xb99b8711ec0117fc816fd7ac1f9d29e061ec631b,smart_money,P-C,91.45098040014257,0.75,7,7,0,0.42857142857142855,11.639366138612303,,11.639366138612303,142.8624603174603,3.0,3.0,18.681673501425628,-3.113429591925608,1.0,0.0,"HYPE,ENA,ETH,ZRO",仓位收益偏弱，降权参考
2356767,1595,2026-08-30 07:17:52,30,0xba0898f80da916730912bb2c2a18b8d76bc8985c,smart_money,P-N,50.0,1.0,1,0,1,,,-3.5066843897735303,-3.5066843897735303,1501.6758333333332,3.0,3.0,0.0,-28.316978917229964,1.0,0.0,BTC,仓位样本不足，暂不影响权重
2357496,1595,2026-08-30 07:17:52,30,0xba5f4f92f396e6de20d3dae5eefa65f4ecca806a,smart_money,P-B,73.87027096058134,1.0,167,166,1,0.6445783132530121,0.03379166875247058,-0.0020327682237560336,0.0335771511657866,4.4013040585495675,3.4910179640718564,25.0,0.2570034932699897,-0.20437243054322812,0.7604790419161677,0.0658682634730539,ETH,仓位表现普通有效
2356937,1595,2026-08-30 07:17:52,30,0xba6de73b64eca3ff95c4ab7e5328912c360bd003,smart_money,P-G,47.39801884175763,0.65,18,11,7,0.5454545454545454,1.7501182149690246,2.4319276401791106,2.398018841757633,317.2078086419753,14.61111111111111,40.0,6.732714781206431,-3.4541461200344674,0.05555555555555555,0.6111111111111112,"BCH,BTC,XMR,ETH,TAO",高杠杆/短线赌徒型，长期单降权
2357071,1595,2026-08-30 07:17:52,30,0xba939edf38c0ae0cc689c98b492e0535f43e4550,smart_money,P-B,76.02086134612838,1.0,20,13,7,0.6923076923076923,0.11940572048320433,2.2905354831856264,0.27451146397505627,154.803,9.55,20.0,6.526631603200281,-8.295197697934524,0.0,0.65,"NEAR,SOL,BTC,ETH,HYPE",仓位表现普通有效
2356768,1595,2026-08-30 07:17:52,30,0xbadbb1de95b5f333623ebece7026932fa5039ee6,money_printer,P-N,50.0,1.0,2,0,2,,,96.78446252191944,96.78446252191942,1501.6758333333332,12.5,20.0,103.4602745326105,-15.1227840258183,0.0,0.5,"ETH,HYPE",仓位样本不足，暂不影响权重
2357604,1595,2026-08-30 07:17:52,30,0xbb088e9852e18b1df8890d8d0f48bdcec0ab0964,smart_money,P-N,50.0,1.0,1,1,0,0.0,-29.612276243637254,,-29.612276243637254,1430.6722222222222,20.0,20.0,5.465596001228154,-34.49338957582399,0.0,1.0,SOL,仓位样本不足，暂不影响权重
2357488,1595,2026-08-30 07:17:52,30,0xbb160cb61e694570f9d570f9fcde7c61dd2143ad,smart_money,P-C,62.241748723947524,0.75,298,297,1,0.4612794612794613,-0.024000855675501774,-0.013291567139660091,-0.02390678280738482,1.989971103653988,3.8691275167785233,5.0,0.164700720005585,-0.1731673175301096,0.4865771812080537,0.0,BTC,仓位收益偏弱，降权参考
2356769,1595,2026-08-30 07:17:52,30,0xbb34960afec64f3f1cc78b0c9c342c4657021696,smart_money,P-B,70.8259634077853,1.0,9,5,4,0.6,3.1841547787488524,5.5498001885777315,3.9195469344738023,466.48462962962964,9.0,10.0,13.203297936376071,-7.450380543040335,0.0,0.7777777777777778,"PUMP,BTC,HYPE,ETH,LIT",仓位表现普通有效
2357574,1595,2026-08-30 07:17:52,30,0xbb475febf78b528f4f0d4ae1a12541406565199c,money_printer,P-G,44.87771932837183,0.65,43,43,0,0.3953488372093023,-0.12228067162817034,,-0.12228067162817034,16.442332041343665,13.0,13.0,0.3379125565331569,-0.3870764653861695,0.0,1.0,BTC,高杠杆/短线赌徒型，长期单降权
2357203,1595,2026-08-30 07:17:52,30,0xbb828515677729c4db2f790a52cf14b1c659e19f,smart_money,P-C,52.34570979988381,0.75,1975,1938,37,0.46697626418988647,-0.10651164934671985,0.03612202244247951,-0.10295991632437516,15.038080309423348,7.606075949367089,20.0,1.6739639056874196,-1.743635108930287,0.20455696202531645,0.5068354430379747,"CRV,UNI,XRP,PUMP,HEMI",仓位收益偏弱，降权参考
2356987,1595,2026-08-30 07:17:52,30,0xbb8d8e9428b4ad06b1f6de7cba830ae13a86bd13,smart_money,P-N,50.0,1.0,1,0,1,,,29.109385908277307,29.109385908277304,845.7230555555556,20.0,20.0,32.99896592811889,-4.7407753386268165,0.0,1.0,ETH,仓位样本不足，暂不影响权重
2357141,1595,2026-08-30 07:17:52,30,0xbb97757984fa4408c13bd3b4a9189f520bf317d3,money_printer,P-A,100.0,1.15,19,4,15,1.0,6.849089335055736,0.38277034889275796,1.626160343329721,159.48444444444448,6.473684210526316,20.0,9.391361255083652,-10.555522097274798,0.3157894736842105,0.3157894736842105,"GRAM,ZEC,FARTCOIN,VVV,BTC",仓位收益稳定，适合加权参考
2357104,1595,2026-08-30 07:17:52,30,0xbb9f0315243db63fc34c51f96ad5bb7ce6e275e2,smart_money,P-N,50.0,1.0,1,0,1,,,22.699228375287387,22.699228375287387,251.01333333333332,1.0,1.0,27.083894856375274,0.0,1.0,0.0,HYPE,仓位样本不足，暂不影响权重
2357427,1595,2026-08-30 07:17:52,30,0xbba0681681815bd70f9075e0235e7997b7b519d9,smart_money,P-R,25.0,-0.8,68,66,2,0.3333333333333333,-1.0651817250336326,0.7543868283402397,-1.0116650028755774,25.925964052287583,8.455882352941176,10.0,2.3543298671051525,-2.9139142740074058,0.0,0.6911764705882353,"ENA,kPEPE,NEAR,ETHFI,ONDO",仓位真实收益偏反向，可作为反向参考
2356770,1595,2026-08-30 07:17:52,30,0xbbe9e1588a359337c3235de3b808da991cfc2efe,smart_money,P-G,55.443420709386764,0.65,6,1,5,1.0,4.05618006039229,8.758477786785175,10.443420709386762,736.3933796296296,19.166666666666668,40.0,17.9533415329777,-12.301362729863472,0.0,0.8333333333333334,"ETH,ADA,HYPE,LIT,BTC",高杠杆/短线赌徒型，长期单降权
2356771,1595,2026-08-30 07:17:52,30,0xbbf7d7a9d0eaeab4115f022a6863450296112422,smart_money,P-G,46.5915960075648,0.65,23,4,19,0.75,2.7750358868673395,-5.684004282962129,1.5915960075647997,1210.5732246376813,12.608695652173912,40.0,10.809503551389499,-9.533812449111362,0.0,0.9565217391304348,"kSHIB,AAVE,ADA,AVAX,BCH",高杠杆/短线赌徒型，长期单降权
2357536,1595,2026-08-30 07:17:52,30,0xbc1bc64be47052fbab69d12fe5da1c3327788d1b,money_printer,P-N,50.0,1.0,2,2,0,1.0,5.848189577012521,,5.848189577012521,204.01166666666666,4.0,5.0,10.503440588960178,-0.45012947163341593,0.5,0.0,"BTC,ETH",仓位样本不足，暂不影响权重
2356772,1595,2026-08-30 07:17:52,30,0xbc433ba7c34752448c5361e5ed3038628a1753b0,money_printer,P-C,70.39272980674481,0.75,14,3,11,0.6666666666666666,-0.8403154757526341,-4.840705611922561,-3.081894322637839,982.7500793650794,7.571428571428571,20.0,28.138987101377975,-23.959350547491443,0.5714285714285714,0.42857142857142855,"HYPE,BNB,BTC,ETH,SOL",仓位收益偏弱，降权参考
2356773,1595,2026-08-30 07:17:52,30,0xbc5bf88fd012612ba92c5bd96e183955801b7fdc,smart_money,P-G,51.91517478416759,0.65,4,2,2,0.0,-2.660705114823184,17.868927575477596,6.91517478416759,417.6690277777778,16.25,25.0,15.187435229507528,-4.179112866704411,0.0,1.0,"AAVE,SOL,SUI,ETH",高杠杆/短线赌徒型，长期单降权
2356774,1595,2026-08-30 07:17:52,30,0xbc6d435e62e54273bf756fe6262dd66dbd6b0c02,smart_money,P-B,70.60019784110594,1.0,13,8,5,0.5,7.693080343210333,-4.574109446328438,3.3457667744033945,1227.463034188034,8.538461538461538,20.0,24.533782250353173,-16.243885560690458,0.15384615384615385,0.46153846153846156,"LTC,NEAR,OP,GRASS,ZRO",仓位表现普通有效
2357715,1595,2026-08-30 07:17:52,30,0xbc80d11005f958934735d61f5b71f05060cb1d9c,smart_money,P-N,50.0,1.0,1,1,0,1.0,30.49232272079672,,30.49232272079672,1287.66,13.0,13.0,48.74657925547672,0.0,0.0,1.0,BTC,仓位样本不足，暂不影响权重
2357155,1595,2026-08-30 07:17:52,30,0xbc927e87d072dfac3693846a83fa6922cc6c5f2a,smart_money,P-C,0.43787921386329387,0.75,3,0,3,,,-11.375523579117775,-11.397884281389716,203.0162037037037,7.666666666666667,10.0,1.6880948522857924,-15.524888223993186,0.3333333333333333,0.6666666666666666,"HYPE,ZEC,BTC",仓位收益偏弱，降权参考
2356775,1595,2026-08-30 07:17:52,30,0xbcd420d13362532756c968f663f96ba95e240dd2,money_printer,P-G,42.81407275839,0.65,45,27,18,0.4074074074074074,-2.7731041249959425,-1.4805719394455852,-2.185927241610003,296.6274691358025,12.244444444444444,40.0,10.468680920127836,-9.297180504639092,0.15555555555555556,0.6,"BTC,LDO,AAVE,LIT,ETH",高杠杆/短线赌徒型，长期单降权
2356776,1595,2026-08-30 07:17:52,30,0xbcfbbf38789d63721e800f1f8595af816e52c417,smart_money,P-N,50.0,1.0,1,0,1,,,47.31471051640387,47.31471051640387,1501.6758333333332,5.0,5.0,52.579013168714084,-9.215093712367835,0.0,0.0,HYPE,仓位样本不足，暂不影响权重
2357173,1595,2026-08-30 07:17:52,30,0xbd1b3513bb0ce1529242cfb28926618809592362,smart_money,P-B,100.0,1.0,3,2,1,1.0,8.718848197849892,-3.6030210060153958,4.61155846322813,657.555,5.0,5.0,10.394512629886066,-4.005494731958038,0.0,0.0,"HYPE,BTC,ETH",仓位表现普通有效
2357354,1595,2026-08-30 07:17:52,30,0xbd1c84113c6deb5044be0c2221f9e9403811ff0e,smart_money,P-G,56.88902932062656,0.65,3,2,1,1.0,18.207630484401044,-0.7481730069224003,11.889029320626562,474.55898148148145,20.0,20.0,12.662062367036645,-1.2990148693037433,0.0,1.0,BTC,高杠杆/短线赌徒型，长期单降权
2357349,1595,2026-08-30 07:17:52,30,0xbd49d787655919f7ccf051d372a15e4363dd3d01,money_printer,P-C,72.18096932461684,0.75,11,9,2,0.4444444444444444,6.054686212401037,-4.070917873509343,4.555238408234473,938.2446464646465,4.909090909090909,10.0,15.906280784885917,-14.425887285152777,0.45454545454545453,0.2727272727272727,"HYPE,PUMP,LTC,ASTER,NEAR",仓位收益偏弱，降权参考
2357306,1595,2026-08-30 07:17:52,30,0xbd9c944dcfb31cd24c81ebf1c974d950f44e42b8,money_printer,P-G,45.31285492780685,0.65,62,58,4,0.4482758620689655,0.466616405522852,-1.9166864990751313,0.31285492780685314,27.48387992831541,10.241935483870968,40.0,3.5991948290501843,-3.5448372568486644,0.12903225806451613,0.6451612903225806,"HYPE,SOL,ZEC,PUMP,NEAR",高杠杆/短线赌徒型，长期单降权
2356777,1595,2026-08-30 07:17:52,30,0xbda495ebf6fc94d61f9a7f22b9877273378ed82b,smart_money,P-B,80.37855623997116,1.0,584,459,125,0.55119825708061,0.3858264488512804,0.17993029437368693,0.1713117249039591,199.62177796803653,4.559931506849315,12.0,6.104863205980728,-6.9355387005589835,0.4229452054794521,0.0273972602739726,"ACE,VVV,HYPE,ONDO,FARTCOIN",仓位表现普通有效
2356778,1595,2026-08-30 07:17:52,30,0xbe19541903f64af97bcf8436f4d15bf3a56b8bd1,money_printer,P-A,100.0,1.15,8,1,7,1.0,56.702405743482366,16.673045874865537,23.077050894751743,1262.8785763888889,5.625,10.0,41.42578868686189,-18.816789706906455,0.375,0.125,"CHIP,FARTCOIN,HYPE,MEGA,WLFI",仓位收益稳定，适合加权参考
2356921,1595,2026-08-30 07:17:52,30,0xbe494a5e3a719a78a45a47ab453b7b0199b9d101,money_printer,P-G,41.184564381821865,0.65,3,1,2,0.0,-2.232132399447173,-4.607087227543617,-3.815435618178134,921.2983333333332,16.666666666666668,20.0,13.341605158374458,-11.244501322086743,0.0,1.0,"BTC,HYPE",高杠杆/短线赌徒型，长期单降权
2357293,1595,2026-08-30 07:17:52,30,0xbe4e91ae63090eeb4165dfcfc35db3a4eb76e75e,money_printer,P-C,49.26736929295096,0.75,5,4,1,0.5,-1.942628673969942,-1.5353121801432912,-1.861165375204612,275.1362222222222,10.8,40.0,7.674570226143864,-6.835373211597539,0.6,0.2,"PEOPLE,GRASS,PENGU,BTC",仓位收益偏弱，降权参考
2357228,1595,2026-08-30 07:17:52,30,0xbeac67cc882dad6003b5a67a986249aeb17ac264,smart_money,P-G,47.74966818295127,0.65,11,10,1,0.3,2.9009602038673656,1.2367479737902574,2.749668182951265,70.72785353535352,14.363636363636363,40.0,7.491455737560688,-2.0539016865029067,0.09090909090909091,0.8181818181818182,"BTC,ETH,HYPE,SYRUP,AAVE",高杠杆/短线赌徒型，长期单降权
2356779,1595,2026-08-30 07:17:52,30,0xbec5dab4a914d9c9d28dfc4aa120be59ab7b010f,smart_money,P-G,35.0,0.65,13,8,5,0.125,-7.3886864269759345,-16.685008558343696,-10.317305511882711,489.4880128205128,11.923076923076923,20.0,6.291993014235238,-16.292872567501952,0.0,0.7692307692307693,"NEAR,TAO,SOL,BTC,HYPE",高杠杆/短线赌徒型，长期单降权
2357035,1595,2026-08-30 07:17:52,30,0xbeccae9ffcb69e9d42a1d4e744abf8056149562d,smart_money,P-G,45.17480985475752,0.65,1664,1620,44,0.5728395061728395,0.17027380975881495,-0.06012991966650194,0.1748098547575208,21.809041633279907,13.151442307692308,40.0,1.4915632740811031,-1.2839440046709794,0.1219951923076923,0.6502403846153846,"ETH,BTC,ENA,SOL,VVV",高杠杆/短线赌徒型，长期单降权
2356780,1595,2026-08-30 07:17:52,30,0xbed01252c3542b02be6162c00ce636720d3c05bd,smart_money,P-N,50.0,1.0,1,0,1,,,-80.74003795066413,-80.74003795066413,1501.6758333333332,5.0,5.0,0.0,-88.13514653173098,0.0,0.0,kPEPE,仓位样本不足，暂不影响权重
2356781,1595,2026-08-30 07:17:52,30,0xbf1935fe7ab6d0aa3ee8d3da47c2f80e215b2a1c,smart_money,P-G,45.05340344325521,0.65,494,490,4,0.5061224489795918,-0.04860140827766606,12.54899775603327,0.05340344325521595,10.010818713450295,19.979757085020243,20.0,0.3906860469367614,-0.3020998073601331,0.0,1.0,"ETH,BTC,HYPE,SOL",高杠杆/短线赌徒型，长期单降权
2357339,1595,2026-08-30 07:17:52,30,0xbf52c3c8fd04185fc819fd0c5165ae31773f931c,smart_money,P-B,68.36112697260553,1.0,3,2,1,0.5,0.3172491125592948,1.7503734129947723,0.7949572127044539,500.5586111111111,3.6666666666666665,5.0,13.725314738506597,-1.039019836038067,0.6666666666666666,0.0,SOL,仓位表现普通有效
2356782,1595,2026-08-30 07:17:52,30,0xbf6dd537825deeec24eb456e133c91b8d014ecc0,smart_money,P-N,50.0,1.0,2,1,1,1.0,32.87128837981818,-13.89957456222701,9.485856908795586,944.8376388888888,25.0,40.0,25.56162320455737,-11.471916614062405,0.0,1.0,"BTC,HYPE",仓位样本不足，暂不影响权重
2357317,1595,2026-08-30 07:17:52,30,0xbf732ea04197942783e34730ed6e0f6099575d58,money_printer,P-G,47.43574409070135,0.65,24,23,1,0.5217391304347826,2.3251698046627083,4.97895266959002,2.4357440907013457,24.58434027777778,22.916666666666668,40.0,5.254935242055635,-1.1968617172927085,0.0,0.9583333333333334,"BTC,ZEC,ETH,NEAR,FARTCOIN",高杠杆/短线赌徒型，长期单降权
2356783,1595,2026-08-30 07:17:52,30,0xbfa317b7468a97e4e6a7a3c138b86ca0b7395477,smart_money,P-B,80.51019878655046,1.0,782,669,113,0.5530642750373692,0.4281736698230199,1.304299226224848,0.46050961351462744,143.76740977550432,4.937340153452685,12.0,4.8038067797994675,-4.91730929434826,0.37851662404092073,0.056265984654731455,"HYPE,MET,ETH,SUI,XRP",仓位表现普通有效
2356784,1595,2026-08-30 07:17:52,30,0xbfc79c444c41a74516bf31237ebf586a231480b4,money_printer,P-B,85.35332625196632,1.0,39,7,32,0.7142857142857143,-1.0806294521008843,1.7007305659203613,1.0356374849575154,351.57373219373227,8.333333333333334,40.0,13.166636814441759,-14.553663004470037,0.23076923076923078,0.4358974358974359,"BOME,NEAR,STBL,UNI,BTC",仓位表现普通有效
2357497,1595,2026-08-30 07:17:52,30,0xc029043cd00b80363130fa058818459a521842a1,smart_money,P-B,73.75459398264327,1.0,326,325,1,0.5107692307692308,-0.0002818763953680756,0.03109930644945239,0.00037391439855891074,2.2055666325835013,2.8190184049079754,3.0,0.4057948963531413,-0.36214489413186024,1.0,0.0,HYPE,仓位表现普通有效
2356785,1595,2026-08-30 07:17:52,30,0xc06103cbd0ba469640d4139621977f65ca8e7041,smart_money,P-G,44.70510911621294,0.65,18,12,6,0.4166666666666667,0.31564355760944596,-1.3581953334649393,-0.29489088378706096,335.5304783950618,22.11111111111111,40.0,4.5799114842875985,-6.08183878083695,0.05555555555555555,0.6111111111111112,"BTC,XRP,ETH,GRAM,ASTER",高杠杆/短线赌徒型，长期单降权
2357165,1595,2026-08-30 07:17:52,30,0xc0b2a1ce425d0cd8bc321c445fa6ae0eaed2e688,smart_money,P-B,91.62291054599288,1.0,52,50,2,0.86,5.877322988816736,2.2757821983204147,5.711455272996438,127.25743055555554,10.538461538461538,20.0,9.431514877004668,-2.7199642757437537,0.19230769230769232,0.5,"ETH,BTC,ZEC,MNT,PUMP",仓位表现普通有效
2357199,1595,2026-08-30 07:17:52,30,0xc0de1b88583d7d98abcf8f1efcd4ee2d8d031691,smart_money,P-N,50.0,1.0,2,1,1,1.0,2.0261721045340013,3.6397748592870642,2.2622671692239242,90.9998611111111,17.5,25.0,10.906636720092763,-4.551058697400159,0.0,1.0,"FARTCOIN,ETH",仓位样本不足，暂不影响权重
2356786,1595,2026-08-30 07:17:52,30,0xc0f06a313e20b7ad93a65dcdf0f208998d1a4596,smart_money,P-A,100.0,1.15,5,1,4,1.0,7.515114847612912,8.537814500215013,6.797283592342066,911.6066666666666,3.0,3.0,32.640722517061214,-18.009685533989256,1.0,0.0,"CASHCAT,2Z,MET,PURR",仓位收益稳定，适合加权参考
2356787,1595,2026-08-30 07:17:52,30,0xc16b8ddcef47a74c9b76cd28e6834270090d72dd,smart_money,P-N,50.0,1.0,2,0,2,,,47.76797330567726,47.76797330567726,1501.6758333333332,3.0,3.0,54.83829456438804,-7.330828311160801,1.0,0.0,"CAKE,MOVE",仓位样本不足，暂不影响权重
2356788,1595,2026-08-30 07:17:52,30,0xc1e42f862d202b4a0ed552c1145735ee088f6ccf,smart_money,P-B,100.0,1.0,33,9,24,1.0,1.720858523594226,2.2990029197105653,1.5402008329707857,998.9416329966334,8.333333333333334,20.0,8.269194320748904,-8.40049828089771,0.0,0.42424242424242425,"GRAM,HYPE,ADA,ALGO,AVAX",仓位表现普通有效
2356963,1595,2026-08-30 07:17:52,30,0xc1fd39727cd10fe97ccac228888f025309560a93,smart_money,P-B,69.48272614784865,1.0,2041,1945,96,0.526478149100257,0.3108872691838671,0.28989758983459674,0.3087483845677075,39.410667701018056,5.616854483096521,40.0,2.7501562106354003,-2.526411968090173,0.3787359137677609,0.19941205291523764,"2Z,GAS,ZETA,AVNT,INJ",仓位表现普通有效
2356789,1595,2026-08-30 07:17:52,30,0xc28e23e7d7d6cc0c9c6f08146c71e7d168cae45a,smart_money,P-G,35.0,0.65,5,1,4,1.0,13.7438581990173,-32.28274611028134,-19.719007022331645,1282.7404444444444,16.0,20.0,8.593474088659201,-32.06201064470176,0.0,1.0,"BNB,BTC,ETH,SOL,HYPE",高杠杆/短线赌徒型，长期单降权
2356790,1595,2026-08-30 07:17:52,30,0xc30b67a08e962b40f1fa0a4c1052c118ac0a61c6,smart_money,P-C,0.43787921386329387,0.75,3,0,3,,,-11.066698385262884,-11.066698385262884,830.570925925926,8.333333333333334,10.0,8.440479573012745,-21.786405693276837,0.0,0.6666666666666666,"LINK,GRAM,PAXG",仓位收益偏弱，降权参考
2357314,1595,2026-08-30 07:17:52,30,0xc30c7ea910a71ce06ae840868b0c7e47616ba4c9,money_printer,P-C,64.17892856701867,0.75,60,59,1,0.4576271186440678,-0.663411763723323,3.5134379078122135,-0.5941515356996966,31.098092592592593,7.2,20.0,1.0931320228433985,-1.436113234584163,0.0,0.13333333333333333,"ETH,ZEC,BTC,XRP,SOL",仓位收益偏弱，降权参考
2356791,1595,2026-08-30 07:17:52,30,0xc38de07f12cdb9122c676ef83aeb2511682cd79f,smart_money,P-N,50.0,1.0,2,0,2,,,6.721462836496947,6.721462836496947,814.8399999999999,10.5,20.0,31.720893764188723,-6.976026103066555,0.5,0.5,"ETH,CASHCAT",仓位样本不足，暂不影响权重
2357742,1595,2026-08-30 07:17:52,30,0xc3b1951ceffdcaf25640cb37ce1d6cf125579a03,smart_money,P-B,70.7285637795904,1.0,3,3,0,0.6666666666666666,2.1453422828635627,,2.1453422828635627,6.667685185185185,3.6666666666666665,5.0,2.15776526040282,-1.1577880578131905,0.6666666666666666,0.0,"HYPE,SOL,ETH",仓位表现普通有效
2356792,1595,2026-08-30 07:17:52,30,0xc3d101ae37bba62baf199c6d5e5d8f0eecfd200e,smart_money,P-G,43.78024784749688,0.65,49,47,2,0.5319148936170213,-0.05221253389102954,-34.92585414354897,-1.2197521525031205,62.90690476190475,11.020408163265307,40.0,1.309631060035021,-2.6951408700089896,0.0,0.9183673469387755,"HYPE,ZEC,LIT,BTC,AAVE",高杠杆/短线赌徒型，长期单降权
2356793,1595,2026-08-30 07:17:52,30,0xc4241dc9bfeb5126c0766df35a87ed3fbd630c78,smart_money,P-C,55.94202898550725,0.75,69,0,69,,,9.473970584301297,9.473970584301295,1501.6758333333316,5.695652173913044,20.0,41.05225743953651,-35.47871105460865,0.37681159420289856,0.2028985507246377,"2Z,APT,ARB,ASTER,AVAX",仓位收益偏弱，降权参考
2356794,1595,2026-08-30 07:17:52,30,0xc44ffe108058eceec48e6a13e2df17a90ec62142,smart_money,P-N,50.0,1.0,1,0,1,,,-28.866816611030522,-28.866816611030526,1501.6758333333332,10.0,10.0,21.423534523847117,-33.471882338018325,0.0,1.0,HYPE,仓位样本不足，暂不影响权重
2356795,1595,2026-08-30 07:17:52,30,0xc4643e390f49d1616b5108bf0eac309f7c0eb868,smart_money,P-C,45.49199223992551,0.75,14,10,4,0.4,-0.9571310704380125,-6.611776280016331,-2.627501201285579,496.9524404761905,8.785714285714286,10.0,6.669457149160345,-10.715770222873795,0.07142857142857142,0.7857142857142857,"ZEC,LIT,TRUMP,HYPE,LINK",仓位收益偏弱，降权参考
2356995,1595,2026-08-30 07:17:52,30,0xc46e57114835d392ce1aef7b3c884d953bffc761,smart_money,P-N,50.0,1.0,1,0,1,,,47.071285195509525,16.594120035430915,784.0183333333333,10.0,10.0,52.32688902502104,-5.4158054443906885,0.0,1.0,HYPE,仓位样本不足，暂不影响权重
2356935,1595,2026-08-30 07:17:52,30,0xc49ec554731a81f4bf4f3504cfb1dd3c484ccf74,money_printer,P-R,25.0,-0.8,9,2,7,0.0,-13.000535046087204,-17.583035457154153,-15.853410325724573,724.1371913580247,6.111111111111111,10.0,23.374767795281855,-25.297737656497002,0.0,0.2222222222222222,"KAITO,ZEC,GRAM,LIT,XMR",仓位真实收益偏反向，可作为反向参考
2357757,1595,2026-08-30 07:17:52,30,0xc4b2879001501f32bc319546a2da38ea7f5b9736,smart_money,P-N,50.0,1.0,2,2,0,0.5,5.695810392586781,,5.695810392586781,348.9929166666667,10.0,10.0,13.641136103403873,-4.41396408921603,0.0,1.0,"UNI,AAVE",仓位样本不足，暂不影响权重
2357643,1595,2026-08-30 07:17:52,30,0xc5ba14d33b352090f699c82d0a1d0e8fe5a0679b,smart_money,P-R,25.0,-0.8,16,16,0,0.3125,-1.6379589382220474,,-1.6379589382220474,37.31385416666667,9.6875,10.0,0.6676673505978359,-1.9551970001021544,0.0,0.9375,"BTC,ETH,ADA",仓位真实收益偏反向，可作为反向参考
2357428,1595,2026-08-30 07:17:52,30,0xc5ed4501500fcbfb2b88fb7f0aa52f834ed44346,smart_money,P-G,44.99168216556813,0.65,37,36,1,0.5555555555555556,-0.03526152405165284,0.9616549918801764,-0.008317834431873693,3.054301801801801,9.054054054054054,10.0,0.9344700290532064,-0.9096345734673911,0.13513513513513514,0.8648648648648649,"HYPE,PURR",高杠杆/短线赌徒型，长期单降权
2356796,1595,2026-08-30 07:17:52,30,0xc5f033a47dde827133850ced50009c3802c989ba,smart_money,P-N,50.0,1.0,1,0,1,,,-10.7045549070147,-6.016679323057945,1501.6758333333332,20.0,20.0,15.128771499022593,-14.20865599262115,0.0,1.0,BTC,仓位样本不足，暂不影响权重
2356988,1595,2026-08-30 07:17:52,30,0xc613bd93c62e62bf3e583c36ae8c4118f1fb2456,money_printer,P-N,50.0,1.0,1,0,1,,,-19.098748371543724,1.606408505632127,845.7230555555556,40.0,40.0,3.363151357279528,-22.868548573654937,0.0,1.0,BTC,仓位样本不足，暂不影响权重
2356797,1595,2026-08-30 07:17:52,30,0xc646851ce5d79117d5086a5aaf5c81922f94efd9,smart_money,P-N,50.0,1.0,2,0,2,,,27.85739414565734,15.521393127078124,1472.1359722222223,4.0,5.0,31.786620777044174,-13.208976448360342,0.5,0.0,"BTC,ETH",仓位样本不足，暂不影响权重
2357197,1595,2026-08-30 07:17:52,30,0xc6758a779bccee1ef0190dbe8292fdf44076795d,money_printer,P-G,47.531773726212805,0.65,22,18,4,0.6666666666666666,1.381799042109383,7.328616323212597,2.5317737262128026,70.22887626262626,15.681818181818182,40.0,5.522166992755225,-1.9362056801694487,0.0,0.7272727272727273,"BTC,HYPE,SOL,ETH,ZEC",高杠杆/短线赌徒型，长期单降权
2357691,1595,2026-08-30 07:17:52,30,0xc6877a65349b0fa45cc61a267ee682c7abf2b369,smart_money,P-N,50.0,1.0,1,1,0,0.0,-10.343649319110932,,-10.343649319110932,1307.6602777777778,5.0,5.0,4.182312935327091,-53.394711498980975,0.0,0.0,HYPE,仓位样本不足，暂不影响权重
2356923,1595,2026-08-30 07:17:52,30,0xc69ae428f6049e78d445f053d2c1df879c59b34c,smart_money,P-A,94.98051846566864,1.15,19,6,13,0.6666666666666666,8.696109203660189,13.921705863617184,9.838145310828317,416.39043859649115,7.684210526315789,20.0,30.57851644881708,-5.599944448349517,0.10526315789473684,0.47368421052631576,"FARTCOIN,PURR,kPEPE,HYPE,LTC",仓位收益稳定，适合加权参考
2356798,1595,2026-08-30 07:17:52,30,0xc6aa7b1f1dbe24ca2f12c193b60eb05230270e75,smart_money,P-C,69.51844612443351,0.75,182,145,37,0.6344827586206897,-0.4147572885287284,-5.821314952838553,-1.2498712917051906,123.85190323565315,9.741758241758241,20.0,3.8784010649724685,-7.275905197392803,0.08791208791208792,0.7197802197802198,"TRUMP,ADA,TRX,ENA,LTC",仓位收益偏弱，降权参考
2357774,1595,2026-08-30 07:17:52,30,0xc6ac58a7a63339898aeda32499a8238a46d88e84,money_printer,P-N,50.0,1.0,1,1,0,1.0,0.11990706725574357,,0.11990706725574357,542.0033333333333,5.0,5.0,0.3585965527369083,-3.933182944213022,0.0,0.0,BTC,仓位样本不足，暂不影响权重
2357538,1595,2026-08-30 07:17:52,30,0xc6cd4f327ebda9a78cc52414aa5101c211b5e4d9,smart_money,P-G,47.214703229369675,0.65,8,8,0,1.0,2.2147032293696753,,2.2147032293696753,84.42951388888889,24.375,40.0,2.5319474526428687,-2.15941712975987,0.0,0.875,"BTC,ZEC,ENA",高杠杆/短线赌徒型，长期单降权
2356799,1595,2026-08-30 07:17:52,30,0xc6d7fdfbcb55d6cad6570c5838de394d2aa24015,money_printer,P-N,50.0,1.0,1,0,1,,,-6.941191261639718,-6.941191261639718,1501.6758333333332,20.0,20.0,20.555453822417668,-10.326171624107296,0.0,1.0,BTC,仓位样本不足，暂不影响权重
2356800,1595,2026-08-30 07:17:52,30,0xc6e7a7632505525268290eca08ee02a3100441c1,smart_money,P-N,50.0,1.0,2,0,2,,,-26.570283804868197,-26.570283804868197,1501.6758333333332,7.5,10.0,20.55252326299471,-29.003482797537945,0.0,0.5,"HYPE,XMR",仓位样本不足，暂不影响权重
2356801,1595,2026-08-30 07:17:52,30,0xc7290b4b308431a985fa9e3e8a335c2f7650517c,money_printer,P-N,50.0,1.0,1,0,1,,,-207.27508787718958,-207.27508787718958,1501.6758333333332,10.0,10.0,0.0,-218.25558707126444,0.0,1.0,HYPE,仓位样本不足，暂不影响权重
2356802,1595,2026-08-30 07:17:52,30,0xc74a955d699b771a8c3be0a425567e31bde1ab93,smart_money,P-N,50.0,1.0,1,0,1,,,64.301292148601,64.301292148601,1501.6758333333332,5.0,5.0,70.40531658967686,0.0,0.0,0.0,SOL,仓位样本不足，暂不影响权重
2357625,1595,2026-08-30 07:17:52,30,0xc7abcfeaf42bd7afae393863f5e7fc470a662bf8,smart_money,P-G,44.21416898656741,0.65,3,3,0,0.0,-0.7858310134325938,,-0.7858310134325938,120.33277777777778,15.0,20.0,1.2657014191797256,-1.0971390565634451,0.0,1.0,"ZEC,BTC,ETH",高杠杆/短线赌徒型，长期单降权
2357067,1595,2026-08-30 07:17:52,30,0xc7f94fb3b3ba614b9b2bf80697ab5a31917005a2,money_printer,P-R,25.0,-0.8,9,6,3,0.3333333333333333,-4.475100834404272,-32.68106858330542,-13.877090084037988,226.89379629629627,6.777777777777778,20.0,5.020947640804541,-25.136556714104913,0.2222222222222222,0.2222222222222222,"XMR,CASHCAT,ZRO,ZEC,HYPE",仓位真实收益偏反向，可作为反向参考
2356803,1595,2026-08-30 07:17:52,30,0xc81627434af14d5b35d808f40227d18d41c35c64,smart_money,P-G,44.95352349039634,0.65,23,17,6,0.6470588235294118,0.7244553251868086,-2.44936698743077,-0.04647650960365851,305.08868357487927,12.130434782608695,40.0,5.65745599384983,-7.203858127006141,0.13043478260869565,0.6521739130434783,"kPEPE,DOGE,BTC,FET,PEOPLE",高杠杆/短线赌徒型，长期单降权
2357614,1595,2026-08-30 07:17:52,30,0xc846e513f1fb448e744d5c8e911e87bccc0dfb20,smart_money,P-N,50.0,1.0,1,1,0,0.0,-8.61717569303261,,-8.61717569303261,27.99972222222222,10.0,10.0,1.2884954221660112,-9.00433461966684,0.0,1.0,XPL,仓位样本不足，暂不影响权重
2357021,1595,2026-08-30 07:17:52,30,0xc84b3f4b3fa29d38e60b318e5d8a84802ef7cbeb,smart_money,P-G,41.355004955254806,0.65,6,4,2,0.75,3.9535863948291707,-20.681866068696166,-3.6449950447451935,548.0118055555555,12.5,20.0,10.315890644450647,-10.868286183632941,0.0,0.8333333333333334,"BTC,HYPE,XMR,ONDO",高杠杆/短线赌徒型，长期单降权
2357529,1595,2026-08-30 07:17:52,30,0xc9186f29695cfe18b79e6a8ebf1be13905cac077,smart_money,P-N,50.0,1.0,1,1,0,1.0,0.45909725730247486,,0.45909725730247486,1.0013888888888889,10.0,10.0,0.8647074555017453,0.0,0.0,1.0,TRX,仓位样本不足，暂不影响权重
2356928,1595,2026-08-30 07:17:52,30,0xc9257e15609fd24a2334b991756652fbd52f48b5,smart_money,P-N,50.0,1.0,1,0,1,,,22.541304322244333,22.541304322244333,1418.3383333333334,3.0,3.0,26.920327374998525,-24.48207792513444,1.0,0.0,HYPE,仓位样本不足，暂不影响权重
2357572,1595,2026-08-30 07:17:52,30,0xc926ddba8b7617dbc65712f20cf8e1b58b8598d3,money_printer,P-C,52.3842139510689,0.75,15,15,0,0.4666666666666667,-1.1883493197439572,,-1.1883493197439572,54.781629629629634,7.533333333333333,10.0,2.4312234846702223,-2.073595078041513,0.06666666666666667,0.5333333333333333,"PUMP,FARTCOIN,JUP,TAO,kPEPE",仓位收益偏弱，降权参考
2357558,1595,2026-08-30 07:17:52,30,0xc94285029b3a5efaad09fe55e36320e6fbf82bf6,smart_money,P-N,50.0,1.0,1,1,0,1.0,2.1605280255450667,,2.1605280255450667,2.0125,40.0,40.0,2.1605280255450667,-0.4156362848839918,0.0,1.0,BTC,仓位样本不足，暂不影响权重
2357366,1595,2026-08-30 07:17:52,30,0xca230e816bdb34a46960c2f978a30a563d1ae9e0,money_printer,P-B,92.97829478786798,1.0,40,38,2,0.8421052631578947,0.8261299158551916,-0.24412371689069223,0.7654631834076768,38.075493055555555,7.125,10.0,2.5109673192717867,-1.9071889283741297,0.0,0.175,"HYPE,ZEC,LIT,KAITO",仓位表现普通有效
2357131,1595,2026-08-30 07:17:52,30,0xca4903c207a0df58bf37d4bc8bbc5210726f53c8,money_printer,P-G,42.225876360617505,0.65,26,21,5,0.3333333333333333,-3.692588575893632,2.587683197705422,-2.7741236393824944,195.69622863247866,22.46153846153846,40.0,3.58049922732691,-9.019961447846352,0.23076923076923078,0.7692307692307693,"BTC,CASHCAT,ETH,DOGE,XRP",高杠杆/短线赌徒型，长期单降权
2356804,1595,2026-08-30 07:17:52,30,0xcac19662ec88d23fa1c81ac0e8570b0cf2ff26b3,money_printer,P-R,25.0,-0.8,39,8,31,0.375,-3.315801053544675,-5.23220533981152,-3.1437347209623168,1055.168532763533,9.974358974358974,20.0,16.5119501855785,-20.801800733071474,0.07692307692307693,0.6153846153846154,"BTC,PUMP,BNB,ETH,XRP",仓位真实收益偏反向，可作为反向参考
2356805,1595,2026-08-30 07:17:52,30,0xcac1f1c3e4599e044dc2a9d38a9b6ef1af1bdae8,money_printer,P-G,41.13311014946746,0.65,6,4,2,0.25,-0.2746232114667313,-10.774659377271027,-3.866889850532536,438.6148611111111,35.0,40.0,6.803585811315833,-7.74128824891823,0.0,1.0,"BTC,HYPE",高杠杆/短线赌徒型，长期单降权
2356806,1595,2026-08-30 07:17:52,30,0xcac43e06859c3379ac1cce01047531261e22f11e,smart_money,P-N,50.0,1.0,2,0,2,,,-45.907105259444826,-43.66900483003939,1234.3393055555555,5.0,5.0,13.578939777344024,-55.21828316680755,0.0,0.0,"HYPE,LIT",仓位样本不足，暂不影响权重
2357692,1595,2026-08-30 07:17:52,30,0xcb02837caaee310c178501855b63bf7f4f4b1f8b,money_printer,P-B,51.591915986009624,1.0,4,4,0,0.5,0.2856580363650001,,0.2856580363650001,2.0006944444444446,5.75,10.0,4.649691117618321,-1.7632552112746347,0.25,0.25,"LDO,ZEC,PUMP,CASHCAT",仓位表现普通有效
2357158,1595,2026-08-30 07:17:52,30,0xcb15941180ed7cff8b3547117eca6b78cbdeaf9c,smart_money,P-B,75.88611310159575,1.0,91,56,35,0.625,2.5821900657062917,-0.7225455996912223,1.3317928145341402,492.4743376068375,9.406593406593407,40.0,9.861696251818424,-9.873890592785918,0.0989010989010989,0.6263736263736264,"HYPE,XRP,CASHCAT,UNI,TRUMP",仓位表现普通有效
2356807,1595,2026-08-30 07:17:52,30,0xcb39c18f0e4d705d1db141171a65cb5a86c9fdb9,smart_money,P-C,51.98970004336019,0.75,5,1,4,0.0,-23.94799863154294,46.03926860613939,32.04181515860292,1455.2722777777776,3.4,5.0,56.03710772385081,-6.989746082259733,0.8,0.0,"BTC,MELANIA,WLFI,ZEN,PUMP",仓位收益偏弱，降权参考
2357393,1595,2026-08-30 07:17:52,30,0xcb3ee3f1b22cdff8b6ca4839cd0784d34b85dea9,smart_money,P-G,44.78858672895714,0.65,13,12,1,0.3333333333333333,-0.16040284740465724,-0.8235383547012639,-0.21141327104285768,54.131581196581195,30.0,30.0,1.2368325172150774,-0.8352896847990399,0.0,1.0,BTC,高杠杆/短线赌徒型，长期单降权
2357170,1595,2026-08-30 07:17:52,30,0xcb58b8f5ec6d47985f0728465c25a08ef9ad2c7b,money_printer,P-G,46.82247403282019,0.65,18,17,1,0.29411764705882354,2.2411767399108244,-5.295471987720653,1.822474032820187,36.33385802469135,12.11111111111111,20.0,5.3281451614013235,-2.2530510150970233,0.05555555555555555,0.6111111111111112,"BTC,ETH,ZEC,ZRO,AR",高杠杆/短线赌徒型，长期单降权
2357275,1595,2026-08-30 07:17:52,30,0xcb5c2f378860437fad512c3aec09efce1c470283,smart_money,P-G,49.732554064444734,0.65,7,6,1,0.5,4.344693561626486,7.059717081354233,4.732554064444736,379.09146825396823,11.428571428571429,25.0,9.94278017893829,-10.743198210968034,0.0,0.8571428571428571,"ZEC,BTC,ONDO,UNI,LIT",高杠杆/短线赌徒型，长期单降权
2356808,1595,2026-08-30 07:17:52,30,0xcb8436264dd4b0d9912b65dbe2893e71de7752cd,money_printer,P-G,44.15326239675979,0.65,237,199,38,0.4824120603015075,-0.17317536227722077,-3.3528313424281584,-0.8467376032402044,194.59683544303803,11.70464135021097,40.0,4.5095052583438004,-8.156978639488566,0.0759493670886076,0.6835443037974683,"FARTCOIN,ETH,XRP,BTC,LIT",高杠杆/短线赌徒型，长期单降权
2356809,1595,2026-08-30 07:17:52,30,0xcc221419e754b43b2b5a9482909d8892ef70c838,money_printer,P-N,50.0,1.0,1,0,1,,,29.136036569574014,29.513659832212557,1501.6758333333332,30.0,30.0,47.35652980242796,0.0,0.0,1.0,BTC,仓位样本不足，暂不影响权重
2357013,1595,2026-08-30 07:17:52,30,0xcc29196f3d3e1af2a4dd20f4f2765b090c9e892f,smart_money,P-G,53.580696623812415,0.65,3,1,2,0.0,-1.0840941011235954,13.707887126273135,8.580696623812418,265.33342592592595,16.666666666666668,20.0,12.784090694779737,-1.9461358191109437,0.0,1.0,"HYPE,ETH,BTC",高杠杆/短线赌徒型，长期单降权
2356810,1595,2026-08-30 07:17:52,30,0xccaeb98ce9ca54f76bf0029cf9f12c894e253dd6,smart_money,P-G,41.4664905922972,0.65,4,2,2,0.0,-4.582091530259168,-15.578821884203647,-3.5335094077028,698.8372916666667,17.5,20.0,6.20141243804913,-13.855579434976544,0.0,1.0,"BTC,HYPE",高杠杆/短线赌徒型，长期单降权
2356811,1595,2026-08-30 07:17:52,30,0xccf135ab352d561a15eb7be2a243cc4fcb7f0ab1,money_printer,P-G,35.0,0.65,3,1,2,0.0,-0.7555093735117113,-19.813497585741125,-13.472390751018258,515.2276851851851,30.0,40.0,5.183240619894611,-15.390109277852249,0.0,1.0,"BTC,HYPE",高杠杆/短线赌徒型，长期单降权
2356812,1595,2026-08-30 07:17:52,30,0xcd0673721a489b1cea0e2580fa304bcb6cca3186,money_printer,P-N,50.0,1.0,1,0,1,,,-13.265715392825344,-13.265715392825344,1501.6758333333332,3.0,3.0,30.19829912781014,-17.313274552858232,1.0,0.0,HYPE,仓位样本不足，暂不影响权重
2356813,1595,2026-08-30 07:17:52,30,0xcd1c932a413868c3c84e73e195bf34c1ba4ffec5,smart_money,P-C,61.16462890958181,0.75,24,17,7,0.5294117647058824,1.9901067853714656,-25.723370648909736,-2.5148201851396768,1173.505428240741,9.0,20.0,18.51154170859847,-22.882841298815165,0.08333333333333333,0.5833333333333334,"TRUMP,AAVE,HYPE,LINK,VVV",仓位收益偏弱，降权参考
2356814,1595,2026-08-30 07:17:52,30,0xcd2123d3f00325fa83b2743ed85844f8d4bb9826,smart_money,P-N,50.0,1.0,2,1,1,1.0,33.136934862356135,-13.346909866209355,9.89501249807339,1013.3438888888888,25.0,40.0,31.242866580661453,-11.145894660823206,0.0,1.0,"BTC,HYPE",仓位样本不足，暂不影响权重
2357524,1595,2026-08-30 07:17:52,30,0xcd87ea212314217b6aa64fdffb9954330db5de4f,smart_money,P-A,74.42962442291294,1.15,18,18,0,0.6111111111111112,2.0495607970510417,,2.0495607970510417,1.334675925925926,3.2222222222222223,5.0,3.4466955956553855,-1.1296694833169552,0.8888888888888888,0.0,"PURR,CASHCAT,LIT",仓位收益稳定，适合加权参考
2357116,1595,2026-08-30 07:17:52,30,0xcdf73290cb271fc6b5aa3723eae9a0086baaa50f,smart_money,P-G,48.60511451317787,0.65,9,7,2,0.42857142857142855,-0.9598614385981751,20.730359815163595,3.605114513177866,65.78552469135803,13.333333333333334,40.0,8.388683672326152,-2.8990881879522776,0.2222222222222222,0.7777777777777778,"HYPE,ZEC,BTC,FARTCOIN,PUMP",高杠杆/短线赌徒型，长期单降权
2357266,1595,2026-08-30 07:17:52,30,0xce397f90242c35486cf7f161e7a38e3321feb74f,smart_money,P-G,44.855114132596576,0.65,5,4,1,0.25,-0.1995316106918412,-0.050501176229927384,-0.1448858674034209,145.40311111111112,13.0,13.0,1.2781469703108133,-1.9333639982153792,0.0,1.0,BTC,高杠杆/短线赌徒型，长期单降权
2357135,1595,2026-08-30 07:17:52,30,0xce5667f7194c4d9320acd28f1ee8b3d2adbdb27e,smart_money,P-G,49.7296466068771,0.65,9,7,2,0.42857142857142855,6.417783870132397,-1.1788338145164405,4.7296466068771,480.4487654320987,14.11111111111111,40.0,16.857133571906562,-9.627941594767929,0.0,0.7777777777777778,"HYPE,PUMP,XPL,ZEC,ETH",高杠杆/短线赌徒型，长期单降权
2357058,1595,2026-08-30 07:17:52,30,0xcf218b31732a91c751fe484bc303525783a88a36,smart_money,P-C,19.425529203004878,0.75,15,9,6,0.0,-2.0363866239064063,6.102976660567937,1.6656416395573652,92.40455555555558,10.733333333333333,20.0,6.077653559659372,-3.990830279386662,0.13333333333333333,0.5333333333333333,"ETH,LINK,BTC,ETHFI,PENGU",仓位收益偏弱，降权参考
2357469,1595,2026-08-30 07:17:52,30,0xcf3f419d08a5bdc2c6e5fbd9ad70904c5420f95f,smart_money,P-B,75.1953517018955,1.0,119,118,1,0.6440677966101694,0.053814372624013805,0.27511250525365843,0.055302969591821856,6.100980392156858,5.0,5.0,0.35980415710679364,-0.20598493536817317,0.0,0.0,BTC,仓位表现普通有效
2356815,1595,2026-08-30 07:17:52,30,0xcf5343ba750a6e30afbb1dadda08bc78f8c8ee11,money_printer,P-C,15.020599913279625,0.75,4,0,4,,,-24.032374780392303,-24.032374780392303,1501.6758333333332,5.0,7.0,18.23471919013245,-28.215165939817577,0.25,0.0,"BTC,ETH,HYPE,SOL",仓位收益偏弱，降权参考
2357091,1595,2026-08-30 07:17:52,30,0xcf67e4da9e9cd38c0afd26338d0fbddb3036eb24,money_printer,P-C,26.75690713670093,0.75,5,0,5,,,2.383603546670374,2.383603546670374,188.01016666666666,7.6,10.0,11.248278915852213,-7.630463717270638,0.2,0.6,"HYPE,ZEC,NEAR,ZEN,VVV",仓位收益偏弱，降权参考
2356816,1595,2026-08-30 07:17:52,30,0xcf74dc50069e3ee0fddc10bd64e9a68d21126cfe,smart_money,P-G,65.0,0.65,6,0,6,,,55.83794017147252,55.67398706328844,1501.675833333333,13.333333333333334,20.0,73.03135737673966,-6.23856647610019,0.0,1.0,"ADA,AVAX,BTC,HYPE,XRP",高杠杆/短线赌徒型，长期单降权
2357112,1595,2026-08-30 07:17:52,30,0xcfb464585241eab3ecb392011648a8e829b951ed,smart_money,P-N,50.0,1.0,2,0,2,,,10.110747581187473,10.110747581187473,157.50861111111112,3.0,3.0,14.116846513611007,-0.7959280918057696,1.0,0.0,"HYPE,SOL",仓位样本不足，暂不影响权重
2357826,1595,2026-08-30 07:17:52,30,0xcfda9610dd28e9ff74240a1d4136e87a77e6da82,smart_money,P-N,50.0,1.0,1,1,0,1.0,1.50789473684211,,1.50789473684211,133.99972222222223,10.0,10.0,3.392105263157897,-1.4763157894736818,0.0,1.0,ETH,仓位样本不足，暂不影响权重
2356817,1595,2026-08-30 07:17:52,30,0xcfea17596c15e0f4fe3ba9cab1fcbe804bbbdbbf,smart_money,P-B,81.58295499345218,1.0,314,208,106,0.5817307692307693,-0.25682496549859296,0.8810504933198268,0.19523178384024306,356.7349999999999,5.187898089171974,12.0,7.85191501206873,-9.894960212061049,0.3089171974522293,0.07643312101910828,"ZEC,ETH,HYPE,VVV,KAITO",仓位表现普通有效
2357105,1595,2026-08-30 07:17:52,30,0xcfeefe744f867f45f3a324a73cadbda1fa309f91,smart_money,P-C,50.19553633249118,0.75,24,21,3,0.47619047619047616,0.6735452407115814,3.6710609481344973,1.1967119576875624,42.793865740740735,10.75,20.0,8.267436067735003,-3.393382266742298,0.25,0.4166666666666667,"XRP,LIT,CASHCAT,ZEC,MON",仓位收益偏弱，降权参考
2357256,1595,2026-08-30 07:17:52,30,0xd01e89789346826dd2a87b7dd8d730f56a907d1d,smart_money,P-C,57.13548528928593,0.75,12,11,1,0.36363636363636365,1.512377344352157,2.095441680390105,1.611230353798783,51.58506944444445,6.666666666666667,20.0,8.297673189248721,-7.158775953188929,0.4166666666666667,0.16666666666666666,"CASHCAT,ENA,BTC,SOL",仓位收益偏弱，降权参考
2357611,1595,2026-08-30 07:17:52,30,0xd05d2e015b9ed6f17f2111cf1ac7ae229155816e,smart_money,P-G,45.1275565619261,0.65,13,13,0,0.6923076923076923,0.12755656192610096,,0.12755656192610096,45.15803418803418,13.0,20.0,3.9346399739160898,-2.266749692427757,0.0,0.8461538461538461,"BTC,ETH,DOGE,PENGU,SOL",高杠杆/短线赌徒型，长期单降权
2357439,1595,2026-08-30 07:17:52,30,0xd071d6d6ea52f5aa34b79e47f908ee48c8215837,smart_money,P-G,44.998058566066874,0.65,1544,1541,3,0.5158987670343933,-0.0020404672352821846,0.06336702860855258,-0.0019414339331277723,3.2208703943580876,19.064119170984455,40.0,0.3035722145036003,-0.2876555592323983,0.0,1.0,"ETH,BTC,SOL,PUMP,BNB",高杠杆/短线赌徒型，长期单降权
2356818,1595,2026-08-30 07:17:52,30,0xd08a4557671ca465e7bba41110a93148c90f9931,smart_money,P-A,89.92162618626288,1.15,23,7,16,0.5714285714285714,3.2553245043681605,20.273093434979792,13.652314437193072,1281.471678743961,8.0,20.0,31.343829375132145,-13.171488852023359,0.21739130434782608,0.43478260869565216,"ADA,ARB,AVAX,BSV,ENS",仓位收益稳定，适合加权参考
2357237,1595,2026-08-30 07:17:52,30,0xd10e2b1b66001bd4086d61e43e836ab9c168fd9a,smart_money,P-R,25.0,-0.8,16,11,5,0.36363636363636365,-1.4517497890602675,-2.0451037290039125,-1.4392033505162365,90.92215277777777,3.5625,8.0,5.138030786900645,-5.932801928855065,0.625,0.0,"HYPE,VVV,PUMP,ZEC,LIT",仓位真实收益偏反向，可作为反向参考
2357263,1595,2026-08-30 07:17:52,30,0xd13552538def5cecc78a20aa2236573f0bee6443,smart_money,P-B,100.0,1.0,4,2,2,1.0,19.58564606413284,5.5340702043263,12.364562346467917,65.249375,2.25,3.0,16.04393049350475,-0.7403918651725605,1.0,0.0,"PUMP,SOL,ZEC",仓位表现普通有效
2357727,1595,2026-08-30 07:17:52,30,0xd1692402c26392ccc8588631d7d5ca9aed4348e5,money_printer,P-N,50.0,1.0,1,1,0,1.0,3.086883817034188,,3.086883817034188,1272.6594444444445,5.0,5.0,17.326300173081677,-15.169964485032978,0.0,0.0,PENDLE,仓位样本不足，暂不影响权重
2357240,1595,2026-08-30 07:17:52,30,0xd1dd6d99c5fb5d31ff52eacce5046c7158859e85,smart_money,P-N,50.0,1.0,2,0,2,,,0.5748871822784237,0.5748871822784237,90.50375,11.5,20.0,2.1643381457038173,-3.274691292912435,0.5,0.5,"BTC,HYPE",仓位样本不足，暂不影响权重
2356819,1595,2026-08-30 07:17:52,30,0xd210bd2ed3fafe7a4de5b079392823c81b0dc56a,smart_money,P-N,50.0,1.0,1,0,1,,,-5.179154889445316,-5.179154889445316,1501.6758333333332,6.0,6.0,21.8644366220846,-8.508361995158731,0.0,0.0,BTC,仓位样本不足，暂不影响权重
2356820,1595,2026-08-30 07:17:52,30,0xd21d931890d27b6e7e2e668f27931e17698e90f1,money_printer,P-B,100.0,1.0,3,1,2,1.0,13.548732963566268,22.86096086481652,18.028823809421766,606.2327777777778,4.333333333333333,5.0,31.35292404730747,-7.698414473440358,0.3333333333333333,0.0,"HYPE,PUMP,VVV",仓位表现普通有效
2356821,1595,2026-08-30 07:17:52,30,0xd220de2f1aa9fe8ddc2c2c8e055b3341800d3c0a,smart_money,P-N,50.0,1.0,2,0,2,,,-13.79828236699536,-13.79828236699536,1501.6758333333332,22.5,40.0,9.678605166676142,-26.911965825804522,0.0,0.5,"AXS,BTC",仓位样本不足，暂不影响权重
2357283,1595,2026-08-30 07:17:52,30,0xd28e005c992b168d0b20fca312958e105bb260ab,money_printer,P-G,46.943422652837214,0.65,22,21,1,0.7142857142857143,2.071169890190695,-0.7392693315858528,1.9434226528372163,109.81729797979797,10.5,20.0,5.161807458155678,-5.477026903263501,0.09090909090909091,0.5909090909090909,"BTC,ZEC,PUMP,CASHCAT,HYPE",高杠杆/短线赌徒型，长期单降权
2356822,1595,2026-08-30 07:17:52,30,0xd2a5474f4812a2c8ab798f3d908ab69c9b74873e,smart_money,P-N,50.0,1.0,1,0,1,,,-116.38255485050688,-116.38255485050688,1501.6758333333332,3.0,3.0,0.0,-124.1150022986953,1.0,0.0,HYPE,仓位样本不足，暂不影响权重
2357531,1595,2026-08-30 07:17:52,30,0xd2b2a8ab7a8c903501f4db4ee45c67522a4511ed,money_printer,P-B,70.04604373608338,1.0,3,3,0,0.6666666666666666,2.4707489277767114,,2.4707489277767114,208.65944444444446,8.333333333333334,10.0,3.371808061760957,-2.3192808776854172,0.0,0.6666666666666666,"ZEC,ETH,HYPE",仓位表现普通有效
2356823,1595,2026-08-30 07:17:52,30,0xd331ae7d527b38be52219b84ae6260f637ba76ff,smart_money,P-N,50.0,1.0,1,0,1,,,3.9256547927899366,3.9256547927899366,1501.6758333333332,10.0,10.0,11.45210593994631,0.0,0.0,1.0,TRX,仓位样本不足，暂不影响权重
2356824,1595,2026-08-30 07:17:52,30,0xd33c704c68518e527bdcb36f7966c80edcffbdf2,smart_money,P-G,45.106331332439154,0.65,309,278,31,0.5179856115107914,-0.05925431800507552,1.9391849730179154,0.10633133243915203,107.55607784969432,10.941747572815533,20.0,3.3534632827363935,-3.633645803877139,0.025889967637540454,0.6925566343042071,"ZEC,ETH,kPEPE,SOL,XRP",高杠杆/短线赌徒型，长期单降权
2357335,1595,2026-08-30 07:17:52,30,0xd3746a312ea0f8c41c0ae8ecb484c1216da4f0bc,smart_money,P-G,44.974121239085584,0.65,11,10,1,0.5,0.014847270696142445,-0.4331390770200079,-0.025878760914416755,23.971969696969698,10.454545454545455,15.0,1.274837074951691,-2.37723711025443,0.0,1.0,"HYPE,UNI,NEAR,ETH,ARB",高杠杆/短线赌徒型，长期单降权
2356825,1595,2026-08-30 07:17:52,30,0xd38c8304de77c46a488393e26554e865a373b13c,smart_money,P-N,50.0,1.0,1,0,1,,,12.998210057033585,12.998210057033585,1501.6758333333332,20.0,20.0,35.36805007393243,0.0,0.0,1.0,BTC,仓位样本不足，暂不影响权重
2357227,1595,2026-08-30 07:17:52,30,0xd40c748c68b59c753152676f4423474e5e36ac7a,smart_money,P-G,39.272746040161,0.65,5,4,1,0.0,-7.038516693558241,-0.4711863753955976,-5.727253959838998,288.6019444444445,16.0,40.0,1.2663583694294114,-7.280016094081679,0.0,1.0,"BTC,ETH",高杠杆/短线赌徒型，长期单降权
2356826,1595,2026-08-30 07:17:52,30,0xd42827002b76a8088ba2f7d4e4b45879eb1e363b,smart_money,P-N,50.0,1.0,1,0,1,,,0.035153653423326686,0.035153653423326686,1501.6758333333332,1.0,1.0,3.2015390908626067,-25.685815820422352,1.0,0.0,BTC,仓位样本不足，暂不影响权重
2356827,1595,2026-08-30 07:17:52,30,0xd440715f2ce6f7ed1924f282e0096c863e7049f7,smart_money,P-C,73.03089986991944,0.75,8,2,6,1.0,14.605467182884924,-45.382216686836436,-24.493739765119376,935.7951041666665,8.5,10.0,20.276836563094005,-51.9933088497379,0.125,0.75,"ZEC,FARTCOIN,HYPE,PUMP,PURR",仓位收益偏弱，降权参考
2357148,1595,2026-08-30 07:17:52,30,0xd46979f07f5d1e86ae2dcc5e6e0f3af5fe270471,smart_money,P-A,85.25617331631841,1.15,17,15,2,0.7333333333333333,2.058445287030317,-2.8103488836173343,1.4856459728364755,51.64517973856209,4.117647058823529,10.0,7.273175275827833,-5.777842480480977,0.5294117647058824,0.11764705882352941,"CASHCAT,ZEC,WLFI,ASTER,TAO",仓位收益稳定，适合加权参考
2356828,1595,2026-08-30 07:17:52,30,0xd47587702a91731dc1089b5db0932cf820151a91,money_printer,P-C,61.16378681995987,0.75,11,8,3,0.5,-1.5748493923431812,-13.64101123393405,-1.0796154703566434,1048.5456313131313,7.636363636363637,20.0,19.35468509973812,-24.425421145231443,0.2727272727272727,0.45454545454545453,"ENA,HYPE,UNI,ASTER,MON",仓位收益偏弱，降权参考
2357398,1595,2026-08-30 07:17:52,30,0xd47c1e51b759cb3754bb045ae57bc05aadcf58c2,smart_money,P-B,68.84492295482659,1.0,331,330,1,0.5666666666666667,0.011799635691964088,0.2419728795669264,0.012088869155482183,2.1752643504531712,3.719033232628399,20.0,0.16058586596947264,-0.1526628953330496,0.9577039274924471,0.04229607250755287,BTC,仓位表现普通有效
2357838,1595,2026-08-30 07:17:52,30,0xd487e26c62ed8c28ce3cc70b5791e501c2934982,money_printer,P-N,50.0,1.0,2,2,0,0.0,-1.8765363463069789,,-1.8765363463069789,15.000833333333333,7.5,10.0,1.193962569843203,-2.023409206056878,0.0,0.5,"LIT,ZEC",仓位样本不足，暂不影响权重
2356829,1595,2026-08-30 07:17:52,30,0xd4c1f7e8d876c4749228d515473d36f919583d1d,money_printer,P-G,44.351292603378084,0.65,126,109,17,0.5871559633027523,-0.5873970194193302,-0.7181439085701123,-0.648707396621913,149.5520149911816,11.079365079365079,20.0,3.6594003559079202,-4.860966393913796,0.007936507936507936,0.8888888888888888,"AVAX,ZEC,XRP,PUMP,LINK",高杠杆/短线赌徒型，长期单降权
2357122,1595,2026-08-30 07:17:52,30,0xd4eeed940e2c0b4b13910128fad5e0bc987e759e,smart_money,P-G,43.870938575786866,0.65,9,8,1,0.625,-0.6754187574332668,-3.1905682650061884,-1.1290614242131336,148.77552469135804,10.0,10.0,4.379752083327889,-7.328119791328969,0.0,1.0,"HYPE,TRUMP",高杠杆/短线赌徒型，长期单降权
2356830,1595,2026-08-30 07:17:52,30,0xd52cdf1414351d2c37cfe60a62dde69256044ce0,smart_money,P-R,25.0,-0.8,13,3,10,0.0,-17.04661862563302,-13.79338509684888,-13.025547544869882,1452.6156623931622,6.461538461538462,10.0,20.4536543200894,-29.243701435909216,0.23076923076923078,0.38461538461538464,"ASTER,HYPE,OP,STBL,SUI",仓位真实收益偏反向，可作为反向参考
2356831,1595,2026-08-30 07:17:52,30,0xd576d1feee6bc976d849ac0918f79d9db7c97906,smart_money,P-N,50.0,1.0,2,0,2,,,-36.9711107565716,-37.75843601286236,1501.6758333333332,3.5,5.0,6.3181726398705,-41.19386829956332,0.5,0.0,"BTC,ETH",仓位样本不足，暂不影响权重
2357246,1595,2026-08-30 07:17:52,30,0xd5ac4fa2cd568dd7573e081d405da541ff82cbec,smart_money,P-G,45.43450305048529,0.65,18,17,1,0.5882352941176471,0.6401542961667417,-2.8561304389697013,0.43450305048529153,20.6116512345679,15.5,40.0,2.3732709328620083,-3.595330174916081,0.2777777777777778,0.7222222222222222,"ETH,HYPE,CASHCAT,BTC",高杠杆/短线赌徒型，长期单降权
2356832,1595,2026-08-30 07:17:52,30,0xd62d484bda5391d75b414e68f9ddcedb207b7d91,money_printer,P-N,50.0,1.0,1,0,1,,,-4.1317090371986875,-4.1317090371986875,1501.6758333333332,40.0,40.0,22.642563921730392,-7.427761625005822,0.0,1.0,BTC,仓位样本不足，暂不影响权重
2357518,1595,2026-08-30 07:17:52,30,0xd638d4c9d4f434df60c671f758f6655c0771da4f,smart_money,P-G,46.08051623256736,0.65,11,11,0,0.7272727272727273,1.0805162325673596,,1.0805162325673596,16.637777777777778,10.0,10.0,2.54072769580054,-1.6618798011300486,0.0,1.0,"HYPE,ZEC",高杠杆/短线赌徒型，长期单降权
2357656,1595,2026-08-30 07:17:52,30,0xd65ac35cd234c8718b876ab304fa56c8995e387f,smart_money,P-N,50.0,1.0,2,2,0,0.5,16.828813861452428,,16.828813861452428,501.00666666666666,10.0,10.0,29.912819743897952,-12.12788824890669,0.0,1.0,ZEC,仓位样本不足，暂不影响权重
2357498,1595,2026-08-30 07:17:52,30,0xd6608f4027ee90db6dc45d0b4b8e2fb0a49c1f61,smart_money,P-G,44.97446660552376,0.65,646,644,2,0.4813664596273292,-0.02565367296714437,0.012954819507516428,-0.025533394476238334,1.9037710698314412,20.0,20.0,0.1507190093372698,-0.1753140703469659,0.0,1.0,"BTC,ETH",高杠杆/短线赌徒型，长期单降权
2357765,1595,2026-08-30 07:17:52,30,0xd670ced0fbe4e126f8f066d3d2579fe532f0b2ca,smart_money,P-N,50.0,1.0,1,1,0,1.0,15.065382419985319,,15.065382419985319,1246.6591666666666,40.0,40.0,28.01866689449292,0.0,0.0,1.0,BTC,仓位样本不足，暂不影响权重
2357589,1595,2026-08-30 07:17:52,30,0xd67ca2c6f8bc84acf4fa4472b82a8740dc0a53ff,money_printer,P-R,25.0,-0.8,14,14,0,0.2857142857142857,-0.23586934203726947,,-0.23586934203726947,16.216011904761906,9.285714285714286,10.0,0.6163144561423157,-0.4985651415084738,0.0,0.8571428571428571,"BTC,ZEC,HYPE",仓位真实收益偏反向，可作为反向参考
2356833,1595,2026-08-30 07:17:52,30,0xd67f9ed4f542cfa6b70d8a92b40070a2bc080a5e,smart_money,P-N,50.0,1.0,1,0,1,,,-28.744735927056386,-28.04802843970455,1501.6758333333332,10.0,10.0,20.876653299509602,-33.34543909129544,0.0,1.0,HYPE,仓位样本不足，暂不影响权重
2356834,1595,2026-08-30 07:17:52,30,0xd6e1a6f7bb47aca69aaa511210227d40926ff256,money_printer,P-G,46.76526838411009,0.65,30,25,5,0.64,2.1348396755139167,-0.10621375687513326,1.7652683841100854,206.1268333333333,11.833333333333334,25.0,7.588955376818103,-4.6243139169481395,0.0,0.8666666666666667,"ZEC,TRUMP,ETH,ADA,DOGE",高杠杆/短线赌徒型，长期单降权
2356835,1595,2026-08-30 07:17:52,30,0xd6e56265890b76413d1d527eb9b75e334c0c5b42,money_printer,P-C,54.054054054054056,0.75,37,0,37,,,25.05371217285734,25.0062924006997,1463.5675150150157,6.054054054054054,20.0,47.949360090624054,-16.274509263053837,0.35135135135135137,0.2972972972972973,"ADA,AERO,APT,ASTER,ATOM",仓位收益偏弱，降权参考
2357850,1595,2026-08-30 07:17:52,30,0xd70c9e61ba506a8cf1c25b54d14b25abdc048fd4,smart_money,P-N,50.0,1.0,1,1,0,0.0,-3.541537507749533,,-3.541537507749533,384.00333333333333,3.0,3.0,1.5886546807191568,-5.969725149824342,1.0,0.0,ETH,仓位样本不足，暂不影响权重
2357362,1595,2026-08-30 07:17:52,30,0xd72cfd2424e26ba32e46b7b2aff95eff34247a71,smart_money,P-G,44.85017852190218,0.65,156,154,2,0.564935064935065,-0.15166478733193184,0.08642612105227065,-0.1498214780978213,8.538659188034183,31.53846153846154,40.0,0.3707680206192106,-0.4962471731132264,0.0,1.0,"ETH,BTC",高杠杆/短线赌徒型，长期单降权
2357735,1595,2026-08-30 07:17:52,30,0xd733e6e0ffa461902ff3c63556b31fd41233d525,smart_money,P-N,50.0,1.0,1,1,0,1.0,3.1575879139571077,,3.1575879139571077,1264.66,40.0,40.0,19.676326039408476,0.0,0.0,1.0,BTC,仓位样本不足，暂不影响权重
2356836,1595,2026-08-30 07:17:52,30,0xd7583e3cf08bbcab66f1242195227bbf9f865fda,smart_money,P-N,50.0,1.0,1,0,1,,,5.2282167269028355,5.228216726902836,1501.6758333333332,20.0,20.0,39.95199087595459,0.0,0.0,1.0,ETH,仓位样本不足，暂不影响权重
2357004,1595,2026-08-30 07:17:52,30,0xd7846935d7e5a49e20b9887e6465cb765f4c2937,smart_money,P-N,50.0,1.0,1,0,1,,,24.83460529293032,23.29744559932278,640.0172222222222,3.0,3.0,32.32540414039747,-0.41351369450211717,1.0,0.0,HYPE,仓位样本不足，暂不影响权重
2356837,1595,2026-08-30 07:17:52,30,0xd82cb57a8d039760a2073a96aa1a8d9eded94068,smart_money,P-C,71.54467331522896,0.75,365,258,107,0.5116279069767442,0.02866880056947818,-6.759520417329824,-1.4908044701332037,400.8160646879756,5.104109589041096,20.0,9.297602594738294,-12.434667616702322,0.3863013698630137,0.1643835616438356,"XPL,ACE,SPX,KAITO,MOODENG",仓位收益偏弱，降权参考
2356838,1595,2026-08-30 07:17:52,30,0xd831409a48d8b21d59245c12b1540a0820446203,smart_money,P-N,50.0,1.0,1,0,1,,,-26.668554949016382,-21.70435388410928,1501.6758333333332,20.0,20.0,19.741991966216908,-30.48460191574828,0.0,1.0,ETH,仓位样本不足，暂不影响权重
2356839,1595,2026-08-30 07:17:52,30,0xd83687a8ad139688f5d0eaa9fc352a10f532c2af,smart_money,P-N,50.0,1.0,1,0,1,,,-20.332725433090484,-20.332725433090488,1501.6758333333332,5.0,5.0,10.607141648957597,-24.14158437460597,0.0,0.0,BTC,仓位样本不足，暂不影响权重
2357591,1595,2026-08-30 07:17:52,30,0xd83989ae5084a9b68ef52393f780249e0e597255,smart_money,P-G,51.78642247734062,0.65,3,3,0,1.0,6.786422477340621,,6.786422477340621,1.0000925925925925,10.0,10.0,7.090169988917723,0.0,0.0,1.0,"HYPE,TRUMP,ZEC",高杠杆/短线赌徒型，长期单降权
2357638,1595,2026-08-30 07:17:52,30,0xd8ad0fd8b59b759d9ba4f1293b1f8d8d113b7598,smart_money,P-R,25.0,-0.8,8,8,0,0.375,-2.118727791981761,,-2.118727791981761,3.874201388888889,9.5,20.0,2.071470441402438,-2.4876780897214523,0.25,0.5,"PUMP,BTC,AERO,CHIP,ZEC",仓位真实收益偏反向，可作为反向参考
2357677,1595,2026-08-30 07:17:52,30,0xd8c5d4d36ddb2634491076c3d3bc541ed4646d3f,smart_money,P-G,39.69330599821774,0.65,3,3,0,0.3333333333333333,-5.306694001782261,,-5.306694001782261,2.3383333333333334,10.0,10.0,7.164007245756882,-5.50664679413907,0.0,1.0,"TRUMP,HYPE",高杠杆/短线赌徒型，长期单降权
2357660,1595,2026-08-30 07:17:52,30,0xd8d0358919a944d4efa98713795d49b030e43ef9,smart_money,P-N,50.0,1.0,2,2,0,1.0,6.330452514112597,,6.330452514112597,13.459027777777777,3.0,3.0,8.685158393140647,-4.034523342726575,1.0,0.0,"LIT,CASHCAT",仓位样本不足，暂不影响权重
2357808,1595,2026-08-30 07:17:52,30,0xd908620dd5320d9bf0e34c614f7cf9c933dcf680,smart_money,P-N,50.0,1.0,1,1,0,0.0,-2.799268243705839,,-2.799268243705839,567.0,10.0,10.0,1.106963756553458,-6.049357594564437,0.0,1.0,BTC,仓位样本不足，暂不影响权重
2357326,1595,2026-08-30 07:17:52,30,0xd911e53d53b663972254e086450fd6198a25961e,money_printer,P-G,45.04696021128906,0.65,62,61,1,0.5409836065573771,0.04884521988381844,-0.24494220831092656,0.04696021128906326,11.629256272401426,25.0,25.0,0.42931011593409835,-0.45542311452096357,0.0,1.0,ETH,高杠杆/短线赌徒型，长期单降权
2357748,1595,2026-08-30 07:17:52,30,0xd91f2df982c453b23a37d16a2e5bd8964fda7ad6,smart_money,P-N,50.0,1.0,1,1,0,1.0,2.6290113608686387,,2.6290113608686387,1034.8111111111111,10.0,10.0,2.6290113608686387,-26.010235302425656,0.0,1.0,HYPE,仓位样本不足，暂不影响权重
2357307,1595,2026-08-30 07:17:52,30,0xd92027fc1bf15ea8e1c9c0a1aa4a9f58b5433f20,smart_money,P-G,43.913932788105846,0.65,7,6,1,0.0,-1.3387944149677378,0.803404263949614,-1.086067211894156,156.85809523809525,40.0,40.0,1.2512765779216062,-1.9802826855551192,0.0,1.0,BTC,高杠杆/短线赌徒型，长期单降权
2357420,1595,2026-08-30 07:17:52,30,0xd9271f589a561f18dba9e9b544c3f314538ee204,smart_money,P-C,17.4032542740886,0.75,3,2,1,0.0,-2.092614978329178,0.6332925469963143,-1.1839791365540138,12.333703703703703,5.0,8.0,0.7815350150715603,-2.0595258474928206,0.3333333333333333,0.0,"BTC,GRAM",仓位收益偏弱，降权参考
2356998,1595,2026-08-30 07:17:52,30,0xd93db9fc95c19c1eaab854281890e9e77b18ae3f,smart_money,P-G,47.406309983077236,0.65,6,1,5,0.0,-5.885257122339289,4.06462340416054,2.406309983077236,618.5148148148148,13.333333333333334,20.0,23.988017343539923,-20.672537068406374,0.0,0.6666666666666666,"LIT,BTC,ETH,HYPE,SOL",高杠杆/短线赌徒型，长期单降权
2356840,1595,2026-08-30 07:17:52,30,0xd96ea3bcce83d4e1ef8abd1776eecd0cea1bb09e,money_printer,P-N,50.0,1.0,1,0,1,,,41.166596869113484,41.166596869113484,1501.6758333333332,10.0,10.0,54.236683220272596,0.0,0.0,1.0,BNB,仓位样本不足，暂不影响权重
2356841,1595,2026-08-30 07:17:52,30,0xd9aecd4df04f0e8bd6320fd3fcb92d9c06dadf94,smart_money,P-C,74.85237760420628,0.75,229,175,54,0.5428571428571428,0.2610722924627977,-4.6353586342361455,-0.7397500625256785,326.7109109655511,5.3056768558951966,20.0,4.1437452359354054,-8.936511204586887,0.32751091703056767,0.18340611353711792,"GALA,LDO,ONDO,FET,RUNE",仓位收益偏弱，降权参考
2357166,1595,2026-08-30 07:17:52,30,0xd9c1ef5e179d706c4296b3abccbba362eb24158b,smart_money,P-G,45.871770779787596,0.65,23,18,5,0.3333333333333333,0.5165074338510611,2.8157982714456358,0.8717707797875989,293.7002173913043,19.52173913043478,40.0,5.092257068918736,-6.487192703569538,0.13043478260869565,0.7391304347826086,"ETH,BTC,AERO,XMR,ASTER",高杠杆/短线赌徒型，长期单降权
2357291,1595,2026-08-30 07:17:52,30,0xd9f7e56fb5e1824b6bc43d93dcd30586b990e95e,smart_money,P-R,25.0,-0.8,8,7,1,0.2857142857142857,-3.13027124006504,-5.304051656850918,-3.4019937921632746,222.96045138888888,7.25,10.0,14.997427690545631,-16.34388601591755,0.125,0.5,"MON,DOGE,PUMP,HYPE,STABLE",仓位真实收益偏反向，可作为反向参考
2357132,1595,2026-08-30 07:17:52,30,0xda7176d42d075e6e99f6c202a7f6d2c48065879e,smart_money,P-G,50.388290159856794,0.65,15,13,2,0.7692307692307693,6.40067451947506,0.3796785841512422,5.388290159856796,95.27085185185184,16.0,20.0,9.551604570791561,-2.361939856831115,0.0,0.8666666666666667,"BTC,ETH,ZEC,LINK,SOL",高杠杆/短线赌徒型，长期单降权
2356960,1595,2026-08-30 07:17:52,30,0xda744273f80b22412417f7cfe0503f3d721f987d,smart_money,P-G,55.81034919981307,0.65,3,1,2,1.0,23.826747536623216,4.30215003140799,10.810349199813066,796.784074074074,11.0,20.0,44.55918545989602,-10.71744699568343,0.3333333333333333,0.6666666666666666,"CASHCAT,BTC,HYPE",高杠杆/短线赌徒型，长期单降权
2356842,1595,2026-08-30 07:17:52,30,0xdad130ad870dc81139b2a7b1416ab8d68144f76f,smart_money,P-A,100.0,1.15,12,9,3,0.7777777777777778,5.613023432048038,27.544681650644097,11.086465470486976,214.0577777777778,5.166666666666667,10.0,21.761482882904023,-8.728623666524404,0.6666666666666666,0.3333333333333333,"CASHCAT,MEGA,ZORA,AAVE,DOGE",仓位收益稳定，适合加权参考
2356843,1595,2026-08-30 07:17:52,30,0xdb09bf299d9ea9af66f4756bfc7f5ee3c8528976,smart_money,P-G,42.46701061815998,0.65,7,0,7,,,-0.8193504070685079,-2.532989381840018,1392.0571825396823,12.857142857142858,30.0,21.192679185773777,-27.017679943313663,0.0,1.0,"ADA,AVAX,DOT,SUI,XRP",高杠杆/短线赌徒型，长期单降权
2357176,1595,2026-08-30 07:17:52,30,0xdb36e1fa10690f5dcd1a74c2957efc65cf834a1a,smart_money,P-A,87.03540274580155,1.15,5,3,2,0.6666666666666666,5.675517623964036,4.460518608772334,5.189518017887354,508.7347222222223,8.0,20.0,14.379624645951557,-8.574516681261832,0.0,0.2,"LIT,SOL,TAO,GRAM",仓位收益稳定，适合加权参考
2357038,1595,2026-08-30 07:17:52,30,0xdb6f5c58bb13d8aa101b0a5d1a70f737b5d1cd1c,smart_money,P-G,44.13690252727597,0.65,18,16,2,0.5625,-0.4199227325694663,-7.768023579258892,-0.8630974727240289,113.72331790123455,10.0,10.0,1.1212301930114237,-2.7084034720494516,0.0,1.0,"BTC,ETH",高杠杆/短线赌徒型，长期单降权
2357407,1595,2026-08-30 07:17:52,30,0xdbbdee771e62ab57894e8b8bdefbe094d3135ddd,smart_money,P-G,46.78686296587384,0.65,12,11,1,0.36363636363636365,1.6707198436647537,3.0644373101737634,1.7868629658738377,97.0823611111111,20.833333333333332,30.0,4.038986964560332,-1.5792731903291541,0.0,1.0,"BTC,HYPE,ZEC,ETH",高杠杆/短线赌徒型，长期单降权
2357795,1595,2026-08-30 07:17:52,30,0xdbcc96bcada067864902aad14e029fe7c422f147,money_printer,P-R,25.0,-0.8,38,38,0,0.2631578947368421,-3.2042433707803726,,-3.2042433707803726,886.2700511695904,9.394736842105264,40.0,15.558604382389905,-12.686359560788972,0.10526315789473684,0.5789473684210527,"AAVE,BTC,ETH,JTO,JUP",仓位真实收益偏反向，可作为反向参考
2356844,1595,2026-08-30 07:17:52,30,0xdbd1bac81ad581c7198c9d155ca468f32a0c29dd,money_printer,P-C,37.08151180009706,0.75,5,0,5,,,3.2777181326666955,3.545905878368438,1230.7414999999999,5.8,10.0,33.374533297734054,-13.18957389476768,0.2,0.2,"BCH,ETH,LTC,ZEC,LIT",仓位收益偏弱，降权参考
2357509,1595,2026-08-30 07:17:52,30,0xdc5289909be4f3ce2604806bdd1448fd307f19f5,smart_money,P-G,46.004842525950735,0.65,45,45,0,0.7777777777777778,1.0048425259507332,,1.0048425259507332,24.53256790123457,10.2,25.0,2.504523849819488,-2.186299141761633,0.0,0.7555555555555555,"PUMP,HYPE,ZEC,BTC,ETH",高杠杆/短线赌徒型，长期单降权
2357249,1595,2026-08-30 07:17:52,30,0xdc7be236c4b1ee77d16758451a198275ec9839b6,smart_money,P-N,50.0,1.0,2,1,1,0.0,-17.59605263157895,-1.5225733264137167,-9.559312978996333,714.3302777777777,10.0,10.0,2.9767156862745123,-23.113225204099358,0.0,1.0,SOL,仓位样本不足，暂不影响权重
2357254,1595,2026-08-30 07:17:52,30,0xdc931389c5ba42f4ef6202a2b678564e1d3c1350,smart_money,P-G,37.5436813243028,0.65,3,2,1,0.5,-9.926007237722382,-2.5169415516468185,-7.456318675697195,355.0028703703704,15.0,15.0,0.8787418339871816,-8.298450023122045,0.0,1.0,BTC,高杠杆/短线赌徒型，长期单降权
2356845,1595,2026-08-30 07:17:52,30,0xdca131ba8f428bd2f90ae962e4cb2d226312505e,money_printer,P-N,50.0,1.0,2,0,2,,,-49.75216681686576,-49.75216681686576,1501.6758333333332,8.0,11.0,22.71853982043403,-67.06736313682924,0.0,0.5,"BTC,HYPE",仓位样本不足，暂不影响权重
2357789,1595,2026-08-30 07:17:52,30,0xdcf8a86ff20b0e42f31d76fa86bb5c6c8992cf4c,smart_money,P-N,50.0,1.0,1,1,0,0.0,-12.204566697823468,,-12.204566697823468,80.99833333333333,3.0,3.0,11.403391641073583,-12.204566697823468,1.0,0.0,CASHCAT,仓位样本不足，暂不影响权重
2357629,1595,2026-08-30 07:17:52,30,0xdd08886cb92c689c7d89c88f048028293296ead1,smart_money,P-G,45.2236190167019,0.65,21,21,0,0.6190476190476191,0.2236190167019011,,0.2236190167019011,21.5719708994709,37.714285714285715,40.0,0.7541420891704969,-0.3775848448418932,0.047619047619047616,0.9523809523809523,BTC,高杠杆/短线赌徒型，长期单降权
2357465,1595,2026-08-30 07:17:52,30,0xdd0c5de50d72e5eaa96816e920e41ce89c4b8888,money_printer,P-B,65.98636304720033,1.0,49,48,1,0.5833333333333334,0.6449451192899862,0.29186226382182445,0.6377393467294116,8.959331065759638,8.53061224489796,20.0,2.799945315407192,-1.7395956394225036,0.12244897959183673,0.30612244897959184,"ZEC,BTC,LIT,SPX,HYPE",仓位表现普通有效
2356930,1595,2026-08-30 07:17:52,30,0xdd7a372377fc633f74ab6e20963803d52f448830,money_printer,P-G,50.468226727587464,0.65,11,7,4,0.0,-1.8424473220412736,19.465737401495975,5.468226727587465,293.5315656565656,15.454545454545455,25.0,14.769397776264288,-2.5699475072718574,0.0,0.8181818181818182,"BTC,TAO,LINK,ZEC,HYPE",高杠杆/短线赌徒型，长期单降权
2357628,1595,2026-08-30 07:17:52,30,0xdd84ce1adcb3a4908db61a1dfa3353c3974c5a2b,smart_money,P-G,46.79296511739218,0.65,7,7,0,0.7142857142857143,1.7929651173921755,,1.7929651173921755,22.28404761904762,10.0,10.0,4.240399955588787,-0.6162443950949299,0.0,1.0,"HYPE,BTC",高杠杆/短线赌徒型，长期单降权
2356846,1595,2026-08-30 07:17:52,30,0xdd9f274410c8c704bdbb599dce6c4fb34be4f50a,money_printer,P-N,50.0,1.0,2,0,2,,,-5.784706489367331,-5.784706489367331,809.3391666666666,25.0,40.0,6.66604598317171,-17.06227894721716,0.0,1.0,"BTC,HYPE",仓位样本不足，暂不影响权重
2356847,1595,2026-08-30 07:17:52,30,0xdde01147aac2152dd0776bc3ed84cc96474df52d,smart_money,P-N,50.0,1.0,1,0,1,,,24.870949159952836,26.26369878297279,1501.6758333333332,5.0,5.0,28.823455259450036,-7.235782865878078,0.0,0.0,BTC,仓位样本不足，暂不影响权重
2357505,1595,2026-08-30 07:17:52,30,0xde1e6c1bec4d1754eb5487421f9e79a77b4fe871,smart_money,P-G,46.57199863807267,0.65,5,5,0,0.8,1.5719986380726703,,1.5719986380726703,14.599388888888887,16.6,40.0,2.2699373980274613,-0.6563854126683706,0.2,0.8,"CASHCAT,BTC,HYPE,SOL,ZEC",高杠杆/短线赌徒型，长期单降权
2356933,1595,2026-08-30 07:17:52,30,0xde22e70994ffd3748b78c82af635d8c584044903,smart_money,P-G,45.24663039729067,0.65,27,22,5,0.4090909090909091,0.15925169141478623,1.4365327994580914,0.24663039729067454,183.47462962962956,27.14814814814815,40.0,2.626075396633675,-3.20821939766623,0.037037037037037035,0.7777777777777778,"BTC,TRX,SEI,ETH,AERO",高杠杆/短线赌徒型，长期单降权
2357208,1595,2026-08-30 07:17:52,30,0xde6b2a06407575b98724818445178c1f5fd53361,smart_money,P-G,50.8909797189285,0.65,3,2,1,0.5,7.501930979500842,2.669077197783808,5.890979718928496,371.55685185185183,13.333333333333334,25.0,9.8612236485914,-2.768488736185526,0.0,0.6666666666666666,"BTC,LIT,ETH",高杠杆/短线赌徒型，长期单降权
2356989,1595,2026-08-30 07:17:52,30,0xde7639510e3e73d90e7f86d783134ed328f5b2e0,smart_money,P-N,50.0,1.0,2,0,2,,,24.14532534224729,24.14532534224729,663.3715277777778,11.5,20.0,27.977300048680686,-4.088059511455343,0.5,0.5,"ETH,BTC",仓位样本不足，暂不影响权重
2356848,1595,2026-08-30 07:17:52,30,0xde87db9becc56de225a24b9fcb135b21e5b09c1b,smart_money,P-N,50.0,1.0,1,0,1,,,-16.449074263945278,-16.449074263945278,1501.6758333333332,5.0,5.0,0.0,-31.62585954695211,0.0,0.0,COMP,仓位样本不足，暂不影响权重
2356849,1595,2026-08-30 07:17:52,30,0xde8a6d588f8067e761bac811a102e0146c721e41,smart_money,P-R,25.0,-0.8,5,3,2,0.3333333333333333,-29.891197202111687,17.305126562171104,-9.886211436093992,934.8075555555555,3.4,5.0,22.707385370241752,-34.53055624225091,0.8,0.0,"HYPE,PUMP,CASHCAT,MOODENG,TURBO",仓位真实收益偏反向，可作为反向参考
2357797,1595,2026-08-30 07:17:52,30,0xdeb7582b362a752970fbd2507d0fb5dd27ed379a,smart_money,P-G,43.810413469843766,0.65,3,3,0,0.3333333333333333,-1.1895865301562318,,-1.1895865301562318,81.33416666666666,13.333333333333334,20.0,1.08320797183352,-1.998415626174504,0.0,1.0,"ETH,BTC",高杠杆/短线赌徒型，长期单降权
2357033,1595,2026-08-30 07:17:52,30,0xdee7297778b8755343e96e0b99eecf549195b856,smart_money,P-G,50.32149303323907,0.65,20,17,3,0.47058823529411764,3.5618694174103602,17.861164911583202,5.32149303323907,85.6011388888889,13.9,40.0,14.664055839228325,-3.886634600205973,0.15,0.75,"ZEC,HYPE,BTC,CASHCAT,PUMP",高杠杆/短线赌徒型，长期单降权
2356850,1595,2026-08-30 07:17:52,30,0xdf52df044f1b150dfa79590909cdac6ad83d59fc,smart_money,P-B,70.93473373434863,1.0,206,160,46,0.50625,-0.03970975923150218,0.8343589885431378,0.3893935662034408,262.957259978425,6.616504854368932,20.0,6.488890617969737,-7.537335617635097,0.15048543689320387,0.3640776699029126,"ZEC,FARTCOIN,KAITO,HYPE,TRUMP",仓位表现普通有效
2356851,1595,2026-08-30 07:17:52,30,0xdf81987465681d0515058fe0a47a3bd174012730,smart_money,P-N,50.0,1.0,1,0,1,,,70.08893877903462,70.08893877903462,1501.6758333333332,1.0,1.0,76.1764959848027,0.0,1.0,0.0,MEGA,仓位样本不足，暂不影响权重
2357573,1595,2026-08-30 07:17:52,30,0xdf86c7c9069e9bd5bac9d97e21f9aa10f728fb86,smart_money,P-G,50.50860674861828,0.65,5,5,0,1.0,5.508606748618275,,5.508606748618275,61.80177777777779,16.0,20.0,6.102515575806813,-0.25767686708200155,0.0,1.0,"HYPE,BTC,ETH,SOL",高杠杆/短线赌徒型，长期单降权
2357010,1595,2026-08-30 07:17:52,30,0xdfaf7cd4ab0fc1d7f5ccf3216769f26bcd041a61,smart_money,P-G,58.672145080794266,0.65,9,7,2,0.2857142857142857,-4.9080866146640885,78.0919622768115,13.67214508079427,605.0010185185185,12.777777777777779,20.0,27.722179710567293,-8.22925300461845,0.0,0.8888888888888888,"SOL,PUMP,ENA,SUI,ONDO",高杠杆/短线赌徒型，长期单降权
2357799,1595,2026-08-30 07:17:52,30,0xdfd50d93227ad4f896e1ed00c75aa422950a4a51,smart_money,P-G,45.043105339872874,0.65,204,204,0,0.5784313725490197,0.04310533987287621,,0.04310533987287621,3.696320806100217,20.0,20.0,0.2690934792662277,-0.19781043160489567,0.0,1.0,"BTC,ETH,SOL",高杠杆/短线赌徒型，长期单降权
2356852,1595,2026-08-30 07:17:52,30,0xdfe5195e7cc1a2eca9b0df09d4646472a8c4a402,money_printer,P-N,50.0,1.0,1,0,1,,,-18.48797261265407,-8.233077391590092,1501.6758333333332,20.0,20.0,9.089985034551892,-22.23844009623726,0.0,1.0,BTC,仓位样本不足，暂不影响权重
2357728,1595,2026-08-30 07:17:52,30,0xdfee2d4f729723aed67eed4bfb7a998dbb4294c0,smart_money,P-N,50.0,1.0,2,2,0,0.5,-3.2652188360498764,,-3.2652188360498764,1270.6586111111112,15.0,20.0,24.393574646676093,-8.441684114923467,0.0,1.0,"BTC,ZEC",仓位样本不足，暂不影响权重
2357235,1595,2026-08-30 07:17:52,30,0xe02e420ec55b4e03924d77c7b342c012541ba2d3,money_printer,P-B,76.85999781956201,1.0,100,97,3,0.6494845360824743,2.7647890190192137,-5.864111035176177,2.4980401468944025,59.452605555555536,8.78,20.0,5.629631174725827,-2.837368484654304,0.16,0.48,"ETH,DOGE,WLD,ENA,NEAR",仓位表现普通有效
2356853,1595,2026-08-30 07:17:52,30,0xe06142615991dee64ca813085779fadcc70431eb,smart_money,P-S,85.7275004098345,1.25,18,8,10,0.625,9.090144155682975,-5.65734633483952,2.323498790511836,787.5326851851852,4.0,10.0,27.622995209138036,-27.063616607408235,0.6666666666666666,0.1111111111111111,"CASHCAT,KAITO,ASTER,GRASS,HEMI",仓位收益、持仓周期、杠杆结构适合长期参考
2356854,1595,2026-08-30 07:17:52,30,0xe06532a98a541b48f6330d2dd88e2b4b96010d6b,smart_money,P-R,25.0,-0.8,6,1,5,0.0,-3.708119829408312,-32.803471819274186,-27.411727503085753,1462.5072222222223,9.5,20.0,21.77267792704698,-50.779392664502694,0.16666666666666666,0.3333333333333333,"FARTCOIN,HYPE,LIT,PURR,XRP",仓位真实收益偏反向，可作为反向参考
2356855,1595,2026-08-30 07:17:52,30,0xe0665019fcf5ffa4a5aea5cf65f84016fcbe78da,money_printer,P-N,50.0,1.0,1,0,1,,,-3.3608482518948954,-3.3608482518948954,1501.6758333333332,10.0,10.0,25.905373283820982,-13.767643504657165,0.0,1.0,HYPE,仓位样本不足，暂不影响权重
2356856,1595,2026-08-30 07:17:52,30,0xe091330c53b971ed4e886f902f18e8544a8d6705,money_printer,P-G,35.0,0.65,3,1,2,0.0,-11.041538054502144,-23.153606178919887,-19.506561823009335,563.2262962962963,15.0,20.0,3.7232148909735323,-21.86264894281874,0.0,0.6666666666666666,"ETH,HYPE",高杠杆/短线赌徒型，长期单降权
2357177,1595,2026-08-30 07:17:52,30,0xe0ffc829349c88c159462942ad885f12130e7610,money_printer,P-C,56.771212547196626,0.75,3,2,1,0.5,-12.18051173223785,-12.21104011846327,-14.126708633826782,467.09231481481476,3.0,3.0,7.41325894067706,-17.221766242452965,1.0,0.0,LIT,仓位收益偏弱，降权参考
2356857,1595,2026-08-30 07:17:52,30,0xe10e446e1d3b483635681b77da44b02c57d6905c,smart_money,P-N,50.0,1.0,1,0,1,,,9.071525759707745,9.729093604294299,1501.6758333333332,11.0,11.0,34.44862401252065,0.0,0.0,1.0,BTC,仓位样本不足，暂不影响权重
2356858,1595,2026-08-30 07:17:52,30,0xe113311f35a53b196c0ab3ed31ad0bf937cc5c07,money_printer,P-G,51.54005901115549,0.65,9,4,5,0.75,34.69370472167169,-14.878120103593895,6.5400590111554955,715.6408641975308,12.11111111111111,40.0,30.467784407379938,-23.227739428828905,0.3333333333333333,0.5555555555555556,"PUMP,BTC,HYPE,PURR,ETH",高杠杆/短线赌徒型，长期单降权
2357510,1595,2026-08-30 07:17:52,30,0xe117d3d94b30f7e7aa4f29704d0d2f43c009b9a8,smart_money,P-B,100.0,1.0,3,3,0,1.0,1.8713544863335478,,1.8713544863335478,3.0005555555555556,2.3333333333333335,3.0,5.5597858083867635,-6.232895343092355,1.0,0.0,"CASHCAT,PURR",仓位表现普通有效
2356859,1595,2026-08-30 07:17:52,30,0xe15ec2db7dcb1fced329e9b38865ce546e688764,smart_money,P-B,73.19721748327387,1.0,38,33,5,0.5151515151515151,0.05968298825612561,-3.9332993661042233,-0.3264311307713567,157.6111622807017,6.342105263157895,40.0,2.557457343496295,-3.7294197369097737,0.4473684210526316,0.21052631578947367,"FET,GMX,MINA,NEAR,ETH",仓位表现普通有效
2356860,1595,2026-08-30 07:17:52,30,0xe170ed9d77792397271d564c7161351d69fe9300,money_printer,P-G,35.0,0.65,3,0,3,,,-48.04366844847454,-46.11713267906216,1501.6758333333335,18.333333333333332,25.0,16.898417510630374,-53.17052697712533,0.0,1.0,"ETH,HYPE,SOL",高杠杆/短线赌徒型，长期单降权
2356861,1595,2026-08-30 07:17:52,30,0xe17cf192fee50447687af1f689782d4abba8cbb1,smart_money,P-B,95.90897421700674,1.0,7,3,4,1.0,9.893122393065353,-7.1333982310843105,0.9432826227178011,765.4372222222221,7.857142857142857,10.0,11.27185196174016,-23.705968345364706,0.14285714285714285,0.5714285714285714,"ADA,NEAR,WLD,CHIP,HYPE",仓位表现普通有效
2357290,1595,2026-08-30 07:17:52,30,0xe1b4e4d6320c65748a1900cf0329cb7221959d8a,smart_money,P-B,65.05425887451412,1.0,16,14,2,0.5,0.35127484781311935,0.5933122571276485,0.38152952397743556,36.06477430555556,5.25,10.0,3.198974947099268,-2.510283335479203,0.25,0.1875,"ZEC,PUMP,HYPE,BTC,ONDO",仓位表现普通有效
2356862,1595,2026-08-30 07:17:52,30,0xe1c08667421e480e63edda9b37b8405aa51ed19b,smart_money,P-S,94.01120201186163,1.25,100,44,56,0.6818181818181818,11.632911365027155,-8.21720520919505,2.141964642294456,913.8485555555558,4.28,5.0,21.49690766092382,-20.446431612667308,0.36,0.0,"ATOM,VVV,CFX,INJ,AAVE",仓位收益、持仓周期、杠杆结构适合长期参考
2357626,1595,2026-08-30 07:17:52,30,0xe1d39d2b30da977d470e0652239372b7ad4b7766,smart_money,P-N,50.0,1.0,1,1,0,0.0,-0.40107769000764265,,-0.40107769000764265,1.9941666666666666,10.0,10.0,0.5475829653439577,-0.4010776900076427,0.0,1.0,HYPE,仓位样本不足，暂不影响权重
2357517,1595,2026-08-30 07:17:52,30,0xe21be5bb37a3af716174cdc5d095ab224b3ef9de,smart_money,P-N,50.0,1.0,2,2,0,0.5,-0.7278465726729222,,-0.7278465726729222,74.99861111111112,10.0,10.0,6.489242454167676,-3.316606847070215,0.0,1.0,"HYPE,ZEC",仓位样本不足，暂不影响权重
2356863,1595,2026-08-30 07:17:52,30,0xe24166173f1e956845a0660c8b26db334dced71a,money_printer,P-N,50.0,1.0,1,0,1,,,-92.56907475769226,-92.56907475769228,1501.6758333333332,10.0,10.0,0.0,-99.45054564030966,0.0,1.0,HYPE,仓位样本不足，暂不影响权重
2357501,1595,2026-08-30 07:17:52,30,0xe2990ce029db870c805e90a1a8a1d8a1c52255d6,money_printer,P-G,44.92201806646499,0.65,118,117,1,0.47863247863247865,-0.08681019022759502,0.9549240994978712,-0.07798193353500624,4.23802495291902,13.474576271186441,40.0,0.9913273905571356,-0.7510489040245393,0.0,0.9152542372881356,"PUMP,FARTCOIN,ZEC,LIT,XRP",高杠杆/短线赌徒型，长期单降权
2357489,1595,2026-08-30 07:17:52,30,0xe29d84a6f37858d7f8017be454ee35726511e525,smart_money,P-G,44.97136252545716,0.65,257,256,1,0.46875,-0.028688431906755803,-0.015592389380301047,-0.028637474542839634,2.828854301772591,10.0,10.0,0.2000307028281101,-0.20920628751471296,0.0,1.0,BTC,高杠杆/短线赌徒型，长期单降权
2356864,1595,2026-08-30 07:17:52,30,0xe2f86feccb1207710a442bc4e27a0701a290275a,money_printer,P-N,50.0,1.0,1,0,1,,,53.796947230058045,7.715709120143137,1501.6758333333332,10.0,10.0,81.94657159356248,-5.881112791603646,0.0,1.0,HYPE,仓位样本不足，暂不影响权重
2357668,1595,2026-08-30 07:17:52,30,0xe31501c472d557bfa145ce105d325fb2dd4cb867,smart_money,P-G,44.742339775124535,0.65,11,11,0,0.36363636363636365,-0.25766022487546186,,-0.25766022487546186,13.361565656565658,23.636363636363637,40.0,0.44884923741893873,-0.7318825080017439,0.0,1.0,"HYPE,BTC,ETH",高杠杆/短线赌徒型，长期单降权
2357639,1595,2026-08-30 07:17:52,30,0xe34d21d1980082c6dd1c2d7be6315187dfe4a718,smart_money,P-C,58.054369979992174,0.75,304,304,0,0.47368421052631576,-0.5780781678986502,,-0.5780781678986502,2.273407346491229,5.125,10.0,1.103883297526119,-2.0155527466370993,0.4309210526315789,0.19736842105263158,"GRASS,PUMP,ETHFI,VVV,KAITO",仓位收益偏弱，降权参考
2357187,1595,2026-08-30 07:17:52,30,0xe383e214bd4b32a9ef9cf688ee98976b57f6c9c6,smart_money,P-G,44.99776630776191,0.65,67,63,4,0.38095238095238093,-0.037014441405925684,1.3311596595452186,-0.002233692238091889,16.584249585406305,10.850746268656716,20.0,2.7064614113516723,-1.6507823512957533,0.2835820895522388,0.7164179104477612,"HYPE,PUMP,ETH,XRP,ZEC",高杠杆/短线赌徒型，长期单降权
2357466,1595,2026-08-30 07:17:52,30,0xe3b3482482899b4890ec5a2093cba2a558d0c14f,smart_money,P-G,44.97132922866567,0.65,170,169,1,0.4911242603550296,-0.029025615572742757,0.03129790495656617,-0.02867077133433506,3.7179558823529413,18.988235294117647,40.0,0.23848898415032335,-0.2571988689740505,0.0,0.6764705882352942,BTC,高杠杆/短线赌徒型，长期单降权
2357099,1595,2026-08-30 07:17:52,30,0xe3ea6e994993698a721f92491d1b0b4ce67ad5ff,smart_money,P-N,50.0,1.0,2,1,1,0.0,-0.9351764701435237,30.102307741561674,14.583565635709075,138.50805555555556,8.5,13.0,18.23748003916852,-0.46758823507176184,0.0,0.5,"HYPE,BTC",仓位样本不足，暂不影响权重
2356865,1595,2026-08-30 07:17:52,30,0xe41aa443bad860e6b584060cc365b58dc34caf92,smart_money,P-N,50.0,1.0,1,0,1,,,62.34149469358913,62.34149469358913,1501.6758333333332,5.0,5.0,66.767865789026,0.0,0.0,0.0,WLFI,仓位样本不足，暂不影响权重
2356866,1595,2026-08-30 07:17:52,30,0xe4c4f035775c4fa6fcd7561be4e35f29907b3df7,smart_money,P-N,50.0,1.0,1,0,1,,,-30.965425410664626,-24.469407261660393,1501.6758333333332,10.0,10.0,22.38668557382105,-35.64548508653471,0.0,1.0,HYPE,仓位样本不足，暂不影响权重
2357585,1595,2026-08-30 07:17:52,30,0xe5250bf1ee0d01c54866702b3e4a12a57939693d,smart_money,P-G,45.59897983129322,0.65,8,8,0,0.875,0.5989798312932216,,0.5989798312932216,32.125659722222224,10.0,10.0,1.0077726753331775,-2.0779640892428985,0.0,1.0,HYPE,高杠杆/短线赌徒型，长期单降权
2357312,1595,2026-08-30 07:17:52,30,0xe52ec3a0f90c66510ff7892354b1a1337afaac63,smart_money,P-G,45.09021808638426,0.65,365,361,4,0.5429362880886427,0.09036563444161844,-0.03189727941411428,0.09021808638426229,7.602920852359206,18.63013698630137,40.0,0.7177475949776478,-0.47885964959982713,0.0,1.0,"HYPE,ETH,BTC,ONDO",高杠杆/短线赌徒型，长期单降权
2356867,1595,2026-08-30 07:17:52,30,0xe5aaacff3f4f94d5009da0503144027e75a96232,smart_money,P-C,56.92307692307692,0.75,39,1,38,0.0,-20.42462664686491,12.865296896838423,11.961063269924098,1181.2126638176637,5.282051282051282,20.0,33.99372762903086,-11.336825634238103,0.5641025641025641,0.15384615384615385,"AAVE,ADA,AERO,ALGO,BCH",仓位收益偏弱，降权参考
2357025,1595,2026-08-30 07:17:52,30,0xe607da942c20336a2a7bc5a56488b86aad2684ee,money_printer,P-C,52.72155080505293,0.75,5,4,1,0.25,-4.20736438309019,39.909084436592615,4.615925380846372,265.40261111111107,6.6,10.0,16.93861781059376,-9.533964801378582,0.2,0.4,"WLD,LIT,VVV,ETHFI",仓位收益偏弱，降权参考
2357296,1595,2026-08-30 07:17:52,30,0xe67dbf2d051106b42104c1a6631af5e5a458b682,smart_money,P-C,67.39204755876834,0.75,15,13,2,0.46153846153846156,1.080531019895985,-1.0191791824143055,0.8283879969262706,72.86842592592593,9.933333333333334,25.0,2.500317929970705,-1.3260824007457388,0.0,0.26666666666666666,"BTC,ETH,FET,ASTER,DOGE",仓位收益偏弱，降权参考
2357429,1595,2026-08-30 07:17:52,30,0xe67f141977da22e5c34d15c19b35f180a1532715,smart_money,P-S,99.9471089366433,1.25,116,114,2,0.9210526315789473,2.1828016993362285,0.30963631132095426,2.150505466506772,34.5564870689655,4.2155172413793105,12.0,3.384404591619571,-1.7304386954846627,0.6551724137931034,0.2413793103448276,"FARTCOIN,ZEC,HYPE,BTC,SOL",仓位收益、持仓周期、杠杆结构适合长期参考
2356868,1595,2026-08-30 07:17:52,30,0xe690ebdb7616526bb5ad2a6544221fb0bb69d0f5,smart_money,P-N,50.0,1.0,1,0,1,,,-8.664952218553262,-8.481639085038893,1501.6758333333332,20.0,20.0,19.39455619135829,-12.104494316493426,0.0,1.0,BTC,仓位样本不足，暂不影响权重
2357667,1595,2026-08-30 07:17:52,30,0xe6e3355646051ff76174dd36f6e0fbe2b2cb67f7,smart_money,P-N,50.0,1.0,1,1,0,1.0,23.716043072430196,,23.716043072430196,980.0111111111111,7.0,7.0,36.3597902910044,-14.823140989481368,0.0,0.0,HYPE,仓位样本不足，暂不影响权重
2356869,1595,2026-08-30 07:17:52,30,0xe70786609d684ad71e5156cdc40279e79413ed88,smart_money,P-N,50.0,1.0,2,0,2,,,26.755056736063324,26.755056736063324,1501.6758333333332,20.0,20.0,47.84305087194207,0.0,0.0,1.0,"BTC,SOL",仓位样本不足，暂不影响权重
2356870,1595,2026-08-30 07:17:52,30,0xe71cbf47fff309813bcea54f3ecf49a5f129264d,smart_money,P-N,50.0,1.0,2,1,1,0.0,-8.3289086045926,74.11835026897788,32.89472083219264,819.3458333333333,3.0,3.0,40.77899786673888,-6.521831261261507,1.0,0.0,"MEGA,HYPE",仓位样本不足，暂不影响权重
2357676,1595,2026-08-30 07:17:52,30,0xe72bbf79a59599b7a91b92b66ce2237af0d983db,smart_money,P-N,50.0,1.0,2,2,0,0.0,-13.44469504234323,,-13.44469504234323,1315.6758333333332,12.5,15.0,14.70665730116515,-25.942494050537327,0.0,1.0,"BTC,ETH",仓位样本不足，暂不影响权重
2357327,1595,2026-08-30 07:17:52,30,0xe799f6e2414c60340ebd1e1613f7a9b1857d2af3,smart_money,P-B,65.79513956169525,1.0,65,62,3,0.6290322580645161,0.7175085065628204,0.9360404171421517,0.7275945947434047,26.152311965811972,9.307692307692308,14.0,2.1864443129421174,-1.3995655187231302,0.13846153846153847,0.7846153846153846,"HYPE,ETH,BTC,LIT,SUI",仓位表现普通有效
2356871,1595,2026-08-30 07:17:52,30,0xe7af83354027311c07acf509653f3863096450c8,smart_money,P-S,100.0,1.25,13,5,8,0.6,28.109447939748936,10.600186202106297,19.144081860525233,703.4269444444445,3.0,3.0,37.38629757150802,-9.59279400167924,1.0,0.0,"XMR,KAITO,VVV,GRASS,ZRO",仓位收益、持仓周期、杠杆结构适合长期参考
2356872,1595,2026-08-30 07:17:52,30,0xe7e25d4f0f0076b08459e343529c446fef04f958,money_printer,P-B,100.0,1.0,5,1,4,1.0,10.729562541609724,25.209754606424198,22.73679079673944,1279.9405555555554,9.2,20.0,43.01913854721388,-16.21471369301151,0.4,0.6,"BTC,DOGE,HYPE,LTC,CASHCAT",仓位表现普通有效
2357580,1595,2026-08-30 07:17:52,30,0xe7e3cdba6cc8a60c31c09279e69a0bec6e392901,smart_money,P-N,50.0,1.0,1,1,0,1.0,45.499243048121684,,45.499243048121684,1011.0161111111111,4.0,4.0,61.93832340970336,-16.00673971111074,0.0,0.0,ZEC,仓位样本不足，暂不影响权重
2357490,1595,2026-08-30 07:17:52,30,0xe7e4ca8b310c0d0ea900e15e4f43ffd9d25e3c77,smart_money,P-G,46.32228004201258,0.65,3,2,1,1.0,2.378957588373842,-0.7910750507099384,1.3222800420125818,57.33953703703704,11.666666666666666,20.0,2.9348988284395348,-0.4406716050643203,0.0,0.6666666666666666,"PUMP,BTC,HYPE",高杠杆/短线赌徒型，长期单降权
2356873,1595,2026-08-30 07:17:52,30,0xe82bc65677e46b6626a8e779ac263221db039c2d,money_printer,P-G,60.095907259666426,0.65,3,0,3,,,13.400382616893507,15.095907259666427,1053.4518518518519,13.333333333333334,20.0,36.27481972150867,-0.5646973935368208,0.0,0.6666666666666666,"BTC,ETH,ZEC",高杠杆/短线赌徒型，长期单降权
2357605,1595,2026-08-30 07:17:52,30,0xe83054865a23ca7b74e4a13a5e7bbc2010291820,smart_money,P-C,64.48531234680098,0.75,8,8,0,0.375,1.3522062384407678,,1.3522062384407678,34.250347222222224,2.5,11.0,3.0369532741762426,-0.9487166956515399,0.875,0.125,"VVV,BTC,HYPE",仓位收益偏弱，降权参考
2357318,1595,2026-08-30 07:17:52,30,0xe86351e0f69bd808def36e7bb2f9107443838bb8,smart_money,P-C,50.62088133304636,0.75,185,178,7,0.4606741573033708,0.0032392308032115407,-0.010133888146027257,0.024682998743040835,12.432408408408394,9.702702702702704,20.0,2.0953883902112733,-1.8063330773956339,0.10810810810810811,0.5837837837837838,"ETH,HYPE,SOL,UNI,BTC",仓位收益偏弱，降权参考
2357617,1595,2026-08-30 07:17:52,30,0xe867fbdad3291530e41530301ecb77693850c78e,money_printer,P-B,96.47402467394366,1.0,7,7,0,1.0,1.368664994043402,,1.368664994043402,26.284920634920635,9.142857142857142,20.0,2.1767834086794102,-1.2447332822841477,0.0,0.2857142857142857,"HYPE,XMR,BTC,ETH",仓位表现普通有效
2357413,1595,2026-08-30 07:17:52,30,0xe8681168f59af16c60c805dab7842eb75f127879,smart_money,P-G,48.66691394890527,0.65,47,46,1,0.8913043478260869,3.634468919125589,5.159385318770649,3.6669139489052713,19.552364066193842,15.97872340425532,40.0,5.987646318459128,-0.5342267583666314,0.0425531914893617,0.7446808510638298,"LIT,ETH,BTC,SOL,HYPE",高杠杆/短线赌徒型，长期单降权
2356874,1595,2026-08-30 07:17:52,30,0xe86b057f5eb764c9738d6b0d38170befd0723664,money_printer,P-B,65.79456518835991,1.0,488,435,53,0.6574712643678161,0.44321225348224674,-0.45760487131085453,0.29562440688016683,109.49592953096543,12.618852459016393,40.0,2.9590782265154307,-3.3247213631099903,0.0942622950819672,0.5409836065573771,"BTC,ETH,SOL,HYPE,VVV",仓位表现普通有效
2356934,1595,2026-08-30 07:17:52,30,0xe8ef95e07161df78552da11fd95d287dd6d65201,smart_money,P-G,45.00423033190128,0.65,51,45,6,0.4666666666666667,0.0829232990205218,-0.347154753680276,0.004230331901281013,88.12883442265795,16.686274509803923,40.0,2.2132173472055476,-3.161379184689981,0.0392156862745098,0.803921568627451,"HYPE,BTC,XRP,FET,NEAR",高杠杆/短线赌徒型，长期单降权
2357064,1595,2026-08-30 07:17:52,30,0xe8fad35e6f85b5c5e4875fff2f595735498c279e,smart_money,P-C,65.95492887764875,0.75,4,3,1,0.3333333333333333,-0.808764499323666,2.098530305704256,0.8004978155179003,107.25319444444445,2.0,2.0,12.318904716234425,-2.8773928015838526,1.0,0.0,HYPE,仓位收益偏弱，降权参考
2356875,1595,2026-08-30 07:17:52,30,0xe98bc6b99a2eb1a108623af5843b922389e78cd5,money_printer,P-G,65.0,0.65,4,0,4,,,34.640699350811374,34.640699350811374,1501.6758333333332,11.25,20.0,55.222349626013894,-5.1458370309087025,0.0,0.75,"HYPE,JUP,SOL,TIA",高杠杆/短线赌徒型，长期单降权
2357565,1595,2026-08-30 07:17:52,30,0xe9cef9fd872a03cedf9d3e6e90309782b3724ea6,smart_money,P-C,62.386349244802624,0.75,28,28,0,0.4642857142857143,0.20738446569021443,,0.20738446569021443,12.07205357142857,3.2142857142857144,5.0,1.0564346909797393,-0.47943519424893605,0.8928571428571429,0.0,"BTC,ETH,SOL,ZEC,AAVE",仓位收益偏弱，降权参考
2357044,1595,2026-08-30 07:17:52,30,0xe9d199fd55a2560e3193f330e017192316ecd2d3,smart_money,P-G,45.00793667058907,0.65,62,58,4,0.5,0.058019248241360184,-1.3285698034852893,0.007936670589071295,62.414950716845865,10.0,10.0,1.626450377642341,-2.03528868735708,0.0,1.0,"XRP,DOT,LTC,XPL",高杠杆/短线赌徒型，长期单降权
2356876,1595,2026-08-30 07:17:52,30,0xea4fc1ae43d644b35e6874c32c49516ccb21df32,smart_money,P-C,69.46771399150546,0.75,444,345,99,0.4463768115942029,-0.12864255313606246,-1.7461787339278771,0.3178757971628367,409.1290115115102,5.371621621621622,40.0,8.77967495317889,-8.65234888001895,0.5518018018018018,0.22072072072072071,"ZEC,ARB,FARTCOIN,ADA,FOGO",仓位收益偏弱，降权参考
2356946,1595,2026-08-30 07:17:52,30,0xea6be4808a584fb1bcc0308403aacea3df94a67a,smart_money,P-B,73.44244898385406,1.0,706,639,67,0.594679186228482,0.19598143224302603,2.0771011072731915,0.3607107642984307,96.16432326093802,8.236543909348441,40.0,4.7819492496893,-4.327672066787241,0.1274787535410765,0.5453257790368272,"PUMP,ZEC,VVV,HYPE,LIT",仓位表现普通有效
2356877,1595,2026-08-30 07:17:52,30,0xea745265097151523658be7c2c8ea325f1592ac0,smart_money,P-N,50.0,1.0,1,0,1,,,-24.445532968677707,-7.359046111641569,1501.6758333333332,10.0,10.0,25.05054496084605,-37.18670911911176,0.0,1.0,LINK,仓位样本不足，暂不影响权重
2357576,1595,2026-08-30 07:17:52,30,0xeac842b2214cfece3f0d288293da19f408d91ede,money_printer,P-G,49.31285843296294,0.65,5,5,0,0.8,4.3128584329629405,,4.3128584329629405,2.9994444444444444,12.0,20.0,5.410609230690389,-1.0919137676083732,0.0,1.0,"TRUMP,SOL",高杠杆/短线赌徒型，长期单降权
2357142,1595,2026-08-30 07:17:52,30,0xeaf35054804ab7ed6b8cb070296dd6bb38abb4b1,smart_money,P-G,45.286789667786245,0.65,14,13,1,0.6923076923076923,0.2830966629963628,0.33939532869768985,0.286789667786247,55.21420634920635,40.0,40.0,1.056978411962106,-0.9535561500845869,0.0,1.0,BTC,高杠杆/短线赌徒型，长期单降权
2356920,1595,2026-08-30 07:17:52,30,0xeafbe89e3bc638a540c166c45d2b12850fc6c402,money_printer,P-R,25.0,-0.8,75,48,27,0.375,-0.0812531440480832,-4.19063131528076,-1.927482010043323,301.5411851851851,4.826666666666667,20.0,9.81121445466122,-13.561569578253708,0.44,0.22666666666666666,"KAITO,VVV,CHIP,JUP,GRASS",仓位真实收益偏反向，可作为反向参考
2357350,1595,2026-08-30 07:17:52,30,0xeb0f432beecf10dcc828fc1e36a3386caf634637,smart_money,P-B,76.30060908716929,1.0,10,9,1,0.5555555555555556,5.47648747724515,3.4270938721845257,5.205860099140201,76.70425,8.2,20.0,14.934700415944054,-2.533601068522652,0.1,0.5,"ZEC,XRP,CASHCAT,ETH,SOL",仓位表现普通有效
2357118,1595,2026-08-30 07:17:52,30,0xeb47e64c3d12add1a175517619ede29fbc4a9f1d,smart_money,P-C,65.97739528517165,0.75,12,6,6,0.8333333333333334,-0.7449571933325861,-16.069459981972027,-8.407208587652304,748.3383333333335,9.333333333333334,20.0,21.681158444365547,-32.84713733827133,0.3333333333333333,0.6666666666666666,"ARB,DOGE,ETH,HYPE,LINK",仓位收益偏弱，降权参考
2357014,1595,2026-08-30 07:17:52,30,0xeb83e695adcac2e83f290d2d2815fc58e6491d7a,smart_money,P-G,48.54021596810716,0.65,44,39,5,0.48717948717948717,2.940747748024941,9.064129526046974,3.540215968107161,76.06950757575757,17.295454545454547,40.0,8.408546644881474,-2.567643042531434,0.18181818181818182,0.6818181818181818,"ETH,BTC,CASHCAT,PUMP,SOL",高杠杆/短线赌徒型，长期单降权
2356878,1595,2026-08-30 07:17:52,30,0xebcda26432c1e2a46898d9920759438f86c8fcf4,smart_money,P-G,47.6907721326575,0.65,5,1,4,1.0,7.693027784018569,-2.872031815805365,2.6907721326574965,835.8137777777778,22.0,40.0,10.981864767246444,-17.410142528393227,0.0,1.0,"BTC,SOL,ETH,XRP,DOGE",高杠杆/短线赌徒型，长期单降权
2357292,1595,2026-08-30 07:17:52,30,0xebcfa0e05df4c406f4a166b1318581134a8537c0,money_printer,P-B,66.69931964371554,1.0,77,76,1,0.5263157894736842,-0.07755676220668815,-0.15106232236944048,-0.0713928097211765,9.467647907647907,8.0,8.0,0.40778213006361946,-0.546439975056076,0.0,0.0,ETH,仓位表现普通有效
2356879,1595,2026-08-30 07:17:52,30,0xebe6cc6820a76705b6654fdd1254256dcd54f1df,smart_money,P-B,100.0,1.0,3,2,1,1.0,3.32497500763036,73.77632223948936,22.36460131686682,523.2243518518518,6.666666666666667,10.0,35.20011976289398,-0.6468098958333351,0.3333333333333333,0.3333333333333333,"HYPE,ENA,AERO",仓位表现普通有效
2357259,1595,2026-08-30 07:17:52,30,0xec2aa004732b35d4f763e7e73e7918da37274c96,smart_money,P-G,45.572431243611604,0.65,3,2,1,0.5,0.5447315700259434,0.6278305907829282,0.5724312436116051,263.339537037037,16.0,25.0,9.8173402751014,-2.697776968756147,0.0,1.0,"ETH,kPEPE",高杠杆/短线赌徒型，长期单降权
2356880,1595,2026-08-30 07:17:52,30,0xec7c3257d80aa80d06d996517020744e40a70b05,smart_money,P-B,78.43713503433433,1.0,938,806,132,0.5260545905707196,0.43014952373001303,0.5250489125437261,0.37168883013440845,136.63630774697933,4.835820895522388,12.0,5.796943388745162,-5.970522515466632,0.43603411513859275,0.05650319829424307,"CASHCAT,ENA,ETH,ZEC,HYPE",仓位表现普通有效
2357355,1595,2026-08-30 07:17:52,30,0xec7f9f5b31b8f5da6ac6c0973bbd496e16f9df39,smart_money,P-G,56.239644327947154,0.65,3,2,1,1.0,17.208804931457774,-0.6986768790740892,11.239644327947154,470.5593518518519,20.0,20.0,12.046888460474046,-1.2414720641838841,0.0,1.0,BTC,高杠杆/短线赌徒型，长期单降权
2357547,1595,2026-08-30 07:17:52,30,0xec89639d883a9ff2086c6deb0d766064b5bbea03,smart_money,P-N,50.0,1.0,2,2,0,0.5,4.483769644523227,,4.483769644523227,732.3362500000001,4.0,4.0,16.36143265784966,-10.27154308897202,0.0,0.0,HYPE,仓位样本不足，暂不影响权重
2357440,1595,2026-08-30 07:17:52,30,0xec9045405a878d01cdb836f82a6dd2abd49a169c,smart_money,P-G,49.37563345702878,0.65,3,2,1,1.0,6.73675229927758,-0.34660422746880554,4.375633457028784,267.6744444444444,10.666666666666666,12.0,14.905356433128041,-1.1593134981534476,0.0,1.0,"BTC,ETH",高杠杆/短线赌徒型，长期单降权
2356881,1595,2026-08-30 07:17:52,30,0xecb63caa47c7c4e77f60f1ce858cf28dc2b82b00,money_printer,P-C,73.80477336722117,0.75,267,184,83,0.6793478260869565,0.6870492318763981,-8.95376843132522,-1.994637416698808,426.9136901789433,9.906367041198502,20.0,7.414277442637525,-10.458465730007857,0.1760299625468165,0.5880149812734082,"BTC,TRUMP,ZEC,ARB,UNI",仓位收益偏弱，降权参考
2357852,1595,2026-08-30 07:17:52,30,0xed48b856556a69c7c40229c9c4c829b909257c9b,money_printer,P-N,50.0,1.0,1,1,0,0.0,-1.032794196901465,,-1.032794196901465,22.001944444444444,20.0,20.0,0.7138355896477565,-1.032794196901465,0.0,1.0,BTC,仓位样本不足，暂不影响权重
2357375,1595,2026-08-30 07:17:52,30,0xed7c40e138cb25e79d94295882c66ac8197fb66e,smart_money,P-B,93.581667960843,1.0,29,28,1,0.8928571428571429,0.69353693139067,1.7174416579362664,0.7288439909267248,23.48272988505748,3.1724137931034484,6.0,1.2633761816812792,-0.8288794738426317,0.8275862068965517,0.0,"BTC,HYPE,kBONK",仓位表现普通有效
2357720,1595,2026-08-30 07:17:52,30,0xeda73c9fa6a90cea2bcc5529e9e12c012e13655b,smart_money,P-N,50.0,1.0,2,2,0,0.5,3.772301552760211,,3.772301552760211,50.00013888888889,4.0,5.0,6.166727256829374,-3.2764557774289824,0.5,0.0,"STABLE,PUMP",仓位样本不足，暂不影响权重
2356882,1595,2026-08-30 07:17:52,30,0xeda7dbbd44a0c5800dfa9cdd3fbb585cdba288f3,smart_money,P-G,35.0,0.65,15,14,1,0.5714285714285714,-10.987931058515727,-22.127000362460965,-11.671981819568307,464.89429629629626,16.333333333333332,40.0,8.414276323785481,-18.31691741113975,0.0,0.7333333333333333,"BTC,PUMP,NEAR,ETH,FARTCOIN",高杠杆/短线赌徒型，长期单降权
2356883,1595,2026-08-30 07:17:52,30,0xeeaf4055e581dae6a4eaea0a66181ecb207787f1,smart_money,P-C,5.020599913279625,0.75,4,0,4,,,-15.119532223211367,-15.668500057783936,1501.6758333333332,8.5,20.0,34.52939912839918,-42.606266454310784,0.5,0.5,"AAVE,AERO,BTC,PUMP",仓位收益偏弱，降权参考
2356962,1595,2026-08-30 07:17:52,30,0xef70339934261ca3524bddfa7d02e0a69107a84c,money_printer,P-G,54.71964344005834,0.65,4,1,3,1.0,1.041805176656411,3.1738463699988984,9.719643440058341,709.9489583333334,25.0,40.0,19.32677740019504,-18.143500117245793,0.0,1.0,"ETH,BTC,ZEC",高杠杆/短线赌徒型，长期单降权
2356884,1595,2026-08-30 07:17:52,30,0xef96d013bdb1a5dfe553999f19b5091b9a299383,smart_money,P-G,43.23976983852737,0.65,124,97,27,0.5979381443298969,0.3141182923939809,-9.033963872757814,-1.7602301614726257,274.2944578853047,13.10483870967742,40.0,5.3242053781979095,-10.716502987562716,0.0,0.8629032258064516,"ETH,HYPE,ZEC,BNB,APT",高杠杆/短线赌徒型，长期单降权
2357454,1595,2026-08-30 07:17:52,30,0xeff7fe671d9a7acf86f48994bc5d5161042415b6,smart_money,P-G,44.95858185598102,0.65,16,15,1,0.6,-0.0303925496831023,-0.2068020590570338,-0.04141814401897301,75.0821875,20.625,25.0,0.6492048971317357,-1.3027510275881422,0.0,1.0,"BTC,ETH",高杠杆/短线赌徒型，长期单降权
2357017,1595,2026-08-30 07:17:52,30,0xf00bb08f7d1d04a9415408c939c02410fc6791b1,smart_money,P-N,50.0,1.0,1,0,1,,,21.037929770453978,15.871172106159435,590.0091666666667,20.0,20.0,24.869110352539767,-3.109180139729044,0.0,1.0,BTC,仓位样本不足，暂不影响权重
2357040,1595,2026-08-30 07:17:52,30,0xf00eabc409c51cf884ec7861cb839524af6afe3d,smart_money,P-B,95.28151250383644,1.0,6,4,2,0.75,31.17766555084887,32.691615908304534,31.68231567000076,160.17212962962964,8.5,20.0,36.38126293552234,-1.4462044627421193,0.16666666666666666,0.5,"ZEC,BNB,CASHCAT,ETHFI,VIRTUAL",仓位表现普通有效
2357149,1595,2026-08-30 07:17:52,30,0xf0480a7892bc260658e82359f3c9374bc0a75444,money_printer,P-G,45.672244938079196,0.65,3,2,1,0.5,1.1940148390998706,0.46893958857450646,0.6722449380791956,500.5586111111111,20.0,20.0,3.289102996357176,-3.4604393885277402,0.0,1.0,BTC,高杠杆/短线赌徒型，长期单降权
2357356,1595,2026-08-30 07:17:52,30,0xf05359fe3426248c3eb48ca9474160dc4510b99d,smart_money,P-B,67.81337820055487,1.0,248,247,1,0.5465587044534413,0.016454429999501127,-0.09734022005797668,0.01906992827795069,2.7903237007168444,4.383064516129032,20.0,0.26010538628510116,-0.27228885855421486,0.004032258064516129,0.024193548387096774,"ETH,BTC",仓位表现普通有效
2357408,1595,2026-08-30 07:17:52,30,0xf060e33cfa0727a224a184622606213e8f4e6a6f,smart_money,P-B,70.83798210119664,1.0,102,101,1,0.6039603960396039,0.06396001894034824,0.281023422462912,0.06469091470237555,3.784501633986928,8.470588235294118,20.0,0.36913492861224767,-0.2911610880465229,0.0,0.0784313725490196,BTC,仓位表现普通有效
2357708,1595,2026-08-30 07:17:52,30,0xf10b1ba419f347fc129e4e79275fa022d72208de,smart_money,P-N,50.0,1.0,1,1,0,1.0,84.97434098619027,,84.97434098619027,1292.6602777777778,10.0,10.0,84.97434098619027,0.0,0.0,1.0,HYPE,仓位样本不足，暂不影响权重
2356885,1595,2026-08-30 07:17:52,30,0xf1245033de5669c24b7915256afb598ac3245bf1,smart_money,P-C,41.78151250383644,0.75,6,2,4,0.5,7.416245318659808,-29.26997826367723,-17.041237069564882,726.8405092592593,9.166666666666666,20.0,10.04032495997613,-25.849814684560226,0.0,0.5,"BTC,ETH,ZEC,ASTER,AAVE",仓位收益偏弱，降权参考
2357535,1595,2026-08-30 07:17:52,30,0xf17de447fdfa1778db06111e3cbdc878332adab2,money_printer,P-G,46.09323266518452,0.65,21,21,0,0.5714285714285714,1.093232665184524,,1.093232665184524,30.049246031746033,27.142857142857142,40.0,2.6181012291756285,-0.5958538892610222,0.0,1.0,"BTC,HYPE,ENA",高杠杆/短线赌徒型，长期单降权
2356886,1595,2026-08-30 07:17:52,30,0xf191539a2c4ba0af951438bb6abfa0625c7df2ef,smart_money,P-G,51.88899114178494,0.65,4,0,4,,,11.880303547669346,6.888991141784945,1160.0970833333333,23.75,40.0,36.82576762642998,-21.95495271631332,0.0,1.0,"ETH,HYPE,SOL,BTC",高杠杆/短线赌徒型，长期单降权
2356887,1595,2026-08-30 07:17:52,30,0xf19b3c8b8004149cf21c8efe4433cd3b57752695,smart_money,P-G,47.72923188047442,0.65,16,13,3,0.15384615384615385,-0.22842746321621818,17.346113025063165,2.7292318804744196,225.73164930555555,35.8125,40.0,5.702047845258931,-2.74761929978055,0.0625,0.9375,"BTC,HYPE,CC",高杠杆/短线赌徒型，长期单降权
2357007,1595,2026-08-30 07:17:52,30,0xf208b13968cf79db8ed788907e70c288a3169c0b,smart_money,P-N,50.0,1.0,1,0,1,,,16.237232696639616,18.708866941567635,635.0158333333334,10.0,10.0,43.320887462585226,-8.590736569259736,0.0,1.0,WLD,仓位样本不足，暂不影响权重
2356888,1595,2026-08-30 07:17:52,30,0xf215c807672f168f6894bb2f5154000de11b4d85,smart_money,P-N,50.0,1.0,1,0,1,,,-22.524436622915857,-22.524436622915857,1501.6758333333332,40.0,40.0,9.947177644215875,-26.402669201008926,0.0,1.0,BTC,仓位样本不足，暂不影响权重
2356889,1595,2026-08-30 07:17:52,30,0xf21cd17b9db49fdb21bfdf714558cf8bde3221bd,smart_money,P-B,82.45793180102993,1.0,390,282,108,0.5673758865248227,1.2562024539096086,0.6231407393808667,0.9605534618897615,310.1734437321937,5.461538461538462,12.0,8.196404424147518,-8.300684972931036,0.26153846153846155,0.05897435897435897,"HYPE,ZEC,VVV,ETH,LIT",仓位表现普通有效
2357620,1595,2026-08-30 07:17:52,30,0xf220c9b7b4c0e5e785ebe4b40b17576ce24473e0,money_printer,P-G,47.473040263162645,0.65,6,6,0,0.6666666666666666,2.4730402631626416,,2.4730402631626416,64.6675462962963,36.666666666666664,40.0,4.917922827479726,-0.6632329533726146,0.0,1.0,"BTC,ETH",高杠杆/短线赌徒型，长期单降权
2357252,1595,2026-08-30 07:17:52,30,0xf2500dbc34617daf22b5186a1bfb9f5f3a33ae13,smart_money,P-N,50.0,1.0,2,0,2,,,-0.3200700978181026,-0.3200700978181026,123.00416666666666,1.5,2.0,5.442375969431599,-2.086293416444825,1.0,0.0,"BTC,ZEC",仓位样本不足，暂不影响权重
2356890,1595,2026-08-30 07:17:52,30,0xf25df1972b89d3cdb051cf8b2bf385b5dcb9aa21,smart_money,P-G,44.60748002224521,0.65,38,35,3,0.42857142857142855,-0.8266237167761307,15.13074684005222,-0.39251997775478387,131.73896198830408,17.31578947368421,20.0,3.2414614451469577,-2.9342986803261684,0.0,0.9473684210526315,"BTC,ETH,SOL,XRP,ONDO",高杠杆/短线赌徒型，长期单降权
2357202,1595,2026-08-30 07:17:52,30,0xf27ebb91ea420f73b59b205ac7e0b77a90ec8f3c,money_printer,P-B,71.5464891018473,1.0,1201,1183,18,0.588334742180896,0.17986813240855656,0.21251521366158752,0.18152857459229338,11.165055046720319,4.676935886761033,5.0,1.2373556711529343,-1.0834635758725921,0.16153205661948378,0.0,"HYPE,LIT,ZEC,TAO,XRP",仓位表现普通有效
2357508,1595,2026-08-30 07:17:52,30,0xf2d96ddecf1bb5639960e407b133705a812ffc34,smart_money,P-N,50.0,1.0,2,2,0,0.0,-4.2323846721550655,,-4.2323846721550655,26.50013888888889,7.5,10.0,1.8708573872140242,-4.2323846721550655,0.0,0.5,"PUMP,BTC",仓位样本不足，暂不影响权重
2356891,1595,2026-08-30 07:17:52,30,0xf3eb9dc9626800f5c2157a14adfaba2177e1f7b5,money_printer,P-C,0.43787921386329387,0.75,3,0,3,,,-17.379039627346504,-16.005164832131847,1322.452037037037,8.333333333333334,10.0,23.335415815328787,-29.305909949988678,0.0,0.6666666666666666,"LINK,NEAR,LIT",仓位收益偏弱，降权参考
2357121,1595,2026-08-30 07:17:52,30,0xf40f4129b137f30ab83dfe7f46a468fc6830865f,smart_money,P-R,25.0,-0.8,11,10,1,0.2,-0.8369774162781531,-5.042467128324362,-1.2192946628278087,40.45757575757576,5.0,5.0,0.6746423942991105,-3.4494456976620254,0.0,0.0,"BTC,KAITO,HYPE",仓位真实收益偏反向，可作为反向参考
2356892,1595,2026-08-30 07:17:52,30,0xf436d47f962e4acd96eb6d87677db91d5f40a204,smart_money,P-C,0.0,0.75,4,0,4,,,-22.962650673252192,-19.232011418349416,1501.6758333333332,14.25,27.0,15.009141753683377,-46.05992413405543,0.0,0.5,"BTC,HYPE,INJ,SOL",仓位收益偏弱，降权参考
2356967,1595,2026-08-30 07:17:52,30,0xf469697ae698e1459f02cdabc882c468fad5396d,smart_money,P-G,50.74032365691456,0.65,9,5,4,0.6,-0.18324036590556472,13.024453521499295,5.740323656914561,240.67324074074077,18.666666666666668,40.0,17.013268541095826,-3.966019906324465,0.1111111111111111,0.7777777777777778,"BTC,ETHFI,LINK,PUMP,ENA",高杠杆/短线赌徒型，长期单降权
2357569,1595,2026-08-30 07:17:52,30,0xf47fe5f0f6c3ebfde365e34e6d15fb2ed4c39cdb,smart_money,P-G,44.584145038350364,0.65,37,37,0,0.35135135135135137,-0.4158549616496353,,-0.4158549616496353,8.59273273273273,11.108108108108109,40.0,1.1477483161899353,-1.7356047308737181,0.05405405405405406,0.7027027027027027,"XRP,ETH,FARTCOIN,UNI,SOL",高杠杆/短线赌徒型，长期单降权
2357200,1595,2026-08-30 07:17:52,30,0xf48111d547f8de8f37fd68bc8b971a5a57019825,smart_money,P-N,50.0,1.0,2,1,1,0.0,-3.1107355656991498,6.674927006403816,1.7820957203523338,103.00222222222223,1.5,2.0,8.157602846277856,-5.4430144114248735,1.0,0.0,"LIT,BTC",仓位样本不足，暂不影响权重
2356893,1595,2026-08-30 07:17:52,30,0xf4939e64793fc85b68ec4ddb1697b01db3977134,smart_money,P-N,50.0,1.0,1,0,1,,,81.7367664524233,78.9476489223128,1501.6758333333332,5.0,5.0,97.58948767077337,-11.971417031591015,0.0,0.0,LIT,仓位样本不足，暂不影响权重
2357783,1595,2026-08-30 07:17:52,30,0xf521c8d72af09309f0c50f9c3dd053fc7b013c33,smart_money,P-N,50.0,1.0,1,1,0,1.0,19.138998167535913,,19.138998167535913,1162.658888888889,3.0,3.0,25.503927624075757,0.0,1.0,0.0,BTC,仓位样本不足，暂不影响权重
2356894,1595,2026-08-30 07:17:52,30,0xf524d20408d9f426c74903924941efd1aae5e59d,smart_money,P-G,35.0,0.65,9,2,7,0.0,-0.16859539230582843,-16.04174555899355,-10.52658420975534,845.1543209876542,15.11111111111111,20.0,7.9912531470019355,-18.319923645387732,0.0,0.8888888888888888,"BTC,BNB,ETH,HYPE,LTC",高杠杆/短线赌徒型，长期单降权
2356895,1595,2026-08-30 07:17:52,30,0xf53cab0c6f25f48f985d1e2c40e03fc7c1963364,smart_money,P-R,25.0,-0.8,12,0,12,,,-12.856252267854892,-11.417276471721202,1051.9526620370368,10.166666666666666,40.0,17.783369414423213,-29.97932839274836,0.25,0.5,"ASTER,BCH,BTC,HYPE,NEAR",仓位真实收益偏反向，可作为反向参考
2357376,1595,2026-08-30 07:17:52,30,0xf55f10b83bdb21d5f6b7449d4ea3589a8ae30d3a,smart_money,P-G,45.66694417436132,0.65,15,14,1,0.5714285714285714,0.5862266947531782,1.7969888888753176,0.6669441743613209,22.932074074074077,14.0,20.0,1.4716110358184429,-1.1651835172721414,0.0,1.0,"HYPE,BTC,ETH",高杠杆/短线赌徒型，长期单降权
2357188,1595,2026-08-30 07:17:52,30,0xf58b673c1633ccef0ac58263cdc95ed80f817fc7,money_printer,P-B,58.878800104145824,1.0,23,21,2,0.5238095238095238,-0.19176569400286608,5.1839564815236585,0.27568840821683166,96.4649154589372,17.17391304347826,40.0,1.6094047995913185,-2.8113179117364813,0.0,0.34782608695652173,"XMR,BTC",仓位表现普通有效
2357274,1595,2026-08-30 07:17:52,30,0xf5a523b171032c060d49c39fbf2e9bec473e1286,money_printer,P-N,50.0,1.0,2,1,1,1.0,1.6333938294010784,0.017855867438046104,0.8256248484195622,53.002361111111114,15.0,20.0,3.1665290695466246,-0.9838582958360105,0.0,1.0,"XRP,kSHIB",仓位样本不足，暂不影响权重
2357159,1595,2026-08-30 07:17:52,30,0xf5d889840ff183c72b0b57aac895303eee76f226,smart_money,P-G,45.06783546491123,0.65,419,415,4,0.5686746987951807,0.04959082272973481,1.0429882922773293,0.06783546491122573,10.364769954919131,32.042959427207634,40.0,0.5240545158153296,-0.4670922004664401,0.05250596658711217,0.9474940334128878,"BTC,ETH,SOPH,ANIME,HYPE",高杠杆/短线赌徒型，长期单降权
2356896,1595,2026-08-30 07:17:52,30,0xf5dd745bcf393686ceffb6a43f7e7b4c172aefad,smart_money,P-G,46.28825723736913,0.65,19,12,7,0.6666666666666666,2.63552517259397,-0.21078157440700027,1.2882572373691308,342.1627192982455,14.368421052631579,40.0,6.806221170987842,-7.352475523285665,0.05263157894736842,0.7894736842105263,"kPEPE,BTC,HYPE,ETH,GRAM",高杠杆/短线赌徒型，长期单降权
2356897,1595,2026-08-30 07:17:52,30,0xf5f4c3aa62a0f903a8529905031b1536d1cf16f8,smart_money,P-N,50.0,1.0,2,0,2,,,-63.6130303253436,-63.6130303253436,1501.6758333333332,1.5,2.0,3.357547340871931,-69.20464120845588,1.0,0.0,"BTC,HYPE",仓位样本不足，暂不影响权重
2357588,1595,2026-08-30 07:17:52,30,0xf629d790657e15ae9b51731932a5b63ff20b8b01,smart_money,P-N,50.0,1.0,2,2,0,0.0,-27.27477751730118,,-27.27477751730118,523.0069444444445,12.5,20.0,3.1785600727065138,-28.343210511935663,0.0,0.5,"BTC,ETH",仓位样本不足，暂不影响权重
2356898,1595,2026-08-30 07:17:52,30,0xf62edeee17968d4c55d1c74936d2110333342f30,money_printer,P-C,0.0,0.75,3,0,3,,,-52.62429487008487,-50.31615970584494,1501.6758333333335,13.666666666666666,30.0,38.338935414503204,-62.12672347475432,0.0,0.3333333333333333,"BTC,HYPE,PUMP",仓位收益偏弱，降权参考
2356952,1595,2026-08-30 07:17:52,30,0xf6cb2067f954e1dfa5cb473d7f7673e0b2f95d32,smart_money,P-G,35.113107493339015,0.65,4,2,2,0.5,2.3345859794068655,-22.10837099272883,-9.886892506660985,998.5863888888889,20.0,20.0,10.443494323002483,-13.287609965334937,0.0,1.0,"BTC,ETH,SOL",高杠杆/短线赌徒型，长期单降权
2356940,1595,2026-08-30 07:17:52,30,0xf6e0efd25be6f4302190ea44db596719aa400588,smart_money,P-N,50.0,1.0,1,0,1,,,39.74490085790581,39.74490085790582,1369.7994444444444,20.0,20.0,43.954888926765534,-2.0936310436906944,0.0,1.0,ETH,仓位样本不足，暂不影响权重
2357741,1595,2026-08-30 07:17:52,30,0xf709deb9ca069e53a31a408fde397a87d025a352,smart_money,P-N,50.0,1.0,2,2,0,0.0,-0.18849254298793863,,-0.18849254298793863,0.9981944444444444,10.0,10.0,0.1060196176165495,-0.18849254298793863,0.0,1.0,HYPE,仓位样本不足，暂不影响权重
2357756,1595,2026-08-30 07:17:52,30,0xf74deefc2d993bf56f54ad2a7c0c42bf3f6c2982,smart_money,P-N,50.0,1.0,1,1,0,0.0,-0.2699295766913566,,-0.2699295766913566,3.0027777777777778,5.0,5.0,0.41221614378997407,-0.2699295766913566,0.0,0.0,SOL,仓位样本不足，暂不影响权重
2357233,1595,2026-08-30 07:17:52,30,0xf770f371cc66499a89ae56aa84f9506e083f99ea,smart_money,P-B,88.57241029704517,1.0,51,39,12,0.717948717948718,0.14648714265957827,-0.8045831272944582,-0.07729409732960714,108.41868191721132,6.450980392156863,20.0,5.572322470861096,-5.013071675334664,0.3333333333333333,0.17647058823529413,"UNI,LIT,BTC,HYPE,CASHCAT",仓位表现普通有效
2356899,1595,2026-08-30 07:17:52,30,0xf780adb6ca4a737d2a8def6dd445b0c0276d70e1,smart_money,P-G,65.0,0.65,4,0,4,,,31.77694236488397,31.77694236488397,1238.259375,10.75,20.0,52.495151180882864,-15.927266264607105,0.25,0.75,"ETH,PURR,WLD,HYPE",高杠杆/短线赌徒型，长期单降权
2357701,1595,2026-08-30 07:17:52,30,0xf7b5461d0007ce4b52eaea2f6d2a30cef0fbefff,smart_money,P-G,44.151252704754995,0.65,8,8,0,0.375,-0.848747295245006,,-0.848747295245006,3.6246180555555556,32.5,40.0,1.1357543732724336,-1.1531789440557512,0.0,1.0,"BTC,ETH,PUMP",高杠杆/短线赌徒型，长期单降权
2357320,1595,2026-08-30 07:17:52,30,0xf7b7934ca8ff68a8b1d721232259b3c55eee5468,smart_money,P-G,49.83686076612463,0.65,4,3,1,0.6666666666666666,8.10256784201724,-4.9602604615532,4.83686076612463,288.1661111111111,16.25,40.0,8.315150575976144,-2.13924148315818,0.0,0.75,"HYPE,TAO,BTC",高杠杆/短线赌徒型，长期单降权
2356900,1595,2026-08-30 07:17:52,30,0xf7c2ed23ddff71b17473db6f330fd8cb18388010,smart_money,P-N,50.0,1.0,1,0,1,,,-75.37276514585363,-72.43611469567249,1501.6758333333332,3.0,3.0,0.0,-81.63972456534412,1.0,0.0,HYPE,仓位样本不足，暂不影响权重
2357280,1595,2026-08-30 07:17:52,30,0xf7c8f36f76175b7742da42c8b714a4d8331b7260,smart_money,P-G,43.64386678716357,0.65,4,3,1,0.3333333333333333,-2.4118412307705306,1.8109908409658673,-1.356133212836431,155.00194444444443,10.0,10.0,6.015217590243944,-5.085757452552593,0.0,1.0,"HYPE,PUMP,ENA",高杠杆/短线赌徒型，长期单降权
2357689,1595,2026-08-30 07:17:52,30,0xf8143d76137489ae1fbcb8dbdc3937f66d6618cb,smart_money,P-N,50.0,1.0,2,2,0,0.0,-4.068730692940789,,-4.068730692940789,0.9977777777777778,10.0,10.0,0.0,-4.068730692940789,0.0,1.0,"HYPE,ZEC",仓位样本不足，暂不影响权重
2357746,1595,2026-08-30 07:17:52,30,0xf818074d013f376b860c02f0ad2bf98b12139489,smart_money,P-B,96.43787921386328,1.0,3,3,0,0.6666666666666666,9.80749824967827,,9.80749824967827,526.1087037037037,5.0,5.0,15.850502482600398,-4.403139044118941,0.0,0.0,"SOL,HYPE,ETH",仓位表现普通有效
2356901,1595,2026-08-30 07:17:52,30,0xf822fa0fd364c573fcdb7009fcf47601bc8be01a,money_printer,P-R,25.0,-0.8,13,4,9,0.0,-9.084504400714831,-29.058727270458558,-5.116114396562947,939.4609401709403,3.0,3.0,11.936244292297774,-36.31018222364221,1.0,0.0,"BTC,SOL,ETH,HYPE,ADA",仓位真实收益偏反向，可作为反向参考
2356902,1595,2026-08-30 07:17:52,30,0xf83ff544ed6f00fe7a74782aee3fd9ea54d96728,money_printer,P-N,50.0,1.0,2,1,1,0.0,-22.803267177489335,-59.21253278571864,-41.00789998160399,1207.6677777777777,11.5,20.0,0.2759874928211302,-46.882917682149866,0.5,0.5,"ORDI,ETH",仓位样本不足，暂不影响权重
2356903,1595,2026-08-30 07:17:52,30,0xf86149475b49bdb11cd8b27c38ae11a1569fbbdc,smart_money,P-C,85.42757925722348,0.75,15,8,7,1.0,26.618373751831992,-64.30936308649045,-12.991461909723224,926.4078703703706,5.8,10.0,22.001049481667216,-40.33199588575932,0.26666666666666666,0.26666666666666666,"ZRO,HYPE,LIT,NEAR,VVV",仓位收益偏弱，降权参考
2357341,1595,2026-08-30 07:17:52,30,0xf889692c619ff045b80b3841f43fab71278ed498,smart_money,P-R,25.0,-0.8,19,18,1,0.2777777777777778,-2.1521486109939065,-5.417654864704696,-2.324017361189211,135.73827485380116,14.736842105263158,40.0,2.111766166260526,-3.743823285831786,0.3157894736842105,0.2631578947368421,"ZEC,BTC",仓位真实收益偏反向，可作为反向参考
2356904,1595,2026-08-30 07:17:52,30,0xf899937184168b1d9dee75acbaa3fef0f52888db,money_printer,P-G,35.0,0.65,3,0,3,,,-38.10205072678138,-35.71767713333052,1501.6758333333335,20.0,20.0,5.139994476769495,-45.29669133517431,0.0,1.0,"BTC,ETH,SOL",高杠杆/短线赌徒型，长期单降权
2357612,1595,2026-08-30 07:17:52,30,0xf8ae5f0d229618b4deead1b3901ed3134207b7d8,smart_money,P-G,44.550859359869605,0.65,8,8,0,0.5,-0.44914064013039456,,-0.44914064013039456,42.75204861111111,11.125,20.0,6.0558631038130315,-3.4642959748444033,0.0,0.75,"BTC,DOGE,PENGU,ETH,ZEC",高杠杆/短线赌徒型，长期单降权
2356956,1595,2026-08-30 07:17:52,30,0xf8bb001a9e55d81fd6a5834f8e64865ef4e231c9,smart_money,P-N,50.0,1.0,2,0,2,,,-7.70879754928516,-15.73095550956498,1236.5029166666668,10.0,10.0,14.111883137956761,-22.729479254754686,0.0,1.0,"BTC,ETH",仓位样本不足，暂不影响权重
2356905,1595,2026-08-30 07:17:52,30,0xf8e190c49164d6aa2f4362bd429e2c400baf7c61,smart_money,P-N,50.0,1.0,1,0,1,,,90.3299139753214,90.3299139753214,1501.6758333333332,1.0,1.0,98.53973807228054,0.0,1.0,0.0,ZEC,仓位样本不足，暂不影响权重
2357549,1595,2026-08-30 07:17:52,30,0xf8fcae418ddedfb12f8fa06ea5fc8724fe60b75d,smart_money,P-G,44.34746743139673,0.65,14,14,0,0.42857142857142855,-0.6525325686032675,,-0.6525325686032675,40.0770238095238,11.0,20.0,4.317570742531026,-2.973316849498517,0.0,0.5714285714285714,"SOL,HYPE,ETH,BTC,ZEC",高杠杆/短线赌徒型，长期单降权
2357106,1595,2026-08-30 07:17:52,30,0xf9109ada2f73c62e9889b45453065f0d99260a2d,smart_money,P-B,71.21074899163989,1.0,1801,1775,26,0.5926760563380282,0.16406567468817507,0.40678933106245385,0.16154594986347398,11.380574218027013,3.7373681288173235,10.0,0.9213345084025254,-0.7484195928089744,0.6724042198778456,0.029983342587451417,"ZEC,HYPE,ETH,BTC,XRP",仓位表现普通有效
2356906,1595,2026-08-30 07:17:52,30,0xf92ddf919186b80d8619a12e7f4379f678939b74,smart_money,P-G,35.0,0.65,4,1,3,0.0,-3.2541031619430933,-54.13410974379548,-40.750337459701754,932.0913888888888,12.5,20.0,5.750953710807498,-51.66790313320015,0.0,1.0,"SUI,BTC,HYPE",高杠杆/短线赌徒型，长期单降权
2356907,1595,2026-08-30 07:17:52,30,0xf94b346387ae5f1ae84bf10e36008cb552ca82d5,smart_money,P-N,50.0,1.0,1,0,1,,,11.990669658674852,11.912801640411207,1501.6758333333332,10.0,10.0,25.933034132514475,-8.91401913310499,0.0,1.0,NEAR,仓位样本不足，暂不影响权重
2357596,1595,2026-08-30 07:17:52,30,0xf9705511f4d0ae48aa128f73518c776fbda27ba7,smart_money,P-B,96.33106736657837,1.0,31,31,0,0.8387096774193549,2.047434891537174,,2.047434891537174,75.21174731182795,9.258064516129032,25.0,5.217182427408722,-3.2283937650381875,0.2903225806451613,0.41935483870967744,"LIT,ETH,HYPE,BTC,CASHCAT",仓位表现普通有效
2357262,1595,2026-08-30 07:17:52,30,0xf97ad6704baec104d00b88e0c157e2b7b3a1ddd1,money_printer,P-A,100.0,1.15,30,28,2,1.0,1.918263486113719,0.6139304912046095,1.8293702409828863,20.59985185185185,6.5,20.0,2.310316625295161,-0.5480662522176111,0.0,0.16666666666666666,"HYPE,ETH,BTC,XRP,SOL",仓位收益稳定，适合加权参考
2357315,1595,2026-08-30 07:17:52,30,0xf9aa2b842eb3b27268d092d465fd186dff95c22e,smart_money,P-B,66.26482936417328,1.0,7,6,1,0.5,0.2755465663421534,-1.2766517192669697,-0.09307551798464266,12.572896825396825,2.142857142857143,3.0,1.5685741214801379,-1.6515553823446754,1.0,0.0,HYPE,仓位表现普通有效
2356908,1595,2026-08-30 07:17:52,30,0xfa1413451bc8dd3484787eb3c3156a7e28c4aade,smart_money,P-G,44.86512202582614,0.65,75,70,5,0.3,-0.38050950377524223,3.249503464786053,-0.13487797417386066,55.0868888888889,11.88,40.0,3.9668092098143104,-3.0281177598806313,0.16,0.7333333333333333,"SOL,ZEC,XPL,CASHCAT,ENA",高杠杆/短线赌徒型，长期单降权
2357777,1595,2026-08-30 07:17:52,30,0xfab35149ccbcd9044ef062270f55c8b3fb650e21,smart_money,P-N,50.0,1.0,1,1,0,1.0,3.6017493813235637,,3.6017493813235637,195.00166666666667,10.0,10.0,9.124040302285378,-1.8512333951992792,0.0,1.0,HYPE,仓位样本不足，暂不影响权重
2357686,1595,2026-08-30 07:17:52,30,0xfaf665c655613e5713a2bdc3b4cd109e25b4b5f6,smart_money,P-C,64.14339652437636,0.75,15,15,0,0.4666666666666667,2.691241966909778,,2.691241966909778,32.06927777777778,6.533333333333333,20.0,6.408821092621934,-1.6647219969853042,0.4,0.3333333333333333,"PNUT,PUMP,VIRTUAL,WIF,SOL",仓位收益偏弱，降权参考
2357409,1595,2026-08-30 07:17:52,30,0xfb697d3976e42df505286fde283000608c20926d,smart_money,P-G,35.0,0.65,12,11,1,0.2727272727272727,-10.981522226899612,0.5089957256175287,-10.023979064189847,612.1216435185185,30.416666666666668,40.0,2.9536365885765985,-13.110899946689107,0.0,1.0,"BTC,SOL,XRP,ETH,BCH",高杠杆/短线赌徒型，长期单降权
2357092,1595,2026-08-30 07:17:52,30,0xfb751fa655f5e7cb9e4a474cf616e1439600bec2,smart_money,P-N,50.0,1.0,1,0,1,,,-11.284840728100114,-11.284840728100114,255.01666666666668,2.0,2.0,0.0,-14.80730944254835,1.0,0.0,BTC,仓位样本不足，暂不影响权重
2356909,1595,2026-08-30 07:17:52,30,0xfb8c34145bdea190693325d0ab01e81120909b3f,money_printer,P-C,75.02059991327963,0.75,4,1,3,1.0,5.460431654676265,-37.1201581942888,-26.274158664791994,766.838611111111,9.5,20.0,4.4093874814983245,-33.305456506804134,0.25,0.5,"HYPE,XMR,SAGA,XRP",仓位收益偏弱，降权参考
2356971,1595,2026-08-30 07:17:52,30,0xfb941d2344b72ea9101400392b818173772d0ddf,money_printer,P-G,48.30071296465749,0.65,7,3,4,0.3333333333333333,-8.902908496311015,11.433567191195678,3.300712964657491,259.86773809523805,12.142857142857142,20.0,15.058926962264033,-8.335933167894131,0.0,0.8571428571428571,"PUMP,HYPE,BTC,ONDO,AAVE",高杠杆/短线赌徒型，长期单降权
2357056,1595,2026-08-30 07:17:52,30,0xfb996bd6467d1575d338967415dc0ee72c6037f3,smart_money,P-C,52.78471405340506,0.75,4,2,2,0.0,-3.543057414652875,15.307171554778312,5.882057070062718,105.75999999999999,3.0,5.0,10.36275277640922,-4.374397688978238,0.75,0.0,"ETH,SOL,WLD,ASTER",仓位收益偏弱，降权参考
2357093,1595,2026-08-30 07:17:52,30,0xfba31dfa3c6612abca9a27f65af77d9fed7e2db7,smart_money,P-N,50.0,1.0,2,1,1,1.0,8.918419641333555,-3.3315991570318726,2.7934102421508413,386.5081944444444,40.0,40.0,5.6829240112018296,-3.5641473985084224,0.0,1.0,BTC,仓位样本不足，暂不影响权重
2357511,1595,2026-08-30 07:17:52,30,0xfba7c3e68638fda0a13994ddb6733cbd016ec826,smart_money,P-G,44.99012711631164,0.65,23,23,0,0.5217391304347826,-0.009872883688357143,,-0.009872883688357143,1.3903623188405796,9.130434782608695,10.0,0.7460750704214941,-0.5629650924563062,0.0,0.8260869565217391,"HYPE,LIT,XMR,PUMP,ZEC",高杠杆/短线赌徒型，长期单降权
2356910,1595,2026-08-30 07:17:52,30,0xfbc5a98a1358ba1ba8a9e2eebe94e6e3c9b6df24,smart_money,P-N,50.0,1.0,1,0,1,,,-191.82371651160184,-191.82371651160184,1501.6758333333332,3.0,3.0,0.0,-202.25205974666514,1.0,0.0,HYPE,仓位样本不足，暂不影响权重
2356911,1595,2026-08-30 07:17:52,30,0xfbc9638938262f15cc1b3a751a54d538559da361,money_printer,P-G,42.21188100710103,0.65,3,0,3,,,-9.273995429031816,-2.7881189928989762,1501.6758333333335,28.333333333333332,40.0,26.54555238366056,-13.549901343878664,0.0,1.0,"BTC,ETH,SOL",高杠杆/短线赌徒型，长期单降权
2357193,1595,2026-08-30 07:17:52,30,0xfc1d41ff4a7c1e2aa4d493428d7437b34918e53e,smart_money,P-G,45.76326047467393,0.65,6,4,2,0.5,1.6051052577271678,0.28806059827942776,0.763260474673924,136.5001388888889,37.5,40.0,3.282609617302333,-2.4010542999836106,0.0,1.0,"BTC,ETH",高杠杆/短线赌徒型，长期单降权
2356943,1595,2026-08-30 07:17:52,30,0xfc27136e42af1732ddc9ce2605ea9bff1b959d9d,money_printer,P-G,44.21645236479311,0.65,103,81,22,0.5555555555555556,0.39335218781775955,-9.038415442384348,-0.783547635206884,221.05941477885654,14.466019417475728,20.0,3.011917462494735,-6.114813595571864,0.0,0.9611650485436893,"SOL,ETH,AVAX,BTC,LINK",高杠杆/短线赌徒型，长期单降权
2357286,1595,2026-08-30 07:17:52,30,0xfc37faf026597474691dca71ed9dcae1a6633b84,smart_money,P-G,45.28243269402604,0.65,160,155,5,0.5032258064516129,0.32372156189369516,-0.9434584395961011,0.2824326940260404,9.02477951388889,18.66875,40.0,1.99301117054793,-1.0883778791585836,0.01875,0.90625,"ETH,BTC,HYPE,PUMP,SOL",高杠杆/短线赌徒型，长期单降权
2356912,1595,2026-08-30 07:17:52,30,0xfc667adba8d4837586078f4fdcdc29804337ca06,money_printer,P-G,45.02430998182412,0.65,53,47,6,0.46808510638297873,0.1979215573176628,1.3350403418277053,0.024309981824114996,113.76501572327051,16.88679245283019,20.0,2.0048841207456873,-2.663851275586862,0.0,0.7924528301886793,"BTC,ETH,HYPE,XRP,PAXG",高杠杆/短线赌徒型，长期单降权
2357814,1595,2026-08-30 07:17:52,30,0xfc84a4bba95d3a13f91a9c0d735c0af04a18f4d0,smart_money,P-N,50.0,1.0,2,2,0,0.5,31.934904292939635,,31.934904292939635,976.6577777777778,3.5,5.0,64.01503470758155,-8.915547703180211,0.5,0.0,"BTC,HYPE",仓位样本不足，暂不影响权重
2357011,1595,2026-08-30 07:17:52,30,0xfc98b6ec7f59ea13354bae6171a9120692fb8777,money_printer,P-C,73.71002139134922,0.75,14,13,1,0.8461538461538461,1.401660063418531,-54.09577819785759,-2.5624426695297635,55.00162698412698,7.5,10.0,1.9877151954032644,-8.331876292964308,0.35714285714285715,0.6428571428571429,"PUMP,ZEC,VVV,HYPE,LIT",仓位收益偏弱，降权参考
2356913,1595,2026-08-30 07:17:52,30,0xfce053a5e461683454bf37ad66d20344c0e3f4c0,money_printer,P-N,50.0,1.0,2,0,2,,,11.55074867694179,13.980415362158778,781.8395833333333,11.5,20.0,26.64662934994058,-3.080662740731211,0.5,0.5,"ETH,HYPE",仓位样本不足，暂不影响权重
2357499,1595,2026-08-30 07:17:52,30,0xfcf104006bfff47695c1dc21dad3e9de1e72098e,smart_money,P-C,62.1039028627812,0.75,347,346,1,0.4595375722543353,-0.03165659548481517,-0.10348629861872548,-0.03186359751113768,2.0778498238872865,3.190201729106628,6.0,0.13933148119162253,-0.1599135239733999,0.6685878962536023,0.0,BTC,仓位收益偏弱，降权参考
2357736,1595,2026-08-30 07:17:52,30,0xfd041f7e1851da14e250b02251d12f896dc172fe,smart_money,P-C,34.276718378244794,0.75,3,3,0,0.3333333333333333,-1.0805804178092477,,-1.0805804178092477,124.33509259259257,16.333333333333332,31.0,1.5095273132518885,-2.4626902343794526,0.0,0.3333333333333333,BTC,仓位收益偏弱，降权参考
2357631,1595,2026-08-30 07:17:52,30,0xfd97600ac44b3c4e20ac1a5f23e3b18d10fa5912,money_printer,P-C,69.88604336236912,0.75,5,5,0,0.8,-8.051828340495529,,-8.051828340495529,96.02033333333334,6.0,10.0,4.035906541045956,-15.493854677492479,0.0,0.2,"PUMP,HYPE",仓位收益偏弱，降权参考
2356914,1595,2026-08-30 07:17:52,30,0xfdba13d24cb423a393603d72ca80f31b251a3727,money_printer,P-B,68.31964814240906,1.0,129,72,57,0.5138888888888888,0.8483718773115586,0.8153159901605126,0.600069549240714,597.8186261843242,8.627906976744185,20.0,13.295887037387914,-15.07354231039673,0.12403100775193798,0.5426356589147286,"PUMP,ETH,kPEPE,WLD,AVAX",仓位表现普通有效
2356915,1595,2026-08-30 07:17:52,30,0xfdbaa5eee7cdf45eec3a71a672065a67191fda7a,smart_money,P-R,25.0,-0.8,8,3,5,0.3333333333333333,-10.699721299914382,-22.484968084468523,-11.817170573003633,867.3797916666665,3.5,5.0,12.329984837726396,-40.991461941266266,0.625,0.0,"ETH,PURR,XMR,ZRO,CASHCAT",仓位真实收益偏反向，可作为反向参考
2357270,1595,2026-08-30 07:17:52,30,0xfdcec78b3a783d677bad7b8d58823cea5b5d26c2,money_printer,P-N,50.0,1.0,1,0,1,,,-1.16529041849999,-1.5829626504329692,108.99833333333333,20.0,20.0,1.9806483292681962,-2.595784863279284,0.0,1.0,ETH,仓位样本不足，暂不影响权重
2356916,1595,2026-08-30 07:17:52,30,0xfdf891f2b214a4c9374d26595ec6d4080262e381,money_printer,P-C,37.63877268934918,0.75,6,0,6,,,18.48530894067321,8.095296759423036,1501.675833333333,9.333333333333334,20.0,51.27209828486818,-20.80561426847909,0.3333333333333333,0.6666666666666666,"AERO,ENA,ETH,GRASS,HYPE",仓位收益偏弱，降权参考
2357441,1595,2026-08-30 07:17:52,30,0xfdfb306dbff80664bd1f61699089ddead7d7dbb9,smart_money,P-G,45.55977784044522,0.65,16,15,1,0.7333333333333333,0.6211905714962344,-0.3614131253200149,0.5597778404452187,5.3128819444444435,12.8125,20.0,1.6555645745394598,-0.5529789279428887,0.0,1.0,"HYPE,XRP,SOL,DOGE",高杠杆/短线赌徒型，长期单降权
2357500,1595,2026-08-30 07:17:52,30,0xfe1fccb7f954050a4b0ca4bea43c8287b190c55a,smart_money,P-G,44.977800995052895,0.65,361,360,1,0.5166666666666667,-0.02235247929848309,0.022367647434750376,-0.022199004947108122,1.958453370267774,10.0,10.0,0.13055227131677008,-0.1576093308279546,0.0,1.0,BTC,高杠杆/短线赌徒型，长期单降权
2357388,1595,2026-08-30 07:17:52,30,0xfe3952b95be13603e0ce10f90441c5ad7350fcea,smart_money,P-G,44.71074752159612,0.65,8,7,1,0.42857142857142855,-0.4603319704519267,0.9083039659324421,-0.2892524784038805,14.74871527777778,25.0,25.0,0.6106832141085055,-0.6378350369605461,0.0,1.0,ETH,高杠杆/短线赌徒型，长期单降权
2357773,1595,2026-08-30 07:17:52,30,0xfe40fa3decfc6dc555f4ad7736d0dd65ccbd4743,smart_money,P-N,50.0,1.0,1,1,0,0.0,-0.07396910427307836,,-0.07396910427307836,1.001111111111111,30.0,30.0,0.0,-0.1315871433910552,0.0,1.0,BTC,仓位样本不足，暂不影响权重
2357583,1595,2026-08-30 07:17:52,30,0xfe4dec8543b0b9cec0c897a689f7af7bddb02192,smart_money,P-G,48.225279701554186,0.65,9,9,0,0.6666666666666666,3.225279701554187,,3.225279701554187,259.89006172839504,11.444444444444445,20.0,11.783998366801452,-5.926432163949594,0.1111111111111111,0.8888888888888888,"DOGE,CASHCAT,ADA,AVAX,NEAR",高杠杆/短线赌徒型，长期单降权
2356938,1595,2026-08-30 07:17:52,30,0xfe72c242af1a4ca8114c6a170ba4a823785241ce,smart_money,P-B,63.38413158081226,1.0,4200,4086,114,0.5200685266764562,0.041699430645661346,0.23483389156936793,0.03490545196825418,23.833971957671945,4.939285714285714,20.0,1.851471188124874,-1.8895066679095684,0.5142857142857142,0.15452380952380954,"INIT,HEMI,MELANIA,VVV,BRETT",仓位表现普通有效
2356917,1595,2026-08-30 07:17:52,30,0xfe7ce058edc7cfcde9ef8262ba51f8d4796ab7ae,money_printer,P-B,89.06712996608718,1.0,37,8,29,0.75,7.6116854037829995,0.12977443590307292,4.040321739800351,575.9793918918922,9.783783783783784,20.0,15.858172112271674,-17.217854377735456,0.10810810810810811,0.6756756756756757,"TRUMP,WLD,ETH,kBONK,XPL",仓位表现普通有效
2357506,1595,2026-08-30 07:17:52,30,0xfe8c8076596dd917a20a31007ced69ce339129a1,smart_money,P-A,80.37598837892202,1.15,38,38,0,0.8157894736842105,1.1090468210399542,,1.1090468210399542,10.946184210526315,7.5,20.0,1.7018754999724088,-1.2257368305295673,0.0,0.4473684210526316,"LIT,HYPE,FARTCOIN,ENA,SOL",仓位收益稳定，适合加权参考
2356918,1595,2026-08-30 07:17:52,30,0xfece6768ee2df24d3599c710efeea77130cea000,smart_money,P-N,50.0,1.0,1,0,1,,,-11.853812696266413,-11.853812696266413,1501.6758333333332,2.0,2.0,15.913568211338141,-15.394290925255454,1.0,0.0,BTC,仓位样本不足，暂不影响权重
2357758,1595,2026-08-30 07:17:52,30,0xfeec88b13fc0be31695069f02bac18538a154e9c,money_printer,P-N,50.0,1.0,1,1,0,1.0,2.093971944369686,,2.093971944369686,1247.663611111111,5.0,5.0,13.570447337054963,-21.998336711537302,0.0,0.0,HYPE,仓位样本不足，暂不影响权重
2357050,1595,2026-08-30 07:17:52,30,0xfeee942a06d2f8012823ccde7bf7bcbcaa29a09f,smart_money,P-R,25.0,-0.8,12,11,1,0.18181818181818182,-0.04097773207617058,0.2062887991968769,-0.03274299303488422,60.91789351851853,3.9166666666666665,17.0,0.36303741358527203,-0.3935886363326913,0.6666666666666666,0.08333333333333333,BTC,仓位真实收益偏反向，可作为反向参考
2357264,1595,2026-08-30 07:17:52,30,0xff2fed9cb48196ec35fd97b290c583e7a63b17b7,smart_money,P-B,71.18842940069987,1.0,17,16,1,0.5625,0.5236731655372744,-11.05277905980088,-0.15729461242379367,27.890767973856207,6.352941176470588,10.0,4.477776699633884,-1.4832142942636226,0.17647058823529413,0.058823529411764705,"ETH,BTC,MON,CHIP,ZRO",仓位表现普通有效
2357751,1595,2026-08-30 07:17:52,30,0xff7c935b9835d700188a05333d6f7e1e06146a79,smart_money,P-B,79.0877165977114,1.0,3,3,0,0.6666666666666666,3.6582520252573993,,3.6582520252573993,735.7795370370371,6.666666666666667,10.0,11.212062869429042,-1.3774005494324146,0.0,0.3333333333333333,"PAXG,BTC",仓位表现普通有效
2357461,1595,2026-08-30 07:17:52,30,0xffe4e3986d18333402564ea64f3a83fcc1907b52,smart_money,P-G,47.88509043647541,0.65,3,2,1,1.0,4.463401660810674,-0.27153201219513223,2.885090436475405,50.33111111111111,13.333333333333334,20.0,3.499108140002581,-0.7396751754117815,0.0,1.0,"HYPE,SOL",高杠杆/短线赌徒型，长期单降权
