run_id,coin,rolling_score,rolling_leverage_score,rolling_flow_core,selected_groups,candidate_windows,spot_only_risk,concentration_risk,persistence_risk,gap_risk,best_window,best_direction,best_flow,best_runs,best_same_days,best_wallet_count,best_top1_share,best_top3_share,best_spot_share,best_quality_mult,best_avg_leverage,best_avg_liq_distance,best_longterm_leverage_ratio,best_highrisk_leverage_ratio,best_leverage_health,reason,weighted_2h,active_2h,perp_2h,spot_2h,runs_2h,gaps_2h,spot_share_2h,bullish_runs_2h,bullish_days_2h,bullish_wallets_2h,bullish_top1_share_2h,bullish_top3_share_2h,bullish_wallet_spot_share_2h,bullish_avg_leverage_2h,bullish_avg_liq_distance_2h,bullish_longterm_leverage_ratio_2h,bullish_highrisk_leverage_ratio_2h,bullish_leverage_health_2h,bearish_runs_2h,bearish_days_2h,bearish_wallets_2h,bearish_top1_share_2h,bearish_top3_share_2h,bearish_wallet_spot_share_2h,bearish_avg_leverage_2h,bearish_avg_liq_distance_2h,bearish_longterm_leverage_ratio_2h,bearish_highrisk_leverage_ratio_2h,bearish_leverage_health_2h,weighted_6h,active_6h,perp_6h,spot_6h,runs_6h,gaps_6h,spot_share_6h,bullish_runs_6h,bullish_days_6h,bullish_wallets_6h,bullish_top1_share_6h,bullish_top3_share_6h,bullish_wallet_spot_share_6h,bullish_avg_leverage_6h,bullish_avg_liq_distance_6h,bullish_longterm_leverage_ratio_6h,bullish_highrisk_leverage_ratio_6h,bullish_leverage_health_6h,bearish_runs_6h,bearish_days_6h,bearish_wallets_6h,bearish_top1_share_6h,bearish_top3_share_6h,bearish_wallet_spot_share_6h,bearish_avg_leverage_6h,bearish_avg_liq_distance_6h,bearish_longterm_leverage_ratio_6h,bearish_highrisk_leverage_ratio_6h,bearish_leverage_health_6h,weighted_24h,active_24h,perp_24h,spot_24h,runs_24h,gaps_24h,spot_share_24h,bullish_runs_24h,bullish_days_24h,bullish_wallets_24h,bullish_top1_share_24h,bullish_top3_share_24h,bullish_wallet_spot_share_24h,bullish_avg_leverage_24h,bullish_avg_liq_distance_24h,bullish_longterm_leverage_ratio_24h,bullish_highrisk_leverage_ratio_24h,bullish_leverage_health_24h,bearish_runs_24h,bearish_days_24h,bearish_wallets_24h,bearish_top1_share_24h,bearish_top3_share_24h,bearish_wallet_spot_share_24h,bearish_avg_leverage_24h,bearish_avg_liq_distance_24h,bearish_longterm_leverage_ratio_24h,bearish_highrisk_leverage_ratio_24h,bearish_leverage_health_24h,weighted_72h,active_72h,perp_72h,spot_72h,runs_72h,gaps_72h,spot_share_72h,bullish_runs_72h,bullish_days_72h,bullish_wallets_72h,bullish_top1_share_72h,bullish_top3_share_72h,bullish_wallet_spot_share_72h,bullish_avg_leverage_72h,bullish_avg_liq_distance_72h,bullish_longterm_leverage_ratio_72h,bullish_highrisk_leverage_ratio_72h,bullish_leverage_health_72h,bearish_runs_72h,bearish_days_72h,bearish_wallets_72h,bearish_top1_share_72h,bearish_top3_share_72h,bearish_wallet_spot_share_72h,bearish_avg_leverage_72h,bearish_avg_liq_distance_72h,bearish_longterm_leverage_ratio_72h,bearish_highrisk_leverage_ratio_72h,bearish_leverage_health_72h,weighted_15d,active_15d,perp_15d,spot_15d,runs_15d,gaps_15d,spot_share_15d,bullish_runs_15d,bullish_days_15d,bullish_wallets_15d,bullish_top1_share_15d,bullish_top3_share_15d,bullish_wallet_spot_share_15d,bullish_avg_leverage_15d,bullish_avg_liq_distance_15d,bullish_longterm_leverage_ratio_15d,bullish_highrisk_leverage_ratio_15d,bullish_leverage_health_15d,bearish_runs_15d,bearish_days_15d,bearish_wallets_15d,bearish_top1_share_15d,bearish_top3_share_15d,bearish_wallet_spot_share_15d,bearish_avg_leverage_15d,bearish_avg_liq_distance_15d,bearish_longterm_leverage_ratio_15d,bearish_highrisk_leverage_ratio_15d,bearish_leverage_health_15d,weighted_30d,active_30d,perp_30d,spot_30d,runs_30d,gaps_30d,spot_share_30d,bullish_runs_30d,bullish_days_30d,bullish_wallets_30d,bullish_top1_share_30d,bullish_top3_share_30d,bullish_wallet_spot_share_30d,bullish_avg_leverage_30d,bullish_avg_liq_distance_30d,bullish_longterm_leverage_ratio_30d,bullish_highrisk_leverage_ratio_30d,bullish_leverage_health_30d,bearish_runs_30d,bearish_days_30d,bearish_wallets_30d,bearish_top1_share_30d,bearish_top3_share_30d,bearish_wallet_spot_share_30d,bearish_avg_leverage_30d,bearish_avg_liq_distance_30d,bearish_longterm_leverage_ratio_30d,bearish_highrisk_leverage_ratio_30d,bearish_leverage_health_30d
576,MAX,-0.63,0.0,-0.63,"mid,long",3,1,0,0,1,15d,bearish,-21192118177.025944,28,9,358,0.021557609904111825,0.04616716511166637,1.0,0.30000000000000004,0.0,0.0,0.0,0.0,0.0,主滚动窗口取15d：-$21.19B，资金分-0.6；15d-$21.19B 质量=0.30 覆盖=78% 钱包=358 持续=28轮/9天；含断跑gap=1；现货主导100%且无合约低杠杆确认,,,,,,,,,,,,,,,,,,,,,,,,,,,,,,,,,,,,,,,,,,,,,,,,,,,,,,,,,,,62541.52003079187,44860.694544454105,0.0,44860.694544454105,3,0,1.0,2,1,2,0.5000774398185539,1.0,1.0,0.0,0.0,0.0,0.0,0.0,1,1,2,0.5021306860003718,1.0,1.0,0.0,0.0,0.0,0.0,0.0,-19641229833.005207,-17495082245.099823,0.0,-17495082245.099823,4,1,1.0,2,1,2,0.5000774398185539,1.0,1.0,0.0,0.0,0.0,0.0,0.0,2,2,347,0.013122880990575417,0.03914806878955133,1.0,0.0,0.0,0.0,0.0,0.0,-21192118177.025944,-17409251372.633713,0.0,-17409251372.633713,33,1,1.0,5,3,7,0.7619070625250385,0.9765599339727897,1.0,0.0,0.0,0.0,0.0,0.0,28,9,358,0.021557609904111825,0.04616716511166637,1.0,0.0,0.0,0.0,0.0,0.0,-21192118177.025944,-17409251372.633713,0.0,-17409251372.633713,33,1,1.0,5,3,7,0.7619070625250385,0.9765599339727897,1.0,0.0,0.0,0.0,0.0,0.0,28,9,358,0.021557609904111825,0.04616716511166637,1.0,0.0,0.0,0.0,0.0,0.0
576,NEKO,-0.48,0.0,-0.48,"short,mid",5,1,0,0,1,72h,bearish,-11062796872.56704,6,3,48,0.034633474099508885,0.07924518645851772,1.0,0.30000000000000004,0.0,0.0,0.0,0.0,0.0,主滚动窗口取72h：-$11.06B，资金分-0.5；72h-$11.06B 质量=0.30 覆盖=58% 钱包=48 持续=6轮/3天；含断跑gap=1；现货主导100%且无合约低杠杆确认,,,,,,,,,,,,,,,,,,,,,41,0.02439024390243902,0.07317073170731707,1.0,,,,,,-10300224497.66765,-9233284594.457365,0.0,-9233284594.457365,2,0,1.0,0,0,,,,,,,,,,2,1,43,0.024753394625990594,0.072306408871384,1.0,0.0,0.0,0.0,0.0,0.0,1220434115.7668412,782185956.9049367,0.0,782185956.9049367,12,0,1.0,7,2,48,0.043946056683019756,0.09275032312681208,1.0,0.0,0.0,0.0,0.0,0.0,5,2,44,0.047437617753714516,0.09316849600387862,1.0,0.0,0.0,0.0,0.0,0.0,-11062796872.56704,-9778015572.038221,0.0,-9778015572.038221,13,1,1.0,7,2,48,0.043946056683019756,0.09275032312681208,1.0,0.0,0.0,0.0,0.0,0.0,6,3,48,0.034633474099508885,0.07924518645851772,1.0,0.0,0.0,0.0,0.0,0.0,-11062796872.56704,-9778015572.038221,0.0,-9778015572.038221,13,1,1.0,7,2,48,0.043946056683019756,0.09275032312681208,1.0,0.0,0.0,0.0,0.0,0.0,6,3,48,0.034633474099508885,0.07924518645851772,1.0,0.0,0.0,0.0,0.0,0.0,-11062796872.56704,-9778015572.038221,0.0,-9778015572.038221,13,1,1.0,7,2,48,0.043946056683019756,0.09275032312681208,1.0,0.0,0.0,0.0,0.0,0.0,6,3,48,0.034633474099508885,0.07924518645851772,1.0,0.0,0.0,0.0,0.0,0.0
576,BUDDY,-0.08,0.0,-0.08,mid,3,1,0,1,1,72h,bearish,-363426249.7099916,1,1,2,0.5310378242782526,1.0,1.0,0.05,0.0,0.0,0.0,0.0,0.0,主滚动窗口取72h：-$363.43M，资金分-0.1；72h-$363.43M 质量=0.05 覆盖=0% 钱包=2 持续=1轮/1天；窗口未成熟：覆盖0%/50% span=0.0h；持续性不足：1/6轮 1/2天；含断跑gap=1；现货主导100%且无合约低杠杆确认,,,,,,,,,,,,,,,,,,,,,,,,,,,,,,,,,,,,,,,,,,,,,,,,,,,,,,,,,,,,,,,,,,,,,,,,,,,,,,,,,,,,,,,,-363426249.7099916,-259590178.36427975,0.0,-259590178.36427975,1,1,1.0,0,0,,,,,,,,,,1,1,2,0.5310378242782526,1.0,1.0,0.0,0.0,0.0,0.0,0.0,-363426249.6773903,-259590178.33711198,0.0,-259590178.33711198,3,1,1.0,1,1,,,,,0.0,0.0,0.0,0.0,0.0,2,2,2,0.5310378242782526,1.0,1.0,0.0,0.0,0.0,0.0,0.0,-363426249.6773903,-259590178.33711198,0.0,-259590178.33711198,3,1,1.0,1,1,,,,,0.0,0.0,0.0,0.0,0.0,2,2,2,0.5310378242782526,1.0,1.0,0.0,0.0,0.0,0.0,0.0
576,SWAP,-0.08,0.0,-0.08,mid,3,1,0,1,1,72h,bearish,-160863872.63733214,1,1,6,0.5030828719802116,0.8281774113409799,1.0,0.05,0.0,0.0,0.0,0.0,0.0,主滚动窗口取72h：-$160.86M，资金分-0.1；72h-$160.86M 质量=0.05 覆盖=0% 钱包=6 持续=1轮/1天；窗口未成熟：覆盖0%/50% span=0.0h；持续性不足：1/6轮 1/2天；含断跑gap=1；现货主导100%且无合约低杠杆确认,,,,,,,,,,,,,,,,,,,,,,,,,,,,,,,,,,,,,,,,,,,,,,,,,,,,,,,,,,,,,,,,,,,,,,,,,,,,,,,,,,,,,,,,-160863872.63733214,-161379424.58585572,0.0,-161379424.58585572,1,1,1.0,0,0,,,,,,,,,,1,1,6,0.5030828719802116,0.8281774113409799,1.0,0.0,0.0,0.0,0.0,0.0,-160863872.63733214,-161379424.58585572,0.0,-161379424.58585572,1,1,1.0,0,0,,,,,,,,,,1,1,6,0.5030828719802116,0.8281774113409799,1.0,0.0,0.0,0.0,0.0,0.0,-160863872.63733214,-161379424.58585572,0.0,-161379424.58585572,1,1,1.0,0,0,,,,,,,,,,1,1,6,0.5030828719802116,0.8281774113409799,1.0,0.0,0.0,0.0,0.0,0.0
576,HYPE,-1.72,0.105,-1.825,"mid,long",4,0,0,0,1,15d,bearish,-66743786.29092118,293,16,44,0.20348228703662952,0.42524439661951724,0.0035039367961822534,0.75,6.713952808496339,98.7189799181408,0.55382019384649,0.44617980615351005,-0.30000000000000004,主滚动窗口取15d：-$66.74M，资金分-1.6；15d-$66.74M 质量=0.75 覆盖=98% 钱包=44 持续=293轮/16天；含断跑gap=2；其他成熟窗口同向确认1组，确认分-0.2,414069.91231369146,-775228.2199318882,-775932.7143700003,704.4944381121599,2,0,0.0009071087891775512,1,1,1,1.0,1.0,0.0,7.626781216742874,31.648570060612325,0.43376836418175846,0.5662316358182412,-0.65,1,1,2,0.7043172593021354,1.0,0.0,6.618022303608211,121.91316228815433,0.5738054061049682,0.4261945938950325,-0.30000000000000004,-497133.6604307834,-2158352.140798237,-2158040.3020550003,-311.83874323679305,6,0,0.00014448001201577038,3,1,2,0.5760254210799071,1.0,0.0,7.614871400296193,31.060318144734072,0.43694369798022153,0.5630563020197786,-0.65,3,1,2,0.7043172593021354,1.0,0.0,6.625193600161878,120.70016578891055,0.572333311014237,0.42766668898576315,-0.30000000000000004,-9627789.552178483,-18530782.64772176,-18538482.789225012,7700.141503250086,25,0,0.00041518740174249547,9,2,9,0.2106647580106858,0.5403177676774069,0.0,7.57108179462844,31.419382788701153,0.4457704648522635,0.5542295351477367,-0.65,16,2,8,0.6620946904278279,0.833482539685113,0.0,6.629060506018639,118.67342731548183,0.5706419427217072,0.4293580572782928,-0.30000000000000004,-12179510.653948635,-9413503.716263132,-9433146.092610007,19642.376346875473,71,1,0.0020779451916629016,29,4,13,0.3820021634396136,0.6598434981942125,0.0,7.516421241305527,33.34622967110376,0.4572923794790232,0.542707620520977,-0.65,42,4,12,0.3795184694023369,0.7195223875033325,0.0,6.61642692501927,109.0172444373022,0.5724177863749222,0.42758221362507776,-0.3000000000000001,-66743786.29092118,22160885.089475956,22083234.748774976,77650.34070098145,529,2,0.0035039367961822534,236,16,50,0.2265068680670585,0.4361416065835006,0.0,7.663042436993326,35.177689198204526,0.42018832723422594,0.5798116727657739,-0.7813108838160174,293,16,44,0.20348228703662952,0.42524439661951724,0.0,6.713952808496339,98.7189799181408,0.55382019384649,0.44617980615351005,-0.30000000000000004,-66743786.29092118,22160885.089475956,22083234.748774976,77650.34070098145,529,2,0.0035039367961822534,236,16,52,0.22431112870104686,0.4319136849186819,0.0,7.663042436993326,35.177689198204526,0.42018832723422594,0.5798116727657739,-0.7813108838160174,293,16,47,0.20095422299468627,0.4199611600106318,0.0,6.713952808496339,98.7189799181408,0.55382019384649,0.44617980615351005,-0.30000000000000004
576,UANSEM,0.48,0.0,0.48,"short,mid",5,1,0,0,1,72h,bullish,52764025.533098616,21,4,10,0.36576539905818095,0.7880651440706405,1.0,0.30000000000000004,0.0,0.0,0.0,0.0,0.0,主滚动窗口取72h：$52.76M，资金分+0.5；72h$52.76M 质量=0.30 覆盖=96% 钱包=10 持续=21轮/4天；含断跑gap=1；现货主导100%且无合约低杠杆确认,1133359.7308740001,809542.6649100002,0.0,809542.6649100002,1,0,1.0,1,1,1,1.0,1.0,1.0,0.0,0.0,0.0,0.0,0.0,0,0,,,,,,,,,,1133359.7308740001,809542.6649100002,0.0,809542.6649100002,1,0,1.0,1,1,1,1.0,1.0,1.0,0.0,0.0,0.0,0.0,0.0,0,0,,,,,,,,,,80852677.2307804,67852512.933346,0.0,67852512.933346,7,0,1.0,4,2,5,0.5471993704736199,0.9216694450874168,1.0,0.0,0.0,0.0,0.0,0.0,3,2,2,0.8312626603646185,1.0,1.0,0.0,0.0,0.0,0.0,0.0,52764025.533098616,48098358.6369735,0.0,48098358.6369735,28,1,1.0,21,4,10,0.36576539905818095,0.7880651440706405,1.0,0.0,0.0,0.0,0.0,0.0,7,3,9,0.2903860883550031,0.7188035162372772,1.0,0.0,0.0,0.0,0.0,0.0,102997182.41447444,82716101.8754385,0.0,82716101.8754385,37,1,1.0,29,5,10,0.33385954433144666,0.7193219221402325,1.0,0.0,0.0,0.0,0.0,0.0,8,4,9,0.2903860883550031,0.7188035162372772,1.0,0.0,0.0,0.0,0.0,0.0,102997182.41447444,82716101.8754385,0.0,82716101.8754385,37,1,1.0,29,5,10,0.33385954433144666,0.7193219221402325,1.0,0.0,0.0,0.0,0.0,0.0,8,4,9,0.2903860883550031,0.7188035162372772,1.0,0.0,0.0,0.0,0.0,0.0
576,BTC,0.6,-0.6,1.2,mid,1,0,0,0,0,24h,bullish,43449693.002900146,19,2,9,0.17224360695309893,0.48575444586963173,0.0,1.0,23.162769705630453,28.401221424546073,0.16195923051146952,0.8380407694885306,-2.2,主滚动窗口取24h：$43.45M，资金分+1.2；杠杆风险：高风险84% 均23.2x；24h$43.45M 质量=1.00 覆盖=100% 钱包=9 持续=19轮/2天,7222873.640464939,17691710.22989501,17691710.22989501,0.0,2,0,0.0,2,1,1,1.0,1.0,0.0,22.875542992406157,29.313843351846266,0.16725619311340745,0.8327438068865926,-2.2,0,0,,,,,,,,,,-109760.05020792678,19496091.468895007,19496091.468895007,0.0,6,0,0.0,5,1,1,1.0,1.0,0.0,22.870724927086922,29.301742533414657,0.1677100887396451,0.8322899112603547,-2.2,1,1,,,,,22.353161626809626,78.78403069887662,0.1358952035769387,0.8641047964230614,-1.95,43449693.002900146,79475569.71740003,79475569.71740003,0.0,25,0,0.0,19,2,9,0.17224360695309893,0.48575444586963173,0.0,23.162769705630453,28.401221424546073,0.16195923051146952,0.8380407694885306,-2.2,6,2,8,0.24646408457843577,0.6491197831025157,0.0,22.4589930011774,76.15101551404705,0.13186022176166867,0.8681397782383317,-1.9499999999999995,25346702.888597984,-15847223.830189995,-15847223.830189995,0.0,71,1,0.0,41,4,10,0.27511627936963723,0.5494744709287439,0.0,23.180260745962833,29.286636629184986,0.15827243426271909,0.8417275657372809,-2.2,30,4,10,0.2907080261963357,0.563577032808971,0.0,22.097412456905715,73.82236389679143,0.14237560385575276,0.8576243961442473,-1.9499999999999997,57215991.22009146,-19658117.922849867,-19658117.922849867,0.0,529,2,0.0,277,16,48,0.1035351432332698,0.27580362386495233,0.0,21.80138702041915,32.47183822711821,0.15544685758723165,0.8445531424127684,-2.1472554597286893,252,16,46,0.10317182315854806,0.2741459471797388,0.0,21.54062307735838,66.84362207176822,0.13650017489116634,0.8634998251088338,-1.9499999999999997,57215991.22009146,-19658117.922849867,-19658117.922849867,0.0,529,2,0.0,277,16,48,0.10209129328795188,0.28006164948752876,0.0,21.80138702041915,32.47183822711821,0.15544685758723165,0.8445531424127684,-2.1472554597286893,252,16,46,0.10136122292179597,0.28068352928693824,0.0,21.54062307735838,66.84362207176822,0.13650017489116634,0.8634998251088338,-1.9499999999999997
576,SOL,-0.8175,0.5075,-1.325,"mid,long",3,0,0,0,1,15d,bearish,-38989583.78724505,271,16,25,0.14303950143605726,0.37033724332632884,0.0,0.75,16.706278921620815,262.8750658764782,0.15427986481506623,0.8457201351849336,-1.4500000000000002,主滚动窗口取15d：-$38.99M，资金分-1.6；杠杆健康：低/中杠杆15% 均16.7x；15d-$38.99M 质量=0.75 覆盖=98% 钱包=25 持续=271轮/16天；含断跑gap=2；存在反向滚动窗口1组，冲突扣分+0.2,77749.8100626629,750823.0365849993,750823.0365849993,0.0,2,0,0.0,1,1,,,,,14.254529448794866,51.143008917913036,0.3168545006986168,0.6831454993013834,-1.4500000000000002,1,1,1,1.0,1.0,0.0,15.882934394347362,287.5692042361742,0.2119702248060603,0.7880297751939397,-1.4500000000000002,-2370636.1926782955,-453951.48554000026,-453951.48554000026,0.0,6,0,0.0,3,1,,,,,13.809397353464107,47.79768894837853,0.3281680916533875,0.6718319083466124,-1.4500000000000002,3,1,1,1.0,1.0,0.0,15.879871425452599,285.420652505581,0.2113728948103682,0.7886271051896316,-1.4500000000000002,12089126.72738884,26165130.773634996,26165130.773634996,0.0,25,0,0.0,15,2,5,0.3900790576358771,0.7519494863304421,0.0,13.623042131150662,51.76135620301827,0.37284492421426846,0.6271550757857316,-1.3617301094137795,10,2,2,0.7365545784793464,1.0,0.0,15.886854998583335,285.39309741909176,0.211982698920606,0.7880173010793939,-1.4500000000000002,8656389.143619636,20725485.101405,20725485.101405,0.0,71,1,0.0,39,4,9,0.21247061710499332,0.5465999972394651,0.0,14.18657863338759,51.99296555825782,0.3421710749883456,0.6578289250116542,-1.3963816704848713,32,4,5,0.36771214059846935,0.8328059612142038,0.0,15.69975979114119,265.9041410684384,0.22142955302867037,0.7785704469713297,-1.4500000000000002,-38989583.78724505,-52662066.68896503,-52662066.68896503,0.0,529,2,0.0,258,16,26,0.1548188605429621,0.3895475574252274,0.0,15.70905680980515,50.70352470133474,0.24018171955668596,0.759818280443314,-1.4393618389009843,271,16,25,0.14303950143605726,0.37033724332632884,0.0,16.706278921620815,262.8750658764782,0.15427986481506623,0.8457201351849336,-1.4500000000000002,-38989583.78724505,-52662066.68896503,-52662066.68896503,0.0,529,2,0.0,258,16,26,0.1481876200690192,0.37286235821717006,0.0,15.70905680980515,50.70352470133474,0.24018171955668596,0.759818280443314,-1.4393618389009843,271,16,28,0.12953470786414029,0.3353725799088561,0.0,16.706278921620815,262.8750658764782,0.15427986481506623,0.8457201351849336,-1.4500000000000002
576,ETH,-1.0675,0.5075,-1.575,long,1,0,0,0,1,15d,bearish,-38202036.97918784,298,16,33,0.3192109549598924,0.47670616277588795,0.0,0.75,15.71179032187757,84.66606856934045,0.25985268111749493,0.7401473188825051,-1.4500000000000002,主滚动窗口取15d：-$38.20M，资金分-1.6；杠杆健康：低/中杠杆26% 均15.7x；15d-$38.20M 质量=0.75 覆盖=98% 钱包=33 持续=298轮/16天；含断跑gap=2,-1918113.2734167266,-1221027.3743450094,-1221027.3743450094,0.0,2,0,0.0,1,1,2,0.8268789138241436,1.0,0.0,17.509458655147398,36.99348464539197,0.08100518818411506,0.9189948118158852,-1.8,1,1,1,1.0,1.0,0.0,14.9374580205419,81.36607334489774,0.26143346261401446,0.7385665373859854,-1.4500000000000002,3328186.862233276,12116348.872089999,12116348.872089999,0.0,6,0,0.0,4,1,2,0.8268789138241436,1.0,0.0,17.554497697641875,37.169060164388746,0.07813426387772997,0.9218657361222703,-1.8,2,1,1,1.0,1.0,0.0,14.945823786345313,81.57181364978287,0.2610219395597512,0.7389780604402487,-1.4500000000000004,-1500243.182507776,-44919827.62166001,-44919827.62166001,0.0,25,0,0.0,9,2,6,0.5318992480552313,0.8264869914253026,0.0,17.617639373276525,38.416804175102065,0.07730151286614877,0.9226984871338513,-1.7039511361147348,16,2,5,0.649954200992885,0.8765559832925358,0.0,15.038236404136155,86.36771423875386,0.26063165836167207,0.739368341638328,-1.45,-7329375.995430562,-74192389.672505,-74192389.672505,0.0,71,1,0.0,28,4,14,0.35432905243939994,0.5505710970563531,0.0,18.08219647469459,39.48360867971176,0.07323597347268976,0.9267640265273102,-1.6425487831254297,43,4,11,0.42105664875508225,0.6330725298765623,0.0,15.041769215146447,85.8686048238328,0.266592911148184,0.7334070888518158,-1.4500000000000002,-38202036.97918784,-149011846.06414002,-149011846.06414002,0.0,529,2,0.0,231,16,36,0.2906808834545786,0.4636437006726223,0.0,17.768690806311756,44.80305537620504,0.09129820335112185,0.9087017966488782,-1.5253925911316608,298,16,33,0.3192109549598924,0.47670616277588795,0.0,15.71179032187757,84.66606856934045,0.25985268111749493,0.7401473188825051,-1.4500000000000002,-38202036.97918784,-149011846.06414002,-149011846.06414002,0.0,529,2,0.0,231,16,36,0.2878326811522198,0.46481688958607964,0.0,17.768690806311756,44.80305537620504,0.09129820335112185,0.9087017966488782,-1.5253925911316608,298,16,33,0.3128457373466876,0.4753657005471048,0.0,15.71179032187757,84.66606856934045,0.25985268111749493,0.7401473188825051,-1.4500000000000002
576,LIT,1.9979,0.4229,1.575,"mid,long",4,0,0,0,1,15d,bullish,29082434.02913713,288,16,8,0.3790080726838448,0.6921829921326755,0.0,0.75,4.863418890148515,41.36064520323181,0.9936382128607112,0.006361787139288831,1.208295745382287,主滚动窗口取15d：$29.08M，资金分+1.6；杠杆健康：低/中杠杆99% 均4.9x；15d$29.08M 质量=0.75 覆盖=98% 钱包=8 持续=288轮/16天；含断跑gap=2,-19910.717369538015,-247760.46005,-247760.46005,0.0,2,0,0.0,1,1,,,,,4.826388245296647,30.543686206683137,0.9834237696725924,0.01657623032740753,1.0,1,1,,,,,3.8155344002933202,453.9157843642211,0.9976427007840206,0.0023572992159795235,1.3500000000000003,594561.477011493,54277.192300000024,54277.192300000024,0.0,6,0,0.0,5,1,,,,,4.833650982568131,29.847855655500982,0.9830664263118654,0.01693357368813468,1.0,1,1,,,,,3.8155344002933202,453.9157843642211,0.9976427007840206,0.0023572992159795235,1.3500000000000003,11433273.955590326,-1415751.4522999993,-1415751.4522999993,0.0,25,0,0.0,23,2,1,1.0,1.0,0.0,4.843774931634253,28.591376546055425,0.9828301638247741,0.017169836175225887,1.0,2,1,1,1.0,1.0,0.0,3.82694002492991,444.07853700205214,0.997043782167334,0.0029562178326659238,1.35,17491684.256491926,2898681.9764000005,2898681.9764000005,0.0,71,1,0.0,49,4,1,1.0,1.0,0.0,4.863134706175078,29.717985009781312,0.9882043893643464,0.011795610635653693,1.0,22,4,2,0.9260075492794768,1.0,0.0,3.8905061460278665,411.7900811215598,0.9844064194613196,0.01559358053868045,1.3499999999999999,29082434.02913713,-3234059.8122500004,-3234059.8122500004,0.0,529,2,0.0,288,16,8,0.3790080726838448,0.6921829921326755,0.0,4.863418890148515,41.36064520323181,0.9936382128607112,0.006361787139288831,1.208295745382287,241,16,10,0.4024132601805191,0.6525460503722866,0.0,3.842973595054827,469.45510372334604,0.9793162839174829,0.020683716082516918,1.3499999999999999,29082434.02913713,-3234059.8122500004,-3234059.8122500004,0.0,529,2,0.0,288,16,8,0.3790080726838448,0.6921829921326755,0.0,4.863418890148515,41.36064520323181,0.9936382128607112,0.006361787139288831,1.208295745382287,241,16,10,0.4024132601805191,0.6525460503722866,0.0,3.842973595054827,469.45510372334604,0.9793162839174829,0.020683716082516918,1.3499999999999999
576,KNTQ,-0.63,0.0,-0.63,"mid,long",4,1,0,0,1,15d,bearish,-24242830.47322032,12,8,7,0.3593829284787219,0.8267677271282686,1.0,0.30000000000000004,0.0,0.0,0.0,0.0,0.0,主滚动窗口取15d：-$24.24M，资金分-0.6；15d-$24.24M 质量=0.30 覆盖=90% 钱包=7 持续=12轮/8天；含断跑gap=1；现货主导100%且无合约低杠杆确认,,,,,,,,,,,,,,,,,,,,,,,,,,,,,,,,,,,,,,,,,,,,,,,,,,,,,,,,,,,-9051022.571499994,-5621753.149999997,0.0,-5621753.149999997,1,0,1.0,0,0,,,,,,,,,,1,1,1,1.0,1.0,1.0,0.0,0.0,0.0,0.0,0.0,-9051022.571499994,-5621753.149999997,0.0,-5621753.149999997,1,0,1.0,0,0,,,,,,,,,,1,1,1,1.0,1.0,1.0,0.0,0.0,0.0,0.0,0.0,-24242830.47322032,-16593463.295556407,0.0,-16593463.295556407,15,1,1.0,3,3,1,1.0,1.0,1.0,0.0,0.0,0.0,0.0,0.0,12,8,7,0.3593829284787219,0.8267677271282686,1.0,0.0,0.0,0.0,0.0,0.0,-24242830.47322032,-16593463.295556407,0.0,-16593463.295556407,15,1,1.0,3,3,1,1.0,1.0,1.0,0.0,0.0,0.0,0.0,0.0,12,8,7,0.3593829284787219,0.8267677271282686,1.0,0.0,0.0,0.0,0.0,0.0
576,HWAVE,-0.08,0.0,-0.08,mid,4,1,1,1,0,72h,bearish,-18086982.012345053,1,1,1,1.0,1.0,1.0,0.05,0.0,0.0,0.0,0.0,0.0,主滚动窗口取72h：-$18.09M，资金分-0.1；72h-$18.09M 质量=0.05 覆盖=0% 钱包=1 持续=1轮/1天；窗口未成熟：覆盖0%/50% span=0.0h；持续性不足：1/6轮 1/2天；参与钱包少：1/2个；Top1占比100%,,,,,,,,,,,,,,,,,,,,,,,,,,,,,,,,,,,,,,,,,,,,,,,,,,,,,,,,,,,-18086982.012345053,-12919272.865960753,0.0,-12919272.865960753,1,0,1.0,0,0,,,,,,,,,,1,1,1,1.0,1.0,1.0,0.0,0.0,0.0,0.0,0.0,-18086982.012345053,-12919272.865960753,0.0,-12919272.865960753,1,0,1.0,0,0,,,,,,,,,,1,1,1,1.0,1.0,1.0,0.0,0.0,0.0,0.0,0.0,-18086982.012345053,-12919272.865960753,0.0,-12919272.865960753,1,0,1.0,0,0,,,,,,,,,,1,1,1,1.0,1.0,1.0,0.0,0.0,0.0,0.0,0.0,-18086982.012345053,-12919272.865960753,0.0,-12919272.865960753,1,0,1.0,0,0,,,,,,,,,,1,1,1,1.0,1.0,1.0,0.0,0.0,0.0,0.0,0.0
576,UPUMP,0.0275,0.0,0.0275,"short,mid,long",5,1,1,0,1,15d,bearish,-14926809.910576351,274,16,4,0.5216227722168396,0.9311410547461199,1.0,0.225,0.0,0.0,0.0,0.0,0.0,主滚动窗口取15d：-$14.93M，资金分-0.5；15d-$14.93M 质量=0.23 覆盖=98% 钱包=4 持续=274轮/16天；含断跑gap=2；Top3占比93%；现货主导100%且无合约低杠杆确认；存在反向滚动窗口2组，冲突扣分+0.5,1969221.7336119208,-4009956.3024762785,0.0,-4009956.3024762785,2,0,1.0,1,1,,,,,0.0,0.0,0.0,0.0,0.0,1,1,1,1.0,1.0,1.0,0.0,0.0,0.0,0.0,0.0,2351242.202388118,-3690454.001908231,0.0,-3690454.001908231,6,0,1.0,2,1,1,1.0,1.0,1.0,0.0,0.0,0.0,0.0,0.0,4,1,1,1.0,1.0,1.0,0.0,0.0,0.0,0.0,0.0,4521278.183612875,-1834761.8016889456,0.0,-1834761.8016889456,25,0,1.0,10,2,2,0.8710636991483013,1.0,1.0,0.0,0.0,0.0,0.0,0.0,15,2,2,0.9610236461892163,1.0,1.0,0.0,0.0,0.0,0.0,0.0,3128117.04334153,-3630361.4627510025,0.0,-3630361.4627510025,71,1,1.0,38,4,3,0.8245574432588615,1.0,1.0,0.0,0.0,0.0,0.0,0.0,33,4,3,0.9404490840628185,1.0,1.0,0.0,0.0,0.0,0.0,0.0,-14926809.910576351,-21348649.93709799,0.0,-21348649.93709799,529,2,1.0,255,16,5,0.7175406073401963,0.9762244322522721,1.0,0.0,0.0,0.0,0.0,0.0,274,16,4,0.5216227722168396,0.9311410547461199,1.0,0.0,0.0,0.0,0.0,0.0,-14926809.910576351,-21348649.93709799,0.0,-21348649.93709799,529,2,1.0,255,16,5,0.7249536343305983,0.976848411946367,1.0,0.0,0.0,0.0,0.0,0.0,274,16,4,0.5380429208654374,0.9302298427721984,1.0,0.0,0.0,0.0,0.0,0.0
576,GRAM,-0.5545,-0.1293,-0.4252,long,2,0,1,0,1,15d,bearish,-10706446.686332457,230,13,1,1.0,1.0,0.0,0.20249999999999999,5.087582378934214,578.9567607681957,0.9940250654122976,0.005974934587702436,0.36933018615564345,主滚动窗口取15d：-$10.71M，资金分-0.4；杠杆风险：高风险1% 均5.1x；15d-$10.71M 质量=0.20 覆盖=80% 钱包=1 持续=230轮/13天；含断跑gap=2；参与钱包少：1/3个；Top1占比100%,-144890.22232634402,-96400.18669999999,-96400.18669999999,0.0,2,0,0.0,1,1,,,,,5.454745378831841,21.012556953100415,0.9696836414112108,0.030316358588789394,0.0,1,1,,,,,5.0343249560887875,514.1720356492225,0.9973444202639541,0.002655579736046176,0.35,-116074.84205980603,-70858.17895,-70858.17895,0.0,6,0,0.0,4,1,,,,,5.382759388332519,21.060727015139005,0.9744827074444987,0.025517292555501274,0.0,2,1,,,,,5.03428336816249,514.033769801922,0.9973473280474168,0.0026526719525835425,0.35,29369.04302605681,2523.203250000003,2523.203250000003,0.0,25,0,0.0,16,2,,,,,5.4171509260387625,21.588957597533362,0.9721360777391805,0.02786392226081946,0.0,9,2,,,,,5.033164095148386,530.3029494945939,0.9974602752558708,0.002539724744129332,0.35,447165.23282844096,511156.4384500001,511156.4384500001,0.0,71,1,0.0,34,4,,,,,5.405318194799568,23.860077722302044,0.9729476507017057,0.027052349298294247,0.0,37,4,,,,,5.033230707449201,484.65735479188476,0.9975089039367294,0.002491096063270698,0.35000000000000003,-10706446.686332457,-10119869.81455,-10119869.81455,0.0,375,2,0.0,145,13,1,1.0,1.0,0.0,5.141530737901339,31.91710047930035,0.9550134820981305,0.044986517901869486,0.285290056627239,230,13,1,1.0,1.0,0.0,5.087582378934214,578.9567607681957,0.9940250654122976,0.005974934587702436,0.36933018615564345,-10706446.686332457,-10119869.81455,-10119869.81455,0.0,375,2,0.0,145,13,1,1.0,1.0,0.0,5.141530737901339,31.91710047930035,0.9550134820981305,0.044986517901869486,0.285290056627239,230,13,1,1.0,1.0,0.0,5.087582378934214,578.9567607681957,0.9940250654122976,0.005974934587702436,0.36933018615564345
576,ZEC,0.8242,-0.3758,1.2,mid,1,0,0,0,1,72h,bullish,9038399.315236827,41,4,11,0.469916252244464,0.6432156515060468,0.0,0.75,7.924665795244215,38.68772426276407,0.37090686354668473,0.6290931364533152,-1.073666157227223,主滚动窗口取72h：$9.04M，资金分+1.2；杠杆风险：高风险63% 均7.9x；72h$9.04M 质量=0.75 覆盖=99% 钱包=11 持续=41轮/4天；含断跑gap=1,324042.84198878944,295840.36545000057,295840.36545000057,0.0,2,0,0.0,2,1,,,,,7.935629934242521,31.80104091907037,0.38353816766373616,0.6164618323362636,-1.2500000000000002,0,0,,,,,,,,,,-15283.298874487198,630501.9571499999,630501.9571499999,0.0,6,0,0.0,3,1,3,0.5966463094225148,1.0,0.0,7.874582103912813,30.656127301029418,0.3929250342295869,0.6070749657704126,-0.9671148790051626,3,1,1,1.0,1.0,0.0,8.436477701957271,392.97960835815513,0.24648343490168254,0.7535165650983175,-0.9,1544356.3676503678,2553441.4086999986,2553441.4086999986,0.0,25,0,0.0,13,2,7,0.3434861855162155,0.7060303912354916,0.0,7.930168854346748,33.01024444834824,0.37821015378072387,0.6217898462192761,-1.0585339856182663,12,2,8,0.4272912263569992,0.7717128809735789,0.0,8.404212111462131,411.76037278650034,0.24853729646340145,0.7514627035365986,-0.9,9038399.315236827,2539783.5969999977,2539783.5969999977,0.0,71,1,0.0,41,4,11,0.469916252244464,0.6432156515060468,0.0,7.924665795244215,38.68772426276407,0.37090686354668473,0.6290931364533152,-1.073666157227223,30,4,14,0.28691304455013494,0.5881966123036578,0.0,8.046034925309034,369.7255485810639,0.30347294336585084,0.6965270566341492,-0.9000000000000001,-6681954.229550907,2411291.7260000044,2411291.7260000044,0.0,529,2,0.0,254,16,29,0.3439116759061785,0.5063937582084926,0.0,7.223520487560713,44.112980893981984,0.5000137495458263,0.49998625045417366,-0.5322908933271948,275,16,35,0.29818786138170505,0.46840160359341326,0.0,8.002434265370105,400.66378564475457,0.3118179493505925,0.6881820506494075,-0.9,-6681954.229550907,2411291.7260000044,2411291.7260000044,0.0,529,2,0.0,254,16,29,0.3396594365645897,0.5001325358893743,0.0,7.223520487560713,44.112980893981984,0.5000137495458263,0.49998625045417366,-0.5322908933271948,275,16,35,0.29818786138170505,0.46840160359341326,0.0,8.002434265370105,400.66378564475457,0.3118179493505925,0.6881820506494075,-0.9
576,BASED,0.48,0.0,0.48,"mid,long",4,1,0,0,0,24h,bullish,4066786.7631222713,7,2,0,0.0,0.0,1.0,0.4,0.0,0.0,0.0,0.0,0.0,主滚动窗口取24h：$4.07M，资金分+0.5；24h$4.07M 质量=0.40 覆盖=92% 钱包=0 持续=7轮/2天；现货主导100%且无合约低杠杆确认,72.846196808,-52.032997720000004,0.0,-52.032997720000004,1,0,1.0,1,1,,,,,0.0,0.0,0.0,0.0,0.0,0,0,,,,,,,,,,266054.04980246397,-190038.60700176,0.0,-190038.60700176,2,0,1.0,2,1,,,,,0.0,0.0,0.0,0.0,0.0,0,0,,,,,,,,,,4066786.7631222713,-2904847.6879444798,0.0,-2904847.6879444798,9,0,1.0,7,2,,,,,0.0,0.0,0.0,0.0,0.0,2,2,1,1.0,1.0,1.0,0.0,0.0,0.0,0.0,0.0,34270442.83532687,-59349223.05157182,0.0,-59349223.05157182,14,1,1.0,11,3,1,1.0,1.0,1.0,0.0,0.0,0.0,0.0,0.0,3,2,2,0.6787446534609647,1.0,1.0,0.0,0.0,0.0,0.0,0.0,44157141.758529045,-82016117.54078595,0.0,-82016117.54078595,353,2,1.0,174,15,3,0.5759346058009517,1.0,1.0,0.0,0.0,0.0,0.0,0.0,179,14,4,0.5646525381748956,0.959529765204095,1.0,0.0,0.0,0.0,0.0,0.0,44157141.758529045,-82016117.54078595,0.0,-82016117.54078595,353,2,1.0,174,15,3,0.5571199641034144,1.0,1.0,0.0,0.0,0.0,0.0,0.0,179,14,4,0.5514706031675871,0.9624016262643568,1.0,0.0,0.0,0.0,0.0,0.0
576,UBONK,0.1296,0.0,0.1296,mid,1,1,1,0,0,24h,bullish,4038238.9154231567,11,2,1,1.0,1.0,1.0,0.10800000000000001,0.0,0.0,0.0,0.0,0.0,主滚动窗口取24h：$4.04M，资金分+0.1；24h$4.04M 质量=0.11 覆盖=100% 钱包=1 持续=11轮/2天；参与钱包少：1/2个；Top1占比100%；现货主导100%且无合约低杠杆确认,2229.2733437217157,-1424.338725870205,0.0,-1424.338725870205,2,0,1.0,2,1,,,,,0.0,0.0,0.0,0.0,0.0,0,0,,,,,,,,,,2262.4572916592388,-1357.3004472085422,0.0,-1357.3004472085422,4,0,1.0,3,1,,,,,0.0,0.0,0.0,0.0,0.0,1,1,,,,,0.0,0.0,0.0,0.0,0.0,4038238.9154231567,8242569.28104687,0.0,8242569.28104687,18,0,1.0,11,2,1,1.0,1.0,1.0,0.0,0.0,0.0,0.0,0.0,7,2,,,,,0.0,0.0,0.0,0.0,0.0,3946529.4100375483,8035969.15325747,0.0,8035969.15325747,45,1,1.0,22,4,1,1.0,1.0,1.0,0.0,0.0,0.0,0.0,0.0,23,4,1,1.0,1.0,1.0,0.0,0.0,0.0,0.0,0.0,-681620.8466747692,3840377.0491492157,0.0,3840377.0491492157,280,2,1.0,151,16,3,0.5178294990516649,1.0,1.0,0.0,0.0,0.0,0.0,0.0,129,16,3,0.7128146500299154,1.0,1.0,0.0,0.0,0.0,0.0,0.0,-681620.8466747692,3840377.0491492157,0.0,3840377.0491492157,280,2,1.0,151,16,3,0.5218097332787262,1.0,1.0,0.0,0.0,0.0,0.0,0.0,129,16,3,0.7128146500299154,1.0,1.0,0.0,0.0,0.0,0.0,0.0
576,VVV,0.0,0.0,0.0,,0,0,0,0,0,15d,bearish,-4146504.269459527,529,,,,,,,3.066484003150796,1791.0585912785025,0.9959462333978815,0.004053766602118583,1.3539188185159612,,-63996.976614616775,-10462.75039499998,-10462.75039499998,0.0,2,0,0.0,0,0,,,,,,,,,,2,1,,,,,3.029044872098128,1972.2973928817996,0.9982914781118748,0.001708521888125158,1.3499999999999999,-80136.62250216988,-20849.917175000057,-20849.917175000057,0.0,6,0,0.0,2,1,,,,,2.9999999999999996,26.07749706305706,1.0,0.0,1.4499999999999997,4,1,,,,,3.030009323199451,1987.412914710376,0.9982347456941499,0.001765254305850047,1.35,-438549.3530326713,-229910.7518400001,-229910.7518400001,0.0,25,0,0.0,12,2,,,,,3.059539400152914,24.38639139991703,0.9964976823439462,0.0035023176560537725,1.2158304200298278,13,2,,,,,3.0592368486527537,2087.6071815771575,0.9965154794910145,0.0034845205089855083,1.35,-640622.6451695329,-402865.107215,-402865.107215,0.0,71,1,0.0,32,4,,,,,3.0873047308767934,24.912514026861317,0.9948644275954827,0.005135572404517289,1.0605068403334752,39,4,,,,,3.06772873433028,2047.4393049395328,0.9960159568041012,0.003984043195898832,1.3500000000000003,-4146504.269459527,-1962944.5405199998,-1962944.5405199998,0.0,529,2,0.0,233,16,1,1.0,1.0,0.0,3.0986822347913026,35.53831990173019,0.942641051910719,0.057358948089280944,1.085533744152276,296,16,1,1.0,1.0,0.0,3.066484003150796,1791.0585912785025,0.9959462333978815,0.004053766602118583,1.3539188185159612,-4146504.269459527,-1962944.5405199998,-1962944.5405199998,0.0,529,2,0.0,233,16,1,1.0,1.0,0.0,3.0986822347913026,35.53831990173019,0.942641051910719,0.057358948089280944,1.085533744152276,296,16,1,1.0,1.0,0.0,3.066484003150796,1791.0585912785025,0.9959462333978815,0.004053766602118583,1.3539188185159612
576,SUI,0.0,0.0,0.0,,0,0,0,0,0,15d,bearish,-3567078.423739406,529,,,,,,,9.771370107966398,1749.661916992266,0.03370968709444008,0.9662903129055599,-0.9,,-88796.34327991502,-53656.0260700003,-53656.0260700003,0.0,2,0,0.0,0,0,,,,,,,,,,2,1,,,,,9.82867420429293,1498.0520286842325,0.015655138325256966,0.9843448616747434,-0.9000000000000001,5772.605015023317,98019.0674469999,98019.0674469999,0.0,6,0,0.0,3,1,,,,,9.964465607236914,8.914270557158822,0.013484352834782647,0.9865156471652173,-2.2,3,1,,,,,9.832028658464514,1507.1794857239151,0.015067526177379187,0.9849324738226208,-0.9,2733.8844638282108,205430.7850009996,205430.7850009996,0.0,25,0,0.0,14,2,,,,,9.971463857255964,8.60269633780074,0.011909780034407727,0.9880902199655922,-2.2,11,2,,,,,9.813694668196021,1537.4597550394597,0.017711607751522727,0.9822883922484773,-0.8999999999999999,-225338.221774711,-396412.55282200046,-396412.55282200046,0.0,71,1,0.0,40,4,,,,,9.945755127745892,10.454303779169557,0.015111458753426284,0.9848885412465738,-1.7899636441729774,31,4,,,,,9.782027042513256,1506.590795053226,0.02362098725971267,0.9763790127402875,-0.9,-3567078.423739406,-693282.1559250013,-693282.1559250013,0.0,529,2,0.0,269,16,6,0.8105761459043986,0.9092744016857229,0.0,9.704381898221854,10.69490965828319,0.07078731295510678,0.9292126870448933,-1.706133152662872,260,16,5,0.8388322515360394,0.9277887823773382,0.0,9.771370107966398,1749.661916992266,0.03370968709444008,0.9662903129055599,-0.9,-3567078.423739406,-693282.1559250013,-693282.1559250013,0.0,529,2,0.0,269,16,6,0.8272805071243372,0.91727504750392,0.0,9.704381898221854,10.69490965828319,0.07078731295510678,0.9292126870448933,-1.706133152662872,260,16,5,0.8388322515360394,0.9277887823773382,0.0,9.771370107966398,1749.661916992266,0.03370968709444008,0.9662903129055599,-0.9
576,XPL,0.0,0.0,0.0,,0,0,0,0,0,15d,bullish,3465769.078326052,529,,,,,,,8.273667204760232,50.40322105538579,0.3194737513473238,0.6805262486526762,-0.8672809416504529,,-58371.49499937646,-158221.485622,-158221.485622,0.0,2,0,0.0,1,1,,,,,7.933824370301765,44.542488471861546,0.4050374952525237,0.5949625047474764,-0.30000000000000004,1,1,,,,,7.4451689010410576,1602.5851326023414,0.5149877187737112,0.48501228122628925,-0.30000000000000004,-74438.75315672714,-161135.88396700003,-161135.88396700003,0.0,6,0,0.0,2,1,,,,,7.952105111316228,44.58632554640708,0.4039652513007952,0.5960347486992046,-0.30000000000000004,4,1,,,,,7.438480334285807,1628.3421197953876,0.516184775859467,0.4838152241405332,-0.3000000000000001,-357412.8042756036,-308100.947772,-308100.947772,0.0,25,0,0.0,9,2,,,,,7.9260943837182385,42.97985520404604,0.40720913810942694,0.5927908618905731,-0.31827829398924984,16,2,,,,,7.434393471871156,1720.6917281684453,0.5170274979540269,0.48297250204597325,-0.30000000000000004,-149308.67072806088,68960.46001999994,68960.46001999994,0.0,71,1,0.0,36,4,,,,,7.836394823420319,46.490291977577584,0.41978085469738446,0.5802191453026155,-0.3041568830831023,35,4,,,,,7.436152858665201,1633.515954597722,0.5157646603942061,0.4842353396057939,-0.3000000000000001,3465769.078326052,-2942027.91047,-2942027.91047,0.0,529,2,0.0,298,16,1,1.0,1.0,0.0,8.273667204760232,50.40322105538579,0.3194737513473238,0.6805262486526762,-0.8672809416504529,231,16,2,0.652504983714793,1.0,0.0,7.770216025463439,1494.777283613785,0.44304333753152575,0.5569566624684743,-0.4362888750548652,3465769.078326052,-2942027.91047,-2942027.91047,0.0,529,2,0.0,298,16,1,1.0,1.0,0.0,8.273667204760232,50.40322105538579,0.3194737513473238,0.6805262486526762,-0.8672809416504529,231,16,2,0.652504983714793,1.0,0.0,7.770216025463439,1494.777283613785,0.44304333753152575,0.5569566624684743,-0.4362888750548652
576,WLD,0.0,0.0,0.0,,0,0,0,0,0,15d,bearish,-2899473.4764942983,529,,,,,,,9.836223157660902,1277.0505796695438,0.02250501389455236,0.9774949861054476,-0.9,,-113061.75553891814,-265495.8271900001,-265495.8271900001,0.0,2,0,0.0,1,1,,,,,9.497538192062436,16.19999429207709,0.11027565925840759,0.8897243407415925,-1.25,1,1,,,,,9.83174897608674,1219.274757446218,0.017022647973352963,0.9829773520266469,-0.9,-199044.71411900764,-125937.23130200013,-125937.23130200013,0.0,6,0,0.0,3,1,,,,,9.476009078097487,16.935271936853262,0.11581702885878903,0.8841829711412111,-1.25,3,1,,,,,9.833893713918624,1259.8771393440961,0.016954517336931863,0.9830454826630682,-0.9,87018.0950625839,251638.84049499972,251638.84049499972,0.0,25,0,0.0,12,2,,,,,9.360222324829527,17.60796945183992,0.14383869220482162,0.8561613077951785,-1.2500000000000002,13,2,,,,,9.795564047736043,1268.655578837352,0.0224146074608099,0.9775853925391902,-0.9000000000000001,-2246249.306465482,1384067.3853580002,1384067.3853580002,0.0,71,1,0.0,32,4,,,,,9.427092382209716,17.224195813399554,0.12407368338692824,0.8759263166130717,-1.2499999999999998,39,4,,,,,9.797163899389611,1204.224836108242,0.028070644550205078,0.971929355449795,-0.9000000000000001,-2899473.4764942983,-2542053.2460600007,-2542053.2460600007,0.0,529,2,0.0,259,16,,,,,9.330508268321621,17.2580270207888,0.14110055277321037,0.8588994472267896,-1.4834922899361689,270,16,1,1.0,1.0,0.0,9.836223157660902,1277.0505796695438,0.02250501389455236,0.9774949861054476,-0.9,-2899473.4764942983,-2542053.2460600007,-2542053.2460600007,0.0,529,2,0.0,259,16,,,,,9.330508268321621,17.2580270207888,0.14110055277321037,0.8588994472267896,-1.4834922899361689,270,16,1,1.0,1.0,0.0,9.836223157660902,1277.0505796695438,0.02250501389455236,0.9774949861054476,-0.9
576,ZRO,0.0,0.0,0.0,,0,0,0,0,0,15d,bearish,-2445411.2438401156,529,,,,,,,5.047499052888396,1570.9526250100585,0.9950844794287768,0.00491552057122317,0.3826470127929004,,604.6181906779625,-5373.47181900002,-5373.47181900002,0.0,2,0,0.0,1,1,,,,,5.019006244063658,57.76088980479477,0.9986165933352115,0.0013834066647883904,0.35,1,1,,,,,5.019382330764401,1478.6648507331151,0.9963648985591592,0.003635101440840839,0.3499999999999999,151881.2779232539,124474.78436199992,124474.78436199992,0.0,6,0,0.0,4,1,,,,,5.019773188023785,57.855078857598905,0.9985683900593981,0.0014316099406016948,0.43765054484298016,2,1,,,,,5.01381412275014,1473.0594789981799,0.9967723709017449,0.0032276290982550977,0.35,222102.43900257026,129736.46303300012,129736.46303300012,0.0,25,0,0.0,16,2,,,,,5.017529996391044,58.08831246447768,0.9986927370800898,0.0013072629199102036,0.3845413398670478,9,2,,,,,5.050950557971902,1513.6296190900991,0.9943018170864737,0.005698182913526297,0.35,207961.007117706,-52445.24155299974,-52445.24155299974,0.0,71,1,0.0,43,4,,,,,5.023336620873198,59.72560081836765,0.9981514422013198,0.001848557798680138,0.36640192757577955,28,4,,,,,5.046533172203144,1414.0843024940712,0.9945083069244905,0.005491693075509475,0.35,-2445411.2438401156,-2104616.1525979997,-2104616.1525979997,0.0,529,2,0.0,240,16,,,,,5.006964866342668,59.209081103327286,0.9987754839103263,0.001224516089673697,0.772842668269163,289,16,,,,,5.047499052888396,1570.9526250100585,0.9950844794287768,0.00491552057122317,0.3826470127929004,-2445411.2438401156,-2104616.1525979997,-2104616.1525979997,0.0,529,2,0.0,240,16,,,,,5.006964866342668,59.209081103327286,0.9987754839103263,0.001224516089673697,0.772842668269163,289,16,,,,,5.047499052888396,1570.9526250100585,0.9950844794287768,0.00491552057122317,0.3826470127929004
576,ASTER,0.0,0.0,0.0,,0,0,0,0,0,15d,bearish,-2052465.7724910257,529,,,,,,,4.532919034403341,2027.6542018937791,0.9971693294901092,0.002830670509890889,1.35,,-12151.28154760422,-12529.702475,-12529.702475,0.0,2,0,0.0,1,1,,,,,2.6164132251579284,98.37652540285431,0.9883913166400543,0.011608683359945655,1.7999999999999998,1,1,,,,,4.504359016426427,2627.3611700647843,0.9972721279158032,0.002727872084196659,1.35,-36553.414030906024,-38709.757065000005,-38709.757065000005,0.0,6,0,0.0,3,1,,,,,2.6097164819567276,98.14717966596692,0.9890302361249905,0.010969763875009654,1.8,3,1,,,,,4.50648158332952,2621.9352251036494,0.9971071391598059,0.0028928608401941405,1.35,-66206.8036852606,-77312.10093,-77312.10093,0.0,25,0,0.0,11,2,,,,,2.594158452893339,98.32322205135118,0.9891842959336677,0.010815704066332265,1.7999999999999996,14,2,,,,,4.5067936674353835,2762.9535796241144,0.9969970339173547,0.0030029660826452675,1.35,-116510.20405407409,-48003.644939999984,-48003.644939999984,0.0,71,1,0.0,32,4,,,,,2.5867091384221803,98.37154962863224,0.9894415546847599,0.010558445315240049,1.7999999999999998,39,4,,,,,4.5044219704271935,2637.448445595289,0.9970530435871784,0.0029469564128215718,1.35,-2052465.7724910257,256477.54367500002,256477.54367500002,0.0,529,2,0.0,214,16,,,,,2.6331529409762715,99.19077263853619,0.9892340097168146,0.010765990283185369,1.7999999999999998,315,16,,,,,4.532919034403341,2027.6542018937791,0.9971693294901092,0.002830670509890889,1.35,-2052465.7724910257,256477.54367500002,256477.54367500002,0.0,529,2,0.0,214,16,,,,,2.6331529409762715,99.19077263853619,0.9892340097168146,0.010765990283185369,1.7999999999999998,315,16,,,,,4.532919034403341,2027.6542018937791,0.9971693294901092,0.002830670509890889,1.35
576,PUMP,0.0,0.0,0.0,,0,0,0,0,0,15d,bullish,2051073.759303001,529,,,,,,,7.279776482495568,24.894619136540534,0.5303203450137081,0.46967965498629183,-0.5405971290900577,,15975.20691337628,36247.599349,36247.599349,0.0,2,0,0.0,1,1,,,,,7.166989143657003,9.51591213495365,0.5626006342923556,0.43739936570764476,-1.6,1,1,,,,,7.055880240030104,1302.3157743897864,0.4777551789723596,0.5222448210276409,-0.30000000000000004,665475.4488460273,-11912.663021000071,-11912.663021000071,0.0,6,0,0.0,4,1,,,,,7.232143020976674,10.28354451848011,0.5497298119509397,0.45027018804906066,-0.6937895263157875,2,1,,,,,7.0535662187534545,1298.667607084516,0.47801985927510854,0.5219801407248916,-0.30000000000000004,808928.5615579576,-979501.9520210001,-979501.9520210001,0.0,25,0,0.0,14,2,,,,,7.194660136005801,13.11007576246278,0.5586396019265581,0.44136039807344213,-0.6616364294172908,11,2,1,1.0,1.0,0.0,6.872167007499099,1331.7653670350185,0.5122710790655066,0.4877289209344933,-0.30000000000000004,-175440.64049740767,-1231053.258264,-1231053.258264,0.0,71,1,0.0,31,4,,,,,7.0922392671810615,16.29291923298223,0.5793049053793191,0.42069509462068116,-0.598590399253107,40,4,1,1.0,1.0,0.0,6.777158467563498,1282.7389119718234,0.5270991248423522,0.4729008751576479,-0.30000000000000004,2051073.759303001,-1771444.7008134509,-1771444.1790770008,-0.5217364499999998,529,2,2.9452595938242805e-07,253,16,1,1.0,1.0,0.0,7.279776482495568,24.894619136540534,0.5303203450137081,0.46967965498629183,-0.5405971290900577,276,16,5,0.24059552606966603,0.6874331698673538,0.0,6.760007561893466,1041.54861564233,0.5308962688365737,0.4691037311634264,-0.30000000000000004,2051073.759303001,-1771444.7008134509,-1771444.1790770008,-0.5217364499999998,529,2,2.9452595938242805e-07,253,16,1,1.0,1.0,0.0,7.279776482495568,24.894619136540534,0.5303203450137081,0.46967965498629183,-0.5405971290900577,276,16,5,0.25078304805978013,0.6586760908830234,0.0,6.760007561893466,1041.54861564233,0.5308962688365737,0.4691037311634264,-0.30000000000000004
576,XRP,0.0,0.0,0.0,,0,0,0,0,0,24h,bearish,-2050506.518269833,25,,,,,,,16.666883677527142,671.3530286147604,0.030240023783067237,0.9697599762169328,-1.4500000000000002,,-5765.561784360005,-73753.69210000001,-73753.69210000001,0.0,2,0,0.0,1,1,,,,,19.09965290688846,0.0,0.024832088475574665,0.9751679115244255,-1.8,1,1,,,,,17.26357830229257,593.8399324216612,0.01611262079649943,0.9838873792035006,-1.4500000000000002,-391129.5312939669,-119278.26955000006,-119278.26955000006,0.0,6,0,0.0,1,1,,,,,19.09965290688846,0.0,0.024832088475574665,0.9751679115244255,-1.8,5,1,,,,,17.284948217103917,587.134141389007,0.01652531685644084,0.983474683143559,-1.4500000000000002,-2050506.518269833,-9222670.453199998,-9222670.453199998,0.0,25,0,0.0,9,2,2,0.6951894421353838,1.0,0.0,18.349772215082332,9.330238084453486,0.07924121828453985,0.9207587817154599,-1.7312698379610327,16,2,4,0.617424785658907,0.936036476278747,0.0,16.666883677527142,671.3530286147604,0.030240023783067237,0.9697599762169328,-1.4500000000000002,-1395252.2083050802,-10592180.073049998,-10592180.073049998,0.0,71,1,0.0,36,4,3,0.4741019290118458,1.0,0.0,18.846292931088897,18.91409117420389,0.05713918846805015,0.9428608115319498,-1.6762936615206543,35,4,4,0.7722853286099244,0.961927923610466,0.0,16.44339180264055,678.5385388779573,0.02873298444317324,0.9712670155568267,-1.4500000000000002,-1658543.557333963,-26263262.5708,-26263262.5708,0.0,529,2,0.0,262,16,12,0.15631117135278055,0.41759229031524125,0.0,19.06270128539103,25.479019259127767,0.0506635051454309,0.9493364948545692,-1.6460411448338625,267,16,9,0.553981940486888,0.7649443236030307,0.0,16.08842801054852,732.639558819511,0.01972735674616872,0.9802726432538312,-1.4500000000000002,-1658543.557333963,-26263262.5708,-26263262.5708,0.0,529,2,0.0,262,16,12,0.15631117135278055,0.41759229031524125,0.0,19.06270128539103,25.479019259127767,0.0506635051454309,0.9493364948545692,-1.6460411448338625,267,16,9,0.553981940486888,0.7649443236030307,0.0,16.08842801054852,732.639558819511,0.01972735674616872,0.9802726432538312,-1.4500000000000002
576,MINA,0.0,0.0,0.0,,0,0,0,0,0,72h,bearish,-1609190.2617408917,71,,,,,,,3.017064537415806,7059.5066251416065,0.9989962036814232,0.0010037963185767762,1.35,,-3280.1694557594396,-1824.385317,-1824.385317,0.0,2,0,0.0,1,1,,,,,4.037994090530367,63.37365517081431,0.938941524086449,0.06105847591355101,1.35,1,1,,,,,4.213445487282935,8209.178596832524,0.9286208536892391,0.07137914631076091,1.35,-3273.0907741675196,-3403.9737029999997,-3403.9737029999997,0.0,6,0,0.0,3,1,,,,,4.045387516575761,69.74186793040062,0.9385066166720143,0.061493383327985936,1.3500000000000003,3,1,,,,,4.210631083759046,8215.95595841982,0.9287864068377031,0.07121359316229685,1.35,5137.046047657119,248.83817299999913,248.83817299999913,0.0,25,0,0.0,12,2,,,,,3.813859607171619,76.64141570733182,0.9521259054604931,0.04787409453950701,1.35,13,2,,,,,3.8282443887102353,8103.50677687279,0.9512797418405744,0.04872025815942558,1.35,-1609190.2617408917,-980150.6119400002,-980150.6119400002,0.0,71,1,0.0,35,4,,,,,3.5096417543358847,60.76504486907209,0.9700210732743596,0.0299789267256403,1.2744637092574944,36,4,1,1.0,1.0,0.0,3.017064537415806,7059.5066251416065,0.9989962036814232,0.0010037963185767762,1.35,-59256.04055054837,-10707.640993000152,-10707.640993000152,0.0,529,2,0.0,283,16,1,1.0,1.0,0.0,3.347009806341906,2.2086544990248336,0.9795876584504759,0.020412341549523903,0.9514052256293773,246,16,1,1.0,1.0,0.0,3.146865376518173,7693.145886156311,0.9913608602048134,0.008639139795186594,1.3664235304477805,-59256.04055054837,-10707.640993000152,-10707.640993000152,0.0,529,2,0.0,283,16,1,1.0,1.0,0.0,3.347009806341906,2.2086544990248336,0.9795876584504759,0.020412341549523903,0.9514052256293773,246,16,1,1.0,1.0,0.0,3.146865376518173,7693.145886156311,0.9913608602048134,0.008639139795186594,1.3664235304477805
576,UNI,0.0,0.0,0.0,,0,0,0,0,0,72h,bullish,1607554.3585285977,71,,,,,,,9.138433377921697,66.4759352386544,0.1611776813839062,0.8388223186160938,-0.9000000000000001,,-120146.38849883317,-129177.57070000001,-129177.57070000001,0.0,2,0,0.0,0,0,,,,,,,,,,2,1,,,,,9.17819990461523,2822.1072598873607,0.05954038904653509,0.940459610953465,-0.9,-111500.81495253892,-114800.73562500002,-114800.73562500002,0.0,6,0,0.0,1,1,,,,,9.287338021883285,64.06246586552535,0.14653768444787932,0.8534623155521206,-0.9,5,1,,,,,9.168624670454344,2826.870531749227,0.05953769739599027,0.9404623026040096,-0.9,144302.2686449142,231662.8814399999,231662.8814399999,0.0,25,0,0.0,11,2,,,,,9.274898019292618,61.908877411555125,0.15203734887663573,0.8479626511233643,-0.9000000000000001,14,2,,,,,9.158609130698787,2740.4233648750032,0.05661893778883525,0.9433810622111648,-0.9,1607554.3585285977,2343251.5488,2343251.5488,0.0,71,1,0.0,38,4,,,,,9.138433377921697,66.4759352386544,0.1611776813839062,0.8388223186160938,-0.9000000000000001,33,4,,,,,9.144595574234176,2391.638336302491,0.0531632804686307,0.9468367195313696,-0.9000000000000001,209650.9317390455,28606.71951499988,28606.71951499988,0.0,529,2,0.0,256,16,,,,,9.453023512502416,65.36370901342626,0.10445574564767254,0.8955442543523274,-0.9221878674464375,273,16,,,,,9.138955237281198,2911.005200506705,0.07999511348009727,0.9200048865199028,-0.9,209650.9317390455,28606.71951499988,28606.71951499988,0.0,529,2,0.0,256,16,,,,,9.453023512502416,65.36370901342626,0.10445574564767254,0.8955442543523274,-0.9221878674464375,273,16,,,,,9.138955237281198,2911.005200506705,0.07999511348009727,0.9200048865199028,-0.9
576,XMR,0.0,0.0,0.0,,0,0,0,0,0,15d,bearish,-1474857.6395869094,529,,,,,,,4.862550350738138,522.9917235186972,0.9986204730629129,0.0013795269370870387,1.35,,-133502.1896517861,-70167.44256499942,-70167.44256499942,0.0,2,0,0.0,1,1,,,,,5.245798033850666,0.0,0.9836134644099556,0.016386535590044406,0.0,1,1,,,,,4.785657042212294,538.7317060664832,0.998245552139485,0.001754447860515093,1.35,-141872.43791246155,-60831.92836000019,-60831.92836000019,0.0,6,0,0.0,3,1,,,,,5.243932452735642,0.0,0.9837378364842905,0.016262163515709423,0.0,3,1,,,,,4.786881248301095,540.351742648201,0.9982440026793471,0.0017559973206530224,1.35,-548344.2590304519,-336242.82426499925,-336242.82426499925,0.0,25,0,0.0,12,2,,,,,5.23160304615988,0.0,0.9845597969226747,0.015440203077325344,0.0,13,2,,,,,4.785485839396267,542.225090141882,0.9976771384755135,0.0023228615244865174,1.3500000000000003,-495837.3658920351,309618.26093500055,309618.26093500055,0.0,71,1,0.0,41,4,,,,,5.160035793764622,0.0,0.9893309470823587,0.010669052917641432,0.0,30,4,,,,,4.798769411801319,514.0527377099024,0.9982520306365795,0.0017479693634205313,1.3500000000000003,-1474857.6395869094,-1285587.541535,-1285587.541535,0.0,529,2,0.0,264,16,,,,,5.10360738483117,6.412740851627231,0.9930928410112553,0.006907158988744643,0.14890878003237995,265,16,,,,,4.862550350738138,522.9917235186972,0.9986204730629129,0.0013795269370870387,1.35,-1474857.6395869094,-1285587.541535,-1285587.541535,0.0,529,2,0.0,264,16,,,,,5.10360738483117,6.412740851627231,0.9930928410112553,0.006907158988744643,0.14890878003237995,265,16,,,,,4.862550350738138,522.9917235186972,0.9986204730629129,0.0013795269370870387,1.35
576,FARTCOIN,0.0,0.0,0.0,,0,0,0,0,0,15d,bearish,-1463603.9385810336,529,,,,,,,7.419249925712499,2052.3492921159263,0.44561258481216054,0.5543874151878396,-0.5868109956194225,,-67893.93267716201,-96916.91996999999,-96916.91996999999,0.0,2,0,0.0,0,0,,,,,,,,,,2,1,,,,,6.484942112471864,2267.6812795068417,0.5660234624326903,0.4339765375673101,-0.30000000000000004,-157593.435130368,-194686.181878,-194686.181878,0.0,6,0,0.0,1,1,,,,,9.403013261111564,0.0,0.11917445919291147,0.8808255408070885,-1.25,5,1,,,,,6.473614742931836,2272.006076916521,0.5691923711159271,0.43080762888407315,-0.30000000000000004,179847.53176638676,741970.2815330001,741970.2815330001,0.0,25,0,0.0,10,2,,,,,9.37228939541134,0.22547340730635543,0.13499126403255565,0.8650087359674443,-1.469805397405535,15,2,,,,,6.46205512246168,2336.4108242448306,0.5623978479621666,0.43760215203783354,-0.3,461457.9721447491,1114601.71896,1114601.71896,0.0,71,1,0.0,30,4,,,,,9.557715919965478,11.608746709661235,0.10494491123844367,0.8950550887615563,-1.4519420577222135,41,4,,,,,6.505363365797864,2150.357442433504,0.5518016839813427,0.44819831601865723,-0.30000000000000004,-1463603.9385810336,-849513.4227580004,-849513.4227580004,0.0,529,2,0.0,237,16,1,1.0,1.0,0.0,9.19370244079911,31.05233263416065,0.13986105723398315,0.8601389427660169,-1.2896171554279376,292,16,2,0.5840025048169565,1.0,0.0,7.419249925712499,2052.3492921159263,0.44561258481216054,0.5543874151878396,-0.5868109956194225,-1463603.9385810336,-849513.4227580004,-849513.4227580004,0.0,529,2,0.0,237,16,1,1.0,1.0,0.0,9.19370244079911,31.05233263416065,0.13986105723398315,0.8601389427660169,-1.2896171554279376,292,16,2,0.5840025048169565,1.0,0.0,7.419249925712499,2052.3492921159263,0.44561258481216054,0.5543874151878396,-0.5868109956194225
576,ENA,0.0,0.0,0.0,,0,0,0,0,0,15d,bullish,1336036.292765104,529,,,,,,,9.55485630584577,61.148000099730545,0.10473766055323087,0.895262339446769,-0.9762798521146175,,-50914.009599146426,-93585.34890599998,-93585.34890599998,0.0,2,0,0.0,0,0,,,,,,,,,,2,1,,,,,7.919770987079329,1826.246952821346,0.4068247026141931,0.5931752973858067,-0.30000000000000004,-60216.00474813836,-260520.952267,-260520.952267,0.0,6,0,0.0,2,1,,,,,9.72442635881941,13.024657153874768,0.05955875935546607,0.9404412406445339,-1.25,4,1,,,,,7.919043415639162,1856.2438461677182,0.40874301665538015,0.5912569833446196,-0.30000000000000004,-124888.42717644693,-50070.03241799998,-50070.03241799998,0.0,25,0,0.0,11,2,,,,,9.656320209830396,17.086913147637166,0.06368963989203358,0.9363103601079664,-1.25,14,2,,,,,7.880122273191469,1943.9544631644465,0.414593946547789,0.585406053452211,-0.30000000000000004,537773.3604413016,869650.8239739999,869650.8239739999,0.0,71,1,0.0,40,4,,,,,9.523631705374443,31.834923455596613,0.09726960251878303,0.902730397481217,-1.25,31,4,,,,,7.949327642706783,1902.2194949863695,0.39819631184821425,0.6018036881517859,-0.6268373052668129,1336036.292765104,3278314.542476,3278314.542476,0.0,529,2,0.0,278,16,1,1.0,1.0,0.0,9.55485630584577,61.148000099730545,0.10473766055323087,0.895262339446769,-0.9762798521146175,251,16,1,1.0,1.0,0.0,8.21021197455828,1649.5527463729293,0.3425816622405526,0.6574183377594474,-0.8758494711852702,1336036.292765104,3278314.542476,3278314.542476,0.0,529,2,0.0,278,16,1,1.0,1.0,0.0,9.55485630584577,61.148000099730545,0.10473766055323087,0.895262339446769,-0.9762798521146175,251,16,1,1.0,1.0,0.0,8.21021197455828,1649.5527463729293,0.3425816622405526,0.6574183377594474,-0.8758494711852702
576,UXPL,0.0,0.0,0.0,,0,0,0,0,0,15d,bullish,1302728.0812248867,517,,,,,,,0.0,0.0,0.0,0.0,0.0,,38313.41477796002,-43035.650841400406,0.0,-43035.650841400406,2,0,1.0,1,1,,,,,0.0,0.0,0.0,0.0,0.0,1,1,,,,,0.0,0.0,0.0,0.0,0.0,44001.87856990033,-61347.256817735404,0.0,-61347.256817735404,6,0,1.0,3,1,,,,,0.0,0.0,0.0,0.0,0.0,3,1,,,,,0.0,0.0,0.0,0.0,0.0,592827.8405333713,1054276.6236771997,0.0,1054276.6236771997,24,0,1.0,15,2,1,1.0,1.0,1.0,0.0,0.0,0.0,0.0,0.0,9,2,,,,,0.0,0.0,0.0,0.0,0.0,1021260.184399026,1775992.0762840551,0.0,1775992.0762840551,68,1,1.0,46,4,2,0.7228378742956214,1.0,1.0,0.0,0.0,0.0,0.0,0.0,22,4,2,0.6869115695046644,1.0,1.0,0.0,0.0,0.0,0.0,0.0,1302728.0812248867,1704841.3696379806,0.0,1704841.3696379806,517,2,1.0,290,16,5,0.7791979943366022,0.9075369189690164,1.0,0.0,0.0,0.0,0.0,0.0,227,16,5,0.8380374728681732,0.9466150049376996,1.0,0.0,0.0,0.0,0.0,0.0,1302728.0812248867,1704841.3696379806,0.0,1704841.3696379806,517,2,1.0,290,16,5,0.7685476716358219,0.9190869698401324,1.0,0.0,0.0,0.0,0.0,0.0,227,16,6,0.6638195516591847,0.9310700521720976,1.0,0.0,0.0,0.0,0.0,0.0
576,XLM,0.0,0.0,0.0,,0,0,0,0,0,15d,bullish,1186955.7208888223,529,,,,,,,5.26297237900992,27.457243214946246,0.9782969885816675,0.021703011418332564,0.13671416554253893,,-26555.631084006996,-12853.318910000002,-12853.318910000002,0.0,2,0,0.0,0,0,,,,,,,,,,2,1,,,,,5.290173859278838,1431.49773549136,0.9773835311014551,0.0226164688985448,0.35,27078.931338724993,31773.128574999984,31773.128574999984,0.0,6,0,0.0,2,1,,,,,5.48151483612716,0.0,0.9656619883069911,0.03433801169300885,0.0,4,1,,,,,5.2887371206401115,1432.865990926761,0.9774771024785379,0.022522897521461936,0.35,323376.67542006884,258946.53374,258946.53374,0.0,25,0,0.0,11,2,,,,,5.525066809988723,0.0,0.9645901035036603,0.035409896496339736,0.0,14,2,,,,,5.282293226358292,1577.1570577674438,0.9775646636109112,0.022435336389088775,0.35,597656.5026394089,62069.35967000001,62069.35967000001,0.0,71,1,0.0,29,4,,,,,5.525745379464648,0.0,0.9647719000285133,0.035228099971486695,0.0,42,4,,,,,5.256880387890505,1509.3039424356043,0.9789153987529393,0.021084601247060717,0.35000000000000003,1186955.7208888223,-151315.50185500013,-151315.50185500013,0.0,529,2,0.0,235,16,,,,,5.26297237900992,27.457243214946246,0.9782969885816675,0.021703011418332564,0.13671416554253893,294,16,,,,,5.137726966492638,1610.2612232872957,0.9846345728248049,0.015365427175195057,0.35,1186955.7208888223,-151315.50185500013,-151315.50185500013,0.0,529,2,0.0,235,16,,,,,5.26297237900992,27.457243214946246,0.9782969885816675,0.021703011418332564,0.13671416554253893,294,16,,,,,5.137726966492638,1610.2612232872957,0.9846345728248049,0.015365427175195057,0.35
576,GRASS,0.0,0.0,0.0,,0,0,0,0,0,15d,bearish,-1157926.890392124,529,,,,,,,3.1733313360936597,3299.5721860822446,0.989803365431078,0.010196634568922027,1.35,,-24272.397590802357,-14351.448203999977,-14351.448203999977,0.0,2,0,0.0,0,0,,,,,,,,,,2,1,,,,,3.1099168682878635,4299.890672567282,0.9935308441401729,0.006469155859827193,1.35,-43512.08229447356,-27116.877487999973,-27116.877487999973,0.0,6,0,0.0,1,1,,,,,3.0418479923441017,30.066411992107284,0.9967892151735507,0.0032107848264492467,1.0,5,1,,,,,3.0974971177458905,4398.940765041051,0.9942613943106066,0.005738605689393392,1.35,-131597.11760409505,7468.545311999983,7468.545311999983,0.0,25,0,0.0,12,2,,,,,3.108785344463045,30.274515384901697,0.9923476268808006,0.0076523731191994035,1.0,13,2,,,,,3.0873902100957533,4479.275934277706,0.9948558893674824,0.005144110632517606,1.35,-145237.90072485583,4053.1363689999903,4053.1363689999903,0.0,71,1,0.0,37,4,,,,,3.0798620946415456,39.13631085588887,0.9938798559060488,0.006120144093951204,1.207168599252346,34,4,,,,,3.083937558971825,4245.2293586297,0.9950589980781469,0.0049410019218531515,1.35,-1157926.890392124,-196755.91353499988,-196755.91353499988,0.0,529,2,0.0,235,16,,,,,3.250853389733617,63.42260898916906,0.9851150213467668,0.014884978653233223,1.3416844419027003,294,16,,,,,3.1733313360936597,3299.5721860822446,0.989803365431078,0.010196634568922027,1.35,-1157926.890392124,-196755.91353499988,-196755.91353499988,0.0,529,2,0.0,235,16,,,,,3.250853389733617,63.42260898916906,0.9851150213467668,0.014884978653233223,1.3416844419027003,294,16,,,,,3.1733313360936597,3299.5721860822446,0.989803365431078,0.010196634568922027,1.35
576,VIRTUAL,0.0,0.0,0.0,,0,0,0,0,0,72h,bullish,1113781.9376580624,71,,,,,,,5.067382286382323,39.936258959906624,0.9646836845874135,0.0353163154125865,0.4148770518017527,,-8735.6669489384,6377.578807000018,6377.578807000018,0.0,2,0,0.0,0,0,,,,,,,,,,2,1,,,,,4.7699064727087865,4140.675430504056,0.9960006695253818,0.0039993304746182195,1.3499999999999999,-38495.40566149413,-47502.199725000035,-47502.199725000035,0.0,6,0,0.0,2,1,,,,,5.159606302994834,48.45835895890853,0.9893293976671343,0.010670602332865719,0.35,4,1,,,,,4.7943780552540005,4107.007068337699,0.9959048520811232,0.004095147918876629,1.35,-249438.48798534955,-305456.975585,-305456.975585,0.0,25,0,0.0,7,2,,,,,5.166601974668197,34.78310838288646,0.9047606301989266,0.09523936980107334,0.044208804201296595,18,2,,,,,4.9100664074908416,3860.297386012205,0.9940032285296618,0.005996771470338258,1.35,1113781.9376580624,80407.764447,80407.764447,0.0,71,1,0.0,36,4,,,,,5.067382286382323,39.936258959906624,0.9646836845874135,0.0353163154125865,0.4148770518017527,35,4,,,,,4.916371801812669,3634.121999424055,0.9937134939427323,0.006286506057267636,1.35,636045.6520133244,-450590.4945490001,-450590.4945490001,0.0,529,2,0.0,287,16,,,,,5.101182464100957,48.2911171348283,0.9791390344704688,0.02086096552953126,0.44682520319554636,242,16,,,,,4.878401556224199,4326.486422112082,0.9938244409741045,0.006175559025895477,1.3500000000000003,636045.6520133244,-450590.4945490001,-450590.4945490001,0.0,529,2,0.0,287,16,,,,,5.101182464100957,48.2911171348283,0.9791390344704688,0.02086096552953126,0.44682520319554636,242,16,,,,,4.878401556224199,4326.486422112082,0.9938244409741045,0.006175559025895477,1.3500000000000003
576,CASHCAT,0.0,0.0,0.0,,0,0,0,0,0,15d,bearish,-1083850.7310028602,75,,,,,,,2.9702864475076285,85.13532862774537,0.9745377323809482,0.025462267619051866,1.7985439426213239,,-177147.96209113405,-16556.183235,-16556.183235,0.0,2,0,0.0,0,0,,,,,,,,,,2,1,,,,,2.9697526676801105,70.59988195796026,0.962080293717184,0.03791970628281616,1.7999999999999996,-133620.38977693065,20364.403365,20364.403365,0.0,6,0,0.0,3,1,,,,,2.8900742458027793,61.43108474333813,1.0,0.0,1.7999999999999998,3,1,,,,,2.9712223585618345,72.4266895757017,0.9643368981845966,0.035663101815403525,1.7999999999999998,-896921.886361104,-381505.148375,-381505.148375,0.0,25,0,0.0,9,2,,,,,2.889882936456384,58.320390695683464,0.9870480826610298,0.012951917338970088,1.7999999999999998,16,2,,,,,2.9839068370075768,103.3417963205455,0.9859688285699778,0.014031171430022225,1.7999999999999998,-805740.9937700799,270039.3074199999,270039.3074199999,0.0,71,1,0.0,30,4,1,1.0,1.0,0.0,2.9011957452932404,52.158981372746865,0.994005015812157,0.005994984187843053,1.7311313855781285,41,4,,,,,2.9684657838295805,89.35538015152761,0.986827691097464,0.013172308902535838,1.7999999999999998,-1083850.7310028602,-3074.426530000062,-3074.426530000062,0.0,75,1,0.0,31,4,1,1.0,1.0,0.0,2.9015792646458185,52.03766165290287,0.9940282859887426,0.005971714011257431,1.7300401438365023,44,4,,,,,2.9702864475076285,85.13532862774537,0.9745377323809482,0.025462267619051866,1.7985439426213239,-1083850.7310028602,-3074.426530000062,-3074.426530000062,0.0,75,1,0.0,31,4,1,1.0,1.0,0.0,2.9015792646458185,52.03766165290287,0.9940282859887426,0.005971714011257431,1.7300401438365023,44,4,,,,,2.9702864475076285,85.13532862774537,0.9745377323809482,0.025462267619051866,1.7985439426213239
576,USDT0,0.0,0.0,0.0,,0,0,0,0,0,15d,bearish,-1041662.7904108296,440,,,,,,,0.0,0.0,0.0,0.0,0.0,,355.86524667969763,778.3452608013453,0.0,778.3452608013453,2,0,1.0,1,1,,,,,0.0,0.0,0.0,0.0,0.0,1,1,,,,,0.0,0.0,0.0,0.0,0.0,1124.1366154332152,2331.8896781476355,0.0,2331.8896781476355,6,0,1.0,5,1,,,,,0.0,0.0,0.0,0.0,0.0,1,1,,,,,0.0,0.0,0.0,0.0,0.0,16136.673872517662,28548.23155491291,0.0,28548.23155491291,17,0,1.0,14,2,,,,,0.0,0.0,0.0,0.0,0.0,3,2,,,,,0.0,0.0,0.0,0.0,0.0,-19413.47010644663,4919.738925134876,0.0,4919.738925134876,44,1,1.0,29,4,,,,,0.0,0.0,0.0,0.0,0.0,15,4,,,,,0.0,0.0,0.0,0.0,0.0,-1041662.7904108296,-883187.1102583423,0.0,-883187.1102583423,440,2,1.0,230,16,1,1.0,1.0,1.0,0.0,0.0,0.0,0.0,0.0,210,16,2,0.9330918227478145,1.0,1.0,0.0,0.0,0.0,0.0,0.0,-1041662.7904108296,-883187.1102583423,0.0,-883187.1102583423,440,2,1.0,230,16,1,1.0,1.0,1.0,0.0,0.0,0.0,0.0,0.0,210,16,2,0.9330918227478145,1.0,1.0,0.0,0.0,0.0,0.0,0.0
576,ETHFI,0.0,0.0,0.0,,0,0,0,0,0,15d,bearish,-938338.2379160526,529,,,,,,,5.186226127136953,2402.77349014771,0.9830175637250984,0.01698243627490165,0.35,,-21708.926554060712,-18911.91113499999,-18911.91113499999,0.0,2,0,0.0,1,1,,,,,5.43160142729537,49.01213794722743,0.9678409755665729,0.03215902443342701,0.35,1,1,,,,,5.312385970286058,1866.9309871459768,0.9788934594294498,0.02110654057055024,0.35,99932.76336411329,64435.32139000001,64435.32139000001,0.0,6,0,0.0,5,1,,,,,5.4482990705387495,47.752857118917994,0.9664876723043084,0.033512327695691436,0.33040763239668813,1,1,,,,,5.312385970286058,1866.9309871459768,0.9788934594294498,0.02110654057055024,0.35,306452.5949446837,237262.97146200002,237262.97146200002,0.0,25,0,0.0,16,2,,,,,5.393571547625848,47.19049336126998,0.9694430086559538,0.03055699134404616,0.34461224058745343,9,2,,,,,5.264210346106407,1873.5217652629622,0.9810412028234066,0.01895879717659334,0.3499999999999999,719344.6784317971,547161.3191480001,547161.3191480001,0.0,71,1,0.0,44,4,,,,,5.356700716465953,43.0252620509917,0.9724843423915205,0.027515657608479408,0.2225062832810256,27,4,,,,,5.218447186610648,1635.7706262607005,0.9833240973939241,0.016675902606075866,0.35,-938338.2379160526,-481531.78192700003,-481531.78192700003,0.0,529,2,0.0,232,16,,,,,5.222447835716169,38.12593633103293,0.9771368086019077,0.022863191398092265,0.3426769699127185,297,16,,,,,5.186226127136953,2402.77349014771,0.9830175637250984,0.01698243627490165,0.35,-938338.2379160526,-481531.78192700003,-481531.78192700003,0.0,529,2,0.0,232,16,,,,,5.222447835716169,38.12593633103293,0.9771368086019077,0.022863191398092265,0.3426769699127185,297,16,,,,,5.186226127136953,2402.77349014771,0.9830175637250984,0.01698243627490165,0.35
576,EIGEN,0.0,0.0,0.0,,0,0,0,0,0,15d,bullish,893406.4217466009,529,,,,,,,6.952106103798163,35.95995952439278,0.8649126502275716,0.1350873497724284,0.049242611416688634,,-6521.664783444587,-7133.6638750000275,-7133.6638750000275,0.0,2,0,0.0,0,0,,,,,,,,,,2,1,,,,,5.097598653804248,3692.965299334309,0.9909331142050642,0.009066885794935833,0.35,29243.01980721799,9208.033165000015,9208.033165000015,0.0,6,0,0.0,3,1,,,,,4.957516912245795,37.32210400392789,1.0,0.0,1.0,3,1,,,,,5.268358078951889,3630.667887731578,0.9794778878232003,0.0205221121767996,0.35,153535.20490529714,97416.54838799995,97416.54838799995,0.0,25,0,0.0,13,2,,,,,6.611867634059689,39.674825535598856,0.8897848097445219,0.11021519025547816,0.33927834976625043,12,2,,,,,5.3917610208563715,3672.002786798484,0.9713045894754971,0.028695410524502786,0.3499999999999999,562847.1052450507,464024.1462099999,464024.1462099999,0.0,71,1,0.0,43,4,,,,,6.991185892460364,38.039584064325695,0.8639650395903136,0.1360349604096864,0.11058112522173998,28,4,,,,,5.352784198339114,3541.0782410951324,0.9738118258813503,0.026188174118649803,0.35,893406.4217466009,434909.4152339999,434909.4152339999,0.0,529,2,0.0,297,16,,,,,6.952106103798163,35.95995952439278,0.8649126502275716,0.1350873497724284,0.049242611416688634,232,16,,,,,5.270662171540461,3206.196779514978,0.9793505584000685,0.02064944159993147,0.35,893406.4217466009,434909.4152339999,434909.4152339999,0.0,529,2,0.0,297,16,,,,,6.952106103798163,35.95995952439278,0.8649126502275716,0.1350873497724284,0.049242611416688634,232,16,,,,,5.270662171540461,3206.196779514978,0.9793505584000685,0.02064944159993147,0.35
576,ARB,0.0,0.0,0.0,,0,0,0,0,0,24h,bullish,893396.4545375122,25,,,,,,,10.138607626386193,13.720797458129598,0.03438686077016709,0.9656131392298328,-2.012630289629483,,29171.261119688563,38167.75476599991,38167.75476599991,0.0,2,0,0.0,2,1,,,,,9.968996566486222,23.3712128743175,0.007853174150929738,0.9921468258490705,-1.2499999999999998,0,0,,,,,,,,,,78781.0013662418,147790.67552299998,147790.67552299998,0.0,6,0,0.0,4,1,,,,,9.963048998856273,27.355538028763522,0.007889316276481527,0.9921106837235186,-1.25,2,1,,,,,9.903851052947177,5556.638551729951,0.007390587725646263,0.9926094122743538,-0.9,893396.4545375122,2240619.521943,2240619.521943,0.0,25,0,0.0,17,2,,,,,10.138607626386193,13.720797458129598,0.03438686077016709,0.9656131392298328,-2.012630289629483,8,2,,,,,9.935251789341425,4438.225944055906,0.008542654482014451,0.9914573455179856,-0.9000000000000001,341444.6201771573,49108.07556000015,49108.07556000015,0.0,71,1,0.0,38,4,,,,,9.970012930062607,10.964270630057463,0.05466930384629941,0.9453306961537006,-2.0740084650824624,33,4,,,,,9.935811072341048,3978.5908538880503,0.01478978929830335,0.9852102107016967,-0.9863960068363846,557327.419941625,-170825.65768899987,-170825.65768899987,0.0,529,2,0.0,281,16,,,,,10.031286672663793,11.07102770168032,0.06886889252271217,0.9311311074772878,-1.7272798205872755,248,16,,,,,9.900700576825287,5350.429818117767,0.026144580575180387,0.9738554194248197,-0.9961579382569404,557327.419941625,-170825.65768899987,-170825.65768899987,0.0,529,2,0.0,281,16,,,,,10.031286672663793,11.07102770168032,0.06886889252271217,0.9311311074772878,-1.7272798205872755,248,16,,,,,9.900700576825287,5350.429818117767,0.026144580575180387,0.9738554194248197,-0.9961579382569404
576,BCH,0.0,0.0,0.0,,0,0,0,0,0,15d,bearish,-854870.1441966611,529,,,,,,,9.558030489178462,3543.026161870085,0.10778334781671403,0.892216652183286,-0.9,,11895.98008943699,-109.2976250000147,-109.2976250000147,0.0,2,0,0.0,1,1,,,,,10.577619582686548,0.0,0.010987012436691819,0.9890129875633082,-1.8,1,1,,,,,9.665496578035789,4197.7975950286755,0.11683392167348834,0.8831660783265116,-0.9,-23179.078565553413,-45966.97573500004,-45966.97573500004,0.0,6,0,0.0,3,1,,,,,10.566933495480228,0.0,0.010674798697067625,0.9893252013029324,-1.8,3,1,,,,,9.629703470598807,4233.6584524858135,0.12226437364809474,0.8777356263519053,-0.9,159186.04583656165,107143.70102999997,107143.70102999997,0.0,25,0,0.0,14,2,,,,,10.531669889649995,0.0,0.009529413842828264,0.9904705861571717,-1.7999999999999998,11,2,,,,,9.549434785277597,4202.733153554268,0.1365510075508442,0.8634489924491557,-0.9,-136587.965011755,-327574.85952,-327574.85952,0.0,71,1,0.0,34,4,,,,,10.522028643322079,0.0,0.005887729298601948,0.9941122707013981,-1.8,37,4,,,,,9.410007448203526,4181.130116378489,0.1579441980136555,0.8420558019863444,-0.9,-854870.1441966611,-1190883.3071100002,-1190883.3071100002,0.0,529,2,0.0,238,16,,,,,10.056259705987923,0.0,0.05166011997341648,0.9483398800265835,-1.5985879828056886,291,16,2,0.5348853107570005,1.0,0.0,9.558030489178462,3543.026161870085,0.10778334781671403,0.892216652183286,-0.9,-854870.1441966611,-1190883.3071100002,-1190883.3071100002,0.0,529,2,0.0,238,16,,,,,10.056259705987923,0.0,0.05166011997341648,0.9483398800265835,-1.5985879828056886,291,16,2,0.5348853107570005,1.0,0.0,9.558030489178462,3543.026161870085,0.10778334781671403,0.892216652183286,-0.9
576,NEAR,0.0,0.0,0.0,,0,0,0,0,0,15d,bullish,812893.5019059943,529,,,,,,,9.55348426852929,36.591753345908394,0.06357607116792095,0.936423928832079,-1.1071361951747405,,-9939.856926623404,-76372.15961999973,-76372.15961999973,0.0,2,0,0.0,0,0,,,,,,,,,,2,1,,,,,9.867781257864273,743.3870743232869,0.011752018658431666,0.9882479813415684,-0.9,73608.72109488703,214545.3185449999,214545.3185449999,0.0,6,0,0.0,2,1,,,,,9.498155202297164,50.96111747624426,0.05339904753935724,0.9466009524606425,-0.8999999999999999,4,1,,,,,9.867711684392427,743.4463660943169,0.01175915741811985,0.9882408425818802,-0.9,461275.0032188002,412088.59760500037,412088.59760500037,0.0,25,0,0.0,10,2,,,,,9.533324992533007,52.02321069867899,0.049949110763792055,0.950050889236208,-0.9,15,2,,,,,9.763087758996178,833.9163217690157,0.02866260473870916,0.9713373952612907,-0.9000000000000001,707041.1216948876,581705.5241750003,581705.5241750003,0.0,71,1,0.0,36,4,,,,,9.590027893922603,48.92090450527825,0.0434214090257946,0.9565785909742054,-0.9316085667284286,35,4,,,,,9.759471230724666,827.75568089337,0.02958299250270679,0.9704170074972931,-0.9000000000000001,812893.5019059943,-2750995.4676149995,-2750995.4676149995,0.0,529,2,0.0,232,16,1,1.0,1.0,0.0,9.55348426852929,36.591753345908394,0.06357607116792095,0.936423928832079,-1.1071361951747405,297,16,1,1.0,1.0,0.0,9.75948667576412,780.5406146160701,0.03099604289149114,0.9690039571085088,-0.9000000000000001,812893.5019059943,-2750995.4676149995,-2750995.4676149995,0.0,529,2,0.0,232,16,1,1.0,1.0,0.0,9.55348426852929,36.591753345908394,0.06357607116792095,0.936423928832079,-1.1071361951747405,297,16,1,1.0,1.0,0.0,9.75948667576412,780.5406146160701,0.03099604289149114,0.9690039571085088,-0.9000000000000001
576,MON,0.0,0.0,0.0,,0,0,0,0,0,15d,bearish,-806643.6645675029,529,,,,,,,4.715637648579541,1360.9693679001953,0.9960608590471943,0.003939140952805576,1.35,,-7616.453616274081,-3074.665657999998,-3074.665657999998,0.0,2,0,0.0,1,1,,,,,5.941917464972035,0.0,0.937204140897722,0.06279585910227801,0.0,1,1,,,,,4.753092290937368,1412.4668740621019,0.9947575645097724,0.005242435490227868,1.35,-46189.207849082464,-38205.530199999994,-38205.530199999994,0.0,6,0,0.0,1,1,,,,,5.941917464972035,0.0,0.937204140897722,0.06279585910227801,0.0,5,1,,,,,4.753337232972185,1435.855919570723,0.9947338012534839,0.005266198746516187,1.3500000000000003,102809.37560346996,35865.58466800002,35865.58466800002,0.0,25,0,0.0,14,2,,,,,5.901895736330593,2.123928088707484,0.9024559446188888,0.09754405538111112,-0.568192958515745,11,2,,,,,4.752027645829141,1464.6219444022765,0.9947515664537183,0.005248433546281536,1.35,302018.54691082216,214326.43696000002,214326.43696000002,0.0,71,1,0.0,43,4,,,,,5.862702933202686,4.551478824427549,0.8912079080525654,0.10879209194743442,-0.8038124600314553,28,4,,,,,4.746177667864683,1368.0532680321016,0.9949447016979271,0.005055298302072773,1.35,-806643.6645675029,-778672.2854655999,-778054.3443879999,-617.9410776,529,2,0.0007935829862372819,280,16,1,1.0,1.0,0.0,5.515161745238389,13.100410432839467,0.859015371933475,0.14098462806652498,-0.38265865685546135,249,16,,,,,4.715637648579541,1360.9693679001953,0.9960608590471943,0.003939140952805576,1.35,-806643.6645675029,-778672.2854655999,-778054.3443879999,-617.9410776,529,2,0.0007935829862372819,280,16,1,1.0,1.0,0.0,5.515161745238389,13.100410432839467,0.859015371933475,0.14098462806652498,-0.38265865685546135,249,16,,,,,4.715637648579541,1360.9693679001953,0.9960608590471943,0.003939140952805576,1.35
576,DRV,0.0,0.0,0.0,,0,0,0,0,0,15d,bullish,798636.1092597784,24,,,,,,,0.0,0.0,0.0,0.0,0.0,,,,,,,,,,,,,,,,,,,,,,,,,,,,,,,44.597285162,37.164404080000004,0.0,37.164404080000004,1,0,1.0,1,1,,,,,0.0,0.0,0.0,0.0,0.0,0,0,,,,,,,,,,44.597285162,37.164404080000004,0.0,37.164404080000004,1,0,1.0,1,1,,,,,0.0,0.0,0.0,0.0,0.0,0,0,,,,,,,,,,232967.08793875756,298655.74216509995,0.0,298655.74216509995,17,0,1.0,14,4,,,,,0.0,0.0,0.0,0.0,0.0,3,1,,,,,0.0,0.0,0.0,0.0,0.0,798636.1092597784,1015929.05975589,0.0,1015929.05975589,24,0,1.0,19,5,1,1.0,1.0,1.0,0.0,0.0,0.0,0.0,0.0,5,2,,,,,0.0,0.0,0.0,0.0,0.0,798636.1092597784,1015929.05975589,0.0,1015929.05975589,24,0,1.0,19,5,1,1.0,1.0,1.0,0.0,0.0,0.0,0.0,0.0,5,2,,,,,0.0,0.0,0.0,0.0,0.0
576,LINK,0.0,0.0,0.0,,0,0,0,0,0,15d,bullish,788666.1046147784,529,,,,,,,10.013775147660011,33.67507005524626,0.026863629866930555,0.9731363701330694,-1.4925494972794762,,-274.17440063752474,-792.0737500003434,-792.0737500003434,0.0,2,0,0.0,1,1,,,,,9.882042285225717,19.726435705591044,0.02017455905201286,0.9798254409479872,-1.25,1,1,,,,,9.861154856621141,1226.9259713177746,0.01228948012995792,0.9877105198700422,-0.9,42056.860886857794,59868.55838499985,59868.55838499985,0.0,6,0,0.0,4,1,,,,,9.884609772120086,18.978469229309848,0.02067875579482659,0.9793212442051736,-1.25,2,1,,,,,9.861368453140047,1222.7271879295035,0.012325832548077046,0.9876741674519228,-0.8999999999999999,209702.65579537075,402570.1370549998,402570.1370549998,0.0,25,0,0.0,12,2,,,,,9.858757076770177,20.09101600433258,0.026407981353275385,0.9735920186467246,-1.25,13,2,,,,,9.866742420027505,1274.9202899980628,0.01231286431036626,0.9876871356896337,-0.9,378698.79969086236,309570.423785,309570.423785,0.0,71,1,0.0,38,4,,,,,9.914234194659002,19.332275961251916,0.019049007485077707,0.9809509925149222,-1.3910844284538537,33,4,,,,,9.864054616966811,1212.5662224711714,0.014543519254836547,0.9854564807451635,-0.9000000000000001,788666.1046147784,547476.1062399991,547476.1062399991,0.0,529,2,0.0,289,16,1,1.0,1.0,0.0,10.013775147660011,33.67507005524626,0.026863629866930555,0.9731363701330694,-1.4925494972794762,240,16,1,1.0,1.0,0.0,9.866283960353789,1235.9004660310638,0.020173756305775604,0.9798262436942244,-0.8999999999999999,788666.1046147784,547476.1062399991,547476.1062399991,0.0,529,2,0.0,289,16,1,1.0,1.0,0.0,10.013775147660011,33.67507005524626,0.026863629866930555,0.9731363701330694,-1.4925494972794762,240,16,1,1.0,1.0,0.0,9.866283960353789,1235.9004660310638,0.020173756305775604,0.9798262436942244,-0.8999999999999999
576,TAO,0.0,0.0,0.0,,0,0,0,0,0,6h,bearish,-741656.9721358633,6,,,,,,,4.979126786558407,2175.0234626364763,0.9946520556630385,0.005347944336961541,1.35,,-534919.091883264,-290431.87294999993,-290431.87294999993,0.0,2,0,0.0,0,0,,,,,,,,,,2,1,1,1.0,1.0,0.0,4.986402154010245,2198.7954041012013,0.9946254423543202,0.005374557645680056,1.3500000000000003,-741656.9721358633,-530238.0647250001,-530238.0647250001,0.0,6,0,0.0,1,1,,,,,4.869019423586714,44.609445402473675,0.9807931439674545,0.01920685603254555,1.35,5,1,1,1.0,1.0,0.0,4.979126786558407,2175.0234626364763,0.9946520556630385,0.005347944336961541,1.35,-190776.37103359273,-111792.68051000024,-111792.68051000024,0.0,25,0,0.0,13,2,,,,,5.000627435981102,47.585900916049766,0.9772375616379213,0.022762438362078745,0.7814222903794653,12,2,1,1.0,1.0,0.0,4.9839265660521725,2167.8013022756636,0.9946252647893636,0.005374735210636339,1.245863070683852,-19421.452927627226,13005.003749999783,13005.003749999783,0.0,71,1,0.0,44,4,,,,,5.011076304478853,52.331545383771285,0.9776114244286245,0.022388575571375684,0.7279833891927957,27,4,1,1.0,1.0,0.0,4.99188989049779,2134.7565625923144,0.9948533647066539,0.0051466352933463196,1.081036879432677,-9462.479600520759,-657918.9971350002,-657918.9971350002,0.0,529,2,0.0,265,16,1,1.0,1.0,0.0,4.987775881310585,54.460029599065074,0.9909234754148272,0.009076524585172855,0.8329956457487749,264,16,1,1.0,1.0,0.0,4.9477028304939115,2009.5446951006618,0.9977094954386743,0.00229050456132568,1.18817118236998,-9462.479600520759,-657918.9971350002,-657918.9971350002,0.0,529,2,0.0,265,16,1,1.0,1.0,0.0,4.987775881310585,54.460029599065074,0.9909234754148272,0.009076524585172855,0.8329956457487749,264,16,1,1.0,1.0,0.0,4.9477028304939115,2009.5446951006618,0.9977094954386743,0.00229050456132568,1.18817118236998
576,BNB,0.0,0.0,0.0,,0,0,0,0,0,72h,bullish,739192.1289436652,71,,,,,,,9.51907778628356,19.383226794911252,0.08530355499662345,0.9146964450033765,-1.1720669789502973,,-8053.386959045299,-288.53588500001206,-288.53588500001206,0.0,2,0,0.0,0,0,,,,,,,,,,2,1,,,,,8.853791036028246,1937.4749992226161,0.2210456933432919,0.7789543066567076,-0.9000000000000001,-17456.221248742673,-3795.419934999928,-3795.419934999928,0.0,6,0,0.0,2,1,,,,,9.48599520730608,0.0,0.0901616267947769,0.9098383732052233,-1.2500000000000002,4,1,,,,,8.854118112122622,1933.410087904103,0.22101232393776982,0.7789876760622301,-0.9,438019.7087861278,931399.1759050003,931399.1759050003,0.0,25,0,0.0,12,2,,,,,9.539715385694844,58.55741308133207,0.08071033672260555,0.9192896632773946,-1.0145615895346343,13,2,,,,,8.850793814239044,1922.9232042804547,0.22174859690167895,0.7782514030983211,-0.8999999999999999,739192.1289436652,1407243.0347600002,1407243.0347600002,0.0,71,1,0.0,39,4,1,1.0,1.0,0.0,9.51907778628356,19.383226794911252,0.08530355499662345,0.9146964450033765,-1.1720669789502973,32,4,,,,,8.790475333396019,1735.9644058778028,0.2343545881889975,0.7656454118110028,-0.9,-529721.1505206553,-843295.3852649993,-843295.3852649993,0.0,529,2,0.0,265,16,1,1.0,1.0,0.0,9.633542942383189,3.5263537148704636,0.06454220587158796,0.9354577941284121,-1.2358217931824516,264,16,1,1.0,1.0,0.0,8.807515492158611,1603.9883800343393,0.230692957154388,0.769307042845612,-0.8999999999999999,-529721.1505206553,-843295.3852649993,-843295.3852649993,0.0,529,2,0.0,265,16,1,1.0,1.0,0.0,9.633542942383189,3.5263537148704636,0.06454220587158796,0.9354577941284121,-1.2358217931824516,264,16,1,1.0,1.0,0.0,8.807515492158611,1603.9883800343393,0.230692957154388,0.769307042845612,-0.8999999999999999
576,DOGE,0.0,0.0,0.0,,0,0,0,0,0,72h,bearish,-677357.220776534,71,,,,,,,9.92336094080919,1780.0512421642381,0.02200776701357965,0.9779922329864205,-0.9881624861038776,,19719.20708394277,32742.98390500001,32742.98390500001,0.0,2,0,0.0,2,1,,,,,9.171482448024198,28.23902444081226,0.08580047439213445,0.9141995256078655,-1.25,0,0,,,,,,,,,,25386.953809136707,26667.651191000004,26667.651191000004,0.0,6,0,0.0,5,1,,,,,9.170080118263456,28.136455977979264,0.08593843134226828,0.9140615686577318,-1.25,1,1,,,,,9.932398695762581,1837.58751477541,0.020133573407149524,0.9798664265928506,-0.9,-23170.055795602377,-157960.411184,-157960.411184,0.0,25,0,0.0,17,2,,,,,9.233965168053015,28.106434275620774,0.0795663044180738,0.9204336955819262,-1.25,8,2,,,,,9.862373546984665,1905.9548301300883,0.03378524280518857,0.9662147571948114,-0.9586948650373259,-677357.220776534,-849970.5681980001,-849970.5681980001,0.0,71,1,0.0,43,4,,,,,9.25185729419001,29.35469874009769,0.08038550131071086,0.919614498689289,-1.249081379655377,28,4,,,,,9.92336094080919,1780.0512421642381,0.02200776701357965,0.9779922329864205,-0.9881624861038776,225715.07109173923,-3370546.325645,-3370546.325645,0.0,529,2,0.0,278,16,1,1.0,1.0,0.0,9.307267871776526,19.18132025792537,0.098811477658482,0.9011885223415181,-1.5961416709941432,251,16,2,0.6548248431364057,1.0,0.0,9.788085403051129,1801.4030386263535,0.0443370920206687,0.9556629079793314,-0.9967684418355294,225715.07109173923,-3370546.325645,-3370546.325645,0.0,529,2,0.0,278,16,1,1.0,1.0,0.0,9.307267871776526,19.18132025792537,0.098811477658482,0.9011885223415181,-1.5961416709941432,251,16,2,0.6548248431364057,1.0,0.0,9.788085403051129,1801.4030386263535,0.0443370920206687,0.9556629079793314,-0.9967684418355294
576,PENGU,0.0,0.0,0.0,,0,0,0,0,0,72h,bullish,593347.2121017958,71,,,,,,,5.520445101370624,65.65565466789013,0.9622066333948673,0.03779336660513261,0.2710645821517764,,4347.504406035601,8398.229217,8398.229217,0.0,2,0,0.0,2,1,,,,,5.005146742253815,92.71013704361498,0.997123705981519,0.0028762940184809704,0.8652794473506178,0,0,,,,,,,,,,-59580.46368981883,-28406.971611999998,-28406.971611999998,0.0,6,0,0.0,3,1,,,,,4.978818755797239,94.92557594867951,0.9989143946776196,0.001085605322380435,1.1670509661243673,3,1,,,,,5.213218049204063,13652.1008121398,0.9856948462783951,0.014305153721605065,0.35,141981.08941439702,394402.45401199994,394402.45401199994,0.0,25,0,0.0,10,2,,,,,5.5156162512218705,21.07619411493064,0.9620383524736605,0.037961647526339404,0.11143844555059676,15,2,,,,,5.135439218720317,12722.40372241006,0.9909034275472368,0.009096572452763348,0.43880486730188933,593347.2121017958,871992.310362,871992.310362,0.0,71,1,0.0,31,4,,,,,5.520445101370624,65.65565466789013,0.9622066333948673,0.03779336660513261,0.2710645821517764,40,4,,,,,5.1127089186352235,9896.456173233075,0.9924354353777483,0.007564564622251746,0.3869747383403889,203446.66877943496,585124.94906,585124.94906,0.0,529,2,0.0,245,16,2,0.5381134677656031,1.0,0.0,5.732178665589993,20.388929998901542,0.9480355401993118,0.0519644598006882,0.06459961359850161,284,16,2,0.5290425233910059,1.0,0.0,5.2043011138734565,5677.01152815445,0.986043677980877,0.013956322019122907,0.3528168441177332,203446.66877943496,585124.94906,585124.94906,0.0,529,2,0.0,245,16,2,0.5381134677656031,1.0,0.0,5.732178665589993,20.388929998901542,0.9480355401993118,0.0519644598006882,0.06459961359850161,284,16,2,0.5290425233910059,1.0,0.0,5.2043011138734565,5677.01152815445,0.986043677980877,0.013956322019122907,0.3528168441177332
576,DYDX,0.0,0.0,0.0,,0,0,0,0,0,15d,bullish,575245.1710239677,529,,,,,,,4.464023949793087,42.45065967357447,0.9875266936533796,0.01247330634662052,0.8629744116414348,,418.15264010280094,1565.397746000001,1565.397746000001,0.0,2,0,0.0,1,1,,,,,5.059518236438457,24.7294844256976,0.9960321175707694,0.00396788242923052,0.0,1,1,,,,,5.097836502280479,2872.308356274249,0.9903841671125324,0.00961583288746771,0.35,6801.996829107589,-3791.0265100000115,-3791.0265100000115,0.0,6,0,0.0,2,1,,,,,5.025768939174779,25.403998224747163,0.9982820707216814,0.0017179292783185765,0.0,4,1,,,,,5.111875064937093,2976.0600490013785,0.9894771639171661,0.010522836082833846,0.35,28948.591541015176,-16162.244325000005,-16162.244325000005,0.0,25,0,0.0,15,2,,,,,5.071355519726104,26.106322051010935,0.9952429653515931,0.004757034648406946,0.055799843375509174,10,2,,,,,5.07723948752455,3211.649028801897,0.9919422716371895,0.008057728362810499,0.35000000000000003,-147289.83017498866,-185423.42385800002,-185423.42385800002,0.0,71,1,0.0,27,4,,,,,5.039020599495551,27.757515218226864,0.9973986267002967,0.002601373299703343,0.42984576302758987,44,4,,,,,5.193797409758839,3355.238154233437,0.9846090759860713,0.015390924013928888,0.35000000000000003,575245.1710239677,379199.3215939998,379199.3215939998,0.0,529,2,0.0,274,16,,,,,4.464023949793087,42.45065967357447,0.9875266936533796,0.01247330634662052,0.8629744116414348,255,16,,,,,5.047447758921529,2331.8678417624074,0.9940998865930507,0.005900113406949309,0.8188553084263579,575245.1710239677,379199.3215939998,379199.3215939998,0.0,529,2,0.0,274,16,,,,,4.464023949793087,42.45065967357447,0.9875266936533796,0.01247330634662052,0.8629744116414348,255,16,,,,,5.047447758921529,2331.8678417624074,0.9940998865930507,0.005900113406949309,0.8188553084263579
576,JTO,0.0,0.0,0.0,,0,0,0,0,0,24h,bullish,540052.8184674808,25,,,,,,,4.655283287440734,40.62688935054434,0.9880288105487691,0.011971189451230862,1.182976975732243,,-5138.257005097796,819.7098249999981,819.7098249999981,0.0,2,0,0.0,1,1,,,,,4.636215929602646,34.35633371597099,0.9802632639912695,0.01973673600873049,1.0,1,1,,,,,5.086738638656231,1979.2171881875645,0.9929872975782883,0.007012702421711535,0.35,-9873.846614786597,-10175.00958000001,-10175.00958000001,0.0,6,0,0.0,4,1,,,,,4.651146735302541,33.829781250565276,0.9793254081932717,0.020674591806728336,1.0,2,1,,,,,5.0834822036124,1989.577325145121,0.9932177813653783,0.0067822186346216135,0.35,540052.8184674808,510396.28992999997,510396.28992999997,0.0,25,0,0.0,13,2,,,,,4.655283287440734,40.62688935054434,0.9880288105487691,0.011971189451230862,1.182976975732243,12,2,,,,,5.078817067551704,1807.3120567417502,0.9937378770677993,0.00626212293220058,0.35,286965.3686589318,324652.07824500004,324652.07824500004,0.0,71,1,0.0,36,4,,,,,4.643174850873317,41.7670091291289,0.9905743959520135,0.009425604047986468,1.224714310393876,35,4,,,,,5.068275942531458,1788.6294128252705,0.994343604814017,0.005656395185983069,0.35,56083.5918476326,173474.8266850002,173474.8266850002,0.0,529,2,0.0,248,16,,,,,4.525676064592704,50.727395160648264,0.9939221505507014,0.006077849449298473,1.3240267969291615,281,16,,,,,5.082919728938832,1481.9558370428422,0.9923111726618459,0.007688827338154093,0.3924248292802363,56083.5918476326,173474.8266850002,173474.8266850002,0.0,529,2,0.0,248,16,,,,,4.525676064592704,50.727395160648264,0.9939221505507014,0.006077849449298473,1.3240267969291615,281,16,,,,,5.082919728938832,1481.9558370428422,0.9923111726618459,0.007688827338154093,0.3924248292802363
576,BIO,0.0,0.0,0.0,,0,0,0,0,0,15d,bullish,483796.5485823457,529,,,,,,,6.033809263674495,17.322477122852725,0.821540631548559,0.1784593684514409,0.1224025343264635,,-2337.602802324599,-224.97350300000016,-224.97350300000016,0.0,2,0,0.0,1,1,,,,,15.73040061073552,0.0,0.25115290525085154,0.7488470947491482,-1.8,1,1,,,,,5.937024828482951,8940.323304942669,0.8272338336186499,0.17276616638135017,0.35,-4270.514870773278,-838.8756710000001,-838.8756710000001,0.0,6,0,0.0,2,1,,,,,15.735755866484814,0.0,0.25083789020677555,0.7491621097932244,-1.7999999999999998,4,1,,,,,5.9375911967440285,9002.680256086036,0.8272005178385864,0.17279948216141353,0.35,1255.6048784655907,2808.836185,2808.836185,0.0,25,0,0.0,12,2,,,,,15.56193984487255,0.0,0.2610623620663208,0.7389376379336793,-1.8,13,2,,,,,5.857642991303609,8334.044869679621,0.8319033534527289,0.16809664654727116,0.35000000000000003,-38358.74490311365,-25741.517042000003,-25741.517042000003,0.0,71,1,0.0,39,4,,,,,14.943244823103363,0.0,0.2974561868762728,0.7025438131237272,-1.6878665566923299,32,4,,,,,5.851695746292435,8550.444302757443,0.8322531913945626,0.16774680860543742,0.3499999999999999,483796.5485823457,-55179.99438600002,-55179.99438600002,0.0,529,2,0.0,263,16,,,,,6.033809263674495,17.322477122852725,0.821540631548559,0.1784593684514409,0.1224025343264635,266,16,,,,,4.089411874118841,5237.027185878761,0.9359169485812445,0.06408305141875541,1.1742707672721744,483796.5485823457,-55179.99438600002,-55179.99438600002,0.0,529,2,0.0,263,16,,,,,6.033809263674495,17.322477122852725,0.821540631548559,0.1784593684514409,0.1224025343264635,266,16,,,,,4.089411874118841,5237.027185878761,0.9359169485812445,0.06408305141875541,1.1742707672721744
576,PNUT,0.0,0.0,0.0,,0,0,0,0,0,15d,bearish,-472947.54409648676,529,,,,,,,4.779793133389273,19063.32939089521,0.8945357800892466,0.10546421991075335,1.1157970530130814,,526.1241299454091,454.6479100000085,454.6479100000085,0.0,2,0,0.0,2,1,,,,,4.238112093312768,0.0,0.9271698768639548,0.07283012313604523,1.0,0,0,,,,,,,,,,1730.4050696286272,-97.28426999997515,-97.28426999997515,0.0,6,0,0.0,6,1,,,,,4.022552547552824,0.0,0.9398498501439516,0.06015014985604846,1.0,0,0,,,,,,,,,,15899.428572315474,-2960.792650000005,-2960.792650000005,0.0,25,0,0.0,19,2,,,,,4.370978763969435,0.0,0.919354190354739,0.08064580964526091,0.8932349406118807,6,1,,,,,3.762799000948483,10879.59450823558,0.9551294705324422,0.04487052946755776,1.35,6170.940735144877,-166.1492709999688,-166.1492709999688,0.0,71,1,0.0,45,4,,,,,4.164431559519208,0.0,0.9315040259106349,0.06849597408936516,0.9635894409704634,26,3,,,,,3.8124064342437243,11140.540199119945,0.9522113862209574,0.04778861377904257,1.3500000000000003,-472947.54409648676,-372262.05823599995,-372262.05823599995,0.0,529,2,0.0,253,16,,,,,4.987752254169506,0.0,0.8830733968135585,0.11692660318644155,0.6715304780613469,276,15,,,,,4.779793133389273,19063.32939089521,0.8945357800892466,0.10546421991075335,1.1157970530130814,-472947.54409648676,-372262.05823599995,-372262.05823599995,0.0,529,2,0.0,253,16,,,,,4.987752254169506,0.0,0.8830733968135585,0.11692660318644155,0.6715304780613469,276,15,,,,,4.779793133389273,19063.32939089521,0.8945357800892466,0.10546421991075335,1.1157970530130814
576,IMX,0.0,0.0,0.0,,0,0,0,0,0,15d,bullish,471663.23896574666,529,,,,,,,10.090772216124765,0.0,0.09342771940638404,0.4811816809546422,-0.978428412602797,,1040.329796195977,106.21303599997646,106.21303599997646,0.0,2,0,0.0,1,1,,,,,20.0,0.0,0.0,1.0,-2.2,1,1,,,,,5.557782144585394,6279.465299852615,0.962814523694307,0.037185476305693035,0.35,9555.478850384989,5889.189569999988,5889.189569999988,0.0,6,0,0.0,5,1,,,,,20.0,0.0,0.0,1.0,-2.2,1,1,,,,,5.557782144585394,6279.465299852615,0.962814523694307,0.037185476305693035,0.35,154104.844539447,139355.16094900004,139355.16094900004,0.0,25,0,0.0,22,2,,,,,20.0,0.0,0.0,1.0,-2.1999999999999997,3,2,,,,,5.553374105282395,5532.3239875018535,0.9631083929811738,0.03689160701882632,0.35,149633.16411667378,133396.59021700002,133396.59021700002,0.0,71,1,0.0,38,4,,,,,19.271099893754865,0.0,0.0,0.9635549946877433,-2.125287739109874,33,4,,,,,5.586853011624708,5063.664860007709,0.9608764658916862,0.03912353410831386,0.35000000000000003,471663.23896574666,-68252.80994400001,-68252.80994400001,0.0,529,2,0.0,305,16,,,,,10.090772216124765,0.0,0.09342771940638404,0.4811816809546422,-0.978428412602797,224,16,,,,,5.582722740322492,6161.109134389801,0.9611518173118339,0.038848182688166165,0.35,471663.23896574666,-68252.80994400001,-68252.80994400001,0.0,529,2,0.0,305,16,,,,,10.090772216124765,0.0,0.09342771940638404,0.4811816809546422,-0.978428412602797,224,16,,,,,5.582722740322492,6161.109134389801,0.9611518173118339,0.038848182688166165,0.35
576,BLUR,0.0,0.0,0.0,,0,0,0,0,0,15d,bearish,-470907.5998247015,529,,,,,,,3.5160556449603377,5376.647621023211,0.9696437855905683,0.030356214409431637,1.3869749591626437,,101.54745394344005,543.91101,543.91101,0.0,2,0,0.0,1,1,,,,,3.581034406178507,0.0,0.9658215055189112,0.03417849448108865,1.0,1,1,,,,,3.496584942801386,5249.761004410807,0.9707891210116832,0.02921087898831688,1.35,57496.01771253131,53304.22391000001,53304.22391000001,0.0,6,0,0.0,5,1,,,,,3.5846593405063167,0.0,0.9656082740878636,0.034391725912136274,1.0,1,1,,,,,3.496584942801386,5249.761004410807,0.9707891210116832,0.02921087898831688,1.35,36326.899932112814,49321.620676000006,49321.620676000006,0.0,25,0,0.0,17,2,,,,,3.4708322781826926,0.0,0.9723039836363122,0.02769601636368781,1.0,8,2,,,,,3.3872834334928204,6546.965303149558,0.9772186215592459,0.022781378440754105,1.35,-13942.785103689552,21583.301379999994,21583.301379999994,0.0,71,1,0.0,35,4,,,,,3.7260637648814585,0.0,0.9572903667716788,0.04270963322832108,1.0,36,4,,,,,3.6026908319890554,6770.908420922765,0.9645475981182908,0.035452401881709124,1.35,-470907.5998247015,-144023.46341,-144023.46341,0.0,529,2,0.0,248,16,,,,,3.5143650671565005,1.8815686942738756,0.9697432313437353,0.030256768656264713,1.0425639355495648,281,16,,,,,3.5160556449603377,5376.647621023211,0.9696437855905683,0.030356214409431637,1.3869749591626437,-470907.5998247015,-144023.46341,-144023.46341,0.0,529,2,0.0,248,16,,,,,3.5143650671565005,1.8815686942738756,0.9697432313437353,0.030256768656264713,1.0425639355495648,281,16,,,,,3.5160556449603377,5376.647621023211,0.9696437855905683,0.030356214409431637,1.3869749591626437
576,ADA,0.0,0.0,0.0,,0,0,0,0,0,15d,bearish,-468977.2122207252,529,,,,,,,9.71660876196523,2572.0562056716803,0.04878979568841248,0.9512102043115876,-0.9,,-3881.4101194917585,14494.457654999998,14494.457654999998,0.0,2,0,0.0,1,1,,,,,10.067845024212556,95.10886743733401,9.207469871096176e-05,0.999907925301289,-1.4500000000000002,1,1,,,,,9.860517505911638,3210.25889170945,0.029309955204831904,0.9706900447951681,-0.9,-21225.619730514285,6364.7212399999935,6364.7212399999935,0.0,6,0,0.0,2,1,,,,,10.059839281243747,97.80166970961437,0.0010394304039109848,0.9989605695960889,-1.4500000000000002,4,1,,,,,9.867867646008682,3195.204744196542,0.028165706015922012,0.971834293984078,-0.9,-50235.726209982044,67098.70958000001,67098.70958000001,0.0,25,0,0.0,11,2,,,,,10.037035863772159,94.90651308321246,0.0037555173315283897,0.9962444826684717,-1.345739607477592,14,2,,,,,9.874347311451533,3242.19349322,0.02655912766474275,0.9734408723352572,-0.9000000000000001,-96411.68992396633,-303681.10368999996,-303681.10368999996,0.0,71,1,0.0,29,4,,,,,9.975339857176435,79.67801016320189,0.012035551319956454,0.9879644486800436,-1.0176666934094134,42,4,,,,,9.810549481906886,3117.8873426331975,0.03757618283709797,0.962423817162902,-0.9,-468977.2122207252,-1495512.898425,-1495512.898425,0.0,529,2,0.0,253,16,,,,,9.907972081612812,59.89287509898974,0.021823386120338635,0.9781766138796614,-1.011345906631902,276,16,,,,,9.71660876196523,2572.0562056716803,0.04878979568841248,0.9512102043115876,-0.9,-468977.2122207252,-1495512.898425,-1495512.898425,0.0,529,2,0.0,253,16,,,,,9.907972081612812,59.89287509898974,0.021823386120338635,0.9781766138796614,-1.011345906631902,276,16,,,,,9.71660876196523,2572.0562056716803,0.04878979568841248,0.9512102043115876,-0.9
576,PYTH,0.0,0.0,0.0,,0,0,0,0,0,15d,bearish,-460640.7888115111,529,,,,,,,5.959155072467836,6390.326058656618,0.8180528016164595,0.1819471983835404,0.13827837690187905,,-676.2015839061996,-5722.4677520000005,-5722.4677520000005,0.0,2,0,0.0,1,1,,,,,6.592198778345157,0.0,0.8439917925834177,0.1560082074165825,0.0,1,1,,,,,6.162336601923644,6995.629020882063,0.9225108932050906,0.07748910679490958,0.35,-78618.6408359088,1350.0905900000002,1350.0905900000002,0.0,6,0,0.0,1,1,,,,,6.592198778345157,0.0,0.8439917925834177,0.1560082074165825,0.0,5,1,,,,,6.173122158246044,7212.659387503843,0.9217918561169303,0.0782081438830696,0.35,-114032.185898158,-41383.73146799999,-41383.73146799999,0.0,25,0,0.0,8,2,,,,,7.302161608371573,0.0,0.818162111047387,0.18183788895261294,0.0,17,2,,,,,6.229918440060736,7658.473895637854,0.9179818417092843,0.08201815829071546,0.35,-36308.359884154605,34036.48961100001,34036.48961100001,0.0,71,1,0.0,35,4,,,,,7.311907861993891,0.0,0.815858275941348,0.18414172405865206,0.0,36,4,,,,,6.230796021448044,7728.002365418447,0.9179294794004876,0.08207052059951225,0.35,-460640.7888115111,5894.079729999933,5894.079729999933,0.0,529,2,0.0,266,16,,,,,7.6635044547604725,0.0,0.8118463569185108,0.1881536430814893,-0.022524175217955432,263,16,,,,,5.959155072467836,6390.326058656618,0.8180528016164595,0.1819471983835404,0.13827837690187905,-460640.7888115111,5894.079729999933,5894.079729999933,0.0,529,2,0.0,266,16,,,,,7.6635044547604725,0.0,0.8118463569185108,0.1881536430814893,-0.022524175217955432,263,16,,,,,5.959155072467836,6390.326058656618,0.8180528016164595,0.1819471983835404,0.13827837690187905
576,CHIP,0.0,0.0,0.0,,0,0,0,0,0,15d,bearish,-452868.3685992034,529,,,,,,,3.5493151160524534,3658.525785541541,0.921401350640958,0.0785986493590421,1.3082625681510271,,-9960.70052959651,-5907.839083999999,-5907.839083999999,0.0,2,0,0.0,0,0,,,,,,,,,,2,1,,,,,3.3509919522314644,5542.765578135116,0.9793534145746197,0.02064658542538024,1.3500000000000003,-23618.544605811967,-33350.93065699999,-33350.93065699999,0.0,6,0,0.0,1,1,,,,,2.8914024008079924,16.041521507409833,1.0,0.0,0.9,5,1,,,,,3.3549280883285957,5550.1756093692065,0.9791218771571415,0.020878122842858553,1.35,13510.399652227425,-4172.222681999995,-4172.222681999995,0.0,25,0,0.0,17,2,,,,,2.9265730382648174,17.688301155989237,0.9979546840608466,0.0020453159391534037,0.8361845508451297,8,2,,,,,3.323243051289166,5553.376760418478,0.9809857028653431,0.019014297134656827,1.35,-83381.82415502943,11145.493722000001,11145.493722000001,0.0,71,1,0.0,40,4,,,,,2.9914733172704118,21.5492725112223,0.9941995998528336,0.0058004001471665565,1.0647521385194176,31,4,,,,,3.207212747519923,4709.22401793232,0.9878110148517693,0.01218898514823078,1.3500000000000003,-452868.3685992034,-67353.95968400042,-67353.95968400042,0.0,529,2,0.0,301,16,1,1.0,1.0,0.0,4.793291882917718,13.091805717742105,0.8892335132801535,0.11076648671984655,0.5880173031611695,228,16,1,1.0,1.0,0.0,3.5493151160524534,3658.525785541541,0.921401350640958,0.0785986493590421,1.3082625681510271,-452868.3685992034,-67353.95968400042,-67353.95968400042,0.0,529,2,0.0,301,16,1,1.0,1.0,0.0,4.793291882917718,13.091805717742105,0.8892335132801535,0.11076648671984655,0.5880173031611695,228,16,1,1.0,1.0,0.0,3.5493151160524534,3658.525785541541,0.921401350640958,0.0785986493590421,1.3082625681510271
576,SPX,0.0,0.0,0.0,,0,0,0,0,0,24h,bullish,449392.5640818376,25,,,,,,,5.618000024410592,45.193788041981115,0.9587210227890499,0.0412789772109502,0.35,,1575.0117096028023,7310.959145999994,7310.959145999994,0.0,2,0,0.0,1,1,,,,,5.393734286162921,44.26703142906258,0.9733613197765031,0.02663868022349691,0.35,1,1,,,,,5.1894648180592835,12566.898844177496,0.9873212433721287,0.012678756627871235,0.35,55681.390066447406,38594.59838700001,38594.59838700001,0.0,6,0,0.0,5,1,,,,,5.42100499793137,43.40084386633161,0.9715374225616011,0.028462577438398844,0.35,1,1,,,,,5.1894648180592835,12566.898844177496,0.9873212433721287,0.012678756627871235,0.35,449392.5640818376,449679.40204600006,449679.40204600006,0.0,25,0,0.0,20,2,,,,,5.618000024410592,45.193788041981115,0.9587210227890499,0.0412789772109502,0.35,5,2,,,,,5.158078320597071,10548.641062742818,0.9894072345205107,0.010592765479489322,0.6078694429230496,117732.24990498183,132109.99888700002,132109.99888700002,0.0,71,1,0.0,34,4,,,,,5.555471383349552,45.86445018083629,0.9628924591471125,0.03710754085288758,0.35,37,4,,,,,5.203527909364168,8832.68730613773,0.9863746992299603,0.013625300770039688,0.36011173903587784,-423035.60316295637,259793.8873140001,259793.8873140001,0.0,529,2,0.0,261,16,,,,,5.758007440330865,25.22468797671411,0.949390765249639,0.050609234750360936,0.17902517165724882,268,16,,,,,5.26450817982142,6197.40835701188,0.9817138255931638,0.018286174406836275,0.3536230784089963,-423035.60316295637,259793.8873140001,259793.8873140001,0.0,529,2,0.0,261,16,,,,,5.758007440330865,25.22468797671411,0.949390765249639,0.050609234750360936,0.17902517165724882,268,16,,,,,5.26450817982142,6197.40835701188,0.9817138255931638,0.018286174406836275,0.3536230784089963
576,LATINA,0.0,0.0,0.0,,0,0,0,0,0,15d,bearish,-439497.14879999997,4,,,,,,,0.0,0.0,0.0,0.0,0.0,,,,,,,,,,,,,,,,,,,,,,,,,,,,,,,,,,,,,,,,,,,,,,,,,,,,,,,,,,,,,,,,,,,,,,,,,,,,,,,,,,,,,,,,,,,,,,,,,,,,,,,,,,,,,,,,,,,,,,-439497.14879999997,-577970.05,0.0,-577970.05,4,1,1.0,2,2,,,,,0.0,0.0,0.0,0.0,0.0,2,2,1,1.0,1.0,1.0,0.0,0.0,0.0,0.0,0.0,-439497.14879999997,-577970.05,0.0,-577970.05,4,1,1.0,2,2,,,,,0.0,0.0,0.0,0.0,0.0,2,2,1,1.0,1.0,1.0,0.0,0.0,0.0,0.0,0.0
576,SKY,0.0,0.0,0.0,,0,0,0,0,0,15d,bearish,-435112.9905287438,529,,,,,,,3.557746293915566,2932.5612489719247,0.9671913944755549,0.032808605524445054,1.35,,-2568.6145352304,1602.903165,1602.903165,0.0,2,0,0.0,1,1,,,,,3.2160941439424713,0.0,0.9872885797680899,0.01271142023191008,1.0,1,1,,,,,3.4800441374027398,2028.3824568519744,0.9717621095645446,0.02823789043545529,1.35,-20484.433513690678,-20651.710095999995,-20651.710095999995,0.0,6,0,0.0,2,1,,,,,3.120614161009925,0.0,0.9929050493523573,0.007094950647642645,1.0,4,1,,,,,3.5066141129394772,2038.8603904460247,0.9701991698270895,0.029800830172910426,1.35,-22433.704774045837,-19755.583703999997,-19755.583703999997,0.0,25,0,0.0,10,2,,,,,3.1849583323692454,0.0,0.9891200980959266,0.010879901904073275,1.0,15,2,,,,,3.483780562999349,2150.8637645102076,0.9715423198235676,0.028457680176432288,1.35,-67395.14382361369,-51370.79247999999,-51370.79247999999,0.0,71,1,0.0,26,4,,,,,3.0861015371983425,0.0,0.9949352036942153,0.00506479630578484,1.2505459144140325,45,4,,,,,3.4795090487289846,2026.4927078819742,0.9717935853688832,0.02820641463111673,1.3499999999999999,-435112.9905287438,-395859.041564,-395859.041564,0.0,529,2,0.0,236,16,,,,,3.1586322565404092,0.0,0.9906686907917407,0.009331309208259373,1.0473499088672982,293,16,,,,,3.557746293915566,2932.5612489719247,0.9671913944755549,0.032808605524445054,1.35,-435112.9905287438,-395859.041564,-395859.041564,0.0,529,2,0.0,236,16,,,,,3.1586322565404092,0.0,0.9906686907917407,0.009331309208259373,1.0473499088672982,293,16,,,,,3.557746293915566,2932.5612489719247,0.9671913944755549,0.032808605524445054,1.35
576,POL,0.0,0.0,0.0,,0,0,0,0,0,15d,bearish,-434368.4810999365,529,,,,,,,5.295359397033956,6638.945859575659,0.9747572651806771,0.02524273481932292,0.37302832846688555,,-17329.455906878156,-13006.644896000002,-13006.644896000002,0.0,2,0,0.0,0,0,,,,,,,,,,2,1,,,,,5.213349828743455,5545.48037933281,0.9810786781949304,0.0189213218050696,0.3499999999999999,-27807.12536289952,-23323.641486,-23323.641486,0.0,6,0,0.0,0,0,,,,,,,,,,6,1,,,,,5.210275999081695,5558.893763723048,0.9812720071757769,0.018727992824223053,0.35,11698.286086859072,15860.723362999996,15860.723362999996,0.0,25,0,0.0,11,2,,,,,5.108853017461093,0.0,0.9926332850322028,0.007366714967797176,0.0,14,2,,,,,5.212569392984359,5629.4717292782525,0.9812417097650413,0.0187582902349586,0.35,-129077.01179585568,-103603.424576,-103603.424576,0.0,71,1,0.0,26,4,,,,,5.090703330096952,0.0,0.9938042950729971,0.006195704927002901,0.012741945500888243,45,4,,,,,5.294303616816239,5463.69958252047,0.9756457980387832,0.02435420196121699,0.35,-434368.4810999365,-318426.08652799996,-318426.08652799996,0.0,529,2,0.0,236,16,,,,,5.0592468068599565,0.0,0.9958056517475002,0.004194348252499712,0.3073434720412078,293,16,,,,,5.295359397033956,6638.945859575659,0.9747572651806771,0.02524273481932292,0.37302832846688555,-434368.4810999365,-318426.08652799996,-318426.08652799996,0.0,529,2,0.0,236,16,,,,,5.0592468068599565,0.0,0.9958056517475002,0.004194348252499712,0.3073434720412078,293,16,,,,,5.295359397033956,6638.945859575659,0.9747572651806771,0.02524273481932292,0.37302832846688555
576,TRUMP,0.0,0.0,0.0,,0,0,0,0,0,15d,bullish,433901.43797121476,529,,,,,,,9.913771532069982,64.95646874710808,0.02491967819068009,0.97508032180932,-0.9372615440783304,,46775.81015690456,40910.117069999935,40910.117069999935,0.0,2,0,0.0,2,1,,,,,9.928663278232243,98.69344780621496,0.03179609536116544,0.9682039046388347,-0.9,0,0,,,,,,,,,,93275.14708994194,124879.21426999997,124879.21426999997,0.0,6,0,0.0,5,1,,,,,9.956529376639796,98.36598186504843,0.02886966174963737,0.9711303382503625,-0.8999999999999999,1,1,,,,,9.21530952825696,3745.6693718082856,0.014853832494279124,0.9851461675057209,-0.8999999999999999,105864.41946460473,126724.13742499995,126724.13742499995,0.0,25,0,0.0,18,2,,,,,9.962485628134743,60.477344746277254,0.02814810766734229,0.9718518923326578,-1.0348131004249328,7,2,,,,,9.262383704153466,3644.928922751094,0.015809658816557985,0.9841903411834422,-0.9,93299.49732220445,116375.54962499999,116375.54962499999,0.0,71,1,0.0,46,4,,,,,9.953945662246262,32.56166704127901,0.0278456444093668,0.9721543555906331,-1.134009390126202,25,4,,,,,9.233391515150569,3493.087094647128,0.01604263772556088,0.9839573622744392,-0.8999999999999999,433901.43797121476,238579.43156500038,238579.43156500038,0.0,529,2,0.0,260,16,1,1.0,1.0,0.0,9.913771532069982,64.95646874710808,0.02491967819068009,0.97508032180932,-0.9372615440783304,269,16,1,1.0,1.0,0.0,8.433665002898547,2653.7760689531383,0.19021719341567248,0.8097828065843274,-0.8862060812090506,433901.43797121476,238579.43156500038,238579.43156500038,0.0,529,2,0.0,260,16,1,1.0,1.0,0.0,9.913771532069982,64.95646874710808,0.02491967819068009,0.97508032180932,-0.9372615440783304,269,16,1,1.0,1.0,0.0,8.433665002898547,2653.7760689531383,0.19021719341567248,0.8097828065843274,-0.8862060812090506
576,WLFI,0.0,0.0,0.0,,0,0,0,0,0,24h,bearish,-409263.5794337493,25,,,,,,,4.967786209700674,1221.7670673269283,0.9947005479519501,0.005299452048049984,1.35,,3101.4875769909204,3593.1172930000007,3593.1172930000007,0.0,2,0,0.0,1,1,,,,,5.120239742516269,7.9124392872664,0.9265672489156841,0.07343275108431595,-0.9499999999999998,1,1,,,,,4.976554117609867,1179.0293074990716,0.9941439855954971,0.005856014404502939,1.35,-38468.153610821006,14212.451517000003,14212.451517000003,0.0,6,0,0.0,2,1,,,,,5.121301655242817,7.935735219874882,0.9264812437384345,0.07351875626156562,-0.95,4,1,,,,,4.973427313432255,1180.3175929787492,0.9943480862628598,0.005651913737140264,1.3500000000000003,-409263.5794337493,-125678.81246900003,-125678.81246900003,0.0,25,0,0.0,10,2,,,,,5.0682929354906,7.715331453265456,0.9261294892808796,0.07387051071912035,-0.9141855479213199,15,2,,,,,4.967786209700674,1221.7670673269283,0.9947005479519501,0.005299452048049984,1.35,-238011.59885363217,-5444.980104000052,-5444.980104000052,0.0,71,1,0.0,39,4,,,,,5.070321852207688,8.007742845085781,0.9239825212956784,0.07601747870432184,-0.8826065176263497,32,4,,,,,4.955789259655566,1234.3722756967866,0.994595421160101,0.005404578839898939,1.35,-398051.7855831613,-391087.5447300001,-391087.5447300001,0.0,529,2,0.0,277,16,,,,,4.961691331262333,9.365828666848449,0.9423181648604283,0.05768183513957169,-0.38911577401884523,252,16,,,,,4.855366320109794,1229.6584103923703,0.9965819830960022,0.0034180169039978395,1.35,-398051.7855831613,-391087.5447300001,-391087.5447300001,0.0,529,2,0.0,277,16,,,,,4.961691331262333,9.365828666848449,0.9423181648604283,0.05768183513957169,-0.38911577401884523,252,16,,,,,4.855366320109794,1229.6584103923703,0.9965819830960022,0.0034180169039978395,1.35
576,kBONK,0.0,0.0,0.0,,0,0,0,0,0,15d,bearish,-386772.406580141,529,,,,,,,9.854171823331011,3839.77287677793,0.05252797633601938,0.9474720236639805,-0.9797176113404704,,96925.84526549463,177790.511272,177790.511272,0.0,2,0,0.0,1,1,,,,,10.342559690379789,0.0,0.01680782010126198,0.9831921798987379,-1.8,1,1,,,,,9.979082429047864,2085.560860454978,0.01956275569408816,0.9804372443059121,-0.9,77623.62007121192,97256.143218,97256.143218,0.0,6,0,0.0,2,1,,,,,10.343239383338293,0.0,0.016811819049004376,0.9831881809509954,-1.8,4,1,,,,,9.963696536023736,2114.9181137134938,0.019691748347816045,0.9803082516521839,-0.9000000000000001,8447.087089208866,29953.66907999999,29953.66907999999,0.0,25,0,0.0,8,2,,,,,10.365190451993696,0.0,0.017498398269899604,0.9825016017301003,-1.8000000000000003,17,2,,,,,9.959730730483512,2223.905584846905,0.020434624911168677,0.9795653750888313,-0.9,-129397.83754744887,-419556.0783149998,-419556.0783149998,0.0,71,1,0.0,22,4,,,,,10.305184355188722,0.0,0.022431190467551595,0.9775688095324483,-1.8,49,4,,,,,9.925891154756302,2195.7054416820806,0.02155977627262061,0.9784402237273794,-0.9000000000000001,-386772.406580141,-910925.6676289996,-910925.6676289996,0.0,529,2,0.0,211,16,1,1.0,1.0,0.0,10.434143465665526,17.01333218617665,0.0693223419312088,0.9306776580687911,-1.638082774082638,318,16,1,1.0,1.0,0.0,9.854171823331011,3839.77287677793,0.05252797633601938,0.9474720236639805,-0.9797176113404704,-386772.406580141,-910925.6676289996,-910925.6676289996,0.0,529,2,0.0,211,16,1,1.0,1.0,0.0,10.434143465665526,17.01333218617665,0.0693223419312088,0.9306776580687911,-1.638082774082638,318,16,1,1.0,1.0,0.0,9.854171823331011,3839.77287677793,0.05252797633601938,0.9474720236639805,-0.9797176113404704
576,TIA,0.0,0.0,0.0,,0,0,0,0,0,15d,bearish,-370977.1542796592,529,,,,,,,5.760439797052366,14239.248561044566,0.9461478353574888,0.05385216464251138,0.38149340921164443,,79038.24721542704,90245.07876400002,90245.07876400002,0.0,2,0,0.0,1,1,,,,,6.906819577399886,0.0,0.8728786948400074,0.1271213051599924,0.0,1,1,,,,,5.0869498323475,11300.502740220294,0.9910641466302189,0.008935853369781106,0.35,151850.64663603096,157689.462621,157689.462621,0.0,6,0,0.0,2,1,,,,,6.474652430093805,0.0,0.9016898379937462,0.09831016200625362,0.0,4,1,,,,,5.09109978745506,11337.67878295658,0.9908424906979315,0.009157509302068512,0.35,83692.12284914177,67359.97890999996,67359.97890999996,0.0,25,0,0.0,11,2,,,,,6.56292534069019,0.0,0.8958049772873206,0.10419502271267932,0.0,14,2,,,,,5.079496967788452,10822.931833191724,0.9918353985423112,0.008164601457688752,0.35,-254923.37449542663,-294191.58521700004,-294191.58521700004,0.0,71,1,0.0,27,4,,,,,6.547380044742364,0.5368868258226427,0.896841330350509,0.10315866964949096,0.00885853654551906,44,4,,,,,5.140809418628758,13232.063033499448,0.9871819197665102,0.012818080233489678,0.4042640144328389,-370977.1542796592,-194857.8134300001,-194857.8134300001,0.0,529,2,0.0,243,16,,,,,9.201949935340858,0.10089536613378375,0.7198700043106097,0.28012999568939045,-0.4182007161671141,286,16,,,,,5.760439797052366,14239.248561044566,0.9461478353574888,0.05385216464251138,0.38149340921164443,-370977.1542796592,-194857.8134300001,-194857.8134300001,0.0,529,2,0.0,243,16,,,,,9.201949935340858,0.10089536613378375,0.7198700043106097,0.28012999568939045,-0.4182007161671141,286,16,,,,,5.760439797052366,14239.248561044566,0.9461478353574888,0.05385216464251138,0.38149340921164443
576,ENS,0.0,0.0,0.0,,0,0,0,0,0,15d,bearish,-361495.2241586908,529,,,,,,,6.184544857820011,6288.989442404345,0.9209264081966574,0.07907359180334264,0.35,,301.12414312859113,-1946.696224000008,-1946.696224000008,0.0,2,0,0.0,1,1,,,,,0.0,0.0,0.0,0.0,-0.15,1,1,,,,,5.2399151204629755,6261.1827464163935,0.9840056586358017,0.01599434136419834,0.35,1722.6147340630787,-2747.2674909999987,-2747.2674909999987,0.0,6,0,0.0,5,1,,,,,0.0,0.0,0.0,0.0,-0.15,1,1,,,,,5.2399151204629755,6261.1827464163935,0.9840056586358017,0.01599434136419834,0.35,1949.0783719942829,-2149.365339999995,-2149.365339999995,0.0,25,0,0.0,19,2,,,,,0.0,0.0,0.0,0.0,-0.15,6,2,,,,,5.185097279894201,6438.33096538723,0.9876601813403867,0.012339818659613372,0.3499999999999999,-5749.878920994315,-7326.410391999993,-7326.410391999993,0.0,71,1,0.0,41,4,,,,,2.623148373374376,0.0,0.5246296746748751,0.0,0.4533241258761064,30,4,,,,,5.242909743101647,6156.605144963085,0.9838060171265569,0.0161939828734431,0.35,-361495.2241586908,-287389.265489,-287389.265489,0.0,529,2,0.0,250,16,,,,,14.54383557649672,0.0,0.22123246157580653,0.6718836634308843,-1.3825653232106554,279,16,,,,,6.184544857820011,6288.989442404345,0.9209264081966574,0.07907359180334264,0.35,-361495.2241586908,-287389.265489,-287389.265489,0.0,529,2,0.0,250,16,,,,,14.54383557649672,0.0,0.22123246157580653,0.6718836634308843,-1.3825653232106554,279,16,,,,,6.184544857820011,6288.989442404345,0.9209264081966574,0.07907359180334264,0.35
576,AERO,0.0,0.0,0.0,,0,0,0,0,0,72h,bullish,352712.0605675761,71,,,,,,,3.181997890820575,24.469759139954633,0.9892942417164367,0.010705758283563268,0.9527353469483035,,-4616.336916245279,-1344.383185,-1344.383185,0.0,2,0,0.0,0,0,,,,,,,,,,2,1,,,,,3.171664606041907,1594.2634253676629,0.989902081997535,0.010097918002465091,1.35,-944.4933359295136,2515.830080000002,2515.830080000002,0.0,6,0,0.0,2,1,,,,,3.1461841310484693,15.640600327529407,0.9914009334677373,0.008599066532262906,0.45,4,1,,,,,3.172981544707322,1599.056338500176,0.9898246150172164,0.01017538498278357,1.35,326246.202578516,273846.62767500005,273846.62767500005,0.0,25,0,0.0,14,2,,,,,3.1921527581933438,21.9994981886702,0.9886968965768621,0.011303103423137896,0.9348250018085049,11,2,,,,,3.167149902871286,1565.548019549098,0.9901676527722773,0.009832347227722684,1.35,352712.0605675761,285926.30090500007,285926.30090500007,0.0,71,1,0.0,38,4,,,,,3.181997890820575,24.469759139954633,0.9892942417164367,0.010705758283563268,0.9527353469483035,33,4,,,,,3.1579902525805275,1470.1459268538656,0.9907064557305572,0.009293544269442785,1.35,-168778.29498422606,-317145.9521199999,-317145.9521199999,0.0,529,2,0.0,247,16,,,,,3.157612994719177,50.555788870623665,0.9907286473694602,0.00927135263053983,1.2320112788472009,282,16,,,,,3.177788273760929,1402.0185976651346,0.9895418662493571,0.010458133750642903,1.35,-168778.29498422606,-317145.9521199999,-317145.9521199999,0.0,529,2,0.0,247,16,,,,,3.157612994719177,50.555788870623665,0.9907286473694602,0.00927135263053983,1.2320112788472009,282,16,,,,,3.177788273760929,1402.0185976651346,0.9895418662493571,0.010458133750642903,1.35
576,LDO,0.0,0.0,0.0,,0,0,0,0,0,15d,bullish,348059.51433971233,529,,,,,,,5.234945905699863,4.514039307513649,0.98432348059598,0.015676519404020033,0.009044200714961792,,-1652.788273284162,17959.08149099991,17959.08149099991,0.0,2,0,0.0,1,1,,,,,5.319524626990918,0.0,0.9786200843445778,0.021379915655422223,0.0,1,1,,,,,5.252148295638184,2777.7784680786326,0.982994288511648,0.017005711488351748,0.35,-30225.666960147028,3946.3839149998416,3946.3839149998416,0.0,6,0,0.0,2,1,,,,,5.308557333771963,0.0,0.9794037849139449,0.02059621508605504,0.0,4,1,,,,,5.262157920964645,2798.337007979637,0.9823753011447383,0.01762469885526174,0.35,-62055.91396640868,434.41125499983434,434.41125499983434,0.0,25,0,0.0,10,2,,,,,5.304252974417291,0.0,0.9797044227036074,0.020295577296392666,0.0,15,2,,,,,5.264915354949337,2937.917114729681,0.9822932013982726,0.01770679860172734,0.35,270826.41900093906,104182.30675199997,104182.30675199997,0.0,71,1,0.0,35,4,,,,,5.289198976741538,3.2238557547844113,0.9807039651262301,0.019296034873769744,0.013490517583585203,36,4,,,,,5.257004630903047,2934.743274550512,0.9828412855447,0.01715871445529991,0.3499999999999999,348059.51433971233,142318.9863859999,142318.9863859999,0.0,529,2,0.0,269,16,,,,,5.234945905699863,4.514039307513649,0.98432348059598,0.015676519404020033,0.009044200714961792,260,16,,,,,5.222334178362733,3184.25853445603,0.9851628897272251,0.014837110272774916,0.35,348059.51433971233,142318.9863859999,142318.9863859999,0.0,529,2,0.0,269,16,,,,,5.234945905699863,4.514039307513649,0.98432348059598,0.015676519404020033,0.009044200714961792,260,16,,,,,5.222334178362733,3184.25853445603,0.9851628897272251,0.014837110272774916,0.35
576,UAVAX,0.0,0.0,0.0,,0,0,0,0,0,15d,bullish,330425.5966475277,80,,,,,,,0.0,0.0,0.0,0.0,0.0,,,,,,,,,,,,,,,,,,,,,,,,,,,,,,,22326.106646059172,18605.088871715976,0.0,18605.088871715976,1,0,1.0,1,1,,,,,0.0,0.0,0.0,0.0,0.0,0,0,,,,,,,,,,216360.76805761064,180300.64004800888,0.0,180300.64004800888,8,0,1.0,5,2,,,,,0.0,0.0,0.0,0.0,0.0,3,1,,,,,0.0,0.0,0.0,0.0,0.0,-145506.33984732977,-121255.28320610814,0.0,-121255.28320610814,13,1,1.0,7,4,,,,,0.0,0.0,0.0,0.0,0.0,6,2,,,,,0.0,0.0,0.0,0.0,0.0,330425.5966475277,316220.898593449,0.0,316220.898593449,80,2,1.0,46,15,,,,,0.0,0.0,0.0,0.0,0.0,34,13,,,,,0.0,0.0,0.0,0.0,0.0,330425.5966475277,316220.898593449,0.0,316220.898593449,80,2,1.0,46,15,,,,,0.0,0.0,0.0,0.0,0.0,34,13,1,1.0,1.0,1.0,0.0,0.0,0.0,0.0,0.0
576,ORDI,0.0,0.0,0.0,,0,0,0,0,0,15d,bearish,-313318.79989697476,529,,,,,,,4.243683127136635,20611.333383361838,0.9268421689919626,0.07315783100803741,1.1926033005876684,,-2554.5368561272844,-707.4430880000056,-707.4430880000056,0.0,2,0,0.0,0,0,,,,,,,,,,2,1,,,,,7.713190469992393,16819.313304772266,0.7227535017651531,0.27724649823484665,0.35,-1915.7320478980891,1953.0758439999875,1953.0758439999875,0.0,6,0,0.0,1,1,,,,,15.911955284977118,0.0,0.24047321853075768,0.7595267814692422,-1.8,5,1,,,,,7.71693610764693,16761.914113113166,0.7225331701384158,0.2774668298615841,0.35,13541.54827247704,8601.161292999997,8601.161292999997,0.0,25,0,0.0,9,2,,,,,15.999715241623607,0.0,0.23531086813978772,0.7646891318602124,-1.8,16,2,,,,,7.423361652061425,16453.29712256393,0.7398022557610926,0.2601977442389073,0.35,28138.41420262826,15330.101882,15330.101882,0.0,71,1,0.0,34,4,,,,,15.746062746247121,0.0,0.2502316031619341,0.749768396838066,-1.8,37,4,,,,,6.929185318727509,16778.31155110084,0.7688714518395584,0.2311285481604417,0.35,-313318.79989697476,-208312.45442,-208312.45442,0.0,529,2,0.0,254,16,,,,,8.514483563744685,0.6380781646535985,0.6756186138973714,0.3243813861026285,-0.25631405028578336,275,16,,,,,4.243683127136635,20611.333383361838,0.9268421689919626,0.07315783100803741,1.1926033005876684,-313318.79989697476,-208312.45442,-208312.45442,0.0,529,2,0.0,254,16,,,,,8.514483563744685,0.6380781646535985,0.6756186138973714,0.3243813861026285,-0.25631405028578336,275,16,,,,,4.243683127136635,20611.333383361838,0.9268421689919626,0.07315783100803741,1.1926033005876684
576,ANIME,0.0,0.0,0.0,,0,0,0,0,0,15d,bullish,304498.3177151928,529,,,,,,,10.132763429749932,0.0,0.5804256806029452,0.41957431939705486,-0.7245325096176347,,7083.310376682039,1860.1138010000002,1860.1138010000002,0.0,2,0,0.0,2,1,,,,,11.776733808699085,0.0,0.4837215406647594,0.5162784593352403,-1.2000000000000002,0,0,,,,,,,,,,6434.2873642652385,1937.7720710000006,1937.7720710000006,0.0,6,0,0.0,3,1,,,,,11.801545249439316,0.0,0.48226204415062823,0.5177379558493715,-1.2104012458362998,3,1,,,,,8.527932578433077,29808.970185881877,0.6748274953862895,0.3251725046137104,0.35,4814.778317118286,5303.818920999999,5303.818920999999,0.0,25,0,0.0,14,2,,,,,12.293305238597792,0.0,0.45333498596483557,0.5466650140351642,-1.2321219575037987,11,2,,,,,8.456542061314755,30727.007564929205,0.6790269375697202,0.3209730624302797,0.35,-748.0026090482545,6443.108597,6443.108597,0.0,71,1,0.0,40,4,,,,,11.728824315564783,0.0,0.486539746143248,0.5134602538567519,-1.3087337018465823,31,4,,,,,8.373653187932385,28640.463404951177,0.6839027536510361,0.3160972463489638,0.2262521205606143,304498.3177151928,218971.26752999998,218971.26752999998,0.0,529,2,0.0,280,16,,,,,10.132763429749932,0.0,0.5804256806029452,0.41957431939705486,-0.7245325096176347,249,16,,,,,7.2441507400831515,30909.5083924903,0.7503440741127558,0.24965592588724422,0.4694248615213855,304498.3177151928,218971.26752999998,218971.26752999998,0.0,529,2,0.0,280,16,,,,,10.132763429749932,0.0,0.5804256806029452,0.41957431939705486,-0.7245325096176347,249,16,,,,,7.2441507400831515,30909.5083924903,0.7503440741127558,0.24965592588724422,0.4694248615213855
576,HBAR,0.0,0.0,0.0,,0,0,0,0,0,72h,bearish,-298455.60112648195,71,,,,,,,5.105671946660925,2422.950336738356,0.9850305333313135,0.014969466668686503,0.35602696138585344,,20214.366338937598,17767.273205,17767.273205,0.0,2,0,0.0,2,1,,,,,9.4604255957939,0.0,0.7004741415528909,0.29952585844710905,0.0,0,0,,,,,,,,,,26559.986748044837,13070.187888,13070.187888,0.0,6,0,0.0,5,1,,,,,9.393823604493063,0.0,0.7053361022214301,0.29466389777857,0.0,1,1,,,,,5.040228243646853,2318.619755031635,0.9893889767085594,0.010611023291440431,0.35,-205772.59516159585,-393480.43223,-393480.43223,0.0,25,0,0.0,14,2,,,,,8.473370448922704,0.0,0.767922972309443,0.23207702769055705,-0.06382790859046887,11,2,,,,,5.077231984094143,2397.097782077663,0.9864742593803683,0.013525740619631688,0.36238030458914344,-298455.60112648195,-483141.3610959999,-483141.3610959999,0.0,71,1,0.0,39,4,,,,,6.807474637472333,0.0,0.8791861590972899,0.12081384090271023,-0.02234500493061909,32,4,,,,,5.105671946660925,2422.950336738356,0.9850305333313135,0.014969466668686503,0.35602696138585344,-128290.80495448322,-416487.477808,-416487.477808,0.0,529,2,0.0,270,16,,,,,6.470161272262491,0.0,0.9015863770651719,0.09841362293482823,0.001959078638820137,259,16,,,,,5.063850315408343,2551.7120127882076,0.9864635456255882,0.013536454374411873,0.4893541687548506,-128290.80495448322,-416487.477808,-416487.477808,0.0,529,2,0.0,270,16,,,,,6.470161272262491,0.0,0.9015863770651719,0.09841362293482823,0.001959078638820137,259,16,,,,,5.063850315408343,2551.7120127882076,0.9864635456255882,0.013536454374411873,0.4893541687548506
576,JUP,0.0,0.0,0.0,,0,0,0,0,0,15d,bullish,293342.37918816943,529,,,,,,,9.32927230036503,0.1324972959940722,0.1259480640704975,0.8740519359295026,-1.2839356430210187,,24197.165993807837,157285.413105,157285.413105,0.0,2,0,0.0,1,1,,,,,9.266198228948255,0.0,0.15522472056444794,0.8447752794355521,-1.25,1,1,,,,,9.936183500478597,2248.181221824287,0.027003285383874403,0.9729967146161257,-0.9,5183.533160522658,114345.77808500001,114345.77808500001,0.0,6,0,0.0,2,1,,,,,9.263991758707618,0.0,0.15501998104681777,0.8449800189531822,-1.25,4,1,,,,,9.930721874788704,2288.066835633916,0.02582231280910993,0.9741776871908902,-0.9,29992.039550515758,260056.19958,260056.19958,0.0,25,0,0.0,11,2,,,,,9.205949859972785,0.0,0.1542072134178722,0.8457927865821279,-1.2500000000000002,14,2,,,,,9.943939163375463,2312.749148290806,0.02028088699445838,0.9797191130055416,-0.9,92942.7260924846,443732.05296500004,443732.05296500004,0.0,71,1,0.0,33,4,,,,,9.248479555436596,0.0,0.1419666352014303,0.8580333647985696,-1.25,38,4,,,,,9.954455032236817,2233.710120690011,0.0166051737176404,0.9833948262823596,-0.9112734045475275,293342.37918816943,456577.2373300001,456577.2373300001,0.0,529,2,0.0,273,16,,,,,9.32927230036503,0.1324972959940722,0.1259480640704975,0.8740519359295026,-1.2839356430210187,256,16,,,,,9.907549937780768,1959.212524631563,0.026917029786841382,0.9730829702131587,-0.9015646691847731,293342.37918816943,456577.2373300001,456577.2373300001,0.0,529,2,0.0,273,16,,,,,9.32927230036503,0.1324972959940722,0.1259480640704975,0.8740519359295026,-1.2839356430210187,256,16,,,,,9.907549937780768,1959.212524631563,0.026917029786841382,0.9730829702131587,-0.9015646691847731
576,KAS,0.0,0.0,0.0,,0,0,0,0,0,15d,bullish,292626.09482970333,529,,,,,,,6.151651536436919,0.0,0.7965318294550282,0.2034681705449718,0.3038810323310821,,28616.09696754483,11494.215465,11494.215465,0.0,2,0,0.0,2,1,,,,,4.219671787267736,0.0,0.9282546007489566,0.07174539925104331,1.0,0,0,,,,,,,,,,32415.039423595586,8718.722303999999,8718.722303999999,0.0,6,0,0.0,6,1,,,,,4.317510570572734,0.0,0.9224993782016039,0.07750062179839613,0.9099673948483016,0,0,,,,,,,,,,31765.417124230265,20288.299257,20288.299257,0.0,25,0,0.0,15,2,,,,,4.500153585675687,0.0,0.9117556714308419,0.08824432856915806,0.8687176418852515,10,1,,,,,3.493033192678107,9633.559646317775,0.970998047489523,0.029001952510476946,1.35,49671.91844371338,32973.02609,32973.02609,0.0,71,1,0.0,40,4,,,,,5.1122631493462425,0.0,0.8757492265090445,0.12425077349095547,0.4993339358679419,31,3,,,,,3.8555579770549717,9103.405960012853,0.9496730601732367,0.050326939826763104,1.35,292626.09482970333,26848.822773000047,26848.822773000047,0.0,529,2,0.0,290,16,,,,,6.151651536436919,0.0,0.7965318294550282,0.2034681705449718,0.3038810323310821,239,15,,,,,3.8217071085194254,6713.085642228449,0.9516642877341513,0.048335712265848575,1.2563899184240876,292626.09482970333,26848.822773000047,26848.822773000047,0.0,529,2,0.0,290,16,,,,,6.151651536436919,0.0,0.7965318294550282,0.2034681705449718,0.3038810323310821,239,15,,,,,3.8217071085194254,6713.085642228449,0.9516642877341513,0.048335712265848575,1.2563899184240876
576,LTC,0.0,0.0,0.0,,0,0,0,0,0,15d,bearish,-291558.49584952014,529,,,,,,,9.212158794904813,2735.6843255694916,0.12936123593163845,0.8706387640683615,-0.9,,16456.34389785036,34754.881624999995,34754.881624999995,0.0,2,0,0.0,2,1,,,,,10.664655291180326,0.0,0.015867451009249568,0.9841325489907503,-1.7999999999999998,0,0,,,,,,,,,,45563.58259240701,58100.18495000002,58100.18495000002,0.0,6,0,0.0,6,1,,,,,10.675194875512508,0.0,0.009871793424368691,0.9901282065756313,-1.8000000000000003,0,0,,,,,,,,,,62312.146080983955,277732.715545,277732.715545,0.0,25,0,0.0,15,2,,,,,10.614683619510744,0.0,0.014004987885424898,0.985995012114575,-1.7999999999999998,10,2,,,,,9.245487479346746,2978.836999117934,0.12287355990661802,0.8771264400933819,-0.9000000000000001,144986.64722648638,191719.93478,191719.93478,0.0,71,1,0.0,35,4,,,,,10.485199960665058,0.4365625982387221,0.012963575214300783,0.9870364247856991,-1.832713536931191,36,4,,,,,9.220885867375697,2807.2071191710957,0.12448338086459411,0.8755166191354059,-0.9,-291558.49584952014,-607424.4050100003,-607424.4050100003,0.0,529,2,0.0,236,16,,,,,10.300007832458325,1.1269398989415966,0.031096219741834893,0.968903780258165,-1.7504710457394355,293,16,,,,,9.212158794904813,2735.6843255694916,0.12936123593163845,0.8706387640683615,-0.9,-291558.49584952014,-607424.4050100003,-607424.4050100003,0.0,529,2,0.0,236,16,,,,,10.300007832458325,1.1269398989415966,0.031096219741834893,0.968903780258165,-1.7504710457394355,293,16,,,,,9.212158794904813,2735.6843255694916,0.12936123593163845,0.8706387640683615,-0.9
576,AR,0.0,0.0,0.0,,0,0,0,0,0,15d,bearish,-284156.7187329299,529,,,,,,,5.859453486080261,6253.217119480796,0.9401165891922254,0.05988341080777454,0.3499999999999999,,-4081.473375485405,-113.76642199999964,-113.76642199999964,0.0,2,0,0.0,0,0,,,,,,,,,,2,1,,,,,5.769596262957855,5849.662526550268,0.9466761709609078,0.05332382903909217,0.35,-1246.0475273611996,-1271.9190649999698,-1271.9190649999698,0.0,6,0,0.0,2,1,,,,,6.286212051193931,0.0,0.9142525299204047,0.08574747007959534,0.0,4,1,,,,,5.771238263613307,5839.578054364841,0.94656685367296,0.05343314632703996,0.35,10926.16396295495,9181.945561999997,9181.945561999997,0.0,25,0,0.0,12,2,,,,,6.142704958458844,0.0,0.9238196694360772,0.07618033056392287,0.0,13,2,,,,,5.773639145023993,6078.4660185145885,0.9464275942893031,0.05357240571069686,0.35,6430.941027278597,5171.805103000007,5171.805103000007,0.0,71,1,0.0,32,4,,,,,6.127943570987713,0.0,0.9248037619341524,0.07519623806584756,0.0,39,4,,,,,5.76349982650494,5723.766128691084,0.9471230089039219,0.05287699109607805,0.35,-284156.7187329299,-318678.504588,-318678.504588,0.0,529,2,0.0,257,16,,,,,5.803572350542138,4.084004675630293,0.9464285099638573,0.05357149003614257,0.0,272,16,,,,,5.859453486080261,6253.217119480796,0.9401165891922254,0.05988341080777454,0.3499999999999999,-284156.7187329299,-318678.504588,-318678.504588,0.0,529,2,0.0,257,16,,,,,5.803572350542138,4.084004675630293,0.9464285099638573,0.05357149003614257,0.0,272,16,,,,,5.859453486080261,6253.217119480796,0.9401165891922254,0.05988341080777454,0.3499999999999999
576,WIF,0.0,0.0,0.0,,0,0,0,0,0,15d,bearish,-280714.2980046548,529,,,,,,,5.410396931454165,6705.856609724925,0.968851479781874,0.03114852021812598,0.35,,-20887.795991760002,-22769.32935,-22769.32935,0.0,2,0,0.0,0,0,,,,,,,,,,2,1,,,,,5.459649823737665,9290.900187713552,0.9654468337805548,0.034553166219445194,0.35,-23084.68799182561,-30640.20984,-30640.20984,0.0,6,0,0.0,2,1,,,,,17.51140068136945,0.0,0.1503889797096278,0.8496110202903722,-1.7999999999999998,4,1,,,,,5.4743013531423665,9330.287415068431,0.9644352829690603,0.035564717030939774,0.35000000000000003,-155449.9480885706,-118362.832775,-118362.832775,0.0,25,0,0.0,9,2,,,,,16.174726992262226,0.0,0.24426824186682958,0.7557317581331703,-1.783351285849912,16,2,,,,,5.525856127609503,9660.384253395801,0.9607670303735146,0.03923296962648548,0.35,-180075.27393813396,-97130.953515,-97130.953515,0.0,71,1,0.0,29,4,,,,,14.612337415734366,0.0,0.3523825135728918,0.6476174864271081,-1.5173552403478088,42,4,,,,,5.521112777835162,9630.922909138015,0.9609826391270324,0.039017360872967706,0.35,-280714.2980046548,-248249.1209950001,-248249.1209950001,0.0,529,2,0.0,267,16,,,,,7.393564519673122,55.04279373140675,0.8318329191618095,0.16816708083819057,0.10321008915450938,262,16,,,,,5.410396931454165,6705.856609724925,0.968851479781874,0.03114852021812598,0.35,-280714.2980046548,-248249.1209950001,-248249.1209950001,0.0,529,2,0.0,267,16,,,,,7.393564519673122,55.04279373140675,0.8318329191618095,0.16816708083819057,0.10321008915450938,262,16,,,,,5.410396931454165,6705.856609724925,0.968851479781874,0.03114852021812598,0.35
576,PAXG,0.0,0.0,0.0,,0,0,0,0,0,24h,bullish,271880.26804051077,25,,,,,,,7.174190200155398,71.47286458739976,0.5732455132294364,0.42675448677056343,-0.30000000000000004,,59142.54880970442,-3053.178849999924,-3053.178849999924,0.0,2,0,0.0,1,1,,,,,7.120962252500863,69.80255713663091,0.5842285142123216,0.4157714857876784,-0.30000000000000004,1,1,,,,,5.432758474185905,1539.0522820504364,0.7636973613570378,0.23630263864296222,0.35,30344.091277406376,23413.101599999995,23413.101599999995,0.0,6,0,0.0,4,1,,,,,7.086296293164452,69.73703878659721,0.5910027144492178,0.4089972855507822,-0.3000000000000001,2,1,,,,,5.432742690112418,1533.9510793586753,0.7637042867579762,0.23629571324202392,0.35,271880.26804051077,-99726.75354999975,-99726.75354999975,0.0,25,0,0.0,16,2,,,,,7.174190200155398,71.47286458739976,0.5732455132294364,0.42675448677056343,-0.30000000000000004,9,2,,,,,5.371566857354625,1589.7615979842662,0.7728528290613431,0.22714717093865677,0.35,146409.4501391029,-198013.43110000005,-198013.43110000005,0.0,71,1,0.0,39,4,,,,,7.094560907824254,68.51986590623137,0.5886299254962911,0.41137007450370905,-0.32884554870878696,32,4,,,,,5.300486304941897,1582.7454787427441,0.7816067116977594,0.21839328830224053,0.3499999999999999,16938.33664294976,145935.98879999993,145935.98879999993,0.0,529,2,0.0,279,16,1,1.0,1.0,0.0,7.018214725950731,63.830332159582994,0.6051754889432117,0.3948245110567882,-0.11431725564759097,250,16,,,,,5.422762468679283,1663.5400171672206,0.7535559012083616,0.24644409879163834,0.3499999999999999,16938.33664294976,145935.98879999993,145935.98879999993,0.0,529,2,0.0,279,16,1,1.0,1.0,0.0,7.018214725950731,63.830332159582994,0.6051754889432117,0.3948245110567882,-0.11431725564759097,250,16,,,,,5.422762468679283,1663.5400171672206,0.7535559012083616,0.24644409879163834,0.3499999999999999
576,PURR,0.0,0.0,0.0,,0,0,0,0,0,15d,bullish,263904.5151368522,502,,,,,,,3.373491319467886,0.16761414621084572,0.9780299223842419,0.021970077615758008,1.0007865420475903,,-14109.619263483939,-10436.298855827465,-4623.943184,-5812.355671827464,2,0,0.5569364917699666,0,0,,,,,,,,,,2,1,,,,,3.109999863293239,830.6286580264341,0.9897773836820527,0.010222616317947446,1.35,-25173.60805072482,-19724.81078371402,-20598.517082000002,873.7062982859806,6,0,0.04069007120558113,2,1,,,,,3.041894445038684,0.0,0.9975356208800773,0.002464379119922577,1.0,4,1,,,,,3.107130130283449,847.0025289563179,0.9899673029719647,0.010032697028035295,1.35,-4393.820656975942,50476.11674169657,-57259.41229000001,107735.52903169657,24,0,0.6529626191486728,11,2,,,,,3.0818097102270268,0.0,0.9951876641042924,0.004812335895707479,1.0,13,2,,,,,3.1054450126824444,871.9472201135575,0.990042211486299,0.009957788513700917,1.35,-7437.771524806765,39333.624363752184,-119020.254294,158353.87865775218,69,1,0.5709035553264696,34,4,,,,,3.1325310474366304,0.0,0.9922040560331393,0.0077959439668606415,1.0,35,4,,,,,3.091783084720939,834.3917176279818,0.9907504423034599,0.009249557696540189,1.3500000000000003,263904.5151368522,45834.52544594545,-235028.470988,280862.99643394543,502,2,0.5444226434631624,249,16,,,,,3.373491319467886,0.16761414621084572,0.9780299223842419,0.021970077615758008,1.0007865420475903,253,16,,,,,3.072993761557044,897.4887587428244,0.9915109122214715,0.008489087778528519,1.35,263904.5151368522,45834.52544594545,-235028.470988,280862.99643394543,502,2,0.5444226434631624,249,16,,,,,3.373491319467886,0.16761414621084572,0.9780299223842419,0.021970077615758008,1.0007865420475903,253,16,,,,,3.072993761557044,897.4887587428244,0.9915109122214715,0.008489087778528519,1.35
576,INJ,0.0,0.0,0.0,,0,0,0,0,0,15d,bullish,258649.94863237414,529,,,,,,,5.52856278978223,0.0,0.9647624806811846,0.035237519318815344,0.0377492513490207,,30406.1116797602,48590.26617499998,48590.26617499998,0.0,2,0,0.0,1,1,,,,,5.205438283823245,0.0,0.9863041144117837,0.013695885588216395,0.0,1,1,,,,,5.135061623368739,6818.542620634469,0.9907957925425719,0.009204207457428275,0.35,67342.76113932919,85882.33970499999,85882.33970499999,0.0,6,0,0.0,4,1,,,,,5.323554020249409,0.0,0.9784297319833728,0.02157026801662724,0.0,2,1,,,,,5.158315020689776,7141.764051137984,0.989290317733915,0.010709682266085162,0.35000000000000003,167002.50515529822,94355.04715999997,94355.04715999997,0.0,25,0,0.0,21,2,,,,,5.406809552125047,0.0,0.9728793631916635,0.027120636808336443,0.0,4,2,,,,,5.175491419857367,7316.227272499545,0.9881678063792286,0.011832193620771383,0.35,211701.14708992222,38305.93453999998,38305.93453999998,0.0,71,1,0.0,50,4,,,,,5.324668670082528,0.0,0.9783554219944981,0.021644578005501902,0.04052171851093917,21,4,,,,,5.12060994475393,7186.795172119832,0.9919262192537854,0.008073780746214513,0.3499999999999999,258649.94863237414,91274.09066999987,91274.09066999987,0.0,529,2,0.0,262,16,,,,,5.52856278978223,0.0,0.9647624806811846,0.035237519318815344,0.0377492513490207,267,16,,,,,5.243000091785792,5992.59321870329,0.9837983475469906,0.016201652453009464,0.5268528064356813,258649.94863237414,91274.09066999987,91274.09066999987,0.0,529,2,0.0,262,16,,,,,5.52856278978223,0.0,0.9647624806811846,0.035237519318815344,0.0377492513490207,267,16,,,,,5.243000091785792,5992.59321870329,0.9837983475469906,0.016201652453009464,0.5268528064356813
576,CC,0.0,0.0,0.0,,0,0,0,0,0,15d,bullish,253321.4470076624,529,,,,,,,8.106759443441879,0.0,0.6996023856798895,0.30039761432011053,-0.3036514564345266,,-992.7232602918,-1279.9368200000004,-1279.9368200000004,0.0,2,0,0.0,0,0,,,,,,,,,,2,1,,,,,3.7988883522386607,2760.386028794774,0.9526396910246393,0.04736030897536061,1.35,14353.83492868628,6554.885809999999,6554.885809999999,0.0,6,0,0.0,4,1,,,,,10.667449737546239,0.0,0.5489735448502213,0.45102645514977874,-1.2000000000000002,2,1,,,,,3.7988883522386607,2760.386028794774,0.9526396910246393,0.04736030897536061,1.35,9502.176045906159,754.0789250000024,754.0789250000024,0.0,25,0,0.0,12,2,,,,,10.417950363975919,0.0,0.5636499785896518,0.4363500214103482,-1.0936587576942278,13,2,,,,,3.771821472772516,2550.1412074284813,0.9542339760933832,0.04576602390661679,1.3500000000000003,-178433.93781525208,-170152.70913,-170152.70913,0.0,71,1,0.0,26,4,,,,,9.86372281126229,0.0,0.5962515993375124,0.4037484006624877,-0.8429069047154027,45,4,,,,,3.7911532197357865,2607.6127778729056,0.9530754649132824,0.04692453508671753,1.35,253321.4470076624,100575.54310499998,100575.54310499998,0.0,529,2,0.0,259,16,,,,,8.106759443441879,0.0,0.6996023856798895,0.30039761432011053,-0.3036514564345266,270,16,,,,,3.5785861595424984,2628.718527205892,0.9651653201755321,0.03483467982446773,1.35,253321.4470076624,100575.54310499998,100575.54310499998,0.0,529,2,0.0,259,16,,,,,8.106759443441879,0.0,0.6996023856798895,0.30039761432011053,-0.3036514564345266,270,16,,,,,3.5785861595424984,2628.718527205892,0.9651653201755321,0.03483467982446773,1.35
576,kFLOKI,0.0,0.0,0.0,,0,0,0,0,0,15d,bullish,250780.15115006216,529,,,,,,,7.005088899640091,0.0,0.8622132975911169,0.13778670240888302,0.0,,942.1772246471999,223.97796599999992,223.97796599999992,0.0,2,0,0.0,2,1,,,,,6.711434670566172,0.0,0.8698627878349022,0.1301372121650976,0.0,0,0,,,,,,,,,,15082.242035328838,-516.7843569999984,-516.7843569999984,0.0,6,0,0.0,4,1,,,,,6.742182213511827,0.0,0.8677939160952953,0.13220608390470473,0.0,2,1,,,,,6.4847753422436085,17093.25089005974,0.8969189732669102,0.10308102673309001,0.35,27142.996793521033,13972.663587000003,13972.663587000003,0.0,25,0,0.0,12,2,,,,,6.9058656068793685,0.0,0.858141013346675,0.14185898665332491,0.0,13,2,,,,,6.549208902436228,17356.853329149388,0.8925454656417997,0.10745453435820027,0.35,33110.80107668115,5543.954520000001,5543.954520000001,0.0,71,1,0.0,36,4,,,,,6.9848812641491715,0.0,0.8549563904695903,0.14504360953040996,0.0,35,4,,,,,6.6242855261026605,15891.777908939304,0.8864524803340275,0.11354751966597258,0.35,250780.15115006216,83182.799434,83182.799434,0.0,529,2,0.0,277,16,,,,,7.005088899640091,0.0,0.8622132975911169,0.13778670240888302,0.0,252,16,,,,,6.269898495144035,15672.921433361196,0.9063820815644003,0.0936179184355998,0.35,250780.15115006216,83182.799434,83182.799434,0.0,529,2,0.0,277,16,,,,,7.005088899640091,0.0,0.8622132975911169,0.13778670240888302,0.0,252,16,,,,,6.269898495144035,15672.921433361196,0.9063820815644003,0.0936179184355998,0.35
576,FIL,0.0,0.0,0.0,,0,0,0,0,0,15d,bearish,-250477.86056572647,529,,,,,,,5.430536498161774,9304.818359551864,0.9661617464974704,0.0338382535025296,0.45093721048383834,,2870.6219161128074,5273.4060700000055,5273.4060700000055,0.0,2,0,0.0,2,1,,,,,6.172814796240362,0.0,0.9177930864075774,0.08220691359242277,0.0,0,0,,,,,,,,,,23578.13746690497,9254.751096000013,9254.751096000013,0.0,6,0,0.0,6,1,,,,,6.170463225394384,0.0,0.9179404874246097,0.08205951257539054,0.0,0,0,,,,,,,,,,-31600.29020495972,-41256.96872200004,-41256.96872200004,0.0,25,0,0.0,12,2,,,,,6.167602796087076,0.0,0.9196492336664911,0.08035076633350878,0.0,13,1,,,,,5.738860990069095,9278.71847778972,0.9504672333753303,0.04953276662466973,0.35,-54419.31227779207,-77057.00458000004,-77057.00458000004,0.0,71,1,0.0,35,4,,,,,6.128357784806117,0.0,0.9229282502710396,0.07707174972896041,0.0,36,3,,,,,5.736292044318154,9236.581950844178,0.9503963460922715,0.04960365390772856,0.35,-250477.86056572647,-401814.71917200007,-401814.71917200007,0.0,529,2,0.0,270,16,,,,,5.6678696672105255,0.0,0.9525462027296736,0.047453797270326295,0.0,259,15,,,,,5.430536498161774,9304.818359551864,0.9661617464974704,0.0338382535025296,0.45093721048383834,-250477.86056572647,-401814.71917200007,-401814.71917200007,0.0,529,2,0.0,270,16,,,,,5.6678696672105255,0.0,0.9525462027296736,0.047453797270326295,0.0,259,15,,,,,5.430536498161774,9304.818359551864,0.9661617464974704,0.0338382535025296,0.45093721048383834
576,SYRUP,0.0,0.0,0.0,,0,0,0,0,0,6h,bullish,229912.85368176154,6,,,,,,,3.5394238120158947,52.31131942311666,0.9682691875284769,0.03173081247152318,1.35,,92768.25626662356,-17210.77835,-17210.77835,0.0,2,0,0.0,2,1,,,,,3.501530177937988,60.68477825487708,0.9704982248271772,0.029501775172822785,1.35,0,0,,,,,,,,,,229912.85368176154,86256.802605,86256.802605,0.0,6,0,0.0,6,1,,,,,3.5394238120158947,52.31131942311666,0.9682691875284769,0.03173081247152318,1.35,0,0,,,,,,,,,,194249.41978659443,81208.35673,81208.35673,0.0,25,0,0.0,15,2,,,,,3.5090773359804532,51.38976794504809,0.9700542743540911,0.029945725645909013,1.3407668551348666,10,2,,,,,3.4252853100945195,3052.7128469488857,0.9749832170532634,0.025016782946736444,1.3500000000000003,51203.38429973655,-34205.05701999998,-34205.05701999998,0.0,71,1,0.0,38,4,,,,,3.492320324233107,67.19127844591694,0.9710399809274645,0.028960019072535682,1.3449812445970675,33,4,,,,,3.4005693442494365,2948.9187997372987,0.976437097397092,0.02356290260290801,1.35,-133132.05048601105,188724.2555850001,188724.2555850001,0.0,529,2,0.0,264,16,,,,,3.371749507488752,15.938060143572697,0.9781323819124264,0.02186761808757362,1.1474318691742547,265,16,,,,,3.48962644014344,3449.364286772135,0.9711984446974448,0.028801555302555282,1.35,-133132.05048601105,188724.2555850001,188724.2555850001,0.0,529,2,0.0,264,16,,,,,3.371749507488752,15.938060143572697,0.9781323819124264,0.02186761808757362,1.1474318691742547,265,16,,,,,3.48962644014344,3449.364286772135,0.9711984446974448,0.028801555302555282,1.35
576,MNT,0.0,0.0,0.0,,0,0,0,0,0,15d,bullish,229478.43514568819,529,,,,,,,6.381552456321378,0.0,0.8926497207226357,0.10735027927736433,0.20416018015688697,,2151.7560540468,1728.821551999999,1728.821551999999,0.0,2,0,0.0,2,1,,,,,6.473562623260424,0.0,0.8852569386654922,0.11474306133450785,0.0,0,0,,,,,,,,,,6536.838018073799,3022.5722609999993,3022.5722609999993,0.0,6,0,0.0,5,1,,,,,6.51747327230937,0.0,0.8822817460406421,0.11771825395935787,0.0,1,1,,,,,5.343804153985536,4550.860899139629,0.977079723067631,0.02292027693236905,0.35,-3420.9257652456013,-11981.837416999993,-11981.837416999993,0.0,25,0,0.0,14,2,,,,,6.519314291916922,0.0,0.88218181361999,0.11781818638001008,0.0,11,2,,,,,5.376094300920233,4582.038287237571,0.9749270466053178,0.02507295339468219,0.35,-13303.378699263598,5434.194784000005,5434.194784000005,0.0,71,1,0.0,36,4,,,,,6.515514895188735,0.0,0.8831945956654085,0.11680540433459148,0.0,35,4,,,,,5.360268567092259,4472.455054564753,0.9759820955271828,0.02401790447281726,0.35,229478.43514568819,49595.59174100002,49595.59174100002,0.0,529,2,0.0,260,16,,,,,6.381552456321378,0.0,0.8926497207226357,0.10735027927736433,0.20416018015688697,269,16,,,,,5.600082708197936,5752.4897790499335,0.9599944861201376,0.040005513879862405,0.35000000000000003,229478.43514568819,49595.59174100002,49595.59174100002,0.0,529,2,0.0,260,16,,,,,6.381552456321378,0.0,0.8926497207226357,0.10735027927736433,0.20416018015688697,269,16,,,,,5.600082708197936,5752.4897790499335,0.9599944861201376,0.040005513879862405,0.35000000000000003
576,OP,0.0,0.0,0.0,,0,0,0,0,0,15d,bearish,-226530.76749985042,529,,,,,,,5.186377002730967,5731.348773996171,0.986545736644279,0.013454263355721014,0.3696464375351407,,29918.5808490854,30194.957542999997,30194.957542999997,0.0,2,0,0.0,2,1,,,,,5.436848346888049,0.0,0.9669476777855034,0.033052322214496534,0.0,0,0,,,,,,,,,,-26930.796117067333,-32028.03810099999,-32028.03810099999,0.0,6,0,0.0,5,1,,,,,5.408556040459661,0.0,0.9688502720341532,0.03114972796584679,0.0,1,1,,,,,5.257314722804088,6598.599737111318,0.9804768208479124,0.01952317915208768,0.35,-34103.77431024492,-21046.184079000002,-21046.184079000002,0.0,25,0,0.0,14,2,,,,,5.399026886731834,0.0,0.9688747680225657,0.03112523197743433,0.0,11,2,,,,,5.258881300210025,6380.8720359124545,0.9803613728735573,0.019638627126442758,0.35,-39075.22159419974,-17559.365405999994,-17559.365405999994,0.0,71,1,0.0,40,4,,,,,5.358638325016557,0.0,0.9703290257734596,0.029670974226540563,0.0,31,4,,,,,5.237736890884698,5898.860297002924,0.9825018066780328,0.017498193321967292,0.35,-226530.76749985042,-49869.912523,-49869.912523,0.0,529,2,0.0,291,16,,,,,5.328624027981006,0.0,0.9722414766123273,0.027758523387672793,0.0,238,16,,,,,5.186377002730967,5731.348773996171,0.986545736644279,0.013454263355721014,0.3696464375351407,-226530.76749985042,-49869.912523,-49869.912523,0.0,529,2,0.0,291,16,,,,,5.328624027981006,0.0,0.9722414766123273,0.027758523387672793,0.0,238,16,,,,,5.186377002730967,5731.348773996171,0.986545736644279,0.013454263355721014,0.3696464375351407
576,AXS,0.0,0.0,0.0,,0,0,0,0,0,15d,bearish,-217267.80406721513,529,,,,,,,8.185865058030503,7829.570411818238,0.7873353340267403,0.21266466597325973,0.22249328114346334,,674.2327106009973,795.7837979999979,795.7837979999979,0.0,2,0,0.0,2,1,,,,,7.900869130351217,0.0,0.7657760621256078,0.23422393787439233,0.0,0,0,,,,,,,,,,302.8104901093142,-96.42988300000704,-96.42988300000704,0.0,6,0,0.0,4,1,,,,,7.8883711946609365,0.0,0.7665798716485734,0.23342012835142653,0.0,2,1,,,,,6.846236762809875,7886.129513645318,0.8767344145917804,0.1232655854082196,0.3499999999999999,-1015.6660038373218,5593.460358999999,5593.460358999999,0.0,25,0,0.0,13,2,,,,,7.655300485640256,0.0,0.7801597588679812,0.21984024113201883,0.0,12,2,,,,,6.830946475516205,7782.766937361954,0.8778219256245987,0.12217807437540128,0.35,-13248.861741543915,-4826.253644999996,-4826.253644999996,0.0,71,1,0.0,36,4,,,,,7.501368373787681,0.0,0.788303817398158,0.21169618260184195,0.0,35,4,,,,,6.927634494660408,7546.015022862598,0.8712968023391309,0.12870319766086913,0.35,-217267.80406721513,-190547.41486699998,-190547.41486699998,0.0,529,2,0.0,253,16,,,,,7.130811117167064,0.0,0.82433588688626,0.17566411311374,0.0,276,16,,,,,8.185865058030503,7829.570411818238,0.7873353340267403,0.21266466597325973,0.22249328114346334,-217267.80406721513,-190547.41486699998,-190547.41486699998,0.0,529,2,0.0,253,16,,,,,7.130811117167064,0.0,0.82433588688626,0.17566411311374,0.0,276,16,,,,,8.185865058030503,7829.570411818238,0.7873353340267403,0.21266466597325973,0.22249328114346334
576,ALGO,0.0,0.0,0.0,,0,0,0,0,0,15d,bullish,207982.83381068043,529,,,,,,,6.264210750187734,0.0,0.9156382791015736,0.08436172089842658,0.0,,2091.16891844468,10790.428005999998,10790.428005999998,0.0,2,0,0.0,1,1,,,,,6.013516209769491,0.0,0.9324322526820338,0.06756774731796608,0.0,1,1,,,,,5.747275867139679,7931.024965143311,0.94244342027869,0.05755657972130997,0.3499999999999999,12114.7508174384,17841.972802,17841.972802,0.0,6,0,0.0,4,1,,,,,5.983624789777078,0.0,0.9343166027032948,0.06568339729670511,0.0,2,1,,,,,5.714379419768176,7825.9087141070095,0.9447022680089215,0.0552977319910784,0.35,3425.2159402935217,58440.163404,58440.163404,0.0,25,0,0.0,15,2,,,,,6.013810728168891,0.0,0.932334788798368,0.06766521120163198,0.0,10,2,,,,,5.788489586323645,7519.997625482415,0.9400295348593649,0.05997046514063506,0.35,104769.19482523076,179613.46665299998,179613.46665299998,0.0,71,1,0.0,50,4,,,,,6.14189737071034,0.0,0.9238321909889412,0.0761678090110588,0.0,21,4,,,,,5.812670703526607,7045.675613242776,0.9389711044558133,0.06102889554418653,0.35,207982.83381068043,151987.13001300002,151987.13001300002,0.0,529,2,0.0,284,16,,,,,6.264210750187734,0.0,0.9156382791015736,0.08436172089842658,0.0,245,16,,,,,6.021352965607097,6554.376088575525,0.9245818464154444,0.0754181535845556,0.35,207982.83381068043,151987.13001300002,151987.13001300002,0.0,529,2,0.0,284,16,,,,,6.264210750187734,0.0,0.9156382791015736,0.08436172089842658,0.0,245,16,,,,,6.021352965607097,6554.376088575525,0.9245818464154444,0.0754181535845556,0.35
576,CAKE,0.0,0.0,0.0,,0,0,0,0,0,15d,bearish,-203603.3615630289,529,,,,,,,4.401439566206422,5055.338845543043,0.9175597492571055,0.08244025074289461,1.1184900585598168,,-673.5515978267906,-364.407529999992,-364.407529999992,0.0,2,0,0.0,0,0,,,,,,,,,,2,1,,,,,3.3825332845701293,5861.266821886152,0.977495556051314,0.022504443948685997,1.35,-775.33646336639,4290.490200000009,4290.490200000009,0.0,6,0,0.0,2,1,,,,,3.000000000000001,0.0,1.0,0.0,1.0241657174757302,4,1,,,,,3.401696934978331,5861.142093673427,0.9763682846132491,0.023631715386750938,1.35,49354.5834661156,20379.461105000002,20379.461105000002,0.0,25,0,0.0,18,2,,,,,3.0,0.0,1.0,0.0,1.4428408458301762,7,2,,,,,3.4416948252423643,5379.658884717349,0.974015618624504,0.025984381375495965,1.3500000000000003,39046.49486902724,27760.321425000002,27760.321425000002,0.0,71,1,0.0,42,4,,,,,3.8689815442204427,0.0,0.948883438575268,0.05111656142473193,0.9700962546517382,29,4,,,,,4.06631091726054,4231.642732443012,0.9372738599725892,0.06272614002741071,1.3499999999999999,-203603.3615630289,-120809.458615,-120809.458615,0.0,529,2,0.0,262,16,,,,,4.628098219154492,0.0,0.9042295165203238,0.09577048347967605,0.6809689675265567,267,16,,,,,4.401439566206422,5055.338845543043,0.9175597492571055,0.08244025074289461,1.1184900585598168,-203603.3615630289,-120809.458615,-120809.458615,0.0,529,2,0.0,262,16,,,,,4.628098219154492,0.0,0.9042295165203238,0.09577048347967605,0.6809689675265567,267,16,,,,,4.401439566206422,5055.338845543043,0.9175597492571055,0.08244025074289461,1.1184900585598168
576,UMON,0.0,0.0,0.0,,0,0,0,0,0,15d,bullish,203265.8809520535,132,,,,,,,0.0,0.0,0.0,0.0,0.0,,,,,,,,,,,,,,,,,,,,,,,,,,,,,,,19.3532926242487,39.09756085706808,0.0,39.09756085706808,1,0,1.0,1,1,,,,,0.0,0.0,0.0,0.0,0.0,0,0,,,,,,,,,,552.4618032916933,425.40807583347714,0.0,425.40807583347714,2,0,1.0,2,2,,,,,0.0,0.0,0.0,0.0,0.0,0,0,,,,,,,,,,6182.622073747619,6661.741438955332,0.0,6661.741438955332,8,0,1.0,6,4,,,,,0.0,0.0,0.0,0.0,0.0,2,1,,,,,0.0,0.0,0.0,0.0,0.0,203265.8809520535,335600.5321322602,0.0,335600.5321322602,132,1,1.0,60,15,1,1.0,1.0,1.0,0.0,0.0,0.0,0.0,0.0,72,11,,,,,0.0,0.0,0.0,0.0,0.0,203265.8809520535,335600.5321322602,0.0,335600.5321322602,132,1,1.0,60,15,1,1.0,1.0,1.0,0.0,0.0,0.0,0.0,0.0,72,11,,,,,0.0,0.0,0.0,0.0,0.0
576,AAVE,0.0,0.0,0.0,,0,0,0,0,0,24h,bearish,-198177.63581465726,25,,,,,,,9.570936794243849,490.80487517399513,0.052052081830317655,0.9479479181696824,-0.9,,-81963.8381669225,-135917.293835,-135917.293835,0.0,2,0,0.0,0,0,,,,,,,,,,2,1,,,,,9.569100181660698,478.19704451015,0.05179725657426326,0.9482027434257371,-0.9000000000000001,-157050.33886871798,-235998.12023999955,-235998.12023999955,0.0,6,0,0.0,1,1,,,,,9.971392185324031,84.6003212295794,0.005005204242392041,0.9949947957576079,-0.9,5,1,,,,,9.570016857893078,478.69651316220194,0.051786928785744646,0.9482130712142556,-0.9,-198177.63581465726,-39828.584594999775,-39828.584594999775,0.0,25,0,0.0,9,2,,,,,9.963809013050277,83.64336168678582,0.006283071733071941,0.9937169282669279,-0.9000000000000001,16,2,,,,,9.570936794243849,490.80487517399513,0.052052081830317655,0.9479479181696824,-0.9,-147653.51810366462,2170121.75185,2170121.75185,0.0,71,1,0.0,27,4,1,1.0,1.0,0.0,9.956532347123384,83.90869324215465,0.007054794249457573,0.9929452057505423,-0.9,44,4,,,,,9.567036851045723,484.55083849524647,0.05246327128568883,0.9475367287143113,-0.9000000000000001,-196955.08366250087,-1053392.4772050004,-1053392.4772050004,0.0,529,2,0.0,248,16,1,1.0,1.0,0.0,9.948828439065197,78.25521417878356,0.008106603469261918,0.9918933965307379,-0.9,281,16,,,,,9.594119273029722,475.48529099084493,0.05280489152654748,0.9471951084734526,-0.8999999999999999,-196955.08366250087,-1053392.4772050004,-1053392.4772050004,0.0,529,2,0.0,248,16,1,1.0,1.0,0.0,9.948828439065197,78.25521417878356,0.008106603469261918,0.9918933965307379,-0.9,281,16,,,,,9.594119273029722,475.48529099084493,0.05280489152654748,0.9471951084734526,-0.8999999999999999
576,MANTA,0.0,0.0,0.0,,0,0,0,0,0,15d,bearish,-197582.1429416004,529,,,,,,,4.416141472971724,8068.349517422756,0.916697560413428,0.083302439586572,1.1468624965499148,,-3492.603903271345,3.836375999998495,3.836375999998495,0.0,2,0,0.0,1,1,,,,,12.929951224757325,0.0,0.4158852220730985,0.5841147779269015,-1.2000000000000002,1,1,,,,,4.218313034637674,12148.128213340377,0.9283345273742544,0.07166547262574556,1.35,-3892.828688347795,-1250.9891029999976,-1250.9891029999976,0.0,6,0,0.0,2,1,,,,,10.881801874848495,0.0,0.5363645955971473,0.4636354044028526,-1.2000000000000002,4,1,,,,,4.272124158478145,12083.843584856728,0.9251691671483444,0.07483083285165561,1.35,-4096.990832638864,-2593.790634999999,-2593.790634999999,0.0,25,0,0.0,12,2,,,,,14.18380780576605,0.0,0.34212895260199694,0.657871047398003,-1.6126521125709292,13,2,,,,,4.319764249712312,11554.468123559791,0.9223668088404521,0.07763319115954778,1.35,6539.869316631138,1676.4097170000057,1676.4097170000057,0.0,71,1,0.0,40,4,,,,,15.78011462197271,0.0,0.24822855164866411,0.7517714483513359,-1.7423322993040662,31,4,,,,,4.543730381984301,11251.394246721715,0.9091923304715116,0.09080766952848832,1.2510300631692604,-197582.1429416004,-144623.127256,-144623.127256,0.0,529,2,0.0,275,16,,,,,10.235540484669142,0.014629899386192208,0.5743799714900504,0.42562002850994957,-0.6486919223411837,254,16,,,,,4.416141472971724,8068.349517422756,0.916697560413428,0.083302439586572,1.1468624965499148,-197582.1429416004,-144623.127256,-144623.127256,0.0,529,2,0.0,275,16,,,,,10.235540484669142,0.014629899386192208,0.5743799714900504,0.42562002850994957,-0.6486919223411837,254,16,,,,,4.416141472971724,8068.349517422756,0.916697560413428,0.083302439586572,1.1468624965499148
576,SEI,0.0,0.0,0.0,,0,0,0,0,0,15d,bearish,-196958.76073813933,529,,,,,,,5.147864302016422,15680.747077740723,0.9879174891562162,0.012082510843783683,0.630165414480655,,-327.1588504288,-2332.483164,-2332.483164,0.0,2,0,0.0,1,1,,,,,7.843667803523044,0.0,0.8079169290801552,0.1920830709198449,0.0,1,1,,,,,5.610621601030842,14224.870816315335,0.9592918932646104,0.04070810673538954,0.35,706.254433281759,-12775.805278,-12775.805278,0.0,6,0,0.0,3,1,,,,,8.020241929113045,0.0,0.7962325237608957,0.20376747623910435,0.0,3,1,,,,,5.485785197753674,14475.943224887922,0.9675690379363168,0.03243096206368327,0.3499999999999999,29651.582824108555,25372.691231,25372.691231,0.0,25,0,0.0,12,2,,,,,8.297713818913566,0.0,0.7788658051406601,0.22113419485934016,0.0,13,2,,,,,5.520378435245325,15090.415416336613,0.9637578422314995,0.03624215776850044,0.35,-10259.326211334761,-18143.031922,-18143.031922,0.0,71,1,0.0,33,4,,,,,7.79241450678375,0.0,0.813025250277975,0.18697474972202505,0.0,38,4,,,,,5.5315890902195255,15096.482123171416,0.9630001316405677,0.03699986835943224,0.35,-196958.76073813933,-83414.920109,-83414.920109,0.0,529,2,0.0,248,16,,,,,5.993708805409036,0.0,0.9301129075367938,0.06988709246320629,0.04774047984559145,281,16,,,,,5.147864302016422,15680.747077740723,0.9879174891562162,0.012082510843783683,0.630165414480655,-196958.76073813933,-83414.920109,-83414.920109,0.0,529,2,0.0,248,16,,,,,5.993708805409036,0.0,0.9301129075367938,0.06988709246320629,0.04774047984559145,281,16,,,,,5.147864302016422,15680.747077740723,0.9879174891562162,0.012082510843783683,0.630165414480655
576,DOT,0.0,0.0,0.0,,0,0,0,0,0,15d,bearish,-196720.5691388722,529,,,,,,,9.78956878990451,4899.860614330793,0.03489268300818545,0.9651073169918145,-0.9,,3099.2153557836373,6851.165647999993,6851.165647999993,0.0,2,0,0.0,2,1,,,,,10.001256790514104,0.0,0.0020862299995604585,0.9979137700004397,-1.4877569694417858,0,0,,,,,,,,,,-15109.2382859251,-37368.18863399996,-37368.18863399996,0.0,6,0,0.0,4,1,,,,,10.024967611198635,0.0,0.0019889199862191047,0.9980110800137808,-1.696127819579938,2,1,,,,,9.761040028134943,5771.866418554203,0.03151703167011816,0.9684829683298818,-0.9,-22230.678598307204,-55296.575707999975,-55296.575707999975,0.0,25,0,0.0,12,2,,,,,10.026304502149182,0.0,0.002356353494830182,0.9976436465051698,-1.7573586131035754,13,2,,,,,9.79510663562821,5663.680590063758,0.03199456821761904,0.9680054317823809,-0.9,-69110.50547344868,-215789.74711199995,-215789.74711199995,0.0,71,1,0.0,32,4,,,,,10.0262596239394,0.0,0.0021808724692516657,0.9978191275307483,-1.7334774493776612,39,4,,,,,9.797816769637125,5320.897493845447,0.03319619298871691,0.9668038070112831,-0.8999999999999999,-196720.5691388722,-309898.929052,-309898.929052,0.0,529,2,0.0,281,16,,,,,10.018944346044856,0.0,0.004519845466636503,0.9954801545333634,-1.6247428259736736,248,16,,,,,9.78956878990451,4899.860614330793,0.03489268300818545,0.9651073169918145,-0.9,-196720.5691388722,-309898.929052,-309898.929052,0.0,529,2,0.0,281,16,,,,,10.018944346044856,0.0,0.004519845466636503,0.9954801545333634,-1.6247428259736736,248,16,,,,,9.78956878990451,4899.860614330793,0.03489268300818545,0.9651073169918145,-0.9
576,TRX,0.0,0.0,0.0,,0,0,0,0,0,72h,bullish,194913.0094484384,71,,,,,,,9.963034134121441,0.3727928353001675,0.010412998014214936,0.989587001985785,-1.4124796262386807,,-3702.7146149930004,7020.219005000001,7020.219005000001,0.0,2,0,0.0,1,1,,,,,9.924231651683824,0.0,0.013538032676438671,0.9864619673235613,-1.2500000000000002,1,1,,,,,9.932610487806892,996.4435301996873,0.009848166499003125,0.9901518335009968,-0.9,68222.78085534065,40940.674655,40940.674655,0.0,6,0,0.0,4,1,,,,,9.928054442252384,0.0,0.013705046292004294,0.9862949537079956,-1.2500000000000002,2,1,,,,,9.935588574999546,995.3965514045985,0.00958020856738763,0.9904197914326123,-0.9,120746.36790356821,316252.79263,316252.79263,0.0,25,0,0.0,18,2,,,,,9.938351802716731,0.7587721243472745,0.013715456308719145,0.9862845436912808,-1.4009276200095746,7,2,,,,,9.85024332553806,994.784121930678,0.021669618684455147,0.978330381315545,-0.9,194913.0094484384,445667.893285,445667.893285,0.0,71,1,0.0,42,4,,,,,9.963034134121441,0.3727928353001675,0.010412998014214936,0.989587001985785,-1.4124796262386807,29,4,,,,,9.839431699951227,924.4894522800943,0.023464881722679333,0.9765351182773208,-0.9000000000000001,-55741.30902514678,-1055186.85175,-1055186.85175,0.0,529,2,0.0,281,16,,,,,9.97299906000685,24.35018829924944,0.010553042790152907,0.989446957209847,-1.326413887796018,248,16,,,,,9.866874010944256,1237.6635310560862,0.02140806279596045,0.9785919372040396,-0.9,-55741.30902514678,-1055186.85175,-1055186.85175,0.0,529,2,0.0,281,16,,,,,9.97299906000685,24.35018829924944,0.010553042790152907,0.989446957209847,-1.326413887796018,248,16,,,,,9.866874010944256,1237.6635310560862,0.02140806279596045,0.9785919372040396,-0.9
576,MEGA,0.0,0.0,0.0,,0,0,0,0,0,15d,bearish,-194877.00792565595,529,,,,,,,3.098121725138613,2455.4747226087784,0.9848688681747442,0.01513113182525587,1.4891098211272182,,-4481.111586182278,-4746.590070000001,-4746.590070000001,0.0,2,0,0.0,0,0,,,,,,,,,,2,1,,,,,3.0905359522918228,2697.3960155257437,0.9860199904485235,0.013980009551476349,1.35,-25033.03866742989,-12271.744536,-12271.744536,0.0,6,0,0.0,1,1,,,,,4.491054998780702,63.93924873766717,0.9011116002494122,0.0988883997505878,1.3500000000000003,5,1,,,,,3.0985271321413514,2708.4183154106386,0.9855334641942649,0.014466535805735202,1.35,61110.98504119376,30528.936906999996,30528.936906999996,0.0,25,0,0.0,12,2,,,,,4.526955855049831,64.51954239129844,0.899092245459569,0.10090775454043102,1.35,13,2,,,,,3.1033560118425005,2797.562723335332,0.9852995703335434,0.01470042966645667,1.3500000000000003,16338.168937073287,-9157.96461,-9157.96461,0.0,71,1,0.0,33,4,,,,,4.41758498897076,63.99892979489686,0.9055417223525394,0.09445827764746059,1.35,38,4,,,,,3.069412403001218,2708.6531039631373,0.9873702317065385,0.012629768293461695,1.3500000000000003,-194877.00792565595,-84617.40654300003,-84617.40654300003,0.0,529,2,0.0,242,16,,,,,4.398887293430007,54.84917926901971,0.9075524348596491,0.09244756514035084,1.0282792648989545,287,16,,,,,3.098121725138613,2455.4747226087784,0.9848688681747442,0.01513113182525587,1.4891098211272182,-194877.00792565595,-84617.40654300003,-84617.40654300003,0.0,529,2,0.0,242,16,,,,,4.398887293430007,54.84917926901971,0.9075524348596491,0.09244756514035084,1.0282792648989545,287,16,,,,,3.098121725138613,2455.4747226087784,0.9848688681747442,0.01513113182525587,1.4891098211272182
576,MORPHO,0.0,0.0,0.0,,0,0,0,0,0,72h,bullish,192135.14857703776,71,,,,,,,4.926681149962089,22.154974351794415,0.9936715779200492,0.006328422079950628,0.960639537392011,,-12949.636200254206,-16919.035915000008,-16919.035915000008,0.0,2,0,0.0,1,1,,,,,4.887262416582162,0.0,0.9946618017361136,0.005338198263886106,1.0,1,1,,,,,5.049817963080643,4850.139854323551,0.993690247477637,0.006309752522363053,0.35,1810.7656776628066,-9965.228479999989,-9965.228479999989,0.0,6,0,0.0,5,1,,,,,4.921988497646373,0.0,0.992098372813089,0.007901627186911018,0.8519544139361089,1,1,,,,,5.049817963080643,4850.139854323551,0.993690247477637,0.006309752522363053,0.35,3775.822275456806,80440.22618499999,80440.22618499999,0.0,25,0,0.0,16,2,,,,,4.9443729599680495,10.195389723994452,0.9911987295402038,0.00880127045979639,0.6691827834996462,9,2,,,,,4.981141310753855,4676.370933419499,0.9978134562179153,0.002186543782084686,1.1101813188892387,192135.14857703776,169400.38610499995,169400.38610499995,0.0,71,1,0.0,37,4,,,,,4.926681149962089,22.154974351794415,0.9936715779200492,0.006328422079950628,0.960639537392011,34,4,,,,,5.068099205691459,4189.744064880294,0.99206092890229,0.007939071097710082,0.5746908691619363,-23494.710168035206,74670.5573800002,74670.5573800002,0.0,529,2,0.0,270,16,,,,,5.24261451507699,24.971539870381005,0.9672490575390775,0.03275094246092259,0.6006701799476597,259,16,,,,,5.159836880631464,4575.553238299015,0.9850703891226675,0.014929610877332423,0.43637326793066117,-23494.710168035206,74670.5573800002,74670.5573800002,0.0,529,2,0.0,270,16,,,,,5.24261451507699,24.971539870381005,0.9672490575390775,0.03275094246092259,0.6006701799476597,259,16,,,,,5.159836880631464,4575.553238299015,0.9850703891226675,0.014929610877332423,0.43637326793066117
576,BERA,0.0,0.0,0.0,,0,0,0,0,0,15d,bearish,-186977.9096481063,529,,,,,,,5.774104232971038,6966.372386850943,0.9400909759246798,0.05990902407532022,0.38161911019935973,,-699.3930181184003,-302.54632000000106,-302.54632000000106,0.0,2,0,0.0,1,1,,,,,9.57282402864737,0.0,0.695145064756842,0.304854935243158,0.0,1,1,,,,,5.972112010038748,6951.121123799861,0.9255716247810125,0.07442837521898774,0.35,16480.79857684042,-1201.5550819999871,-1201.5550819999871,0.0,6,0,0.0,5,1,,,,,9.54326258812135,0.0,0.6968614644519187,0.30313853554808134,0.0,1,1,,,,,5.972112010038748,6951.121123799861,0.9255716247810125,0.07442837521898774,0.35,-1469.185213606655,-14457.669981999985,-14457.669981999985,0.0,25,0,0.0,12,2,,,,,9.535107119182229,0.0,0.6974411579741446,0.3025588420258555,0.0,13,2,,,,,6.027078232116115,7032.411565239392,0.9214874719910114,0.07851252800898859,0.35,25079.3843017514,7889.093658999995,7889.093658999995,0.0,71,1,0.0,38,4,,,,,9.691641534371813,0.0,0.6870600916881907,0.3129399083118093,-0.11304737506539778,33,4,,,,,5.992847273656147,7095.392664694974,0.9242507193519208,0.07574928064807933,0.35,-186977.9096481063,-77922.14351099989,-77922.14351099989,0.0,529,2,0.0,265,16,,,,,9.093924629363253,0.0,0.7266203931894784,0.27337960681052165,-0.40598543425872546,264,16,,,,,5.774104232971038,6966.372386850943,0.9400909759246798,0.05990902407532022,0.38161911019935973,-186977.9096481063,-77922.14351099989,-77922.14351099989,0.0,529,2,0.0,265,16,,,,,9.093924629363253,0.0,0.7266203931894784,0.27337960681052165,-0.40598543425872546,264,16,,,,,5.774104232971038,6966.372386850943,0.9400909759246798,0.05990902407532022,0.38161911019935973
576,KAITO,0.0,0.0,0.0,,0,0,0,0,0,15d,bearish,-179802.04564779633,529,,,,,,,4.442738065082641,6891.1204701230745,0.9801995686979146,0.01980043130208536,1.0104131068483966,,-8441.6445924,-2909.6786700000002,-2909.6786700000002,0.0,2,0,0.0,0,0,,,,,,,,,,2,1,,,,,5.481711411673351,8503.49269511156,0.9659900646668489,0.03400993533315116,0.35,-12665.569836014602,1264.432445,1264.432445,0.0,6,0,0.0,2,1,,,,,5.257585435163933,17.173257519073985,0.982827362547879,0.01717263745212122,0.0,4,1,,,,,5.505557473467239,8539.324406016836,0.964394658408119,0.03560534159188114,0.35000000000000003,-100531.94258973424,-41061.628390000034,-41061.628390000034,0.0,25,0,0.0,14,2,,,,,5.2574911269993265,16.153447836372244,0.9828332453637959,0.01716675463620403,0.0,11,2,,,,,5.874318359379439,7891.2808020706725,0.9396191447696524,0.060380855230347454,0.3499999999999999,-42286.015130788255,8933.262559999965,8933.262559999965,0.0,71,1,0.0,33,4,,,,,5.165355517105184,15.232953775863955,0.9889758771360877,0.011024122863912326,0.051613011422488836,38,4,,,,,5.738534449861494,8739.235504956794,0.9483970719349365,0.051602928065063426,0.35000000000000003,-179802.04564779633,-81283.96648999998,-81283.96648999998,0.0,529,2,0.0,262,16,1,1.0,1.0,0.0,5.084955260666611,11.41653938333979,0.9943360148704491,0.005663985129550919,0.21328444039315428,267,16,,,,,4.442738065082641,6891.1204701230745,0.9801995686979146,0.01980043130208536,1.0104131068483966,-179802.04564779633,-81283.96648999998,-81283.96648999998,0.0,529,2,0.0,262,16,1,1.0,1.0,0.0,5.084955260666611,11.41653938333979,0.9943360148704491,0.005663985129550919,0.21328444039315428,267,16,,,,,4.442738065082641,6891.1204701230745,0.9801995686979146,0.01980043130208536,1.0104131068483966
576,CFX,0.0,0.0,0.0,,0,0,0,0,0,15d,bearish,-175009.129713574,529,,,,,,,5.4076631298790305,3196.5822196489717,0.9713366094601911,0.028663390539809,0.35,,4712.451299265001,3182.93143,3182.93143,0.0,2,0,0.0,2,1,,,,,20.0,0.0,0.0,1.0,-2.2,0,0,,,,,,,,,,9789.378370677601,3897.4692110000005,3897.4692110000005,0.0,6,0,0.0,5,1,,,,,20.000000000000004,0.0,0.0,1.0,-2.2,1,1,,,,,5.263358018334953,2735.233370324971,0.9811807036230372,0.018819296376962842,0.35,20319.861730870198,8808.457241,8808.457241,0.0,25,0,0.0,18,2,,,,,20.0,0.0,0.0,1.0,-2.2,7,2,,,,,5.27749210134685,2725.960118059518,0.9802371661168833,0.019762833883116827,0.35,5732.772320172003,4174.418477999998,4174.418477999998,0.0,71,1,0.0,39,4,,,,,18.081565473982337,0.0,0.0,0.9040782736991169,-2.0033604610831897,32,4,,,,,5.292052847086303,2608.325104174512,0.979257445737734,0.02074255426226595,0.35,-175009.129713574,-135624.061106,-135624.061106,0.0,529,2,0.0,236,16,,,,,5.737202499394991,0.0,0.15634595602273701,0.24777363596406532,-0.4828629750807774,293,16,,,,,5.4076631298790305,3196.5822196489717,0.9713366094601911,0.028663390539809,0.35,-175009.129713574,-135624.061106,-135624.061106,0.0,529,2,0.0,236,16,,,,,5.737202499394991,0.0,0.15634595602273701,0.24777363596406532,-0.4828629750807774,293,16,,,,,5.4076631298790305,3196.5822196489717,0.9713366094601911,0.028663390539809,0.35
576,MET,0.0,0.0,0.0,,0,0,0,0,0,72h,bearish,-169034.81356458954,71,,,,,,,3.511716163225028,5526.449144708133,0.9698990492220569,0.03010095077794283,1.35,,12627.489951753596,2869.586010000001,2869.586010000001,0.0,2,0,0.0,2,1,,,,,3.2330464236339562,33.75185482759091,0.8130759555125163,0.18692404448748348,1.0,0,0,,,,,,,,,,18842.302435971596,9797.342875000002,9797.342875000002,0.0,6,0,0.0,4,1,,,,,3.262004325022428,33.92125836743487,0.8103846424503853,0.18961535754961456,1.0,2,1,,,,,3.5974611589291565,5316.339044026859,0.9648552259453439,0.03514477405465618,1.35,-94768.73191867612,41227.55249,41227.55249,0.0,25,0,0.0,9,2,,,,,3.2271538618365176,35.37745374302456,0.9237023734668185,0.07629762653318134,1.0,16,2,,,,,3.506164382407307,5409.628016822673,0.970225624564276,0.029774375435723963,1.35,-169034.81356458954,17516.063455,17516.063455,0.0,71,1,0.0,39,4,,,,,3.236784880853773,36.359754252977076,0.9494292098176162,0.050570790182383765,1.0,32,4,,,,,3.511716163225028,5526.449144708133,0.9698990492220569,0.03010095077794283,1.35,-92479.70311518865,268880.93588999996,268880.93588999996,0.0,529,2,0.0,262,16,,,,,3.419171894787802,42.92291542448071,0.9566069636891803,0.04339303631081977,1.3227584291362953,267,16,,,,,3.513606524083957,4590.977249976201,0.9625380369871595,0.037461963012840556,1.35,-92479.70311518865,268880.93588999996,268880.93588999996,0.0,529,2,0.0,262,16,,,,,3.419171894787802,42.92291542448071,0.9566069636891803,0.04339303631081977,1.3227584291362953,267,16,,,,,3.513606524083957,4590.977249976201,0.9625380369871595,0.037461963012840556,1.35
576,APE,0.0,0.0,0.0,,0,0,0,0,0,15d,bullish,160335.76476413896,529,,,,,,,7.1331860398080185,1.6012635287450068,0.8558759006606588,0.1441240993393412,0.09834818057332174,,9485.322189775012,12218.42080300001,12218.42080300001,0.0,2,0,0.0,2,1,,,,,7.937913202482412,0.0,0.8024283079753766,0.19757169202462357,0.0,0,0,,,,,,,,,,24582.340337339498,21332.18140300002,21332.18140300002,0.0,6,0,0.0,5,1,,,,,7.255118764256214,0.0,0.8471000829405505,0.1528999170594494,0.0,1,1,,,,,5.005590523615673,17554.292204908634,0.9983553757210246,0.0016446242789752443,0.35,88615.32110768337,19840.707776,19840.707776,0.0,25,0,0.0,18,2,,,,,7.0162310400765415,0.0,0.8631138896704769,0.13688611032952325,0.0,7,2,,,,,5.069942425314906,17449.409998616284,0.9938368101039119,0.0061631898960882074,0.7960515604310825,68770.13699518576,-10131.564796999999,-10131.564796999999,0.0,71,1,0.0,38,4,,,,,6.4744550316901766,0.0,0.8997050016857899,0.10029499831421014,0.031469680075296366,33,4,,,,,5.209978370134453,17591.783666223604,0.9846443642643454,0.015355635735654603,0.47975603056970323,160335.76476413896,8073.295343999998,8073.295343999998,0.0,529,2,0.0,274,16,,,,,7.1331860398080185,1.6012635287450068,0.8558759006606588,0.1441240993393412,0.09834818057332174,255,16,,,,,5.239493891614008,18433.179173450386,0.9793082470231412,0.020691752976858692,0.7001568062539161,160335.76476413896,8073.295343999998,8073.295343999998,0.0,529,2,0.0,274,16,,,,,7.1331860398080185,1.6012635287450068,0.8558759006606588,0.1441240993393412,0.09834818057332174,255,16,,,,,5.239493891614008,18433.179173450386,0.9793082470231412,0.020691752976858692,0.7001568062539161
576,APT,0.0,0.0,0.0,,0,0,0,0,0,15d,bearish,-151046.31903503733,529,,,,,,,9.863923859284018,6066.284019376536,0.05923096383927374,0.9407690361607263,-0.9957114208380596,,1042.1184355137038,-11141.8956,-11141.8956,0.0,2,0,0.0,1,1,,,,,10.189364230039171,11.992895104427744,0.010807187060969205,0.9891928129390307,-1.8000000000000003,1,1,,,,,9.68248394587848,5962.136544495724,0.07545504058123446,0.9245449594187657,-0.9,-30672.26287429009,-67576.27135399998,-67576.27135399998,0.0,6,0,0.0,3,1,,,,,10.2480359244144,11.527924713167566,0.011151967170368418,0.9888480328296316,-1.8000000000000003,3,1,,,,,9.69917853911817,5740.1990888023565,0.07571588984088838,0.9242841101591116,-0.9000000000000001,-24400.29612309724,-28350.56677599996,-28350.56677599996,0.0,25,0,0.0,17,2,,,,,10.224966614342016,11.877695162601182,0.011729205431561732,0.9882707945684382,-1.9243951709960376,8,2,,,,,9.681745049374285,6049.001172466725,0.07647863256696168,0.923521367433038,-0.8999999999999999,-57303.96676595565,-18030.47460299995,-18030.47460299995,0.0,71,1,0.0,35,4,,,,,10.287695850151458,11.597338734735594,0.013380807905570129,0.9866191920944299,-1.8857766441675938,36,4,,,,,9.701358131170196,6005.821871683654,0.07642470754789644,0.9235752924521036,-0.9000000000000001,-151046.31903503733,-263400.38160399994,-263400.38160399994,0.0,529,2,0.0,268,16,,,,,10.230867291392098,11.655236015641169,0.032760672150264854,0.967239327849735,-1.7247496532281923,261,16,,,,,9.863923859284018,6066.284019376536,0.05923096383927374,0.9407690361607263,-0.9957114208380596,-151046.31903503733,-263400.38160399994,-263400.38160399994,0.0,529,2,0.0,268,16,,,,,10.230867291392098,11.655236015641169,0.032760672150264854,0.967239327849735,-1.7247496532281923,261,16,,,,,9.863923859284018,6066.284019376536,0.05923096383927374,0.9407690361607263,-0.9957114208380596
576,ICP,0.0,0.0,0.0,,0,0,0,0,0,72h,bullish,147207.4043657472,71,,,,,,,7.698504922802788,6.849452470738426,0.8035778310951579,0.19642216890484196,-0.11662822880126482,,4802.9342482469965,13489.719989999996,13489.719989999996,0.0,2,0,0.0,1,1,,,,,8.045156002960297,0.0,0.7961757289473077,0.2038242710526923,0.0,1,1,,,,,5.679888959756822,8631.9600353569,0.9351196344221895,0.06488036557781052,0.35,-4348.041083992598,616.8895600000029,616.8895600000029,0.0,6,0,0.0,4,1,,,,,7.961398724908211,0.0,0.8019218890694447,0.1980781109305553,0.0,2,1,,,,,5.711024384805779,8755.075333188282,0.9328981372823285,0.06710186271767143,0.35000000000000003,122731.16949424079,62560.00966499999,62560.00966499999,0.0,25,0,0.0,18,2,,,,,8.09016655219495,0.6755889468055051,0.793617379672436,0.20638262032756396,-0.0012465150935260679,7,2,,,,,5.62990701499026,8666.484517236864,0.9383196482875669,0.061680351712433024,0.35,147207.4043657472,98574.94748499998,98574.94748499998,0.0,71,1,0.0,44,4,,,,,7.698504922802788,6.849452470738426,0.8035778310951579,0.19642216890484196,-0.11662822880126482,27,4,,,,,5.5789236306196015,6829.843056476315,0.9446302209676098,0.05536977903239025,0.35,36342.89932256538,3570.2498149999283,3570.2498149999283,0.0,529,2,0.0,273,16,,,,,7.453559479192369,12.105246777234159,0.7963744426657607,0.20362555733423918,-0.2894691127826131,256,16,,,,,5.801601283159145,7008.21503263693,0.9298959436466819,0.070104056353318,0.35,36342.89932256538,3570.2498149999283,3570.2498149999283,0.0,529,2,0.0,273,16,,,,,7.453559479192369,12.105246777234159,0.7963744426657607,0.20362555733423918,-0.2894691127826131,256,16,,,,,5.801601283159145,7008.21503263693,0.9298959436466819,0.070104056353318,0.35
576,ZK,0.0,0.0,0.0,,0,0,0,0,0,15d,bearish,-144253.81071984442,529,,,,,,,6.37727888489014,8968.268728617093,0.9078374181213926,0.0921625818786074,0.35,,-2376.1880502216,1209.4094419999992,1209.4094419999992,0.0,2,0,0.0,1,1,,,,,8.316967790939673,0.0,0.7786236983328656,0.2213763016671341,0.0,1,1,,,,,7.0126644771556785,9121.538859740702,0.8654088270316709,0.1345911729683289,0.35,-901.4186544744812,-3139.7812570000024,-3139.7812570000024,0.0,6,0,0.0,3,1,,,,,7.936773868448886,0.0,0.8039680084282571,0.19603199157174273,0.0,3,1,,,,,7.057433310839228,9048.30049124872,0.8624244064678501,0.13757559353214993,0.35,6321.466955370119,2404.950582999997,2404.950582999997,0.0,25,0,0.0,17,2,,,,,7.977956543145099,0.0,0.8012190941150203,0.19878090588497957,0.0,8,2,,,,,7.047541366571519,9231.829691999947,0.8628763721118213,0.1371236278881785,0.3499999999999999,-6631.833278928484,-32.65273600000231,-32.65273600000231,0.0,71,1,0.0,42,4,,,,,8.180572951640864,0.0,0.7877048480271436,0.2122951519728563,0.0,29,4,,,,,7.153045605649986,8775.770589649623,0.8557886580325962,0.14421134196740382,0.35,-144253.81071984442,-46873.933461,-46873.933461,0.0,529,2,0.0,234,16,,,,,6.3484718721399975,0.0,0.9076705425057379,0.09232945749426216,0.028256629518032494,295,16,,,,,6.37727888489014,8968.268728617093,0.9078374181213926,0.0921625818786074,0.35,-144253.81071984442,-46873.933461,-46873.933461,0.0,529,2,0.0,234,16,,,,,6.3484718721399975,0.0,0.9076705425057379,0.09232945749426216,0.028256629518032494,295,16,,,,,6.37727888489014,8968.268728617093,0.9078374181213926,0.0921625818786074,0.35
576,SNX,0.0,0.0,0.0,,0,0,0,0,0,15d,bullish,143248.09743816106,529,,,,,,,3.87564350313589,0.0,0.9452628897171521,0.05473711028284793,1.0028687109193004,,1844.441617894453,-1014.0630270000116,-1014.0630270000116,0.0,2,0,0.0,1,1,,,,,3.150079621228764,0.0,0.9887099506119071,0.011290049388092893,1.0,1,1,,,,,2.999999999999999,13732.434434816187,1.0,0.0,1.7999999999999996,5667.436013277462,-2796.0382200000163,-2796.0382200000163,0.0,6,0,0.0,3,1,,,,,3.4101521365283527,0.0,0.9734130389295507,0.02658696107044945,1.0,3,1,,,,,2.9999999999999996,13658.67388890331,1.0,0.0,1.7999999999999998,63279.07134831605,-4151.032872,-4151.032872,0.0,25,0,0.0,13,2,,,,,3.81244416275516,0.0,0.9496338990253674,0.05036610097463278,1.0,12,2,,,,,3.2770998654053636,31944.405161043524,0.9837000079173315,0.01629999208266846,1.6061808546185123,57108.263550902244,-20544.73253000002,-20544.73253000002,0.0,71,1,0.0,42,4,,,,,3.811340911622861,0.0,0.9496556807538497,0.05034431924615037,1.0091215062630032,29,4,,,,,3.3339771948738814,39649.85068561189,0.9803542826544778,0.01964571734552243,1.631871919851257,143248.09743816106,109845.80097199997,109845.80097199997,0.0,529,2,0.0,286,16,,,,,3.87564350313589,0.0,0.9452628897171521,0.05473711028284793,1.0028687109193004,243,16,,,,,4.028812921215855,40596.96997459985,0.9394815928696557,0.0605184071303444,1.3209199585362896,143248.09743816106,109845.80097199997,109845.80097199997,0.0,529,2,0.0,286,16,,,,,3.87564350313589,0.0,0.9452628897171521,0.05473711028284793,1.0028687109193004,243,16,,,,,4.028812921215855,40596.96997459985,0.9394815928696557,0.0605184071303444,1.3209199585362896
576,RUNE,0.0,0.0,0.0,,0,0,0,0,0,15d,bearish,-140118.50049037294,529,,,,,,,5.305443549915539,9674.012749707661,0.9744567598830648,0.02554324011693525,0.4612770679050167,,720.6861644412046,691.8619900000056,691.8619900000056,0.0,2,0,0.0,1,1,,,,,7.5450277042815515,0.0,0.8298116672519454,0.17018833274805434,0.0,1,1,,,,,5.431351387826473,9879.488122755773,0.9657892385117477,0.0342107614882523,0.35,-7763.642382705229,-2860.400240999986,-2860.400240999986,0.0,6,0,0.0,2,1,,,,,7.558648200856815,0.0,0.8289039840018568,0.17109601599814317,0.0,4,1,,,,,5.41112236618607,9963.096104773593,0.9671260824640853,0.03287391753591482,0.35000000000000003,-70849.61981905295,-43934.55658899998,-43934.55658899998,0.0,25,0,0.0,9,2,,,,,7.687218572090534,0.0,0.8203546104355787,0.17964538956442128,0.0,16,2,,,,,5.527538706738154,9705.959862483354,0.9604310756988433,0.039568924301156556,0.35,-73877.72427904476,-33005.361692999984,-33005.361692999984,0.0,71,1,0.0,34,4,,,,,7.387198411293352,0.0,0.8403836068503944,0.15961639314960555,0.0,37,4,,,,,5.5318608192214125,9484.460155404884,0.9603068543957549,0.03969314560424507,0.35000000000000003,-140118.50049037294,-76464.10443199998,-76464.10443199998,0.0,529,2,0.0,255,16,,,,,6.59334506163431,0.183519614758495,0.8928658995350104,0.10713410046498958,0.08115765969940585,274,16,,,,,5.305443549915539,9674.012749707661,0.9744567598830648,0.02554324011693525,0.4612770679050167,-140118.50049037294,-76464.10443199998,-76464.10443199998,0.0,529,2,0.0,255,16,,,,,6.59334506163431,0.183519614758495,0.8928658995350104,0.10713410046498958,0.08115765969940585,274,16,,,,,5.305443549915539,9674.012749707661,0.9744567598830648,0.02554324011693525,0.4612770679050167
576,kPEPE,0.0,0.0,0.0,,0,0,0,0,0,72h,bearish,-135996.0706590584,71,,,,,,,9.975590413540308,2342.7678375047717,0.0195933670059961,0.980406632994004,-1.1658232649999014,,17246.98239307496,18549.076133000002,18549.076133000002,0.0,2,0,0.0,2,1,,,,,10.244294071853009,0.0,0.058991593762452714,0.9410084062375476,-1.8000000000000003,0,0,,,,,,,,,,-9941.360301095177,4613.289370000003,4613.289370000003,0.0,6,0,0.0,3,1,,,,,10.090514202542103,0.0,0.08176469562741127,0.9182353043725887,-1.7999999999999998,3,1,,,,,10.047506203616352,2299.3853846157585,0.005877938514400813,0.9941220614855992,-1.4500000000000002,-66373.60616697476,934.8015249999436,934.8015249999436,0.0,25,0,0.0,13,2,,,,,10.130034125810333,0.0,0.08022904963572353,0.9197709503642763,-1.4568312684648324,12,2,,,,,9.941440563038485,2447.9388508101606,0.02709606825684502,0.9729039317431549,-1.072245089268035,-135996.0706590584,143593.77366199996,143593.77366199996,0.0,71,1,0.0,35,4,,,,,10.071019869523864,0.0,0.0766789863665433,0.9233210136334566,-1.513848094364357,36,4,,,,,9.975590413540308,2342.7678375047717,0.0195933670059961,0.980406632994004,-1.1658232649999014,-123754.00030089558,-1969948.5299829997,-1969948.5299829997,0.0,529,2,0.0,249,16,2,0.8104008026817084,1.0,0.0,9.665408657323148,10.346206107967042,0.12480501764101333,0.8751949823589867,-1.4175276832137913,280,16,,,,,9.545839450562298,2447.7793337848634,0.047772702750992345,0.9522272972490078,-0.9701945393188527,-123754.00030089558,-1969948.5299829997,-1969948.5299829997,0.0,529,2,0.0,249,16,2,0.8104008026817084,1.0,0.0,9.665408657323148,10.346206107967042,0.12480501764101333,0.8751949823589867,-1.4175276832137913,280,16,,,,,9.545839450562298,2447.7793337848634,0.047772702750992345,0.9522272972490078,-0.9701945393188527
576,STABLE,0.0,0.0,0.0,,0,0,0,0,0,72h,bearish,-133952.61607750168,71,,,,,,,3.9773642530448967,5071.601166417587,0.942507985115006,0.057492014884993926,1.3500000000000003,,831.9678149831999,-1682.5537260000003,-1682.5537260000003,0.0,2,0,0.0,2,1,,,,,3.785787689063873,85.89313324678133,0.9537771947609487,0.046222805239051354,1.35,0,0,,,,,,,,,,3619.977087345472,4706.628891999999,4706.628891999999,0.0,6,0,0.0,4,1,,,,,3.863985301765218,84.14591733193296,0.9491773351902812,0.05082266480971869,1.35,2,1,,,,,3.867361269503226,4984.388184289675,0.9489787488527514,0.05102125114724858,1.3499999999999999,-86452.9277596034,-41866.086224000006,-41866.086224000006,0.0,25,0,0.0,9,2,,,,,3.8258405291158075,84.05047838098102,0.9514211453461289,0.04857885465387101,1.35,16,2,,,,,3.9492600726803904,5055.119625592652,0.9441611721952713,0.055838827804728826,1.3500000000000003,-133952.61607750168,-75038.16172055132,-75338.266592,300.10487144868864,71,1,0.003967627351597736,30,4,,,,,3.711852232142192,86.57438133841492,0.9581263392857534,0.0418736607142466,1.35,41,4,,,,,3.9773642530448967,5071.601166417587,0.942507985115006,0.057492014884993926,1.3500000000000003,17503.2287109624,-88314.86692439285,-88506.90476,192.03783560715723,529,2,0.0021650521414070156,259,16,,,,,3.7940825632303814,46.07331744846581,0.9532892609864482,0.04671073901355185,1.1836551736067433,270,16,,,,,3.9714471882058446,5847.223797926002,0.9428560477525973,0.057143952247402624,1.35,17503.2287109624,-88314.86692439285,-88506.90476,192.03783560715723,529,2,0.0021650521414070156,259,16,,,,,3.7940825632303814,46.07331744846581,0.9532892609864482,0.04671073901355185,1.1836551736067433,270,16,,,,,3.9714471882058446,5847.223797926002,0.9428560477525973,0.057143952247402624,1.35
576,ATOM,0.0,0.0,0.0,,0,0,0,0,0,72h,bearish,-132012.35875104635,71,,,,,,,5.551424842379131,9222.504554432104,0.9632383438413914,0.03676165615860867,0.35000000000000003,,-41.62753737359395,-3043.5556540000007,-3043.5556540000007,0.0,2,0,0.0,1,1,,,,,5.4247691496582595,0.0,0.9716820566894495,0.028317943310550483,0.0,1,1,,,,,5.214565026051721,9674.311595795687,0.9856956649298851,0.014304335070114683,0.3499999999999999,3907.1178987012413,-2147.312298999975,-2147.312298999975,0.0,6,0,0.0,4,1,,,,,5.465681232897237,0.0,0.9689545844735175,0.031045415526482434,0.0,2,1,,,,,5.214079690185455,9664.591736689154,0.985728020654303,0.014271979345697022,0.35,-70372.0323850208,-82203.96835400001,-82203.96835400001,0.0,25,0,0.0,10,2,,,,,5.454084606914744,0.0,0.9697276928723503,0.030272307127649643,0.0,15,2,,,,,5.586176589544212,9761.354654238863,0.9609215606970525,0.03907843930294744,0.35,-132012.35875104635,-170826.727926,-170826.727926,0.0,71,1,0.0,33,4,,,,,5.511707722997053,0.0,0.9658861518001967,0.03411384819980351,0.0,38,4,,,,,5.551424842379131,9222.504554432104,0.9632383438413914,0.03676165615860867,0.35000000000000003,-6384.917374497587,-146075.77066200002,-146075.77066200002,0.0,529,2,0.0,260,16,,,,,5.428264171064493,0.11241082743681194,0.9714490552623672,0.028550944737632835,0.0,269,16,,,,,5.406303800703369,9502.658426498452,0.9729130799531087,0.02708692004689125,0.35,-6384.917374497587,-146075.77066200002,-146075.77066200002,0.0,529,2,0.0,260,16,,,,,5.428264171064493,0.11241082743681194,0.9714490552623672,0.028550944737632835,0.0,269,16,,,,,5.406303800703369,9502.658426498452,0.9729130799531087,0.02708692004689125,0.35
576,ETC,0.0,0.0,0.0,,0,0,0,0,0,15d,bearish,-120463.54748077925,529,,,,,,,6.2548740395508124,6040.505909825438,0.9095119725091,0.09048802749089999,0.35,,3706.341062866602,1059.8029380000035,1059.8029380000035,0.0,2,0,0.0,1,1,,,,,6.16620032045332,0.0,0.9222533119697788,0.07774668803022129,0.0,1,1,,,,,5.977909597414724,6623.280032807991,0.9287271242756648,0.07127287572433509,0.35,8086.3839775608185,3633.921190999987,3633.921190999987,0.0,6,0,0.0,4,1,,,,,6.211874596382242,0.0,0.9192083602411838,0.08079163975881622,0.0,2,1,,,,,5.924341205219401,6563.472093290619,0.9324444375966021,0.0675555624033978,0.35,27080.562992698222,26427.259474999984,26427.259474999984,0.0,25,0,0.0,12,2,,,,,6.18105057085568,0.0,0.9212632952762879,0.07873670472371201,0.0,13,2,,,,,5.843442719657253,6585.5266033399585,0.9378240587924983,0.062175941207501466,0.3499999999999999,-13817.246544069789,-11517.942748000005,-11517.942748000005,0.0,71,1,0.0,30,4,,,,,6.214826695245365,0.0,0.919011553650309,0.08098844634969102,0.0,41,4,,,,,5.99383434844096,5903.972909853708,0.9280541206883404,0.07194587931165963,0.35,-120463.54748077925,-88034.90106200002,-88034.90106200002,0.0,529,2,0.0,254,16,,,,,6.290342175790173,0.0,0.9139771882806551,0.08602281171934491,0.0,275,16,,,,,6.2548740395508124,6040.505909825438,0.9095119725091,0.09048802749089999,0.35,-120463.54748077925,-88034.90106200002,-88034.90106200002,0.0,529,2,0.0,254,16,,,,,6.290342175790173,0.0,0.9139771882806551,0.08602281171934491,0.0,275,16,,,,,6.2548740395508124,6040.505909825438,0.9095119725091,0.09048802749089999,0.35
576,HMSTR,0.0,0.0,0.0,,0,0,0,0,0,15d,bearish,-110644.86558305145,523,,,,,,,5.8540039092495855,8918.328829594306,0.8321174171029656,0.16788258289703445,0.7142822337176574,,681.29144844288,548.8907159999999,548.8907159999999,0.0,2,0,0.0,1,1,,,,,11.652964060402732,0.0,0.4910021140939568,0.508997885906043,-1.2000000000000002,1,1,,,,,9.675250582981691,21182.481040178034,0.607338201001077,0.392661798998923,-0.30000000000000004,-160.32627388127977,1288.8734919999997,1288.8734919999997,0.0,6,0,0.0,3,1,,,,,11.594099249543142,0.0,0.49446475002687384,0.505535249973126,-1.2,3,1,,,,,9.595153205394862,20905.7317218809,0.6120498114473609,0.387950188552639,-0.30000000000000004,-7740.706272481912,-7549.592004000002,-7549.592004000002,0.0,25,0,0.0,11,2,,,,,11.682243305176156,0.0,0.4892798055778732,0.5107201944221268,-1.2000000000000002,14,2,,,,,10.124178080850264,20806.263237309005,0.5809307011264551,0.41906929887354494,-0.512713061419758,-25686.42724447882,-28232.380693999996,-28232.380693999996,0.0,71,1,0.0,32,4,,,,,11.922435317024531,0.0,0.4751508637044392,0.5248491362955606,-1.2000000000000002,39,4,,,,,11.601283870748086,19371.97841165479,0.49404212525011276,0.5059578747498874,-0.9001021424170869,-110644.86558305145,-60538.24844999994,-60538.24844999994,0.0,523,2,0.0,249,16,,,,,4.727406618253167,0.0,0.8983878459851079,0.10161215401489214,0.6692990573225527,274,16,,,,,5.8540039092495855,8918.328829594306,0.8321174171029656,0.16788258289703445,0.7142822337176574,-110644.86558305145,-60538.24844999994,-60538.24844999994,0.0,523,2,0.0,249,16,,,,,4.727406618253167,0.0,0.8983878459851079,0.10161215401489214,0.6692990573225527,274,16,,,,,5.8540039092495855,8918.328829594306,0.8321174171029656,0.16788258289703445,0.7142822337176574
576,kSHIB,0.0,0.0,0.0,,0,0,0,0,0,15d,bearish,-110615.32126340452,529,,,,,,,9.535875608956765,13684.211397842191,0.07040546079590068,0.9295945392040994,-0.9,,-1043.8496615646009,21777.312008999997,21777.312008999997,0.0,2,0,0.0,1,1,,,,,10.942404968631005,0.0,0.0002319220217544313,0.9997680779782457,-1.8,1,1,,,,,9.464140199132421,11716.241023539029,0.04200446872482964,0.9579955312751705,-0.8999999999999999,-2586.6273003607157,20130.900727,20130.900727,0.0,6,0,0.0,2,1,,,,,11.024971341234462,0.0,0.004000893090300446,0.9959991069096997,-1.8000000000000003,4,1,,,,,9.488582214305698,11528.403111273685,0.041760946781854116,0.9582390532181458,-0.9,-7351.511889768872,31706.084417000002,31706.084417000002,0.0,25,0,0.0,12,2,,,,,11.014570060565058,0.0,0.0057492611477543,0.9942507388522457,-1.8,13,2,,,,,9.437801865095047,11789.623546339046,0.05202644604188762,0.9479735539581124,-0.8999999999999999,-22368.11953800363,27456.406456,27456.406456,0.0,71,1,0.0,38,4,,,,,11.023847990082524,0.0,0.0056551906625739185,0.9943448093374261,-1.7999999999999998,33,4,,,,,9.517196760059193,11257.552916504663,0.04418977003449887,0.9558102299655012,-0.9,-110615.32126340452,-424232.590256,-424232.590256,0.0,529,2,0.0,261,16,,,,,10.683820303624048,14.009344983242787,0.008488390171457508,0.9915116098285425,-1.7110205943830694,268,16,,,,,9.535875608956765,13684.211397842191,0.07040546079590068,0.9295945392040994,-0.9,-110615.32126340452,-424232.590256,-424232.590256,0.0,529,2,0.0,261,16,,,,,10.683820303624048,14.009344983242787,0.008488390171457508,0.9915116098285425,-1.7110205943830694,268,16,,,,,9.535875608956765,13684.211397842191,0.07040546079590068,0.9295945392040994,-0.9
576,AVAX,0.0,0.0,0.0,,0,0,0,0,0,6h,bearish,-106047.91512128782,6,,,,,,,10.010374098651004,5011.226672113297,0.012692620471274669,0.9873073795287254,-1.3352711387745604,,-47641.8741202566,-37242.534997999974,-37242.534997999974,0.0,2,0,0.0,1,1,,,,,9.623834307819076,0.0,0.013726629266793097,0.986273370733207,-1.25,1,1,,,,,10.018444369546406,5054.950824446625,0.011251771640005495,0.9887482283599945,-1.4500000000000002,-106047.91512128782,-56132.48148899997,-56132.48148899997,0.0,6,0,0.0,3,1,,,,,9.373944954853553,0.0,0.0015643641069753658,0.9984356358930248,-1.25,3,1,,,,,10.010374098651004,5011.226672113297,0.012692620471274669,0.9873073795287254,-1.3352711387745604,81553.17731228705,92238.67004300002,92238.67004300002,0.0,25,0,0.0,15,2,,,,,9.55734344094579,0.0,0.00034886180808008213,0.9996511381919199,-1.3228288137106794,10,2,,,,,9.985891771716176,5060.306291178561,0.017986889239054313,0.9820131107609458,-1.1303325357563183,67372.71476921263,231891.91614900003,231891.91614900003,0.0,71,1,0.0,39,4,,,,,9.848895870403037,3.709002376768936,0.005660613816522644,0.9943393861834774,-1.5054700365423448,32,4,,,,,9.99069741608974,5020.032964850144,0.017979924549892348,0.9820200754501076,-1.1595493982834701,62919.96884515341,1189335.0007739998,1189335.0007739998,0.0,529,2,0.0,280,16,,,,,9.972620070521524,0.6030493287771003,0.04100796502158519,0.9589920349784148,-1.606174877387547,249,16,1,1.0,1.0,0.0,9.898723430201102,3809.194536339559,0.030290563592620615,0.9697094364073793,-1.064999191463267,62919.96884515341,1189335.0007739998,1189335.0007739998,0.0,529,2,0.0,280,16,,,,,9.972620070521524,0.6030493287771003,0.04100796502158519,0.9589920349784148,-1.606174877387547,249,16,1,1.0,1.0,0.0,9.898723430201102,3809.194536339559,0.030290563592620615,0.9697094364073793,-1.064999191463267
576,ONDO,0.0,0.0,0.0,,0,0,0,0,0,15d,bearish,-105958.84499078656,529,,,,,,,9.80348558707311,5091.601964177084,0.029098194194293475,0.9709018058057065,-0.9,,2587.7163973351708,-16800.311880000027,-16800.311880000027,0.0,2,0,0.0,1,1,,,,,10.288951918216243,0.0,0.006972000632490014,0.9930279993675099,-1.8,1,1,,,,,9.774175463688188,5729.321790821168,0.032470322160492865,0.9675296778395069,-0.9,10457.84136752285,-25421.74118500002,-25421.74118500002,0.0,6,0,0.0,3,1,,,,,10.22409699128801,0.0,0.0038077219556562104,0.9961922780443436,-1.7999999999999998,3,1,,,,,9.778075940470348,5773.817430777553,0.03145500631376759,0.9685449936862321,-0.8999999999999999,-98776.22974222167,-88937.35200500002,-88937.35200500002,0.0,25,0,0.0,11,2,,,,,10.167783946406765,0.0,0.002375851768605395,0.9976241482313947,-1.8000000000000003,14,2,,,,,9.755615213635558,5784.800739534481,0.03427020492247287,0.9657297950775271,-0.9,30071.145246423603,86903.85786000003,86903.85786000003,0.0,71,1,0.0,31,4,,,,,9.897543807223354,0.0,0.03107339049308386,0.9689266095069161,-1.404727287745946,40,4,,,,,9.797832718551888,5440.789262772562,0.02715740589367592,0.9728425941063238,-0.9,-105958.84499078656,-46764.015239999906,-46764.015239999906,0.0,529,2,0.0,261,16,,,,,9.870321794588513,0.0,0.027718424968996007,0.9722815750310039,-1.3742780539132373,268,16,,,,,9.80348558707311,5091.601964177084,0.029098194194293475,0.9709018058057065,-0.9,-105958.84499078656,-46764.015239999906,-46764.015239999906,0.0,529,2,0.0,261,16,,,,,9.870321794588513,0.0,0.027718424968996007,0.9722815750310039,-1.3742780539132373,268,16,,,,,9.80348558707311,5091.601964177084,0.029098194194293475,0.9709018058057065,-0.9
576,BSV,0.0,0.0,0.0,,0,0,0,0,0,15d,bullish,102536.16032077224,528,,,,,,,3.9336125886240505,0.0,0.9450816124338794,0.054918387566120615,0.9437778675198882,,-5474.7770749440115,-1431.418450000011,-1431.418450000011,0.0,2,0,0.0,1,1,,,,,3.5659922349227013,0.0,0.966706339122194,0.03329366087780597,1.0,1,1,,,,,3.3488985820310564,11658.559409069292,0.9794765539981731,0.020523446001826894,1.3500000000000003,-34798.27591945872,-25828.876145000002,-25828.876145000002,0.0,6,0,0.0,2,1,,,,,3.336694908137485,0.0,0.9801944171683832,0.019805582831616743,1.0,4,1,,,,,3.459909325437925,12658.728512557072,0.9729465102683573,0.0270534897316427,1.35,-18039.4649200119,-12342.423300000006,-12342.423300000006,0.0,25,0,0.0,18,2,,,,,4.3456686005313045,0.0,0.9208430234981586,0.07915697650184142,0.6849273268351552,7,2,,,,,3.845930462928639,14378.711767093204,0.9502393845336093,0.04976061546639057,1.3705074597534097,75317.17526254615,62632.08853,62632.08853,0.0,71,1,0.0,39,4,,,,,4.380188329706232,0.0,0.9188124511937511,0.08118754880624891,0.6860612186944942,32,4,,,,,3.7594986163321114,12878.912146720131,0.9553236108039933,0.0446763891960066,1.3636420123443747,102536.16032077224,-4614.073599999999,-4614.073599999999,0.0,528,2,0.0,268,16,,,,,3.9336125886240505,0.0,0.9450816124338794,0.054918387566120615,0.9437778675198882,260,16,,,,,3.552873733647445,9377.388325095022,0.9674780156677973,0.032521984332202665,1.3638073833094613,102536.16032077224,-4614.073599999999,-4614.073599999999,0.0,528,2,0.0,268,16,,,,,3.9336125886240505,0.0,0.9450816124338794,0.054918387566120615,0.9437778675198882,260,16,,,,,3.552873733647445,9377.388325095022,0.9674780156677973,0.032521984332202665,1.3638073833094613
576,NIL,0.0,0.0,0.0,,0,0,0,0,0,15d,bullish,94815.8274909042,529,,,,,,,6.830626862304511,0.0,0.7746690080997347,0.22533099190026537,0.0,,-1339.59097052316,-1939.2704939999999,-1939.2704939999999,0.0,2,0,0.0,1,1,,,,,7.9870201548762685,0.0,0.7066458732425727,0.2933541267574275,0.0,1,1,,,,,7.312052448708551,10067.515902782543,0.7463498559583203,0.2536501440416795,0.35,-7638.142320828999,-5508.5150029999995,-5508.5150029999995,0.0,6,0,0.0,2,1,,,,,8.011671877268595,0.0,0.705195771925377,0.29480422807462325,0.0,4,1,,,,,7.436734353215386,10004.13706827013,0.7390156262814479,0.26098437371855215,0.35,23613.376487807553,17163.627501,17163.627501,0.0,25,0,0.0,14,2,,,,,8.008842431667242,0.0,0.705362209901927,0.294637790098073,0.0,11,2,,,,,7.153051872677377,9408.271155793635,0.7557028310189777,0.24429716898102224,0.35,12949.387822754308,8210.567156999996,8210.567156999996,0.0,71,1,0.0,36,4,,,,,7.948853421739983,0.0,0.7088909751917658,0.29110902480823425,0.0,35,4,,,,,6.913417197714182,9029.617124524253,0.7697989883697539,0.230201011630246,0.35,94815.8274909042,-14138.40561600001,-14138.40561600001,0.0,529,2,0.0,265,16,,,,,6.830626862304511,0.0,0.7746690080997347,0.22533099190026537,0.0,264,16,,,,,6.0165422894717135,9102.990206246961,0.8225563359134285,0.17744366408657145,0.35,94815.8274909042,-14138.40561600001,-14138.40561600001,0.0,529,2,0.0,265,16,,,,,6.830626862304511,0.0,0.7746690080997347,0.22533099190026537,0.0,264,16,,,,,6.0165422894717135,9102.990206246961,0.8225563359134285,0.17744366408657145,0.35
576,S,0.0,0.0,0.0,,0,0,0,0,0,15d,bearish,-93610.90621843134,529,,,,,,,5.597349216184871,7415.435986795787,0.9574515863308432,0.04254841366915678,0.3625608724102491,,5674.091610375999,6539.126772,6539.126772,0.0,2,0,0.0,1,1,,,,,5.219550970598029,0.0,0.9853070531832139,0.014692946816786095,0.0,1,1,,,,,5.366075276961374,6824.606824404583,0.9755949815359084,0.0244050184640916,0.35,8097.26962448344,3478.931416000001,3478.931416000001,0.0,6,0,0.0,3,1,,,,,5.263622848403885,0.0,0.9823691216241238,0.01763087837587632,0.0,3,1,,,,,5.3122369718797025,6865.963317226183,0.9791842018746866,0.020815798125313464,0.3499999999999999,40303.68432161904,18155.008015,18155.008015,0.0,25,0,0.0,15,2,,,,,5.130814200704658,0.0,0.9911609908943121,0.008839009105687969,0.4235077713733953,10,2,,,,,5.659199828157277,7853.798544686758,0.9551275674294317,0.04487243257056833,0.35,36615.24178461063,29987.647583999995,29987.647583999995,0.0,71,1,0.0,39,4,,,,,5.150428005538165,0.0,0.9898925671678172,0.010107432832182914,0.3317455238127869,32,4,,,,,5.456650941585393,7265.887489345457,0.9671623968904043,0.0328376031095958,0.35000000000000003,-93610.90621843134,-43465.53828400004,-43465.53828400004,0.0,529,2,0.0,256,16,,,,,5.293640027335189,0.0,0.9802897534280941,0.019710246571906103,0.17379088926801783,273,16,,,,,5.597349216184871,7415.435986795787,0.9574515863308432,0.04254841366915678,0.3625608724102491,-93610.90621843134,-43465.53828400004,-43465.53828400004,0.0,529,2,0.0,256,16,,,,,5.293640027335189,0.0,0.9802897534280941,0.019710246571906103,0.17379088926801783,273,16,,,,,5.597349216184871,7415.435986795787,0.9574515863308432,0.04254841366915678,0.3625608724102491
576,SAGA,0.0,0.0,0.0,,0,0,0,0,0,72h,bearish,-91452.79355311663,71,,,,,,,4.036733761001743,10205.98974275135,0.9390156611175444,0.06098433888245545,1.35,,-274.77936295991174,-778.4731919999915,-778.4731919999915,0.0,2,0,0.0,1,1,,,,,2.9999999999999996,0.0,1.0,0.0,1.45,1,1,,,,,3.792116458412811,10599.717908996383,0.953404914211011,0.04659508578898885,1.35,-1570.0062974986718,-1848.3918159999923,-1848.3918159999923,0.0,6,0,0.0,2,1,,,,,3.0,0.0,1.0,0.0,1.45,4,1,,,,,3.7785349862805893,10588.231143215356,0.9542038243364358,0.04579617566356412,1.35,3819.773732951673,-4052.5134399999915,-4052.5134399999915,0.0,25,0,0.0,11,2,,,,,3.0,0.0,1.0,0.0,1.3450643155915911,14,2,,,,,3.7250871033845794,10750.627261929376,0.9573478174479659,0.04265218255203409,1.3499999999999999,-91452.79355311663,-50550.521972,-50550.521972,0.0,71,1,0.0,24,4,,,,,3.0,0.0,1.0,0.0,1.3512480663108342,47,4,,,,,4.036733761001743,10205.98974275135,0.9390156611175444,0.06098433888245545,1.35,-55692.345990724156,14366.230338999758,14366.230338999758,0.0,529,2,0.0,218,16,1,1.0,1.0,0.0,3.0735839504652405,0.0,0.9956715323255741,0.004328467674425898,1.0366525531924682,311,16,1,1.0,1.0,0.0,4.266762576966318,10786.066508901353,0.9254845542960989,0.07451544570390113,1.301224813118236,-55692.345990724156,14366.230338999758,14366.230338999758,0.0,529,2,0.0,218,16,1,1.0,1.0,0.0,3.0735839504652405,0.0,0.9956715323255741,0.004328467674425898,1.0366525531924682,311,16,1,1.0,1.0,0.0,4.266762576966318,10786.066508901353,0.9254845542960989,0.07451544570390113,1.301224813118236
576,STRK,0.0,0.0,0.0,,0,0,0,0,0,15d,bullish,90884.22850609312,529,,,,,,,5.977381826161855,0.0,0.9347466248483915,0.06525337515160852,0.2681777106508467,,-1049.5330881209982,-1535.7183520000037,-1535.7183520000037,0.0,2,0,0.0,1,1,,,,,5.221677690761634,0.0,0.9852210052622116,0.014778994737788433,0.0,1,1,,,,,5.228517710329096,6246.195538967452,0.9847654859780604,0.01523451402193977,0.35,7037.257254966003,-14313.716309000016,-14313.716309000016,0.0,6,0,0.0,5,1,,,,,5.29400615098608,0.0,0.9803991109241564,0.019600889075843616,0.0,1,1,,,,,5.228517710329096,6246.195538967452,0.9847654859780604,0.01523451402193977,0.35,-3563.5052040330033,-35522.205657000006,-35522.205657000006,0.0,25,0,0.0,13,2,,,,,5.285954557936056,0.0,0.9809358856893367,0.01906411431066334,0.003956523306776876,12,2,,,,,5.2706817021263825,6653.174852214129,0.9819545531915747,0.018045446808425337,0.35,31310.782041332455,-48019.25044199999,-48019.25044199999,0.0,71,1,0.0,40,4,,,,,5.132353932066279,0.0,0.9911759408656949,0.008824059134305019,0.32568275604032804,31,4,,,,,5.198001958759666,6511.79811609264,0.9867998694160223,0.013200130583977673,0.35,90884.22850609312,20910.208566000005,20910.208566000005,0.0,529,2,0.0,322,16,,,,,5.977381826161855,0.0,0.9347466248483915,0.06525337515160852,0.2681777106508467,207,16,,,,,5.401058385878616,6359.303324973263,0.9732627742747588,0.026737225725241065,0.4325517210521297,90884.22850609312,20910.208566000005,20910.208566000005,0.0,529,2,0.0,322,16,,,,,5.977381826161855,0.0,0.9347466248483915,0.06525337515160852,0.2681777106508467,207,16,,,,,5.401058385878616,6359.303324973263,0.9732627742747588,0.026737225725241065,0.4325517210521297
576,ALT,0.0,0.0,0.0,,0,0,0,0,0,15d,bearish,-88107.39481492381,529,,,,,,,4.925922314932547,10508.351410275915,0.8867104520627913,0.11328954793720863,0.8598640699486274,,-41.385868151760064,454.3067520000004,454.3067520000004,0.0,2,0,0.0,1,1,,,,,6.011869690499126,0.0,0.8228311946765221,0.177168805323478,0.0,1,1,,,,,4.923284597108392,7283.361405173074,0.8868656119348004,0.11313438806519964,1.35,4473.59900383296,-247.30930200000023,-247.30930200000023,0.0,6,0,0.0,5,1,,,,,6.159848459121365,0.0,0.814126561228155,0.185873438771845,0.0,1,1,,,,,4.923284597108392,7283.361405173074,0.8868656119348004,0.11313438806519964,1.35,-1461.068318003769,-908.4213210000005,-908.4213210000005,0.0,25,0,0.0,12,2,,,,,6.218266553875095,0.0,0.8106902027132298,0.18930979728677025,0.0,13,2,,,,,4.907753384442968,7734.390899949844,0.8877792126798254,0.11222078732017457,1.1188863212138318,-21562.36265312174,-25377.485742999997,-25377.485742999997,0.0,71,1,0.0,31,4,,,,,6.061347394449875,0.0,0.8199207415029485,0.1800792584970515,0.0,40,4,,,,,5.035970446899598,6768.504438911573,0.8802370325353177,0.11976296746468226,0.8382470578724655,-88107.39481492381,-21979.466757,-21979.466757,0.0,529,2,0.0,258,16,,,,,5.7756786218723795,0.0,0.8367247869486836,0.16327521305131643,0.11899582942355759,271,16,,,,,4.925922314932547,10508.351410275915,0.8867104520627913,0.11328954793720863,0.8598640699486274,-88107.39481492381,-21979.466757,-21979.466757,0.0,529,2,0.0,258,16,,,,,5.7756786218723795,0.0,0.8367247869486836,0.16327521305131643,0.11899582942355759,271,16,,,,,4.925922314932547,10508.351410275915,0.8867104520627913,0.11328954793720863,0.8598640699486274
576,ZETA,0.0,0.0,0.0,,0,0,0,0,0,15d,bearish,-87655.57442325144,529,,,,,,,3.4242502367470373,10724.912822359447,0.9750441037207624,0.024955896279237513,1.3985296075978675,,24.508756233000142,-850.7175059999998,-850.7175059999998,0.0,2,0,0.0,1,1,,,,,3.4600158725350054,0.0,0.9729402427920585,0.027059757207941515,1.0,1,1,,,,,3.0,7583.982385800085,1.0,0.0,1.7999999999999996,-2039.6518064279999,-1992.7640029999993,-1992.7640029999993,0.0,6,0,0.0,3,1,,,,,3.4825403470473493,0.0,0.9716152737030969,0.028384726296902946,1.0,3,1,,,,,3.0000000000000004,7590.738715147809,1.0,0.0,1.3697940625154867,-521.3937414338299,-4167.814201999999,-4167.814201999999,0.0,25,0,0.0,14,2,,,,,3.6285185955645933,0.0,0.9630283179079651,0.03697168209203492,1.0,11,2,,,,,3.0,7566.867659319039,1.0,0.0,1.6512238408292532,1806.8199993038322,1482.358379000015,1482.358379000015,0.0,71,1,0.0,38,4,,,,,3.53271740840368,0.0,0.9686636818586071,0.03133631814139296,1.0,33,4,,,,,3.024825215915037,7550.009730899533,0.9985396931814684,0.0014603068185315832,1.548797024910527,-87655.57442325144,-25036.779300000017,-25036.779300000017,0.0,529,2,0.0,269,16,,,,,4.533274069281796,0.0,0.909807407689306,0.09019259231069389,0.8367992338396795,260,16,,,,,3.4242502367470373,10724.912822359447,0.9750441037207624,0.024955896279237513,1.3985296075978675,-87655.57442325144,-25036.779300000017,-25036.779300000017,0.0,529,2,0.0,269,16,,,,,4.533274069281796,0.0,0.909807407689306,0.09019259231069389,0.8367992338396795,260,16,,,,,3.4242502367470373,10724.912822359447,0.9750441037207624,0.024955896279237513,1.3985296075978675
576,CRV,0.0,0.0,0.0,,0,0,0,0,0,15d,bearish,-87306.96818313448,529,,,,,,,9.346030698269628,6788.534761056255,0.12235833974011007,0.8776416602598899,-0.9000000000000001,,-13239.678205863882,-19933.554940000027,-19933.554940000027,0.0,2,0,0.0,1,1,,,,,11.250152769152153,0.0,0.09343589144034367,0.9065641085596563,-1.7999999999999998,1,1,,,,,9.335130422179615,6901.060438223356,0.13099920757375932,0.8690007924262407,-0.9,-76515.44656658822,-151897.69879200007,-151897.69879200007,0.0,6,0,0.0,3,1,,,,,10.90757801423002,0.0,0.09879413675025968,0.9012058632497404,-1.8,3,1,,,,,9.317056189335645,6867.3353308028245,0.130354650851357,0.8696453491486429,-0.9,44310.54495425818,124534.52360999996,124534.52360999996,0.0,25,0,0.0,12,2,,,,,10.499525774879686,0.0,0.09140077863307478,0.9085992213669251,-1.7999999999999996,13,2,,,,,9.312593301550017,7062.6510849215765,0.12723513560640765,0.8727648643935925,-0.9,3090.4564703440465,41633.55247899993,41633.55247899993,0.0,71,1,0.0,36,4,,,,,10.600830332804472,0.0,0.0848598270963508,0.9151401729036491,-1.7999999999999998,35,4,,,,,9.361772008862076,6901.735617746135,0.12459988691759148,0.8754001130824085,-0.9,-87306.96818313448,266917.6670240001,266917.6670240001,0.0,529,2,0.0,263,16,,,,,10.432164483838351,5.010650039199854,0.05926632871127923,0.9407336712887208,-1.7462550016054825,266,16,,,,,9.346030698269628,6788.534761056255,0.12235833974011007,0.8776416602598899,-0.9000000000000001,-87306.96818313448,266917.6670240001,266917.6670240001,0.0,529,2,0.0,263,16,,,,,10.432164483838351,5.010650039199854,0.05926632871127923,0.9407336712887208,-1.7462550016054825,266,16,,,,,9.346030698269628,6788.534761056255,0.12235833974011007,0.8776416602598899,-0.9000000000000001
576,GMX,0.0,0.0,0.0,,0,0,0,0,0,15d,bearish,-86795.29931617234,529,,,,,,,5.07840344179242,15593.618012489973,0.8777409740122106,0.12225902598778944,0.8799212459606212,,-475.4616431469613,1385.3773159999985,1385.3773159999985,0.0,2,0,0.0,1,1,,,,,5.6767850154920065,0.0,0.8425420579122351,0.15745794208776506,0.0,1,1,,,,,4.288950536507956,15077.069848061768,0.9241793802054143,0.07582061979458554,1.35,2050.8081365402363,4859.486759999997,4859.486759999997,0.0,6,0,0.0,3,1,,,,,5.528945600708073,0.0,0.8512384940759958,0.1487615059240042,0.0,3,1,,,,,4.11718817559634,14909.352657779802,0.9342830484943329,0.06571695150566696,1.3499999999999999,-1138.5209382454914,4670.0627620000105,4670.0627620000105,0.0,25,0,0.0,12,2,,,,,5.526818603488664,0.0,0.8513636115594904,0.14863638844050964,0.0,13,2,,,,,4.4338609586267745,14797.356650264712,0.9156552377278369,0.08434476227216318,1.3499999999999999,-13979.53608984965,-12304.095493999996,-12304.095493999996,0.0,71,1,0.0,35,4,,,,,6.447751565060152,0.0,0.7971910844082265,0.20280891559177358,0.0,36,4,,,,,4.721373494554202,14058.996920346992,0.8987427356144587,0.10125726438554128,1.2813425978260307,-86795.29931617234,-70539.47492,-70539.47492,0.0,529,2,0.0,269,16,,,,,6.93704620252317,0.0,0.7684090469104016,0.23159095308959826,0.12400564341469623,260,16,,,,,5.07840344179242,15593.618012489973,0.8777409740122106,0.12225902598778944,0.8799212459606212,-86795.29931617234,-70539.47492,-70539.47492,0.0,529,2,0.0,269,16,,,,,6.93704620252317,0.0,0.7684090469104016,0.23159095308959826,0.12400564341469623,260,16,,,,,5.07840344179242,15593.618012489973,0.8777409740122106,0.12225902598778944,0.8799212459606212
576,NEO,0.0,0.0,0.0,,0,0,0,0,0,15d,bullish,82292.17246036252,529,,,,,,,8.164719451722158,0.0,0.7890187032185227,0.21098129678147717,0.0,,210.56048926920255,183.66128100000296,183.66128100000296,0.0,2,0,0.0,2,1,,,,,6.735575999742311,0.0,0.8842949333505127,0.11570506664948753,0.0,0,0,,,,,,,,,,-3840.8994573057967,-4823.445665999999,-4823.445665999999,0.0,6,0,0.0,3,1,,,,,6.745014583025924,0.0,0.8836656944649385,0.11633430553506155,0.0,3,1,,,,,5.7990396596358975,12575.242549072715,0.9467306775343716,0.053269322465628585,0.35,3785.526600713801,3571.940788,3571.940788,0.0,25,0,0.0,13,2,,,,,6.60168086224971,0.0,0.8932212758500194,0.10677872414998069,0.0,12,2,,,,,5.961630369495556,12675.554589996213,0.9358912968612444,0.06410870313875562,0.35000000000000003,-44.58698121619797,85.84157199999999,85.84157199999999,0.0,71,1,0.0,33,4,,,,,6.77494675067028,0.0,0.8816702166219812,0.11832978337801871,0.0,38,4,,,,,6.389222826633233,12375.53364010848,0.9073851329840441,0.09261486701595592,0.35,82292.17246036252,-5913.327051000009,-5913.327051000009,0.0,529,2,0.0,293,16,,,,,8.164719451722158,0.0,0.7890187032185227,0.21098129678147717,0.0,236,16,,,,,7.713589303117705,11825.185555503896,0.819094035328711,0.18090596467128908,0.35,82292.17246036252,-5913.327051000009,-5913.327051000009,0.0,529,2,0.0,293,16,,,,,8.164719451722158,0.0,0.7890187032185227,0.21098129678147717,0.0,236,16,,,,,7.713589303117705,11825.185555503896,0.819094035328711,0.18090596467128908,0.35
576,2Z,0.0,0.0,0.0,,0,0,0,0,0,15d,bearish,-82149.7935519851,529,,,,,,,4.002265767422661,10156.08035864427,0.9081069921682597,0.09189300783174027,1.323777604323068,,243.93634412640003,-271.702256,-271.702256,0.0,2,0,0.0,1,1,,,,,3.775334152123745,0.0,0.9543921086986034,0.04560789130139675,1.0,1,1,,,,,4.114736060941064,11705.094265915475,0.9344272905328789,0.06557270946712129,1.35,2145.9117806835798,409.56000599999993,409.56000599999993,0.0,6,0,0.0,5,1,,,,,3.7986033334755036,0.0,0.9530233333249706,0.0469766666750296,1.0,1,1,,,,,4.114736060941064,11705.094265915475,0.9344272905328789,0.06557270946712129,1.35,37141.7556069944,4306.109678999999,4306.109678999999,0.0,25,0,0.0,16,2,,,,,3.790528308317096,9.257475176816493,0.9534983348048768,0.04650166519512328,0.9685543697830821,9,2,,,,,4.106990560625981,10766.683758038416,0.9348829081984718,0.06511709180152828,1.3499999999999999,31014.57878473498,-4466.759004,-4466.759004,0.0,71,1,0.0,37,4,,,,,3.790595529834021,5.925171721464305,0.9534943805979988,0.046505619402001236,0.9798734800400536,34,4,,,,,4.23710441995656,10549.130500628098,0.9272291517672611,0.07277084823273884,1.35,-82149.7935519851,-8225.704222000011,-8225.704222000011,0.0,529,2,0.0,271,16,,,,,3.691312836428525,1.352139899142647,0.9593345390336161,0.040665460966383835,1.017799403388423,258,16,,,,,4.002265767422661,10156.08035864427,0.9081069921682597,0.09189300783174027,1.323777604323068,-82149.7935519851,-8225.704222000011,-8225.704222000011,0.0,529,2,0.0,271,16,,,,,3.691312836428525,1.352139899142647,0.9593345390336161,0.040665460966383835,1.017799403388423,258,16,,,,,4.002265767422661,10156.08035864427,0.9081069921682597,0.09189300783174027,1.323777604323068
576,QUANT,0.0,0.0,0.0,,0,0,0,0,0,15d,bearish,-77685.14748257944,6,,,,,,,0.0,0.0,0.0,0.0,0.0,,,,,,,,,,,,,,,,,,,,,,,,,,,,,,,,,,,,,,,,,,,,,,,,,,,,,,,,,,,,,,,,,,,,,,,,,,,,,,,,,,,,,,,,,,,,,,,,,,,,,,,,,,,,,,,,,,,,,,-77685.14748257944,-114975.12700239195,0.0,-114975.12700239195,6,0,1.0,4,4,,,,,0.0,0.0,0.0,0.0,0.0,2,2,,,,,0.0,0.0,0.0,0.0,0.0,-77685.14748257944,-114975.12700239195,0.0,-114975.12700239195,6,0,1.0,4,4,,,,,0.0,0.0,0.0,0.0,0.0,2,2,,,,,0.0,0.0,0.0,0.0,0.0
576,ZORA,0.0,0.0,0.0,,0,0,0,0,0,15d,bearish,-76385.22011631947,529,,,,,,,4.1819651170683745,18441.322701862555,0.9304726401724487,0.06952735982755145,1.2554486381893808,,1116.0030931617603,-1524.733712,-1524.733712,0.0,2,0,0.0,1,1,,,,,2.999999999999999,0.0,1.0,0.0,1.45,1,1,,,,,3.9688734594172574,18852.671032021357,0.9430074435636908,0.056992556436309225,1.35,-335.3128107083998,-3081.8805979999997,-3081.8805979999997,0.0,6,0,0.0,2,1,,,,,2.9999999999999996,0.0,1.0,0.0,1.45,4,1,,,,,3.854177536942138,19006.80790061526,0.9497542625328155,0.050245737467184526,1.35,-10115.233015922133,-8170.088895,-8170.088895,0.0,25,0,0.0,11,2,,,,,3.0,0.0,1.0,0.0,1.3389880318981773,14,2,,,,,3.8030493194964725,19340.472639289706,0.9527618047355018,0.04723819526449833,1.35,-33469.48314417254,-31751.844203,-31751.844203,0.0,71,1,0.0,28,4,,,,,3.0754918787024708,0.0,0.9955593012527959,0.00444069874720413,1.1063138092975262,43,4,,,,,3.6920564555410023,18390.675456875608,0.9592907967328822,0.040709203267117765,1.35,-76385.22011631947,-77150.004134,-77150.004134,0.0,529,2,0.0,287,16,,,,,3.5078220737085335,0.0,0.9701281133112628,0.02987188668873725,1.0424948258234266,242,16,,,,,4.1819651170683745,18441.322701862555,0.9304726401724487,0.06952735982755145,1.2554486381893808,-76385.22011631947,-77150.004134,-77150.004134,0.0,529,2,0.0,287,16,,,,,3.5078220737085335,0.0,0.9701281133112628,0.02987188668873725,1.0424948258234266,242,16,,,,,4.1819651170683745,18441.322701862555,0.9304726401724487,0.06952735982755145,1.2554486381893808
576,GALA,0.0,0.0,0.0,,0,0,0,0,0,15d,bullish,75908.05758378252,528,,,,,,,6.081896797025042,0.0,0.818711953116174,0.18128804688382597,0.10133409017592016,,589.99255922616,1272.5839259999998,1272.5839259999998,0.0,2,0,0.0,2,1,,,,,5.098384923516814,0.0,0.8765655927343045,0.12343440726569509,0.0,0,0,,,,,,,,,,2018.6285533276791,1490.2040799999997,1490.2040799999997,0.0,6,0,0.0,4,1,,,,,5.08239753947599,0.0,0.8775060270896475,0.12249397291035242,0.0,2,1,,,,,5.89744489456248,30227.470403140163,0.8295620650257363,0.1704379349742636,0.3499999999999999,9163.276540090668,-179.03748300000058,-179.03748300000058,0.0,25,0,0.0,15,2,,,,,5.730522060723456,0.0,0.8393810552515613,0.16061894474843866,0.0,10,2,,,,,5.472304687732178,31135.425875799796,0.8545703124863425,0.14542968751365754,0.5083346191364713,17780.331040528654,3260.2295650000005,3260.2295650000005,0.0,71,1,0.0,39,4,,,,,5.770971898273785,0.0,0.8370016530427186,0.16299834695728146,0.0,32,4,,,,,4.758274262115118,30770.950684603384,0.8965721022285225,0.10342789777147755,1.019567474468312,75908.05758378252,1550.9404100000058,1550.9404100000058,0.0,528,2,0.0,282,16,,,,,6.081896797025042,0.0,0.818711953116174,0.18128804688382597,0.10133409017592016,246,16,,,,,5.159608865309934,21487.144573152153,0.8729641843935332,0.12703581560646673,0.810249051933587,75908.05758378252,1550.9404100000058,1550.9404100000058,0.0,528,2,0.0,282,16,,,,,6.081896797025042,0.0,0.818711953116174,0.18128804688382597,0.10133409017592016,246,16,,,,,5.159608865309934,21487.144573152153,0.8729641843935332,0.12703581560646673,0.810249051933587
576,REZ,0.0,0.0,0.0,,0,0,0,0,0,15d,bullish,74967.41505851001,527,,,,,,,8.131945406840444,0.0,0.6981208584211503,0.3018791415788497,-0.2822261976084694,,552.7823946279998,951.5908059999997,951.5908059999997,0.0,2,0,0.0,1,1,,,,,5.982546990183691,0.0,0.8245560594009596,0.1754439405990406,0.0,1,1,,,,,3.197844717814441,16708.880738456814,0.9883620754226797,0.011637924577320064,1.35,7587.545921897358,6041.319836999999,6041.319836999999,0.0,6,0,0.0,5,1,,,,,6.882126907252657,0.0,0.77163959369102,0.2283604063089799,0.0,1,1,,,,,3.197844717814441,16708.880738456814,0.9883620754226797,0.011637924577320064,1.35,26256.221454696122,24822.303742,24822.303742,0.0,25,0,0.0,19,2,,,,,6.509915877167249,0.0,0.7935343601666324,0.20646563983336763,0.22779570152551312,6,2,,,,,3.2704699399717536,13127.561337629622,0.9840900035310733,0.015909996468926702,1.35,41226.31314438152,39504.525957,39504.525957,0.0,71,1,0.0,46,4,,,,,5.655034922479277,0.0,0.8438214751482779,0.15617852485172215,0.4541277186092428,25,4,,,,,3.2758759135226048,11237.854760093858,0.9837720050869055,0.016227994913094398,1.3947547728623355,74967.41505851001,69074.87318499999,69074.87318499999,0.0,527,2,0.0,285,16,,,,,8.131945406840444,0.0,0.6981208584211503,0.3018791415788497,-0.2822261976084694,242,16,,,,,3.964769397873757,7481.723275008912,0.9432488589486027,0.056751141051397454,1.306675799548487,74967.41505851001,69074.87318499999,69074.87318499999,0.0,527,2,0.0,285,16,,,,,8.131945406840444,0.0,0.6981208584211503,0.3018791415788497,-0.2822261976084694,242,16,,,,,3.964769397873757,7481.723275008912,0.9432488589486027,0.056751141051397454,1.306675799548487
576,LINEA,0.0,0.0,0.0,,0,0,0,0,0,15d,bearish,-74144.45763712464,529,,,,,,,4.578484517670109,9464.35622994772,0.9069141624557914,0.09308583754420853,0.9526533044534672,,-3073.406617563601,2868.7835099999993,2868.7835099999993,0.0,2,0,0.0,1,1,,,,,7.506473539329526,62.948116891289985,0.7110708950215491,0.2889291049784509,0.35,1,1,,,,,5.25639280984652,11307.053314281626,0.8670351852267074,0.13296481477329258,0.35,45295.95438291949,36519.627821,36519.627821,0.0,6,0,0.0,4,1,,,,,7.251691362761397,63.427325385409425,0.7261586545518197,0.27384134544818034,0.35,2,1,,,,,5.24554479994779,11191.664824765185,0.8676738579918144,0.13232614200818557,0.35,57167.632082822965,46653.487887,46653.487887,0.0,25,0,0.0,16,2,,,,,7.37639275560323,63.2687178579198,0.7184289816199722,0.28157101838002785,0.3499999999999999,9,2,,,,,5.3202968122773315,10697.593799037817,0.863287837044512,0.13671216295548796,0.35,52229.63729003659,49943.457219,49943.457219,0.0,71,1,0.0,41,4,,,,,7.393346849194483,63.06801223977242,0.717216878772581,0.282783121227419,0.35,30,4,,,,,5.285165486137701,9838.220740807345,0.8653578118682244,0.13464218813177556,0.35,-74144.45763712464,6522.380595000015,6522.380595000015,0.0,529,2,0.0,251,16,,,,,5.617595256684212,62.73426133045844,0.8174816776149423,0.1825183223850578,0.7116400502472006,278,16,,,,,4.578484517670109,9464.35622994772,0.9069141624557914,0.09308583754420853,0.9526533044534672,-74144.45763712464,6522.380595000015,6522.380595000015,0.0,529,2,0.0,251,16,,,,,5.617595256684212,62.73426133045844,0.8174816776149423,0.1825183223850578,0.7116400502472006,278,16,,,,,4.578484517670109,9464.35622994772,0.9069141624557914,0.09308583754420853,0.9526533044534672
576,NXPC,0.0,0.0,0.0,,0,0,0,0,0,15d,bullish,71767.6775933566,528,,,,,,,18.791151927690475,0.0,0.07110871013585425,0.9288912898641457,-1.8,,4262.628682388399,520.2835900000002,520.2835900000002,0.0,2,0,0.0,2,1,,,,,18.4815481088913,0.0,0.0893206994769824,0.9106793005230176,-1.8000000000000003,0,0,,,,,,,,,,1757.895125437799,1676.2499850000004,1676.2499850000004,0.0,6,0,0.0,5,1,,,,,18.473269170417478,0.0,0.08980769585779537,0.9101923041422046,-1.8,1,1,,,,,6.487710697636368,8210.704268451545,0.7948405471978608,0.2051594528021393,0.35,16873.115537996997,-17530.456435,-17530.456435,0.0,25,0,0.0,19,2,,,,,18.61247063886042,0.0,0.08161937418468104,0.9183806258153189,-1.8,6,2,,,,,6.8797468848274095,9582.797133038048,0.7717795950101526,0.22822040498984766,0.35000000000000003,-4093.3847560778026,-24894.950940000002,-24894.950940000002,0.0,71,1,0.0,43,4,,,,,18.670751786796234,0.0,0.0781910713649273,0.9218089286350727,-1.8,28,4,,,,,7.2965059334470865,9834.025417075938,0.7472643568560537,0.2527356431439463,0.3499999999999999,71767.6775933566,45116.733909999995,45116.733909999995,0.0,528,2,0.0,273,16,,,,,18.791151927690475,0.0,0.07110871013585425,0.9288912898641457,-1.8,255,16,,,,,6.8983703448012195,8517.495467163137,0.7706840973646343,0.22931590263536586,0.35,71767.6775933566,45116.733909999995,45116.733909999995,0.0,528,2,0.0,273,16,,,,,18.791151927690475,0.0,0.07110871013585425,0.9288912898641457,-1.8,255,16,,,,,6.8983703448012195,8517.495467163137,0.7706840973646343,0.22931590263536586,0.35
576,RESOLV,0.0,0.0,0.0,,0,0,0,0,0,15d,bullish,71467.89084666752,529,,,,,,,11.323613059042584,0.0,0.5103757024092598,0.4896242975907403,-1.0385595766159117,,2657.7989878957196,915.8531700000005,915.8531700000005,0.0,2,0,0.0,1,1,,,,,14.448816950927872,0.0,0.3265401793571839,0.6734598206428161,-1.8,1,1,,,,,9.014338114409117,23127.397934396566,0.6462154050347578,0.35378459496524217,-0.30000000000000004,460.75754482692025,2524.568454,2524.568454,0.0,6,0,0.0,2,1,,,,,14.44915447550911,0.0,0.32652032497005246,0.6734796750299475,-1.8,4,1,,,,,9.070322183315467,22381.621782832623,0.642922224510855,0.35707777548914504,-0.2844068472028244,4030.0430127064565,5404.184225000001,5404.184225000001,0.0,25,0,0.0,11,2,,,,,14.612088619932763,0.0,0.3169359635333667,0.6830640364666332,-1.8,14,2,,,,,8.90835267513222,23875.893351875875,0.6524498426392813,0.34755015736071876,0.10428052942697419,41139.7336940377,34844.334584000004,34844.334584000004,0.0,71,1,0.0,35,4,,,,,14.484308785336351,0.0,0.3244524243919794,0.6755475756080207,-1.8,36,4,,,,,8.371845971345232,21892.542664128676,0.684009060509104,0.315990939490896,0.2625242777606539,71467.89084666752,73228.689782,73228.689782,0.0,529,2,0.0,271,16,,,,,11.323613059042584,0.0,0.5103757024092598,0.4896242975907403,-1.0385595766159117,258,16,,,,,6.551486974167231,17603.379979852372,0.7910890015195746,0.20891099848042535,0.5439466588794124,71467.89084666752,73228.689782,73228.689782,0.0,529,2,0.0,271,16,,,,,11.323613059042584,0.0,0.5103757024092598,0.4896242975907403,-1.0385595766159117,258,16,,,,,6.551486974167231,17603.379979852372,0.7910890015195746,0.20891099848042535,0.5439466588794124
576,AVNT,0.0,0.0,0.0,,0,0,0,0,0,15d,bearish,-69043.38935039849,529,,,,,,,6.103499947716552,22922.18137433162,0.9238599664398917,0.07614003356010825,0.35,,-1590.4286511405999,-4692.047023,-4692.047023,0.0,2,0,0.0,0,0,,,,,,,,,,2,1,,,,,6.977822868045531,25244.29337196492,0.8664073266906059,0.13359267330939398,0.3499999999999999,2970.8185060682,-6401.787698000001,-6401.787698000001,0.0,6,0,0.0,4,1,,,,,9.136046414905179,0.0,0.7217798051472701,0.27822019485272986,0.0,2,1,,,,,6.977822868045531,25244.29337196492,0.8664073266906059,0.13359267330939398,0.3499999999999999,89.36983565499779,-9290.855524,-9290.855524,0.0,25,0,0.0,16,2,,,,,9.18231786118519,0.0,0.7186431962719882,0.2813568037280118,0.0,9,2,,,,,6.957251570387759,27176.21138777269,0.8676979555916126,0.1323020444083874,0.35000000000000003,-68291.68360718465,-15054.879954999999,-15054.879954999999,0.0,71,1,0.0,30,4,,,,,9.055393249269995,0.0,0.7272610450927415,0.27273895490725847,0.0,41,4,,,,,6.924566956486707,25519.37775943002,0.8695923180186149,0.13040768198138508,0.35,-69043.38935039849,33966.912261,33966.912261,0.0,529,2,0.0,256,16,,,,,7.276491300142605,0.0,0.8405024846210645,0.1594975153789356,0.020872905536831084,273,16,,,,,6.103499947716552,22922.18137433162,0.9238599664398917,0.07614003356010825,0.35,-69043.38935039849,33966.912261,33966.912261,0.0,529,2,0.0,256,16,,,,,7.276491300142605,0.0,0.8405024846210645,0.1594975153789356,0.020872905536831084,273,16,,,,,6.103499947716552,22922.18137433162,0.9238599664398917,0.07614003356010825,0.35
576,AIXBT,0.0,0.0,0.0,,0,0,0,0,0,15d,bearish,-60263.18722113472,529,,,,,,,4.1713924749700855,24722.6634227421,0.9310945602958773,0.06890543970412266,1.340482376409388,,151.04435527319998,376.9131040000001,376.9131040000001,0.0,2,0,0.0,2,1,,,,,4.950199738802121,0.0,0.8852823683057579,0.11471763169424237,1.0,0,0,,,,,,,,,,-1151.1554441678702,-2721.6100370000004,-2721.6100370000004,0.0,6,0,0.0,4,1,,,,,4.959990461593801,0.0,0.8847064434356589,0.11529355656434126,1.0,2,1,,,,,4.315592863875678,22804.15395204113,0.9226121844779012,0.0773878155220987,1.35,-11294.083014726502,-15423.487062,-15423.487062,0.0,25,0,0.0,11,2,,,,,4.736639804703502,0.0,0.8978447173703822,0.10215528262961782,1.0,14,2,,,,,4.421626536817753,25651.04207112364,0.9163749095989557,0.08362509040104427,1.3499999999999999,22926.601014176977,25142.254097,25142.254097,0.0,71,1,0.0,39,4,,,,,5.058240239754508,0.0,0.8789270447203231,0.12107295527967697,0.4763104868821463,32,4,,,,,4.363547058322331,24079.715661169314,0.919791349510451,0.08020865048954884,1.3499999999999999,-60263.18722113472,-42063.391021,-42063.391021,0.0,529,2,0.0,268,16,,,,,4.1815622184892085,0.0,0.9304963400888703,0.06950365991112989,0.8816269782272282,261,16,,,,,4.1713924749700855,24722.6634227421,0.9310945602958773,0.06890543970412266,1.340482376409388,-60263.18722113472,-42063.391021,-42063.391021,0.0,529,2,0.0,268,16,,,,,4.1815622184892085,0.0,0.9304963400888703,0.06950365991112989,0.8816269782272282,261,16,,,,,4.1713924749700855,24722.6634227421,0.9310945602958773,0.06890543970412266,1.340482376409388
576,MELANIA,0.0,0.0,0.0,,0,0,0,0,0,15d,bearish,-59800.13819311158,529,,,,,,,4.149347166605215,12696.787598446974,0.9309957448736328,0.06900425512636721,1.35,,-2525.796857640436,-718.0327959999966,-718.0327959999966,0.0,2,0,0.0,0,0,,,,,,,,,,2,1,,,,,4.042039456119911,10141.928333116417,0.9387035614047111,0.061296438595288834,1.35,-1771.6681958976362,-14.986789999997,-14.986789999997,0.0,6,0,0.0,4,1,,,,,4.363296282581716,0.0,0.9198061010246049,0.08019389897539507,1.0,2,1,,,,,4.042039456119911,10141.928333116417,0.9387035614047111,0.061296438595288834,1.35,5672.112780810227,5217.913109000009,5217.913109000009,0.0,25,0,0.0,13,2,,,,,4.293725817388292,0.0,0.9238984813301003,0.07610151866989957,1.0,12,2,,,,,4.085452380126052,10134.84963363287,0.9361498599925852,0.06385014000741478,1.35,8910.343255300117,13714.611824000012,13714.611824000012,0.0,71,1,0.0,39,4,,,,,4.376535071585585,0.0,0.9190273487302598,0.08097265126974026,1.0,32,4,,,,,4.1213383671613695,9769.090180145224,0.9340389195787431,0.065961080421257,1.35,-59800.13819311158,16472.77598599999,16472.77598599999,0.0,529,2,0.0,281,16,,,,,4.223585079101737,0.0,0.9280244071116625,0.07197559288833746,0.9994968511024864,248,16,,,,,4.149347166605215,12696.787598446974,0.9309957448736328,0.06900425512636721,1.35,-59800.13819311158,16472.77598599999,16472.77598599999,0.0,529,2,0.0,281,16,,,,,4.223585079101737,0.0,0.9280244071116625,0.07197559288833746,0.9994968511024864,248,16,,,,,4.149347166605215,12696.787598446974,0.9309957448736328,0.06900425512636721,1.35
576,TRB,0.0,0.0,0.0,,0,0,0,0,0,72h,bullish,57825.73074498019,71,,,,,,,5.446729372336055,98.05038892005282,0.8469361489554424,0.15306385104455747,0.35,,19004.610886312796,9573.520139999997,9573.520139999997,0.0,2,0,0.0,2,1,,,,,7.070396252213542,97.9526471295948,0.7510882702357954,0.2489117297642045,0.35,0,0,,,,,,,,,,23390.617495981594,14772.410899999999,14772.410899999999,0.0,6,0,0.0,4,1,,,,,7.084207155721517,97.95969665054281,0.7503013571639296,0.24969864283607035,0.35,2,1,,,,,4.903100226110591,7301.654241394843,0.8880529278758474,0.11194707212415243,1.35,26030.024443400176,-62881.75071999998,-62881.75071999998,0.0,25,0,0.0,13,2,1,1.0,1.0,0.0,5.401468720334614,98.05069537172821,0.8495018581924068,0.1504981418075932,0.35000000000000003,12,2,1,1.0,1.0,0.0,3.6980470786508937,1511.590744901863,0.9589384071381827,0.04106159286181726,1.342631812457361,57825.73074498019,-35302.796124999986,-35302.796124999986,0.0,71,1,0.0,38,4,1,1.0,1.0,0.0,5.446729372336055,98.05038892005282,0.8469361489554424,0.15306385104455747,0.35,33,4,1,1.0,1.0,0.0,3.7477229805170666,1720.1223315797456,0.9560162952637018,0.043983704736298056,1.321110684191765,22294.29427200268,-104922.42735999999,-104922.42735999999,0.0,529,2,0.0,257,16,1,1.0,1.0,0.0,5.170372927881391,98.17162720478845,0.8641470678375514,0.13585293216244868,0.5950650649840844,272,16,1,1.0,1.0,0.0,4.001367755539156,3475.7404014337126,0.9410960143800496,0.05890398561995033,1.2686030149104828,22294.29427200268,-104922.42735999999,-104922.42735999999,0.0,529,2,0.0,257,16,1,1.0,1.0,0.0,5.170372927881391,98.17162720478845,0.8641470678375514,0.13585293216244868,0.5950650649840844,272,16,1,1.0,1.0,0.0,4.001367755539156,3475.7404014337126,0.9410960143800496,0.05890398561995033,1.2686030149104828
576,APEX,0.0,0.0,0.0,,0,0,0,0,0,15d,bullish,57737.98997987508,529,,,,,,,11.705153241294333,0.0,0.4879032302262115,0.5120967697737884,-1.0704700994032887,,4154.030420000399,-4175.1013,-4175.1013,0.0,2,0,0.0,1,1,,,,,5.049128142058578,0.0,0.8794630504671425,0.12053694953285755,0.0,1,1,,,,,3.5298309794762335,7056.679627735125,0.9684391165465699,0.03156088345343007,1.35,5219.209356132886,-6705.493490000001,-6705.493490000001,0.0,6,0,0.0,3,1,,,,,6.046559499161367,0.0,0.8207906176963902,0.17920938230360986,0.0,3,1,,,,,3.495271830477871,7133.683161854259,0.9704728468169331,0.029527153183066843,1.3499999999999999,-15810.625229319134,-13485.42218,-13485.42218,0.0,25,0,0.0,8,2,,,,,4.103077823626494,0.0,0.9351130691984416,0.06488693080155847,0.9928029376949546,17,2,,,,,3.61371832494528,7639.355777789837,0.9635058819271196,0.03649411807288058,1.35,-27125.17384609081,-12141.930360000008,-12141.930360000008,0.0,71,1,0.0,27,4,,,,,3.7861943912240497,0.0,0.9537011379705717,0.04629886202942837,1.1376455759753359,44,4,,,,,3.6823311588895895,7458.751106881486,0.9594867915773709,0.04051320842262908,1.35,57737.98997987508,-394.224600000003,-394.224600000003,0.0,529,2,0.0,277,16,,,,,11.705153241294333,0.0,0.4879032302262115,0.5120967697737884,-1.0704700994032887,252,16,,,,,4.139398418191902,6513.905283612673,0.93260156800653,0.06739843199346998,1.35,57737.98997987508,-394.224600000003,-394.224600000003,0.0,529,2,0.0,277,16,,,,,11.705153241294333,0.0,0.4879032302262115,0.5120967697737884,-1.0704700994032887,252,16,,,,,4.139398418191902,6513.905283612673,0.93260156800653,0.06739843199346998,1.35
576,VINE,0.0,0.0,0.0,,0,0,0,0,0,15d,bullish,54414.57742457005,525,,,,,,,11.51080042670552,25.62690813756514,0.49607425700701413,0.5039257429929859,-0.48726930713229444,,-292.639269701928,4225.566742,4225.566742,0.0,2,0,0.0,1,1,,,,,19.60842656299557,0.0,0.023033731588495934,0.976966268411504,-1.8,1,1,,,,,3.5482906731635406,13830.345874138406,0.9288537607840661,0.07114623921593366,1.35,-641.1998484703926,7888.095312,7888.095312,0.0,6,0,0.0,3,1,,,,,19.90472409121999,0.0,0.005604465222353865,0.9943955347776462,-1.8,3,1,,,,,7.076040241079138,12540.724388086344,0.7303117419649363,0.2696882580350638,0.6536789679940074,-3089.16920214219,29359.897129999998,29359.897129999998,0.0,25,0,0.0,11,2,,,,,14.531457167643012,0.0,0.3199578998291707,0.6800421001708293,-1.2638956339164995,14,2,,,,,6.497272993521364,13291.642581843184,0.7622019109431982,0.23779808905680172,0.3957499749479482,8964.9242268663,-44525.59777700001,-44525.59777700001,0.0,71,1,0.0,28,4,,,,,6.836855383957062,3.349682050348683,0.7731931095280241,0.22680689047197583,0.4394928131326204,43,4,,,,,5.100417089955384,14461.603460376009,0.8359115696849216,0.16408843031507847,0.9438613077427843,54414.57742457005,27242.687456999985,27242.687456999985,0.0,525,2,0.0,253,16,,,,,11.51080042670552,25.62690813756514,0.49607425700701413,0.5039257429929859,-0.48726930713229444,272,16,,,,,4.249214346718739,9786.809728909984,0.9102788373735577,0.08972116262644218,1.276247588355829,54414.57742457005,27242.687456999985,27242.687456999985,0.0,525,2,0.0,253,16,,,,,11.51080042670552,25.62690813756514,0.49607425700701413,0.5039257429929859,-0.48726930713229444,272,16,,,,,4.249214346718739,9786.809728909984,0.9102788373735577,0.08972116262644218,1.276247588355829
576,HFUN,0.0,0.0,0.0,,0,0,0,0,0,15d,bullish,53828.005049133455,376,,,,,,,0.0,0.0,0.0,0.0,0.0,,,,,,,,,,,,,,,,,,,,,,,,,,,,,,,,,,,,,,,,,,,,,,,,,,,,,,,,,,,,,,,,,,,,,,,,,,,,,,,,,,,,,,,,,1005.9493619998987,1524.1656999998463,0.0,1524.1656999998463,15,0,1.0,4,2,,,,,0.0,0.0,0.0,0.0,0.0,11,2,,,,,0.0,0.0,0.0,0.0,0.0,53828.005049133455,-34035.44061553035,0.0,-34035.44061553035,376,1,1.0,149,14,,,,,0.0,0.0,0.0,0.0,0.0,227,14,,,,,0.0,0.0,0.0,0.0,0.0,53828.005049133455,-34035.44061553035,0.0,-34035.44061553035,376,1,1.0,149,14,,,,,0.0,0.0,0.0,0.0,0.0,227,14,,,,,0.0,0.0,0.0,0.0,0.0
576,DYM,0.0,0.0,0.0,,0,0,0,0,0,15d,bearish,-53052.15224834669,527,,,,,,,6.783362245655068,24368.886985218935,0.777449279667349,0.22255072033265105,0.40565796660763787,,4584.759855731139,-1094.275933999998,-1094.275933999998,0.0,2,0,0.0,1,1,,,,,15.302182256272435,0.0,0.27634222021926824,0.7236577797807318,-1.8000000000000003,1,1,,,,,4.897346118639627,26062.766076315856,0.8883914047859044,0.11160859521409577,1.35,4498.4334892116985,2437.044626000001,2437.044626000001,0.0,6,0,0.0,3,1,,,,,15.540860034365062,0.0,0.262302350919702,0.737697649080298,-1.8,3,1,,,,,4.583844080269253,25244.895861563193,0.9068327011606323,0.09316729883936781,1.3499999999999999,468.37297359971683,406.3204399999971,406.3204399999971,0.0,25,0,0.0,12,2,,,,,15.730932766354535,0.0,0.251121601979145,0.748878398020855,-1.8000000000000003,13,2,,,,,4.929474173568462,24948.582026172262,0.8865015192018553,0.11349848079814479,1.0142569245031055,4760.265540983472,3299.628455000001,3299.628455000001,0.0,71,1,0.0,36,4,,,,,16.506611337228264,0.0,0.2054934507512787,0.7945065492487213,-1.8,35,4,,,,,5.182395694870666,23356.265063875628,0.8716237826546668,0.12837621734533328,0.7881255750289858,-53052.15224834669,-43169.082116,-43169.082116,0.0,527,2,0.0,231,16,,,,,17.17844115227919,0.0,0.16597404986592998,0.83402595013407,-1.8,296,16,,,,,6.783362245655068,24368.886985218935,0.777449279667349,0.22255072033265105,0.40565796660763787,-53052.15224834669,-43169.082116,-43169.082116,0.0,527,2,0.0,231,16,,,,,17.17844115227919,0.0,0.16597404986592998,0.83402595013407,-1.8,296,16,,,,,6.783362245655068,24368.886985218935,0.777449279667349,0.22255072033265105,0.40565796660763787
576,PENDLE,0.0,0.0,0.0,,0,0,0,0,0,24h,bullish,52326.29996288399,25,,,,,,,5.259945404388979,19.664488356923908,0.9731440633914212,0.026855936608578775,0.006675481380293343,,1312.15013946,1551.0763,1551.0763,0.0,2,0,0.0,2,1,,,,,5.230054733197503,18.88768781891017,0.9770989808332854,0.022901019166714495,0.0,0,0,,,,,,,,,,-4722.092686192,-5808.88345,-5808.88345,0.0,6,0,0.0,4,1,,,,,5.237867310724318,18.773319933494108,0.9736962612547838,0.026303738745216028,0.0,2,1,,,,,5.167625938096642,2299.1026751064887,0.9887902193470853,0.011209780652914558,0.3499999999999999,52326.29996288399,85548.7917,85548.7917,0.0,25,0,0.0,13,2,,,,,5.259945404388979,19.664488356923908,0.9731440633914212,0.026855936608578775,0.006675481380293343,12,2,,,,,5.163051541146148,2297.2086492833464,0.9130336861804944,0.08696631381950554,0.25611992136174916,-20998.495806992007,45261.880050000014,45261.880050000014,0.0,71,1,0.0,38,4,,,,,5.255731432926791,38.81767753585477,0.976508776860907,0.02349122313909321,0.2498021332736218,33,4,,,,,5.1507268635780346,2180.2188382746112,0.5146842692725154,0.4853157307274845,-0.2306733436912641,41507.84837681606,198663.53915,198663.53915,0.0,529,2,0.0,250,16,,,,,5.191554211578695,23.549451724188984,0.9820645566858068,0.017935443314193285,0.34120264300286546,279,16,,,,,5.109956678632877,2432.3208813477736,0.8144380554153761,0.1855619445846239,0.21420469658898034,41507.84837681606,198663.53915,198663.53915,0.0,529,2,0.0,250,16,,,,,5.191554211578695,23.549451724188984,0.9820645566858068,0.017935443314193285,0.34120264300286546,279,16,,,,,5.109956678632877,2432.3208813477736,0.8144380554153761,0.1855619445846239,0.21420469658898034
576,SAND,0.0,0.0,0.0,,0,0,0,0,0,15d,bullish,50792.54535443056,529,,,,,,,6.93703854837051,0.0,0.8708640967752992,0.1291359032247007,0.0,,-640.3741561229999,1129.1658589999997,1129.1658589999997,0.0,2,0,0.0,1,1,,,,,6.446878156853161,0.0,0.9035414562097894,0.0964585437902106,0.0,1,1,,,,,6.876310769413904,7849.1643122266905,0.8749126153724067,0.12508738462759342,0.3499999999999999,47279.15513256798,38278.782854,38278.782854,0.0,6,0,0.0,2,1,,,,,6.28341362648096,0.0,0.9144390915679358,0.08556090843206406,0.0,4,1,,,,,6.780925889322112,7943.547745367858,0.8812716073785258,0.11872839262147404,0.35,48431.83945162999,42613.06736,42613.06736,0.0,25,0,0.0,13,2,,,,,6.31731889801174,0.0,0.9121787401325504,0.0878212598674494,0.0,12,2,,,,,6.740955369481666,8197.862416012751,0.8839363087012223,0.11606369129877767,0.35000000000000003,38123.74713543559,33395.312473,33395.312473,0.0,71,1,0.0,35,4,,,,,6.3669461964123455,0.0,0.9088702535725102,0.09112974642748972,0.0,36,4,,,,,6.570485770764491,8776.460819663578,0.8953009486157004,0.10469905138429944,0.35,50792.54535443056,60247.05481299999,60247.05481299999,0.0,529,2,0.0,266,16,,,,,6.93703854837051,0.0,0.8708640967752992,0.1291359032247007,0.0,263,16,,,,,7.499934937985005,13809.17357806615,0.8333376708009997,0.16666232919900026,0.35,50792.54535443056,60247.05481299999,60247.05481299999,0.0,529,2,0.0,266,16,,,,,6.93703854837051,0.0,0.8708640967752992,0.1291359032247007,0.0,263,16,,,,,7.499934937985005,13809.17357806615,0.8333376708009997,0.16666232919900026,0.35
576,FET,0.0,0.0,0.0,,0,0,0,0,0,24h,bearish,-49856.726150329596,25,,,,,,,5.077216240112757,2472.2014018339733,0.991393195314645,0.008606804685355001,0.35,,-1010.382617988,-2068.462065,-2068.462065,0.0,2,0,0.0,0,0,,,,,,,,,,2,1,,,,,5.0587975312152365,2346.6218908962674,0.992446239937468,0.007553760062531795,0.35,-4157.555875523401,-10822.858129999999,-10822.858129999999,0.0,6,0,0.0,3,1,,,,,7.270248679805385,0.0,0.8264964130276115,0.17350358697238866,0.0,3,1,,,,,5.057437037787408,2349.7419795886935,0.9925366203127137,0.007463379687286056,0.35000000000000003,-49856.726150329596,-50613.790995,-50613.790995,0.0,25,0,0.0,8,2,,,,,7.695180738314387,0.0,0.8107311737408754,0.18926882625912447,0.0,17,2,,,,,5.077216240112757,2472.2014018339733,0.991393195314645,0.008606804685355001,0.35,-45869.95437356259,-78763.87057500001,-78763.87057500001,0.0,71,1,0.0,30,4,,,,,7.266376461074514,0.0,0.8474009327391121,0.15259906726088776,0.0,41,4,,,,,5.060069809888803,2483.0163808453112,0.9924847369761824,0.007515263023817645,0.35,-43632.49490993577,-288401.461155,-288401.461155,0.0,529,2,0.0,266,16,,,,,5.8035954303413595,0.14865805627364162,0.9449162204579307,0.05508377954206943,0.3515969839223266,263,16,,,,,5.00809793114877,2575.0661806211688,0.9936065340921608,0.0063934659078392336,0.8004592072325933,-43632.49490993577,-288401.461155,-288401.461155,0.0,529,2,0.0,266,16,,,,,5.8035954303413595,0.14865805627364162,0.9449162204579307,0.05508377954206943,0.3515969839223266,263,16,,,,,5.00809793114877,2575.0661806211688,0.9936065340921608,0.0063934659078392336,0.8004592072325933
576,MONAD,0.0,0.0,0.0,,0,0,0,0,0,15d,bullish,47618.749129516735,2,,,,,,,0.0,0.0,0.0,0.0,0.0,,,,,,,,,,,,,,,,,,,,,,,,,,,,,,,,,,,,,,,,,,,,,,,,,,,,,,,,,,,,,,,,,,,,,,,,,,,,,,,,,,,,,,,,,274.16629963848095,415.40348430072873,0.0,415.40348430072873,1,0,1.0,1,1,,,,,0.0,0.0,0.0,0.0,0.0,0,0,,,,,,,,,,47618.749129516735,39869.22250919927,0.0,39869.22250919927,2,0,1.0,2,2,,,,,0.0,0.0,0.0,0.0,0.0,0,0,,,,,,,,,,47618.749129516735,39869.22250919927,0.0,39869.22250919927,2,0,1.0,2,2,,,,,0.0,0.0,0.0,0.0,0.0,0,0,,,,,,,,,
576,GMT,0.0,0.0,0.0,,0,0,0,0,0,15d,bearish,-47029.4386164379,529,,,,,,,4.386532633339636,22377.263516462415,0.9184392568623743,0.08156074313762564,1.1386681977116144,,3959.125962709359,1077.407852,1077.407852,0.0,2,0,0.0,2,1,,,,,4.514305169119197,0.0,0.9109232253459295,0.08907677465407038,1.0,0,0,,,,,,,,,,10400.850950372182,1719.917143999999,1719.917143999999,0.0,6,0,0.0,6,1,,,,,4.5397685732631246,0.0,0.9094253780433458,0.09057462195665437,1.0,0,0,,,,,,,,,,13799.8270313181,6479.532041999998,6479.532041999998,0.0,25,0,0.0,20,2,,,,,4.567964104443554,0.0,0.9077668173856733,0.09223318261432668,1.0,5,2,,,,,4.3211469252029575,13579.099963378383,0.9222854749880613,0.07771452501193864,1.35,25811.612675982797,18906.260613999995,18906.260613999995,0.0,71,1,0.0,50,4,,,,,4.484657966779543,0.0,0.9126671784247329,0.08733282157526721,1.0,21,4,,,,,4.124992017457127,14422.38975513244,0.9338239989731101,0.06617600102688982,1.35,-47029.4386164379,-20455.626223000007,-20455.626223000007,0.0,529,2,0.0,266,16,,,,,4.425932095725995,0.0,0.9161216414278827,0.08387835857211731,0.8151603544577196,263,16,,,,,4.386532633339636,22377.263516462415,0.9184392568623743,0.08156074313762564,1.1386681977116144,-47029.4386164379,-20455.626223000007,-20455.626223000007,0.0,529,2,0.0,266,16,,,,,4.425932095725995,0.0,0.9161216414278827,0.08387835857211731,0.8151603544577196,263,16,,,,,4.386532633339636,22377.263516462415,0.9184392568623743,0.08156074313762564,1.1386681977116144
576,TURBO,0.0,0.0,0.0,,0,0,0,0,0,72h,bearish,-46978.99870491331,71,,,,,,,7.2029513342631395,10953.993334503188,0.7527675685727565,0.2472324314272435,0.35000000000000003,,284.31975220563993,-174.146607,-174.146607,0.0,2,0,0.0,2,1,,,,,18.110317021081134,0.0,0.11115782228934486,0.888842177710655,-1.7999999999999998,0,0,,,,,,,,,,-285.4315280200398,57.584907999999956,57.584907999999956,0.0,6,0,0.0,4,1,,,,,18.094300702972863,0.0,0.112099958648655,0.8879000413513448,-1.8,2,1,,,,,6.638210555430562,10511.495826897655,0.7859876143864376,0.21401238561356245,0.35,-2908.3944704621595,-2737.530759999999,-2737.530759999999,0.0,25,0,0.0,9,2,,,,,18.117063837953026,0.0,0.11076095070864549,0.8892390492913546,-1.7999999999999998,16,2,,,,,6.699942185187297,10440.56980482418,0.7823563420478061,0.21764365795219393,0.35,-46978.99870491331,-11933.824273,-11933.824273,0.0,71,1,0.0,20,4,,,,,18.814150428377456,0.0,0.06975585715426717,0.9302441428457328,-1.8000000000000003,51,4,,,,,7.2029513342631395,10953.993334503188,0.7527675685727565,0.2472324314272435,0.35000000000000003,-27920.966805376476,-27614.987038,-27614.987038,0.0,529,2,0.0,210,16,,,,,18.81704546558826,0.0,0.0695855608477494,0.9304144391522506,-1.8,319,16,,,,,7.179732784620651,16246.493696439296,0.7530096958082205,0.24699030419177934,0.3499999999999999,-27920.966805376476,-27614.987038,-27614.987038,0.0,529,2,0.0,210,16,,,,,18.81704546558826,0.0,0.0695855608477494,0.9304144391522506,-1.8,319,16,,,,,7.179732784620651,16246.493696439296,0.7530096958082205,0.24699030419177934,0.3499999999999999
576,STX,0.0,0.0,0.0,,0,0,0,0,0,15d,bullish,45784.56246020896,529,,,,,,,9.019007752379267,0.0,0.7320661498413822,0.2679338501586178,-0.3076215595608485,,-1719.9993777720006,716.9675839999985,716.9675839999985,0.0,2,0,0.0,1,1,,,,,7.588012654017793,0.0,0.8274658230654803,0.17253417693451956,0.0,1,1,,,,,5.538850347721117,45610.360351670904,0.9640766279884986,0.035923372011501406,0.35,-6532.951223471409,-5656.367634000001,-5656.367634000001,0.0,6,0,0.0,3,1,,,,,7.674002375026995,0.0,0.8217331749982002,0.17826682500179966,0.0,3,1,,,,,5.426887229479501,46553.90489587179,0.9715408356983095,0.028459164301690407,0.35,-4950.227390664609,-2831.43634,-2831.43634,0.0,25,0,0.0,12,2,,,,,7.8091793724878436,0.0,0.812721375167477,0.1872786248325229,0.0,13,2,,,,,5.555014824126747,50348.10159684824,0.9629989955023495,0.03700100449765065,0.35,-29720.470934817407,9054.671730999993,9054.671730999993,0.0,71,1,0.0,34,4,,,,,8.704300351730607,0.0,0.7530466432179594,0.2469533567820405,-0.09752115873108223,37,4,,,,,5.766282741174167,49153.74738663445,0.9489144666245034,0.05108553337549676,0.35000000000000003,45784.56246020896,18652.24609100001,18652.24609100001,0.0,529,2,0.0,271,16,,,,,9.019007752379267,0.0,0.7320661498413822,0.2679338501586178,-0.3076215595608485,258,16,,,,,6.01052719059679,53880.267426984494,0.9248116490413073,0.07518835095869277,0.3913061329006087,45784.56246020896,18652.24609100001,18652.24609100001,0.0,529,2,0.0,271,16,,,,,9.019007752379267,0.0,0.7320661498413822,0.2679338501586178,-0.3076215595608485,258,16,,,,,6.01052719059679,53880.267426984494,0.9248116490413073,0.07518835095869277,0.3913061329006087
576,POPCAT,0.0,0.0,0.0,,0,0,0,0,0,15d,bullish,44121.95354316687,529,,,,,,,6.17394372840022,32.915468387048435,0.8132974277411635,0.18670257225883646,0.48255036218894026,,-199.05974912087993,498.0103199999999,498.0103199999999,0.0,2,0,0.0,0,0,,,,,,,,,,2,1,,,,,3.9927718397170775,16655.900741144585,0.9416016564872308,0.058398343512769284,1.35,8305.545140793804,4433.954349,4433.954349,0.0,6,0,0.0,4,1,,,,,12.355450822028722,0.0,0.4496793634100753,0.5503206365899248,-1.2000000000000002,2,1,,,,,3.9927718397170775,16655.900741144585,0.9416016564872308,0.058398343512769284,1.35,21068.119443732998,14909.837660999998,14909.837660999998,0.0,25,0,0.0,16,2,,,,,12.447128024652345,0.0,0.4442865867851561,0.5557134132148438,-1.2000000000000002,9,2,,,,,3.9843186089313667,16797.052965014867,0.9420989053569784,0.05790109464302159,1.3499999999999999,-39236.695682777805,-16390.423063,-16390.423063,0.0,71,1,0.0,43,4,,,,,12.717615460913397,0.0,0.4283755611227413,0.5716244388772587,-1.2000000000000002,28,4,,,,,4.026269731102043,14108.85108305293,0.9396311922881151,0.06036880771188489,1.35,44121.95354316687,53725.51455300003,53725.51455300003,0.0,529,2,0.0,280,16,,,,,6.17394372840022,32.915468387048435,0.8132974277411635,0.18670257225883646,0.48255036218894026,249,16,,,,,3.7157302490853095,13047.975157888102,0.9572794526149679,0.04272054738503215,1.35,44121.95354316687,53725.51455300003,53725.51455300003,0.0,529,2,0.0,280,16,,,,,6.17394372840022,32.915468387048435,0.8132974277411635,0.18670257225883646,0.48255036218894026,249,16,,,,,3.7157302490853095,13047.975157888102,0.9572794526149679,0.04272054738503215,1.35
576,RENDER,0.0,0.0,0.0,,0,0,0,0,0,15d,bearish,-43929.56708845801,529,,,,,,,5.538959640986581,5613.514731864003,0.9640693572675612,0.035930642732438775,0.35,,-281.51854332899177,-1736.7476999999922,-1736.7476999999922,0.0,2,0,0.0,0,0,,,,,,,,,,2,1,,,,,5.323999190568,5624.936196359425,0.9784000539621333,0.021599946037866725,0.35,1794.1509553959988,-14951.523625000002,-14951.523625000002,0.0,6,0,0.0,2,1,,,,,6.0962023143373605,0.0,0.9269198457108426,0.07308015428915719,0.0,4,1,,,,,5.07618949532735,6027.068107892924,0.9949207003115101,0.005079299688489894,0.35000000000000003,16822.97378750501,12180.14202000001,12180.14202000001,0.0,25,0,0.0,12,2,,,,,6.041971968568835,0.0,0.9305352020954112,0.06946479790458888,0.0,13,2,,,,,5.265145268937922,6078.288821061119,0.9823236487374718,0.01767635126252817,0.35,31506.382579398007,9375.566289999997,9375.566289999997,0.0,71,1,0.0,38,4,,,,,6.033951662258297,0.0,0.9310698891827802,0.06893011081721975,0.0,33,4,,,,,5.335344703130627,5815.246742326314,0.9776436864579583,0.022356313542041803,0.35,-43929.56708845801,-29903.412275000002,-29903.412275000002,0.0,529,2,0.0,260,16,,,,,6.218219149479905,0.0,0.918785390034673,0.081214609965327,0.0,269,16,,,,,5.538959640986581,5613.514731864003,0.9640693572675612,0.035930642732438775,0.35,-43929.56708845801,-29903.412275000002,-29903.412275000002,0.0,529,2,0.0,260,16,,,,,6.218219149479905,0.0,0.918785390034673,0.081214609965327,0.0,269,16,,,,,5.538959640986581,5613.514731864003,0.9640693572675612,0.035930642732438775,0.35
576,BRETT,0.0,0.0,0.0,,0,0,0,0,0,15d,bullish,43848.04685771909,529,,,,,,,5.586048265177406,0.0,0.8478795138130939,0.15212048618690624,0.3903257389187523,,1034.3284405402796,227.17322699999988,227.17322699999988,0.0,2,0,0.0,2,1,,,,,7.4363719059765065,0.0,0.739036946707264,0.26096305329273567,0.0,0,0,,,,,,,,,,-4907.874032723237,-1825.8399250000002,-1825.8399250000002,0.0,6,0,0.0,4,1,,,,,7.27503146866852,0.0,0.7485275606665576,0.2514724393334424,0.0,2,1,,,,,5.8115870061090575,14343.830717512868,0.8346125290524083,0.16538747094759174,0.3499999999999999,4768.801787005512,-4605.906206000001,-4605.906206000001,0.0,25,0,0.0,12,2,,,,,6.731302355395085,0.0,0.7805116261532304,0.21948837384676964,0.0,13,2,,,,,5.822543515080263,15127.799189403131,0.8339680285246904,0.16603197147530965,0.35,-7144.224302250468,2119.477027000001,2119.477027000001,0.0,71,1,0.0,36,4,,,,,6.167292719691356,0.0,0.8136886635475674,0.18631133645243272,0.07704184261242594,35,4,,,,,5.40874974274939,14621.893627576606,0.8583088386618005,0.14169116133819945,0.4431010938265554,43848.04685771909,-3956.2903049999954,-3956.2903049999954,0.0,529,2,0.0,291,16,,,,,5.586048265177406,0.0,0.8478795138130939,0.15212048618690624,0.3903257389187523,238,16,,,,,5.417677917623312,16251.82920169826,0.856497299883415,0.143502700116585,0.6329211558904541,43848.04685771909,-3956.2903049999954,-3956.2903049999954,0.0,529,2,0.0,291,16,,,,,5.586048265177406,0.0,0.8478795138130939,0.15212048618690624,0.3903257389187523,238,16,,,,,5.417677917623312,16251.82920169826,0.856497299883415,0.143502700116585,0.6329211558904541
576,W,0.0,0.0,0.0,,0,0,0,0,0,72h,bullish,43087.35381912639,71,,,,,,,7.309165054969103,0.0,0.8460556628106501,0.15394433718934988,0.0,,-3104.4832724652206,-4825.837121999996,-4825.837121999996,0.0,2,0,0.0,0,0,,,,,,,,,,2,1,,,,,6.307398012457243,5957.467229494466,0.912839500346474,0.08716049965352606,0.35,-15026.826615510601,8514.544988000001,8514.544988000001,0.0,6,0,0.0,1,1,,,,,7.860319630123496,0.0,0.8093120244746628,0.19068797552533717,0.0,5,1,,,,,6.282433349369307,5960.874088333655,0.9145038128981148,0.08549618710188513,0.35,6480.601144615553,11768.09427099997,11768.09427099997,0.0,25,0,0.0,14,2,,,,,7.62179730566449,0.0,0.8252135127679657,0.1747864872320342,0.0,11,2,,,,,6.29984068921684,5993.435645939774,0.9133433229788579,0.08665667702114214,0.35,43087.35381912639,-31429.146825,-31429.146825,0.0,71,1,0.0,46,4,,,,,7.309165054969103,0.0,0.8460556628106501,0.15394433718934988,0.0,25,4,,,,,6.253926052633259,5964.978984205865,0.9164042921582063,0.08359570784179353,0.3499999999999999,16436.043471917616,-96411.526456,-96411.526456,0.0,529,2,0.0,273,16,,,,,7.777975056304754,0.0,0.814801662652343,0.18519833734765695,0.0,256,16,,,,,6.18966046039451,8319.514480649495,0.9206884511728413,0.07931154882715875,0.35,16436.043471917616,-96411.526456,-96411.526456,0.0,529,2,0.0,273,16,,,,,7.777975056304754,0.0,0.814801662652343,0.18519833734765695,0.0,256,16,,,,,6.18966046039451,8319.514480649495,0.9206884511728413,0.07931154882715875,0.35
576,BANANA,0.0,0.0,0.0,,0,0,0,0,0,15d,bearish,-42393.736352076965,526,,,,,,,6.226689419378587,21710.06811365479,0.8101947400365537,0.1898052599634463,0.5470190442057064,,646.1537449787991,-488.43003999999974,-488.43003999999974,0.0,2,0,0.0,2,1,,,,,2.9999999999999996,0.0,1.0,0.0,1.4499999999999997,0,0,,,,,,,,,,567.4729297859964,-136.37736000000166,-136.37736000000166,0.0,6,0,0.0,4,1,,,,,2.9999999999999996,0.0,1.0,0.0,1.45,2,1,,,,,5.8342392762398845,43655.436824629054,0.8332800425741246,0.16671995742587564,0.35000000000000003,8697.382427528399,5464.149205000001,5464.149205000001,0.0,25,0,0.0,14,2,,,,,3.0000000000000004,0.0,1.0,0.0,1.3827073272342814,11,2,,,,,4.302529808361682,46180.034856606784,0.9233805995081363,0.07661940049186367,1.2353802823171212,4323.532027189077,2852.5334299999995,2852.5334299999995,0.0,71,1,0.0,38,4,,,,,3.0,0.0,1.0,0.0,1.3763853409662063,33,4,,,,,4.760440000957542,33496.50377490227,0.896444705826027,0.10355529417397302,0.8858074668775987,-42393.736352076965,-32484.803670000016,-32484.803670000016,0.0,526,2,0.0,246,16,,,,,5.2756400418423235,0.0,0.8661388210680986,0.13386117893190141,0.5567583624556245,280,16,,,,,6.226689419378587,21710.06811365479,0.8101947400365537,0.1898052599634463,0.5470190442057064,-42393.736352076965,-32484.803670000016,-32484.803670000016,0.0,526,2,0.0,246,16,,,,,5.2756400418423235,0.0,0.8661388210680986,0.13386117893190141,0.5567583624556245,280,16,,,,,6.226689419378587,21710.06811365479,0.8101947400365537,0.1898052599634463,0.5470190442057064
576,GAS,0.0,0.0,0.0,,0,0,0,0,0,15d,bearish,-41829.268410514625,528,,,,,,,5.5965019769091295,18132.053021823314,0.8472645895935806,0.15273541040641936,0.5936342567837813,,-818.7609260891948,-262.8129499999958,-262.8129499999958,0.0,2,0,0.0,0,0,,,,,,,,,,2,1,,,,,5.928362018937953,22037.734340276493,0.8277434106507087,0.17225658934929142,0.35,-1225.2269704974,-123.3775600000005,-123.3775600000005,0.0,6,0,0.0,2,1,,,,,5.635906423442595,0.0,0.8449466809739649,0.155053319026035,0.0,4,1,,,,,5.881309641492599,22142.03501295097,0.830511197559259,0.16948880244074108,0.35,-1281.119646435235,143.75294500000388,143.75294500000388,0.0,25,0,0.0,12,2,,,,,5.567755747629411,0.0,0.8489555442570934,0.1510444557429065,0.0,13,2,,,,,5.649582156072021,21932.482961581572,0.8441422261134107,0.15585777388658945,0.35,-323.2608060539549,4777.931980000004,4777.931980000004,0.0,70,1,0.0,42,4,,,,,5.293891010311612,0.0,0.8650652346875521,0.13493476531244777,0.24233447684044904,28,4,,,,,5.266062078272588,20098.268729471085,0.8667022306898479,0.13329776931015222,0.7409152351110325,-41829.268410514625,-23022.46494999999,-23022.46494999999,0.0,528,2,0.0,260,16,,,,,5.362811544618734,0.0,0.8610110856106626,0.1389889143893373,0.17735086638879985,268,16,,,,,5.5965019769091295,18132.053021823314,0.8472645895935806,0.15273541040641936,0.5936342567837813,-41829.268410514625,-23022.46494999999,-23022.46494999999,0.0,528,2,0.0,260,16,,,,,5.362811544618734,0.0,0.8610110856106626,0.1389889143893373,0.17735086638879985,268,16,,,,,5.5965019769091295,18132.053021823314,0.8472645895935806,0.15273541040641936,0.5936342567837813
576,DASH,0.0,0.0,0.0,,0,0,0,0,0,72h,bullish,39707.90945273963,71,,,,,,,10.320538358057636,1.1453393924359752,0.6452974427961577,0.3547025572038423,-0.6696703230393337,,4031.507808435011,10253.557295000011,10253.557295000011,0.0,2,0,0.0,1,1,,,,,9.38804458248909,0.0,0.7074636945007271,0.29253630549927284,0.0,1,1,,,,,5.818247656456665,8215.559871255446,0.9303948323255821,0.06960516767441786,0.35,9895.20213687001,11312.734240000007,11312.734240000007,0.0,6,0,0.0,4,1,,,,,9.10151389610133,0.0,0.7265657402599114,0.2734342597400887,0.0,2,1,,,,,5.805199743987511,8212.474839279223,0.9312547773047329,0.06874522269526737,0.35000000000000003,34841.73084935063,41163.793774999984,41163.793774999984,0.0,25,0,0.0,18,2,,,,,9.502084763250046,0.0,0.6998610157833303,0.3001389842166697,-0.0716889778780444,7,2,,,,,5.90705706512659,7576.043740506814,0.924394784185867,0.07560521581413286,0.35,39707.90945273963,52491.78935999997,52491.78935999997,0.0,71,1,0.0,45,4,,,,,10.320538358057636,1.1453393924359752,0.6452974427961577,0.3547025572038423,-0.6696703230393337,26,4,,,,,6.070953850796504,6870.265048422931,0.9149328680280521,0.08506713197194785,0.3499999999999999,-13269.307879889879,12468.075550000003,12468.075550000003,0.0,529,2,0.0,266,16,,,,,12.105780994111322,0.36474346282578696,0.526281267059245,0.4737187329407549,-1.139918353955478,263,16,,,,,6.437907394213593,7925.137506381273,0.8910715232870658,0.10892847671293407,0.35,-13269.307879889879,12468.075550000003,12468.075550000003,0.0,529,2,0.0,266,16,,,,,12.105780994111322,0.36474346282578696,0.526281267059245,0.4737187329407549,-1.139918353955478,263,16,,,,,6.437907394213593,7925.137506381273,0.8910715232870658,0.10892847671293407,0.35
576,YEETI,0.0,0.0,0.0,,0,0,0,0,0,15d,bullish,39652.67757888,4,,,,,,,0.0,0.0,0.0,0.0,0.0,,,,,,,,,,,,,,,,,,,,,,,,,,,,,,,,,,,,,,,,,,,,,,,,,,,,,,,,,,,,,,,,,,,,,,,,,,,,,,,,,,,,,,,,,,,,,,,,,,,,,,,,,,,,,,,,,,,,,,39652.67757888,78596.253492,0.0,78596.253492,4,0,1.0,3,3,,,,,0.0,0.0,0.0,0.0,0.0,1,1,,,,,0.0,0.0,0.0,0.0,0.0,39652.67757888,78596.253492,0.0,78596.253492,4,0,1.0,3,3,,,,,0.0,0.0,0.0,0.0,0.0,1,1,,,,,0.0,0.0,0.0,0.0,0.0
576,BOME,0.0,0.0,0.0,,0,0,0,0,0,15d,bearish,-39443.54875614042,491,,,,,,,8.878037306635255,86992.72674174423,0.6499760153176235,0.3500239846823764,-0.03421166372170247,,-392.6647771949999,-556.2693569999999,-556.2693569999999,0.0,2,0,0.0,0,0,,,,,,,,,,2,1,,,,,7.6518896470087245,72884.0626675284,0.7263594325288987,0.27364056747110144,0.35,-7.225338380999876,944.4062180000001,944.4062180000001,0.0,5,0,0.0,3,1,,,,,8.60173498589762,0.0,0.67048617730014,0.32951382269985996,0.0,2,1,,,,,7.6518896470087245,72884.0626675284,0.7263594325288987,0.27364056747110144,0.35,736.5863421410164,4272.584375,4272.584375,0.0,23,0,0.0,10,2,,,,,8.509570933655276,0.0,0.6759075921379251,0.324092407862075,0.0,13,2,,,,,7.790092675892667,81051.8063629906,0.718229842594549,0.2817701574054509,0.35,-2819.055701196022,4940.911464999999,4940.911464999999,0.0,67,1,0.0,34,4,,,,,8.223519051847584,0.0,0.6927341734207303,0.30726582657926965,0.0,33,4,,,,,8.635255507324082,74986.58212757524,0.668514381922113,0.3314856180778871,0.18127389942095345,-39443.54875614042,-18186.774641999997,-18186.774641999997,0.0,491,2,0.0,241,16,,,,,7.855260088747039,0.0,0.7143964653678212,0.2856035346321788,0.0,250,16,,,,,8.878037306635255,86992.72674174423,0.6499760153176235,0.3500239846823764,-0.03421166372170247,-39443.54875614042,-18186.774641999997,-18186.774641999997,0.0,491,2,0.0,241,16,,,,,7.855260088747039,0.0,0.7143964653678212,0.2856035346321788,0.0,250,16,,,,,8.878037306635255,86992.72674174423,0.6499760153176235,0.3500239846823764,-0.03421166372170247
576,IOTA,0.0,0.0,0.0,,0,0,0,0,0,15d,bearish,-38544.699501184004,528,,,,,,,3.3779094397933744,8445.553521075799,0.9777700329533311,0.022229967046669057,1.4939940792033768,,1236.8438051429998,-2727.235090999999,-2727.235090999999,0.0,2,0,0.0,1,1,,,,,4.273265709868026,0.0,0.9251020170665866,0.07489798293341328,1.0,1,1,,,,,3.6297350105558293,9009.1490675963,0.962956764084951,0.037043235915048864,1.35,1559.7235081179597,-907.2558469999998,-907.2558469999998,0.0,6,0,0.0,2,1,,,,,4.5021784438918715,0.0,0.9116365621240076,0.08836343787599242,1.0,4,1,,,,,3.5361533543839254,9021.122564479105,0.9684615673891809,0.031538432610819116,1.35,-111.63138400179193,8633.837732,8633.837732,0.0,24,0,0.0,10,2,,,,,4.4034598435766865,0.0,0.917443538613136,0.08255646138686393,1.0,14,2,,,,,4.017699739726957,8665.990888179256,0.940135309427826,0.059864690572174035,1.35,-10933.749401183597,1090.749214,1090.749214,0.0,70,1,0.0,35,4,,,,,4.80397787171576,0.0,0.8938836546049554,0.10611634539504472,0.6712302730060017,35,4,,,,,4.4473184871343605,7436.54252782887,0.9148636184038612,0.08513638159613882,1.3187091966336608,-38544.699501184004,3230.2335849999954,3230.2335849999954,0.0,528,2,0.0,289,16,,,,,5.630378655104416,0.0,0.8452718438173871,0.1547281561826128,0.41972123250179383,239,16,,,,,3.3779094397933744,8445.553521075799,0.9777700329533311,0.022229967046669057,1.4939940792033768,-38544.699501184004,3230.2335849999954,3230.2335849999954,0.0,528,2,0.0,289,16,,,,,5.630378655104416,0.0,0.8452718438173871,0.1547281561826128,0.41972123250179383,239,16,,,,,3.3779094397933744,8445.553521075799,0.9777700329533311,0.022229967046669057,1.4939940792033768
576,COMP,0.0,0.0,0.0,,0,0,0,0,0,15d,bearish,-37450.37945173101,529,,,,,,,7.476247502844043,10432.48389960212,0.832847423645857,0.167152576354143,0.35,,1299.4832730689964,-1512.9281400000068,-1512.9281400000068,0.0,2,0,0.0,2,1,,,,,8.856821465735342,0.0,0.7426506773120886,0.25734932268791133,0.0,0,0,,,,,,,,,,2229.2901658019973,3470.6683399999984,3470.6683399999984,0.0,6,0,0.0,5,1,,,,,8.878778235504472,0.0,0.7411873910601574,0.25881260893984276,0.0,1,1,,,,,7.77332505948409,10097.957097470118,0.8133404361571372,0.1866595638428626,0.35,9424.867689765997,9163.355444999994,9163.355444999994,0.0,25,0,0.0,17,2,,,,,8.871152545906417,0.0,0.7416958309975953,0.2583041690024047,0.0,8,2,,,,,7.695470240202401,10189.508002076704,0.8185324327374096,0.18146756726259042,0.35000000000000003,-3522.511194762997,-312.62962000000084,-312.62962000000084,0.0,71,1,0.0,38,4,,,,,8.872165108802761,0.0,0.741628344638436,0.2583716553615639,0.0,33,4,,,,,7.795761789834901,9620.764824725886,0.8118566511757745,0.18814334882422534,0.35,-37450.37945173101,-48439.12752,-48439.12752,0.0,529,2,0.0,260,16,,,,,8.120058307308316,0.0,0.7912671878080191,0.2087328121919809,0.0,269,16,,,,,7.476247502844043,10432.48389960212,0.832847423645857,0.167152576354143,0.35,-37450.37945173101,-48439.12752,-48439.12752,0.0,529,2,0.0,260,16,,,,,8.120058307308316,0.0,0.7912671878080191,0.2087328121919809,0.0,269,16,,,,,7.476247502844043,10432.48389960212,0.832847423645857,0.167152576354143,0.35
576,POLYX,0.0,0.0,0.0,,0,0,0,0,0,15d,bearish,-35858.246774781524,528,,,,,,,8.882276765037428,36143.51468300097,0.6539837197036806,0.3460162802963191,-0.4111207879327041,,6093.119202438119,4748.379169,4748.379169,0.0,2,0,0.0,2,1,,,,,8.013698936029508,0.0,0.7050765331747351,0.29492346682526516,0.0,0,0,,,,,,,,,,5859.253882931879,3180.3383089999998,3180.3383089999998,0.0,6,0,0.0,4,1,,,,,8.031076576398078,0.0,0.7040543190354074,0.29594568096459284,0.0,2,1,,,,,4.418711680015035,36511.68784108658,0.9165463717638216,0.08345362823617851,1.35,8387.221507246077,8156.528743,8156.528743,0.0,25,0,0.0,16,2,,,,,7.8706465515839295,0.0,0.7134913793185925,0.28650862068140764,0.0,9,2,,,,,3.4516673886579046,33984.230671124256,0.9734313300789468,0.026568669921053202,1.35,4809.658379249759,1559.6581919999999,1559.6581919999999,0.0,71,1,0.0,40,4,,,,,7.714188151580012,0.0,0.7226948146129405,0.27730518538705956,-0.016754794982667045,31,4,,,,,4.263144128533902,36954.38045017444,0.9256974042038881,0.07430259579611187,1.1933308096973851,-35858.246774781524,-20002.119387,-20002.119387,0.0,528,2,0.0,254,16,1,1.0,1.0,0.0,3.504669578934916,0.0,0.9703135541802993,0.029686445819700938,0.9073036855938276,274,16,1,1.0,1.0,0.0,8.882276765037428,36143.51468300097,0.6539837197036806,0.3460162802963191,-0.4111207879327041,-35858.246774781524,-20002.119387,-20002.119387,0.0,528,2,0.0,254,16,1,1.0,1.0,0.0,3.504669578934916,0.0,0.9703135541802993,0.029686445819700938,0.9073036855938276,274,16,1,1.0,1.0,0.0,8.882276765037428,36143.51468300097,0.6539837197036806,0.3460162802963191,-0.4111207879327041
576,LUCKY,0.0,0.0,0.0,,0,0,0,0,0,15d,bullish,32812.3638498,3,,,,,,,0.0,0.0,0.0,0.0,0.0,,,,,,,,,,,,,,,,,,,,,,,,,,,,,,,,,,,,,,,,,,,,,,,,,,,,,,,,,,,,,,,,,,,,,,,,,,,,,,,,,,,,,,,,,,,,,,,,,,,,,,,,,,,,,,,,,,,,,,32812.3638498,42065.836149999996,0.0,42065.836149999996,3,0,1.0,3,3,,,,,0.0,0.0,0.0,0.0,0.0,0,0,,,,,,,,,,32812.3638498,42065.836149999996,0.0,42065.836149999996,3,0,1.0,3,3,,,,,0.0,0.0,0.0,0.0,0.0,0,0,,,,,,,,,
576,0G,0.0,0.0,0.0,,0,0,0,0,0,72h,bearish,-32480.755452021236,71,,,,,,,6.154485500252148,11194.64975348158,0.8144420293969326,0.18555797060306756,0.35,,-3209.4612037487996,1470.54311,1470.54311,0.0,2,0,0.0,1,1,,,,,6.802616177685256,0.0,0.7763166954302791,0.22368330456972094,0.0,1,1,,,,,6.1917534428828205,11724.365060954588,0.812249797477481,0.18775020252251884,0.3499999999999999,-954.4701536664004,-902.6066499999995,-902.6066499999995,0.0,6,0,0.0,4,1,,,,,7.569044360746674,0.0,0.7312326846619602,0.26876731533803966,0.0,2,1,,,,,6.279799414819411,11625.552832857094,0.8070706226576816,0.19292937734231827,0.35,837.9105160692021,4048.171965,4048.171965,0.0,25,0,0.0,11,2,,,,,7.7116783822892625,0.0,0.7228424481006316,0.2771575518993684,0.0,14,2,,,,,6.215034934933423,11123.900513312694,0.8108802979450928,0.18911970205490727,0.35000000000000003,-32480.755452021236,-20981.15396,-20981.15396,0.0,71,1,0.0,34,4,,,,,7.305955784250721,0.0,0.7467084832793693,0.25329151672063066,0.0,37,4,,,,,6.154485500252148,11194.64975348158,0.8144420293969326,0.18555797060306756,0.35,3737.4660102975736,-33696.49852,-33696.49852,0.0,529,2,0.0,301,16,,,,,5.224026054503014,0.8411510476694075,0.8691749379704109,0.13082506202958905,0.45817896994419893,228,16,,,,,5.064037620763837,11689.4355516566,0.8785860223080096,0.12141397769199036,0.8066555057021363,3737.4660102975736,-33696.49852,-33696.49852,0.0,529,2,0.0,301,16,,,,,5.224026054503014,0.8411510476694075,0.8691749379704109,0.13082506202958905,0.45817896994419893,228,16,,,,,5.064037620763837,11689.4355516566,0.8785860223080096,0.12141397769199036,0.8066555057021363
576,GRIFFAIN,0.0,0.0,0.0,,0,0,0,0,0,15d,bearish,-32045.463447752856,529,,,,,,,4.283966501965474,16492.005738864227,0.9115414914470246,0.0884585085529754,1.1073658863485025,,-1911.63455970168,-2234.89383,-2234.89383,0.0,2,0,0.0,1,1,,,,,4.840879428011999,0.0,0.8917129748228235,0.10828702517717642,1.0,1,1,,,,,3.7867475868227993,18128.077925333226,0.9402757719650134,0.05972422803498645,1.35,-1066.9636986903604,-3673.2851140000002,-3673.2851140000002,0.0,6,0,0.0,2,1,,,,,4.86730974817817,0.0,0.8901582501071662,0.10984174989283359,1.0,4,1,,,,,3.7674723836212007,18148.191891979634,0.9413976439268539,0.058602356073146046,1.3500000000000003,2396.0239041521195,167.3158589999999,167.3158589999999,0.0,25,0,0.0,12,2,,,,,5.162555789927,0.0,0.872790835886647,0.12720916411335295,0.17799806000747437,13,2,,,,,3.568672874077163,19000.84015346974,0.9529789938668644,0.04702100613313558,1.35,4511.898390268906,11792.622959999986,11792.622959999986,0.0,71,1,0.0,33,4,,,,,5.6228395687339825,0.0,0.8457153194862362,0.1542846805137637,0.260323095178317,38,4,,,,,3.904615816470687,17058.64589630682,0.9334829278847288,0.06651707211527112,1.35,-32045.463447752856,-12791.098924,-12791.098924,0.0,529,2,0.0,250,16,,,,,6.08493381706851,0.0,0.818533304878323,0.18146669512167707,0.20430867060493862,279,16,,,,,4.283966501965474,16492.005738864227,0.9115414914470246,0.0884585085529754,1.1073658863485025,-32045.463447752856,-12791.098924,-12791.098924,0.0,529,2,0.0,250,16,,,,,6.08493381706851,0.0,0.818533304878323,0.18146669512167707,0.20430867060493862,279,16,,,,,4.283966501965474,16492.005738864227,0.9115414914470246,0.0884585085529754,1.1073658863485025
576,XAI,0.0,0.0,0.0,,0,0,0,0,0,15d,bearish,-31259.96086221218,529,,,,,,,6.1106608735393415,14710.103411357608,0.8170199486153329,0.1829800513846671,0.35000000000000003,,1667.1872596837218,849.3924020000045,849.3924020000045,0.0,2,0,0.0,2,1,,,,,6.19021217135857,0.0,0.8123404605083194,0.18765953949168054,0.0,0,0,,,,,,,,,,2099.46408544116,721.278012,721.278012,0.0,6,0,0.0,6,1,,,,,6.202370730744778,0.0,0.8116252511326603,0.18837474886733982,0.0,0,0,,,,,,,,,,22.784112282258867,241.6163860000034,241.6163860000034,0.0,25,0,0.0,14,2,,,,,6.121876390136486,0.0,0.8163602123449126,0.18363978765508737,0.0,11,1,,,,,5.724023184273261,17254.64833742743,0.8397633421015729,0.16023665789842712,0.35000000000000003,-7345.804446385325,-730.6357499999979,-730.6357499999979,0.0,71,1,0.0,35,4,,,,,6.08381697908023,0.0,0.8185990012305747,0.18140099876942525,0.0,36,3,,,,,5.71752639339806,16166.352272375847,0.8401455062707025,0.1598544937292976,0.35,-31259.96086221218,-13953.402525000001,-13953.402525000001,0.0,529,2,0.0,281,16,,,,,6.309092464154492,0.0,0.8053475021085592,0.19465249789144073,0.0,248,15,,,,,6.1106608735393415,14710.103411357608,0.8170199486153329,0.1829800513846671,0.35000000000000003,-31259.96086221218,-13953.402525000001,-13953.402525000001,0.0,529,2,0.0,281,16,,,,,6.309092464154492,0.0,0.8053475021085592,0.19465249789144073,0.0,248,15,,,,,6.1106608735393415,14710.103411357608,0.8170199486153329,0.1829800513846671,0.35000000000000003
576,ME,0.0,0.0,0.0,,0,0,0,0,0,15d,bullish,31156.681904689973,529,,,,,,,9.522763602135827,0.0,0.6163080234037748,0.38369197659622517,-0.6356954947312521,,4403.796877532543,2669.4871839999905,2669.4871839999905,0.0,2,0,0.0,2,1,,,,,13.77175277899654,0.0,0.36636748358843907,0.6336325164115609,-1.8,0,0,,,,,,,,,,8748.83804684128,3513.231292999998,3513.231292999998,0.0,6,0,0.0,4,1,,,,,13.702302222082011,0.0,0.3704528104657641,0.6295471895342357,-1.7999999999999998,2,1,,,,,13.871944619442923,14587.11386809409,0.360473845915122,0.639526154084878,-1.4500000000000002,20301.898895917268,9709.092727999996,9709.092727999996,0.0,25,0,0.0,17,2,,,,,13.457516865493258,0.0,0.384851949088632,0.6151480509113681,-1.706426891131831,8,2,,,,,13.316891276393708,12985.218402076367,0.3931240425650758,0.6068759574349241,-1.1981555620164863,18627.290579453806,7082.1585650000015,7082.1585650000015,0.0,71,1,0.0,35,4,,,,,12.838699326420292,0.0,0.4212529807988064,0.5787470192011935,-1.499949468675391,36,4,,,,,11.922873152127549,11528.17252327062,0.4751251086983795,0.5248748913016206,-0.933954882888672,31156.681904689973,14991.167831999994,14991.167831999994,0.0,529,2,0.0,267,16,,,,,9.522763602135827,0.0,0.6163080234037748,0.38369197659622517,-0.6356954947312521,262,16,,,,,10.463848841074507,11860.752942844625,0.5609500681720879,0.43904993182791213,-0.6268071467312822,31156.681904689973,14991.167831999994,14991.167831999994,0.0,529,2,0.0,267,16,,,,,9.522763602135827,0.0,0.6163080234037748,0.38369197659622517,-0.6356954947312521,262,16,,,,,10.463848841074507,11860.752942844625,0.5609500681720879,0.43904993182791213,-0.6268071467312822
576,MERL,0.0,0.0,0.0,,0,0,0,0,0,15d,bearish,-30179.47520061223,529,,,,,,,8.615190826699159,12036.169162149476,0.6696946572529908,0.33030534274700923,0.12283629498835108,,488.59016021184004,287.20167200000014,287.20167200000014,0.0,2,0,0.0,1,1,,,,,9.046290274224756,0.0,0.6425724008857571,0.357427599114243,-0.65,1,1,,,,,9.419461671023932,14182.889313241074,0.6223846075868277,0.37761539241317243,-0.30000000000000004,-2648.8923911288393,-2239.9650509999997,-2239.9650509999997,0.0,6,0,0.0,3,1,,,,,9.106549298698818,0.0,0.6390402293621177,0.3609597706378824,-0.65,3,1,,,,,9.367448585737153,14207.943611407223,0.625444200838991,0.3745557991610091,-0.3000000000000001,-7651.614329578639,-3979.325685999999,-3979.325685999999,0.0,25,0,0.0,11,2,,,,,9.166042679662386,0.0,0.6355637770956436,0.36443622290435634,-0.6499999999999999,14,2,,,,,9.107027865955398,13772.100051696585,0.6407630667085059,0.359236933291494,-0.0617941787523558,-3469.545620465257,-4499.454199999999,-4499.454199999999,0.0,71,1,0.0,33,4,,,,,9.107457832693004,0.0,0.6390219576188825,0.3609780423811174,-0.5447118516514851,38,4,,,,,9.141231771206414,12743.73288405933,0.6387510722819756,0.3612489277180244,-0.13916094468895324,-30179.47520061223,8865.055831000001,8865.055831000001,0.0,529,2,0.0,271,16,,,,,8.74824840401506,0.0,0.6602370698358437,0.3397629301641562,-0.31973394291561724,258,16,,,,,8.615190826699159,12036.169162149476,0.6696946572529908,0.33030534274700923,0.12283629498835108,-30179.47520061223,8865.055831000001,8865.055831000001,0.0,529,2,0.0,271,16,,,,,8.74824840401506,0.0,0.6602370698358437,0.3397629301641562,-0.31973394291561724,258,16,,,,,8.615190826699159,12036.169162149476,0.6696946572529908,0.33030534274700923,0.12283629498835108
576,HEMI,0.0,0.0,0.0,,0,0,0,0,0,72h,bearish,-29581.357168916493,71,,,,,,,3.8354827894513623,4214.499361183269,0.9508539535616846,0.049146046438315466,1.35,,1865.2888243335601,-135.4063200000001,-135.4063200000001,0.0,2,0,0.0,1,1,,,,,13.746499581099156,0.0,0.36785296581769666,0.6321470341823032,-1.7999999999999998,1,1,,,,,3.5878670562997823,4545.659178789382,0.9654195849235423,0.03458041507645781,1.35,-15163.505036871718,-13756.074980000001,-13756.074980000001,0.0,6,0,0.0,3,1,,,,,13.861996240352441,0.0,0.36105904468515043,0.6389409553148495,-1.7999999999999998,3,1,,,,,3.686947456802082,4640.1228222180325,0.9595913260704659,0.040408673929534206,1.35,-13549.130151172796,-13271.079192,-13271.079192,0.0,25,0,0.0,15,2,,,,,14.705474256029941,0.0,0.31144269082176823,0.6885573091782318,-1.8,10,2,,,,,3.667960219465743,4591.317996541108,0.9607082223843681,0.03929177761563194,1.35,-29581.357168916493,-20020.048433000004,-20020.048433000004,0.0,71,1,0.0,36,4,,,,,14.05899390354419,0.0,0.34947094685034163,0.6505290531496583,-1.6539073916386942,35,4,,,,,3.8354827894513623,4214.499361183269,0.9508539535616846,0.049146046438315466,1.35,14854.705560717935,-8796.605901999972,-8796.605901999972,0.0,529,2,0.0,267,16,,,,,12.342762166848818,0.0,0.45042575489124603,0.549574245108754,-1.2583554252379416,262,16,,,,,4.263120182713371,3840.583193206652,0.9256988127815664,0.07430118721843362,1.3012035944084255,14854.705560717935,-8796.605901999972,-8796.605901999972,0.0,529,2,0.0,267,16,,,,,12.342762166848818,0.0,0.45042575489124603,0.549574245108754,-1.2583554252379416,262,16,,,,,4.263120182713371,3840.583193206652,0.9256988127815664,0.07430118721843362,1.3012035944084255
576,HPL,0.0,0.0,0.0,,0,0,0,0,0,15d,bearish,-28488.61501783481,8,,,,,,,0.0,0.0,0.0,0.0,0.0,,,,,,,,,,,,,,,,,,,,,,,,,,,,,,,,,,,,,,,,,,,,,,,,,,,,,,,,,,,,,,,,,,,,,,,,,,,,,,,,,,,,,,,,,,,,,,,,,,,,,,,,,,,,,,,,,,,,,,-28488.61501783481,-20368.538529472866,0.0,-20368.538529472866,8,0,1.0,1,1,,,,,0.0,0.0,0.0,0.0,0.0,7,4,,,,,0.0,0.0,0.0,0.0,0.0,-28488.61501783481,-20368.538529472866,0.0,-20368.538529472866,8,0,1.0,1,1,,,,,0.0,0.0,0.0,0.0,0.0,7,4,,,,,0.0,0.0,0.0,0.0,0.0
576,UMA,0.0,0.0,0.0,,0,0,0,0,0,15d,bearish,-28417.062140182115,507,,,,,,,9.669407559503203,11949.514011841486,0.6076819082645175,0.3923180917354825,-0.41078714114348264,,-4533.445989997923,-659.2753760000044,-659.2753760000044,0.0,2,0,0.0,0,0,,,,,,,,,,2,1,,,,,9.696537204522635,11440.838334743212,0.6060860467927863,0.39391395320721373,-0.30000000000000004,-1865.1972184050016,277.7203159999954,277.7203159999954,0.0,6,0,0.0,3,1,,,,,16.10050487438444,0.0,0.22938206621267998,0.77061793378732,-1.8,3,1,,,,,9.697134029743163,11443.6434745292,0.6060509394268729,0.3939490605731271,-0.30000000000000004,-12617.347706929515,-5832.748342999997,-5832.748342999997,0.0,25,0,0.0,12,2,,,,,16.008688442610985,0.0,0.23478303278758908,0.765216967212411,-1.8000000000000003,13,2,,,,,9.421229824263213,11176.24296819692,0.6222805985727521,0.3777194014272478,-0.30000000000000004,-12502.574968889316,-6090.764486,-6090.764486,0.0,71,1,0.0,36,4,,,,,15.293176521286926,0.0,0.2768719693360631,0.7231280306639368,-1.8000000000000003,35,4,,,,,9.288691971456668,10730.134432449191,0.6300769428554901,0.3699230571445099,-0.19768810611026513,-28417.062140182115,-17989.365051000004,-17989.365051000004,0.0,507,2,0.0,257,16,,,,,15.214207530147764,0.0,0.28151720410895503,0.7184827958910449,-1.7999999999999998,250,16,,,,,9.669407559503203,11949.514011841486,0.6076819082645175,0.3923180917354825,-0.41078714114348264,-28417.062140182115,-17989.365051000004,-17989.365051000004,0.0,507,2,0.0,257,16,,,,,15.214207530147764,0.0,0.28151720410895503,0.7184827958910449,-1.7999999999999998,250,16,,,,,9.669407559503203,11949.514011841486,0.6076819082645175,0.3923180917354825,-0.41078714114348264
576,TNSR,0.0,0.0,0.0,,0,0,0,0,0,15d,bullish,28089.944034072283,426,,,,,,,3.0,0.0,1.0,0.0,1.3090283537057765,,-1468.7123262172736,-835.463647999994,-835.463647999994,0.0,2,0,0.0,0,0,,,,,,,,,,2,1,,,,,3.0,15320.515145027059,1.0,0.0,1.756053962085119,-2348.103023064083,-1803.1078850000026,-1803.1078850000026,0.0,6,0,0.0,1,1,,,,,3.0,0.0,1.0,0.0,1.45,5,1,,,,,2.999999999999999,15450.567257823273,1.0,0.0,1.7767461539021612,-1757.9129620405665,-1743.9491190000058,-1743.9491190000058,0.0,21,0,0.0,7,2,,,,,3.0,0.0,1.0,0.0,1.4021226432259848,14,2,,,,,3.0,15771.950043342216,1.0,0.0,1.686629792496161,-2322.959673858002,-3276.652893,-3276.652893,0.0,59,1,0.0,29,4,,,,,3.0,0.0,1.0,0.0,1.2804702177464091,30,4,,,,,3.0,15093.646937285106,1.0,0.0,1.602568067535934,28089.944034072283,-67012.199702,-67012.199702,0.0,426,2,0.0,186,15,,,,,3.0,0.0,1.0,0.0,1.3090283537057765,240,16,,,,,3.0,17632.061179314238,1.0,0.0,1.6555573187805102,28089.944034072283,-67012.199702,-67012.199702,0.0,426,2,0.0,186,15,,,,,3.0,0.0,1.0,0.0,1.3090283537057765,240,16,,,,,3.0,17632.061179314238,1.0,0.0,1.6555573187805102
576,ZEN,0.0,0.0,0.0,,0,0,0,0,0,15d,bearish,-27770.6986408437,529,,,,,,,5.655937046951434,15138.813665162294,0.9443479887442364,0.055652011255763564,0.5018606433411283,,3568.72480087,2674.238872,2674.238872,0.0,2,0,0.0,2,1,,,,,14.43236344235743,0.0,0.3711757705095047,0.6288242294904952,-1.8000000000000003,0,0,,,,,,,,,,4596.858184467033,1381.9899689999997,1381.9899689999997,0.0,6,0,0.0,5,1,,,,,14.768757433429137,0.0,0.3487495044380574,0.6512504955619425,-1.8,1,1,,,,,4.852745828616821,12599.216476375219,1.0,0.0,1.35,9150.398106333752,7827.659181999999,7827.659181999999,0.0,25,0,0.0,13,2,,,,,10.88886008395883,0.0,0.607409327736078,0.39259067226392197,-0.8342910889074664,12,2,,,,,4.887805051645291,13935.358310309955,0.9983779681225373,0.0016220318774627402,1.2478392729473207,7525.257889558793,1434.8150730000025,1434.8150730000025,0.0,71,1,0.0,40,4,,,,,11.86963678722811,0.0,0.540823195759123,0.459176804240877,-1.0278912966439748,31,4,,,,,5.171357288896677,14450.211688935326,0.9793335744188788,0.02066642558112125,0.7396196662851504,-27770.6986408437,-29804.617622999987,-29804.617622999987,0.0,529,2,0.0,259,16,,,,,10.624931470353685,0.0,0.6113849547347682,0.38861504526523183,-0.6752576544714531,270,16,,,,,5.655937046951434,15138.813665162294,0.9443479887442364,0.055652011255763564,0.5018606433411283,-27770.6986408437,-29804.617622999987,-29804.617622999987,0.0,529,2,0.0,259,16,,,,,10.624931470353685,0.0,0.6113849547347682,0.38861504526523183,-0.6752576544714531,270,16,,,,,5.655937046951434,15138.813665162294,0.9443479887442364,0.055652011255763564,0.5018606433411283
576,kNEIRO,0.0,0.0,0.0,,0,0,0,0,0,15d,bearish,-27330.933723613598,529,,,,,,,12.406532221956997,21681.92160310863,0.44539195232260703,0.554608047677393,-0.8878900056669106,,2124.840373775639,-171.98470100000668,-171.98470100000668,0.0,2,0,0.0,2,1,,,,,18.18357516937877,0.0,0.10684851944830745,0.8931514805516924,-1.7999999999999998,0,0,,,,,,,,,,4615.005702165838,4152.146212999996,4152.146212999996,0.0,6,0,0.0,5,1,,,,,18.185176021218485,0.0,0.10675435169303034,0.8932456483069696,-1.8,1,1,,,,,11.689068868391931,27039.025276352328,0.4888783018592979,0.5111216981407021,-0.8500000000000001,8222.42497372483,5758.935873,5758.935873,0.0,25,0,0.0,17,2,,,,,18.165824733652286,0.0,0.10789266272633599,0.892107337273664,-1.8,8,2,,,,,11.926231341829304,25703.552916911784,0.4749275681276881,0.525072431872312,-0.8500000000000002,-4841.737121443595,-34.72755100000583,-34.72755100000583,0.0,71,1,0.0,45,4,,,,,18.04304606049698,0.0,0.11511493761782464,0.8848850623821753,-1.8,26,4,,,,,11.952930567143591,23498.951098421785,0.47335702546214153,0.5266429745378584,-0.8517452400975113,-27330.933723613598,-13088.504470999998,-13088.504470999998,0.0,529,2,0.0,275,16,,,,,16.671264551877584,0.0,0.19580796753661275,0.8041920324633872,-1.8000000000000003,254,16,,,,,12.406532221956997,21681.92160310863,0.44539195232260703,0.554608047677393,-0.8878900056669106,-27330.933723613598,-13088.504470999998,-13088.504470999998,0.0,529,2,0.0,275,16,,,,,16.671264551877584,0.0,0.19580796753661275,0.8041920324633872,-1.8000000000000003,254,16,,,,,12.406532221956997,21681.92160310863,0.44539195232260703,0.554608047677393,-0.8878900056669106
576,AZTEC,0.0,0.0,0.0,,0,0,0,0,0,15d,bearish,-26514.05249612303,529,,,,,,,7.300383746002657,16582.44958148573,0.7470362502351379,0.2529637497648622,0.35,,746.2465158771997,-1532.329058,-1532.329058,0.0,2,0,0.0,1,1,,,,,8.913432556035156,0.0,0.6521510261155791,0.347848973884421,0.0,1,1,,,,,6.129475249885504,17273.38783484783,0.8159132205949703,0.18408677940502965,0.35,-8789.134257783675,4308.617430999999,4308.617430999999,0.0,6,0,0.0,3,1,,,,,8.849959461135983,0.0,0.6558847375802364,0.34411526241976365,0.0,3,1,,,,,5.850194859626323,17600.913610271375,0.8323414788455104,0.1676585211544896,0.35,-26323.764363733313,-555.4764490000013,-555.4764490000013,0.0,25,0,0.0,11,2,,,,,8.387474772593011,0.0,0.6830897192592346,0.3169102807407653,0.0,14,2,,,,,6.596671295189677,19377.229455611734,0.7884311002829604,0.21156889971703974,0.35,-12187.32333839286,21857.920801000007,21857.920801000007,0.0,71,1,0.0,29,4,,,,,8.331309580564984,0.0,0.6863935540844127,0.31360644591558734,-0.13414279777323226,42,4,,,,,6.859555968690294,17591.747806655803,0.7729672959593945,0.22703270404060544,0.35,-26514.05249612303,1250.479007000003,1250.479007000003,0.0,529,2,0.0,252,16,,,,,8.454870422989684,0.0,0.679125269235901,0.3208747307640991,-0.1520719787697776,277,16,,,,,7.300383746002657,16582.44958148573,0.7470362502351379,0.2529637497648622,0.35,-26514.05249612303,1250.479007000003,1250.479007000003,0.0,529,2,0.0,252,16,,,,,8.454870422989684,0.0,0.679125269235901,0.3208747307640991,-0.1520719787697776,277,16,,,,,7.300383746002657,16582.44958148573,0.7470362502351379,0.2529637497648622,0.35
576,IO,0.0,0.0,0.0,,0,0,0,0,0,24h,bearish,-26254.538421570127,25,,,,,,,6.640562391015603,8452.92101909734,0.7858492711167291,0.21415072888327075,0.3499999999999999,,-5629.107863421188,-2785.731735,-2785.731735,0.0,2,0,0.0,0,0,,,,,,,,,,2,1,,,,,6.871188380928159,8222.915016526604,0.7722830364159908,0.2277169635840093,0.35000000000000003,-7162.076649685255,-4673.624114000005,-4673.624114000005,0.0,6,0,0.0,2,1,,,,,8.430515381334493,0.0,0.6805579187450299,0.31944208125497014,0.0,4,1,,,,,6.862021728874436,8230.47799938663,0.7728222512426804,0.2271777487573197,0.35,-26254.538421570127,-21063.08981299999,-21063.08981299999,0.0,25,0,0.0,11,2,,,,,8.150347274270677,0.0,0.6970383956311366,0.3029616043688634,0.0,14,2,,,,,6.640562391015603,8452.92101909734,0.7858492711167291,0.21415072888327075,0.3499999999999999,20315.501967567357,6081.908124000011,6081.908124000011,0.0,71,1,0.0,43,4,,,,,8.323646336262794,0.0,0.6868443331610121,0.3131556668389879,0.0,28,4,,,,,6.542457712991014,8299.778921324107,0.7916201345299404,0.20837986547005963,0.35,21099.502088258083,29167.98155700001,29167.98155700001,0.0,529,2,0.0,279,16,,,,,7.239545603174675,0.0,0.7506149645191368,0.24938503548086324,0.0,250,16,,,,,5.581793469688604,7682.709500573476,0.8481297959006704,0.15187020409932964,0.5492424332762589,21099.502088258083,29167.98155700001,29167.98155700001,0.0,529,2,0.0,279,16,,,,,7.239545603174675,0.0,0.7506149645191368,0.24938503548086324,0.0,250,16,,,,,5.581793469688604,7682.709500573476,0.8481297959006704,0.15187020409932964,0.5492424332762589
576,USDH,0.0,0.0,0.0,,0,0,0,0,0,24h,bullish,25767.1363153754,17,,,,,,,0.0,0.0,0.0,0.0,0.0,,,,,,,,,,,,,,,,,,,,,,,,,,,,,,,16363.070465686058,-13636.41293946111,0.0,-13636.41293946111,3,0,1.0,3,1,,,,,0.0,0.0,0.0,0.0,0.0,0,0,,,,,,,,,,25767.1363153754,-22604.386481775102,0.0,-22604.386481775102,17,0,1.0,6,2,,,,,0.0,0.0,0.0,0.0,0.0,11,2,,,,,0.0,0.0,0.0,0.0,0.0,25561.07808730421,-22433.17819959906,0.0,-22433.17819959906,20,0,1.0,8,3,,,,,0.0,0.0,0.0,0.0,0.0,12,3,,,,,0.0,0.0,0.0,0.0,0.0,6567.490693188682,-14643.713182677107,0.0,-14643.713182677107,264,1,1.0,108,12,,,,,0.0,0.0,0.0,0.0,0.0,156,16,,,,,0.0,0.0,0.0,0.0,0.0,6567.490693188682,-14643.713182677107,0.0,-14643.713182677107,264,1,1.0,108,12,,,,,0.0,0.0,0.0,0.0,0.0,156,16,,,,,0.0,0.0,0.0,0.0,0.0
576,HYPER,0.0,0.0,0.0,,0,0,0,0,0,72h,bearish,-25020.370960538352,71,,,,,,,9.055732214952954,7725.552078412695,0.6435878438243996,0.3564121561756005,-0.0581263910243113,,169.93228745447996,468.56572600000004,468.56572600000004,0.0,2,0,0.0,2,1,,,,,9.806622525354049,0.0,0.5995709087864655,0.4004290912135347,-0.65,0,0,,,,,,,,,,1852.2631899661196,765.8858210000001,765.8858210000001,0.0,6,0,0.0,5,1,,,,,9.800563097998127,0.0,0.5999274025443155,0.4000725974556844,-0.65,1,1,,,,,9.417662655880662,8293.837726376938,0.6224904320070199,0.37750956799298,-0.30000000000000004,3385.920054883561,3775.5787060000002,3775.5787060000002,0.0,25,0,0.0,19,2,,,,,9.807028285637461,0.0,0.5995470675261098,0.4004529324738902,-0.65,6,2,,,,,9.15786337234759,7729.018835201899,0.6377727428030828,0.3622272571969171,0.019689858099387118,-25020.370960538352,-14552.158072000002,-14552.158072000002,0.0,71,1,0.0,35,4,,,,,9.133155572417792,0.0,0.6391797026915281,0.3608202973084719,-0.3370346381614913,36,4,,,,,9.055732214952954,7725.552078412695,0.6435878438243996,0.3564121561756005,-0.0581263910243113,-4633.646803729579,-5320.100731999999,-5320.100731999999,0.0,529,2,0.0,285,16,,,,,8.379487191637686,0.0,0.6835396151890142,0.3164603848109858,-0.25079906953941145,244,16,,,,,8.343308694303914,8136.81606861032,0.6853055791310472,0.31469442086895283,-0.00797197218475511,-4633.646803729579,-5320.100731999999,-5320.100731999999,0.0,529,2,0.0,285,16,,,,,8.379487191637686,0.0,0.6835396151890142,0.3164603848109858,-0.25079906953941145,244,16,,,,,8.343308694303914,8136.81606861032,0.6853055791310472,0.31469442086895283,-0.00797197218475511
576,USUAL,0.0,0.0,0.0,,0,0,0,0,0,15d,bearish,-24916.588602123098,517,,,,,,,5.113746320246725,37592.0301306735,0.8756619811619574,0.12433801883804262,0.9082395264603358,,-634.7933790181252,-884.2314800000034,-884.2314800000034,0.0,2,0,0.0,0,0,,,,,,,,,,2,1,,,,,7.923130357618088,28602.833351649202,0.7104040966107008,0.2895959033892993,0.35,-3539.903494889042,-13601.128356000001,-13601.128356000001,0.0,6,0,0.0,2,1,,,,,4.176267640595517,0.0,0.9308077858473226,0.0691922141526775,1.0,4,1,,,,,7.570129710634064,29024.091678243603,0.7311688405509373,0.26883115944906266,0.35,-15370.790914099573,-26528.222293000006,-26528.222293000006,0.0,25,0,0.0,11,2,,,,,3.7600924056141336,0.0,0.955288682022698,0.04471131797730199,1.1035931999509734,14,2,,,,,5.716490297616384,31360.67497188603,0.8402064530813892,0.1597935469186108,0.7647352472258436,-17671.68137677698,-33815.46732900001,-33815.46732900001,0.0,71,1,0.0,34,4,,,,,4.116149866130117,0.0,0.9343441255217577,0.06565587447824217,0.95165839772794,37,4,,,,,4.66489426613514,35314.95840109218,0.9020650431685212,0.09793495683147882,1.1699134330705026,-24916.588602123098,-43879.72685600001,-43879.72685600001,0.0,517,2,0.0,259,16,,,,,4.564991961605086,0.0,0.9079416493173479,0.09205835068265214,0.6854416232860098,258,16,,,,,5.113746320246725,37592.0301306735,0.8756619811619574,0.12433801883804262,0.9082395264603358,-24916.588602123098,-43879.72685600001,-43879.72685600001,0.0,517,2,0.0,259,16,,,,,4.564991961605086,0.0,0.9079416493173479,0.09205835068265214,0.6854416232860098,258,16,,,,,5.113746320246725,37592.0301306735,0.8756619811619574,0.12433801883804262,0.9082395264603358
576,kLUNC,0.0,0.0,0.0,,0,0,0,0,0,15d,bearish,-24752.691338699067,529,,,,,,,4.477567376339961,16281.385806441553,0.9130842719800023,0.08691572801999768,1.1906782118296597,,7222.389868419479,2883.5686250000003,2883.5686250000003,0.0,2,0,0.0,2,1,,,,,3.0,0.0,1.0,0.0,1.45,0,0,,,,,,,,,,5571.1296404780405,2793.470234000001,2793.470234000001,0.0,6,0,0.0,4,1,,,,,3.0,0.0,1.0,0.0,1.45,2,1,,,,,3.9941132515274687,22276.359539717265,0.9415227499101487,0.05847725008985111,1.3499999999999999,1643.2202555725453,-780.2280209999985,-780.2280209999985,0.0,25,0,0.0,11,2,,,,,2.9999999999999996,0.0,1.0,0.0,1.405713293663667,14,2,,,,,3.773537783695008,22471.402433313237,0.9544977774297053,0.04550222257029461,1.35,-1791.9588136228633,-10.203768999997031,-10.203768999997031,0.0,71,1,0.0,34,4,,,,,3.0070092033946296,0.0,0.9995876939179629,0.0004123060820370545,1.3571270094190544,37,4,,,,,3.932016044125718,20040.36051139154,0.9451755268161341,0.054824473183865824,1.35,-24752.691338699067,-10564.132886,-10564.132886,0.0,529,2,0.0,273,16,,,,,3.1319336097920374,0.0,0.9922391994239979,0.0077608005760021965,1.1294457654513994,256,16,,,,,4.477567376339961,16281.385806441553,0.9130842719800023,0.08691572801999768,1.1906782118296597,-24752.691338699067,-10564.132886,-10564.132886,0.0,529,2,0.0,273,16,,,,,3.1319336097920374,0.0,0.9922391994239979,0.0077608005760021965,1.1294457654513994,256,16,,,,,4.477567376339961,16281.385806441553,0.9130842719800023,0.08691572801999768,1.1906782118296597
576,BABY,0.0,0.0,0.0,,0,0,0,0,0,15d,bearish,-24294.16445242437,529,,,,,,,10.314522267910485,17854.895815709606,0.5697339842405598,0.43026601575944023,-0.4972720161658876,,-2676.3436372747183,1595.206858,1595.206858,0.0,2,0,0.0,1,1,,,,,3.7522465112482886,0.0,0.9557502052206891,0.04424979477931105,1.0,1,1,,,,,4.545686079815177,29561.09608038819,0.9090772894226368,0.09092271057736331,1.35,-2261.7052084336783,-156.90947899999978,-156.90947899999978,0.0,6,0,0.0,3,1,,,,,3.734864042327657,0.0,0.9567727033924908,0.0432272966075092,1.0,3,1,,,,,4.636030616617468,29689.07172636817,0.9037629049048549,0.09623709509514515,1.1736482463109355,3022.912248933481,4186.239697,4186.239697,0.0,25,0,0.0,15,2,,,,,3.7017072936019892,0.0,0.9587231003763537,0.04127689962364642,1.0,10,2,,,,,4.650719059368766,30033.610135461793,0.9028988788606609,0.0971011211393392,1.2170843170933483,-4784.655619699805,-241.5393199999967,-241.5393199999967,0.0,71,1,0.0,40,4,,,,,4.154614010557131,0.0,0.932081528790757,0.06791847120924296,0.9328552846974703,31,4,,,,,5.507414908254882,28161.396802253836,0.8525050053967715,0.1474949946032284,0.8930646403462379,-24294.16445242437,-23976.237238999995,-23976.237238999995,0.0,529,2,0.0,266,16,,,,,10.8119022655353,0.0,0.5404763373214531,0.45952366267854705,-0.8511608772474067,263,16,,,,,10.314522267910485,17854.895815709606,0.5697339842405598,0.43026601575944023,-0.4972720161658876,-24294.16445242437,-23976.237238999995,-23976.237238999995,0.0,529,2,0.0,266,16,,,,,10.8119022655353,0.0,0.5404763373214531,0.45952366267854705,-0.8511608772474067,263,16,,,,,10.314522267910485,17854.895815709606,0.5697339842405598,0.43026601575944023,-0.4972720161658876
576,SKR,0.0,0.0,0.0,,0,0,0,0,0,72h,bearish,-23938.958695699042,71,,,,,,,10.443569961946343,20336.426850195363,0.5621429434149211,0.43785705658507895,-0.5452603793447636,,-1999.2375065735994,-4563.16789,-4563.16789,0.0,2,0,0.0,1,1,,,,,12.366013899597975,0.0,0.44905800590600153,0.5509419940939986,-1.2000000000000002,1,1,,,,,10.682345758228955,19699.11051871017,0.548097308339473,0.4519026916605268,-0.8500000000000002,-3321.170592925559,-6521.156787,-6521.156787,0.0,6,0,0.0,2,1,,,,,12.45612324489917,0.0,0.44375745618240187,0.5562425438175983,-1.2000000000000002,4,1,,,,,10.641484395095734,20119.09398846833,0.5505009179355449,0.44949908206445505,-0.8500000000000002,-3741.93350547988,-11703.255693,-11703.255693,0.0,25,0,0.0,12,2,,,,,12.737416132281878,0.0,0.4272108157481248,0.5727891842518752,-1.427288406813475,13,2,,,,,9.083795397037006,20521.150547447,0.6421296825272349,0.35787031747276515,-0.12582496386430836,-23938.958695699042,-19500.278419,-19500.278419,0.0,71,1,0.0,33,4,,,,,12.750323054776556,0.0,0.4264515850131437,0.5735484149868563,-1.3627906612888383,38,4,,,,,10.443569961946343,20336.426850195363,0.5621429434149211,0.43785705658507895,-0.5452603793447636,-11927.006936310147,-4201.4742810000125,-4201.4742810000125,0.0,529,2,0.0,257,16,,,,,12.079700096455117,0.0,0.4658999943261697,0.5341000056738303,-1.121915958311179,272,16,,,,,10.336832932327656,19732.096436698866,0.5684215922160202,0.43157840778397977,-0.5061434268082748,-11927.006936310147,-4201.4742810000125,-4201.4742810000125,0.0,529,2,0.0,257,16,,,,,12.079700096455117,0.0,0.4658999943261697,0.5341000056738303,-1.121915958311179,272,16,,,,,10.336832932327656,19732.096436698866,0.5684215922160202,0.43157840778397977,-0.5061434268082748
576,INIT,0.0,0.0,0.0,,0,0,0,0,0,72h,bearish,-21602.43352027316,71,,,,,,,10.082979111147894,147366.83452539897,0.5833541699324767,0.41664583006752326,-0.41654553076612166,,-383.77552561235996,413.507697,413.507697,0.0,2,0,0.0,0,0,,,,,,,,,,2,1,,,,,11.833109858602885,88454.77805847066,0.4804053024351245,0.5195946975648755,-0.8500000000000003,704.95497159744,-320.89512500000023,-320.89512500000023,0.0,6,0,0.0,4,1,,,,,8.82294768148931,0.0,0.6574736657947466,0.3425263342052534,0.0,2,1,,,,,11.833109858602885,88454.77805847066,0.4804053024351245,0.5195946975648755,-0.8500000000000003,-5735.68998753312,-5534.4329880000005,-5534.4329880000005,0.0,25,0,0.0,13,2,,,,,8.69668364123437,0.0,0.6649009622803311,0.3350990377196688,-0.12639547429978754,12,2,,,,,11.964183045658997,86111.97956744241,0.4726951149612356,0.5273048850387645,-0.8879225311281868,-21602.43352027316,-19921.933697000004,-19921.933697000004,0.0,71,1,0.0,35,4,,,,,7.350869703997075,0.0,0.744066488000172,0.255933511999828,-0.0819795530756316,36,4,,,,,10.082979111147894,147366.83452539897,0.5833541699324767,0.41664583006752326,-0.41654553076612166,-14407.32003540964,-11263.229292000009,-11263.229292000009,0.0,529,2,0.0,269,16,,,,,8.68384453063924,0.0,0.6656562040800446,0.3343437959199554,-0.4012060767847652,260,16,,,,,12.823437132954469,89911.99307258954,0.4221507568850312,0.5778492431149688,-0.9355966545743135,-14407.32003540964,-11263.229292000009,-11263.229292000009,0.0,529,2,0.0,269,16,,,,,8.68384453063924,0.0,0.6656562040800446,0.3343437959199554,-0.4012060767847652,260,16,,,,,12.823437132954469,89911.99307258954,0.4221507568850312,0.5778492431149688,-0.9355966545743135
576,LAYER,0.0,0.0,0.0,,0,0,0,0,0,15d,bullish,21387.81827581769,529,,,,,,,6.968572252118979,0.0,0.766554573404766,0.2334454265952341,-0.007807777262486546,,-1771.4268897378474,-1676.681043,-1676.681043,0.0,2,0,0.0,1,1,,,,,8.129056761766947,0.0,0.6982907787195911,0.3017092212804087,0.0,1,1,,,,,4.593244973477086,24015.93362337957,0.9062797074425245,0.09372029255747559,1.35,-1151.6780567871672,-1117.1716999999999,-1117.1716999999999,0.0,6,0,0.0,3,1,,,,,8.105165995086058,0.0,0.6996961179361142,0.30030388206388575,0.0,3,1,,,,,4.5995971613524995,24218.849257326016,0.9059060493322062,0.09409395066779405,1.35,7740.491423201816,5145.981144000001,5145.981144000001,0.0,25,0,0.0,18,2,,,,,8.1074739664923,0.0,0.6995603549122177,0.30043964508778237,0.0,7,2,,,,,4.411414792688966,23373.58155646848,0.9169756004300609,0.0830243995699392,1.35,483.0081006383674,1493.5259290000015,1493.5259290000015,0.0,71,1,0.0,40,4,,,,,8.007994936671043,0.0,0.7054120625487622,0.2945879374512379,0.0,31,4,,,,,4.504727607890926,22438.50382035576,0.9114866113005338,0.08851338869946625,1.35,21387.81827581769,14782.926428999992,14782.926428999992,0.0,529,2,0.0,281,16,,,,,6.968572252118979,0.0,0.766554573404766,0.2334454265952341,-0.007807777262486546,248,16,,,,,4.536922788050062,19496.61445296427,0.9095927771735257,0.09040722282647427,1.0738122186620807,21387.81827581769,14782.926428999992,14782.926428999992,0.0,529,2,0.0,281,16,,,,,6.968572252118979,0.0,0.766554573404766,0.2334454265952341,-0.007807777262486546,248,16,,,,,4.536922788050062,19496.61445296427,0.9095927771735257,0.09040722282647427,1.0738122186620807
576,MOVE,0.0,0.0,0.0,,0,0,0,0,0,15d,bullish,18723.18571053885,529,,,,,,,15.9472506476006,0.0,0.2383970207293766,0.7616029792706235,-1.6592287061891051,,-136.98319704819997,128.475123,128.475123,0.0,2,0,0.0,0,0,,,,,,,,,,2,1,,,,,5.98980871586933,21211.765137398426,0.8241288990665101,0.17587110093348998,0.35000000000000003,162.0740674244007,2378.978967,2378.978967,0.0,6,0,0.0,3,1,,,,,10.788820279934399,0.0,0.5418341011803296,0.45816589881967057,-1.2000000000000002,3,1,,,,,6.079798651007539,21204.090263678398,0.8188353734701446,0.18116462652985532,0.3499999999999999,-5337.711203069641,1.8200600000004101,1.8200600000004101,0.0,25,0,0.0,14,2,,,,,11.468201041357299,0.0,0.5018705269789825,0.4981294730210176,-1.2000000000000002,11,2,,,,,5.812736270181444,21281.00882656527,0.8345449252834443,0.1654550747165556,0.35,-12.197106784441178,-4460.190527999999,-4460.190527999999,0.0,71,1,0.0,39,4,,,,,11.867370102480715,0.0,0.47838999397172266,0.5216100060282773,-1.281935836623438,32,4,,,,,5.767041352268382,22170.37407842462,0.8372328616312716,0.16276713836872836,0.35,18723.18571053885,-6603.700199999997,-6603.700199999997,0.0,529,2,0.0,265,16,,,,,15.9472506476006,0.0,0.2383970207293766,0.7616029792706235,-1.6592287061891051,264,16,,,,,7.131199824525559,29018.899141140904,0.7569882456161435,0.24301175438385642,0.3081101100693605,18723.18571053885,-6603.700199999997,-6603.700199999997,0.0,529,2,0.0,265,16,,,,,15.9472506476006,0.0,0.2383970207293766,0.7616029792706235,-1.6592287061891051,264,16,,,,,7.131199824525559,29018.899141140904,0.7569882456161435,0.24301175438385642,0.3081101100693605
576,QONE,0.0,0.0,0.0,,0,0,0,0,0,15d,bearish,-18232.301582269647,14,,,,,,,0.0,0.0,0.0,0.0,0.0,,,,,,,,,,,,,,,,,,,,,,,,,,,,,,,,,,,,,,,,,,,,,,,,,,,,,,,,,,,,,,,,,,,,,,,,,,,,,,,,,,,,,,,,,,,,,,,,,,,,,,,,,,,,,,,,,,,,,,-18232.301582269647,1805.7890036617507,0.0,1805.7890036617507,14,1,1.0,8,7,,,,,0.0,0.0,0.0,0.0,0.0,6,4,,,,,0.0,0.0,0.0,0.0,0.0,-18232.301582269647,1805.7890036617507,0.0,1805.7890036617507,14,1,1.0,8,7,,,,,0.0,0.0,0.0,0.0,0.0,6,4,,,,,0.0,0.0,0.0,0.0,0.0
576,CELO,0.0,0.0,0.0,,0,0,0,0,0,24h,bearish,-17880.4684747333,25,,,,,,,7.539689348519116,48850.12277845563,0.7329594500871108,0.2670405499128892,0.28711674622501815,,-4305.400295816479,-1457.9411660000005,-1457.9411660000005,0.0,2,0,0.0,1,1,,,,,13.089669143729056,0.0,0.40649005036887936,0.5935099496311207,-1.2000000000000002,1,1,,,,,6.328256361512958,41182.80529795252,0.8042202140286497,0.19577978597135043,0.35,-10444.303989430038,-7598.938473000001,-7598.938473000001,0.0,6,0,0.0,4,1,,,,,13.545721173202665,0.0,0.3796634603998434,0.6203365396001567,-1.4203662995181014,2,1,,,,,6.823755206533803,40867.16384096856,0.7750732231450705,0.2249267768549296,0.35,-17880.4684747333,-13955.510239999998,-13955.510239999998,0.0,25,0,0.0,11,2,,,,,13.955592460814188,0.0,0.3555533846579891,0.6444466153420111,-1.7238181359297309,14,2,,,,,7.539689348519116,48850.12277845563,0.7329594500871108,0.2670405499128892,0.28711674622501815,-16244.258472294823,-14223.165665,-14223.165665,0.0,71,1,0.0,29,4,,,,,14.053412600038081,0.0,0.3497992588212892,0.6502007411787106,-1.7753792679571605,42,4,,,,,7.985016867731392,45495.199962464045,0.7067637136628593,0.2932362863371408,0.1830514532640994,-16441.917107407426,-5180.141315000002,-5180.141315000002,0.0,529,2,0.0,254,16,,,,,13.486003204965957,0.5112287668898711,0.38317628206082593,0.616823717939174,-1.4249168399145002,275,16,,,,,5.727446262547414,46555.10164603877,0.8395619845560346,0.1604380154439655,0.8072383058449843,-16441.917107407426,-5180.141315000002,-5180.141315000002,0.0,529,2,0.0,254,16,,,,,13.486003204965957,0.5112287668898711,0.38317628206082593,0.616823717939174,-1.4249168399145002,275,16,,,,,5.727446262547414,46555.10164603877,0.8395619845560346,0.1604380154439655,0.8072383058449843
576,YGG,0.0,0.0,0.0,,0,0,0,0,0,72h,bearish,-17668.276719524343,71,,,,,,,7.186398776809813,27212.960597384616,0.7537412484229521,0.24625875157704788,0.35,,1048.7495772790398,1266.1118540000002,1266.1118540000002,0.0,2,0,0.0,1,1,,,,,8.828746296498778,0.0,0.6571325707941892,0.34286742920581054,0.0,1,1,,,,,6.612967638362021,26400.392615070847,0.7874724918610574,0.21252750813894256,0.35,861.8310868240399,-234.88676199999986,-234.88676199999986,0.0,6,0,0.0,2,1,,,,,8.85519202623054,0.0,0.6555769396334973,0.3444230603665024,-0.04931172025275031,4,1,,,,,6.54965443178611,26008.433441054178,0.7911967981302287,0.2088032018697713,0.35,-3852.5482649551036,-3071.407706,-3071.407706,0.0,25,0,0.0,8,2,,,,,8.81124078798372,0.0,0.658162306589193,0.34183769341080705,-0.2100375265211316,17,2,,,,,6.306261764167979,26103.246706885428,0.8055140138724718,0.1944859861275282,0.35,-17668.276719524343,-6145.682772000001,-6145.682772000001,0.0,71,1,0.0,30,4,,,,,8.398502637449203,0.0,0.6824410213265173,0.31755897867348265,-0.05173220092932778,41,4,,,,,7.186398776809813,27212.960597384616,0.7537412484229521,0.24625875157704788,0.35,-15455.743334774483,-6687.799672,-6687.799672,0.0,529,2,0.0,261,16,,,,,7.925464660630159,0.0,0.7102667846688141,0.2897332153311859,-0.1251094239417638,268,16,,,,,7.5752977001894495,25819.344906074657,0.7308648411653265,0.2691351588346735,0.30957112900323003,-15455.743334774483,-6687.799672,-6687.799672,0.0,529,2,0.0,261,16,,,,,7.925464660630159,0.0,0.7102667846688141,0.2897332153311859,-0.1251094239417638,268,16,,,,,7.5752977001894495,25819.344906074657,0.7308648411653265,0.2691351588346735,0.30957112900323003
576,FOGO,0.0,0.0,0.0,,0,0,0,0,0,15d,bearish,-17177.74005619278,527,,,,,,,5.992434672892007,17663.826471770277,0.8239744310063525,0.1760255689936475,0.369314143181793,,-360.27256580375956,1717.789874,1717.789874,0.0,2,0,0.0,1,1,,,,,9.33442300959853,0.0,0.5627918002698172,0.4372081997301828,-0.65,1,1,,,,,5.913648940012182,20476.77380788004,0.8286088858816363,0.17139111411836375,0.35,2804.3299741745996,3122.256427,3122.256427,0.0,6,0,0.0,5,1,,,,,9.079079364853067,0.0,0.5762619927411652,0.42373800725883476,-0.6500000000000001,1,1,,,,,5.913648940012182,20476.77380788004,0.8286088858816363,0.17139111411836375,0.35,-1231.4343573597598,3559.0953099999997,3559.0953099999997,0.0,25,0,0.0,12,2,,,,,8.799368692043641,0.0,0.5910220630056912,0.4089779369943088,-0.65,13,2,,,,,5.989615150752732,19834.18949457345,0.8241402852498393,0.17585971475016068,0.3499999999999999,-14313.201514694174,-8587.406704000003,-8587.406704000003,0.0,71,1,0.0,34,4,,,,,8.430060345756498,0.0,0.6132955257574582,0.3867044742425417,-0.65,37,4,,,,,6.022922484483817,18683.55471519551,0.8221810303244814,0.17781896967551863,0.35000000000000003,-17177.74005619278,6460.438362000001,6460.438362000001,0.0,527,2,0.0,283,16,,,,,6.869243785440836,0.0,0.7136934308304739,0.2863065691695261,0.01126011708034341,244,16,,,,,5.992434672892007,17663.826471770277,0.8239744310063525,0.1760255689936475,0.369314143181793,-17177.74005619278,6460.438362000001,6460.438362000001,0.0,527,2,0.0,283,16,,,,,6.869243785440836,0.0,0.7136934308304739,0.2863065691695261,0.01126011708034341,244,16,,,,,5.992434672892007,17663.826471770277,0.8239744310063525,0.1760255689936475,0.369314143181793
576,BIGTIME,0.0,0.0,0.0,,0,0,0,0,0,24h,bullish,16973.696500657512,25,,,,,,,10.597494344440454,0.0,0.5530885679740911,0.446911432025909,-1.2000000000000002,,-729.0040642696,-3040.1501200000002,-3040.1501200000002,0.0,2,0,0.0,1,1,,,,,10.6157014308193,0.0,0.5520175628929823,0.44798243710701763,-1.2000000000000002,1,1,,,,,7.7465489065290605,18550.006503487763,0.7207912407924083,0.2792087592075918,0.35,15823.986404619744,-3815.483528999999,-3815.483528999999,0.0,6,0,0.0,3,1,,,,,10.556292247592777,0.0,0.5555122207298365,0.4444877792701635,-1.2000000000000002,3,1,,,,,7.382288982641359,18941.160595427868,0.7422182951387435,0.25778170486125646,0.35,16973.696500657512,-1926.3578269999996,-1926.3578269999996,0.0,25,0,0.0,12,2,,,,,10.597494344440454,0.0,0.5530885679740911,0.446911432025909,-1.2000000000000002,13,2,,,,,7.945638992362372,22577.299092391488,0.7090800592728018,0.2909199407271983,0.35000000000000003,11412.405915982887,-6215.271559999999,-6215.271559999999,0.0,71,1,0.0,32,4,,,,,10.060565010639351,0.0,0.5846726464329794,0.4153273535670206,-0.9043936853785765,39,4,,,,,7.812652902827889,21819.550430631494,0.7169027704218889,0.2830972295781111,0.3499999999999999,-7169.516505055404,-13101.930328000002,-13101.930328000002,0.0,529,2,0.0,256,16,,,,,10.781570833364897,0.0,0.5422605392138296,0.45773946078617045,-0.9512902989651554,273,16,,,,,9.236303460494323,39295.95843383616,0.6331586199709222,0.36684138002907785,-0.12009796720455575,-7169.516505055404,-13101.930328000002,-13101.930328000002,0.0,529,2,0.0,256,16,,,,,10.781570833364897,0.0,0.5422605392138296,0.45773946078617045,-0.9512902989651554,273,16,,,,,9.236303460494323,39295.95843383616,0.6331586199709222,0.36684138002907785,-0.12009796720455575
576,PEOPLE,0.0,0.0,0.0,,0,0,0,0,0,15d,bearish,-15776.138841386306,529,,,,,,,9.855329886081599,44047.339736524336,0.5924138882761523,0.4075861117238477,-0.36236492186916425,,-1363.8247440604798,752.1807680000002,752.1807680000002,0.0,2,0,0.0,0,0,,,,,,,,,,2,1,,,,,12.450302878675036,24702.129389932867,0.4440998306661746,0.5559001693338256,-0.8500000000000003,-457.6124663503193,132.69517400000035,132.69517400000035,0.0,6,0,0.0,2,1,,,,,15.876820510255035,0.0,0.24253996998499816,0.757460030015002,-1.8,4,1,,,,,12.301784369875357,23806.238286868524,0.45283621353674347,0.5471637864632564,-0.8500000000000001,1178.2852945073769,4045.9568749999985,4045.9568749999985,0.0,25,0,0.0,12,2,,,,,14.507889077479673,0.0,0.3230653483835489,0.6769346516164512,-1.7255900935330244,13,2,,,,,12.014826525209507,24202.078219517185,0.46971608675238175,0.5302839132476181,-0.8500000000000003,-6917.87251510225,-2988.284943000001,-2988.284943000001,0.0,71,1,0.0,36,4,,,,,14.485865603265653,0.0,0.3243608468667263,0.6756391531332736,-1.721894856004334,35,4,,,,,11.598478851929142,25703.480218872817,0.4942071263571094,0.5057928736428907,-0.8241221914965491,-15776.138841386306,1356.0287959999987,1356.0287959999987,0.0,529,2,0.0,260,16,,,,,14.66243253799121,0.0,0.3139745565887523,0.6860254434112475,-1.6124748296075637,269,16,,,,,9.855329886081599,44047.339736524336,0.5924138882761523,0.4075861117238477,-0.36236492186916425,-15776.138841386306,1356.0287959999987,1356.0287959999987,0.0,529,2,0.0,260,16,,,,,14.66243253799121,0.0,0.3139745565887523,0.6860254434112475,-1.6124748296075637,269,16,,,,,9.855329886081599,44047.339736524336,0.5924138882761523,0.4075861117238477,-0.36236492186916425
576,STBL,0.0,0.0,0.0,,0,0,0,0,0,15d,bearish,-14283.007108816026,529,,,,,,,3.310907691308216,4545.902143467826,0.9817113122759873,0.018288687724012712,1.35,,-304.0830633743999,-186.24800400000004,-186.24800400000004,0.0,2,0,0.0,0,0,,,,,,,,,,2,1,,,,,3.415486858845647,4712.927442939259,0.9755595965384912,0.024440403461508657,1.35,-2691.796213245414,-4822.665446999999,-4822.665446999999,0.0,6,0,0.0,2,1,,,,,4.092515423816227,0.0,0.9357343868343397,0.06426561316566033,1.0,4,1,,,,,3.397556185517136,4753.70581390739,0.9766143420284037,0.023385657971596252,1.35,3466.381862402514,-4938.320053,-4938.320053,0.0,25,0,0.0,12,2,,,,,3.9700235643701016,0.0,0.9429397903311705,0.05706020966882949,1.0,13,2,,,,,3.4243956300885516,5063.476870653725,0.9750355511712615,0.024964448828738373,1.3499999999999999,7943.284213016205,-30505.175834999995,-30505.175834999995,0.0,71,1,0.0,36,4,,,,,3.9243070966061313,0.0,0.9456289943172863,0.054371005682713615,1.0,35,4,,,,,3.4014374555348836,4913.806329000242,0.9763860320273599,0.02361396797264022,1.35,-14283.007108816026,-43136.443924,-43136.443924,0.0,529,2,0.0,253,16,,,,,3.8294212827821625,0.0,0.9512105127775198,0.04878948722248015,1.0,276,16,,,,,3.310907691308216,4545.902143467826,0.9817113122759873,0.018288687724012712,1.35,-14283.007108816026,-43136.443924,-43136.443924,0.0,529,2,0.0,253,16,,,,,3.8294212827821625,0.0,0.9512105127775198,0.04878948722248015,1.0,276,16,,,,,3.310907691308216,4545.902143467826,0.9817113122759873,0.018288687724012712,1.35
576,RSR,0.0,0.0,0.0,,0,0,0,0,0,15d,bullish,13745.345182349798,502,,,,,,,15.752605578010012,0.0,0.24984673070529326,0.7501532692947066,-1.8000000000000003,,63.23143850640001,290.318866,290.318866,0.0,2,0,0.0,2,1,,,,,15.96089227565448,0.0,0.23759457202032466,0.7624054279796755,-1.8000000000000003,0,0,,,,,,,,,,215.13460208900005,1171.259876,1171.259876,0.0,6,0,0.0,6,1,,,,,15.965295514661923,0.0,0.23733555796106334,0.7626644420389367,-1.7999999999999998,0,0,,,,,,,,,,1085.2855095908,5293.495369999999,5293.495369999999,0.0,25,0,0.0,15,2,,,,,15.903292801267995,0.0,0.2409827763960003,0.7590172236039998,-1.7999999999999998,10,2,,,,,17.19738885064107,19738.522569678775,0.16485947937405454,0.8351405206259456,-1.4500000000000002,113.15485610677557,4144.332907,4144.332907,0.0,71,1,0.0,41,4,,,,,15.668207294418933,0.0,0.2548113356224158,0.7451886643775842,-1.8,30,4,,,,,16.9661241668796,19191.927106238603,0.17846328430119998,0.8215367156988,-1.4500000000000002,13745.345182349798,14664.175176999997,14664.175176999997,0.0,502,2,0.0,278,16,,,,,15.752605578010012,0.0,0.24984673070529326,0.7501532692947066,-1.8000000000000003,224,16,,,,,15.499845488602006,21726.820377425585,0.2647149712587053,0.7352850287412945,-1.45,13745.345182349798,14664.175176999997,14664.175176999997,0.0,502,2,0.0,278,16,,,,,15.752605578010012,0.0,0.24984673070529326,0.7501532692947066,-1.8000000000000003,224,16,,,,,15.499845488602006,21726.820377425585,0.2647149712587053,0.7352850287412945,-1.45
576,MEME,0.0,0.0,0.0,,0,0,0,0,0,72h,bearish,-13169.522296750807,68,,,,,,,6.553975115829141,8023.227441048896,0.7909426402453447,0.20905735975465536,0.35,,-368.6989975026,-119.626461,-119.626461,0.0,1,0,0.0,0,0,,,,,,,,,,1,1,,,,,6.592696184381852,8229.616679755205,0.788664930330479,0.21133506966952073,0.35,636.99868671432,-2571.370654,-2571.370654,0.0,5,0,0.0,3,1,,,,,11.222586671535453,0.0,0.5163184310861498,0.4836815689138503,-1.2000000000000002,2,1,,,,,6.592881265876049,8213.153479213486,0.7886540431837615,0.21134595681623822,0.35,-6716.620225092575,-7590.004804,-7590.004804,0.0,24,0,0.0,11,2,,,,,11.074821707973715,0.0,0.5250104877662521,0.4749895122337479,-1.2000000000000002,13,2,,,,,6.484468535943209,8374.30545546365,0.7950312625915761,0.20496873740842403,0.35,-13169.522296750807,-4679.985483999999,-4679.985483999999,0.0,68,1,0.0,33,4,,,,,10.200947848640553,0.0,0.5764148324329087,0.4235851675670913,-0.9361567584066692,35,4,,,,,6.553975115829141,8023.227441048896,0.7909426402453447,0.20905735975465536,0.35,-11082.693476625349,-3655.245918999999,-3655.245918999999,0.0,521,2,0.0,245,16,,,,,10.357079029087718,0.0,0.5672306453477812,0.43276935465221866,-1.0151972975301224,276,16,,,,,6.4716192155974825,7006.800958402108,0.7941015013167653,0.20589849868323476,0.35000000000000003,-11082.693476625349,-3655.245918999999,-3655.245918999999,0.0,521,2,0.0,245,16,,,,,10.357079029087718,0.0,0.5672306453477812,0.43276935465221866,-1.0151972975301224,276,16,,,,,6.4716192155974825,7006.800958402108,0.7941015013167653,0.20589849868323476,0.35000000000000003
576,MOODENG,0.0,0.0,0.0,,0,0,0,0,0,72h,bearish,-10102.313894707468,71,,,,,,,8.375163280299239,24562.431349149305,0.6838139246882801,0.3161860753117199,0.31211767833862,,346.5357022495997,499.19746999999984,499.19746999999984,0.0,2,0,0.0,1,1,,,,,11.480245848585483,0.0,0.501162008906736,0.49883799109326366,-1.2000000000000002,1,1,,,,,8.741602725035053,26924.11774798153,0.6622586632332321,0.33774133676676776,0.35,-224.72927923708008,55.55639599999969,55.55639599999969,0.0,6,0,0.0,3,1,,,,,11.4775995108547,0.0,0.5013176758320763,0.49868232416792346,-1.2000000000000002,3,1,,,,,8.7486766111777,26646.012247687853,0.6618425522836645,0.3381574477163354,0.3499999999999999,-2857.3584954210805,2815.119327999999,2815.119327999999,0.0,25,0,0.0,12,2,,,,,11.723321250260055,0.0,0.48686345586705554,0.5131365441329444,-1.2000000000000002,13,2,,,,,8.655432853390076,29998.606258441116,0.6673274792123485,0.3326725207876516,0.35,-10102.313894707468,806.6509829999969,806.6509829999969,0.0,71,1,0.0,35,4,,,,,10.275370483887464,0.0,0.572037030359561,0.427962969640439,-0.8552476994281093,36,4,,,,,8.375163280299239,24562.431349149305,0.6838139246882801,0.3161860753117199,0.31211767833862,-9688.215617139365,18532.503683999996,18532.503683999996,0.0,529,2,0.0,258,16,,,,,9.062170869341553,0.0,0.643401713568144,0.356598286431856,-0.5889305430574742,271,16,,,,,7.048913840166676,26314.930164030746,0.7618285976372543,0.2381714023627457,0.4830810148083805,-9688.215617139365,18532.503683999996,18532.503683999996,0.0,529,2,0.0,258,16,,,,,9.062170869341553,0.0,0.643401713568144,0.356598286431856,-0.5889305430574742,271,16,,,,,7.048913840166676,26314.930164030746,0.7618285976372543,0.2381714023627457,0.4830810148083805
576,SOPH,0.0,0.0,0.0,,0,0,0,0,0,72h,bearish,-8985.096786028798,71,,,,,,,10.114471900981508,155381.1119730213,0.5815016528834408,0.4184983471165592,-0.44511091380203505,,366.36473171651994,423.56893700000006,423.56893700000006,0.0,2,0,0.0,2,1,,,,,5.6097670905293,0.0,0.846484288792394,0.153515711207606,0.0,0,0,,,,,,,,,,210.03775828148,1646.825927,1646.825927,0.0,6,0,0.0,4,1,,,,,5.4427227953514175,0.0,0.8563104238028577,0.14368957619714223,0.0,2,1,,,,,7.607200945174306,146841.9851303502,0.7289881796956292,0.2710118203043709,0.35,-2586.5219319182324,937.7711270000007,937.7711270000007,0.0,25,0,0.0,11,2,,,,,5.079096471075315,0.0,0.877700207583805,0.12229979241619503,0.4906777530532395,14,2,,,,,8.264994156251397,150155.2082547772,0.6902944613969766,0.3097055386030234,0.22393090223042453,-8985.096786028798,-2393.013862,-2393.013862,0.0,71,1,0.0,25,4,,,,,5.064038455753136,0.0,0.8785859731909919,0.12141402680900804,0.6265127529131859,46,4,,,,,10.114471900981508,155381.1119730213,0.5815016528834408,0.4184983471165592,-0.44511091380203505,-5502.438873964192,9161.205526999998,9161.205526999998,0.0,527,2,0.0,244,16,,,,,4.375040960229312,0.0,0.9191152376335698,0.08088476236643014,0.7229474502780724,283,16,,,,,10.023074706799807,162106.1871544146,0.5868779584235406,0.4131220415764593,-0.4029828411712195,-5502.438873964192,9161.205526999998,9161.205526999998,0.0,527,2,0.0,244,16,,,,,4.375040960229312,0.0,0.9191152376335698,0.08088476236643014,0.7229474502780724,283,16,,,,,10.023074706799807,162106.1871544146,0.5868779584235406,0.4131220415764593,-0.4029828411712195
576,KITTEN,0.0,0.0,0.0,,0,0,0,0,0,15d,bullish,8769.957183308672,165,,,,,,,0.0,0.0,0.0,0.0,0.0,,,,,,,,,,,,,,,,,,,,,,,,,,,,,,,,,,,,,,,,,,,,,,,,,,,,,,,,,,,,,,,,,,,,,,,,,,,,,,,,,,,,,,,,,105.13138987560595,159.289984660009,0.0,159.289984660009,6,0,1.0,3,2,,,,,0.0,0.0,0.0,0.0,0.0,3,1,,,,,0.0,0.0,0.0,0.0,0.0,8769.957183308672,11168.240403653972,0.0,11168.240403653972,165,1,1.0,105,14,,,,,0.0,0.0,0.0,0.0,0.0,60,12,,,,,0.0,0.0,0.0,0.0,0.0,8769.957183308672,11168.240403653972,0.0,11168.240403653972,165,1,1.0,105,14,,,,,0.0,0.0,0.0,0.0,0.0,60,12,,,,,0.0,0.0,0.0,0.0,0.0
576,GOAT,0.0,0.0,0.0,,0,0,0,0,0,24h,bearish,-8612.766344745358,25,,,,,,,4.6298907267719915,116004.06663329942,0.9041240748957651,0.09587592510423479,1.1370177697237958,,531.7417194696,1156.9613720000002,1156.9613720000002,0.0,2,0,0.0,2,1,,,,,7.020902981956589,0.0,0.7634762951790242,0.2365237048209759,0.0,0,0,,,,,,,,,,2770.45777710588,286.867539,286.867539,0.0,6,0,0.0,6,1,,,,,7.7745779357087,0.0,0.7191424743700765,0.2808575256299235,0.0,0,0,,,,,,,,,,-8612.766344745358,-1943.2564419999987,-1943.2564419999987,0.0,25,0,0.0,12,2,,,,,7.372282765543639,0.0,0.7428068961444918,0.25719310385550825,0.0,13,2,,,,,4.6298907267719915,116004.06663329942,0.9041240748957651,0.09587592510423479,1.1370177697237958,-7359.961293713349,-3320.8203219999978,-3320.8203219999978,0.0,71,1,0.0,30,4,,,,,6.913995165457809,0.0,0.7697649902671876,0.23023500973281236,0.0,41,4,,,,,4.621713297053419,103117.2942871632,0.9046051001733283,0.0953948998266717,1.005823612808845,6741.574919449664,8345.118757000007,8345.118757000007,0.0,529,2,0.0,268,16,,,,,7.7467523105117095,0.0,0.7207792758522523,0.2792207241477476,-0.137819366742384,261,16,,,,,5.496768661009871,72146.24662289629,0.850181262168611,0.14981873783138908,0.7516869884125552,6741.574919449664,8345.118757000007,8345.118757000007,0.0,529,2,0.0,268,16,,,,,7.7467523105117095,0.0,0.7207792758522523,0.2792207241477476,-0.137819366742384,261,16,,,,,5.496768661009871,72146.24662289629,0.850181262168611,0.14981873783138908,0.7516869884125552
576,NOT,0.0,0.0,0.0,,0,0,0,0,0,24h,bullish,8065.059089193992,17,,,,,,,18.40560794825183,0.0,0.09378776774989216,0.9062122322501079,-1.8,,-21.958989052999996,-2.873539000000001,-2.873539000000001,0.0,2,0,0.0,1,1,,,,,18.37242954231582,0.0,0.0957394386873048,0.9042605613126953,-1.8,1,1,,,,,13.59963641711528,13138.16377396684,0.3764919754638069,0.6235080245361929,-1.4500000000000002,721.6902790927197,-1047.644072,-1047.644072,0.0,5,0,0.0,2,1,,,,,18.319321586523067,0.0,0.09886343608687849,0.9011365639131214,-1.8,3,1,,,,,13.59985863477646,13029.194231042911,0.37647890383667876,0.623521096163321,-1.45,8065.059089193992,7446.4188730000005,7446.4188730000005,0.0,17,0,0.0,8,2,,,,,18.40560794825183,0.0,0.09378776774989216,0.9062122322501079,-1.8,9,2,,,,,12.968502058416503,12281.754820672953,0.4136175259754999,0.5863824740245002,-0.915601328599741,6565.248494483463,2900.343629000001,2900.343629000001,0.0,63,1,0.0,30,4,,,,,18.764020951573027,0.0,0.07270464990746899,0.9272953500925311,-1.7999999999999998,33,4,,,,,13.510840109698915,11899.017880212603,0.38171528766476975,0.6182847123352303,-1.2594091506940905,-4427.067274701453,-4389.132175000038,-4389.132175000038,0.0,441,2,0.0,230,16,,,,,18.343882707295094,0.0,0.09741866427675913,0.9025813357232407,-1.8,211,16,,,,,10.7387658264462,6863.630296703927,0.5447784807972823,0.45522151920271764,-0.77555414407629,-4427.067274701453,-4389.132175000038,-4389.132175000038,0.0,441,2,0.0,230,16,,,,,18.343882707295094,0.0,0.09741866427675913,0.9025813357232407,-1.8,211,16,,,,,10.7387658264462,6863.630296703927,0.5447784807972823,0.45522151920271764,-0.77555414407629
576,PROVE,0.0,0.0,0.0,,0,0,0,0,0,2h,bullish,7417.549519844999,2,,,,,,,3.0000000000000013,0.0,1.0,0.0,1.00469172531559,,7417.549519844999,4765.11972,4765.11972,0.0,2,0,0.0,2,1,,,,,3.0000000000000013,0.0,1.0,0.0,1.00469172531559,0,0,,,,,,,,,,4933.0582353626,3815.9389199999996,3815.9389199999996,0.0,6,0,0.0,2,1,,,,,3.0000000000000013,0.0,1.0,0.0,1.00469172531559,4,1,,,,,3.582336620973025,13683.950320326405,0.9657449046486455,0.03425509535135441,1.35,3374.5072391931994,3582.2984149999993,3582.2984149999993,0.0,25,0,0.0,15,2,,,,,3.001565257161961,0.0,0.9999079260492965,9.207395070353107e-05,1.1459170540057413,10,2,,,,,3.6073882271512923,11695.436857892972,0.9642712807558063,0.03572871924419366,1.35,1790.0231595867183,4891.111184999999,4891.111184999999,0.0,71,1,0.0,47,4,,,,,3.1209454699740418,0.0,0.9928855605897622,0.007114439410237765,1.1065541475853973,24,4,,,,,3.619278842968957,9993.824134770564,0.9635718327665321,0.03642816723346804,1.35,-5813.407701329357,9827.945544999999,9827.945544999999,0.0,528,2,0.0,280,16,,,,,3.17548606340836,0.0,0.9896772903877435,0.010322709612256474,1.191100489930248,248,16,,,,,4.163803939403321,10278.830084026784,0.931540944740981,0.06845905525901892,1.3211200587035667,-5813.407701329357,9827.945544999999,9827.945544999999,0.0,528,2,0.0,280,16,,,,,3.17548606340836,0.0,0.9896772903877435,0.010322709612256474,1.191100489930248,248,16,,,,,4.163803939403321,10278.830084026784,0.931540944740981,0.06845905525901892,1.3211200587035667
576,WCT,0.0,0.0,0.0,,0,0,0,0,0,15d,bearish,-7337.821585022108,521,,,,,,,11.55377750873325,36190.72865177039,0.49683661713333827,0.5031633828666618,-0.8329617050378065,,-974.5969847831998,896.3685640000001,896.3685640000001,0.0,2,0,0.0,1,1,,,,,19.99920461787498,0.0,4.6787183824619e-05,0.9999532128161754,-1.8,1,1,,,,,10.759733942504626,34433.01394535633,0.5435450622056104,0.4564549377943898,-0.8500000000000002,-2627.6272087753196,1817.2248770000003,1817.2248770000003,0.0,6,0,0.0,2,1,,,,,19.99909276919798,0.0,5.3366517765781737e-05,0.9999466334822342,-1.7999999999999998,4,1,,,,,11.137032044326977,35531.77650094183,0.52135105621606,0.47864894378393996,-0.8500000000000001,-2939.7903715080797,347.38833100000033,347.38833100000033,0.0,25,0,0.0,11,2,,,,,19.99705460982511,0.0,0.0001732582455818299,0.9998267417544182,-1.8000000000000003,14,2,,,,,11.133722103713218,35103.47084837227,0.5215457586051048,0.47845424139489523,-0.8500000000000002,-4985.520242853,-2215.796454,-2215.796454,0.0,71,1,0.0,31,4,,,,,19.97649633079822,0.0,0.0013825687765751434,0.9986174312234247,-1.8,40,4,,,,,12.116265063749914,36308.20471745666,0.46374911389706375,0.5362508861029361,-0.9107990405838576,-7337.821585022108,-1594.1271139999978,-1594.1271139999978,0.0,521,2,0.0,241,16,,,,,19.63765894840711,0.0,0.021314179505463954,0.978685820494536,-1.7999999999999998,280,16,,,,,11.55377750873325,36190.72865177039,0.49683661713333827,0.5031633828666618,-0.8329617050378065,-7337.821585022108,-1594.1271139999978,-1594.1271139999978,0.0,521,2,0.0,241,16,,,,,19.63765894840711,0.0,0.021314179505463954,0.978685820494536,-1.7999999999999998,280,16,,,,,11.55377750873325,36190.72865177039,0.49683661713333827,0.5031633828666618,-0.8329617050378065
576,LQNA,0.0,0.0,0.0,,0,0,0,0,0,15d,bullish,7195.350277619928,9,,,,,,,0.0,0.0,0.0,0.0,0.0,,,,,,,,,,,,,,,,,,,,,,,,,,,,,,,,,,,,,,,,,,,,,,,,,,,,,,,,,,,,,,,,,,,,,,,,,,,,,,,,,,,,,,,,,,,,,,,,,,,,,,,,,,,,,,,,,,,,,,7195.350277619928,5213.587307999927,0.0,5213.587307999927,9,0,1.0,6,5,,,,,0.0,0.0,0.0,0.0,0.0,3,3,,,,,0.0,0.0,0.0,0.0,0.0,7195.350277619928,5213.587307999927,0.0,5213.587307999927,9,0,1.0,6,5,,,,,0.0,0.0,0.0,0.0,0.0,3,3,,,,,0.0,0.0,0.0,0.0,0.0
576,SUSHI,0.0,0.0,0.0,,0,0,0,0,0,24h,bullish,6920.2387336035945,25,,,,,,,3.353697465416499,0.0,0.979194266740206,0.020805733259794033,1.0,,-2769.6477052286436,-2066.203342000004,-2066.203342000004,0.0,2,0,0.0,1,1,,,,,3.0351367298761245,0.0,0.9979331335366984,0.002066866463301436,1.0,1,1,,,,,3.969419853592812,11563.300118937395,0.9429753027298345,0.05702469727016544,1.35,-694.3137384205609,-1685.0265680000005,-1685.0265680000005,0.0,6,0,0.0,3,1,,,,,3.054845044004419,0.0,0.9967738209409166,0.003226179059083452,1.0,3,1,,,,,3.8985669254853104,10675.124805843148,0.9471431220302758,0.05285687796972418,1.3500000000000003,6920.2387336035945,-316.9079720000034,-316.9079720000034,0.0,25,0,0.0,18,2,,,,,3.353697465416499,0.0,0.979194266740206,0.020805733259794033,1.0,7,2,,,,,3.674528415657829,10234.513212640793,0.9603218579024807,0.039678142097519374,1.35,1624.3479081549235,-5627.6851149999975,-5627.6851149999975,0.0,71,1,0.0,42,4,,,,,3.6890312567543777,0.0,0.9594687496026836,0.04053125039731636,1.0,29,4,,,,,3.968176951320164,8855.96175503001,0.9430484146282256,0.05695158537177436,1.35,4612.345417466688,16786.479992000004,16786.479992000004,0.0,529,2,0.0,324,16,,,,,4.023344571367025,0.0,0.939803260507822,0.06019673949217793,0.9390817203471652,205,16,,,,,4.183304069754393,8136.434271248683,0.9303938782497416,0.06960612175025838,1.260601578344751,4612.345417466688,16786.479992000004,16786.479992000004,0.0,529,2,0.0,324,16,,,,,4.023344571367025,0.0,0.939803260507822,0.06019673949217793,0.9390817203471652,205,16,,,,,4.183304069754393,8136.434271248683,0.9303938782497416,0.06960612175025838,1.260601578344751
576,SUPER,0.0,0.0,0.0,,0,0,0,0,0,24h,bullish,4515.644692129681,25,,,,,,,19.013852669313717,0.0,0.05800866651095756,0.9419913334890424,-1.7999999999999998,,2683.9396045815597,2245.7899230000003,2245.7899230000003,0.0,2,0,0.0,2,1,,,,,19.095603837088543,0.0,0.05319977428890921,0.9468002257110909,-1.8,0,0,,,,,,,,,,2592.6396387728396,1857.092631,1857.092631,0.0,6,0,0.0,4,1,,,,,19.095950934618198,0.0,0.05317935678716502,0.9468206432128351,-1.8,2,1,,,,,6.872058391912029,19800.193798744403,0.7722318592992924,0.2277681407007076,0.3499999999999999,4515.644692129681,1953.083145000001,1953.083145000001,0.0,25,0,0.0,13,2,,,,,19.013852669313717,0.0,0.05800866651095756,0.9419913334890424,-1.7999999999999998,12,2,,,,,6.613620443812257,19569.39896430155,0.7874340915404554,0.21256590845954454,0.35,-2439.4800236881665,6232.030627,6232.030627,0.0,71,1,0.0,37,4,,,,,18.762209324050403,0.0,0.0728112162323291,0.9271887837676709,-1.8,34,4,,,,,6.768946971770489,16438.096507637285,0.7782972369546771,0.22170276304532283,0.3499999999999999,381.4896058985364,4282.034135999999,4282.034135999999,0.0,529,2,0.0,264,16,,,,,15.304965619341077,0.0,0.27617849297993663,0.7238215070200634,-1.508135479259204,265,16,,,,,6.006464795608833,16703.172106986294,0.8231491296700686,0.17685087032993135,0.5946772888016635,381.4896058985364,4282.034135999999,4282.034135999999,0.0,529,2,0.0,264,16,,,,,15.304965619341077,0.0,0.27617849297993663,0.7238215070200634,-1.508135479259204,265,16,,,,,6.006464795608833,16703.172106986294,0.8231491296700686,0.17685087032993135,0.5946772888016635
576,NEIRO,0.0,0.0,0.0,,0,0,0,0,0,15d,bullish,4427.270916320003,3,,,,,,,0.0,0.0,0.0,0.0,0.0,,,,,,,,,,,,,,,,,,,,,,,,,,,,,,,,,,,,,,,,,,,,,,,,,,,,,,,,,,,,,,,,,,,,,,,,,,,,,,,,,,,,,,,,,,,,,,,,,,,,,,,,,,,,,,,,,,,,,,4427.270916320003,-3952.9204610000033,0.0,-3952.9204610000033,3,0,1.0,2,2,,,,,0.0,0.0,0.0,0.0,0.0,1,1,,,,,0.0,0.0,0.0,0.0,0.0,4427.270916320003,-3952.9204610000033,0.0,-3952.9204610000033,3,0,1.0,2,2,,,,,0.0,0.0,0.0,0.0,0.0,1,1,,,,,0.0,0.0,0.0,0.0,0.0
576,LINK0,0.0,0.0,0.0,,0,0,0,0,0,15d,bullish,3742.829025411599,34,,,,,,,0.0,0.0,0.0,0.0,0.0,,,,,,,,,,,,,,,,,,,,,,,,,,,,,,,,,,,,,,,,,,,,,,,,,,,,,,,,,,,,-622.2192,-456.6400000000001,0.0,-456.6400000000001,5,0,1.0,0,0,,,,,,,,,,5,2,,,,,0.0,0.0,0.0,0.0,0.0,-597.1682985702002,-494.4041525500006,0.0,-494.4041525500006,13,0,1.0,6,3,,,,,0.0,0.0,0.0,0.0,0.0,7,3,,,,,0.0,0.0,0.0,0.0,0.0,3742.829025411599,2671.67537684,0.0,2671.67537684,34,0,1.0,20,10,,,,,0.0,0.0,0.0,0.0,0.0,14,9,,,,,0.0,0.0,0.0,0.0,0.0,3742.829025411599,2671.67537684,0.0,2671.67537684,34,0,1.0,20,10,,,,,0.0,0.0,0.0,0.0,0.0,14,9,,,,,0.0,0.0,0.0,0.0,0.0
576,G,0.0,0.0,0.0,,0,0,0,0,0,72h,bullish,3548.0870935725843,3,,,,,,,0.0,0.0,0.0,0.0,0.0,,,,,,,,,,,,,,,,,,,,,,,,,,,,,,,,,,,,,,,,,,,,,,,,,,,,,,,,,,,,,,,,,,,,,,,,,,,,,,,,,,,,,,,,,3548.0870935725843,2534.347923980418,0.0,2534.347923980418,3,0,1.0,2,1,,,,,0.0,0.0,0.0,0.0,0.0,1,1,,,,,0.0,0.0,0.0,0.0,0.0,3548.0870935725843,2534.347923980418,0.0,2534.347923980418,3,0,1.0,2,1,,,,,0.0,0.0,0.0,0.0,0.0,1,1,,,,,0.0,0.0,0.0,0.0,0.0,3548.0870935725843,2534.347923980418,0.0,2534.347923980418,3,0,1.0,2,1,,,,,0.0,0.0,0.0,0.0,0.0,1,1,,,,,0.0,0.0,0.0,0.0,0.0
576,USOL,0.0,0.0,0.0,,0,0,0,0,0,15d,bullish,3358.1409952232525,528,,,,,,,0.0,0.0,0.0,0.0,0.0,,715.7183748940174,-170.58209691243871,0.0,-170.58209691243871,2,0,1.0,1,1,,,,,0.0,0.0,0.0,0.0,0.0,1,1,,,,,0.0,0.0,0.0,0.0,0.0,-115.69739205155439,-1221.3480200338536,0.0,-1221.3480200338536,6,0,1.0,2,1,,,,,0.0,0.0,0.0,0.0,0.0,4,1,,,,,0.0,0.0,0.0,0.0,0.0,796.1195824332547,-2591.9108353034735,0.0,-2591.9108353034735,25,0,1.0,13,2,,,,,0.0,0.0,0.0,0.0,0.0,12,2,,,,,0.0,0.0,0.0,0.0,0.0,2158.638348636867,1318.8988153153603,0.0,1318.8988153153603,71,1,1.0,37,4,,,,,0.0,0.0,0.0,0.0,0.0,34,4,,,,,0.0,0.0,0.0,0.0,0.0,3358.1409952232525,-1095.7628361344316,0.0,-1095.7628361344316,528,2,1.0,262,16,,,,,0.0,0.0,0.0,0.0,0.0,266,16,,,,,0.0,0.0,0.0,0.0,0.0,3358.1409952232525,-1095.7628361344316,0.0,-1095.7628361344316,528,2,1.0,262,16,,,,,0.0,0.0,0.0,0.0,0.0,266,16,,,,,0.0,0.0,0.0,0.0,0.0
576,ACE,0.0,0.0,0.0,,0,0,0,0,0,72h,bullish,2252.3450157324387,71,,,,,,,9.283308017483234,0.0,0.6303936460303979,0.36960635396960206,-0.6565582793878678,,350.41293580800334,-512.8966779999968,-512.8966779999968,0.0,2,0,0.0,1,1,,,,,10.182181391555492,0.0,0.5775187416732064,0.4224812583267937,-1.2000000000000002,1,1,,,,,8.896264355537738,15322.41149743597,0.6531609202624863,0.3468390797375139,0.35,1282.6377008146833,545.0907570000032,545.0907570000032,0.0,6,0,0.0,4,1,,,,,10.172620195473488,0.0,0.5780811649721479,0.4219188350278522,-1.2000000000000002,2,1,,,,,8.719664806877745,15288.505893137224,0.6635491290071919,0.3364508709928084,0.35000000000000003,-869.8458455800367,4535.145029000003,4535.145029000003,0.0,25,0,0.0,11,2,,,,,10.096246378559693,0.0,0.5825737424376652,0.4174262575623348,-1.1670743569521085,14,2,,,,,8.318554399500231,15250.705362176242,0.6871438588529277,0.31285614114707233,0.35,2252.3450157324387,3724.0095800000013,3724.0095800000013,0.0,71,1,0.0,36,4,,,,,9.283308017483234,0.0,0.6303936460303979,0.36960635396960206,-0.6565582793878678,35,4,,,,,8.20853695918938,14545.1178172471,0.6936154729888601,0.30638452701114,0.35000000000000003,1049.3777024778726,-4261.0355949999985,-4261.0355949999985,0.0,529,2,0.0,284,16,,,,,7.467440310486214,0.14807774941688534,0.7372093935008109,0.262790606499189,-0.021660485747927078,245,16,,,,,7.420854012354848,14509.92854609735,0.7399497639791266,0.2600502360208734,0.35,1049.3777024778726,-4261.0355949999985,-4261.0355949999985,0.0,529,2,0.0,284,16,,,,,7.467440310486214,0.14807774941688534,0.7372093935008109,0.262790606499189,-0.021660485747927078,245,16,,,,,7.420854012354848,14509.92854609735,0.7399497639791266,0.2600502360208734,0.35
576,RANK,0.0,0.0,0.0,,0,0,0,0,0,15d,bearish,-1730.6237856599855,1,,,,,,,0.0,0.0,0.0,0.0,0.0,,,,,,,,,,,,,,,,,,,,,,,,,,,,,,,,,,,,,,,,,,,,,,,,,,,,,,,,,,,,,,,,,,,,,,,,,,,,,,,,,,,,,,,,,,,,,,,,,,,,,,,,,,,,,,,,,,,,,,-1730.6237856599855,-2622.157250999978,0.0,-2622.157250999978,1,0,1.0,0,0,,,,,,,,,,1,1,,,,,0.0,0.0,0.0,0.0,0.0,-1730.6237856599855,-2622.157250999978,0.0,-2622.157250999978,1,0,1.0,0,0,,,,,,,,,,1,1,,,,,0.0,0.0,0.0,0.0,0.0
576,NOCEX,0.0,0.0,0.0,,0,0,0,0,0,15d,bullish,1730.167799999962,74,,,,,,,0.0,0.0,0.0,0.0,0.0,,,,,,,,,,,,,,,,,,,,,,,,,,,,,,,,,,,,,,,,,,,,,,,,,,,,,,,,,,,,,,,,,,,,,,,,,,,,,,,,,,,,,,,,,,,,,,,,,,,,,,,,,,,,,,,,,,,,,,1730.167799999962,2939.149999999965,0.0,2939.149999999965,74,0,1.0,40,12,,,,,0.0,0.0,0.0,0.0,0.0,34,11,,,,,0.0,0.0,0.0,0.0,0.0,1730.167799999962,2939.149999999965,0.0,2939.149999999965,74,0,1.0,40,12,,,,,0.0,0.0,0.0,0.0,0.0,34,11,,,,,0.0,0.0,0.0,0.0,0.0
576,LICK,0.0,0.0,0.0,,0,0,0,0,0,15d,bearish,-1653.398956569599,27,,,,,,,0.0,0.0,0.0,0.0,0.0,,,,,,,,,,,,,,,,,,,,,,,,,,,,,,,,,,,,,,,,,,,,,,,,,,,,,,,,,,,,,,,,,,,,,,,,,,,,,,,,,,,,,,,,,1108.589328,1679.6808,0.0,1679.6808,2,0,1.0,2,1,,,,,0.0,0.0,0.0,0.0,0.0,0,0,,,,,,,,,,-1653.398956569599,-6116.324077650001,0.0,-6116.324077650001,27,0,1.0,18,9,,,,,0.0,0.0,0.0,0.0,0.0,9,8,,,,,0.0,0.0,0.0,0.0,0.0,-1653.398956569599,-6116.324077650001,0.0,-6116.324077650001,27,0,1.0,18,9,,,,,0.0,0.0,0.0,0.0,0.0,9,8,,,,,0.0,0.0,0.0,0.0,0.0
576,POINTS,0.0,0.0,0.0,,0,0,0,0,0,15d,bearish,-1226.1613951056001,42,,,,,,,0.0,0.0,0.0,0.0,0.0,,,,,,,,,,,,,,,,,,,,,,,,,,,,,,,,,,,,,,,,,,,,,,,,,,,,,,,,,,,,,,,,,,,,,,,,,,,,,,,,,,,,,,,,,,,,,,,,,,,,,,,,,,,,,,,,,,,,,,-1226.1613951056001,-1012.7972593199999,0.0,-1012.7972593199999,42,0,1.0,21,9,,,,,0.0,0.0,0.0,0.0,0.0,21,10,,,,,0.0,0.0,0.0,0.0,0.0,-1226.1613951056001,-1012.7972593199999,0.0,-1012.7972593199999,42,0,1.0,21,9,,,,,0.0,0.0,0.0,0.0,0.0,21,10,,,,,0.0,0.0,0.0,0.0,0.0
576,HPENGU,0.0,0.0,0.0,,0,0,0,0,0,15d,bullish,1000.8017728511269,404,,,,,,,0.0,0.0,0.0,0.0,0.0,,-4.017471479999586,-3.3478928999996556,0.0,-3.3478928999996556,1,0,1.0,0,0,,,,,,,,,,1,1,,,,,0.0,0.0,0.0,0.0,0.0,1.676862042869747,1.397385035724789,0.0,1.397385035724789,4,0,1.0,3,1,,,,,0.0,0.0,0.0,0.0,0.0,1,1,,,,,0.0,0.0,0.0,0.0,0.0,4.786740580653284,4.337124467068119,0.0,4.337124467068119,20,0,1.0,8,2,,,,,0.0,0.0,0.0,0.0,0.0,12,2,,,,,0.0,0.0,0.0,0.0,0.0,-166.16831725239197,-137.9537321521363,0.0,-137.9537321521363,54,1,1.0,33,4,,,,,0.0,0.0,0.0,0.0,0.0,21,4,,,,,0.0,0.0,0.0,0.0,0.0,1000.8017728511269,578.4115004978612,0.0,578.4115004978612,404,2,1.0,199,16,,,,,0.0,0.0,0.0,0.0,0.0,205,16,,,,,0.0,0.0,0.0,0.0,0.0,1000.8017728511269,578.4115004978612,0.0,578.4115004978612,404,2,1.0,199,16,,,,,0.0,0.0,0.0,0.0,0.0,205,16,,,,,0.0,0.0,0.0,0.0,0.0
576,ATEHUN,0.0,0.0,0.0,,0,0,0,0,0,15d,bearish,-851.0800949940368,62,,,,,,,0.0,0.0,0.0,0.0,0.0,,,,,,,,,,,,,,,,,,,,,,,,,,,,,,,,,,,,,,,,,,,,,,,,,,,,,,,,,,,,,,,,,,,,,,,,,,,,,,,,,,,,,,,,,,,,,,,,,,,,,,,,,,,,,,,,,,,,,,-851.0800949940368,-1476.2597358999851,0.0,-1476.2597358999851,62,1,1.0,37,13,,,,,0.0,0.0,0.0,0.0,0.0,25,9,,,,,0.0,0.0,0.0,0.0,0.0,-851.0800949940368,-1476.2597358999851,0.0,-1476.2597358999851,62,1,1.0,37,13,,,,,0.0,0.0,0.0,0.0,0.0,25,9,,,,,0.0,0.0,0.0,0.0,0.0
576,ANSEM,0.0,0.0,0.0,,0,0,0,0,0,15d,bearish,-831.9473828533734,35,,,,,,,0.0,0.0,0.0,0.0,0.0,,,,,,,,,,,,,,,,,,,,,,,,,,,,,,,,,,,,,,,,,,,,,,,,,,,,,,,,,,,,,,,,,,,,,,,,,,,,,,,,,,,,,,,,,-0.2696562,-0.408570000000001,0.0,-0.408570000000001,2,0,1.0,1,1,,,,,0.0,0.0,0.0,0.0,0.0,1,1,,,,,0.0,0.0,0.0,0.0,0.0,-831.9473828533734,-881.2101744103006,0.0,-881.2101744103006,35,0,1.0,17,11,,,,,0.0,0.0,0.0,0.0,0.0,18,10,,,,,0.0,0.0,0.0,0.0,0.0,-831.9473828533734,-881.2101744103006,0.0,-881.2101744103006,35,0,1.0,17,11,,,,,0.0,0.0,0.0,0.0,0.0,18,10,,,,,0.0,0.0,0.0,0.0,0.0
576,BRLA,0.0,0.0,0.0,,0,0,0,0,0,15d,bullish,715.1761606289984,13,,,,,,,0.0,0.0,0.0,0.0,0.0,,,,,,,,,,,,,,,,,,,,,,,,,,,,,,,,,,,,,,,,,,,,,,,,,,,,,,,,,,,,,,,,,,,,,,,,,,,,,,,,,,,,,,,,,,,,,,,,,,,,,,,,,,,,,,,,,,,,,,715.1761606289984,1858.8892626499978,0.0,1858.8892626499978,13,0,1.0,5,5,,,,,0.0,0.0,0.0,0.0,0.0,8,4,,,,,0.0,0.0,0.0,0.0,0.0,715.1761606289984,1858.8892626499978,0.0,1858.8892626499978,13,0,1.0,5,5,,,,,0.0,0.0,0.0,0.0,0.0,8,4,,,,,0.0,0.0,0.0,0.0,0.0
576,SCHIZO,0.0,0.0,0.0,,0,0,0,0,0,15d,bearish,-656.8668717480111,15,,,,,,,0.0,0.0,0.0,0.0,0.0,,,,,,,,,,,,,,,,,,,,,,,,,,,,,,,,,,,,,,,,,,,,,,,,,,,,,,,,,,,,,,,,,,,,,,,,,,,,,,,,,,,,,,,,,8.55572995199639,12.96322719999453,0.0,12.96322719999453,1,0,1.0,1,1,,,,,0.0,0.0,0.0,0.0,0.0,0,0,,,,,,,,,,-656.8668717480111,-1024.2821577000145,0.0,-1024.2821577000145,15,0,1.0,9,7,,,,,0.0,0.0,0.0,0.0,0.0,6,3,,,,,0.0,0.0,0.0,0.0,0.0,-656.8668717480111,-1024.2821577000145,0.0,-1024.2821577000145,15,0,1.0,9,7,,,,,0.0,0.0,0.0,0.0,0.0,6,3,,,,,0.0,0.0,0.0,0.0,0.0
576,FUND,0.0,0.0,0.0,,0,0,0,0,0,15d,bullish,648.6104794080048,15,,,,,,,0.0,0.0,0.0,0.0,0.0,,,,,,,,,,,,,,,,,,,,,,,,,,,,,,,,,,,,,,,,,,,,,,,,,,,,,,,,,,,,,,,,,,,,,,,,,,,,,,,,,,,,,,,,,,,,,,,,,,,,,,,,,,,,,,,,,,,,,,648.6104794080048,896.3492121999993,0.0,896.3492121999993,15,0,1.0,10,8,,,,,0.0,0.0,0.0,0.0,0.0,5,4,,,,,0.0,0.0,0.0,0.0,0.0,648.6104794080048,896.3492121999993,0.0,896.3492121999993,15,0,1.0,10,8,,,,,0.0,0.0,0.0,0.0,0.0,5,4,,,,,0.0,0.0,0.0,0.0,0.0
576,UUUSPX,0.0,0.0,0.0,,0,0,0,0,0,15d,bullish,539.6513552223971,118,,,,,,,0.0,0.0,0.0,0.0,0.0,,,,,,,,,,,,,,,,,,,,,,,,,,,,,,,9.064746821943338,18.312619842309772,0.0,18.312619842309772,1,0,1.0,1,1,,,,,0.0,0.0,0.0,0.0,0.0,0,0,,,,,,,,,,34.06472804765491,68.81763241950487,0.0,68.81763241950487,9,0,1.0,4,2,,,,,0.0,0.0,0.0,0.0,0.0,5,1,,,,,0.0,0.0,0.0,0.0,0.0,47.91423929465491,96.79644301950486,0.0,96.79644301950486,11,0,1.0,6,3,,,,,0.0,0.0,0.0,0.0,0.0,5,1,,,,,0.0,0.0,0.0,0.0,0.0,539.6513552223971,308.53768930363714,0.0,308.53768930363714,118,0,1.0,62,16,,,,,0.0,0.0,0.0,0.0,0.0,56,14,,,,,0.0,0.0,0.0,0.0,0.0,539.6513552223971,308.53768930363714,0.0,308.53768930363714,118,0,1.0,62,16,,,,,0.0,0.0,0.0,0.0,0.0,56,14,,,,,0.0,0.0,0.0,0.0,0.0
576,RUG,0.0,0.0,0.0,,0,0,0,0,0,15d,bullish,458.500301292,1,,,,,,,0.0,0.0,0.0,0.0,0.0,,,,,,,,,,,,,,,,,,,,,,,,,,,,,,,,,,,,,,,,,,,,,,,,,,,,,,,,,,,,,,,,,,,,,,,,,,,,,,,,,,,,,,,,,,,,,,,,,,,,,,,,,,,,,,,,,,,,,,458.500301292,382.08358441,0.0,382.08358441,1,0,1.0,1,1,,,,,0.0,0.0,0.0,0.0,0.0,0,0,,,,,,,,,,458.500301292,382.08358441,0.0,382.08358441,1,0,1.0,1,1,,,,,0.0,0.0,0.0,0.0,0.0,0,0,,,,,,,,,
576,USDE,0.0,0.0,0.0,,0,0,0,0,0,15d,bullish,433.9310422255695,18,,,,,,,0.0,0.0,0.0,0.0,0.0,,,,,,,,,,,,,,,,,,,,,,,,,,,,,,,,,,,,,,,,,,,,,,,,,,,,,,,,,,,,-14.98108972702218,-10.957994569531424,0.0,-10.957994569531424,2,0,1.0,0,0,,,,,,,,,,2,1,,,,,0.0,0.0,0.0,0.0,0.0,-16.457421153560922,-9.234680075966264,0.0,-9.234680075966264,3,0,1.0,0,0,,,,,,,,,,3,1,,,,,0.0,0.0,0.0,0.0,0.0,433.9310422255695,309.16237840019926,0.0,309.16237840019926,18,0,1.0,5,3,,,,,0.0,0.0,0.0,0.0,0.0,13,5,,,,,0.0,0.0,0.0,0.0,0.0,433.9310422255695,309.16237840019926,0.0,309.16237840019926,18,0,1.0,5,3,,,,,0.0,0.0,0.0,0.0,0.0,13,5,,,,,0.0,0.0,0.0,0.0,0.0
576,UP,0.0,0.0,0.0,,0,0,0,0,0,15d,bullish,409.4573999997787,2,,,,,,,0.0,0.0,0.0,0.0,0.0,,,,,,,,,,,,,,,,,,,,,,,,,,,,,,,,,,,,,,,,,,,,,,,,,,,,,,,,,,,,,,,,,,,,,,,,,,,,,,,,,,,,,,,,,,,,,,,,,,,,,,,,,,,,,,,,,,,,,,409.4573999997787,620.3899999996647,0.0,620.3899999996647,2,0,1.0,2,2,,,,,0.0,0.0,0.0,0.0,0.0,0,0,,,,,,,,,,409.4573999997787,620.3899999996647,0.0,620.3899999996647,2,0,1.0,2,2,,,,,0.0,0.0,0.0,0.0,0.0,0,0,,,,,,,,,
576,CATBAL,0.0,0.0,0.0,,0,0,0,0,0,15d,bullish,393.31885812595664,195,,,,,,,0.0,0.0,0.0,0.0,0.0,,,,,,,,,,,,,,,,,,,,,,,,,,,,,,,,,,,,,,,,,,,,,,,,,,,,,,,,,,,,,,,,,,,,,,,,,,,,,,,,,,,,,,,,,6.999104904003687,10.604704400005588,0.0,10.604704400005588,4,0,1.0,2,2,,,,,0.0,0.0,0.0,0.0,0.0,2,1,,,,,0.0,0.0,0.0,0.0,0.0,393.31885812595664,762.0013927000506,0.0,762.0013927000506,195,0,1.0,97,14,,,,,0.0,0.0,0.0,0.0,0.0,98,13,,,,,0.0,0.0,0.0,0.0,0.0,393.31885812595664,762.0013927000506,0.0,762.0013927000506,195,0,1.0,97,14,,,,,0.0,0.0,0.0,0.0,0.0,98,13,,,,,0.0,0.0,0.0,0.0,0.0
576,FXRP,0.0,0.0,0.0,,0,0,0,0,0,15d,bearish,-277.5764635579972,16,,,,,,,0.0,0.0,0.0,0.0,0.0,,,,,,,,,,,,,,,,,,,,,,,,,,,,,,,,,,,,,,,,,,,,,,,,,,,,,,,,,,,,-8.2910448,6.909204000000001,0.0,6.909204000000001,1,0,1.0,0,0,,,,,,,,,,1,1,,,,,0.0,0.0,0.0,0.0,0.0,-7.062483329805574,5.88540277483798,0.0,5.88540277483798,3,0,1.0,1,1,,,,,0.0,0.0,0.0,0.0,0.0,2,2,,,,,0.0,0.0,0.0,0.0,0.0,-277.5764635579972,248.92467090981782,0.0,248.92467090981782,16,0,1.0,6,5,,,,,0.0,0.0,0.0,0.0,0.0,10,7,,,,,0.0,0.0,0.0,0.0,0.0,-277.5764635579972,248.92467090981782,0.0,248.92467090981782,16,0,1.0,6,5,,,,,0.0,0.0,0.0,0.0,0.0,10,7,,,,,0.0,0.0,0.0,0.0,0.0
576,MEOW,0.0,0.0,0.0,,0,0,0,0,0,15d,bullish,216.61104234,4,,,,,,,0.0,0.0,0.0,0.0,0.0,,,,,,,,,,,,,,,,,,,,,,,,,,,,,,,,,,,,,,,,,,,,,,,,,,,,,,,,,,,,,,,,,,,,,,,,,,,,,,,,,,,,,,,,,180.50761660805153,273.4963888000781,0.0,273.4963888000781,2,0,1.0,2,1,,,,,0.0,0.0,0.0,0.0,0.0,0,0,,,,,,,,,,216.61104234,328.198549,0.0,328.198549,4,0,1.0,4,3,,,,,0.0,0.0,0.0,0.0,0.0,0,0,,,,,,,,,,216.61104234,328.198549,0.0,328.198549,4,0,1.0,4,3,,,,,0.0,0.0,0.0,0.0,0.0,0,0,,,,,,,,,
576,MBAPPE,0.0,0.0,0.0,,0,0,0,0,0,15d,bullish,201.598290182034,2,,,,,,,0.0,0.0,0.0,0.0,0.0,,,,,,,,,,,,,,,,,,,,,,,,,,,,,,,,,,,,,,,,,,,,,,,,,,,,,,,,,,,,,,,,,,,,,,,,,,,,,,,,,,,,,,,,,,,,,,,,,,,,,,,,,,,,,,,,,,,,,,201.598290182034,143.66398807431,0.0,143.66398807431,2,0,1.0,1,1,,,,,0.0,0.0,0.0,0.0,0.0,1,1,,,,,0.0,0.0,0.0,0.0,0.0,201.598290182034,143.66398807431,0.0,143.66398807431,2,0,1.0,1,1,,,,,0.0,0.0,0.0,0.0,0.0,1,1,,,,,0.0,0.0,0.0,0.0,0.0
576,NASDAQ,0.0,0.0,0.0,,0,0,0,0,0,15d,bullish,175.28839534559793,3,,,,,,,0.0,0.0,0.0,0.0,0.0,,,,,,,,,,,,,,,,,,,,,,,,,,,,,,,,,,,,,,,,,,,,,,,,,,,,,,,,,,,,,,,,,,,,,,,,,,,,,,,,,,,,,,,,,,,,,,,,,,,,,,,,,,,,,,,,,,,,,,175.28839534559793,151.54016745999797,0.0,151.54016745999797,3,0,1.0,3,3,,,,,0.0,0.0,0.0,0.0,0.0,0,0,,,,,,,,,,175.28839534559793,151.54016745999797,0.0,151.54016745999797,3,0,1.0,3,3,,,,,0.0,0.0,0.0,0.0,0.0,0,0,,,,,,,,,
576,UDZ,0.0,0.0,0.0,,0,0,0,0,0,24h,bearish,-171.4071626126793,4,,,,,,,0.0,0.0,0.0,0.0,0.0,,,,,,,,,,,,,,,,,,,,,,,,,,,,,,,,,,,,,,,,,,,,,,,,,,,,,,,,,,,,-171.4071626126793,142.8392989834536,0.0,142.8392989834536,4,0,1.0,0,0,,,,,,,,,,4,1,,,,,0.0,0.0,0.0,0.0,0.0,37.946504257936525,-255.99450768623774,0.0,-255.99450768623774,24,0,1.0,2,1,,,,,0.0,0.0,0.0,0.0,0.0,22,3,,,,,0.0,0.0,0.0,0.0,0.0,138.35000188534008,-146.63961006762116,0.0,-146.63961006762116,245,1,1.0,81,13,,,,,0.0,0.0,0.0,0.0,0.0,164,14,,,,,0.0,0.0,0.0,0.0,0.0,138.35000188534008,-146.63961006762116,0.0,-146.63961006762116,245,1,1.0,81,13,,,,,0.0,0.0,0.0,0.0,0.0,164,14,,,,,0.0,0.0,0.0,0.0,0.0
576,LAUNCH,0.0,0.0,0.0,,0,0,0,0,0,15d,bullish,132.53623836960102,3,,,,,,,0.0,0.0,0.0,0.0,0.0,,,,,,,,,,,,,,,,,,,,,,,,,,,,,,,,,,,,,,,,,,,,,,,,,,,,,,,,,,,,,,,,,,,,,,,,,,,,,,,,,,,,,,,,,,,,,,,,,,,,,,,,,,,,,,,,,,,,,,132.53623836960102,187.6628962000004,0.0,187.6628962000004,3,0,1.0,3,3,,,,,0.0,0.0,0.0,0.0,0.0,0,0,,,,,,,,,,132.53623836960102,187.6628962000004,0.0,187.6628962000004,3,0,1.0,3,3,,,,,0.0,0.0,0.0,0.0,0.0,0,0,,,,,,,,,
576,GPT,0.0,0.0,0.0,,0,0,0,0,0,15d,bearish,-124.96170833999999,1,,,,,,,0.0,0.0,0.0,0.0,0.0,,,,,,,,,,,,,,,,,,,,,,,,,,,,,,,,,,,,,,,,,,,,,,,,,,,,,,,,,,,,,,,,,,,,,,,,,,,,,,,,,,,,,,,,,,,,,,,,,,,,,,,,,,,,,,,,,,,,,,-124.96170833999999,-89.2583631,0.0,-89.2583631,1,0,1.0,0,0,,,,,,,,,,1,1,,,,,0.0,0.0,0.0,0.0,0.0,-124.96170833999999,-89.2583631,0.0,-89.2583631,1,0,1.0,0,0,,,,,,,,,,1,1,,,,,0.0,0.0,0.0,0.0,0.0
576,PIP,0.0,0.0,0.0,,0,0,0,0,0,15d,bearish,-90.76485986879786,80,,,,,,,0.0,0.0,0.0,0.0,0.0,,,,,,,,,,,,,,,,,,,,,,,,,,,,,,,,,,,,,,,,,,,,,,,,,,,,,,,,,,,,,,,,,,,,,,,,,,,,,,,,,,,,,,,,,7.677552167999615,11.632654799999415,0.0,11.632654799999415,4,0,1.0,3,2,,,,,0.0,0.0,0.0,0.0,0.0,1,1,,,,,0.0,0.0,0.0,0.0,0.0,-90.76485986879786,-72.45930431999743,0.0,-72.45930431999743,80,0,1.0,36,13,,,,,0.0,0.0,0.0,0.0,0.0,44,11,,,,,0.0,0.0,0.0,0.0,0.0,-90.76485986879786,-72.45930431999743,0.0,-72.45930431999743,80,0,1.0,36,13,,,,,0.0,0.0,0.0,0.0,0.0,44,11,,,,,0.0,0.0,0.0,0.0,0.0
576,UZEC,0.0,0.0,0.0,,0,0,0,0,0,15d,bearish,-79.81469678641326,98,,,,,,,0.0,0.0,0.0,0.0,0.0,,,,,,,,,,,,,,,,,,,,,,,,,,,,,,,,,,,,,,,,,,,,,,,,,,,,,,,,,,,,7.951568427630528,8.788098358434073,0.0,8.788098358434073,2,0,1.0,2,1,,,,,0.0,0.0,0.0,0.0,0.0,0,0,,,,,,,,,,7.29932407551124,11.990064405624965,0.0,11.990064405624965,16,0,1.0,7,3,,,,,0.0,0.0,0.0,0.0,0.0,9,2,,,,,0.0,0.0,0.0,0.0,0.0,-79.81469678641326,-59.21041346502476,0.0,-59.21041346502476,98,1,1.0,53,12,,,,,0.0,0.0,0.0,0.0,0.0,45,11,,,,,0.0,0.0,0.0,0.0,0.0,-79.81469678641326,-59.21041346502476,0.0,-59.21041346502476,98,1,1.0,53,12,,,,,0.0,0.0,0.0,0.0,0.0,45,11,,,,,0.0,0.0,0.0,0.0,0.0
576,SPH,0.0,0.0,0.0,,0,0,0,0,0,15d,bullish,49.455870340799876,2,,,,,,,0.0,0.0,0.0,0.0,0.0,,,,,,,,,,,,,,,,,,,,,,,,,,,,,,,,,,,,,,,,,,,,,,,,,,,,,,,,,,,,,,,,,,,,,,,,,,,,,,,,,,,,,,,,,,,,,,,,,,,,,,,,,,,,,,,,,,,,,,49.455870340799876,40.67004687999981,0.0,40.67004687999981,2,0,1.0,1,1,,,,,0.0,0.0,0.0,0.0,0.0,1,1,,,,,0.0,0.0,0.0,0.0,0.0,49.455870340799876,40.67004687999981,0.0,40.67004687999981,2,0,1.0,1,1,,,,,0.0,0.0,0.0,0.0,0.0,1,1,,,,,0.0,0.0,0.0,0.0,0.0
576,HEAD,0.0,0.0,0.0,,0,0,0,0,0,15d,bearish,-48.62964566460063,2,,,,,,,0.0,0.0,0.0,0.0,0.0,,,,,,,,,,,,,,,,,,,,,,,,,,,,,,,,,,,,,,,,,,,,,,,,,,,,,,,,,,,,,,,,,,,,,,,,,,,,,,,,,,,,,,,,,,,,,,,,,,,,,,,,,,,,,,,,,,,,,,-48.62964566460063,-73.68128131000095,0.0,-73.68128131000095,2,0,1.0,0,0,,,,,,,,,,2,1,,,,,0.0,0.0,0.0,0.0,0.0,-48.62964566460063,-73.68128131000095,0.0,-73.68128131000095,2,0,1.0,0,0,,,,,,,,,,2,1,,,,,0.0,0.0,0.0,0.0,0.0
576,MGW,0.0,0.0,0.0,,0,0,0,0,0,15d,bullish,47.059150115995934,23,,,,,,,0.0,0.0,0.0,0.0,0.0,,,,,,,,,,,,,,,,,,,,,,,,,,,,,,,,,,,,,,,,,,,,,,,,,,,,,,,,,,,,,,,,,,,,,,,,,,,,,,,,,,,,,,,,,38.39048353799463,58.16739929999186,0.0,58.16739929999186,17,0,1.0,11,2,,,,,0.0,0.0,0.0,0.0,0.0,6,2,,,,,0.0,0.0,0.0,0.0,0.0,47.059150115995934,71.30174259999383,0.0,71.30174259999383,23,0,1.0,14,2,,,,,0.0,0.0,0.0,0.0,0.0,9,2,,,,,0.0,0.0,0.0,0.0,0.0,47.059150115995934,71.30174259999383,0.0,71.30174259999383,23,0,1.0,14,2,,,,,0.0,0.0,0.0,0.0,0.0,9,2,,,,,0.0,0.0,0.0,0.0,0.0
576,UFART,0.0,0.0,0.0,,0,0,0,0,0,15d,bullish,46.85541965870508,43,,,,,,,0.0,0.0,0.0,0.0,0.0,,,,,,,,,,,,,,,,,,,,,,,,,,,,,,,,,,,,,,,,,,,,,,,,,,,,,,,,,,,,-0.717506908526399,-1.3280468339050002,0.0,-1.3280468339050002,1,0,1.0,0,0,,,,,,,,,,1,1,,,,,0.0,0.0,0.0,0.0,0.0,-0.5841454361958253,2.428919374174999,0.0,2.428919374174999,4,0,1.0,1,1,,,,,0.0,0.0,0.0,0.0,0.0,3,1,,,,,0.0,0.0,0.0,0.0,0.0,46.85541965870508,64.55637692546502,0.0,64.55637692546502,43,1,1.0,28,8,,,,,0.0,0.0,0.0,0.0,0.0,15,8,,,,,0.0,0.0,0.0,0.0,0.0,46.85541965870508,64.55637692546502,0.0,64.55637692546502,43,1,1.0,28,8,,,,,0.0,0.0,0.0,0.0,0.0,15,8,,,,,0.0,0.0,0.0,0.0,0.0
576,MUNCH,0.0,0.0,0.0,,0,0,0,0,0,72h,bullish,38.415324222,1,,,,,,,0.0,0.0,0.0,0.0,0.0,,,,,,,,,,,,,,,,,,,,,,,,,,,,,,,,,,,,,,,,,,,,,,,,,,,,,,,,,,,,,,,,,,,,,,,,,,,,,,,,,,,,,,,,,38.415324222,58.2050367,0.0,58.2050367,1,0,1.0,1,1,,,,,0.0,0.0,0.0,0.0,0.0,0,0,,,,,,,,,,38.415324222,58.2050367,0.0,58.2050367,1,0,1.0,1,1,,,,,0.0,0.0,0.0,0.0,0.0,0,0,,,,,,,,,,38.415324222,58.2050367,0.0,58.2050367,1,0,1.0,1,1,,,,,0.0,0.0,0.0,0.0,0.0,0,0,,,,,,,,,
576,WOW,0.0,0.0,0.0,,0,0,0,0,0,15d,bearish,-33.27776709599948,2,,,,,,,0.0,0.0,0.0,0.0,0.0,,,,,,,,,,,,,,,,,,,,,,,,,,,,,,,,,,,,,,,,,,,,,,,,,,,,,,,,,,,,,,,,,,,,,,,,,,,,,,,,,,,,,,,,,,,,,,,,,,,,,,,,,,,,,,,,,,,,,,-33.27776709599948,-27.731472579999718,0.0,-27.731472579999718,2,0,1.0,1,1,,,,,0.0,0.0,0.0,0.0,0.0,1,1,,,,,0.0,0.0,0.0,0.0,0.0,-33.27776709599948,-27.731472579999718,0.0,-27.731472579999718,2,0,1.0,1,1,,,,,0.0,0.0,0.0,0.0,0.0,1,1,,,,,0.0,0.0,0.0,0.0,0.0
576,WMNT,0.0,0.0,0.0,,0,0,0,0,0,15d,bullish,27.227728652468492,7,,,,,,,0.0,0.0,0.0,0.0,0.0,,,,,,,,,,,,,,,,,,,,,,,,,,,,,,,,,,,,,,,,,,,,,,,,,,,,,,,,,,,,,,,,,,,,,,,,,,,,,,,,,,,,,,,,,,,,,,,,,,,,,,,,,,,,,,,,,,,,,,27.227728652468492,40.83705707192206,0.0,40.83705707192206,7,0,1.0,1,1,,,,,0.0,0.0,0.0,0.0,0.0,6,5,,,,,0.0,0.0,0.0,0.0,0.0,27.227728652468492,40.83705707192206,0.0,40.83705707192206,7,0,1.0,1,1,,,,,0.0,0.0,0.0,0.0,0.0,6,5,,,,,0.0,0.0,0.0,0.0,0.0
576,CHINA,0.0,0.0,0.0,,0,0,0,0,0,15d,bearish,-25.828188077999776,3,,,,,,,0.0,0.0,0.0,0.0,0.0,,,,,,,,,,,,,,,,,,,,,,,,,,,,,,,,,,,,,,,,,,,,,,,,,,,,,,,,,,,,,,,,,,,,,,,,,,,,,,,,,,,,,,,,,,,,,,,,,,,,,,,,,,,,,,,,,,,,,,-25.828188077999776,-39.133618299999654,0.0,-39.133618299999654,3,0,1.0,1,1,,,,,0.0,0.0,0.0,0.0,0.0,2,2,,,,,0.0,0.0,0.0,0.0,0.0,-25.828188077999776,-39.133618299999654,0.0,-39.133618299999654,3,0,1.0,1,1,,,,,0.0,0.0,0.0,0.0,0.0,2,2,,,,,0.0,0.0,0.0,0.0,0.0
576,UENA,0.0,0.0,0.0,,0,0,0,0,0,15d,bearish,-14.538835025207998,7,,,,,,,0.0,0.0,0.0,0.0,0.0,,,,,,,,,,,,,,,,,,,,,,,,,,,,,,,,,,,,,,,,,,,,,,,,,,,,,,,,,,,,,,,,,,,,,,,,,,,,,,,,,,,,,,,,,,,,,,,,,,,,,,,,,,,,,,,,,,,,,,-14.538835025207998,-7.269240042756005,0.0,-7.269240042756005,7,0,1.0,1,1,,,,,0.0,0.0,0.0,0.0,0.0,6,4,,,,,0.0,0.0,0.0,0.0,0.0,-14.538835025207998,-7.269240042756005,0.0,-7.269240042756005,7,0,1.0,1,1,,,,,0.0,0.0,0.0,0.0,0.0,6,4,,,,,0.0,0.0,0.0,0.0,0.0
576,NMTD,0.0,0.0,0.0,,0,0,0,0,0,15d,bullish,14.029800000000002,1,,,,,,,0.0,0.0,0.0,0.0,0.0,,,,,,,,,,,,,,,,,,,,,,,,,,,,,,,,,,,,,,,,,,,,,,,,,,,,,,,,,,,,,,,,,,,,,,,,,,,,,,,,,,,,,,,,,,,,,,,,,,,,,,,,,,,,,,,,,,,,,,14.029800000000002,11.691500000000001,0.0,11.691500000000001,1,0,1.0,1,1,,,,,0.0,0.0,0.0,0.0,0.0,0,0,,,,,,,,,,14.029800000000002,11.691500000000001,0.0,11.691500000000001,1,0,1.0,1,1,,,,,0.0,0.0,0.0,0.0,0.0,0,0,,,,,,,,,
576,SUCKY,0.0,0.0,0.0,,0,0,0,0,0,15d,bearish,-13.0601011794,4,,,,,,,0.0,0.0,0.0,0.0,0.0,,,,,,,,,,,,,,,,,,,,,,,,,,,,,,,,,,,,,,,,,,,,,,,,,,,,,,,,,,,,,,,,,,,,,,,,,,,,,,,,,,,,,,,,,,,,,,,,,,,,,,,,,,,,,,,,,,,,,,-13.0601011794,-19.788032089999987,0.0,-19.788032089999987,4,0,1.0,2,2,,,,,0.0,0.0,0.0,0.0,0.0,2,2,,,,,0.0,0.0,0.0,0.0,0.0,-13.0601011794,-19.788032089999987,0.0,-19.788032089999987,4,0,1.0,2,2,,,,,0.0,0.0,0.0,0.0,0.0,2,2,,,,,0.0,0.0,0.0,0.0,0.0
576,KOBE,0.0,0.0,0.0,,0,0,0,0,0,15d,bullish,12.78288,1,,,,,,,0.0,0.0,0.0,0.0,0.0,,,,,,,,,,,,,,,,,,,,,,,,,,,,,,,,,,,,,,,,,,,,,,,,,,,,,,,,,,,,,,,,,,,,,,,,,,,,,,,,,,,,,,,,,,,,,,,,,,,,,,,,,,,,,,,,,,,,,,12.78288,10.6524,0.0,10.6524,1,0,1.0,1,1,,,,,0.0,0.0,0.0,0.0,0.0,0,0,,,,,,,,,,12.78288,10.6524,0.0,10.6524,1,0,1.0,1,1,,,,,0.0,0.0,0.0,0.0,0.0,0,0,,,,,,,,,
576,FLASK,0.0,0.0,0.0,,0,0,0,0,0,15d,bullish,9.936261878400042,2,,,,,,,0.0,0.0,0.0,0.0,0.0,,,,,,,,,,,,,,,,,,,,,,,,,,,,,,,,,,,,,,,,,,,,,,,,,,,,,,,,,,,,,,,,,,,,,,,,,,,,,,,,,,,,,,,,,,,,,,,,,,,,,,,,,,,,,,,,,,,,,,9.936261878400042,15.054942240000063,0.0,15.054942240000063,2,0,1.0,2,1,,,,,0.0,0.0,0.0,0.0,0.0,0,0,,,,,,,,,,9.936261878400042,15.054942240000063,0.0,15.054942240000063,2,0,1.0,2,1,,,,,0.0,0.0,0.0,0.0,0.0,0,0,,,,,,,,,
576,HAR,0.0,0.0,0.0,,0,0,0,0,0,15d,bearish,-9.482675888000001,1,,,,,,,0.0,0.0,0.0,0.0,0.0,,,,,,,,,,,,,,,,,,,,,,,,,,,,,,,,,,,,,,,,,,,,,,,,,,,,,,,,,,,,,,,,,,,,,,,,,,,,,,,,,,,,,,,,,,,,,,,,,,,,,,,,,,,,,,,,,,,,,,-9.482675888000001,-6.773339920000001,0.0,-6.773339920000001,1,0,1.0,0,0,,,,,,,,,,1,1,,,,,0.0,0.0,0.0,0.0,0.0,-9.482675888000001,-6.773339920000001,0.0,-6.773339920000001,1,0,1.0,0,0,,,,,,,,,,1,1,,,,,0.0,0.0,0.0,0.0,0.0
576,LAMA,0.0,0.0,0.0,,0,0,0,0,0,72h,bullish,8.860763801946492,1,,,,,,,0.0,0.0,0.0,0.0,0.0,,,,,,,,,,,,,,,,,,,,,,,,,,,,,,,,,,,,,,,,,,,,,,,,,,,,,,,,,,,,,,,,,,,,,,,,,,,,,,,,,,,,,,,,,8.860763801946492,13.425399699918925,0.0,13.425399699918925,1,0,1.0,1,1,,,,,0.0,0.0,0.0,0.0,0.0,0,0,,,,,,,,,,8.860763801946492,13.425399699918925,0.0,13.425399699918925,1,0,1.0,1,1,,,,,0.0,0.0,0.0,0.0,0.0,0,0,,,,,,,,,,8.860763801946492,13.425399699918925,0.0,13.425399699918925,1,0,1.0,1,1,,,,,0.0,0.0,0.0,0.0,0.0,0,0,,,,,,,,,
576,FARM,0.0,0.0,0.0,,0,0,0,0,0,15d,bullish,8.509439999999945,2,,,,,,,0.0,0.0,0.0,0.0,0.0,,,,,,,,,,,,,,,,,,,,,,,,,,,,,,,,,,,,,,,,,,,,,,,,,,,,,,,,,,,,,,,,,,,,,,,,,,,,,,,,,,,,,,,,,,,,,,,,,,,,,,,,,,,,,,,,,,,,,,8.509439999999945,7.0911999999999535,0.0,7.0911999999999535,2,0,1.0,2,2,,,,,0.0,0.0,0.0,0.0,0.0,0,0,,,,,,,,,,8.509439999999945,7.0911999999999535,0.0,7.0911999999999535,2,0,1.0,2,2,,,,,0.0,0.0,0.0,0.0,0.0,0,0,,,,,,,,,
576,XAUT0,0.0,0.0,0.0,,0,0,0,0,0,15d,bullish,6.352071992964991,11,,,,,,,0.0,0.0,0.0,0.0,0.0,,,,,,,,,,,,,,,,,,,,,,,,,,,,,,,,,,,,,,,,,,,,,,,,,,,,,,,,,,,,,,,,,,,,,,,,,,,,,,,,,,,,,,,,,,,,,,,,,,,,,,,,,,,,,,,,,,,,,,6.352071992964991,106.60772041348085,0.0,106.60772041348085,11,0,1.0,7,1,,,,,0.0,0.0,0.0,0.0,0.0,4,1,,,,,0.0,0.0,0.0,0.0,0.0,6.352071992964991,106.60772041348085,0.0,106.60772041348085,11,0,1.0,7,1,,,,,0.0,0.0,0.0,0.0,0.0,4,1,,,,,0.0,0.0,0.0,0.0,0.0
576,ADHD,0.0,0.0,0.0,,0,0,0,0,0,15d,bullish,5.415953291999998,2,,,,,,,0.0,0.0,0.0,0.0,0.0,,,,,,,,,,,,,,,,,,,,,,,,,,,,,,,,,,,,,,,,,,,,,,,,,,,,,,,,,,,,,,,,,,,,,,,,,,,,,,,,,,,,,,,,,,,,,,,,,,,,,,,,,,,,,,,,,,,,,,5.415953291999998,-0.09862419000000067,0.0,-0.09862419000000067,2,0,1.0,1,1,,,,,0.0,0.0,0.0,0.0,0.0,1,1,,,,,0.0,0.0,0.0,0.0,0.0,5.415953291999998,-0.09862419000000067,0.0,-0.09862419000000067,2,0,1.0,1,1,,,,,0.0,0.0,0.0,0.0,0.0,1,1,,,,,0.0,0.0,0.0,0.0,0.0
576,AAVE0,0.0,0.0,0.0,,0,0,0,0,0,24h,bullish,5.388570051402075,1,,,,,,,0.0,0.0,0.0,0.0,0.0,,,,,,,,,,,,,,,,,,,,,,,,,,,,,,,,,,,,,,,,,,,,,,,,,,,,,,,,,,,,5.388570051402075,3.904760906813098,0.0,3.904760906813098,1,0,1.0,1,1,,,,,0.0,0.0,0.0,0.0,0.0,0,0,,,,,,,,,,5.388570051402075,3.904760906813098,0.0,3.904760906813098,1,0,1.0,1,1,,,,,0.0,0.0,0.0,0.0,0.0,0,0,,,,,,,,,,1.3076928514020754,-0.6295470931869023,0.0,-0.6295470931869023,2,0,1.0,1,1,,,,,0.0,0.0,0.0,0.0,0.0,1,1,,,,,0.0,0.0,0.0,0.0,0.0,1.3076928514020754,-0.6295470931869023,0.0,-0.6295470931869023,2,0,1.0,1,1,,,,,0.0,0.0,0.0,0.0,0.0,1,1,,,,,0.0,0.0,0.0,0.0,0.0
576,USDXL,0.0,0.0,0.0,,0,0,0,0,0,15d,bearish,-3.24,1,,,,,,,0.0,0.0,0.0,0.0,0.0,,,,,,,,,,,,,,,,,,,,,,,,,,,,,,,,,,,,,,,,,,,,,,,,,,,,,,,,,,,,,,,,,,,,,,,,,,,,,,,,,,,,,,,,,,,,,,,,,,,,,,,,,,,,,,,,,,,,,,-3.24,-2.7,0.0,-2.7,1,1,1.0,0,0,,,,,,,,,,1,1,,,,,0.0,0.0,0.0,0.0,0.0,-3.24,-2.7,0.0,-2.7,1,1,1.0,0,0,,,,,,,,,,1,1,,,,,0.0,0.0,0.0,0.0,0.0
576,COPE,0.0,0.0,0.0,,0,0,0,0,0,15d,bullish,3.0608519039999647,1,,,,,,,0.0,0.0,0.0,0.0,0.0,,,,,,,,,,,,,,,,,,,,,,,,,,,,,,,,,,,,,,,,,,,,,,,,,,,,,,,,,,,,,,,,,,,,,,,,,,,,,,,,,,,,,,,,,,,,,,,,,,,,,,,,,,,,,,,,,,,,,,3.0608519039999647,4.637654399999946,0.0,4.637654399999946,1,0,1.0,1,1,,,,,0.0,0.0,0.0,0.0,0.0,0,0,,,,,,,,,,3.0608519039999647,4.637654399999946,0.0,4.637654399999946,1,0,1.0,1,1,,,,,0.0,0.0,0.0,0.0,0.0,0,0,,,,,,,,,
576,TATE,0.0,0.0,0.0,,0,0,0,0,0,15d,bullish,2.5128179999999998,1,,,,,,,0.0,0.0,0.0,0.0,0.0,,,,,,,,,,,,,,,,,,,,,,,,,,,,,,,,,,,,,,,,,,,,,,,,,,,,,,,,,,,,,,,,,,,,,,,,,,,,,,,,,,,,,,,,,,,,,,,,,,,,,,,,,,,,,,,,,,,,,,2.5128179999999998,2.0940149999999997,0.0,2.0940149999999997,1,0,1.0,1,1,,,,,0.0,0.0,0.0,0.0,0.0,0,0,,,,,,,,,,2.5128179999999998,2.0940149999999997,0.0,2.0940149999999997,1,0,1.0,1,1,,,,,0.0,0.0,0.0,0.0,0.0,0,0,,,,,,,,,
576,HAPPY,0.0,0.0,0.0,,0,0,0,0,0,15d,bullish,2.071951714798321,1,,,,,,,0.0,0.0,0.0,0.0,0.0,,,,,,,,,,,,,,,,,,,,,,,,,,,,,,,,,,,,,,,,,,,,,,,,,,,,,,,,,,,,,,,,,,,,,,,,,,,,,,,,,,,,,,,,,,,,,,,,,,,,,,,,,,,,,,,,,,,,,,2.071951714798321,3.1393207799974556,0.0,3.1393207799974556,1,0,1.0,1,1,,,,,0.0,0.0,0.0,0.0,0.0,0,0,,,,,,,,,,2.071951714798321,3.1393207799974556,0.0,3.1393207799974556,1,0,1.0,1,1,,,,,0.0,0.0,0.0,0.0,0.0,0,0,,,,,,,,,
576,HYENA,0.0,0.0,0.0,,0,0,0,0,0,15d,bullish,1.4406472775999624,5,,,,,,,0.0,0.0,0.0,0.0,0.0,,,,,,,,,,,,,,,,,,,,,,,,,,,,,,,,,,,,,,,,,,,,,,,,,,,,,,,,,,,,,,,,,,,,,,,,,,,,,,,,,,,,,,,,,,,,,,,,,,,,,,,,,,,,,,,,,,,,,,1.4406472775999624,2.867657709999962,0.0,2.867657709999962,5,0,1.0,3,2,,,,,0.0,0.0,0.0,0.0,0.0,2,2,,,,,0.0,0.0,0.0,0.0,0.0,1.4406472775999624,2.867657709999962,0.0,2.867657709999962,5,0,1.0,3,2,,,,,0.0,0.0,0.0,0.0,0.0,2,2,,,,,0.0,0.0,0.0,0.0,0.0
576,KHYPE,0.0,0.0,0.0,,0,0,0,0,0,15d,bullish,1.4162687664885965,1,,,,,,,0.0,0.0,0.0,0.0,0.0,,,,,,,,,,,,,,,,,,,,,,,,,,,,,,,,,,,,,,,,,,,,,,,,,,,,,,,,,,,,,,,,,,,,,,,,,,,,,,,,,,,,,,,,,,,,,,,,,,,,,,,,,,,,,,,,,,,,,,1.4162687664885965,2.8541022170324397,0.0,2.8541022170324397,1,0,1.0,1,1,,,,,0.0,0.0,0.0,0.0,0.0,0,0,,,,,,,,,,1.4162687664885965,2.8541022170324397,0.0,2.8541022170324397,1,0,1.0,1,1,,,,,0.0,0.0,0.0,0.0,0.0,0,0,,,,,,,,,
576,FEUSD,0.0,0.0,0.0,,0,0,0,0,0,15d,bearish,-1.1866932,1,,,,,,,0.0,0.0,0.0,0.0,0.0,,,,,,,,,,,,,,,,,,,,,,,,,,,,,,,,,,,,,,,,,,,,,,,,,,,,,,,,,,,,,,,,,,,,,,,,,,,,,,,,,,,,,,,,,,,,,,,,,,,,,,,,,,,,,,,,,,,,,,-1.1866932,-0.988911,0.0,-0.988911,1,1,1.0,0,0,,,,,,,,,,1,1,,,,,0.0,0.0,0.0,0.0,0.0,-1.1866932,-0.988911,0.0,-0.988911,1,1,1.0,0,0,,,,,,,,,,1,1,,,,,0.0,0.0,0.0,0.0,0.0
576,PENIS,0.0,0.0,0.0,,0,0,0,0,0,15d,bearish,-1.0016400000000139,1,,,,,,,0.0,0.0,0.0,0.0,0.0,,,,,,,,,,,,,,,,,,,,,,,,,,,,,,,,,,,,,,,,,,,,,,,,,,,,,,,,,,,,,,,,,,,,,,,,,,,,,,,,,,,,,,,,,,,,,,,,,,,,,,,,,,,,,,,,,,,,,,-1.0016400000000139,-0.8347000000000117,0.0,-0.8347000000000117,1,0,1.0,0,0,,,,,,,,,,1,1,,,,,0.0,0.0,0.0,0.0,0.0,-1.0016400000000139,-0.8347000000000117,0.0,-0.8347000000000117,1,0,1.0,0,0,,,,,,,,,,1,1,,,,,0.0,0.0,0.0,0.0,0.0
