id,run_id,calculated_at,window_days,address,groups,position_grade,position_score,position_weight_multiplier,sample_trades,closed_trades,open_trades,closed_win_rate,avg_realized_return,avg_unrealized_return,avg_final_return,avg_holding_hours,avg_leverage,max_leverage,avg_max_favorable_pct,avg_max_adverse_pct,low_leverage_ratio,high_leverage_ratio,dominant_coins,note
811383,570,2026-07-14 02:16:59,30,0x000000209e0a892842bc06c354e7d097392cbbbb,smart_money,P-C,52.5303218384368,0.75,23,0,23,,,41.331607053233974,41.33160705323398,368.6613888888888,5.826086956521739,10.0,48.03677839325827,-2.470411135009925,0.34782608695652173,0.30434782608695654,"ARB,BANANA,BIGTIME,CRV,DOGE",仓位收益偏弱，降权参考
811384,570,2026-07-14 02:16:59,30,0x001a1a5eb6800e78197b92a527b3ba8b8d5bfef6,money_printer,P-R,25.0,-0.8,5,0,5,,,-9.192009709431902,-9.192009709431902,368.6613888888889,9.0,10.0,25.46254507815654,-37.68281713908192,0.0,0.8,"BTC,DOGE,ETH,HYPE,SOL",仓位真实收益偏反向，可作为反向参考
812508,570,2026-07-14 02:16:59,30,0x001ac3f0972b620cd6be82ba54d111614d7d48fb,smart_money,P-G,45.30893444659686,0.65,47,46,1,0.6521739130434783,0.3052772691374724,0.4771646097285567,0.30893444659685715,6.547677304964539,34.8936170212766,40.0,0.6289942178949366,-0.3182767006703727,0.0,1.0,"BTC,HYPE",高杠杆/短线赌徒型，长期单降权
811385,570,2026-07-14 02:16:59,30,0x003a85c562730b196f7cba202a2515f2ff855736,smart_money,P-N,50.0,1.0,1,0,1,,,2.968871577201375,4.060094212786258,368.6613888888889,40.0,40.0,10.013807237345175,-0.02994978367876903,0.0,1.0,BTC,仓位样本不足，暂不影响权重
811386,570,2026-07-14 02:16:59,30,0x004593cdface692ccbc2733b775f624ed0ad703b,smart_money,P-N,50.0,1.0,1,0,1,,,22.554913724712417,22.554913724712417,368.6613888888889,3.0,3.0,27.93720249900833,0.0,1.0,0.0,BTC,仓位样本不足，暂不影响权重
811387,570,2026-07-14 02:16:59,30,0x0048d42f232164a85a41f15ccf26cf859e58b108,smart_money,P-N,50.0,1.0,1,0,1,,,-33.151555006656295,-33.151555006656295,368.6613888888889,5.0,5.0,0.0,-34.59990055656247,0.0,0.0,ALGO,仓位样本不足，暂不影响权重
811388,570,2026-07-14 02:16:59,30,0x007d76eec0ba411ce873a8819df50dd443d967a0,money_printer,P-G,65.0,0.65,5,1,4,0.0,-4.87846486085723,27.282141564971983,20.397159479221294,306.7513888888889,16.0,40.0,25.217819582191,-4.1888650652936406,0.0,1.0,"ADA,HYPE,SUI,TRUMP,BTC",高杠杆/短线赌徒型，长期单降权
812268,570,2026-07-14 02:16:59,30,0x00897e2d7168165b81558c3cd9257efb007f2410,smart_money,P-R,25.0,-0.8,12,11,1,0.2727272727272727,-0.7603625038670553,-0.2874397908600188,-0.5107209041473425,52.86150462962963,8.5,20.0,4.796525481322326,-2.634962770273398,0.3333333333333333,0.5,"BTC,GRAM,LIT,ENA,ZEC",仓位真实收益偏反向，可作为反向参考
811389,570,2026-07-14 02:16:59,30,0x00b43bdee2d3fa676ab06739bf1d52f4bad6591e,money_printer,P-N,50.0,1.0,1,0,1,,,66.64422513346112,66.6442251334611,368.6613888888889,10.0,10.0,91.32727147918747,0.0,0.0,1.0,HYPE,仓位样本不足，暂不影响权重
812780,570,2026-07-14 02:16:59,30,0x00e2a26304d5d078593ebf3976168f314e502489,smart_money,P-N,50.0,1.0,1,1,0,0.0,-20.078469500996825,,-20.078469500996825,52.19277777777778,3.0,3.0,1.0464236960215136,-20.078469500996825,1.0,0.0,LIT,仓位样本不足，暂不影响权重
812667,570,2026-07-14 02:16:59,30,0x00f8da96829820da934fc4a4cb7d39031ce7454b,money_printer,P-C,32.479240229755355,0.75,13,13,0,0.38461538461538464,-1.907019723579589,,-1.907019723579589,35.03070512820513,11.076923076923077,40.0,3.165738671305285,-4.373358007627538,0.23076923076923078,0.5384615384615384,"ZEC,CASHCAT,FARTCOIN,GRAM,BIO",仓位收益偏弱，降权参考
811390,570,2026-07-14 02:16:59,30,0x010461c14e146ac35fe42271bdc1134ee31c703a,money_printer,P-G,44.925237246935914,0.65,2096,1921,175,0.5174388339406559,-0.05718138014396329,-0.3352561103230903,-0.07476275306408202,30.746539970313915,20.0,20.0,1.2363449824987465,-1.2286588619594268,0.0,1.0,"FARTCOIN,VVV,HYPE,STRK,VIRTUAL",高杠杆/短线赌徒型，长期单降权
811391,570,2026-07-14 02:16:59,30,0x011820f60d75a2b870ffe64a4764873e14bc8ede,smart_money,P-B,100.0,1.0,9,1,8,1.0,5.116768119405589,2.544421592660059,3.010265639885806,293.4302469135803,8.777777777777779,25.0,32.921683317788705,-15.57272984854097,0.3333333333333333,0.3333333333333333,"CASHCAT,APEX,DYDX,ETH,FARTCOIN",仓位表现普通有效
811392,570,2026-07-14 02:16:59,30,0x0134c6a820166dabbd5b6d582858af1fa9956c03,smart_money,P-N,50.0,1.0,1,0,1,,,76.31161416113119,76.31161416113119,368.6613888888889,10.0,10.0,102.42657698173714,0.0,0.0,1.0,HYPE,仓位样本不足，暂不影响权重
812509,570,2026-07-14 02:16:59,30,0x015910813c8b6af4d68efb0a720a99699659ebc3,smart_money,P-N,50.0,1.0,2,1,1,1.0,2.0675336165016365,-0.9128728414442785,0.577330387528679,53.418194444444445,10.0,10.0,2.7315305885633054,-3.1112013214442835,0.0,1.0,HYPE,仓位样本不足，暂不影响权重
811393,570,2026-07-14 02:16:59,30,0x01783e91d31c69633153c2aadbf9b7901049d03a,smart_money,P-G,43.67637194320211,0.65,19,13,6,0.15384615384615385,-2.8567909975436976,1.9451482495151826,-1.3236280567978898,123.44309941520468,16.473684210526315,40.0,4.567021890081838,-8.985446828324063,0.05263157894736842,0.7368421052631579,"ETH,ENA,BTC,ONDO,ZRO",高杠杆/短线赌徒型，长期单降权
812721,570,2026-07-14 02:16:59,30,0x01bb092c2e4fef1d68ef1ca66e9b1db29f0cf7b7,smart_money,P-N,50.0,1.0,1,1,0,0.0,-6.137777976044431,,-6.137777976044431,23.33388888888889,3.0,3.0,0.0,-6.137777976044431,1.0,0.0,HYPE,仓位样本不足，暂不影响权重
812812,570,2026-07-14 02:16:59,30,0x01cd055a4c422cd498d35c3691e965819758d479,smart_money,P-N,50.0,1.0,1,1,0,0.0,-11.257546941015796,,-11.257546941015796,113.84055555555555,25.0,25.0,0.5367422743576232,-11.340515425755974,0.0,1.0,ETH,仓位样本不足，暂不影响权重
811394,570,2026-07-14 02:16:59,30,0x023a3d058020fb76cca98f01b3c48c8938a22355,money_printer,P-B,74.59066806195727,1.0,265,168,97,0.5476190476190477,0.20161350489082913,-0.0575057853630304,0.14753528884026892,132.02348322851165,9.030188679245283,40.0,4.704133958580672,-4.909768055275165,0.5509433962264151,0.3018867924528302,"ETHFI,BTC,ZRO,LIT,IO",仓位表现普通有效
812685,570,2026-07-14 02:16:59,30,0x0252f92ee3f4430ac419fc3e9ae31df718990842,smart_money,P-C,62.15393039948305,0.75,10,10,0,0.4,0.5769651997415258,,0.5769651997415258,18.61113888888889,3.0,3.0,2.8506713827652357,-1.6186316335031623,1.0,0.0,"LIT,HYPE",仓位收益偏弱，降权参考
812428,570,2026-07-14 02:16:59,30,0x02867e83eb85a3721422b4cddb8f4f64440eee0b,smart_money,P-G,43.97982214464474,0.65,6,5,1,0.4,-0.2811010795011365,-4.715561734625868,-1.0201778553552583,62.031990740740746,28.0,40.0,4.589165556334064,-3.696153377926922,0.16666666666666666,0.6666666666666666,"BTC,ZEC,GRASS",高杠杆/短线赌徒型，长期单降权
812370,570,2026-07-14 02:16:59,30,0x0291639ea7178930475da17b579e1ac2de8faed8,smart_money,P-G,44.826342795531474,0.65,64,61,3,0.4262295081967213,-0.19371097655259054,0.23410282790744916,-0.17365720446852623,5.267504340277778,8.21875,20.0,0.9975808147522629,-1.0768521627452472,0.109375,0.5625,"FARTCOIN,PUMP,XPL,HYPE,LIT",高杠杆/短线赌徒型，长期单降权
811395,570,2026-07-14 02:16:59,30,0x0291b14321f0bc83e866054592d4db5523326014,smart_money,P-N,50.0,1.0,1,0,1,,,18.93359526549827,18.93359526549827,368.6613888888889,2.0,2.0,24.56755890554223,0.0,1.0,0.0,BTC,仓位样本不足，暂不影响权重
812454,570,2026-07-14 02:16:59,30,0x0296c6761c55a3a54815490428e12188f44e8f48,smart_money,P-N,50.0,1.0,2,1,1,1.0,7.435123736422746,-3.6358778625954242,1.8996229369136608,67.21402777777779,6.0,6.0,3.750767975081597,-3.634989873380018,0.0,0.0,HYPE,仓位样本不足，暂不影响权重
811396,570,2026-07-14 02:16:59,30,0x029cd954c38838b2731cb5618e5c950ed4766956,smart_money,P-N,50.0,1.0,1,0,1,,,22.02615005914134,22.02615005914134,368.6613888888889,3.0,3.0,29.025606598254544,0.0,1.0,0.0,MEGA,仓位样本不足，暂不影响权重
811397,570,2026-07-14 02:16:59,30,0x02aa6015d2ba9992b88596d36bad706eeef41806,smart_money,P-N,50.0,1.0,2,0,2,,,-12.026858050144865,-12.026858050144865,368.6613888888889,20.0,20.0,2.622058734115644,-16.269128210496362,0.0,1.0,"BTC,ETH",仓位样本不足，暂不影响权重
812629,570,2026-07-14 02:16:59,30,0x02cf911889f9d979dde0f27084e25a4ca58efdf1,smart_money,P-G,44.443950561616965,0.65,63,63,0,0.5396825396825397,-0.5560494383830348,,-0.5560494383830348,15.374100529100524,18.253968253968253,20.0,0.8189528511344932,-1.3902118081355888,0.0,1.0,"BTC,ETH,XRP,SOL,HYPE",高杠杆/短线赌徒型，长期单降权
812484,570,2026-07-14 02:16:59,30,0x02fbbf39d1e3c142994b383af5ac3f2ad744cda9,smart_money,P-B,75.0416723644757,1.0,5,4,1,0.75,0.162025307213489,0.7318295739348455,0.2759861605577603,2.6958333333333333,5.0,5.0,0.9935129777155973,-0.2597304070988284,0.0,0.0,OP,仓位表现普通有效
812809,570,2026-07-14 02:16:59,30,0x03136324349c003f3498130f56f4526bf5720ab1,smart_money,P-N,50.0,1.0,1,1,0,1.0,6.6969249173984196,,6.6969249173984196,45.937777777777775,5.0,5.0,8.52584640173871,-2.8118149626215407,0.0,0.0,MORPHO,仓位样本不足，暂不影响权重
811398,570,2026-07-14 02:16:59,30,0x031f72deb03c509af42624ddcd1f63fce5ecb220,smart_money,P-A,100.0,1.15,5,2,3,1.0,14.13892565812443,2.164336755444274,6.9541723165163365,207.85583333333335,8.0,20.0,12.006869738414844,-5.1755575916136305,0.0,0.2,"ZEC,HYPE,BTC",仓位收益稳定，适合加权参考
811399,570,2026-07-14 02:16:59,30,0x034d4f0b00827e4ac77d910071377f707ddd23d3,smart_money,P-B,79.74072660265017,1.0,232,130,102,0.5384615384615384,0.030615975032944782,0.9831857070805066,0.28283014482640934,166.90898227969356,4.780172413793103,12.0,7.943226365028908,-7.017321300071322,0.41379310344827586,0.02586206896551724,"LIT,HYPE,CELO,BLUR,ORDI",仓位表现普通有效
811400,570,2026-07-14 02:16:59,30,0x039cc0690200bfba3bacc6a9bcc5f865ed970ebd,smart_money,P-G,45.79528145458343,0.65,135,97,38,0.5360824742268041,0.3789731134365466,2.285570963537995,0.7952814545834302,100.58462139917697,10.74074074074074,40.0,5.053899485475788,-5.5943232357149775,0.07407407407407407,0.8,"FARTCOIN,kPEPE,DOT,XRP,AVAX",高杠杆/短线赌徒型，长期单降权
812599,570,2026-07-14 02:16:59,30,0x03ef8f736498047c3349bb2c18311d1bb4a79054,smart_money,P-G,45.49131494035625,0.65,16,16,0,1.0,0.4913149403562457,,0.4913149403562457,4.353420138888889,10.0,10.0,0.625612772512663,-0.22843865199339602,0.0,1.0,HYPE,高杠杆/短线赌徒型，长期单降权
812386,570,2026-07-14 02:16:59,30,0x041836d6c0617c694b70b57680f45905811076db,smart_money,P-B,69.78433654279898,1.0,24,21,3,0.6666666666666666,2.477775237996869,-3.415530163246368,1.7411120628414645,73.20709490740741,11.875,40.0,6.1971344388394085,-5.068400571256765,0.20833333333333334,0.4583333333333333,"BTC,HYPE,ZEC,ZRO,VVV",仓位表现普通有效
811401,570,2026-07-14 02:16:59,30,0x0423b4b2acb4f219ae4a270abd5dde2360e455bb,smart_money,P-A,87.81955081061305,1.15,7,6,1,0.6666666666666666,1.438554479239112,9.38266299045304,2.8509518719019047,80.54158730158728,5.0,5.0,7.733493683306355,-1.592431642767179,0.0,0.0,"ETH,ENA,BTC,HYPE",仓位收益稳定，适合加权参考
811402,570,2026-07-14 02:16:59,30,0x043879aa00ccc098627d71d966429b7efa5b8e4e,smart_money,P-N,50.0,1.0,1,0,1,,,66.78938999072398,66.78938999072398,368.6613888888889,20.0,20.0,68.85617739299438,0.0,0.0,1.0,SOL,仓位样本不足，暂不影响权重
812627,570,2026-07-14 02:16:59,30,0x049345fce8ad9095a2dec41059cfb50e9ba0bbde,smart_money,P-C,56.90496540304265,0.75,63,63,0,0.4126984126984127,-0.991961742923115,,-0.991961742923115,4.185017636684305,3.619047619047619,4.0,1.48663816854498,-2.3080667121681744,0.38095238095238093,0.0,"GRASS,LIT,FARTCOIN,DYDX,ARB",仓位收益偏弱，降权参考
812698,570,2026-07-14 02:16:59,30,0x049bdc370620beab340b01072fa580fd57745e7d,money_printer,P-G,44.44748192277859,0.65,6,6,0,0.5,-0.552518077221405,,-0.552518077221405,16.397916666666667,20.0,20.0,0.5122164939646923,-1.8066015541739695,0.0,1.0,"BTC,ETH",高杠杆/短线赌徒型，长期单降权
811403,570,2026-07-14 02:16:59,30,0x0514f2f3e0277c47117e3f33d9390efb0acfbdfe,smart_money,P-N,50.0,1.0,2,0,2,,,-4.165176849651711,-0.8409743140408246,368.6613888888889,17.5,25.0,12.500727706605474,-8.765354986466797,0.0,1.0,"AAVE,ETH",仓位样本不足，暂不影响权重
811404,570,2026-07-14 02:16:59,30,0x051c2e6d49cf82ebc47f08f9b85800f94fc9693c,money_printer,P-C,30.461817653328787,0.75,4,0,4,,,3.72060887002458,3.7206088700245807,368.6613888888889,8.25,10.0,17.576908074807406,-7.214011736250773,0.0,0.5,"AAVE,ETH,NEAR,XPL",仓位收益偏弱，降权参考
812862,570,2026-07-14 02:16:59,30,0x0526345bf8e09eb32256008c2844c8949ee3bb9a,smart_money,P-N,50.0,1.0,2,2,0,1.0,2.291221324690442,,2.291221324690442,0.43069444444444444,5.0,5.0,2.291221324690442,-1.2324074075973823,0.0,0.0,PYTH,仓位样本不足，暂不影响权重
811405,570,2026-07-14 02:16:59,30,0x054a01da80ee37d5220af5471b1eedbdcd2cdb2f,smart_money,P-N,50.0,1.0,2,0,2,,,-34.00286474064931,-33.69612723470661,335.52902777777774,21.5,40.0,4.413501611352017,-49.7902095047405,0.5,0.5,"HYPE,BTC",仓位样本不足，暂不影响权重
811406,570,2026-07-14 02:16:59,30,0x055bc3556d7c6af2f0602a5f38351ee53611f9af,smart_money,P-N,50.0,1.0,1,0,1,,,10.940353207994724,10.940353207994724,368.6613888888889,3.0,3.0,17.974289283543786,0.0,1.0,0.0,BTC,仓位样本不足，暂不影响权重
811407,570,2026-07-14 02:16:59,30,0x057a3d2f8111a406d3aac222934861ff70d4cbf4,smart_money,P-R,25.0,-0.8,10,0,10,,,-8.315108159065733,-8.315108159065733,368.66138888888884,7.1,10.0,20.816929855754633,-23.231956119058818,0.2,0.5,"ARB,EIGEN,ENA,GRASS,INIT",仓位真实收益偏反向，可作为反向参考
811408,570,2026-07-14 02:16:59,30,0x0584dc22947830561e0b698ef7b600a3d89cc681,smart_money,P-N,50.0,1.0,2,0,2,,,-19.239922768979618,-19.239922768979618,368.6613888888889,7.5,10.0,7.631473063789991,-22.7895120652065,0.0,0.5,"BTC,ETH",仓位样本不足，暂不影响权重
811409,570,2026-07-14 02:16:59,30,0x05904930cae1e9a48c055f4a8a83480ba7fc6abf,money_printer,P-A,100.0,1.15,11,1,10,1.0,20.93441596388071,1.448054549033754,3.304885139983591,335.14671717171717,7.2727272727272725,10.0,18.813497922671093,-11.482412797987674,0.0,0.45454545454545453,"NEAR,HYPE,LDO,LINK,LIT",仓位收益稳定，适合加权参考
812754,570,2026-07-14 02:16:59,30,0x05936f6a5ea9abfbfcc690f1a6140d97e80640f9,money_printer,P-N,50.0,1.0,2,2,0,0.5,0.22631808021362387,,0.22631808021362387,154.98152777777779,4.5,5.0,8.672520461613432,-2.360122075279757,0.0,0.0,"ETH,BTC",仓位样本不足，暂不影响权重
812786,570,2026-07-14 02:16:59,30,0x05a196a9477e70c184ed212d6cf02073f535c3bb,money_printer,P-N,50.0,1.0,2,2,0,0.0,-1.9800918523610573,,-1.9800918523610573,15.608333333333333,7.5,10.0,1.5224701552509627,-2.157206341379732,0.0,0.5,"FARTCOIN,PENGU",仓位样本不足，暂不影响权重
811410,570,2026-07-14 02:16:59,30,0x05a42708e46733da056d09e0a355bfd2c3054eba,smart_money,P-C,45.03270892821095,0.75,14,0,14,,,10.261762478933353,9.764076803953518,368.6613888888888,9.285714285714286,20.0,21.731137743253147,-9.63340261345966,0.0,0.5714285714285714,"ADA,AVAX,ETC,ETH,HYPE",仓位收益偏弱，降权参考
811411,570,2026-07-14 02:16:59,30,0x05b5a0ae689c17cad8155932782a5c29426abe75,money_printer,P-G,43.466102506291826,0.65,3,0,3,,,-1.5185001576467314,-1.5338974937081755,302.71777777777777,17.0,21.0,3.845328005741909,-10.058569608698631,0.0,1.0,"BTC,ETH,BCH",高杠杆/短线赌徒型，长期单降权
811412,570,2026-07-14 02:16:59,30,0x05c47beed53eb8b3fc14538f881d0941cbbe05a1,smart_money,P-C,36.4378792138633,0.75,3,0,3,,,55.244890554648755,55.244890554648755,368.6613888888889,8.333333333333334,10.0,83.26775846498352,-14.59780154157672,0.0,0.6666666666666666,"HYPE,TAO,ZEC",仓位收益偏弱，降权参考
812291,570,2026-07-14 02:16:59,30,0x05df8c46c75a06ee097c0a90f9fbe8a11a4eba39,smart_money,P-G,50.978678065756284,0.65,3,2,1,0.5,7.269260321481133,3.397513554306598,5.978678065756288,119.98972222222221,20.0,20.0,9.950064640956105,-0.6399005328705284,0.0,1.0,BTC,高杠杆/短线赌徒型，长期单降权
811413,570,2026-07-14 02:16:59,30,0x05e70979fd3355133f91fc7c6597a8274169b3be,smart_money,P-G,35.0,0.65,5,2,3,0.5,-0.7473500860932507,-33.924393120374326,-20.653575906661896,273.9554444444444,11.6,20.0,2.1080519424736295,-28.022097485625874,0.2,0.6,"XPL,ZEC,ETH,BTC,HYPE",高杠杆/短线赌徒型，长期单降权
811414,570,2026-07-14 02:16:59,30,0x0642ac031890cdc469a2ada5965359a8432467f9,smart_money,P-N,50.0,1.0,2,1,1,1.0,7.9062019477191186,10.232855474570139,9.069528711144628,231.07916666666665,22.5,25.0,16.87559665738779,-0.337860926020844,0.0,1.0,"ETH,BTC",仓位样本不足，暂不影响权重
812716,570,2026-07-14 02:16:59,30,0x065612c177776f3c635dff181edf170f9c196a05,smart_money,P-N,50.0,1.0,2,2,0,0.0,-5.8774469783880425,,-5.8774469783880425,138.0825,6.5,10.0,11.94872555762882,-9.626702586482637,0.5,0.5,"HYPE,BLUR",仓位样本不足，暂不影响权重
812768,570,2026-07-14 02:16:59,30,0x0660ce4e91cee605064059feeea32a9b472cf8c6,smart_money,P-C,73.46572534179471,0.75,13,13,0,0.6153846153846154,-1.5676233214060649,,-1.5676233214060649,183.33055555555558,5.384615384615385,10.0,15.95770643299156,-14.752499669660132,0.38461538461538464,0.23076923076923078,"ADA,ALGO,CC,ICP,LDO",仓位收益偏弱，降权参考
811415,570,2026-07-14 02:16:59,30,0x06cecfbac34101ae41c88ebc2450f8602b3d164b,money_printer,P-G,48.026841124921326,0.65,6,1,5,1.0,54.65213071744505,-7.298216793583416,3.026841124921328,353.8301851851852,14.166666666666666,20.0,21.871080913348404,-23.46215860278477,0.0,0.8333333333333334,"AAVE,BTC,ETH,HYPE,MON",高杠杆/短线赌徒型，长期单降权
811416,570,2026-07-14 02:16:59,30,0x06d5af06a3a7d29909e1cdc7a9deded2fb14ab57,smart_money,P-R,25.0,-0.8,6,1,5,0.0,-1.7744843776387396,-2.325232692399217,-2.2334413066058034,307.4300462962963,5.0,10.0,10.158467387806246,-10.03433637070889,0.3333333333333333,0.16666666666666666,"BTC,CC,HYPE,MORPHO,NEAR",仓位真实收益偏反向，可作为反向参考
811417,570,2026-07-14 02:16:59,30,0x0701363ed0a7809b2b8ca7e22aaccea4a670216c,smart_money,P-N,50.0,1.0,2,0,2,,,17.298509622860067,17.298509622860067,368.6613888888889,2.5,3.0,25.448660347753812,0.0,1.0,0.0,"BTC,ETH",仓位样本不足，暂不影响权重
811418,570,2026-07-14 02:16:59,30,0x0748e296e5a350ec36c8487a1cea406e1b57d4b2,money_printer,P-B,82.74600247114871,1.0,21,6,15,0.5,-2.2674800744950017,14.947110613065925,9.31384002967378,250.5532142857143,8.857142857142858,20.0,18.622650308370226,-3.7907870098286116,0.14285714285714285,0.5238095238095238,"ZEC,VVV,SOL,AAVE,ADA",仓位表现普通有效
811419,570,2026-07-14 02:16:59,30,0x077a25d1f579574fe168bbaa924e40c9bfa57ccc,smart_money,P-N,50.0,1.0,2,0,2,,,5.000372791505876,5.000372791505876,232.82458333333335,15.0,25.0,11.42163702327737,-6.205575103660921,0.0,0.5,"ETH,LIT",仓位样本不足，暂不影响权重
811420,570,2026-07-14 02:16:59,30,0x07d431758c8bbbc111996d0af6f09c48416d2160,smart_money,P-N,50.0,1.0,2,0,2,,,-3.312246831851642,-3.312246831851642,368.6613888888889,15.0,20.0,7.311782033433734,-6.605768682445664,0.0,1.0,"BTC,HYPE",仓位样本不足，暂不影响权重
811421,570,2026-07-14 02:16:59,30,0x07fd993f0fa3a185f7207adccd29f7a87404689d,money_printer,P-A,100.0,1.15,61,1,60,1.0,11.395243230970076,5.882537515289935,5.463727150211768,359.36761839708595,7.163934426229508,40.0,17.679693091873244,-11.554599729858635,0.3114754098360656,0.3442622950819672,"AAVE,AERO,ALGO,ALT,ANIME",仓位收益稳定，适合加权参考
811422,570,2026-07-14 02:16:59,30,0x07fe8986162d7f68bcfe15822ec062123dd45f9f,smart_money,P-G,47.5554247160599,0.65,14,8,6,1.0,3.380784944381363,3.389067884100076,2.555424716059902,157.99773809523813,11.071428571428571,20.0,6.995176933783793,-3.2906375331280024,0.0,0.9285714285714286,"HYPE,SOL,SUI,FARTCOIN,kPEPE",高杠杆/短线赌徒型，长期单降权
812688,570,2026-07-14 02:16:59,30,0x081942c75ff82341ab9f71d5df8b1309f6ddbc3e,smart_money,P-N,50.0,1.0,2,2,0,1.0,1.1979028236262432,,1.1979028236262432,13.666944444444445,6.5,10.0,1.3671047584444527,-2.0918549065029786,0.5,0.5,"BTC,HYPE",仓位样本不足，暂不影响权重
811423,570,2026-07-14 02:16:59,30,0x082e843a431aef031264dc232693dd710aedca88,money_printer,P-N,50.0,1.0,1,0,1,,,63.20021719176222,63.20021719176222,368.6613888888889,5.0,5.0,87.3731432043542,0.0,0.0,0.0,HYPE,仓位样本不足，暂不影响权重
812563,570,2026-07-14 02:16:59,30,0x0873ca7cb967af8c35642d903a950d256c1701df,smart_money,P-G,45.0067813456676,0.65,206,205,1,0.5317073170731708,0.006409908806216676,0.08292590225108831,0.006781345667599553,1.7896183926645097,12.0,12.0,0.31707537426648297,-0.26572987751046845,0.0,1.0,SOL,高杠杆/短线赌徒型，长期单降权
811424,570,2026-07-14 02:16:59,30,0x088cc6048f04dc01fb00e90421911b362e758e70,smart_money,P-R,25.0,-0.8,13,0,13,,,-17.28422196299887,-17.28422196299887,368.6613888888888,3.0,3.0,0.42431680270367356,-25.70840133798453,1.0,0.0,"AAVE,BNB,CAKE,CRV,DOGE",仓位真实收益偏反向，可作为反向参考
811425,570,2026-07-14 02:16:59,30,0x08a49e7f7133577aa942f1c24119ff1c6797126d,smart_money,P-B,71.70281492810628,1.0,138,119,19,0.6134453781512605,0.3895652539811565,-0.30575806903907216,0.36632647513583333,50.75772745571659,7.065217391304348,20.0,2.810923411462452,-2.323157949804777,0.2536231884057971,0.39855072463768115,"VVV,LIT,WLD,OP,ZEC",仓位表现普通有效
811426,570,2026-07-14 02:16:59,30,0x08bf75d17046412ae08c95b6106993f714487872,smart_money,P-N,50.0,1.0,1,0,1,,,6.9227918726089435,6.9227918726089435,368.6613888888889,20.0,20.0,20.176912281420627,0.0,0.0,1.0,ETH,仓位样本不足，暂不影响权重
811427,570,2026-07-14 02:16:59,30,0x08c14b32c8a48894e4b933090ebcc9ce33b21135,money_printer,P-C,33.39305358696073,0.75,13,0,13,,,1.4729638781000305,1.4729638781000294,327.369423076923,7.538461538461538,20.0,15.253846315698322,-16.590721380533395,0.07692307692307693,0.38461538461538464,"AAVE,BTC,ENA,ETHFI,HYPE",仓位收益偏弱，降权参考
811428,570,2026-07-14 02:16:59,30,0x08f85d5d9292b14b0aa0bd096606cfb24c6e8ca1,smart_money,P-B,75.42234338891171,1.0,5,2,3,0.5,0.4965152170115019,5.0295259766186025,3.216321672775762,149.26205555555558,3.4,4.0,5.933545226916886,-4.166278700061322,0.6,0.0,"HYPE,BTC,ZEC,CASHCAT",仓位表现普通有效
811429,570,2026-07-14 02:16:59,30,0x091159a8106b077c13e89bc09701117e8b5f129a,money_printer,P-C,62.22724791137325,0.75,14,3,11,0.3333333333333333,-18.742385245650294,10.848573574141174,3.7877456820573423,290.90073412698405,8.785714285714286,20.0,23.268670871578205,-12.326278714496578,0.42857142857142855,0.35714285714285715,"ETH,AERO,BTC,LIT,MON",仓位收益偏弱，降权参考
812564,570,2026-07-14 02:16:59,30,0x093f2e026bf3d52f5ba02306976255782ffbf712,smart_money,P-C,43.87805692246865,0.75,287,286,1,0.479020979020979,-0.028510233534244256,-0.11063910068957114,-0.028796396834437032,1.2357713898567553,11.81184668989547,30.0,0.14413818139980109,-0.14759487782804573,0.0,0.3797909407665505,BTC,仓位收益偏弱，降权参考
811430,570,2026-07-14 02:16:59,30,0x0980b34ade9476dba81bcdb0f865a333793ad1c2,smart_money,P-G,60.941448941376606,0.65,12,1,11,1.0,18.00006414640538,15.704742259177584,15.941448941376608,282.5790509259259,11.916666666666666,20.0,29.853148137748644,-10.708820160900304,0.08333333333333333,0.75,"SOL,BTC,CRV,DOGE,ENA",高杠杆/短线赌徒型，长期单降权
811431,570,2026-07-14 02:16:59,30,0x09969138013fdfae9438fbd705515f047f8a0ba6,smart_money,P-N,50.0,1.0,1,0,1,,,4.917821782178216,4.9178217821782155,368.6613888888889,3.0,3.0,17.8059405940594,-0.6039603960396034,1.0,0.0,AAVE,仓位样本不足，暂不影响权重
812274,570,2026-07-14 02:16:59,30,0x09bc1cf4d9f0b59e1425a8fde4d4b1f7d3c9410d,money_printer,P-G,45.22770551821814,0.65,11,10,1,0.6,0.2573435666380611,-0.29135564652058754,0.22770551821813648,33.514671717171716,40.0,40.0,0.6441527452453459,-0.5156942500792364,0.0,1.0,BTC,高杠杆/短线赌徒型，长期单降权
812382,570,2026-07-14 02:16:59,30,0x0a06ec6754b628be489b2c40bba20c8580392a7b,money_printer,P-B,55.160654518878836,1.0,72,68,4,0.5735294117647058,0.09501263510205821,0.9220528959755655,0.14568673656360764,20.48118827160494,8.291666666666666,10.0,0.8531468950997307,-0.7500605139958558,0.16666666666666666,0.7638888888888888,"SOL,WLFI,FARTCOIN,AAVE",仓位表现普通有效
812875,570,2026-07-14 02:16:59,30,0x0a26016918a1ad8e57b899ea9484ce0ac87d5255,smart_money,P-N,50.0,1.0,1,1,0,1.0,4.66317605191793,,4.66317605191793,21.73138888888889,10.0,10.0,9.130959178592365,0.0,0.0,1.0,HYPE,仓位样本不足，暂不影响权重
812565,570,2026-07-14 02:16:59,30,0x0a8817c801b0801c2f2acfc8778a7cd807161e07,smart_money,P-G,45.15568615554253,0.65,62,61,1,0.6065573770491803,0.15342649149356785,0.2935256625293526,0.15568615554253215,5.946151433691755,20.0,20.0,0.5862441616258478,-0.4499044339248806,0.0,1.0,ETH,高杠杆/短线赌徒型，长期单降权
812878,570,2026-07-14 02:16:59,30,0x0aa76cbe5405f234d9dc425eb20939d31fdf01e5,smart_money,P-C,19.23029106175371,0.75,4,4,0,0.0,-0.8951544257629578,,-0.8951544257629578,11.16013888888889,5.0,5.0,1.170408640805223,-0.8951544257629578,0.0,0.0,"BTC,ETH,HYPE",仓位收益偏弱，降权参考
812827,570,2026-07-14 02:16:59,30,0x0ad9e656d9e6211d0ea1c5462342e1fc94cc4cbf,money_printer,P-N,50.0,1.0,1,1,0,1.0,2.9222710936355063,,2.9222710936355063,92.87805555555556,6.0,6.0,8.043258873067446,0.0,0.0,0.0,BTC,仓位样本不足，暂不影响权重
811432,570,2026-07-14 02:16:59,30,0x0af66f3571761d7196b713ff881609d7e7456fe1,smart_money,P-B,80.75566527392849,1.0,6,2,4,0.5,0.4151384561609227,10.523045349488568,7.153743051712688,294.0258796296296,4.166666666666667,10.0,25.907550922530074,-19.46456420801832,0.8333333333333334,0.16666666666666666,"DOT,HYPE,MEGA,VINE,TRB",仓位表现普通有效
811433,570,2026-07-14 02:16:59,30,0x0b1ace05eb9ef1c3a1951b763700ecad24f27741,smart_money,P-G,44.9811809548187,0.65,738,730,8,0.5465753424657535,0.05686135541588768,-6.93763590192338,-0.018819045181299805,2.8366866154772654,12.639566395663957,23.0,0.4807206823313504,-0.47087493933148244,0.03116531165311653,0.8875338753387534,"BTC,SOL,ZEC,WLD,ARB",高杠杆/短线赌徒型，长期单降权
812662,570,2026-07-14 02:16:59,30,0x0bb6eb4200ae21b2e40a7051b481fab57b51f2c4,smart_money,P-G,45.88384646881135,0.65,10,10,0,0.9,0.8838464688113492,,0.8838464688113492,18.89247222222222,20.0,20.0,1.1504763981304325,-1.2533223253673849,0.0,1.0,"ETH,BTC",高杠杆/短线赌徒型，长期单降权
812807,570,2026-07-14 02:16:59,30,0x0bfd7d7721f4c116e853c18ea7998e1cc2350a7d,smart_money,P-C,61.471836426037136,0.75,213,213,0,0.4647887323943662,-0.015255495901621017,,-0.015255495901621017,6.213784559207097,5.126760563380282,10.0,0.6760656285507155,-0.6149832488595803,0.06572769953051644,0.051643192488262914,"ETH,BTC,AAVE,SOL,ZEC",仓位收益偏弱，降权参考
811434,570,2026-07-14 02:16:59,30,0x0c1fd4fed8679488afb3b23b2b872971e0001d39,smart_money,P-B,71.47961652485316,1.0,146,114,32,0.5789473684210527,1.1779430444622472,0.21559163757745078,0.9834996827582267,89.96804604261803,9.787671232876713,40.0,5.386675617925608,-4.670516307414058,0.1232876712328767,0.6506849315068494,"VVV,XPL,MON,TRUMP,FARTCOIN",仓位表现普通有效
812471,570,2026-07-14 02:16:59,30,0x0c3405f5fcb19e6e42f7a05fad4ea3e52346b6d9,smart_money,P-A,93.53666153344258,1.15,15,14,1,0.7857142857142857,1.8425772083396452,-0.7962465212530665,1.8878744714428846,3.2662407407407406,3.0,3.0,4.20558589186018,-2.4234850636870116,1.0,0.0,CASHCAT,仓位收益稳定，适合加权参考
812728,570,2026-07-14 02:16:59,30,0x0c349d9b92fbd172bbb5a17a9db0a673a6a10ad3,money_printer,P-G,46.92783711853798,0.65,7,7,0,0.8571428571428571,1.9278371185379766,,1.9278371185379766,70.56396825396826,21.428571428571427,40.0,4.766116510572313,-2.9045449307045135,0.0,1.0,"BTC,HYPE,ETH,ZEC,SOL",高杠杆/短线赌徒型，长期单降权
811435,570,2026-07-14 02:16:59,30,0x0c44471cc8516125ead11e09446302ae20540ed4,smart_money,P-N,50.0,1.0,2,0,2,,,-2.16304591372028,-0.13326378114216575,368.6613888888889,25.0,40.0,7.182671893248523,-5.231005985758504,0.0,1.0,"BTC,HYPE",仓位样本不足，暂不影响权重
811436,570,2026-07-14 02:16:59,30,0x0c4a3a7ac74d43732f9b5ea507f01ab72a381b19,smart_money,P-G,47.07036884685297,0.65,4,1,3,0.0,-3.7081494101551407,4.16421353035635,2.070368846852973,260.2679861111111,12.5,20.0,9.17808336669864,-2.7806995091518396,0.0,1.0,"BTC,ETH,HYPE,DOGE",高杠杆/短线赌徒型，长期单降权
812624,570,2026-07-14 02:16:59,30,0x0c51fe7923bee4c22a84c5b4109e0c5336d8fde2,smart_money,P-B,82.23140026411859,1.0,6,6,0,0.6666666666666666,0.39161054680774576,,0.39161054680774576,74.62087962962961,3.6666666666666665,5.0,6.011427601911763,-5.111281141617845,0.6666666666666666,0.0,"MORPHO,LIT,SYRUP,POPCAT",仓位表现普通有效
811437,570,2026-07-14 02:16:59,30,0x0c6486974e303247c2e3f67ee110ac3576359107,smart_money,P-N,50.0,1.0,1,0,1,,,-1.5159522596150694,-1.5159522596150694,368.6613888888889,5.0,5.0,4.674946364419964,-5.813090227314189,0.0,0.0,XMR,仓位样本不足，暂不影响权重
811438,570,2026-07-14 02:16:59,30,0x0c7aafb0a737a800b2e908974be6a1c9f9892f50,smart_money,P-N,50.0,1.0,2,0,2,,,8.444412255343671,8.444412255343671,368.6613888888889,20.0,20.0,17.853692623258464,0.0,0.0,1.0,"BTC,ETH",仓位样本不足，暂不影响权重
811439,570,2026-07-14 02:16:59,30,0x0ca4109c94438dde8d7386da27180f414de80fa8,smart_money,P-S,100.0,1.25,10,9,1,0.8888888888888888,5.388440788718096,-11.901162815042483,3.6594804283420386,77.0406388888889,4.9,10.0,6.928377972207578,-3.9625775448356904,0.5,0.2,"HYPE,IMX,CHIP,LDO,MEGA",仓位收益、持仓周期、杠杆结构适合长期参考
811440,570,2026-07-14 02:16:59,30,0x0cacfc8c96b84bc5698fcdcb5ffd536b4a246170,money_printer,P-N,50.0,1.0,2,0,2,,,11.533547076411569,11.523383376974605,368.6613888888889,20.0,20.0,18.605834216763817,0.0,0.0,1.0,"BTC,ETH",仓位样本不足，暂不影响权重
811441,570,2026-07-14 02:16:59,30,0x0cd16f3f840852b17db7f47c270bbd1a9d082bf3,smart_money,P-N,50.0,1.0,2,0,2,,,0.6213901569271307,0.6213901569271307,368.6613888888889,4.5,6.0,29.489383095603472,-37.151478270908896,0.5,0.0,"ETH,HYPE",仓位样本不足，暂不影响权重
811442,570,2026-07-14 02:16:59,30,0x0ce048fe42c170e41740ee392e187f19515f339d,smart_money,P-C,51.31660753643157,0.75,72,63,9,0.3492063492063492,-0.29699628753527024,3.5019177704841002,0.15830376821578593,31.85734953703704,8.055555555555555,20.0,2.8551550571736914,-2.1319531560879477,0.20833333333333334,0.4722222222222222,"BTC,HYPE,LIT,SOL,UNI",仓位收益偏弱，降权参考
811443,570,2026-07-14 02:16:59,30,0x0d1334c633c32ea203abe54c8208d4d9fb5bcba2,smart_money,P-N,50.0,1.0,1,0,1,,,19.3069671384787,19.306967138478704,368.6613888888889,40.0,40.0,24.914982131071522,0.0,0.0,1.0,BTC,仓位样本不足，暂不影响权重
811444,570,2026-07-14 02:16:59,30,0x0d2cc9a3f3177ecbb6ecf8fbd0e6645fcfa2b208,money_printer,P-N,50.0,1.0,1,0,1,,,3.0812420996932928,3.0812420996932923,368.6613888888889,10.0,10.0,18.349452408715734,-0.45940181409006703,0.0,1.0,HYPE,仓位样本不足，暂不影响权重
811445,570,2026-07-14 02:16:59,30,0x0daf132c5554fd7d5eb422585426af557d8847e0,money_printer,P-C,5.367054242417598,0.75,3,0,3,,,-6.535412485722847,-6.535412485722847,368.6613888888889,8.333333333333334,10.0,20.6710633085642,-28.751352778285465,0.0,0.6666666666666666,"FARTCOIN,HYPE,MON",仓位收益偏弱，降权参考
812461,570,2026-07-14 02:16:59,30,0x0dd5db9c3748486e747c6a123727f472668cf6ee,smart_money,P-B,65.70702399862785,1.0,93,92,1,0.6413043478260869,0.14099748288508895,-1.215712315472229,0.13904262109981425,3.964100955794505,7.89247311827957,10.0,0.41365927416297243,-0.29055781103825773,0.0,0.4731182795698925,ETH,仓位表现普通有效
811446,570,2026-07-14 02:16:59,30,0x0ddf9bae2af4b874b96d287a5ad42eb47138a902,money_printer,P-N,50.0,1.0,1,0,1,,,-4.899238850393513,-4.899238850393513,368.6613888888889,3.0,3.0,8.3297060103761,-7.4344434902297625,1.0,0.0,ETH,仓位样本不足，暂不影响权重
811447,570,2026-07-14 02:16:59,30,0x0dfc5e0e9ae0bc59337d8f4f11459fdc7a146388,smart_money,P-G,46.767230143519946,0.65,9,2,7,1.0,4.224683594706472,0.8747052405766763,1.767230143519949,216.94234567901236,10.11111111111111,25.0,9.462867171152705,-5.375490663048472,0.2222222222222222,0.7777777777777778,"ADA,BCH,BTC,NEAR,LTC",高杠杆/短线赌徒型，长期单降权
811448,570,2026-07-14 02:16:59,30,0x0e21ecedde58a8e077ef669a163044e70a62a3fb,smart_money,P-R,25.0,-0.8,18,0,18,,,-13.590856895501519,-13.590856895501519,368.6613888888888,9.777777777777779,20.0,17.417934064944962,-35.34564065753192,0.1111111111111111,0.6666666666666666,"ARB,BTC,DOGE,DOT,DYDX",仓位真实收益偏反向，可作为反向参考
811449,570,2026-07-14 02:16:59,30,0x0eb8f692baba6c6f4a5e57c7e222758c95a9ce81,smart_money,P-N,50.0,1.0,1,0,1,,,1.53056561662746,1.1867926210810698,368.6613888888889,10.0,10.0,4.770150603423815,-20.078692814230127,0.0,1.0,JUP,仓位样本不足，暂不影响权重
811450,570,2026-07-14 02:16:59,30,0x0eba5721065f961bced568527bfa03ea9ed61a00,smart_money,P-B,92.77121254719663,1.0,3,2,1,0.5,0.04549836445578235,59.197817591978186,19.76293810696325,152.79657407407407,3.0,4.0,22.44766487034967,-2.6294565575596676,0.3333333333333333,0.0,"MON,ETH,BTC",仓位表现普通有效
812552,570,2026-07-14 02:16:59,30,0x0eecd62efb05009e2b72964b4bcdbcf653afd4c5,smart_money,P-G,45.12029103007395,0.65,56,55,1,0.6181818181818182,0.12736459854707394,-0.2687552359479792,0.120291030073948,6.583239087301586,20.0,20.0,0.6140973331023821,-0.471892995398151,0.0,1.0,ETH,高杠杆/短线赌徒型，长期单降权
811451,570,2026-07-14 02:16:59,30,0x0f7707db61e6add7c377757c0aa8068a58e389cc,smart_money,P-N,50.0,1.0,2,0,2,,,-6.622466765474,-6.622466765474,368.6613888888889,25.0,40.0,2.4008168070192184,-12.515435132624138,0.0,1.0,"BTC,HYPE",仓位样本不足，暂不影响权重
811452,570,2026-07-14 02:16:59,30,0x0f7a453567401070ddb6b4ec82f97bd78b857c04,smart_money,P-R,25.0,-0.8,12,6,6,0.3333333333333333,-1.621488809726558,-0.13999814495594798,-0.8438437762366449,182.99546296296296,13.333333333333334,40.0,10.373472382575061,-9.730425327886838,0.4166666666666667,0.4166666666666667,"BLUR,BTC,MON,SUI,VVV",仓位真实收益偏反向，可作为反向参考
811453,570,2026-07-14 02:16:59,30,0x0f8c856907dfafb96871abe09a76586311632ef8,smart_money,P-N,50.0,1.0,1,0,1,,,38.76888847687031,38.76888847687031,368.6613888888889,10.0,10.0,46.49080340190009,0.0,0.0,1.0,ETH,仓位样本不足，暂不影响权重
811454,570,2026-07-14 02:16:59,30,0x0f9c4b57f918a3161c906c137e637e2f5b3457a7,smart_money,P-N,50.0,1.0,1,0,1,,,9.714012272701678,9.71401227270168,368.6613888888889,5.0,5.0,26.408958515963004,0.0,0.0,0.0,WLD,仓位样本不足，暂不影响权重
812269,570,2026-07-14 02:16:59,30,0x0fd468a73084daa6ea77a9261e40fdec3e67e0c7,money_printer,P-G,44.93985501188771,0.65,35,34,1,0.47058823529411764,-0.058976546717747276,-0.4182183768562211,-0.06014498811228928,10.53318253968254,13.0,13.0,0.21754765754460031,-0.2799352407658252,0.0,1.0,BTC,高杠杆/短线赌徒型，长期单降权
812480,570,2026-07-14 02:16:59,30,0x1001a2fed4bdac4dd037319af153093185b90350,smart_money,P-A,79.7118819525769,1.15,9,8,1,0.75,1.0836902064057523,3.3430342105804165,1.3347284290918262,11.065308641975308,4.333333333333333,5.0,2.590732866647306,-1.21682269741374,0.3333333333333333,0.0,"HYPE,LIT",仓位收益稳定，适合加权参考
811455,570,2026-07-14 02:16:59,30,0x10495f72a1623ff2d836a2cbb25eaba7ff92e246,smart_money,P-N,50.0,1.0,1,0,1,,,10.172060455981565,10.172060455981565,368.6613888888889,10.0,10.0,15.149367906259966,-0.8911640961527271,0.0,1.0,HYPE,仓位样本不足，暂不影响权重
811456,570,2026-07-14 02:16:59,30,0x105a8501eae3aa9462a47568a2de12e421f75e5e,smart_money,P-A,100.0,1.15,18,5,13,1.0,11.681665153797612,3.7205331745212407,5.931958724320233,250.30555555555554,7.666666666666667,40.0,15.40820580926969,-15.225121030093682,0.3333333333333333,0.3333333333333333,"BTC,GRASS,HYPE,LINK,MNT",仓位收益稳定，适合加权参考
811457,570,2026-07-14 02:16:59,30,0x107a3e62969957f4c0be0340f457f1298acfe78e,smart_money,P-N,50.0,1.0,1,0,1,,,0.22087429808927425,0.21238256106557424,368.6613888888889,40.0,40.0,2.128164636876961,-4.624610752645894,0.0,1.0,BTC,仓位样本不足，暂不影响权重
812522,570,2026-07-14 02:16:59,30,0x10b6f072fabe21bc72ffd77ff5d4414e6cef2980,smart_money,P-C,32.16840938871063,0.75,3,2,1,0.0,-0.8675132858303285,-0.6691781660683372,-0.8014015792429982,50.07592592592592,3.0,3.0,1.7951828798423524,-1.588800384667044,1.0,0.0,BTC,仓位收益偏弱，降权参考
812292,570,2026-07-14 02:16:59,30,0x10d7da9340e45a6ec6f93a495a7f9ae0e5075a34,smart_money,P-B,100.0,1.0,3,2,1,1.0,17.547432250884885,-2.36307717312146,10.910595776216104,150.08916666666667,2.6666666666666665,3.0,17.828715408006204,-1.1028526956364095,1.0,0.0,"BTC,SOL",仓位表现普通有效
811458,570,2026-07-14 02:16:59,30,0x10d9dc2812ccb0ea9a9b89864def70a57a944890,smart_money,P-G,47.754546572013645,0.65,4,0,4,,,2.7545465720136435,2.7545465720136435,279.24368055555556,13.75,20.0,11.32921070073934,-7.091835992904954,0.0,0.75,"ETH,ETHFI,HYPE,BTC",高杠杆/短线赌徒型，长期单降权
812631,570,2026-07-14 02:16:59,30,0x10da391e349b02b380359cb402dc908dfe660221,smart_money,P-N,50.0,1.0,1,1,0,0.0,-2.729099314137233,,-2.729099314137233,357.67083333333335,10.0,10.0,9.477445085657306,-7.921412816871626,0.0,1.0,HYPE,仓位样本不足，暂不影响权重
812676,570,2026-07-14 02:16:59,30,0x1116b5fcc070945062e8879841c29807db373d0d,smart_money,P-C,39.437726396276176,0.75,6,6,0,0.3333333333333333,0.3281069462198711,,0.3281069462198711,41.039027777777775,8.333333333333334,10.0,3.036446326957155,-3.4436436169107556,0.0,0.6666666666666666,"HYPE,LIT",仓位收益偏弱，降权参考
811459,570,2026-07-14 02:16:59,30,0x112819b32d30680790d9caac04b656dd52da21a1,smart_money,P-N,50.0,1.0,2,0,2,,,-4.083055416158901,-4.083055416158901,368.6613888888889,11.5,13.0,3.553738531410984,-16.758108466245037,0.0,1.0,"ETH,HYPE",仓位样本不足，暂不影响权重
811460,570,2026-07-14 02:16:59,30,0x115231b1c0ad58f97944f8e69ef0dbb35f1cd055,smart_money,P-N,50.0,1.0,1,0,1,,,14.6492403657392,14.6492403657392,368.6613888888889,20.0,20.0,21.086888650585728,0.0,0.0,1.0,BTC,仓位样本不足，暂不影响权重
811461,570,2026-07-14 02:16:59,30,0x115849ce84370f25cadcf0d348510d73837e1aa5,smart_money,P-G,50.66491997191043,0.65,5,1,4,1.0,0.07475574956616683,7.062461027496493,5.664919971910427,349.0639444444445,10.0,20.0,15.322028245258542,-3.571669217211703,0.0,0.6,"ARB,BTC,NEAR,XLM,INJ",高杠杆/短线赌徒型，长期单降权
812261,570,2026-07-14 02:16:59,30,0x11615843a09fa765d98ebf3eb15690450ef7e60a,smart_money,P-N,50.0,1.0,2,1,1,1.0,0.9117869762746117,-9.361681251494756,-4.224947137610072,161.02055555555555,5.0,5.0,1.3216428357051762,-7.412421225688448,0.0,0.0,ETH,仓位样本不足，暂不影响权重
812397,570,2026-07-14 02:16:59,30,0x1174c19e08d5dbf3444c6376d6583b2d4f91cb65,smart_money,P-R,25.0,-0.8,17,16,1,0.125,-3.2435827966393935,-5.171866737176089,-3.2527708385220686,58.22410130718954,6.235294117647059,10.0,4.092314523351959,-5.8374734907547445,0.11764705882352941,0.29411764705882354,"LIT,JTO,HYPE,ARB,LDO",仓位真实收益偏反向，可作为反向参考
812700,570,2026-07-14 02:16:59,30,0x12203316069a9d155cdadaa94a8e4b3e40ce6447,smart_money,P-B,82.95070131877878,1.0,4,4,0,0.75,0.715050702749582,,0.715050702749582,0.6850694444444444,3.0,3.0,0.7287411334569002,-0.3777915821100269,1.0,0.0,"CHIP,HYPER",仓位表现普通有效
811462,570,2026-07-14 02:16:59,30,0x123dbca6a27005a3c4ce10cb66ee8ece8fc13bff,money_printer,P-R,25.0,-0.8,82,2,80,0.0,-19.752800884876415,-10.869696602738504,-11.075926525863865,362.1249661246617,6.695121951219512,20.0,20.18392015883053,-32.09606360149522,0.21951219512195122,0.35365853658536583,"EIGEN,AAVE,ADA,ALGO,APE",仓位真实收益偏反向，可作为反向参考
811463,570,2026-07-14 02:16:59,30,0x1271bf72a18549ee6d2ea3ab7e5dd4ae1c4eb05f,smart_money,P-N,50.0,1.0,1,0,1,,,-3.245348334054525,0.048975762845867285,368.6613888888889,5.0,5.0,16.220806794055196,-10.644742535698825,0.0,0.0,EIGEN,仓位样本不足，暂不影响权重
812687,570,2026-07-14 02:16:59,30,0x129cfcdced580dcd6c2e0e1d6ac3f608e0c66040,smart_money,P-N,50.0,1.0,2,2,0,0.0,-2.8828583917335173,,-2.8828583917335173,9.761944444444445,10.0,10.0,0.8538812134731972,-2.8828583917335173,0.0,1.0,HYPE,仓位样本不足，暂不影响权重
812412,570,2026-07-14 02:16:59,30,0x12f147f08112ff4c32c66bad45118302d20d807c,smart_money,P-G,45.599164402546876,0.65,10,9,1,0.6666666666666666,0.5890861205191,0.6898689407968464,0.5991644025468748,26.78308333333333,40.0,40.0,1.561064111428713,-0.8899504341004274,0.0,1.0,BTC,高杠杆/短线赌徒型，长期单降权
811464,570,2026-07-14 02:16:59,30,0x135097a80cc35350acc31f4c0f04bfde52a58f6a,smart_money,P-C,43.10454588052996,0.75,3,0,3,,,12.157547503265699,12.157547503265699,368.6613888888889,8.333333333333334,20.0,16.724295808304948,-2.702973201889441,0.3333333333333333,0.3333333333333333,"BTC,PURR,XMR",仓位收益偏弱，降权参考
811465,570,2026-07-14 02:16:59,30,0x13558be785661958932ceac35ba20de187275a42,smart_money,P-G,45.002997138276896,0.65,385,384,1,0.5026041666666666,0.026699606814067356,-9.0987507799978,0.002997138276893665,2.911898989898988,9.714285714285714,20.0,0.7407750988064247,-0.639557009784877,0.0,0.6363636363636364,"XPL,LIT,SOL,ASTER,ETH",高杠杆/短线赌徒型，长期单降权
812345,570,2026-07-14 02:16:59,30,0x13640f452a56aaa7a5a5e5a6bd24c45374dacbcc,smart_money,P-G,45.67307446476195,0.65,24,18,6,0.7777777777777778,2.3214035358015757,-4.6001120174139665,0.6730744647619514,79.07166666666669,17.458333333333332,40.0,4.007674115135784,-4.069525419123194,0.125,0.6666666666666666,"BTC,HYPE,ZEC,ETH,LIT",高杠杆/短线赌徒型，长期单降权
811466,570,2026-07-14 02:16:59,30,0x136c473f6d88c1ec17c2ed6b6cb273983e028458,smart_money,P-N,50.0,1.0,1,0,1,,,18.37149322685844,17.44622730741575,368.6613888888889,20.0,20.0,24.044521908186308,0.0,0.0,1.0,BTC,仓位样本不足，暂不影响权重
811467,570,2026-07-14 02:16:59,30,0x13a0833e8201b37c161feb2df764159707f71409,smart_money,P-N,50.0,1.0,1,0,1,,,-41.82594002363822,-41.82594002363821,368.6613888888889,10.0,10.0,0.0,-62.83294610396324,0.0,1.0,HYPE,仓位样本不足，暂不影响权重
812553,570,2026-07-14 02:16:59,30,0x13b2e9091268f291f165196d4832ba1c5ac02938,money_printer,P-G,44.764053217214844,0.65,5,4,1,0.0,-0.27873788368323044,-0.06478237919285955,-0.23594678278515624,1.9981666666666669,20.0,20.0,0.12433027569835078,-0.3129718846881299,0.0,1.0,BTC,高杠杆/短线赌徒型，长期单降权
811468,570,2026-07-14 02:16:59,30,0x14209452e1d82dd0adf703454c1d1d907f142830,smart_money,P-N,50.0,1.0,1,0,1,,,-141.21228102357148,-141.21228102357145,368.6613888888889,10.0,10.0,0.0,-176.94021523128188,0.0,1.0,HYPE,仓位样本不足，暂不影响权重
811469,570,2026-07-14 02:16:59,30,0x14b96ee58172ad811059aa346515e944a6dbdf3a,smart_money,P-N,50.0,1.0,1,0,1,,,2.381841505353833,2.381841505353833,368.6613888888889,20.0,20.0,11.502020088232335,-0.7774890665599993,0.0,1.0,BTC,仓位样本不足，暂不影响权重
811470,570,2026-07-14 02:16:59,30,0x14f23416197effe31a8be0ee400ceaeb8f67f6ec,smart_money,P-N,50.0,1.0,1,0,1,,,-5.726025433070172,-5.726025433070172,368.6613888888889,2.0,2.0,8.23766806766618,-8.96415651763498,1.0,0.0,HYPE,仓位样本不足，暂不影响权重
811471,570,2026-07-14 02:16:59,30,0x14f5dd7ca3e4ef4aba7431ad10d9dacaf14fd103,smart_money,P-G,65.0,0.65,4,0,4,,,26.046869746266037,26.046869746266033,368.6613888888889,17.5,20.0,30.79804089016698,-0.8223184704601252,0.0,1.0,"BTC,ETH,PAXG,SOL",高杠杆/短线赌徒型，长期单降权
812566,570,2026-07-14 02:16:59,30,0x14f8e042905350cee7ae0cec27f092f10dd912bb,smart_money,P-G,44.996193165912004,0.65,195,194,1,0.5,-0.004202310135449002,0.07270049787214396,-0.003806834087994696,1.4315099715099717,20.0,20.0,0.23882392247972062,-0.225858433723398,0.0,1.0,SOL,高杠杆/短线赌徒型，长期单降权
812567,570,2026-07-14 02:16:59,30,0x15094c3ec74e8a43c082042815e0c135deebb152,smart_money,P-B,65.25055750407265,1.0,445,444,1,0.5202702702702703,0.022784106675461786,-0.08412083333999458,0.022560865610571627,6.365622971285889,4.9932584269662925,10.0,0.9631919714684243,-0.889311807632322,0.1550561797752809,0.060674157303370786,"CRV,XLM,PUMP,PENGU,LIT",仓位表现普通有效
812300,570,2026-07-14 02:16:59,30,0x152e41f0b83e6cad4b5dc730c1d6279b7d67c9dc,money_printer,P-G,42.08204242205725,0.65,4,3,1,0.3333333333333333,-1.6628519565037898,-6.683274442259641,-2.917957577942753,93.08451388888889,13.75,20.0,3.7522789927397775,-5.859335604532618,0.0,0.75,"HYPE,SOL,BTC",高杠杆/短线赌徒型，长期单降权
812434,570,2026-07-14 02:16:59,30,0x15644242581131594413ef72346ac5c5305b8add,smart_money,P-G,43.85118606080571,0.65,5,4,1,0.0,-2.317760162582072,3.52697095435685,-1.1488139391942875,43.51983333333333,10.6,20.0,5.636999695054188,-2.290580294111906,0.2,0.8,"PUMP,NEAR,HYPE,SOL,GRASS",高杠杆/短线赌徒型，长期单降权
811472,570,2026-07-14 02:16:59,30,0x15a105b6eca967a438a6930f6859b7e5dbc134a7,smart_money,P-N,50.0,1.0,2,0,2,,,-10.647088377219493,-10.647088377219493,368.6613888888889,25.0,40.0,25.298431170261495,-46.557416803462175,0.0,1.0,"BTC,HYPE",仓位样本不足，暂不影响权重
812346,570,2026-07-14 02:16:59,30,0x15a4f009bb324a3fb9e36137136b201e3fe0dfdb,money_printer,P-N,50.0,1.0,2,0,2,,,0.7061197752029844,0.7061197752029844,160.27513888888888,30.0,40.0,3.705205254834808,-1.625483006566148,0.0,1.0,"BTC,ETH",仓位样本不足，暂不影响权重
811473,570,2026-07-14 02:16:59,30,0x15b325660a1c4a9582a7d834c31119c0cb9e3a42,money_printer,P-N,50.0,1.0,2,0,2,,,-1.2731903379363758,-1.2731903379363758,368.6613888888889,15.0,20.0,8.462228263171173,-5.243963612433765,0.0,1.0,"BTC,HYPE",仓位样本不足，暂不影响权重
812238,570,2026-07-14 02:16:59,30,0x15c8a479139a2e195b37790ace4870d1f2be045f,smart_money,P-G,41.603252937421104,0.65,4,0,4,,,-3.4153269939223425,-3.396747062578893,367.1615972222222,23.75,40.0,5.744670131386665,-10.27981983085309,0.0,1.0,"ETH,SOL,BTC,HYPE",高杠杆/短线赌徒型，长期单降权
812880,570,2026-07-14 02:16:59,30,0x15df49f74171cd2157c89084f63e15fbd12c6ca1,money_printer,P-N,50.0,1.0,2,2,0,0.5,0.36192975541596983,,0.36192975541596983,5.834583333333334,30.0,40.0,1.3871534049141387,-0.43006171475871546,0.0,1.0,"BTC,SOL",仓位样本不足，暂不影响权重
812852,570,2026-07-14 02:16:59,30,0x15f970a5fa4791dbe4fc3adea6d41e87e5fac6ff,smart_money,P-N,50.0,1.0,2,2,0,1.0,2.3982805276477404,,2.3982805276477404,15.627222222222223,11.5,20.0,3.7620185555348242,-1.2460235129408646,0.5,0.5,"BTC,VVV",仓位样本不足，暂不影响权重
812481,570,2026-07-14 02:16:59,30,0x1643e9aba4fcfb4e8c1a887090239e34f488cad6,smart_money,P-B,75.89360810139652,1.0,385,380,5,0.5394736842105263,0.06066168162010346,0.44723310495702195,0.06522510332983675,4.787810245310244,2.0,2.0,0.616433076658139,-0.5370684714560656,1.0,0.0,"SOL,ETH,BTC,HYPE,XRP",仓位表现普通有效
812407,570,2026-07-14 02:16:59,30,0x16588c497a83e9dfa298d048553a4ef5fd52f65b,smart_money,P-G,45.20491301542813,0.65,9,8,1,0.375,0.5030314876051665,-2.1800347619881664,0.20491301542812954,39.165092592592586,10.0,10.0,2.4884347753476894,-1.5659793117025533,0.0,1.0,SUI,高杠杆/短线赌徒型，长期单降权
811474,570,2026-07-14 02:16:59,30,0x16bf84af3f85f8c8a97597bf2be549dfe0dee637,money_printer,P-N,50.0,1.0,1,0,1,,,0.9109630526953362,0.7357308935155963,368.6613888888889,3.0,3.0,5.469842282126125,-5.750967059975556,1.0,0.0,BTC,仓位样本不足，暂不影响权重
812369,570,2026-07-14 02:16:59,30,0x16c95227d8442946c1c152bc8ea16a37ebe1a282,smart_money,P-G,45.67300224405181,0.65,35,34,1,0.9705882352941176,0.693817217940364,-1.046778143234749,0.6730022440518054,10.53318253968254,10.0,10.0,0.9760236843088593,-0.3494372377573517,0.0,1.0,HYPE,高杠杆/短线赌徒型，长期单降权
811475,570,2026-07-14 02:16:59,30,0x16f037a3ddf53da1b047a926e1833219f0a8e1fc,smart_money,P-A,100.0,1.15,7,1,6,1.0,1.715855598219872,1.089407991448452,1.017666000499159,282.37658730158734,3.2857142857142856,5.0,7.204099493047382,-8.911132555454646,0.8571428571428571,0.0,"ADA,APT,BERA,SUI,TIA",仓位收益稳定，适合加权参考
812523,570,2026-07-14 02:16:59,30,0x170a03a53fe05bf4ce6753cb0907d05e827bc3c6,smart_money,P-B,77.89395984240485,1.0,203,202,1,0.5693069306930693,0.020698362213055724,0.07182323035541952,0.021237346945001737,1.816065955117679,3.0,3.0,0.23372032133615878,-0.20706559809628908,1.0,0.0,XRP,仓位表现普通有效
812321,570,2026-07-14 02:16:59,30,0x170dbce27ab17f5dc3f04c773b6686068ad88c9b,smart_money,P-N,50.0,1.0,1,0,1,,,-9.438973158175648,-9.43897315817565,252.28333333333333,2.0,2.0,3.974765126863068,-9.662798505535369,1.0,0.0,HYPE,仓位样本不足，暂不影响权重
812747,570,2026-07-14 02:16:59,30,0x1714fa1d4db089a7dd036fc8d1a9d1fd759a0250,smart_money,P-G,45.2506640621202,0.65,8,8,0,0.5,0.2506640621202022,,0.2506640621202022,4.2255208333333325,18.125,20.0,0.9191048449199443,-1.0244980168857027,0.0,0.875,"BTC,MON,SOL",高杠杆/短线赌徒型，长期单降权
812613,570,2026-07-14 02:16:59,30,0x17286a34d2b2e842cd38da74bc079c1f23992b1d,smart_money,P-C,55.538409684631986,0.75,23,23,0,0.391304347826087,-0.23508651168501604,,-0.23508651168501604,11.738816425120774,4.130434782608695,7.0,1.771799837901732,-1.4094992802335908,0.0,0.0,"ZEC,XLM,ETH",仓位收益偏弱，降权参考
811476,570,2026-07-14 02:16:59,30,0x17c3c8fdbcb7d1b240ce08965e09b1fc91cba868,money_printer,P-C,74.34312984578061,0.75,33,17,16,0.47058823529411764,0.6926929398798144,0.03748712182627806,0.30703729365679927,164.9694276094276,3.727272727272727,10.0,6.093275906370985,-6.157945410480328,0.7878787878787878,0.06060606060606061,"WIF,FIL,MON,PUMP,NEAR",仓位收益偏弱，降权参考
812316,570,2026-07-14 02:16:59,30,0x183c6497814803574c23866c7662dea4c044d0f9,smart_money,P-G,43.215701917435474,0.65,6,5,1,0.2,-2.009468702629634,-0.6584449822389968,-1.784298082564528,85.71023148148147,12.166666666666666,20.0,3.1900611665663057,-3.2315643139879104,0.16666666666666666,0.8333333333333334,"BTC,VVV,NEAR,HYPE,PAXG",高杠杆/短线赌徒型，长期单降权
812403,570,2026-07-14 02:16:59,30,0x1847dc422b9dea349e8af7d02cb3a136cd81f441,smart_money,P-C,52.41940034843582,0.75,3,2,1,0.5,-0.35805543089243486,-1.8116074363563353,-0.8425727660470684,32.4625,6.0,10.0,2.262126672384049,-3.767507193910998,0.3333333333333333,0.3333333333333333,"ENA,HYPE,PUMP",仓位收益偏弱，降权参考
811477,570,2026-07-14 02:16:59,30,0x185611e0343c14f53a4406891cb0fdc9e81808ae,money_printer,P-C,64.4908580289404,0.75,27,21,6,0.42857142857142855,-2.410821784296265,2.3853646021576376,-1.5595379544728831,104.14861111111114,6.703703703703703,40.0,6.554121711963587,-7.759004496325684,0.4444444444444444,0.18518518518518517,"BLUR,HMSTR,VVV,LIT,BNB",仓位收益偏弱，降权参考
812297,570,2026-07-14 02:16:59,30,0x1864e1605a39335e87d618582a28093e1fd9711c,smart_money,P-C,77.97528732878317,0.75,28,21,7,0.47619047619047616,-0.1592235133611409,2.8184179041387014,0.5851868410138195,69.27385912698414,2.0,2.0,3.784565573559355,-2.7802862717179084,1.0,0.0,"HYPE,ETH,DOGE,SOL,TAO",仓位收益偏弱，降权参考
811478,570,2026-07-14 02:16:59,30,0x18b8539261cf9e760e7fec4a8a73c50f0ae7babe,smart_money,P-N,50.0,1.0,1,0,1,,,-8.828347084517791,-7.93060891525245,368.6613888888889,10.0,10.0,4.672207393027588,-12.595094179985239,0.0,1.0,HYPE,仓位样本不足，暂不影响权重
812421,570,2026-07-14 02:16:59,30,0x18b9beef58b9025a394a46fd8124ee1d917d8b3e,smart_money,P-N,50.0,1.0,2,1,1,1.0,10.528748469819158,-1.5615685235477352,4.483589973135711,46.780833333333334,2.5,3.0,5.864394623430465,-2.484456674402729,1.0,0.0,"ETH,HYPE",仓位样本不足，暂不影响权重
812733,570,2026-07-14 02:16:59,30,0x18cd4597e06b7fe0a8cd33dda499121b3a145a8b,smart_money,P-N,50.0,1.0,1,1,0,1.0,5.475091191711172,,5.475091191711172,224.7,10.0,10.0,13.15585660704974,-5.32564139604312,0.0,1.0,HYPE,仓位样本不足，暂不影响权重
811479,570,2026-07-14 02:16:59,30,0x18cde66120c9195fb6e50a4b1e13bce4c85d1300,smart_money,P-A,100.0,1.15,65,5,60,1.0,9.838741520634812,7.2985063116513125,7.486628799600874,341.4245854700858,7.2153846153846155,40.0,19.70016286415735,-10.015432321257615,0.27692307692307694,0.35384615384615387,"XLM,AAVE,AERO,ALGO,ALT",仓位收益稳定，适合加权参考
811480,570,2026-07-14 02:16:59,30,0x18e2eb3cafa6ee5d3885e20d80298b37321e84fa,money_printer,P-N,50.0,1.0,1,0,1,,,60.950066554128135,60.950066554128135,368.6613888888889,10.0,10.0,84.78970425487427,0.0,0.0,1.0,HYPE,仓位样本不足，暂不影响权重
812524,570,2026-07-14 02:16:59,30,0x1a2e6afa298b1cc50939b4b2b0b430e3c1ef3459,smart_money,P-G,45.009424507313774,0.65,272,271,1,0.5313653136531366,0.009904669990029653,-0.12069957795114465,0.009424507313775336,1.355372753267974,14.735294117647058,30.0,0.16810734726570462,-0.14399965639257073,0.10661764705882353,0.5625,BTC,高杠杆/短线赌徒型，长期单降权
811481,570,2026-07-14 02:16:59,30,0x1a6132837f1857196677f06515041bb817affe9e,smart_money,P-N,50.0,1.0,1,0,1,,,-2.2762341457008706,-2.2762341457008706,368.6613888888889,3.0,3.0,26.566278904343438,-5.591000120377769,1.0,0.0,XPL,仓位样本不足，暂不影响权重
811482,570,2026-07-14 02:16:59,30,0x1a6ea3a36087fef4d56ebc9e11bf1b0a3a6a7437,smart_money,P-G,60.323538223655724,0.65,3,0,3,,,15.304979064806972,15.323538223655726,368.6613888888889,16.666666666666668,20.0,21.69598537090801,0.0,0.0,1.0,"BTC,ETH,PAXG",高杠杆/短线赌徒型，长期单降权
812425,570,2026-07-14 02:16:59,30,0x1aa1d90df49c3e5a67888798c16e73c4b4c323fc,smart_money,P-G,42.736925868720306,0.65,9,8,1,0.25,-2.440789389927103,-0.7477136444340315,-2.2630741312796956,40.6879938271605,19.22222222222222,20.0,0.9356624167649554,-3.8699639228987968,0.0,1.0,SOL,高杠杆/短线赌徒型，长期单降权
811483,570,2026-07-14 02:16:59,30,0x1aa5abfd850012297428b509fb84fcd9f9f995cb,smart_money,P-B,76.08127908049745,1.0,8,5,3,0.8,1.9467122317676306,-1.2824252115126946,1.7751896052890062,134.9132986111111,11.625,20.0,8.185518948501347,-3.234390376953322,0.0,0.375,"HYPE,SOL,BTC,LIT",仓位表现普通有效
812390,570,2026-07-14 02:16:59,30,0x1ae55c40c91f1553286b125239f84300d2df4dbe,smart_money,P-R,25.0,-0.8,19,16,3,0.375,-0.22102413762945214,0.9735709291946067,-0.03240386392039004,52.401944444444446,7.157894736842105,8.0,3.059432333391643,-2.0414494389398277,0.10526315789473684,0.0,"BTC,ETH,SOL",仓位真实收益偏反向，可作为反向参考
811484,570,2026-07-14 02:16:59,30,0x1b1996300dc7d3fabc039a55963fc886c3d3c9df,smart_money,P-N,50.0,1.0,1,0,1,,,-3.8325965422125923,-3.8325965422125923,368.6613888888889,40.0,40.0,0.0,-10.848783978422617,0.0,1.0,BTC,仓位样本不足，暂不影响权重
812510,570,2026-07-14 02:16:59,30,0x1b798718722107a43f9603eb155dfc6944ac31cd,smart_money,P-G,44.68906423044808,0.65,18,17,1,0.47058823529411764,-0.2862154990212693,-0.7311803685729488,-0.31093576955191815,14.119675925925925,40.0,40.0,0.5215215906297996,-1.039696529376318,0.0,1.0,BTC,高杠杆/短线赌徒型，长期单降权
811485,570,2026-07-14 02:16:59,30,0x1b7ca89aa121890b8572d326e363185cf4780c6a,money_printer,P-A,100.0,1.15,21,3,18,1.0,10.846305473721522,6.258230321050751,7.990660388739438,224.08853174603172,6.142857142857143,20.0,15.844879712675802,-4.938521922659576,0.38095238095238093,0.2857142857142857,"ADA,ASTER,KAITO,MEGA,MON",仓位收益稳定，适合加权参考
811486,570,2026-07-14 02:16:59,30,0x1c2c96e78a42958892e637bdc0d94ce259f109fe,smart_money,P-A,100.0,1.15,58,4,54,1.0,94.33540658318087,53.20341919714954,56.04010798239308,339.07952586206915,6.862068965517241,40.0,62.10452074207869,-4.772172351936893,0.27586206896551724,0.3103448275862069,"ADA,ALGO,APE,ARB,ASTER",仓位收益稳定，适合加权参考
812554,570,2026-07-14 02:16:59,30,0x1ce8ed87b7b4cb60f0cc3664bf1fe216163ff55a,money_printer,P-S,100.0,1.25,9,8,1,0.875,15.922009127588979,0.23841650368454345,14.179387724932932,46.456851851851866,2.7777777777777777,4.0,16.250928169506334,-0.26217184563509155,0.8888888888888888,0.0,"BTC,ETH,LINK,NEAR,SOL",仓位收益、持仓周期、杠杆结构适合长期参考
811487,570,2026-07-14 02:16:59,30,0x1d207624c9466376e345310580c300611f3e0b20,smart_money,P-B,72.97902941167666,1.0,56,33,23,0.48484848484848486,-1.216480034265736,1.1849406241167768,-0.23018226385863244,152.50949900793648,4.482142857142857,20.0,6.971411352337386,-6.4654583276382755,0.6607142857142857,0.125,"STABLE,CELO,kBONK,GAS,IOTA",仓位表现普通有效
811488,570,2026-07-14 02:16:59,30,0x1d74a7760df9d563d0b6610b1705266c4e2fdb26,smart_money,P-N,50.0,1.0,1,0,1,,,-13.916027881292115,-15.066159609284654,368.6613888888889,1.0,1.0,0.0,-28.10284137829222,1.0,0.0,ETH,仓位样本不足，暂不影响权重
812474,570,2026-07-14 02:16:59,30,0x1da5bcd75d2bdc41d8372e976f2f665479e73151,smart_money,P-G,45.704828365015445,0.65,3,2,1,0.5,1.4278988938926345,-0.7413126927389455,0.7048283650154411,55.72064814814814,10.0,10.0,3.997245719268768,-1.5205596949685185,0.0,1.0,HYPE,高杠杆/短线赌徒型，长期单降权
811489,570,2026-07-14 02:16:59,30,0x1dff8c29ad7f6d8841a25a9dda8956f2e7a3c134,smart_money,P-N,50.0,1.0,1,0,1,,,71.52264143233256,71.52264143233256,368.6613888888889,3.0,3.0,74.07896042638397,0.0,1.0,0.0,MEGA,仓位样本不足，暂不影响权重
812759,570,2026-07-14 02:16:59,30,0x1e07a22190c1d161248febf9fc2c440f324a16e2,smart_money,P-G,43.388861274502595,0.65,3,3,0,0.3333333333333333,-1.611138725497404,,-1.611138725497404,26.448703703703703,10.0,10.0,2.220170128379083,-2.844472058830737,0.0,1.0,HYPE,高杠杆/短线赌徒型，长期单降权
812568,570,2026-07-14 02:16:59,30,0x1e3001537d0c6799e59245597c541127bac57120,smart_money,P-G,45.059536905483746,0.65,275,274,1,0.6131386861313869,0.06003026267604149,-0.07564296520424366,0.059536905483749535,1.3379050505050512,20.0,20.0,0.22769274899042533,-0.1758398665281652,0.0,1.0,ETH,高杠杆/短线赌徒型，长期单降权
811490,570,2026-07-14 02:16:59,30,0x1e37a337ed460039d1b15bd3bc489de789768d5e,money_printer,P-G,41.015811168721044,0.65,19,0,19,,,-6.161393316654434,-3.984188831278953,368.6613888888888,13.157894736842104,40.0,1.6801524848430855,-11.819746682447152,0.0,0.9473684210526315,"AAVE,ADA,AVAX,BCH,BNB",高杠杆/短线赌徒型，长期单降权
811491,570,2026-07-14 02:16:59,30,0x1e771e1b95c86491299d6e2a5c3b3842d03b552e,money_printer,P-R,25.0,-0.8,7,0,7,,,-30.693838611051977,-30.693838611051977,368.66138888888884,8.428571428571429,10.0,18.178424095866752,-50.381259276317216,0.0,0.7142857142857143,"DOGE,ENA,HYPE,TIA,XPL",仓位真实收益偏反向，可作为反向参考
812525,570,2026-07-14 02:16:59,30,0x1ec15e24896f4feb55dd70d22dc3620ae3cc990c,smart_money,P-G,45.00793353757232,0.65,159,158,1,0.5379746835443038,0.009258352451034905,-0.21445940830376095,0.007933537572318653,2.318625087351502,20.0,20.0,0.21869843844966272,-0.2116809574840332,0.0,1.0,BTC,高杠杆/短线赌徒型，长期单降权
811492,570,2026-07-14 02:16:59,30,0x1f67d79afc8d0e7609ddba6c9b657cc635f69981,money_printer,P-N,50.0,1.0,2,0,2,,,-8.255290955710453,-6.75710465838434,368.6613888888889,21.5,40.0,2.8047389133238534,-11.262393225848763,0.5,0.5,"BTC,HYPE",仓位样本不足，暂不影响权重
811493,570,2026-07-14 02:16:59,30,0x1f887fd93c17a970819895978da55628d7658609,smart_money,P-N,50.0,1.0,2,0,2,,,53.91981183998372,54.31382466406411,368.6613888888889,15.0,20.0,58.55051838640371,0.0,0.0,1.0,"DOT,ETH",仓位样本不足，暂不影响权重
812740,570,2026-07-14 02:16:59,30,0x1fbe7279da134c53fa521f5ee65891948e775e17,smart_money,P-N,50.0,1.0,1,1,0,1.0,4.850004710556086,,4.850004710556086,176.2697222222222,40.0,40.0,10.497507323842319,-0.4051669493412825,0.0,1.0,BTC,仓位样本不足，暂不影响权重
811494,570,2026-07-14 02:16:59,30,0x2025137a136bea7446deba681cbfc7cf1970840e,money_printer,P-G,35.0,0.65,22,7,15,0.5714285714285714,0.2810315814122945,-35.19483895710443,-23.687160263226154,267.66324494949487,11.318181818181818,40.0,3.860245020735006,-29.383249411138117,0.13636363636363635,0.6818181818181818,"HYPE,BTC,APT,EIGEN,NEAR",高杠杆/短线赌徒型，长期单降权
812304,570,2026-07-14 02:16:59,30,0x202ed102cca91d1237971252eee1add2f303eb8b,smart_money,P-G,50.4649637467665,0.65,4,3,1,1.0,7.213684110895453,0.21880265437964658,5.464963746766501,81.54027777777776,20.0,20.0,6.15243581664741,-1.0148512709969484,0.0,1.0,BTC,高杠杆/短线赌徒型，长期单降权
811495,570,2026-07-14 02:16:59,30,0x203f4c410f3c35cead9f35b6de2f66e773d7f26e,money_printer,P-G,65.0,0.65,3,0,3,,,44.96532390241949,44.96532390241949,368.6613888888889,13.333333333333334,20.0,49.16452309686941,0.0,0.0,1.0,"BNB,ETH,SOL",高杠杆/短线赌徒型，长期单降权
811496,570,2026-07-14 02:16:59,30,0x2057d4f2b6ea957b63371980775b0a5505a438f0,smart_money,P-N,50.0,1.0,1,0,1,,,-4.8614942164904695,-3.640781513410619,368.6613888888889,10.0,10.0,10.31530187116266,-7.450092549148227,0.0,1.0,HYPE,仓位样本不足，暂不影响权重
811497,570,2026-07-14 02:16:59,30,0x2113bba1e701ebfef804e108727c79a81e7eca4a,smart_money,P-N,50.0,1.0,1,0,1,,,23.242828183549356,23.242828183549356,368.6613888888889,16.0,16.0,28.57730818846366,0.0,0.0,1.0,BTC,仓位样本不足，暂不影响权重
812449,570,2026-07-14 02:16:59,30,0x21735e9daea7d836536d346ee280789d912082f9,smart_money,P-N,50.0,1.0,2,1,1,1.0,14.969735652444621,-0.2664890073284397,7.3516233225580905,134.33138888888888,10.0,10.0,14.427837182899822,-1.6655562958027954,0.0,1.0,PUMP,仓位样本不足，暂不影响权重
811498,570,2026-07-14 02:16:59,30,0x2175ce7c56baa22874eeb021c1270e6198059cda,smart_money,P-C,29.520789933281705,0.75,4,0,4,,,0.4641258376929489,0.7500950100010417,368.6613888888889,5.25,10.0,25.359139552151053,-15.984805016304728,0.5,0.25,"ETHFI,JUP,MEGA,XPL",仓位收益偏弱，降权参考
811499,570,2026-07-14 02:16:59,30,0x218a65e21eddeece7a9df38c6bbdd89f692b7da2,money_printer,P-B,100.0,1.0,3,1,2,1.0,10.592552285870175,5.42755430966538,7.149220301733645,143.83185185185184,9.333333333333334,10.0,12.839544000355657,-0.4650293488478839,0.0,0.6666666666666666,"ETH,BTC",仓位表现普通有效
812413,570,2026-07-14 02:16:59,30,0x219a2f5338f3ad74965a03c491e42963b69acc8d,smart_money,P-N,50.0,1.0,2,1,1,0.0,-5.968657435104265,3.622431208638103,-1.173113113233081,53.66777777777777,3.0,3.0,2.5208986415882952,-6.091480529484097,1.0,0.0,"MON,HYPE",仓位样本不足，暂不影响权重
811500,570,2026-07-14 02:16:59,30,0x21ca98106c69bff036a194648ba30388ccbe811d,smart_money,P-C,86.23650267993449,0.75,5,2,3,1.0,4.736507322033323,-14.618669350876962,-6.876598681712847,274.9966666666666,5.6,10.0,3.3769113591474906,-16.421408499630978,0.2,0.2,"NEAR,TAO,VVV,ZEC,HYPE",仓位收益偏弱，降权参考
811501,570,2026-07-14 02:16:59,30,0x21eaaee21905a7b9fbbb093caba2ee27fc1e9352,smart_money,P-N,50.0,1.0,2,0,2,,,-9.758828379650122,-9.758828379650122,368.6613888888889,1.0,1.0,0.0,-19.243421682680207,1.0,0.0,"BTC,ETH",仓位样本不足，暂不影响权重
811502,570,2026-07-14 02:16:59,30,0x2204e04834e84ff4bfc53fc769e3ae1dcef47e85,money_printer,P-N,50.0,1.0,1,0,1,,,-89.85430021155099,-89.85430021155099,368.6613888888889,1.0,1.0,0.0,-90.1984398397575,1.0,0.0,XPL,仓位样本不足，暂不影响权重
812465,570,2026-07-14 02:16:59,30,0x221284041f07f1e9af30beadbd08bb14f5e5838c,smart_money,P-R,25.0,-0.8,5,3,2,0.3333333333333333,-2.9726628015190855,-1.557298775503868,-2.4065171911129983,12.130333333333335,2.0,2.0,0.8743236784692769,-3.6055677691186068,1.0,0.0,"HYPE,NEAR,ZEC,SOL",仓位真实收益偏反向，可作为反向参考
812504,570,2026-07-14 02:16:59,30,0x223537ac9a856c31f4043e86ced86bb29f06653e,smart_money,P-B,75.13243438657922,1.0,2908,2893,15,0.5288627722087799,0.05668201701427681,-0.014810337210124914,0.05602016598231726,1.7982769753935475,3.0,3.0,0.3879707038240796,-0.3334634445756303,1.0,0.0,"WLD,ENA,BNB,CRV,kPEPE",仓位表现普通有效
812436,570,2026-07-14 02:16:59,30,0x2306ce07ddca3829cdb1a2a14653dbefc211a9f1,smart_money,P-B,100.0,1.0,3,2,1,1.0,15.885238663587941,1.9120926112587395,11.227523312811542,105.2187962962963,6.0,10.0,15.193350278036457,-8.03028690723167,0.3333333333333333,0.3333333333333333,"CASHCAT,LIT,AAVE",仓位表现普通有效
811503,570,2026-07-14 02:16:59,30,0x2312171890250347dbf1b082bdf7950504909e92,smart_money,P-C,44.14056818541431,0.75,10,5,5,0.4,-0.7597844111040537,1.5946954277345706,0.5702840927071545,85.86402777777779,10.1,20.0,6.332030349350925,-3.0562084930726607,0.2,0.5,"ETH,AAVE,ZEC,ARB,OP",仓位收益偏弱，降权参考
811504,570,2026-07-14 02:16:59,30,0x2322f8e13d25e1c997b060bc5cebc9634f8a895a,smart_money,P-N,50.0,1.0,2,0,2,,,8.960099863424883,8.960099863424887,368.6613888888889,25.0,40.0,25.57073673321264,-9.859349430700076,0.0,1.0,"BTC,HYPE",仓位样本不足，暂不影响权重
811505,570,2026-07-14 02:16:59,30,0x237152b038d88f4156a0cd71090462de7e3f0883,smart_money,P-N,50.0,1.0,1,0,1,,,3.2452691749004803,3.2452691749004807,368.6613888888889,20.0,20.0,6.586716507443898,-2.4128825839028156,0.0,1.0,BTC,仓位样本不足，暂不影响权重
812294,570,2026-07-14 02:16:59,30,0x2385aae82b8ff5ec9e72f122f3462b9a1b9db98a,smart_money,P-G,44.10776397860258,0.65,10,9,1,0.4444444444444444,-0.9076290826986322,-0.7536984696865576,-0.8922360213974248,56.008583333333334,16.5,20.0,3.350566455510139,-2.8891957843467204,0.0,0.9,"BTC,WLD,ETH,LIT,SOL",高杠杆/短线赌徒型，长期单降权
811506,570,2026-07-14 02:16:59,30,0x24246bb3cf79ebd26ab10194ec3694203ad3c891,smart_money,P-G,42.32972613230915,0.65,3,0,3,,,-2.6702738676908524,-2.6702738676908546,368.6613888888889,11.666666666666666,20.0,26.93901127168012,-35.58055319399829,0.0,0.6666666666666666,"ETH,HYPE,TAO",高杠杆/短线赌徒型，长期单降权
811507,570,2026-07-14 02:16:59,30,0x248ee78390f5505d34f36ce2df87d79fbcdb6be2,smart_money,P-N,50.0,1.0,2,1,1,1.0,1.1089207175480422,-2.6934153079598477,1.0203756378424969,227.75152777777777,7.5,10.0,10.169588920554116,-6.630051802324791,0.0,0.5,"HYPE,LIT",仓位样本不足，暂不影响权重
811508,570,2026-07-14 02:16:59,30,0x24a44aef48aeb27c7708dabfccda14b41fbf0ae1,smart_money,P-N,50.0,1.0,2,0,2,,,65.95493802801552,68.83278625373235,368.6613888888889,5.5,10.0,77.53232534563023,0.0,0.5,0.5,"HYPE,LINEA",仓位样本不足，暂不影响权重
811509,570,2026-07-14 02:16:59,30,0x24d02e64d4a2580d570666546ac937adab2b3e08,smart_money,P-C,86.5,0.75,48,4,44,1.0,19.450802634785102,-33.892185410039126,-29.396961936490253,356.4878819444447,6.875,20.0,5.636563791191114,-36.17334055273229,0.3541666666666667,0.375,"LIT,AAVE,AERO,APEX,APT",仓位收益偏弱，降权参考
812485,570,2026-07-14 02:16:59,30,0x24fb6523036ebcb3cc51deff138066dccf6bed0f,smart_money,P-B,72.7573717119476,1.0,24,22,2,0.9090909090909091,0.869350791212294,-0.6482745597686232,0.7427811625672928,11.16980324074074,10.875,16.0,1.240651344677102,-0.6460498460943368,0.0,0.4583333333333333,"ETH,SOL,AVAX,BTC,LIT",仓位表现普通有效
811510,570,2026-07-14 02:16:59,30,0x250a09aafe5c4e63a8c11d1743e19694d79ce113,smart_money,P-A,96.14656271553957,1.15,32,3,29,0.6666666666666666,0.6902757452820714,9.598502558456838,8.114948024436455,348.45994791666675,7.9375,20.0,18.56405457802824,-9.199568029340357,0.25,0.4375,"PAXG,AAVE,AERO,BTC,CHIP",仓位收益稳定，适合加权参考
811511,570,2026-07-14 02:16:59,30,0x25554a80781ee62414c3747e81c3f50157c634b1,smart_money,P-C,86.3529411764706,0.75,34,4,30,1.0,13.957567727998264,-20.49909785085595,-16.21551738435296,352.66197712418307,7.382352941176471,20.0,8.130692572427227,-27.006081259126674,0.29411764705882354,0.38235294117647056,"AAVE,ARB,ASTER,AVAX,BLUR",仓位收益偏弱，降权参考
812242,570,2026-07-14 02:16:59,30,0x25773676902085225ae5751075e4161369334897,money_printer,P-G,45.1461906213562,0.65,400,385,15,0.5012987012987012,0.14599637040455823,0.07120958570974432,0.14619062135619884,14.17486736111111,11.125,20.0,1.3203263557522273,-1.3340739926224754,0.075,0.75,"ETH,BTC,SOL,ZEC,AAVE",高杠杆/短线赌徒型，长期单降权
811512,570,2026-07-14 02:16:59,30,0x258a4b8a8447c61aabf1bef9bb14ee4d69efff03,money_printer,P-A,85.7037788446933,1.15,160,115,45,0.6173913043478261,0.7105388137744648,2.972569591381943,1.3681937701727354,108.90584895833331,4.6,20.0,5.7938753587488225,-4.640794659171386,0.5125,0.1125,"AXS,VINE,0G,AIXBT,ANIME",仓位收益稳定，适合加权参考
812607,570,2026-07-14 02:16:59,30,0x259b9c4cfeadaef8a5b842710a777364988415b3,smart_money,P-R,25.0,-0.8,22,22,0,0.2727272727272727,-1.544270466872043,,-1.544270466872043,26.314381313131317,8.5,22.0,2.107202113737772,-2.739133753598437,0.0,0.4090909090909091,"LIT,SOL,HYPE,BTC,kBONK",仓位真实收益偏反向，可作为反向参考
811513,570,2026-07-14 02:16:59,30,0x25dacd8a27eac9ad6eba5eb88e3b68f707eb1397,smart_money,P-N,50.0,1.0,1,0,1,,,13.003793068876778,13.003793068876776,368.6613888888889,40.0,40.0,19.04986688054896,0.0,0.0,1.0,BTC,仓位样本不足，暂不影响权重
812286,570,2026-07-14 02:16:59,30,0x25e9e31168d7ec59b0bfd54ebde8f3f6b9b1a5ea,smart_money,P-C,25.464738443940412,0.75,6,4,2,0.0,-4.878191490775143,14.793537139027155,1.6749463033853182,65.56708333333333,6.666666666666667,12.0,7.944533534236995,-5.196900422639349,0.3333333333333333,0.3333333333333333,"BTC,LIT,CASHCAT,HYPE,VVV",仓位收益偏弱，降权参考
812330,570,2026-07-14 02:16:59,30,0x25fcb75a422f1eeef23c272f8712d6df16c49c38,smart_money,P-G,47.55139816213622,0.65,12,9,3,0.8888888888888888,4.089343554927792,-2.0624380162384974,2.5513981621362203,93.1497685185185,16.416666666666668,40.0,5.750016354580647,-3.869235170957588,0.3333333333333333,0.6666666666666666,"CASHCAT,BTC,ZEC,ETH,HYPE",高杠杆/短线赌徒型，长期单降权
811514,570,2026-07-14 02:16:59,30,0x2609e5cd96e82dea377f82608474dd913549ab78,smart_money,P-N,50.0,1.0,1,0,1,,,-88.08706544983505,-88.08706544983505,368.6613888888889,1.0,1.0,0.0,-88.49114924419389,1.0,0.0,XPL,仓位样本不足，暂不影响权重
811515,570,2026-07-14 02:16:59,30,0x266b5569ed3017e74dd48059c6db804e016eefcb,smart_money,P-G,47.04999749966995,0.65,10,4,6,0.75,1.9247801694883353,1.492883105789231,2.049997499669952,230.18552777777774,11.0,25.0,14.62671411056661,-6.694328525200328,0.0,0.7,"FARTCOIN,HYPE,JTO,NEAR,TAO",高杠杆/短线赌徒型，长期单降权
811516,570,2026-07-14 02:16:59,30,0x26c93faaf64380f816c7b07a7f1c051fd44210d9,smart_money,P-N,50.0,1.0,1,0,1,,,2.537322746205326,2.537322746205326,368.6613888888889,8.0,8.0,9.310796686582531,-0.6169758045645289,0.0,0.0,BTC,仓位样本不足，暂不影响权重
812697,570,2026-07-14 02:16:59,30,0x27388d079cb5cf1ad50f60ab4c260356449bf92b,smart_money,P-N,50.0,1.0,2,2,0,1.0,15.933945329276494,,15.933945329276494,282.6738888888889,20.0,20.0,25.58379815785906,0.0,0.0,1.0,"BTC,ETH",仓位样本不足，暂不影响权重
812253,570,2026-07-14 02:16:59,30,0x279dbeaae93533a5c4607712b027b04aff62d625,smart_money,P-N,50.0,1.0,1,0,1,,,4.770777572924821,4.770777572924821,332.79527777777776,5.0,5.0,5.792507685377982,-9.334405542496588,0.0,0.0,HYPE,仓位样本不足，暂不影响权重
812609,570,2026-07-14 02:16:59,30,0x27bcf8047c6fda384f8a93a6e5a140b878fab691,money_printer,P-C,59.573617939612156,0.75,5,5,0,0.4,0.7919589481259847,,0.7919589481259847,96.92466666666667,4.4,10.0,7.23705381883056,-5.325463902359955,0.8,0.2,"HYPE,LIT,ZEC",仓位收益偏弱，降权参考
812435,570,2026-07-14 02:16:59,30,0x27c5fdef9a082abd0711c611dbde9d7db9611aae,smart_money,P-B,72.50636368461203,1.0,4,3,1,0.6666666666666666,3.3700327256520333,-2.4719039676246233,1.9095485523328695,54.653055555555554,6.0,11.0,4.244277729898446,-2.625791804953832,0.5,0.25,"HYPE,ETH,BTC",仓位表现普通有效
811517,570,2026-07-14 02:16:59,30,0x27c9fa86c91b84ddfa15de58c482ff662498d65d,money_printer,P-B,77.2410200925039,1.0,319,257,62,0.5836575875486382,0.4610557733140781,1.0445195027337018,0.4840305322063562,72.17768721699757,6.410658307210031,40.0,3.6119860542237174,-3.509392307309064,0.2507836990595611,0.329153605015674,"MET,PUMP,ZEC,CRV,HYPE",仓位表现普通有效
812680,570,2026-07-14 02:16:59,30,0x27d33e77c8e6335089f56e399bf706ae9ad402b9,smart_money,P-R,25.0,-0.8,5,5,0,0.0,-1.055819701274506,,-1.055819701274506,15.454722222222221,2.0,2.0,1.4416225735913766,-1.1984951756611713,1.0,0.0,"BTC,SOL,HYPE",仓位真实收益偏反向，可作为反向参考
811518,570,2026-07-14 02:16:59,30,0x281354062fa932086890a6bbf7dff7d0a67d220f,smart_money,P-G,46.020264753079985,0.65,17,16,1,0.875,1.111916803601854,-3.623518130569429,1.0202647530799862,61.37338235294117,18.41176470588235,40.0,4.755945752261967,-1.9214131773331593,0.058823529411764705,0.7058823529411765,"BTC,ETH,SOL,XPL,HYPE",高杠杆/短线赌徒型，长期单降权
811519,570,2026-07-14 02:16:59,30,0x28233e5edddfc9f71f0cecf58ca98f6a2ca11f43,money_printer,P-B,90.2204700736828,1.0,35,10,25,0.8,4.347067859520479,-0.5305693740413282,0.6816636082699725,255.50400793650786,8.485714285714286,20.0,10.600217697872274,-9.981751563143838,0.11428571428571428,0.45714285714285713,"ZEC,SOL,S,AAVE,ADA",仓位表现普通有效
811520,570,2026-07-14 02:16:59,30,0x28473085ba4aa761eb541914f50a75dd685cd47b,smart_money,P-R,25.0,-0.8,12,7,5,0.14285714285714285,-7.63575972185207,-4.080599302717619,-5.929187685633498,168.79900462962962,4.5,6.0,6.580867812190203,-9.488536456853264,0.25,0.0,"BTC,HYPE,SOL,LIT,ETH",仓位真实收益偏反向，可作为反向参考
811521,570,2026-07-14 02:16:59,30,0x288ed4efc8fbd1e42a06fe083ea942d20c90b336,"money_printer,smart_money",P-C,49.99629710449538,0.75,14,7,7,0.42857142857142855,-2.3896347973854355,4.249833965756413,1.053222659570783,209.00388888888892,14.428571428571429,40.0,11.65544423605853,-12.12106980650286,0.2857142857142857,0.42857142857142855,"BTC,ETH,HBAR,HEMI,PUMP",仓位收益偏弱，降权参考
811522,570,2026-07-14 02:16:59,30,0x298629982613bf36c48d0b31afd2fe7d1b4604dc,money_printer,P-N,50.0,1.0,1,0,1,,,10.845873119032149,10.845873119032149,368.6613888888889,10.0,10.0,22.089186622006697,0.0,0.0,1.0,ETH,仓位样本不足，暂不影响权重
812710,570,2026-07-14 02:16:59,30,0x29b7ddbc6fa8cd273a63cb17826225aeb46ed6a4,smart_money,P-G,46.08590715098789,0.65,4,4,0,0.5,1.0859071509878913,,1.0859071509878913,35.807430555555555,25.0,40.0,2.664173363817443,-2.648959339397026,0.0,1.0,"HYPE,BTC",高杠杆/短线赌徒型，长期单降权
812462,570,2026-07-14 02:16:59,30,0x29c792a175627a15c60f5288e55d1cf7d95f2157,smart_money,P-N,50.0,1.0,2,1,1,1.0,0.8976887060460537,-2.837065030825956,-0.9696881623899511,160.82694444444445,10.0,10.0,5.334397247289381,-5.305771083172352,0.0,1.0,HYPE,仓位样本不足，暂不影响权重
811523,570,2026-07-14 02:16:59,30,0x29eb62882a8bd104a64400a2971d0d6881777043,money_printer,P-S,100.0,1.25,31,1,30,1.0,160.16260162601625,-1.4904082602458282,3.7242049618916586,356.7690860215054,4.741935483870968,5.0,22.564425649703644,-13.946492482472548,0.12903225806451613,0.0,"HMSTR,AAVE,ALGO,ASTER,BTC",仓位收益、持仓周期、杠杆结构适合长期参考
811524,570,2026-07-14 02:16:59,30,0x2a29762f188eacd2217313a62642b1fb24d14d9c,smart_money,P-N,50.0,1.0,1,0,1,,,75.4763718452702,75.47637184527018,368.6613888888889,2.0,2.0,101.46762005904955,0.0,1.0,0.0,HYPE,仓位样本不足，暂不影响权重
812569,570,2026-07-14 02:16:59,30,0x2a304155f0c751217f2bedc1769be8398151eca4,smart_money,P-N,50.0,1.0,2,1,1,1.0,2.059277663454997,5.990622379221831,4.024950021338414,1.9958333333333333,2.0,2.0,4.645124572447364,-4.47258146571344,1.0,0.0,CASHCAT,仓位样本不足，暂不影响权重
811525,570,2026-07-14 02:16:59,30,0x2a4d9f5d63bcd42c737431e0b49d2e01c49caae4,smart_money,P-C,46.020599913279625,0.75,4,0,4,,,28.948810389062025,28.948810389062025,368.6613888888889,6.25,10.0,37.02693083595737,0.0,0.25,0.25,"LINK,POL,SOL,TRB",仓位收益偏弱，降权参考
812310,570,2026-07-14 02:16:59,30,0x2a72b57dea119cc0bac14df798f9e9b8b148267c,smart_money,P-B,66.25707538689964,1.0,1739,1707,32,0.5348564733450498,0.12309989767203705,0.15194633789864648,0.1216146053840026,6.410694045108949,4.507763082231167,10.0,0.8188658852919206,-0.6965695966692991,0.4243818286371478,0.07130534790109258,"ARB,LAYER,MORPHO,MELANIA,ZRO",仓位表现普通有效
811526,570,2026-07-14 02:16:59,30,0x2a767954b55264c1443b3fa634d4adb7d6059a53,smart_money,P-G,46.11316371607065,0.65,96,64,32,0.5625,1.1433157676298817,1.0691849069391677,1.1131637160706511,125.94147280092585,11.239583333333334,40.0,5.8503396380069,-5.314462813891796,0.03125,0.8333333333333334,"DOT,XRP,TRUMP,HYPE,FARTCOIN",高杠杆/短线赌徒型，长期单降权
811527,570,2026-07-14 02:16:59,30,0x2a876325db0cdd43e0f250bc309d45f78e45dcf3,smart_money,P-B,90.79181246047625,1.0,12,2,10,0.5,21.781943903463976,10.224748695261976,12.396779771894822,269.4019907407407,3.5,5.0,20.901189974258557,-13.192311248209679,0.75,0.0,"GOAT,GRIFFAIN,HEMI,LIT,STBL",仓位表现普通有效
811528,570,2026-07-14 02:16:59,30,0x2a934d40944e2b686ee9cdce74a3f67d32cd0347,money_printer,P-G,52.84734227219425,0.65,3,2,1,0.5,2.910560523782453,17.720905769017833,7.847342272194246,183.82712962962964,35.0,40.0,13.287798189366349,-0.3607025764620834,0.0,1.0,"BTC,ETH",高杠杆/短线赌徒型，长期单降权
811529,570,2026-07-14 02:16:59,30,0x2ac4880624dae9e823874d65e43bfeba97fc61b5,smart_money,P-B,100.0,1.0,7,1,6,1.0,16.279122887163094,-0.44384299824452605,0.9771792051595524,322.11480158730154,3.4285714285714284,10.0,16.352752427669888,-6.801073131541797,0.5714285714285714,0.14285714285714285,"BTC,ENA,ETH,MET,WLD",仓位表现普通有效
811530,570,2026-07-14 02:16:59,30,0x2b02efbf4fa4585ae3cc9d81913770e9b12484db,smart_money,P-N,50.0,1.0,2,1,1,0.0,-2.5725678747184935,-10.131814765566274,-6.352191320142383,276.24652777777777,4.0,5.0,2.8704597562447196,-22.86534832727434,0.5,0.0,"ETHFI,STBL",仓位样本不足，暂不影响权重
811531,570,2026-07-14 02:16:59,30,0x2b3349ff0c4cf96f7df87fd5f3d583ee625733f7,smart_money,P-C,55.136023545111854,0.75,10,0,10,,,4.087861409066344,5.068011772555925,368.66138888888884,1.7,2.0,23.95449843886076,-15.405658550091616,1.0,0.0,"AAVE,AVAX,CHIP,ENA,LIT",仓位收益偏弱，降权参考
812853,570,2026-07-14 02:16:59,30,0x2b7b64b593a40a210bc0568522e7d7991ee8c7c0,smart_money,P-N,50.0,1.0,2,2,0,0.0,-3.0947690937750285,,-3.0947690937750285,16.881527777777777,4.0,5.0,0.4736558345718643,-4.109915385993646,0.5,0.0,"ETH,SOL",仓位样本不足，暂不影响权重
811532,570,2026-07-14 02:16:59,30,0x2b9b48bbdd8018396daad50364c467246db30d87,smart_money,P-B,59.09536404461784,1.0,5,2,3,0.5,5.347595575907306,4.590192339613592,5.052832000628824,266.73305555555555,10.0,19.0,15.871268853452852,-11.64422159651873,0.2,0.4,"BTC,ETH,ZEC,MON,XMR",仓位表现普通有效
811533,570,2026-07-14 02:16:59,30,0x2ba90dba46da390ca15d2ac24078d3a81bc85399,smart_money,P-C,91.22495663611772,0.75,4,1,3,1.0,1.8391562294001413,-9.585448928019565,-5.897821638580952,276.49604166666666,3.75,5.0,13.371199471681276,-22.80039277433859,0.5,0.0,"HYPE,PURR,CASHCAT,FARTCOIN",仓位收益偏弱，降权参考
811534,570,2026-07-14 02:16:59,30,0x2bb45f0411f8f7cd264620fb2b22990d373b8ac5,smart_money,P-N,50.0,1.0,1,0,1,,,33.919976275748795,33.919976275748795,368.6613888888889,5.0,5.0,36.595798070123415,0.0,0.0,0.0,WLFI,仓位样本不足，暂不影响权重
811535,570,2026-07-14 02:16:59,30,0x2bd0cbb03af55e337aabb179a7bf092218b8367c,smart_money,P-N,50.0,1.0,1,0,1,,,20.034174250278387,20.034174250278387,368.6613888888889,10.0,10.0,25.591649707534973,0.0,0.0,1.0,BTC,仓位样本不足，暂不影响权重
811536,570,2026-07-14 02:16:59,30,0x2bd6745f4c7f91401611134b61b839ee2ebdb8d8,smart_money,P-C,25.788495571832996,0.75,4,0,4,,,1.0385463206401848,1.3839478292766862,368.6613888888889,7.5,10.0,8.878176258376712,-18.026504949637935,0.0,0.5,"FARTCOIN,HYPE,PUMP,SPX",仓位收益偏弱，降权参考
811537,570,2026-07-14 02:16:59,30,0x2bee414493be72c747edf347d42b198494fb0ba9,smart_money,P-N,50.0,1.0,1,0,1,,,24.548388109666988,24.548388109666988,368.6613888888889,6.0,6.0,29.79213413941939,0.0,0.0,0.0,BTC,仓位样本不足，暂不影响权重
812883,570,2026-07-14 02:16:59,30,0x2c5dc7e67fce4bc252221c46c1cdc7651838b2d8,smart_money,P-N,50.0,1.0,1,1,0,0.0,-16.057119045387477,,-16.057119045387477,2.335277777777778,7.0,7.0,0.0,-16.057119045387477,0.0,0.0,ZEC,仓位样本不足，暂不影响权重
811538,570,2026-07-14 02:16:59,30,0x2c6f7831be3fe15cc7025672f27623a921553725,smart_money,P-N,50.0,1.0,1,0,1,,,24.213072201547966,24.213072201547966,368.6613888888889,6.0,6.0,42.61129161443441,0.0,0.0,0.0,HYPE,仓位样本不足，暂不影响权重
812256,570,2026-07-14 02:16:59,30,0x2ca4927174ba283d8a57f60ef3589844035a2930,smart_money,P-G,44.988525977163825,0.65,4,3,1,0.3333333333333333,-0.09285537969693085,0.7386235450752627,-0.011474022836174984,92.16534722222222,20.0,20.0,1.1053688176521,-1.2286270205461893,0.0,1.0,BTC,高杠杆/短线赌徒型，长期单降权
812801,570,2026-07-14 02:16:59,30,0x2cbf1e236d72633741cc9cd186bca4611b051c50,smart_money,P-N,50.0,1.0,1,1,0,1.0,1.3584540739688,,1.3584540739688,123.67833333333333,1.0,1.0,15.448459357330327,0.0,1.0,0.0,HYPE,仓位样本不足，暂不影响权重
811539,570,2026-07-14 02:16:59,30,0x2cd991f48ba31536a96b772536a1daaaedf150ae,money_printer,P-G,59.27998665255478,0.65,25,2,23,1.0,22.044008720891657,13.898776441673931,14.279986652554783,333.6449222222221,10.8,40.0,32.19801597024468,-15.577485173451059,0.2,0.56,"BTC,AAVE,ATOM,AVAX,CRV",高杠杆/短线赌徒型，长期单降权
812497,570,2026-07-14 02:16:59,30,0x2cef0a7f84e722c77b271862da5fe2387028fa20,smart_money,P-G,44.89607950359636,0.65,19,18,1,0.6666666666666666,-0.16576173473410605,1.0092217935447492,-0.10392049640363998,57.695950292397654,20.263157894736842,40.0,2.123409781995625,-2.715819049808316,0.0,0.8947368421052632,"BTC,SOL,ETH,HYPE,ZEC",高杠杆/短线赌徒型，长期单降权
812526,570,2026-07-14 02:16:59,30,0x2cffce91b4e0c81df18726ff66b31b2b1545e1ad,smart_money,P-G,45.04779678785819,0.65,113,112,1,0.5267857142857143,0.050324187150579534,-0.2093157540179001,0.04779678785819086,3.2624901671583104,20.0,20.0,0.3023281548172462,-0.21724233307898141,0.0,1.0,BTC,高杠杆/短线赌徒型，长期单降权
812498,570,2026-07-14 02:16:59,30,0x2d46792b530edc6951935dd7c8c79141dbcf1d43,smart_money,P-G,45.05744129815251,0.65,122,121,1,0.6033057851239669,0.05712675815514738,0.019691279164710203,0.057441298152514635,3.0218146630236795,20.0,20.0,0.31956878782412873,-0.2408195661637238,0.0,1.0,BTC,高杠杆/短线赌徒型，长期单降权
811540,570,2026-07-14 02:16:59,30,0x2d55a75eef61cf781a278f0d81074c896bdb167c,smart_money,P-B,64.67720015647038,1.0,28,16,12,0.5625,-1.076548729003238,7.404454788893868,2.5581670643812378,188.25617063492066,10.285714285714286,40.0,13.911978081302353,-13.282872923274768,0.17857142857142858,0.4642857142857143,"SOL,BTC,ZEC,TRUMP,BNB",仓位表现普通有效
811541,570,2026-07-14 02:16:59,30,0x2d7ae76a3c51efa830e99a404570157421120d7e,smart_money,P-G,65.0,0.65,3,0,3,,,38.98525490747053,38.98525490747053,368.6613888888889,20.0,20.0,46.14584185904977,0.0,0.0,1.0,"BTC,ETH,SOL",高杠杆/短线赌徒型，长期单降权
812293,570,2026-07-14 02:16:59,30,0x2d891ef03177dd17372c5efecbd80f301d96436b,smart_money,P-B,100.0,1.0,3,2,1,1.0,17.70226024451746,-2.377723123462843,11.008932455190694,150.08916666666667,2.6666666666666665,3.0,17.744624554103606,-1.1076874037082278,1.0,0.0,"BTC,SOL",仓位表现普通有效
812302,570,2026-07-14 02:16:59,30,0x2d99fe0f36c1aebd28a1a2c0e82e8ca13c2ea351,money_printer,P-N,50.0,1.0,1,0,1,,,1.899468129351722,1.8994681293517217,277.5527777777778,2.0,2.0,5.19735972951417,-0.12493863164470217,1.0,0.0,BTC,仓位样本不足，暂不影响权重
811542,570,2026-07-14 02:16:59,30,0x2dacce251f42aa0ebad75ec0cf505e138142a911,smart_money,P-N,50.0,1.0,1,0,1,,,-6.973828647523529,-6.973828647523529,368.6613888888889,2.0,2.0,6.516744746834297,-9.559171970319547,1.0,0.0,ETH,仓位样本不足，暂不影响权重
811543,570,2026-07-14 02:16:59,30,0x2dafcc36215b481c331f05437959c428562064b6,smart_money,P-N,50.0,1.0,2,1,1,0.0,-1.2926136725836879,1.9253359354606254,0.31636113143846867,187.83180555555555,6.5,10.0,1.5199311501175643,-8.731238181663935,0.5,0.5,"HYPE,PURR",仓位样本不足，暂不影响权重
811544,570,2026-07-14 02:16:59,30,0x2dd5b67410355a62fde9fc526f2b08b81413a130,smart_money,P-N,50.0,1.0,1,0,1,,,7.970267507862527,7.970267507862527,368.6613888888889,10.0,10.0,13.219439825045,-3.1875766244380954,0.0,1.0,HYPE,仓位样本不足，暂不影响权重
811545,570,2026-07-14 02:16:59,30,0x2ded914aa5fadadd7d32d678924188586d7c656b,smart_money,P-C,89.18503072828905,0.75,99,10,89,0.7,7.998548082776432,-1.9913910148876182,-0.9074846358554739,314.3532968574639,3.98989898989899,5.0,13.837517523037416,-17.842126351395333,0.5050505050505051,0.0,"HYPER,PYTH,POLYX,MEME,SNX",仓位收益偏弱，降权参考
811546,570,2026-07-14 02:16:59,30,0x2e2e76c5e1d91a78ec41672da4640620d88a1c50,smart_money,P-B,94.10014283856479,1.0,24,21,3,0.9047619047619048,1.2356742511780578,-12.284065546415023,-0.35098478927563653,36.78740740740742,8.791666666666666,40.0,1.5722765022917786,-2.70155684727361,0.08333333333333333,0.16666666666666666,"HYPE,LIT,JUP,AERO,BTC",仓位表现普通有效
811547,570,2026-07-14 02:16:59,30,0x2e30c32738a28833e3d85189c04895c25ee54cb5,smart_money,P-R,25.0,-0.8,5,0,5,,,0.6603347793232326,-0.46307626823488396,368.6613888888889,2.0,2.0,4.071873553602438,-8.95691423477937,1.0,0.0,"BTC,ETH,SOL,XRP,ZEC",仓位真实收益偏反向，可作为反向参考
811548,570,2026-07-14 02:16:59,30,0x2ef1697d832128ae14a19eb08f7074db6336b106,smart_money,P-N,50.0,1.0,2,0,2,,,21.215257101975467,21.215257101975467,368.6613888888889,1.0,1.0,25.1751791439073,-2.8727522650630863,1.0,0.0,"FARTCOIN,HYPE",仓位样本不足，暂不影响权重
812850,570,2026-07-14 02:16:59,30,0x2f01afc9f9437c4fcb8f2e8612c57bf522bcc81d,money_printer,P-N,50.0,1.0,1,1,0,1.0,37.41560599959945,,37.41560599959945,64.33583333333333,25.0,25.0,38.15907449872648,0.0,0.0,1.0,ETH,仓位样本不足，暂不影响权重
811549,570,2026-07-14 02:16:59,30,0x2f7eb45927a2076d52e00463d8015a360a495405,smart_money,P-C,62.265096406169064,0.75,14,9,5,0.2222222222222222,-0.24715713280625953,14.442701605030388,4.838415961201276,135.88833333333335,4.214285714285714,10.0,10.655731176278966,-8.160431862096427,0.5714285714285714,0.07142857142857142,"VINE,LIT,ZRO,HEMI,STBL",仓位收益偏弱，降权参考
811550,570,2026-07-14 02:16:59,30,0x2fcb6898d5a0623de19c3691904927685014c4d8,money_printer,P-A,100.0,1.15,29,2,27,1.0,59.68202497052887,55.762910332858745,56.05354592054588,345.3802969348659,5.137931034482759,10.0,61.03473645297759,-3.415175400782376,0.4482758620689655,0.20689655172413793,"0G,ANIME,AVNT,BCH,BERA",仓位收益稳定，适合加权参考
811551,570,2026-07-14 02:16:59,30,0x2ff2944a3bbf6e79848facaeddb2d986773dfaed,smart_money,P-B,80.20112885146258,1.0,112,30,82,0.5333333333333333,1.9535172428963121,-0.19241145111962762,0.4338977590646304,312.65612103174635,4.125,5.0,15.28427663651743,-17.01611428002613,0.4375,0.0,"IOTA,EIGEN,SNX,AAVE,AERO",仓位表现普通有效
811552,570,2026-07-14 02:16:59,30,0x3005fade4c0df5e1cd187d7062da359416f0eb8e,smart_money,P-G,41.19852596960735,0.65,5,0,5,,,-3.7732999923516672,-3.8014740303926446,327.42794444444445,13.0,25.0,12.432049616535854,-15.21477071049128,0.0,0.6,"ETH,HYPE,PENDLE,SOL,LIT",高杠杆/短线赌徒型，长期单降权
811553,570,2026-07-14 02:16:59,30,0x303de6f3508071e983cd3e68ccb41cae75248466,smart_money,P-N,50.0,1.0,2,0,2,,,10.182330839104067,10.182330839104067,368.6613888888889,15.0,20.0,15.468728839131069,-4.167886535896686,0.0,1.0,"BTC,TRX",仓位样本不足，暂不影响权重
811554,570,2026-07-14 02:16:59,30,0x30530d8c6f6aa5416609992bbe08aac518d8525a,smart_money,P-C,0.02059991327962507,0.75,4,0,4,,,-23.960312212102806,-24.01129303255577,368.6613888888889,8.75,10.0,1.2844640126755198,-32.356069629240025,0.0,0.75,"BTC,DOGE,FARTCOIN,HYPE",仓位收益偏弱，降权参考
811555,570,2026-07-14 02:16:59,30,0x30a712758896b443d447f486737b91b54161e64f,smart_money,P-N,50.0,1.0,1,0,1,,,3.140312406941173,3.140312406941173,368.6613888888889,5.0,5.0,22.62649232518476,-15.414602452692275,0.0,0.0,ETHFI,仓位样本不足，暂不影响权重
811556,570,2026-07-14 02:16:59,30,0x30a7a78ada9aaada13ef7290ce2d18554c9cbd80,smart_money,P-G,43.00402232364346,0.65,3,1,2,1.0,0.28008827024274574,-3.134010649656176,-1.9959776763565353,273.1089814814815,20.0,20.0,2.298431426814899,-6.908722354806874,0.0,1.0,"BTC,XRP,ETH",高杠杆/短线赌徒型，长期单降权
811557,570,2026-07-14 02:16:59,30,0x30bb45af88000014bd7a5e6f7c714a489c4f7cae,smart_money,P-N,50.0,1.0,2,0,2,,,53.4159745095645,53.4159745095645,368.6613888888889,20.0,20.0,57.904530633808115,0.0,0.0,1.0,"ETH,SOL",仓位样本不足，暂不影响权重
812873,570,2026-07-14 02:16:59,30,0x30fabf0754da17f6c8eca338ddd3581eb911fa11,money_printer,P-N,50.0,1.0,1,1,0,1.0,0.29302744940893605,,0.29302744940893605,0.5080555555555556,40.0,40.0,0.29302744940893605,0.0,0.0,1.0,BTC,仓位样本不足，暂不影响权重
811558,570,2026-07-14 02:16:59,30,0x31ca8395cf837de08b24da3f660e77761dfb974b,money_printer,P-G,45.02254557746903,0.65,2151,1976,175,0.5470647773279352,0.01256051468902622,0.31025986725033855,0.022545577469033098,29.960366237925545,20.0,20.0,1.135426467332266,-1.1788807056903057,0.0,1.0,"PUMP,FARTCOIN,TRX,SEI,SNX",高杠杆/短线赌徒型，长期单降权
811559,570,2026-07-14 02:16:59,30,0x31d6b5a70e8ef418311d7cd2c28c7e1c15e84f90,smart_money,P-R,25.0,-0.8,7,0,7,,,-41.99488285849172,-41.99488285849172,368.66138888888884,3.142857142857143,10.0,12.654067073336206,-53.0273063796379,0.8571428571428571,0.14285714285714285,"ADA,ASTER,HYPE,LINK,MNT",仓位真实收益偏反向，可作为反向参考
811560,570,2026-07-14 02:16:59,30,0x31dea2516beee92135b96f464eeec3cf292a13f2,money_printer,P-G,45.06696297004278,0.65,45,38,7,0.6578947368421053,0.2742413090903509,-1.1485099929408291,0.06696297004278322,57.34732716049386,17.977777777777778,20.0,1.8993391484287796,-2.064856898898518,0.06666666666666667,0.8888888888888888,"SOL,ETH,BTC,HYPE,BNB",高杠杆/短线赌徒型，长期单降权
811561,570,2026-07-14 02:16:59,30,0x31f28ff1130fdd38d6180fa326c146fe63ecc52b,smart_money,P-A,100.0,1.15,6,1,5,1.0,10.00054708763821,27.95438659253519,24.962080008385687,330.93708333333336,7.5,10.0,28.574537935541972,-2.5205987092172646,0.0,0.5,"BTC,CRV,FARTCOIN,PUMP,TAO",仓位收益稳定，适合加权参考
811562,570,2026-07-14 02:16:59,30,0x32051a0c36af1449e0eee08146a808115ccc40bb,money_printer,P-B,59.83869869223177,1.0,40,35,5,0.6,0.16538161662615647,0.5415421420502535,0.16934934611588592,46.08267361111112,9.625,10.0,1.3921283715727972,-1.365178861012542,0.0,0.925,"DOGE,ZEC,SUI,PENGU,PUMP",仓位表现普通有效
811563,570,2026-07-14 02:16:59,30,0x321f13fa322c8c446eb0c50f54d0af8cca859714,smart_money,P-N,50.0,1.0,1,0,1,,,75.87535735980072,75.87535735980072,368.6613888888889,10.0,10.0,101.92570259862575,0.0,0.0,1.0,HYPE,仓位样本不足，暂不影响权重
811564,570,2026-07-14 02:16:59,30,0x321f7193eadbacb67eff00f76b975a487e5b1c84,smart_money,P-N,50.0,1.0,2,0,2,,,-0.3170611179878928,-0.05566227899530429,368.6613888888889,10.0,10.0,9.566090543971423,-3.1422530854406783,0.0,1.0,"BTC,ETH",仓位样本不足，暂不影响权重
811565,570,2026-07-14 02:16:59,30,0x324563717b20e19e71c5440aff6c9762ccfc08cc,money_printer,P-N,50.0,1.0,2,0,2,,,28.56547751019439,28.56547751019439,368.6613888888889,20.0,20.0,35.68950628409722,0.0,0.0,1.0,"BTC,ETH",仓位样本不足，暂不影响权重
812663,570,2026-07-14 02:16:59,30,0x32536c98f7fd6b47637452275a2297abcc4ff6ee,smart_money,P-N,50.0,1.0,1,1,0,1.0,21.742046580861814,,21.742046580861814,24.00638888888889,2.0,2.0,23.48753615591271,-0.8014810167409601,1.0,0.0,CASHCAT,仓位样本不足，暂不影响权重
812311,570,2026-07-14 02:16:59,30,0x325edd95bb016c36027ce3b9f7595af7094a9564,money_printer,P-G,45.9231314406754,0.65,5,1,4,0.0,-0.18548238344174503,1.17807226322295,0.9231314406754008,157.98772222222223,18.0,40.0,5.323794038110823,-6.294939476493805,0.0,0.8,"LIT,ETH,BTC,ZEC,HYPE",高杠杆/短线赌徒型，长期单降权
811566,570,2026-07-14 02:16:59,30,0x329c787b163a730bd7900df2beb3ff4fe4670375,smart_money,P-N,50.0,1.0,1,0,1,,,14.323003978536805,14.323003978536802,368.6613888888889,10.0,10.0,17.265845259215723,0.0,0.0,1.0,HYPE,仓位样本不足，暂不影响权重
811567,570,2026-07-14 02:16:59,30,0x32a501193fe8789b2093e03e698e5ca979c9cd92,money_printer,P-C,79.05637963870532,0.75,11,6,5,0.6666666666666666,-4.050691052612135,-0.6658060043633902,-2.5121069397717983,252.994696969697,3.5454545454545454,5.0,24.070431578919223,-32.28530058207736,0.7272727272727273,0.0,"GOAT,HYPE,MON,VVV,XPL",仓位收益偏弱，降权参考
812388,570,2026-07-14 02:16:59,30,0x335f45392f8d87745aaae68f5c192849afd9b60e,money_printer,P-G,44.97520378519182,0.65,28,27,1,0.5555555555555556,-0.01991560421852145,0.19967282525019245,-0.024796214808178167,13.166478174603174,13.0,13.0,0.3994116617515794,-0.4817955606530213,0.0,1.0,BTC,高杠杆/短线赌徒型，长期单降权
812505,570,2026-07-14 02:16:59,30,0x339030695894d065719b8ee501459a467ef1388a,smart_money,P-B,46.76102869040494,1.0,244,243,1,0.5308641975308642,0.021965172022913843,-0.0722834857450349,0.021578907032061587,1.509382969034609,10.147540983606557,20.0,0.2356537001037486,-0.19462767105274076,0.0,0.42213114754098363,ETH,仓位表现普通有效
812854,570,2026-07-14 02:16:59,30,0x33c3b8bcd758f511b350374a63e1f880f40e0282,smart_money,P-N,50.0,1.0,1,1,0,0.0,-45.96660631663648,,-45.96660631663648,58.70722222222222,5.0,5.0,0.0,-45.966606316636486,0.0,0.0,DYDX,仓位样本不足，暂不影响权重
811568,570,2026-07-14 02:16:59,30,0x3440f23a87f1950e7a88cd248fd270e92d1132c5,money_printer,P-G,35.0,0.65,7,1,6,1.0,17.111881492881523,-19.839311870030997,-14.448952185748878,367.8045634920635,18.571428571428573,40.0,14.266715122053293,-30.400191128662605,0.0,0.8571428571428571,"AVAX,BTC,ETH,HYPE,LIT",高杠杆/短线赌徒型，长期单降权
812601,570,2026-07-14 02:16:59,30,0x34827044cbd4b808fc1b189fce9f50e6dafae7c9,smart_money,P-B,58.8993056178449,1.0,1341,1341,0,0.49739000745712153,-0.013434439399698338,,-0.013434439399698338,0.8450901068854052,5.7807606263982105,10.0,0.6530947858599485,-0.5835506259996924,0.3460104399701715,0.29455630126771065,"WLD,VVV,AAVE,GRASS,JTO",仓位表现普通有效
811569,570,2026-07-14 02:16:59,30,0x349bd094209d50280dfaca12779576c748395c15,money_printer,P-B,100.0,1.0,7,1,6,1.0,3.288171872237241,8.784845185029894,7.9996061403452305,341.3811111111111,9.0,20.0,18.943365394753332,-14.337064531122737,0.14285714285714285,0.5714285714285714,"HYPE,PUMP,PURR,SOL,TAO",仓位表现普通有效
811570,570,2026-07-14 02:16:59,30,0x34fb5ec7d4e939161946340ea2a1f29254b893de,money_printer,P-B,57.82967243530432,1.0,627,592,35,0.5422297297297297,-0.09955745263749526,-0.1918182492044871,-0.1030767311818416,20.70634281410594,8.481658692185007,20.0,1.655175201413926,-1.8642061805590215,0.16108452950558214,0.4960127591706539,"ZEC,HYPE,DYDX,kPEPE,SOL",仓位表现普通有效
811571,570,2026-07-14 02:16:59,30,0x350e33a777d510616fbdb483d1de3b50d1edfcfb,money_printer,P-G,47.82685586693589,0.65,18,12,6,0.5,0.6933376504772634,7.125628103989065,2.8268558669358876,123.73729938271605,17.11111111111111,20.0,5.157208107022113,-2.6986885345876694,0.05555555555555555,0.8888888888888888,"ETH,BTC,HYPE,NEAR,VVV",高杠杆/短线赌徒型，长期单降权
812543,570,2026-07-14 02:16:59,30,0x351126a070c9cadef8064ddd7b2d289fc33163aa,smart_money,P-G,45.09286992171314,0.65,46,45,1,0.6444444444444445,0.10273662872715648,-0.35113189391765337,0.09286992171313888,8.01437801932367,20.0,20.0,0.6180089340683911,-0.45612413549953607,0.0,1.0,ETH,高杠杆/短线赌徒型，长期单降权
812490,570,2026-07-14 02:16:59,30,0x352deb23bebae8b4c57d0ae341d9c1951fd8425a,smart_money,P-G,42.38903066379004,0.65,27,26,1,0.5,-2.732677739470981,0.5534491485764993,-2.610969336209963,32.62145061728394,16.25925925925926,40.0,2.9100889024780847,-5.015052472629783,0.1111111111111111,0.7407407407407407,"BTC,ZEC,ARB,PUMP,LIT",高杠杆/短线赌徒型，长期单降权
811572,570,2026-07-14 02:16:59,30,0x353bd2e5da5f01707dfad0dd86907561ac66cc38,smart_money,P-A,100.0,1.15,5,2,3,1.0,25.967519183195826,6.759471836489856,14.268792869658103,134.56561111111108,7.0,10.0,15.072045392272798,-1.4156517875515946,0.0,0.4,"BTC,TAO,HYPE,ETH",仓位收益稳定，适合加权参考
811573,570,2026-07-14 02:16:59,30,0x354bcb431a332079950d2ce3a4698745e0f66425,smart_money,P-N,50.0,1.0,1,0,1,,,-3.086061958414467,-2.21439538719288,368.6613888888889,10.0,10.0,0.5960849415641016,-5.055148470743653,0.0,1.0,PAXG,仓位样本不足，暂不影响权重
811574,570,2026-07-14 02:16:59,30,0x3595098878d3960158b77765f3b595228385d69a,money_printer,P-N,50.0,1.0,2,0,2,,,5.195543029122371,7.693231469844837,368.6613888888889,10.0,10.0,15.199704514054373,-4.738568253246548,0.0,1.0,"AAVE,SUI",仓位样本不足，暂不影响权重
812491,570,2026-07-14 02:16:59,30,0x35af6c00f4be09af7219192cf54edb9892b31428,smart_money,P-G,44.915182872544,0.65,16,15,1,0.6,-0.10528844941991358,0.5293565142842771,-0.08481712745599831,23.041336805555556,10.0,10.0,1.5175988969589975,-1.6173172152103048,0.0,1.0,HYPE,高杠杆/短线赌徒型，长期单降权
812527,570,2026-07-14 02:16:59,30,0x35c5c21decc15b99b9af370b3e97fd8e213bd29d,smart_money,P-G,44.90314348958262,0.65,51,50,1,0.6,-0.09059137752652804,-0.41011315496008793,-0.09685651041738216,6.624700435729848,14.901960784313726,20.0,0.5035183040830921,-1.0874294915983738,0.0,1.0,"HYPE,SOL,ZEC,BTC,ETH",高杠杆/短线赌徒型，长期单降权
811575,570,2026-07-14 02:16:59,30,0x35d1151ef1aab579cbb3109e69fa82f94ff5acb1,money_printer,P-N,50.0,1.0,2,0,2,,,-0.5172802891019082,-0.5172802891019082,368.6613888888889,10.0,10.0,13.806483317466007,-13.28142889855736,0.0,1.0,"FARTCOIN,PUMP",仓位样本不足，暂不影响权重
812467,570,2026-07-14 02:16:59,30,0x36076e4bfad9624d7feba562326fdfa2063ede23,smart_money,P-R,25.0,-0.8,8,7,1,0.2857142857142857,-3.634045001407454,-0.8079192112219195,-3.280779277634262,50.44274305555555,9.5,20.0,3.544835116645621,-4.434353602389659,0.25,0.75,"HYPE,SOL,GRASS,PUMP,ENA",仓位真实收益偏反向，可作为反向参考
812475,570,2026-07-14 02:16:59,30,0x362ad6209a5e904a5569f69884375809c5781d9f,smart_money,P-B,87.7600935964469,1.0,6,4,2,0.75,0.4698029108021011,-0.2217341826885139,0.23929054630522947,122.30398148148147,5.0,5.0,1.4170708847731668,-4.116666523180188,0.0,0.0,"BTC,SOL",仓位表现普通有效
812570,570,2026-07-14 02:16:59,30,0x362c5006ed0a405c35df4a138cb38d891f1a1a20,smart_money,P-G,44.994176356583175,0.65,238,237,1,0.5147679324894515,-0.005662997694670563,0.0008003073180101158,-0.005823643416825156,1.5489974323062554,15.327731092436975,30.0,0.17566505715756023,-0.15206312185549345,0.10084033613445378,0.5882352941176471,BTC,高杠杆/短线赌徒型，长期单降权
811576,570,2026-07-14 02:16:59,30,0x36387781e2564f8ac6d0a79154441f24d4c28cab,smart_money,P-N,50.0,1.0,1,0,1,,,21.107463901472258,21.107463901472258,368.6613888888889,5.0,5.0,31.056678227633068,0.0,0.0,0.0,ETH,仓位样本不足，暂不影响权重
812410,570,2026-07-14 02:16:59,30,0x365e0c115f1ca1adcb42fd21142873493df7f880,smart_money,P-G,45.22882161190712,0.65,170,158,12,0.5886075949367089,0.19496349779744473,0.6084123737468669,0.22882161190712053,26.023156862745108,13.058823529411764,30.0,1.7775303623989855,-1.6686745006734611,0.0,1.0,"NEAR,kPEPE,SUI,ETH,ADA",高杠杆/短线赌徒型，长期单降权
811577,570,2026-07-14 02:16:59,30,0x367b98f500b7db1da1c9b1e7c2338f830823c097,smart_money,P-C,13.771212547196626,0.75,3,0,3,,,-9.855141220218714,-9.855141220218716,315.59472222222223,3.6666666666666665,5.0,1.9293184978866984,-15.558003476099094,0.6666666666666666,0.0,"BTC,ETH,HYPE",仓位收益偏弱，降权参考
812670,570,2026-07-14 02:16:59,30,0x368fa5b8582c72ca0ecfbc8469f1cbc13c7e2162,smart_money,P-G,45.330261364428374,0.65,19,19,0,0.5789473684210527,0.33026136442837417,,0.33026136442837417,6.047733918128656,27.894736842105264,40.0,0.9225710795326056,-0.4449243757676514,0.0,1.0,"BTC,HYPE,ETH,SOL",高杠杆/短线赌徒型，长期单降权
811578,570,2026-07-14 02:16:59,30,0x369daedbefcb30b82154338c8fd613a70c60d251,money_printer,P-B,91.07142857142857,1.0,112,6,106,0.5,13.349061509521439,28.059220860708667,26.771504173269594,346.42062251984174,5.357142857142857,20.0,34.930658452833164,-4.635288104875025,0.44642857142857145,0.19642857142857142,"DYDX,PUMP,REZ,ACE,AIXBT",仓位表现普通有效
811579,570,2026-07-14 02:16:59,30,0x36ac01de9bc76c0d744b38c3e13a0538d55c7568,money_printer,P-C,43.10454588052996,0.75,3,0,3,,,13.201304773600242,13.117341090524178,268.7742592592593,5.333333333333333,10.0,21.68890707521419,-12.924859286358435,0.6666666666666666,0.3333333333333333,"HYPE,PURR,CASHCAT",仓位收益偏弱，降权参考
811580,570,2026-07-14 02:16:59,30,0x36c097864a03c7f0215c0d43165a734152a12e0b,smart_money,P-G,47.43062753999014,0.65,37,26,11,0.8461538461538461,3.734648800628037,-0.8510035237204057,2.4306275399901383,111.7456081081081,18.08108108108108,40.0,6.101266281732804,-3.9142053712459584,0.08108108108108109,0.7567567567567568,"BTC,ETH,HYPE,SOL,CASHCAT",高杠杆/短线赌徒型，长期单降权
811581,570,2026-07-14 02:16:59,30,0x36f5e448c9cf0032551e58919cf4eabefcd742c1,smart_money,P-C,74.1845438986896,0.75,13,6,7,0.6666666666666666,0.1570557072479053,-1.128867617280606,-0.6953935301381073,150.11752136752136,9.0,20.0,5.201590850775204,-9.142408192721852,0.3076923076923077,0.46153846153846156,"LIT,SOL,GRASS,HYPE,XLM",仓位收益偏弱，降权参考
811582,570,2026-07-14 02:16:59,30,0x36fbd89b5aa130b53708a98e729ad726daaf1f86,money_printer,P-G,39.23719580263365,0.65,6,2,4,0.0,-15.107250977151656,3.15766410766839,-5.762804197366346,282.9487962962963,17.5,40.0,11.380165777764196,-20.203338014772743,0.0,0.6666666666666666,"BTC,ETH,HYPE,LIT,ADA",高杠杆/短线赌徒型，长期单降权
811583,570,2026-07-14 02:16:59,30,0x37283486c96d2b9690cb9296292e6e354ceffb4b,smart_money,P-N,50.0,1.0,1,0,1,,,-53.48247799058983,-53.48247799058983,368.6613888888889,1.0,1.0,0.0,-59.07229286587242,1.0,0.0,TRB,仓位样本不足，暂不影响权重
811584,570,2026-07-14 02:16:59,30,0x373753d4a354b34a23d04882a6ee64042f47a189,smart_money,P-G,40.078879617625915,0.65,4,0,4,,,-4.921120382374087,-4.921120382374087,368.6613888888889,17.5,20.0,3.429312299683423,-13.597166216053118,0.0,1.0,"BTC,ETH,LINK,SOL",高杠杆/短线赌徒型，长期单降权
811585,570,2026-07-14 02:16:59,30,0x37c9fe4d36d46a617539ccc67cc9d8f45ddd6a14,smart_money,P-N,50.0,1.0,1,0,1,,,27.54021956078206,27.54021956078206,368.6613888888889,2.0,2.0,32.04959055219797,0.0,1.0,0.0,SOL,仓位样本不足，暂不影响权重
812343,570,2026-07-14 02:16:59,30,0x3895d155b005191686476a39580d43258a518e46,smart_money,P-B,70.39067794461477,1.0,48,45,3,0.6,-0.10172147600730522,1.984579030361126,0.028672305640721794,9.398605324074076,4.458333333333333,10.0,1.508521010628253,-1.1118411460717146,0.4791666666666667,0.08333333333333333,"GRASS,ETHFI,EIGEN,MET,DYDX",仓位表现普通有效
811586,570,2026-07-14 02:16:59,30,0x39085c09de2350f6cad25cb664182791e6d6530a,smart_money,P-N,50.0,1.0,1,0,1,,,33.17878457293204,33.17878457293204,368.6613888888889,10.0,10.0,37.82273417613211,0.0,0.0,1.0,BTC,仓位样本不足，暂不影响权重
811587,570,2026-07-14 02:16:59,30,0x392b3aa013bca178ae7f466e12a879044cec0d92,smart_money,P-C,46.114845837169774,0.75,6,0,6,,,51.86619289719393,51.797421941224265,368.6613888888889,8.333333333333334,20.0,56.31261307579084,0.0,0.0,0.3333333333333333,"JTO,JUP,PUMP,PYTH,SOL",仓位收益偏弱，降权参考
811588,570,2026-07-14 02:16:59,30,0x39475d17bcd20adc540e647dae6781b153fbf3b1,money_printer,P-B,57.2134317557903,1.0,664,628,36,0.5382165605095541,-0.012562012163201637,-0.16063063681530557,-0.0049601254814120995,19.937939257028102,8.308734939759036,20.0,1.7677897846133745,-1.8193709468961932,0.0963855421686747,0.5225903614457831,"FARTCOIN,HYPE,kPEPE,DYDX,PUMP",仓位表现普通有效
811589,570,2026-07-14 02:16:59,30,0x399d7adeecc4f5e83891d3ca03d588155765459d,money_printer,P-N,50.0,1.0,2,0,2,,,50.092841274083554,50.092841274083554,368.6613888888889,15.0,20.0,55.02137362729143,0.0,0.0,1.0,"XRP,kPEPE",仓位样本不足，暂不影响权重
812414,570,2026-07-14 02:16:59,30,0x39a04e90140793ec048323284425cd2ff53480d6,smart_money,P-G,46.85415086875026,0.65,5,4,1,1.0,3.5574871163239044,-4.9591941215443125,1.854150868750261,46.887611111111106,10.0,10.0,4.314918563065543,-2.117373364995447,0.0,1.0,HYPE,高杠杆/短线赌徒型，长期单降权
812384,570,2026-07-14 02:16:59,30,0x39b07015ca813075bbce6f475767d5b4b9d518b0,smart_money,P-R,25.0,-0.8,17,15,2,0.2,-2.0513010190394834,5.330108304263037,-1.1828999221803633,23.1900816993464,9.588235294117647,40.0,3.6426185183267745,-2.3087167230695806,0.11764705882352941,0.4117647058823529,"ZEC,NEAR,JTO,SYRUP,VIRTUAL",仓位真实收益偏反向，可作为反向参考
811590,570,2026-07-14 02:16:59,30,0x39bac00809cae627f52e4a82f95f4f67d5b269bd,money_printer,P-B,66.46253463435697,1.0,213,151,62,0.5099337748344371,-0.02052060504934994,0.5012095605693732,0.15823308529712815,107.30988784559212,8.873239436619718,20.0,4.357038165537501,-4.0779522269787964,0.09389671361502347,0.5774647887323944,"ARB,FARTCOIN,ZEC,WLD,SOL",仓位表现普通有效
811591,570,2026-07-14 02:16:59,30,0x39be8fad61f5fa0cdfa2fc97c30a59833f58705d,smart_money,P-C,75.0,0.75,36,9,27,0.3333333333333333,5.444536972002057,15.26719849548788,12.468107990820767,286.70222222222225,7.416666666666667,20.0,19.65303517117101,-4.220985169922894,0.1111111111111111,0.4166666666666667,"kBONK,CC,ADA,ASTER,ATOM",仓位收益偏弱，降权参考
811592,570,2026-07-14 02:16:59,30,0x3a0d3e46c87ab14986d71aaf55f665a9ff8ad197,smart_money,P-N,50.0,1.0,1,0,1,,,-1.9941624713510562,-1.9941624713510562,368.6613888888889,10.0,10.0,6.772904464338193,-26.973104272365767,0.0,1.0,ZEC,仓位样本不足，暂不影响权重
812243,570,2026-07-14 02:16:59,30,0x3a122449de235a40481689442271c0731b805d69,money_printer,P-G,46.90116938762885,0.65,3,1,2,1.0,4.109466511968464,0.7970208254590372,1.901169387628846,237.12,28.333333333333332,40.0,8.445693094399607,-2.3861241345656112,0.0,0.6666666666666666,"BTC,HYPE",高杠杆/短线赌徒型，长期单降权
811593,570,2026-07-14 02:16:59,30,0x3a316081b54eb22529fa983a9d048e229ab91aba,smart_money,P-N,50.0,1.0,1,0,1,,,16.07189634674673,16.07189634674673,368.6613888888889,20.0,20.0,21.904742713979623,0.0,0.0,1.0,BTC,仓位样本不足，暂不影响权重
811594,570,2026-07-14 02:16:59,30,0x3a35a3f97e9e317cebee6906d9232a9653e73d69,smart_money,P-N,50.0,1.0,1,0,1,,,-1.1765182186234817,-1.1765182186234817,368.6613888888889,5.0,5.0,5.85506072874494,-4.4510121457489875,0.0,0.0,BTC,仓位样本不足，暂不影响权重
811595,570,2026-07-14 02:16:59,30,0x3a94ec43996178f7013988358f58baf18a4cc707,smart_money,P-C,63.68088023484564,0.75,5,3,2,0.3333333333333333,10.324756165178119,-7.395412347149886,3.178923429076061,165.39416666666665,4.6,5.0,12.955681658823488,-7.988531326081495,0.2,0.0,"LIT,PURR,PUMP,ENA",仓位收益偏弱，降权参考
811596,570,2026-07-14 02:16:59,30,0x3aacc9d745031ea9d4348242f227e35c8dfb434f,smart_money,P-C,59.275158189206465,0.75,11,5,6,0.4,-2.0043255613395865,10.006060440762313,2.385161123357563,167.71047979797981,8.727272727272727,20.0,9.385382331087808,-4.12729867212621,0.09090909090909091,0.5454545454545454,"BTC,LIT,TAO,XLM,VVV",仓位收益偏弱，降权参考
812816,570,2026-07-14 02:16:59,30,0x3ab77725ac1ae06aff19d90a33c2a0fe126b7789,smart_money,P-G,44.349195475743585,0.65,3,3,0,0.0,-0.6508045242564179,,-0.6508045242564179,11.715277777777779,17.666666666666668,40.0,0.2285918441991063,-2.675824021284867,0.3333333333333333,0.6666666666666666,"BTC,HYPE,VVV",高杠杆/短线赌徒型，长期单降权
812555,570,2026-07-14 02:16:59,30,0x3ac9b030594c1ef23a3e8fed9f62356b7bf98bf6,smart_money,P-G,44.989844288571426,0.65,278,277,1,0.49097472924187724,-0.010177351572471894,-0.004161391569338459,-0.010155711428575732,1.3225239808153475,14.694244604316546,30.0,0.152872002815893,-0.15075467657552613,0.10071942446043165,0.5755395683453237,BTC,高杠杆/短线赌徒型，长期单降权
811597,570,2026-07-14 02:16:59,30,0x3b3d9656b93d21729e15e0bc3566dd4fd1e5b464,smart_money,P-C,36.4378792138633,0.75,3,0,3,,,26.239191206316722,26.239191206316722,368.6613888888889,8.0,10.0,31.8729348276698,0.0,0.0,0.6666666666666666,"BTC,ETH,XRP",仓位收益偏弱，降权参考
812282,570,2026-07-14 02:16:59,30,0x3b883b85fd41b81ef23b6041248bc6ac0b1c04a7,money_printer,P-G,45.81948968200526,0.65,40,33,7,0.6666666666666666,1.2238367574476097,-1.2749124429345895,0.8194896820052623,72.53241666666663,11.65,30.0,3.8449946781709485,-2.962645011554865,0.05,0.8,"ZEC,ETH,HYPE,TAO,BTC",高杠杆/短线赌徒型，长期单降权
812476,570,2026-07-14 02:16:59,30,0x3bbe8e02f72b10c9698a6e4375b5a19e53fc5b40,smart_money,P-B,95.72542069735337,1.0,42,40,2,0.8,0.9117032108713724,-0.11714689521697683,0.8627103486766892,13.634603174603177,1.0,1.0,1.7327145809883142,-1.0541339479413399,1.0,0.0,"LIT,HYPE,BTC,AAVE,ENA",仓位表现普通有效
812486,570,2026-07-14 02:16:59,30,0x3bcae23e8c380dab4732e9a159c0456f12d866f3,money_printer,P-G,45.019562487489004,0.65,170,166,4,0.5481927710843374,0.02199919683864182,-0.017799487746772577,0.0195624874890043,12.441364379084968,18.576470588235296,40.0,1.486128472506828,-1.5363998907108356,0.03529411764705882,0.8,"ETH,BTC,HYPE,WLD,LIT",高杠杆/短线赌徒型，长期单降权
811598,570,2026-07-14 02:16:59,30,0x3be3a8613dc18554a73773a5bfb8e9819d360dc0,smart_money,P-N,50.0,1.0,1,0,1,,,83.09326803948657,83.09326803948657,368.6613888888889,10.0,10.0,85.24955819740347,0.0,0.0,1.0,ENA,仓位样本不足，暂不影响权重
811599,570,2026-07-14 02:16:59,30,0x3c165893deaaf04ac79f4f959594747b6ef77e92,smart_money,P-C,82.37944558941122,0.75,26,13,13,0.46153846153846156,5.894690935813713,6.862668894617845,6.384086824082289,145.87995726495726,5.423076923076923,10.0,10.946095613753055,-6.180428693037486,0.2692307692307692,0.19230769230769232,"GRAM,AERO,XPL,NEAR,MNT",仓位收益偏弱，降权参考
812379,570,2026-07-14 02:16:59,30,0x3c37dc9b5d4c60d404ec834987c106510d03442f,smart_money,P-A,95.10134110038446,1.15,28,27,1,0.5925925925925926,1.9186577428793614,6.272151218988288,2.074139652740394,123.75979166666664,1.0,1.0,4.200957683735896,-10.297200841626124,1.0,0.0,"TURBO,VINE,kFLOKI,kPEPE,PEOPLE",仓位收益稳定，适合加权参考
811600,570,2026-07-14 02:16:59,30,0x3ca146d2692f61746a28fa926dc9d18086ce37c6,money_printer,P-C,66.28778192565353,0.75,106,45,61,0.4666666666666667,0.38301877071370544,0.36758326696522287,0.4331991389273968,212.15419549266258,7.7075471698113205,20.0,6.600463910495905,-6.539721662261131,0.22641509433962265,0.46226415094339623,"ORDI,kPEPE,FARTCOIN,SUI,kBONK",仓位收益偏弱，降权参考
812406,570,2026-07-14 02:16:59,30,0x3d5f1ad033c4e7c6a6d433d50d694c488dcaebcf,smart_money,P-A,79.81126256784192,1.15,5,4,1,0.75,1.2612994357987,13.531483440989273,2.6607812622408664,180.83722222222224,8.0,10.0,16.71966546839676,-5.394054114177775,0.0,0.6,"VIRTUAL,WLD,kBONK,LIT,HYPE",仓位收益稳定，适合加权参考
811601,570,2026-07-14 02:16:59,30,0x3d89bcea338f35edfaeb313b1c713978c6dceb14,smart_money,P-G,45.87194859824373,0.65,9,4,5,1.0,1.3447705770446259,0.425637456871785,0.8719485982437309,156.29425925925923,10.777777777777779,20.0,3.7606217224863396,-6.011823487099928,0.1111111111111111,0.7777777777777778,"HYPE,ASTER,LIT,ETH,BTC",高杠杆/短线赌徒型，长期单降权
812333,570,2026-07-14 02:16:59,30,0x3da0af89bbb753754cc85af0658aab61cafefe82,smart_money,P-G,50.939210718192854,0.65,7,5,2,1.0,8.304865053484622,0.025074879963438712,5.9392107181928555,96.6415873015873,14.285714285714286,20.0,7.90263498298065,-0.8169254816425495,0.0,1.0,"SOL,BTC,ETH",高杠杆/短线赌徒型，长期单降权
812659,570,2026-07-14 02:16:59,30,0x3daf7f1cfd1c289e9b2fb7abb2efbd39f77455d7,smart_money,P-C,5.148100826699762,0.75,4,4,0,0.0,-5.436249543289931,,-5.436249543289931,12.564722222222223,4.75,10.0,0.043492995933121434,-7.095674769088101,0.75,0.25,"CASHCAT,HYPE",仓位收益偏弱，降权参考
811602,570,2026-07-14 02:16:59,30,0x3dc908374e11623d8eb9f07dfc7a2e5e803a54b0,money_printer,P-C,32.80445584808753,0.75,5,1,4,0.0,-21.578171258397226,13.603566429710973,7.40737790236367,348.4637777777778,8.6,10.0,14.364071984943322,-10.997266218466528,0.2,0.8,"HYPE,LINK,PAXG,VVV,AAVE",仓位收益偏弱，降权参考
811603,570,2026-07-14 02:16:59,30,0x3dd02db82fce1f4ad2daec0694fc7ab81b0d9218,smart_money,P-N,50.0,1.0,1,0,1,,,-88.16389935623086,-88.16389935623087,368.6613888888889,1.0,1.0,0.0,-88.56537696348265,1.0,0.0,XPL,仓位样本不足，暂不影响权重
811604,570,2026-07-14 02:16:59,30,0x3dd462347e7b42b5a3ea15132b677a4978af7a81,smart_money,P-B,82.5288202333582,1.0,12,4,8,0.5,-9.4077696084017,14.462275492943675,6.53517055310764,218.4727777777778,6.25,13.0,15.82744198768134,-5.950627703594826,0.25,0.16666666666666666,"AAVE,BTC,HYPE,LINK,TAO",仓位表现普通有效
811605,570,2026-07-14 02:16:59,30,0x3e02519a47cef3d4464944c4815fad9e5837e767,money_printer,P-B,88.0,1.0,10,2,8,0.5,2.225628560953572,22.023670778301497,16.341804502071657,268.53436111111114,4.3,10.0,24.498204609183237,-6.99114185046876,0.5,0.1,"LIT,PURR,STBL,XMR,ZRO",仓位表现普通有效
812544,570,2026-07-14 02:16:59,30,0x3e051c89cd06e6867ce98c758fcc665d2148e1bb,smart_money,P-G,45.2887778122686,0.65,96,95,1,0.5789473684210527,0.2891543352822655,0.253008125969917,0.28877781226859517,26.196521990740745,13.96875,25.0,2.049544433816253,-1.017288202079316,0.020833333333333332,0.9166666666666666,"HYPE,BTC,ETH,SOL,AAVE",高杠杆/短线赌徒型，长期单降权
812455,570,2026-07-14 02:16:59,30,0x3e252899d87a354e8bfa4bd8b62325549b5714da,smart_money,P-R,25.0,-0.8,5,3,2,0.3333333333333333,-3.1736779068668652,-1.565707663823809,-2.5304898096496427,12.730611111111111,2.4,3.0,0.9319298820517803,-3.6693230071636895,1.0,0.0,"HYPE,NEAR,ZEC,SOL",仓位真实收益偏反向，可作为反向参考
812267,570,2026-07-14 02:16:59,30,0x3e41a8fa0032d635f02201053f1a5aa2a6967c81,smart_money,P-A,100.0,1.15,6,1,5,1.0,52.88597647288527,5.41355376314335,13.325624214767004,216.23976851851856,3.1666666666666665,4.0,22.8128354029968,-1.703935461287612,0.8333333333333334,0.0,"HYPE,BTC,ETH,LIT,ZEC",仓位收益稳定，适合加权参考
811606,570,2026-07-14 02:16:59,30,0x3e781befd071c59d820725f70ce109298f750706,smart_money,P-R,25.0,-0.8,10,0,10,,,-7.238556317027511,-6.942708328344702,368.66138888888884,11.5,40.0,6.6541432419735,-17.01515364828368,0.2,0.5,"ARB,BTC,ENA,ETH,HYPE",仓位真实收益偏反向，可作为反向参考
812709,570,2026-07-14 02:16:59,30,0x3e7a0eca8b624b75034ad820fa291425f21f1589,money_printer,P-G,43.00893982723761,0.65,6,6,0,0.3333333333333333,-1.9910601727623867,,-1.9910601727623867,45.98041666666666,18.333333333333332,20.0,1.2604258738031182,-3.2830564917515623,0.0,1.0,"BTC,HYPE,ETH",高杠杆/短线赌徒型，长期单降权
811607,570,2026-07-14 02:16:59,30,0x3e8734ec146c981e3ed1f6b582d447dde701d90c,smart_money,P-N,50.0,1.0,1,0,1,,,-95.71567219946601,-95.71567219946601,368.6613888888889,3.0,3.0,0.0,-124.70472959773767,1.0,0.0,HYPE,仓位样本不足，暂不影响权重
811608,570,2026-07-14 02:16:59,30,0x3ee505ba316879d246a8fd2b3d7ee63b51b44fab,money_printer,P-G,65.0,0.65,7,0,7,,,24.388762599684338,24.749297215287545,368.66138888888884,10.428571428571429,20.0,36.49591801865912,-7.4931968638907955,0.14285714285714285,0.5714285714285714,"AAVE,ETH,HYPE,LIT,SKY",高杠杆/短线赌徒型，长期单降权
811609,570,2026-07-14 02:16:59,30,0x3f1647d33707830e088e9cb6aa791017a1dfdf84,smart_money,P-N,50.0,1.0,1,0,1,,,9.078313602599826,9.078313602599826,368.6613888888889,20.0,20.0,20.996547121634165,0.0,0.0,1.0,SOL,仓位样本不足，暂不影响权重
811610,570,2026-07-14 02:16:59,30,0x3f1c0f2130158c4ff45acd214fd81b37441a9ab5,smart_money,P-N,50.0,1.0,2,0,2,,,6.311912575593244,6.311912575593244,368.6613888888889,32.5,40.0,15.456216624842266,0.0,0.0,1.0,"BTC,ETH",仓位样本不足，暂不影响权重
812301,570,2026-07-14 02:16:59,30,0x3faf35a220e0d6a3bc3cce4ca54454aba68cfd6a,smart_money,P-C,32.39981295194163,0.75,39,31,8,0.22580645161290322,-0.26291331924674965,1.7572430889722863,0.1428345156730438,64.22654558404555,10.666666666666666,40.0,2.3130521369679924,-2.448513236462384,0.05128205128205128,0.38461538461538464,"ATOM,XLM,NEAR,BTC,ETH",仓位收益偏弱，降权参考
812734,570,2026-07-14 02:16:59,30,0x3fb5da839710949169d716d95800ff6316b3286f,smart_money,P-G,43.70973932798397,0.65,4,4,0,0.5,-1.2902606720160312,,-1.2902606720160312,110.18215277777779,20.0,40.0,4.466331526414302,-2.4283367300483083,0.0,1.0,"HYPE,BTC,SOL",高杠杆/短线赌徒型，长期单降权
811611,570,2026-07-14 02:16:59,30,0x3fc56e944aa7b1594c85861b2d46a07f82a2c0c1,money_printer,P-B,82.26781043315344,1.0,15,10,5,0.6,-1.9502187601366394,20.21584479069663,5.420115587964981,89.03449999999998,8.266666666666667,40.0,9.552212899968664,-3.979338919020148,0.5333333333333333,0.4666666666666667,"PURR,XPL,BTC,HYPE,LINK",仓位表现普通有效
812320,570,2026-07-14 02:16:59,30,0x3fe1303b746bb9c88b30f364a6394261b4692943,money_printer,P-R,25.0,-0.8,17,14,3,0.21428571428571427,-2.2366336120042525,-3.9779442789020893,-2.017471822792106,53.51295751633989,5.529411764705882,10.0,2.9946751085613346,-4.856815599289979,0.4117647058823529,0.11764705882352941,"ZEC,LIT,PUMP,HYPE,WLD",仓位真实收益偏反向，可作为反向参考
812265,570,2026-07-14 02:16:59,30,0x3ff54fd26855db3758d0b5ae7aed47440c47f705,money_printer,P-G,45.27895532348405,0.65,8,7,1,0.7142857142857143,0.2859165683028543,0.7239548656409027,0.2789553234840512,46.082673611111105,13.0,13.0,0.8545952445697944,-0.8659565921539492,0.0,1.0,BTC,高杠杆/短线赌徒型，长期单降权
811612,570,2026-07-14 02:16:59,30,0x404ca2035b37bf2e83505134ebcf8d03babb5f03,money_printer,P-G,55.94519470040962,0.65,16,0,16,,,10.945194700409619,10.94519470040962,368.6613888888888,10.9375,40.0,25.97551343034139,-12.626297704758862,0.0,0.6875,"AAVE,ASTER,AVAX,BCH,BNB",高杠杆/短线赌徒型，长期单降权
811613,570,2026-07-14 02:16:59,30,0x4058fc96c3477729095901ef3f888be60247757b,smart_money,P-N,50.0,1.0,1,0,1,,,13.495487612048166,13.495487612048166,368.6613888888889,5.0,5.0,19.50738957180082,0.0,0.0,0.0,BTC,仓位样本不足，暂不影响权重
812604,570,2026-07-14 02:16:59,30,0x408d807d1dbb778f59a9c088e56d4c27bdd362ac,smart_money,P-G,45.03389199762672,0.65,36,36,0,0.5277777777777778,0.03389199762671888,,0.03389199762671888,3.704328703703704,35.94444444444444,40.0,0.30015731897556813,-0.32963339856498997,0.0,1.0,"BTC,ETH,SOL,HYPE",高杠杆/短线赌徒型，长期单降权
812808,570,2026-07-14 02:16:59,30,0x40c06ddd4f66e9f55ecdc9c742a2073e280ddeae,smart_money,P-N,50.0,1.0,2,2,0,0.0,-1.0822641431003102,,-1.0822641431003102,8.168750000000001,40.0,40.0,0.21218760142810775,-1.0895669668588301,0.0,1.0,BTC,仓位样本不足，暂不影响权重
811614,570,2026-07-14 02:16:59,30,0x40e494cdd7f6ee95449e06a74b767fb93c3623c5,smart_money,P-N,50.0,1.0,2,0,2,,,34.582648926341506,34.582648926341506,368.6613888888889,6.5,10.0,41.42915418781697,0.0,0.5,0.5,"DOGE,MON",仓位样本不足，暂不影响权重
811615,570,2026-07-14 02:16:59,30,0x40ebad3d5648f1e542376c0e7152bd4018c9ce35,smart_money,P-C,32.83686101870228,0.75,3,0,3,,,0.532824235752828,0.5328242357528268,368.6613888888889,4.333333333333333,5.0,22.324065402690678,-27.93141695791041,0.3333333333333333,0.0,"FARTCOIN,HYPE,PURR",仓位收益偏弱，降权参考
812328,570,2026-07-14 02:16:59,30,0x40f6b6909659d3c76413e613fa8a2c5100bca864,smart_money,P-N,50.0,1.0,2,1,1,1.0,2.6225707232055933,-4.837253060221415,-1.1073411685079109,168.27444444444444,7.5,10.0,3.788551329853749,-4.981843152896982,0.0,0.5,HYPE,仓位样本不足，暂不影响权重
811616,570,2026-07-14 02:16:59,30,0x40fb8cab1c759e43bce58efc8fc9e948645488a7,smart_money,P-N,50.0,1.0,1,0,1,,,32.853775716136035,32.853775716136035,368.6613888888889,20.0,20.0,54.71267707954958,0.0,0.0,1.0,ETH,仓位样本不足，暂不影响权重
811617,570,2026-07-14 02:16:59,30,0x4101ce19ee81f24da894976e585f1e79119dbd93,smart_money,P-B,100.0,1.0,14,1,13,1.0,82.0002422209375,28.878209230143934,32.58814867697305,350.8478571428571,9.071428571428571,20.0,39.03949005506401,-1.4794083904889364,0.14285714285714285,0.5714285714285714,"AERO,ASTER,AVAX,BNB,BTC",仓位表现普通有效
812650,570,2026-07-14 02:16:59,30,0x4112f219d4f9ea0890b5eb9b915b15521363fddf,smart_money,P-N,50.0,1.0,2,2,0,0.5,-0.17988695081399042,,-0.17988695081399042,29.001111111111115,7.5,10.0,1.4053106147194971,-1.422153878061304,0.0,0.5,"POL,BTC",仓位样本不足，暂不影响权重
811618,570,2026-07-14 02:16:59,30,0x41206f8efb51e5039e5b46e04e7866a4849f72d2,money_printer,P-N,50.0,1.0,2,0,2,,,38.37498058250115,38.374980582501145,368.6613888888889,32.5,40.0,44.21073226528812,0.0,0.0,1.0,"BTC,ETH",仓位样本不足，暂不影响权重
812247,570,2026-07-14 02:16:59,30,0x413c7a0a3489563350219bc96965a7da02f0fffc,smart_money,P-A,92.10778774216408,1.15,12,8,4,0.75,5.85872610593157,-1.4934892893313996,3.407987640843914,115.5376388888889,6.333333333333333,10.0,11.835200084114058,-3.335595977783965,0.16666666666666666,0.25,"CASHCAT,BTC,LIT,ETH,VIRTUAL",仓位收益稳定，适合加权参考
811619,570,2026-07-14 02:16:59,30,0x41829013ce94b21131b68d5a7b0247bd4eefce96,smart_money,P-G,54.89612618258291,0.65,3,0,3,,,11.804438740035721,9.89612618258291,368.6613888888889,10.0,10.0,29.885260248029667,-0.6853874562225694,0.0,1.0,"BTC,ETH,SOL",高杠杆/短线赌徒型，长期单降权
811620,570,2026-07-14 02:16:59,30,0x418aa6bf98a2b2bc93779f810330d88cde488888,money_printer,P-G,56.14747925020587,0.65,3,0,3,,,11.166066759231649,11.14747925020587,368.6613888888889,23.333333333333332,40.0,16.808354070809916,-1.5056178440075347,0.0,0.6666666666666666,"BNB,BTC,ETH",高杠杆/短线赌徒型，长期单降权
811621,570,2026-07-14 02:16:59,30,0x4196dc4a1dc7d3bfd5434adf04c829f4ccaf480d,money_printer,P-G,35.0,0.65,4,0,4,,,-26.460691157564092,-26.460691157564092,368.6613888888889,11.25,20.0,8.264551946080017,-46.5264168706581,0.0,0.75,"FARTCOIN,HYPE,MON,SOL",高杠杆/短线赌徒型，长期单降权
811622,570,2026-07-14 02:16:59,30,0x4208020376ed59106cbd45434a3919714bc3a722,smart_money,P-G,47.25056943098019,0.65,5,1,4,1.0,1.9625104018719575,0.46506081889157125,2.2505694309801956,257.26255555555554,27.0,40.0,8.865704527979522,-7.672963004991756,0.0,1.0,"BTC,ETH,SOL,HYPE",高杠杆/短线赌徒型，长期单降权
811623,570,2026-07-14 02:16:59,30,0x420ab45e0bd8863569a5efbb9c05d91f40624641,smart_money,P-G,65.0,0.65,3,0,3,,,35.99938269342099,35.99938269342099,368.6613888888889,20.0,20.0,41.430325942080735,0.0,0.0,1.0,"BTC,ETH,SOL",高杠杆/短线赌徒型，长期单降权
811624,570,2026-07-14 02:16:59,30,0x4221ae35dd1c468fea6fa034ffcd6360100f0eaa,smart_money,P-G,47.76878062106213,0.65,3,0,3,,,2.7978588022055066,2.7687806210621253,368.6613888888889,20.0,20.0,11.986490889508119,-2.20079253360885,0.0,1.0,"BTC,ETH,SOL",高杠杆/短线赌徒型，长期单降权
811625,570,2026-07-14 02:16:59,30,0x422f1f07f40f11bac71db4f520dd0ea1ff20f2c4,money_printer,P-C,42.57996905975642,0.75,6,0,6,,,7.232561611293327,7.232561611293324,368.6613888888889,7.666666666666667,20.0,36.72291063734705,-34.02429614389141,0.3333333333333333,0.3333333333333333,"BTC,FARTCOIN,GRIFFAIN,LIT,STBL",仓位收益偏弱，降权参考
812783,570,2026-07-14 02:16:59,30,0x42351635d3e18bebbed4d119da64607d765ae877,smart_money,P-N,50.0,1.0,1,1,0,1.0,0.0012699238248713683,,0.0012699238248713683,41.39388888888889,10.0,10.0,3.3326554476587513,-1.417204738420854,0.0,1.0,ENA,仓位样本不足，暂不影响权重
812632,570,2026-07-14 02:16:59,30,0x427070e33d630b0476bedba5d53db224913eb946,smart_money,P-A,94.64453792936413,1.15,6,6,0,0.8333333333333334,2.7648460460971727,,2.7648460460971727,5.188703703703703,2.0,2.0,3.908775055418008,-1.13059813796268,1.0,0.0,LIT,仓位收益稳定，适合加权参考
811626,570,2026-07-14 02:16:59,30,0x42b6d907f36255d48f70db8b4a2684088a162634,money_printer,P-N,50.0,1.0,1,0,1,,,11.250570305243688,9.222177749619561,368.6613888888889,3.0,3.0,39.42116537171171,0.0,1.0,0.0,ZEC,仓位样本不足，暂不影响权重
811627,570,2026-07-14 02:16:59,30,0x42bc06d636e9a9a93edb1ddf781ee97821a73946,smart_money,P-N,50.0,1.0,1,0,1,,,1.837480559875583,1.8374805598755828,368.6613888888889,10.0,10.0,5.209175738724727,-12.702177293934689,0.0,1.0,HYPE,仓位样本不足，暂不影响权重
811628,570,2026-07-14 02:16:59,30,0x42fd5648cf21c158d15e4f58785760755b3f6623,smart_money,P-B,67.04333450061176,1.0,9,5,4,0.6,2.4862126638037143,-2.271448233099315,0.9171213697759174,90.06731481481481,9.222222222222221,20.0,5.10968042217216,-3.2301247893481193,0.1111111111111111,0.6666666666666666,"ZEC,BTC,HYPE,ETH",仓位表现普通有效
812749,570,2026-07-14 02:16:59,30,0x431e6a452b01124374c0ab913614cb4fbf462958,smart_money,P-C,32.2234300323468,0.75,4,4,0,0.25,-6.148584940466412,,-6.148584940466412,59.18277777777778,3.5,5.0,4.329392299968449,-9.197240400510502,0.75,0.0,"CHIP,2Z,PYTH",仓位收益偏弱，降权参考
812275,570,2026-07-14 02:16:59,30,0x44871d62caaeb8b91777be8aae0e23ee68b4c92d,money_printer,P-G,45.14714305474035,0.65,24,23,1,0.4782608695652174,0.1947793906831115,-0.8414052825323518,0.14714305474034814,15.17778935185185,10.0,10.0,0.48394523105094406,-0.5178433274806377,0.0,1.0,ETH,高杠杆/短线赌徒型，长期单降权
811629,570,2026-07-14 02:16:59,30,0x44a709e254ac9f54bbd37a1d6388da5ddcb57c7a,smart_money,P-B,65.32307032351477,1.0,39,37,2,0.7027027027027027,0.8099232739119485,-1.6782395076966439,0.6823251825474053,38.6911111111111,10.897435897435898,20.0,2.34122372373657,-1.6977161348736645,0.0,0.46153846153846156,"BTC,MORPHO,HBAR,ATOM,TAO",仓位表现普通有效
811630,570,2026-07-14 02:16:59,30,0x44c9c226cdfae773002b3f86d3966af3cd8f277c,money_printer,P-B,90.49157780545724,1.0,36,4,32,0.75,3.5619094323184752,0.2275730200876812,0.49578890272862164,234.01559413580242,5.527777777777778,20.0,13.234902824646158,-8.76143152885431,0.5,0.25,"GMT,JTO,0G,ACE,ADA",仓位表现普通有效
812251,570,2026-07-14 02:16:59,30,0x44f3abaf092be39d7bd6ebcabe4d3cdd3d804c1f,smart_money,P-G,44.264658634037296,0.65,3,2,1,0.5,-0.5705390231331395,-0.9292211956776304,-0.7353413659627005,162.01092592592593,30.0,40.0,4.998555200565762,-4.900065965039816,0.0,1.0,"BTC,HYPE",高杠杆/短线赌徒型，长期单降权
811631,570,2026-07-14 02:16:59,30,0x45246498353a9e3ca808b67567e238865350fc10,smart_money,P-C,54.03089986991944,0.75,8,0,8,,,26.200199552268188,26.200199552268188,368.66138888888884,4.75,5.0,35.78272643048916,0.0,0.125,0.0,"BIO,CFX,COMP,ENS,FET",仓位收益偏弱，降权参考
811632,570,2026-07-14 02:16:59,30,0x4537e1a5b7bcadd39f6d6211cb757ce431798732,smart_money,P-B,63.34193185072239,1.0,15,13,2,0.6923076923076923,0.4317695410275709,-0.2031269139821901,0.3930737326469002,49.15485185185185,9.533333333333333,10.0,1.7153788960555698,-1.8517239660653642,0.06666666666666667,0.9333333333333333,"XRP,MEGA",仓位表现普通有效
812645,570,2026-07-14 02:16:59,30,0x4588595ee0047982cd5ca4a82ab69c3174fbc832,smart_money,P-B,76.2936889728803,1.0,254,254,0,0.547244094488189,-0.006698820646463215,,-0.006698820646463215,1.3884580052493436,3.0,3.0,0.1737368736893416,-0.17102625654793635,1.0,0.0,BTC,仓位表现普通有效
811633,570,2026-07-14 02:16:59,30,0x45974824c1c4e4d797aa8d057a5499b46cdefe33,money_printer,P-G,38.405048430599564,0.65,3,1,2,0.0,-7.124886049204407,-6.329984329498445,-6.594951569400433,245.77425925925925,20.0,40.0,2.499382366544891,-11.021172473831717,0.0,1.0,"HYPE,BTC",高杠杆/短线赌徒型，长期单降权
811634,570,2026-07-14 02:16:59,30,0x45d26f28196d226497130c4bac709d808fed4029,money_printer,P-C,51.81818181818182,0.75,44,0,44,,,56.61198274811179,56.61198274811179,368.6613888888892,7.454545454545454,20.0,62.66096043396303,-5.2683296274431815,0.25,0.4090909090909091,"2Z,APEX,ARB,ASTER,ATOM",仓位收益偏弱，降权参考
812408,570,2026-07-14 02:16:59,30,0x45ffe9ad0793c732578966bae4199b92ffabff5f,smart_money,P-G,45.404158634088276,0.65,36,35,1,0.6,0.4489865374755105,-0.7131881346873425,0.40415863408827696,23.712654320987657,18.083333333333332,40.0,2.7478164144947392,-1.3613038467893612,0.05555555555555555,0.8333333333333334,"BTC,ETH,AAVE,UNI,LIT",高杠杆/短线赌徒型，长期单降权
812571,570,2026-07-14 02:16:59,30,0x4603444ec777fc3e783d157bc871f6bc04baf161,smart_money,P-G,45.324942838102515,0.65,17,16,1,0.6875,0.3258746120208847,0.3100344554086619,0.3249428381025186,23.360522875816997,17.647058823529413,20.0,1.421426387984795,-0.9854031192712492,0.0,1.0,"BTC,ZEC",高杠杆/短线赌徒型，长期单降权
812871,570,2026-07-14 02:16:59,30,0x461a98d8776fd02df0e29f5713dbf9e5278ce676,smart_money,P-N,50.0,1.0,1,1,0,1.0,0.7949272084568862,,0.7949272084568862,25.529166666666665,8.0,8.0,1.682833257945084,-0.8853931078387026,0.0,0.0,BTC,仓位样本不足，暂不影响权重
812348,570,2026-07-14 02:16:59,30,0x461cc78cc9ddd66b0778aea759bdf0866a5ad2f2,smart_money,P-G,43.94357027268157,0.65,4,3,1,0.6666666666666666,-0.09362444728606582,1.4003316808414419,-1.056429727318434,49.27166666666666,10.0,10.0,2.6041813121135533,-5.523195473230599,0.0,1.0,"ZEC,NEAR,HYPE",高杠杆/短线赌徒型，长期单降权
811635,570,2026-07-14 02:16:59,30,0x469e9a7f624b04c24f0e64edf8d8a277e6bf58a5,money_printer,P-G,45.415863493475726,0.65,15,8,7,1.0,2.980000928268358,-2.4663689870125594,0.41586349347572676,108.48405555555556,19.333333333333332,25.0,4.019645788267121,-4.617966595446732,0.0,0.9333333333333333,"BTC,ETH,XRP,SOL,ZEC",高杠杆/短线赌徒型，长期单降权
811636,570,2026-07-14 02:16:59,30,0x470a063ae0e2edb2b8029fd44b702ad7be6585c9,smart_money,P-N,50.0,1.0,1,0,1,,,-6.951867127108331,-6.951867127108331,368.6613888888889,10.0,10.0,0.0,-22.793387533507982,0.0,1.0,HYPE,仓位样本不足，暂不影响权重
811637,570,2026-07-14 02:16:59,30,0x474e2cb1aac71f66d0aa7adb0cd92c919f842fe4,smart_money,P-N,50.0,1.0,1,0,1,,,-157.8896833503575,-157.8896833503575,368.6613888888889,3.0,3.0,0.0,-196.0878447395301,1.0,0.0,HYPE,仓位样本不足，暂不影响权重
811638,570,2026-07-14 02:16:59,30,0x477296b8f5f5525be26e5c0a82eb0dd24da3949f,money_printer,P-A,98.91598852017457,1.15,7,1,6,1.0,22.86535153986888,-3.2542982828496534,1.0182183457302794,324.8290476190476,6.857142857142857,10.0,16.616980805529458,-24.580068565798253,0.14285714285714285,0.42857142857142855,"FARTCOIN,HYPE,LINK,LIT,MON",仓位收益稳定，适合加权参考
811639,570,2026-07-14 02:16:59,30,0x47807d3f6ae34ff6aa1fc8fe4e7b742197c1e125,smart_money,P-C,69.83742341299191,0.75,74,33,41,0.3939393939393939,-0.498904085284835,6.4961169185434215,2.428130215914465,138.8477289789788,6.04054054054054,40.0,10.083530441110945,-5.27911958406614,0.32432432432432434,0.22972972972972974,"WLD,IO,CHIP,ZRO,FET",仓位收益偏弱，降权参考
812866,570,2026-07-14 02:16:59,30,0x47a127f496d001f187ac65fc24852274dc51d080,money_printer,P-N,50.0,1.0,1,1,0,1.0,0.5921469284357131,,0.5921469284357131,15.0,6.0,6.0,2.960734642178594,-0.9214692843571851,0.0,0.0,ETH,仓位样本不足，暂不影响权重
811640,570,2026-07-14 02:16:59,30,0x47f5a6397b79deaaca5c456503e7c1a49357b942,money_printer,P-A,100.0,1.15,57,3,54,1.0,16.054198024485963,12.019024947323862,12.322947900143324,311.4049269005849,6.982456140350878,25.0,19.841492342821446,-7.856317480394757,0.19298245614035087,0.38596491228070173,"APEX,APT,ASTER,ATOM,AVAX",仓位收益稳定，适合加权参考
811641,570,2026-07-14 02:16:59,30,0x4801af178dd07390941931c7e6f82b61a4344a0b,smart_money,P-C,0.43787921386329387,0.75,3,0,3,,,-23.70989734787896,-23.70989734787896,245.77425925925925,7.666666666666667,10.0,0.021065220641200342,-25.424277379980566,0.3333333333333333,0.6666666666666666,"BTC,CHIP,NEAR",仓位收益偏弱，降权参考
812615,570,2026-07-14 02:16:59,30,0x4829f3bbd5508707339547ebefface2b4c86d3b5,smart_money,P-G,44.46229710121532,0.65,35,35,0,0.4,-0.5377028987846791,,-0.5377028987846791,13.635682539682541,24.085714285714285,38.0,0.7967150927981816,-1.411834913839452,0.0,0.9428571428571428,"BTC,HYPE,ETH,SOL,UNI",高杠杆/短线赌徒型，长期单降权
811642,570,2026-07-14 02:16:59,30,0x483e1d004247248d516865b9b9e893d48359ce10,smart_money,P-B,71.14633014802116,1.0,828,698,130,0.502865329512894,-0.05785020389248867,1.0843859639975635,0.05741960386123021,58.82760567632847,4.390096618357488,12.0,3.0331931840569615,-3.2048735863508537,0.4746376811594203,0.008454106280193236,"CELO,TRB,FARTCOIN,SOL,SUI",仓位表现普通有效
811643,570,2026-07-14 02:16:59,30,0x484bc1608211d0604bf70bae72792a56884562f8,smart_money,P-N,50.0,1.0,1,0,1,,,-15.472665329385164,-15.472665329385164,368.6613888888889,5.0,5.0,0.8373929378800884,-17.659014444762846,0.0,0.0,FET,仓位样本不足，暂不影响权重
811644,570,2026-07-14 02:16:59,30,0x487033d8ed8c955098148e87fa66f54b046d5c41,smart_money,P-N,50.0,1.0,2,0,2,,,-4.913644438909329,-4.913644438909329,368.6613888888889,15.0,20.0,2.0763190148384614,-16.61882942506684,0.0,1.0,"BTC,HYPE",仓位样本不足，暂不影响权重
811645,570,2026-07-14 02:16:59,30,0x48cd535b80439fefd6d00f74e5cf9b152adf2671,smart_money,P-R,25.0,-0.8,5,0,5,,,-16.536379840301787,-16.536379840301784,368.6613888888889,5.8,10.0,33.12590511697348,-49.17855436747175,0.6,0.4,"ANIME,JUP,TRB,USUAL,kBONK",仓位真实收益偏反向，可作为反向参考
811646,570,2026-07-14 02:16:59,30,0x48d826da83e69844f2f84b2db50703a933d137a2,money_printer,P-B,92.19826076576712,1.0,11,7,4,0.8571428571428571,4.3706732142653,-2.3205112006670987,1.9376215025469785,102.34656565656566,9.636363636363637,20.0,6.3096858371718945,-6.553761575862358,0.18181818181818182,0.45454545454545453,"LIT,KAITO,BTC,BNB,HYPE",仓位表现普通有效
812572,570,2026-07-14 02:16:59,30,0x48ea62a2cc8391fbbe210e8ee89db573a8ec145f,smart_money,P-G,45.145901549266426,0.65,234,233,1,0.5536480686695279,0.14518831591585482,0.3120849199492725,0.14590154926642498,2.5026638176638163,10.0,10.0,0.504870354298095,-0.2821412739733561,0.0,1.0,"HYPE,kPEPE",高杠杆/短线赌徒型，长期单降权
812325,570,2026-07-14 02:16:59,30,0x48ec0004494081e8332589faf0747d568da79faf,smart_money,P-G,45.08793063626033,0.65,36,34,2,0.5588235294117647,0.1094427797998744,-0.7725181592429718,0.08793063626033447,18.059297839506176,25.0,40.0,1.2552709365396062,-0.9222440970370417,0.0,1.0,"ETH,BTC,HYPE,LINK,CRV",高杠杆/短线赌徒型，长期单降权
811647,570,2026-07-14 02:16:59,30,0x491251909171d4b9b39c5bc5d70515292e21eaf0,smart_money,P-N,50.0,1.0,1,0,1,,,-78.7436233414327,-78.7436233414327,368.6613888888889,3.0,3.0,0.0,-82.19878636762628,1.0,0.0,BLUR,仓位样本不足，暂不影响权重
811648,570,2026-07-14 02:16:59,30,0x4916efbf56bcaea1130b2a631f6f093095f614a2,smart_money,P-N,50.0,1.0,2,0,2,,,14.388169887620744,14.388169887620741,368.6613888888889,6.5,10.0,52.41221809877249,-27.28726691141725,0.5,0.5,"AZTEC,HYPE",仓位样本不足，暂不影响权重
811649,570,2026-07-14 02:16:59,30,0x4926e8a30e82f0e34f723dc4c1394f9c668d21db,smart_money,P-B,100.0,1.0,5,1,4,1.0,9.913564230575679,2.0583199841794695,3.775513563071814,233.25588888888888,9.0,20.0,12.581011058200385,-7.193334316879461,0.0,0.4,"MORPHO,BTC,ZEC,LIT",仓位表现普通有效
812556,570,2026-07-14 02:16:59,30,0x49ba9baa20d355ba042af2be9772d2b2cd892f44,money_printer,P-G,44.90905064091016,0.65,196,195,1,0.5230769230769231,-0.0919909855622674,0.11216780303333787,-0.09094935908984084,2.7629478458049888,20.0,20.0,0.19385608568735566,-0.29475268391163734,0.0,1.0,"BTC,ETH",高杠杆/短线赌徒型，长期单降权
811650,570,2026-07-14 02:16:59,30,0x4a0aee02132a411cfcf79a486f0e2d7c5152e94a,money_printer,P-R,25.0,-0.8,32,0,32,,,-62.648678330377734,-62.648678330377734,368.661388888889,8.71875,20.0,1.7155638145519836,-66.00218782670626,0.25,0.59375,"AAVE,ARB,ASTER,ATOM,AVAX",仓位真实收益偏反向，可作为反向参考
812374,570,2026-07-14 02:16:59,30,0x4a13807147b2a364761e72cd129243ea20f4a4d1,smart_money,P-N,50.0,1.0,1,0,1,,,-0.7214367473278628,-0.7214367473278628,131.00472222222223,10.0,10.0,0.5215302519789131,-3.9199406729110575,0.0,1.0,BTC,仓位样本不足，暂不影响权重
811651,570,2026-07-14 02:16:59,30,0x4a1b3580f7ac72bc54175f05b76092eeb7a266aa,smart_money,P-N,50.0,1.0,1,0,1,,,-12.060657099079494,-12.060657099079494,368.6613888888889,20.0,20.0,0.0,-17.53336374375709,0.0,1.0,SOL,仓位样本不足，暂不影响权重
811652,570,2026-07-14 02:16:59,30,0x4a5ae81bb737662ff67f7b31eb6fe62d15d91441,smart_money,P-A,100.0,1.15,9,7,2,0.5714285714285714,11.279002312665243,5.829662867634877,10.068037991547385,350.77962962962954,3.0,3.0,41.90399141458612,-30.601318816392677,1.0,0.0,"BTC,ETH,ASTER,DOGE,FARTCOIN",仓位收益稳定，适合加权参考
811653,570,2026-07-14 02:16:59,30,0x4a96036fb1529561fa3eeeb2781fad2d4f25500e,money_printer,P-G,49.30961550717442,0.65,24,1,23,1.0,33.71492704826038,2.8850303537596096,4.309615507174419,358.19531249999994,10.791666666666666,40.0,17.417017991150846,-12.236018684862684,0.041666666666666664,0.625,"ASTER,AVAX,BTC,DOT,ETH",高杠杆/短线赌徒型，长期单降权
812494,570,2026-07-14 02:16:59,30,0x4aab8988462923ca3cbaa7e94df0cc523817cd64,money_printer,P-N,50.0,1.0,1,0,1,,,-0.006401997423196038,-0.0064019974231960385,8.991944444444444,2.0,2.0,0.26856290785486375,-0.7976719203450432,1.0,0.0,BTC,仓位样本不足，暂不影响权重
811654,570,2026-07-14 02:16:59,30,0x4aada58e425bb36c8cb39cd4e3ebf8571b76b2b5,smart_money,P-N,50.0,1.0,1,0,1,,,0.21848393232748142,-0.5996767436379224,368.6613888888889,20.0,20.0,3.61119170984456,-4.886354211894882,0.0,1.0,BTC,仓位样本不足，暂不影响权重
811655,570,2026-07-14 02:16:59,30,0x4b1c09fa8322548360a76a3747e32a60a864bc38,money_printer,P-B,64.71869574495808,1.0,37,14,23,0.5714285714285714,0.0785191879505432,0.03715722156491759,0.2782667913979635,233.7850600600599,9.45945945945946,10.0,8.782235189695106,-6.2780025949392435,0.0,0.8918918918918919,"ETH,BTC,BCH,SOL,DOGE",仓位表现普通有效
812845,570,2026-07-14 02:16:59,30,0x4b2de27ef0a189125cf2ca554576fb5307c22f6f,smart_money,P-N,50.0,1.0,2,2,0,0.5,-0.7853621341869609,,-0.7853621341869609,29.041249999999998,25.0,40.0,0.9933098116260481,-3.1545853305247116,0.0,1.0,"HYPE,BTC",仓位样本不足，暂不影响权重
811656,570,2026-07-14 02:16:59,30,0x4bc52d0ab83ed62c91c9a89fc3304e12422a54fb,smart_money,P-N,50.0,1.0,1,0,1,,,5.392685145908881,5.392685145908881,368.6613888888889,10.0,10.0,6.799241555423043,-8.939250388448865,0.0,1.0,HYPE,仓位样本不足，暂不影响权重
811657,570,2026-07-14 02:16:59,30,0x4bd009bd1877ae6e21982d4ba3a32ee527e034df,smart_money,P-N,50.0,1.0,1,0,1,,,42.53829768448006,42.53829768448006,368.6613888888889,20.0,20.0,46.53177861657433,0.0,0.0,1.0,BTC,仓位样本不足，暂不影响权重
812393,570,2026-07-14 02:16:59,30,0x4c46f7295a1fe70d2ad04dfd5fa0e8007b17cba5,smart_money,P-G,44.90412460398474,0.65,18,17,1,0.4117647058823529,-0.1379669826802885,0.6196815772902371,-0.09587539601525932,17.40538580246913,10.277777777777779,20.0,1.0957805832159384,-0.966961325246926,0.0,0.8333333333333334,"BTC,ETH",高杠杆/短线赌徒型，长期单降权
811658,570,2026-07-14 02:16:59,30,0x4c49bfae14f852dfb66574e364438d68fc47fe5c,smart_money,P-G,40.8687901391099,0.65,8,5,3,0.2,-6.487807892046834,0.011527957161564295,-4.131209860890104,193.05753472222221,13.125,20.0,9.89308274551646,-8.434931901931195,0.0,0.875,"BTC,ETH,SOL,FARTCOIN,XLM",高杠杆/短线赌徒型，长期单降权
811659,570,2026-07-14 02:16:59,30,0x4c56bfd325f350bd1af76bf691981fdd8740390a,smart_money,P-B,86.76470588235294,1.0,34,2,32,0.5,3.262184275974355,17.176322773605865,16.438696903911264,327.21328431372547,6.9411764705882355,20.0,24.352039264841178,-8.33203092446124,0.20588235294117646,0.4117647058823529,"BNB,BTC,CC,DOGE,EIGEN",仓位表现普通有效
812430,570,2026-07-14 02:16:59,30,0x4c7a572ad38aed2c1d33fbfeba7bd69a83ec0e30,smart_money,P-N,50.0,1.0,1,0,1,,,1.282230303619024,1.2822303036190241,37.74861111111111,3.0,3.0,11.639206384742453,-17.416961624158382,1.0,0.0,CASHCAT,仓位样本不足，暂不影响权重
811660,570,2026-07-14 02:16:59,30,0x4cb104e79a27275e4a6d1e5d39eecb68bbd78bcd,smart_money,P-N,50.0,1.0,2,0,2,,,44.16157384738763,44.16157384738763,368.6613888888889,3.0,3.0,46.43394495921249,0.0,1.0,0.0,"ASTER,LAYER",仓位样本不足，暂不影响权重
812719,570,2026-07-14 02:16:59,30,0x4d26bc95c771d1d0a5c5e76297c8f53ffe5f6c19,smart_money,P-N,50.0,1.0,1,1,0,1.0,3.08841463697418,,3.08841463697418,144.415,10.0,10.0,10.826232175737587,-0.5534620819594999,0.0,1.0,HYPE,仓位样本不足，暂不影响权重
812441,570,2026-07-14 02:16:59,30,0x4d3980ac9d84fc34adcd025ee2337786846343c4,smart_money,P-G,45.08148677470849,0.65,17,16,1,0.5625,0.1381993835721061,-0.8259149671094451,0.08148677470848543,12.491993464052287,25.941176470588236,31.0,0.6700020547434926,-0.6433309443736226,0.0,1.0,BTC,高杠杆/短线赌徒型，长期单降权
811661,570,2026-07-14 02:16:59,30,0x4deb56a42fc63650b2f0bfb9abe1850e3a091371,smart_money,P-N,50.0,1.0,1,0,1,,,-21.638508760044605,-21.63850876004461,368.6613888888889,20.0,20.0,0.0,-26.51515941092478,0.0,1.0,SOL,仓位样本不足，暂不影响权重
811662,570,2026-07-14 02:16:59,30,0x4e23288cee4960f9f962195c22948e4bc7ae20c3,money_printer,P-G,45.93456863171849,0.65,16,9,7,0.5555555555555556,0.1216182744478162,2.2016335420992634,0.9345686317184879,143.02449652777776,10.875,20.0,5.695032470854674,-4.0427918077405645,0.0,0.75,"HYPE,ETH,ALGO,BTC,NEAR",高杠杆/短线赌徒型，长期单降权
811663,570,2026-07-14 02:16:59,30,0x4e4cdfeb4105c7a458f381373e21a3bc3ad78ece,smart_money,P-G,52.655925681169684,0.65,3,0,3,,,7.6308000487281555,7.655925681169684,368.6613888888889,20.0,20.0,18.195859934205153,0.0,0.0,1.0,"BTC,ETH,SOL",高杠杆/短线赌徒型，长期单降权
811664,570,2026-07-14 02:16:59,30,0x4e7cfe8e3e20284ba246978abaf301c5fb0ccc9c,smart_money,P-G,46.02644007301168,0.65,32,24,8,0.4166666666666667,0.415510648168987,3.225082014999938,1.0264400730116794,90.99667534722224,21.0,40.0,3.2560296488484446,-4.56638989431908,0.125,0.65625,"BTC,XRP,LIT,ENA,CHIP",高杠杆/短线赌徒型，长期单降权
812517,570,2026-07-14 02:16:59,30,0x4ef1c5ae65ab5b37629b7aa523e7e95e7da528e3,smart_money,P-B,74.0320311380967,1.0,529,527,2,0.5142314990512334,0.017783941295528485,-0.016864029249236454,0.0179131022551771,1.3938048729258556,3.0,3.0,0.24776963666293783,-0.1645892510030187,1.0,0.0,"SOL,XRP",仓位表现普通有效
811665,570,2026-07-14 02:16:59,30,0x4f235c15474f984504b0f188755021ae45c2fa65,money_printer,P-B,72.74781985804407,1.0,15,11,4,0.7272727272727273,0.3217463483979567,3.1288473974875908,0.20557484586483493,98.3097037037037,9.2,10.0,2.9588199791410075,-3.65135473586288,0.06666666666666667,0.8666666666666667,"UNI,DOGE,MON,POPCAT",仓位表现普通有效
811666,570,2026-07-14 02:16:59,30,0x4f24303e0af2e4a94abcd516a3c80d38262bde6a,money_printer,P-A,79.95057193788926,1.15,9,8,1,0.75,3.2601279686617852,7.759297704085114,4.009628977303567,57.73703703703705,7.777777777777778,10.0,6.918145112726671,-0.971743675091487,0.0,0.5555555555555556,"SOL,LIT,HYPE,ZRO,XPL",仓位收益稳定，适合加权参考
811667,570,2026-07-14 02:16:59,30,0x4f67680ed589c995177481778d48a754703b5b79,smart_money,P-B,70.2418544063822,1.0,279,226,53,0.5132743362831859,0.004870828845328536,4.659105439813003,0.7692286590860457,55.44095579450423,4.974910394265233,20.0,3.898866958359954,-3.7703197435016866,0.46953405017921146,0.16129032258064516,"PNUT,PENDLE,VINE,MERL,FARTCOIN",仓位表现普通有效
811668,570,2026-07-14 02:16:59,30,0x4f7634c03ec4e87e14725c84913ade523c6fad5a,money_printer,P-C,21.02968209981439,0.75,3,0,3,,,1.2959014429755513,1.2959014429755509,272.77009259259256,8.333333333333334,10.0,11.144242592805758,-10.41515060379669,0.0,0.6666666666666666,"HYPE,NEAR,LIT",仓位收益偏弱，降权参考
811669,570,2026-07-14 02:16:59,30,0x4f9b096385c4e66ce3dec9a17e150795b9a02e3f,money_printer,P-N,50.0,1.0,1,0,1,,,78.64703917761537,78.64703917761537,368.6613888888889,10.0,10.0,105.1079209994509,0.0,0.0,1.0,HYPE,仓位样本不足，暂不影响权重
812419,570,2026-07-14 02:16:59,30,0x4fa931c594203579bee714eed85406a1f159e2ce,smart_money,P-N,50.0,1.0,2,1,1,1.0,2.4824790155651533,-6.76625425411232,-2.1418876192735836,90.45263888888888,10.0,10.0,2.008214470475539,-12.089333718495286,0.0,1.0,HYPE,仓位样本不足，暂不影响权重
811670,570,2026-07-14 02:16:59,30,0x4faf9534f8f029d03561d245b3b442b1c2e14ee2,smart_money,P-G,47.59076038244611,0.65,12,1,11,0.0,-0.4689751680120719,2.0578614390107597,2.590760382446113,279.53115740740736,13.333333333333334,40.0,12.527845916537665,-5.934043994993604,0.0,0.75,"kPEPE,BTC,ETH,FARTCOIN,HYPE",高杠杆/短线赌徒型，长期单降权
811671,570,2026-07-14 02:16:59,30,0x4fe53e953f1ff4454d144cb6f4fee3f2ca9363fe,smart_money,P-N,50.0,1.0,1,0,1,,,-0.7139890896049298,6.649295251709885,368.6613888888889,10.0,10.0,15.14969022759016,-3.154946048452327,0.0,1.0,HYPE,仓位样本不足，暂不影响权重
812363,570,2026-07-14 02:16:59,30,0x4fe9e1465d589757e0469b33504d00b91f431055,smart_money,P-G,45.1920495938458,0.65,5,3,2,1.0,2.2292185134831777,2.1933395432254157,0.19204959384580186,83.49533333333333,15.4,25.0,4.380367196179966,-4.356559365200476,0.2,0.8,"BTC,CASHCAT,HYPE,SOL",高杠杆/短线赌徒型，长期单降权
811672,570,2026-07-14 02:16:59,30,0x503ff4d3b508aff1cf4260dbd814505eb6f7b2e9,smart_money,P-N,50.0,1.0,2,1,1,0.0,-6.666042089899606,43.60049072488443,18.467224317492413,187.75722222222223,3.0,4.0,23.76007561279676,-3.333021044949802,0.5,0.0,"BTC,NEAR",仓位样本不足，暂不影响权重
811673,570,2026-07-14 02:16:59,30,0x5049695d6faacffd34f2d24f3f0ff8c64d88f71c,smart_money,P-N,50.0,1.0,1,0,1,,,3.5768462829915824,-4.66666258905182,368.6613888888889,10.0,10.0,3.815160120929005,-18.151863071500074,0.0,1.0,HYPE,仓位样本不足，暂不影响权重
812669,570,2026-07-14 02:16:59,30,0x504f4f997a233873949ab352051ea3ffabd10b7e,smart_money,P-G,45.17843982839324,0.65,20,20,0,0.65,0.17843982839323683,,0.17843982839323683,10.051458333333334,14.25,25.0,1.741533806613954,-0.8974063875622242,0.0,0.95,"HYPE,BTC,LIT",高杠杆/短线赌徒型，长期单降权
811674,570,2026-07-14 02:16:59,30,0x507e0d7cb4cca156d09db13681ed4e5da66b411e,money_printer,P-R,25.0,-0.8,6,2,4,0.0,-0.11518969632944495,-39.22738481306553,-24.853165059575797,246.7738425925926,9.333333333333334,14.0,0.0651337415711165,-35.709212877078045,0.0,0.6666666666666666,"ETH,HYPE,LIT,ZEC,SOL",仓位真实收益偏反向，可作为反向参考
812358,570,2026-07-14 02:16:59,30,0x50a4d39bc020be2c86954eec2670541d300f8168,smart_money,P-C,98.92904689236362,0.75,3,1,2,1.0,0.21499631385400908,-2.0622745725148044,-1.4210828274165028,79.6099074074074,4.333333333333333,5.0,2.3624176301182715,-3.0793392795701635,0.0,0.0,"TAO,SOL,XLM",仓位收益偏弱，降权参考
812420,570,2026-07-14 02:16:59,30,0x50b309f78e774a756a2230e1769729094cac9f20,money_printer,P-G,44.07502466321571,0.65,12,11,1,0.7272727272727273,-0.7969491130500027,-2.035142627762866,-0.9249753367842954,41.4212037037037,21.083333333333332,25.0,0.4463937904828794,-2.4296283266043344,0.0,1.0,"BTC,ETH",高杠杆/短线赌徒型，长期单降权
812573,570,2026-07-14 02:16:59,30,0x50d59f4c2480e107acf32c0d1e9cbe7579b01480,smart_money,P-G,44.96986877552449,0.65,290,289,1,0.44982698961937717,-0.03081052266571215,0.1661859524931888,-0.03013122447550904,1.2712461685823762,14.775862068965518,30.0,0.14967841918837563,-0.14847589839204708,0.11724137931034483,0.5620689655172414,BTC,高杠杆/短线赌徒型，长期单降权
811675,570,2026-07-14 02:16:59,30,0x50e8db5da4198e49197743f8006b318cb6a08b49,smart_money,P-B,79.99783943823438,1.0,463,333,130,0.5405405405405406,0.18097226482535084,1.270973326227146,0.31758179371878625,108.95800875929939,4.699784017278618,12.0,4.936983140278829,-5.406746260669982,0.38876889848812096,0.023758099352051837,"FARTCOIN,SOL,APE,HYPE,VINE",仓位表现普通有效
812655,570,2026-07-14 02:16:59,30,0x5148b1d40d2082a1ba56ebfea2321d97846e44b4,smart_money,P-G,44.85250923383677,0.65,5,5,0,0.6,-0.14749076616322743,,-0.14749076616322743,113.04822222222222,19.0,25.0,4.31857909056556,-6.318216146528132,0.0,1.0,"BTC,ADA",高杠杆/短线赌徒型，长期单降权
812557,570,2026-07-14 02:16:59,30,0x51651b81c895e654e5402a3fc371e3b60b0dfb1e,smart_money,P-G,45.45446055733721,0.65,47,46,1,0.4782608695652174,0.46026101738183633,0.18763939528429155,0.45446055733720775,21.61411938534279,15.382978723404255,40.0,2.8712751808522428,-2.0541345144976355,0.14893617021276595,0.6808510638297872,"BTC,ZEC,NEAR,ETH,LIT",高杠杆/短线赌徒型，长期单降权
812630,570,2026-07-14 02:16:59,30,0x517bb82ad25d90b9d9e0af57682931c44f7ff64c,smart_money,P-G,44.92511934918589,0.65,10,10,0,0.6,-0.07488065081410532,,-0.07488065081410532,9.640527777777779,40.0,40.0,0.635740739819177,-0.6596487048440842,0.0,1.0,BTC,高杠杆/短线赌徒型，长期单降权
812464,570,2026-07-14 02:16:59,30,0x51b97ab1e4381e22dd6cd04d6f67393964fe3bc1,smart_money,P-G,46.632805575758866,0.65,11,10,1,0.3,1.8149063580538516,-0.18820224719100612,1.6328055757588649,39.54550505050505,10.636363636363637,13.0,4.976370352196145,-0.7642622157058135,0.0,0.9090909090909091,"ETH,SOL",高杠杆/短线赌徒型，长期单降权
811676,570,2026-07-14 02:16:59,30,0x51f3a19c1dfd8d7fe670e43ce0f66648789c8b34,smart_money,P-N,50.0,1.0,1,0,1,,,3.5557776229418048,-1.1739913295369142,368.6613888888889,8.0,8.0,3.7941435329495037,-10.729369124891516,0.0,0.0,HYPE,仓位样本不足，暂不影响权重
812437,570,2026-07-14 02:16:59,30,0x52081a6912cfa64968999fbeb31387446a49b207,smart_money,P-G,46.945843601074046,0.65,13,12,1,0.5833333333333334,1.41546896527652,8.310339230644379,1.945843601074048,19.89692307692308,11.0,20.0,5.412093966682739,-2.6072054157111015,0.07692307692307693,0.7692307692307693,"ZEC,ARB,LIT,SOL,CASHCAT",高杠杆/短线赌徒型，长期单降权
811677,570,2026-07-14 02:16:59,30,0x520863bab865050e635207c4ed099eec568f3f47,smart_money,P-C,7.10454588052996,0.75,3,0,3,,,-124.66476394811234,-124.66476394811234,368.6613888888889,6.0,10.0,51.51793595011092,-206.05850387328016,0.3333333333333333,0.3333333333333333,"AVAX,HYPE,S",仓位收益偏弱，降权参考
812673,570,2026-07-14 02:16:59,30,0x523852be2db1a76a0e088ecbff32e849544054e5,smart_money,P-G,44.99566497838146,0.65,36,36,0,0.3611111111111111,-0.004335021618534631,,-0.004335021618534631,5.390979938271607,12.11111111111111,25.0,1.4731921824564815,-1.0148974111399491,0.1111111111111111,0.5555555555555556,"BTC,HYPE,ETH,LDO,ZEC",高杠杆/短线赌徒型，长期单降权
812376,570,2026-07-14 02:16:59,30,0x52516d3ee158365393598028055769354d45a3dd,smart_money,P-B,64.85661658546069,1.0,7,5,2,0.6,2.8415043630092987,0.4699715205287387,2.4171038069447737,28.197579365079367,9.285714285714286,20.0,3.8559252714170102,-1.1645079298695806,0.0,0.5714285714285714,"TAO,SOL,NEAR",仓位表现普通有效
811678,570,2026-07-14 02:16:59,30,0x5272f37ecaa073e5a0ea07618145939e5e6cfcd9,money_printer,P-B,100.0,1.0,4,1,3,1.0,2.777644574597736,15.220006342169592,12.109415900276629,221.79972222222221,3.75,5.0,20.396822457322845,-3.255940040245638,0.5,0.0,"ETH,SOL,CASHCAT,BTC",仓位表现普通有效
812349,570,2026-07-14 02:16:59,30,0x52a1ac3717f8173bd175a4c1923594ed6110142d,smart_money,P-A,89.85787906229105,1.15,7,6,1,0.8333333333333334,0.9229929845045247,2.209335086401202,1.036782664407575,42.937579365079365,8.0,8.0,2.3824177082069165,-0.2842468346367838,0.0,0.0,BTC,仓位收益稳定，适合加权参考
812656,570,2026-07-14 02:16:59,30,0x52e6c32f0eb44f707e9c159052fc5039fc7b7725,smart_money,P-G,45.50338539452204,0.65,23,23,0,0.6521739130434783,0.5033853945220444,,0.5033853945220444,13.341376811594202,19.695652173913043,40.0,1.5642245427830486,-1.283692532356346,0.043478260869565216,0.782608695652174,"BTC,ZEC,HYPE,ETH,MON",高杠杆/短线赌徒型，长期单降权
812450,570,2026-07-14 02:16:59,30,0x5323b92268b4e140ac2133c677e991cd9ad1b23c,smart_money,P-B,78.39308322052959,1.0,139,135,4,0.6814814814814815,0.3438906710305817,0.4372611437857,0.3446897584129462,10.608960831334935,5.0,5.0,0.8736634404522841,-0.6474238570033153,0.0,0.0,"SOL,HYPE,ZEC,BNB",仓位表现普通有效
811679,570,2026-07-14 02:16:59,30,0x535191d6d49922d69cc7829dbb73e48694840db7,smart_money,P-G,35.0,0.65,3,0,3,,,-13.982691935223778,-12.666901738630465,368.6613888888889,15.0,30.0,20.50301990238249,-26.64935437513608,0.0,0.6666666666666666,"ASTER,BTC,HYPE",高杠杆/短线赌徒型，长期单降权
812495,570,2026-07-14 02:16:59,30,0x53b63a30a688beb53b5dc7bd731c661d678c555c,smart_money,P-G,42.96944579196245,0.65,13,12,1,0.3333333333333333,-2.242651972149436,0.5146189613050719,-2.0305542080375507,49.23820512820513,13.846153846153847,20.0,1.7192417645380567,-3.2675004422372877,0.0,1.0,"HYPE,SOL",高杠杆/短线赌徒型，长期单降权
811680,570,2026-07-14 02:16:59,30,0x54069d1a01434813617e09b9426b03971c0ce123,smart_money,P-A,83.58889775064085,1.15,35,24,11,0.6666666666666666,0.16379526532958474,8.198807830064933,2.603972684844246,102.30778571428569,7.485714285714286,25.0,7.602742720703969,-5.584097148171849,0.2571428571428571,0.5142857142857142,"AAVE,HMSTR,MET,ZEC,XPL",仓位收益稳定，适合加权参考
812835,570,2026-07-14 02:16:59,30,0x5410d09be697e57cd7c4ffa83759abed3219e020,smart_money,P-N,50.0,1.0,1,1,0,0.0,-8.773615962436892,,-8.773615962436892,84.33694444444444,5.0,5.0,52.83448145105225,-15.686026670037293,0.0,0.0,DYDX,仓位样本不足，暂不影响权重
811681,570,2026-07-14 02:16:59,30,0x54426307974b659b48e70b1faa44f17aa0e3c4cf,smart_money,P-N,50.0,1.0,1,0,1,,,182.73830854685536,182.73830854685536,368.6613888888889,3.0,3.0,224.61700412112523,0.0,1.0,0.0,HYPE,仓位样本不足，暂不影响权重
812545,570,2026-07-14 02:16:59,30,0x5483dd0f8b7d2544a6ac14ba8659988178fd9f4a,smart_money,P-G,45.09886333538247,0.65,75,74,1,0.6351351351351351,0.106592682788253,-0.41724382580491765,0.09886333538247133,4.915485185185184,20.0,20.0,0.5298154563610722,-0.44474606841973924,0.0,1.0,ETH,高杠杆/短线赌徒型，长期单降权
811682,570,2026-07-14 02:16:59,30,0x54a7240cea67b8c41b7c7f2b485360f37331aef4,smart_money,P-G,48.75178122200669,0.65,11,9,2,0.6666666666666666,1.2912219017735578,16.205482309688172,3.751781222006694,108.14416666666666,21.818181818181817,40.0,6.64145418607965,-1.5088688247218107,0.0,1.0,"ETH,SOL,BTC,ZEC,HYPE",高杠杆/短线赌徒型，长期单降权
811683,570,2026-07-14 02:16:59,30,0x54dbc1fbf6b1cd59807db61109b1d9eb91fd1a04,money_printer,P-N,50.0,1.0,1,0,1,,,-0.1311679804561326,-0.1311679804561326,368.6613888888889,2.0,2.0,15.702894987258997,-2.6337397283032455,1.0,0.0,HYPE,仓位样本不足，暂不影响权重
812528,570,2026-07-14 02:16:59,30,0x54e3f54df4b10ff63f7284733ed735e8e1507c20,smart_money,P-G,44.98589181714726,0.65,282,281,1,0.5124555160142349,-0.013964828121485523,-0.0543908623351277,-0.014108182852739572,1.307309889676911,16.414893617021278,30.0,0.1659047148559644,-0.14739393148474028,0.0,0.7553191489361702,BTC,高杠杆/短线赌徒型，长期单降权
811684,570,2026-07-14 02:16:59,30,0x54fc13e72548503e13eea8b4cfdb4524be39d7d2,smart_money,P-C,45.09901194778671,0.75,4,3,1,0.3333333333333333,0.2440481916401532,9.369927696620936,1.8725393505868766,128.81284722222222,8.25,10.0,8.157779380044442,-3.526965585934695,0.25,0.75,"HYPE,STABLE",仓位收益偏弱，降权参考
811685,570,2026-07-14 02:16:59,30,0x55045b55e00e09b4da8d061d8787cd97b4b0d24d,smart_money,P-C,43.0,0.75,10,0,10,,,44.88219333324233,44.88219333324232,368.66138888888884,9.8,20.0,51.77910626022691,-7.597777719150693,0.1,0.6,"AAVE,CRV,FARTCOIN,HYPE,LAYER",仓位收益偏弱，降权参考
812529,570,2026-07-14 02:16:59,30,0x551946bd7965303493ff47ecd8c7f2ba8d754d0d,smart_money,P-G,45.06116672673771,0.65,145,144,1,0.6041666666666666,0.06430278049062783,-0.12885420723410831,0.061166726737710515,2.542492337164752,20.0,20.0,0.2921428900048585,-0.23364074061854395,0.0,1.0,BTC,高杠杆/短线赌徒型，长期单降权
811686,570,2026-07-14 02:16:59,30,0x5559da6ec434c5723d0ce9c4da7f29e3f8a3d43b,money_printer,P-N,50.0,1.0,2,0,2,,,37.02624209567064,37.02624209567064,368.6613888888889,22.5,25.0,42.929573294326275,0.0,0.0,1.0,"ETH,XRP",仓位样本不足，暂不影响权重
812445,570,2026-07-14 02:16:59,30,0x557a75e1368dc5fa69978ed5fd88bfd7bddfc3a2,smart_money,P-R,25.0,-0.8,5,4,1,0.25,-1.061746961973379,-4.236111111111107,-1.6966197918009243,15.967722222222221,3.0,4.0,1.4668595095487402,-3.130987199232646,0.6,0.0,"SOL,LIT,ONDO",仓位真实收益偏反向，可作为反向参考
811687,570,2026-07-14 02:16:59,30,0x55a8f87e59611f86a31a58b361038f36fbded9ea,smart_money,P-G,52.37740545255669,0.65,3,1,2,1.0,0.974331411667747,10.57894247300116,7.3774054525566894,245.1078703703704,21.666666666666668,25.0,14.401866174028248,-1.8426806492592822,0.0,1.0,"SOL,ETH",高杠杆/短线赌徒型，长期单降权
811688,570,2026-07-14 02:16:59,30,0x560a2edd994f2ba4883cdf8e0d164558d8c803ac,smart_money,P-C,36.4378792138633,0.75,3,2,1,0.0,-0.5558426721372121,63.220869302974336,20.850289092984667,125.49944444444445,7.666666666666667,10.0,22.438191219778236,-0.8350686898325791,0.3333333333333333,0.6666666666666666,"HYPE,MEGA",仓位收益偏弱，降权参考
811689,570,2026-07-14 02:16:59,30,0x562e68a7eb3d74262413030f9f8052306a3cad97,smart_money,P-G,36.213690861153026,0.65,11,4,7,0.25,-2.883969699531285,-11.13742192746561,-8.786309138846974,242.54277777777773,18.636363636363637,40.0,5.6348545636070275,-16.80463840900413,0.0,1.0,"ETH,BNB,BTC,HYPE,LINK",高杠杆/短线赌徒型，长期单降权
811690,570,2026-07-14 02:16:59,30,0x5647249079e257329ecb6f46ed41821d3c69e7de,money_printer,P-A,100.0,1.15,44,19,25,0.8421052631578947,4.988116823306092,6.605344660293742,5.795579684033894,219.59743686868677,7.363636363636363,20.0,11.188525116459315,-10.466898860213593,0.29545454545454547,0.4090909090909091,"VVV,FARTCOIN,ETH,AAVE,AERO",仓位收益稳定，适合加权参考
812385,570,2026-07-14 02:16:59,30,0x56498e5f90c14060499b62b6f459b3e3fb9280c5,money_printer,P-G,46.31621136362592,0.65,4,1,3,1.0,2.10394187023247,0.9372326573611872,1.316211363625916,65.49076388888889,18.75,40.0,7.308673457777045,-2.7704898330034746,0.0,0.75,"LIT,ZEC,XRP,BTC",高杠杆/短线赌徒型，长期单降权
811691,570,2026-07-14 02:16:59,30,0x565a65432ca44a999eb7217815d58594a559ccb2,smart_money,P-R,25.0,-0.8,5,0,5,,,-48.510789283170766,-48.510789283170766,368.6613888888889,7.6,10.0,0.0,-51.68893744718166,0.0,0.4,"ATOM,BTC,DOT,ENA,W",仓位真实收益偏反向，可作为反向参考
812404,570,2026-07-14 02:16:59,30,0x5661a070eb13c7c55ac3210b2447d4bea426cbf5,smart_money,P-G,43.417515564523754,0.65,4,3,1,0.0,-2.053679121617177,-2.4444895537303646,-1.5824844354762448,86.91486111111111,20.0,20.0,0.9461720725813458,-4.080721348898191,0.0,1.0,BTC,高杠杆/短线赌徒型，长期单降权
812626,570,2026-07-14 02:16:59,30,0x5661e424b3b482231b8fc2a59c96dbe157fd70fc,smart_money,P-B,87.81706334820385,1.0,27,27,0,0.7037037037037037,0.6220832236773476,,0.6220832236773476,4.6310390946502045,3.0,3.0,2.45910494798749,-1.1708929194829016,1.0,0.0,"LIT,PUMP,XPL,DYDX,WLD",仓位表现普通有效
811692,570,2026-07-14 02:16:59,30,0x56654885ad39155235336c0ff01b3337693c3882,smart_money,P-N,50.0,1.0,1,0,1,,,27.336165783039196,29.204647458034223,368.6613888888889,10.0,10.0,46.196972264587934,0.0,0.0,1.0,HYPE,仓位样本不足，暂不影响权重
812701,570,2026-07-14 02:16:59,30,0x56811550b50c940db1f8acfc3341e7a6101660eb,smart_money,P-N,50.0,1.0,1,1,0,1.0,0.5526729559748428,,0.5526729559748428,1.0005555555555556,4.0,4.0,0.5526729559748428,0.0,0.0,0.0,BTC,仓位样本不足，暂不影响权重
811693,570,2026-07-14 02:16:59,30,0x5690fd2f011c86c2a6de8fcde2d7d1c5e314abd3,smart_money,P-G,65.0,0.65,8,1,7,1.0,0.42572384559800697,34.65714205522713,30.37821477902349,349.56298611111106,15.625,40.0,40.982889024994144,-3.2647512050645178,0.0,0.75,"BNB,BTC,ETH,HYPE,PAXG",高杠杆/短线赌徒型，长期单降权
811694,570,2026-07-14 02:16:59,30,0x56cd86d6ef24a3f51ce6992b7f1db751b0a0276a,money_printer,P-G,65.0,0.65,3,0,3,,,53.79619556316677,53.79619556316677,368.6613888888889,11.666666666666666,20.0,61.8707862226892,0.0,0.0,0.6666666666666666,"LIT,SOL,XRP",高杠杆/短线赌徒型，长期单降权
812338,570,2026-07-14 02:16:59,30,0x572b4de5be467f6e7210f77940d462b9b8ef3ea5,smart_money,P-B,77.89941639640764,1.0,5,4,1,0.5,-0.27278944246748016,3.3654486524885634,0.45485817652372856,78.90516666666667,3.0,3.0,5.908520667466361,-6.068645699012638,1.0,0.0,"GRASS,VVV,ARB,AERO",仓位表现普通有效
811695,570,2026-07-14 02:16:59,30,0x577586e7460f83ce4f30ded0ea2e44e7579de25d,smart_money,P-C,42.66606585785038,0.75,34,1,33,0.0,-2.1013402386534517,5.160033388810178,5.627150575984011,334.22782679738566,8.411764705882353,20.0,15.198538220283778,-13.128177889696698,0.058823529411764705,0.5294117647058824,"WLFI,AAVE,AERO,AVAX,BCH",仓位收益偏弱，降权参考
812303,570,2026-07-14 02:16:59,30,0x577a00a0ee907ee481791049477a3c1fa1470568,smart_money,P-N,50.0,1.0,2,1,1,0.0,-0.23991087518185822,-1.808313200344123,-0.1482257775620048,176.03083333333336,10.0,10.0,3.314634019495494,-4.282278980852988,0.0,1.0,HYPE,仓位样本不足，暂不影响权重
811696,570,2026-07-14 02:16:59,30,0x57baee0482d81f19eff86257425033af3f875b86,smart_money,P-N,50.0,1.0,1,0,1,,,-88.136523178544,-88.136523178544,368.6613888888889,1.0,1.0,0.0,-88.53892937897392,1.0,0.0,XPL,仓位样本不足，暂不影响权重
812359,570,2026-07-14 02:16:59,30,0x57d8e75f473cd6346495c9b6760a580018e840e6,smart_money,P-B,64.3513128116214,1.0,1435,1397,38,0.5089477451682176,0.007173204938944162,0.05171432430182631,0.0036003075014760357,6.797023615950447,4.54006968641115,10.0,0.7092918052035967,-0.7247504488426716,0.3902439024390244,0.06411149825783972,"TIA,TAO,ADA,TRX,ANIME",仓位表现普通有效
811697,570,2026-07-14 02:16:59,30,0x58120e7628a3d85fbaff5faa84d178eacd213c9b,smart_money,P-A,100.0,1.15,15,1,14,1.0,35.469935302507274,17.870224712654807,19.0435387519783,345.20635185185176,6.066666666666666,20.0,28.744685662666217,-8.013125562876725,0.4666666666666667,0.26666666666666666,"BCH,BTC,ETHFI,FOGO,ME",仓位收益稳定，适合加权参考
812285,570,2026-07-14 02:16:59,30,0x5875d72130981b18692a3d29545e4038f7eb0c38,smart_money,P-G,39.172765390240286,0.65,6,4,2,0.25,-9.020199594556662,-1.031175177843552,-5.827234609759717,125.49986111111112,17.666666666666668,40.0,3.704655674945904,-9.616888939180123,0.3333333333333333,0.6666666666666666,"WLD,BTC,CHIP",高杠杆/短线赌徒型，长期单降权
812558,570,2026-07-14 02:16:59,30,0x588432f54227364caf999a6df88dbf86a90f4772,smart_money,P-C,69.43566501612989,0.75,301,300,1,0.45,-0.031960761399240256,-0.09418665267992442,-0.03216749193505648,1.2181413805832402,3.0,3.0,0.16800065149485477,-0.1538981590675388,1.0,0.0,BTC,仓位收益偏弱，降权参考
812751,570,2026-07-14 02:16:59,30,0x58a049263e0754cb51a63248c34ffe07e8434899,smart_money,P-N,50.0,1.0,1,1,0,0.0,-2.9185929326700046,,-2.9185929326700046,195.8925,20.0,20.0,7.004143138227249,-2.9185929326700046,0.0,1.0,BTC,仓位样本不足，暂不影响权重
811698,570,2026-07-14 02:16:59,30,0x58a722b5f37435cab8957a17fc575bb136e0b48b,smart_money,P-G,51.11762910853199,0.65,3,0,3,,,6.1185548716278175,6.117629108531993,368.6613888888889,13.333333333333334,20.0,20.812095292447605,-1.5661073816334838,0.0,1.0,"BTC,HYPE,WLD",高杠杆/短线赌徒型，长期单降权
811699,570,2026-07-14 02:16:59,30,0x58d143119b3529ed4b291b5e0dc9a30e89d1f6ad,smart_money,P-G,51.45106046478467,0.65,3,0,3,,,6.451060464784663,6.451060464784665,323.6776851851852,12.666666666666666,25.0,21.672225325848988,-18.318476688663214,0.3333333333333333,0.6666666666666666,"ETH,HYPE,GRASS",高杠杆/短线赌徒型，长期单降权
812307,570,2026-07-14 02:16:59,30,0x592838c5d6ffb870c20bf4f13d1089259354d5f9,smart_money,P-B,65.1294515141593,1.0,950,923,27,0.5276273022751896,0.04443274099734689,-0.23957999382466277,0.0346122827111696,7.772707894736847,4.946315789473684,10.0,0.8870226858055872,-0.8311198800161304,0.26105263157894737,0.09368421052631579,"PUMP,LIT,CRV,TIA,kPEPE",仓位表现普通有效
812446,570,2026-07-14 02:16:59,30,0x5986347c1d0133d02d307f08bb1efd44c2eb89d9,smart_money,P-G,45.209212010802304,0.65,19,17,2,0.29411764705882354,0.06409648024454545,1.442694020543231,0.20921201080230178,38.63258771929824,24.736842105263158,40.0,3.0224226126016647,-1.1541391898207292,0.0,1.0,"BTC,SOL,ETH,HYPE,ZEC",高杠杆/短线赌徒型，长期单降权
811700,570,2026-07-14 02:16:59,30,0x5a19bfe9c095c3bd188eca00a690b95200797aba,smart_money,P-B,100.0,1.0,3,1,2,1.0,4.064571088931909,10.941082607441913,7.75802321571636,249.77537037037038,3.3333333333333335,4.0,20.92260861054984,-10.680700907196153,0.6666666666666666,0.0,"PURR,CASHCAT,FARTCOIN",仓位表现普通有效
811701,570,2026-07-14 02:16:59,30,0x5a29ad4553f8d1a7058ba7d6bd97cda39cfcc492,smart_money,P-N,50.0,1.0,1,0,1,,,5.996213239410817,5.996213239410817,368.6613888888889,2.0,2.0,9.426692590368196,-1.3703255053255514,1.0,0.0,BTC,仓位样本不足，暂不影响权重
812684,570,2026-07-14 02:16:59,30,0x5aadb434293b4e1b8fb2e84007e567506fe65a96,smart_money,P-R,25.0,-0.8,6,6,0,0.3333333333333333,-0.708332030855579,,-0.708332030855579,3.5312962962962957,3.0,5.0,0.8643224136431084,-1.2186590547243956,0.8333333333333334,0.0,"ETH,LIT,SOL",仓位真实收益偏反向，可作为反向参考
811702,570,2026-07-14 02:16:59,30,0x5ad96a3986b9d2cfab1d39c68002edd17263f5ef,smart_money,P-A,100.0,1.15,23,1,22,1.0,10.734358211422432,1.5443384652886103,1.937066280028769,334.8055797101448,2.0,2.0,10.692486469317489,-7.328775547630234,1.0,0.0,"AAVE,AVAX,BCH,BNB,BTC",仓位收益稳定，适合加权参考
811703,570,2026-07-14 02:16:59,30,0x5b1c220c5d481ae836a5457778f3175d62e48305,smart_money,P-C,41.020599913279625,0.75,4,0,4,,,24.33752763578711,24.33752763578711,368.6613888888889,7.0,10.0,32.96717833406932,-0.20719228509570015,0.25,0.5,"AXS,HYPE,ME,ZEC",仓位收益偏弱，降权参考
812882,570,2026-07-14 02:16:59,30,0x5b236d19f680ff47e7bf2a9eb88fc5cc03d443a8,smart_money,P-N,50.0,1.0,2,2,0,1.0,1.21965497772099,,1.21965497772099,3.9179166666666667,10.0,10.0,1.3980626984237763,-0.7002198449276356,0.0,1.0,HYPE,仓位样本不足，暂不影响权重
811704,570,2026-07-14 02:16:59,30,0x5b53358eca5790fa4c268ad6813386b3a86549c7,money_printer,P-N,50.0,1.0,1,0,1,,,31.803652968036534,31.803652968036534,368.6613888888889,10.0,10.0,40.501437510569936,0.0,0.0,1.0,ENA,仓位样本不足，暂不影响权重
811705,570,2026-07-14 02:16:59,30,0x5b5d51203a0f9079f8aeb098a6523a13f298c060,money_printer,P-B,100.0,1.0,11,4,7,1.0,17.553705224501922,34.41253969150924,28.282054430779308,285.4527777777778,9.090909090909092,20.0,31.780173972839183,-3.7300447381221047,0.0,0.6363636363636364,"ETH,FARTCOIN,HYPE,PUMP,SOL",仓位表现普通有效
811706,570,2026-07-14 02:16:59,30,0x5b6d236e39a4723a8f79db93cfd1af4d228f9c60,smart_money,P-C,12.521486643699145,0.75,4,1,3,0.0,-20.42732512072862,3.438267757155731,-2.7495566347902396,231.16347222222225,8.75,10.0,7.995537572437877,-10.964383633961521,0.0,0.75,"ZEC,HYPE,LIT",仓位收益偏弱，降权参考
811707,570,2026-07-14 02:16:59,30,0x5bc43f38c2ddcd85857f218674cd384f172c3b0c,money_printer,P-B,73.72277524799642,1.0,22,2,20,0.5,-22.894989745250193,5.561037871368184,3.240183310796273,239.63625,7.863636363636363,20.0,13.789850772077601,-11.243925283797648,0.2727272727272727,0.4090909090909091,"ADA,BNB,DYDX,MEGA,MON",仓位表现普通有效
812847,570,2026-07-14 02:16:59,30,0x5c3f8fdc2c99cd27576f36d13446f33c58e67a24,smart_money,P-N,50.0,1.0,1,1,0,1.0,5.369429364979169,,5.369429364979169,68.97638888888889,4.0,4.0,8.258900391364726,0.0,0.0,0.0,BTC,仓位样本不足，暂不影响权重
811708,570,2026-07-14 02:16:59,30,0x5c5267a02593366f681365ec057e2c5099fa6f88,smart_money,P-C,43.98970004336019,0.75,5,0,5,,,15.088321039624685,15.08832103962468,368.6613888888889,8.2,25.0,45.89457157906978,-24.36593209611166,0.6,0.4,"ETH,FARTCOIN,HYPE,MET,MON",仓位收益偏弱，降权参考
811709,570,2026-07-14 02:16:59,30,0x5cb20485ede692b76ad1f12ee70d089437b99de8,smart_money,P-N,50.0,1.0,2,0,2,,,-16.417129014294755,-16.417129014294755,368.6613888888889,4.0,4.0,23.292569860096748,-51.327921160885836,0.0,0.0,"BNB,HYPE",仓位样本不足，暂不影响权重
811710,570,2026-07-14 02:16:59,30,0x5cd30f546267012ef19704616fc77ed27f790ec2,smart_money,P-N,50.0,1.0,1,0,1,,,-91.1321429554021,-91.1321429554021,368.6613888888889,3.0,3.0,0.0,-91.57440779156464,1.0,0.0,LAYER,仓位样本不足，暂不影响权重
812840,570,2026-07-14 02:16:59,30,0x5cfd4e2c982a66b32120e43b016f29c21cbe9b7b,smart_money,P-N,50.0,1.0,2,2,0,0.0,-1.4749481641561222,,-1.4749481641561222,39.260416666666664,17.5,20.0,1.467193690025899,-1.4841692351416031,0.0,1.0,"BTC,SOL",仓位样本不足，暂不影响权重
811711,570,2026-07-14 02:16:59,30,0x5d8265f9f86d0b354d24ce76146aa7b6054001f8,smart_money,P-C,43.05856599363838,0.75,11,0,11,,,7.367774116482615,7.367774116482615,311.65457070707066,8.181818181818182,20.0,19.25910973639902,-11.461125144936442,0.0,0.45454545454545453,"ASTER,ENA,ETH,LINK,MON",仓位收益偏弱，降权参考
812283,570,2026-07-14 02:16:59,30,0x5d9d19a3e5005225f13780fa10c198f87816670d,smart_money,P-N,50.0,1.0,2,1,1,1.0,1.8444870915158575,5.78537393644768,7.947914926073062,184.13805555555555,3.0,4.0,24.075351338872657,-1.055847865424352,0.5,0.0,"LIT,HYPE",仓位样本不足，暂不影响权重
812290,570,2026-07-14 02:16:59,30,0x5df2fed8188902f86f2074b70fd36ed3a39a1256,smart_money,P-G,42.782387997473485,0.65,3,1,2,1.0,0.3491914314418122,-3.5010137195106754,-2.2176120025265127,180.94287037037034,33.333333333333336,40.0,3.972163525017663,-3.2601132709944824,0.0,1.0,"BTC,SOL",高杠杆/短线赌徒型，长期单降权
811712,570,2026-07-14 02:16:59,30,0x5e0c78f6360514ac1d4ea4ab9a2a232284458e69,smart_money,P-C,77.81913453677568,0.75,9,5,4,1.0,2.0397125141129124,-15.239952574080595,-5.028311945475449,158.58197530864197,14.666666666666666,33.0,1.943908262682268,-12.355905417924992,0.0,0.3333333333333333,"HYPE,BTC,NEAR,ZEC",仓位收益偏弱，降权参考
812383,570,2026-07-14 02:16:59,30,0x5e13d5cedbddd7237f659947ce64bec1294e2607,money_printer,P-C,58.62802981348038,0.75,4,3,1,0.3333333333333333,0.7445337085112548,-2.142268607525398,0.13704828343371558,30.371944444444445,1.75,2.0,5.563807530482936,-0.8939653580938846,1.0,0.0,"GRASS,ENA,BTC",仓位收益偏弱，降权参考
811713,570,2026-07-14 02:16:59,30,0x5e9eadc22514f35af45de3ea4c3c9e56d21435ee,smart_money,P-N,50.0,1.0,1,0,1,,,-5.657459741921724,-5.657459741921724,368.6613888888889,20.0,20.0,7.572918025786711,-8.21098906307396,0.0,1.0,ETH,仓位样本不足，暂不影响权重
812634,570,2026-07-14 02:16:59,30,0x5eeb5a0cb514bf3843d5f1c24752ee0e3b08f46c,smart_money,P-R,25.0,-0.8,23,23,0,0.30434782608695654,-0.49832098594181706,,-0.49832098594181706,37.4275,5.956521739130435,7.0,2.717176164527997,-2.1346896686707537,0.0,0.0,"kPEPE,HYPE,DOGE,WLD,ZEC",仓位真实收益偏反向，可作为反向参考
812518,570,2026-07-14 02:16:59,30,0x5efc5eaa41ebfefcc122e7600d3ac81549b6dd8d,smart_money,P-G,45.32057971136533,0.65,4,3,1,0.6666666666666666,0.15666210495016306,0.8123325306108544,0.3205797113653359,5.5656944444444445,23.75,25.0,0.6082122021421297,-0.5197782022256718,0.0,1.0,"ETH,SOL",高杠杆/短线赌徒型，长期单降权
811714,570,2026-07-14 02:16:59,30,0x5f1055597a652a50c67e62bcf2912dc621bfd49d,smart_money,P-B,85.48634364425114,1.0,4,2,2,1.0,0.6131595265580442,-1.14741579558653,-0.267128134514243,184.45590277777777,13.75,40.0,6.717213865676548,-1.9135377047814892,0.0,0.25,"HYPE,TAO,SUI,BTC",仓位表现普通有效
811715,570,2026-07-14 02:16:59,30,0x5f1ff6f82d95ee2aaf599577024c5d37c860b0a8,smart_money,P-G,35.0,0.65,3,0,3,,,-30.481434452819148,-30.481434452819155,368.6613888888889,20.0,40.0,13.134803372299267,-52.9262907550057,0.0,1.0,"BTC,HYPE,TRX",高杠杆/短线赌徒型，长期单降权
811716,570,2026-07-14 02:16:59,30,0x5f4f59301e46bf6f6603a8c4cf826bdac70339d1,smart_money,P-N,50.0,1.0,1,0,1,,,15.415473012125187,15.415473012125187,368.6613888888889,20.0,20.0,21.293939574454264,0.0,0.0,1.0,BTC,仓位样本不足，暂不影响权重
812836,570,2026-07-14 02:16:59,30,0x5f77dc3b3641d06f68800e07bd0a65d949918b24,smart_money,P-N,50.0,1.0,2,2,0,0.0,-3.9368616934512595,,-3.9368616934512595,80.08722222222222,9.0,10.0,4.494089629777939,-4.196670520936527,0.0,0.5,"ZEC,BTC",仓位样本不足，暂不影响权重
811717,570,2026-07-14 02:16:59,30,0x5f94a51948d2376ad34a6fadfa2544e651b74b96,money_printer,P-C,45.3702027538376,0.75,13,0,13,,,31.310072614078358,31.310072614078358,368.6613888888888,7.923076923076923,10.0,37.98674199832881,-0.7673251983795024,0.0,0.5384615384615384,"ADA,APT,DOT,EIGEN,HYPE",仓位收益偏弱，降权参考
812841,570,2026-07-14 02:16:59,30,0x5fbd0c50d414a58c1194696391cccdb0a3750d1c,smart_money,P-R,25.0,-0.8,15,15,0,0.3333333333333333,-2.4336183866227215,,-2.4336183866227215,25.52164814814815,9.933333333333334,26.0,1.5329936133573192,-3.7946741505022468,0.06666666666666667,0.7333333333333333,"SOL,ZEC,AVAX,XMR,PAXG",仓位真实收益偏反向，可作为反向参考
811718,570,2026-07-14 02:16:59,30,0x5fdbf83c3d95d525704f61401db68cbec1b2a775,smart_money,P-N,50.0,1.0,1,0,1,,,42.78184815459291,42.78184815459291,368.6613888888889,9.0,9.0,46.75840278413774,0.0,0.0,0.0,BTC,仓位样本不足，暂不影响权重
812402,570,2026-07-14 02:16:59,30,0x5fe77169ee8a147ee63662160449c9bc84570f3b,smart_money,P-N,50.0,1.0,1,0,1,,,-2.1249230412530236,-2.1249230412530236,77.98861111111111,20.0,20.0,0.8813636854976017,-3.0727101541681505,0.0,1.0,BTC,仓位样本不足，暂不影响权重
812612,570,2026-07-14 02:16:59,30,0x603f6575750b2da949a84ff412b68e762bcd75a3,smart_money,P-C,66.39615614992434,0.75,6,6,0,0.5,-2.6926781769560493,,-2.6926781769560493,55.32550925925926,3.0,3.0,6.214156546747167,-4.636386896406428,1.0,0.0,"HYPE,LIT,CHIP",仓位收益偏弱，降权参考
812703,570,2026-07-14 02:16:59,30,0x60826ae62cbe3bfaabc1ba335627adc858435e14,smart_money,P-G,44.79331080743415,0.65,3,3,0,0.3333333333333333,-0.2066891925658437,,-0.2066891925658437,9.740462962962964,15.0,20.0,1.7573148936037362,-0.2954890538974189,0.0,0.6666666666666666,"SOL,LDO",高杠杆/短线赌徒型，长期单降权
811719,570,2026-07-14 02:16:59,30,0x60a8c761f39696b3b419f31dcda20b405cb685f6,money_printer,P-N,50.0,1.0,2,0,2,,,-1.155838164770116,-1.1558381647701164,368.6613888888889,15.0,20.0,16.35243746713738,-8.189193917189566,0.0,1.0,"BTC,FARTCOIN",仓位样本不足，暂不影响权重
811720,570,2026-07-14 02:16:59,30,0x610b8dd6b392d010c2b6ad8d121dfc09524cb613,smart_money,P-N,50.0,1.0,2,0,2,,,8.619955731359298,8.619955731359298,368.6613888888889,2.5,3.0,22.53183906879071,0.0,1.0,0.0,"HYPE,SOL",仓位样本不足，暂不影响权重
811721,570,2026-07-14 02:16:59,30,0x615d54d75193c93f28166adcf7b615d5d47b4dbe,smart_money,P-N,50.0,1.0,1,0,1,,,27.63614744832857,27.63614744832857,368.6613888888889,10.0,10.0,46.54138668079487,0.0,0.0,1.0,HYPE,仓位样本不足，暂不影响权重
812357,570,2026-07-14 02:16:59,30,0x615f9484c8f46ca4fd4d2c0291c42661043a3d87,smart_money,P-G,45.4244824892624,0.65,10,9,1,0.5555555555555556,0.6635645007844881,-1.7272556144363873,0.42448248926240045,26.22852777777778,11.8,20.0,2.2821870279115,-1.3849503318136882,0.1,0.8,"HYPE,SOL,ETH,WLD,SUI",高杠杆/短线赌徒型，长期单降权
811722,570,2026-07-14 02:16:59,30,0x616d43c28a376d835d336383fd9423090651dbd6,smart_money,P-G,52.920859372607076,0.65,3,0,3,,,7.920859372607079,7.920859372607079,368.6613888888889,18.333333333333332,20.0,16.990950691500476,0.0,0.0,1.0,"BTC,ETH,SOL",高杠杆/短线赌徒型，长期单降权
811723,570,2026-07-14 02:16:59,30,0x617eb09d7869de4ea8a9768c5c657ff7c2d80f97,smart_money,P-C,31.631902901567937,0.75,6,0,6,,,0.09186186553241422,0.09186186553241364,323.3772222222222,4.666666666666667,10.0,15.240292820234297,-14.51789086321361,0.5,0.16666666666666666,"ETH,MERL,KAITO,STABLE,VVV",仓位收益偏弱，降权参考
812692,570,2026-07-14 02:16:59,30,0x618d69438f6c5785a72d0024a8cb73b81c356e34,smart_money,P-B,38.76460620270301,1.0,4,4,0,0.5,-0.12799685528830987,,-0.12799685528830987,4.31125,11.0,20.0,0.952448585309294,-0.32459127678260713,0.0,0.25,"HYPE,XRP",仓位表现普通有效
812861,570,2026-07-14 02:16:59,30,0x61b6cfd715d70df1b1822763639e75a575a23c12,smart_money,P-N,50.0,1.0,2,2,0,0.5,-1.1934042569991445,,-1.1934042569991445,24.9175,2.0,2.0,2.1618646480619312,-2.1147023162832914,1.0,0.0,ETH,仓位样本不足，暂不影响权重
811724,570,2026-07-14 02:16:59,30,0x61bf199fabf0d2ec9dc98b9bcf8084aca32bc0de,smart_money,P-B,100.0,1.0,72,28,44,1.0,7.464047921760029,-2.3084599397798056,1.8899982087344225,259.8446026234571,9.527777777777779,40.0,9.144069500826681,-11.045442553865833,0.19444444444444445,0.3888888888888889,"BTC,VVV,LIT,ZEC,APE",仓位表现普通有效
811725,570,2026-07-14 02:16:59,30,0x61ceef212ff4a86933c69fb6aca2fe35d8f2a62b,money_printer,P-G,40.084150069724565,0.65,13,9,4,0.3333333333333333,1.9815039389770215,-20.434896136093467,-4.915849930275437,117.35856837606835,14.846153846153847,20.0,4.0119433949014915,-12.339226807066488,0.07692307692307693,0.9230769230769231,"SOL,HYPE,BTC,AVAX,LIT",高杠杆/短线赌徒型，长期单降权
812416,570,2026-07-14 02:16:59,30,0x61f2bb695d81ac9fce0b1d01fd45cc6b2925a571,smart_money,P-N,50.0,1.0,1,0,1,,,1.5131851442772384,1.5492544308986513,59.001666666666665,13.0,13.0,3.0153251415159414,-0.6238785369220127,0.0,1.0,ETH,仓位样本不足，暂不影响权重
811726,570,2026-07-14 02:16:59,30,0x621c5551678189b9a6c94d929924c225ff1d63ab,money_printer,P-B,53.221332874344526,1.0,675,634,41,0.5157728706624606,-0.13935603208836866,1.780487405470656,-0.04138403601385969,22.295312757201646,9.13037037037037,20.0,1.7446235257755847,-1.9101341821499755,0.03851851851851852,0.64,"WLD,ARB,CRV,PYTH,ADA",仓位表现普通有效
811727,570,2026-07-14 02:16:59,30,0x633fe8fa1940888c7e81f1af57116c77b2fe1bda,smart_money,P-N,50.0,1.0,1,0,1,,,10.299096336242176,10.299096336242176,368.6613888888889,7.0,7.0,16.53314151655856,0.0,0.0,0.0,BTC,仓位样本不足，暂不影响权重
811728,570,2026-07-14 02:16:59,30,0x63618d66c7a6a487491e2d0793f7b5b1c86485c0,smart_money,P-C,43.10454588052996,0.75,3,0,3,,,27.500233261359387,27.500233261359384,368.6613888888889,5.333333333333333,10.0,32.687039784705796,-10.402909975792449,0.6666666666666666,0.3333333333333333,"HYPE,PURR,STBL",仓位收益偏弱，降权参考
811729,570,2026-07-14 02:16:59,30,0x6361d059ce1d9f49991dc7410972d3ad7b698773,smart_money,P-N,50.0,1.0,1,0,1,,,-6.459142454177693,-6.459142454177693,368.6613888888889,20.0,20.0,0.0,-12.96005725356563,0.0,1.0,BTC,仓位样本不足，暂不影响权重
811730,570,2026-07-14 02:16:59,30,0x639c38ad64462870cca86a9cfa633b27cb7361f8,smart_money,P-N,50.0,1.0,2,0,2,,,-35.63917651630018,-35.63917651630018,368.6613888888889,9.0,15.0,14.463422714997073,-47.52078933323602,0.5,0.5,"BTC,NIL",仓位样本不足，暂不影响权重
811731,570,2026-07-14 02:16:59,30,0x63d417a577b50c96f4f09148d4e4d70950db0522,money_printer,P-A,77.2782328089339,1.15,34,9,25,0.5555555555555556,4.922433984878481,-0.18965117506001644,1.1358484306107408,254.1720016339869,7.823529411764706,20.0,13.424418556890883,-13.861958184143562,0.35294117647058826,0.29411764705882354,"BTC,ETH,0G,2Z,ARB",仓位收益稳定，适合加权参考
812771,570,2026-07-14 02:16:59,30,0x6410b0886a1f0db4c1242e1190013fe4b1e85bcd,smart_money,P-G,45.7445402637789,0.65,5,5,0,0.8,0.7445402637788983,,0.7445402637788983,32.0925,16.0,20.0,4.069120674010665,-2.0729502823547437,0.0,1.0,"HYPE,BTC,ETH,SOL,SUI",高杠杆/短线赌徒型，长期单降权
812803,570,2026-07-14 02:16:59,30,0x6417da1d2452a4b4a81aa151b7235ffec865082f,money_printer,P-G,43.77156411451054,0.65,4,4,0,0.5,-1.2284358854894621,,-1.2284358854894621,121.26729166666667,16.25,40.0,4.968546096948461,-8.874729056426178,0.0,0.75,"PAXG,WLFI,HYPE,BTC",高杠杆/短线赌徒型，长期单降权
811732,570,2026-07-14 02:16:59,30,0x641edd3f198101eb13ce9228a415cbf02b62b6c8,smart_money,P-A,81.7189460729295,1.15,20,7,13,0.5714285714285714,0.17831188681897103,9.046408443499924,5.854323058144839,256.4412638888889,7.6,20.0,15.88503983092437,-10.890818801215124,0.2,0.5,"DYDX,HYPE,AAVE,AERO,BCH",仓位收益稳定，适合加权参考
811733,570,2026-07-14 02:16:59,30,0x6427ef069a0ffa80c2dbf675479833500f429eca,smart_money,P-B,75.17876475952941,1.0,15,7,8,0.8571428571428571,1.7147324098815784,1.7111100252054532,-0.45774058218036384,79.21727777777777,10.2,20.0,6.802241471490175,-6.064276145995076,0.06666666666666667,0.5333333333333333,"ETH,LIT,JTO,JUP,PUMP",仓位表现普通有效
811734,570,2026-07-14 02:16:59,30,0x643430283b19fa5bd70a1138b495c2b43523cdd5,money_printer,P-B,88.3445004655588,1.0,14,2,12,0.5,6.09306591527532,9.513110808898078,8.870181482959635,287.53950396825394,5.571428571428571,20.0,18.713305182902026,-8.127552721813505,0.42857142857142855,0.14285714285714285,"LIT,ASTER,GMX,HYPE,MORPHO",仓位表现普通有效
812675,570,2026-07-14 02:16:59,30,0x644f7170fae9d4d173d9217f03b7a77e22ed98f1,smart_money,P-B,59.621983492883516,1.0,95,95,0,0.5368421052631579,0.021518062231228107,,0.021518062231228107,0.6616432748538014,6.978947368421053,20.0,0.4297704782108089,-0.37718604469489453,0.3263157894736842,0.4,"VVV,ENA,WLD,ZEC,SOL",仓位表现普通有效
811735,570,2026-07-14 02:16:59,30,0x645b2eeaa0a46df3c4211bebda1b2c7703e287b8,money_printer,P-G,46.880321880384265,0.65,16,7,9,0.5714285714285714,1.2468248985802273,2.3255995643332423,1.8803218803842638,207.37203124999996,13.3125,20.0,5.3571325920294735,-4.969980263795718,0.0625,0.8125,"BTC,ZEC,SOL,ETH,PAXG",高杠杆/短线赌徒型，长期单降权
812712,570,2026-07-14 02:16:59,30,0x649156ebf0a350deb18a1e4835873defd4dc5349,money_printer,P-N,50.0,1.0,1,1,0,0.0,-17.872354717960548,,-17.872354717960548,254.84,11.0,11.0,0.0,-24.1775670095563,0.0,1.0,BTC,仓位样本不足，暂不影响权重
811736,570,2026-07-14 02:16:59,30,0x64d0c26f561c1a653a2fe48337e9970275564d45,smart_money,P-N,50.0,1.0,1,0,1,,,61.86961152246678,61.86961152246678,368.6613888888889,20.0,20.0,64.2425702403895,0.0,0.0,1.0,SOL,仓位样本不足，暂不影响权重
811737,570,2026-07-14 02:16:59,30,0x64dd467d1e5c2cf2be87fea20713159dbc12ca76,smart_money,P-N,50.0,1.0,1,0,1,,,0.4782267296103235,0.4782267296103235,368.6613888888889,10.0,10.0,3.896609683105808,-14.262761384886591,0.0,1.0,HYPE,仓位样本不足，暂不影响权重
812739,570,2026-07-14 02:16:59,30,0x64f4e14a603a6383f459e16f4781a6b30611dfb8,smart_money,P-N,50.0,1.0,1,1,0,0.0,-10.083128591572304,,-10.083128591572304,221.35805555555555,4.0,4.0,3.742103600758058,-14.942209688343123,0.0,0.0,HYPE,仓位样本不足，暂不影响权重
811738,570,2026-07-14 02:16:59,30,0x64ffaa34fffc59e84d3e7731812b3a63397af7c6,smart_money,P-N,50.0,1.0,1,0,1,,,25.710131274447562,25.710131274447562,368.6613888888889,3.0,3.0,29.024418549086267,0.0,1.0,0.0,VVV,仓位样本不足，暂不影响权重
811739,570,2026-07-14 02:16:59,30,0x654086857e1fad6dcf05cf6695cce51ea3984268,smart_money,P-N,50.0,1.0,2,0,2,,,-6.122024278753249,-6.12202427875325,368.6613888888889,15.0,20.0,7.26132803786358,-16.077124898489366,0.0,1.0,"ETH,SOL",仓位样本不足，暂不影响权重
811740,570,2026-07-14 02:16:59,30,0x654ed1d8631de7feb6b4e5fd9965687504a80c4a,smart_money,P-G,65.0,0.65,6,3,3,1.0,26.97680297833891,48.2977386946874,37.63727083651315,218.1634259259259,13.833333333333334,20.0,39.57619995721271,0.0,0.16666666666666666,0.8333333333333334,"AVAX,RESOLV,SOL,LINK,BTC",高杠杆/短线赌徒型，长期单降权
811741,570,2026-07-14 02:16:59,30,0x655b62e1a4ca9cfe5c761b8dc3defda98be41e9f,smart_money,P-N,50.0,1.0,1,0,1,,,-14.645646789864733,-14.645646789864733,368.6613888888889,1.0,1.0,0.0,-16.441226900361965,1.0,0.0,ASTER,仓位样本不足，暂不影响权重
812683,570,2026-07-14 02:16:59,30,0x656c54089502d4ab36a35166b514ec761c33f4b7,smart_money,P-N,50.0,1.0,1,1,0,1.0,2.138571577324851,,2.138571577324851,23.987222222222222,5.0,5.0,2.8201789500541037,0.0,0.0,0.0,HYPE,仓位样本不足，暂不影响权重
812814,570,2026-07-14 02:16:59,30,0x657cf179cc91ccfc8cd534d5015a49e690b495f1,smart_money,P-B,64.94701688552311,1.0,673,673,0,0.5215453194650818,0.006940835034954705,,0.006940835034954705,5.198787766220905,4.695393759286776,10.0,0.798160437600694,-0.7760619966678016,0.3491827637444279,0.0787518573551263,"ARB,JUP,MORPHO,PEOPLE,ZRO",仓位表现普通有效
811742,570,2026-07-14 02:16:59,30,0x65aee08c9235025355ac6c5ad020fb167ecef4fe,smart_money,P-G,50.10160552177408,0.65,21,6,15,1.0,10.05914594506438,3.7935060525022224,5.101605521774085,282.3096428571428,10.666666666666666,40.0,12.80231258068474,-5.97748630195826,0.14285714285714285,0.7142857142857143,"AAVE,AERO,BNB,BTC,CC",高杠杆/短线赌徒型，长期单降权
812654,570,2026-07-14 02:16:59,30,0x65cf86e71afd816e6f9b8adaffab6a95b7bbbfd8,smart_money,P-N,50.0,1.0,2,2,0,0.5,1.7338838243368082,,1.7338838243368082,63.97666666666667,10.0,10.0,4.823827162857594,-1.8733773989232114,0.0,1.0,HYPE,仓位样本不足，暂不影响权重
812326,570,2026-07-14 02:16:59,30,0x65d0ab18172c32e37cd7f39d1ad3f9c5de8bdfb0,smart_money,P-B,62.07735435317338,1.0,8,5,3,0.6,4.097103280207312,-2.3431803995478577,1.7732272416269719,104.0336111111111,10.375,20.0,9.157192087917428,-4.676007411072154,0.125,0.375,"BTC,LIT,VVV,ZRO,ZEC",仓位表现普通有效
812830,570,2026-07-14 02:16:59,30,0x65e51a6f396599558e647d7e4d8e6e6ca6ee4a9b,smart_money,P-N,50.0,1.0,1,1,0,1.0,12.40850966878364,,12.40850966878364,19.33277777777778,10.0,10.0,12.705764246860141,-0.9252271238572674,0.0,1.0,UNI,仓位样本不足，暂不影响权重
811743,570,2026-07-14 02:16:59,30,0x65f1de0d3715941dad6a1279d8d0a96a2eeb8171,smart_money,P-N,50.0,1.0,1,0,1,,,13.037577721451338,13.037577721451338,368.6613888888889,20.0,20.0,19.081303562903056,0.0,0.0,1.0,BTC,仓位样本不足，暂不影响权重
811744,570,2026-07-14 02:16:59,30,0x6628f829994f1756257e6c2468dabd675a530a1d,smart_money,P-G,46.26742712766204,0.65,16,10,6,0.8,2.044345221654201,0.3234687601541591,1.2674271276620397,173.21857638888892,16.625,40.0,4.569258558315846,-3.2002222568767364,0.125,0.6875,"BTC,XRP,kBONK,ETH,MANTA",高杠杆/短线赌徒型，长期单降权
811745,570,2026-07-14 02:16:59,30,0x66339a4c857997b2cb3a1139cc37f68fbdf9a795,smart_money,P-C,50.593837542999715,0.75,7,0,7,,,13.485364316676883,13.48536431667688,368.66138888888884,4.571428571428571,10.0,25.7285312570235,-10.726471990587763,0.5714285714285714,0.14285714285714285,"MELANIA,PROVE,STABLE,TRUMP,VVV",仓位收益偏弱，降权参考
811746,570,2026-07-14 02:16:59,30,0x663f2673c6cef165d4e027585ed300a6b74245da,smart_money,P-G,45.676586645570886,0.65,9,7,2,0.7142857142857143,2.8192133756340305,-5.534825229631414,0.6765866455708877,75.5181172839506,10.555555555555555,20.0,5.879842582296786,-4.1436394769047045,0.0,0.6666666666666666,"FARTCOIN,HYPE,BTC,JTO,LIT",高杠杆/短线赌徒型，长期单降权
812618,570,2026-07-14 02:16:59,30,0x6661db9a250e02444f6f9de670c6d923bcd84cc4,smart_money,P-G,45.06678534883892,0.65,29,29,0,0.6551724137931034,0.06678534883892248,,0.06678534883892248,3.6795402298850566,36.37931034482759,40.0,0.3619101887277095,-0.543642077584961,0.0,1.0,"BTC,ETH,HYPE",高杠杆/短线赌徒型，长期单降权
811747,570,2026-07-14 02:16:59,30,0x6666885961fec8ed58ddb45637ea41c02d6423f5,money_printer,P-N,50.0,1.0,1,0,1,,,58.543783941283145,58.543783941283145,368.6613888888889,10.0,10.0,82.02700733960626,0.0,0.0,1.0,HYPE,仓位样本不足，暂不影响权重
811748,570,2026-07-14 02:16:59,30,0x66701345620a1d2d81e37f9fd8c74491e8c7d525,smart_money,P-C,81.11501302611832,0.75,18,13,5,0.6923076923076923,-0.9119847980421425,0.13786900221574694,-0.6718474654488227,129.82768518518523,8.555555555555555,40.0,5.87881520010207,-5.834129972546133,0.16666666666666666,0.2777777777777778,"HBAR,DYDX,BTC,ETH,MANTA",仓位收益偏弱，降权参考
812877,570,2026-07-14 02:16:59,30,0x66778547fc5b3e2b2e9cecb943f560d49efb171c,smart_money,P-N,50.0,1.0,1,1,0,1.0,0.9414742644815368,,0.9414742644815368,19.89666666666667,10.0,10.0,4.969922704936196,-0.6919733051786412,0.0,1.0,HYPE,仓位样本不足，暂不影响权重
811749,570,2026-07-14 02:16:59,30,0x667b8184fcb9e83bf3180bb42f5c67374cde679a,smart_money,P-G,43.912465139921814,0.65,34,27,7,0.4074074074074074,-1.8908580870321474,1.9466655514605662,-1.087534860078188,75.54103758169931,25.705882352941178,40.0,3.244049270146144,-4.014542841353013,0.08823529411764706,0.7352941176470589,"BTC,ENA,kBONK,ETH,VIRTUAL",高杠杆/短线赌徒型，长期单降权
811750,570,2026-07-14 02:16:59,30,0x6697186f603168d01797eded5bd149b44e62de27,smart_money,P-N,50.0,1.0,1,0,1,,,17.184833705811762,17.184833705811762,368.6613888888889,5.0,5.0,54.71616409601503,0.0,0.0,0.0,JTO,仓位样本不足，暂不影响权重
811751,570,2026-07-14 02:16:59,30,0x66a8e3766b64650fbe4e81a9a42e9ba96ae49db5,smart_money,P-C,41.78151250383644,0.75,6,2,4,0.5,-2.3111529180473283,-15.466433298455572,-10.408194964405217,138.4261111111111,8.166666666666666,20.0,2.8377523359305723,-19.909092463846488,0.3333333333333333,0.5,"CASHCAT,TRUMP,HYPE,LIT,SOL",仓位收益偏弱，降权参考
812248,570,2026-07-14 02:16:59,30,0x66d1f704749ced8c60df03cd0ccfce05c5d87fae,smart_money,P-C,46.834128536712946,0.75,6,4,2,0.5,-2.718475224278982,-0.9841255021272759,-2.1403586502284133,100.65171296296296,10.333333333333334,20.0,2.4269540694514773,-4.186134239747577,0.0,0.3333333333333333,"HYPE,BTC,JUP",仓位收益偏弱，降权参考
812704,570,2026-07-14 02:16:59,30,0x6707013459fa40ab655710bb08690693d539b113,smart_money,P-N,50.0,1.0,1,1,0,0.0,-1.4588745295674361,,-1.4588745295674361,34.58277777777778,5.0,5.0,5.825429872843528,-4.603332771613027,0.0,0.0,LIT,仓位样本不足，暂不影响权重
811752,570,2026-07-14 02:16:59,30,0x675462411d40a169c3397ac1dc00786dc9c7d3a1,smart_money,P-G,50.86058180849531,0.65,6,1,5,1.0,8.255270119555409,5.817810612208614,5.860581808495308,344.5248611111111,13.333333333333334,25.0,17.581519059306746,-5.212231843513598,0.0,0.8333333333333334,"BCH,ETC,ETH,SOL,ZEC",高杠杆/短线赌徒型，长期单降权
812254,570,2026-07-14 02:16:59,30,0x67870e072059b30eb06530cabebe2a8b50fecb04,smart_money,P-N,50.0,1.0,1,0,1,,,4.7951962061975175,3.854372930175999,327.77166666666665,10.0,10.0,5.057148359525687,-10.727048185589275,0.0,1.0,HYPE,仓位样本不足，暂不影响权重
812337,570,2026-07-14 02:16:59,30,0x6788e111b25a244e7168847fe19bb1456a8398d4,smart_money,P-N,50.0,1.0,1,0,1,,,7.2933033249819506,7.29330332498195,201.5547222222222,5.0,5.0,10.141619601681601,-12.074822710093853,0.0,0.0,ZRO,仓位样本不足，暂不影响权重
812876,570,2026-07-14 02:16:59,30,0x67a773143ea4fdaf7a77cc6069ffddb4573ff82b,smart_money,P-N,50.0,1.0,1,1,0,1.0,7.553878223447542,,7.553878223447542,21.73138888888889,10.0,10.0,8.303634468614469,0.0,0.0,1.0,HYPE,仓位样本不足，暂不影响权重
812617,570,2026-07-14 02:16:59,30,0x67c0fc4b0490ab7e76c08c2bbd30fac0059bbc7a,smart_money,P-B,82.98520711424075,1.0,3,3,0,0.6666666666666666,1.273663950188736,,1.273663950188736,31.588055555555556,3.0,3.0,13.955727318055402,-3.045161832466135,1.0,0.0,"CASHCAT,VVV",仓位表现普通有效
812574,570,2026-07-14 02:16:59,30,0x67cd5c1c4548c7ec1a20fadefca19ad42e6230da,smart_money,P-G,44.9807464513484,0.65,285,284,1,0.4964788732394366,-0.01901107717209848,-0.08811544882906969,-0.01925354865159662,1.290862573099416,20.0,20.0,0.15154964170614046,-0.1831364590420133,0.0,1.0,BTC,高杠杆/短线赌徒型，长期单降权
812643,570,2026-07-14 02:16:59,30,0x67f7aa8fb95c47e6ea9c517b623e0701cbf9d9ba,smart_money,P-B,73.91401428522688,1.0,263,263,0,0.5133079847908745,-0.008772325067166405,,-0.008772325067166405,1.3409442332065917,3.0,3.0,0.22304124981488435,-0.19590725746676307,1.0,0.0,ETH,仓位表现普通有效
811753,570,2026-07-14 02:16:59,30,0x67fcc46ed2a63971697dad2fc7bb0091fe89e51d,money_printer,P-C,49.59065750189354,0.75,14,0,14,,,9.787373920642057,7.707545715412719,298.56805555555553,5.357142857142857,10.0,18.65662948367406,-9.100724880559977,0.35714285714285715,0.21428571428571427,"AERO,JTO,LAYER,MEGA,MET",仓位收益偏弱，降权参考
812482,570,2026-07-14 02:16:59,30,0x6802b4267f7f2bf7003dcf993c51542245b38329,smart_money,P-N,50.0,1.0,2,1,1,0.0,-0.42723439596243534,-0.046118592037821905,-0.05933969465712913,6.9961111111111105,20.0,20.0,0.2925570099819109,-0.41312935959725255,0.0,1.0,BTC,仓位样本不足，暂不影响权重
811754,570,2026-07-14 02:16:59,30,0x6859da14835424957a1e6b397d8026b1d9ff7e1e,money_printer,P-A,100.0,1.15,35,1,34,1.0,92.71957818787288,9.420817088588716,11.73184618128115,357.47146031746047,7.857142857142857,35.0,23.150490243208754,-12.864217371583585,0.2571428571428571,0.4,"AAVE,AERO,BNB,BTC,CHIP",仓位收益稳定，适合加权参考
811755,570,2026-07-14 02:16:59,30,0x687843224285d4d2eac58202085041647fa3bf8c,smart_money,P-N,50.0,1.0,1,0,1,,,11.117587289214887,11.117587289214887,368.6613888888889,3.0,3.0,46.70573251953871,0.0,1.0,0.0,JTO,仓位样本不足，暂不影响权重
812797,570,2026-07-14 02:16:59,30,0x689f15b91f1df16794177056982376721da16965,smart_money,P-N,50.0,1.0,1,1,0,1.0,0.9474837154168833,,0.9474837154168833,126.71666666666667,5.0,5.0,2.600800386519225,-5.788216633089335,0.0,0.0,ICP,仓位样本不足，暂不影响权重
812730,570,2026-07-14 02:16:59,30,0x68af3f19b7cf1934909bd43776050fe83b0ac654,smart_money,P-B,88.02930213035427,1.0,11,11,0,0.8181818181818182,2.398596730295097,,2.398596730295097,28.560580808080807,8.181818181818182,10.0,4.718004284719047,-0.9745774573550707,0.0,0.2727272727272727,"ETH,PUMP,ZEC,SOL",仓位表现普通有效
811756,570,2026-07-14 02:16:59,30,0x68c151a40b08c6d059d8eddfc0c57e18325c9e38,smart_money,P-N,50.0,1.0,1,0,1,,,-67.28552118947283,-67.28552118947285,368.6613888888889,5.0,5.0,0.0,-92.06355516683892,0.0,0.0,HYPE,仓位样本不足，暂不影响权重
811757,570,2026-07-14 02:16:59,30,0x68d017f8c75d22af6a48aa6f2f697c658ec15599,smart_money,P-R,25.0,-0.8,37,29,8,0.3103448275862069,-0.7850821393602212,0.5025861389039568,-0.4301140327428204,74.07554804804808,11.783783783783784,40.0,3.124859383213125,-2.8442729875984414,0.1891891891891892,0.4594594594594595,"ETH,CC,XLM,ME,NEAR",仓位真实收益偏反向，可作为反向参考
812429,570,2026-07-14 02:16:59,30,0x68d39be8c66851afbb61abb3b2e0a8ef59b58e80,smart_money,P-N,50.0,1.0,1,0,1,,,9.063035263660266,4.658465619864918,39.990833333333335,3.0,3.0,11.193809475022755,-12.92996826285822,1.0,0.0,CASHCAT,仓位样本不足，暂不影响权重
811758,570,2026-07-14 02:16:59,30,0x68f1c1e8e1371d25dff689a3915196db6c5fba1a,smart_money,P-N,50.0,1.0,1,0,1,,,6.144890038809843,4.375192364177617,368.6613888888889,10.0,10.0,10.087256688081313,-6.902350693701738,0.0,1.0,HYPE,仓位样本不足，暂不影响权重
812606,570,2026-07-14 02:16:59,30,0x68f80ecef342044f84891641e81b50b5f580b6ad,smart_money,P-C,67.85297970834095,0.75,4,4,0,0.5,-1.083810102469335,,-1.083810102469335,48.63173611111111,1.25,2.0,1.9723507928126092,-2.9465540703561284,1.0,0.0,HYPE,仓位收益偏弱，降权参考
811759,570,2026-07-14 02:16:59,30,0x6957d2139d29e7db7913ac21e813f2a561e47ac8,smart_money,P-G,35.0,0.65,7,0,7,,,-10.557171974514658,-10.44003121675175,368.66138888888884,11.142857142857142,25.0,17.716001236418684,-29.62465700727737,0.14285714285714285,0.5714285714285714,"ASTER,AVNT,ETH,JUP,SOL",高杠杆/短线赌徒型，长期单降权
812737,570,2026-07-14 02:16:59,30,0x696adb8693ed15f14f8a80bb4f9fe061f58868db,smart_money,P-G,44.48854464229395,0.65,23,23,0,0.17391304347826086,-0.5114553577060466,,-0.5114553577060466,21.787101449275358,10.565217391304348,20.0,3.2766493580366784,-2.351952657032394,0.043478260869565216,0.7391304347826086,"BTC,ETH,LIT,HYPE,ZEC",高杠杆/短线赌徒型，长期单降权
811760,570,2026-07-14 02:16:59,30,0x69906b0ed626ca01a4b7c001e5711e5714ccf207,"money_printer,smart_money",P-G,52.15587604601051,0.65,5,4,1,0.5,0.8861669599712534,32.23471239016756,7.155876046010514,98.22816666666667,24.0,40.0,10.966236432154552,-1.5996514850523207,0.0,0.8,"BTC,ETHFI,HYPE,ETH",高杠杆/短线赌徒型，长期单降权
811761,570,2026-07-14 02:16:59,30,0x69a31d37f231c1987c6f283ca508b4377a2369ff,smart_money,P-R,25.0,-0.8,5,0,5,,,-6.219680120269748,-6.219680120269748,305.32855555555557,1.0,1.0,14.876679385306526,-22.44469119800245,1.0,0.0,"BTC,HYPE,TAO,ZEC,CASHCAT",仓位真实收益偏反向，可作为反向参考
812244,570,2026-07-14 02:16:59,30,0x69b05701f8175c276ecd0138387a197948e240bb,smart_money,P-G,45.60410284084765,0.65,3,1,2,1.0,1.574120020367717,-0.025235420801108077,0.6041028408476516,236.99629629629632,16.666666666666668,20.0,7.259657395532513,-2.5251768811867326,0.0,1.0,"BTC,HYPE",高杠杆/短线赌徒型，长期单降权
811762,570,2026-07-14 02:16:59,30,0x69eb16da29deeac170613a1cacb34227fc15f956,smart_money,P-N,50.0,1.0,2,0,2,,,-19.14090379504278,-19.521837809132734,368.6613888888889,11.5,20.0,0.46928895612707644,-31.546575705329253,0.5,0.5,"HYPE,SOL",仓位样本不足，暂不影响权重
812791,570,2026-07-14 02:16:59,30,0x6a02aedceac5a6813d960e4dae1910d9c458e77c,smart_money,P-N,50.0,1.0,1,1,0,1.0,7.477290574978548,,7.477290574978548,143.06166666666667,5.0,5.0,11.43551857517755,-3.1988571073635828,0.0,0.0,ETH,仓位样本不足，暂不影响权重
811763,570,2026-07-14 02:16:59,30,0x6a2cec2bda4749f113676bd9a5f3e64277260efd,smart_money,P-G,43.04659737260582,0.65,27,11,16,0.5454545454545454,2.2219309574944477,-4.823944467005123,-1.9534026273941867,197.16534979423867,11.25925925925926,40.0,6.043424107602975,-9.010688177399354,0.1111111111111111,0.6666666666666666,"ETH,ARB,AVAX,DYM,ENA",高杠杆/短线赌徒型，长期单降权
811764,570,2026-07-14 02:16:59,30,0x6a756a2cc6c1e8e1e44132800b2033a42ca086ad,smart_money,P-N,50.0,1.0,1,0,1,,,36.47043391253416,36.47043391253417,368.6613888888889,5.0,5.0,40.88562003774567,0.0,0.0,0.0,BTC,仓位样本不足，暂不影响权重
812530,570,2026-07-14 02:16:59,30,0x6a9e7566877b52b13b28230b5543cbccf3685870,smart_money,P-B,52.05490616303271,1.0,201,200,1,0.61,0.05671865417727836,0.10922534027894726,0.05556253425267478,1.8110185185185192,10.288557213930348,20.0,0.2646068293718022,-0.1967545549379643,0.0,0.43781094527363185,ETH,仓位表现普通有效
811765,570,2026-07-14 02:16:59,30,0x6abc111bd22bb38e649f81be60dfbeb35648aac6,smart_money,P-A,97.13544575044939,1.15,24,3,21,0.6666666666666666,-0.05549152416065084,14.367606846763115,12.38702363920177,274.53530092592587,7.75,40.0,20.592963469151876,-8.835371605653954,0.2916666666666667,0.4166666666666667,"LIT,ADA,AERO,BCH,BTC",仓位收益稳定，适合加权参考
811766,570,2026-07-14 02:16:59,30,0x6acf5dc82237396e07d7e802bff984d8662360a1,smart_money,P-N,50.0,1.0,1,0,1,,,11.627916845245426,11.627178173348437,368.6613888888889,40.0,40.0,18.38939270573041,0.0,0.0,1.0,BTC,仓位样本不足，暂不影响权重
812855,570,2026-07-14 02:16:59,30,0x6b08bbb2daf57d390538d73542f50d5f735ca420,money_printer,P-N,50.0,1.0,2,2,0,0.5,3.743610678736726,,3.743610678736726,45.27194444444444,6.5,8.0,9.81917283549373,-0.8576757945624409,0.0,0.0,"LIT,BTC",仓位样本不足，暂不影响权重
812865,570,2026-07-14 02:16:59,30,0x6b3008d6e60617f44b1135ffc669fc87caec75b2,smart_money,P-B,100.0,1.0,3,3,0,1.0,3.1371261449179393,,3.1371261449179393,25.432407407407407,5.0,5.0,4.089537291347877,-0.2547237052974578,0.0,0.0,"PAXG,BTC,ETH",仓位表现普通有效
812364,570,2026-07-14 02:16:59,30,0x6b40177431bb4d710f047f163442dbe5b6e8f775,smart_money,P-B,66.56833395188553,1.0,24,23,1,0.6086956521739131,0.28049283400836583,-9.191944478013914,0.07876294129777772,9.520613425925928,8.5,10.0,0.47183972241298006,-0.9363371476971049,0.0,0.25,"HYPE,ZEC",仓位表现普通有效
811767,570,2026-07-14 02:16:59,30,0x6b44fb3b080c233c6cb0b2d70f4b5694fd528572,smart_money,P-R,25.0,-0.8,10,6,4,0.3333333333333333,-2.9451722211275335,-11.95385609906743,-6.95958856289207,195.8394722222222,4.4,10.0,4.970564412175676,-14.263313142921675,0.7,0.1,"WLD,ETH,ENA,GRASS,SOL",仓位真实收益偏反向，可作为反向参考
812422,570,2026-07-14 02:16:59,30,0x6ba889db7f923622d3548f621ecc2054b80c1817,smart_money,P-G,45.128559981646546,0.65,3064,3034,30,0.581081081081081,0.13200741244650765,-0.1953047619637835,0.1285599816465489,3.6048897592109097,9.158289817232376,20.0,0.6106843661657284,-0.5304190996295661,0.07898172323759792,0.6393603133159269,"HYPE,LIT,FARTCOIN,XPL,NEAR",高杠杆/短线赌徒型，长期单降权
811768,570,2026-07-14 02:16:59,30,0x6bb971430554e3af58fbd469bce46ab2359a2d23,money_printer,P-G,60.70110354086511,0.65,3,0,3,,,15.743488852205907,15.701103540865114,368.6613888888889,12.666666666666666,25.0,17.86087545786508,-6.697765129085809,0.3333333333333333,0.6666666666666666,"ETH,HYPE,PURR",高杠杆/短线赌徒型，长期单降权
811769,570,2026-07-14 02:16:59,30,0x6bea81d7a0c5939a5ce5552e125ab57216cc597f,money_printer,P-G,46.34576913417943,0.65,3,0,3,,,1.379993510289492,1.3457691341794265,368.6613888888889,20.0,20.0,9.33434794513033,-4.721090766255453,0.0,1.0,"BTC,ETH,SOL",高杠杆/短线赌徒型，长期单降权
812637,570,2026-07-14 02:16:59,30,0x6cd520c1a07c9b53b33d62d04d3c2a3175161968,smart_money,P-B,66.63087956287232,1.0,47,47,0,0.5957446808510638,0.8686312707978628,,0.8686312707978628,10.785673758865247,9.085106382978724,37.0,2.9878147914433795,-1.3504712147441897,0.10638297872340426,0.3404255319148936,"LIT,SOL,PUMP,GRAM,CASHCAT",仓位表现普通有效
812279,570,2026-07-14 02:16:59,30,0x6ce8a609b7e76d22b3cf477c16453ef9ec9a188a,smart_money,P-B,57.016940674978905,1.0,22,14,8,0.5,0.0048396938195755124,1.0430379252249793,0.43272056974206136,119.01750000000001,10.090909090909092,40.0,3.644144467315799,-4.151953196834051,0.4090909090909091,0.36363636363636365,"CC,ME,ETH,AAVE,BTC",仓位表现普通有效
811770,570,2026-07-14 02:16:59,30,0x6d3b90747dbf5883bf88ff7eb5fcc86f408b5409,smart_money,P-G,37.062042067071225,0.65,14,2,12,1.0,2.755492681056324,-9.695565011092697,-7.937957932928773,317.9996031746031,13.785714285714286,40.0,8.840001604774939,-18.140957920276865,0.07142857142857142,0.6428571428571429,"ETH,BNB,BTC,ENA,HYPE",高杠杆/短线赌徒型，长期单降权
812340,570,2026-07-14 02:16:59,30,0x6e88dc3708afc2b0032eeff625df78dcde1e741a,smart_money,P-G,45.372562347067266,0.65,3,2,1,0.5,-0.1873368871376182,1.4923608154770351,0.37256234706726615,134.88435185185185,30.666666666666668,40.0,2.110210445187263,-3.7416499281514297,0.0,1.0,"BTC,SOL",高杠杆/短线赌徒型，长期单降权
812531,570,2026-07-14 02:16:59,30,0x6e8bc7cd0978397b06a14af2a8c31f5daeffea79,smart_money,P-G,45.05182167324096,0.65,145,144,1,0.5763888888888888,0.055202902237505784,-0.5517134823775228,0.05182167324096144,2.542492337164751,20.0,20.0,0.2646654783263072,-0.24186296595272663,0.0,1.0,BTC,高杠杆/短线赌徒型，长期单降权
811771,570,2026-07-14 02:16:59,30,0x6e9989debf991affd8dfe4a73efcbfc8cb658473,smart_money,P-G,57.20280570373365,0.65,4,1,3,1.0,1.3769212391494778,15.811433858595043,12.202805703733654,223.47090277777778,15.0,20.0,18.73079264325988,-0.052397806926225365,0.0,1.0,"HYPE,BTC,ETH",高杠杆/短线赌徒型，长期单降权
811772,570,2026-07-14 02:16:59,30,0x6e9b20e2ebb0e49a1de161b08413a2a988bd9516,smart_money,P-N,50.0,1.0,2,0,2,,,25.359642891868955,25.35964289186895,368.6613888888889,7.5,10.0,39.8467121503068,0.0,0.0,0.5,"HYPE,ZEC",仓位样本不足，暂不影响权重
811773,570,2026-07-14 02:16:59,30,0x6ecbb68c07bd4be7adb7f0365e9263e382aeca2d,smart_money,P-B,77.85045408003984,1.0,510,379,131,0.5118733509234829,0.0041376517213971295,1.3758989787338212,0.24495387534507324,98.61242973856203,4.488235294117647,12.0,4.375196188042029,-4.780947208452188,0.5,0.023529411764705882,"PEOPLE,VINE,HYPE,SKR,BRETT",仓位表现普通有效
812468,570,2026-07-14 02:16:59,30,0x6f577a1b7e3915d4d8c49c951e2332912a62d8a1,smart_money,P-N,50.0,1.0,2,1,1,1.0,2.9384051857371274,3.0291810441510374,2.983793114944082,183.76694444444445,10.0,10.0,6.127445554776131,-4.240755345183101,0.0,1.0,HYPE,仓位样本不足，暂不影响权重
812395,570,2026-07-14 02:16:59,30,0x6f684b155809d6615bb01e0dcf45d304b2e04ad0,smart_money,P-G,45.08994555832033,0.65,4,3,1,0.6666666666666666,1.2116019605857917,-3.2750236484760498,0.08994555832033127,35.969097222222224,20.0,20.0,1.934299593995731,-1.9637338047064834,0.0,1.0,BTC,高杠杆/短线赌徒型，长期单降权
812732,570,2026-07-14 02:16:59,30,0x6f7f358df5a6a4b02178bdbfaae5ed4dc14b28ae,smart_money,P-G,45.1292986608255,0.65,12,12,0,0.25,0.12929866082550068,,0.12929866082550068,19.24775462962963,12.75,40.0,3.418579102583909,-2.5978829995415817,0.08333333333333333,0.5833333333333334,"LIT,WLD,BTC,HYPE,GRAM",高杠杆/短线赌徒型，长期单降权
812598,570,2026-07-14 02:16:59,30,0x6f83ab8890ed38bf38a31010aa9a5e9ca743bfad,smart_money,P-A,80.01590523603295,1.15,9,9,0,0.5555555555555556,1.2922956263754,,1.2922956263754,56.34694444444445,2.4444444444444446,5.0,3.903722398407569,-4.541414866579572,0.8888888888888888,0.0,"ETH,CASHCAT,CAKE,FARTCOIN,HYPE",仓位收益稳定，适合加权参考
812600,570,2026-07-14 02:16:59,30,0x6f97b7de6be7b7771e975e46bae96c35e332e172,smart_money,P-G,46.58857925151187,0.65,23,23,0,0.6086956521739131,1.5885792515118644,,1.5885792515118644,22.379251207729467,10.478260869565217,20.0,4.130944269188582,-1.7074402836319986,0.08695652173913043,0.6956521739130435,"HYPE,ETH,ZEC,ARB,EIGEN",高杠杆/短线赌徒型，长期单降权
812372,570,2026-07-14 02:16:59,30,0x6f97d329b072e0f7b74575565d806a4351b8f824,money_printer,P-N,50.0,1.0,1,0,1,,,7.227101631116678,7.227101631116678,133.99722222222223,10.0,10.0,9.170414792603701,-3.8902743142144827,0.0,1.0,kBONK,仓位样本不足，暂不影响权重
811774,570,2026-07-14 02:16:59,30,0x6fbb33de5f39c690d2decb95b9ab46ed0c83e3bc,smart_money,P-N,50.0,1.0,1,0,1,,,5.359148445325862,5.359148445325861,368.6613888888889,10.0,10.0,8.769009723669702,-1.9631154867062603,0.0,1.0,BTC,仓位样本不足，暂不影响权重
812614,570,2026-07-14 02:16:59,30,0x6fededdbee4f25ad1ccb1bbc30dda3ed0fe9fc23,smart_money,P-G,45.48125914679845,0.65,8,8,0,1.0,0.4812591467984484,,0.4812591467984484,23.89045138888889,13.75,40.0,0.5070228057456629,-0.7771407532589204,0.0,1.0,BTC,高杠杆/短线赌徒型，长期单降权
811775,570,2026-07-14 02:16:59,30,0x7044be555aea5bddb3b9808658500d4e0d0a6b6e,money_printer,P-C,49.684008011960245,0.75,27,0,27,,,38.07316443047565,38.07316443047565,368.6613888888889,7.481481481481482,20.0,51.92680848786416,-14.005293623371479,0.1111111111111111,0.48148148148148145,"AAVE,ADA,ALGO,BNB,CRV",仓位收益偏弱，降权参考
811776,570,2026-07-14 02:16:59,30,0x7050a9abd4f06372247d19c39e5d718636f35fff,smart_money,P-C,58.62859316893299,0.75,15,7,8,0.42857142857142855,-0.1239578716358246,-4.1693937568822665,-1.7328263774785806,192.4487777777778,8.133333333333333,20.0,9.793162876384491,-10.8560931038984,0.2,0.3333333333333333,"DYDX,BTC,AAVE,CC,HYPE",仓位收益偏弱，降权参考
812575,570,2026-07-14 02:16:59,30,0x7064c7abd02a8481a33620e485e75df41b8a5fa5,smart_money,P-G,44.9900714220622,0.65,224,223,1,0.5022421524663677,-0.01004917022123074,0.01696350126665911,-0.009928577937802658,1.637543402777777,20.0,20.0,0.16506085961339378,-0.17808370854745367,0.0,1.0,BTC,高杠杆/短线赌徒型，长期单降权
812576,570,2026-07-14 02:16:59,30,0x706bb519b05b7dc01d048af9a5e29d1ef5d6d9e3,smart_money,P-B,72.8192102298062,1.0,218,217,1,0.4976958525345622,-0.009614748165908057,-0.03903943783209755,-0.009749723806578655,1.691107288481141,3.0,3.0,0.162367310516471,-0.1521190005343144,1.0,0.0,BTC,仓位表现普通有效
812696,570,2026-07-14 02:16:59,30,0x7083a8e36b44865c8d40379502bc081259a0ba66,smart_money,P-B,79.41569678568864,1.0,12,12,0,0.5,2.311942162606193,,2.311942162606193,38.767106481481484,3.0,3.0,4.821439176309264,-2.5761985085507226,1.0,0.0,"UNI,PUMP,WIF,HYPE,ETH",仓位表现普通有效
811777,570,2026-07-14 02:16:59,30,0x70b37757f0344b28ef207d86eada7ca051138153,smart_money,P-N,50.0,1.0,1,0,1,,,-0.17507861464388716,-0.17507861464388716,368.6613888888889,5.0,5.0,5.934047513355965,-4.415457827473059,0.0,0.0,XMR,仓位样本不足，暂不影响权重
811778,570,2026-07-14 02:16:59,30,0x70e76a2090170a1ce5bb7324830f08b32eb2c0a3,smart_money,P-N,50.0,1.0,1,0,1,,,25.56632569177872,25.56632569177872,368.6613888888889,5.0,5.0,30.73932696179699,0.0,0.0,0.0,BTC,仓位样本不足，暂不影响权重
811779,570,2026-07-14 02:16:59,30,0x7116470134e289f7fefb0922902e28200e471447,smart_money,P-C,58.43787921386329,0.75,30,0,30,,,18.73768681867173,18.73768681867173,368.66138888888895,4.566666666666666,10.0,31.521897038839704,-9.212233335853337,0.1,0.06666666666666667,"AAVE,ADA,AERO,ALGO,BCH",仓位收益偏弱，降权参考
811780,570,2026-07-14 02:16:59,30,0x7176cec39ec2c66d545f85c90a217a9cb131dd3e,smart_money,P-N,50.0,1.0,1,0,1,,,75.96851895219297,75.96851895219297,368.6613888888889,10.0,10.0,102.03266312044875,0.0,0.0,1.0,HYPE,仓位样本不足，暂不影响权重
811781,570,2026-07-14 02:16:59,30,0x7177edd4e52e01f5f78093a8834529c31424c621,smart_money,P-B,100.0,1.0,4,2,2,1.0,8.466658952375958,-0.018813782030708825,4.223922585172625,141.51118055555557,7.25,20.0,9.068407798265632,-6.262923856407666,0.75,0.25,"LIT,SOL",仓位表现普通有效
812611,570,2026-07-14 02:16:59,30,0x718cc7ee2ae2493ebf7d454316df6b61f4e1a868,smart_money,P-C,10.711291331061963,0.75,3,3,0,0.0,-7.196627274733999,,-7.196627274733999,81.88824074074074,5.333333333333333,10.0,1.6575022160717534,-7.393900109979863,0.6666666666666666,0.3333333333333333,"SOL,kBONK,HYPE",仓位收益偏弱，降权参考
812745,570,2026-07-14 02:16:59,30,0x71b117d68974aa4c5615669ae70e8e13ce7479c8,smart_money,P-G,45.99390030134737,0.65,7,7,0,0.7142857142857143,0.9939003013473647,,0.9939003013473647,11.723492063492063,13.285714285714286,25.0,2.656945399358339,-0.7473145168463785,0.14285714285714285,0.8571428571428571,"ENA,BTC,ZEC,GRASS",高杠杆/短线赌徒型，长期单降权
812802,570,2026-07-14 02:16:59,30,0x71cfa5e263e866f7961091e01ebc5a2d11616c20,smart_money,P-N,50.0,1.0,2,2,0,1.0,0.5294074472621991,,0.5294074472621991,0.7655555555555555,5.0,5.0,0.9247462472810202,0.0,0.0,0.0,WIF,仓位样本不足，暂不影响权重
811782,570,2026-07-14 02:16:59,30,0x71dfc07de32c2ebf1c4801f4b1c9e40b76d4a23d,money_printer,P-C,51.53089986991944,0.75,8,0,8,,,16.5783538051136,16.97307642832902,368.66138888888884,3.25,10.0,31.017029074543704,-7.3549296316319355,0.875,0.125,"ADA,BTC,ETH,GRIFFAIN,LIT",仓位收益偏弱，降权参考
811783,570,2026-07-14 02:16:59,30,0x71f12a5b0e60d2ff8a87fd34e7dcff3c10c914b0,smart_money,P-G,62.88137450103091,0.65,4,0,4,,,17.881374501030912,17.881374501030912,368.6613888888889,13.75,20.0,26.756158442773845,-5.030302820238879,0.0,0.75,"BTC,CRV,ETH,PENDLE",高杠杆/短线赌徒型，长期单降权
812821,570,2026-07-14 02:16:59,30,0x720c933b5eb30fc37461789ef3264e51f2a7f4af,smart_money,P-N,50.0,1.0,2,2,0,1.0,0.49242258634786124,,0.49242258634786124,0.5680555555555555,7.5,10.0,0.49242258634786124,0.0,0.0,0.5,"GRAM,JUP",仓位样本不足，暂不影响权重
811784,570,2026-07-14 02:16:59,30,0x7213466fb8a382b977cc9086a12ecbc17e9d4df8,smart_money,P-N,50.0,1.0,1,0,1,,,-6.265612645849301,-6.750170746263051,368.6613888888889,20.0,20.0,0.0,-14.672970172343437,0.0,1.0,BTC,仓位样本不足，暂不影响权重
812672,570,2026-07-14 02:16:59,30,0x7258d00a24d6829ac4bf355127bfbc9e2303aed4,smart_money,P-G,44.72527487588103,0.65,11,11,0,0.5454545454545454,-0.27472512411896977,,-0.27472512411896977,21.92161616161616,21.636363636363637,40.0,3.040416063990817,-1.695829152433934,0.09090909090909091,0.6363636363636364,"BTC,LIT,ETH,ZEC,VVV",高杠杆/短线赌徒型，长期单降权
812506,570,2026-07-14 02:16:59,30,0x727956612a8700627451204a3ae26268bd1a1525,money_printer,P-B,74.37313440368563,1.0,4231,4211,20,0.5195915459510805,0.0010832392673966347,-0.18312318033116784,0.0008630935549984571,1.7215836156411541,2.8747341054124322,3.0,0.45651413435433225,-0.40245485097511025,1.0,0.0,"FARTCOIN,HYPE,VVV,LIT,LINK",仓位表现普通有效
811785,570,2026-07-14 02:16:59,30,0x72988778525f0ce15c5ac1804ac460606a987d6c,money_printer,P-N,50.0,1.0,2,1,1,1.0,3.958603896103896,47.95797767564019,25.95829078587204,327.66847222222225,20.0,20.0,29.61320239137459,-2.812905844155844,0.0,1.0,"ETH,BTC",仓位样本不足，暂不影响权重
812511,570,2026-07-14 02:16:59,30,0x72cb918356c4f6d3f1b2e532928110ba6995f139,money_printer,P-G,45.11841568242244,0.65,38,37,1,0.5675675675675675,0.11090946625833012,-0.1376029199445871,0.11841568242243514,9.701615497076027,10.0,10.0,0.4733361496019178,-0.34484773756913756,0.0,1.0,SOL,高杠杆/短线赌徒型，长期单降权
811786,570,2026-07-14 02:16:59,30,0x72db642e6c803993aef6fc17e9b159c536508bb6,smart_money,P-N,50.0,1.0,2,0,2,,,-0.9652372716126221,-0.9652372716126221,368.6613888888889,20.0,20.0,5.671386999803909,-8.257790081679074,0.0,1.0,"BTC,SOL",仓位样本不足，暂不影响权重
811787,570,2026-07-14 02:16:59,30,0x72ffacea0906eb393b2e680ab5e25efbd8d1a9c4,smart_money,P-G,35.0,0.65,3,0,3,,,-38.93171456579307,-38.93171456579307,368.6613888888889,15.0,20.0,3.399238580211532,-45.15580272314841,0.0,0.6666666666666666,"BERA,BTC,ETH",高杠杆/短线赌徒型，长期单降权
811788,570,2026-07-14 02:16:59,30,0x7345985dd7e2c521a0ba97929aea93614627d58e,smart_money,P-N,50.0,1.0,2,1,1,0.0,-3.5572326368373006,-9.658419986688905,-6.6078263117631035,191.77847222222223,10.0,10.0,1.8614071121352858,-8.786471732907394,0.0,1.0,"HYPE,ZEC",仓位样本不足，暂不影响权重
811789,570,2026-07-14 02:16:59,30,0x74666e2e87171274b46ab8c2e321bb237693fc83,smart_money,P-G,48.416673666694294,0.65,4,0,4,,,1.5225533132052826,3.4166736666942947,325.198125,23.75,40.0,12.077778116691476,-6.032156433154501,0.0,1.0,"BTC,ETH,SOL,HYPE",高杠杆/短线赌徒型，长期单降权
812331,570,2026-07-14 02:16:59,30,0x747b1125d08a5a2cf33550cbb038e406ebf241ad,smart_money,P-C,47.02389281326109,0.75,4,3,1,0.3333333333333333,-1.6202077409546485,8.200542356160227,0.8349797833240705,68.47916666666666,5.75,10.0,4.685273497705585,-2.5851594268692772,0.25,0.25,"SOL,NEAR,BTC",仓位收益偏弱，降权参考
812438,570,2026-07-14 02:16:59,30,0x749af60aeddb86cd0aa41e50f546097528ec9cd9,smart_money,P-N,50.0,1.0,2,1,1,1.0,16.316276483025455,2.749763906215387,9.688360979962514,29.621111111111112,3.0,3.0,18.51041348605925,-5.742347302109145,1.0,0.0,CASHCAT,仓位样本不足，暂不影响权重
812616,570,2026-07-14 02:16:59,30,0x74b7384e761cefb6323728d0f87e6f6c4675b93f,smart_money,P-B,52.00543007238342,1.0,4,4,0,0.5,0.4924150795518967,,0.4924150795518967,1.970902777777778,5.75,10.0,0.7540396762265625,-0.71049615202183,0.25,0.25,"LIT,CHIP,IMX,kBONK",仓位表现普通有效
812813,570,2026-07-14 02:16:59,30,0x7576b7a1d278e3004dd37bbeb90e0b08ca70a1b9,smart_money,P-N,50.0,1.0,1,1,0,0.0,-9.14857173276475,,-9.14857173276475,113.84055555555555,3.0,3.0,71.63236337828248,-10.29098651525904,1.0,0.0,DYDX,仓位样本不足，暂不影响权重
811790,570,2026-07-14 02:16:59,30,0x7583b5364597736a6a72c4ba61ede0a4a37ef4de,smart_money,P-N,50.0,1.0,2,0,2,,,-32.66556771149055,-32.66556771149055,368.6613888888889,15.0,20.0,0.0,-41.97897954778111,0.0,1.0,"SOL,UNI",仓位样本不足，暂不影响权重
811791,570,2026-07-14 02:16:59,30,0x75d0051e8bb42fa53ef1be9951963a69ad1adf0a,smart_money,P-C,34.769886717653904,0.75,8,2,6,0.0,-4.978192467694242,1.163855907029405,1.869493423867232,289.4756597222222,4.875,10.0,8.341228249681432,-7.2350359913985045,0.625,0.25,"AVAX,HBAR,NEAR,STX,XMR",仓位收益偏弱，降权参考
812319,570,2026-07-14 02:16:59,30,0x75ec3ba266176e733f1b1fdaa15052f5eff724b8,money_printer,P-R,25.0,-0.8,8,6,2,0.3333333333333333,-3.500334797373771,-5.6159588348295655,-4.02924080673772,85.45135416666668,6.0,10.0,4.361404639147713,-6.378641199943584,0.125,0.25,"HYPE,LIT,JTO,GRAM,MORPHO",仓位真实收益偏反向，可作为反向参考
811792,570,2026-07-14 02:16:59,30,0x75ee7dfabcbbb47f8b2abaf1f533b59d3e25354f,smart_money,P-C,52.458479127142915,0.75,12,1,11,0.0,-81.02511426626471,18.554868515642895,10.256536617150593,332.57412037037034,5.083333333333333,20.0,32.30245772831335,-18.33618112324845,0.5833333333333334,0.16666666666666666,"ALGO,AVAX,BTC,GRIFFAIN,HYPE",仓位收益偏弱，降权参考
811793,570,2026-07-14 02:16:59,30,0x75f3665323cce024368870bfd89db0c21e1ce76b,smart_money,P-B,84.20249284818806,1.0,620,491,129,0.6008146639511202,0.3287610600993352,0.9040125079342071,0.34692673419191833,80.95702060931897,4.769354838709678,12.0,4.287487104636923,-4.190327187266824,0.3725806451612903,0.027419354838709678,"HYPE,VVV,SOL,VINE,ADA",仓位表现普通有效
811794,570,2026-07-14 02:16:59,30,0x7625dc67deab1864570ad816f59a9b867f280e49,money_printer,P-C,32.879551828714,0.75,7,0,7,,,35.8758775911632,35.8758775911632,368.66138888888884,14.714285714285714,40.0,49.17769392014342,-14.045552869719762,0.14285714285714285,0.42857142857142855,"ASTER,BTC,ETH,FARTCOIN,HYPE",仓位收益偏弱，降权参考
811795,570,2026-07-14 02:16:59,30,0x76c2164fc79492401db1890db0d17d16b9155aa0,smart_money,P-N,50.0,1.0,1,0,1,,,-42.9837730101381,-42.9837730101381,368.6613888888889,40.0,40.0,0.0,-46.946294239560046,0.0,1.0,BTC,仓位样本不足，暂不影响权重
811796,570,2026-07-14 02:16:59,30,0x76c2cd1b8a249f465f8445c455cb78e0eed36f1e,smart_money,P-G,44.762374921872365,0.65,24,12,12,0.3333333333333333,0.1714478599996374,-0.6786274523394759,-0.2376250781276356,184.3306944444444,13.583333333333334,20.0,6.819152660223735,-7.455834209589901,0.08333333333333333,0.9166666666666666,"XRP,ZEC,ADA,ETH,BTC",高杠杆/短线赌徒型，长期单降权
812499,570,2026-07-14 02:16:59,30,0x770493a14c49ea81192b5191a536f0530041311b,smart_money,P-A,82.18198957554675,1.15,87,77,10,0.7012987012987013,1.6977217807064582,0.3737423967341029,1.5455402423188314,17.67004150702428,3.0229885057471266,5.0,2.855779133355058,-3.694141805635737,0.9885057471264368,0.0,"LIT,XPL,JUP,ETHFI,SPX",仓位收益稳定，适合加权参考
811797,570,2026-07-14 02:16:59,30,0x7717a7a245d9f950e586822b8c9b46863ed7bd7e,money_printer,P-C,67.86034992037123,0.75,696,528,168,0.4431818181818182,-0.21027932930942664,2.120270648818583,0.13432856520129535,88.98723180076641,5.966954022988506,20.0,2.8362201501024717,-3.0428875756511777,0.5186781609195402,0.27155172413793105,"AZTEC,HYPE,BTC,GOAT,kNEIRO",仓位收益偏弱，降权参考
811798,570,2026-07-14 02:16:59,30,0x7725a7f2bb0e1c448d6fe361d53c840486ec6557,money_printer,P-G,50.763968020159055,0.65,9,0,9,,,5.763968020159058,5.763968020159057,368.66138888888884,13.333333333333334,40.0,16.415289355125957,-8.513412043727357,0.0,0.7777777777777778,"AAVE,ADA,ASTER,BTC,ETH",高杠杆/短线赌徒型，长期单降权
811799,570,2026-07-14 02:16:59,30,0x77375a8c9d13bf79afb2a87f1b0ac1dfd5f5bf66,money_printer,P-G,47.62742270381512,0.65,22,17,5,0.23529411764705882,-0.7235447687177062,14.681597982549672,2.627422703815119,93.84212121212123,11.409090909090908,15.0,8.74793137979937,-4.28919034993557,0.09090909090909091,0.8636363636363636,"BTC,ETH,ZEC,SOL,XPL",高杠杆/短线赌徒型，长期单降权
811800,570,2026-07-14 02:16:59,30,0x774f28fc243d6aa8787506869643fb4698bd2133,money_printer,P-C,38.1948234554653,0.75,5,1,4,0.0,-20.729401750338642,9.864679201059472,4.102561706052554,278.8935,4.8,10.0,12.259175704401125,-14.833528917290835,0.6,0.2,"PURR,STBL,FARTCOIN,CASHCAT,LIT",仓位收益偏弱，降权参考
811801,570,2026-07-14 02:16:59,30,0x775a74163592917c12be68749a6906944467fe45,smart_money,P-N,50.0,1.0,1,0,1,,,23.791767146898138,23.791767146898135,368.6613888888889,10.0,10.0,29.088096919663386,0.0,0.0,1.0,BTC,仓位样本不足，暂不影响权重
811802,570,2026-07-14 02:16:59,30,0x77746ff04a7014752ab12d81d531aa5e50775343,smart_money,P-N,50.0,1.0,1,0,1,,,4.590987624649121,4.590987624649121,368.6613888888889,10.0,10.0,7.868105091473597,-9.540825658257726,0.0,1.0,HYPE,仓位样本不足，暂不影响权重
812795,570,2026-07-14 02:16:59,30,0x7782d30cf2850815fd84cd99790b4bc6b2c23fd0,smart_money,P-N,50.0,1.0,1,1,0,1.0,1.795823665893264,,1.795823665893264,0.49972222222222223,10.0,10.0,1.7958236658932643,0.0,0.0,1.0,XPL,仓位样本不足，暂不影响权重
812477,570,2026-07-14 02:16:59,30,0x77998579f578c01030db65e75edc47bfe890c291,smart_money,P-C,62.381817817724404,0.75,3,2,1,0.5,-3.0218123486833814,-0.540467396841569,-2.1946973647361108,90.44101851851853,5.666666666666667,6.0,0.9655187285520249,-3.7607432009380353,0.0,0.0,BTC,仓位收益偏弱，降权参考
811803,570,2026-07-14 02:16:59,30,0x77fee2df7bad4f1db93052fa82bf78eaab771a16,smart_money,P-B,82.23211786637233,1.0,11,5,6,0.6,1.2911203499696176,6.589256999572686,5.045459143758685,220.07328282828286,9.727272727272727,20.0,10.413347242550303,-4.235496561706154,0.36363636363636365,0.36363636363636365,"BTC,AERO,HBAR,HEMI,VVV",仓位表现普通有效
811804,570,2026-07-14 02:16:59,30,0x780825f3f0ad6799e304fb843387934c1fa06e70,smart_money,P-G,44.79787153646682,0.65,11,8,3,0.75,0.37524781497003795,-1.4303845055997402,-0.2021284635331773,107.05696969696969,21.818181818181817,40.0,3.6180033302145107,-5.07459868675401,0.0,0.8181818181818182,"BTC,ETH,SOL,HYPE,UNI",高杠杆/短线赌徒型，长期单降权
812717,570,2026-07-14 02:16:59,30,0x781da72af1060132c4bce55ce91b1a8553271b6e,smart_money,P-G,42.28873049573912,0.65,6,6,0,0.5,-2.7112695042608834,,-2.7112695042608834,64.62856481481482,17.5,20.0,3.0342562350628364,-5.208231452725979,0.0,0.8333333333333334,"BTC,LIT",高杠杆/短线赌徒型，长期单降权
811805,570,2026-07-14 02:16:59,30,0x781e95fdc049433565cf8e05265361b8402196b7,smart_money,P-G,47.43560110551353,0.65,7,1,6,1.0,9.504553760869548,0.8898100760756806,2.435601105513526,322.16801587301586,10.428571428571429,25.0,10.980194716842819,-9.22753965037335,0.14285714285714285,0.7142857142857143,"AERO,ETH,HYPE,NEAR,PAXG",高杠杆/短线赌徒型，长期单降权
812442,570,2026-07-14 02:16:59,30,0x782b3978d7148a1c6fbfae1bfd6e1079d15d8b2a,smart_money,P-G,47.67514682518124,0.65,6,4,2,0.75,2.565297565237872,2.8948453450679654,2.6751468251812365,53.6813888888889,20.0,20.0,6.463990960038916,-1.1913445173839035,0.0,1.0,"BTC,ETH,XRP,SOL",高杠杆/短线赌徒型，长期单降权
812263,570,2026-07-14 02:16:59,30,0x7894bb4cd20e08c2ec1895968dd0b3d97edca5f7,smart_money,P-R,25.0,-0.8,6,4,2,0.25,-1.1165646386392325,-1.2081657750344368,-1.0992930721192844,210.65324074074076,6.833333333333333,10.0,5.973757619673502,-3.7508511299550364,0.0,0.3333333333333333,"BTC,SOL,ICP,NEAR,HYPE",仓位真实收益偏反向，可作为反向参考
811806,570,2026-07-14 02:16:59,30,0x78aa6328eae8028a089c35d2819f79c78de2a7e5,smart_money,P-G,45.435407053340676,0.65,12,11,1,0.5454545454545454,0.19384206753630753,3.0926218971887156,0.4354070533406749,55.642546296296295,13.75,30.0,3.0837164790237064,-1.7753679711068469,0.0,0.75,"SOL,LIT,HYPE,BTC,NEAR",高杠杆/短线赌徒型，长期单降权
812532,570,2026-07-14 02:16:59,30,0x78dce96236804d6958bf3c4598cf5efbc371629c,smart_money,P-G,45.035763289434215,0.65,165,164,1,0.5182926829268293,0.03903974484785243,-0.40563061579034726,0.03576328943421696,2.2343114478114474,20.0,20.0,0.23149412087804308,-0.21264395509104242,0.0,1.0,BTC,高杠杆/短线赌徒型，长期单降权
812533,570,2026-07-14 02:16:59,30,0x793660578d2628b0ec7e0e2b5c75a4847ae80706,smart_money,P-B,62.136769185189145,1.0,196,195,1,0.5743589743589743,0.049880330957301815,-0.057789846941064045,0.047453143091690485,1.87140164399093,9.826530612244898,20.0,0.3075073219040851,-0.21847188968480571,0.0,0.40816326530612246,ETH,仓位表现普通有效
811807,570,2026-07-14 02:16:59,30,0x79399dac99daa4a77d2bcd8ef6f5abf5966468e7,smart_money,P-N,50.0,1.0,1,0,1,,,6.6411398075126495,7.630219202599451,368.6613888888889,1.0,1.0,16.18067372065697,-20.538698577798407,1.0,0.0,ZEC,仓位样本不足，暂不影响权重
812842,570,2026-07-14 02:16:59,30,0x7945772aa99d08bf90e91ff1e8e77d3c11c2a7e6,money_printer,P-N,50.0,1.0,1,1,0,1.0,0.87835800050419,,0.87835800050419,72.84,10.0,10.0,9.401838179900551,-3.3599517854452254,0.0,1.0,FARTCOIN,仓位样本不足，暂不影响权重
811808,570,2026-07-14 02:16:59,30,0x795cfd1b03eafc11c4ec958b8a94cfc9aa64a242,money_printer,P-N,50.0,1.0,1,0,1,,,10.853621269226844,10.853621269226842,368.6613888888889,10.0,10.0,27.273062562128324,0.0,0.0,1.0,HYPE,仓位样本不足，暂不影响权重
812858,570,2026-07-14 02:16:59,30,0x798296cea00d6494c9e47f43e2d5f9189fd5729f,smart_money,P-N,50.0,1.0,1,1,0,1.0,22.311861725016247,,22.311861725016247,55.940555555555555,6.0,6.0,22.311861725016243,0.0,0.0,0.0,BTC,仓位样本不足，暂不影响权重
812500,570,2026-07-14 02:16:59,30,0x7a51ce9751493a2448c3ebc76667c6e7cf27900d,smart_money,P-G,44.29405879657525,0.65,3,2,1,0.0,-0.8443346214951502,-0.27239302964565715,-0.7059412034247484,122.22037037037036,10.0,10.0,3.526910637504756,-2.670078389200715,0.0,1.0,HYPE,高杠杆/短线赌徒型，长期单降权
812519,570,2026-07-14 02:16:59,30,0x7a5a42bd6b1fd13368732be8a7b63e06064e0394,money_printer,P-G,45.1307472736724,0.65,7,6,1,0.6666666666666666,0.03892136021988093,0.6165289167719455,0.1307472736723961,52.6659126984127,10.0,10.0,1.418243404659794,-1.4254666505999667,0.0,1.0,SOL,高杠杆/短线赌徒型，长期单降权
811809,570,2026-07-14 02:16:59,30,0x7a8862d9cfab25a31f6754199bde7945ec23de62,smart_money,P-C,34.463618120334246,0.75,13,0,13,,,4.315938452479089,4.31593845247909,368.6613888888888,8.076923076923077,10.0,12.480951632986255,-9.401904681947222,0.0,0.6153846153846154,"ADA,APT,DOT,EIGEN,HYPE",仓位收益偏弱，降权参考
811810,570,2026-07-14 02:16:59,30,0x7a9f3a323dbeefecded2432e00cc2e53bfdf9977,smart_money,P-G,36.1355412228588,0.65,3,0,3,,,-8.864458777141202,-8.864458777141202,368.6613888888889,16.666666666666668,20.0,2.6824219801253797,-16.53377617071309,0.0,1.0,"BTC,HYPE,SOL",高杠杆/短线赌徒型，长期单降权
812577,570,2026-07-14 02:16:59,30,0x7ab12f7a0925ef24927343d47199e75a91fc78aa,smart_money,P-B,60.27197472720379,1.0,196,196,0,0.5714285714285714,-0.06809426905116402,,-0.06809426905116402,0.7578103741496605,8.576530612244898,40.0,0.5150697347673644,-0.4635497267863883,0.18877551020408162,0.47959183673469385,"LIT,ZEC,VVV,FARTCOIN,BTC",仓位表现普通有效
811811,570,2026-07-14 02:16:59,30,0x7ac0db5dfa7d1dc7d1901b9ad50e8bb1813b140e,smart_money,P-N,50.0,1.0,1,0,1,,,70.02715755065928,70.02715755065928,368.6613888888889,3.0,3.0,72.71772122344152,0.0,1.0,0.0,MEGA,仓位样本不足，暂不影响权重
811812,570,2026-07-14 02:16:59,30,0x7af0b7a51c6bbf3970a5d0c79fc958f3d5ec58b7,smart_money,P-B,55.07283473510256,1.0,26,20,6,0.5,0.5114635318419654,0.35970424159602926,0.4615506276971961,84.83476495726497,12.153846153846153,40.0,2.9063210596781044,-3.3225626331615836,0.2692307692307692,0.5,"CC,ETH,ALGO,LIT,XRP",仓位表现普通有效
812806,570,2026-07-14 02:16:59,30,0x7b5aaa7bf50c7b18d03824c049b116e296fe67bd,smart_money,P-C,61.12275857852507,0.75,468,468,0,0.47435897435897434,0.005823733706984198,,0.005823733706984198,6.905974596391273,4.912393162393163,20.0,1.0381443337938892,-0.9519978668958803,0.3162393162393162,0.1047008547008547,"JUP,ACE,VIRTUAL,YGG,ANIME",仓位收益偏弱，降权参考
811813,570,2026-07-14 02:16:59,30,0x7b8529dfd37b7483faae2bfd3051a52b32e9a23b,smart_money,P-G,65.0,0.65,9,0,9,,,37.896925976128536,37.886536930814934,368.66138888888884,13.11111111111111,20.0,44.29491439939735,-5.3549992740301136,0.1111111111111111,0.7777777777777778,"BNB,BTC,DOGE,ETH,HYPE",高杠杆/短线赌徒型，长期单降权
812818,570,2026-07-14 02:16:59,30,0x7bedd1556856ee82d0c11ea82c4825c7a7b046f3,smart_money,P-R,25.0,-0.8,6,6,0,0.0,-0.8756066446590194,,-0.8756066446590194,9.781342592592592,11.5,20.0,0.7046923723080316,-1.064738560181221,0.0,0.3333333333333333,"BTC,HYPE",仓位真实收益偏反向，可作为反向参考
811814,570,2026-07-14 02:16:59,30,0x7c45b26c41c29330d042003cb312e73a3912024f,smart_money,P-C,49.771212547196626,0.75,3,0,3,,,39.88375484459367,39.88375484459366,368.6613888888889,5.0,5.0,45.0670807197998,0.0,0.0,0.0,"BTC,ETH,SOL",仓位收益偏弱，降权参考
812679,570,2026-07-14 02:16:59,30,0x7c687e7f19758725aad931fb3a6fdc333690ff90,smart_money,P-C,37.104545880529955,0.75,3,3,0,0.3333333333333333,-19.017170841608618,,-19.017170841608618,130.46703703703704,4.333333333333333,5.0,6.6679032121063555,-23.822545656601832,0.3333333333333333,0.0,"ZEC,LIT",仓位收益偏弱，降权参考
811815,570,2026-07-14 02:16:59,30,0x7c7206eb666300e50411a9718d6b2b626297f9da,smart_money,P-N,50.0,1.0,2,1,1,1.0,33.54618585298198,46.69645659288928,40.12132122293562,189.49805555555557,20.0,20.0,43.88406638441831,0.0,0.0,1.0,"ETH,BTC",仓位样本不足，暂不影响权重
811816,570,2026-07-14 02:16:59,30,0x7c930969fcf3e5a5c78bcf2e1cefda3f53e3c8fd,money_printer,P-C,56.00518786722332,0.75,143,60,83,0.2833333333333333,-1.6617456956654337,2.507297078139735,0.09292027393800265,154.5828321678322,7.356643356643357,40.0,5.562696729073252,-5.638978632189472,0.16783216783216784,0.3006993006993007,"BTC,MEGA,DYDX,FET,TRUMP",仓位收益偏弱，降权参考
811817,570,2026-07-14 02:16:59,30,0x7c976f00e84db0b44f945fc6d7fad34b43150a1a,smart_money,P-G,61.5511432106565,0.65,14,4,10,0.75,7.3050981321966235,20.24956124204045,16.551143210656498,325.720873015873,11.642857142857142,20.0,28.347157002192727,-4.248604821332688,0.07142857142857142,0.7857142857142857,"ADA,APT,BTC,DOGE,HYPE",高杠杆/短线赌徒型，长期单降权
812276,570,2026-07-14 02:16:59,30,0x7ca165f354e3260e2f8d5a7508cc9dd2fa009235,money_printer,P-G,44.8126056967695,0.65,11,10,1,0.5,-0.1926281858358013,-0.38885184262748157,-0.18739430323049522,33.514671717171716,13.0,13.0,0.44399236188781066,-0.563671439006222,0.0,1.0,BTC,高杠杆/短线赌徒型，长期单降权
811818,570,2026-07-14 02:16:59,30,0x7d5c17cddaabc227c7d1a34ac7f6cdfda6985d48,smart_money,P-G,45.9164622396765,0.65,22,19,3,0.3684210526315789,-0.7234265136508758,12.484359224773797,0.9164622396764958,71.16193181818181,16.59090909090909,20.0,3.941951429521458,-1.8830204556314314,0.0,0.8636363636363636,"BTC,ETH,SOL,ENA,SUI",高杠杆/短线赌徒型，长期单降权
811819,570,2026-07-14 02:16:59,30,0x7dacca323e44f168494c779bb5e7483c468ef410,money_printer,P-N,50.0,1.0,1,0,1,,,-2.304830906129192,-2.304830906129192,368.6613888888889,10.0,10.0,1.2091447651001308,-17.458040569562293,0.0,1.0,HYPE,仓位样本不足，暂不影响权重
811820,570,2026-07-14 02:16:59,30,0x7dd6af227362f4115e060f39c00791ffcf4230d8,money_printer,P-G,65.0,0.65,8,0,8,,,48.561704904709,48.561704904709,368.66138888888884,11.875,20.0,52.138379440642154,-2.181731543776449,0.0,0.875,"AAVE,AVAX,HYPE,SOL,UNI",高杠杆/短线赌徒型，长期单降权
812578,570,2026-07-14 02:16:59,30,0x7dd6f02fef939cea86f0243358255f6b57a6cf0d,smart_money,P-G,45.012952371573625,0.65,251,250,1,0.524,0.012340075365486574,0.16602642360867212,0.012952371573626751,1.4283089862771134,15.752988047808765,30.0,0.19045773355315276,-0.1447453676258507,0.07171314741035857,0.6254980079681275,BTC,高杠杆/短线赌徒型，长期单降权
811821,570,2026-07-14 02:16:59,30,0x7de07bb8a43c1953a019906cf2c8287dae478be9,money_printer,P-N,50.0,1.0,2,0,2,,,1.1529844725010143,1.1529844725010143,368.6613888888889,20.0,20.0,24.966347652045968,-22.271747321828883,0.0,1.0,"BTC,ETH",仓位样本不足，暂不影响权重
811822,570,2026-07-14 02:16:59,30,0x7e09dfbba23d078e16f038b1ed4c558185c4be1e,smart_money,P-N,50.0,1.0,1,0,1,,,-2.3399060509849736,3.8630741534998077,368.6613888888889,10.0,10.0,15.438408688684671,-2.6295399902550476,0.0,1.0,HYPE,仓位样本不足，暂不影响权重
811823,570,2026-07-14 02:16:59,30,0x7e0dfa222d18639220e40ab4d2e98ebdefa44dab,smart_money,P-N,50.0,1.0,1,0,1,,,-21.968732361087408,-21.968732361087408,368.6613888888889,3.0,3.0,0.0,-31.809331285578637,1.0,0.0,ETH,仓位样本不足，暂不影响权重
811824,570,2026-07-14 02:16:59,30,0x7e19c25679a5f4cc1351e80d428ebe6df929adb1,smart_money,P-B,80.90704191125576,1.0,11,7,4,0.7142857142857143,3.0383049926491403,-1.7640005300849155,1.2920120752913016,141.22308080808082,9.818181818181818,40.0,12.153531948740037,-5.5216587564770725,0.09090909090909091,0.45454545454545453,"AAVE,SPX,WIF,BTC,ZEC",仓位表现普通有效
812742,570,2026-07-14 02:16:59,30,0x7e4e766d0ae5ea9cded0c694669194db92800107,money_printer,P-N,50.0,1.0,1,1,0,1.0,1.125521215250506,,1.125521215250506,104.41083333333333,1.0,1.0,4.810728175489903,-1.2066594061725755,1.0,0.0,HYPE,仓位样本不足，暂不影响权重
811825,570,2026-07-14 02:16:59,30,0x7e5198aecb7285e6c4419620685c3950816e780f,smart_money,P-C,37.6750142471803,0.75,11,1,10,0.0,-2.0000808930593843,5.343606156884866,4.675998243253573,337.3290404040403,7.818181818181818,20.0,18.284888640767466,-9.080465129389433,0.18181818181818182,0.45454545454545453,"AAVE,ENA,HYPE,TAO,TIA",仓位收益偏弱，降权参考
811826,570,2026-07-14 02:16:59,30,0x7eaf2d4d87452f06bb6af45bf03c1913b415dfd6,smart_money,P-G,50.116730346125735,0.65,10,6,4,1.0,6.777792119806798,2.6260660094428245,5.116730346125738,158.79394444444443,15.3,40.0,7.751271899767653,-5.558248381202334,0.1,0.9,"PUMP,BTC,AAVE,XPL,FARTCOIN",高杠杆/短线赌徒型，长期单降权
811827,570,2026-07-14 02:16:59,30,0x7eb4d1f3b748890d7dfcd8eae09b087454fedce9,smart_money,P-G,35.98075124539352,0.65,7,5,2,0.0,-12.638131355732444,0.027957748208440325,-9.019248754606478,103.3671031746032,11.857142857142858,20.0,1.942332024670614,-10.881207156741178,0.14285714285714285,0.8571428571428571,"HYPE,BTC,CASHCAT,SUI,SOL",高杠杆/短线赌徒型，长期单降权
811828,570,2026-07-14 02:16:59,30,0x7eb9026d0183942458bd4660371c3cc0a2df3beb,money_printer,P-N,50.0,1.0,1,0,1,,,2.286513239216172,2.3667360293648128,368.6613888888889,4.0,4.0,5.596931232696842,-5.042346234574455,0.0,0.0,BTC,仓位样本不足，暂不影响权重
812833,570,2026-07-14 02:16:59,30,0x7ee6b077b59f4417bc36d41bb65365644315db10,smart_money,P-A,80.5796207238965,1.15,7,7,0,0.7142857142857143,3.421463019019818,,3.421463019019818,33.02619047619048,5.571428571428571,10.0,11.569951733343744,-5.504658617335027,0.42857142857142855,0.2857142857142857,"STABLE,AAVE,NEAR,ORDI,SPX",仓位收益稳定，适合加权参考
812849,570,2026-07-14 02:16:59,30,0x7f1e97d8eb3ddb8659cb59d611becc438f89b7a2,smart_money,P-G,44.111476407276115,0.65,3,3,0,0.3333333333333333,-0.8885235927238853,,-0.8885235927238853,20.941203703703707,16.666666666666668,20.0,1.3893014645568702,-1.4867052257055289,0.0,1.0,"BTC,ETH",高杠杆/短线赌徒型，长期单降权
811829,570,2026-07-14 02:16:59,30,0x7f70f12185d44067d45d1ebb21b497f311c7d67d,smart_money,P-N,50.0,1.0,1,0,1,,,19.84211296120952,19.84211296120952,368.6613888888889,20.0,20.0,25.41293631915096,0.0,0.0,1.0,BTC,仓位样本不足，暂不影响权重
811830,570,2026-07-14 02:16:59,30,0x7fa02bda84034b71213871ef70627b4052d35a94,smart_money,P-C,31.10454588052996,0.75,3,0,3,,,12.67137572536604,12.671375725366042,302.0452777777778,10.0,20.0,24.90898513490571,-0.38528205392232356,0.0,0.3333333333333333,"MON,TAO,SOL",仓位收益偏弱，降权参考
811831,570,2026-07-14 02:16:59,30,0x7fdafde5cfb5465924316eced2d3715494c517d1,money_printer,P-G,54.80654391419448,0.65,44,17,27,0.6470588235294118,2.1326102294617404,14.435443353071337,9.806543914194476,226.22403409090904,11.931818181818182,20.0,18.12741202567582,-8.666052401544285,0.11363636363636363,0.6363636363636364,"SOL,HYPE,BTC,XRP,TAO",高杠杆/短线赌徒型，长期单降权
811832,570,2026-07-14 02:16:59,30,0x7ff59a95c9e0b908adfc374139008ecb9a1d126b,smart_money,P-B,77.02240897157114,1.0,7,2,5,0.5,0.6157273725402451,17.825908424768738,13.048007798936322,300.1832142857143,9.0,20.0,22.528626842557028,-0.7105978812764304,0.14285714285714285,0.5714285714285714,"BTC,DOGE,HYPE,TAO,TNSR",仓位表现普通有效
811833,570,2026-07-14 02:16:59,30,0x807ddb66768050ee457165ad6d21cc1275a896ac,smart_money,P-G,53.26302782731904,0.65,6,2,4,0.5,0.15127176760301508,12.318905857177057,8.263027827319043,284.4389814814815,10.833333333333334,20.0,16.63011504083305,-3.0983927715577075,0.0,0.8333333333333334,"BTC,HYPE,LINK,ZRO,TRX",高杠杆/短线赌徒型，长期单降权
812423,570,2026-07-14 02:16:59,30,0x810ab853d951613a567792a675922c6498bce29f,smart_money,P-N,50.0,1.0,2,1,1,1.0,2.054147978811196,-2.302534266837601,-0.12419314401320247,194.83277777777778,22.5,25.0,5.005551988345819,-5.41958797905146,0.0,1.0,"ETH,SOL",仓位样本不足，暂不影响权重
812380,570,2026-07-14 02:16:59,30,0x810b41bd2294ea9b87efd8fd03040ff74a1e5130,smart_money,P-B,100.0,1.0,4,3,1,1.0,4.738911799366776,-5.03055133843601,2.2965460149160792,50.30986111111111,3.5,4.0,4.164959018998811,-2.7633530556563954,0.5,0.0,HYPE,仓位表现普通有效
812350,570,2026-07-14 02:16:59,30,0x811e8f6d80f38a2f0f8b606cb743a950638f0ad4,smart_money,P-G,46.64376576979546,0.65,10,9,1,0.7777777777777778,1.0399760442848711,7.620398965027967,1.6437657697954549,60.21019444444446,27.0,40.0,5.018846030902694,-2.50047018331972,0.0,0.8,"BTC,MON,XPL",高杠杆/短线赌徒型，长期单降权
812478,570,2026-07-14 02:16:59,30,0x8184405076b61ab78013f16393322eaf0d0a01a1,smart_money,P-B,75.29330281786017,1.0,2691,2678,13,0.5317401045556386,0.03613265503171668,-0.21093890119687395,0.03574774948273173,1.8497048804657539,3.0,3.0,0.4149430132928573,-0.36165290356813756,1.0,0.0,"AAVE,BERA,LDO,PENDLE,SUI",仓位表现普通有效
811834,570,2026-07-14 02:16:59,30,0x81d4163289cf61a0eaaac4862cb88ef0f4215c29,smart_money,P-N,50.0,1.0,1,0,1,,,5.355417389676687,5.355417389676687,368.6613888888889,10.0,10.0,8.765157915505219,-1.9665872409600513,0.0,1.0,BTC,仓位样本不足，暂不影响权重
811835,570,2026-07-14 02:16:59,30,0x81dd236893b50383256aee3ccd6ded98fdd155b6,smart_money,P-C,52.78151250383644,0.75,6,0,6,,,35.54445739474762,35.54445739474762,321.21578703703705,3.6666666666666665,5.0,36.85799104140826,-0.6948029070291454,0.6666666666666666,0.0,"MNT,PAXG,SEI,TRUMP,WLFI",仓位收益偏弱，降权参考
812763,570,2026-07-14 02:16:59,30,0x82063340e28d0e4327a152563eda08094df98663,smart_money,P-N,50.0,1.0,2,2,0,0.5,8.593660758872426,,8.593660758872426,94.16652777777777,20.0,20.0,11.793538308578592,-0.2929332870665516,0.0,1.0,BTC,仓位样本不足，暂不影响权重
811836,570,2026-07-14 02:16:59,30,0x825714bae8bd60162bb14a04bb2183d00b3d00c9,smart_money,P-N,50.0,1.0,1,0,1,,,-9.95459104118192,-7.119574957151312,368.6613888888889,3.0,3.0,3.3827748397561668,-13.047478968219437,1.0,0.0,HYPE,仓位样本不足，暂不影响权重
811837,570,2026-07-14 02:16:59,30,0x825f23921dcff36944d8b0b0ca23ac7d05fb86cb,smart_money,P-N,50.0,1.0,2,2,0,1.0,45.181248277661226,,45.181248277661226,368.6613888888889,6.5,10.0,47.92508781195545,-0.4880518958939007,0.5,0.5,"MEGA,XPL",仓位样本不足，暂不影响权重
812546,570,2026-07-14 02:16:59,30,0x82b409e6c2e617929cf22bd7e4b08564c207abc1,smart_money,P-B,56.27172109481325,1.0,252,251,1,0.4820717131474104,-0.007056445360946046,0.13551577190792055,-0.0064906825940061015,1.4629409171075851,9.753968253968255,20.0,0.23120488200237205,-0.1926617807302048,0.0,0.373015873015873,ETH,仓位表现普通有效
811838,570,2026-07-14 02:16:59,30,0x82c6503af0d94c782f69caf3fb64568608b8fe42,smart_money,P-N,50.0,1.0,1,0,1,,,1.4771906065244371,1.4771906065244371,368.6613888888889,5.0,5.0,3.9296911897757436,-11.320196427656926,0.0,0.0,ETH,仓位样本不足，暂不影响权重
811839,570,2026-07-14 02:16:59,30,0x8328446602cb4c3b2b4a25beca6488e947b6f54a,smart_money,P-N,50.0,1.0,1,0,1,,,-2.8460207612456694,-2.8460207612456694,368.6613888888889,5.0,5.0,10.123990772779697,-5.331603229527108,0.0,0.0,ETH,仓位样本不足，暂不影响权重
811840,570,2026-07-14 02:16:59,30,0x833b99b27dac651d02080f5e220e929df891db06,money_printer,P-N,50.0,1.0,2,0,2,,,3.0312251240770687,2.658859081322282,368.6613888888889,22.5,40.0,13.061419439836108,-2.0996232584589163,0.0,0.5,"BTC,XMR",仓位样本不足，暂不影响权重
812361,570,2026-07-14 02:16:59,30,0x8372aa26b7130d1b8a4ad205c1f2ec9a97ab2477,smart_money,P-G,45.17791326893817,0.65,19,18,1,0.6111111111111112,0.17443514022739365,1.35144096860375,0.1779132689381691,19.403230994152043,13.0,13.0,0.6662765907587032,-0.5049658039987509,0.0,1.0,BTC,高杠杆/短线赌徒型，长期单降权
811841,570,2026-07-14 02:16:59,30,0x837381dd3eda5c672e77f1c076dbb04fb98accba,smart_money,P-A,100.0,1.15,5,2,3,1.0,34.85287376944492,13.98729169333293,22.333524523777726,262.9442222222222,6.0,10.0,29.065705240666375,-0.1514926481508989,0.0,0.2,"NEAR,XMR,ZRO,DYDX,LDO",仓位收益稳定，适合加权参考
811842,570,2026-07-14 02:16:59,30,0x837686cfda8a79adfb8465d39240c54166bf9a1e,smart_money,P-G,56.41295322427851,0.65,5,0,5,,,11.412953224278512,11.412953224278512,368.6613888888889,16.0,20.0,17.08732660300345,-1.706302988502755,0.0,1.0,"BNB,BTC,ETH,PAXG,SOL",高杠杆/短线赌徒型，长期单降权
812641,570,2026-07-14 02:16:59,30,0x83b00972aafcc3d06d45b1b823079f9a414da46e,smart_money,P-G,44.92867527597774,0.65,4,4,0,0.25,-0.07132472402226389,,-0.07132472402226389,81.24236111111111,16.25,25.0,2.41904698425269,-3.5274633139589353,0.0,1.0,"HYPE,ETH,SOL",高杠杆/短线赌徒型，长期单降权
812579,570,2026-07-14 02:16:59,30,0x83b1385d8126ecf64bfb3b4254d67eb9db753bcc,smart_money,P-C,57.33298755902203,0.75,9,8,1,0.375,3.736035412902359,2.544247787610623,3.6036145656477223,25.563919753086413,9.444444444444445,40.0,9.08383072682176,-3.9992036786071665,0.2222222222222222,0.3333333333333333,"ENA,LIT,BTC,kBONK,DYDX",仓位收益偏弱，降权参考
812651,570,2026-07-14 02:16:59,30,0x8434b7844fd17fad52f0aceae50a834cd4896577,smart_money,P-G,46.20411097983743,0.65,40,40,0,0.7,1.2041109798374316,,1.2041109798374316,4.691631944444445,7.175,10.0,1.9884960786182497,-1.0956080581297332,0.25,0.575,"BTC,LIT,SOL,CASHCAT,AAVE",高杠杆/短线赌徒型，长期单降权
812329,570,2026-07-14 02:16:59,30,0x843f31e5cd9a6572d235a05cb78ec5ac2ffcc24f,smart_money,P-C,78.33946586915498,0.75,8,5,3,0.8,-2.651832748787162,-3.8355240863740168,-3.0957170003822325,87.67142361111111,8.0,14.0,4.048401429079467,-6.9059842788492425,0.125,0.375,"BTC,ETHFI,HYPE,CASHCAT,XPL",仓位收益偏弱，降权参考
811843,570,2026-07-14 02:16:59,30,0x844b6ab0079fb36e6a99cba877574acd8f1e7f42,money_printer,P-B,62.28276974975947,1.0,9,2,7,0.5,-2.7851123493192946,-0.7409128229980281,-0.18538322787245473,202.99611111111113,8.222222222222221,25.0,7.694825754219413,-10.468300302759701,0.3333333333333333,0.4444444444444444,"ETH,HYPE,PURR,LIT,ZEC",仓位表现普通有效
812306,570,2026-07-14 02:16:59,30,0x8477e447846c758f5a675856001ea72298fd9cb5,smart_money,P-N,50.0,1.0,2,1,1,1.0,2.3604566101291233,-0.6036160550587999,0.8784202775351617,152.32958333333335,20.0,20.0,1.9279089516825665,-2.600328159340362,0.0,1.0,"ETH,BTC",仓位样本不足，暂不影响权重
812580,570,2026-07-14 02:16:59,30,0x847bd1ef4fede0fe191129894d63044843f4d473,smart_money,P-B,76.11494240498567,1.0,240,239,1,0.5439330543933054,0.018741381361198007,0.2762415491894522,0.019814298727149057,1.5360891203703702,3.0,3.0,0.23656119930846914,-0.19325682060257868,1.0,0.0,ETH,仓位表现普通有效
811844,570,2026-07-14 02:16:59,30,0x8482694d9bbf434bf2801f49be04dee5bc459d07,smart_money,P-C,50.85714285714286,0.75,35,0,35,,,15.172182252047405,15.172182252047405,368.66138888888906,8.342857142857143,40.0,23.59069255585672,-6.960596403742115,0.2571428571428571,0.45714285714285713,"AAVE,ADA,AIXBT,APE,AVAX",仓位收益偏弱，降权参考
811845,570,2026-07-14 02:16:59,30,0x848721233eee7906395c00fa45b0fd90427e1601,smart_money,P-N,50.0,1.0,1,0,1,,,17.094509326726705,17.094509326726705,368.6613888888889,10.0,10.0,22.856286002810556,0.0,0.0,1.0,BTC,仓位样本不足，暂不影响权重
812322,570,2026-07-14 02:16:59,30,0x85085800b0b90fe8a220047ec947227ea07bd73d,smart_money,P-R,25.0,-0.8,9,8,1,0.0,-4.439527509463475,18.58897182759452,-1.8808053609014748,48.82240740740741,7.333333333333333,10.0,4.775778747375735,-4.380096724981971,0.2222222222222222,0.4444444444444444,"LIT,ZEC,HYPE,XPL,SOL",仓位真实收益偏反向，可作为反向参考
811846,570,2026-07-14 02:16:59,30,0x85101bbcbbf09cd50d299f662448c3ae509592ee,smart_money,P-C,57.771212547196626,0.75,30,0,30,,,17.757122092866435,17.757122092866435,368.66138888888895,4.266666666666667,10.0,31.54784294183254,-10.578230459073117,0.6,0.1,"AAVE,ADA,AERO,ALGO,BCH",仓位收益偏弱，降权参考
812785,570,2026-07-14 02:16:59,30,0x8554501f855388039f2bc86110462adfbbde46dc,money_printer,P-N,50.0,1.0,1,1,0,1.0,3.8037181640400326,,3.8037181640400326,72.49305555555556,30.0,30.0,4.1420847644245775,-1.7592151320438447,0.0,1.0,BTC,仓位样本不足，暂不影响权重
811847,570,2026-07-14 02:16:59,30,0x856c35038594767646266bc7fd68dc26480e910d,money_printer,P-B,88.10454588052995,1.0,30,2,28,0.5,-45.672033759804684,19.023980388400876,14.507524331469275,344.6617962962963,7.333333333333333,20.0,31.539281365250407,-18.901314550479132,0.3333333333333333,0.3333333333333333,"ETH,APT,ASTER,BERA,BNB",仓位表现普通有效
811848,570,2026-07-14 02:16:59,30,0x85b3c124a704ae638622a1e99310f22eee7279c6,smart_money,P-N,50.0,1.0,2,0,2,,,-4.734958787872199,-4.734958787872199,368.6613888888889,20.0,20.0,9.461392793598934,-11.241082738849256,0.0,1.0,"BTC,ETH",仓位样本不足，暂不影响权重
811849,570,2026-07-14 02:16:59,30,0x85d9ba5e2910c080893a828976cd7ca040ceb5a5,smart_money,P-N,50.0,1.0,1,0,1,,,2.637799321708745,2.6377993217087456,368.6613888888889,3.0,3.0,6.575656880545365,-15.739440238429655,1.0,0.0,SKY,仓位样本不足，暂不影响权重
811850,570,2026-07-14 02:16:59,30,0x85ed1f02990eebe097154ef7e76dd43dd59d4a44,smart_money,P-G,44.15592094811354,0.65,3,0,3,,,0.6760244992021596,-0.8440790518864628,303.38416666666666,28.333333333333332,40.0,5.063334382309228,-4.660490637064378,0.0,1.0,"BTC,ETH,SOL",高杠杆/短线赌徒型，长期单降权
811851,570,2026-07-14 02:16:59,30,0x8607a7d180de23645db594d90621d837749408d5,money_printer,P-C,53.043008884850764,0.75,28,0,28,,,25.45283703207372,25.482605826626617,359.3159126984127,7.285714285714286,29.0,49.05537490631138,-23.241441391769374,0.35714285714285715,0.32142857142857145,"AIXBT,AVAX,BERA,BTC,DOGE",仓位收益偏弱，降权参考
812778,570,2026-07-14 02:16:59,30,0x860b15d380b19ca3d37ea7c3af0e2bb26b420c27,smart_money,P-N,50.0,1.0,2,2,0,0.0,-1.3255318259831441,,-1.3255318259831441,76.92625,5.0,5.0,2.218874516859438,-7.8343160940950805,0.0,0.0,TRUMP,仓位样本不足，暂不影响权重
812649,570,2026-07-14 02:16:59,30,0x866d4903b256ce7e7caac46a91e83128bb0fd6e1,smart_money,P-N,50.0,1.0,2,2,0,0.0,-0.7574738429451726,,-0.7574738429451726,36.99611111111111,12.5,20.0,2.656275556981079,-1.7570523457974168,0.0,0.5,"DYDX,ETH",仓位样本不足，暂不影响权重
811852,570,2026-07-14 02:16:59,30,0x872d3fb74cb230faf1746b4e66971551a010ba6d,smart_money,P-C,7.10454588052996,0.75,3,0,3,,,-56.29198959526036,-56.29198959526036,368.6613888888889,5.333333333333333,10.0,30.20228641670867,-114.2660741197567,0.6666666666666666,0.3333333333333333,"AVAX,GRASS,HYPE",仓位收益偏弱，降权参考
811853,570,2026-07-14 02:16:59,30,0x878d292fbebaf102eaf9d7e10b50a876e696f74b,smart_money,P-N,50.0,1.0,1,0,1,,,51.34026750779004,51.34026750779004,368.6613888888889,2.0,2.0,57.47679361735799,0.0,1.0,0.0,ETH,仓位样本不足，暂不影响权重
811854,570,2026-07-14 02:16:59,30,0x87e8b39e166388f9fe6e57c291afc441c9e3a515,smart_money,P-N,50.0,1.0,2,1,1,1.0,1.7832785541205394,45.90830736676967,23.845792960445106,185.83027777777778,15.0,20.0,25.725428738805658,-0.29101491451436534,0.0,1.0,"BTC,HYPE",仓位样本不足，暂不影响权重
812354,570,2026-07-14 02:16:59,30,0x87f36777f22548787af3a2ad3605e3d48288b928,smart_money,P-G,44.91007611019882,0.65,5,4,1,0.25,-0.46756364724911953,1.4206351399906054,-0.08992388980117452,37.34272222222222,25.0,25.0,1.468425674976256,-0.7425406664812293,0.0,1.0,ETH,高杠杆/短线赌徒型，长期单降权
811855,570,2026-07-14 02:16:59,30,0x881cd92459f09622680e711458b22c5335fba65b,smart_money,P-G,45.34091555293568,0.65,32,28,4,0.39285714285714285,-0.14594094500679802,2.6439288822790687,0.34091555293568004,46.082673611111105,10.09375,13.0,2.2330414086433388,-1.8509665929177848,0.0,1.0,"AVAX,kBONK,BCH,BTC",高杠杆/短线赌徒型，长期单降权
811856,570,2026-07-14 02:16:59,30,0x88250cf2f6402e856bc85fc65095e4a48bb12cb7,smart_money,P-A,100.0,1.15,41,8,33,1.0,12.749278575345935,0.8945670151921942,3.7102117075300707,253.72065718157177,6.609756097560975,20.0,12.228287923990392,-6.345538779712069,0.2926829268292683,0.3902439024390244,"ADA,ALT,BERA,BIO,BRETT",仓位收益稳定，适合加权参考
812699,570,2026-07-14 02:16:59,30,0x8838d88514dc65fcdc24b63eb608636d406020a5,smart_money,P-N,50.0,1.0,1,1,0,1.0,0.5109668239060737,,0.5109668239060737,42.006388888888885,10.0,10.0,1.0813210462177885,-1.7190005865240527,0.0,1.0,HYPE,仓位样本不足，暂不影响权重
811857,570,2026-07-14 02:16:59,30,0x88696c4985f64ea1ebfb9e46c1b47197f7a244ab,smart_money,P-N,50.0,1.0,1,0,1,,,-55.31739269357758,-55.31739269357758,368.6613888888889,3.0,3.0,0.0,-56.58483331558206,1.0,0.0,NIL,仓位样本不足，暂不影响权重
811858,570,2026-07-14 02:16:59,30,0x888e000c78b8f1aada5b3c99f880794907b76d77,money_printer,P-C,84.72727272727273,0.75,55,5,50,0.4,7.6859207147285105,45.362528011047196,41.607516478921085,336.18138383838397,5.490909090909091,40.0,47.32302009428026,-3.8445070606407725,0.5272727272727272,0.16363636363636364,"LIT,AERO,ANIME,APE,APEX",仓位收益偏弱，降权参考
811859,570,2026-07-14 02:16:59,30,0x88965659f799fcb2f70937c31180b0acb7106ac5,smart_money,P-N,50.0,1.0,1,0,1,,,14.910292471121544,14.910292471121544,368.6613888888889,10.0,10.0,31.930600689987898,0.0,0.0,1.0,HYPE,仓位样本不足，暂不影响权重
812642,570,2026-07-14 02:16:59,30,0x88aad701c39aa2acd2cc170bc7c90750cfd36da1,smart_money,P-G,44.951730791622026,0.65,3,3,0,0.3333333333333333,-0.048269208377975326,,-0.048269208377975326,257.20046296296294,16.666666666666668,20.0,12.859593171304754,-6.586095201018601,0.0,1.0,"ETH,UNI,BTC",高杠杆/短线赌徒型，长期单降权
811860,570,2026-07-14 02:16:59,30,0x88af2eae66a36804865127b23dc25a25ed3c542d,smart_money,P-N,50.0,1.0,1,0,1,,,-21.76412519598165,-21.76412519598165,368.6613888888889,3.0,3.0,0.0,-27.507113408048312,1.0,0.0,GOAT,仓位样本不足，暂不影响权重
812456,570,2026-07-14 02:16:59,30,0x88b2448328f4335ad2a8cac06485c378ebe66fe3,smart_money,P-N,50.0,1.0,2,1,1,1.0,4.777722140671941,0.4298406503228651,2.603781395497403,54.8575,20.0,20.0,2.9412610703359703,-0.42559300373730313,0.0,1.0,BTC,仓位样本不足，暂不影响权重
811861,570,2026-07-14 02:16:59,30,0x891140a93bef082312952b48479a853e90952fc2,smart_money,P-R,25.0,-0.8,6,0,6,,,-44.472226251598244,-44.472226251598244,368.6613888888889,6.0,10.0,3.9087672962453115,-57.4785245064563,0.3333333333333333,0.3333333333333333,"HYPE,LIT,OP,PNUT,UNI",仓位真实收益偏反向，可作为反向参考
811862,570,2026-07-14 02:16:59,30,0x89132efe9fa560caf50d505273502c975e4805ab,smart_money,P-R,25.0,-0.8,6,0,6,,,-27.605208877295638,-27.605208877295638,368.6613888888889,10.5,20.0,6.611696027460052,-36.15418707320182,0.16666666666666666,0.5,"ENA,ETH,HYPE,PENDLE,SOL",仓位真实收益偏反向，可作为反向参考
812799,570,2026-07-14 02:16:59,30,0x899b2d61a5943dd2452cbc9ff5d158c63a2275dd,smart_money,P-G,43.449922127005784,0.65,3,3,0,0.0,-1.5500778729942126,,-1.5500778729942126,13.688240740740738,30.0,40.0,1.0475637324872662,-1.5693637038426382,0.0,1.0,"BTC,AAVE",高杠杆/短线赌徒型，长期单降权
811863,570,2026-07-14 02:16:59,30,0x89b7815978abc23590616e9da57ddd78e53b1a77,smart_money,P-S,100.0,1.25,42,2,40,1.0,19.202822482191017,7.621044351822005,8.17255759612529,352.89669973544983,4.619047619047619,10.0,16.46631228304146,-9.327517902077805,0.5476190476190477,0.14285714285714285,"0G,2Z,AAVE,ALGO,AR",仓位收益、持仓周期、杠杆结构适合长期参考
812264,570,2026-07-14 02:16:59,30,0x89bdfd6caab017d28d9296c2513e687db99b3df2,smart_money,P-G,46.11069202798061,0.65,33,25,8,0.48,0.13037056661230895,4.165108891947952,1.1106920279806127,77.7628367003367,25.21212121212121,40.0,3.073913343280217,-2.7042992363180747,0.12121212121212122,0.7272727272727273,"BTC,ETH,FET,ENA,AERO",高杠杆/短线赌徒型，长期单降权
811864,570,2026-07-14 02:16:59,30,0x89dd177683e6ba51c24bfb6d93e3b1b1ae57251d,smart_money,P-N,50.0,1.0,1,0,1,,,21.630965029245775,21.630965029245775,368.6613888888889,3.0,3.0,27.07746651129126,0.0,1.0,0.0,BTC,仓位样本不足，暂不影响权重
811865,570,2026-07-14 02:16:59,30,0x8a11b23296ca85afcd2ecf92b745b0d6274280d9,smart_money,P-N,50.0,1.0,1,0,1,,,10.426404787547046,10.426404787547044,368.6613888888889,5.0,5.0,15.889004851943552,0.0,0.0,0.0,XMR,仓位样本不足，暂不影响权重
811866,570,2026-07-14 02:16:59,30,0x8a3cf3c4b300be69429cce5beb2ef14d7200b6b7,money_printer,P-N,50.0,1.0,1,0,1,,,28.990693321017062,28.99069332101707,368.6613888888889,10.0,10.0,48.09656547986414,0.0,0.0,1.0,HYPE,仓位样本不足，暂不影响权重
811867,570,2026-07-14 02:16:59,30,0x8a5cd8bd74ab3f205ddcb3b73b2f66deadc6827f,money_printer,P-C,25.05057175653015,0.75,4,0,4,,,-1.4850140783747392,-1.4850140783747374,368.6613888888889,5.75,10.0,16.699698740487847,-20.56288099021237,0.25,0.25,"APEX,HYPE,XMR,ZRO",仓位收益偏弱，降权参考
811868,570,2026-07-14 02:16:59,30,0x8aa077f5998d234ac8641d73d6bc4976e2a210fc,smart_money,P-B,100.0,1.0,16,2,14,1.0,20.11190298552654,-1.1508593434439718,1.0690509341144803,307.69770833333325,9.0625,20.0,10.376613863829736,-15.488716100319378,0.3125,0.4375,"LIT,BTC,CC,ETH,GRASS",仓位表现普通有效
811869,570,2026-07-14 02:16:59,30,0x8ac033322b353c7e7b0373d42d9fd73ff32a7ef6,smart_money,P-B,76.74902192706134,1.0,15,10,5,0.5,0.014930174074356073,3.400614539955215,1.4940546682522615,123.15922222222223,4.266666666666667,5.0,5.059273843147182,-3.7825588766443423,0.0,0.0,"HYPE,DASH,SUI,TAO,TRUMP",仓位表现普通有效
811870,570,2026-07-14 02:16:59,30,0x8af700ba841f30e0a3fcb0ee4c4a9d223e1efa05,money_printer,P-G,65.0,0.65,21,0,21,,,51.18504501900353,51.115820163633074,368.6613888888888,10.761904761904763,40.0,59.19925708482426,-5.6684298380438936,0.09523809523809523,0.6666666666666666,"AAVE,ADA,APT,AVAX,BTC",高杠杆/短线赌徒型，长期单降权
812653,570,2026-07-14 02:16:59,30,0x8afacaa08de7189d84db9d87b9c21c2f1ac28113,smart_money,P-N,50.0,1.0,2,2,0,1.0,2.1174485281126567,,2.1174485281126567,110.23263888888889,6.5,10.0,3.2472293296507035,-3.9977337246282723,0.5,0.5,"BTC,HYPE",仓位样本不足，暂不影响权重
811871,570,2026-07-14 02:16:59,30,0x8b2fd6b5c661d2e1fbb6d9df162f2b5f3b1d3d11,smart_money,P-N,50.0,1.0,1,0,1,,,-0.1781491659743082,-0.17814916597430822,368.6613888888889,10.0,10.0,3.0525020770754776,-11.313820731402215,0.0,1.0,BTC,仓位样本不足，暂不影响权重
811872,570,2026-07-14 02:16:59,30,0x8b9da005316ecfd7022ccca9b6231281e5c47b28,smart_money,P-G,45.59919983136392,0.65,131,91,40,0.5384615384615384,-0.10540914826892396,2.9933687557431967,0.5991998313639209,110.62802162849873,10.290076335877863,40.0,5.240302175434959,-5.064078833706608,0.08396946564885496,0.7633587786259542,"DOT,XRP,FARTCOIN,kPEPE,ARB",高杠杆/短线赌徒型，长期单降权
812409,570,2026-07-14 02:16:59,30,0x8bae3527e5a33fa0cf184f37bc112d071463ab6d,money_printer,P-A,100.0,1.15,5,4,1,0.75,10.18436559542303,16.271554650373403,11.761775648383608,76.03538888888889,3.0,3.0,14.859030198908647,-1.2043842682140566,1.0,0.0,"GMT,MINA,SAGA,POLYX",仓位收益稳定，适合加权参考
811873,570,2026-07-14 02:16:59,30,0x8bcf7a888c66f635ac4a2caf42a8dd12a3b20b14,money_printer,P-R,25.0,-0.8,9,8,1,0.375,0.390547810322105,-39.12866180263187,-4.000475480006114,45.65145061728394,9.11111111111111,20.0,1.5337981620702803,-8.000925318278224,0.4444444444444444,0.3333333333333333,"ETH,CHIP,ENA,HYPE,SYRUP",仓位真实收益偏反向，可作为反向参考
811874,570,2026-07-14 02:16:59,30,0x8bd095444e47297c6355738aaef9d088c144dd87,smart_money,P-N,50.0,1.0,1,0,1,,,47.21879458604866,47.21879458604866,368.6613888888889,1.0,1.0,50.316199437010766,0.0,1.0,0.0,VIRTUAL,仓位样本不足，暂不影响权重
812838,570,2026-07-14 02:16:59,30,0x8be0b9c4dbfb90f47fb94e8968dce08d3152326c,smart_money,P-G,45.029637037915606,0.65,5,5,0,0.6,0.029637037915608656,,0.029637037915608656,27.64972222222222,17.4,34.0,2.94971135820026,-2.1280718733401995,0.0,0.8,"BTC,PUMP,HYPE,SOL",高杠杆/短线赌徒型，长期单降权
812790,570,2026-07-14 02:16:59,30,0x8bf273c8b3ce5319dcc73deb6b4ff5729b41b561,smart_money,P-G,43.167091216015216,0.65,3,3,0,0.0,-1.8329087839847833,,-1.8329087839847833,20.100833333333334,40.0,40.0,0.5349767260425206,-2.009383711493877,0.0,1.0,BTC,高杠杆/短线赌徒型，长期单降权
812581,570,2026-07-14 02:16:59,30,0x8c96e5a2d770f9f2c9d2464ce4e741df0b2bca57,smart_money,P-B,78.64548365667858,1.0,10,9,1,0.8888888888888888,1.8948092450643255,0.06302396670287312,1.71163071722818,42.45872222222222,9.1,10.0,1.9808643967935133,-1.3378705660919645,0.1,0.9,"BTC,STRK",仓位表现普通有效
811875,570,2026-07-14 02:16:59,30,0x8cc94dc843e1ea7a19805e0cca43001123512b6a,money_printer,P-C,64.20985997641483,0.75,136,11,125,0.45454545454545453,-3.3398258364360163,-3.1110385980727,-3.1129844502952526,332.93276552287625,5.235294117647059,40.0,14.081979253965184,-17.859600087285955,0.5073529411764706,0.16911764705882354,"TNSR,ME,ADA,STABLE,VIRTUAL",仓位收益偏弱，降权参考
811876,570,2026-07-14 02:16:59,30,0x8ccee825f44c99fbdaa79464d5eb8beed9313da2,smart_money,P-N,50.0,1.0,1,0,1,,,21.971674430803432,21.971674430803432,368.6613888888889,7.0,7.0,27.394497246125216,0.0,0.0,0.0,BTC,仓位样本不足，暂不影响权重
812640,570,2026-07-14 02:16:59,30,0x8cda7bcea7bac1545481f42a219fde1a016b57c2,smart_money,P-G,65.0,0.65,11,11,0,0.9090909090909091,30.55397353394461,,30.55397353394461,160.92906565656565,11.363636363636363,20.0,42.934205561454036,-6.734797064433857,0.0,0.7272727272727273,"ETH,ATOM,DOT,HYPE,LDO",高杠杆/短线赌徒型，长期单降权
811877,570,2026-07-14 02:16:59,30,0x8cf051405995581de2cbbdc9a3e9951325607e18,smart_money,P-N,50.0,1.0,1,0,1,,,-4.303617993793184,-9.076147174701502,368.6613888888889,10.0,10.0,0.0,-20.252772702020717,0.0,1.0,HYPE,仓位样本不足，暂不影响权重
811878,570,2026-07-14 02:16:59,30,0x8d56d30d58d1a2709befccea6642252bab6ed51e,smart_money,P-C,44.446857122451824,0.75,24,1,23,0.0,-14.252628260315998,5.408328019810241,4.739039019334549,343.1973495370369,5.875,20.0,20.03958953903147,-14.729319787273532,0.5,0.2916666666666667,"ALT,APE,AXS,CC,CHIP",仓位收益偏弱，降权参考
811879,570,2026-07-14 02:16:59,30,0x8dae4b174dba18b3825b530d22c3141aefc93dfe,smart_money,P-N,50.0,1.0,1,0,1,,,6.9785139599092165,6.978513959909217,368.6613888888889,6.0,6.0,22.823981247807243,0.0,0.0,0.0,HYPE,仓位样本不足，暂不影响权重
811880,570,2026-07-14 02:16:59,30,0x8e096995c3e4a3f0bc5b3ea1cba94de2aa4d70c9,money_printer,P-N,50.0,1.0,2,0,2,,,15.800233733029897,15.800233733029897,368.6613888888889,20.0,20.0,24.17341355781568,0.0,0.0,1.0,"BTC,ETH",仓位样本不足，暂不影响权重
812582,570,2026-07-14 02:16:59,30,0x8e80c4b533dd977cf716b5c24fd9223129272804,money_printer,P-G,45.039045435687356,0.65,162,161,1,0.5714285714285714,0.03977570444938301,-0.07852783499878217,0.0390454356873573,2.2756875857338823,10.0,10.0,0.28839576839593356,-0.24057729703724312,0.0,1.0,BTC,高杠杆/短线赌徒型，长期单降权
811881,570,2026-07-14 02:16:59,30,0x8eb3f4d468a9763ee66ceb63a0c64b7044c2aa2d,smart_money,P-N,50.0,1.0,1,0,1,,,17.488687573449816,19.16854534763291,368.6613888888889,20.0,20.0,27.894269295899772,0.0,0.0,1.0,ETH,仓位样本不足，暂不影响权重
811882,570,2026-07-14 02:16:59,30,0x8ecec0c9367490d2044aaff4030ad0becc33218b,smart_money,P-C,0.0,0.75,4,0,4,,,-14.973314382107775,-12.591579388841401,368.6613888888889,15.75,40.0,3.285360767825641,-20.75825236255687,0.0,0.5,"BTC,HYPE,PUMP,SOL",仓位收益偏弱，降权参考
811883,570,2026-07-14 02:16:59,30,0x8f25818ff64be1abee91abca70c306b33b602062,smart_money,P-N,50.0,1.0,2,0,2,,,-1.7593310878756416,-2.0211007624365696,368.6613888888889,12.5,15.0,0.7517483837960715,-12.582473959230104,0.0,1.0,"BTC,HYPE",仓位样本不足，暂不影响权重
811884,570,2026-07-14 02:16:59,30,0x8f61bda42be4f511531164930d4545a10dd53acb,smart_money,P-C,45.394032482810104,0.75,5,0,5,,,1.7021662197249559,1.7021662197249559,368.6613888888889,2.2,3.0,9.909767288081849,-11.037188984506606,1.0,0.0,"BTC,ETH,HYPE,SOL,TRX",仓位收益偏弱，降权参考
812583,570,2026-07-14 02:16:59,30,0x8f63c88fccae90c1f9eb8b447f830bce7b71dd74,smart_money,P-G,45.064376827593186,0.65,554,551,3,0.5716878402903811,0.06494808135885503,-0.04054344736817574,0.06437682759318518,1.9235158443642169,20.0,20.0,0.3136766973883093,-0.2246456046244206,0.0,1.0,"BTC,SOL,ETH",高杠杆/短线赌徒型，长期单降权
811885,570,2026-07-14 02:16:59,30,0x8fb5c6f3c336033deeedbb54ad95e96453c9eaa4,smart_money,P-B,72.31590385484546,1.0,358,304,54,0.5361842105263158,0.08029743927972696,2.849092499425316,0.3691581902865914,50.659874301675956,4.231843575418995,10.0,3.4864722691310472,-3.199284381474771,0.6284916201117319,0.09776536312849161,"MINA,BOME,BLUR,DYDX,SKR",仓位表现普通有效
811886,570,2026-07-14 02:16:59,30,0x8fbb1aad00013c4e32bb033337b7cb792ab2fc4e,smart_money,P-N,50.0,1.0,2,1,1,1.0,1.1981981981982008,11.968619246861932,6.583408722530067,230.41708333333332,10.0,10.0,8.418822282490105,-3.734915878221315,0.0,1.0,"HYPE,ETH",仓位样本不足，暂不影响权重
811887,570,2026-07-14 02:16:59,30,0x8fc7c0442e582bca195978c5a4fdec2e7c5bb0f7,smart_money,P-N,50.0,1.0,2,0,2,,,-5.941929917615621,-5.941929917615621,368.6613888888889,21.5,40.0,1.9492918068706462,-11.069446442421297,0.5,0.5,"ASTER,BTC",仓位样本不足，暂不影响权重
811888,570,2026-07-14 02:16:59,30,0x8feb3a7d8bf1e424679fc75753b363eba5ee8185,money_printer,P-S,100.0,1.25,11,6,5,0.8333333333333334,9.811750832323112,15.887507606600895,11.908164788565957,153.842702020202,3.909090909090909,5.0,16.746978350591583,-8.47019843069431,0.5454545454545454,0.0,"ZRO,PURR,GRAM,GRASS,AERO",仓位收益、持仓周期、杠杆结构适合长期参考
811889,570,2026-07-14 02:16:59,30,0x90326fa293578c6c9ef945aaab0b57f886aca6ec,money_printer,P-N,50.0,1.0,1,0,1,,,-3.3858611215282344,-2.0625662451671842,368.6613888888889,10.0,10.0,11.164545156114329,-6.722362422352181,0.0,1.0,HYPE,仓位样本不足，暂不影响权重
812729,570,2026-07-14 02:16:59,30,0x9075c8f93cd30c1015e6fbe9718f0bf2dca4e2f0,smart_money,P-C,54.18867238831103,0.75,6,6,0,0.5,-1.4630867244293693,,-1.4630867244293693,27.0412962962963,5.833333333333333,10.0,2.836239842524895,-3.984026593460234,0.3333333333333333,0.3333333333333333,"BTC,ZEC,ETH,LIT,FARTCOIN",仓位收益偏弱，降权参考
811890,570,2026-07-14 02:16:59,30,0x90882e7c28ddf0ac1177033a310aeed8eff25e90,money_printer,P-N,50.0,1.0,1,0,1,,,15.405669506479708,15.547567483898165,368.6613888888889,25.0,25.0,26.09778072837633,0.0,0.0,1.0,ETH,仓位样本不足，暂不影响权重
811891,570,2026-07-14 02:16:59,30,0x909eb3d5ff0ac0df12c81f8495860cfccf1e7ea9,smart_money,P-G,48.34070677701933,0.65,6,0,6,,,3.3407067770193284,3.3407067770193275,353.47657407407405,16.666666666666668,40.0,9.071097821383086,-5.810304846278275,0.0,0.6666666666666666,"BTC,SOL,TRX,XMR,XRP",高杠杆/短线赌徒型，长期单降权
811892,570,2026-07-14 02:16:59,30,0x90dbb196cacf24bd212b377a0dd62eaad5e8151b,money_printer,P-N,50.0,1.0,1,0,1,,,17.930671110969932,18.75976711791848,368.6613888888889,10.0,10.0,35.398352443961976,0.0,0.0,1.0,HYPE,仓位样本不足，暂不影响权重
811893,570,2026-07-14 02:16:59,30,0x912f6ba145f003477d44922dfd1a0a1bfe015b27,smart_money,P-N,50.0,1.0,1,0,1,,,11.687323570924486,11.687323570924486,368.6613888888889,10.0,10.0,12.764643613267463,0.0,0.0,1.0,PAXG,仓位样本不足，暂不影响权重
812398,570,2026-07-14 02:16:59,30,0x913b6bfaffcc18db65dc9a6bdde6cd5365e0ef92,smart_money,P-G,45.436534152427214,0.65,15,14,1,0.7142857142857143,0.7036610680953965,-3.3032426669273143,0.4365341524272158,15.09351851851852,10.666666666666666,20.0,1.7660072593423686,-1.3300460706206703,0.0,1.0,"ZEC,AAVE,SOL,ADA",高杠杆/短线赌徒型，长期单降权
811894,570,2026-07-14 02:16:59,30,0x913df0b299f74ced052c5332a19a1fe72a343ad6,smart_money,P-N,50.0,1.0,1,0,1,,,-108.2589572946809,-108.2589572946809,368.6613888888889,5.0,5.0,0.0,-139.10590378022746,0.0,0.0,HYPE,仓位样本不足，暂不影响权重
811895,570,2026-07-14 02:16:59,30,0x9149f8a6afa68db53e9e96697202b8508bab29d0,smart_money,P-C,75.75382929630263,0.75,9,4,5,0.5,-1.352020337042239,-2.139197609517114,-1.8942978990453163,199.53759259259257,2.2222222222222223,4.0,2.4731757374114776,-8.135616515542557,0.6666666666666666,0.0,"HYPE,NEAR,SOL,WLFI,ETH",仓位收益偏弱，降权参考
812534,570,2026-07-14 02:16:59,30,0x91853bcefbdc3447768413e6db7d6e0a81c4be56,smart_money,P-G,45.04854468635061,0.65,110,109,1,0.5229357798165137,0.0459883113218301,0.22100374867118255,0.04854468635060804,2.071484848484848,14.090909090909092,20.0,0.30751119361128165,-0.27671382942518447,0.0,1.0,ETH,高杠杆/短线赌徒型，长期单降权
811896,570,2026-07-14 02:16:59,30,0x91a9cadcd7e36cbe8ff604cb634307d7b7643f70,money_printer,P-N,50.0,1.0,2,0,2,,,0.21888032832232485,0.2188803283223253,368.6613888888889,4.0,4.0,8.533119732351336,-7.959395538586475,0.0,0.0,"ETH,HYPE",仓位样本不足，暂不影响权重
812819,570,2026-07-14 02:16:59,30,0x91fc8c24de2ce3150ad489fb8b7e9b9aa3edaaf2,smart_money,P-G,45.054956772461175,0.65,520,520,0,0.5634615384615385,0.05495677246117262,,0.05495677246117262,1.152684294871797,16.75,20.0,0.30282818992307264,-0.21840088019083878,0.0,1.0,"BTC,HYPE,SOL,XRP,ETH",高杠杆/短线赌徒型，长期单降权
812702,570,2026-07-14 02:16:59,30,0x920abbd8a5f5d39e87ed802d73e5aa902dc71d89,smart_money,P-G,46.82905436018645,0.65,14,14,0,0.6428571428571429,1.8290543601864493,,1.8290543601864493,17.82517857142857,12.5,20.0,3.061535191648031,-1.232628633592712,0.0,0.6428571428571429,"BTC,GRAM,HYPE,JTO,ARB",高杠杆/短线赌徒型，长期单降权
811897,570,2026-07-14 02:16:59,30,0x9221a960277fe388b899f58117aa9bd298463002,smart_money,P-N,50.0,1.0,1,0,1,,,3.01176209462227,3.01176209462227,368.6613888888889,10.0,10.0,18.269681148823874,-0.5264953136041776,0.0,1.0,HYPE,仓位样本不足，暂不影响权重
812691,570,2026-07-14 02:16:59,30,0x9237794d8e5c6eb247b20f2e5edd9ad5f530d8ec,smart_money,P-N,50.0,1.0,1,1,0,1.0,5.213660578130074,,5.213660578130074,264.94416666666666,20.0,20.0,12.450061820196916,-2.5027404482065414,0.0,1.0,SOL,仓位样本不足，暂不影响权重
812824,570,2026-07-14 02:16:59,30,0x926fa6d5a99ca62b5839bc40bb4a4a5c72387725,smart_money,P-N,50.0,1.0,1,1,0,1.0,1.6075132519013597,,1.6075132519013597,18.215833333333332,20.0,20.0,2.3203173871530636,-1.5894050637078982,0.0,1.0,BTC,仓位样本不足，暂不影响权重
812595,570,2026-07-14 02:16:59,30,0x92c7d53dc3bac14722b281e74a3feba8f7ba040e,smart_money,P-B,73.54902484954097,1.0,259,258,1,0.5077519379844961,0.0032100794318472847,-0.0008003073180101158,0.0031945953131219664,1.3038427713427714,1.0,1.0,0.15273575011945412,-0.14457449359952484,1.0,0.0,BTC,仓位表现普通有效
811898,570,2026-07-14 02:16:59,30,0x9321d8117e73b0c79035f0e87debcfd8dbb1d75a,money_printer,P-G,40.67708259563599,0.65,9,2,7,0.5,-2.081633769554399,-5.056841861366323,-4.322917404364012,259.9000925925926,16.666666666666668,40.0,5.00087412792033,-10.439561674894724,0.0,0.8888888888888888,"HYPE,BTC,ETH,SOL,XRP",高杠杆/短线赌徒型，长期单降权
811899,570,2026-07-14 02:16:59,30,0x932bdd2d5e21475e62d2fea8158fc5974507cb1a,smart_money,P-C,13.771212547196626,0.75,3,0,3,,,-9.191017151855876,-9.191017151855874,337.7020370370371,5.0,7.0,9.494144803892617,-13.127754565993726,0.3333333333333333,0.0,"AERO,DOGE,NEAR",仓位收益偏弱，降权参考
812665,570,2026-07-14 02:16:59,30,0x935729ae51eef975ccdeb481d513c75986227bfd,smart_money,P-R,25.0,-0.8,7,7,0,0.2857142857142857,-1.2843169713170215,,-1.2843169713170215,16.29440476190476,6.285714285714286,12.0,1.6197476445372405,-2.325661098707897,0.14285714285714285,0.2857142857142857,"ETH,XPL,ZRO,VVV,BTC",仓位真实收益偏反向，可作为反向参考
811900,570,2026-07-14 02:16:59,30,0x936cf4fb95c30ce83f658b5bbb247e4bb381bb0f,money_printer,P-B,66.96413459441527,1.0,117,100,17,0.55,0.204306855841119,1.524549026300991,0.3346313997717392,52.31452754036084,6.726495726495727,20.0,2.96405192935573,-3.645572349280664,0.37606837606837606,0.41025641025641024,"VVV,GRASS,XPL,CC,FARTCOIN",仓位表现普通有效
811901,570,2026-07-14 02:16:59,30,0x9391199d0dd197bd019d40ef624d26aca59440f3,smart_money,P-N,50.0,1.0,1,0,1,,,53.14196572999717,53.14196572999717,368.6613888888889,10.0,10.0,55.561363720555,0.0,0.0,1.0,BNB,仓位样本不足，暂不影响权重
811902,570,2026-07-14 02:16:59,30,0x939f95036d2e7b6d7419ec072bf9d967352204d2,money_printer,P-G,44.03406710119176,0.65,3,1,2,1.0,9.651146826833749,-6.2373950883597,-0.9659328988082407,285.2413888888889,23.333333333333332,40.0,4.592220349823706,-11.512891832437404,0.0,0.6666666666666666,"BTC,HYPE,ETH",高杠杆/短线赌徒型，长期单降权
811903,570,2026-07-14 02:16:59,30,0x940587add074ff0c4dd973b46018af4a73a81f36,smart_money,P-C,53.64073760225652,0.75,33,27,6,0.4444444444444444,-1.1522577044653926,1.697867779914055,-0.7048837241242616,75.24899831649833,10.909090909090908,40.0,2.191850998498053,-3.975596806747452,0.30303030303030304,0.30303030303030304,"HMSTR,DASH,BTC,ETH,kBONK",仓位收益偏弱，降权参考
811904,570,2026-07-14 02:16:59,30,0x944b5f7d8eece040aae1895c7fed03202aedf123,money_printer,P-G,49.02696872797222,0.65,3,0,3,,,4.107235635495987,4.026968727972218,368.6613888888889,28.333333333333332,40.0,12.635669614500964,-3.3259876850372074,0.0,1.0,"BTC,ETH,SOL",高杠杆/短线赌徒型，长期单降权
811905,570,2026-07-14 02:16:59,30,0x9471f70f2518846f7a076636d64e5a22787da105,smart_money,P-G,35.0,0.65,3,0,3,,,-11.896107011527883,-11.896107011527883,368.6613888888889,10.0,10.0,1.266234444444205,-23.89646386499128,0.0,1.0,"HYPE,NEAR,ZEC",高杠杆/短线赌徒型，长期单降权
812867,570,2026-07-14 02:16:59,30,0x9475e4bfdfadb5cf4ce7cf805044c0db5a8a6f8e,smart_money,P-N,50.0,1.0,1,1,0,1.0,2.4276389957208497,,2.4276389957208497,31.105555555555554,40.0,40.0,3.51746709623063,0.0,0.0,1.0,BTC,仓位样本不足，暂不影响权重
811906,570,2026-07-14 02:16:59,30,0x94dac1facdc4afd2614c3119447187b4143bc449,money_printer,P-C,88.18685192061642,0.75,46,16,30,0.5625,1.4872278776466406,-1.8244972695155324,-0.5940740396917878,318.56838768115944,3.0,3.0,10.507606023788691,-12.226290347565712,1.0,0.0,"SOL,AAVE,ASTER,AVAX,AXS",仓位收益偏弱，降权参考
811907,570,2026-07-14 02:16:59,30,0x95276ba037c30f90c6dfdc83f72af9fd6cecc293,smart_money,P-G,45.192422425512866,0.65,170,167,3,0.6227544910179641,0.10137687967362104,5.260624477231041,0.19242242551286967,6.422151960784319,29.764705882352942,30.0,0.7427206690135755,-0.5323388377762123,0.0,1.0,"BTC,DOGE,SUI",高杠杆/短线赌徒型，长期单降权
811908,570,2026-07-14 02:16:59,30,0x953c5152e2f8b5ed9d92976cad478a837749182a,smart_money,P-N,50.0,1.0,1,0,1,,,9.615014241837553,9.615014241837553,368.6613888888889,20.0,20.0,25.541673634170238,0.0,0.0,1.0,ETH,仓位样本不足，暂不影响权重
811909,570,2026-07-14 02:16:59,30,0x95748e52b4a70542c99035d092adc8d53f5d11f8,smart_money,P-G,48.547603550181876,0.65,10,0,10,,,4.166872164080592,3.5476035501818766,368.66138888888884,12.0,30.0,21.016325517251715,-18.818843578120244,0.2,0.6,"AERO,AVAX,BTC,CC,ETH",高杠杆/短线赌徒型，长期单降权
812277,570,2026-07-14 02:16:59,30,0x95995f302ad58138d791ce49f9f3b1274e80c60a,money_printer,P-G,44.951531403715116,0.65,32,29,3,0.5172413793103449,-0.1380735528062289,1.2220114966613895,-0.04846859628488121,34.562005208333325,20.0,20.0,1.2377823513668116,-1.4359113607660248,0.0,1.0,"ETH,SOL,BTC",高杠杆/短线赌徒型，长期单降权
811910,570,2026-07-14 02:16:59,30,0x95b5653dfd12b0bc13c08297869621c9650aa6bb,smart_money,P-G,45.33833859164139,0.65,37,28,9,0.35714285714285715,-0.08338075155633448,1.6799468902860677,0.3383385916413864,90.96879129129127,25.405405405405407,40.0,2.8171922484204712,-3.4658530357772714,0.0,0.7567567567567568,"BTC,kBONK,DYDX,APE,ETH",高杠杆/短线赌徒型，长期单降权
812741,570,2026-07-14 02:16:59,30,0x95c7603944bfed303c4c93349cd61f6818931f91,smart_money,P-N,50.0,1.0,1,1,0,0.0,-0.07156488549619269,,-0.07156488549619269,27.518333333333334,10.0,10.0,7.585877862595412,-0.7633587786259727,0.0,1.0,kBONK,仓位样本不足，暂不影响权重
812335,570,2026-07-14 02:16:59,30,0x95da8596c44dd09f4b8becce87ad3b7894fb2328,smart_money,P-B,85.98279250248906,1.0,52,47,5,0.7021276595744681,0.7965391473604646,-2.4157871512185642,0.6092358584458412,27.237435897435887,4.923076923076923,10.0,2.3430943684042216,-2.0721161876090375,0.07692307692307693,0.019230769230769232,"HYPE,SOL,BTC,GRAM,ZEC",仓位表现普通有效
811911,570,2026-07-14 02:16:59,30,0x95fde6cf0d305078b7eeac44182a931c169dd947,money_printer,P-N,50.0,1.0,2,0,2,,,18.024313299398163,17.894709717607142,368.6613888888889,12.5,20.0,29.50854925638451,-2.4462449122667334,0.0,0.5,"ETH,ZEC",仓位样本不足，暂不影响权重
812240,570,2026-07-14 02:16:59,30,0x962bdd83c3943fe08b62101fd9f9a8b923a0b475,smart_money,P-R,25.0,-0.8,6,3,3,0.0,-3.063488651111841,2.7150487159337153,-0.17421996758906286,172.08620370370372,4.833333333333333,10.0,15.930048427513578,-7.292924390158995,0.5,0.16666666666666666,"DYDX,PUMP,ETH,MET,BTC",仓位真实收益偏反向，可作为反向参考
812336,570,2026-07-14 02:16:59,30,0x9690bcfc1639abff887c8fb62b48ab787b2dba3f,smart_money,P-B,68.10812614427269,1.0,864,840,24,0.5404761904761904,0.18959983275564665,-1.1407037459038563,0.14897047954375472,11.924695537551449,4.262731481481482,10.0,1.685711696223358,-1.6552688870907633,0.3715277777777778,0.0011574074074074073,"SYRUP,GRASS,IOTA,ZRO,KAITO",仓位表现普通有效
811912,570,2026-07-14 02:16:59,30,0x96a7923964dbfc5010079619e8af33ce240f79df,smart_money,P-N,50.0,1.0,2,0,2,,,4.071663468831889,4.071663468831889,368.6613888888889,15.0,20.0,17.522978097518408,-2.458318892333747,0.0,1.0,"HYPE,SOL",仓位样本不足，暂不影响权重
812287,570,2026-07-14 02:16:59,30,0x96c9487af21d18ac5f4c841af44a011968445709,smart_money,P-C,14.213393962015392,0.75,3,2,1,0.0,-15.192228975691043,4.047730073610232,-8.778909292590617,142.70481481481482,4.333333333333333,5.0,2.471716128745739,-17.346768285258438,0.3333333333333333,0.0,"BTC,ETH",仓位收益偏弱，降权参考
812760,570,2026-07-14 02:16:59,30,0x96cc8a4240b60d4aa5cf47b6af45d0d2d3e9e5a3,smart_money,P-N,50.0,1.0,1,1,0,1.0,2.3617560783248006,,2.3617560783248006,188.8325,20.0,20.0,8.598870820408242,-0.4194724520743336,0.0,1.0,BTC,仓位样本不足，暂不影响权重
811913,570,2026-07-14 02:16:59,30,0x96f0bee3ad9b71b0ae67de7bd4f6ce8f342dd6bf,smart_money,P-G,46.481730657785185,0.65,9,5,4,1.0,6.546107389584181,-4.848740256963556,1.4817306577851865,101.79058641975308,12.0,40.0,8.031762388870213,-5.92001860048512,0.1111111111111111,0.5555555555555556,"HYPE,LIT,BTC,CASHCAT,SOL",高杠杆/短线赌徒型，长期单降权
811914,570,2026-07-14 02:16:59,30,0x972b0f9cde1266e860e546ac92e783741769400f,money_printer,P-G,58.47925377977096,0.65,5,0,5,,,13.479253779770957,13.479253779770957,368.6613888888889,15.6,20.0,19.099748026839016,-7.725976878706139,0.0,1.0,"BTC,ETH,HYPE,PAXG,SOL",高杠杆/短线赌徒型，长期单降权
812559,570,2026-07-14 02:16:59,30,0x97991003fd631e2923f40cab2a4fdc35e60dc807,smart_money,P-G,45.152726307478616,0.65,54,53,1,0.6037735849056604,0.15408563854652327,0.08068176087943425,0.15272630747861424,6.827062757201647,20.0,20.0,0.6528419511807984,-0.42049474660004954,0.0,1.0,ETH,高杠杆/短线赌徒型，长期单降权
812872,570,2026-07-14 02:16:59,30,0x97b1419998d4c804336c6c22519d28277bacebd7,smart_money,P-B,85.78089986991944,1.0,8,8,0,0.875,28.229204317898446,,28.229204317898446,21.975243055555556,9.375,10.0,29.742885059029366,-0.224862611242857,0.0,0.875,"HYPE,ADA,APT,ARB,AVAX",仓位表现普通有效
811915,570,2026-07-14 02:16:59,30,0x97be9c7904f9c772a3efbf9e10286b91ba8a773e,smart_money,P-G,53.00613446831075,0.65,7,4,3,0.75,9.152874380142674,8.157679376934789,8.006134468310746,162.87464285714285,19.285714285714285,40.0,11.768906024822225,-0.28593678868778794,0.0,0.8571428571428571,"ETH,WLD,BTC,SOL,XMR",高杠杆/短线赌徒型，长期单降权
811916,570,2026-07-14 02:16:59,30,0x984e16e759ac515784f90dd88443260e482c63c1,smart_money,P-B,79.26791068367238,1.0,261,140,121,0.5428571428571428,-0.730927559817749,1.3028839473190976,-0.0978454244473344,171.55501702852266,4.75095785440613,12.0,6.152729576674017,-7.097096867486671,0.3946360153256705,0.02681992337164751,"HYPE,VVV,MANTA,SOL,WLD",仓位表现普通有效
812270,570,2026-07-14 02:16:59,30,0x984f6a8aa8584dde8f1fa9b240b09f4df3ac25e5,smart_money,P-G,45.29377471651122,0.65,3,2,1,1.0,1.3520331895829738,-1.8227422296322757,0.29377471651122394,122.31425925925926,20.0,20.0,1.1757178261298575,-2.7289533182765324,0.0,1.0,BTC,高杠杆/短线赌徒型，长期单降权
811917,570,2026-07-14 02:16:59,30,0x985f02b19dbc062e565c981aac5614baf2cf501f,money_printer,P-C,46.53089986991944,0.75,8,0,8,,,11.161384606597379,11.161384606597382,368.66138888888884,6.125,10.0,31.461917851065447,-25.140798458777457,0.375,0.375,"APT,EIGEN,HYPE,LIT,PURR",仓位收益偏弱，降权参考
811918,570,2026-07-14 02:16:59,30,0x987163b6b482c30c2f5f3aa2760109668eb0091d,money_printer,P-C,0.4455602512540473,0.75,4,3,1,0.0,-7.420312296204156,1.1108575645613157,-5.287519831012789,178.62,14.5,40.0,4.839496007045357,-7.324679009058027,0.25,0.5,"HYPE,BTC,VVV,ENA",仓位收益偏弱，降权参考
812360,570,2026-07-14 02:16:59,30,0x98785f2a43fe32f972476b86ed5a5cfaf5240f00,smart_money,P-G,44.571837263815205,0.65,6,4,2,0.75,1.1240039400006054,-3.8753213060676486,-0.4281627361847949,100.37620370370371,15.0,20.0,3.3203001570541133,-2.822408842065261,0.0,1.0,"HYPE,BTC",高杠杆/短线赌徒型，长期单降权
811919,570,2026-07-14 02:16:59,30,0x9878b73eba4475a8ca8bb9be119c3f85df988e9d,smart_money,P-B,68.65181356463306,1.0,38,30,8,0.5333333333333333,0.21427725217114155,4.427190323918642,1.0802927472288124,71.87741959064331,9.894736842105264,40.0,3.103308371681259,-4.0554358308133285,0.5789473684210527,0.34210526315789475,"HMSTR,ADA,BTC,AERO,CHIP",仓位表现普通有效
812636,570,2026-07-14 02:16:59,30,0x9887ac3b69538d77caa7f88c0688b740fb05a11f,smart_money,P-B,79.8082647203182,1.0,72,72,0,0.5833333333333334,0.4874656934924315,,0.4874656934924315,3.846242283950616,3.0,3.0,1.6781728448045652,-1.1504228465014983,1.0,0.0,"LIT,ZEC,PUMP,WLD,BLUR",仓位表现普通有效
812755,570,2026-07-14 02:16:59,30,0x988caf2d1aa1ffc52c666f67d9a3e13a72ba6e04,smart_money,P-C,36.12545045452239,0.75,4,4,0,0.25,-1.1975747293786183,,-1.1975747293786183,16.88965277777778,5.0,5.0,1.7134082311772978,-4.466902842952671,0.0,0.0,"LIT,HYPE",仓位收益偏弱，降权参考
812860,570,2026-07-14 02:16:59,30,0x98d0e60828e17d1deba5b3924536909fe1387830,smart_money,P-N,50.0,1.0,1,1,0,1.0,50.2049463828247,,50.2049463828247,54.82361111111111,5.0,5.0,54.89261012013106,0.0,0.0,0.0,ZRO,仓位样本不足，暂不影响权重
812344,570,2026-07-14 02:16:59,30,0x99223bf50978618ce3dedc9d05a29717a23a9882,smart_money,P-G,46.56269619651231,0.65,13,12,1,0.75,2.520037749074702,-9.925402434236359,1.562696196512313,31.859893162393156,11.923076923076923,20.0,3.5806966972888317,-1.69763347261829,0.0,0.7692307692307693,"LINK,BTC,SPX",高杠杆/短线赌徒型，长期单降权
812352,570,2026-07-14 02:16:59,30,0x995a826fc3dd9cf4f26948dd187a08129ecc37e4,smart_money,P-G,50.60608691530132,0.65,6,3,3,1.0,7.1697823109992385,4.042391519603406,5.606086915301322,158.71421296296296,16.666666666666668,20.0,7.381773002790293,-2.6098180391808996,0.0,1.0,"ETH,SOL,CRV",高杠杆/短线赌徒型，长期单降权
812396,570,2026-07-14 02:16:59,30,0x996a189d8111a11e33ce2d37af415da0d608cdae,smart_money,P-B,91.66164582388049,1.0,7,5,2,1.0,2.792421132397199,-1.1123883394516505,1.676761283297528,92.27694444444445,9.0,10.0,4.216124719227067,-1.5973370204201545,0.14285714285714285,0.8571428571428571,"AAVE,SUI,UNI,BTC,ZEC",仓位表现普通有效
812776,570,2026-07-14 02:16:59,30,0x9970d443386312f7839f3adbe2d607b024ac20c6,smart_money,P-B,72.67357128959496,1.0,142,142,0,0.4859154929577465,0.16072930676930947,,0.16072930676930947,136.51303990610342,5.267605633802817,20.0,8.640968979540984,-7.569741700904174,0.4647887323943662,0.18309859154929578,"APT,BERA,OP,UMA,BABY",仓位表现普通有效
812351,570,2026-07-14 02:16:59,30,0x99967871e6c4f9a5185abc57edede9e9540191f6,money_printer,P-N,50.0,1.0,2,1,1,0.0,-17.57930991520153,10.288304189656076,-3.6455028627727275,131.45972222222224,3.0,3.0,9.688705193772886,-15.626970210897982,1.0,0.0,LIT,仓位样本不足，暂不影响权重
811920,570,2026-07-14 02:16:59,30,0x999da2f91628addf7a5df3194084eddd694066f2,money_printer,P-N,50.0,1.0,1,0,1,,,7.938264491915409,7.93826449191541,368.6613888888889,5.0,5.0,14.33638307371982,0.0,0.0,0.0,BTC,仓位样本不足，暂不影响权重
811921,570,2026-07-14 02:16:59,30,0x99b1098d9d50aa076f78bd26ab22e6abd3710729,money_printer,P-N,50.0,1.0,1,0,1,,,-55.942869001912264,-55.942869001912264,368.6613888888889,10.0,10.0,0.0,-79.04084950364914,0.0,1.0,HYPE,仓位样本不足，暂不影响权重
811922,570,2026-07-14 02:16:59,30,0x99df385a3cb3a44d79532f2fa698c248c31909b2,smart_money,P-N,50.0,1.0,1,0,1,,,-3.472950819672127,-3.472950819672127,368.6613888888889,3.0,3.0,0.08114754098360963,-18.799180327868854,1.0,0.0,HYPE,仓位样本不足，暂不影响权重
811923,570,2026-07-14 02:16:59,30,0x9a0825ca6c4c577a1202a8fae3b8f044c1d5711d,smart_money,P-N,50.0,1.0,2,0,2,,,-1.8789060021499717,-1.6204477732721505,368.6613888888889,20.0,20.0,5.140246339425207,-9.958736874184433,0.0,1.0,"BTC,ETH",仓位样本不足，暂不影响权重
812487,570,2026-07-14 02:16:59,30,0x9a31f7aff78fd464bbceb398e11b82ba633c6525,smart_money,P-B,68.98102320615656,1.0,140,137,3,0.5547445255474452,0.07523552744803293,0.04923788343668184,0.07445320891769593,7.8506091269841285,5.0,5.0,0.5499041762994875,-0.4604302212359073,0.0,0.0,"XRP,DOGE,PAXG",仓位表现普通有效
811924,570,2026-07-14 02:16:59,30,0x9a3664a58b6a6579319c44bdd06a381ec8b47b6a,smart_money,P-B,77.99309178990919,1.0,257,124,133,0.49193548387096775,0.45616494519185774,2.2717460264403426,1.1679090178364806,197.36351275399915,4.743190661478599,12.0,8.226462543687788,-7.720681752433416,0.43190661478599224,0.038910505836575876,"XRP,LAYER,HYPE,FIL,MANTA",仓位表现普通有效
812782,570,2026-07-14 02:16:59,30,0x9a377ec81c1bd51d31170bf8d7a7b6c5fbaded9b,smart_money,P-G,45.55876682937869,0.65,3,3,0,0.6666666666666666,0.5587668293786904,,0.5587668293786904,4.196481481481482,26.666666666666668,40.0,0.9230165051343665,-0.11434123798704371,0.0,1.0,"SOL,BTC",高杠杆/短线赌徒型，长期单降权
811925,570,2026-07-14 02:16:59,30,0x9a51b0dc3545cb8e9b0382b42c91f9e39a92efd6,smart_money,P-N,50.0,1.0,1,0,1,,,-1.0042535304930509,0.19086052215029384,368.6613888888889,10.0,10.0,13.75410959663034,-1.9257473776012846,0.0,1.0,HYPE,仓位样本不足，暂不影响权重
812762,570,2026-07-14 02:16:59,30,0x9a770e9cd5d05e9e5636b87c822bafb53e02bdc9,smart_money,P-C,49.488818701887354,0.75,5,5,0,0.4,-3.2504406707364155,,-3.2504406707364155,51.25611111111111,3.6,4.0,5.058989128357569,-6.402024128332641,0.4,0.0,"HYPE,VVV",仓位收益偏弱，降权参考
812447,570,2026-07-14 02:16:59,30,0x9abb9d9c10d1512148e9e0074547f0e6785c84d8,smart_money,P-G,44.295857467900575,0.65,6,5,1,0.0,-1.0925227896396976,1.2377587556019254,-0.7041425320994271,21.459490740740744,20.0,20.0,0.9556548849636237,-1.030921010203713,0.0,1.0,BTC,高杠杆/短线赌徒型，长期单降权
812266,570,2026-07-14 02:16:59,30,0x9aca58e24ff5845f245e7c2c897fef1bc59b3555,smart_money,P-A,92.62695997650783,1.15,11,6,5,0.8333333333333334,8.6970184902548,-3.868752417554272,2.985304441250676,131.40320707070708,7.090909090909091,10.0,11.045929766009145,-4.192070767359945,0.09090909090909091,0.45454545454545453,"ONDO,VIRTUAL,XPL,AVAX,W",仓位收益稳定，适合加权参考
812690,570,2026-07-14 02:16:59,30,0x9b5b1931fa5838a891973f9877c7648c93ee80cc,smart_money,P-G,41.63040276669291,0.65,19,19,0,0.21052631578947367,-3.3695972333070876,,-3.3695972333070876,286.67555555555555,11.842105263157896,20.0,1.9813112453320305,-10.336801975828076,0.0,0.9473684210526315,"AAVE,ADA,AVAX,BCH,BNB",高杠杆/短线赌徒型，长期单降权
811926,570,2026-07-14 02:16:59,30,0x9b745bea23ab438b0b3b9527ad7ab637b52cfcb1,smart_money,P-C,42.29094991044918,0.75,4,0,4,,,6.184588383944644,7.135174998584776,292.24604166666666,4.75,10.0,25.238579768461594,-21.535779915106303,0.75,0.25,"CHIP,HYPE,VVV,CASHCAT",仓位收益偏弱，降权参考
812308,570,2026-07-14 02:16:59,30,0x9b864dde6ed1c21608b1665a0ac0faa4f7e36e6e,smart_money,P-R,25.0,-0.8,14,12,2,0.25,-1.5159315256371002,3.675619400888367,-0.8901294330065844,81.1858134920635,4.142857142857143,5.0,8.846133988968047,-3.2919357478755815,0.35714285714285715,0.0,"LIT,ARB,HYPE,ZEC,UNI",仓位真实收益偏反向，可作为反向参考
811927,570,2026-07-14 02:16:59,30,0x9b883651182137f33efda174f831d9918182afe0,smart_money,P-C,75.32269616741424,0.75,480,355,125,0.4788732394366197,-0.011760168808793272,0.12687919400802827,-0.05754862990790679,99.99422453703716,4.166666666666667,12.0,4.608283125103994,-4.689499763414661,0.49583333333333335,0.004166666666666667,"TRB,VVV,CELO,GRAM,FARTCOIN",仓位收益偏弱，降权参考
812773,570,2026-07-14 02:16:59,30,0x9bbb821a51d9c0ef24dd8592e9caad7fc469bbf2,smart_money,P-N,50.0,1.0,1,1,0,0.0,-0.13851085614683237,,-0.13851085614683237,17.752222222222223,2.0,2.0,0.852103375028166,-1.9829141484450228,1.0,0.0,ZEC,仓位样本不足，暂不影响权重
812743,570,2026-07-14 02:16:59,30,0x9bd2ee53f6c6aa778209b8673f6c7df754830c88,smart_money,P-N,50.0,1.0,1,1,0,0.0,-0.9987978744040662,,-0.9987978744040662,100.215,10.0,10.0,2.6089948445944766,-3.281986947946113,0.0,1.0,HYPE,仓位样本不足，暂不影响权重
811928,570,2026-07-14 02:16:59,30,0x9c16bc8f1104e4d2f72267eb981fa12de7cc4a6f,money_printer,P-G,57.844254124243356,0.65,3,0,3,,,12.885562688441533,12.844254124243356,368.6613888888889,28.333333333333332,40.0,19.220047584294463,-2.3861008547226956,0.0,1.0,"BTC,ETH,SOL",高杠杆/短线赌徒型，长期单降权
812318,570,2026-07-14 02:16:59,30,0x9c2a2a966ed8e47f0c8b7e2ec2b91424f229f6a8,money_printer,P-G,45.85668599457405,0.65,16,11,5,0.36363636363636365,-0.8077601356611751,4.510222609736104,0.8566859945740534,99.45927083333335,15.1875,20.0,4.101807572248629,-2.970959859818297,0.0625,0.8125,"BTC,ETH,SOL,HYPE,LIT",高杠杆/短线赌徒型，长期单降权
811929,570,2026-07-14 02:16:59,30,0x9cbf099ff424979439dfba03f00b5961784c06ce,money_printer,P-C,46.020599913279625,0.75,4,0,4,,,15.574726904598588,15.574726904598588,368.6613888888889,5.75,10.0,62.15229734243045,-33.55889994508244,0.25,0.25,"AAVE,LDO,VVV,ZRO",仓位收益偏弱，降权参考
812584,570,2026-07-14 02:16:59,30,0x9cc53c5af67fb83a16cc41f61e242bade875ab3d,money_printer,P-G,44.89606030745451,0.65,19,18,1,0.5555555555555556,-0.09988864107960078,-0.17685861893141303,-0.10393969254548559,13.831842105263163,10.0,10.0,0.3268570561304791,-0.5951412297234441,0.0,1.0,BTC,高杠杆/短线赌徒型，长期单降权
811930,570,2026-07-14 02:16:59,30,0x9d1792626cc8bfb29acc7e5e7a2f706bb6ada290,smart_money,P-S,100.0,1.25,73,20,53,0.75,5.28813621442128,11.272713844696947,9.540819035398835,265.60512176560144,4.315068493150685,10.0,21.30191264026013,-10.653489294347512,0.547945205479452,0.0821917808219178,"SKR,LIT,PENDLE,SEI,SAGA",仓位收益、持仓周期、杠杆结构适合长期参考
811931,570,2026-07-14 02:16:59,30,0x9d25fdd3e862b690759fae43e2db73bc75909b0e,smart_money,P-N,50.0,1.0,1,0,1,,,3.674555102302447,3.674555102302447,368.6613888888889,10.0,10.0,6.029481370246976,-11.727386256764461,0.0,1.0,HYPE,仓位样本不足，暂不影响权重
811932,570,2026-07-14 02:16:59,30,0x9d6468a5ab22fb02f990a778039443d264ef31fe,smart_money,P-S,100.0,1.25,10,7,3,0.8571428571428571,3.9561516089806994,18.23564453385251,8.239999486442242,80.35347222222222,2.2,5.0,11.052689929368428,-2.191262083278855,0.9,0.0,"CASHCAT,ETH,SOL,LIT,BTC",仓位收益、持仓周期、杠杆结构适合长期参考
812391,570,2026-07-14 02:16:59,30,0x9d732bed515e8f66ad2b60cda96a4ef3c31e729f,money_printer,P-G,44.931371838614396,0.65,12,9,3,0.5555555555555556,-0.05659029829131031,-0.16818852704874254,-0.06862816138560547,22.66377314814815,20.0,20.0,0.33246251259305487,-0.48850511245677364,0.0,1.0,"SOL,ETH,BTC",高杠杆/短线赌徒型，长期单降权
812443,570,2026-07-14 02:16:59,30,0x9da9ccc7563bc4c420a7a30819d3875d9499f376,smart_money,P-G,45.30241614555238,0.65,37,36,1,0.7777777777777778,0.32487969706765907,-0.4115662973552603,0.3024161455523748,9.96382132132132,10.0,10.0,0.7442975326149546,-0.3780586414873776,0.0,1.0,ETH,高杠杆/短线赌徒型，长期单降权
812695,570,2026-07-14 02:16:59,30,0x9db81630393e5cdb66b4e959c556b089c2005c80,smart_money,P-N,50.0,1.0,1,1,0,1.0,5.645382618279917,,5.645382618279917,283.6738888888889,20.0,20.0,14.680108193627268,0.0,0.0,1.0,BTC,仓位样本不足，暂不影响权重
811933,570,2026-07-14 02:16:59,30,0x9db82c502472d76742fdd69609dfcc6e01327401,smart_money,P-R,25.0,-0.8,22,0,22,,,-17.40364502260891,-17.558398070509522,343.8742297979797,4.2272727272727275,10.0,10.938797278945303,-28.616073696755574,0.6363636363636364,0.18181818181818182,"AAVE,ASTER,BTC,CC,CHIP",仓位真实收益偏反向，可作为反向参考
811934,570,2026-07-14 02:16:59,30,0x9dea4d13ac1c469b7fe9049d43835df1be143ec0,money_printer,P-N,50.0,1.0,1,0,1,,,13.026440162653003,13.026440162653003,368.6613888888889,40.0,40.0,19.070940043628422,0.0,0.0,1.0,BTC,仓位样本不足，暂不影响权重
811935,570,2026-07-14 02:16:59,30,0x9df286bcee3b6b20eddcbe763ddd3a30ef3bc665,money_printer,P-N,50.0,1.0,1,0,1,,,8.67387319083302,8.885367672448597,368.6613888888889,10.0,10.0,11.810751331509273,-4.853190341077631,0.0,1.0,HYPE,仓位样本不足，暂不影响权重
811936,570,2026-07-14 02:16:59,30,0x9e02aca9865e1859bb7865f6f64801e804a173df,smart_money,P-C,58.452019395296894,0.75,62,0,62,,,8.226009697648447,8.226009697648447,368.6613888888893,4.580645161290323,5.0,20.997196621934975,-13.29741855152934,0.20967741935483872,0.0,"ALGO,APE,APT,AR,ATOM",仓位收益偏弱，降权参考
812800,570,2026-07-14 02:16:59,30,0x9e2cbb5d800181c1ef21b25010dc4ea80eeb5508,money_printer,P-G,48.51432020869151,0.65,3,3,0,1.0,3.5143202086915064,,3.5143202086915064,18.713703703703704,13.333333333333334,20.0,4.813167768208415,-0.20742536742174336,0.0,1.0,"ZEC,HYPE,SOL",高杠杆/短线赌徒型，长期单降权
812713,570,2026-07-14 02:16:59,30,0x9e74a6a1df3c2545ec4e8e54a1502967c7ad15e1,smart_money,P-N,50.0,1.0,1,1,0,1.0,17.094151013453903,,17.094151013453903,254.84,13.0,13.0,23.455065426172045,0.0,0.0,1.0,BTC,仓位样本不足，暂不影响权重
812789,570,2026-07-14 02:16:59,30,0x9e8b1e51c642f4c8b87c6ba11c53d516a218afc4,money_printer,P-N,50.0,1.0,1,1,0,1.0,1.5034722610159332,,1.5034722610159332,13.225555555555555,20.0,20.0,1.991802213354262,-0.3669267686856937,0.0,1.0,SOL,仓位样本不足，暂不影响权重
812735,570,2026-07-14 02:16:59,30,0x9fde8e59c61c290c435c2d953e70a3873e06a572,smart_money,P-N,50.0,1.0,2,2,0,0.0,-0.9370103970881283,,-0.9370103970881283,107.59833333333333,40.0,40.0,0.775195655794897,-5.214103422631742,0.0,1.0,BTC,仓位样本不足，暂不影响权重
812605,570,2026-07-14 02:16:59,30,0xa03236e2daca8f5583bd4654a0f2c9d96c6702aa,smart_money,P-B,68.05934546788679,1.0,4,4,0,0.5,0.019372777303579197,,0.019372777303579197,133.36069444444445,3.25,4.0,11.023898999152971,-6.51209850312997,0.75,0.0,"HYPE,ZEC,LIT",仓位表现普通有效
812831,570,2026-07-14 02:16:59,30,0xa0479b2c614cbd03ceab36ae5a6d0822035e553c,smart_money,P-N,50.0,1.0,1,1,0,0.0,-1.6941983575531516,,-1.6941983575531516,90.72277777777778,10.0,10.0,3.5721809113241227,-1.70912667674052,0.0,1.0,BTC,仓位样本不足，暂不影响权重
812746,570,2026-07-14 02:16:59,30,0xa0ca3dcba02de989e35eb3810ad762a222315075,money_printer,P-B,69.50095325289438,1.0,3,3,0,0.6666666666666666,1.5315370195155449,,1.5315370195155449,11.704907407407406,3.6666666666666665,5.0,2.6359224104082295,-1.3521840844905908,0.6666666666666666,0.0,"HYPE,RUNE",仓位表现普通有效
812848,570,2026-07-14 02:16:59,30,0xa0d669521cb00bfe43e5fa3bd573dc01dfe6567c,smart_money,P-N,50.0,1.0,1,1,0,0.0,-1.2075949367088608,,-1.2075949367088608,26.59888888888889,40.0,40.0,1.8827004219409285,-1.2075949367088608,0.0,1.0,BTC,仓位样本不足，暂不影响权重
811937,570,2026-07-14 02:16:59,30,0xa0f2e2f7b3ab58e3e52b74f08d94ae52778d46df,smart_money,P-N,50.0,1.0,1,0,1,,,2.3925306675327525,2.3925306675327525,368.6613888888889,2.0,2.0,31.8577917920339,-10.29957494793528,1.0,0.0,LIT,仓位样本不足，暂不影响权重
812375,570,2026-07-14 02:16:59,30,0xa100c54fcea537adad0743c9745c83195b278b66,smart_money,P-N,50.0,1.0,1,0,1,,,0.4009513555209154,-0.0771369341282723,122.98972222222223,3.0,3.0,3.5892779661561702,-0.7239622671830556,1.0,0.0,BTC,仓位样本不足，暂不影响权重
812727,570,2026-07-14 02:16:59,30,0xa12156da455437e075d243f7091a667c7121a73c,smart_money,P-B,100.0,1.0,3,3,0,1.0,2.7431995017426574,,2.7431995017426574,51.35916666666666,4.333333333333333,5.0,5.672611660961704,-0.4082977620418446,0.3333333333333333,0.0,"BTC,HYPE",仓位表现普通有效
812828,570,2026-07-14 02:16:59,30,0xa169b50ddb987b06e1c6821403fcba218a4f1e3d,smart_money,P-N,50.0,1.0,1,1,0,1.0,3.06303074727657,,3.06303074727657,92.87805555555556,20.0,20.0,9.334133921817855,0.0,0.0,1.0,BTC,仓位样本不足，暂不影响权重
812535,570,2026-07-14 02:16:59,30,0xa1d22621c9b077ce4ac468908114a82b2de4a8db,smart_money,P-G,45.05073361262341,0.65,126,125,1,0.552,0.050970422252791026,0.021132408950531093,0.050733612623408,2.9258840388007057,20.0,20.0,0.2806182955926374,-0.24064216072554998,0.0,1.0,BTC,高杠杆/短线赌徒型，长期单降权
811938,570,2026-07-14 02:16:59,30,0xa1d4fc32f21d9d77a4c20a6ac4b748815912c07c,smart_money,P-G,53.98517132427071,0.65,10,5,5,0.4,0.5203925793150744,17.44995006922635,8.985171324270713,200.34111111111116,13.5,20.0,11.69172356855044,-2.1005884081074355,0.0,0.7,"BTC,ETH,DOGE,HBAR,SUI",高杠杆/短线赌徒型，长期单降权
811939,570,2026-07-14 02:16:59,30,0xa20fb0c9e04063eec5be286e9269028d966646fa,money_printer,P-B,87.5925925925926,1.0,54,2,52,0.5,-3.4759457215438676,13.156107937852848,12.352211433634102,351.4628292181073,7.148148148148148,20.0,20.857266973995827,-7.801630806859837,0.12962962962962962,0.37037037037037035,"AERO,ALGO,ASTER,AVAX,BTC",仓位表现普通有效
811940,570,2026-07-14 02:16:59,30,0xa215ce4eac3900ac8a5e76f621eb8498be16aa51,smart_money,P-N,50.0,1.0,2,0,2,,,20.013150402138148,20.013150402138148,368.6613888888889,25.0,40.0,22.264082029159884,-2.8982328313798837,0.0,1.0,"BTC,TRX",仓位样本不足，暂不影响权重
812857,570,2026-07-14 02:16:59,30,0xa237f4cc7bbc930fd531b1a36f31e54f778fc431,smart_money,P-N,50.0,1.0,1,1,0,0.0,-0.22095047742480695,,-0.22095047742480695,1.1391666666666667,10.0,10.0,0.9907638015974058,-0.27562438151253965,0.0,1.0,HYPE,仓位样本不足，暂不影响权重
812483,570,2026-07-14 02:16:59,30,0xa243ecc646b1ce99c8c2810b6581cce76ec6f989,smart_money,P-B,83.56371260549706,1.0,13,12,1,0.75,0.23338231170848545,0.20722629528463474,0.2313703104451123,26.62946581196581,8.153846153846153,10.0,0.7533912804880121,-1.0363927883771735,0.0,0.07692307692307693,"BTC,ONDO",仓位表现普通有效
811941,570,2026-07-14 02:16:59,30,0xa24c5ca26c41cc52aeac1d6886d37f6dd5d6949f,smart_money,P-B,75.60587677748556,1.0,135,118,17,0.5423728813559322,2.92528992332941,1.3637128079499774,2.338406059803676,121.43688477366271,8.622222222222222,40.0,13.220939735058,-10.379828886210525,0.31851851851851853,0.45185185185185184,"HYPE,ETH,BTC,GRASS,DYDX",仓位表现普通有效
811942,570,2026-07-14 02:16:59,30,0xa2a7c751da5c4add00d1c8cb9a0110fb2c233f51,smart_money,P-G,45.818509328262536,0.65,128,97,31,0.5051546391752577,-0.07575695594393611,3.4945721324718444,0.8185093282625366,104.7722265625,10.34375,40.0,5.061135396524369,-4.986846799257394,0.0625,0.703125,"FARTCOIN,kPEPE,PENDLE,LIT,ETH",高杠杆/短线赌徒型，长期单降权
811943,570,2026-07-14 02:16:59,30,0xa2d1dd0f09239349354b662f75fbd81f3dbc824e,smart_money,P-C,48.14745590960105,0.75,3,0,3,,,8.188121681202212,8.188121681202212,368.6613888888889,3.6666666666666665,5.0,44.59036726291318,-44.427168505856656,0.6666666666666666,0.0,"HYPE,PENDLE,PURR",仓位收益偏弱，降权参考
812792,570,2026-07-14 02:16:59,30,0xa2e81e888f4a757bbad012ea9b193e7ab93f1468,money_printer,P-N,50.0,1.0,1,1,0,0.0,-9.47758001822612,,-9.47758001822612,65.42277777777778,18.0,18.0,0.6335744883979014,-9.69455758274595,0.0,1.0,ETH,仓位样本不足，暂不影响权重
811944,570,2026-07-14 02:16:59,30,0xa3099587930a877e75ff4084c7b22505b72c2eca,smart_money,P-C,35.42757925722348,0.75,15,0,15,,,32.96467979543596,32.96467979543596,368.6613888888888,11.0,40.0,39.91545783267542,-9.08902788583532,0.3333333333333333,0.4666666666666667,"ADA,AERO,BIO,BTC,CHIP",仓位收益偏弱，降权参考
811945,570,2026-07-14 02:16:59,30,0xa30ecf14316316f355b33eb6f5fb4f6e8ed8be51,smart_money,P-N,50.0,1.0,1,0,1,,,12.473962288714832,12.473962288714832,368.6613888888889,5.0,5.0,17.81169310217633,0.0,0.0,0.0,XMR,仓位样本不足，暂不影响权重
811946,570,2026-07-14 02:16:59,30,0xa312114b5795dff9b8db50474dd57701aa78ad1e,money_printer,P-B,100.0,1.0,25,5,20,1.0,14.66740546122789,8.905796449426381,9.803298354581429,282.5558,9.28,40.0,18.74735122921404,-8.379931405292682,0.16,0.52,"kBONK,APEX,ASTER,AZTEC,FARTCOIN",仓位表现普通有效
812874,570,2026-07-14 02:16:59,30,0xa31441e058492bc7cfffda9aa7623c407ae83a81,money_printer,P-N,50.0,1.0,1,1,0,1.0,15.528847749897668,,15.528847749897668,22.079166666666666,3.0,3.0,17.334684418047015,0.0,1.0,0.0,PURR,仓位样本不足，暂不影响权重
811947,570,2026-07-14 02:16:59,30,0xa32533a01bfca623badfaba89fa28c079b8671f7,smart_money,P-C,80.53089986991944,0.75,8,1,7,1.0,3.267350345814452,-18.87705021898469,-16.165271787394705,281.31350694444444,5.625,10.0,5.032288583236435,-23.50538110552445,0.5,0.375,"AVNT,AZTEC,HYPE,POPCAT,PUMP",仓位收益偏弱，降权参考
812560,570,2026-07-14 02:16:59,30,0xa33a2a0179eb17700f12877f3c331b295037ee7b,smart_money,P-G,45.027107349668306,0.65,353,352,1,0.53125,0.027809535455682124,-0.144904073182971,0.027107349668304907,1.6617028643374263,17.960339943342778,20.0,0.32208792480375203,-0.28138935693156913,0.0,1.0,"BTC,SOL,WLD,NEAR,ZEC",高杠杆/短线赌徒型，长期单降权
811948,570,2026-07-14 02:16:59,30,0xa33a4a057334c7811ad5f45f3c4f0dfa3d081ff8,money_printer,P-B,53.50153586190264,1.0,38,34,4,0.5294117647058824,0.0069459175827224105,-0.35787677511384364,-0.041801728491408854,38.80646198830409,9.868421052631579,10.0,1.2390224296635317,-1.8236143882070823,0.0,0.9736842105263158,"ADA,LINK,NEAR,ASTER",仓位表现普通有效
811949,570,2026-07-14 02:16:59,30,0xa351db10472a07059ea099e0581444e568bff894,money_printer,P-G,45.67800960711666,0.65,15,7,8,0.42857142857142855,-1.7728233468432946,3.6653691351196818,0.6780096071166589,139.32222222222222,16.333333333333332,40.0,6.035534409572372,-4.745141025969773,0.0,0.6666666666666666,"BTC,ETH,AVAX,LIT,WIF",高杠杆/短线赌徒型，长期单降权
812870,570,2026-07-14 02:16:59,30,0xa3555141f2ea7ed01e1d5a6589c4355ccaa31bf5,smart_money,P-N,50.0,1.0,1,1,0,1.0,0.10061366017528395,,0.10061366017528395,25.875833333333333,7.0,7.0,0.9387836556850876,-1.610650080657232,0.0,0.0,BTC,仓位样本不足，暂不影响权重
812239,570,2026-07-14 02:16:59,30,0xa3910b710b8a68d8fd77459e5aeee0b05e631360,smart_money,P-C,74.93864738678865,0.75,18,16,2,0.5625,-2.121171634605726,-6.075848375901725,-2.4389832765666535,52.29896604938272,2.888888888888889,10.0,0.9143714264875553,-6.614438543978201,0.8888888888888888,0.05555555555555555,"ADA,HYPE,ZEC,XPL,PUMP",仓位收益偏弱，降权参考
811950,570,2026-07-14 02:16:59,30,0xa399f378380dddb1fbb72e935b0111d7a4d16a52,smart_money,P-G,46.808912374438684,0.65,18,11,7,0.7272727272727273,2.464328703000498,0.12788664028493982,1.8089123744386848,115.55831790123456,14.5,40.0,7.943728098660241,-4.136135845333688,0.1111111111111111,0.7777777777777778,"ZEC,BTC,HYPE,FARTCOIN,LIT",高杠杆/短线赌徒型，长期单降权
812798,570,2026-07-14 02:16:59,30,0xa41f6abca0cb06a105f12a682e1995efa0c1d50a,smart_money,P-N,50.0,1.0,2,2,0,1.0,5.724021490904185,,5.724021490904185,59.165416666666665,4.0,4.0,9.632972229956524,-1.2487248919509433,0.0,0.0,HYPE,仓位样本不足，暂不影响权重
811951,570,2026-07-14 02:16:59,30,0xa430c7425787337e5096f9aad868b02bb1ab4c5f,smart_money,P-N,50.0,1.0,2,0,2,,,19.71983392547598,19.71983392547598,368.6613888888889,7.5,10.0,32.657682720555506,-19.38672922252011,0.0,0.5,"ETH,HYPE",仓位样本不足，暂不影响权重
812839,570,2026-07-14 02:16:59,30,0xa432ca1edabf81a8373fe2d655a2811ed2634e45,smart_money,P-N,50.0,1.0,1,1,0,1.0,4.045316995850867,,4.045316995850867,42.85638888888889,5.0,5.0,4.475911183011645,-1.4461440515715684,0.0,0.0,HYPE,仓位样本不足，暂不影响权重
811952,570,2026-07-14 02:16:59,30,0xa445a0a15b1d50fa0c4bfe6796d9447e0da5329d,money_printer,P-G,44.940768025183154,0.65,40,39,1,0.7948717948717948,0.29553716736781405,-13.895228520018607,-0.0592319748168464,16.972583333333336,31.875,40.0,0.483325892040106,-0.9560433459583789,0.0,1.0,"BTC,ETH,SOL,HYPE",高杠杆/短线赌徒型，长期单降权
812787,570,2026-07-14 02:16:59,30,0xa44898949336804325763810e731f7aabf768250,smart_money,P-G,43.662901364989786,0.65,6,6,0,0.6666666666666666,-1.3370986350102176,,-1.3370986350102176,33.843981481481485,13.0,40.0,1.818712598316367,-4.287245652555728,0.16666666666666666,0.6666666666666666,"BTC,VVV,SOL,WLD,ZEC",高杠杆/短线赌徒型，长期单降权
812724,570,2026-07-14 02:16:59,30,0xa46aba5584adb38d458710902f7fc6677f7ab914,smart_money,P-G,44.59860672204038,0.65,10,10,0,0.2,-0.4013932779596175,,-0.4013932779596175,2.299305555555555,17.5,30.0,0.43763310721304716,-0.5095183861351205,0.0,1.0,"BTC,HYPE,SOL",高杠杆/短线赌徒型，长期单降权
811953,570,2026-07-14 02:16:59,30,0xa4add8273d7f47318675bdfbcce3e9648cdb4509,money_printer,P-B,100.0,1.0,5,3,2,1.0,2.7778168030122443,-3.5697368696940677,0.4869571705998088,112.03427777777779,6.0,10.0,3.602289342139879,-3.7805821140404126,0.0,0.2,"HYPE,SOL,ENA,ZEC",仓位表现普通有效
812648,570,2026-07-14 02:16:59,30,0xa4be91acc74feabab71b8878b66b8f5277212520,money_printer,P-G,49.62411141850252,0.65,3,3,0,0.6666666666666666,4.624111418502521,,4.624111418502521,350.66861111111103,28.333333333333332,40.0,13.708672556331328,-3.248271013717727,0.0,1.0,"BTC,ETH,SOL",高杠杆/短线赌徒型，长期单降权
812431,570,2026-07-14 02:16:59,30,0xa4dedda59f2908b92ae192cfd494839373bcb3c4,money_printer,P-G,44.907781563682384,0.65,16,14,2,0.42857142857142855,0.1432166222623197,-1.7402638463771787,-0.09221843631761759,16.079305555555553,17.6875,40.0,2.0332195947434,-2.2641328584933014,0.0625,0.9375,"HYPE,BTC,CASHCAT,SOL",高杠杆/短线赌徒型，长期单降权
811954,570,2026-07-14 02:16:59,30,0xa4e33be0b96c1ec4031f2db53dcd5660621ce3ec,smart_money,P-C,65.50696458592154,0.75,17,5,12,0.4,8.832865284468678,0.11005808398236927,2.630649450775281,270.0575980392156,6.529411764705882,10.0,14.34679481645612,-9.93378124624838,0.11764705882352941,0.35294117647058826,"ADA,MNT,AAVE,ALGO,ATOM",仓位收益偏弱，降权参考
812433,570,2026-07-14 02:16:59,30,0xa516541e599129095d14f7faf8b11ae670c837b0,smart_money,P-G,44.33015141443162,0.65,11,9,2,0.2222222222222222,0.08339399028262512,-4.059440176897911,-0.6698485855683813,14.673434343434343,20.90909090909091,40.0,2.0378104598649354,-1.6932683172208598,0.0,1.0,"ETH,HYPE,ZEC,BTC",高杠杆/短线赌徒型，长期单降权
812677,570,2026-07-14 02:16:59,30,0xa522301c25e833b75b223a21a7f528eef9862d0e,smart_money,P-N,50.0,1.0,1,1,0,0.0,-7.383388938061364,,-7.383388938061364,10.001944444444444,3.0,3.0,5.294202569760966,-11.205065275228412,1.0,0.0,CASHCAT,仓位样本不足，暂不影响权重
811955,570,2026-07-14 02:16:59,30,0xa559edb06548fb5d9b2066ec43320e5f9726ff95,smart_money,P-N,50.0,1.0,2,0,2,,,-3.727833391093939,-3.727833391093939,368.6613888888889,15.0,20.0,16.019910721421144,-11.169363737615488,0.0,1.0,"ETH,XPL",仓位样本不足，暂不影响权重
811956,570,2026-07-14 02:16:59,30,0xa581bb0ac1a7ec393e76ccd45de2bfff6146e213,money_printer,P-C,47.98970004336019,0.75,5,0,5,,,13.900483427429378,13.900483427429378,368.6613888888889,6.8,20.0,33.328231582397514,-26.200373018637066,0.6,0.2,"ETH,HYPE,PURR,STBL,XMR",仓位收益偏弱，降权参考
811957,570,2026-07-14 02:16:59,30,0xa59362891a6910c0d16171ac10ad43ba994bbcde,smart_money,P-B,73.89096370548646,1.0,23,15,8,0.5333333333333333,0.5022023963832047,0.7265902457619122,0.5788716581625099,112.55272946859904,7.826086956521739,40.0,4.0570471145574984,-3.66930485433741,0.21739130434782608,0.2608695652173913,"XLM,CC,NEAR,LIT,BTC",仓位表现普通有效
811958,570,2026-07-14 02:16:59,30,0xa5fd942d4badbab4fe84a9e10f565dd40d5f15ff,money_printer,P-B,79.8609814760975,1.0,33,11,22,0.8181818181818182,3.5462429677162235,-2.5532629217635185,-0.37253956498155266,262.51086700336697,10.878787878787879,40.0,13.748958829160188,-15.866244884485834,0.3939393939393939,0.3333333333333333,"BTC,LIT,0G,2Z,ADA",仓位表现普通有效
812585,570,2026-07-14 02:16:59,30,0xa62b923a112d50d03e1e096bbd53422490dac104,smart_money,P-B,76.1471010006636,1.0,269,268,1,0.5447761194029851,0.005953821333602182,0.1222962927437533,0.006386321227320218,1.3704874019000415,3.0,3.0,0.1682180457324745,-0.15490938670378016,1.0,0.0,BTC,仓位表现普通有效
812457,570,2026-07-14 02:16:59,30,0xa685e0303482ece79b16dc5c1a52bd9dae623dfa,smart_money,P-B,81.69632247129692,1.0,11,10,1,0.8,3.1447791293046103,-2.8946153846153884,2.5957432644027922,27.57542929292929,9.909090909090908,20.0,4.832072923004047,-1.5291297029534585,0.2727272727272727,0.5454545454545454,"SOL,LDO,LIT,HYPE,AERO",仓位表现普通有效
811959,570,2026-07-14 02:16:59,30,0xa68eb8520766ca5eae81e547128d5cc3fa909a1e,smart_money,P-C,41.020599913279625,0.75,4,0,4,,,20.041383165172114,20.041383165172114,368.6613888888889,9.5,20.0,39.03303365594009,-20.329924662281346,0.25,0.5,"BTC,HYPE,PENDLE,PUMP",仓位收益偏弱，降权参考
812492,570,2026-07-14 02:16:59,30,0xa6e2dc44418f5ad213c86db4dbb203a59d13c49f,money_printer,P-G,44.01345848928973,0.65,31,25,6,0.44,-1.3545532085497975,0.5468405636210892,-0.9865415107102712,29.807096774193543,12.774193548387096,25.0,2.5970450810887646,-2.661281927978752,0.06451612903225806,0.7096774193548387,"BTC,LIT,HYPE,SOL,ETH",高杠杆/短线赌徒型，长期单降权
811960,570,2026-07-14 02:16:59,30,0xa6ee1ed1ae80b8352603654b39f5e7b9bedd5078,money_printer,P-G,44.1067719235806,0.65,17,16,1,0.625,0.08635854426516139,-16.566614007372298,-0.8932280764193951,24.893513071895427,22.941176470588236,25.0,0.4855755050206349,-2.9205694008813254,0.0,0.9411764705882353,"ETH,MON,kBONK",高杠杆/短线赌徒型，长期单降权
812788,570,2026-07-14 02:16:59,30,0xa74421270b2d439edc6fa6eb4d5cacb15f2f94ee,smart_money,P-N,50.0,1.0,1,1,0,1.0,3.0992026553658523,,3.0992026553658523,146.33027777777778,40.0,40.0,10.99609901281141,0.0,0.0,1.0,BTC,仓位样本不足，暂不影响权重
812586,570,2026-07-14 02:16:59,30,0xa775d1bd91ee2cc4cae6113e5fd9c0c17b355277,smart_money,P-C,69.87027931489834,0.75,270,269,1,0.45724907063197023,-0.0690240006355803,0.05144621012917588,-0.0685778146697849,1.3654125514403295,3.0,3.0,0.22988006226850066,-0.25442028483287565,1.0,0.0,SOL,仓位收益偏弱，降权参考
811961,570,2026-07-14 02:16:59,30,0xa7aae418ee1714642f46b577c5b6f6c8bcb561dc,smart_money,P-N,50.0,1.0,1,0,1,,,7.03050991408878,7.03050991408878,368.6613888888889,10.0,10.0,11.830758174631683,0.0,0.0,1.0,BNB,仓位样本不足，暂不影响权重
812708,570,2026-07-14 02:16:59,30,0xa7fd61557cd0a61073566766839d5f851a8e92ef,smart_money,P-N,50.0,1.0,1,1,0,1.0,0.9888268156424638,,0.9888268156424638,36.61138888888889,10.0,10.0,0.9888268156424638,-2.936871508379891,0.0,1.0,AAVE,仓位样本不足，暂不影响权重
811962,570,2026-07-14 02:16:59,30,0xa844d7ac9fa3424c4fd38a25baa23e460ec3e802,smart_money,P-N,50.0,1.0,1,0,1,,,2.9672298024783186,2.967229802478319,368.6613888888889,3.0,3.0,18.218552812742665,-0.5694980065122774,1.0,0.0,HYPE,仓位样本不足，暂不影响权重
811963,570,2026-07-14 02:16:59,30,0xa8616487ec2605c79c3ad3a3e6bcbe9d059bc774,smart_money,P-C,49.771212547196626,0.75,3,0,3,,,9.745090345101277,9.392252430882165,251.65833333333333,3.6666666666666665,4.0,12.683784788473654,-1.9614942795675727,0.3333333333333333,0.0,"BTC,SOL,ETH",仓位收益偏弱，降权参考
811964,570,2026-07-14 02:16:59,30,0xa864144d507da1f5a90aae0147b8cba6d93a21cb,smart_money,P-G,44.74194230971505,0.65,13,4,9,0.75,0.7467192944895844,-0.5794981747595972,-0.25805769028494824,182.22995726495722,22.923076923076923,40.0,4.171248119583348,-3.439063104413661,0.07692307692307693,0.7692307692307693,"BTC,ETH,XRP,CC,BNB",高杠杆/短线赌徒型，长期单降权
811965,570,2026-07-14 02:16:59,30,0xa87a233e8a7d8951ff790a2e39738086cb5f71b7,money_printer,P-B,100.0,1.0,8,1,7,1.0,93.74470021244986,51.13295613739043,56.45937610576817,327.49555555555554,9.125,20.0,67.55883177930893,-13.066273510352461,0.125,0.625,"APT,DOGE,ENA,HYPE,SOL",仓位表现普通有效
812512,570,2026-07-14 02:16:59,30,0xa880d6cc607a05ea617307ab3b0d335e8d8424ee,smart_money,P-B,74.6633196825808,1.0,2850,2836,14,0.5229196050775741,0.028856051606771883,0.08622566276165525,0.029473663575309783,1.8158227095516617,3.0,3.0,0.421999357268415,-0.3482722620047195,1.0,0.0,"HYPE,PUMP,ADA,APT,TRUMP",仓位表现普通有效
811966,570,2026-07-14 02:16:59,30,0xa88bdbd7ec3cdb13fa2be3781f35ed710f8368e0,smart_money,P-N,50.0,1.0,1,0,1,,,40.44184938036225,40.44184938036225,368.6613888888889,40.0,40.0,44.581029551954245,0.0,0.0,1.0,BTC,仓位样本不足，暂不影响权重
812815,570,2026-07-14 02:16:59,30,0xa8cbf4200595efcd94b7526d04deafe0f284af2d,smart_money,P-N,50.0,1.0,2,2,0,1.0,3.735774065138658,,3.735774065138658,37.09833333333333,5.5,6.0,5.882931073360091,-3.3631806754350992,0.0,0.0,"HYPE,MORPHO",仓位样本不足，暂不影响权重
811967,570,2026-07-14 02:16:59,30,0xa8ccdcf9a2256a23504133c8ec1b04bc12a516df,smart_money,P-N,50.0,1.0,1,0,1,,,22.756276713199306,22.756276713199306,368.6613888888889,20.0,20.0,28.124571136082928,0.0,0.0,1.0,BTC,仓位样本不足，暂不影响权重
812769,570,2026-07-14 02:16:59,30,0xa99767ff6874018935af8924eeb3de3c7b578edc,money_printer,P-N,50.0,1.0,1,1,0,1.0,26.791706070423565,,26.791706070423565,180.33138888888888,5.0,5.0,33.6768629170778,0.0,0.0,0.0,MON,仓位样本不足，暂不影响权重
812373,570,2026-07-14 02:16:59,30,0xa99c9e5484e5b26635c07876d0859a1819ff40d5,smart_money,P-A,70.87316802463187,1.15,5,3,2,0.6666666666666666,4.1171912420678165,-3.4047852198454454,1.1084006573025118,135.95644444444446,7.2,10.0,4.514012256117182,-4.977476597509208,0.4,0.6,"HYPE,BTC",仓位收益稳定，适合加权参考
811968,570,2026-07-14 02:16:59,30,0xa9b95f2a2e7ef219021efc5c04c32761b8553bbd,money_printer,P-G,65.0,0.65,4,0,4,,,22.52341415322253,22.523414153222532,350.9422916666667,17.5,20.0,35.69778718107466,-1.4740799493605374,0.0,1.0,"BTC,ETH,HYPE,SOL",高杠杆/短线赌徒型，长期单降权
811969,570,2026-07-14 02:16:59,30,0xaa23550773de942c546b3f29e7df60d8a9d85820,smart_money,P-G,43.91333716822356,0.65,13,8,5,0.5,-4.189815629301196,0.46288648683648026,-1.0866628317764397,206.46856837606842,10.461538461538462,20.0,10.695317501561423,-11.127824706786127,0.15384615384615385,0.6923076923076923,"SOL,HYPE,ADA,XRP,LIT",高杠杆/短线赌徒型，长期单降权
811970,570,2026-07-14 02:16:59,30,0xaa2a33c424b92cdc042e40c522cb48e586e83026,smart_money,P-N,50.0,1.0,2,1,1,1.0,42.62251866724504,-103.52271628026955,-32.57929277063516,196.17180555555555,5.0,5.0,21.61046738231662,-66.84687967597131,0.0,0.0,"HYPE,ETH",仓位样本不足，暂不影响权重
812843,570,2026-07-14 02:16:59,30,0xaaade20f0679f73416d4c8acafa0cdd160a9d9ad,smart_money,P-A,79.50353237055684,1.15,106,106,0,0.6226415094339622,2.223464298485963,,2.223464298485963,62.92441823899368,5.933962264150943,40.0,7.706775760342441,-4.852380936410352,0.4056603773584906,0.22641509433962265,"PEOPLE,UMA,HYPE,TRX,AIXBT",仓位收益稳定，适合加权参考
811971,570,2026-07-14 02:16:59,30,0xaac091f502a773498fb9336f41500fd13098245b,smart_money,P-N,50.0,1.0,2,0,2,,,1.2065159602680955,2.662207358330076,368.6613888888889,7.5,10.0,10.937828007665868,-3.5635741601458295,0.0,0.5,"BTC,HYPE",仓位样本不足，暂不影响权重
812693,570,2026-07-14 02:16:59,30,0xab5e6f394951c28ab1873007e373202689cdbec3,money_printer,P-G,44.76889243293295,0.65,6,6,0,0.8333333333333334,-0.23110756706704805,,-0.23110756706704805,8.636666666666665,10.0,10.0,1.1208995183836639,-0.8648387298022326,0.0,1.0,JUP,高杠杆/短线赌徒型，长期单降权
811972,570,2026-07-14 02:16:59,30,0xabcaea50f029aca1204a5ff64150279871dec56c,smart_money,P-R,25.0,-0.8,72,65,7,0.3230769230769231,-0.7831356701258132,-0.4582664018691957,-0.7638079112046428,38.94550925925927,13.833333333333334,40.0,2.0829352073373517,-3.640425599909676,0.2361111111111111,0.4583333333333333,"HMSTR,XLM,BTC,XRP,PUMP",仓位真实收益偏反向，可作为反向参考
811973,570,2026-07-14 02:16:59,30,0xac04753928961a06af540078410802cc443f5176,money_printer,P-N,50.0,1.0,1,0,1,,,46.584037009168675,46.58403700916868,368.6613888888889,3.0,3.0,68.29580395544778,0.0,1.0,0.0,HYPE,仓位样本不足，暂不影响权重
811974,570,2026-07-14 02:16:59,30,0xac26cf5f3c46b5e102048c65b977d2551b72a9c7,money_printer,P-B,100.0,1.0,39,1,38,1.0,8.74140117964225,61.607279079640456,60.203395686151666,352.58459401709416,8.282051282051283,40.0,64.2091418568103,-0.8259876530143271,0.15384615384615385,0.41025641025641024,"ZEC,ADA,ALT,APT,ATOM",仓位表现普通有效
811975,570,2026-07-14 02:16:59,30,0xac487c027ffe32021bbba77e30786f8c8f353201,money_printer,P-G,50.19421249608934,0.65,12,0,12,,,5.153417837814285,5.194212496089343,352.17106481481477,11.083333333333334,20.0,14.366046753866842,-7.18287948204872,0.08333333333333333,0.75,"ASTER,BTC,ETH,HYPE,PURR",高杠杆/短线赌徒型，长期单降权
812488,570,2026-07-14 02:16:59,30,0xac50a255e330c388f44b9d01259d6b153a9f0ed9,money_printer,P-G,44.7229396257127,0.65,6,5,1,0.4,-0.3693781239913879,0.18452837423312884,-0.2770603742873018,31.001064814814814,36.666666666666664,40.0,0.9805746389415438,-1.3313442374033029,0.0,1.0,"BTC,SOL",高杠杆/短线赌徒型，长期单降权
811976,570,2026-07-14 02:16:59,30,0xac7bbfed474127e8683320421264d403fd2155f9,money_printer,P-N,50.0,1.0,1,0,1,,,57.67678416626324,57.67678416626324,368.6613888888889,20.0,20.0,60.31067403713002,0.0,0.0,1.0,SOL,仓位样本不足，暂不影响权重
812536,570,2026-07-14 02:16:59,30,0xaca2d79168f9e9072c089e5f7d6eb0daefc13915,smart_money,P-B,45.72657089397387,1.0,280,278,2,0.5431654676258992,0.03452930090201617,-0.0768058873946045,0.031065508651895557,2.3084652777777768,13.25,20.0,0.3260359574166755,-0.2680243366195285,0.0,0.5178571428571429,"ETH,SOL",仓位表现普通有效
811977,570,2026-07-14 02:16:59,30,0xacb66d1996501bcc82a0e7819c9e041599f5efbd,money_printer,P-G,43.13883011050239,0.65,5,0,5,,,-1.8611698894976125,-1.8611698894976125,368.6613888888889,15.0,20.0,6.9122777393086015,-8.299066970378695,0.0,0.8,"BTC,ETH,HYPE,SOL,XRP",高杠杆/短线赌徒型，长期单降权
812757,570,2026-07-14 02:16:59,30,0xacbf9fbc58d61bdafd70fd44213fdfe01311f2ab,smart_money,P-N,50.0,1.0,1,1,0,0.0,-2.681780525621894,,-2.681780525621894,3.007222222222222,6.0,6.0,0.7222224013048655,-2.681780525621894,0.0,0.0,BTC,仓位样本不足，暂不影响权重
811978,570,2026-07-14 02:16:59,30,0xacf5c9a3213f91182317ef74770ffb41f0c081f5,smart_money,P-G,35.0,0.65,3,0,3,,,-16.906161231296178,-16.906161231296178,368.6613888888889,21.0,40.0,6.663346715815628,-24.438196564526354,0.3333333333333333,0.6666666666666666,"BLUR,BTC,ETH",高杠杆/短线赌徒型，长期单降权
811979,570,2026-07-14 02:16:59,30,0xad227f63d34e7251c1d0ab65e64eeea07aee4e44,money_printer,P-G,42.49011273253675,0.65,30,9,21,0.4444444444444444,2.5141139634920506,-4.818354335414436,-2.5098872674632466,235.43482407407404,13.433333333333334,40.0,6.541561012347297,-12.539755714185652,0.03333333333333333,0.8333333333333334,"ETH,SOL,HYPE,LIT,AAVE",高杠杆/短线赌徒型，长期单降权
811980,570,2026-07-14 02:16:59,30,0xad59ed47c226987cf458a63428ca10887773ba81,smart_money,P-C,85.17669626669557,0.75,9,1,8,1.0,19.609667796955865,-10.719430940199423,-7.349531080515504,334.9029012345679,5.333333333333333,10.0,5.572345474193361,-19.224358353076582,0.3333333333333333,0.3333333333333333,"BNB,BTC,ETH,HYPE,POL",仓位收益偏弱，降权参考
811981,570,2026-07-14 02:16:59,30,0xad68fabb1bec8b08c8080ad165ae5bdec64136d6,smart_money,P-C,93.41912805681974,0.75,3,1,2,1.0,1.2446673069620942,-6.886397021263707,-4.17604224518844,187.33120370370372,5.0,5.0,1.1009997132996954,-7.735935882486991,0.0,0.0,"ETH,BTC",仓位收益偏弱，降权参考
811982,570,2026-07-14 02:16:59,30,0xadabc828201be912b3ef3bde83f1e19703349fdb,smart_money,P-N,50.0,1.0,1,0,1,,,20.816994375258226,20.816994375258226,368.6613888888889,5.0,5.0,26.320065296686746,0.0,0.0,0.0,BTC,仓位样本不足，暂不影响权重
812561,570,2026-07-14 02:16:59,30,0xadc9cf23f55c6221a05a8150e5768d7c3289562f,money_printer,P-G,45.10563171134444,0.65,50,49,1,0.6122448979591837,0.11439411221502298,-0.32372593131421895,0.10563171134443813,7.373227777777782,40.0,40.0,0.3418681684682376,-0.2563011174826511,0.0,1.0,BTC,高杠杆/短线赌徒型，长期单降权
811983,570,2026-07-14 02:16:59,30,0xadcbc1f36213b15399e0497508c50a1cda7bf08f,smart_money,P-C,65.75543623497666,0.75,25,23,2,0.391304347826087,0.08861189989319676,20.13553690391692,1.6923659002150944,38.818555555555555,3.16,4.0,3.0114214754343624,-0.48228831119410676,0.84,0.0,"ETH,XRP,BTC,HYPE,DOGE",仓位收益偏弱，降权参考
811984,570,2026-07-14 02:16:59,30,0xadeed59f446cb0a141837e8f7c22710d759cba65,smart_money,P-N,50.0,1.0,1,0,1,,,-120.38890207963797,-120.38890207963797,368.6613888888889,10.0,10.0,0.0,-153.03251442059243,0.0,1.0,HYPE,仓位样本不足，暂不影响权重
812339,570,2026-07-14 02:16:59,30,0xae2445cdc416b6a70bbf84a8678a13ea6003e7f8,smart_money,P-G,42.66113104209759,0.65,4,3,1,0.6666666666666666,0.6974426860712507,-11.447803889823415,-2.338868957902415,86.25861111111111,22.5,40.0,3.269698575342592,-4.942266114707014,0.0,1.0,"SOL,HYPE,BTC",高杠杆/短线赌徒型，长期单降权
811985,570,2026-07-14 02:16:59,30,0xae58db322be15464c1831b29540e42264cff2b23,smart_money,P-B,100.0,1.0,10,1,9,1.0,1.3782324524012486,12.94093978098202,11.789213723440124,331.79525,9.8,20.0,19.94148880726045,-4.624402300546211,0.1,0.6,"FARTCOIN,PAXG,SEI,SOL,VIRTUAL",仓位表现普通有效
812537,570,2026-07-14 02:16:59,30,0xae78adaba70f18c15418001263504af373884520,smart_money,P-G,44.82568640339774,0.65,77,73,4,0.5068493150684932,-0.1589105407394686,-0.4554193660981945,-0.17431359660225956,13.008398268398272,19.727272727272727,40.0,1.0290568777767097,-1.6131068988810344,0.03896103896103896,0.9090909090909091,"HYPE,BTC,ETH,SOL,LIT",高杠杆/短线赌徒型，长期单降权
811986,570,2026-07-14 02:16:59,30,0xaea8e3bd369217cc6e3e6abddf0da318fba8e59b,money_printer,P-A,100.0,1.15,8,1,7,1.0,94.2493325118094,57.05900901217274,61.707799449627316,324.74559027777775,7.75,20.0,64.49133844642044,-0.07989641017164047,0.5,0.25,"APEX,BTC,ETH,HBAR,MELANIA",仓位收益稳定，适合加权参考
812714,570,2026-07-14 02:16:59,30,0xaeaab54bbf65bfd6efed7d2eb68372298e3c2416,money_printer,P-G,43.81286357779355,0.65,5,5,0,0.4,-1.187136422206453,,-1.187136422206453,49.73944444444444,20.0,20.0,0.8778188719452432,-2.9677728337647684,0.0,1.0,"BTC,ETH",高杠杆/短线赌徒型，长期单降权
811987,570,2026-07-14 02:16:59,30,0xaecfe4eff84a1cd9a24accc1914ac537af7f6e1b,money_printer,P-B,62.00284411946565,1.0,3,2,1,0.5,1.4677765426378744,9.911894273127764,4.282482452801172,184.0391666666667,7.666666666666667,10.0,13.119960148863564,-2.1311957559856256,0.3333333333333333,0.6666666666666666,"PUMP,HYPE,BIO",仓位表现普通有效
811988,570,2026-07-14 02:16:59,30,0xaf0fdd39e5d92499b0ed9f68693da99c0ec1e92e,money_printer,P-G,47.77756265576136,0.65,20,12,8,0.8333333333333334,3.6500561455886853,1.8649026797729442,2.7775626557613564,108.5616388888889,14.45,30.0,6.6684203462803255,-3.6653695875761287,0.15,0.65,"BTC,NEAR,LIT,ETH,VVV",高杠杆/短线赌徒型，长期单降权
812479,570,2026-07-14 02:16:59,30,0xaf2825f73a90cf08baf2577818826b79e3faca9b,smart_money,P-G,44.92299333633363,0.65,218,212,6,0.4811320754716981,-0.06952724288196467,-0.36854949153682987,-0.0770066636663667,3.1369533639143694,12.178899082568808,20.0,0.5070733218826319,-0.5347916818043996,0.0,0.8027522935779816,"SOL,ZEC,WLD,LIT,NEAR",高杠杆/短线赌徒型，长期单降权
812520,570,2026-07-14 02:16:59,30,0xaf2ac71f62f341e5823d6985492409e92c940447,smart_money,P-G,44.973951942190965,0.65,299,298,1,0.45302013422818793,-0.026101095578762223,-0.010242802430747381,-0.026048057809036428,1.2329812337421033,15.481605351170568,30.0,0.16636117026587935,-0.14883100582890427,0.0,0.7090301003344481,BTC,高杠杆/短线赌徒型，长期单降权
811989,570,2026-07-14 02:16:59,30,0xaf313f5d2d87a40b7b4675f74f29618b5a46928e,smart_money,P-N,50.0,1.0,1,0,1,,,72.16225664000915,72.16225664000915,368.6613888888889,1.0,1.0,94.54887888537739,0.0,1.0,0.0,LIT,仓位样本不足，暂不影响权重
811990,570,2026-07-14 02:16:59,30,0xaf37a82f0cf079a3d50674b87e889d2b270f4a44,money_printer,P-N,50.0,1.0,1,0,1,,,-89.93856030790829,-89.93856030790829,368.6613888888889,1.0,1.0,0.0,-90.27984185448044,1.0,0.0,XPL,仓位样本不足，暂不影响权重
812587,570,2026-07-14 02:16:59,30,0xaf68caebaa151dd592112a07e2344b3950e13561,smart_money,P-B,74.82955357418139,1.0,231,230,1,0.5260869565217391,0.0028642953778147667,-0.25839359720801347,0.0017333088298241834,1.595936748436748,3.0,3.0,0.24596881227171652,-0.21092962975417087,1.0,0.0,ETH,仓位表现普通有效
811991,570,2026-07-14 02:16:59,30,0xaf6f7a06f7bfb3bdf7bcd2c751564f4990d1efc7,smart_money,P-C,48.2936604918159,0.75,6,3,3,0.3333333333333333,0.36992560749331044,10.931541025408352,6.0894073273230624,217.59574074074075,10.166666666666666,20.0,15.619250401832666,-3.3333984370051812,0.3333333333333333,0.5,"HYPE,BTC,LIT,ETH,UNI",仓位收益偏弱，降权参考
811992,570,2026-07-14 02:16:59,30,0xaf9f722a676230cc44045efe26fe9a85801ca4fa,money_printer,P-B,63.00142051896566,1.0,487,450,37,0.56,0.0492878089885746,2.313366863037227,0.2046116968544894,27.99925165411818,9.68788501026694,20.0,1.9201219370479243,-1.7723636749750156,0.17659137577002054,0.6303901437371663,"HYPE,WLD,SOL,CRV,LIT",仓位表现普通有效
812353,570,2026-07-14 02:16:59,30,0xb01d0612743a3401b16bef157bd69a909e3cd1dd,smart_money,P-B,61.686734183850135,1.0,17,16,1,0.6875,0.22509850570943657,-11.41499384577816,-0.45961280908395136,28.015718954248364,9.705882352941176,10.0,1.7204112199637174,-2.3072467448453815,0.0,0.9411764705882353,"ZEC,kBONK,HYPE,NEAR,kPEPE",仓位表现普通有效
812538,570,2026-07-14 02:16:59,30,0xb0a9214592fb899aefab0b615f2b870276cee092,smart_money,P-G,45.00124689653411,0.65,93,92,1,0.41304347826086957,0.0025467212271542213,0.06446267243365449,0.0012468965341096267,3.964100955794505,20.0,20.0,0.29842775539164124,-0.19457778689690303,0.0,1.0,BTC,高杠杆/短线赌徒型，长期单降权
811993,570,2026-07-14 02:16:59,30,0xb0e6a62003899991f79ff2c35b2c5d3659a91803,smart_money,P-N,50.0,1.0,1,0,1,,,26.996718874882564,26.996718874882564,368.6613888888889,20.0,20.0,32.070310491654624,0.0,0.0,1.0,BTC,仓位样本不足，暂不影响权重
812260,570,2026-07-14 02:16:59,30,0xb0fbfefc6c325964d0ffc3f909bdda80b8421326,money_printer,P-R,25.0,-0.8,23,10,13,0.3,-0.5129755039974174,-1.574443400905334,-1.1440956855288724,218.68733091787445,9.043478260869565,25.0,7.184272688190691,-14.809512431453756,0.043478260869565216,0.4782608695652174,"HYPE,XPL,ETH,MNT,NEAR",仓位真实收益偏反向，可作为反向参考
811994,570,2026-07-14 02:16:59,30,0xb14d1598dbfeaec11bae2a382b29adfcab9e8560,smart_money,P-N,50.0,1.0,2,0,2,,,11.942555737532196,11.942555737532196,368.6613888888889,12.5,20.0,20.274407220644616,0.0,0.0,0.5,"ETH,SOL",仓位样本不足，暂不影响权重
811995,570,2026-07-14 02:16:59,30,0xb1505ad1a4c7755e0eb236aa2f4327bfc3474768,smart_money,P-N,50.0,1.0,1,0,1,,,12.330418334184639,12.330418334184639,368.6613888888889,20.0,20.0,18.423290431580785,0.0,0.0,1.0,BTC,仓位样本不足，暂不影响权重
812736,570,2026-07-14 02:16:59,30,0xb19e03768f72cb1b47fcd68f7fb99460b1e789b9,smart_money,P-N,50.0,1.0,1,1,0,0.0,-3.7666265044774447,,-3.7666265044774447,6.853055555555556,5.0,5.0,0.4635462418399612,-3.7666265044774447,0.0,0.0,GRAM,仓位样本不足，暂不影响权重
812451,570,2026-07-14 02:16:59,30,0xb2139bc97c2dc43f8825d033d08ecb9e2c8be00f,smart_money,P-G,45.28231873731663,0.65,15,11,4,0.45454545454545453,0.6211910548860884,-0.6495801359993827,0.2823187373166295,38.98933333333333,17.0,40.0,3.055917116978794,-2.374833005586764,0.0,1.0,"HYPE,ETH,AAVE,BTC",高杠杆/短线赌徒型，长期单降权
812863,570,2026-07-14 02:16:59,30,0xb215c5a6fa4335147185ba2f03ea79c5a4eec70c,smart_money,P-N,50.0,1.0,1,1,0,1.0,0.08484696122180482,,0.08484696122180482,0.3711111111111111,20.0,20.0,0.08484696122180482,0.0,0.0,1.0,ETH,仓位样本不足，暂不影响权重
811996,570,2026-07-14 02:16:59,30,0xb245ed242d9f9a86e75cdb30892d9d922cd568ba,money_printer,P-N,50.0,1.0,1,0,1,,,5.262990296797598,5.262990296797598,368.6613888888889,30.0,30.0,20.381769867518024,0.0,0.0,1.0,BTC,仓位样本不足，暂不影响权重
811997,570,2026-07-14 02:16:59,30,0xb27bbaadcdfeab937069b4d966ee6bf5a32c999b,smart_money,P-R,25.0,-0.8,5,0,5,,,-6.569196325988683,-6.285873596536109,339.64105555555557,7.2,10.0,13.369994561666871,-29.561709690736382,0.4,0.6,"GRASS,HYPE,LIT,WLD,ZEC",仓位真实收益偏反向，可作为反向参考
812761,570,2026-07-14 02:16:59,30,0xb28bdcb4c7db9370b73f6dbd57671416a0a57dd6,smart_money,P-N,50.0,1.0,1,1,0,1.0,12.684386843928577,,12.684386843928577,188.33305555555555,10.0,10.0,17.90828333989786,-0.7989726796589978,0.0,1.0,HYPE,仓位样本不足，暂不影响权重
812289,570,2026-07-14 02:16:59,30,0xb294964ceb670a21d34693da52a39c9837dd651f,smart_money,P-G,48.04309322086405,0.65,3,2,1,1.0,2.4403387682278153,4.248602126136523,3.0430932208640513,153.82425925925926,21.666666666666668,25.0,4.91734598609714,-1.1715243247188243,0.0,1.0,"BTC,ETH,SOL",高杠杆/短线赌徒型，长期单降权
811998,570,2026-07-14 02:16:59,30,0xb2a7131040bd752a98861dc8b2089a5ccf767836,smart_money,P-R,25.0,-0.8,22,15,7,0.3333333333333333,-1.6178388427949912,1.6330669961407427,-0.5984729376898718,110.43643939393937,16.09090909090909,40.0,3.1363128598487062,-3.704370083359576,0.13636363636363635,0.5,"ETH,CC,BTC,LIT,FIL",仓位真实收益偏反向，可作为反向参考
811999,570,2026-07-14 02:16:59,30,0xb2f42334fffc3947b4c79c7e3dc3d387d391f148,smart_money,P-N,50.0,1.0,1,0,1,,,-94.80684532287398,-94.80684532287398,368.6613888888889,1.0,1.0,0.0,-95.20290553717379,1.0,0.0,FOGO,仓位样本不足，暂不影响权重
812000,570,2026-07-14 02:16:59,30,0xb2f7374b222a930d20e8d556f33228211d1baf9f,money_printer,P-R,25.0,-0.8,7,0,7,,,-3.2194687740298527,-3.379182266119816,276.17265873015873,8.571428571428571,10.0,7.745603974089167,-13.788378255045076,0.0,0.7142857142857143,"HYPE,MON,ZEC,NEAR,LIT",仓位真实收益偏反向，可作为反向参考
812001,570,2026-07-14 02:16:59,30,0xb39766100347e1ffa1459492c85e8e3a2b25d3a0,smart_money,P-R,25.0,-0.8,8,0,8,,,-30.897397935119855,-30.897397935119855,346.30749999999995,8.5,20.0,2.111854243542436,-38.325872893486434,0.125,0.25,"AVNT,BTC,ENA,LDO,PUMP",仓位真实收益偏反向，可作为反向参考
812723,570,2026-07-14 02:16:59,30,0xb3c51f05eb1e2f03867a858f33c38dc2183b6b26,smart_money,P-N,50.0,1.0,2,2,0,0.5,-0.43085691664690073,,-0.43085691664690073,4.479305555555555,10.0,10.0,0.2916666666666681,-0.8228322252888773,0.0,1.0,ETH,仓位样本不足，暂不影响权重
812002,570,2026-07-14 02:16:59,30,0xb3e475368ed0fa0ad23c04de0423d48a0758806f,money_printer,P-C,19.56395251391691,0.75,4,0,4,,,-2.669805705512495,-4.228323699681358,368.6613888888889,5.25,10.0,18.79809793675526,-34.036411308401796,0.5,0.25,"HYPE,LIT,MNT,PURR",仓位收益偏弱，降权参考
812003,570,2026-07-14 02:16:59,30,0xb3fe34bfb501665f4329915a7024ba5a6bec495f,smart_money,P-C,55.4004476805959,0.75,4,2,2,0.5,17.730921246414994,-20.351073479098716,-1.310076116341861,311.5155555555556,7.5,10.0,11.804307291946127,-20.360255037775502,0.0,0.5,"COMP,HYPE,AAVE,MORPHO",仓位收益偏弱，降权参考
812004,570,2026-07-14 02:16:59,30,0xb40da15b8cc492fff87d9b1e06bb45769d7e75d9,smart_money,P-A,100.0,1.15,7,2,5,1.0,12.440480561261696,-2.8333314948410795,2.9676875665972173,262.2077777777778,7.142857142857143,10.0,13.211151379199176,-11.992109873724107,0.0,0.42857142857142855,"LIT,WLD,ADA,HYPE,JTO",仓位收益稳定，适合加权参考
812005,570,2026-07-14 02:16:59,30,0xb42943e70cb3e27ce45c8c6008b623f292b5dd04,smart_money,P-N,50.0,1.0,1,0,1,,,15.85633900697376,15.85633900697376,368.6613888888889,6.0,6.0,21.704166206508305,0.0,0.0,0.0,BTC,仓位样本不足，暂不影响权重
812722,570,2026-07-14 02:16:59,30,0xb4321b142b2a03ce20fcab2007ff6990b9acba93,money_printer,P-B,64.72569320529432,1.0,121,121,0,0.49586776859504134,0.007474701820709407,,0.007474701820709407,1.9494995408631781,5.0,5.0,0.5258210857789691,-0.5158332394653196,0.0,0.0,ZEC,仓位表现普通有效
812753,570,2026-07-14 02:16:59,30,0xb46bf797b3efd9ae28642bbcd6f7bb6f7b52538e,smart_money,P-C,29.027389816944705,0.75,4,4,0,0.25,0.25339495183253974,,0.25339495183253974,2.5613888888888887,7.5,10.0,1.8543678286973648,-1.692885677821906,0.0,0.5,"LIT,HYPE,ZEC",仓位收益偏弱，降权参考
812588,570,2026-07-14 02:16:59,30,0xb4d6fe0f1504a55c65a986ef55b9148a6f0dae7a,smart_money,P-G,45.0080366344309,0.65,283,282,1,0.5070921985815603,0.007882608672617404,0.07960619519598401,0.008036634430899255,1.300084413034944,20.0,20.0,0.2596155319919192,-0.23165569196428767,0.0,1.0,SOL,高杠杆/短线赌徒型，长期单降权
812006,570,2026-07-14 02:16:59,30,0xb506ddd40c5a39157c46f1b5b33f01d7964f8476,smart_money,P-N,50.0,1.0,1,0,1,,,62.64720282423273,62.64720282423273,368.6613888888889,10.0,10.0,86.73821733192464,0.0,0.0,1.0,HYPE,仓位样本不足，暂不影响权重
812299,570,2026-07-14 02:16:59,30,0xb5101614ad71468a041a83e64d8b834aa17a1ed6,smart_money,P-B,92.65434298257732,1.0,3,2,1,1.0,5.2182994838803145,-4.111903314689591,2.1082318843570125,162.39564814814815,8.333333333333334,10.0,10.77506740182284,-2.8259176984699823,0.0,0.6666666666666666,"HYPE,GRAM",仓位表现普通有效
812007,570,2026-07-14 02:16:59,30,0xb56a8e43ac07b1b84d14657e0135e4fb196858a6,smart_money,P-C,46.114845837169774,0.75,6,0,6,,,11.292842196813082,11.292842196813082,368.6613888888889,6.333333333333333,10.0,21.89329066431169,-9.589332338223672,0.16666666666666666,0.3333333333333333,"BNB,EIGEN,FET,TRX,USUAL",仓位收益偏弱，降权参考
812008,570,2026-07-14 02:16:59,30,0xb632c6580173a16154f17cdafc6eb27e95cf73b7,money_printer,P-N,50.0,1.0,1,0,1,,,1.5565948025728655,1.1664707919029738,368.6613888888889,4.0,4.0,4.8433895924667025,-6.038418955722032,0.0,0.0,BTC,仓位样本不足，暂不影响权重
812646,570,2026-07-14 02:16:59,30,0xb668858ff53322d5511651a2cd92391eb5d60ee3,smart_money,P-C,69.34035202227078,0.75,243,243,0,0.448559670781893,-0.02941246623086709,,-0.02941246623086709,1.45131001371742,3.0,3.0,0.17219683507157332,-0.1733327503850747,1.0,0.0,BTC,仓位收益偏弱，降权参考
812009,570,2026-07-14 02:16:59,30,0xb66d6ee35cb1d1c65423154dc6d5baf34da9c612,smart_money,P-N,50.0,1.0,2,1,1,0.0,-5.681765226711411,-64.24106956992381,-34.96141739831761,192.24875,10.0,10.0,0.0,-47.24496127842165,0.0,1.0,"HYPE,PAXG",仓位样本不足，暂不影响权重
812312,570,2026-07-14 02:16:59,30,0xb69eec8fea0081343c3b09e652ba1fa7dcf7033a,smart_money,P-G,45.12044885913798,0.65,4,2,2,1.0,1.2126124599821475,-0.9717147417061947,0.12044885913797648,133.580625,15.0,20.0,3.486489173081078,-3.1790595846905503,0.0,1.0,"BTC,ETH,HYPE,ZEC",高杠杆/短线赌徒型，长期单降权
812010,570,2026-07-14 02:16:59,30,0xb70c6d3e997e6cdc94a5598f458c7cb7e915fd4d,smart_money,P-G,65.0,0.65,5,0,5,,,30.583189573431433,30.583189573431433,368.6613888888889,15.0,25.0,40.23548928967391,-10.14373571430057,0.0,1.0,"AVAX,BNB,ETH,HYPE,SOL",高杠杆/短线赌徒型，长期单降权
812463,570,2026-07-14 02:16:59,30,0xb730e6f15b5d89254db2e84cf0a7fc3bcc2129cc,smart_money,P-C,68.73122082659539,0.75,28,27,1,0.48148148148148145,-1.2967824125973928,-0.7780737841086957,-1.2220315952652538,2.1429960317460313,3.0,3.0,2.0110438004619344,-3.0019702552795846,1.0,0.0,CASHCAT,仓位收益偏弱，降权参考
812562,570,2026-07-14 02:16:59,30,0xb756c89e73c8711a881c009e10f79b1566f80cdb,smart_money,P-G,45.00587636751352,0.65,121,120,1,0.525,0.007461980312312224,-0.17991062194235657,0.00587636751352147,3.0467883379247027,20.0,20.0,0.27241536810845185,-0.2544203224442485,0.0,1.0,BTC,高杠杆/短线赌徒型，长期单降权
812389,570,2026-07-14 02:16:59,30,0xb76bc3d01ac05fd8cb1078334923785f76fe0b3c,smart_money,P-B,94.27843076043156,1.0,10,8,2,0.875,3.8391489015790903,-0.28551870523744494,3.0142153802157834,127.63547222222223,9.5,20.0,11.739481526805651,-3.911414701566726,0.5,0.5,"LIT,SOL,BTC,NEAR,PUMP",仓位表现普通有效
812011,570,2026-07-14 02:16:59,30,0xb7789ab9f0d568e0aa5469e3cc8eff8682fc8673,smart_money,P-B,100.0,1.0,17,3,14,1.0,59.83237040901664,-5.114695981707269,6.346551028420481,325.32905228758165,8.176470588235293,20.0,34.56169733046157,-22.463238258980255,0.23529411764705882,0.47058823529411764,"DOGE,ENA,HYPE,INJ,NEAR",仓位表现普通有效
812012,570,2026-07-14 02:16:59,30,0xb798aef79972ce8f73d47b9ebbcda6bbb7ec4fbf,money_printer,P-B,100.0,1.0,4,1,3,1.0,3.0109276045558993,6.257390053912277,5.4457744415731835,272.44895833333334,2.5,3.0,12.024878013765623,-1.1796705350557386,1.0,0.0,"BTC,ETH,SOL",仓位表现普通有效
812013,570,2026-07-14 02:16:59,30,0xb7ad15ad3457d8b4a3f9c5007bbf27c1f80092bd,smart_money,P-G,44.128165315663644,0.65,6,0,6,,,-0.8718346843363575,-0.871834684336355,368.6613888888889,20.833333333333332,40.0,26.322511825856594,-32.11999973751428,0.0,1.0,"BTC,DOGE,ETH,HYPE,SOL",高杠杆/短线赌徒型，长期单降权
812725,570,2026-07-14 02:16:59,30,0xb7dbd6012313c5f7d5fada7eb1213de2030970c4,smart_money,P-N,50.0,1.0,1,1,0,1.0,11.941621748660499,,11.941621748660499,54.219166666666666,3.0,3.0,11.941621748660499,-1.3008164766843722,1.0,0.0,LIT,仓位样本不足，暂不影响权重
812014,570,2026-07-14 02:16:59,30,0xb7e09a94603f4fd3b67537b4c43584fe1498ae05,smart_money,P-B,66.76280545649934,1.0,23,22,1,0.5909090909090909,0.6191699709732329,-0.6299959355101031,0.5648584098217835,17.361739130434778,5.391304347826087,10.0,2.1826396275554565,-1.223077091784678,0.34782608695652173,0.21739130434782608,"VVV,MORPHO,PUMP,PYTH,APE",仓位表现普通有效
812784,570,2026-07-14 02:16:59,30,0xb7fb2b774eb5e2dad9c060fb367acbdc7fa7099b,smart_money,P-N,50.0,1.0,2,2,0,1.0,8.800043560957134,,8.800043560957134,154.33083333333335,10.0,10.0,11.948485490412532,-1.3725944220327022,0.0,1.0,"BTC,HYPE",仓位样本不足，暂不影响权重
812015,570,2026-07-14 02:16:59,30,0xb8243756956e722bff5c763971b562ac551bfbd2,smart_money,P-N,50.0,1.0,1,0,1,,,13.203455385077042,13.20345538507704,368.6613888888889,40.0,40.0,23.972206819346944,0.0,0.0,1.0,BTC,仓位样本不足，暂不影响权重
812016,570,2026-07-14 02:16:59,30,0xb83de012dba672c76a7dbbbf3e459cb59d7d6e36,money_printer,P-C,63.79801591693763,0.75,16,3,13,0.3333333333333333,-16.7261319066903,7.8127890597254845,3.2117413785225257,288.07921874999994,5.875,10.0,13.131543820859264,-8.633296830550124,0.1875,0.25,"ETH,ASTER,BTC,APE,AVAX",仓位收益偏弱，降权参考
812658,570,2026-07-14 02:16:59,30,0xb8452370507965180c053b578403ba1347ded1ad,smart_money,P-G,46.64985232504668,0.65,26,26,0,0.5,1.6498523250466801,,1.6498523250466801,43.086442307692295,13.76923076923077,40.0,4.514764150661299,-1.6236569525075986,0.038461538461538464,0.6153846153846154,"SOL,LIT,ZEC,BTC,ETH",高杠杆/短线赌徒型，长期单降权
812608,570,2026-07-14 02:16:59,30,0xb854f7f40f0f3e1801fb6d8828b6f6dd97ebf33b,smart_money,P-G,45.23880858237467,0.65,9,9,0,0.6666666666666666,0.23880858237467528,,0.23880858237467528,1.1224382716049384,20.0,20.0,0.4354268593353743,-0.22033120640225187,0.0,1.0,"SOL,ETH",高杠杆/短线赌徒型，长期单降权
812405,570,2026-07-14 02:16:59,30,0xb8eb97eaed8367079894d2f1bed69bd220ec1dd5,money_printer,P-G,44.85651013151358,0.65,18,17,1,0.47058823529411764,-0.15213652986638046,-0.771886601608183,-0.14348986848641931,20.481188271604942,25.0,25.0,0.5541619480038092,-0.77496079873346,0.0,1.0,ETH,高杠杆/短线赌徒型，长期单降权
812017,570,2026-07-14 02:16:59,30,0xb919448d2f1797e5d9e7b9e88cd909a5089e6d4e,smart_money,P-C,23.787011897115033,0.75,6,0,6,,,1.169416363305962,1.169416363305963,368.6613888888889,8.333333333333334,10.0,14.738131882365181,-13.856274952660842,0.0,0.6666666666666666,"ARB,HYPE,OP,POL,SUI",仓位收益偏弱，降权参考
812018,570,2026-07-14 02:16:59,30,0xb947763b6e64b4441b02562a63fda94f6b805162,smart_money,P-G,56.224117619716765,0.65,3,0,3,,,12.771403401013453,11.224117619716766,368.6613888888889,23.333333333333332,40.0,22.272589203091176,-0.8713874780889023,0.0,1.0,"BCH,BTC,ETH",高杠杆/短线赌徒型，长期单降权
812019,570,2026-07-14 02:16:59,30,0xb962b4452188b4bfbaefe83c8168a3335750b2e1,smart_money,P-N,50.0,1.0,1,0,1,,,-88.23959363587636,-88.23959363587636,368.6613888888889,1.0,1.0,0.0,-88.63850371187868,1.0,0.0,XPL,仓位样本不足，暂不影响权重
812610,570,2026-07-14 02:16:59,30,0xb99b8711ec0117fc816fd7ac1f9d29e061ec631b,smart_money,P-B,100.0,1.0,4,4,0,1.0,4.159590130485025,,4.159590130485025,148.70625,3.0,3.0,13.89110771113829,-2.744178838145369,1.0,0.0,"ENA,ETH,HYPE,GRASS",仓位表现普通有效
812020,570,2026-07-14 02:16:59,30,0xba0898f80da916730912bb2c2a18b8d76bc8985c,smart_money,P-N,50.0,1.0,1,0,1,,,-22.963055213725372,-22.963055213725376,368.6613888888889,3.0,3.0,0.0,-28.316978917229964,1.0,0.0,BTC,仓位样本不足，暂不影响权重
812547,570,2026-07-14 02:16:59,30,0xba5f4f92f396e6de20d3dae5eefa65f4ecca806a,smart_money,P-G,45.210524758915845,0.65,48,47,1,0.6808510638297872,0.22787052698703655,-0.6047263404302828,0.2105247589158424,7.680445601851851,20.0,20.0,0.701164478727883,-0.44543062716945075,0.0,1.0,ETH,高杠杆/短线赌徒型，长期单降权
812021,570,2026-07-14 02:16:59,30,0xba6de73b64eca3ff95c4ab7e5328912c360bd003,smart_money,P-G,46.773431383860775,0.65,28,20,8,0.65,1.3744833541859804,2.7464774484225862,1.773431383860775,104.11795634920635,12.714285714285714,40.0,4.107813231423074,-4.221350494732816,0.07142857142857142,0.6071428571428571,"XRP,ETH,WLD,LIT,ENA",高杠杆/短线赌徒型，长期单降权
812452,570,2026-07-14 02:16:59,30,0xba939edf38c0ae0cc689c98b492e0535f43e4550,smart_money,P-A,99.38441835915589,1.15,9,8,1,1.0,2.949385173494316,1.1938883034773398,2.7543299657146516,29.45935185185185,7.666666666666667,10.0,3.9344786154883087,-1.059940322477277,0.0,0.3333333333333333,"BTC,AAVE,HYPE,SOL,XMR",仓位收益稳定，适合加权参考
812469,570,2026-07-14 02:16:59,30,0xbaaaf6571ab7d571043ff1e313a9609a10637864,money_printer,P-N,50.0,1.0,2,1,1,1.0,0.9385888339264659,-1.6295716763735597,-0.3454914212235469,177.76791666666665,3.0,3.0,10.745254490962402,-1.0028263983456154,1.0,0.0,HYPE,仓位样本不足，暂不影响权重
812022,570,2026-07-14 02:16:59,30,0xbadbb1de95b5f333623ebece7026932fa5039ee6,money_printer,P-N,50.0,1.0,2,0,2,,,47.023284299501015,47.023284299501015,368.6613888888889,12.5,20.0,65.92055001375674,-15.1227840258183,0.0,0.5,"ETH,HYPE",仓位样本不足，暂不影响权重
812399,570,2026-07-14 02:16:59,30,0xbae5e1fd212efdfae8a9ff44d5667c95f10f7902,smart_money,P-G,44.05193456040317,0.65,7,6,1,0.3333333333333333,-1.9317052790379787,6.032969634171949,-0.9480654395968348,87.49603174603176,19.285714285714285,40.0,3.1204566876864455,-3.61515070428597,0.0,1.0,"HYPE,SOL,BTC,ETH,XRP",高杠杆/短线赌徒型，长期单降权
812023,570,2026-07-14 02:16:59,30,0xbb088e9852e18b1df8890d8d0f48bdcec0ab0964,smart_money,P-N,50.0,1.0,1,0,1,,,-0.7062854448674238,-0.7062854448674238,368.6613888888889,20.0,20.0,5.465596001228154,-11.785228890276883,0.0,1.0,SOL,仓位样本不足，暂不影响权重
812644,570,2026-07-14 02:16:59,30,0xbb160cb61e694570f9d570f9fcde7c61dd2143ad,smart_money,P-B,74.54289904947031,1.0,157,157,0,0.5222929936305732,-0.008805252334910639,,-0.008805252334910639,1.5183811040339712,3.0,3.0,0.1812577959225435,-0.1704382011073045,1.0,0.0,BTC,仓位表现普通有效
812024,570,2026-07-14 02:16:59,30,0xbb34960afec64f3f1cc78b0c9c342c4657021696,smart_money,P-C,68.71884806287632,0.75,7,3,4,0.6666666666666666,0.6934258176012329,-3.230423610374907,-0.9851137876807445,182.9506349206349,8.0,10.0,3.7279712914649137,-6.825948893921438,0.0,0.5714285714285714,"BTC,LIT,ETH,HYPE",仓位收益偏弱，降权参考
812278,570,2026-07-14 02:16:59,30,0xbb475febf78b528f4f0d4ae1a12541406565199c,money_printer,P-G,44.764578955732674,0.65,15,14,1,0.5,-0.24718382847378725,0.41284440229216307,-0.23542104426732552,24.57742592592593,13.0,13.0,0.44613857408718843,-0.5857128118446627,0.0,1.0,BTC,高杠杆/短线赌徒型，长期单降权
812025,570,2026-07-14 02:16:59,30,0xbb828515677729c4db2f790a52cf14b1c659e19f,smart_money,P-C,52.20787787791912,0.75,779,743,36,0.47240915208613726,-0.041141355086690354,0.29551026357502264,-0.01317984361878851,16.121745827984597,7.808729139922979,20.0,1.4376203270856551,-1.4241039058741314,0.13607188703465983,0.5417201540436457,"LIT,FARTCOIN,PUMP,NEAR,TRUMP",仓位收益偏弱，降权参考
812026,570,2026-07-14 02:16:59,30,0xbb97757984fa4408c13bd3b4a9189f520bf317d3,money_printer,P-B,100.0,1.0,3,1,2,1.0,2.73867414673124,14.278625240524411,10.431974875926686,239.97833333333332,3.6666666666666665,5.0,13.830217695016893,-10.237962132326098,0.6666666666666666,0.0,"AERO,MET,SPX",仓位表现普通有效
812411,570,2026-07-14 02:16:59,30,0xbba0681681815bd70f9075e0235e7997b7b519d9,smart_money,P-C,57.57620244621559,0.75,35,34,1,0.47058823529411764,0.13294291465404656,-4.781730649591792,0.03179870209939753,41.62340476190478,8.085714285714285,15.0,4.265847782508284,-3.870184651243209,0.02857142857142857,0.5714285714285714,"kPEPE,WIF,MORPHO,UNI,HYPE",仓位收益偏弱，降权参考
812027,570,2026-07-14 02:16:59,30,0xbbe9e1588a359337c3235de3b808da991cfc2efe,smart_money,P-B,99.50600928954928,1.0,4,1,3,1.0,9.926113801965146,4.348234983524724,5.742704688134829,234.1623611111111,8.75,10.0,16.196683981316085,-4.535901221273876,0.0,0.75,"ADA,HYPE,LIT,BTC",仓位表现普通有效
812028,570,2026-07-14 02:16:59,30,0xbbf7d7a9d0eaeab4115f022a6863450296112422,smart_money,P-G,45.27117169670846,0.65,19,0,19,,,-0.47856864024701207,0.2711716967084578,368.6613888888888,13.157894736842104,40.0,7.727757583037933,-8.095585062530814,0.0,0.9473684210526315,"AAVE,ADA,AVAX,BCH,BNB",高杠杆/短线赌徒型，长期单降权
812620,570,2026-07-14 02:16:59,30,0xbc1bc64be47052fbab69d12fe5da1c3327788d1b,money_printer,P-C,50.23977561834479,0.75,4,4,0,0.25,-1.1404121474674196,,-1.1404121474674196,42.16854166666666,3.0,3.0,0.866680559707069,-1.6268965398764847,1.0,0.0,BTC,仓位收益偏弱，降权参考
812029,570,2026-07-14 02:16:59,30,0xbc433ba7c34752448c5361e5ed3038628a1753b0,money_printer,P-G,65.0,0.65,8,1,7,1.0,157.3704364995199,35.27376802881809,50.53585158765582,325.9331597222222,11.75,20.0,56.284304336528095,-0.7108552837619903,0.25,0.75,"BNB,BTC,ETH,SOL,VVV",高杠杆/短线赌徒型，长期单降权
812030,570,2026-07-14 02:16:59,30,0xbc5bf88fd012612ba92c5bd96e183955801b7fdc,smart_money,P-N,50.0,1.0,1,0,1,,,17.00497100248551,17.00497100248551,368.6613888888889,10.0,10.0,23.79989278229934,0.0,0.0,1.0,AAVE,仓位样本不足，暂不影响权重
812031,570,2026-07-14 02:16:59,30,0xbc6d435e62e54273bf756fe6262dd66dbd6b0c02,smart_money,P-C,34.41497593692769,0.75,20,1,19,0.0,-3.844127227438209,2.422540261118701,2.2023379901439397,329.66888888888883,8.8,20.0,12.77129551814151,-9.220729829572933,0.1,0.5,"AAVE,ADA,BTC,DOT,ETH",仓位收益偏弱，降权参考
812032,570,2026-07-14 02:16:59,30,0xbc80d11005f958934735d61f5b71f05060cb1d9c,smart_money,P-N,50.0,1.0,1,0,1,,,44.91851927607172,44.91851927607172,368.6613888888889,13.0,13.0,48.74657925547672,0.0,0.0,1.0,BTC,仓位样本不足，暂不影响权重
812837,570,2026-07-14 02:16:59,30,0xbc8b92deb18a2ac9c1ffc1e522954dad81fe74bb,smart_money,P-N,50.0,1.0,1,1,0,1.0,7.037203324778026,,7.037203324778026,79.50972222222222,25.0,25.0,9.038123749000665,0.0,0.0,1.0,ETH,仓位样本不足，暂不影响权重
812033,570,2026-07-14 02:16:59,30,0xbc927e87d072dfac3693846a83fa6922cc6c5f2a,smart_money,P-G,45.19399763257732,0.65,11,9,2,0.4444444444444444,0.08228704590633269,0.8036043654779106,0.19399763257732358,98.99189393939395,11.181818181818182,20.0,1.7541162447718848,-2.2973214956592574,0.09090909090909091,0.9090909090909091,"BTC,HYPE,ETH,SOL",高杠杆/短线赌徒型，长期单降权
812758,570,2026-07-14 02:16:59,30,0xbc9f1c4b09dbce9849e201cb0729d8582266cac7,smart_money,P-N,50.0,1.0,2,2,0,1.0,0.22201219312387166,,0.22201219312387166,0.6220833333333333,40.0,40.0,0.22201219312387166,-0.08074597607778734,0.0,1.0,BTC,仓位样本不足，暂不影响权重
812034,570,2026-07-14 02:16:59,30,0xbcd420d13362532756c968f663f96ba95e240dd2,money_printer,P-G,44.67912054604553,0.65,15,8,7,0.25,-1.9788345125420759,2.4856246647543574,-0.3208794539544672,198.36474074074073,15.333333333333334,20.0,8.993744063541259,-4.4284406983958,0.0,0.8666666666666667,"ETH,SOL,AAVE,HYPE,LIT",高杠杆/短线赌徒型，长期单降权
812035,570,2026-07-14 02:16:59,30,0xbcfbbf38789d63721e800f1f8595af816e52c417,smart_money,P-N,50.0,1.0,1,0,1,,,11.614003009688648,11.614003009688648,368.6613888888889,3.0,3.0,28.146070694085136,0.0,1.0,0.0,HYPE,仓位样本不足，暂不影响权重
812241,570,2026-07-14 02:16:59,30,0xbd1b3513bb0ce1529242cfb28926618809592362,smart_money,P-B,89.48653608814458,1.0,3,1,2,1.0,0.22721954703875655,4.6728828821915815,3.1909951038073068,274.27185185185186,10.0,20.0,6.503675612858818,-2.4741471508076414,0.0,0.3333333333333333,"BTC,ETH,SOL",仓位表现普通有效
812036,570,2026-07-14 02:16:59,30,0xbd1c84113c6deb5044be0c2221f9e9403811ff0e,smart_money,P-N,50.0,1.0,1,0,1,,,5.3074702036316985,5.307470203631699,368.6613888888889,20.0,20.0,8.71565895863147,-2.011202187173946,0.0,1.0,BTC,仓位样本不足，暂不影响权重
812037,570,2026-07-14 02:16:59,30,0xbd49d787655919f7ccf051d372a15e4363dd3d01,money_printer,P-B,79.4747161406646,1.0,14,5,9,0.6,1.6842448347929484,7.358332280926181,5.221003606226822,259.40742063492064,8.285714285714286,20.0,14.17615081658346,-8.126796778088147,0.14285714285714285,0.5714285714285714,"LIT,BNB,AERO,ASTER,LINK",仓位表现普通有效
812681,570,2026-07-14 02:16:59,30,0xbd6a65ef504a12f0ed8e8dfd3253b02ebc62c00d,smart_money,P-N,50.0,1.0,1,1,0,1.0,4.153481012658239,,4.153481012658239,0.9986111111111111,2.0,2.0,4.153481012658239,0.0,1.0,0.0,CASHCAT,仓位样本不足，暂不影响权重
812493,570,2026-07-14 02:16:59,30,0xbd9c944dcfb31cd24c81ebf1c974d950f44e42b8,money_printer,P-G,46.060646213947116,0.65,8,7,1,0.7142857142857143,1.0937007909702487,0.8292641747851919,1.0606462139471167,34.937916666666666,12.375,20.0,3.638993305740425,-1.732731670109946,0.0,0.75,"SOL,SPX,FARTCOIN,PUMP,BTC",高杠杆/短线赌徒型，长期单降权
812038,570,2026-07-14 02:16:59,30,0xbda495ebf6fc94d61f9a7f22b9877273378ed82b,smart_money,P-B,81.48831632583632,1.0,350,238,112,0.5714285714285714,-0.1876253893196225,1.5161779051301831,0.001301020061023145,120.52815714285705,4.851428571428571,12.0,4.738876489172881,-5.379517513378826,0.3485714285714286,0.025714285714285714,"HYPE,WLFI,APT,SOL,SUI",仓位表现普通有效
812039,570,2026-07-14 02:16:59,30,0xbe19541903f64af97bcf8436f4d15bf3a56b8bd1,money_printer,P-C,43.43131398328214,0.75,9,0,9,,,21.62833469322164,21.628334693221642,339.8062345679012,9.333333333333334,20.0,32.22487184106356,-14.17642641161674,0.3333333333333333,0.5555555555555556,"ASTER,BTC,CHIP,FARTCOIN,HYPE",仓位收益偏弱，降权参考
812252,570,2026-07-14 02:16:59,30,0xbe494a5e3a719a78a45a47ab453b7b0199b9d101,money_printer,P-G,50.39405442026708,0.65,3,1,2,1.0,8.108781856549875,4.036690702125685,5.394054420267082,177.5389814814815,16.666666666666668,20.0,6.528595332160239,-3.8469158676526107,0.0,1.0,"HYPE,BTC,ETH",高杠杆/短线赌徒型，长期单降权
812040,570,2026-07-14 02:16:59,30,0xbe4e91ae63090eeb4165dfcfc35db3a4eb76e75e,money_printer,P-N,50.0,1.0,1,0,1,,,-4.550231435771969,-4.550231435771969,368.6613888888889,40.0,40.0,2.715814275721503,-7.933912787370264,0.0,1.0,BTC,仓位样本不足，暂不影响权重
812660,570,2026-07-14 02:16:59,30,0xbeac67cc882dad6003b5a67a986249aeb17ac264,smart_money,P-N,50.0,1.0,2,2,0,0.0,-1.5060228653761012,,-1.5060228653761012,71.51027777777779,15.0,20.0,1.3416915211194609,-2.581910016891493,0.0,1.0,"AAVE,BTC",仓位样本不足，暂不影响权重
812041,570,2026-07-14 02:16:59,30,0xbec5dab4a914d9c9d28dfc4aa120be59ab7b010f,smart_money,P-N,50.0,1.0,2,0,2,,,8.103921088135118,8.10392108813512,236.82527777777779,12.5,20.0,11.799751376907436,-1.4435056210456376,0.0,0.5,"BTC,XMR",仓位样本不足，暂不影响权重
812042,570,2026-07-14 02:16:59,30,0xbeccae9ffcb69e9d42a1d4e744abf8056149562d,smart_money,P-B,68.23321205593611,1.0,437,395,42,0.5924050632911393,0.26280055582906375,-0.6207269599542814,0.23368739401387909,34.69046275108061,9.05949656750572,40.0,2.143821553992589,-2.0875307282324504,0.16704805491990846,0.4851258581235698,"XLM,ETH,SOL,VVV,CHIP",仓位表现普通有效
812043,570,2026-07-14 02:16:59,30,0xbed01252c3542b02be6162c00ce636720d3c05bd,smart_money,P-N,50.0,1.0,1,0,1,,,-85.61037318153068,-85.61037318153068,368.6613888888889,5.0,5.0,0.0,-88.13514653173098,0.0,0.0,kPEPE,仓位样本不足，暂不影响权重
812044,570,2026-07-14 02:16:59,30,0xbeeab38b14a6a7af7fe1ff98cdef4e1fb1dfd4d2,smart_money,P-N,50.0,1.0,1,0,1,,,14.399923273482083,14.399923273482083,368.6613888888889,40.0,40.0,20.348968644886384,0.0,0.0,1.0,BTC,仓位样本不足，暂不影响权重
812045,570,2026-07-14 02:16:59,30,0xbf1935fe7ab6d0aa3ee8d3da47c2f80e215b2a1c,smart_money,P-G,45.27248615293153,0.65,168,164,4,0.4695121951219512,0.07944745489226934,8.187072772541226,0.27248615293153033,8.287886904761908,19.94047619047619,20.0,0.7648764275034846,-0.3663082248464068,0.0,1.0,"SOL,ETH,BTC,HYPE",高杠杆/短线赌徒型，长期单降权
812046,570,2026-07-14 02:16:59,30,0xbf52c3c8fd04185fc819fd0c5165ae31773f931c,smart_money,P-N,50.0,1.0,1,0,1,,,33.4147211956488,33.4147211956488,368.6613888888889,3.0,3.0,37.55850582866393,0.0,1.0,0.0,SOL,仓位样本不足，暂不影响权重
812047,570,2026-07-14 02:16:59,30,0xbf6dd537825deeec24eb456e133c91b8d014ecc0,smart_money,P-N,50.0,1.0,1,0,1,,,9.411154014015386,9.411154014015386,368.6613888888889,35.0,35.0,15.706909526426378,0.0,0.0,1.0,BTC,仓位样本不足，暂不影响权重
812621,570,2026-07-14 02:16:59,30,0xbf732ea04197942783e34730ed6e0f6099575d58,money_printer,P-G,45.35049880832387,0.65,15,15,0,0.4666666666666667,0.35049880832387337,,0.35049880832387337,8.648092592592594,19.2,40.0,3.000147483180908,-1.4367602605869603,0.06666666666666667,0.8,"SOL,BTC,ZEC,ETH,FARTCOIN",高杠杆/短线赌徒型，长期单降权
812820,570,2026-07-14 02:16:59,30,0xbf740cfaa6c1e9cb1b8c882df405040431480192,smart_money,P-N,50.0,1.0,1,1,0,0.0,-3.276432087340232,,-3.276432087340232,18.805555555555557,20.0,20.0,0.0,-4.205226733191169,0.0,1.0,BTC,仓位样本不足，暂不影响权重
812048,570,2026-07-14 02:16:59,30,0xbfa317b7468a97e4e6a7a3c138b86ca0b7395477,smart_money,P-B,72.10616687960955,1.0,646,531,115,0.5160075329566854,0.08162486104948985,1.5337808517800993,0.20953805257465408,68.43170880632951,4.747678018575852,12.0,3.518947339382616,-3.4890800770198407,0.42260061919504643,0.021671826625386997,"CELO,HYPE,IOTA,BLUR,LIT",仓位表现普通有效
812049,570,2026-07-14 02:16:59,30,0xbfc79c444c41a74516bf31237ebf586a231480b4,money_printer,P-C,41.020599913279625,0.75,4,0,4,,,53.993249007532015,53.993249007532015,368.6613888888889,6.5,10.0,59.93432469597612,0.0,0.5,0.5,"MET,NEAR,STBL,UNI",仓位收益偏弱，降权参考
812589,570,2026-07-14 02:16:59,30,0xc029043cd00b80363130fa058818459a521842a1,smart_money,P-B,75.38205273510253,1.0,271,270,1,0.5333333333333333,0.02324632519714896,0.2777501291585536,0.024359700884600332,1.3603741287412883,3.0,3.0,0.34195827949461977,-0.2721738368384031,1.0,0.0,HYPE,仓位表现普通有效
812050,570,2026-07-14 02:16:59,30,0xc06103cbd0ba469640d4139621977f65ca8e7041,smart_money,P-G,44.22543369575321,0.65,40,34,6,0.29411764705882354,-1.0976496647772553,1.1179658503829166,-0.7745663042467918,57.597152777777794,10.875,40.0,2.0478417874667088,-2.4954470252261696,0.125,0.7,"ARB,HMSTR,ZEC,BTC,ENA",高杠杆/短线赌徒型，长期单降权
812051,570,2026-07-14 02:16:59,30,0xc0b2a1ce425d0cd8bc321c445fa6ae0eaed2e688,smart_money,P-G,45.26616497735848,0.65,12,9,3,0.4444444444444444,1.4929978616428754,-3.4744269871841102,0.2661649773584754,271.1971759259259,10.916666666666666,20.0,6.855690764255663,-7.96856905273532,0.16666666666666666,0.5833333333333334,"ZEC,ETH,BTC,SOL,ASTER",高杠杆/短线赌徒型，长期单降权
812052,570,2026-07-14 02:16:59,30,0xc0f06a313e20b7ad93a65dcdf0f208998d1a4596,smart_money,P-C,57.771212547196626,0.75,3,0,3,,,32.89156910477451,32.89156910477451,368.6613888888889,3.0,3.0,36.41179232604389,-4.419456116375291,1.0,0.0,"2Z,MET,PURR",仓位收益偏弱，降权参考
812458,570,2026-07-14 02:16:59,30,0xc0f1a60e0ce0acd5588316aa2b01732b100df111,smart_money,P-B,97.3238544429376,1.0,4,3,1,1.0,0.9616760305383245,-2.278519032299015,0.1516272648289895,59.740763888888885,5.0,5.0,1.412397322394512,-4.1876221421674895,0.0,0.0,HYPE,仓位表现普通有效
812053,570,2026-07-14 02:16:59,30,0xc16b8ddcef47a74c9b76cd28e6834270090d72dd,smart_money,P-N,50.0,1.0,2,0,2,,,34.250732911143466,34.250732911143466,368.6613888888889,3.0,3.0,37.818664205790746,-7.330828311160801,1.0,0.0,"CAKE,MOVE",仓位样本不足，暂不影响权重
812054,570,2026-07-14 02:16:59,30,0xc1e42f862d202b4a0ed552c1145735ee088f6ccf,smart_money,P-A,100.0,1.15,75,52,23,0.9038461538461539,1.0190055508891143,1.9851109584669004,1.3141166776102542,105.0134333333333,6.6,20.0,3.041211429255969,-2.7129794257260453,0.0,0.21333333333333335,"LIT,BCH,GRAM,ADA,ALGO",仓位收益稳定，适合加权参考
812323,570,2026-07-14 02:16:59,30,0xc1fd39727cd10fe97ccac228888f025309560a93,smart_money,P-B,67.87228800927346,1.0,1072,981,91,0.4923547400611621,0.08540742820909134,0.42476785768467695,0.12163855025725169,28.1247561670812,5.060634328358209,40.0,2.249907194479814,-2.183792525886011,0.48507462686567165,0.1417910447761194,"CELO,AVNT,MINA,WCT,ORDI",仓位表现普通有效
812055,570,2026-07-14 02:16:59,30,0xc28e23e7d7d6cc0c9c6f08146c71e7d168cae45a,smart_money,P-G,35.34736656942346,0.65,4,0,4,,,-9.65263343057654,-9.65263343057654,368.6613888888889,17.5,20.0,7.305878061069677,-14.986277966584128,0.0,1.0,"BNB,BTC,ETH,SOL",高杠杆/短线赌徒型，长期单降权
812774,570,2026-07-14 02:16:59,30,0xc2e137ea6b79a7992dd54d44ee8223f2c7e13e22,smart_money,P-C,78.1064268434428,0.75,147,147,0,0.5918367346938775,-0.6882831769180563,,-0.6882831769180563,143.89106009070295,5.27891156462585,20.0,8.35612531301161,-9.749308738901597,0.4897959183673469,0.19727891156462585,"INIT,TAO,POLYX,WCT,LINEA",仓位收益偏弱，降权参考
812056,570,2026-07-14 02:16:59,30,0xc30b67a08e962b40f1fa0a4c1052c118ac0a61c6,smart_money,P-N,50.0,1.0,1,0,1,,,12.972576588721289,12.97257658872129,368.6613888888889,10.0,10.0,21.70259853315872,0.0,0.0,1.0,LINK,仓位样本不足，暂不影响权重
812057,570,2026-07-14 02:16:59,30,0xc30c7ea910a71ce06ae840868b0c7e47616ba4c9,money_printer,P-R,25.0,-0.8,54,50,4,0.34,-0.352933078287642,0.5073855213048342,-0.32452568569413126,18.222371399176954,8.12962962962963,10.0,0.8416075695093743,-1.0694405728749474,0.018518518518518517,0.5185185185185185,"ETH,HYPE,ZEC,BTC,XRP",仓位真实收益偏反向，可作为反向参考
812058,570,2026-07-14 02:16:59,30,0xc38de07f12cdb9122c676ef83aeb2511682cd79f,smart_money,P-N,50.0,1.0,2,0,2,,,-17.28550136360542,-17.285501363605416,368.6613888888889,11.5,20.0,22.535228642525322,-48.574316199554914,0.5,0.5,"ETH,HYPE",仓位样本不足，暂不影响权重
812689,570,2026-07-14 02:16:59,30,0xc3b1951ceffdcaf25640cb37ce1d6cf125579a03,smart_money,P-C,47.567037446345815,0.75,4,4,0,0.25,-2.4767812334669044,,-2.4767812334669044,62.41493055555556,3.0,3.0,0.48457786144038567,-6.468329283689488,1.0,0.0,"HYPE,SOL",仓位收益偏弱，降权参考
812059,570,2026-07-14 02:16:59,30,0xc3d101ae37bba62baf199c6d5e5d8f0eecfd200e,smart_money,P-B,63.67512494758641,1.0,28,25,3,0.64,0.2091222185511178,0.8071898048403705,0.27320088851068053,31.51685515873016,9.285714285714286,10.0,1.6628152357515273,-1.3589042447712683,0.0,0.8571428571428571,"HYPE,LIT,ZEC,NEAR,AAVE",仓位表现普通有效
812060,570,2026-07-14 02:16:59,30,0xc4241dc9bfeb5126c0766df35a87ed3fbd630c78,smart_money,P-R,25.0,-0.8,70,1,69,0.0,-94.47078384044262,1.122015591486607,-0.24359582896952423,363.64244047619087,5.6571428571428575,20.0,31.771277693164347,-30.111413593675653,0.38571428571428573,0.2,"2Z,APT,ARB,ASTER,AVAX",仓位真实收益偏反向，可作为反向参考
812061,570,2026-07-14 02:16:59,30,0xc44ffe108058eceec48e6a13e2df17a90ec62142,smart_money,P-N,50.0,1.0,1,0,1,,,6.156611566561703,6.156611566561703,368.6613888888889,10.0,10.0,9.555169410162097,-7.534979381122035,0.0,1.0,HYPE,仓位样本不足，暂不影响权重
812062,570,2026-07-14 02:16:59,30,0xc4643e390f49d1616b5108bf0eac309f7c0eb868,smart_money,P-R,25.0,-0.8,10,3,7,0.3333333333333333,-5.585186235910943,0.6569396554894441,-1.2193394732482414,337.96219444444444,9.5,20.0,11.163084303873376,-12.12685442480716,0.0,0.7,"ASTER,HYPE,LINK,TRUMP,TRX",仓位真实收益偏反向，可作为反向参考
812063,570,2026-07-14 02:16:59,30,0xc46e57114835d392ce1aef7b3c884d953bffc761,smart_money,P-N,50.0,1.0,1,0,1,,,11.866019888946589,14.08170939311284,368.6613888888889,10.0,10.0,36.9766990212699,0.0,0.0,1.0,HYPE,仓位样本不足，暂不影响权重
812314,570,2026-07-14 02:16:59,30,0xc49ec554731a81f4bf4f3504cfb1dd3c484ccf74,money_printer,P-C,32.82494486834574,0.75,4,0,4,,,-0.10027143405595426,-0.09782752246694529,191.29506944444444,5.0,5.0,10.97809342507115,-10.1045756565073,0.0,0.0,"ZEC,KAITO,GRAM,LIT",仓位收益偏弱，降权参考
812064,570,2026-07-14 02:16:59,30,0xc59498175d6d317642aeb97f895a7ce1aa992191,money_printer,P-N,50.0,1.0,1,0,1,,,11.324061450505875,8.910132007396744,368.6613888888889,3.0,3.0,38.911902834538836,0.0,1.0,0.0,ZEC,仓位样本不足，暂不影响权重
812459,570,2026-07-14 02:16:59,30,0xc5ba14d33b352090f699c82d0a1d0e8fe5a0679b,smart_money,P-B,60.716759112161434,1.0,74,72,2,0.5833333333333334,0.22558529177990805,-0.27769359575699926,0.2119831596843159,12.781167417417413,7.635135135135135,10.0,1.2677779318429232,-0.9554247313266584,0.0,0.527027027027027,"BTC,ETH,SOL,XRP,ZEC",仓位表现普通有效
812065,570,2026-07-14 02:16:59,30,0xc5f033a47dde827133850ced50009c3802c989ba,smart_money,P-N,50.0,1.0,1,0,1,,,8.789835511764702,8.789835511764704,368.6613888888889,20.0,20.0,15.128771499022593,0.0,0.0,1.0,BTC,仓位样本不足，暂不影响权重
812066,570,2026-07-14 02:16:59,30,0xc646851ce5d79117d5086a5aaf5c81922f94efd9,smart_money,P-N,50.0,1.0,2,0,2,,,-3.5818730218167945,-5.698966014768045,339.12152777777777,4.0,5.0,7.308302950054285,-13.208976448360342,0.5,0.0,"BTC,ETH",仓位样本不足，暂不影响权重
812067,570,2026-07-14 02:16:59,30,0xc6758a779bccee1ef0190dbe8292fdf44076795d,money_printer,P-N,50.0,1.0,2,0,2,,,20.245553027774122,20.245553027774125,368.6613888888889,17.0,24.0,27.92590077891331,0.0,0.0,1.0,"BTC,ETH",仓位样本不足，暂不影响权重
812068,570,2026-07-14 02:16:59,30,0xc6877a65349b0fa45cc61a267ee682c7abf2b369,smart_money,P-N,50.0,1.0,1,0,1,,,-17.801472180125568,-17.801472180125565,368.6613888888889,5.0,5.0,0.0,-35.25001679718704,0.0,0.0,HYPE,仓位样本不足，暂不影响权重
812258,570,2026-07-14 02:16:59,30,0xc69ae428f6049e78d445f053d2c1df879c59b34c,smart_money,P-R,25.0,-0.8,14,11,3,0.36363636363636365,-1.041608183405032,-2.9874694159549136,-1.2913623470436484,100.09988095238096,8.142857142857142,20.0,4.44981064121344,-4.756050022208545,0.21428571428571427,0.5714285714285714,"PURR,LTC,WIF,kPEPE,DOGE",仓位真实收益偏反向，可作为反向参考
812069,570,2026-07-14 02:16:59,30,0xc6aa7b1f1dbe24ca2f12c193b60eb05230270e75,smart_money,P-A,89.15297208121851,1.15,100,79,21,0.7215189873417721,2.4279089470270088,2.2585224300340014,2.5233214836472264,75.41701666666667,7.24,20.0,5.0378510792002205,-5.480799970825981,0.23,0.42,"MON,LIT,ZRO,DYDX,XPL",仓位收益稳定，适合加权参考
812590,570,2026-07-14 02:16:59,30,0xc6ac58a7a63339898aeda32499a8238a46d88e84,money_printer,P-B,72.74403547507083,1.0,157,156,1,0.6089743589743589,0.0585838342699805,-0.046395917159289986,0.057915173432851394,2.3319992922859156,5.0,5.0,0.23872965982300123,-0.1585522092446343,0.0,0.0,BTC,仓位表现普通有效
812668,570,2026-07-14 02:16:59,30,0xc6cd4f327ebda9a78cc52414aa5101c211b5e4d9,smart_money,P-N,50.0,1.0,1,1,0,0.0,-11.608373218531543,,-11.608373218531543,30.25111111111111,3.0,3.0,14.206001708671504,-16.49004119400414,1.0,0.0,CASHCAT,仓位样本不足，暂不影响权重
812070,570,2026-07-14 02:16:59,30,0xc6d7fdfbcb55d6cad6570c5838de394d2aa24015,money_printer,P-N,50.0,1.0,1,0,1,,,14.621830595193517,14.621830595193517,368.6613888888889,20.0,20.0,20.555453822417668,0.0,0.0,1.0,BTC,仓位样本不足，暂不影响权重
812071,570,2026-07-14 02:16:59,30,0xc6e7a7632505525268290eca08ee02a3100441c1,smart_money,P-N,50.0,1.0,2,0,2,,,9.112584563086605,9.112584563086605,368.6613888888889,7.5,10.0,13.404991544939595,-3.892805616289617,0.0,0.5,"HYPE,XMR",仓位样本不足，暂不影响权重
812072,570,2026-07-14 02:16:59,30,0xc7290b4b308431a985fa9e3e8a335c2f7650517c,money_printer,P-N,50.0,1.0,1,0,1,,,-132.80908242566863,-132.80908242566863,368.6613888888889,10.0,10.0,0.0,-167.29234979731999,0.0,1.0,HYPE,仓位样本不足，暂不影响权重
812073,570,2026-07-14 02:16:59,30,0xc74a955d699b771a8c3be0a425567e31bde1ab93,smart_money,P-N,50.0,1.0,1,0,1,,,17.37445770192067,17.37445770192067,368.6613888888889,5.0,5.0,30.199153554462406,0.0,0.0,0.0,SOL,仓位样本不足，暂不影响权重
812738,570,2026-07-14 02:16:59,30,0xc77b4c63d4be417858836ea016abb7de233ef3e1,smart_money,P-N,50.0,1.0,1,1,0,0.0,-2.5473826561375956,,-2.5473826561375956,109.75361111111111,10.0,10.0,3.895729723500269,-3.8169357779821125,0.0,1.0,HYPE,仓位样本不足，暂不影响权重
812770,570,2026-07-14 02:16:59,30,0xc7abcfeaf42bd7afae393863f5e7fc470a662bf8,smart_money,P-G,44.39115732116488,0.65,11,11,0,0.45454545454545453,-0.6088426788351188,,-0.6088426788351188,10.021944444444443,14.727272727272727,30.0,1.1537631083089535,-1.0273005634634882,0.0,0.8181818181818182,"HYPE,ETH,BTC,SOL",高杠杆/短线赌徒型，长期单降权
812694,570,2026-07-14 02:16:59,30,0xc7f94fb3b3ba614b9b2bf80697ab5a31917005a2,money_printer,P-C,80.78167477642015,0.75,5,5,0,0.8,-0.6040126334700219,,-0.6040126334700219,200.4218888888889,6.6,10.0,18.552122651928176,-14.289644173494006,0.2,0.4,"XMR,LIT,HYPE,WLD,ZEC",仓位收益偏弱，降权参考
812074,570,2026-07-14 02:16:59,30,0xc81627434af14d5b35d808f40227d18d41c35c64,smart_money,P-B,57.7461804496082,1.0,39,32,7,0.625,-0.5026663581954594,1.6315589370052805,-0.13011490340102655,62.838518518518526,16.58974358974359,40.0,3.154717119854198,-4.198999762442568,0.23076923076923078,0.48717948717948717,"BTC,HMSTR,XRP,FET,DYDX",仓位表现普通有效
812597,570,2026-07-14 02:16:59,30,0xc846e513f1fb448e744d5c8e911e87bccc0dfb20,smart_money,P-C,51.497071478353796,0.75,12,12,0,0.5,-1.3140371577278973,,-1.3140371577278973,23.30395833333334,6.333333333333333,20.0,3.452220343043614,-3.3886790487136076,0.5833333333333334,0.3333333333333333,"PUMP,LIT,MET,FARTCOIN,JTO",仓位收益偏弱，降权参考
812075,570,2026-07-14 02:16:59,30,0xc84b3f4b3fa29d38e60b318e5d8a84802ef7cbeb,smart_money,P-G,60.05688490896839,0.65,3,0,3,,,15.05688490896839,15.05688490896839,368.6613888888889,13.333333333333334,20.0,18.303220167004557,-1.9569314380049396,0.0,1.0,"BTC,HYPE,ONDO",高杠杆/短线赌徒型，长期单降权
812466,570,2026-07-14 02:16:59,30,0xc8ff61f572ca7bc4ceb624f38f06c053b93496a5,smart_money,P-N,50.0,1.0,1,0,1,,,-2.540731837606847,-2.5407318376068475,16.9925,5.0,5.0,0.26375534188033506,-3.228498931623939,0.0,0.0,PENDLE,仓位样本不足，暂不影响权重
812707,570,2026-07-14 02:16:59,30,0xc9186f29695cfe18b79e6a8ebf1be13905cac077,smart_money,P-C,66.19428621313199,0.75,4,4,0,0.75,-1.1631568500738148,,-1.1631568500738148,0.7510416666666666,6.25,10.0,2.2646269532522885,-2.8084247152434245,0.0,0.25,"UNI,MORPHO,ETHFI,DYDX",仓位收益偏弱，降权参考
812295,570,2026-07-14 02:16:59,30,0xc9257e15609fd24a2334b991756652fbd52f48b5,smart_money,P-N,50.0,1.0,1,0,1,,,-7.311439203258856,-7.311439203258856,285.3238888888889,3.0,3.0,8.923539505376008,-7.540522839344814,1.0,0.0,HYPE,仓位样本不足，暂不影响权重
812076,570,2026-07-14 02:16:59,30,0xc926ddba8b7617dbc65712f20cf8e1b58b8598d3,money_printer,P-N,50.0,1.0,1,0,1,,,1.660559693980268,1.660559693980268,368.6613888888889,10.0,10.0,16.718341050936182,-1.8312864908395416,0.0,1.0,HYPE,仓位样本不足，暂不影响权重
812765,570,2026-07-14 02:16:59,30,0xc94285029b3a5efaad09fe55e36320e6fbf82bf6,smart_money,P-N,50.0,1.0,1,1,0,1.0,2.3087117138772584,,2.3087117138772584,42.745555555555555,40.0,40.0,2.308711713877259,-1.005939804916309,0.0,1.0,BTC,仓位样本不足，暂不影响权重
812341,570,2026-07-14 02:16:59,30,0xca230e816bdb34a46960c2f978a30a563d1ae9e0,money_printer,P-B,77.4505947586599,1.0,19,17,2,0.6470588235294118,0.3649503289240854,-2.0081412908099234,0.23710212998376412,26.766023391812862,5.421052631578948,10.0,1.7033725245931275,-2.059844407372324,0.05263157894736842,0.10526315789473684,"HYPE,LIT,KAITO,LINK,JTO",仓位表现普通有效
812077,570,2026-07-14 02:16:59,30,0xca4903c207a0df58bf37d4bc8bbc5210726f53c8,money_printer,P-G,44.49154921776001,0.65,11,6,5,0.6666666666666666,-0.47650640510092507,-1.8264334396952484,-0.5084507822399899,167.57335858585859,25.0,40.0,3.2159712245890586,-4.758794884152004,0.0,1.0,"XRP,BTC,SOL,DOGE,ETH",高杠杆/短线赌徒型，长期单降权
812078,570,2026-07-14 02:16:59,30,0xcac19662ec88d23fa1c81ac0e8570b0cf2ff26b3,money_printer,P-G,41.88801961040916,0.65,32,5,27,0.6,4.334650573164265,-4.541137571574326,-3.111980389590839,296.41720486111103,10.28125,20.0,9.338792733389694,-12.416492310942754,0.09375,0.65625,"HYPE,SOL,BTC,ETH,ADA",高杠杆/短线赌徒型，长期单降权
812079,570,2026-07-14 02:16:59,30,0xcac1f1c3e4599e044dc2a9d38a9b6ef1af1bdae8,money_printer,P-N,50.0,1.0,2,0,2,,,3.963606747322853,3.963606747322853,368.6613888888889,25.0,40.0,7.328371178231411,-6.869319117860926,0.0,1.0,"BTC,HYPE",仓位样本不足，暂不影响权重
812080,570,2026-07-14 02:16:59,30,0xcac43e06859c3379ac1cce01047531261e22f11e,smart_money,P-N,50.0,1.0,1,0,1,,,0.37297884296059647,0.37297884296059647,368.6613888888889,5.0,5.0,3.7949768604746588,-14.38359840138396,0.0,0.0,HYPE,仓位样本不足，暂不影响权重
812764,570,2026-07-14 02:16:59,30,0xcb02837caaee310c178501855b63bf7f4f4b1f8b,money_printer,P-N,50.0,1.0,2,2,0,0.0,-0.7643621948119442,,-0.7643621948119442,0.49319444444444444,3.0,3.0,0.30081461916323127,-0.7643621948119443,1.0,0.0,LIT,仓位样本不足，暂不影响权重
812081,570,2026-07-14 02:16:59,30,0xcb15941180ed7cff8b3547117eca6b78cbdeaf9c,smart_money,P-G,50.03821496221902,0.65,59,22,37,0.6363636363636364,1.4759067747129626,7.758356451463947,5.038214962219023,212.71615348399249,14.271186440677965,40.0,11.196577205441894,-5.803839503490414,0.05084745762711865,0.7288135593220338,"BTC,ADA,HYPE,LIT,XRP",高杠杆/短线赌徒型，长期单降权
812082,570,2026-07-14 02:16:59,30,0xcb39c18f0e4d705d1db141171a65cb5a86c9fdb9,smart_money,P-A,100.0,1.15,6,1,5,1.0,92.2815653458036,47.03030793015937,54.57218416610007,310.10699074074074,3.1666666666666665,5.0,57.1899390216529,-1.8334552966259536,0.8333333333333334,0.0,"BTC,MELANIA,PUMP,WLFI,ZEN",仓位收益稳定，适合加权参考
812796,570,2026-07-14 02:16:59,30,0xcb3ee3f1b22cdff8b6ca4839cd0784d34b85dea9,smart_money,P-N,50.0,1.0,1,1,0,1.0,5.8132011444092075,,5.8132011444092075,127.12055555555555,30.0,30.0,5.858694443414758,-2.1870418149913893,0.0,1.0,BTC,仓位样本不足，暂不影响权重
812083,570,2026-07-14 02:16:59,30,0xcb58b8f5ec6d47985f0728465c25a08ef9ad2c7b,money_printer,P-N,50.0,1.0,2,0,2,,,-10.517727507759343,-10.517727507759345,272.99569444444444,11.0,17.0,0.4976285135814366,-13.047794299418301,0.0,0.5,"AR,BTC",仓位样本不足，暂不影响权重
812084,570,2026-07-14 02:16:59,30,0xcb5c2f378860437fad512c3aec09efce1c470283,smart_money,P-N,50.0,1.0,1,0,1,,,-14.068376685199116,-14.068376685199116,368.6613888888889,10.0,10.0,0.0,-15.1828217248778,0.0,1.0,ONDO,仓位样本不足，暂不影响权重
812085,570,2026-07-14 02:16:59,30,0xcb8436264dd4b0d9912b65dbe2893e71de7752cd,money_printer,P-G,46.88809087217047,0.65,112,77,35,0.5974025974025974,0.5798649398298544,4.982600867357722,1.8880908721704694,119.92274553571433,10.633928571428571,40.0,6.762832377072113,-4.501380891720008,0.10714285714285714,0.6964285714285714,"kPEPE,BCH,FARTCOIN,PENDLE,HYPE",高杠杆/短线赌徒型，长期单降权
812671,570,2026-07-14 02:16:59,30,0xcba2680d2fc87cd6ee404fafbd7a5efbd26b099c,smart_money,P-G,45.583023159017316,0.65,3,3,0,0.3333333333333333,0.5830231590173144,,0.5830231590173144,88.21962962962964,16.666666666666668,20.0,5.2064490519970965,-2.4512044389451546,0.0,1.0,"SOL,HYPE",高杠杆/短线赌徒型，长期单降权
812781,570,2026-07-14 02:16:59,30,0xcbe114cc845cf58d3eada944335612e8df99fe7f,smart_money,P-N,50.0,1.0,1,1,0,1.0,53.82750794727603,,53.82750794727603,160.83,3.0,3.0,73.17674385532459,0.0,1.0,0.0,VVV,仓位样本不足，暂不影响权重
812779,570,2026-07-14 02:16:59,30,0xcbec2fd28c44cc34f69ce9e98029595157f47096,smart_money,P-A,82.71158897070003,1.15,135,135,0,0.5777777777777777,1.6150537446092734,,1.6150537446092734,144.54389094650182,4.881481481481481,20.0,9.39216591282518,-7.4045909915731585,0.5037037037037037,0.14814814814814814,"GMT,IO,OP,UMA,MINA",仓位收益稳定，适合加权参考
812086,570,2026-07-14 02:16:59,30,0xcc221419e754b43b2b5a9482909d8892ef70c838,money_printer,P-N,50.0,1.0,1,0,1,,,43.42464860283292,43.42464860283292,368.6613888888889,30.0,30.0,47.35652980242796,0.0,0.0,1.0,BTC,仓位样本不足，暂不影响权重
812087,570,2026-07-14 02:16:59,30,0xcc29196f3d3e1af2a4dd20f4f2765b090c9e892f,smart_money,P-N,50.0,1.0,2,0,2,,,-2.290001537774011,-2.108059907380081,368.6613888888889,15.0,20.0,6.49136330978326,-16.899842303182243,0.0,1.0,"BTC,HYPE",仓位样本不足，暂不影响权重
812088,570,2026-07-14 02:16:59,30,0xccaeb98ce9ca54f76bf0029cf9f12c894e253dd6,smart_money,P-N,50.0,1.0,2,0,2,,,-2.924013648688236,-3.0700221811118746,368.6613888888889,15.0,20.0,3.2274051868264855,-12.713720441270432,0.0,1.0,"BTC,HYPE",仓位样本不足，暂不影响权重
812089,570,2026-07-14 02:16:59,30,0xccf135ab352d561a15eb7be2a243cc4fcb7f0ab1,money_printer,P-N,50.0,1.0,1,0,1,,,-6.444497285701995,-6.444497285701995,368.6613888888889,10.0,10.0,0.0,-22.21086697325839,0.0,1.0,HYPE,仓位样本不足，暂不影响权重
812090,570,2026-07-14 02:16:59,30,0xcd0673721a489b1cea0e2580fa304bcb6cca3186,money_printer,P-N,50.0,1.0,1,0,1,,,14.183452185913085,14.183452185913085,368.6613888888889,3.0,3.0,17.131086804304527,0.0,1.0,0.0,HYPE,仓位样本不足，暂不影响权重
812091,570,2026-07-14 02:16:59,30,0xcd1c932a413868c3c84e73e195bf34c1ba4ffec5,smart_money,P-B,98.66050924899973,1.0,32,8,24,0.875,3.5601935345824023,2.201727737825819,3.6427546244998674,283.55433159722213,9.09375,20.0,15.331306062247108,-10.423467916765764,0.0625,0.59375,"FARTCOIN,DOT,AAVE,ADA,ALGO",仓位表现普通有效
812092,570,2026-07-14 02:16:59,30,0xcd2123d3f00325fa83b2743ed85844f8d4bb9826,smart_money,P-N,50.0,1.0,1,0,1,,,9.556980991136149,9.556980991136149,368.6613888888889,30.0,30.0,15.842601801144502,0.0,0.0,1.0,BTC,仓位样本不足，暂不影响权重
812851,570,2026-07-14 02:16:59,30,0xcd6cd380329759474d36c2fbc7b9a13177f38bd9,smart_money,P-S,84.8832015389167,1.25,35,35,0,0.6285714285714286,4.155886483744061,,4.155886483744061,55.228246031746,4.771428571428571,10.0,16.773115624075615,-12.254019290133447,0.5428571428571428,0.17142857142857143,"MET,CC,GRASS,LINEA,STBL",仓位收益、持仓周期、杠杆结构适合长期参考
812539,570,2026-07-14 02:16:59,30,0xcd82f03d5df801a69af899a7f13263388e1f6274,smart_money,P-G,45.0146017268811,0.65,163,162,1,0.5432098765432098,0.01767220472284663,-0.5444316056789591,0.014601726881098611,2.261726312201774,20.0,20.0,0.237481229974608,-0.2099209650465001,0.0,1.0,BTC,高杠杆/短线赌徒型，长期单降权
812638,570,2026-07-14 02:16:59,30,0xcd87ea212314217b6aa64fdffb9954330db5de4f,smart_money,P-B,57.8811646945591,1.0,12,12,0,0.5,0.21134278370808957,,0.21134278370808957,0.9517824074074075,4.5,10.0,0.8063185289716571,-0.721323406009624,0.6666666666666666,0.16666666666666666,"LIT,CASHCAT,XPL,VVV",仓位表现普通有效
812748,570,2026-07-14 02:16:59,30,0xcdbd79aafd6d0618e3fc6aecb11e1a61908a9169,smart_money,P-G,44.38562174583044,0.65,11,11,0,0.45454545454545453,-0.6143782541695586,,-0.6143782541695586,18.914671717171714,34.54545454545455,40.0,0.5445536767052307,-1.8116803171750357,0.0,1.0,"BTC,TRX,HYPE",高杠杆/短线赌徒型，长期单降权
812647,570,2026-07-14 02:16:59,30,0xcde682fc64f38967b71cfd00803d4ba3d60e49d1,smart_money,P-B,80.25435945158523,1.0,259,259,0,0.6023166023166023,0.046098644711536275,,0.046098644711536275,1.3616537966537958,3.0,3.0,0.23751891434353292,-0.18258487969012868,1.0,0.0,ETH,仓位表现普通有效
812822,570,2026-07-14 02:16:59,30,0xcdf0c733561c848fa99c6a3d25f6f07724e22bd1,smart_money,P-N,50.0,1.0,1,1,0,1.0,5.765649168218688,,5.765649168218688,95.69,3.0,3.0,12.545305321276784,0.0,1.0,0.0,HYPE,仓位样本不足，暂不影响权重
812750,570,2026-07-14 02:16:59,30,0xcdf73290cb271fc6b5aa3723eae9a0086baaa50f,smart_money,P-G,44.59728515283948,0.65,8,8,0,0.5,-0.40271484716052053,,-0.40271484716052053,24.597430555555558,30.625,40.0,1.9949055866382255,-1.4311433139364584,0.0,1.0,"BTC,ETH,HYPE",高杠杆/短线赌徒型，长期单降权
812548,570,2026-07-14 02:16:59,30,0xce397f90242c35486cf7f161e7a38e3321feb74f,smart_money,P-G,45.286267306116656,0.65,19,18,1,0.8333333333333334,0.3131836312341735,-0.19822654599866013,0.2862673061166559,19.403230994152043,13.0,13.0,0.5049606991671334,-0.3869875277690764,0.0,1.0,BTC,高杠杆/短线赌徒型，长期单降权
812093,570,2026-07-14 02:16:59,30,0xce5667f7194c4d9320acd28f1ee8b3d2adbdb27e,smart_money,P-G,44.33781103025237,0.65,4,1,3,1.0,1.6296394801085814,-0.9272599929409898,-0.6621889697476311,255.2207638888889,21.25,40.0,5.3831289956124095,-8.656554171752667,0.0,1.0,"HYPE,BTC,ETH",高杠杆/短线赌徒型，长期单降权
812652,570,2026-07-14 02:16:59,30,0xcf218b31732a91c751fe484bc303525783a88a36,smart_money,P-C,49.66647982849413,0.75,21,21,0,0.42857142857142855,-1.5635708451368198,,-1.5635708451368198,31.85805555555556,9.095238095238095,20.0,4.878045198572243,-3.9325921616037594,0.09523809523809523,0.5714285714285714,"HYPE,LIT,MON,CASHCAT,ETH",仓位收益偏弱，降权参考
812496,570,2026-07-14 02:16:59,30,0xcf3f419d08a5bdc2c6e5fbd9ad70904c5420f95f,smart_money,P-B,75.86340638884651,1.0,70,69,1,0.6521739130434783,0.10682568162757622,-0.020643501137795298,0.1056162379015151,4.004730158730159,5.0,5.0,0.3102210966542137,-0.195224512765526,0.0,0.0,BTC,仓位表现普通有效
812094,570,2026-07-14 02:16:59,30,0xcf5343ba750a6e30afbb1dadda08bc78f8c8ee11,money_printer,P-C,47.98485123989987,0.75,4,0,4,,,7.482125663310121,7.482125663310121,368.6613888888889,4.25,5.0,14.996734199882454,-2.762705522681391,0.25,0.0,"BTC,ETH,HYPE,SOL",仓位收益偏弱，降权参考
812720,570,2026-07-14 02:16:59,30,0xcf67e4da9e9cd38c0afd26338d0fbddb3036eb24,money_printer,P-N,50.0,1.0,1,1,0,0.0,-15.456927673460937,,-15.456927673460937,96.82555555555555,10.0,10.0,0.0,-20.564951266046815,0.0,1.0,XPL,仓位样本不足，暂不影响权重
812095,570,2026-07-14 02:16:59,30,0xcf74dc50069e3ee0fddc10bd64e9a68d21126cfe,smart_money,P-G,65.0,0.65,6,0,6,,,43.612141281070016,43.612141281070016,368.6613888888889,13.333333333333334,20.0,53.35403089175182,-5.067734255684845,0.0,1.0,"ADA,AVAX,BTC,HYPE,XRP",高杠杆/短线赌徒型，长期单降权
812715,570,2026-07-14 02:16:59,30,0xcf90cfecf74e631feea816d02e757c0c8e895c0e,money_printer,P-N,50.0,1.0,1,1,0,1.0,9.316601509175301,,9.316601509175301,251.67083333333332,15.0,15.0,15.574334725554326,0.0,0.0,1.0,BTC,仓位样本不足，暂不影响权重
812362,570,2026-07-14 02:16:59,30,0xcfda9610dd28e9ff74240a1d4136e87a77e6da82,smart_money,P-N,50.0,1.0,2,1,1,1.0,8.02076923076923,-1.3817567567567621,3.3195062370062343,117.66430555555556,4.5,7.0,9.193316008316012,-1.0388513513513533,0.5,0.0,"PENDLE,BTC",仓位样本不足，暂不影响权重
812096,570,2026-07-14 02:16:59,30,0xcfea17596c15e0f4fe3ba9cab1fcbe804bbbdbbf,smart_money,P-C,71.63519629877261,0.75,259,160,99,0.4375,-0.8113876128924563,2.124529692166994,-0.10880146451330959,151.21878056628057,5.057915057915058,12.0,5.792303585053601,-6.890244371538963,0.305019305019305,0.03861003861003861,"HYPE,HMSTR,ARB,LIT,ETH",仓位收益偏弱，降权参考
812804,570,2026-07-14 02:16:59,30,0xd05808946809c180d190608e13f473db30aa8524,money_printer,P-B,100.0,1.0,3,3,0,1.0,4.010792240301819,,4.010792240301819,92.70592592592594,6.0,8.0,5.829142011342925,-2.853129412533623,0.0,0.0,"HYPE,BTC,ETH",仓位表现普通有效
812596,570,2026-07-14 02:16:59,30,0xd05d2e015b9ed6f17f2111cf1ac7ae229155816e,smart_money,P-G,46.9056481438625,0.65,4,4,0,1.0,1.9056481438624968,,1.9056481438624968,90.63145833333333,17.5,20.0,2.36700908063473,-1.2777164159085248,0.0,1.0,"ETH,BTC,SOL",高杠杆/短线赌徒型，长期单降权
812472,570,2026-07-14 02:16:59,30,0xd071d6d6ea52f5aa34b79e47f908ee48c8215837,smart_money,P-G,45.07226702586474,0.65,1280,1271,9,0.5476003147128246,0.07269519074285374,0.12238024134240984,0.0722670258647411,2.59175933159722,17.6796875,40.0,0.4062018053770854,-0.29959272716244306,0.0,1.0,"PUMP,BNB,BTC,ETH,SOL",高杠杆/短线赌徒型，长期单降权
812775,570,2026-07-14 02:16:59,30,0xd080b654474d679c03df4fd676aa818c1adfa608,smart_money,P-A,84.27698117718846,1.15,137,137,0,0.6058394160583942,1.466957741878903,,1.466957741878903,137.49995336577447,4.992700729927007,20.0,8.857308931933897,-6.947994216503181,0.49635036496350365,0.15328467153284672,"INIT,TRX,XLM,UMA,MOVE",仓位收益稳定，适合加权参考
812097,570,2026-07-14 02:16:59,30,0xd08a4557671ca465e7bba41110a93148c90f9931,smart_money,P-C,48.69838342352967,0.75,21,1,20,0.0,-14.783112123328959,14.53791369493955,13.366622170178955,353.3059788359787,8.380952380952381,20.0,22.75372282336894,-5.403164995107025,0.19047619047619047,0.47619047619047616,"ADA,ARB,AVAX,BSV,BTC",仓位收益偏弱，降权参考
812623,570,2026-07-14 02:16:59,30,0xd10e2b1b66001bd4086d61e43e836ab9c168fd9a,smart_money,P-C,65.61176743837086,0.75,4,4,0,0.5,-1.204416237454385,,-1.204416237454385,84.163125,3.5,4.0,4.805968760372632,-3.889685176765463,0.25,0.0,"HYPE,GRASS",仓位收益偏弱，降权参考
812635,570,2026-07-14 02:16:59,30,0xd13552538def5cecc78a20aa2236573f0bee6443,smart_money,P-N,50.0,1.0,1,1,0,1.0,3.690181892291987,,3.690181892291987,273.3327777777778,2.0,2.0,6.6651562308783845,-0.5802602499430194,1.0,0.0,BTC,仓位样本不足，暂不影响权重
812098,570,2026-07-14 02:16:59,30,0xd1692402c26392ccc8588631d7d5ca9aed4348e5,money_printer,P-N,50.0,1.0,2,0,2,,,28.339070264417124,28.339070264417124,368.6613888888889,7.5,10.0,38.9334450915998,-5.077535834222074,0.0,0.5,"ENA,PENDLE",仓位样本不足，暂不影响权重
812099,570,2026-07-14 02:16:59,30,0xd1dc45800b08157ff927e8d10d330b4f7bf99985,smart_money,P-N,50.0,1.0,1,0,1,,,-0.8678237650200238,-0.7797386358759553,368.6613888888889,10.0,10.0,8.34585211150059,-6.929370512606442,0.0,1.0,APT,仓位样本不足，暂不影响权重
812810,570,2026-07-14 02:16:59,30,0xd1dd6d99c5fb5d31ff52eacce5046c7158859e85,smart_money,P-N,50.0,1.0,1,1,0,0.0,-11.219161253143199,,-11.219161253143199,114.3386111111111,3.0,3.0,3.178125238857944,-27.66867178030988,1.0,0.0,LIT,仓位样本不足，暂不影响权重
812100,570,2026-07-14 02:16:59,30,0xd210bd2ed3fafe7a4de5b079392823c81b0dc56a,smart_money,P-N,50.0,1.0,1,0,1,,,16.028579838472307,16.028579838472307,368.6613888888889,6.0,6.0,21.8644366220846,0.0,0.0,0.0,BTC,仓位样本不足，暂不影响权重
812101,570,2026-07-14 02:16:59,30,0xd21d931890d27b6e7e2e668f27931e17698e90f1,money_printer,P-B,100.0,1.0,4,1,3,1.0,5.906291102547014,-3.3130263659843813,0.30246740147974815,280.2371527777778,4.5,5.0,12.30197643799405,-11.029031944753035,0.25,0.0,"HYPE,VVV,LIT,ZEC",仓位表现普通有效
812102,570,2026-07-14 02:16:59,30,0xd220de2f1aa9fe8ddc2c2c8e055b3341800d3c0a,smart_money,P-N,50.0,1.0,2,0,2,,,-1.8707100539659205,-1.8707100539659205,368.6613888888889,22.5,40.0,9.678605166676142,-9.408816784167161,0.0,0.5,"AXS,BTC",仓位样本不足，暂不影响权重
812377,570,2026-07-14 02:16:59,30,0xd28e005c992b168d0b20fca312958e105bb260ab,money_printer,P-B,80.14845869583188,1.0,15,14,1,0.7857142857142857,0.19511890397637943,0.17493113389366646,0.1937730526375318,65.15316666666668,7.8,20.0,3.6281059244688034,-4.628487401735255,0.26666666666666666,0.4,"BTC,ZEC,VVV,DYDX,PUMP",仓位表现普通有效
812103,570,2026-07-14 02:16:59,30,0xd2a5474f4812a2c8ab798f3d908ab69c9b74873e,smart_money,P-N,50.0,1.0,1,0,1,,,-63.94373001628565,-63.94373001628565,368.6613888888889,3.0,3.0,0.0,-88.22678382653551,1.0,0.0,HYPE,仓位样本不足，暂不影响权重
812259,570,2026-07-14 02:16:59,30,0xd2b2a8ab7a8c903501f4db4ee45c67522a4511ed,money_printer,P-G,38.294613674571934,0.65,3,2,1,0.5,-4.1519382297954435,-11.812282516693303,-6.705386325428063,115.10648148148148,11.666666666666666,20.0,2.7839262467631127,-10.196079779192447,0.0,0.6666666666666666,"ETH,SOL,ZEC",高杠杆/短线赌徒型，长期单降权
812104,570,2026-07-14 02:16:59,30,0xd331ae7d527b38be52219b84ae6260f637ba76ff,smart_money,P-N,50.0,1.0,1,0,1,,,8.618054458907665,8.618054458907665,368.6613888888889,10.0,10.0,11.45210593994631,0.0,0.0,1.0,TRX,仓位样本不足，暂不影响权重
812105,570,2026-07-14 02:16:59,30,0xd33c704c68518e527bdcb36f7966c80edcffbdf2,smart_money,P-B,62.045957517552715,1.0,499,464,35,0.48060344827586204,0.02983404934902566,2.0744936851637856,0.10967370038371486,25.631662213315536,8.629258517034069,20.0,2.0481826024748098,-1.7773084429391026,0.16032064128256512,0.3907815631262525,"ETH,TIA,SOL,BTC,MANTA",仓位表现普通有效
812427,570,2026-07-14 02:16:59,30,0xd3746a312ea0f8c41c0ae8ecb484c1216da4f0bc,smart_money,P-G,44.99558404604454,0.65,10,9,1,0.5555555555555556,0.13012862967768837,-1.2153172066537816,-0.004415953955458585,22.6875,11.3,15.0,1.4555327906905209,-1.3346680721841528,0.1,0.9,"ETH,CASHCAT",高杠杆/短线赌徒型，长期单降权
812106,570,2026-07-14 02:16:59,30,0xd38c8304de77c46a488393e26554e865a373b13c,smart_money,P-N,50.0,1.0,1,0,1,,,30.54076289370407,30.54076289370407,368.6613888888889,20.0,20.0,35.36805007393243,0.0,0.0,1.0,BTC,仓位样本不足，暂不影响权重
812415,570,2026-07-14 02:16:59,30,0xd40c748c68b59c753152676f4423474e5e36ac7a,smart_money,P-G,44.3747755664125,0.65,4,3,1,0.3333333333333333,-1.7654866035569825,2.7955620763209654,-0.6252244335874955,91.91527777777777,25.0,40.0,1.735138309589762,-3.085286554159889,0.0,1.0,BTC,高杠杆/短线赌徒型，长期单降权
812107,570,2026-07-14 02:16:59,30,0xd42827002b76a8088ba2f7d4e4b45879eb1e363b,smart_money,P-N,50.0,1.0,1,0,1,,,-20.13537352354656,-20.13537352354656,368.6613888888889,1.0,1.0,0.0,-25.685815820422352,1.0,0.0,BTC,仓位样本不足，暂不影响权重
812108,570,2026-07-14 02:16:59,30,0xd440715f2ce6f7ed1924f282e0096c863e7049f7,smart_money,P-R,25.0,-0.8,5,0,5,,,-6.357125405850217,-6.357125405850217,368.6613888888889,7.6,10.0,24.027732065789312,-32.89204464838479,0.2,0.6,"FARTCOIN,HYPE,MON,PUMP,PURR",仓位真实收益偏反向，可作为反向参考
812249,570,2026-07-14 02:16:59,30,0xd46979f07f5d1e86ae2dcc5e6e0f3af5fe270471,smart_money,P-N,50.0,1.0,1,0,1,,,3.5368316695933704,3.5368316695933713,341.8258333333333,10.0,10.0,10.690122499775883,-7.711210601530329,0.0,1.0,NEAR,仓位样本不足，暂不影响权重
812109,570,2026-07-14 02:16:59,30,0xd47587702a91731dc1089b5db0932cf820151a91,money_printer,P-C,26.12557760738368,0.75,12,0,12,,,-0.0767256009126031,0.00021590678704900648,368.6613888888888,9.083333333333334,20.0,14.642817542080278,-20.31346171324854,0.25,0.5833333333333334,"ASTER,BTC,ENA,FARTCOIN,HYPE",仓位收益偏弱，降权参考
812540,570,2026-07-14 02:16:59,30,0xd47c1e51b759cb3754bb045ae57bc05aadcf58c2,smart_money,P-G,44.96122133233984,0.65,288,287,1,0.4564459930313589,-0.038909323418333495,-0.0012804650649162342,-0.03877866766016191,1.2800742669753087,14.878472222222221,30.0,0.149506260418819,-0.14413187619746035,0.1284722222222222,0.5694444444444444,BTC,高杠杆/短线赌徒型，长期单降权
812280,570,2026-07-14 02:16:59,30,0xd487e26c62ed8c28ce3cc70b5791e501c2934982,money_printer,P-G,50.49582486646469,0.65,6,5,1,0.6,-0.06722016274833201,29.238993464815344,5.495824866464685,160.37453703703707,10.833333333333334,20.0,17.14321572203218,-6.002285496915711,0.0,0.8333333333333334,"ENA,LIT,ZEC,ADA,XRP",高杠杆/短线赌徒型，长期单降权
812381,570,2026-07-14 02:16:59,30,0xd4bb18ef8d1bc1bfadfcc034ca69628b58b42a4c,smart_money,P-B,65.67527093506581,1.0,52,51,1,0.5098039215686274,0.0172359041274163,0.44347205313378885,-0.005501787369056206,3.847574786324785,5.0,5.0,0.33602358509769853,-0.286756185900329,0.0,0.0,BTC,仓位表现普通有效
812110,570,2026-07-14 02:16:59,30,0xd4c1f7e8d876c4749228d515473d36f919583d1d,money_printer,P-G,44.87472010799218,0.65,54,37,17,0.7027027027027027,0.7246400470456212,-2.1913112998757214,-0.12527989200782083,116.06006687242795,11.962962962962964,20.0,4.942399260773907,-5.686982873428686,0.018518518518518517,0.8888888888888888,"FARTCOIN,XRP,LINK,SOL,PUMP",高杠杆/短线赌徒型，长期单降权
812342,570,2026-07-14 02:16:59,30,0xd4eeed940e2c0b4b13910128fad5e0bc987e759e,smart_money,P-R,25.0,-0.8,5,4,1,0.25,-0.8405293921890733,-9.847714430993014,-2.641966399949861,73.59122222222223,4.4,6.0,1.7948591304108739,-5.41265873790462,0.0,0.0,HYPE,仓位真实收益偏反向，可作为反向参考
812111,570,2026-07-14 02:16:59,30,0xd52cdf1414351d2c37cfe60a62dde69256044ce0,smart_money,P-R,25.0,-0.8,14,0,14,,,-2.4296236967988456,-2.4296236967988447,367.10914682539675,7.428571428571429,20.0,11.985946079602456,-12.451016412744853,0.21428571428571427,0.42857142857142855,"ASTER,FET,HYPE,OP,STBL",仓位真实收益偏反向，可作为反向参考
812112,570,2026-07-14 02:16:59,30,0xd576d1feee6bc976d849ac0918f79d9db7c97906,smart_money,P-N,50.0,1.0,2,0,2,,,-3.93710930271739,-3.93710930271739,368.6613888888889,3.5,5.0,6.3181726398705,-6.862009308163838,0.5,0.0,"BTC,ETH",仓位样本不足，暂不影响权重
812507,570,2026-07-14 02:16:59,30,0xd5ac4fa2cd568dd7573e081d405da541ff82cbec,smart_money,P-G,45.671233727373746,0.65,12,11,1,0.9090909090909091,0.48908250992212954,2.6748971193415616,0.6712337273737489,43.888865740740734,27.5,40.0,2.0024472622635896,-2.2081002180857308,0.0,1.0,"BTC,PUMP,HYPE",高杠杆/短线赌徒型，长期单降权
812868,570,2026-07-14 02:16:59,30,0xd5c7757d91cbd59543c8ef64738d806e57d2212b,money_printer,P-N,50.0,1.0,2,2,0,0.0,-0.8886051532696048,,-0.8886051532696048,3.5765277777777778,11.5,20.0,0.0,-1.3020378794377754,0.5,0.5,"ETH,HYPE",仓位样本不足，暂不影响权重
812113,570,2026-07-14 02:16:59,30,0xd62d484bda5391d75b414e68f9ddcedb207b7d91,money_printer,P-N,50.0,1.0,1,0,1,,,16.8648245853321,16.8648245853321,368.6613888888889,40.0,40.0,22.642563921730392,0.0,0.0,1.0,BTC,仓位样本不足，暂不影响权重
812513,570,2026-07-14 02:16:59,30,0xd65ac35cd234c8718b876ab304fa56c8995e387f,smart_money,P-G,45.07869570484475,0.65,4,3,1,0.3333333333333333,-0.17475106532132925,0.8390360153429817,0.07869570484474842,86.8325,10.0,10.0,6.477572526099676,-4.520755457125825,0.0,1.0,ZEC,高杠杆/短线赌徒型，长期单降权
812514,570,2026-07-14 02:16:59,30,0xd6608f4027ee90db6dc45d0b4b8e2fb0a49c1f61,smart_money,P-G,45.001841138734896,0.65,362,360,2,0.5194444444444445,0.002144151854503051,-0.052701222794533306,0.0018411387348951215,1.3569183548189072,20.0,20.0,0.1668707566035308,-0.1562461610785565,0.0,1.0,"BTC,ETH",高杠杆/短线赌徒型，长期单降权
812114,570,2026-07-14 02:16:59,30,0xd670ced0fbe4e126f8f066d3d2579fe532f0b2ca,smart_money,P-N,50.0,1.0,1,0,1,,,22.642462603682617,22.642462603682617,368.6613888888889,40.0,40.0,28.01866689449292,0.0,0.0,1.0,BTC,仓位样本不足，暂不影响权重
812470,570,2026-07-14 02:16:59,30,0xd67ca2c6f8bc84acf4fa4472b82a8740dc0a53ff,money_printer,P-C,33.33970825690159,0.75,16,15,1,0.3333333333333333,0.18371535116944057,0.9656705085304548,0.23258754850450394,23.653958333333335,8.9375,10.0,1.4411301169459088,-0.5597424909038027,0.125,0.875,"BTC,HYPE,ETH,ZEC",仓位收益偏弱，降权参考
812115,570,2026-07-14 02:16:59,30,0xd67f9ed4f542cfa6b70d8a92b40070a2bc080a5e,smart_money,P-N,50.0,1.0,1,0,1,,,11.591434026060973,10.813074796353451,368.6613888888889,10.0,10.0,14.628099520828746,-1.503485582141951,0.0,1.0,HYPE,仓位样本不足，暂不影响权重
812116,570,2026-07-14 02:16:59,30,0xd6c757043e7d59088969b188923c62fa960afe9b,smart_money,P-N,50.0,1.0,1,0,1,,,52.44032205157198,52.44032205157198,368.6613888888889,5.0,5.0,58.4381192145526,0.0,0.0,0.0,ETH,仓位样本不足，暂不影响权重
812117,570,2026-07-14 02:16:59,30,0xd6e1a6f7bb47aca69aaa511210227d40926ff256,money_printer,P-G,46.327906870481094,0.65,10,5,5,0.8,1.1870121248043088,2.115346169904446,1.3279068704810915,184.33069444444445,10.0,20.0,6.161847223940861,-6.447215039014628,0.0,0.8,"ZEC,ADA,TRUMP,DOGE,ETH",高杠杆/短线赌徒型，长期单降权
812118,570,2026-07-14 02:16:59,30,0xd6e56265890b76413d1d527eb9b75e334c0c5b42,money_printer,P-A,100.0,1.15,36,1,35,1.0,66.55967753974771,36.71094248973308,37.73927103802363,350.1061959876544,6.083333333333333,20.0,45.14441714084492,-6.372535330576181,0.3611111111111111,0.3055555555555556,"ADA,AERO,APT,ASTER,ATOM",仓位收益稳定，适合加权参考
812879,570,2026-07-14 02:16:59,30,0xd6ef5649200101eb44ce8949f4cfb167b0c5a07a,money_printer,P-G,44.82856565034039,0.65,8,8,0,0.5,-0.1714343496596109,,-0.1714343496596109,14.835555555555556,15.0,20.0,4.411648490885869,-4.003007269896128,0.0,1.0,"BNB,BTC,DOGE,ETH,NEAR",高杠杆/短线赌徒型，长期单降权
812766,570,2026-07-14 02:16:59,30,0xd70c9e61ba506a8cf1c25b54d14b25abdc048fd4,smart_money,P-N,50.0,1.0,1,1,0,1.0,4.150864238966269,,4.150864238966269,187.08777777777777,3.0,3.0,7.183252223527438,-2.8273660281482966,1.0,0.0,BTC,仓位样本不足，暂不影响权重
812271,570,2026-07-14 02:16:59,30,0xd72cfd2424e26ba32e46b7b2aff95eff34247a71,smart_money,P-G,44.85703106166164,0.65,5,4,1,0.5,-0.16068985433224212,-0.1758948671408459,-0.1429689383383605,73.7322777777778,40.0,40.0,0.6960267414914334,-0.9599097677951363,0.0,1.0,BTC,高杠杆/短线赌徒型，长期单降权
812119,570,2026-07-14 02:16:59,30,0xd733e6e0ffa461902ff3c63556b31fd41233d525,smart_money,P-N,50.0,1.0,1,0,1,,,13.67704175319481,13.67704175319481,368.6613888888889,40.0,40.0,19.676326039408476,0.0,0.0,1.0,BTC,仓位样本不足，暂不影响权重
812120,570,2026-07-14 02:16:59,30,0xd7583e3cf08bbcab66f1242195227bbf9f865fda,smart_money,P-N,50.0,1.0,2,1,1,1.0,42.962573166200784,31.28645957755054,37.124516371875664,298.99277777777775,20.0,20.0,43.482194316145325,0.0,0.0,1.0,"ETH,BTC",仓位样本不足，暂不影响权重
812625,570,2026-07-14 02:16:59,30,0xd759e86ed8ca3b9af4fbd87b295f2feea3b8daf3,smart_money,P-G,45.05078567985571,0.65,46,46,0,0.5869565217391305,0.05078567985570507,,0.05078567985570507,10.88320048309179,22.282608695652176,40.0,0.8050631508263918,-1.035517278993342,0.0,1.0,"BTC,SOL,ETH,HYPE,ENA",高杠杆/短线赌徒型，长期单降权
812678,570,2026-07-14 02:16:59,30,0xd77eb80f38fec10d87a192d07329415173307e93,smart_money,P-N,50.0,1.0,1,1,0,0.0,-25.82442618115193,,-25.82442618115193,305.8286111111111,1.0,1.0,1.1062695000083884,-27.120030120843097,1.0,0.0,JTO,仓位样本不足，暂不影响权重
812347,570,2026-07-14 02:16:59,30,0xd7846935d7e5a49e20b9887e6465cb765f4c2937,smart_money,P-N,50.0,1.0,2,1,1,0.0,-0.8304315969937985,-0.454997082341065,-0.6470880104262876,97.52,3.0,3.0,2.8045141934438442,-0.9634155421726894,1.0,0.0,HYPE,仓位样本不足，暂不影响权重
812121,570,2026-07-14 02:16:59,30,0xd82cb57a8d039760a2073a96aa1a8d9eded94068,smart_money,P-B,76.88371173805716,1.0,181,72,109,0.5138888888888888,1.0417520044930935,0.13747265394210573,0.4502198960390176,215.63876457949672,4.43646408839779,10.0,9.841401800619686,-9.9542300906834,0.5303867403314917,0.09944751381215469,"GOAT,SNX,KAITO,HMSTR,PYTH",仓位表现普通有效
812122,570,2026-07-14 02:16:59,30,0xd831409a48d8b21d59245c12b1540a0820446203,smart_money,P-N,50.0,1.0,1,0,1,,,8.15995468122361,8.15995468122361,368.6613888888889,20.0,20.0,19.741991966216908,0.0,0.0,1.0,ETH,仓位样本不足，暂不影响权重
812123,570,2026-07-14 02:16:59,30,0xd83687a8ad139688f5d0eaa9fc352a10f532c2af,smart_money,P-N,50.0,1.0,1,0,1,,,3.9304902464302494,3.9304902464302494,368.6613888888889,5.0,5.0,10.607141648957597,0.0,0.0,0.0,BTC,仓位样本不足，暂不影响权重
812767,570,2026-07-14 02:16:59,30,0xd8ad0fd8b59b759d9ba4f1293b1f8d8d113b7598,smart_money,P-B,91.41622915436399,1.0,3,3,0,0.6666666666666666,8.489174970250351,,8.489174970250351,5.518888888888888,3.0,3.0,14.49610842726785,-3.221809169764565,1.0,0.0,HMSTR,仓位表现普通有效
812726,570,2026-07-14 02:16:59,30,0xd8d0358919a944d4efa98713795d49b030e43ef9,smart_money,P-N,50.0,1.0,1,1,0,1.0,11.946169284144432,,11.946169284144432,54.219166666666666,3.0,3.0,11.946169284144434,-1.2955850714890083,1.0,0.0,LIT,仓位样本不足，暂不影响权重
812124,570,2026-07-14 02:16:59,30,0xd8d324f57cfec258ffdbbc82cc6c073e5b14abea,smart_money,P-N,50.0,1.0,1,0,1,,,-5.024497694647596,-5.024497694647595,368.6613888888889,6.0,6.0,0.0,-11.625117623898436,0.0,0.0,BTC,仓位样本不足，暂不影响权重
812666,570,2026-07-14 02:16:59,30,0xd908620dd5320d9bf0e34c614f7cf9c933dcf680,smart_money,P-G,43.844608457308226,0.65,7,7,0,0.2857142857142857,-1.155391542691771,,-1.155391542691771,38.217261904761905,18.571428571428573,30.0,1.1100805564318614,-2.0252141352838477,0.0,0.8571428571428571,BTC,高杠杆/短线赌徒型，长期单降权
812288,570,2026-07-14 02:16:59,30,0xd911e53d53b663972254e086450fd6198a25961e,money_printer,P-G,44.850494456534825,0.65,13,12,1,0.4166666666666667,-0.15857071542575105,-0.7263525916554118,-0.1495055434651717,28.35856837606838,25.0,25.0,0.5492105997755985,-0.8265637325536601,0.0,1.0,ETH,高杠杆/短线赌徒型，长期单降权
812366,570,2026-07-14 02:16:59,30,0xd91f2df982c453b23a37d16a2e5bd8964fda7ad6,smart_money,P-G,44.80166914655214,0.65,4,3,1,1.0,2.7470609669215595,-9.03450631455612,-0.19833085344785983,83.49381944444444,10.0,10.0,2.0894976760664443,-6.713101208896719,0.0,1.0,"HYPE,SUI,NEAR",高杠杆/短线赌徒型，长期单降权
812400,570,2026-07-14 02:16:59,30,0xd92027fc1bf15ea8e1c9c0a1aa4a9f58b5433f20,smart_money,P-G,44.70959028186954,0.65,9,8,1,0.25,-0.4313152840037251,0.9521680609920218,-0.2904097181304608,46.49654320987654,30.0,40.0,1.3196425641280956,-1.580719434853678,0.0,1.0,"BTC,ETH,AAVE,NEAR",高杠杆/短线赌徒型，长期单降权
812752,570,2026-07-14 02:16:59,30,0xd9271f589a561f18dba9e9b544c3f314538ee204,smart_money,P-B,88.02059991327963,1.0,4,4,0,0.5,13.185181133130065,,13.185181133130065,50.581875000000004,3.0,3.0,16.435549135345333,-1.113214650874563,1.0,0.0,"SOL,BTC,ETH,VVV",仓位表现普通有效
812823,570,2026-07-14 02:16:59,30,0xd93db9fc95c19c1eaab854281890e9e77b18ae3f,smart_money,P-G,39.24700368138352,0.65,3,3,0,0.3333333333333333,-5.752996318616485,,-5.752996318616485,95.69,20.0,20.0,2.541225385401903,-8.169200969179384,0.0,1.0,"BTC,ETH,SOL",高杠杆/短线赌徒型，长期单降权
812125,570,2026-07-14 02:16:59,30,0xd96ea3bcce83d4e1ef8abd1776eecd0cea1bb09e,money_printer,P-N,50.0,1.0,1,0,1,,,51.74516489460005,51.74516489460005,368.6613888888889,10.0,10.0,54.236683220272596,0.0,0.0,1.0,BNB,仓位样本不足，暂不影响权重
812126,570,2026-07-14 02:16:59,30,0xd9aecd4df04f0e8bd6320fd3fcb92d9c06dadf94,smart_money,P-C,72.36348505125045,0.75,130,76,54,0.4868421052631579,0.452529225972137,-3.0192087093128155,-1.1654234662776097,152.14366666666672,4.346153846153846,10.0,4.36566953663425,-8.286891703470115,0.5,0.06923076923076923,"MEME,ZK,APE,NOT,BOME",仓位收益偏弱，降权参考
812305,570,2026-07-14 02:16:59,30,0xd9c1ef5e179d706c4296b3abccbba362eb24158b,smart_money,P-G,45.62292564529211,0.65,25,18,7,0.4444444444444444,-0.38691181201877656,3.3039666108608583,0.622925645292112,100.8824,15.56,40.0,5.223174360122032,-5.663448485728821,0.32,0.6,"ETH,BLUR,BTC,XMR,CHIP",高杠杆/短线赌徒型，长期单降权
812127,570,2026-07-14 02:16:59,30,0xd9f7e56fb5e1824b6bc43d93dcd30586b990e95e,smart_money,P-N,50.0,1.0,2,1,1,1.0,17.42814898468889,-50.50323928246973,-16.53754514889042,192.99819444444444,10.0,10.0,10.04313427230369,-36.397755750709976,0.0,1.0,"HYPE,ZEC",仓位样本不足，暂不影响权重
812811,570,2026-07-14 02:16:59,30,0xda0950da3882ef1ae1e41e99ebe31e6b3324c17f,smart_money,P-N,50.0,1.0,1,1,0,0.0,-23.94183632096915,,-23.94183632096915,114.3386111111111,3.0,3.0,0.0,-28.57379808578344,1.0,0.0,BTC,仓位样本不足，暂不影响权重
812257,570,2026-07-14 02:16:59,30,0xda744273f80b22412417f7cfe0503f3d721f987d,smart_money,P-G,54.41658366002271,0.65,4,1,3,1.0,9.769423441975755,9.298970399371692,9.416583660022706,150.8148611111111,10.75,20.0,16.676799487439645,-3.776624089290889,0.25,0.75,"HYPE,BTC,CASHCAT",高杠杆/短线赌徒型，长期单降权
812128,570,2026-07-14 02:16:59,30,0xdad130ad870dc81139b2a7b1416ab8d68144f76f,smart_money,P-N,50.0,1.0,2,0,2,,,33.59612920159166,33.59612920159166,197.82666666666668,3.0,3.0,44.389447896057504,-1.403809861176433,1.0,0.0,"MEGA,CASHCAT",仓位样本不足，暂不影响权重
812129,570,2026-07-14 02:16:59,30,0xdb09bf299d9ea9af66f4756bfc7f5ee3c8528976,smart_money,P-G,53.32026320139392,0.65,9,2,7,0.5,2.3673560796890256,8.59926093065476,8.32026320139392,293.1258641975308,12.222222222222221,30.0,22.199999897865382,-6.172573520921447,0.0,1.0,"WLD,ADA,AVAX,DOT,HYPE",高杠杆/短线赌徒型，长期单降权
812315,570,2026-07-14 02:16:59,30,0xdb36e1fa10690f5dcd1a74c2957efc65cf834a1a,smart_money,P-N,50.0,1.0,2,0,2,,,0.33375475545331845,0.33375475545331934,221.8275,5.0,5.0,16.561386507194246,-6.805986120911509,0.0,0.0,"LIT,GRAM",仓位样本不足，暂不影响权重
812130,570,2026-07-14 02:16:59,30,0xdb6f5c58bb13d8aa101b0a5d1a70f737b5d1cd1c,smart_money,P-G,49.55280048980624,0.65,3,1,2,1.0,10.764782511994401,1.4454431971792023,4.552800489806239,245.77425925925925,20.0,20.0,7.130722707288611,-3.7626892369929457,0.0,1.0,"ETH,BTC",高杠杆/短线赌徒型，长期单降权
812444,570,2026-07-14 02:16:59,30,0xdbbdee771e62ab57894e8b8bdefbe094d3135ddd,smart_money,P-N,50.0,1.0,2,1,1,0.0,-12.340354605496188,-1.3180829695048148,-6.829218787500501,16.495555555555555,14.0,25.0,2.214655633405968,-7.581776654220285,0.5,0.5,"ETH,CASHCAT",仓位样本不足，暂不影响权重
812262,570,2026-07-14 02:16:59,30,0xdbcc96bcada067864902aad14e029fe7c422f147,money_printer,P-R,25.0,-0.8,37,2,35,0.0,-9.80921489366396,-0.8243110237909695,-1.3099815032435638,225.78686936936936,9.18918918918919,40.0,11.259840025462088,-8.034998799758224,0.13513513513513514,0.5405405405405406,"ZEC,AAVE,BTC,ETH,JTO",仓位真实收益偏反向，可作为反向参考
812131,570,2026-07-14 02:16:59,30,0xdbd1bac81ad581c7198c9d155ca468f32a0c29dd,money_printer,P-C,46.020599913279625,0.75,4,0,4,,,26.881048467474468,26.869853408370453,368.6613888888889,6.0,10.0,38.76199369400211,-0.055837976001856915,0.25,0.25,"BCH,ETH,LTC,ZEC",仓位收益偏弱，降权参考
812501,570,2026-07-14 02:16:59,30,0xdc5289909be4f3ce2604806bdd1448fd307f19f5,smart_money,P-C,35.31196569535399,0.75,6,5,1,0.4,-2.753114243959132,-0.6430692056516586,-2.4014400709078867,67.78152777777778,9.833333333333334,12.0,3.132712398086491,-4.199000898403149,0.16666666666666666,0.8333333333333334,"SOL,BTC,ZEC,CASHCAT,ENA",仓位收益偏弱，降权参考
812132,570,2026-07-14 02:16:59,30,0xdc7be236c4b1ee77d16758451a198275ec9839b6,smart_money,P-N,50.0,1.0,1,0,1,,,-34.04780701754386,-34.04780701754386,368.6613888888889,10.0,10.0,0.0,-38.15219298245614,0.0,1.0,SOL,仓位样本不足，暂不影响权重
812502,570,2026-07-14 02:16:59,30,0xdc931389c5ba42f4ef6202a2b678564e1d3c1350,smart_money,P-N,50.0,1.0,2,1,1,1.0,8.728508614568423,-0.7112079735247465,4.008650320521838,45.18361111111111,15.0,15.0,6.4966091781152535,-0.40396354978536175,0.0,1.0,BTC,仓位样本不足，暂不影响权重
812133,570,2026-07-14 02:16:59,30,0xdca131ba8f428bd2f90ae962e4cb2d226312505e,money_printer,P-N,50.0,1.0,2,0,2,,,-14.955741216031573,-14.955741216031573,368.6613888888889,6.0,11.0,22.71853982043403,-48.321009429482395,0.5,0.5,"BTC,HYPE",仓位样本不足，暂不影响权重
812718,570,2026-07-14 02:16:59,30,0xdca48e2b01f734fef27fcae98e5bfbd9f91043ff,smart_money,P-G,45.46963631206902,0.65,6,6,0,0.16666666666666666,0.46963631206902373,,0.46963631206902373,28.753611111111113,20.0,20.0,2.9638206002267977,-2.2034895696518113,0.0,1.0,"ETH,BTC,SOL",高杠杆/短线赌徒型，长期单降权
812440,570,2026-07-14 02:16:59,30,0xdd08886cb92c689c7d89c88f048028293296ead1,smart_money,P-G,45.019227500316596,0.65,10,9,1,0.5555555555555556,0.04560543687793693,-0.6252385715183006,0.019227500316593815,35.36969444444445,37.0,40.0,1.1320287442334531,-0.629654702900849,0.0,1.0,BTC,高杠杆/短线赌徒型，长期单降权
812633,570,2026-07-14 02:16:59,30,0xdd0c5de50d72e5eaa96816e920e41ce89c4b8888,money_printer,P-G,44.66721075453847,0.65,9,9,0,0.2222222222222222,-0.3327892454615283,,-0.3327892454615283,14.327901234567902,18.11111111111111,20.0,0.9777906293358917,-1.5012197855319125,0.1111111111111111,0.8888888888888888,"BTC,HYPE",高杠杆/短线赌徒型，长期单降权
812272,570,2026-07-14 02:16:59,30,0xdd7a372377fc633f74ab6e20963803d52f448830,money_printer,P-G,44.36235935476418,0.65,12,9,3,0.5555555555555556,-0.949659304026022,0.26161100302608303,-0.6376406452358226,92.5929861111111,15.833333333333334,40.0,3.519263308870967,-3.6284900481433664,0.0,0.9166666666666666,"ZEC,BTC,HYPE,LINK,AAVE",高杠杆/短线赌徒型，长期单降权
812134,570,2026-07-14 02:16:59,30,0xdd84ce1adcb3a4908db61a1dfa3353c3974c5a2b,smart_money,P-N,50.0,1.0,2,1,1,0.0,-10.561073949917352,-4.87138771015738,-7.181991802665765,266.6455555555556,10.0,10.0,3.228710406472715,-10.089121603532686,0.0,1.0,"BTC,HYPE",仓位样本不足，暂不影响权重
812135,570,2026-07-14 02:16:59,30,0xdd9f274410c8c704bdbb599dce6c4fb34be4f50a,money_printer,P-N,50.0,1.0,1,0,1,,,0.24827564184442458,0.24827564184442458,368.6613888888889,40.0,40.0,9.329043185855616,-2.9801060160940094,0.0,1.0,BTC,仓位样本不足，暂不影响权重
812136,570,2026-07-14 02:16:59,30,0xdde01147aac2152dd0776bc3ed84cc96474df52d,smart_money,P-N,50.0,1.0,1,0,1,,,-0.307328492031956,-0.307328492031956,368.6613888888889,5.0,5.0,2.9191419694873577,-7.235782865878078,0.0,0.0,BTC,仓位样本不足，暂不影响权重
812832,570,2026-07-14 02:16:59,30,0xde1e6c1bec4d1754eb5487421f9e79a77b4fe871,smart_money,P-G,44.94811566892803,0.65,3,3,0,0.3333333333333333,-0.05188433107196596,,-0.05188433107196596,67.40833333333333,23.333333333333332,40.0,3.4612794333721,-4.1856438548074015,0.0,1.0,"BTC,HYPE,SOL",高杠杆/短线赌徒型，长期单降权
812137,570,2026-07-14 02:16:59,30,0xde22e70994ffd3748b78c82af635d8c584044903,smart_money,P-G,45.30671966803717,0.65,31,24,7,0.375,-0.04172854427551181,1.4899644150428215,0.30671966803716966,73.37051075268816,12.483870967741936,40.0,1.8739479388156925,-2.2927027363222647,0.12903225806451613,0.6129032258064516,"XRP,SEI,TRX,ETH,HMSTR",高杠杆/短线赌徒型，长期单降权
812138,570,2026-07-14 02:16:59,30,0xde6b2a06407575b98724818445178c1f5fd53361,smart_money,P-N,50.0,1.0,1,0,1,,,2.5108210177792243,1.8145883959120535,368.6613888888889,25.0,25.0,6.621679400665522,-0.6477072057426546,0.0,1.0,ETH,仓位样本不足，暂不影响权重
812139,570,2026-07-14 02:16:59,30,0xde87db9becc56de225a24b9fcb135b21e5b09c1b,smart_money,P-B,68.17367447345113,1.0,3,2,1,0.5,18.458486772423775,-24.813280655465782,4.034564296460591,292.1339814814815,6.666666666666667,10.0,15.873731123784927,-15.95975138719001,0.0,0.3333333333333333,"COMP,AAVE,MORPHO",仓位表现普通有效
812140,570,2026-07-14 02:16:59,30,0xde8a6d588f8067e761bac811a102e0146c721e41,smart_money,P-C,13.771212547196626,0.75,3,0,3,,,-42.04030358203209,-42.04030358203209,368.6613888888889,3.6666666666666665,5.0,1.5831218406324385,-47.63546618364327,0.6666666666666666,0.0,"HYPE,MOODENG,TURBO",仓位收益偏弱，降权参考
812246,570,2026-07-14 02:16:59,30,0xdee7297778b8755343e96e0b99eecf549195b856,smart_money,P-G,43.76558265934438,0.65,12,9,3,0.4444444444444444,-1.714205141971054,-0.24909076434932945,-1.2344173406556176,74.90835648148148,15.666666666666666,40.0,4.19946712333721,-2.613051732935064,0.08333333333333333,0.8333333333333334,"ZEC,HYPE,BTC,SOL,LIT",高杠杆/短线赌徒型，长期单降权
812141,570,2026-07-14 02:16:59,30,0xdf52df044f1b150dfa79590909cdac6ad83d59fc,smart_money,P-B,71.27750610333074,1.0,130,72,58,0.5138888888888888,0.2521205561677957,4.765962925509007,2.1141804020927233,151.2986474358976,7.7,20.0,7.324241192075213,-5.094502056172153,0.13076923076923078,0.5461538461538461,"TRUMP,ADA,AVAX,FARTCOIN,WLD",仓位表现普通有效
812142,570,2026-07-14 02:16:59,30,0xdf81987465681d0515058fe0a47a3bd174012730,smart_money,P-N,50.0,1.0,1,0,1,,,61.7068709720467,61.7068709720467,368.6613888888889,1.0,1.0,65.1443194574185,0.0,1.0,0.0,MEGA,仓位样本不足，暂不影响权重
812864,570,2026-07-14 02:16:59,30,0xdf86c7c9069e9bd5bac9d97e21f9aa10f728fb86,smart_money,P-N,50.0,1.0,1,1,0,1.0,3.459153990877596,,3.459153990877596,27.285833333333333,20.0,20.0,5.412347873174993,-0.5099398374575517,0.0,1.0,SOL,仓位样本不足，暂不影响权重
812143,570,2026-07-14 02:16:59,30,0xdfaf7cd4ab0fc1d7f5ccf3216769f26bcd041a61,smart_money,P-G,44.36876002397301,0.65,9,4,5,0.75,4.381612307740034,-4.641521803040605,-0.6312399760269878,264.24876543209876,12.333333333333334,40.0,23.023838662812295,-10.772832312639366,0.2222222222222222,0.5555555555555556,"DYDX,ETH,SOL,SUI,ZEC",高杠杆/短线赌徒型，长期单降权
812549,570,2026-07-14 02:16:59,30,0xdfd50d93227ad4f896e1ed00c75aa422950a4a51,smart_money,P-G,45.0244789725327,0.65,376,373,3,0.5683646112600537,0.029037033285053467,-0.4986252811713246,0.02447897253269478,2.8621239657210387,20.0,20.0,0.3473205599107104,-0.3133711328639776,0.0,1.0,"BTC,SOL,ETH",高杠杆/短线赌徒型，长期单降权
812144,570,2026-07-14 02:16:59,30,0xdfe5195e7cc1a2eca9b0df09d4646472a8c4a402,money_printer,P-N,50.0,1.0,1,0,1,,,1.2947105662285137,1.375170026285279,368.6613888888889,20.0,20.0,9.089985034551892,-2.127629253833433,0.0,1.0,BTC,仓位样本不足，暂不影响权重
812145,570,2026-07-14 02:16:59,30,0xdfee2d4f729723aed67eed4bfb7a998dbb4294c0,smart_money,P-N,50.0,1.0,2,0,2,,,8.190490092426185,8.190490092426185,368.6613888888889,15.0,20.0,24.393574646676093,-4.376409877010249,0.0,1.0,"BTC,ZEC",仓位样本不足，暂不影响权重
812317,570,2026-07-14 02:16:59,30,0xe02e420ec55b4e03924d77c7b342c012541ba2d3,money_printer,P-C,55.08662793336421,0.75,16,11,5,0.45454545454545453,-0.24722812559552035,-3.464311186166843,-1.13637685568843,64.96335069444444,7.375,20.0,3.6576959646241285,-3.9958042527079516,0.0625,0.375,"TAO,SUI,ENA,MET,XPL",仓位收益偏弱，降权参考
812146,570,2026-07-14 02:16:59,30,0xe06142615991dee64ca813085779fadcc70431eb,smart_money,P-B,86.7775632152186,1.0,11,2,9,0.5,-4.9344772548770965,19.752290037765537,15.157811694111244,277.90391414141413,4.818181818181818,10.0,24.934786155888514,-12.978875072274475,0.5454545454545454,0.18181818181818182,"MON,ASTER,GRASS,HEMI,HYPE",仓位表现普通有效
812147,570,2026-07-14 02:16:59,30,0xe06532a98a541b48f6330d2dd88e2b4b96010d6b,smart_money,P-R,25.0,-0.8,6,0,6,,,-10.913491433675546,-10.913491433675546,368.6613888888889,9.5,20.0,9.390595578932023,-23.789314265977726,0.16666666666666666,0.3333333333333333,"BTC,FARTCOIN,HYPE,LIT,PURR",仓位真实收益偏反向，可作为反向参考
812148,570,2026-07-14 02:16:59,30,0xe0665019fcf5ffa4a5aea5cf65f84016fcbe78da,money_printer,P-N,50.0,1.0,1,0,1,,,8.905585438402298,8.905585438402298,368.6613888888889,10.0,10.0,9.130729075713216,-4.58715728736554,0.0,1.0,HYPE,仓位样本不足，暂不影响权重
812149,570,2026-07-14 02:16:59,30,0xe091330c53b971ed4e886f902f18e8544a8d6705,money_printer,P-N,50.0,1.0,2,0,2,,,-6.805948236118919,-6.805948236118919,242.82597222222222,12.5,20.0,0.0,-16.242758909064012,0.0,0.5,"HYPE,ETH",仓位样本不足，暂不影响权重
812313,570,2026-07-14 02:16:59,30,0xe0ffc829349c88c159462942ad885f12130e7610,money_printer,P-N,50.0,1.0,2,1,1,0.0,-27.895980203542575,1.2820953353361206,-13.306942434103227,183.58972222222224,3.0,3.0,3.610154332774308,-25.888954528523364,1.0,0.0,LIT,仓位样本不足，暂不影响权重
812150,570,2026-07-14 02:16:59,30,0xe10e446e1d3b483635681b77da44b02c57d6905c,smart_money,P-N,50.0,1.0,1,0,1,,,29.552665940504298,29.552665940504298,368.6613888888889,7.0,7.0,34.44862401252065,0.0,0.0,0.0,BTC,仓位样本不足，暂不影响权重
812151,570,2026-07-14 02:16:59,30,0xe113311f35a53b196c0ab3ed31ad0bf937cc5c07,money_printer,P-C,22.872777011942745,0.75,5,1,4,0.0,-0.11148272017837775,5.579793785408695,4.4415384842912795,295.1291111111111,11.8,40.0,15.775710516452396,-15.520066236283066,0.6,0.4,"BTC,HYPE,PUMP,PURR,IP",仓位收益偏弱，降权参考
812661,570,2026-07-14 02:16:59,30,0xe117d3d94b30f7e7aa4f29704d0d2f43c009b9a8,smart_money,P-C,42.71374320669227,0.75,17,17,0,0.4117647058823529,-0.8247847682511119,,-0.8247847682511119,14.487271241830065,7.235294117647059,10.0,3.2384656807328196,-3.542232955955736,0.35294117647058826,0.5882352941176471,"ZEC,PUMP,CASHCAT,MET,VVV",仓位收益偏弱，降权参考
812152,570,2026-07-14 02:16:59,30,0xe15ec2db7dcb1fced329e9b38865ce546e688764,smart_money,P-G,45.73847352376929,0.65,29,24,5,0.375,1.171883356206553,-1.2313759357274008,0.7384735237692859,67.07203065134102,27.17241379310345,40.0,3.5313182750225973,-4.347919674476249,0.034482758620689655,0.7586206896551724,"BTC,HBAR,AAVE,ETH,XMR",高杠杆/短线赌徒型，长期单降权
812153,570,2026-07-14 02:16:59,30,0xe170ed9d77792397271d564c7161351d69fe9300,money_printer,P-G,38.04596259381806,0.65,3,0,3,,,-6.9540374061819366,-6.9540374061819366,368.6613888888889,18.333333333333332,25.0,16.898417510630374,-25.221720173626935,0.0,1.0,"ETH,HYPE,SOL",高杠杆/短线赌徒型，长期单降权
812154,570,2026-07-14 02:16:59,30,0xe17cf192fee50447687af1f689782d4abba8cbb1,smart_money,P-A,100.0,1.15,8,3,5,1.0,3.926948528327133,-2.2721230434168644,1.1252971348207088,236.6521527777778,6.25,10.0,8.51939642521428,-10.306653265782504,0.375,0.375,"VVV,ADA,HYPE,NEAR,WLD",仓位收益稳定，适合加权参考
812332,570,2026-07-14 02:16:59,30,0xe1b4e4d6320c65748a1900cf0329cb7221959d8a,smart_money,P-C,46.75203946198668,0.75,4,3,1,0.3333333333333333,-1.800733422555081,8.1984126984127,0.699053107686864,68.47597222222223,6.25,10.0,4.703241809497871,-2.61242795075964,0.0,0.25,"SOL,NEAR,BTC",仓位收益偏弱，降权参考
812155,570,2026-07-14 02:16:59,30,0xe1c08667421e480e63edda9b37b8405aa51ed19b,smart_money,P-A,88.64686870586726,1.15,83,20,63,0.55,1.6789494071384055,4.983893360473966,4.073434352933634,310.85958500669364,4.325301204819277,5.0,17.308525957863743,-14.836864405906105,0.3373493975903614,0.0,"DOGE,STABLE,2Z,AAVE,AERO",仓位收益稳定，适合加权参考
812156,570,2026-07-14 02:16:59,30,0xe24166173f1e956845a0660c8b26db334dced71a,money_printer,P-N,50.0,1.0,1,0,1,,,-45.90128313889383,-45.90128313889383,368.6613888888889,10.0,10.0,0.0,-67.51192179579346,0.0,1.0,HYPE,仓位样本不足，暂不影响权重
812602,570,2026-07-14 02:16:59,30,0xe2990ce029db870c805e90a1a8a1d8a1c52255d6,money_printer,P-G,44.98121527242535,0.65,69,69,0,0.5797101449275363,-0.018784727574648784,,-0.018784727574648784,1.200128824476651,14.420289855072463,40.0,0.7672482288517259,-0.612584714018859,0.0,0.855072463768116,"FARTCOIN,LIT,BTC,XPL,ZEC",高杠杆/短线赌徒型，长期单降权
812541,570,2026-07-14 02:16:59,30,0xe29d84a6f37858d7f8017be454ee35726511e525,smart_money,P-G,45.003329874963434,0.65,227,226,1,0.504424778761062,0.0026323376564828826,-0.004962111874811591,0.0033298749634328665,1.6240589818893787,10.0,10.0,0.17557320660062478,-0.16902381564803423,0.0,1.0,BTC,高杠杆/短线赌徒型，长期单降权
812157,570,2026-07-14 02:16:59,30,0xe2f86feccb1207710a442bc4e27a0701a290275a,money_printer,P-N,50.0,1.0,1,0,1,,,58.47372517512365,58.47372517512365,368.6613888888889,10.0,10.0,81.94657159356248,0.0,0.0,1.0,HYPE,仓位样本不足，暂不影响权重
812772,570,2026-07-14 02:16:59,30,0xe31501c472d557bfa145ce105d325fb2dd4cb867,smart_money,P-G,44.83977765790236,0.65,4,4,0,0.5,-0.16022234209763675,,-0.16022234209763675,24.423402777777778,25.0,40.0,1.3017889496208639,-1.59431823005738,0.0,1.0,"ETH,HYPE,BTC",高杠杆/短线赌徒型，长期单降权
812417,570,2026-07-14 02:16:59,30,0xe34d21d1980082c6dd1c2d7be6315187dfe4a718,smart_money,P-B,65.28281553621323,1.0,607,597,10,0.5745393634840871,0.2327314360384331,-0.7362574244515602,0.21786777268745902,5.729470986637381,5.443163097199341,10.0,1.2874618001563243,-1.215486066237096,0.4497528830313015,0.2685337726523888,"VVV,GRASS,LIT,PUMP,XPL",仓位表现普通有效
812711,570,2026-07-14 02:16:59,30,0xe383e214bd4b32a9ef9cf688ee98976b57f6c9c6,smart_money,P-G,42.472205145288925,0.65,6,6,0,0.3333333333333333,-2.5277948547110767,,-2.5277948547110767,42.24111111111112,13.333333333333334,20.0,1.4106141494690023,-3.152207663508676,0.0,1.0,"HYPE,BTC,ETH",高杠杆/短线赌徒型，长期单降权
812542,570,2026-07-14 02:16:59,30,0xe3b3482482899b4890ec5a2093cba2a558d0c14f,smart_money,P-G,45.00606504963648,0.65,256,255,1,0.5372549019607843,0.006562165823100251,-0.12069957795114465,0.0060650496364821095,1.4400835503472225,14.28515625,30.0,0.1580066467600834,-0.13647144552312673,0.07421875,0.55078125,BTC,高杠杆/短线赌徒型，长期单降权
812387,570,2026-07-14 02:16:59,30,0xe3ea6e994993698a721f92491d1b0b4ce67ad5ff,smart_money,P-B,100.0,1.0,4,2,2,1.0,9.06863318385824,-1.908634780204084,3.5799992018270785,138.22180555555553,3.75,5.0,9.64083945436311,-3.3454638298801482,0.5,0.0,"BTC,LIT,HYPE,SOL",仓位表现普通有效
812158,570,2026-07-14 02:16:59,30,0xe41aa443bad860e6b584060cc365b58dc34caf92,smart_money,P-N,50.0,1.0,2,1,1,0.0,-63.20058997050146,62.09285891882696,-0.5538655258372494,368.6613888888889,5.0,5.0,31.813928837824047,-33.136676499508354,0.0,0.0,"PUMP,WLFI",仓位样本不足，暂不影响权重
812159,570,2026-07-14 02:16:59,30,0xe4c4f035775c4fa6fcd7561be4e35f29907b3df7,smart_money,P-N,50.0,1.0,1,0,1,,,6.939318924704878,6.939318924704879,368.6613888888889,10.0,10.0,10.98283202254986,-6.879489108151563,0.0,1.0,HYPE,仓位样本不足，暂不影响权重
812453,570,2026-07-14 02:16:59,30,0xe5250bf1ee0d01c54866702b3e4a12a57939693d,smart_money,P-G,45.70945106542815,0.65,18,17,1,0.8823529411764706,0.9563912522234366,-3.4885321100917555,0.7094510654281481,12.967453703703704,12.277777777777779,40.0,1.233219916478183,-1.6134907458096326,0.1111111111111111,0.8333333333333334,"HYPE,VVV,BTC,XMR",高杠杆/短线赌徒型，长期单降权
812273,570,2026-07-14 02:16:59,30,0xe52ec3a0f90c66510ff7892354b1a1337afaac63,smart_money,P-G,44.91411105428556,0.65,63,60,3,0.45,-0.08736177070252557,-0.1522191437780425,-0.08588894571443811,17.55530423280424,21.904761904761905,40.0,0.592276384566732,-0.7767799713671442,0.0,1.0,"ETH,ONDO,BTC",高杠杆/短线赌徒型，长期单降权
812160,570,2026-07-14 02:16:59,30,0xe5aaacff3f4f94d5009da0503144027e75a96232,smart_money,P-C,59.771212547196626,0.75,30,0,30,,,17.947053552664745,17.947053552664745,368.66138888888895,3.8333333333333335,8.0,31.27427885247487,-10.376489252725348,0.8,0.0,"AAVE,ADA,AERO,ALGO,BCH",仓位收益偏弱，降权参考
812515,570,2026-07-14 02:16:59,30,0xe67dbf2d051106b42104c1a6631af5e5a458b682,smart_money,P-R,25.0,-0.8,9,8,1,0.375,-0.044753420211293804,-0.7052015667563952,-0.11813654760519393,36.09697530864198,10.666666666666666,25.0,1.2025243807564072,-0.9960150136040767,0.0,0.3333333333333333,"BTC,ETH,BNB",仓位真实收益偏反向，可作为反向参考
812161,570,2026-07-14 02:16:59,30,0xe67f141977da22e5c34d15c19b35f180a1532715,smart_money,P-B,91.46737743339332,1.0,20,17,3,0.9411764705882353,1.3597428557223878,-5.817907575573315,0.287362267788525,64.29233333333333,6.15,12.0,3.4151959551683553,-4.984062391273578,0.5,0.45,"HYPE,SOL,BTC,ETH,ZEC",仓位表现普通有效
812162,570,2026-07-14 02:16:59,30,0xe690ebdb7616526bb5ad2a6544221fb0bb69d0f5,smart_money,P-N,50.0,1.0,1,0,1,,,13.374226834141457,13.374226834141457,368.6613888888889,20.0,20.0,19.39455619135829,0.0,0.0,1.0,BTC,仓位样本不足，暂不影响权重
812846,570,2026-07-14 02:16:59,30,0xe69883a960b5784b32fe75a6dab33b4764d5085d,smart_money,P-N,50.0,1.0,2,2,0,0.0,-0.7638078648116934,,-0.7638078648116934,16.027916666666666,5.0,5.0,1.9624643986511412,-2.213024700562218,0.0,0.0,"HYPE,LIT",仓位样本不足，暂不影响权重
812163,570,2026-07-14 02:16:59,30,0xe70786609d684ad71e5156cdc40279e79413ed88,smart_money,P-N,50.0,1.0,2,0,2,,,44.119945782406205,44.119945782406205,368.6613888888889,20.0,20.0,47.84305087194207,0.0,0.0,1.0,"BTC,SOL",仓位样本不足，暂不影响权重
812164,570,2026-07-14 02:16:59,30,0xe71cbf47fff309813bcea54f3ecf49a5f129264d,smart_money,P-N,50.0,1.0,2,1,1,1.0,5.508255041885142,68.1019544762017,36.80510475904342,325.66763888888886,3.0,3.0,43.0256721192881,-0.47952677032729685,1.0,0.0,"MEGA,HYPE",仓位样本不足，暂不影响权重
812165,570,2026-07-14 02:16:59,30,0xe72bbf79a59599b7a91b92b66ce2237af0d983db,smart_money,P-N,50.0,1.0,2,0,2,,,4.530790264168445,5.12776598513865,368.6613888888889,12.5,15.0,14.70665730116515,-2.8659763056560523,0.0,1.0,"BTC,ETH",仓位样本不足，暂不影响权重
812628,570,2026-07-14 02:16:59,30,0xe799f6e2414c60340ebd1e1613f7a9b1857d2af3,smart_money,P-R,25.0,-0.8,16,16,0,0.25,-3.7245702663469102,,-3.7245702663469102,34.65088541666667,9.4375,14.0,0.9798542081161796,-4.734734421274875,0.125,0.875,"HYPE,BTC,LIT,ETH",仓位真实收益偏反向，可作为反向参考
812166,570,2026-07-14 02:16:59,30,0xe7af83354027311c07acf509653f3863096450c8,smart_money,P-C,67.39794389575756,0.75,19,8,11,0.25,-9.808181081056453,8.683276716547375,1.0552039431146358,219.0282456140351,3.0,3.0,10.040874871363656,-12.352318822914878,1.0,0.0,"STABLE,VVV,XMR,CHIP,MEGA",仓位收益偏弱，降权参考
812167,570,2026-07-14 02:16:59,30,0xe7e25d4f0f0076b08459e343529c446fef04f958,money_printer,P-G,65.0,0.65,4,0,4,,,39.82006125014283,39.82006125014282,368.6613888888889,10.75,20.0,42.57039371988883,-3.283576147774392,0.25,0.75,"BTC,DOGE,HYPE,LTC",高杠杆/短线赌徒型，长期单降权
812168,570,2026-07-14 02:16:59,30,0xe82bc65677e46b6626a8e779ac263221db039c2d,money_printer,P-N,50.0,1.0,2,0,2,,,43.490591809898504,43.490591809898504,368.6613888888889,17.5,20.0,48.932326467384684,0.0,0.0,1.0,"BTC,ETH",仓位样本不足，暂不影响权重
812844,570,2026-07-14 02:16:59,30,0xe83054865a23ca7b74e4a13a5e7bbc2010291820,smart_money,P-N,50.0,1.0,1,1,0,1.0,11.11454438710874,,11.11454438710874,51.221666666666664,1.0,1.0,11.11454438710874,-5.880171801130926,1.0,0.0,VVV,仓位样本不足，暂不影响权重
812460,570,2026-07-14 02:16:59,30,0xe86351e0f69bd808def36e7bb2f9107443838bb8,smart_money,P-B,62.18562227777115,1.0,29,27,2,0.5925925925925926,0.8709500198328308,-1.4031968503328232,0.7124942017535074,17.470067049808424,8.96551724137931,20.0,2.37497659046613,-1.8114825635677345,0.1724137931034483,0.5172413793103449,"HYPE,BTC,PAXG,PENGU,CASHCAT",仓位表现普通有效
812284,570,2026-07-14 02:16:59,30,0xe867fbdad3291530e41530301ecb77693850c78e,money_printer,P-N,50.0,1.0,1,0,1,,,3.3269669340350214,-1.1440417939589926,292.9244444444444,6.0,6.0,3.56589835918439,-10.99207084623078,0.0,0.0,HYPE,仓位样本不足，暂不影响权重
812424,570,2026-07-14 02:16:59,30,0xe8681168f59af16c60c805dab7842eb75f127879,smart_money,P-G,45.48430281414126,0.65,33,33,0,0.6666666666666666,0.4843028141412581,,0.4843028141412581,20.585824915824915,16.818181818181817,40.0,1.7078722034252056,-1.4222399667752093,0.0,0.8181818181818182,"SOL,HYPE,ETH,BTC,LIT",高杠杆/短线赌徒型，长期单降权
812169,570,2026-07-14 02:16:59,30,0xe86b057f5eb764c9738d6b0d38170befd0723664,money_printer,P-G,45.358575129490056,0.65,298,247,51,0.6153846153846154,0.3606676901074342,0.801797367648756,0.35857512949005826,62.783985831468996,15.399328859060402,40.0,2.676520032106177,-2.601502453810197,0.0436241610738255,0.5805369127516778,"BTC,FARTCOIN,HYPE,ETH,SOL",高杠杆/短线赌徒型，长期单降权
812309,570,2026-07-14 02:16:59,30,0xe8ef95e07161df78552da11fd95d287dd6d65201,smart_money,P-C,47.37273521542679,0.75,39,32,7,0.375,0.2973660965958531,1.2071257461106915,0.43316247950826575,76.75488603988605,15.846153846153847,40.0,2.9227518743810967,-2.611194710392083,0.02564102564102564,0.48717948717948717,"DASH,BTC,ETH,kBONK,ONDO",仓位收益偏弱，降权参考
812170,570,2026-07-14 02:16:59,30,0xe8fad35e6f85b5c5e4875fff2f595735498c279e,smart_money,P-N,50.0,1.0,1,0,1,,,5.735694685951486,7.458280667104229,368.6613888888889,2.0,2.0,28.023369001623532,0.0,1.0,0.0,HYPE,仓位样本不足，暂不影响权重
812171,570,2026-07-14 02:16:59,30,0xe98bc6b99a2eb1a108623af5843b922389e78cd5,money_printer,P-G,65.0,0.65,4,0,4,,,45.63907970455596,45.63907970455597,368.6613888888889,11.25,20.0,48.2865180078785,-0.3184922557049828,0.0,0.75,"HYPE,JUP,SOL,TIA",高杠杆/短线赌徒型，长期单降权
812503,570,2026-07-14 02:16:59,30,0xe9cef9fd872a03cedf9d3e6e90309782b3724ea6,smart_money,P-B,69.10440927970528,1.0,14,12,2,0.5,0.8864085644605497,0.43249984346685566,0.8215644614614506,42.48718253968253,3.7142857142857144,5.0,2.6583832843429795,-0.4178956190456001,0.6428571428571429,0.0,"BTC,SOL,ETH",仓位表现普通有效
812172,570,2026-07-14 02:16:59,30,0xe9d199fd55a2560e3193f330e017192316ecd2d3,smart_money,P-G,45.383104496982206,0.65,22,18,4,0.7222222222222222,0.16455022621141202,1.2172017407994045,0.3831044969822032,67.02934343434345,10.0,10.0,2.0570543649048725,-1.574227855715398,0.0,1.0,"LTC,XRP,DOT,XPL",高杠杆/短线赌徒型，长期单降权
812173,570,2026-07-14 02:16:59,30,0xea4fc1ae43d644b35e6874c32c49516ccb21df32,smart_money,P-A,81.42392052283776,1.15,448,294,154,0.564625850340136,0.9165452032264116,2.8273420224777137,1.5571983566569776,126.26975508432561,5.042410714285714,40.0,6.455246919948965,-5.328391266886702,0.6205357142857143,0.16071428571428573,"MON,ACE,XPL,CELO,ME",仓位收益稳定，适合加权参考
812174,570,2026-07-14 02:16:59,30,0xea6be4808a584fb1bcc0308403aacea3df94a67a,smart_money,P-B,71.45949809034806,1.0,222,165,57,0.5515151515151515,0.660124590393724,0.013066795744284961,0.5168088322338121,91.40704954954953,7.454954954954955,20.0,4.863542135962803,-5.1181576621409945,0.15765765765765766,0.509009009009009,"ARB,GRASS,VVV,WLD,DASH",仓位表现普通有效
812175,570,2026-07-14 02:16:59,30,0xea745265097151523658be7c2c8ea325f1592ac0,smart_money,P-N,50.0,1.0,1,0,1,,,13.705608621111928,14.03528566645462,368.6613888888889,10.0,10.0,25.05054496084605,0.0,0.0,1.0,LINK,仓位样本不足，暂不影响权重
812686,570,2026-07-14 02:16:59,30,0xeac842b2214cfece3f0d288293da19f408d91ede,money_printer,P-N,50.0,1.0,1,1,0,1.0,0.04211856375697125,,0.04211856375697125,21.000833333333333,10.0,10.0,4.323269665229002,-0.18227562127746672,0.0,1.0,NEAR,仓位样本不足，暂不影响权重
812591,570,2026-07-14 02:16:59,30,0xeaf35054804ab7ed6b8cb070296dd6bb38abb4b1,smart_money,P-G,45.39745655832608,0.65,4,3,1,0.6666666666666666,0.5291417960689401,0.0024008450974743107,0.39745655832607363,92.16534722222222,40.0,40.0,2.42262571010263,-1.1649642604727708,0.0,1.0,BTC,高杠杆/短线赌徒型，长期单降权
812245,570,2026-07-14 02:16:59,30,0xeafbe89e3bc638a540c166c45d2b12850fc6c402,money_printer,P-A,93.65864657311887,1.15,23,10,13,0.6,1.0876178629365136,3.3064597038861314,1.5206841064714722,86.23095410628022,2.8260869565217392,5.0,6.2168958761364825,-4.102735876444937,0.6086956521739131,0.0,"OP,GRAM,CHIP,LIT,PENGU",仓位收益稳定，适合加权参考
812664,570,2026-07-14 02:16:59,30,0xeb0f432beecf10dcc828fc1e36a3386caf634637,smart_money,P-N,50.0,1.0,2,2,0,0.0,-2.3782222645937057,,-2.3782222645937057,16.85611111111111,6.5,10.0,0.2319359420041523,-2.8006678404363985,0.5,0.5,"ETH,VVV",仓位样本不足，暂不影响权重
812176,570,2026-07-14 02:16:59,30,0xeb47e64c3d12add1a175517619ede29fbc4a9f1d,smart_money,P-C,39.44817917050311,0.75,6,0,6,,,11.233336902418673,11.233336902418673,368.6613888888889,9.333333333333334,20.0,41.97193113113032,-31.479377607696193,0.3333333333333333,0.6666666666666666,"ARB,DOGE,ETH,HYPE,LINK",仓位收益偏弱，降权参考
812777,570,2026-07-14 02:16:59,30,0xeb7f0a03ac25675c21b419ec91f7aa2e743e40bd,smart_money,P-A,82.47312433980892,1.15,137,137,0,0.5693430656934306,1.988386987422706,,1.988386987422706,139.62057177615586,5.1678832116788325,20.0,10.012548253143155,-7.070149273535693,0.48175182481751827,0.1678832116788321,"APT,BERA,COMP,OP,SUI",仓位收益稳定，适合加权参考
812448,570,2026-07-14 02:16:59,30,0xeb83e695adcac2e83f290d2d2815fc58e6491d7a,smart_money,P-G,44.804808869529104,0.65,53,51,2,0.4117647058823529,-0.20632953303696822,0.08883813496398046,-0.19519113047089467,14.325256813417191,20.81132075471698,40.0,0.8569328197451196,-1.0597421075730673,0.018867924528301886,0.8867924528301887,"HYPE,BTC,ETH,SOL,PENGU",高杠杆/短线赌徒型，长期单降权
812177,570,2026-07-14 02:16:59,30,0xebcda26432c1e2a46898d9920759438f86c8fcf4,smart_money,P-N,50.0,1.0,2,0,2,,,9.939856234988987,10.736828816342431,276.99611111111113,30.0,40.0,14.755013183073679,-1.6683015852070506,0.0,1.0,"BTC,SOL",仓位样本不足，暂不影响权重
812550,570,2026-07-14 02:16:59,30,0xebcfa0e05df4c406f4a166b1318581134a8537c0,money_printer,P-G,44.96450457477317,0.65,19,18,1,0.5,0.007859308415896165,-0.8094831630893732,-0.03549542522682902,19.403230994152043,25.0,25.0,0.6230113706590218,-0.7328832239821076,0.0,1.0,ETH,高杠杆/短线赌徒型，长期单降权
812178,570,2026-07-14 02:16:59,30,0xebe6cc6820a76705b6654fdd1254256dcd54f1df,smart_money,P-N,50.0,1.0,2,1,1,1.0,11.083227845758653,41.27580997146214,26.179518908610397,230.54847222222222,3.5,4.0,39.38125542927086,-2.6071048582779044,0.5,0.0,"HYPE,VVV",仓位样本不足，暂不影响权重
812281,570,2026-07-14 02:16:59,30,0xec2aa004732b35d4f763e7e73e7918da37274c96,smart_money,P-B,94.73775223551769,1.0,4,3,1,1.0,2.206403509739673,-3.1849058847428764,0.8585761611190357,91.57034722222222,9.5,14.0,2.510684952133096,-2.0169264620769005,0.0,0.5,BTC,仓位表现普通有效
812179,570,2026-07-14 02:16:59,30,0xec30ae3bab4c5aa95a3151c1b6437412e876050e,smart_money,P-N,50.0,1.0,2,0,2,,,5.284904268771536,5.284904268771536,368.6613888888889,25.0,40.0,14.759121756503749,-0.8005192923541491,0.0,1.0,"BTC,HYPE",仓位样本不足，暂不影响权重
812180,570,2026-07-14 02:16:59,30,0xec7c3257d80aa80d06d996517020744e40a70b05,smart_money,P-B,78.70363279431173,1.0,544,415,129,0.5277108433734939,0.07017558907823018,0.42715496291098454,0.10252511437768844,92.94969362745096,4.6875,12.0,4.640209648290232,-4.958027539068009,0.39705882352941174,0.022058823529411766,"HYPE,LIT,VVV,ZEC,VINE",仓位表现普通有效
812181,570,2026-07-14 02:16:59,30,0xec7f9f5b31b8f5da6ac6c0973bbd496e16f9df39,smart_money,P-N,50.0,1.0,1,0,1,,,5.440408823871909,5.440408823871909,368.6613888888889,20.0,20.0,8.852900026834128,-1.8875025526176803,0.0,1.0,BTC,仓位样本不足，暂不影响权重
812182,570,2026-07-14 02:16:59,30,0xec89639d883a9ff2086c6deb0d766064b5bbea03,smart_money,P-N,50.0,1.0,1,0,1,,,14.499528598365814,14.499528598365815,368.6613888888889,4.0,4.0,17.436306595288155,0.0,0.0,0.0,HYPE,仓位样本不足，暂不影响权重
812183,570,2026-07-14 02:16:59,30,0xec9045405a878d01cdb836f82a6dd2abd49a169c,smart_money,P-N,50.0,1.0,1,0,1,,,11.715705254114175,11.715705254114175,368.6613888888889,14.0,14.0,17.851298761859265,0.0,0.0,1.0,BTC,仓位样本不足，暂不影响权重
812184,570,2026-07-14 02:16:59,30,0xecb63caa47c7c4e77f60f1ce858cf28dc2b82b00,money_printer,P-C,67.90503075546295,0.75,139,57,82,0.5789473684210527,0.05902496048671078,-5.368361557455631,-3.425750430674431,217.60840927258215,7.151079136690647,20.0,7.825525478814446,-12.168255958679689,0.23741007194244604,0.38848920863309355,"XLM,BCH,PYTH,TRUMP,BTC",仓位收益偏弱，降权参考
812829,570,2026-07-14 02:16:59,30,0xed48b856556a69c7c40229c9c4c829b909257c9b,money_printer,P-N,50.0,1.0,1,1,0,1.0,19.35916150183062,,19.35916150183062,92.17277777777778,20.0,20.0,25.413386297829565,0.0,0.0,1.0,ETH,仓位样本不足，暂不影响权重
812756,570,2026-07-14 02:16:59,30,0xed7c40e138cb25e79d94295882c66ac8197fb66e,smart_money,P-N,50.0,1.0,2,2,0,1.0,4.464236692795294,,4.464236692795294,75.04847222222223,3.0,3.0,4.464236692795294,-1.566268877671765,1.0,0.0,BTC,仓位样本不足，暂不影响权重
812334,570,2026-07-14 02:16:59,30,0xeda73c9fa6a90cea2bcc5529e9e12c012e13655b,smart_money,P-N,50.0,1.0,1,0,1,,,-8.878067975013531,-8.878067975013531,212.45916666666668,5.0,5.0,0.40824356893413877,-28.06551571491812,0.0,0.0,MON,仓位样本不足，暂不影响权重
812185,570,2026-07-14 02:16:59,30,0xeda7dbbd44a0c5800dfa9cdd3fbb585cdba288f3,smart_money,P-G,55.711531170832124,0.65,6,1,5,1.0,29.204163963099838,7.0130046123785785,10.711531170832123,342.3573611111112,14.166666666666666,25.0,20.510204243742724,-8.553568443303286,0.0,1.0,"BTC,ETH,FARTCOIN,HYPE,SOL",高杠杆/短线赌徒型，长期单降权
812521,570,2026-07-14 02:16:59,30,0xee162a5a60829bd346f0c1ac3514b21fe5f4b290,money_printer,P-B,69.48139697669427,1.0,287,285,2,0.5614035087719298,0.0910429610221172,-0.06867915517642294,0.09157568132959272,2.9665418118466897,5.0,5.0,0.5497887857517842,-0.4319593320808831,0.0,0.0,"ZEC,TAO,XRP",仓位表现普通有效
812186,570,2026-07-14 02:16:59,30,0xeeaf4055e581dae6a4eaea0a66181ecb207787f1,smart_money,P-A,100.0,1.15,6,2,4,1.0,6.945623928024058,10.29219040559861,9.176668246407093,258.08462962962966,7.833333333333333,20.0,19.811060460863825,-10.312286447869303,0.5,0.5,"AAVE,AERO,BTC,PUMP,GALA",仓位收益稳定，适合加权参考
812432,570,2026-07-14 02:16:59,30,0xef70339934261ca3524bddfa7d02e0a69107a84c,money_printer,P-G,49.377458290321066,0.65,5,2,3,1.0,9.149137389193491,1.235287479494699,4.377458290321068,111.87916666666665,19.0,40.0,7.158148089092464,-2.5310544878541075,0.0,0.6,"BTC,ETH,SOL,ASTER,LIT",高杠杆/短线赌徒型，长期单降权
812187,570,2026-07-14 02:16:59,30,0xef96d013bdb1a5dfe553999f19b5091b9a299383,smart_money,P-G,46.06033920146858,0.65,73,49,24,0.5102040816326531,-0.11026426808609509,3.2503465375765486,1.0603392014685762,151.32035388127844,11.0,40.0,6.4995267095167515,-5.971659996277265,0.0136986301369863,0.7945205479452054,"LIT,ARB,XRP,DOT,ZEC",高杠杆/短线赌徒型，长期单降权
812367,570,2026-07-14 02:16:59,30,0xeff7fe671d9a7acf86f48994bc5d5161042415b6,smart_money,P-G,45.038172531346554,0.65,6,5,1,0.8,0.09748350755054469,0.8510969199908635,0.03817253134655152,55.94782407407408,24.0,29.0,1.733130912944165,-1.0869906913214182,0.0,1.0,BTC,高杠杆/短线赌徒型，长期单降权
812188,570,2026-07-14 02:16:59,30,0xf00bb08f7d1d04a9415408c939c02410fc6791b1,smart_money,P-N,50.0,1.0,2,0,2,,,0.26526378050963895,0.26526378050963895,368.6613888888889,11.5,20.0,9.102527297224114,-7.655540647287622,0.5,0.5,"ETH,HYPE",仓位样本不足，暂不影响权重
812401,570,2026-07-14 02:16:59,30,0xf00eabc409c51cf884ec7861cb839524af6afe3d,smart_money,P-G,43.667292065666636,0.65,3,1,2,1.0,4.9448347221779665,-4.471479262589025,-1.332707934333361,131.30416666666667,15.0,20.0,5.471009130626061,-4.375700001686136,0.0,0.6666666666666666,"BTC,ETHFI",高杠杆/短线赌徒型，长期单降权
812189,570,2026-07-14 02:16:59,30,0xf0480a7892bc260658e82359f3c9374bc0a75444,money_printer,P-N,50.0,1.0,1,0,1,,,0.547433636207349,0.16848899924103436,368.6613888888889,20.0,20.0,2.2975933632131262,-3.857468813855711,0.0,1.0,BTC,仓位样本不足，暂不影响权重
812592,570,2026-07-14 02:16:59,30,0xf05359fe3426248c3eb48ca9474160dc4510b99d,smart_money,P-B,57.291656295116816,1.0,243,242,1,0.5041322314049587,-0.0067931587631446305,-0.0644438217988283,-0.007030404290040443,1.5171250571559223,9.777777777777779,20.0,0.20950901817989362,-0.2126018305902376,0.0,0.3991769547325103,ETH,仓位表现普通有效
812593,570,2026-07-14 02:16:59,30,0xf060e33cfa0727a224a184622606213e8f4e6a6f,smart_money,P-G,44.998464897779016,0.65,262,261,1,0.5210727969348659,-0.0011384969771297165,-0.10504907086734572,-0.0015351022209855,1.4071045377438505,15.511450381679388,30.0,0.16275360917693543,-0.14473005514068038,0.07633587786259542,0.5916030534351145,BTC,高杠杆/短线赌徒型，长期单降权
812190,570,2026-07-14 02:16:59,30,0xf10b1ba419f347fc129e4e79275fa022d72208de,smart_money,P-N,50.0,1.0,1,0,1,,,51.64405085674198,51.64405085674198,368.6613888888889,10.0,10.0,74.10529805779525,0.0,0.0,1.0,HYPE,仓位样本不足，暂不影响权重
812191,570,2026-07-14 02:16:59,30,0xf1245033de5669c24b7915256afb598ac3245bf1,smart_money,P-G,39.520785730857064,0.65,3,0,3,,,-5.479214269142936,-5.479214269142936,368.6613888888889,13.333333333333334,20.0,11.412226079857012,-11.408643467393068,0.0,1.0,"AAVE,ETH,ZEC",高杠杆/短线赌徒型，长期单降权
812439,570,2026-07-14 02:16:59,30,0xf17de447fdfa1778db06111e3cbdc878332adab2,money_printer,P-G,42.83203909546672,0.65,11,9,2,0.2222222222222222,-2.9918452904956876,1.5395188322975322,-2.1679609045332837,37.4855303030303,14.636363636363637,40.0,2.2406477374220053,-3.500133075586378,0.09090909090909091,0.9090909090909091,"HYPE,BTC,ZEC,XPL,LIT",高杠杆/短线赌徒型，长期单降权
812192,570,2026-07-14 02:16:59,30,0xf191539a2c4ba0af951438bb6abfa0625c7df2ef,smart_money,P-N,50.0,1.0,2,0,2,,,31.58530485641373,31.58530485641373,368.6613888888889,17.5,25.0,50.024736231994275,-0.8513979296942472,0.0,1.0,"ETH,HYPE",仓位样本不足，暂不影响权重
812193,570,2026-07-14 02:16:59,30,0xf19b3c8b8004149cf21c8efe4433cd3b57752695,smart_money,P-G,46.43720444482757,0.65,4,2,2,0.0,-1.6474087525412184,4.2358793214734645,1.437204444827573,184.33069444444445,32.5,40.0,8.78266029904093,-2.3525664405210414,0.0,1.0,"BTC,HYPE",高杠杆/短线赌徒型，长期单降权
812194,570,2026-07-14 02:16:59,30,0xf215c807672f168f6894bb2f5154000de11b4d85,smart_money,P-N,50.0,1.0,1,0,1,,,0.9601757706611327,0.9601757706611327,368.6613888888889,40.0,40.0,9.947177644215875,-1.5013101055166065,0.0,1.0,BTC,仓位样本不足，暂不影响权重
812195,570,2026-07-14 02:16:59,30,0xf21cd17b9db49fdb21bfdf714558cf8bde3221bd,smart_money,P-A,83.19343545139301,1.15,218,116,102,0.5603448275862069,0.1793624293889304,2.6328684044160893,1.1681349987113803,180.79317787971465,4.527522935779817,12.0,8.300094425906018,-7.354968664194609,0.39908256880733944,0.01834862385321101,"LIT,AVNT,HYPE,BLUR,TRB",仓位收益稳定，适合加权参考
812250,570,2026-07-14 02:16:59,30,0xf220c9b7b4c0e5e785ebe4b40b17576ce24473e0,money_printer,P-N,50.0,1.0,1,0,1,,,4.215909830172599,4.052437818082343,340.3263888888889,40.0,40.0,7.588771140851158,-3.155032061786387,0.0,1.0,BTC,仓位样本不足，暂不影响权重
812794,570,2026-07-14 02:16:59,30,0xf2500dbc34617daf22b5186a1bfb9f5f3a33ae13,smart_money,P-N,50.0,1.0,1,1,0,0.0,-0.05713535798422151,,-0.05713535798422151,0.9988888888888889,2.0,2.0,0.06929862747106888,-0.05713535798422151,1.0,0.0,BTC,仓位样本不足，暂不影响权重
812196,570,2026-07-14 02:16:59,30,0xf25df1972b89d3cdb051cf8b2bf385b5dcb9aa21,smart_money,P-G,41.69897198624216,0.65,6,1,5,1.0,0.46179397693784147,-4.053592411896984,-3.301028013757847,302.8777777777778,10.833333333333334,20.0,4.780038854507701,-10.676867029863333,0.0,0.8333333333333334,"ETH,BTC,LINK,TAO,XRP",高杠杆/短线赌徒型，长期单降权
812368,570,2026-07-14 02:16:59,30,0xf27ebb91ea420f73b59b205ac7e0b77a90ec8f3c,money_printer,P-B,72.34000774381428,1.0,887,866,21,0.5993071593533488,0.19361128037843653,0.06444099363192375,0.19425329453993176,7.6334855317549755,4.9165727170236755,5.0,0.984950894226217,-0.7866436627044816,0.04171364148816235,0.0,"HYPE,FARTCOIN,ZEC,AAVE,TAO",仓位表现普通有效
812394,570,2026-07-14 02:16:59,30,0xf28e1b06e00e8774c612e31ab3ac35d5a720085f,money_printer,P-A,90.02493972011109,1.15,88,87,1,0.6551724137931034,4.794350458574823,-1.9421766938796818,4.717799013660568,169.8569823232325,6.681818181818182,20.0,14.677644309668203,-9.113838313643852,0.29545454545454547,0.36363636363636365,"SYRUP,LIT,ENA,AAVE,JTO",仓位收益稳定，适合加权参考
812881,570,2026-07-14 02:16:59,30,0xf2d96ddecf1bb5639960e407b133705a812ffc34,smart_money,P-N,50.0,1.0,1,1,0,0.0,-1.0666989522582166,,-1.0666989522582166,1.001111111111111,3.0,3.0,0.0,-1.0666989522582166,1.0,0.0,HYPE,仓位样本不足，暂不影响权重
812197,570,2026-07-14 02:16:59,30,0xf3eb9dc9626800f5c2157a14adfaba2177e1f7b5,money_printer,P-N,50.0,1.0,2,0,2,,,15.041947231192355,15.041947231192355,368.6613888888889,10.0,10.0,24.323030457488592,-1.0526469400759864,0.0,1.0,"LINK,NEAR",仓位样本不足，暂不影响权重
812731,570,2026-07-14 02:16:59,30,0xf403d3848c602a17c62e4f6ac1c75c2b7653318f,smart_money,P-N,50.0,1.0,1,1,0,1.0,36.09680904028891,,36.09680904028891,228.0886111111111,8.0,8.0,40.810807783901346,0.0,0.0,0.0,BTC,仓位样本不足，暂不影响权重
812856,570,2026-07-14 02:16:59,30,0xf40f4129b137f30ab83dfe7f46a468fc6830865f,smart_money,P-C,16.97175022810174,0.75,3,3,0,0.0,-4.399731159547442,,-4.399731159547442,26.031481481481478,4.333333333333333,5.0,0.9409763021751081,-5.339641268497952,0.3333333333333333,0.0,"BTC,PURR,HYPE",仓位收益偏弱，降权参考
812198,570,2026-07-14 02:16:59,30,0xf436d47f962e4acd96eb6d87677db91d5f40a204,smart_money,P-C,0.0,0.75,4,0,4,,,-23.94868839561587,-23.94868839561587,368.6613888888889,12.5,20.0,5.264616240043192,-35.42956754068616,0.0,0.5,"BTC,HYPE,INJ,SOL",仓位收益偏弱，降权参考
812199,570,2026-07-14 02:16:59,30,0xf469697ae698e1459f02cdabc882c468fad5396d,smart_money,P-G,46.4158869043112,0.65,7,1,6,1.0,2.349565316211143,0.3766418716847572,1.4158869043111975,323.54341269841274,17.142857142857142,40.0,12.536528349954498,-5.073214544212957,0.0,0.8571428571428571,"BTC,ETHFI,HYPE,LINK,SOL",高杠杆/短线赌徒型，长期单降权
812619,570,2026-07-14 02:16:59,30,0xf47fe5f0f6c3ebfde365e34e6d15fb2ed4c39cdb,smart_money,P-G,46.704551546333164,0.65,16,16,0,0.5,1.7045515463331617,,1.7045515463331617,36.542187500000004,19.875,40.0,4.455951280667058,-1.5255125637778588,0.0625,0.875,"BTC,HYPE,ETH,SOL,ZEC",高杠杆/短线赌徒型，长期单降权
812825,570,2026-07-14 02:16:59,30,0xf48111d547f8de8f37fd68bc8b971a5a57019825,smart_money,P-N,50.0,1.0,1,1,0,0.0,-5.81936474946912,,-5.81936474946912,2.841666666666667,1.0,1.0,0.3704875073419774,-5.81936474946912,1.0,0.0,LIT,仓位样本不足，暂不影响权重
812200,570,2026-07-14 02:16:59,30,0xf4939e64793fc85b68ec4ddb1697b01db3977134,smart_money,P-N,50.0,1.0,1,0,1,,,26.092878972258788,26.092878972258788,368.6613888888889,5.0,5.0,42.489002631844336,-11.971417031591015,0.0,0.0,LIT,仓位样本不足，暂不影响权重
812201,570,2026-07-14 02:16:59,30,0xf521c8d72af09309f0c50f9c3dd053fc7b013c33,smart_money,P-S,100.0,1.25,8,7,1,0.7142857142857143,6.051345314868541,19.93990030370209,7.787414688472735,127.02534722222221,3.0,3.0,14.72618864189117,-2.8673574768782197,1.0,0.0,"BTC,ADA,ASTER,ENS,HYPE",仓位收益、持仓周期、杠杆结构适合长期参考
812202,570,2026-07-14 02:16:59,30,0xf524d20408d9f426c74903924941efd1aae5e59d,smart_money,P-G,48.164870705608365,0.65,5,0,5,,,3.1648707056083643,3.1648707056083647,368.6613888888889,13.0,20.0,9.654348697264252,-8.44418232068021,0.0,0.8,"BNB,ETH,HYPE,LTC,SOL",高杠杆/短线赌徒型，长期单降权
812203,570,2026-07-14 02:16:59,30,0xf53cab0c6f25f48f985d1e2c40e03fc7c1963364,smart_money,P-G,39.28311078261329,0.65,10,0,10,,,-5.716889217386703,-5.716889217386705,368.66138888888884,11.5,40.0,19.820662697812082,-27.52065722415191,0.2,0.6,"ASTER,BCH,BTC,ETH,ETHFI",高杠杆/短线赌徒型，长期单降权
812622,570,2026-07-14 02:16:59,30,0xf55f10b83bdb21d5f6b7449d4ea3589a8ae30d3a,smart_money,P-G,45.20551324656284,0.65,27,27,0,0.5555555555555556,0.20551324656284084,,0.20551324656284084,14.76858024691358,14.074074074074074,20.0,1.3783351911326276,-1.7884373856896372,0.0,0.9259259259259259,"HYPE,SOL,BTC,LIT,ETH",高杠杆/短线赌徒型，长期单降权
812826,570,2026-07-14 02:16:59,30,0xf5629393e446a103a4be1c49a956255e7c87c1d3,money_printer,P-N,50.0,1.0,1,1,0,1.0,4.2231900312141955,,4.2231900312141955,33.78861111111111,2.0,2.0,10.05930237743677,-3.368390720385935,1.0,0.0,ZEC,仓位样本不足，暂不影响权重
812204,570,2026-07-14 02:16:59,30,0xf58b673c1633ccef0ac58263cdc95ed80f817fc7,money_printer,P-N,50.0,1.0,1,0,1,,,0.3001694736741295,0.038245313346052016,368.6613888888889,40.0,40.0,2.1379549951913686,-3.855774388073765,0.0,1.0,BTC,仓位样本不足，暂不影响权重
812793,570,2026-07-14 02:16:59,30,0xf5a523b171032c060d49c39fbf2e9bec473e1286,money_printer,P-B,74.57443908742204,1.0,3,3,0,0.6666666666666666,0.068279936779377,,0.068279936779377,0.865925925925926,3.0,3.0,3.1488442465900603,-0.772612687023035,1.0,0.0,ORDI,仓位表现普通有效
812392,570,2026-07-14 02:16:59,30,0xf5b0af852e3dedc03b551f7050b616b5c77c7645,smart_money,P-A,71.67552713814148,1.15,26,26,0,0.6538461538461539,1.8398199061397267,,1.8398199061397267,17.800224358974358,7.076923076923077,10.0,3.7322204573123257,-1.2151095148615245,0.23076923076923078,0.34615384615384615,"ENA,PUMP,FARTCOIN,LIT,ZRO",仓位收益稳定，适合加权参考
812355,570,2026-07-14 02:16:59,30,0xf5d889840ff183c72b0b57aac895303eee76f226,smart_money,P-G,45.073518157763196,0.65,348,343,5,0.565597667638484,0.08025121650292708,-0.3942724804056583,0.07351815776319817,5.296859035759898,28.339080459770116,40.0,0.47371126129474167,-0.36896658852951986,0.040229885057471264,0.9597701149425287,"BTC,ETH,HYPE,SOPH,ANIME",高杠杆/短线赌徒型，长期单降权
812205,570,2026-07-14 02:16:59,30,0xf5dd745bcf393686ceffb6a43f7e7b4c172aefad,smart_money,P-G,44.72521125682194,0.65,33,26,7,0.6153846153846154,0.5715455734774944,-3.604994550340745,-0.2747887431780534,81.2284175084175,21.696969696969695,40.0,2.7536544131929315,-2.3350897651785765,0.06060606060606061,0.7878787878787878,"BTC,XRP,ENA,kBONK,HBAR",高杠杆/短线赌徒型，长期单降权
812206,570,2026-07-14 02:16:59,30,0xf5f4c3aa62a0f903a8529905031b1536d1cf16f8,smart_money,P-N,50.0,1.0,2,0,2,,,-27.085420455822593,-27.08542045582259,368.6613888888889,1.5,2.0,3.357547340871931,-40.06695255842519,1.0,0.0,"BTC,HYPE",仓位样本不足，暂不影响权重
812834,570,2026-07-14 02:16:59,30,0xf629d790657e15ae9b51731932a5b63ff20b8b01,smart_money,P-N,50.0,1.0,1,1,0,0.0,-18.363482180295687,,-18.363482180295687,86.38083333333333,3.0,3.0,42.504419563936366,-21.490866234531527,1.0,0.0,DYDX,仓位样本不足，暂不影响权重
812207,570,2026-07-14 02:16:59,30,0xf62edeee17968d4c55d1c74936d2110333342f30,money_printer,P-C,16.038517719526617,0.75,3,0,3,,,1.1922056370937402,1.4669859194983275,368.6613888888889,13.666666666666666,30.0,38.338935414503204,-44.984848091853856,0.0,0.3333333333333333,"BTC,HYPE,PUMP",仓位收益偏弱，降权参考
812208,570,2026-07-14 02:16:59,30,0xf6cb2067f954e1dfa5cb473d7f7673e0b2f95d32,smart_money,P-G,52.16801474388133,0.65,3,0,3,,,7.16801474388133,7.16801474388133,291.10592592592593,20.0,20.0,13.869329377372777,-1.9672990938410535,0.0,1.0,"BTC,SOL,ETH",高杠杆/短线赌徒型，长期单降权
812327,570,2026-07-14 02:16:59,30,0xf6e0efd25be6f4302190ea44db596719aa400588,smart_money,P-N,50.0,1.0,1,0,1,,,1.3209476734276462,1.3209476734276462,236.785,20.0,20.0,3.769672177717183,-2.0936310436906944,0.0,1.0,ETH,仓位样本不足，暂不影响权重
812657,570,2026-07-14 02:16:59,30,0xf709deb9ca069e53a31a408fde397a87d025a352,smart_money,P-G,45.09611579578958,0.65,7,7,0,0.5714285714285714,0.09611579578957653,,0.09611579578957653,0.9817460317460318,10.0,10.0,0.3605872890464009,-0.08057734166143657,0.0,1.0,"HYPE,ZEC",高杠杆/短线赌徒型，长期单降权
812365,570,2026-07-14 02:16:59,30,0xf770f371cc66499a89ae56aa84f9506e083f99ea,smart_money,P-A,86.5853315815753,1.15,35,30,5,0.7333333333333333,2.9988881083398975,-0.7477184238566723,2.4831419812638424,43.709158730158734,7.571428571428571,20.0,5.648806760246708,-3.2121291847560616,0.34285714285714286,0.2857142857142857,"BTC,ETHFI,HYPE,LIT,SOL",仓位收益稳定，适合加权参考
812209,570,2026-07-14 02:16:59,30,0xf780adb6ca4a737d2a8def6dd445b0c0276d70e1,smart_money,P-G,65.0,0.65,3,0,3,,,24.731061761173166,24.73106176117317,368.6613888888889,11.0,20.0,27.416312762473513,-2.28418305341382,0.3333333333333333,0.6666666666666666,"ETH,PURR,WLD",高杠杆/短线赌徒型，长期单降权
812210,570,2026-07-14 02:16:59,30,0xf7b7934ca8ff68a8b1d721232259b3c55eee5468,smart_money,P-N,50.0,1.0,1,0,1,,,13.938315539739024,13.938315539739024,368.6613888888889,10.0,10.0,16.89437013403144,0.0,0.0,1.0,HYPE,仓位样本不足，暂不影响权重
812211,570,2026-07-14 02:16:59,30,0xf7c2ed23ddff71b17473db6f330fd8cb18388010,smart_money,P-N,50.0,1.0,1,0,1,,,-32.87238096040046,-32.87238096040046,368.6613888888889,3.0,3.0,0.0,-52.55320179104099,1.0,0.0,HYPE,仓位样本不足，暂不影响权重
812212,570,2026-07-14 02:16:59,30,0xf818074d013f376b860c02f0ad2bf98b12139489,smart_money,P-B,100.0,1.0,3,1,2,1.0,10.512718518246297,-5.130255451228451,0.08406920526313222,295.8846296296296,5.0,5.0,9.864622821976182,-4.653363712043784,0.0,0.0,"ETH,SOL,HYPE",仓位表现普通有效
812213,570,2026-07-14 02:16:59,30,0xf822fa0fd364c573fcdb7009fcf47601bc8be01a,money_printer,P-C,44.88261821878742,0.75,5,0,5,,,1.4464987280779824,1.4464590877136168,368.6613888888889,3.0,3.0,6.218403252047258,-6.078631039465239,1.0,0.0,"BTC,ETH,HYPE,PAXG,SOL",仓位收益偏弱，降权参考
812214,570,2026-07-14 02:16:59,30,0xf83ff544ed6f00fe7a74782aee3fd9ea54d96728,money_printer,P-G,35.0,0.65,4,1,3,0.0,-0.05593632158299328,-26.67758134606223,-20.02217008994242,231.2867361111111,15.75,20.0,0.8305137730675332,-22.6673627300183,0.25,0.75,"BTC,ETH,ORDI",高杠杆/短线赌徒型，长期单降权
812215,570,2026-07-14 02:16:59,30,0xf86149475b49bdb11cd8b27c38ae11a1569fbbdc,smart_money,P-C,96.697668049942,0.75,11,1,10,1.0,33.1015168615835,-4.547173772583934,-1.7217657644564839,318.9242424242424,6.363636363636363,10.0,25.545282712561992,-29.417786920742163,0.2727272727272727,0.36363636363636365,"AAVE,FARTCOIN,FET,HYPE,LINK",仓位收益偏弱，降权参考
812216,570,2026-07-14 02:16:59,30,0xf889692c619ff045b80b3841f43fab71278ed498,smart_money,P-N,50.0,1.0,2,0,2,,,-0.23422565736461576,-0.23422565736461565,260.49958333333336,20.5,40.0,7.759383308119512,-6.313511486055004,0.5,0.5,"BTC,ZEC",仓位样本不足，暂不影响权重
812217,570,2026-07-14 02:16:59,30,0xf899937184168b1d9dee75acbaa3fef0f52888db,money_printer,P-G,39.26558993441491,0.65,3,0,3,,,-5.707340259979181,-5.734410065585089,368.6613888888889,20.0,20.0,5.139994476769495,-11.713411770423894,0.0,1.0,"BTC,ETH,SOL",高杠杆/短线赌徒型，长期单降权
812869,570,2026-07-14 02:16:59,30,0xf8ae5f0d229618b4deead1b3901ed3134207b7d8,smart_money,P-N,50.0,1.0,2,2,0,0.0,-0.9624689215685627,,-0.9624689215685627,3.414861111111111,11.5,20.0,0.0,-0.9624689215685627,0.5,0.5,"ETH,HYPE",仓位样本不足，暂不影响权重
812378,570,2026-07-14 02:16:59,30,0xf8bb001a9e55d81fd6a5834f8e64865ef4e231c9,smart_money,P-G,44.58323176030526,0.65,61,59,2,0.3050847457627119,-0.40859066983416803,-1.061533265850263,-0.41676823969474247,12.087258652094716,10.0,10.0,0.4445522209778569,-0.8903329315833628,0.0,1.0,"BTC,ETH",高杠杆/短线赌徒型，长期单降权
812218,570,2026-07-14 02:16:59,30,0xf8e190c49164d6aa2f4362bd429e2c400baf7c61,smart_money,P-N,50.0,1.0,1,0,1,,,13.74846563139367,13.74846563139367,368.6613888888889,1.0,1.0,51.51533146493274,0.0,1.0,0.0,ZEC,仓位样本不足，暂不影响权重
812371,570,2026-07-14 02:16:59,30,0xf9109ada2f73c62e9889b45453065f0d99260a2d,smart_money,P-B,72.54056778056656,1.0,1443,1413,30,0.613588110403397,0.19434887722577995,0.014755054590347453,0.18971042117477763,7.357538500038502,3.8031878031878033,10.0,0.7854543967754422,-0.5997127475243565,0.6812196812196812,0.0395010395010395,"BTC,WLD,ZEC,HYPE,ETH",仓位表现普通有效
812219,570,2026-07-14 02:16:59,30,0xf92ddf919186b80d8619a12e7f4379f678939b74,smart_money,P-G,35.0,0.65,4,0,4,,,-18.410720675342635,-19.167677700615393,368.6613888888889,15.0,20.0,5.936628099912743,-32.00046985444596,0.0,1.0,"BTC,ETH,HYPE,SUI",高杠杆/短线赌徒型，长期单降权
812220,570,2026-07-14 02:16:59,30,0xf94b346387ae5f1ae84bf10e36008cb552ca82d5,smart_money,P-N,50.0,1.0,1,0,1,,,15.944254163221922,15.944254163221922,368.6613888888889,10.0,10.0,23.954765560411012,0.0,0.0,1.0,NEAR,仓位样本不足，暂不影响权重
812298,570,2026-07-14 02:16:59,30,0xf9705511f4d0ae48aa128f73518c776fbda27ba7,smart_money,P-B,89.76668435024241,1.0,10,8,2,0.875,3.3274036643771394,-3.2569058147105667,2.7583421751212103,48.49666666666666,8.9,22.0,7.074608620298949,-3.128391095744552,0.3,0.4,"VVV,BTC,FARTCOIN,LIT,ETH",仓位表现普通有效
812221,570,2026-07-14 02:16:59,30,0xf97ad6704baec104d00b88e0c157e2b7b3a1ddd1,money_printer,P-B,84.71509444299801,1.0,17,15,2,0.8,0.9251503590571442,-3.17707692072178,0.6464790851958665,46.55658496732027,7.647058823529412,20.0,1.5475914763130907,-1.7344863816398857,0.0,0.29411764705882354,"HYPE,ETH,BNB,XRP,BTC",仓位表现普通有效
812222,570,2026-07-14 02:16:59,30,0xfa1413451bc8dd3484787eb3c3156a7e28c4aade,smart_money,P-R,25.0,-0.8,9,6,3,0.3333333333333333,-0.11163285723942244,-1.7706899549712156,-0.20234360822530226,113.81283950617282,10.777777777777779,40.0,8.660970592016465,-6.038274314059586,0.4444444444444444,0.4444444444444444,"CASHCAT,HYPE,SOL,2Z,BTC",仓位真实收益偏反向，可作为反向参考
812817,570,2026-07-14 02:16:59,30,0xfaf665c655613e5713a2bdc3b4cd109e25b4b5f6,smart_money,P-G,46.467316400049505,0.65,4,4,0,0.75,1.467316400049505,,1.467316400049505,56.961736111111115,11.25,20.0,5.685832592341898,-4.528051310533172,0.0,0.75,"ZEC,WIF,kBONK,SOL",高杠杆/短线赌徒型，长期单降权
812296,570,2026-07-14 02:16:59,30,0xfb697d3976e42df505286fde283000608c20926d,smart_money,P-G,43.42327712583964,0.65,12,6,6,0.6666666666666666,-0.019085548346359154,-3.1343601999743593,-1.5767228741603594,183.37201388888892,20.833333333333332,40.0,4.579087501566797,-7.4713602661844805,0.0,1.0,"BTC,BCH,DOGE,ETH,SOL",高杠杆/短线赌徒型，长期单降权
812223,570,2026-07-14 02:16:59,30,0xfb8c34145bdea190693325d0ab01e81120909b3f,money_printer,P-N,50.0,1.0,2,0,2,,,-20.735013669582763,-20.735013669582763,368.6613888888889,7.5,10.0,5.178855631615385,-33.816021707097605,0.0,0.5,"HYPE,XMR",仓位样本不足，暂不影响权重
812426,570,2026-07-14 02:16:59,30,0xfb941d2344b72ea9101400392b818173772d0ddf,money_printer,P-G,47.724910190276574,0.65,8,5,3,0.8,4.391550000863344,-0.05282282736803371,2.7249101902765775,132.198125,11.875,20.0,7.299752387503595,-4.057225642070566,0.0,0.625,"SOL,HYPE,ETH,XPL,ENA",高杠杆/短线赌徒型，长期单降权
812224,570,2026-07-14 02:16:59,30,0xfba31dfa3c6612abca9a27f65af77d9fed7e2db7,smart_money,P-N,50.0,1.0,1,0,1,,,-1.364567809239938,-1.364567809239938,368.6613888888889,10.0,10.0,2.1171116193021233,-16.37850737447968,0.0,1.0,HYPE,仓位样本不足，暂不影响权重
812639,570,2026-07-14 02:16:59,30,0xfba7c3e68638fda0a13994ddb6733cbd016ec826,smart_money,P-G,45.19179458740784,0.65,27,27,0,0.5555555555555556,0.19179458740783858,,0.19179458740783858,1.669495884773663,9.25925925925926,10.0,0.515443087870692,-0.31205449840395605,0.0,0.8518518518518519,"HYPE,ZEC,LIT",高杠杆/短线赌徒型，长期单降权
812225,570,2026-07-14 02:16:59,30,0xfbc5a98a1358ba1ba8a9e2eebe94e6e3c9b6df24,smart_money,P-N,50.0,1.0,1,0,1,,,-121.10224470350855,-121.10224470350855,368.6613888888889,3.0,3.0,0.0,-153.8515160856406,1.0,0.0,HYPE,仓位样本不足，暂不影响权重
812226,570,2026-07-14 02:16:59,30,0xfbc9638938262f15cc1b3a751a54d538559da361,money_printer,P-G,64.46174429199374,0.65,3,0,3,,,19.49007818271099,19.461744291993732,368.6613888888889,28.333333333333332,40.0,26.54555238366056,-1.8444165779846806,0.0,1.0,"BTC,ETH,SOL",高杠杆/短线赌徒型，长期单降权
812859,570,2026-07-14 02:16:59,30,0xfbdd44e73e24dc3ac26c2747d92b35363f155680,smart_money,P-N,50.0,1.0,2,2,0,0.5,-0.3076302000372263,,-0.3076302000372263,6.520972222222222,20.0,20.0,0.21040117931216681,-0.9718540987360155,0.0,1.0,BTC,仓位样本不足，暂不影响权重
812706,570,2026-07-14 02:16:59,30,0xfbfa8568f29e6809138674195cf1c2d35b72e159,smart_money,P-N,50.0,1.0,1,1,0,0.0,-0.42155425219941345,,-0.42155425219941345,1.9769444444444444,1.0,1.0,0.00557822261889583,-0.4693675889328063,1.0,0.0,BTC,仓位样本不足，暂不影响权重
812356,570,2026-07-14 02:16:59,30,0xfc1d41ff4a7c1e2aa4d493428d7437b34918e53e,smart_money,P-G,45.54531234956396,0.65,12,11,1,0.45454545454545453,0.37990989191505625,2.855565748759971,0.5453123495639564,42.68715277777778,30.0,40.0,2.3706896163030975,-1.2499115746665035,0.0,1.0,"ETH,BTC,ZEC",高杠杆/短线赌徒型，长期单降权
812227,570,2026-07-14 02:16:59,30,0xfc27136e42af1732ddc9ce2605ea9bff1b959d9d,money_printer,P-G,45.55801597125712,0.65,86,64,22,0.6875,0.44702774545615476,0.8166922946922163,0.558015971257121,47.785032299741616,10.465116279069768,20.0,1.9904476540940095,-1.4199461967813478,0.0,0.7674418604651163,"XLM,DOT,BCH,LINK,SOL",高杠杆/短线赌徒型，长期单降权
812418,570,2026-07-14 02:16:59,30,0xfc37faf026597474691dca71ed9dcae1a6633b84,smart_money,P-G,45.16347366192509,0.65,29,26,3,0.6538461538461539,0.40555925014152855,-2.049624134669198,0.16347366192508853,20.345919540229882,23.96551724137931,40.0,1.151616430522532,-1.2557668596374618,0.0,1.0,"SOL,BTC,HYPE,ETH",高杠杆/短线赌徒型，长期单降权
812228,570,2026-07-14 02:16:59,30,0xfc667adba8d4837586078f4fdcdc29804337ca06,money_printer,P-G,45.460014905872335,0.65,12,6,6,0.6666666666666666,1.065810760912967,0.26633702799302245,0.4600149058723362,184.33069444444445,15.0,20.0,2.913949210195043,-3.6347671201921408,0.0,0.6666666666666666,"BTC,HYPE,ETH,PAXG,SOL",高杠杆/短线赌徒型，长期单降权
812229,570,2026-07-14 02:16:59,30,0xfc84a4bba95d3a13f91a9c0d735c0af04a18f4d0,smart_money,P-N,50.0,1.0,2,0,2,,,43.45900923530396,43.45900923530396,368.6613888888889,3.5,5.0,64.01503470758155,-8.915547703180211,0.5,0.0,"BTC,HYPE",仓位样本不足，暂不影响权重
812682,570,2026-07-14 02:16:59,30,0xfc8c156428a8e48cb8d0356db16e59bec4c0ecea,money_printer,P-B,68.26206561331246,1.0,23,23,0,0.6086956521739131,-0.17760637343174163,,-0.17760637343174163,1.8780072463768123,4.695652173913044,10.0,0.5417916554672599,-0.6070896978264019,0.4782608695652174,0.13043478260869565,"ALGO,HYPER,KAS,XPL,RENDER",仓位表现普通有效
812516,570,2026-07-14 02:16:59,30,0xfc98b6ec7f59ea13354bae6171a9120692fb8777,money_printer,P-A,68.6862231133055,1.15,9,8,1,0.75,0.25734755926577646,20.338310610978862,2.488565676122786,6.594629629629629,7.666666666666667,10.0,4.2124225026914415,-1.391154012599389,0.3333333333333333,0.6666666666666666,"ZEC,CASHCAT,HYPE,LIT,WLD",仓位收益稳定，适合加权参考
812230,570,2026-07-14 02:16:59,30,0xfce053a5e461683454bf37ad66d20344c0e3f4c0,money_printer,P-N,50.0,1.0,2,1,1,0.0,-4.688529122975019,44.39126150622397,19.851366191624475,280.89166666666665,20.0,20.0,27.17804116668887,-3.311781753106697,0.0,1.0,"ETH,BTC",仓位样本不足，暂不影响权重
812594,570,2026-07-14 02:16:59,30,0xfcf104006bfff47695c1dc21dad3e9de1e72098e,smart_money,P-B,71.8363733263513,1.0,251,250,1,0.484,-0.02203115664773713,0.03264161902430593,-0.021813336824342538,1.4687704736609122,3.0,3.0,0.18655868919495217,-0.17293859454109597,1.0,0.0,BTC,仓位表现普通有效
812255,570,2026-07-14 02:16:59,30,0xfd041f7e1851da14e250b02251d12f896dc172fe,smart_money,P-B,100.0,1.0,3,2,1,1.0,0.5743117433464977,-1.807477272097676,-0.24713720768093153,122.52537037037037,9.0,9.0,1.010548324748392,-2.3827766578110388,0.0,0.0,BTC,仓位表现普通有效
812473,570,2026-07-14 02:16:59,30,0xfd97600ac44b3c4e20ac1a5f23e3b18d10fa5912,money_printer,P-B,84.29656822562761,1.0,8,7,1,1.0,1.2862868167578096,-1.941334294471953,0.8828341778540895,24.270555555555557,9.375,10.0,1.7215226231316145,-1.4324238046288207,0.0,0.875,"HYPE,LIT,SOL",仓位表现普通有效
812231,570,2026-07-14 02:16:59,30,0xfdba13d24cb423a393603d72ca80f31b251a3727,money_printer,P-C,68.45914418665066,0.75,77,20,57,0.45,-0.6727491232506451,3.209608964414424,1.8951565089097515,272.90518398268404,7.805194805194805,20.0,9.976601820001957,-8.056547729867056,0.22077922077922077,0.44155844155844154,"GOAT,ETH,FARTCOIN,ORDI,BCH",仓位收益偏弱，降权参考
812232,570,2026-07-14 02:16:59,30,0xfdbaa5eee7cdf45eec3a71a672065a67191fda7a,smart_money,P-A,100.0,1.15,7,2,5,1.0,39.516843194672354,-2.00477198875393,10.79241213804741,269.47186507936505,3.857142857142857,5.0,19.603513720122333,-11.874607746680661,0.5714285714285714,0.0,"LIT,PURR,XMR,ETH,ZRO",仓位收益稳定，适合加权参考
812233,570,2026-07-14 02:16:59,30,0xfdf891f2b214a4c9374d26595ec6d4080262e381,money_printer,P-A,100.0,1.15,8,1,7,1.0,15.762042486234048,17.264803682967784,17.076958533376068,344.55760416666664,8.0,20.0,38.698405537130036,-7.4703621931502,0.375,0.5,"AERO,ENA,ETH,GRASS,HYPE",仓位收益稳定，适合加权参考
812705,570,2026-07-14 02:16:59,30,0xfdfb306dbff80664bd1f61699089ddead7d7dbb9,smart_money,P-N,50.0,1.0,2,2,0,0.0,-0.33447289712116635,,-0.33447289712116635,1.102638888888889,11.0,12.0,0.281528473803399,-0.33447289712116635,0.0,1.0,"HYPE,SOL",仓位样本不足，暂不影响权重
812805,570,2026-07-14 02:16:59,30,0xfe1fccb7f954050a4b0ca4bea43c8287b190c55a,smart_money,P-C,62.51871701248245,0.75,920,920,0,0.47391304347826085,-0.06672845028051629,,-0.06672845028051629,4.737653683574886,4.46304347826087,10.0,0.6772919733590482,-0.730861636927203,0.33369565217391306,0.02608695652173913,"TIA,TAO,ADA,ANIME,TRX",仓位收益偏弱，降权参考
812603,570,2026-07-14 02:16:59,30,0xfe4dec8543b0b9cec0c897a689f7af7bddb02192,smart_money,P-G,47.351118433433015,0.65,3,3,0,0.6666666666666666,2.3511184334330175,,2.3511184334330175,107.7311111111111,16.666666666666668,20.0,5.274375208745458,-1.4886309030007538,0.0,1.0,"BTC,ZEC,ETH",高杠杆/短线赌徒型，长期单降权
812324,570,2026-07-14 02:16:59,30,0xfe72c242af1a4ca8114c6a170ba4a823785241ce,smart_money,P-B,61.76288652790113,1.0,1729,1615,114,0.4885448916408669,-0.025302201352902266,0.6740285696447764,0.01429802528830126,22.272738416554304,4.573742047426258,20.0,1.8010944760010212,-1.8878175094507317,0.5702718334297282,0.1231925968768074,"CELO,GRASS,MANTA,TRB,PYTH",仓位表现普通有效
812234,570,2026-07-14 02:16:59,30,0xfe7ce058edc7cfcde9ef8262ba51f8d4796ab7ae,money_printer,P-B,100.0,1.0,15,1,14,1.0,4.115804778603481,8.179328495730223,7.670105475489166,248.10688888888888,8.733333333333333,20.0,16.031719628174887,-6.081663284661095,0.13333333333333333,0.6666666666666666,"AZTEC,HYPE,NEAR,ZRO,ZEC",仓位表现普通有效
812489,570,2026-07-14 02:16:59,30,0xfe8c8076596dd917a20a31007ced69ce339129a1,smart_money,P-B,57.00607406093583,1.0,44,43,1,0.6744186046511628,0.9527817562443098,-1.4406373407077686,0.8983858676772172,5.724570707070708,10.0,40.0,1.6835923244647908,-0.9389132289965981,0.0,0.5,"LIT,HYPE,NEAR,WIF,BTC",仓位表现普通有效
812744,570,2026-07-14 02:16:59,30,0xfeaf607f1790b82a8b8e7b1c1279c32f0b014fbd,smart_money,P-G,45.06054927110924,0.65,23,23,0,0.5217391304347826,0.06054927110924031,,0.06054927110924031,81.95592995169083,11.130434782608695,40.0,6.2025691164983625,-6.389527130689718,0.08695652173913043,0.6956521739130435,"HYPE,PUMP,SOL,ADA,ETHFI",高杠杆/短线赌徒型，长期单降权
812235,570,2026-07-14 02:16:59,30,0xfece6768ee2df24d3599c710efeea77130cea000,smart_money,P-N,50.0,1.0,1,0,1,,,9.633247802177147,9.633247802177147,368.6613888888889,2.0,2.0,15.913568211338141,0.0,1.0,0.0,BTC,仓位样本不足，暂不影响权重
812236,570,2026-07-14 02:16:59,30,0xfeec88b13fc0be31695069f02bac18538a154e9c,money_printer,P-N,50.0,1.0,1,0,1,,,-6.259385458683779,-6.259385458683779,368.6613888888889,5.0,5.0,0.0,-21.998336711537302,0.0,0.0,HYPE,仓位样本不足，暂不影响权重
812551,570,2026-07-14 02:16:59,30,0xfeee942a06d2f8012823ccde7bf7bcbcaa29a09f,smart_money,P-G,45.034584677078016,0.65,137,136,1,0.5441176470588235,0.03905025579676795,-0.5051276895234265,0.03458467707801841,2.6909590429845904,20.0,20.0,0.25773948663619894,-0.21920844384483942,0.0,1.0,BTC,高杠杆/短线赌徒型，长期单降权
812674,570,2026-07-14 02:16:59,30,0xff2fed9cb48196ec35fd97b290c583e7a63b17b7,smart_money,P-R,25.0,-0.8,11,11,0,0.2727272727272727,-0.9943668040725636,,-0.9943668040725636,9.88588383838384,6.545454545454546,10.0,1.2566448284799494,-1.3621871288986866,0.2727272727272727,0.09090909090909091,"BTC,HYPE,SOL,ETH,ZEC",仓位真实收益偏反向，可作为反向参考
812237,570,2026-07-14 02:16:59,30,0xff7c935b9835d700188a05333d6f7e1e06146a79,smart_money,P-N,50.0,1.0,2,0,2,,,8.834197837572546,10.870605748570071,368.6613888888889,7.5,10.0,16.818094304143564,0.0,0.0,0.5,"BTC,PAXG",仓位样本不足，暂不影响权重
