id,run_id,calculated_at,window_days,address,groups,grade,quality_score,quality_weight,sample_total,eval_24h,win_24h,avg_24h,eval_72h,win_72h,avg_72h,eval_7d,win_7d,avg_7d,eval_15d,win_15d,avg_15d,eval_30d,win_30d,avg_30d,expectancy_72h,expectancy_30d,reverse_score,last_action_at,dominant_coins,note,decayed_sample_weight
3627144,1500,2026-08-26 07:17:39,30,0x000000209e0a892842bc06c354e7d097392cbbbb,smart_money,N,50.0,1.4,0,0,,,0,,,0,,,0,,,0,,,,,0.0,,,样本不足，暂按来源分组权重；时间衰减半衰期=14天,0.0
3627145,1500,2026-08-26 07:17:39,30,0x000007cc15b4b01aecf248bf46302ac02341e11f,smart_money,N,50.0,1.4,0,0,,,0,,,0,,,0,,,0,,,,,0.0,,,样本不足，暂按来源分组权重；时间衰减半衰期=14天,0.0
3627146,1500,2026-08-26 07:17:39,30,0x000461a73d3985eef4923655782aa5d0de75c111,smart_money,N,50.0,1.4,0,0,,,0,,,0,,,0,,,0,,,,,0.0,,,样本不足，暂按来源分组权重；时间衰减半衰期=14天,0.0
3627147,1500,2026-08-26 07:17:39,30,0x001a1a5eb6800e78197b92a527b3ba8b8d5bfef6,money_printer,N,50.0,1.2,0,0,,,0,,,0,,,0,,,0,,,,,0.0,,,样本不足，暂按来源分组权重；时间衰减半衰期=14天,0.0
3627148,1500,2026-08-26 07:17:39,30,0x001ac3f0972b620cd6be82ba54d111614d7d48fb,smart_money,N,50.0,1.4,0,0,,,0,,,0,,,0,,,0,,,,,0.0,,,样本不足，暂按来源分组权重；时间衰减半衰期=14天,0.0
3627149,1500,2026-08-26 07:17:39,30,0x003a85c562730b196f7cba202a2515f2ff855736,smart_money,N,50.0,1.4,0,0,,,0,,,0,,,0,,,0,,,,,0.0,,,样本不足，暂按来源分组权重；时间衰减半衰期=14天,0.0
3627150,1500,2026-08-26 07:17:39,30,0x004593cdface692ccbc2733b775f624ed0ad703b,smart_money,N,50.0,1.4,0,0,,,0,,,0,,,0,,,0,,,,,0.0,,,样本不足，暂按来源分组权重；时间衰减半衰期=14天,0.0
3627151,1500,2026-08-26 07:17:39,30,0x0048d42f232164a85a41f15ccf26cf859e58b108,smart_money,N,50.0,1.4,0,0,,,0,,,0,,,0,,,0,,,,,0.0,,,样本不足，暂按来源分组权重；时间衰减半衰期=14天,0.0
3627152,1500,2026-08-26 07:17:39,30,0x0050f3427e5388e9cc458e977bc3444faf015618,smart_money,N,50.0,1.4,0,0,,,0,,,0,,,0,,,0,,,,,0.0,,,样本不足，暂按来源分组权重；时间衰减半衰期=14天,0.0
3627153,1500,2026-08-26 07:17:39,30,0x0068ebb362048f1041f30176de5c958061f2a78f,money_printer,N,50.0,1.2,0,0,,,0,,,0,,,0,,,0,,,,,0.0,,,样本不足，暂按来源分组权重；时间衰减半衰期=14天,0.0
3627154,1500,2026-08-26 07:17:39,30,0x006f24a47fc10e5cc690671a90da3ff0e0754f8f,smart_money,N,50.0,1.4,0,0,,,0,,,0,,,0,,,0,,,,,0.0,,,样本不足，暂按来源分组权重；时间衰减半衰期=14天,0.0
3627155,1500,2026-08-26 07:17:39,30,0x007d76eec0ba411ce873a8819df50dd443d967a0,money_printer,N,50.0,1.2,5,5,0.8974685250841715,1.8917062964403821,4,0.8391726000379738,2.4610848528225286,3,0.0,0.4214125266785378,3,0.0,1.5227608952856553,0,,,1.8875304857181596,,0.0,2026-08-24 00:18:04,"BTC,HYPE",样本不足，暂按来源分组权重；时间衰减半衰期=14天,2.499334696513091
3627156,1500,2026-08-26 07:17:39,30,0x00897e2d7168165b81558c3cd9257efb007f2410,smart_money,N,50.0,1.4,4,3,0.0,-1.9650509096130235,2,0.0,0.2918427072091883,1,0.0,-57.94223826714804,0,,,0,,,0.17327059889518565,,0.0,2026-08-25 08:17:48,"KNTQ,PUMP,ZEC",样本不足，暂按来源分组权重；时间衰减半衰期=14天,2.352044621757642
3627157,1500,2026-08-26 07:17:39,30,0x00b43bdee2d3fa676ab06739bf1d52f4bad6591e,money_printer,N,50.0,1.2,1,1,0.0,-0.5264090299395096,1,0.0,-23.233703675583573,1,0.0,-34.04111726942187,0,,,0,,,-23.233703675583573,,0.0,2026-08-17 08:16:58,HYPE,样本不足，暂按来源分组权重；时间衰减半衰期=14天,0.6417508256901516
3627158,1500,2026-08-26 07:17:39,30,0x00e2a26304d5d078593ebf3976168f314e502489,smart_money,N,50.0,1.4,0,0,,,0,,,0,,,0,,,0,,,,,0.0,,,样本不足，暂按来源分组权重；时间衰减半衰期=14天,0.0
3627159,1500,2026-08-26 07:17:39,30,0x00e2e6902df2e1bd180a5d0e952dd45dd1675631,money_printer,N,50.0,1.2,0,0,,,0,,,0,,,0,,,0,,,,,0.0,,,样本不足，暂按来源分组权重；时间衰减半衰期=14天,0.0
3627160,1500,2026-08-26 07:17:39,30,0x00f8da96829820da934fc4a4cb7d39031ce7454b,money_printer,N,50.0,1.2,0,0,,,0,,,0,,,0,,,0,,,,,0.0,,,样本不足，暂按来源分组权重；时间衰减半衰期=14天,0.0
3627161,1500,2026-08-26 07:17:39,30,0x010461c14e146ac35fe42271bdc1134ee31c703a,money_printer,N,50.0,1.2,0,0,,,0,,,0,,,0,,,0,,,,,0.0,,,样本不足，暂按来源分组权重；时间衰减半衰期=14天,0.0
3627162,1500,2026-08-26 07:17:39,30,0x011820f60d75a2b870ffe64a4764873e14bc8ede,smart_money,N,50.0,1.4,0,0,,,0,,,0,,,0,,,0,,,,,0.0,,,样本不足，暂按来源分组权重；时间衰减半衰期=14天,0.0
3627163,1500,2026-08-26 07:17:39,30,0x011af0d7a38f1b1b43cffd7a51e1aa38d1c61ece,money_printer,N,50.0,1.2,0,0,,,0,,,0,,,0,,,0,,,,,0.0,,,样本不足，暂按来源分组权重；时间衰减半衰期=14天,0.0
3627164,1500,2026-08-26 07:17:39,30,0x0131f07e8d7fc4bceed532120e08fa591a9af04f,smart_money,N,50.0,1.4,0,0,,,0,,,0,,,0,,,0,,,,,0.0,,,样本不足，暂按来源分组权重；时间衰减半衰期=14天,0.0
3627165,1500,2026-08-26 07:17:39,30,0x0134c6a820166dabbd5b6d582858af1fa9956c03,smart_money,N,50.0,1.4,1,1,0.0,-2.9121972528272506,1,0.0,-11.587078164761015,0,,,0,,,0,,,-11.587078164761015,,0.0,2026-08-20 12:17:23,HYPE,样本不足，暂按来源分组权重；时间衰减半衰期=14天,0.7506937081046965
3627166,1500,2026-08-26 07:17:39,30,0x015354106478dda69c4aae3c0cf801290b738052,money_printer,N,50.0,1.2,0,0,,,0,,,0,,,0,,,0,,,,,0.0,,,样本不足，暂按来源分组权重；时间衰减半衰期=14天,0.0
3627167,1500,2026-08-26 07:17:39,30,0x015910813c8b6af4d68efb0a720a99699659ebc3,smart_money,N,50.0,1.4,0,0,,,0,,,0,,,0,,,0,,,,,0.0,,,样本不足，暂按来源分组权重；时间衰减半衰期=14天,0.0
3627168,1500,2026-08-26 07:17:39,30,0x01783e91d31c69633153c2aadbf9b7901049d03a,smart_money,N,50.0,1.4,0,0,,,0,,,0,,,0,,,0,,,,,0.0,,,样本不足，暂按来源分组权重；时间衰减半衰期=14天,0.0
3627169,1500,2026-08-26 07:17:39,30,0x019d4248690664e2a87a4aa2a26f83c8e63de7c4,money_printer,N,50.0,1.2,0,0,,,0,,,0,,,0,,,0,,,,,0.0,,,样本不足，暂按来源分组权重；时间衰减半衰期=14天,0.0
3627170,1500,2026-08-26 07:17:39,30,0x01b7e73cdad95d407e8696e04194a75f19744801,smart_money,N,50.0,1.4,0,0,,,0,,,0,,,0,,,0,,,,,0.0,,,样本不足，暂按来源分组权重；时间衰减半衰期=14天,0.0
3627171,1500,2026-08-26 07:17:39,30,0x01bb092c2e4fef1d68ef1ca66e9b1db29f0cf7b7,smart_money,N,50.0,1.4,0,0,,,0,,,0,,,0,,,0,,,,,0.0,,,样本不足，暂按来源分组权重；时间衰减半衰期=14天,0.0
3627172,1500,2026-08-26 07:17:39,30,0x01cd055a4c422cd498d35c3691e965819758d479,smart_money,N,50.0,1.4,0,0,,,0,,,0,,,0,,,0,,,,,0.0,,,样本不足，暂按来源分组权重；时间衰减半衰期=14天,0.0
3627173,1500,2026-08-26 07:17:39,30,0x02159593e155250288a7a1dd5257fc217601ceee,smart_money,N,50.0,1.4,0,0,,,0,,,0,,,0,,,0,,,,,0.0,,,样本不足，暂按来源分组权重；时间衰减半衰期=14天,0.0
3627174,1500,2026-08-26 07:17:39,30,0x0227dc6d4dc94291cc29b8f511244a2de0b49515,smart_money,N,50.0,1.4,0,0,,,0,,,0,,,0,,,0,,,,,0.0,,,样本不足，暂按来源分组权重；时间衰减半衰期=14天,0.0
3627175,1500,2026-08-26 07:17:39,30,0x023a3d058020fb76cca98f01b3c48c8938a22355,money_printer,R,19.078507689321974,-1.2,230,221,0.19400322547932358,2.268728589952436,208,0.2236373265955611,3.758212280646396,138,0.09684921946279451,-2.3802804544919907,82,0.1500390221836679,-0.9214923106780248,0,,,2.7214290085361883,,55.36569493603734,2026-08-26 02:17:54,"UPUMP,ETH,UXPL,SOL,HYPE",反向钱包：15d方向胜率和平均收益偏差；时间衰减半衰期=14天,126.3193436487248
3627176,1500,2026-08-26 07:17:39,30,0x0252f92ee3f4430ac419fc3e9ae31df718990842,smart_money,N,50.0,1.4,0,0,,,0,,,0,,,0,,,0,,,,,0.0,,,样本不足，暂按来源分组权重；时间衰减半衰期=14天,0.0
3627177,1500,2026-08-26 07:17:39,30,0x0266a2451f715276eab4d1a0d6abece0b475af5f,smart_money,N,50.0,1.4,0,0,,,0,,,0,,,0,,,0,,,,,0.0,,,样本不足，暂按来源分组权重；时间衰减半衰期=14天,0.0
3627178,1500,2026-08-26 07:17:39,30,0x026947c2867503151e19898057c1146f990266bd,smart_money,N,50.0,1.4,0,0,,,0,,,0,,,0,,,0,,,,,0.0,,,样本不足，暂按来源分组权重；时间衰减半衰期=14天,0.0
3627179,1500,2026-08-26 07:17:39,30,0x02867e83eb85a3721422b4cddb8f4f64440eee0b,smart_money,N,50.0,1.4,0,0,,,0,,,0,,,0,,,0,,,,,0.0,,,样本不足，暂按来源分组权重；时间衰减半衰期=14天,0.0
3627180,1500,2026-08-26 07:17:39,30,0x0291639ea7178930475da17b579e1ac2de8faed8,smart_money,N,50.0,1.4,0,0,,,0,,,0,,,0,,,0,,,,,0.0,,,样本不足，暂按来源分组权重；时间衰减半衰期=14天,0.0
3627181,1500,2026-08-26 07:17:39,30,0x0291b14321f0bc83e866054592d4db5523326014,smart_money,N,50.0,1.4,0,0,,,0,,,0,,,0,,,0,,,,,0.0,,,样本不足，暂按来源分组权重；时间衰减半衰期=14天,0.0
3627182,1500,2026-08-26 07:17:39,30,0x0296c6761c55a3a54815490428e12188f44e8f48,smart_money,N,50.0,1.4,0,0,,,0,,,0,,,0,,,0,,,,,0.0,,,样本不足，暂按来源分组权重；时间衰减半衰期=14天,0.0
3627183,1500,2026-08-26 07:17:39,30,0x029cd954c38838b2731cb5618e5c950ed4766956,smart_money,N,50.0,1.4,0,0,,,0,,,0,,,0,,,0,,,,,0.0,,,样本不足，暂按来源分组权重；时间衰减半衰期=14天,0.0
3627184,1500,2026-08-26 07:17:39,30,0x02aa6015d2ba9992b88596d36bad706eeef41806,smart_money,N,50.0,1.4,0,0,,,0,,,0,,,0,,,0,,,,,0.0,,,样本不足，暂按来源分组权重；时间衰减半衰期=14天,0.0
3627185,1500,2026-08-26 07:17:39,30,0x02cf911889f9d979dde0f27084e25a4ca58efdf1,smart_money,N,50.0,1.4,1,1,0.0,0.05984738915766355,1,0.0,0.5062091666251111,1,0.0,-37.32482170465312,0,,,0,,,0.5062091666251111,,0.0,2026-08-14 12:17:02,XRP,样本不足，暂按来源分组权重；时间衰减半衰期=14天,0.5577565695930063
3627186,1500,2026-08-26 07:17:39,30,0x02fbbf39d1e3c142994b383af5ac3f2ad744cda9,smart_money,N,50.0,1.4,0,0,,,0,,,0,,,0,,,0,,,,,0.0,,,样本不足，暂按来源分组权重；时间衰减半衰期=14天,0.0
3627187,1500,2026-08-26 07:17:39,30,0x03136324349c003f3498130f56f4526bf5720ab1,smart_money,N,50.0,1.4,0,0,,,0,,,0,,,0,,,0,,,,,0.0,,,样本不足，暂按来源分组权重；时间衰减半衰期=14天,0.0
3627188,1500,2026-08-26 07:17:39,30,0x031f72deb03c509af42624ddcd1f63fce5ecb220,smart_money,N,50.0,1.4,2,2,0.5298749678026017,-6.038175342965927,2,0.0,-14.761066748437136,0,,,0,,,0,,,-15.471065538309784,,0.0,2026-08-22 06:17:02,"HYPE,ZEC",样本不足，暂按来源分组权重；时间衰减半衰期=14天,1.5449445473593992
3627189,1500,2026-08-26 07:17:39,30,0x0320e2787d5c62a4a81f219dfb3c5abdf6265362,money_printer,N,50.0,1.2,0,0,,,0,,,0,,,0,,,0,,,,,0.0,,,样本不足，暂按来源分组权重；时间衰减半衰期=14天,0.0
3627190,1500,2026-08-26 07:17:39,30,0x034d4f0b00827e4ac77d910071377f707ddd23d3,smart_money,N,50.0,1.4,0,0,,,0,,,0,,,0,,,0,,,,,0.0,,,样本不足，暂按来源分组权重；时间衰减半衰期=14天,0.0
3627191,1500,2026-08-26 07:17:39,30,0x039405fa4636364e6023df1e06b085a462b9cdc9,money_printer,N,50.0,1.2,0,0,,,0,,,0,,,0,,,0,,,,,0.0,,,样本不足，暂按来源分组权重；时间衰减半衰期=14天,0.0
3627192,1500,2026-08-26 07:17:39,30,0x039cc0690200bfba3bacc6a9bcc5f865ed970ebd,smart_money,N,50.0,1.4,3,3,0.6453126296270256,3.932027314204963,2,0.4886467672244371,2.9184456708289126,0,,,0,,,0,,,2.951960197098835,,0.0,2026-08-24 16:17:56,"ZEC,XRP",样本不足，暂按来源分组权重；时间衰减半衰期=14天,2.6014622285400764
3627193,1500,2026-08-26 07:17:39,30,0x03ef8f736498047c3349bb2c18311d1bb4a79054,smart_money,N,50.0,1.4,1,1,0.0,-18.967299152200255,1,0.0,-24.94226887363748,0,,,0,,,0,,,-24.94226887363748,,0.0,2026-08-19 16:17:05,HYPE,样本不足，暂按来源分组权重；时间衰减半衰期=14天,0.7203438357950737
3627194,1500,2026-08-26 07:17:39,30,0x041836d6c0617c694b70b57680f45905811076db,smart_money,N,50.0,1.4,3,3,0.0,-2.191714080170095,3,0.0,-4.67189979179,3,0.0,-8.190311156988008,3,0.0,-4.721973087351804,0,,,-4.556087786205224,,0.0,2026-08-01 18:17:00,"ZEC,BTC",样本不足，暂按来源分组权重；时间衰减半衰期=14天,0.84181595569679
3627195,1500,2026-08-26 07:17:39,30,0x0423b4b2acb4f219ae4a270abd5dde2360e455bb,smart_money,N,50.0,1.4,0,0,,,0,,,0,,,0,,,0,,,,,0.0,,,样本不足，暂按来源分组权重；时间衰减半衰期=14天,0.0
3627196,1500,2026-08-26 07:17:39,30,0x042f3197544004962c2318a3120c4ecbce179050,smart_money,N,50.0,1.4,0,0,,,0,,,0,,,0,,,0,,,,,0.0,,,样本不足，暂按来源分组权重；时间衰减半衰期=14天,0.0
3627197,1500,2026-08-26 07:17:39,30,0x043879aa00ccc098627d71d966429b7efa5b8e4e,smart_money,N,50.0,1.4,0,0,,,0,,,0,,,0,,,0,,,,,0.0,,,样本不足，暂按来源分组权重；时间衰减半衰期=14天,0.0
3627198,1500,2026-08-26 07:17:39,30,0x043e5e9f15d2d2b454ff66f2eb593b56c9bfb386,smart_money,N,50.0,1.4,0,0,,,0,,,0,,,0,,,0,,,,,0.0,,,样本不足，暂按来源分组权重；时间衰减半衰期=14天,0.0
3627199,1500,2026-08-26 07:17:39,30,0x044d0932b02f5045bc00e0a6818b7f98ef504681,smart_money,N,50.0,1.4,0,0,,,0,,,0,,,0,,,0,,,,,0.0,,,样本不足，暂按来源分组权重；时间衰减半衰期=14天,0.0
3627200,1500,2026-08-26 07:17:39,30,0x045bad6ba93375aab642f502c2c89851488c129f,money_printer,N,50.0,1.2,0,0,,,0,,,0,,,0,,,0,,,,,0.0,,,样本不足，暂按来源分组权重；时间衰减半衰期=14天,0.0
3627201,1500,2026-08-26 07:17:39,30,0x049345fce8ad9095a2dec41059cfb50e9ba0bbde,smart_money,N,50.0,1.4,0,0,,,0,,,0,,,0,,,0,,,,,0.0,,,样本不足，暂按来源分组权重；时间衰减半衰期=14天,0.0
3627202,1500,2026-08-26 07:17:39,30,0x049bdc370620beab340b01072fa580fd57745e7d,money_printer,C,64.30343481041866,0.66,53,53,0.41902429321592227,0.14324033431456504,53,0.39642812125608945,0.27376094816299973,46,0.3774735781207472,1.458616342750591,9,0.2507651726885367,1.3437615257050644,0,,,0.3666410267700444,,0.0,2026-08-21 02:17:08,"MAX,ETH,BTC",C级：噪音偏多，降权参考，主周期=7d；时间衰减半衰期=14天,29.810188194360062
3627203,1500,2026-08-26 07:17:39,30,0x04cc3147bc87999e5a6b75373daa6ff8f12b38d1,smart_money,A,100.0,1.8199999999999998,18,18,0.3666759940275093,0.10236861106480172,18,0.19855854839111303,0.2438253291836503,14,0.14617856883217617,-1.5971568647567975,11,0.6835448265732466,14.320198290396945,0,,,0.0646388277330674,,0.0,2026-08-22 17:17:56,"XRP,ZEC,AAVE,AERO,ENA",A级：15d中期表现偏好；时间衰减半衰期=14天,8.22650668070993
3627204,1500,2026-08-26 07:17:39,30,0x04cc5be7baef93144c6a1f06846d26f808b44ab5,smart_money,R,19.768418122789615,-1.4,10,10,0.0,-0.23158187721038495,8,0.1811520864431473,0.7518772716273966,6,0.2064985205315125,0.2706361595990661,4,0.5123767438270082,0.2615511703724473,0,,,0.4735666555136534,,73.85265501768308,2026-08-24 22:17:53,BRIDGE,反向钱包：24h方向胜率和平均收益偏差；时间衰减半衰期=14天,6.1151130468830015
3627205,1500,2026-08-26 07:17:39,30,0x0514f2f3e0277c47117e3f33d9390efb0acfbdfe,smart_money,N,50.0,1.4,0,0,,,0,,,0,,,0,,,0,,,,,0.0,,,样本不足，暂按来源分组权重；时间衰减半衰期=14天,0.0
3627206,1500,2026-08-26 07:17:39,30,0x051c2e6d49cf82ebc47f08f9b85800f94fc9693c,money_printer,N,50.0,1.2,1,1,0.0,0.0,1,0.0,0.0,0,,,0,,,0,,,0.0,,0.0,2026-08-19 20:17:16,KNTQ,样本不足，暂按来源分组权重；时间衰减半衰期=14天,0.7263171050705325
3627207,1500,2026-08-26 07:17:39,30,0x0526345bf8e09eb32256008c2844c8949ee3bb9a,smart_money,N,50.0,1.4,0,0,,,0,,,0,,,0,,,0,,,,,0.0,,,样本不足，暂按来源分组权重；时间衰减半衰期=14天,0.0
3627208,1500,2026-08-26 07:17:39,30,0x053ab16a247321e312f3a8a2a0a8abda48707241,smart_money,N,50.0,1.4,0,0,,,0,,,0,,,0,,,0,,,,,0.0,,,样本不足，暂按来源分组权重；时间衰减半衰期=14天,0.0
3627209,1500,2026-08-26 07:17:39,30,0x053fa362f5459cf61037d8b554b5cfb055a7a4d3,smart_money,N,50.0,1.4,0,0,,,0,,,0,,,0,,,0,,,,,0.0,,,样本不足，暂按来源分组权重；时间衰减半衰期=14天,0.0
3627210,1500,2026-08-26 07:17:39,30,0x054a01da80ee37d5220af5471b1eedbdcd2cdb2f,smart_money,N,50.0,1.4,0,0,,,0,,,0,,,0,,,0,,,,,0.0,,,样本不足，暂按来源分组权重；时间衰减半衰期=14天,0.0
3627211,1500,2026-08-26 07:17:39,30,0x054f7d23e621503036ba8ca7004ca20c29b6c9a1,money_printer,N,50.0,1.2,2,2,0.0,-0.5493825990920029,2,0.0,0.07300858427794078,2,0.0,-0.040523452557032526,2,0.0,0.15579474573645746,0,,,0.09090040386008591,,0.0,2026-08-01 04:16:57,NEKO,样本不足，暂按来源分组权重；时间衰减半衰期=14天,0.5700079707960592
3627212,1500,2026-08-26 07:17:39,30,0x055bc3556d7c6af2f0602a5f38351ee53611f9af,smart_money,N,50.0,1.4,0,0,,,0,,,0,,,0,,,0,,,,,0.0,,,样本不足，暂按来源分组权重；时间衰减半衰期=14天,0.0
3627213,1500,2026-08-26 07:17:39,30,0x056590f16d5b314a132bbcfb1283fec5d5c6e670,smart_money,N,50.0,1.4,4,4,0.35331840190417124,-2.1322457639110914,4,0.35331840190417124,0.9195399059756737,2,0.0,0.001580477623347711,2,0.0,0.16720808241413726,0,,,0.8733121672360276,,0.0,2026-08-20 09:17:04,NEKO,样本不足，暂按来源分组权重；时间衰减半衰期=14天,2.0387951261888952
3627214,1500,2026-08-26 07:17:39,30,0x0572f1f5d55ea4838c2e65cf948c960de216690a,smart_money,N,50.0,1.4,4,4,0.35331840190417124,-2.1322457639110914,4,0.35331840190417124,0.9195399059756737,2,0.0,0.001580477623347711,2,0.0,0.16720808241413726,0,,,0.8733121672360276,,0.0,2026-08-20 09:17:04,NEKO,样本不足，暂按来源分组权重；时间衰减半衰期=14天,2.0387951261888952
3627215,1500,2026-08-26 07:17:39,30,0x057a3d2f8111a406d3aac222934861ff70d4cbf4,smart_money,N,50.0,1.4,1,1,1.0,42.23951983494326,0,,,0,,,0,,,0,,,,,0.0,2026-08-23 08:20:03,UPUMP,样本不足，暂按来源分组权重；时间衰减半衰期=14天,0.8638241308690537
3627216,1500,2026-08-26 07:17:39,30,0x0584dc22947830561e0b698ef7b600a3d89cc681,smart_money,N,50.0,1.4,0,0,,,0,,,0,,,0,,,0,,,,,0.0,,,样本不足，暂按来源分组权重；时间衰减半衰期=14天,0.0
3627217,1500,2026-08-26 07:17:39,30,0x058985a1ae732643468d03e468c8b13d985631bc,smart_money,N,50.0,1.4,3,3,0.7041939868293249,4.960901918355109,3,0.42441547858656825,6.894698748010933,2,0.0,-1.3427634688646009,0,,,0,,,5.509390101022864,,0.0,2026-08-19 21:17:06,ETH,样本不足，暂按来源分组权重；时间衰减半衰期=14天,1.7148592944373682
3627218,1500,2026-08-26 07:17:39,30,0x05904930cae1e9a48c055f4a8a83480ba7fc6abf,money_printer,N,50.0,1.2,0,0,,,0,,,0,,,0,,,0,,,,,0.0,,,样本不足，暂按来源分组权重；时间衰减半衰期=14天,0.0
3627219,1500,2026-08-26 07:17:39,30,0x05936f6a5ea9abfbfcc690f1a6140d97e80640f9,money_printer,N,50.0,1.2,2,2,0.587284238454115,10.799226455221486,2,0.587284238454115,13.877646957125696,1,0.0,1.236384587235964,0,,,0,,,11.537617358672694,,0.0,2026-08-19 16:17:05,"BTC,HYPE",样本不足，暂按来源分组权重；时间衰减半衰期=14天,1.226567628804761
3627220,1500,2026-08-26 07:17:39,30,0x05a196a9477e70c184ed212d6cf02073f535c3bb,money_printer,N,50.0,1.2,0,0,,,0,,,0,,,0,,,0,,,,,0.0,,,样本不足，暂按来源分组权重；时间衰减半衰期=14天,0.0
3627221,1500,2026-08-26 07:17:39,30,0x05a42708e46733da056d09e0a355bfd2c3054eba,smart_money,N,50.0,1.4,0,0,,,0,,,0,,,0,,,0,,,,,0.0,,,样本不足，暂按来源分组权重；时间衰减半衰期=14天,0.0
3627222,1500,2026-08-26 07:17:39,30,0x05b5a0ae689c17cad8155932782a5c29426abe75,money_printer,N,50.0,1.2,0,0,,,0,,,0,,,0,,,0,,,,,0.0,,,样本不足，暂按来源分组权重；时间衰减半衰期=14天,0.0
3627223,1500,2026-08-26 07:17:39,30,0x05c47beed53eb8b3fc14538f881d0941cbbe05a1,smart_money,N,50.0,1.4,0,0,,,0,,,0,,,0,,,0,,,,,0.0,,,样本不足，暂按来源分组权重；时间衰减半衰期=14天,0.0
3627224,1500,2026-08-26 07:17:39,30,0x05d8fa8346470be95c8fa94300ccb313c0775c6c,smart_money,N,50.0,1.4,0,0,,,0,,,0,,,0,,,0,,,,,0.0,,,样本不足，暂按来源分组权重；时间衰减半衰期=14天,0.0
3627225,1500,2026-08-26 07:17:39,30,0x05df8c46c75a06ee097c0a90f9fbe8a11a4eba39,smart_money,N,50.0,1.4,0,0,,,0,,,0,,,0,,,0,,,,,0.0,,,样本不足，暂按来源分组权重；时间衰减半衰期=14天,0.0
3627226,1500,2026-08-26 07:17:39,30,0x05e70979fd3355133f91fc7c6597a8274169b3be,smart_money,N,50.0,1.4,0,0,,,0,,,0,,,0,,,0,,,,,0.0,,,样本不足，暂按来源分组权重；时间衰减半衰期=14天,0.0
3627227,1500,2026-08-26 07:17:39,30,0x062f920cb2678ea9c8709fcdf8ce369d33494768,smart_money,N,50.0,1.4,0,0,,,0,,,0,,,0,,,0,,,,,0.0,,,样本不足，暂按来源分组权重；时间衰减半衰期=14天,0.0
3627228,1500,2026-08-26 07:17:39,30,0x0642ac031890cdc469a2ada5965359a8432467f9,smart_money,N,50.0,1.4,0,0,,,0,,,0,,,0,,,0,,,,,0.0,,,样本不足，暂按来源分组权重；时间衰减半衰期=14天,0.0
3627229,1500,2026-08-26 07:17:39,30,0x065612c177776f3c635dff181edf170f9c196a05,smart_money,N,50.0,1.4,0,0,,,0,,,0,,,0,,,0,,,,,0.0,,,样本不足，暂按来源分组权重；时间衰减半衰期=14天,0.0
3627230,1500,2026-08-26 07:17:39,30,0x065a94c1fde9c5825a6f1baba6d9e4891608528d,smart_money,N,50.0,1.4,0,0,,,0,,,0,,,0,,,0,,,,,0.0,,,样本不足，暂按来源分组权重；时间衰减半衰期=14天,0.0
3627231,1500,2026-08-26 07:17:39,30,0x0660ce4e91cee605064059feeea32a9b472cf8c6,smart_money,N,50.0,1.4,0,0,,,0,,,0,,,0,,,0,,,,,0.0,,,样本不足，暂按来源分组权重；时间衰减半衰期=14天,0.0
3627232,1500,2026-08-26 07:17:39,30,0x06a2b18bc909bd7c7ab80f205c6024a10495e0d9,smart_money,N,50.0,1.4,0,0,,,0,,,0,,,0,,,0,,,,,0.0,,,样本不足，暂按来源分组权重；时间衰减半衰期=14天,0.0
3627233,1500,2026-08-26 07:17:39,30,0x06cecfbac34101ae41c88ebc2450f8602b3d164b,money_printer,N,50.0,1.2,2,1,0.0,-4.508725532362718,1,0.0,-4.0182289045270325,1,0.0,1.8082487623196088,1,0.0,3.303531392699287,0,,,-4.0182289045270325,,0.0,2026-08-25 11:17:44,"HYPE,AAVE",样本不足，暂按来源分组权重；时间衰减半衰期=14天,0.27658731133139336
3627234,1500,2026-08-26 07:17:39,30,0x06d5af06a3a7d29909e1cdc7a9deded2fb14ab57,smart_money,N,50.0,1.4,0,0,,,0,,,0,,,0,,,0,,,,,0.0,,,样本不足，暂按来源分组权重；时间衰减半衰期=14天,0.0
3627235,1500,2026-08-26 07:17:39,30,0x0701363ed0a7809b2b8ca7e22aaccea4a670216c,smart_money,N,50.0,1.4,0,0,,,0,,,0,,,0,,,0,,,,,0.0,,,样本不足，暂按来源分组权重；时间衰减半衰期=14天,0.0
3627236,1500,2026-08-26 07:17:39,30,0x0748e296e5a350ec36c8487a1cea406e1b57d4b2,money_printer,R,18.772473462777096,-1.2,18,17,0.043695809526441,-5.427132376015144,16,0.14854273844061622,-6.212494052887353,14,0.06542466577747615,-0.5266715094097955,12,0.19158084574350237,-1.227526537222905,0,,,-3.5931544042747583,,51.16727697882287,2026-08-25 12:17:49,"UPUMP,LDO,JUP,LIT,HYPE",反向钱包：15d方向胜率和平均收益偏差；时间衰减半衰期=14天,7.764058534574639
3627237,1500,2026-08-26 07:17:39,30,0x07642cbbd81e075d3bf14e0f6c1017f20c525572,smart_money,N,50.0,1.4,0,0,,,0,,,0,,,0,,,0,,,,,0.0,,,样本不足，暂按来源分组权重；时间衰减半衰期=14天,0.0
3627238,1500,2026-08-26 07:17:39,30,0x077a25d1f579574fe168bbaa924e40c9bfa57ccc,smart_money,N,50.0,1.4,0,0,,,0,,,0,,,0,,,0,,,,,0.0,,,样本不足，暂按来源分组权重；时间衰减半衰期=14天,0.0
3627239,1500,2026-08-26 07:17:39,30,0x07d431758c8bbbc111996d0af6f09c48416d2160,smart_money,N,50.0,1.4,7,5,0.0,0.0,5,0.0,0.0,1,0.0,0.0,1,0.0,0.0,0,,,0.0,,0.0,2026-08-26 03:18:03,UANSEM,样本不足，暂按来源分组权重；时间衰减半衰期=14天,3.5130051570232665
3627240,1500,2026-08-26 07:17:39,30,0x07fd993f0fa3a185f7207adccd29f7a87404689d,money_printer,N,50.0,1.2,7,5,0.0,-3.1059438775317623,0,,,0,,,0,,,0,,,,,0.0,2026-08-25 07:17:58,"XMR,AAVE,POL,LDO,PENDLE",样本不足，暂按来源分组权重；时间衰减半衰期=14天,4.748688491018665
3627241,1500,2026-08-26 07:17:39,30,0x07fe8986162d7f68bcfe15822ec062123dd45f9f,smart_money,N,50.0,1.4,5,5,0.39350240456509056,-2.5766824130775734,5,0.19147533523666613,0.0698278514254489,0,,,0,,,0,,,0.16775553152388878,,0.0,2026-08-22 06:17:02,"HYPE,SOL,FARTCOIN",样本不足，暂按来源分组权重；时间衰减半衰期=14天,4.043733768023589
3627242,1500,2026-08-26 07:17:39,30,0x081942c75ff82341ab9f71d5df8b1309f6ddbc3e,smart_money,N,50.0,1.4,0,0,,,0,,,0,,,0,,,0,,,,,0.0,,,样本不足，暂按来源分组权重；时间衰减半衰期=14天,0.0
3627243,1500,2026-08-26 07:17:39,30,0x082e843a431aef031264dc232693dd710aedca88,money_printer,N,50.0,1.2,0,0,,,0,,,0,,,0,,,0,,,,,0.0,,,样本不足，暂按来源分组权重；时间衰减半衰期=14天,0.0
3627244,1500,2026-08-26 07:17:39,30,0x083384f897ee0f19899168e3b1bec365f52a9012,money_printer,N,50.0,1.2,0,0,,,0,,,0,,,0,,,0,,,,,0.0,,,样本不足，暂按来源分组权重；时间衰减半衰期=14天,0.0
3627245,1500,2026-08-26 07:17:39,30,0x0833de1e42b93ec94a6ec31670bada94a9039f2c,smart_money,N,50.0,1.4,0,0,,,0,,,0,,,0,,,0,,,,,0.0,,,样本不足，暂按来源分组权重；时间衰减半衰期=14天,0.0
3627246,1500,2026-08-26 07:17:39,30,0x0873ca7cb967af8c35642d903a950d256c1701df,smart_money,N,50.0,1.4,0,0,,,0,,,0,,,0,,,0,,,,,0.0,,,样本不足，暂按来源分组权重；时间衰减半衰期=14天,0.0
3627247,1500,2026-08-26 07:17:39,30,0x088cc6048f04dc01fb00e90421911b362e758e70,smart_money,N,50.0,1.4,0,0,,,0,,,0,,,0,,,0,,,,,0.0,,,样本不足，暂按来源分组权重；时间衰减半衰期=14天,0.0
3627248,1500,2026-08-26 07:17:39,30,0x089563d1f7e3d20791d3f4224bae908952332c21,money_printer,N,50.0,1.2,0,0,,,0,,,0,,,0,,,0,,,,,0.0,,,样本不足，暂按来源分组权重；时间衰减半衰期=14天,0.0
3627249,1500,2026-08-26 07:17:39,30,0x089fe537f4b2af55fa990bc64ff4125800bba4f8,money_printer,N,50.0,1.2,0,0,,,0,,,0,,,0,,,0,,,,,0.0,,,样本不足，暂按来源分组权重；时间衰减半衰期=14天,0.0
3627250,1500,2026-08-26 07:17:39,30,0x08a49e7f7133577aa942f1c24119ff1c6797126d,smart_money,N,50.0,1.4,2,2,0.0,-23.568848504407413,2,0.0,-25.001267868546112,1,1.0,44.35899840570197,0,,,0,,,-22.179499202850984,,0.0,2026-08-22 21:17:55,UPUMP,样本不足，暂按来源分组权重；时间衰减半衰期=14天,1.4981594100396198
3627251,1500,2026-08-26 07:17:39,30,0x08bf75d17046412ae08c95b6106993f714487872,smart_money,N,50.0,1.4,0,0,,,0,,,0,,,0,,,0,,,,,0.0,,,样本不足，暂按来源分组权重；时间衰减半衰期=14天,0.0
3627252,1500,2026-08-26 07:17:39,30,0x08c14b32c8a48894e4b933090ebcc9ce33b21135,money_printer,N,50.0,1.2,0,0,,,0,,,0,,,0,,,0,,,,,0.0,,,样本不足，暂按来源分组权重；时间衰减半衰期=14天,0.0
3627253,1500,2026-08-26 07:17:39,30,0x08f85d5d9292b14b0aa0bd096606cfb24c6e8ca1,smart_money,N,50.0,1.4,0,0,,,0,,,0,,,0,,,0,,,,,0.0,,,样本不足，暂按来源分组权重；时间衰减半衰期=14天,0.0
3627254,1500,2026-08-26 07:17:39,30,0x091144e651b334341eabdbbbfed644ad0100023e,money_printer,N,50.0,1.2,0,0,,,0,,,0,,,0,,,0,,,,,0.0,,,样本不足，暂按来源分组权重；时间衰减半衰期=14天,0.0
3627255,1500,2026-08-26 07:17:39,30,0x091159a8106b077c13e89bc09701117e8b5f129a,money_printer,C,61.00007699394631,0.66,31,22,0.22365246569729372,-1.9415790920597729,18,0.2796626385999652,2.6826813949844572,5,0.6273817228858951,24.1099131935293,4,0.7160722058406136,2.316660255395169,0,,,2.6594457280086417,,0.0,2026-08-26 06:17:55,"ENA,ETH,LTC,GRAM,WIF",C级：噪音偏多，降权参考，主周期=72h；时间衰减半衰期=14天,15.681354006653441
3627256,1500,2026-08-26 07:17:39,30,0x0937aa6d83c851d506433ab342387a337c8b512a,smart_money,N,50.0,1.4,0,0,,,0,,,0,,,0,,,0,,,,,0.0,,,样本不足，暂按来源分组权重；时间衰减半衰期=14天,0.0
3627257,1500,2026-08-26 07:17:39,30,0x093f2e026bf3d52f5ba02306976255782ffbf712,smart_money,N,50.0,1.4,0,0,,,0,,,0,,,0,,,0,,,,,0.0,,,样本不足，暂按来源分组权重；时间衰减半衰期=14天,0.0
3627258,1500,2026-08-26 07:17:39,30,0x0949d8893c5a82030ad361499377a7d4f30af52a,money_printer,N,50.0,1.2,0,0,,,0,,,0,,,0,,,0,,,,,0.0,,,样本不足，暂按来源分组权重；时间衰减半衰期=14天,0.0
3627259,1500,2026-08-26 07:17:39,30,0x0980b34ade9476dba81bcdb0f865a333793ad1c2,smart_money,N,50.0,1.4,0,0,,,0,,,0,,,0,,,0,,,,,0.0,,,样本不足，暂按来源分组权重；时间衰减半衰期=14天,0.0
3627260,1500,2026-08-26 07:17:39,30,0x09969138013fdfae9438fbd705515f047f8a0ba6,smart_money,N,50.0,1.4,4,4,0.2518678483872155,-10.916872389999048,4,0.10927516680819963,-24.010908501593843,2,0.43385913489125716,4.897464634018221,2,0.43385913489125716,3.360838435963887,0,,,-15.284145756476772,,0.0,2026-08-21 10:17:00,AAVE,样本不足，暂按来源分组权重；时间衰减半衰期=14天,2.08922394528617
3627261,1500,2026-08-26 07:17:39,30,0x09bc1cf4d9f0b59e1425a8fde4d4b1f7d3c9410d,money_printer,C,50.974760431222,0.66,25,22,0.25119713718176007,-0.3390701945231155,16,0.2942277409491943,0.16531526280550127,7,0.21365169380415144,1.7287399549972393,4,0.26672948320629175,-5.429414587024371,0,,,0.3290109176708689,,0.0,2026-08-25 21:18:07,BTC,C级：噪音偏多，降权参考，主周期=72h；时间衰减半衰期=14天,15.418912057055513
3627262,1500,2026-08-26 07:17:39,30,0x0a06ec6754b628be489b2c40bba20c8580392a7b,money_printer,N,50.0,1.2,0,0,,,0,,,0,,,0,,,0,,,,,0.0,,,样本不足，暂按来源分组权重；时间衰减半衰期=14天,0.0
3627263,1500,2026-08-26 07:17:39,30,0x0a26016918a1ad8e57b899ea9484ce0ac87d5255,smart_money,N,50.0,1.4,0,0,,,0,,,0,,,0,,,0,,,,,0.0,,,样本不足，暂按来源分组权重；时间衰减半衰期=14天,0.0
3627264,1500,2026-08-26 07:17:39,30,0x0a8817c801b0801c2f2acfc8778a7cd807161e07,smart_money,N,50.0,1.4,0,0,,,0,,,0,,,0,,,0,,,,,0.0,,,样本不足，暂按来源分组权重；时间衰减半衰期=14天,0.0
3627265,1500,2026-08-26 07:17:39,30,0x0a8f51187b63a59f0f578c946675fe3be473d537,smart_money,N,50.0,1.4,0,0,,,0,,,0,,,0,,,0,,,,,0.0,,,样本不足，暂按来源分组权重；时间衰减半衰期=14天,0.0
3627266,1500,2026-08-26 07:17:39,30,0x0aa76cbe5405f234d9dc425eb20939d31fdf01e5,smart_money,N,50.0,1.4,0,0,,,0,,,0,,,0,,,0,,,,,0.0,,,样本不足，暂按来源分组权重；时间衰减半衰期=14天,0.0
3627267,1500,2026-08-26 07:17:39,30,0x0aa989625dedaee97b1996edd964bbb1bf52184d,money_printer,N,50.0,1.2,0,0,,,0,,,0,,,0,,,0,,,,,0.0,,,样本不足，暂按来源分组权重；时间衰减半衰期=14天,0.0
3627268,1500,2026-08-26 07:17:39,30,0x0ad500d23a43ae9b26a570cfb02b68c48a866565,smart_money,N,50.0,1.4,0,0,,,0,,,0,,,0,,,0,,,,,0.0,,,样本不足，暂按来源分组权重；时间衰减半衰期=14天,0.0
3627269,1500,2026-08-26 07:17:39,30,0x0ad9e656d9e6211d0ea1c5462342e1fc94cc4cbf,money_printer,N,50.0,1.2,9,6,0.3519556607861413,1.696655634355925,6,0.17016922098641274,-0.21291298184620344,0,,,0,,,0,,,-0.5052886632266569,,0.0,2026-08-25 13:18:03,"ZEC,BTC,ETH",样本不足，暂按来源分组权重；时间衰减半衰期=14天,4.6544891246672835
3627270,1500,2026-08-26 07:17:39,30,0x0af66f3571761d7196b713ff881609d7e7456fe1,smart_money,N,50.0,1.4,0,0,,,0,,,0,,,0,,,0,,,,,0.0,,,样本不足，暂按来源分组权重；时间衰减半衰期=14天,0.0
3627271,1500,2026-08-26 07:17:39,30,0x0b00c540bc5f203d97ac87da62164d3d37e19798,money_printer,N,50.0,1.2,0,0,,,0,,,0,,,0,,,0,,,,,0.0,,,样本不足，暂按来源分组权重；时间衰减半衰期=14天,0.0
3627272,1500,2026-08-26 07:17:39,30,0x0b1ace05eb9ef1c3a1951b763700ecad24f27741,smart_money,N,50.0,1.4,0,0,,,0,,,0,,,0,,,0,,,,,0.0,,,样本不足，暂按来源分组权重；时间衰减半衰期=14天,0.0
3627273,1500,2026-08-26 07:17:39,30,0x0b8095ad960526caa85633fb688a3ccd5bc7410e,smart_money,N,50.0,1.4,0,0,,,0,,,0,,,0,,,0,,,,,0.0,,,样本不足，暂按来源分组权重；时间衰减半衰期=14天,0.0
3627274,1500,2026-08-26 07:17:39,30,0x0b83bc39c98335a4ac56999c4ee89053cdb0508a,money_printer,N,50.0,1.2,0,0,,,0,,,0,,,0,,,0,,,,,0.0,,,样本不足，暂按来源分组权重；时间衰减半衰期=14天,0.0
3627275,1500,2026-08-26 07:17:39,30,0x0b891f9dbd3b164fab14a36f85542a6f43340441,smart_money,N,50.0,1.4,0,0,,,0,,,0,,,0,,,0,,,,,0.0,,,样本不足，暂按来源分组权重；时间衰减半衰期=14天,0.0
3627276,1500,2026-08-26 07:17:39,30,0x0b8ad91cb7fb0ae5c74661c926068a36f21f5192,money_printer,N,50.0,1.2,0,0,,,0,,,0,,,0,,,0,,,,,0.0,,,样本不足，暂按来源分组权重；时间衰减半衰期=14天,0.0
3627277,1500,2026-08-26 07:17:39,30,0x0bb6eb4200ae21b2e40a7051b481fab57b51f2c4,smart_money,N,50.0,1.4,0,0,,,0,,,0,,,0,,,0,,,,,0.0,,,样本不足，暂按来源分组权重；时间衰减半衰期=14天,0.0
3627278,1500,2026-08-26 07:17:39,30,0x0becb107c5defbb260cf044e400d4af503eedd34,money_printer,N,50.0,1.2,0,0,,,0,,,0,,,0,,,0,,,,,0.0,,,样本不足，暂按来源分组权重；时间衰减半衰期=14天,0.0
3627279,1500,2026-08-26 07:17:39,30,0x0bfd7d7721f4c116e853c18ea7998e1cc2350a7d,smart_money,N,50.0,1.4,0,0,,,0,,,0,,,0,,,0,,,,,0.0,,,样本不足，暂按来源分组权重；时间衰减半衰期=14天,0.0
3627280,1500,2026-08-26 07:17:39,30,0x0c067f133e948a9f87222b0b163bd801428b675d,smart_money,N,50.0,1.4,0,0,,,0,,,0,,,0,,,0,,,,,0.0,,,样本不足，暂按来源分组权重；时间衰减半衰期=14天,0.0
3627281,1500,2026-08-26 07:17:39,30,0x0c14dc1dc0e7f1e55c400c40ff0f97b36f5ce8a7,smart_money,N,50.0,1.4,0,0,,,0,,,0,,,0,,,0,,,,,0.0,,,样本不足，暂按来源分组权重；时间衰减半衰期=14天,0.0
3627282,1500,2026-08-26 07:17:39,30,0x0c156975b3e10cccbb041d35dc14b0a10649f55a,smart_money,N,50.0,1.4,0,0,,,0,,,0,,,0,,,0,,,,,0.0,,,样本不足，暂按来源分组权重；时间衰减半衰期=14天,0.0
3627283,1500,2026-08-26 07:17:39,30,0x0c1fd4fed8679488afb3b23b2b872971e0001d39,smart_money,N,50.0,1.4,1,1,1.0,8.41818124147555,1,1.0,4.42795064547847,0,,,0,,,0,,,4.42795064547847,,0.0,2026-08-22 07:17:04,XRP,样本不足，暂按来源分组权重；时间衰减半衰期=14天,0.8203189032461501
3627284,1500,2026-08-26 07:17:39,30,0x0c3405f5fcb19e6e42f7a05fad4ea3e52346b6d9,smart_money,N,50.0,1.4,0,0,,,0,,,0,,,0,,,0,,,,,0.0,,,样本不足，暂按来源分组权重；时间衰减半衰期=14天,0.0
3627285,1500,2026-08-26 07:17:39,30,0x0c349d9b92fbd172bbb5a17a9db0a673a6a10ad3,money_printer,N,50.0,1.2,0,0,,,0,,,0,,,0,,,0,,,,,0.0,,,样本不足，暂按来源分组权重；时间衰减半衰期=14天,0.0
3627286,1500,2026-08-26 07:17:39,30,0x0c395460f743880e3daf790d045a4306e7f329f0,money_printer,N,50.0,1.2,0,0,,,0,,,0,,,0,,,0,,,,,0.0,,,样本不足，暂按来源分组权重；时间衰减半衰期=14天,0.0
3627287,1500,2026-08-26 07:17:39,30,0x0c44471cc8516125ead11e09446302ae20540ed4,smart_money,N,50.0,1.4,1,1,1.0,1.3588444687842176,1,1.0,8.452217962760116,0,,,0,,,0,,,8.452217962760116,,0.0,2026-08-20 09:17:04,HYPE,样本不足，暂按来源分组权重；时间衰减半衰期=14天,0.7460540281180574
3627288,1500,2026-08-26 07:17:39,30,0x0c4a3a7ac74d43732f9b5ea507f01ab72a381b19,smart_money,C,51.19998279557742,0.77,21,18,0.18287660580116336,-0.25141481733452326,16,0.39496787131969363,-1.5660196117012763,6,0.16698839418063063,-15.578269992811434,2,0.48968763196806153,-0.5876061810121516,0,,,-1.7849864433389857,,0.0,2026-08-25 21:18:07,"BTC,ETH",C级：噪音偏多，降权参考，主周期=72h；时间衰减半衰期=14天,12.73291356701668
3627289,1500,2026-08-26 07:17:39,30,0x0c51fe7923bee4c22a84c5b4109e0c5336d8fde2,smart_money,N,50.0,1.4,0,0,,,0,,,0,,,0,,,0,,,,,0.0,,,样本不足，暂按来源分组权重；时间衰减半衰期=14天,0.0
3627290,1500,2026-08-26 07:17:39,30,0x0c6486974e303247c2e3f67ee110ac3576359107,smart_money,N,50.0,1.4,0,0,,,0,,,0,,,0,,,0,,,,,0.0,,,样本不足，暂按来源分组权重；时间衰减半衰期=14天,0.0
3627291,1500,2026-08-26 07:17:39,30,0x0c6944aba8bd9d86ddfce60fe4e1324943c444ce,money_printer,N,50.0,1.2,0,0,,,0,,,0,,,0,,,0,,,,,0.0,,,样本不足，暂按来源分组权重；时间衰减半衰期=14天,0.0
3627292,1500,2026-08-26 07:17:39,30,0x0c7aafb0a737a800b2e908974be6a1c9f9892f50,smart_money,N,50.0,1.4,0,0,,,0,,,0,,,0,,,0,,,,,0.0,,,样本不足，暂按来源分组权重；时间衰减半衰期=14天,0.0
3627293,1500,2026-08-26 07:17:39,30,0x0ca4109c94438dde8d7386da27180f414de80fa8,smart_money,N,50.0,1.4,0,0,,,0,,,0,,,0,,,0,,,,,0.0,,,样本不足，暂按来源分组权重；时间衰减半衰期=14天,0.0
3627294,1500,2026-08-26 07:17:39,30,0x0cacfc8c96b84bc5698fcdcb5ffd536b4a246170,money_printer,N,50.0,1.2,0,0,,,0,,,0,,,0,,,0,,,,,0.0,,,样本不足，暂按来源分组权重；时间衰减半衰期=14天,0.0
3627295,1500,2026-08-26 07:17:39,30,0x0cc705942b1565e2f76201d934b32472e75b3a76,smart_money,N,50.0,1.4,0,0,,,0,,,0,,,0,,,0,,,,,0.0,,,样本不足，暂按来源分组权重；时间衰减半衰期=14天,0.0
3627296,1500,2026-08-26 07:17:39,30,0x0cd16f3f840852b17db7f47c270bbd1a9d082bf3,smart_money,N,50.0,1.4,0,0,,,0,,,0,,,0,,,0,,,,,0.0,,,样本不足，暂按来源分组权重；时间衰减半衰期=14天,0.0
3627297,1500,2026-08-26 07:17:39,30,0x0ce048fe42c170e41740ee392e187f19515f339d,smart_money,N,50.0,1.4,0,0,,,0,,,0,,,0,,,0,,,,,0.0,,,样本不足，暂按来源分组权重；时间衰减半衰期=14天,0.0
3627298,1500,2026-08-26 07:17:39,30,0x0ce5bb59a414fb2a7cc1e586aa2d7eee37af7acf,smart_money,N,50.0,1.4,0,0,,,0,,,0,,,0,,,0,,,,,0.0,,,样本不足，暂按来源分组权重；时间衰减半衰期=14天,0.0
3627299,1500,2026-08-26 07:17:39,30,0x0ced48f806aa40b6a0ff3eeee40700c2d3d404f2,money_printer,N,50.0,1.2,0,0,,,0,,,0,,,0,,,0,,,,,0.0,,,样本不足，暂按来源分组权重；时间衰减半衰期=14天,0.0
3627300,1500,2026-08-26 07:17:39,30,0x0cfc3f1c075fcc56f2642539a6e09c5fbd09d629,smart_money,N,50.0,1.4,0,0,,,0,,,0,,,0,,,0,,,,,0.0,,,样本不足，暂按来源分组权重；时间衰减半衰期=14天,0.0
3627301,1500,2026-08-26 07:17:39,30,0x0d1334c633c32ea203abe54c8208d4d9fb5bcba2,smart_money,N,50.0,1.4,0,0,,,0,,,0,,,0,,,0,,,,,0.0,,,样本不足，暂按来源分组权重；时间衰减半衰期=14天,0.0
3627302,1500,2026-08-26 07:17:39,30,0x0d21f939c96a13ccb9cccbf2911545d009a2e34a,money_printer,N,50.0,1.2,0,0,,,0,,,0,,,0,,,0,,,,,0.0,,,样本不足，暂按来源分组权重；时间衰减半衰期=14天,0.0
3627303,1500,2026-08-26 07:17:39,30,0x0d2cc9a3f3177ecbb6ecf8fbd0e6645fcfa2b208,money_printer,N,50.0,1.2,0,0,,,0,,,0,,,0,,,0,,,,,0.0,,,样本不足，暂按来源分组权重；时间衰减半衰期=14天,0.0
3627304,1500,2026-08-26 07:17:39,30,0x0dab9910d8beaebee505767b5d4e8e25f41cb7a0,smart_money,N,50.0,1.4,0,0,,,0,,,0,,,0,,,0,,,,,0.0,,,样本不足，暂按来源分组权重；时间衰减半衰期=14天,0.0
3627305,1500,2026-08-26 07:17:39,30,0x0daf132c5554fd7d5eb422585426af557d8847e0,money_printer,N,50.0,1.2,0,0,,,0,,,0,,,0,,,0,,,,,0.0,,,样本不足，暂按来源分组权重；时间衰减半衰期=14天,0.0
3627306,1500,2026-08-26 07:17:39,30,0x0dc69f398a6c1b6d1777ff4be17cdb97ca7e5786,smart_money,N,50.0,1.4,0,0,,,0,,,0,,,0,,,0,,,,,0.0,,,样本不足，暂按来源分组权重；时间衰减半衰期=14天,0.0
3627307,1500,2026-08-26 07:17:39,30,0x0dd5db9c3748486e747c6a123727f472668cf6ee,smart_money,N,50.0,1.4,0,0,,,0,,,0,,,0,,,0,,,,,0.0,,,样本不足，暂按来源分组权重；时间衰减半衰期=14天,0.0
3627308,1500,2026-08-26 07:17:39,30,0x0ddde365cdff6b4827d2f7d0c66f8c99b18f6e54,smart_money,N,50.0,1.4,0,0,,,0,,,0,,,0,,,0,,,,,0.0,,,样本不足，暂按来源分组权重；时间衰减半衰期=14天,0.0
3627309,1500,2026-08-26 07:17:39,30,0x0ddf9bae2af4b874b96d287a5ad42eb47138a902,money_printer,N,50.0,1.2,1,1,1.0,10.256044504671555,1,1.0,15.54335163920786,0,,,0,,,0,,,15.54335163920786,,0.0,2026-08-19 21:17:06,ETH,样本不足，暂按来源分组权重；时间衰减半衰期=14天,0.7278128281572603
3627310,1500,2026-08-26 07:17:39,30,0x0de52cf07a1c9f48e8a812cd5c1239688144664a,smart_money,N,50.0,1.4,0,0,,,0,,,0,,,0,,,0,,,,,0.0,,,样本不足，暂按来源分组权重；时间衰减半衰期=14天,0.0
3627311,1500,2026-08-26 07:17:39,30,0x0df25979a16d993e55bd58d05b6197c71634ab64,smart_money,N,50.0,1.4,0,0,,,0,,,0,,,0,,,0,,,,,0.0,,,样本不足，暂按来源分组权重；时间衰减半衰期=14天,0.0
3627312,1500,2026-08-26 07:17:39,30,0x0dfc5e0e9ae0bc59337d8f4f11459fdc7a146388,smart_money,N,50.0,1.4,0,0,,,0,,,0,,,0,,,0,,,,,0.0,,,样本不足，暂按来源分组权重；时间衰减半衰期=14天,0.0
3627313,1500,2026-08-26 07:17:39,30,0x0e21ecedde58a8e077ef669a163044e70a62a3fb,smart_money,N,50.0,1.4,0,0,,,0,,,0,,,0,,,0,,,,,0.0,,,样本不足，暂按来源分组权重；时间衰减半衰期=14天,0.0
3627314,1500,2026-08-26 07:17:39,30,0x0e71232d0315244c0d6846552bc0fa432cc6df0e,smart_money,N,50.0,1.4,0,0,,,0,,,0,,,0,,,0,,,,,0.0,,,样本不足，暂按来源分组权重；时间衰减半衰期=14天,0.0
3627315,1500,2026-08-26 07:17:39,30,0x0eb8f692baba6c6f4a5e57c7e222758c95a9ce81,smart_money,N,50.0,1.4,0,0,,,0,,,0,,,0,,,0,,,,,0.0,,,样本不足，暂按来源分组权重；时间衰减半衰期=14天,0.0
3627316,1500,2026-08-26 07:17:39,30,0x0eba5721065f961bced568527bfa03ea9ed61a00,smart_money,N,50.0,1.4,0,0,,,0,,,0,,,0,,,0,,,,,0.0,,,样本不足，暂按来源分组权重；时间衰减半衰期=14天,0.0
3627317,1500,2026-08-26 07:17:39,30,0x0ec315491f9b05d9b9cdb0b060553671fcdec1f1,smart_money,N,50.0,1.4,0,0,,,0,,,0,,,0,,,0,,,,,0.0,,,样本不足，暂按来源分组权重；时间衰减半衰期=14天,0.0
3627318,1500,2026-08-26 07:17:39,30,0x0ec6b3ae9a6cb7074542dffe9c8af7cdbcc4a016,smart_money,N,50.0,1.4,0,0,,,0,,,0,,,0,,,0,,,,,0.0,,,样本不足，暂按来源分组权重；时间衰减半衰期=14天,0.0
3627319,1500,2026-08-26 07:17:39,30,0x0eecd62efb05009e2b72964b4bcdbcf653afd4c5,smart_money,N,50.0,1.4,0,0,,,0,,,0,,,0,,,0,,,,,0.0,,,样本不足，暂按来源分组权重；时间衰减半衰期=14天,0.0
3627320,1500,2026-08-26 07:17:39,30,0x0f04da3b0c7e0494482230703e3defd7b2f1c4be,smart_money,N,50.0,1.4,0,0,,,0,,,0,,,0,,,0,,,,,0.0,,,样本不足，暂按来源分组权重；时间衰减半衰期=14天,0.0
3627321,1500,2026-08-26 07:17:39,30,0x0f7707db61e6add7c377757c0aa8068a58e389cc,smart_money,N,50.0,1.4,0,0,,,0,,,0,,,0,,,0,,,,,0.0,,,样本不足，暂按来源分组权重；时间衰减半衰期=14天,0.0
3627322,1500,2026-08-26 07:17:39,30,0x0f7a453567401070ddb6b4ec82f97bd78b857c04,smart_money,N,50.0,1.4,0,0,,,0,,,0,,,0,,,0,,,,,0.0,,,样本不足，暂按来源分组权重；时间衰减半衰期=14天,0.0
3627323,1500,2026-08-26 07:17:39,30,0x0f8c856907dfafb96871abe09a76586311632ef8,smart_money,N,50.0,1.4,0,0,,,0,,,0,,,0,,,0,,,,,0.0,,,样本不足，暂按来源分组权重；时间衰减半衰期=14天,0.0
3627324,1500,2026-08-26 07:17:39,30,0x0f991873aab3e14191978946d48f30f624ae9867,money_printer,N,50.0,1.2,0,0,,,0,,,0,,,0,,,0,,,,,0.0,,,样本不足，暂按来源分组权重；时间衰减半衰期=14天,0.0
3627325,1500,2026-08-26 07:17:39,30,0x0f9c4b57f918a3161c906c137e637e2f5b3457a7,smart_money,N,50.0,1.4,0,0,,,0,,,0,,,0,,,0,,,,,0.0,,,样本不足，暂按来源分组权重；时间衰减半衰期=14天,0.0
3627326,1500,2026-08-26 07:17:39,30,0x0fd468a73084daa6ea77a9261e40fdec3e67e0c7,money_printer,N,50.0,1.2,0,0,,,0,,,0,,,0,,,0,,,,,0.0,,,样本不足，暂按来源分组权重；时间衰减半衰期=14天,0.0
3627327,1500,2026-08-26 07:17:39,30,0x0fd6f65d35cf13ae51795036d0ae9af42f3cbcb4,smart_money,N,50.0,1.4,0,0,,,0,,,0,,,0,,,0,,,,,0.0,,,样本不足，暂按来源分组权重；时间衰减半衰期=14天,0.0
3627328,1500,2026-08-26 07:17:39,30,0x1001a2fed4bdac4dd037319af153093185b90350,smart_money,N,50.0,1.4,0,0,,,0,,,0,,,0,,,0,,,,,0.0,,,样本不足，暂按来源分组权重；时间衰减半衰期=14天,0.0
3627329,1500,2026-08-26 07:17:39,30,0x100f4a6d8713e0df271f25323f9d9399496ff179,money_printer,N,50.0,1.2,0,0,,,0,,,0,,,0,,,0,,,,,0.0,,,样本不足，暂按来源分组权重；时间衰减半衰期=14天,0.0
3627330,1500,2026-08-26 07:17:39,30,0x103e9d15f8a102ef9333ad8b66ffe25b0db448a4,money_printer,N,50.0,1.2,0,0,,,0,,,0,,,0,,,0,,,,,0.0,,,样本不足，暂按来源分组权重；时间衰减半衰期=14天,0.0
3627331,1500,2026-08-26 07:17:39,30,0x1044566e87c868cf9a642eb9809d70a0fc0af997,smart_money,N,50.0,1.4,4,4,0.35331840190417124,-2.1322457639110914,4,0.35331840190417124,0.9195399059756737,2,0.0,0.001580477623347711,2,0.0,0.16720808241413726,0,,,0.8733121672360276,,0.0,2026-08-20 09:17:04,NEKO,样本不足，暂按来源分组权重；时间衰减半衰期=14天,2.0387951261888952
3627332,1500,2026-08-26 07:17:39,30,0x10495f72a1623ff2d836a2cbb25eaba7ff92e246,smart_money,N,50.0,1.4,0,0,,,0,,,0,,,0,,,0,,,,,0.0,,,样本不足，暂按来源分组权重；时间衰减半衰期=14天,0.0
3627333,1500,2026-08-26 07:17:39,30,0x105a8501eae3aa9462a47568a2de12e421f75e5e,smart_money,N,50.0,1.4,0,0,,,0,,,0,,,0,,,0,,,,,0.0,,,样本不足，暂按来源分组权重；时间衰减半衰期=14天,0.0
3627334,1500,2026-08-26 07:17:39,30,0x1072c71c11c15de15ff664c8736dc9a04966fabd,money_printer,N,50.0,1.2,0,0,,,0,,,0,,,0,,,0,,,,,0.0,,,样本不足，暂按来源分组权重；时间衰减半衰期=14天,0.0
3627335,1500,2026-08-26 07:17:39,30,0x107a3e62969957f4c0be0340f457f1298acfe78e,smart_money,N,50.0,1.4,0,0,,,0,,,0,,,0,,,0,,,,,0.0,,,样本不足，暂按来源分组权重；时间衰减半衰期=14天,0.0
3627336,1500,2026-08-26 07:17:39,30,0x10b6f072fabe21bc72ffd77ff5d4414e6cef2980,smart_money,N,50.0,1.4,0,0,,,0,,,0,,,0,,,0,,,,,0.0,,,样本不足，暂按来源分组权重；时间衰减半衰期=14天,0.0
3627337,1500,2026-08-26 07:17:39,30,0x10c0ecdc55537474489435af0ec8d17baabb715e,smart_money,N,50.0,1.4,0,0,,,0,,,0,,,0,,,0,,,,,0.0,,,样本不足，暂按来源分组权重；时间衰减半衰期=14天,0.0
3627338,1500,2026-08-26 07:17:39,30,0x10cd85d0257e666fa74de7c03965a6ec9383e171,smart_money,N,50.0,1.4,0,0,,,0,,,0,,,0,,,0,,,,,0.0,,,样本不足，暂按来源分组权重；时间衰减半衰期=14天,0.0
3627339,1500,2026-08-26 07:17:39,30,0x10d7da9340e45a6ec6f93a495a7f9ae0e5075a34,smart_money,N,50.0,1.4,4,4,0.33430402633068784,2.2625165507542744,4,0.5560500016515264,5.80111540427016,3,0.0,-0.03977977334539224,0,,,0,,,4.606201190118831,,0.0,2026-08-19 16:17:05,"SOL,BTC",样本不足，暂按来源分组权重；时间衰减半衰期=14天,2.154756685707763
3627340,1500,2026-08-26 07:17:39,30,0x10d9dc2812ccb0ea9a9b89864def70a57a944890,smart_money,N,50.0,1.4,0,0,,,0,,,0,,,0,,,0,,,,,0.0,,,样本不足，暂按来源分组权重；时间衰减半衰期=14天,0.0
3627341,1500,2026-08-26 07:17:39,30,0x10da391e349b02b380359cb402dc908dfe660221,smart_money,N,50.0,1.4,0,0,,,0,,,0,,,0,,,0,,,,,0.0,,,样本不足，暂按来源分组权重；时间衰减半衰期=14天,0.0
3627342,1500,2026-08-26 07:17:39,30,0x1111bbf435a2b5e0f17e97a0764c58f2ed4bf167,money_printer,N,50.0,1.2,0,0,,,0,,,0,,,0,,,0,,,,,0.0,,,样本不足，暂按来源分组权重；时间衰减半衰期=14天,0.0
3627343,1500,2026-08-26 07:17:39,30,0x1116b5fcc070945062e8879841c29807db373d0d,smart_money,N,50.0,1.4,0,0,,,0,,,0,,,0,,,0,,,,,0.0,,,样本不足，暂按来源分组权重；时间衰减半衰期=14天,0.0
3627344,1500,2026-08-26 07:17:39,30,0x112819b32d30680790d9caac04b656dd52da21a1,smart_money,N,50.0,1.4,0,0,,,0,,,0,,,0,,,0,,,,,0.0,,,样本不足，暂按来源分组权重；时间衰减半衰期=14天,0.0
3627345,1500,2026-08-26 07:17:39,30,0x115231b1c0ad58f97944f8e69ef0dbb35f1cd055,smart_money,N,50.0,1.4,0,0,,,0,,,0,,,0,,,0,,,,,0.0,,,样本不足，暂按来源分组权重；时间衰减半衰期=14天,0.0
3627346,1500,2026-08-26 07:17:39,30,0x115849ce84370f25cadcf0d348510d73837e1aa5,smart_money,N,50.0,1.4,0,0,,,0,,,0,,,0,,,0,,,,,0.0,,,样本不足，暂按来源分组权重；时间衰减半衰期=14天,0.0
3627347,1500,2026-08-26 07:17:39,30,0x115e64063e79c9788cf554e1c2e88a069d8a9719,smart_money,N,50.0,1.4,0,0,,,0,,,0,,,0,,,0,,,,,0.0,,,样本不足，暂按来源分组权重；时间衰减半衰期=14天,0.0
3627348,1500,2026-08-26 07:17:39,30,0x11615843a09fa765d98ebf3eb15690450ef7e60a,smart_money,N,50.0,1.4,0,0,,,0,,,0,,,0,,,0,,,,,0.0,,,样本不足，暂按来源分组权重；时间衰减半衰期=14天,0.0
3627349,1500,2026-08-26 07:17:39,30,0x1174c19e08d5dbf3444c6376d6583b2d4f91cb65,smart_money,N,50.0,1.4,0,0,,,0,,,0,,,0,,,0,,,,,0.0,,,样本不足，暂按来源分组权重；时间衰减半衰期=14天,0.0
3627350,1500,2026-08-26 07:17:39,30,0x11e145d11145793fc99697612ab4e7cdcfe9c5fb,smart_money,N,50.0,1.4,4,4,0.35331840190417124,-2.1322457639110914,4,0.35331840190417124,0.9195399059756737,2,0.0,0.001580477623347711,2,0.0,0.16720808241413726,0,,,0.8733121672360276,,0.0,2026-08-20 09:17:04,NEKO,样本不足，暂按来源分组权重；时间衰减半衰期=14天,2.0387951261888952
3627351,1500,2026-08-26 07:17:39,30,0x12203316069a9d155cdadaa94a8e4b3e40ce6447,smart_money,N,50.0,1.4,0,0,,,0,,,0,,,0,,,0,,,,,0.0,,,样本不足，暂按来源分组权重；时间衰减半衰期=14天,0.0
3627352,1500,2026-08-26 07:17:39,30,0x123dbca6a27005a3c4ce10cb66ee8ece8fc13bff,money_printer,N,50.0,1.2,0,0,,,0,,,0,,,0,,,0,,,,,0.0,,,样本不足，暂按来源分组权重；时间衰减半衰期=14天,0.0
3627353,1500,2026-08-26 07:17:39,30,0x1271bf72a18549ee6d2ea3ab7e5dd4ae1c4eb05f,smart_money,N,50.0,1.4,0,0,,,0,,,0,,,0,,,0,,,,,0.0,,,样本不足，暂按来源分组权重；时间衰减半衰期=14天,0.0
3627354,1500,2026-08-26 07:17:39,30,0x128d456203c4eafa0d996904389fad7204595391,smart_money,N,50.0,1.4,0,0,,,0,,,0,,,0,,,0,,,,,0.0,,,样本不足，暂按来源分组权重；时间衰减半衰期=14天,0.0
3627355,1500,2026-08-26 07:17:39,30,0x129cfcdced580dcd6c2e0e1d6ac3f608e0c66040,smart_money,N,50.0,1.4,0,0,,,0,,,0,,,0,,,0,,,,,0.0,,,样本不足，暂按来源分组权重；时间衰减半衰期=14天,0.0
3627356,1500,2026-08-26 07:17:39,30,0x12f147f08112ff4c32c66bad45118302d20d807c,smart_money,N,50.0,1.4,0,0,,,0,,,0,,,0,,,0,,,,,0.0,,,样本不足，暂按来源分组权重；时间衰减半衰期=14天,0.0
3627357,1500,2026-08-26 07:17:39,30,0x1337c163a5d5b60618ffceaf3a7f2130e607f39b,smart_money,N,50.0,1.4,0,0,,,0,,,0,,,0,,,0,,,,,0.0,,,样本不足，暂按来源分组权重；时间衰减半衰期=14天,0.0
3627358,1500,2026-08-26 07:17:39,30,0x135097a80cc35350acc31f4c0f04bfde52a58f6a,smart_money,N,50.0,1.4,0,0,,,0,,,0,,,0,,,0,,,,,0.0,,,样本不足，暂按来源分组权重；时间衰减半衰期=14天,0.0
3627359,1500,2026-08-26 07:17:39,30,0x13558be785661958932ceac35ba20de187275a42,smart_money,N,50.0,1.4,0,0,,,0,,,0,,,0,,,0,,,,,0.0,,,样本不足，暂按来源分组权重；时间衰减半衰期=14天,0.0
3627360,1500,2026-08-26 07:17:39,30,0x13640f452a56aaa7a5a5e5a6bd24c45374dacbcc,smart_money,N,50.0,1.4,0,0,,,0,,,0,,,0,,,0,,,,,0.0,,,样本不足，暂按来源分组权重；时间衰减半衰期=14天,0.0
3627361,1500,2026-08-26 07:17:39,30,0x136c473f6d88c1ec17c2ed6b6cb273983e028458,smart_money,N,50.0,1.4,0,0,,,0,,,0,,,0,,,0,,,,,0.0,,,样本不足，暂按来源分组权重；时间衰减半衰期=14天,0.0
3627362,1500,2026-08-26 07:17:39,30,0x13a0833e8201b37c161feb2df764159707f71409,smart_money,N,50.0,1.4,0,0,,,0,,,0,,,0,,,0,,,,,0.0,,,样本不足，暂按来源分组权重；时间衰减半衰期=14天,0.0
3627363,1500,2026-08-26 07:17:39,30,0x13b2e9091268f291f165196d4832ba1c5ac02938,money_printer,N,50.0,1.2,0,0,,,0,,,0,,,0,,,0,,,,,0.0,,,样本不足，暂按来源分组权重；时间衰减半衰期=14天,0.0
3627364,1500,2026-08-26 07:17:39,30,0x13c7b972ea539e2a2cc97774fc16e57961ee5021,smart_money,N,50.0,1.4,0,0,,,0,,,0,,,0,,,0,,,,,0.0,,,样本不足，暂按来源分组权重；时间衰减半衰期=14天,0.0
3627365,1500,2026-08-26 07:17:39,30,0x13f210c8baf5f5dbaff3e917e2e5a49e73bbaf12,smart_money,N,50.0,1.4,0,0,,,0,,,0,,,0,,,0,,,,,0.0,,,样本不足，暂按来源分组权重；时间衰减半衰期=14天,0.0
3627366,1500,2026-08-26 07:17:39,30,0x14209452e1d82dd0adf703454c1d1d907f142830,smart_money,N,50.0,1.4,0,0,,,0,,,0,,,0,,,0,,,,,0.0,,,样本不足，暂按来源分组权重；时间衰减半衰期=14天,0.0
3627367,1500,2026-08-26 07:17:39,30,0x14246f4bbafb87ccebac17609054c6a188ed8cfd,smart_money,N,50.0,1.4,0,0,,,0,,,0,,,0,,,0,,,,,0.0,,,样本不足，暂按来源分组权重；时间衰减半衰期=14天,0.0
3627368,1500,2026-08-26 07:17:39,30,0x142a1aad965db6b3d2ad63b174419a3095bfa4c0,money_printer,N,50.0,1.2,0,0,,,0,,,0,,,0,,,0,,,,,0.0,,,样本不足，暂按来源分组权重；时间衰减半衰期=14天,0.0
3627369,1500,2026-08-26 07:17:39,30,0x143c28ae5b8642f58c98b8a6f82a0f314d23f6ab,smart_money,N,50.0,1.4,0,0,,,0,,,0,,,0,,,0,,,,,0.0,,,样本不足，暂按来源分组权重；时间衰减半衰期=14天,0.0
3627370,1500,2026-08-26 07:17:39,30,0x14b25601e369b40f5bcd1de0f9a53174e3c59d34,money_printer,N,50.0,1.2,0,0,,,0,,,0,,,0,,,0,,,,,0.0,,,样本不足，暂按来源分组权重；时间衰减半衰期=14天,0.0
3627371,1500,2026-08-26 07:17:39,30,0x14b96ee58172ad811059aa346515e944a6dbdf3a,smart_money,N,50.0,1.4,0,0,,,0,,,0,,,0,,,0,,,,,0.0,,,样本不足，暂按来源分组权重；时间衰减半衰期=14天,0.0
3627372,1500,2026-08-26 07:17:39,30,0x14dcae28535c4ede02d0b7ec4d5257f7326e0bf9,smart_money,N,50.0,1.4,0,0,,,0,,,0,,,0,,,0,,,,,0.0,,,样本不足，暂按来源分组权重；时间衰减半衰期=14天,0.0
3627373,1500,2026-08-26 07:17:39,30,0x14eb05e1905ee16bdd774fb541d3c2d491edca27,smart_money,N,50.0,1.4,0,0,,,0,,,0,,,0,,,0,,,,,0.0,,,样本不足，暂按来源分组权重；时间衰减半衰期=14天,0.0
3627374,1500,2026-08-26 07:17:39,30,0x14f23416197effe31a8be0ee400ceaeb8f67f6ec,smart_money,N,50.0,1.4,0,0,,,0,,,0,,,0,,,0,,,,,0.0,,,样本不足，暂按来源分组权重；时间衰减半衰期=14天,0.0
3627375,1500,2026-08-26 07:17:39,30,0x14f5dd7ca3e4ef4aba7431ad10d9dacaf14fd103,smart_money,N,50.0,1.4,0,0,,,0,,,0,,,0,,,0,,,,,0.0,,,样本不足，暂按来源分组权重；时间衰减半衰期=14天,0.0
3627376,1500,2026-08-26 07:17:39,30,0x14f8e042905350cee7ae0cec27f092f10dd912bb,smart_money,N,50.0,1.4,0,0,,,0,,,0,,,0,,,0,,,,,0.0,,,样本不足，暂按来源分组权重；时间衰减半衰期=14天,0.0
3627377,1500,2026-08-26 07:17:39,30,0x15094c3ec74e8a43c082042815e0c135deebb152,smart_money,N,50.0,1.4,0,0,,,0,,,0,,,0,,,0,,,,,0.0,,,样本不足，暂按来源分组权重；时间衰减半衰期=14天,0.0
3627378,1500,2026-08-26 07:17:39,30,0x15271757b398cd1d3d7cca05c4f7b0c159afa7c2,money_printer,N,50.0,1.2,0,0,,,0,,,0,,,0,,,0,,,,,0.0,,,样本不足，暂按来源分组权重；时间衰减半衰期=14天,0.0
3627379,1500,2026-08-26 07:17:39,30,0x152e41f0b83e6cad4b5dc730c1d6279b7d67c9dc,money_printer,C,94.41952339914032,0.66,21,21,0.45546294182148794,1.0750705128765057,21,0.24819680940966327,0.8019210680298076,20,0.4468204477195447,6.268358657608947,15,0.43637376277824974,11.585145944265687,0,,,-0.24631908336759012,,0.0,2026-08-19 16:17:05,"HYPE,ETH,BTC",C级：噪音偏多，降权参考，主周期=15d；时间衰减半衰期=14天,8.553858488342165
3627380,1500,2026-08-26 07:17:39,30,0x15644242581131594413ef72346ac5c5305b8add,smart_money,N,50.0,1.4,1,1,0.0,0.0,1,0.0,0.2913593735773476,1,0.0,2.913593735773463,1,0.0,2.913593735773463,0,,,0.2913593735773476,,0.0,2026-08-01 15:16:56,UPUMP,样本不足，暂按来源分组权重；时间衰减半衰期=14天,0.2948513468063502
3627381,1500,2026-08-26 07:17:39,30,0x15698233ddeffd2d2b25f687ac0a938bec8cba3b,smart_money,N,50.0,1.4,0,0,,,0,,,0,,,0,,,0,,,,,0.0,,,样本不足，暂按来源分组权重；时间衰减半衰期=14天,0.0
3627382,1500,2026-08-26 07:17:39,30,0x156daf376cfbdd938c470a227508b0ba022c998f,smart_money,N,50.0,1.4,0,0,,,0,,,0,,,0,,,0,,,,,0.0,,,样本不足，暂按来源分组权重；时间衰减半衰期=14天,0.0
3627383,1500,2026-08-26 07:17:39,30,0x15a105b6eca967a438a6930f6859b7e5dbc134a7,smart_money,N,50.0,1.4,0,0,,,0,,,0,,,0,,,0,,,,,0.0,,,样本不足，暂按来源分组权重；时间衰减半衰期=14天,0.0
3627384,1500,2026-08-26 07:17:39,30,0x15a4f009bb324a3fb9e36137136b201e3fe0dfdb,money_printer,N,50.0,1.2,0,0,,,0,,,0,,,0,,,0,,,,,0.0,,,样本不足，暂按来源分组权重；时间衰减半衰期=14天,0.0
3627385,1500,2026-08-26 07:17:39,30,0x15b325660a1c4a9582a7d834c31119c0cb9e3a42,money_printer,N,50.0,1.2,2,2,1.0,7.345269393377191,2,1.0,11.366126561666677,0,,,0,,,0,,,11.367195209247324,,0.0,2026-08-20 15:17:00,HYPE,样本不足，暂按来源分组权重；时间衰减半衰期=14天,1.509131935168784
3627386,1500,2026-08-26 07:17:39,30,0x15c8a479139a2e195b37790ace4870d1f2be045f,smart_money,N,50.0,1.4,0,0,,,0,,,0,,,0,,,0,,,,,0.0,,,样本不足，暂按来源分组权重；时间衰减半衰期=14天,0.0
3627387,1500,2026-08-26 07:17:39,30,0x15df49f74171cd2157c89084f63e15fbd12c6ca1,money_printer,N,50.0,1.2,0,0,,,0,,,0,,,0,,,0,,,,,0.0,,,样本不足，暂按来源分组权重；时间衰减半衰期=14天,0.0
3627388,1500,2026-08-26 07:17:39,30,0x15f970a5fa4791dbe4fc3adea6d41e87e5fac6ff,smart_money,N,50.0,1.4,0,0,,,0,,,0,,,0,,,0,,,,,0.0,,,样本不足，暂按来源分组权重；时间衰减半衰期=14天,0.0
3627389,1500,2026-08-26 07:17:39,30,0x162cc7c861ebd0c06b3d72319201150482518185,money_printer,N,50.0,1.2,0,0,,,0,,,0,,,0,,,0,,,,,0.0,,,样本不足，暂按来源分组权重；时间衰减半衰期=14天,0.0
3627390,1500,2026-08-26 07:17:39,30,0x1643e9aba4fcfb4e8c1a887090239e34f488cad6,smart_money,N,50.0,1.4,0,0,,,0,,,0,,,0,,,0,,,,,0.0,,,样本不足，暂按来源分组权重；时间衰减半衰期=14天,0.0
3627391,1500,2026-08-26 07:17:39,30,0x16588c497a83e9dfa298d048553a4ef5fd52f65b,smart_money,C,80.11913784579718,0.77,21,21,0.06528943928790536,-0.2063804291631335,21,0.1905479374810381,1.366921139096104,21,0.13712903066389104,1.2275883365668838,18,0.480351368289917,3.7378037117527194,0,,,0.8276688802960062,,0.0,2026-08-17 03:17:00,"ETH,SOL",C级：噪音偏多，降权参考，主周期=15d；时间衰减半衰期=14天,8.45520829450527
3627392,1500,2026-08-26 07:17:39,30,0x166866a2845506f6b4c817482fe53b4985882ea6,smart_money,N,50.0,1.4,0,0,,,0,,,0,,,0,,,0,,,,,0.0,,,样本不足，暂按来源分组权重；时间衰减半衰期=14天,0.0
3627393,1500,2026-08-26 07:17:39,30,0x16bf84af3f85f8c8a97597bf2be549dfe0dee637,money_printer,N,50.0,1.2,0,0,,,0,,,0,,,0,,,0,,,,,0.0,,,样本不足，暂按来源分组权重；时间衰减半衰期=14天,0.0
3627394,1500,2026-08-26 07:17:39,30,0x16c95227d8442946c1c152bc8ea16a37ebe1a282,smart_money,N,50.0,1.4,0,0,,,0,,,0,,,0,,,0,,,,,0.0,,,样本不足，暂按来源分组权重；时间衰减半衰期=14天,0.0
3627395,1500,2026-08-26 07:17:39,30,0x16d69a835c012584783921b2e4c622f157ce97bf,smart_money,N,50.0,1.4,0,0,,,0,,,0,,,0,,,0,,,,,0.0,,,样本不足，暂按来源分组权重；时间衰减半衰期=14天,0.0
3627396,1500,2026-08-26 07:17:39,30,0x16f037a3ddf53da1b047a926e1833219f0a8e1fc,smart_money,N,50.0,1.4,0,0,,,0,,,0,,,0,,,0,,,,,0.0,,,样本不足，暂按来源分组权重；时间衰减半衰期=14天,0.0
3627397,1500,2026-08-26 07:17:39,30,0x16f33b3d0272f897d9bc55282fa151215215602c,smart_money,N,50.0,1.4,0,0,,,0,,,0,,,0,,,0,,,,,0.0,,,样本不足，暂按来源分组权重；时间衰减半衰期=14天,0.0
3627398,1500,2026-08-26 07:17:39,30,0x170a03a53fe05bf4ce6753cb0907d05e827bc3c6,smart_money,N,50.0,1.4,0,0,,,0,,,0,,,0,,,0,,,,,0.0,,,样本不足，暂按来源分组权重；时间衰减半衰期=14天,0.0
3627399,1500,2026-08-26 07:17:39,30,0x170dbce27ab17f5dc3f04c773b6686068ad88c9b,smart_money,N,50.0,1.4,0,0,,,0,,,0,,,0,,,0,,,,,0.0,,,样本不足，暂按来源分组权重；时间衰减半衰期=14天,0.0
3627400,1500,2026-08-26 07:17:39,30,0x1711bc52bf7e0494325799717fe640f1924617b7,smart_money,N,50.0,1.4,0,0,,,0,,,0,,,0,,,0,,,,,0.0,,,样本不足，暂按来源分组权重；时间衰减半衰期=14天,0.0
3627401,1500,2026-08-26 07:17:39,30,0x1714fa1d4db089a7dd036fc8d1a9d1fd759a0250,smart_money,N,50.0,1.4,0,0,,,0,,,0,,,0,,,0,,,,,0.0,,,样本不足，暂按来源分组权重；时间衰减半衰期=14天,0.0
3627402,1500,2026-08-26 07:17:39,30,0x17241870b9263ad46f3c717bc1a36089c8179d02,smart_money,N,50.0,1.4,0,0,,,0,,,0,,,0,,,0,,,,,0.0,,,样本不足，暂按来源分组权重；时间衰减半衰期=14天,0.0
3627403,1500,2026-08-26 07:17:39,30,0x17286a34d2b2e842cd38da74bc079c1f23992b1d,smart_money,N,50.0,1.4,2,2,0.0,-11.96843380576071,1,0.0,-27.261111825144212,0,,,0,,,0,,,-27.26111182514421,,0.0,2026-08-24 20:17:59,ZEC,样本不足，暂按来源分组权重；时间衰减半衰期=14天,1.7191392898641285
3627404,1500,2026-08-26 07:17:39,30,0x1750dd77a381a6a1dc4ce88e26586c856f75f646,smart_money,N,50.0,1.4,0,0,,,0,,,0,,,0,,,0,,,,,0.0,,,样本不足，暂按来源分组权重；时间衰减半衰期=14天,0.0
3627405,1500,2026-08-26 07:17:39,30,0x178d296356af8622c4405d77feccb137ecf5db1c,money_printer,N,50.0,1.2,0,0,,,0,,,0,,,0,,,0,,,,,0.0,,,样本不足，暂按来源分组权重；时间衰减半衰期=14天,0.0
3627406,1500,2026-08-26 07:17:39,30,0x179c17d04be626561b0355a248d6055a80456aa5,money_printer,N,50.0,1.2,0,0,,,0,,,0,,,0,,,0,,,,,0.0,,,样本不足，暂按来源分组权重；时间衰减半衰期=14天,0.0
3627407,1500,2026-08-26 07:17:39,30,0x17c3c8fdbcb7d1b240ce08965e09b1fc91cba868,money_printer,N,50.0,1.2,7,7,0.6989235335768886,2.8918095018470416,6,0.3339047815233812,0.8941227439650821,0,,,0,,,0,,,0.8967584342388387,,0.0,2026-08-24 21:17:52,"XMR,NEAR",样本不足，暂按来源分组权重；时间衰减半衰期=14天,5.815458781679231
3627408,1500,2026-08-26 07:17:39,30,0x17ca711927cd43a0320ce959ebb347804d8fdfcd,smart_money,N,50.0,1.4,0,0,,,0,,,0,,,0,,,0,,,,,0.0,,,样本不足，暂按来源分组权重；时间衰减半衰期=14天,0.0
3627409,1500,2026-08-26 07:17:39,30,0x183c6497814803574c23866c7662dea4c044d0f9,smart_money,N,50.0,1.4,0,0,,,0,,,0,,,0,,,0,,,,,0.0,,,样本不足，暂按来源分组权重；时间衰减半衰期=14天,0.0
3627410,1500,2026-08-26 07:17:39,30,0x1847dc422b9dea349e8af7d02cb3a136cd81f441,smart_money,N,50.0,1.4,6,2,0.0,0.0,1,0.0,0.0,0,,,0,,,0,,,0.0,,0.0,2026-08-25 21:18:07,KNTQ,样本不足，暂按来源分组权重；时间衰减半衰期=14天,1.6099011780517485
3627411,1500,2026-08-26 07:17:39,30,0x185611e0343c14f53a4406891cb0fdc9e81808ae,money_printer,N,50.0,1.2,0,0,,,0,,,0,,,0,,,0,,,,,0.0,,,样本不足，暂按来源分组权重；时间衰减半衰期=14天,0.0
3627412,1500,2026-08-26 07:17:39,30,0x1864e1605a39335e87d618582a28093e1fd9711c,smart_money,N,50.0,1.4,0,0,,,0,,,0,,,0,,,0,,,,,0.0,,,样本不足，暂按来源分组权重；时间衰减半衰期=14天,0.0
3627413,1500,2026-08-26 07:17:39,30,0x18b8539261cf9e760e7fec4a8a73c50f0ae7babe,smart_money,N,50.0,1.4,0,0,,,0,,,0,,,0,,,0,,,,,0.0,,,样本不足，暂按来源分组权重；时间衰减半衰期=14天,0.0
3627414,1500,2026-08-26 07:17:39,30,0x18b9beef58b9025a394a46fd8124ee1d917d8b3e,smart_money,N,50.0,1.4,0,0,,,0,,,0,,,0,,,0,,,,,0.0,,,样本不足，暂按来源分组权重；时间衰减半衰期=14天,0.0
3627415,1500,2026-08-26 07:17:39,30,0x18cd4597e06b7fe0a8cd33dda499121b3a145a8b,smart_money,N,50.0,1.4,0,0,,,0,,,0,,,0,,,0,,,,,0.0,,,样本不足，暂按来源分组权重；时间衰减半衰期=14天,0.0
3627416,1500,2026-08-26 07:17:39,30,0x18cde66120c9195fb6e50a4b1e13bce4c85d1300,smart_money,N,50.0,1.4,0,0,,,0,,,0,,,0,,,0,,,,,0.0,,,样本不足，暂按来源分组权重；时间衰减半衰期=14天,0.0
3627417,1500,2026-08-26 07:17:39,30,0x18d103744b0f0bd4ab860f3455a252d20580d6dd,smart_money,N,50.0,1.4,0,0,,,0,,,0,,,0,,,0,,,,,0.0,,,样本不足，暂按来源分组权重；时间衰减半衰期=14天,0.0
3627418,1500,2026-08-26 07:17:39,30,0x18e2eb3cafa6ee5d3885e20d80298b37321e84fa,money_printer,N,50.0,1.2,5,5,0.20123821558016838,-7.226604581559427,5,0.20123821558016838,-10.731413869316604,0,,,0,,,0,,,-10.779105414699247,,0.0,2026-08-19 22:17:01,"ETH,HYPE",样本不足，暂按来源分组权重；时间衰减半衰期=14天,3.6241313258627494
3627419,1500,2026-08-26 07:17:39,30,0x18eec6451070b487933000185f986e8d3be68195,smart_money,R,19.798671518185493,-1.4,21,11,0.0,-0.20132848181450644,8,0.1811520864431473,0.7518772716273966,6,0.2064985205315125,0.2706361595990661,4,0.5123767438270082,0.2615511703724473,0,,,0.4735666555136534,,73.61062785451605,2026-08-26 02:17:54,"BRIDGE,KNTQ",反向钱包：24h方向胜率和平均收益偏差；时间衰减半衰期=14天,7.034023929389426
3627420,1500,2026-08-26 07:17:39,30,0x196283bce3e38d98f9f4c424a1a148b248eaa4f9,smart_money,N,50.0,1.4,0,0,,,0,,,0,,,0,,,0,,,,,0.0,,,样本不足，暂按来源分组权重；时间衰减半衰期=14天,0.0
3627421,1500,2026-08-26 07:17:39,30,0x197d1d1127b1a1da550f089375369d5acfeb0c72,smart_money,N,50.0,1.4,0,0,,,0,,,0,,,0,,,0,,,,,0.0,,,样本不足，暂按来源分组权重；时间衰减半衰期=14天,0.0
3627422,1500,2026-08-26 07:17:39,30,0x1984edf70973e1389548f21cd0dcb15b408240c9,money_printer,N,50.0,1.2,0,0,,,0,,,0,,,0,,,0,,,,,0.0,,,样本不足，暂按来源分组权重；时间衰减半衰期=14天,0.0
3627423,1500,2026-08-26 07:17:39,30,0x19d84c22dd017448efd6324df108c6bc01040a2b,money_printer,N,50.0,1.2,0,0,,,0,,,0,,,0,,,0,,,,,0.0,,,样本不足，暂按来源分组权重；时间衰减半衰期=14天,0.0
3627424,1500,2026-08-26 07:17:39,30,0x1a2e6afa298b1cc50939b4b2b0b430e3c1ef3459,smart_money,N,50.0,1.4,0,0,,,0,,,0,,,0,,,0,,,,,0.0,,,样本不足，暂按来源分组权重；时间衰减半衰期=14天,0.0
3627425,1500,2026-08-26 07:17:39,30,0x1a5612386dce50174bd467498afa607df418d7c6,money_printer,N,50.0,1.2,0,0,,,0,,,0,,,0,,,0,,,,,0.0,,,样本不足，暂按来源分组权重；时间衰减半衰期=14天,0.0
3627426,1500,2026-08-26 07:17:39,30,0x1a58cb9e50fdc03c290b1bc639a42bb2b9a0b1e7,smart_money,N,50.0,1.4,0,0,,,0,,,0,,,0,,,0,,,,,0.0,,,样本不足，暂按来源分组权重；时间衰减半衰期=14天,0.0
3627427,1500,2026-08-26 07:17:39,30,0x1a6132837f1857196677f06515041bb817affe9e,smart_money,N,50.0,1.4,0,0,,,0,,,0,,,0,,,0,,,,,0.0,,,样本不足，暂按来源分组权重；时间衰减半衰期=14天,0.0
3627428,1500,2026-08-26 07:17:39,30,0x1a6ea3a36087fef4d56ebc9e11bf1b0a3a6a7437,smart_money,N,50.0,1.4,0,0,,,0,,,0,,,0,,,0,,,,,0.0,,,样本不足，暂按来源分组权重；时间衰减半衰期=14天,0.0
3627429,1500,2026-08-26 07:17:39,30,0x1a7d1378d1b9df23f147fcf41e9fe887cde81ac3,smart_money,N,50.0,1.4,0,0,,,0,,,0,,,0,,,0,,,,,0.0,,,样本不足，暂按来源分组权重；时间衰减半衰期=14天,0.0
3627430,1500,2026-08-26 07:17:39,30,0x1a7e542d199e2b17e4fec60bd698950fecdb21be,smart_money,N,50.0,1.4,0,0,,,0,,,0,,,0,,,0,,,,,0.0,,,样本不足，暂按来源分组权重；时间衰减半衰期=14天,0.0
3627431,1500,2026-08-26 07:17:39,30,0x1aa1d90df49c3e5a67888798c16e73c4b4c323fc,smart_money,N,50.0,1.4,3,3,0.6711905628149879,5.579119365040799,3,0.39753067556125193,7.686005095083789,2,0.0,-13.112199037652813,0,,,0,,,6.490004434223328,,0.0,2026-08-19 11:16:59,SOL,样本不足，暂按来源分组权重；时间衰减半衰期=14天,1.7934451179240287
3627432,1500,2026-08-26 07:17:39,30,0x1aa5abfd850012297428b509fb84fcd9f9f995cb,smart_money,N,50.0,1.4,0,0,,,0,,,0,,,0,,,0,,,,,0.0,,,样本不足，暂按来源分组权重；时间衰减半衰期=14天,0.0
3627433,1500,2026-08-26 07:17:39,30,0x1aa780bb10425b86bcf05ecbb7953f9a93729ed9,smart_money,N,50.0,1.4,0,0,,,0,,,0,,,0,,,0,,,,,0.0,,,样本不足，暂按来源分组权重；时间衰减半衰期=14天,0.0
3627434,1500,2026-08-26 07:17:39,30,0x1abd35a5183aca3291f05353a6af3b4409603a8f,smart_money,N,50.0,1.4,0,0,,,0,,,0,,,0,,,0,,,,,0.0,,,样本不足，暂按来源分组权重；时间衰减半衰期=14天,0.0
3627435,1500,2026-08-26 07:17:39,30,0x1ae55c40c91f1553286b125239f84300d2df4dbe,smart_money,N,50.0,1.4,0,0,,,0,,,0,,,0,,,0,,,,,0.0,,,样本不足，暂按来源分组权重；时间衰减半衰期=14天,0.0
3627436,1500,2026-08-26 07:17:39,30,0x1af7a7223301aede887188066d158b502094c79e,smart_money,N,50.0,1.4,0,0,,,0,,,0,,,0,,,0,,,,,0.0,,,样本不足，暂按来源分组权重；时间衰减半衰期=14天,0.0
3627437,1500,2026-08-26 07:17:39,30,0x1b1996300dc7d3fabc039a55963fc886c3d3c9df,smart_money,N,50.0,1.4,0,0,,,0,,,0,,,0,,,0,,,,,0.0,,,样本不足，暂按来源分组权重；时间衰减半衰期=14天,0.0
3627438,1500,2026-08-26 07:17:39,30,0x1b526ff54f9f66c777fd34b7a802bb8d216ed41b,money_printer,N,50.0,1.2,0,0,,,0,,,0,,,0,,,0,,,,,0.0,,,样本不足，暂按来源分组权重；时间衰减半衰期=14天,0.0
3627439,1500,2026-08-26 07:17:39,30,0x1b798718722107a43f9603eb155dfc6944ac31cd,smart_money,N,50.0,1.4,0,0,,,0,,,0,,,0,,,0,,,,,0.0,,,样本不足，暂按来源分组权重；时间衰减半衰期=14天,0.0
3627440,1500,2026-08-26 07:17:39,30,0x1b7ca89aa121890b8572d326e363185cf4780c6a,money_printer,N,50.0,1.2,0,0,,,0,,,0,,,0,,,0,,,,,0.0,,,样本不足，暂按来源分组权重；时间衰减半衰期=14天,0.0
3627441,1500,2026-08-26 07:17:39,30,0x1ba6b82641c77ab1fc7bc734c5c3628199a8967d,smart_money,N,50.0,1.4,0,0,,,0,,,0,,,0,,,0,,,,,0.0,,,样本不足，暂按来源分组权重；时间衰减半衰期=14天,0.0
3627442,1500,2026-08-26 07:17:39,30,0x1ba78250c35b741e4ad7d356fbec3226bb094354,smart_money,N,50.0,1.4,0,0,,,0,,,0,,,0,,,0,,,,,0.0,,,样本不足，暂按来源分组权重；时间衰减半衰期=14天,0.0
3627443,1500,2026-08-26 07:17:39,30,0x1c020f03305acd09994c1910d440646e4a5f91b0,money_printer,N,50.0,1.2,0,0,,,0,,,0,,,0,,,0,,,,,0.0,,,样本不足，暂按来源分组权重；时间衰减半衰期=14天,0.0
3627444,1500,2026-08-26 07:17:39,30,0x1c2c96e78a42958892e637bdc0d94ce259f109fe,smart_money,N,50.0,1.4,0,0,,,0,,,0,,,0,,,0,,,,,0.0,,,样本不足，暂按来源分组权重；时间衰减半衰期=14天,0.0
3627445,1500,2026-08-26 07:17:39,30,0x1c75b586b9779532f65c32487af40286a0d88d88,smart_money,N,50.0,1.4,0,0,,,0,,,0,,,0,,,0,,,,,0.0,,,样本不足，暂按来源分组权重；时间衰减半衰期=14天,0.0
3627446,1500,2026-08-26 07:17:39,30,0x1c77041452e75939105981a914f138eb9634463c,smart_money,N,50.0,1.4,0,0,,,0,,,0,,,0,,,0,,,,,0.0,,,样本不足，暂按来源分组权重；时间衰减半衰期=14天,0.0
3627447,1500,2026-08-26 07:17:39,30,0x1c85279899cef59d2f715ee350c84e991cd8e676,smart_money,N,50.0,1.4,0,0,,,0,,,0,,,0,,,0,,,,,0.0,,,样本不足，暂按来源分组权重；时间衰减半衰期=14天,0.0
3627448,1500,2026-08-26 07:17:39,30,0x1c9e242d85fc0e4376ad1ea56143b9fdf9f61017,smart_money,N,50.0,1.4,4,4,0.0,0.0,2,0.0,0.0,0,,,0,,,0,,,0.0,,0.0,2026-08-24 16:17:56,KNTQ,样本不足，暂按来源分组权重；时间衰减半衰期=14天,3.2976394766531794
3627449,1500,2026-08-26 07:17:39,30,0x1ce8ed87b7b4cb60f0cc3664bf1fe216163ff55a,money_printer,N,50.0,1.2,0,0,,,0,,,0,,,0,,,0,,,,,0.0,,,样本不足，暂按来源分组权重；时间衰减半衰期=14天,0.0
3627450,1500,2026-08-26 07:17:39,30,0x1d207624c9466376e345310580c300611f3e0b20,smart_money,N,50.0,1.4,0,0,,,0,,,0,,,0,,,0,,,,,0.0,,,样本不足，暂按来源分组权重；时间衰减半衰期=14天,0.0
3627451,1500,2026-08-26 07:17:39,30,0x1d52fe9bde2694f6172192381111a91e24304397,money_printer,N,50.0,1.2,0,0,,,0,,,0,,,0,,,0,,,,,0.0,,,样本不足，暂按来源分组权重；时间衰减半衰期=14天,0.0
3627452,1500,2026-08-26 07:17:39,30,0x1d74a7760df9d563d0b6610b1705266c4e2fdb26,smart_money,N,50.0,1.4,0,0,,,0,,,0,,,0,,,0,,,,,0.0,,,样本不足，暂按来源分组权重；时间衰减半衰期=14天,0.0
3627453,1500,2026-08-26 07:17:39,30,0x1da5bcd75d2bdc41d8372e976f2f665479e73151,smart_money,N,50.0,1.4,0,0,,,0,,,0,,,0,,,0,,,,,0.0,,,样本不足，暂按来源分组权重；时间衰减半衰期=14天,0.0
3627454,1500,2026-08-26 07:17:39,30,0x1da7920ca7f9ee28d481bc439dccfed09f52a237,money_printer,N,50.0,1.2,0,0,,,0,,,0,,,0,,,0,,,,,0.0,,,样本不足，暂按来源分组权重；时间衰减半衰期=14天,0.0
3627455,1500,2026-08-26 07:17:39,30,0x1dff8c29ad7f6d8841a25a9dda8956f2e7a3c134,smart_money,N,50.0,1.4,0,0,,,0,,,0,,,0,,,0,,,,,0.0,,,样本不足，暂按来源分组权重；时间衰减半衰期=14天,0.0
3627456,1500,2026-08-26 07:17:39,30,0x1e07a22190c1d161248febf9fc2c440f324a16e2,smart_money,N,50.0,1.4,0,0,,,0,,,0,,,0,,,0,,,,,0.0,,,样本不足，暂按来源分组权重；时间衰减半衰期=14天,0.0
3627457,1500,2026-08-26 07:17:39,30,0x1e0b469b0f10f59bd6c76a010c4b0dd24742b1ef,smart_money,N,50.0,1.4,0,0,,,0,,,0,,,0,,,0,,,,,0.0,,,样本不足，暂按来源分组权重；时间衰减半衰期=14天,0.0
3627458,1500,2026-08-26 07:17:39,30,0x1e25c2827c34616e20aaf67e71a0b47bdbcaffa9,smart_money,N,50.0,1.4,0,0,,,0,,,0,,,0,,,0,,,,,0.0,,,样本不足，暂按来源分组权重；时间衰减半衰期=14天,0.0
3627459,1500,2026-08-26 07:17:39,30,0x1e3001537d0c6799e59245597c541127bac57120,smart_money,N,50.0,1.4,0,0,,,0,,,0,,,0,,,0,,,,,0.0,,,样本不足，暂按来源分组权重；时间衰减半衰期=14天,0.0
3627460,1500,2026-08-26 07:17:39,30,0x1e37a337ed460039d1b15bd3bc489de789768d5e,money_printer,N,50.0,1.2,0,0,,,0,,,0,,,0,,,0,,,,,0.0,,,样本不足，暂按来源分组权重；时间衰减半衰期=14天,0.0
3627461,1500,2026-08-26 07:17:39,30,0x1e5c9ef6a07f8ee36e21c0c2737c9b19f5de7f2a,money_printer,N,50.0,1.2,0,0,,,0,,,0,,,0,,,0,,,,,0.0,,,样本不足，暂按来源分组权重；时间衰减半衰期=14天,0.0
3627462,1500,2026-08-26 07:17:39,30,0x1e6db0fdf1a0f6edb78753184eb0fe5485c2eef2,smart_money,N,50.0,1.4,0,0,,,0,,,0,,,0,,,0,,,,,0.0,,,样本不足，暂按来源分组权重；时间衰减半衰期=14天,0.0
3627463,1500,2026-08-26 07:17:39,30,0x1e771e1b95c86491299d6e2a5c3b3842d03b552e,money_printer,N,50.0,1.2,0,0,,,0,,,0,,,0,,,0,,,,,0.0,,,样本不足，暂按来源分组权重；时间衰减半衰期=14天,0.0
3627464,1500,2026-08-26 07:17:39,30,0x1e921e6c998c7dff155c8792937d1ae622ce08fd,smart_money,N,50.0,1.4,0,0,,,0,,,0,,,0,,,0,,,,,0.0,,,样本不足，暂按来源分组权重；时间衰减半衰期=14天,0.0
3627465,1500,2026-08-26 07:17:39,30,0x1e934e8226b3f2cfdf262f10ef019d5574a4dbb3,money_printer,N,50.0,1.2,0,0,,,0,,,0,,,0,,,0,,,,,0.0,,,样本不足，暂按来源分组权重；时间衰减半衰期=14天,0.0
3627466,1500,2026-08-26 07:17:39,30,0x1e9d9e9cdb7109556a719aef19d874220ff8249b,money_printer,N,50.0,1.2,0,0,,,0,,,0,,,0,,,0,,,,,0.0,,,样本不足，暂按来源分组权重；时间衰减半衰期=14天,0.0
3627467,1500,2026-08-26 07:17:39,30,0x1eb117402eb2b3a5186eb9510de42cd255b3ca20,smart_money,N,50.0,1.4,0,0,,,0,,,0,,,0,,,0,,,,,0.0,,,样本不足，暂按来源分组权重；时间衰减半衰期=14天,0.0
3627468,1500,2026-08-26 07:17:39,30,0x1ec15e24896f4feb55dd70d22dc3620ae3cc990c,smart_money,N,50.0,1.4,0,0,,,0,,,0,,,0,,,0,,,,,0.0,,,样本不足，暂按来源分组权重；时间衰减半衰期=14天,0.0
3627469,1500,2026-08-26 07:17:39,30,0x1f200b140074e17a574f70bbce04c161b4caeea0,smart_money,N,50.0,1.4,0,0,,,0,,,0,,,0,,,0,,,,,0.0,,,样本不足，暂按来源分组权重；时间衰减半衰期=14天,0.0
3627470,1500,2026-08-26 07:17:39,30,0x1f3961acc0b35ceb9e6051dd77d4e31eff57ef14,smart_money,N,50.0,1.4,0,0,,,0,,,0,,,0,,,0,,,,,0.0,,,样本不足，暂按来源分组权重；时间衰减半衰期=14天,0.0
3627471,1500,2026-08-26 07:17:39,30,0x1f4059e3a39d2a2304f65dfe8b0c54a351d005c4,smart_money,N,50.0,1.4,0,0,,,0,,,0,,,0,,,0,,,,,0.0,,,样本不足，暂按来源分组权重；时间衰减半衰期=14天,0.0
3627472,1500,2026-08-26 07:17:39,30,0x1f67d79afc8d0e7609ddba6c9b657cc635f69981,money_printer,N,50.0,1.2,0,0,,,0,,,0,,,0,,,0,,,,,0.0,,,样本不足，暂按来源分组权重；时间衰减半衰期=14天,0.0
3627473,1500,2026-08-26 07:17:39,30,0x1f793d9f0368c1da329cb112212d81d521e7a9b8,money_printer,N,50.0,1.2,0,0,,,0,,,0,,,0,,,0,,,,,0.0,,,样本不足，暂按来源分组权重；时间衰减半衰期=14天,0.0
3627474,1500,2026-08-26 07:17:39,30,0x1f887fd93c17a970819895978da55628d7658609,smart_money,N,50.0,1.4,0,0,,,0,,,0,,,0,,,0,,,,,0.0,,,样本不足，暂按来源分组权重；时间衰减半衰期=14天,0.0
3627475,1500,2026-08-26 07:17:39,30,0x1fa1b4c4cda61b3c1ce805ae82e64a90d8821d08,smart_money,N,50.0,1.4,0,0,,,0,,,0,,,0,,,0,,,,,0.0,,,样本不足，暂按来源分组权重；时间衰减半衰期=14天,0.0
3627476,1500,2026-08-26 07:17:39,30,0x1fbe7279da134c53fa521f5ee65891948e775e17,smart_money,N,50.0,1.4,0,0,,,0,,,0,,,0,,,0,,,,,0.0,,,样本不足，暂按来源分组权重；时间衰减半衰期=14天,0.0
3627477,1500,2026-08-26 07:17:39,30,0x20145e97f464d0374adcbfc4fe0e42c07d313e6d,smart_money,N,50.0,1.4,0,0,,,0,,,0,,,0,,,0,,,,,0.0,,,样本不足，暂按来源分组权重；时间衰减半衰期=14天,0.0
3627478,1500,2026-08-26 07:17:39,30,0x202486b34776b26b474aedb348658aaab5d2dff4,money_printer,R,19.768418122789615,-1.2,10,10,0.0,-0.23158187721038495,8,0.1811520864431473,0.7518772716273966,6,0.2064985205315125,0.2706361595990661,4,0.5123767438270082,0.2615511703724473,0,,,0.4735666555136534,,73.85265501768308,2026-08-24 22:17:53,BRIDGE,反向钱包：24h方向胜率和平均收益偏差；时间衰减半衰期=14天,6.1151130468830015
3627479,1500,2026-08-26 07:17:39,30,0x2025137a136bea7446deba681cbfc7cf1970840e,money_printer,C,64.27288100960492,0.66,38,28,0.38438361134627375,1.1411972356253224,8,0.8813947229692355,33.149911850868804,0,,,0,,,0,,,32.57562931114956,,0.0,2026-08-26 03:18:03,"UPUMP,PUMP,ZEC",C级：噪音偏多，降权参考，主周期=24h；时间衰减半衰期=14天,24.48081015094392
3627480,1500,2026-08-26 07:17:39,30,0x202db88213dec0f8994284f2d85e41e3ff479219,smart_money,N,50.0,1.4,0,0,,,0,,,0,,,0,,,0,,,,,0.0,,,样本不足，暂按来源分组权重；时间衰减半衰期=14天,0.0
3627481,1500,2026-08-26 07:17:39,30,0x202ed102cca91d1237971252eee1add2f303eb8b,smart_money,N,50.0,1.4,0,0,,,0,,,0,,,0,,,0,,,,,0.0,,,样本不足，暂按来源分组权重；时间衰减半衰期=14天,0.0
3627482,1500,2026-08-26 07:17:39,30,0x203f4c410f3c35cead9f35b6de2f66e773d7f26e,money_printer,N,50.0,1.2,0,0,,,0,,,0,,,0,,,0,,,,,0.0,,,样本不足，暂按来源分组权重；时间衰减半衰期=14天,0.0
3627483,1500,2026-08-26 07:17:39,30,0x2057d4f2b6ea957b63371980775b0a5505a438f0,smart_money,N,50.0,1.4,0,0,,,0,,,0,,,0,,,0,,,,,0.0,,,样本不足，暂按来源分组权重；时间衰减半衰期=14天,0.0
3627484,1500,2026-08-26 07:17:39,30,0x208db9f389989c5c387cc3a2620cc5251eace716,money_printer,N,50.0,1.2,0,0,,,0,,,0,,,0,,,0,,,,,0.0,,,样本不足，暂按来源分组权重；时间衰减半衰期=14天,0.0
3627485,1500,2026-08-26 07:17:39,30,0x20c2d95a3dfdca9e9ad12794d5fa6fad99da44f5,money_printer,N,50.0,1.2,0,0,,,0,,,0,,,0,,,0,,,,,0.0,,,样本不足，暂按来源分组权重；时间衰减半衰期=14天,0.0
3627486,1500,2026-08-26 07:17:39,30,0x2113bba1e701ebfef804e108727c79a81e7eca4a,smart_money,N,50.0,1.4,0,0,,,0,,,0,,,0,,,0,,,,,0.0,,,样本不足，暂按来源分组权重；时间衰减半衰期=14天,0.0
3627487,1500,2026-08-26 07:17:39,30,0x211db9de76bdd081a58280a6b287b0c40f89a2cb,smart_money,N,50.0,1.4,0,0,,,0,,,0,,,0,,,0,,,,,0.0,,,样本不足，暂按来源分组权重；时间衰减半衰期=14天,0.0
3627488,1500,2026-08-26 07:17:39,30,0x21550c0d8d8e8982cb4702949887a14f66243d0d,money_printer,N,50.0,1.2,0,0,,,0,,,0,,,0,,,0,,,,,0.0,,,样本不足，暂按来源分组权重；时间衰减半衰期=14天,0.0
3627489,1500,2026-08-26 07:17:39,30,0x215d41b79d0aa6a8cf5f25377a88b612746af80a,smart_money,N,50.0,1.4,0,0,,,0,,,0,,,0,,,0,,,,,0.0,,,样本不足，暂按来源分组权重；时间衰减半衰期=14天,0.0
3627490,1500,2026-08-26 07:17:39,30,0x21735e9daea7d836536d346ee280789d912082f9,smart_money,N,50.0,1.4,0,0,,,0,,,0,,,0,,,0,,,,,0.0,,,样本不足，暂按来源分组权重；时间衰减半衰期=14天,0.0
3627491,1500,2026-08-26 07:17:39,30,0x2175ce7c56baa22874eeb021c1270e6198059cda,smart_money,N,50.0,1.4,0,0,,,0,,,0,,,0,,,0,,,,,0.0,,,样本不足，暂按来源分组权重；时间衰减半衰期=14天,0.0
3627492,1500,2026-08-26 07:17:39,30,0x218a65e21eddeece7a9df38c6bbdd89f692b7da2,money_printer,N,50.0,1.2,9,8,0.4074058500345091,1.8487024419519171,4,0.6711679792395621,8.912375649184863,2,0.0,0.905492803604251,2,0.0,-16.44325904663869,0,,,6.304990366187461,,0.0,2026-08-25 18:18:11,"BTC,ETH",样本不足，暂按来源分组权重；时间衰减半衰期=14天,5.824555562266754
3627493,1500,2026-08-26 07:17:39,30,0x219a2f5338f3ad74965a03c491e42963b69acc8d,smart_money,N,50.0,1.4,0,0,,,0,,,0,,,0,,,0,,,,,0.0,,,样本不足，暂按来源分组权重；时间衰减半衰期=14天,0.0
3627494,1500,2026-08-26 07:17:39,30,0x21b5eb0ca859383f7d8b6906cddb115e92e80913,money_printer,N,50.0,1.2,0,0,,,0,,,0,,,0,,,0,,,,,0.0,,,样本不足，暂按来源分组权重；时间衰减半衰期=14天,0.0
3627495,1500,2026-08-26 07:17:39,30,0x21ca98106c69bff036a194648ba30388ccbe811d,smart_money,N,50.0,1.4,1,1,0.0,-11.631169493687029,1,0.0,-7.138757811503638,0,,,0,,,0,,,-7.138757811503638,,0.0,2026-08-21 17:17:02,VVV,样本不足，暂按来源分组权重；时间衰减半衰期=14天,0.7969651030520805
3627496,1500,2026-08-26 07:17:39,30,0x21eaaee21905a7b9fbbb093caba2ee27fc1e9352,smart_money,N,50.0,1.4,0,0,,,0,,,0,,,0,,,0,,,,,0.0,,,样本不足，暂按来源分组权重；时间衰减半衰期=14天,0.0
3627497,1500,2026-08-26 07:17:39,30,0x22046b8d7334ac32365c571d719201b31ad00f9a,smart_money,N,50.0,1.4,0,0,,,0,,,0,,,0,,,0,,,,,0.0,,,样本不足，暂按来源分组权重；时间衰减半衰期=14天,0.0
3627498,1500,2026-08-26 07:17:39,30,0x2204e04834e84ff4bfc53fc769e3ae1dcef47e85,money_printer,N,50.0,1.2,0,0,,,0,,,0,,,0,,,0,,,,,0.0,,,样本不足，暂按来源分组权重；时间衰减半衰期=14天,0.0
3627499,1500,2026-08-26 07:17:39,30,0x221284041f07f1e9af30beadbd08bb14f5e5838c,smart_money,N,50.0,1.4,0,0,,,0,,,0,,,0,,,0,,,,,0.0,,,样本不足，暂按来源分组权重；时间衰减半衰期=14天,0.0
3627500,1500,2026-08-26 07:17:39,30,0x223537ac9a856c31f4043e86ced86bb29f06653e,smart_money,N,50.0,1.4,0,0,,,0,,,0,,,0,,,0,,,,,0.0,,,样本不足，暂按来源分组权重；时间衰减半衰期=14天,0.0
3627501,1500,2026-08-26 07:17:39,30,0x223ee2b8479735f09b28f11bc5548c64a83a55bd,smart_money,N,50.0,1.4,0,0,,,0,,,0,,,0,,,0,,,,,0.0,,,样本不足，暂按来源分组权重；时间衰减半衰期=14天,0.0
3627502,1500,2026-08-26 07:17:39,30,0x225864ad63ba66272cd6be3e65476a2eba48c215,money_printer,N,50.0,1.2,0,0,,,0,,,0,,,0,,,0,,,,,0.0,,,样本不足，暂按来源分组权重；时间衰减半衰期=14天,0.0
3627503,1500,2026-08-26 07:17:39,30,0x225b79b1f34907781054680ad42902033c8adcb8,money_printer,N,50.0,1.2,0,0,,,0,,,0,,,0,,,0,,,,,0.0,,,样本不足，暂按来源分组权重；时间衰减半衰期=14天,0.0
3627504,1500,2026-08-26 07:17:39,30,0x22a709eece6ee82293e5fcdeea7ceefdefd499cd,money_printer,N,50.0,1.2,0,0,,,0,,,0,,,0,,,0,,,,,0.0,,,样本不足，暂按来源分组权重；时间衰减半衰期=14天,0.0
3627505,1500,2026-08-26 07:17:39,30,0x2306ce07ddca3829cdb1a2a14653dbefc211a9f1,smart_money,C,14.465222511544102,0.77,13,13,0.09852498331770469,0.6484330433881165,13,0.16441906943566983,1.1887293411453297,10,0.0,0.018827362281165334,2,0.0,0.38237246710027867,0,,,0.9300899308463447,,0.0,2026-08-19 21:17:06,"NEKO,UANSEM",C级：噪音偏多，降权参考，主周期=7d；时间衰减半衰期=14天,7.3112809719768785
3627506,1500,2026-08-26 07:17:39,30,0x2312171890250347dbf1b082bdf7950504909e92,smart_money,N,50.0,1.4,0,0,,,0,,,0,,,0,,,0,,,,,0.0,,,样本不足，暂按来源分组权重；时间衰减半衰期=14天,0.0
3627507,1500,2026-08-26 07:17:39,30,0x2322f8e13d25e1c997b060bc5cebc9634f8a895a,smart_money,N,50.0,1.4,0,0,,,0,,,0,,,0,,,0,,,,,0.0,,,样本不足，暂按来源分组权重；时间衰减半衰期=14天,0.0
3627508,1500,2026-08-26 07:17:39,30,0x237152b038d88f4156a0cd71090462de7e3f0883,smart_money,N,50.0,1.4,1,1,1.0,2.346408185779006,0,,,0,,,0,,,0,,,,,0.0,2026-08-25 04:17:50,BTC,样本不足，暂按来源分组权重；时间衰减半衰期=14天,0.9458294386579812
3627509,1500,2026-08-26 07:17:39,30,0x2385aae82b8ff5ec9e72f122f3462b9a1b9db98a,smart_money,N,50.0,1.4,0,0,,,0,,,0,,,0,,,0,,,,,0.0,,,样本不足，暂按来源分组权重；时间衰减半衰期=14天,0.0
3627510,1500,2026-08-26 07:17:39,30,0x2396bc99feedc162af809314257571bb7ff07a36,smart_money,N,50.0,1.4,0,0,,,0,,,0,,,0,,,0,,,,,0.0,,,样本不足，暂按来源分组权重；时间衰减半衰期=14天,0.0
3627511,1500,2026-08-26 07:17:39,30,0x24246bb3cf79ebd26ab10194ec3694203ad3c891,smart_money,N,50.0,1.4,0,0,,,0,,,0,,,0,,,0,,,,,0.0,,,样本不足，暂按来源分组权重；时间衰减半衰期=14天,0.0
3627512,1500,2026-08-26 07:17:39,30,0x2474c64e65bd5c95169c28c31459714a8ded5114,smart_money,N,50.0,1.4,0,0,,,0,,,0,,,0,,,0,,,,,0.0,,,样本不足，暂按来源分组权重；时间衰减半衰期=14天,0.0
3627513,1500,2026-08-26 07:17:39,30,0x248ee78390f5505d34f36ce2df87d79fbcdb6be2,smart_money,N,50.0,1.4,0,0,,,0,,,0,,,0,,,0,,,,,0.0,,,样本不足，暂按来源分组权重；时间衰减半衰期=14天,0.0
3627514,1500,2026-08-26 07:17:39,30,0x24a44aef48aeb27c7708dabfccda14b41fbf0ae1,smart_money,N,50.0,1.4,0,0,,,0,,,0,,,0,,,0,,,,,0.0,,,样本不足，暂按来源分组权重；时间衰减半衰期=14天,0.0
3627515,1500,2026-08-26 07:17:39,30,0x24c2b6e2229b62cef2d1ae15a0e51e21678c428f,smart_money,N,50.0,1.4,0,0,,,0,,,0,,,0,,,0,,,,,0.0,,,样本不足，暂按来源分组权重；时间衰减半衰期=14天,0.0
3627516,1500,2026-08-26 07:17:39,30,0x24d02e64d4a2580d570666546ac937adab2b3e08,smart_money,N,50.0,1.4,0,0,,,0,,,0,,,0,,,0,,,,,0.0,,,样本不足，暂按来源分组权重；时间衰减半衰期=14天,0.0
3627517,1500,2026-08-26 07:17:39,30,0x24fb6523036ebcb3cc51deff138066dccf6bed0f,smart_money,R,19.105649365187325,-1.4,29,25,0.3835428283448208,-0.47472802673366704,18,0.22724389972588155,-0.17955726395826935,14,0.060827525540782745,-2.002298216145268,13,0.19913099691999092,-0.8943506348126736,0,,,-0.3025312060307479,,47.293845571302846,2026-08-25 17:17:56,"SOL,HYPE,NEKO,SUI",反向钱包：15d方向胜率和平均收益偏差；时间衰减半衰期=14天,14.128203755998928
3627518,1500,2026-08-26 07:17:39,30,0x250a09aafe5c4e63a8c11d1743e19694d79ce113,smart_money,N,50.0,1.4,0,0,,,0,,,0,,,0,,,0,,,,,0.0,,,样本不足，暂按来源分组权重；时间衰减半衰期=14天,0.0
3627519,1500,2026-08-26 07:17:39,30,0x25554a80781ee62414c3747e81c3f50157c634b1,smart_money,N,50.0,1.4,0,0,,,0,,,0,,,0,,,0,,,,,0.0,,,样本不足，暂按来源分组权重；时间衰减半衰期=14天,0.0
3627520,1500,2026-08-26 07:17:39,30,0x25773676902085225ae5751075e4161369334897,money_printer,C,77.93498419976154,0.66,65,64,0.4718620545034074,2.501140628844715,53,0.4303724451263932,2.6262971474125223,6,0.0,-14.371195137411917,3,0.0,-28.00380876213389,0,,,2.3574021110770627,,0.0,2026-08-25 21:18:07,"ZEC,PUMP,ETH,XRP,SOL",C级：噪音偏多，降权参考，主周期=72h；时间衰减半衰期=14天,48.424979352675194
3627521,1500,2026-08-26 07:17:39,30,0x258886f9a27d38743ab45b8658871a37e2c3f51a,money_printer,N,50.0,1.2,0,0,,,0,,,0,,,0,,,0,,,,,0.0,,,样本不足，暂按来源分组权重；时间衰减半衰期=14天,0.0
3627522,1500,2026-08-26 07:17:39,30,0x258a4b8a8447c61aabf1bef9bb14ee4d69efff03,money_printer,N,50.0,1.2,2,1,0.0,-7.012934518997577,1,1.0,6.022635408245766,0,,,0,,,0,,,6.022635408245766,,0.0,2026-08-25 23:17:53,PUMP,样本不足，暂按来源分组权重；时间衰减半衰期=14天,0.8443807585017274
3627523,1500,2026-08-26 07:17:39,30,0x259b9c4cfeadaef8a5b842710a777364988415b3,smart_money,N,50.0,1.4,0,0,,,0,,,0,,,0,,,0,,,,,0.0,,,样本不足，暂按来源分组权重；时间衰减半衰期=14天,0.0
3627524,1500,2026-08-26 07:17:39,30,0x25ad068ba92b61ce2217c41270a9a69c247679af,smart_money,N,50.0,1.4,0,0,,,0,,,0,,,0,,,0,,,,,0.0,,,样本不足，暂按来源分组权重；时间衰减半衰期=14天,0.0
3627525,1500,2026-08-26 07:17:39,30,0x25dacd8a27eac9ad6eba5eb88e3b68f707eb1397,smart_money,N,50.0,1.4,0,0,,,0,,,0,,,0,,,0,,,,,0.0,,,样本不足，暂按来源分组权重；时间衰减半衰期=14天,0.0
3627526,1500,2026-08-26 07:17:39,30,0x25e9e31168d7ec59b0bfd54ebde8f3f6b9b1a5ea,smart_money,N,50.0,1.4,0,0,,,0,,,0,,,0,,,0,,,,,0.0,,,样本不足，暂按来源分组权重；时间衰减半衰期=14天,0.0
3627527,1500,2026-08-26 07:17:39,30,0x25fcb75a422f1eeef23c272f8712d6df16c49c38,smart_money,C,58.08109888218763,0.77,20,20,0.24353795374166382,0.218114831529045,20,0.29005184495681485,0.3677565004987333,20,0.3939320241593058,0.06741717977025634,8,0.4027118622152774,1.8368558478516148,0,,,0.28615973980748555,,0.0,2026-08-18 12:16:58,BUDDY,C级：噪音偏多，降权参考，主周期=7d；时间衰减半衰期=14天,10.31288273674294
3627528,1500,2026-08-26 07:17:39,30,0x2609e5cd96e82dea377f82608474dd913549ab78,smart_money,N,50.0,1.4,0,0,,,0,,,0,,,0,,,0,,,,,0.0,,,样本不足，暂按来源分组权重；时间衰减半衰期=14天,0.0
3627529,1500,2026-08-26 07:17:39,30,0x261142dd1d82cf24228bd35b1fc65bd805af842d,money_printer,N,50.0,1.2,0,0,,,0,,,0,,,0,,,0,,,,,0.0,,,样本不足，暂按来源分组权重；时间衰减半衰期=14天,0.0
3627530,1500,2026-08-26 07:17:39,30,0x265bda080f9107223a74455201674538c32482b0,money_printer,N,50.0,1.2,0,0,,,0,,,0,,,0,,,0,,,,,0.0,,,样本不足，暂按来源分组权重；时间衰减半衰期=14天,0.0
3627531,1500,2026-08-26 07:17:39,30,0x266b5569ed3017e74dd48059c6db804e016eefcb,smart_money,N,50.0,1.4,0,0,,,0,,,0,,,0,,,0,,,,,0.0,,,样本不足，暂按来源分组权重；时间衰减半衰期=14天,0.0
3627532,1500,2026-08-26 07:17:39,30,0x2675f42b2937e5b4cb1522c97c792b6776d2e60e,smart_money,N,50.0,1.4,0,0,,,0,,,0,,,0,,,0,,,,,0.0,,,样本不足，暂按来源分组权重；时间衰减半衰期=14天,0.0
3627533,1500,2026-08-26 07:17:39,30,0x26c93faaf64380f816c7b07a7f1c051fd44210d9,smart_money,N,50.0,1.4,0,0,,,0,,,0,,,0,,,0,,,,,0.0,,,样本不足，暂按来源分组权重；时间衰减半衰期=14天,0.0
3627534,1500,2026-08-26 07:17:39,30,0x26e850e94b0b7b672544a5b60ac3463957a817ba,smart_money,N,50.0,1.4,0,0,,,0,,,0,,,0,,,0,,,,,0.0,,,样本不足，暂按来源分组权重；时间衰减半衰期=14天,0.0
3627535,1500,2026-08-26 07:17:39,30,0x27388d079cb5cf1ad50f60ab4c260356449bf92b,smart_money,N,50.0,1.4,0,0,,,0,,,0,,,0,,,0,,,,,0.0,,,样本不足，暂按来源分组权重；时间衰减半衰期=14天,0.0
3627536,1500,2026-08-26 07:17:39,30,0x2781335247f1e8522bbdff12d2a30f918b83ab61,smart_money,N,50.0,1.4,0,0,,,0,,,0,,,0,,,0,,,,,0.0,,,样本不足，暂按来源分组权重；时间衰减半衰期=14天,0.0
3627537,1500,2026-08-26 07:17:39,30,0x279818c822e5c6135d989df50d0bba96e9564ce5,smart_money,N,50.0,1.4,0,0,,,0,,,0,,,0,,,0,,,,,0.0,,,样本不足，暂按来源分组权重；时间衰减半衰期=14天,0.0
3627538,1500,2026-08-26 07:17:39,30,0x279dbeaae93533a5c4607712b027b04aff62d625,smart_money,N,50.0,1.4,0,0,,,0,,,0,,,0,,,0,,,,,0.0,,,样本不足，暂按来源分组权重；时间衰减半衰期=14天,0.0
3627539,1500,2026-08-26 07:17:39,30,0x27bcf8047c6fda384f8a93a6e5a140b878fab691,money_printer,N,50.0,1.2,0,0,,,0,,,0,,,0,,,0,,,,,0.0,,,样本不足，暂按来源分组权重；时间衰减半衰期=14天,0.0
3627540,1500,2026-08-26 07:17:39,30,0x27c5fdef9a082abd0711c611dbde9d7db9611aae,smart_money,N,50.0,1.4,0,0,,,0,,,0,,,0,,,0,,,,,0.0,,,样本不足，暂按来源分组权重；时间衰减半衰期=14天,0.0
3627541,1500,2026-08-26 07:17:39,30,0x27c9fa86c91b84ddfa15de58c482ff662498d65d,money_printer,C,55.8105150230467,0.66,13,11,0.3537418060357004,1.0359625781271562,3,0.6629903977659877,5.173149438676151,0,,,0,,,0,,,5.224825260876181,,0.0,2026-08-26 01:17:50,"ZEC,XRP,DOGE,AAVE",C级：噪音偏多，降权参考，主周期=24h；时间衰减半衰期=14天,9.801038156628184
3627542,1500,2026-08-26 07:17:39,30,0x27d33e77c8e6335089f56e399bf706ae9ad402b9,smart_money,N,50.0,1.4,0,0,,,0,,,0,,,0,,,0,,,,,0.0,,,样本不足，暂按来源分组权重；时间衰减半衰期=14天,0.0
3627543,1500,2026-08-26 07:17:39,30,0x281354062fa932086890a6bbf7dff7d0a67d220f,smart_money,N,50.0,1.4,0,0,,,0,,,0,,,0,,,0,,,,,0.0,,,样本不足，暂按来源分组权重；时间衰减半衰期=14天,0.0
3627544,1500,2026-08-26 07:17:39,30,0x28233e5edddfc9f71f0cecf58ca98f6a2ca11f43,money_printer,N,50.0,1.2,0,0,,,0,,,0,,,0,,,0,,,,,0.0,,,样本不足，暂按来源分组权重；时间衰减半衰期=14天,0.0
3627545,1500,2026-08-26 07:17:39,30,0x28473085ba4aa761eb541914f50a75dd685cd47b,smart_money,N,50.0,1.4,0,0,,,0,,,0,,,0,,,0,,,,,0.0,,,样本不足，暂按来源分组权重；时间衰减半衰期=14天,0.0
3627546,1500,2026-08-26 07:17:39,30,0x288ed4efc8fbd1e42a06fe083ea942d20c90b336,"money_printer,smart_money",N,50.0,1.8,1,1,0.0,0.6880203053788502,1,1.0,2.4312179236473055,1,1.0,23.330433325085604,0,,,0,,,2.4312179236473055,,0.0,2026-08-14 15:17:14,BTC,样本不足，暂按来源分组权重；时间衰减半衰期=14天,0.5612229840398647
3627547,1500,2026-08-26 07:17:39,30,0x28bbaaa5b431ed61ea6a9b3394f76616e00cfca6,money_printer,N,50.0,1.2,1,1,0.0,-0.17597653646180267,1,0.0,-1.5091321157179018,1,0.0,-26.48713504866017,0,,,0,,,-1.5091321157179018,,0.0,2026-08-14 11:17:02,ETH,样本不足，暂按来源分组权重；时间衰减半衰期=14天,0.5566071383603369
3627548,1500,2026-08-26 07:17:39,30,0x294fd17c700331aad5cc480400050e1005d2c531,smart_money,N,50.0,1.4,0,0,,,0,,,0,,,0,,,0,,,,,0.0,,,样本不足，暂按来源分组权重；时间衰减半衰期=14天,0.0
3627549,1500,2026-08-26 07:17:39,30,0x298629982613bf36c48d0b31afd2fe7d1b4604dc,money_printer,N,50.0,1.2,0,0,,,0,,,0,,,0,,,0,,,,,0.0,,,样本不足，暂按来源分组权重；时间衰减半衰期=14天,0.0
3627550,1500,2026-08-26 07:17:39,30,0x29b7ddbc6fa8cd273a63cb17826225aeb46ed6a4,smart_money,N,50.0,1.4,0,0,,,0,,,0,,,0,,,0,,,,,0.0,,,样本不足，暂按来源分组权重；时间衰减半衰期=14天,0.0
3627551,1500,2026-08-26 07:17:39,30,0x29c792a175627a15c60f5288e55d1cf7d95f2157,smart_money,N,50.0,1.4,2,2,0.0,0.0,0,,,0,,,0,,,0,,,,,0.0,2026-08-24 16:17:56,KNTQ,样本不足，暂按来源分组权重；时间衰减半衰期=14天,1.8117741448097373
3627552,1500,2026-08-26 07:17:39,30,0x29eb62882a8bd104a64400a2971d0d6881777043,money_printer,N,50.0,1.2,0,0,,,0,,,0,,,0,,,0,,,,,0.0,,,样本不足，暂按来源分组权重；时间衰减半衰期=14天,0.0
3627553,1500,2026-08-26 07:17:39,30,0x2a246fca547f9a845e67a51c9221d888576eb81c,smart_money,N,50.0,1.4,0,0,,,0,,,0,,,0,,,0,,,,,0.0,,,样本不足，暂按来源分组权重；时间衰减半衰期=14天,0.0
3627554,1500,2026-08-26 07:17:39,30,0x2a29762f188eacd2217313a62642b1fb24d14d9c,smart_money,N,50.0,1.4,0,0,,,0,,,0,,,0,,,0,,,,,0.0,,,样本不足，暂按来源分组权重；时间衰减半衰期=14天,0.0
3627555,1500,2026-08-26 07:17:39,30,0x2a304155f0c751217f2bedc1769be8398151eca4,smart_money,N,50.0,1.4,0,0,,,0,,,0,,,0,,,0,,,,,0.0,,,样本不足，暂按来源分组权重；时间衰减半衰期=14天,0.0
3627556,1500,2026-08-26 07:17:39,30,0x2a3c3bf6a7cc9615af69be77ecb9908a1f48de46,smart_money,N,50.0,1.4,0,0,,,0,,,0,,,0,,,0,,,,,0.0,,,样本不足，暂按来源分组权重；时间衰减半衰期=14天,0.0
3627557,1500,2026-08-26 07:17:39,30,0x2a4d9f5d63bcd42c737431e0b49d2e01c49caae4,smart_money,N,50.0,1.4,0,0,,,0,,,0,,,0,,,0,,,,,0.0,,,样本不足，暂按来源分组权重；时间衰减半衰期=14天,0.0
3627558,1500,2026-08-26 07:17:39,30,0x2a72b57dea119cc0bac14df798f9e9b8b148267c,smart_money,B,69.29578263437405,1.4,23,19,0.5342980734729834,0.0528006810810619,9,0.31219521111024645,-1.5666266985193893,2,0.6154676481371061,9.361531847503775,2,1.0,50.4357488411888,0,,,-1.4812189117433583,,0.0,2026-08-26 01:17:50,PUMP,B级：普通有效参考，主周期=24h；时间衰减半衰期=14天,15.338108735696903
3627559,1500,2026-08-26 07:17:39,30,0x2a767954b55264c1443b3fa634d4adb7d6059a53,smart_money,N,50.0,1.4,1,1,0.0,0.2597777457064439,1,1.0,3.2905181122817155,1,0.0,3.5695386539664127,1,0.0,-42.71900707172752,0,,,3.290518112281715,,0.0,2026-08-08 11:16:51,XRP,样本不足，暂按来源分组权重；时间衰减半衰期=14天,0.41355490762893177
3627560,1500,2026-08-26 07:17:39,30,0x2a876325db0cdd43e0f250bc309d45f78e45dcf3,smart_money,N,50.0,1.4,0,0,,,0,,,0,,,0,,,0,,,,,0.0,,,样本不足，暂按来源分组权重；时间衰减半衰期=14天,0.0
3627561,1500,2026-08-26 07:17:39,30,0x2a934d40944e2b686ee9cdce74a3f67d32cd0347,money_printer,N,50.0,1.2,0,0,,,0,,,0,,,0,,,0,,,,,0.0,,,样本不足，暂按来源分组权重；时间衰减半衰期=14天,0.0
3627562,1500,2026-08-26 07:17:39,30,0x2ac1fa38a82738c3875b3ac385fbade067e3d123,money_printer,N,50.0,1.2,0,0,,,0,,,0,,,0,,,0,,,,,0.0,,,样本不足，暂按来源分组权重；时间衰减半衰期=14天,0.0
3627563,1500,2026-08-26 07:17:39,30,0x2ac4880624dae9e823874d65e43bfeba97fc61b5,smart_money,N,50.0,1.4,0,0,,,0,,,0,,,0,,,0,,,,,0.0,,,样本不足，暂按来源分组权重；时间衰减半衰期=14天,0.0
3627564,1500,2026-08-26 07:17:39,30,0x2afe745dfd735e24aae8ac39969140dd0511496b,smart_money,N,50.0,1.4,0,0,,,0,,,0,,,0,,,0,,,,,0.0,,,样本不足，暂按来源分组权重；时间衰减半衰期=14天,0.0
3627565,1500,2026-08-26 07:17:39,30,0x2b02efbf4fa4585ae3cc9d81913770e9b12484db,smart_money,N,50.0,1.4,0,0,,,0,,,0,,,0,,,0,,,,,0.0,,,样本不足，暂按来源分组权重；时间衰减半衰期=14天,0.0
3627566,1500,2026-08-26 07:17:39,30,0x2b2ab788772102883d5bca4af7cf2660d746ac9b,smart_money,N,50.0,1.4,0,0,,,0,,,0,,,0,,,0,,,,,0.0,,,样本不足，暂按来源分组权重；时间衰减半衰期=14天,0.0
3627567,1500,2026-08-26 07:17:39,30,0x2b3349ff0c4cf96f7df87fd5f3d583ee625733f7,smart_money,N,50.0,1.4,0,0,,,0,,,0,,,0,,,0,,,,,0.0,,,样本不足，暂按来源分组权重；时间衰减半衰期=14天,0.0
3627568,1500,2026-08-26 07:17:39,30,0x2b7b64b593a40a210bc0568522e7d7991ee8c7c0,smart_money,N,50.0,1.4,0,0,,,0,,,0,,,0,,,0,,,,,0.0,,,样本不足，暂按来源分组权重；时间衰减半衰期=14天,0.0
3627569,1500,2026-08-26 07:17:39,30,0x2b804617c6f63c040377e95bb276811747006f4b,"money_printer,smart_money",N,50.0,1.8,0,0,,,0,,,0,,,0,,,0,,,,,0.0,,,样本不足，暂按来源分组权重；时间衰减半衰期=14天,0.0
3627570,1500,2026-08-26 07:17:39,30,0x2b8cd26e88fa42a9cd9cc08782c51571781ffde0,smart_money,N,50.0,1.4,0,0,,,0,,,0,,,0,,,0,,,,,0.0,,,样本不足，暂按来源分组权重；时间衰减半衰期=14天,0.0
3627571,1500,2026-08-26 07:17:39,30,0x2b8e8acc1dd32cd642ebb91014320a6f6a0f9507,smart_money,N,50.0,1.4,0,0,,,0,,,0,,,0,,,0,,,,,0.0,,,样本不足，暂按来源分组权重；时间衰减半衰期=14天,0.0
3627572,1500,2026-08-26 07:17:39,30,0x2b9b48bbdd8018396daad50364c467246db30d87,smart_money,N,50.0,1.4,0,0,,,0,,,0,,,0,,,0,,,,,0.0,,,样本不足，暂按来源分组权重；时间衰减半衰期=14天,0.0
3627573,1500,2026-08-26 07:17:39,30,0x2ba553d9f990a3b66b03b2dc0d030dfc1c061036,money_printer,N,50.0,1.2,2,2,0.501029175411839,0.5295594181316285,0,,,0,,,0,,,0,,,,,0.0,2026-08-24 02:17:48,LIT,样本不足，暂按来源分组权重；时间衰减半衰期=14天,1.7891853179301536
3627574,1500,2026-08-26 07:17:39,30,0x2ba90dba46da390ca15d2ac24078d3a81bc85399,smart_money,N,50.0,1.4,0,0,,,0,,,0,,,0,,,0,,,,,0.0,,,样本不足，暂按来源分组权重；时间衰减半衰期=14天,0.0
3627575,1500,2026-08-26 07:17:39,30,0x2bb45f0411f8f7cd264620fb2b22990d373b8ac5,smart_money,N,50.0,1.4,0,0,,,0,,,0,,,0,,,0,,,,,0.0,,,样本不足，暂按来源分组权重；时间衰减半衰期=14天,0.0
3627576,1500,2026-08-26 07:17:39,30,0x2bd0cbb03af55e337aabb179a7bf092218b8367c,smart_money,N,50.0,1.4,3,3,0.0,0.0,0,,,0,,,0,,,0,,,,,0.0,2026-08-25 00:17:48,KNTQ,样本不足，暂按来源分组权重；时间衰减半衰期=14天,2.78156526993682
3627577,1500,2026-08-26 07:17:39,30,0x2bd6745f4c7f91401611134b61b839ee2ebdb8d8,smart_money,R,10.0,-1.4,19,17,0.09428713766511487,-3.9184433476722966,17,0.1855103259054912,-11.634016466359434,9,0.0,1.1578753870639913,9,0.0,1.1706167661717601,0,,,-7.636502077239358,,77.3183478551214,2026-08-25 22:17:55,UPUMP,反向钱包：72h方向胜率和平均收益偏差；时间衰减半衰期=14天,8.973896419096365
3627578,1500,2026-08-26 07:17:39,30,0x2bee414493be72c747edf347d42b198494fb0ba9,smart_money,N,50.0,1.4,0,0,,,0,,,0,,,0,,,0,,,,,0.0,,,样本不足，暂按来源分组权重；时间衰减半衰期=14天,0.0
3627579,1500,2026-08-26 07:17:39,30,0x2c0757702f4897001f16c8cf881a3ddddf9c7494,smart_money,N,50.0,1.4,0,0,,,0,,,0,,,0,,,0,,,,,0.0,,,样本不足，暂按来源分组权重；时间衰减半衰期=14天,0.0
3627580,1500,2026-08-26 07:17:39,30,0x2c5dc7e67fce4bc252221c46c1cdc7651838b2d8,smart_money,N,50.0,1.4,0,0,,,0,,,0,,,0,,,0,,,,,0.0,,,样本不足，暂按来源分组权重；时间衰减半衰期=14天,0.0
3627581,1500,2026-08-26 07:17:39,30,0x2c6f7831be3fe15cc7025672f27623a921553725,smart_money,N,50.0,1.4,6,6,0.402790180063265,4.542741870212398,6,0.402790180063265,6.011646562067753,5,0.1407788233648642,0.7527781488722446,5,0.6197120537973979,12.357897679150772,0,,,3.2423316174453665,,0.0,2026-08-19 15:17:08,"HYPE,ETH",样本不足，暂按来源分组权重；时间衰减半衰期=14天,2.357379618936256
3627582,1500,2026-08-26 07:17:39,30,0x2c76be702ee99922754a6df7158091a5e33f7662,money_printer,N,50.0,1.2,0,0,,,0,,,0,,,0,,,0,,,,,0.0,,,样本不足，暂按来源分组权重；时间衰减半衰期=14天,0.0
3627583,1500,2026-08-26 07:17:39,30,0x2ca4927174ba283d8a57f60ef3589844035a2930,smart_money,N,50.0,1.4,0,0,,,0,,,0,,,0,,,0,,,,,0.0,,,样本不足，暂按来源分组权重；时间衰减半衰期=14天,0.0
3627584,1500,2026-08-26 07:17:39,30,0x2cbf1e236d72633741cc9cd186bca4611b051c50,smart_money,N,50.0,1.4,0,0,,,0,,,0,,,0,,,0,,,,,0.0,,,样本不足，暂按来源分组权重；时间衰减半衰期=14天,0.0
3627585,1500,2026-08-26 07:17:39,30,0x2cd991f48ba31536a96b772536a1daaaedf150ae,money_printer,N,50.0,1.2,0,0,,,0,,,0,,,0,,,0,,,,,0.0,,,样本不足，暂按来源分组权重；时间衰减半衰期=14天,0.0
3627586,1500,2026-08-26 07:17:39,30,0x2cddea0f5a2685f268aa2734bbff9f9116f952bb,smart_money,N,50.0,1.4,0,0,,,0,,,0,,,0,,,0,,,,,0.0,,,样本不足，暂按来源分组权重；时间衰减半衰期=14天,0.0
3627587,1500,2026-08-26 07:17:39,30,0x2cef0a7f84e722c77b271862da5fe2387028fa20,smart_money,N,50.0,1.4,0,0,,,0,,,0,,,0,,,0,,,,,0.0,,,样本不足，暂按来源分组权重；时间衰减半衰期=14天,0.0
3627588,1500,2026-08-26 07:17:39,30,0x2cffce91b4e0c81df18726ff66b31b2b1545e1ad,smart_money,N,50.0,1.4,0,0,,,0,,,0,,,0,,,0,,,,,0.0,,,样本不足，暂按来源分组权重；时间衰减半衰期=14天,0.0
3627589,1500,2026-08-26 07:17:39,30,0x2d46792b530edc6951935dd7c8c79141dbcf1d43,smart_money,N,50.0,1.4,0,0,,,0,,,0,,,0,,,0,,,,,0.0,,,样本不足，暂按来源分组权重；时间衰减半衰期=14天,0.0
3627590,1500,2026-08-26 07:17:39,30,0x2d55a75eef61cf781a278f0d81074c896bdb167c,smart_money,N,50.0,1.4,0,0,,,0,,,0,,,0,,,0,,,,,0.0,,,样本不足，暂按来源分组权重；时间衰减半衰期=14天,0.0
3627591,1500,2026-08-26 07:17:39,30,0x2d66f73159eaa54cc7fddaea2ba8cf91f9f14cd6,smart_money,N,50.0,1.4,0,0,,,0,,,0,,,0,,,0,,,,,0.0,,,样本不足，暂按来源分组权重；时间衰减半衰期=14天,0.0
3627592,1500,2026-08-26 07:17:39,30,0x2d7ae76a3c51efa830e99a404570157421120d7e,smart_money,N,50.0,1.4,0,0,,,0,,,0,,,0,,,0,,,,,0.0,,,样本不足，暂按来源分组权重；时间衰减半衰期=14天,0.0
3627593,1500,2026-08-26 07:17:39,30,0x2d891ef03177dd17372c5efecbd80f301d96436b,smart_money,N,50.0,1.4,5,5,0.4631731503190122,1.2578702688428702,5,0.6159937191182868,3.816441499280694,2,0.0,-0.0478026507444634,0,,,0,,,3.463324457969398,,0.0,2026-08-19 21:17:06,"SOL,ETH,BTC",样本不足，暂按来源分组权重；时间衰减半衰期=14天,3.1265989035739894
3627594,1500,2026-08-26 07:17:39,30,0x2d99fe0f36c1aebd28a1a2c0e82e8ca13c2ea351,money_printer,N,50.0,1.2,2,2,0.49948555500846126,0.8386995432639947,0,,,0,,,0,,,0,,,,,0.0,2026-08-24 01:17:55,ZEC,样本不足，暂按来源分组权重；时间衰减半衰期=14天,1.7873415246483288
3627595,1500,2026-08-26 07:17:39,30,0x2dacce251f42aa0ebad75ec0cf505e138142a911,smart_money,N,50.0,1.4,0,0,,,0,,,0,,,0,,,0,,,,,0.0,,,样本不足，暂按来源分组权重；时间衰减半衰期=14天,0.0
3627596,1500,2026-08-26 07:17:39,30,0x2dafcc36215b481c331f05437959c428562064b6,smart_money,N,50.0,1.4,0,0,,,0,,,0,,,0,,,0,,,,,0.0,,,样本不足，暂按来源分组权重；时间衰减半衰期=14天,0.0
3627597,1500,2026-08-26 07:17:39,30,0x2dd5b67410355a62fde9fc526f2b08b81413a130,smart_money,N,50.0,1.4,0,0,,,0,,,0,,,0,,,0,,,,,0.0,,,样本不足，暂按来源分组权重；时间衰减半衰期=14天,0.0
3627598,1500,2026-08-26 07:17:39,30,0x2ded914aa5fadadd7d32d678924188586d7c656b,smart_money,N,50.0,1.4,0,0,,,0,,,0,,,0,,,0,,,,,0.0,,,样本不足，暂按来源分组权重；时间衰减半衰期=14天,0.0
3627599,1500,2026-08-26 07:17:39,30,0x2df1e1378bee3ff4404a602f5de07017837be985,money_printer,N,50.0,1.2,0,0,,,0,,,0,,,0,,,0,,,,,0.0,,,样本不足，暂按来源分组权重；时间衰减半衰期=14天,0.0
3627600,1500,2026-08-26 07:17:39,30,0x2e2e76c5e1d91a78ec41672da4640620d88a1c50,smart_money,N,50.0,1.4,8,8,0.4300416697910107,-0.8935262118100705,8,0.4300416697910107,0.3997059277380469,6,0.39762714164075974,-0.046645309309377055,4,0.3019558195951723,1.126311107339342,0,,,0.41939183560107285,,0.0,2026-08-20 09:17:04,"NEKO,SWAP",样本不足，暂按来源分组权重；时间衰减半衰期=14天,4.234651944428094
3627601,1500,2026-08-26 07:17:39,30,0x2e30c32738a28833e3d85189c04895c25ee54cb5,smart_money,N,50.0,1.4,3,2,0.0,-2.3703059381831144,1,0.0,-0.9796746777514284,1,0.0,-4.987168603573266,1,1.0,54.5788081925783,0,,,-0.9796746777514285,,0.0,2026-08-26 01:17:50,ZEC,样本不足，暂按来源分组权重；时间衰减半衰期=14天,1.2836824894427967
3627602,1500,2026-08-26 07:17:39,30,0x2e3d94f0562703b25c83308a05046ddaf9a8dd14,money_printer,N,50.0,1.2,0,0,,,0,,,0,,,0,,,0,,,,,0.0,,,样本不足，暂按来源分组权重；时间衰减半衰期=14天,0.0
3627603,1500,2026-08-26 07:17:39,30,0x2ea161d4e856f7945ac75f21b0486c8bbcaf7b11,smart_money,N,50.0,1.4,0,0,,,0,,,0,,,0,,,0,,,,,0.0,,,样本不足，暂按来源分组权重；时间衰减半衰期=14天,0.0
3627604,1500,2026-08-26 07:17:39,30,0x2ea18c23f72a4b6172c55b411823cdc5335923f4,money_printer,N,50.0,1.2,0,0,,,0,,,0,,,0,,,0,,,,,0.0,,,样本不足，暂按来源分组权重；时间衰减半衰期=14天,0.0
3627605,1500,2026-08-26 07:17:39,30,0x2ed5c4484ea3ff8b57d5f2fb152a40d9f2b68308,smart_money,N,50.0,1.4,0,0,,,0,,,0,,,0,,,0,,,,,0.0,,,样本不足，暂按来源分组权重；时间衰减半衰期=14天,0.0
3627606,1500,2026-08-26 07:17:39,30,0x2ed8e7d874453b1136d54d84022200ec48172116,money_printer,N,50.0,1.2,4,4,0.35331840190417124,-2.1322457639110914,4,0.35331840190417124,0.9195399059756737,2,0.0,0.001580477623347711,2,0.0,0.16720808241413726,0,,,0.8733121672360276,,0.0,2026-08-20 09:17:04,NEKO,样本不足，暂按来源分组权重；时间衰减半衰期=14天,2.0387951261888952
3627607,1500,2026-08-26 07:17:39,30,0x2ef1697d832128ae14a19eb08f7074db6336b106,smart_money,N,50.0,1.4,0,0,,,0,,,0,,,0,,,0,,,,,0.0,,,样本不足，暂按来源分组权重；时间衰减半衰期=14天,0.0
3627608,1500,2026-08-26 07:17:39,30,0x2ef85698675478f9dd543786e459bab7665d49f7,smart_money,N,50.0,1.4,0,0,,,0,,,0,,,0,,,0,,,,,0.0,,,样本不足，暂按来源分组权重；时间衰减半衰期=14天,0.0
3627609,1500,2026-08-26 07:17:39,30,0x2f01afc9f9437c4fcb8f2e8612c57bf522bcc81d,money_printer,N,50.0,1.2,0,0,,,0,,,0,,,0,,,0,,,,,0.0,,,样本不足，暂按来源分组权重；时间衰减半衰期=14天,0.0
3627610,1500,2026-08-26 07:17:39,30,0x2f6c194ab47cd777053af1fe799a63bf30322ef8,smart_money,N,50.0,1.4,0,0,,,0,,,0,,,0,,,0,,,,,0.0,,,样本不足，暂按来源分组权重；时间衰减半衰期=14天,0.0
3627611,1500,2026-08-26 07:17:39,30,0x2f7a83314829ea002450381ad181fd525bdb340d,money_printer,N,50.0,1.2,0,0,,,0,,,0,,,0,,,0,,,,,0.0,,,样本不足，暂按来源分组权重；时间衰减半衰期=14天,0.0
3627612,1500,2026-08-26 07:17:39,30,0x2f7eb45927a2076d52e00463d8015a360a495405,smart_money,N,50.0,1.4,0,0,,,0,,,0,,,0,,,0,,,,,0.0,,,样本不足，暂按来源分组权重；时间衰减半衰期=14天,0.0
3627613,1500,2026-08-26 07:17:39,30,0x2fcb6898d5a0623de19c3691904927685014c4d8,money_printer,N,50.0,1.2,0,0,,,0,,,0,,,0,,,0,,,,,0.0,,,样本不足，暂按来源分组权重；时间衰减半衰期=14天,0.0
3627614,1500,2026-08-26 07:17:39,30,0x2fd1cbabdd9724e971e80009c8189ca593d9603e,smart_money,N,50.0,1.4,0,0,,,0,,,0,,,0,,,0,,,,,0.0,,,样本不足，暂按来源分组权重；时间衰减半衰期=14天,0.0
3627615,1500,2026-08-26 07:17:39,30,0x2ff2944a3bbf6e79848facaeddb2d986773dfaed,smart_money,N,50.0,1.4,0,0,,,0,,,0,,,0,,,0,,,,,0.0,,,样本不足，暂按来源分组权重；时间衰减半衰期=14天,0.0
3627616,1500,2026-08-26 07:17:39,30,0x3005fade4c0df5e1cd187d7062da359416f0eb8e,smart_money,N,50.0,1.4,0,0,,,0,,,0,,,0,,,0,,,,,0.0,,,样本不足，暂按来源分组权重；时间衰减半衰期=14天,0.0
3627617,1500,2026-08-26 07:17:39,30,0x3023c576d9ec4bfaa263f1f4d8c3f5172d44c756,money_printer,N,50.0,1.2,0,0,,,0,,,0,,,0,,,0,,,,,0.0,,,样本不足，暂按来源分组权重；时间衰减半衰期=14天,0.0
3627618,1500,2026-08-26 07:17:39,30,0x303729b53e97d3f43a1bd13e7f4c6bf77ae41e83,money_printer,N,50.0,1.2,0,0,,,0,,,0,,,0,,,0,,,,,0.0,,,样本不足，暂按来源分组权重；时间衰减半衰期=14天,0.0
3627619,1500,2026-08-26 07:17:39,30,0x303de6f3508071e983cd3e68ccb41cae75248466,smart_money,N,50.0,1.4,0,0,,,0,,,0,,,0,,,0,,,,,0.0,,,样本不足，暂按来源分组权重；时间衰减半衰期=14天,0.0
3627620,1500,2026-08-26 07:17:39,30,0x30530d8c6f6aa5416609992bbe08aac518d8525a,smart_money,N,50.0,1.4,0,0,,,0,,,0,,,0,,,0,,,,,0.0,,,样本不足，暂按来源分组权重；时间衰减半衰期=14天,0.0
3627621,1500,2026-08-26 07:17:39,30,0x30a712758896b443d447f486737b91b54161e64f,smart_money,N,50.0,1.4,0,0,,,0,,,0,,,0,,,0,,,,,0.0,,,样本不足，暂按来源分组权重；时间衰减半衰期=14天,0.0
3627622,1500,2026-08-26 07:17:39,30,0x30a7a78ada9aaada13ef7290ce2d18554c9cbd80,smart_money,N,50.0,1.4,0,0,,,0,,,0,,,0,,,0,,,,,0.0,,,样本不足，暂按来源分组权重；时间衰减半衰期=14天,0.0
3627623,1500,2026-08-26 07:17:39,30,0x30bb45af88000014bd7a5e6f7c714a489c4f7cae,smart_money,N,50.0,1.4,0,0,,,0,,,0,,,0,,,0,,,,,0.0,,,样本不足，暂按来源分组权重；时间衰减半衰期=14天,0.0
3627624,1500,2026-08-26 07:17:39,30,0x30bdf164cdb6f4bc373a232942896d5bb49fb5a4,money_printer,N,50.0,1.2,0,0,,,0,,,0,,,0,,,0,,,,,0.0,,,样本不足，暂按来源分组权重；时间衰减半衰期=14天,0.0
3627625,1500,2026-08-26 07:17:39,30,0x30fabf0754da17f6c8eca338ddd3581eb911fa11,money_printer,N,50.0,1.2,4,4,0.0,-0.2540980360150659,4,0.0,0.09854610614626132,4,0.0,-0.18478712992449886,4,0.0,-0.08596184304024687,0,,,0.10265643345178405,,0.0,2026-08-01 03:17:08,NEKO,样本不足，暂按来源分组权重；时间衰减半衰期=14天,1.1440874702316477
3627626,1500,2026-08-26 07:17:39,30,0x3119a5bf3ce136b2ea82969a26e5f570c0319209,smart_money,N,50.0,1.4,0,0,,,0,,,0,,,0,,,0,,,,,0.0,,,样本不足，暂按来源分组权重；时间衰减半衰期=14天,0.0
3627627,1500,2026-08-26 07:17:39,30,0x31ac79c7979e3d4ceafb85042da1ab3fb1eaddd8,smart_money,N,50.0,1.4,0,0,,,0,,,0,,,0,,,0,,,,,0.0,,,样本不足，暂按来源分组权重；时间衰减半衰期=14天,0.0
3627628,1500,2026-08-26 07:17:39,30,0x31ca8395cf837de08b24da3f660e77761dfb974b,money_printer,N,50.0,1.2,0,0,,,0,,,0,,,0,,,0,,,,,0.0,,,样本不足，暂按来源分组权重；时间衰减半衰期=14天,0.0
3627629,1500,2026-08-26 07:17:39,30,0x31d6b5a70e8ef418311d7cd2c28c7e1c15e84f90,smart_money,N,50.0,1.4,0,0,,,0,,,0,,,0,,,0,,,,,0.0,,,样本不足，暂按来源分组权重；时间衰减半衰期=14天,0.0
3627630,1500,2026-08-26 07:17:39,30,0x31dea2516beee92135b96f464eeec3cf292a13f2,money_printer,R,18.856305758752647,-1.2,12,12,0.2517413666569777,-1.1436942412473527,9,0.11075644489119528,-1.0773726788530282,1,0.0,-0.009377124504770611,1,0.0,0.36101929343366856,0,,,-1.016621365804165,,40.87093526486239,2026-08-24 16:17:56,"ETH,BTC",反向钱包：24h方向胜率和平均收益偏差；时间衰减半衰期=14天,9.320174469975537
3627631,1500,2026-08-26 07:17:39,30,0x31e3e423f4806932307c5d94121f1f5044f72231,smart_money,N,50.0,1.4,0,0,,,0,,,0,,,0,,,0,,,,,0.0,,,样本不足，暂按来源分组权重；时间衰减半衰期=14天,0.0
3627632,1500,2026-08-26 07:17:39,30,0x31f0ed3135a26b142f58354011fdaf30766f4205,smart_money,N,50.0,1.4,0,0,,,0,,,0,,,0,,,0,,,,,0.0,,,样本不足，暂按来源分组权重；时间衰减半衰期=14天,0.0
3627633,1500,2026-08-26 07:17:39,30,0x31f28ff1130fdd38d6180fa326c146fe63ecc52b,smart_money,N,50.0,1.4,0,0,,,0,,,0,,,0,,,0,,,,,0.0,,,样本不足，暂按来源分组权重；时间衰减半衰期=14天,0.0
3627634,1500,2026-08-26 07:17:39,30,0x32051a0c36af1449e0eee08146a808115ccc40bb,money_printer,N,50.0,1.2,0,0,,,0,,,0,,,0,,,0,,,,,0.0,,,样本不足，暂按来源分组权重；时间衰减半衰期=14天,0.0
3627635,1500,2026-08-26 07:17:39,30,0x321f13fa322c8c446eb0c50f54d0af8cca859714,smart_money,N,50.0,1.4,1,1,0.0,-2.9121972528272506,1,0.0,-11.587078164761015,0,,,0,,,0,,,-11.587078164761015,,0.0,2026-08-20 12:17:23,HYPE,样本不足，暂按来源分组权重；时间衰减半衰期=14天,0.7506937081046965
3627636,1500,2026-08-26 07:17:39,30,0x321f7193eadbacb67eff00f76b975a487e5b1c84,smart_money,N,50.0,1.4,2,2,0.5,2.950175520232784,2,0.5,-0.35238250183358044,2,0.0,-0.9551269477910844,2,0.5,9.072433696345044,0,,,-0.35238250183358044,,0.0,2026-08-03 08:16:59,"ETH,UNI",样本不足，暂按来源分组权重；时间衰减半衰期=14天,0.6417511934380873
3627637,1500,2026-08-26 07:17:39,30,0x324563717b20e19e71c5440aff6c9762ccfc08cc,money_printer,N,50.0,1.2,0,0,,,0,,,0,,,0,,,0,,,,,0.0,,,样本不足，暂按来源分组权重；时间衰减半衰期=14天,0.0
3627638,1500,2026-08-26 07:17:39,30,0x32536c98f7fd6b47637452275a2297abcc4ff6ee,smart_money,N,50.0,1.4,0,0,,,0,,,0,,,0,,,0,,,,,0.0,,,样本不足，暂按来源分组权重；时间衰减半衰期=14天,0.0
3627639,1500,2026-08-26 07:17:39,30,0x325edd95bb016c36027ce3b9f7595af7094a9564,money_printer,N,50.0,1.2,6,6,0.493343050567828,0.5711992366630854,0,,,0,,,0,,,0,,,,,0.0,2026-08-24 03:17:47,"PUMP,LIT",样本不足，暂按来源分组权重；时间衰减半衰期=14天,5.315240421328559
3627640,1500,2026-08-26 07:17:39,30,0x3286cd2bd1b67afbcbb6988bebd50229120092e1,smart_money,N,50.0,1.4,9,9,0.0,0.0,9,0.0,0.0,9,0.0,0.0,0,,,0,,,0.0,,0.0,2026-08-17 23:16:53,UANSEM,样本不足，暂按来源分组权重；时间衰减半衰期=14天,5.742008426685029
3627641,1500,2026-08-26 07:17:39,30,0x329c787b163a730bd7900df2beb3ff4fe4670375,smart_money,N,50.0,1.4,4,4,0.35331840190417124,-2.1322457639110914,4,0.35331840190417124,0.9195399059756737,2,0.0,0.001580477623347711,2,0.0,0.16720808241413726,0,,,0.8733121672360276,,0.0,2026-08-20 09:17:04,NEKO,样本不足，暂按来源分组权重；时间衰减半衰期=14天,2.0387951261888952
3627642,1500,2026-08-26 07:17:39,30,0x32a501193fe8789b2093e03e698e5ca979c9cd92,money_printer,N,50.0,1.2,0,0,,,0,,,0,,,0,,,0,,,,,0.0,,,样本不足，暂按来源分组权重；时间衰减半衰期=14天,0.0
3627643,1500,2026-08-26 07:17:39,30,0x32dfc80aba2b7f2c5ad6b2f9a84cd615a6c380e8,smart_money,N,50.0,1.4,0,0,,,0,,,0,,,0,,,0,,,,,0.0,,,样本不足，暂按来源分组权重；时间衰减半衰期=14天,0.0
3627644,1500,2026-08-26 07:17:39,30,0x32ec8541bb748d7e23d3ec2f24cd06054c13a4ec,smart_money,N,50.0,1.4,0,0,,,0,,,0,,,0,,,0,,,,,0.0,,,样本不足，暂按来源分组权重；时间衰减半衰期=14天,0.0
3627645,1500,2026-08-26 07:17:39,30,0x33028909063fa394380434aa0382a6dc4cf9b41e,smart_money,N,50.0,1.4,0,0,,,0,,,0,,,0,,,0,,,,,0.0,,,样本不足，暂按来源分组权重；时间衰减半衰期=14天,0.0
3627646,1500,2026-08-26 07:17:39,30,0x334ebb44fd8fccb9112983247443dfae5e448887,smart_money,N,50.0,1.4,0,0,,,0,,,0,,,0,,,0,,,,,0.0,,,样本不足，暂按来源分组权重；时间衰减半衰期=14天,0.0
3627647,1500,2026-08-26 07:17:39,30,0x335f45392f8d87745aaae68f5c192849afd9b60e,money_printer,N,50.0,1.2,0,0,,,0,,,0,,,0,,,0,,,,,0.0,,,样本不足，暂按来源分组权重；时间衰减半衰期=14天,0.0
3627648,1500,2026-08-26 07:17:39,30,0x3384a7bee231690421fe8866904f2b971ffddaab,smart_money,N,50.0,1.4,0,0,,,0,,,0,,,0,,,0,,,,,0.0,,,样本不足，暂按来源分组权重；时间衰减半衰期=14天,0.0
3627649,1500,2026-08-26 07:17:39,30,0x33893d58f01e83b8b43fa8fcab85c0fa26c8d3ee,smart_money,N,50.0,1.4,0,0,,,0,,,0,,,0,,,0,,,,,0.0,,,样本不足，暂按来源分组权重；时间衰减半衰期=14天,0.0
3627650,1500,2026-08-26 07:17:39,30,0x339030695894d065719b8ee501459a467ef1388a,smart_money,N,50.0,1.4,0,0,,,0,,,0,,,0,,,0,,,,,0.0,,,样本不足，暂按来源分组权重；时间衰减半衰期=14天,0.0
3627651,1500,2026-08-26 07:17:39,30,0x33c3b8bcd758f511b350374a63e1f880f40e0282,smart_money,N,50.0,1.4,0,0,,,0,,,0,,,0,,,0,,,,,0.0,,,样本不足，暂按来源分组权重；时间衰减半衰期=14天,0.0
3627652,1500,2026-08-26 07:17:39,30,0x33cd83ca975dfe9fce7111eeb644f4fd0c558ad9,smart_money,N,50.0,1.4,0,0,,,0,,,0,,,0,,,0,,,,,0.0,,,样本不足，暂按来源分组权重；时间衰减半衰期=14天,0.0
3627653,1500,2026-08-26 07:17:39,30,0x342f5b2fd4f4a24eb212a2594ac48b13556a8e83,money_printer,N,50.0,1.2,0,0,,,0,,,0,,,0,,,0,,,,,0.0,,,样本不足，暂按来源分组权重；时间衰减半衰期=14天,0.0
3627654,1500,2026-08-26 07:17:39,30,0x34365f472a3af2ff8167970a519931437e2c2094,money_printer,N,50.0,1.2,0,0,,,0,,,0,,,0,,,0,,,,,0.0,,,样本不足，暂按来源分组权重；时间衰减半衰期=14天,0.0
3627655,1500,2026-08-26 07:17:39,30,0x3440f23a87f1950e7a88cd248fd270e92d1132c5,money_printer,N,50.0,1.2,1,1,0.0,-5.042589921924407,1,0.0,-12.570243178153051,0,,,0,,,0,,,-12.570243178153051,,0.0,2026-08-19 20:17:16,HYPE,样本不足，暂按来源分组权重；时间衰减半衰期=14天,0.7263171050705325
3627656,1500,2026-08-26 07:17:39,30,0x34827044cbd4b808fc1b189fce9f50e6dafae7c9,smart_money,N,50.0,1.4,0,0,,,0,,,0,,,0,,,0,,,,,0.0,,,样本不足，暂按来源分组权重；时间衰减半衰期=14天,0.0
3627657,1500,2026-08-26 07:17:39,30,0x348bb306e6887d244450cbb9fd608e7f8d0a40b4,money_printer,N,50.0,1.2,0,0,,,0,,,0,,,0,,,0,,,,,0.0,,,样本不足，暂按来源分组权重；时间衰减半衰期=14天,0.0
3627658,1500,2026-08-26 07:17:39,30,0x348e5365acfa48a26ada7da840ca611e29c950ef,money_printer,N,50.0,1.2,0,0,,,0,,,0,,,0,,,0,,,,,0.0,,,样本不足，暂按来源分组权重；时间衰减半衰期=14天,0.0
3627659,1500,2026-08-26 07:17:39,30,0x349bd094209d50280dfaca12779576c748395c15,money_printer,N,50.0,1.2,0,0,,,0,,,0,,,0,,,0,,,,,0.0,,,样本不足，暂按来源分组权重；时间衰减半衰期=14天,0.0
3627660,1500,2026-08-26 07:17:39,30,0x349f8e8d1495341f520406997ebae476fcfebd06,smart_money,N,50.0,1.4,0,0,,,0,,,0,,,0,,,0,,,,,0.0,,,样本不足，暂按来源分组权重；时间衰减半衰期=14天,0.0
3627661,1500,2026-08-26 07:17:39,30,0x34c6d41c5f78f7ccdf1b05ef7cb7c868ac5a6b0c,smart_money,N,50.0,1.4,0,0,,,0,,,0,,,0,,,0,,,,,0.0,,,样本不足，暂按来源分组权重；时间衰减半衰期=14天,0.0
3627662,1500,2026-08-26 07:17:39,30,0x34d3e9b531d2bbdd4593777d2b6fdcea8a6b821f,money_printer,N,50.0,1.2,0,0,,,0,,,0,,,0,,,0,,,,,0.0,,,样本不足，暂按来源分组权重；时间衰减半衰期=14天,0.0
3627663,1500,2026-08-26 07:17:39,30,0x34fb5ec7d4e939161946340ea2a1f29254b893de,money_printer,N,50.0,1.2,2,2,0.0,-2.6068136753920377,1,0.0,-0.423162138964846,0,,,0,,,0,,,-0.423162138964846,,0.0,2026-08-25 04:17:50,"ETH,BTC",样本不足，暂按来源分组权重；时间衰减半衰期=14天,1.7577290991874108
3627664,1500,2026-08-26 07:17:39,30,0x350e33a777d510616fbdb483d1de3b50d1edfcfb,money_printer,R,15.343040711310636,-1.2,49,44,0.5376493413233141,1.2127544424895256,37,0.5433289361415492,1.2061787106002226,10,0.27395717078445087,-4.656959288689365,5,0.0,0.8210523813220932,0,,,1.1639315690488035,,63.16685267448786,2026-08-26 02:17:54,"HYPE,ETH,BTC,ZEC",反向钱包：7d方向胜率和平均收益偏差；时间衰减半衰期=14天,31.678712371026865
3627665,1500,2026-08-26 07:17:39,30,0x351126a070c9cadef8064ddd7b2d289fc33163aa,smart_money,N,50.0,1.4,0,0,,,0,,,0,,,0,,,0,,,,,0.0,,,样本不足，暂按来源分组权重；时间衰减半衰期=14天,0.0
3627666,1500,2026-08-26 07:17:39,30,0x352deb23bebae8b4c57d0ae341d9c1951fd8425a,smart_money,N,50.0,1.4,0,0,,,0,,,0,,,0,,,0,,,,,0.0,,,样本不足，暂按来源分组权重；时间衰减半衰期=14天,0.0
3627667,1500,2026-08-26 07:17:39,30,0x353bd2e5da5f01707dfad0dd86907561ac66cc38,smart_money,N,50.0,1.4,0,0,,,0,,,0,,,0,,,0,,,,,0.0,,,样本不足，暂按来源分组权重；时间衰减半衰期=14天,0.0
3627668,1500,2026-08-26 07:17:39,30,0x3540077ea7c3234102eb3486e2bdfb2f27c50bf1,smart_money,N,50.0,1.4,0,0,,,0,,,0,,,0,,,0,,,,,0.0,,,样本不足，暂按来源分组权重；时间衰减半衰期=14天,0.0
3627669,1500,2026-08-26 07:17:39,30,0x354bcb431a332079950d2ce3a4698745e0f66425,smart_money,N,50.0,1.4,0,0,,,0,,,0,,,0,,,0,,,,,0.0,,,样本不足，暂按来源分组权重；时间衰减半衰期=14天,0.0
3627670,1500,2026-08-26 07:17:39,30,0x3595098878d3960158b77765f3b595228385d69a,money_printer,N,50.0,1.2,0,0,,,0,,,0,,,0,,,0,,,,,0.0,,,样本不足，暂按来源分组权重；时间衰减半衰期=14天,0.0
3627671,1500,2026-08-26 07:17:39,30,0x35a0e2776349c82407b0d70d7cb3cc5ceb31778d,smart_money,N,50.0,1.4,0,0,,,0,,,0,,,0,,,0,,,,,0.0,,,样本不足，暂按来源分组权重；时间衰减半衰期=14天,0.0
3627672,1500,2026-08-26 07:17:39,30,0x35af6c00f4be09af7219192cf54edb9892b31428,smart_money,N,50.0,1.4,0,0,,,0,,,0,,,0,,,0,,,,,0.0,,,样本不足，暂按来源分组权重；时间衰减半衰期=14天,0.0
3627673,1500,2026-08-26 07:17:39,30,0x35b7d824937e0767535c325512039191c214f5f4,smart_money,N,50.0,1.4,0,0,,,0,,,0,,,0,,,0,,,,,0.0,,,样本不足，暂按来源分组权重；时间衰减半衰期=14天,0.0
3627674,1500,2026-08-26 07:17:39,30,0x35c5c21decc15b99b9af370b3e97fd8e213bd29d,smart_money,N,50.0,1.4,0,0,,,0,,,0,,,0,,,0,,,,,0.0,,,样本不足，暂按来源分组权重；时间衰减半衰期=14天,0.0
3627675,1500,2026-08-26 07:17:39,30,0x35c60b52f146d971f2d7ed456c8f3d4893682a92,smart_money,N,50.0,1.4,0,0,,,0,,,0,,,0,,,0,,,,,0.0,,,样本不足，暂按来源分组权重；时间衰减半衰期=14天,0.0
3627676,1500,2026-08-26 07:17:39,30,0x35d1151ef1aab579cbb3109e69fa82f94ff5acb1,money_printer,N,50.0,1.2,0,0,,,0,,,0,,,0,,,0,,,,,0.0,,,样本不足，暂按来源分组权重；时间衰减半衰期=14天,0.0
3627677,1500,2026-08-26 07:17:39,30,0x35f13dc71426d4a429cf8bad69c4b39abbbf9896,smart_money,N,50.0,1.4,4,4,0.35331840190417124,-2.1322457639110914,4,0.35331840190417124,0.9195399059756737,2,0.0,0.001580477623347711,2,0.0,0.16720808241413726,0,,,0.8733121672360276,,0.0,2026-08-20 09:17:04,NEKO,样本不足，暂按来源分组权重；时间衰减半衰期=14天,2.0387951261888952
3627678,1500,2026-08-26 07:17:39,30,0x360537542135943e8fc1562199aea6d0017f104b,money_printer,N,50.0,1.2,0,0,,,0,,,0,,,0,,,0,,,,,0.0,,,样本不足，暂按来源分组权重；时间衰减半衰期=14天,0.0
3627679,1500,2026-08-26 07:17:39,30,0x36076e4bfad9624d7feba562326fdfa2063ede23,smart_money,N,50.0,1.4,0,0,,,0,,,0,,,0,,,0,,,,,0.0,,,样本不足，暂按来源分组权重；时间衰减半衰期=14天,0.0
3627680,1500,2026-08-26 07:17:39,30,0x362ad6209a5e904a5569f69884375809c5781d9f,smart_money,C,47.019944912309406,0.77,19,17,0.0,-3.3177114260679375,16,0.17618438149785035,-2.668082442943863,11,0.1434299412392257,3.7430243746533294,10,0.2615153431699646,1.6177486746222483,0,,,-1.4206811583006127,,0.0,2026-08-25 21:18:07,"BTC,ZEC,ETH",C级：噪音偏多，降权参考，主周期=15d；时间衰减半衰期=14天,8.428913717465187
3627681,1500,2026-08-26 07:17:39,30,0x362c5006ed0a405c35df4a138cb38d891f1a1a20,smart_money,N,50.0,1.4,0,0,,,0,,,0,,,0,,,0,,,,,0.0,,,样本不足，暂按来源分组权重；时间衰减半衰期=14天,0.0
3627682,1500,2026-08-26 07:17:39,30,0x36387781e2564f8ac6d0a79154441f24d4c28cab,smart_money,N,50.0,1.4,0,0,,,0,,,0,,,0,,,0,,,,,0.0,,,样本不足，暂按来源分组权重；时间衰减半衰期=14天,0.0
3627683,1500,2026-08-26 07:17:39,30,0x365e0c115f1ca1adcb42fd21142873493df7f880,smart_money,N,50.0,1.4,0,0,,,0,,,0,,,0,,,0,,,,,0.0,,,样本不足，暂按来源分组权重；时间衰减半衰期=14天,0.0
3627684,1500,2026-08-26 07:17:39,30,0x3662dd1d493d1d3cf6a65cb8e4ce2bfb01f63b3c,money_printer,N,50.0,1.2,0,0,,,0,,,0,,,0,,,0,,,,,0.0,,,样本不足，暂按来源分组权重；时间衰减半衰期=14天,0.0
3627685,1500,2026-08-26 07:17:39,30,0x36715f6408819492c27c1a1538156af9a2bfe963,money_printer,R,19.768418122789615,-1.2,10,10,0.0,-0.23158187721038495,8,0.1811520864431473,0.7518772716273966,6,0.2064985205315125,0.2706361595990661,4,0.5123767438270082,0.2615511703724473,0,,,0.4735666555136534,,73.85265501768308,2026-08-24 22:17:53,BRIDGE,反向钱包：24h方向胜率和平均收益偏差；时间衰减半衰期=14天,6.1151130468830015
3627686,1500,2026-08-26 07:17:39,30,0x36752718b4f769a6cfd6f552818f5911c8b649da,smart_money,N,50.0,1.4,0,0,,,0,,,0,,,0,,,0,,,,,0.0,,,样本不足，暂按来源分组权重；时间衰减半衰期=14天,0.0
3627687,1500,2026-08-26 07:17:39,30,0x367b98f500b7db1da1c9b1e7c2338f830823c097,smart_money,N,50.0,1.4,0,0,,,0,,,0,,,0,,,0,,,,,0.0,,,样本不足，暂按来源分组权重；时间衰减半衰期=14天,0.0
3627688,1500,2026-08-26 07:17:39,30,0x368fa5b8582c72ca0ecfbc8469f1cbc13c7e2162,smart_money,N,50.0,1.4,0,0,,,0,,,0,,,0,,,0,,,,,0.0,,,样本不足，暂按来源分组权重；时间衰减半衰期=14天,0.0
3627689,1500,2026-08-26 07:17:39,30,0x369daedbefcb30b82154338c8fd613a70c60d251,money_printer,N,50.0,1.2,0,0,,,0,,,0,,,0,,,0,,,,,0.0,,,样本不足，暂按来源分组权重；时间衰减半衰期=14天,0.0
3627690,1500,2026-08-26 07:17:39,30,0x36ac01de9bc76c0d744b38c3e13a0538d55c7568,money_printer,N,50.0,1.2,0,0,,,0,,,0,,,0,,,0,,,,,0.0,,,样本不足，暂按来源分组权重；时间衰减半衰期=14天,0.0
3627691,1500,2026-08-26 07:17:39,30,0x36c097864a03c7f0215c0d43165a734152a12e0b,smart_money,N,50.0,1.4,3,3,0.0,0.0,3,0.0,0.0,3,0.0,0.0,1,0.0,0.0,0,,,0.0,,0.0,2026-08-17 16:17:09,UANSEM,样本不足，暂按来源分组权重；时间衰减半衰期=14天,1.6655433020635955
3627692,1500,2026-08-26 07:17:39,30,0x36e6dab460411e402aed071915a21f5c2ff9f223,smart_money,N,50.0,1.4,0,0,,,0,,,0,,,0,,,0,,,,,0.0,,,样本不足，暂按来源分组权重；时间衰减半衰期=14天,0.0
3627693,1500,2026-08-26 07:17:39,30,0x36f5e448c9cf0032551e58919cf4eabefcd742c1,smart_money,N,50.0,1.4,0,0,,,0,,,0,,,0,,,0,,,,,0.0,,,样本不足，暂按来源分组权重；时间衰减半衰期=14天,0.0
3627694,1500,2026-08-26 07:17:39,30,0x36fbd89b5aa130b53708a98e729ad726daaf1f86,money_printer,N,50.0,1.2,0,0,,,0,,,0,,,0,,,0,,,,,0.0,,,样本不足，暂按来源分组权重；时间衰减半衰期=14天,0.0
3627695,1500,2026-08-26 07:17:39,30,0x37283486c96d2b9690cb9296292e6e354ceffb4b,smart_money,N,50.0,1.4,0,0,,,0,,,0,,,0,,,0,,,,,0.0,,,样本不足，暂按来源分组权重；时间衰减半衰期=14天,0.0
3627696,1500,2026-08-26 07:17:39,30,0x373753d4a354b34a23d04882a6ee64042f47a189,smart_money,N,50.0,1.4,0,0,,,0,,,0,,,0,,,0,,,,,0.0,,,样本不足，暂按来源分组权重；时间衰减半衰期=14天,0.0
3627697,1500,2026-08-26 07:17:39,30,0x37c9fe4d36d46a617539ccc67cc9d8f45ddd6a14,smart_money,N,50.0,1.4,0,0,,,0,,,0,,,0,,,0,,,,,0.0,,,样本不足，暂按来源分组权重；时间衰减半衰期=14天,0.0
3627698,1500,2026-08-26 07:17:39,30,0x37cdea0c9af695a5629a75e28a20724a98147918,money_printer,N,50.0,1.2,0,0,,,0,,,0,,,0,,,0,,,,,0.0,,,样本不足，暂按来源分组权重；时间衰减半衰期=14天,0.0
3627699,1500,2026-08-26 07:17:39,30,0x388855cd19e68891bf6eb081e969b7ee9ca1dcdd,smart_money,C,10.847301259005771,0.77,23,12,0.0668258561531016,-7.470835640679588,11,0.08073294565772189,0.20290716782691307,11,0.0,0.11776967830966333,9,0.14427127156963146,0.8002188056139059,0,,,0.23836555679888682,,0.0,2026-08-26 06:17:55,UPUMP,C级：噪音偏多，降权参考，主周期=7d；时间衰减半衰期=14天,5.07672991276994
3627700,1500,2026-08-26 07:17:39,30,0x388d9e1ccaec74527f73f8c87b5928ba28c06c03,smart_money,N,50.0,1.4,0,0,,,0,,,0,,,0,,,0,,,,,0.0,,,样本不足，暂按来源分组权重；时间衰减半衰期=14天,0.0
3627701,1500,2026-08-26 07:17:39,30,0x3895d155b005191686476a39580d43258a518e46,smart_money,N,50.0,1.4,0,0,,,0,,,0,,,0,,,0,,,,,0.0,,,样本不足，暂按来源分组权重；时间衰减半衰期=14天,0.0
3627702,1500,2026-08-26 07:17:39,30,0x38ac9012a1be7bebd73d497d803f302fe274cda2,smart_money,N,50.0,1.4,0,0,,,0,,,0,,,0,,,0,,,,,0.0,,,样本不足，暂按来源分组权重；时间衰减半衰期=14天,0.0
3627703,1500,2026-08-26 07:17:39,30,0x38e481367e0c50f4166ad2a1c9fde0e3c662cfba,smart_money,N,50.0,1.4,0,0,,,0,,,0,,,0,,,0,,,,,0.0,,,样本不足，暂按来源分组权重；时间衰减半衰期=14天,0.0
3627704,1500,2026-08-26 07:17:39,30,0x39085c09de2350f6cad25cb664182791e6d6530a,smart_money,N,50.0,1.4,0,0,,,0,,,0,,,0,,,0,,,,,0.0,,,样本不足，暂按来源分组权重；时间衰减半衰期=14天,0.0
3627705,1500,2026-08-26 07:17:39,30,0x392b3aa013bca178ae7f466e12a879044cec0d92,smart_money,N,50.0,1.4,0,0,,,0,,,0,,,0,,,0,,,,,0.0,,,样本不足，暂按来源分组权重；时间衰减半衰期=14天,0.0
3627706,1500,2026-08-26 07:17:39,30,0x39475d17bcd20adc540e647dae6781b153fbf3b1,money_printer,R,16.545212778389878,-1.2,22,21,0.22635581016348127,-1.8745986232815552,19,0.1882437385712849,-3.454787221610122,6,0.0,-3.9959777264093552,5,0.22156879594042123,-7.916302022205472,0,,,-3.2840697422474654,,69.5192996014754,2026-08-25 15:17:58,"ETH,BTC",反向钱包：72h方向胜率和平均收益偏差；时间衰减半衰期=14天,13.999472842631175
3627707,1500,2026-08-26 07:17:39,30,0x394845e570718bbe1654e84487b55c99b29adf3b,smart_money,N,50.0,1.4,0,0,,,0,,,0,,,0,,,0,,,,,0.0,,,样本不足，暂按来源分组权重；时间衰减半衰期=14天,0.0
3627708,1500,2026-08-26 07:17:39,30,0x39761615093bbd473af359068d075a2b03b99857,smart_money,N,50.0,1.4,0,0,,,0,,,0,,,0,,,0,,,,,0.0,,,样本不足，暂按来源分组权重；时间衰减半衰期=14天,0.0
3627709,1500,2026-08-26 07:17:39,30,0x3979bdf742ce46c9dcd570c70d2d6e88b87df0e9,smart_money,N,50.0,1.4,0,0,,,0,,,0,,,0,,,0,,,,,0.0,,,样本不足，暂按来源分组权重；时间衰减半衰期=14天,0.0
3627710,1500,2026-08-26 07:17:39,30,0x397a1e5049e06e30ebbf0e90a1724425eae3a85b,smart_money,N,50.0,1.4,0,0,,,0,,,0,,,0,,,0,,,,,0.0,,,样本不足，暂按来源分组权重；时间衰减半衰期=14天,0.0
3627711,1500,2026-08-26 07:17:39,30,0x399965e15d4e61ec3529cc98b7f7ebb93b733336,smart_money,N,50.0,1.4,1,1,0.0,0.0,1,0.0,0.0,1,0.0,0.0,0,,,0,,,0.0,,0.0,2026-08-17 16:17:09,KNTQ,样本不足，暂按来源分组权重；时间衰减半衰期=14天,0.6524339539632076
3627712,1500,2026-08-26 07:17:39,30,0x399d7adeecc4f5e83891d3ca03d588155765459d,money_printer,N,50.0,1.2,0,0,,,0,,,0,,,0,,,0,,,,,0.0,,,样本不足，暂按来源分组权重；时间衰减半衰期=14天,0.0
3627713,1500,2026-08-26 07:17:39,30,0x39a04e90140793ec048323284425cd2ff53480d6,smart_money,N,50.0,1.4,0,0,,,0,,,0,,,0,,,0,,,,,0.0,,,样本不足，暂按来源分组权重；时间衰减半衰期=14天,0.0
3627714,1500,2026-08-26 07:17:39,30,0x39b07015ca813075bbce6f475767d5b4b9d518b0,smart_money,N,50.0,1.4,1,1,1.0,5.988250900132647,1,1.0,3.0539680639917024,1,0.0,-3.0120782342439316,1,0.0,-60.52083021653053,0,,,3.053968063991702,,0.0,2026-08-10 17:17:01,ZEC,样本不足，暂按来源分组权重；时间衰减半衰期=14天,0.4622910529868653
3627715,1500,2026-08-26 07:17:39,30,0x39bac00809cae627f52e4a82f95f4f67d5b269bd,money_printer,N,50.0,1.2,0,0,,,0,,,0,,,0,,,0,,,,,0.0,,,样本不足，暂按来源分组权重；时间衰减半衰期=14天,0.0
3627716,1500,2026-08-26 07:17:39,30,0x39be8fad61f5fa0cdfa2fc97c30a59833f58705d,smart_money,N,50.0,1.4,0,0,,,0,,,0,,,0,,,0,,,,,0.0,,,样本不足，暂按来源分组权重；时间衰减半衰期=14天,0.0
3627717,1500,2026-08-26 07:17:39,30,0x39c3492e9171872eac6a99d9c0b6dbae5d4ae959,smart_money,N,50.0,1.4,0,0,,,0,,,0,,,0,,,0,,,,,0.0,,,样本不足，暂按来源分组权重；时间衰减半衰期=14天,0.0
3627718,1500,2026-08-26 07:17:39,30,0x3a0d3e46c87ab14986d71aaf55f665a9ff8ad197,smart_money,N,50.0,1.4,0,0,,,0,,,0,,,0,,,0,,,,,0.0,,,样本不足，暂按来源分组权重；时间衰减半衰期=14天,0.0
3627719,1500,2026-08-26 07:17:39,30,0x3a122449de235a40481689442271c0731b805d69,money_printer,N,50.0,1.2,0,0,,,0,,,0,,,0,,,0,,,,,0.0,,,样本不足，暂按来源分组权重；时间衰减半衰期=14天,0.0
3627720,1500,2026-08-26 07:17:39,30,0x3a316081b54eb22529fa983a9d048e229ab91aba,smart_money,N,50.0,1.4,0,0,,,0,,,0,,,0,,,0,,,,,0.0,,,样本不足，暂按来源分组权重；时间衰减半衰期=14天,0.0
3627721,1500,2026-08-26 07:17:39,30,0x3a35a3f97e9e317cebee6906d9232a9653e73d69,smart_money,N,50.0,1.4,0,0,,,0,,,0,,,0,,,0,,,,,0.0,,,样本不足，暂按来源分组权重；时间衰减半衰期=14天,0.0
3627722,1500,2026-08-26 07:17:39,30,0x3a44740a8c668afc6947a5c437ea073eb10b9b57,money_printer,N,50.0,1.2,0,0,,,0,,,0,,,0,,,0,,,,,0.0,,,样本不足，暂按来源分组权重；时间衰减半衰期=14天,0.0
3627723,1500,2026-08-26 07:17:39,30,0x3a732cb2ab4495ec52f1ca4c42b5f6b6c83ef6dd,smart_money,N,50.0,1.4,0,0,,,0,,,0,,,0,,,0,,,,,0.0,,,样本不足，暂按来源分组权重；时间衰减半衰期=14天,0.0
3627724,1500,2026-08-26 07:17:39,30,0x3a94ec43996178f7013988358f58baf18a4cc707,smart_money,R,19.768418122789615,-1.4,10,10,0.0,-0.23158187721038495,8,0.1811520864431473,0.7518772716273966,6,0.2064985205315125,0.2706361595990661,4,0.5123767438270082,0.2615511703724473,0,,,0.4735666555136534,,73.85265501768308,2026-08-24 22:17:53,BRIDGE,反向钱包：24h方向胜率和平均收益偏差；时间衰减半衰期=14天,6.1151130468830015
3627725,1500,2026-08-26 07:17:39,30,0x3aacc9d745031ea9d4348242f227e35c8dfb434f,smart_money,N,50.0,1.4,0,0,,,0,,,0,,,0,,,0,,,,,0.0,,,样本不足，暂按来源分组权重；时间衰减半衰期=14天,0.0
3627726,1500,2026-08-26 07:17:39,30,0x3ab77725ac1ae06aff19d90a33c2a0fe126b7789,smart_money,C,51.99962994918184,0.77,28,28,0.22966479163192,-0.9928058356185903,28,0.09976445024690972,-1.4895872861591846,27,0.17807956243166884,-0.6835065734994662,21,0.3498105965444076,0.7281282632601935,0,,,-0.9095497272931548,,0.0,2026-08-19 16:17:05,MAX,C级：噪音偏多，降权参考，主周期=15d；时间衰减半衰期=14天,11.406562348190835
3627727,1500,2026-08-26 07:17:39,30,0x3ac1440219d90a217b6178bcd5ecb4d536dd2f65,smart_money,N,50.0,1.4,0,0,,,0,,,0,,,0,,,0,,,,,0.0,,,样本不足，暂按来源分组权重；时间衰减半衰期=14天,0.0
3627728,1500,2026-08-26 07:17:39,30,0x3ac9b030594c1ef23a3e8fed9f62356b7bf98bf6,smart_money,N,50.0,1.4,0,0,,,0,,,0,,,0,,,0,,,,,0.0,,,样本不足，暂按来源分组权重；时间衰减半衰期=14天,0.0
3627729,1500,2026-08-26 07:17:39,30,0x3ad4cee90d0eb10769af8f3d8a58f9df39af45db,smart_money,N,50.0,1.4,0,0,,,0,,,0,,,0,,,0,,,,,0.0,,,样本不足，暂按来源分组权重；时间衰减半衰期=14天,0.0
3627730,1500,2026-08-26 07:17:39,30,0x3b11267dfc4b9ebe8427e8f557056b4b6ce98112,money_printer,N,50.0,1.2,0,0,,,0,,,0,,,0,,,0,,,,,0.0,,,样本不足，暂按来源分组权重；时间衰减半衰期=14天,0.0
3627731,1500,2026-08-26 07:17:39,30,0x3b2e0b95acd47d987c1abdf42967fd82d469bdbb,smart_money,N,50.0,1.4,0,0,,,0,,,0,,,0,,,0,,,,,0.0,,,样本不足，暂按来源分组权重；时间衰减半衰期=14天,0.0
3627732,1500,2026-08-26 07:17:39,30,0x3b3d9656b93d21729e15e0bc3566dd4fd1e5b464,smart_money,N,50.0,1.4,0,0,,,0,,,0,,,0,,,0,,,,,0.0,,,样本不足，暂按来源分组权重；时间衰减半衰期=14天,0.0
3627733,1500,2026-08-26 07:17:39,30,0x3b883b85fd41b81ef23b6041248bc6ac0b1c04a7,money_printer,C,71.54432803503367,0.66,10,10,0.4602145901565937,0.4207459145872288,9,0.41055037011677087,1.3111223005363037,6,0.0,-1.9505945482115359,6,0.6838262347344211,13.560152143112198,0,,,1.0688690583689737,,0.0,2026-08-25 02:17:54,"XRP,SOL,HYPE,NEAR,ZEC",C级：噪音偏多，降权参考，主周期=24h；时间衰减半衰期=14天,5.579157181343036
3627734,1500,2026-08-26 07:17:39,30,0x3bbe8e02f72b10c9698a6e4375b5a19e53fc5b40,smart_money,N,50.0,1.4,0,0,,,0,,,0,,,0,,,0,,,,,0.0,,,样本不足，暂按来源分组权重；时间衰减半衰期=14天,0.0
3627735,1500,2026-08-26 07:17:39,30,0x3bcae23e8c380dab4732e9a159c0456f12d866f3,money_printer,R,15.07507405785275,-1.2,91,83,0.3246456891722926,-0.3543454268998156,58,0.3818274885495999,-0.21344041518852913,10,0.06658383006441569,-4.924925942147251,8,0.380629151205659,-2.9395265805535793,0,,,-0.36757879374271996,,96.34658718969348,2026-08-26 06:17:55,"ETH,BTC,HYPE,ZEC,ENA",反向钱包：7d方向胜率和平均收益偏差；时间衰减半衰期=14天,64.3298639180625
3627736,1500,2026-08-26 07:17:39,30,0x3be3a8613dc18554a73773a5bfb8e9819d360dc0,smart_money,N,50.0,1.4,0,0,,,0,,,0,,,0,,,0,,,,,0.0,,,样本不足，暂按来源分组权重；时间衰减半衰期=14天,0.0
3627737,1500,2026-08-26 07:17:39,30,0x3c165893deaaf04ac79f4f959594747b6ef77e92,smart_money,N,50.0,1.4,0,0,,,0,,,0,,,0,,,0,,,,,0.0,,,样本不足，暂按来源分组权重；时间衰减半衰期=14天,0.0
3627738,1500,2026-08-26 07:17:39,30,0x3c363e96d22c056d748f199fb728fc80d70e461a,money_printer,N,50.0,1.2,1,1,0.0,0.7513745734844333,1,1.0,4.541838304191776,0,,,0,,,0,,,4.541838304191776,,0.0,2026-08-21 20:17:06,BCH,样本不足，暂按来源分组权重；时间衰减半衰期=14天,0.8019145040195372
3627739,1500,2026-08-26 07:17:39,30,0x3c37dc9b5d4c60d404ec834987c106510d03442f,smart_money,N,50.0,1.4,0,0,,,0,,,0,,,0,,,0,,,,,0.0,,,样本不足，暂按来源分组权重；时间衰减半衰期=14天,0.0
3627740,1500,2026-08-26 07:17:39,30,0x3c516f085e94177eaf0bdfb5b5eb1ab71052d064,smart_money,N,50.0,1.4,2,2,0.0,0.0,2,0.0,0.0,2,0.0,0.12753628175167614,1,1.0,44.77990970654629,0,,,0.0,,0.0,2026-08-15 10:17:02,UPUMP,样本不足，暂按来源分组权重；时间衰减半衰期=14天,1.037436862526877
3627741,1500,2026-08-26 07:17:39,30,0x3c868417d2981ef278b8a01011487d7e80aee547,smart_money,N,50.0,1.4,0,0,,,0,,,0,,,0,,,0,,,,,0.0,,,样本不足，暂按来源分组权重；时间衰减半衰期=14天,0.0
3627742,1500,2026-08-26 07:17:39,30,0x3ca146d2692f61746a28fa926dc9d18086ce37c6,money_printer,N,50.0,1.2,0,0,,,0,,,0,,,0,,,0,,,,,0.0,,,样本不足，暂按来源分组权重；时间衰减半衰期=14天,0.0
3627743,1500,2026-08-26 07:17:39,30,0x3d2058581056aa9513869c8ae685794a4e1a0347,smart_money,N,50.0,1.4,0,0,,,0,,,0,,,0,,,0,,,,,0.0,,,样本不足，暂按来源分组权重；时间衰减半衰期=14天,0.0
3627744,1500,2026-08-26 07:17:39,30,0x3d4648e9dc896e86e92ebdb98a80cc294069b96d,money_printer,N,50.0,1.2,0,0,,,0,,,0,,,0,,,0,,,,,0.0,,,样本不足，暂按来源分组权重；时间衰减半衰期=14天,0.0
3627745,1500,2026-08-26 07:17:39,30,0x3d5f1ad033c4e7c6a6d433d50d694c488dcaebcf,smart_money,N,50.0,1.4,0,0,,,0,,,0,,,0,,,0,,,,,0.0,,,样本不足，暂按来源分组权重；时间衰减半衰期=14天,0.0
3627746,1500,2026-08-26 07:17:39,30,0x3d89bcea338f35edfaeb313b1c713978c6dceb14,smart_money,N,50.0,1.4,0,0,,,0,,,0,,,0,,,0,,,,,0.0,,,样本不足，暂按来源分组权重；时间衰减半衰期=14天,0.0
3627747,1500,2026-08-26 07:17:39,30,0x3da0af89bbb753754cc85af0658aab61cafefe82,smart_money,N,50.0,1.4,0,0,,,0,,,0,,,0,,,0,,,,,0.0,,,样本不足，暂按来源分组权重；时间衰减半衰期=14天,0.0
3627748,1500,2026-08-26 07:17:39,30,0x3daf7f1cfd1c289e9b2fb7abb2efbd39f77455d7,smart_money,N,50.0,1.4,0,0,,,0,,,0,,,0,,,0,,,,,0.0,,,样本不足，暂按来源分组权重；时间衰减半衰期=14天,0.0
3627749,1500,2026-08-26 07:17:39,30,0x3dc908374e11623d8eb9f07dfc7a2e5e803a54b0,money_printer,N,50.0,1.2,3,1,0.0,-21.96923539181891,1,0.0,-29.060285611744973,0,,,0,,,0,,,-29.06028561174497,,0.0,2026-08-25 16:18:05,"AAVE,HYPE",样本不足，暂按来源分组权重；时间衰减半衰期=14天,0.7188605786341484
3627750,1500,2026-08-26 07:17:39,30,0x3dd02db82fce1f4ad2daec0694fc7ab81b0d9218,smart_money,N,50.0,1.4,0,0,,,0,,,0,,,0,,,0,,,,,0.0,,,样本不足，暂按来源分组权重；时间衰减半衰期=14天,0.0
3627751,1500,2026-08-26 07:17:39,30,0x3dd462347e7b42b5a3ea15132b677a4978af7a81,smart_money,N,50.0,1.4,0,0,,,0,,,0,,,0,,,0,,,,,0.0,,,样本不足，暂按来源分组权重；时间衰减半衰期=14天,0.0
3627752,1500,2026-08-26 07:17:39,30,0x3dda84d7ca629758ada7523a694702061538f906,smart_money,N,50.0,1.4,0,0,,,0,,,0,,,0,,,0,,,,,0.0,,,样本不足，暂按来源分组权重；时间衰减半衰期=14天,0.0
3627753,1500,2026-08-26 07:17:39,30,0x3e02519a47cef3d4464944c4815fad9e5837e767,money_printer,N,50.0,1.2,0,0,,,0,,,0,,,0,,,0,,,,,0.0,,,样本不足，暂按来源分组权重；时间衰减半衰期=14天,0.0
3627754,1500,2026-08-26 07:17:39,30,0x3e051c89cd06e6867ce98c758fcc665d2148e1bb,smart_money,N,50.0,1.4,0,0,,,0,,,0,,,0,,,0,,,,,0.0,,,样本不足，暂按来源分组权重；时间衰减半衰期=14天,0.0
3627755,1500,2026-08-26 07:17:39,30,0x3e10f2f45af8c7672cbd1535fc7ed8cb41a3d962,money_printer,N,50.0,1.2,0,0,,,0,,,0,,,0,,,0,,,,,0.0,,,样本不足，暂按来源分组权重；时间衰减半衰期=14天,0.0
3627756,1500,2026-08-26 07:17:39,30,0x3e252899d87a354e8bfa4bd8b62325549b5714da,smart_money,N,50.0,1.4,0,0,,,0,,,0,,,0,,,0,,,,,0.0,,,样本不足，暂按来源分组权重；时间衰减半衰期=14天,0.0
3627757,1500,2026-08-26 07:17:39,30,0x3e41a8fa0032d635f02201053f1a5aa2a6967c81,smart_money,N,50.0,1.4,2,2,0.0,-0.5502467403951186,2,0.0,-2.8871459663897383,2,0.0,-3.179423311707535,1,0.0,-7.850607342993128,0,,,-4.618128475996489,,0.0,2026-08-18 10:16:59,"ZEC,UANSEM",样本不足，暂按来源分组权重；时间衰减半衰期=14天,0.9850170782566046
3627758,1500,2026-08-26 07:17:39,30,0x3e5dacb70247b57aca1d62b927c398ff05b7e570,money_printer,N,50.0,1.2,0,0,,,0,,,0,,,0,,,0,,,,,0.0,,,样本不足，暂按来源分组权重；时间衰减半衰期=14天,0.0
3627759,1500,2026-08-26 07:17:39,30,0x3e630436ff5d3b658788dc4d1521606f875573df,smart_money,N,50.0,1.4,0,0,,,0,,,0,,,0,,,0,,,,,0.0,,,样本不足，暂按来源分组权重；时间衰减半衰期=14天,0.0
3627760,1500,2026-08-26 07:17:39,30,0x3e6805e8694bb2b717a828c1bfa32df5d6580cc9,smart_money,N,50.0,1.4,0,0,,,0,,,0,,,0,,,0,,,,,0.0,,,样本不足，暂按来源分组权重；时间衰减半衰期=14天,0.0
3627761,1500,2026-08-26 07:17:39,30,0x3e781befd071c59d820725f70ce109298f750706,smart_money,N,50.0,1.4,0,0,,,0,,,0,,,0,,,0,,,,,0.0,,,样本不足，暂按来源分组权重；时间衰减半衰期=14天,0.0
3627762,1500,2026-08-26 07:17:39,30,0x3e7a0eca8b624b75034ad820fa291425f21f1589,money_printer,N,50.0,1.2,0,0,,,0,,,0,,,0,,,0,,,,,0.0,,,样本不足，暂按来源分组权重；时间衰减半衰期=14天,0.0
3627763,1500,2026-08-26 07:17:39,30,0x3e8734ec146c981e3ed1f6b582d447dde701d90c,smart_money,N,50.0,1.4,0,0,,,0,,,0,,,0,,,0,,,,,0.0,,,样本不足，暂按来源分组权重；时间衰减半衰期=14天,0.0
3627764,1500,2026-08-26 07:17:39,30,0x3ee505ba316879d246a8fd2b3d7ee63b51b44fab,money_printer,N,50.0,1.2,2,2,0.0,-3.8755673216765634,1,0.0,-8.689800551321547,0,,,0,,,0,,,-8.689800551321547,,0.0,2026-08-23 13:17:43,"LIT,AAVE",样本不足，暂按来源分组权重；时间衰减半衰期=14天,1.6729767986861614
3627765,1500,2026-08-26 07:17:39,30,0x3f1647d33707830e088e9cb6aa791017a1dfdf84,smart_money,N,50.0,1.4,0,0,,,0,,,0,,,0,,,0,,,,,0.0,,,样本不足，暂按来源分组权重；时间衰减半衰期=14天,0.0
3627766,1500,2026-08-26 07:17:39,30,0x3f1c0f2130158c4ff45acd214fd81b37441a9ab5,smart_money,N,50.0,1.4,0,0,,,0,,,0,,,0,,,0,,,,,0.0,,,样本不足，暂按来源分组权重；时间衰减半衰期=14天,0.0
3627767,1500,2026-08-26 07:17:39,30,0x3f418869b5086023b1f2826dcf6c15ea5fdd321c,smart_money,N,50.0,1.4,0,0,,,0,,,0,,,0,,,0,,,,,0.0,,,样本不足，暂按来源分组权重；时间衰减半衰期=14天,0.0
3627768,1500,2026-08-26 07:17:39,30,0x3f7bac9e92818ed337685f55dfb627ef48c28027,money_printer,N,50.0,1.2,0,0,,,0,,,0,,,0,,,0,,,,,0.0,,,样本不足，暂按来源分组权重；时间衰减半衰期=14天,0.0
3627769,1500,2026-08-26 07:17:39,30,0x3faf35a220e0d6a3bc3cce4ca54454aba68cfd6a,smart_money,N,50.0,1.4,0,0,,,0,,,0,,,0,,,0,,,,,0.0,,,样本不足，暂按来源分组权重；时间衰减半衰期=14天,0.0
3627770,1500,2026-08-26 07:17:39,30,0x3fb5da839710949169d716d95800ff6316b3286f,smart_money,N,50.0,1.4,0,0,,,0,,,0,,,0,,,0,,,,,0.0,,,样本不足，暂按来源分组权重；时间衰减半衰期=14天,0.0
3627771,1500,2026-08-26 07:17:39,30,0x3fc56e944aa7b1594c85861b2d46a07f82a2c0c1,money_printer,N,50.0,1.2,0,0,,,0,,,0,,,0,,,0,,,,,0.0,,,样本不足，暂按来源分组权重；时间衰减半衰期=14天,0.0
3627772,1500,2026-08-26 07:17:39,30,0x3fe1303b746bb9c88b30f364a6394261b4692943,money_printer,N,50.0,1.2,0,0,,,0,,,0,,,0,,,0,,,,,0.0,,,样本不足，暂按来源分组权重；时间衰减半衰期=14天,0.0
3627773,1500,2026-08-26 07:17:39,30,0x3ff54fd26855db3758d0b5ae7aed47440c47f705,money_printer,N,50.0,1.2,7,5,0.23976489153055164,-1.357785159364859,5,0.0,-3.658838323968662,1,0.0,-1.0455388516289588,1,0.0,0.5681595855408864,0,,,-2.969487855718689,,0.0,2026-08-25 21:18:07,BTC,样本不足，暂按来源分组权重；时间衰减半衰期=14天,3.414292380602998
3627774,1500,2026-08-26 07:17:39,30,0x3ff73eae520b053e82449eda5c9cf719c38aa48c,money_printer,N,50.0,1.2,0,0,,,0,,,0,,,0,,,0,,,,,0.0,,,样本不足，暂按来源分组权重；时间衰减半衰期=14天,0.0
3627775,1500,2026-08-26 07:17:39,30,0x4016f161f022cbeb49b2932cb0bc9c92ded5acb6,money_printer,N,50.0,1.2,0,0,,,0,,,0,,,0,,,0,,,,,0.0,,,样本不足，暂按来源分组权重；时间衰减半衰期=14天,0.0
3627776,1500,2026-08-26 07:17:39,30,0x402cf0cac36c6faa342b8379d77111e158fe75d0,smart_money,N,50.0,1.4,0,0,,,0,,,0,,,0,,,0,,,,,0.0,,,样本不足，暂按来源分组权重；时间衰减半衰期=14天,0.0
3627777,1500,2026-08-26 07:17:39,30,0x404ca2035b37bf2e83505134ebcf8d03babb5f03,money_printer,N,50.0,1.2,0,0,,,0,,,0,,,0,,,0,,,,,0.0,,,样本不足，暂按来源分组权重；时间衰减半衰期=14天,0.0
3627778,1500,2026-08-26 07:17:39,30,0x4058fc96c3477729095901ef3f888be60247757b,smart_money,N,50.0,1.4,0,0,,,0,,,0,,,0,,,0,,,,,0.0,,,样本不足，暂按来源分组权重；时间衰减半衰期=14天,0.0
3627779,1500,2026-08-26 07:17:39,30,0x406073860818ecfb7dca0706a6bac73faa95bd3e,money_printer,N,50.0,1.2,0,0,,,0,,,0,,,0,,,0,,,,,0.0,,,样本不足，暂按来源分组权重；时间衰减半衰期=14天,0.0
3627780,1500,2026-08-26 07:17:39,30,0x407c578cc7c27d8df36633cd0a2531c14aa1ccd5,smart_money,N,50.0,1.4,0,0,,,0,,,0,,,0,,,0,,,,,0.0,,,样本不足，暂按来源分组权重；时间衰减半衰期=14天,0.0
3627781,1500,2026-08-26 07:17:39,30,0x408d807d1dbb778f59a9c088e56d4c27bdd362ac,smart_money,N,50.0,1.4,4,4,0.2360360851183022,0.3299610943257726,4,0.0,-0.7287054229213136,4,0.0,0.6161900484415846,4,0.0,-2.354272184523713,0,,,-0.6310515653648034,,0.0,2026-08-04 18:16:56,BTC,样本不足，暂按来源分组权重；时间衰减半衰期=14天,1.0901714805898752
3627782,1500,2026-08-26 07:17:39,30,0x4094ec1d7352b451e9b3d07ce4ed836331103960,smart_money,N,50.0,1.4,0,0,,,0,,,0,,,0,,,0,,,,,0.0,,,样本不足，暂按来源分组权重；时间衰减半衰期=14天,0.0
3627783,1500,2026-08-26 07:17:39,30,0x4099d1765fe640154a47d33ad58efd9ed12e50c8,smart_money,N,50.0,1.4,0,0,,,0,,,0,,,0,,,0,,,,,0.0,,,样本不足，暂按来源分组权重；时间衰减半衰期=14天,0.0
3627784,1500,2026-08-26 07:17:39,30,0x40c06ddd4f66e9f55ecdc9c742a2073e280ddeae,smart_money,N,50.0,1.4,0,0,,,0,,,0,,,0,,,0,,,,,0.0,,,样本不足，暂按来源分组权重；时间衰减半衰期=14天,0.0
3627785,1500,2026-08-26 07:17:39,30,0x40d213f8be646562af3e9d8ec8b42847391a2a73,money_printer,N,50.0,1.2,0,0,,,0,,,0,,,0,,,0,,,,,0.0,,,样本不足，暂按来源分组权重；时间衰减半衰期=14天,0.0
3627786,1500,2026-08-26 07:17:39,30,0x40e494cdd7f6ee95449e06a74b767fb93c3623c5,smart_money,N,50.0,1.4,0,0,,,0,,,0,,,0,,,0,,,,,0.0,,,样本不足，暂按来源分组权重；时间衰减半衰期=14天,0.0
3627787,1500,2026-08-26 07:17:39,30,0x40ebad3d5648f1e542376c0e7152bd4018c9ce35,smart_money,N,50.0,1.4,0,0,,,0,,,0,,,0,,,0,,,,,0.0,,,样本不足，暂按来源分组权重；时间衰减半衰期=14天,0.0
3627788,1500,2026-08-26 07:17:39,30,0x40f6b6909659d3c76413e613fa8a2c5100bca864,smart_money,N,50.0,1.4,0,0,,,0,,,0,,,0,,,0,,,,,0.0,,,样本不足，暂按来源分组权重；时间衰减半衰期=14天,0.0
3627789,1500,2026-08-26 07:17:39,30,0x40fa3e3a2f6d025a99d9f7706a0aa1769cf04de2,money_printer,N,50.0,1.2,0,0,,,0,,,0,,,0,,,0,,,,,0.0,,,样本不足，暂按来源分组权重；时间衰减半衰期=14天,0.0
3627790,1500,2026-08-26 07:17:39,30,0x40fb8cab1c759e43bce58efc8fc9e948645488a7,smart_money,N,50.0,1.4,0,0,,,0,,,0,,,0,,,0,,,,,0.0,,,样本不足，暂按来源分组权重；时间衰减半衰期=14天,0.0
3627791,1500,2026-08-26 07:17:39,30,0x4101ce19ee81f24da894976e585f1e79119dbd93,smart_money,N,50.0,1.4,0,0,,,0,,,0,,,0,,,0,,,,,0.0,,,样本不足，暂按来源分组权重；时间衰减半衰期=14天,0.0
3627792,1500,2026-08-26 07:17:39,30,0x4112f219d4f9ea0890b5eb9b915b15521363fddf,smart_money,N,50.0,1.4,0,0,,,0,,,0,,,0,,,0,,,,,0.0,,,样本不足，暂按来源分组权重；时间衰减半衰期=14天,0.0
3627793,1500,2026-08-26 07:17:39,30,0x41206f8efb51e5039e5b46e04e7866a4849f72d2,money_printer,N,50.0,1.2,0,0,,,0,,,0,,,0,,,0,,,,,0.0,,,样本不足，暂按来源分组权重；时间衰减半衰期=14天,0.0
3627794,1500,2026-08-26 07:17:39,30,0x413c7a0a3489563350219bc96965a7da02f0fffc,smart_money,N,50.0,1.4,0,0,,,0,,,0,,,0,,,0,,,,,0.0,,,样本不足，暂按来源分组权重；时间衰减半衰期=14天,0.0
3627795,1500,2026-08-26 07:17:39,30,0x41829013ce94b21131b68d5a7b0247bd4eefce96,smart_money,N,50.0,1.4,0,0,,,0,,,0,,,0,,,0,,,,,0.0,,,样本不足，暂按来源分组权重；时间衰减半衰期=14天,0.0
3627796,1500,2026-08-26 07:17:39,30,0x418aa6bf98a2b2bc93779f810330d88cde488888,money_printer,N,50.0,1.2,2,2,0.7303514715325993,12.864868884368326,2,0.7303514715325993,18.237377330419818,1,0.0,0.048033344437816185,1,0.0,-2.6836694376225045,0,,,11.766957558068185,,0.0,2026-08-19 14:17:11,"BTC,ETH",样本不足，暂按来源分组权重；时间衰减半衰期=14天,0.9822399263971263
3627797,1500,2026-08-26 07:17:39,30,0x4196dc4a1dc7d3bfd5434adf04c829f4ccaf480d,money_printer,N,50.0,1.2,6,5,0.40641689006229054,-0.70321973923855,2,0.0,-1.2181749140356501,0,,,0,,,0,,,-1.259726329213938,,0.0,2026-08-25 21:18:07,MAX,样本不足，暂按来源分组权重；时间衰减半衰期=14天,4.246332138285562
3627798,1500,2026-08-26 07:17:39,30,0x41f9ae0b64a0ec4adc788ee5c82d4b824f839017,smart_money,N,50.0,1.4,0,0,,,0,,,0,,,0,,,0,,,,,0.0,,,样本不足，暂按来源分组权重；时间衰减半衰期=14天,0.0
3627799,1500,2026-08-26 07:17:39,30,0x4208020376ed59106cbd45434a3919714bc3a722,smart_money,N,50.0,1.4,0,0,,,0,,,0,,,0,,,0,,,,,0.0,,,样本不足，暂按来源分组权重；时间衰减半衰期=14天,0.0
3627800,1500,2026-08-26 07:17:39,30,0x420ab45e0bd8863569a5efbb9c05d91f40624641,smart_money,N,50.0,1.4,0,0,,,0,,,0,,,0,,,0,,,,,0.0,,,样本不足，暂按来源分组权重；时间衰减半衰期=14天,0.0
3627801,1500,2026-08-26 07:17:39,30,0x4221ae35dd1c468fea6fa034ffcd6360100f0eaa,smart_money,N,50.0,1.4,0,0,,,0,,,0,,,0,,,0,,,,,0.0,,,样本不足，暂按来源分组权重；时间衰减半衰期=14天,0.0
3627802,1500,2026-08-26 07:17:39,30,0x422f1f07f40f11bac71db4f520dd0ea1ff20f2c4,money_printer,N,50.0,1.2,0,0,,,0,,,0,,,0,,,0,,,,,0.0,,,样本不足，暂按来源分组权重；时间衰减半衰期=14天,0.0
3627803,1500,2026-08-26 07:17:39,30,0x42351635d3e18bebbed4d119da64607d765ae877,smart_money,N,50.0,1.4,4,4,0.35331840190417124,-2.1322457639110914,4,0.35331840190417124,0.9195399059756737,2,0.0,0.001580477623347711,2,0.0,0.16720808241413726,0,,,0.8733121672360276,,0.0,2026-08-20 09:17:04,NEKO,样本不足，暂按来源分组权重；时间衰减半衰期=14天,2.0387951261888952
3627804,1500,2026-08-26 07:17:39,30,0x427070e33d630b0476bedba5d53db224913eb946,smart_money,N,50.0,1.4,11,9,0.0,0.0,4,0.0,0.0,4,0.0,0.0,4,0.0,0.0,0,,,0.0,,0.0,2026-08-26 06:17:55,KNTQ,样本不足，暂按来源分组权重；时间衰减半衰期=14天,5.645111381827215
3627805,1500,2026-08-26 07:17:39,30,0x4281922345d503589ac331a2cae1e48368cc3f94,smart_money,N,50.0,1.4,0,0,,,0,,,0,,,0,,,0,,,,,0.0,,,样本不足，暂按来源分组权重；时间衰减半衰期=14天,0.0
3627806,1500,2026-08-26 07:17:39,30,0x42b6d907f36255d48f70db8b4a2684088a162634,money_printer,N,50.0,1.2,0,0,,,0,,,0,,,0,,,0,,,,,0.0,,,样本不足，暂按来源分组权重；时间衰减半衰期=14天,0.0
3627807,1500,2026-08-26 07:17:39,30,0x42bc06d636e9a9a93edb1ddf781ee97821a73946,smart_money,N,50.0,1.4,0,0,,,0,,,0,,,0,,,0,,,,,0.0,,,样本不足，暂按来源分组权重；时间衰减半衰期=14天,0.0
3627808,1500,2026-08-26 07:17:39,30,0x42fd5648cf21c158d15e4f58785760755b3f6623,smart_money,N,50.0,1.4,5,5,0.40024644537814713,-1.3838221237574724,5,0.40024644537814713,-1.3085688405828715,0,,,0,,,0,,,-1.3127600292954296,,0.0,2026-08-21 00:16:58,MAX,样本不足，暂按来源分组权重；时间衰减半衰期=14天,3.8253806116119926
3627809,1500,2026-08-26 07:17:39,30,0x430f09841d65beb3f27765503d0f850b8bce7713,money_printer,N,50.0,1.2,0,0,,,0,,,0,,,0,,,0,,,,,0.0,,,样本不足，暂按来源分组权重；时间衰减半衰期=14天,0.0
3627810,1500,2026-08-26 07:17:39,30,0x431e6a452b01124374c0ab913614cb4fbf462958,smart_money,N,50.0,1.4,0,0,,,0,,,0,,,0,,,0,,,,,0.0,,,样本不足，暂按来源分组权重；时间衰减半衰期=14天,0.0
3627811,1500,2026-08-26 07:17:39,30,0x435ea5582e97b68468fd1e8472b230037cf38003,smart_money,N,50.0,1.4,0,0,,,0,,,0,,,0,,,0,,,,,0.0,,,样本不足，暂按来源分组权重；时间衰减半衰期=14天,0.0
3627812,1500,2026-08-26 07:17:39,30,0x439ae37721c7436a64d933fd5f082525845ca848,smart_money,N,50.0,1.4,0,0,,,0,,,0,,,0,,,0,,,,,0.0,,,样本不足，暂按来源分组权重；时间衰减半衰期=14天,0.0
3627813,1500,2026-08-26 07:17:39,30,0x439b5e3b9af606327558add370197d3a7c492d7b,smart_money,N,50.0,1.4,0,0,,,0,,,0,,,0,,,0,,,,,0.0,,,样本不足，暂按来源分组权重；时间衰减半衰期=14天,0.0
3627814,1500,2026-08-26 07:17:39,30,0x43b29051e7b4ce9fcbc893aa6bd07c32df7399f9,money_printer,N,50.0,1.2,0,0,,,0,,,0,,,0,,,0,,,,,0.0,,,样本不足，暂按来源分组权重；时间衰减半衰期=14天,0.0
3627815,1500,2026-08-26 07:17:39,30,0x43c63ea7775a4f7ee93fcdd096f4ff92a9fe4054,smart_money,N,50.0,1.4,0,0,,,0,,,0,,,0,,,0,,,,,0.0,,,样本不足，暂按来源分组权重；时间衰减半衰期=14天,0.0
3627816,1500,2026-08-26 07:17:39,30,0x441c564b6fe734e889bf40f426d7d588e3bdbbbd,money_printer,N,50.0,1.2,0,0,,,0,,,0,,,0,,,0,,,,,0.0,,,样本不足，暂按来源分组权重；时间衰减半衰期=14天,0.0
3627817,1500,2026-08-26 07:17:39,30,0x4430bd573cb9a4eb33e61ece030ad6e5edaa0476,smart_money,N,50.0,1.4,0,0,,,0,,,0,,,0,,,0,,,,,0.0,,,样本不足，暂按来源分组权重；时间衰减半衰期=14天,0.0
3627818,1500,2026-08-26 07:17:39,30,0x44327a330aa2343e88fe3d6a5f93de42d7404e8f,smart_money,N,50.0,1.4,0,0,,,0,,,0,,,0,,,0,,,,,0.0,,,样本不足，暂按来源分组权重；时间衰减半衰期=14天,0.0
3627819,1500,2026-08-26 07:17:39,30,0x44871d62caaeb8b91777be8aae0e23ee68b4c92d,money_printer,N,50.0,1.2,6,4,0.39897578232203573,0.23589325308984302,4,0.0,-3.635827487723854,1,0.0,-1.5314097978433134,1,0.0,-0.3497337254590327,0,,,-2.65393044711105,,0.0,2026-08-25 21:18:07,ETH,样本不足，暂按来源分组权重；时间衰减半衰期=14天,2.6383854925688954
3627820,1500,2026-08-26 07:17:39,30,0x449c736640a876685819c021896fe2e905906997,smart_money,N,50.0,1.4,0,0,,,0,,,0,,,0,,,0,,,,,0.0,,,样本不足，暂按来源分组权重；时间衰减半衰期=14天,0.0
3627821,1500,2026-08-26 07:17:39,30,0x44a3e107c375c1abfa28c1ac5e92bc85f0b435dd,smart_money,N,50.0,1.4,0,0,,,0,,,0,,,0,,,0,,,,,0.0,,,样本不足，暂按来源分组权重；时间衰减半衰期=14天,0.0
3627822,1500,2026-08-26 07:17:39,30,0x44a709e254ac9f54bbd37a1d6388da5ddcb57c7a,smart_money,N,50.0,1.4,0,0,,,0,,,0,,,0,,,0,,,,,0.0,,,样本不足，暂按来源分组权重；时间衰减半衰期=14天,0.0
3627823,1500,2026-08-26 07:17:39,30,0x44a8d1f9a16ce315f6ee224887b0ac79a60fc770,money_printer,N,50.0,1.2,0,0,,,0,,,0,,,0,,,0,,,,,0.0,,,样本不足，暂按来源分组权重；时间衰减半衰期=14天,0.0
3627824,1500,2026-08-26 07:17:39,30,0x44ade5b0c1131eef7b58525e8be12ddf9f797abb,money_printer,N,50.0,1.2,0,0,,,0,,,0,,,0,,,0,,,,,0.0,,,样本不足，暂按来源分组权重；时间衰减半衰期=14天,0.0
3627825,1500,2026-08-26 07:17:39,30,0x44c9c226cdfae773002b3f86d3966af3cd8f277c,money_printer,N,50.0,1.2,0,0,,,0,,,0,,,0,,,0,,,,,0.0,,,样本不足，暂按来源分组权重；时间衰减半衰期=14天,0.0
3627826,1500,2026-08-26 07:17:39,30,0x44f3abaf092be39d7bd6ebcabe4d3cdd3d804c1f,smart_money,N,50.0,1.4,0,0,,,0,,,0,,,0,,,0,,,,,0.0,,,样本不足，暂按来源分组权重；时间衰减半衰期=14天,0.0
3627827,1500,2026-08-26 07:17:39,30,0x44f4f40d7c82447b2d23c2e537703016874ffab0,smart_money,N,50.0,1.4,0,0,,,0,,,0,,,0,,,0,,,,,0.0,,,样本不足，暂按来源分组权重；时间衰减半衰期=14天,0.0
3627828,1500,2026-08-26 07:17:39,30,0x45246498353a9e3ca808b67567e238865350fc10,smart_money,N,50.0,1.4,0,0,,,0,,,0,,,0,,,0,,,,,0.0,,,样本不足，暂按来源分组权重；时间衰减半衰期=14天,0.0
3627829,1500,2026-08-26 07:17:39,30,0x4537e1a5b7bcadd39f6d6211cb757ce431798732,smart_money,C,49.87572160361713,0.77,27,24,0.44428367242729117,-1.0797599242013458,20,0.46740066585151946,-1.2987748687976979,9,0.16624917399162695,7.855022451907112,5,0.2504507958604195,-8.832375218409386,0,,,-1.1241039966114608,,0.0,2026-08-25 22:17:55,XRP,C级：噪音偏多，降权参考，主周期=72h；时间衰减半衰期=14天,16.316645190313544
3627830,1500,2026-08-26 07:17:39,30,0x4583f9b7a06ab8b5b7b4a7dd27e774356015d406,money_printer,N,50.0,1.2,0,0,,,0,,,0,,,0,,,0,,,,,0.0,,,样本不足，暂按来源分组权重；时间衰减半衰期=14天,0.0
3627831,1500,2026-08-26 07:17:39,30,0x4588595ee0047982cd5ca4a82ab69c3174fbc832,smart_money,N,50.0,1.4,0,0,,,0,,,0,,,0,,,0,,,,,0.0,,,样本不足，暂按来源分组权重；时间衰减半衰期=14天,0.0
3627832,1500,2026-08-26 07:17:39,30,0x459714ce7e445bf6eba30e9b97d77be4ca027201,money_printer,N,50.0,1.2,0,0,,,0,,,0,,,0,,,0,,,,,0.0,,,样本不足，暂按来源分组权重；时间衰减半衰期=14天,0.0
3627833,1500,2026-08-26 07:17:39,30,0x45974824c1c4e4d797aa8d057a5499b46cdefe33,money_printer,N,50.0,1.2,4,4,0.35331840190417124,-2.1322457639110914,4,0.35331840190417124,0.9195399059756737,2,0.0,0.001580477623347711,2,0.0,0.16720808241413726,0,,,0.8733121672360276,,0.0,2026-08-20 09:17:04,NEKO,样本不足，暂按来源分组权重；时间衰减半衰期=14天,2.0387951261888952
3627834,1500,2026-08-26 07:17:39,30,0x45b440e5992994caf591bd5fa4ff4a471a531b00,smart_money,N,50.0,1.4,0,0,,,0,,,0,,,0,,,0,,,,,0.0,,,样本不足，暂按来源分组权重；时间衰减半衰期=14天,0.0
3627835,1500,2026-08-26 07:17:39,30,0x45d26f28196d226497130c4bac709d808fed4029,money_printer,R,18.239234593804838,-1.2,17,17,0.23369872642698536,-3.225185956296792,17,0.3004534282802203,-1.7607654061951636,0,,,0,,,0,,,-1.9073330967690576,,38.01357472472606,2026-08-22 20:17:48,"PUMP,XRP,ZEC,ETH,LINK",反向钱包：72h方向胜率和平均收益偏差；时间衰减半衰期=14天,13.875090873760106
3627836,1500,2026-08-26 07:17:39,30,0x45ffe9ad0793c732578966bae4199b92ffabff5f,smart_money,N,50.0,1.4,0,0,,,0,,,0,,,0,,,0,,,,,0.0,,,样本不足，暂按来源分组权重；时间衰减半衰期=14天,0.0
3627837,1500,2026-08-26 07:17:39,30,0x4603444ec777fc3e783d157bc871f6bc04baf161,smart_money,N,50.0,1.4,0,0,,,0,,,0,,,0,,,0,,,,,0.0,,,样本不足，暂按来源分组权重；时间衰减半衰期=14天,0.0
3627838,1500,2026-08-26 07:17:39,30,0x461a98d8776fd02df0e29f5713dbf9e5278ce676,smart_money,N,50.0,1.4,0,0,,,0,,,0,,,0,,,0,,,,,0.0,,,样本不足，暂按来源分组权重；时间衰减半衰期=14天,0.0
3627839,1500,2026-08-26 07:17:39,30,0x461cc78cc9ddd66b0778aea759bdf0866a5ad2f2,smart_money,C,66.73640589362218,0.77,21,18,0.5629870666324166,1.7441212995663586,14,0.5060415300036022,1.9824919746134921,10,0.42724259547770566,9.491387911417544,6,0.0,-28.118346836709232,0,,,1.6126559940779455,,0.0,2026-08-26 04:17:46,"ZEC,TAO,BTC",C级：噪音偏多，降权参考，主周期=7d；时间衰减半衰期=14天,11.442393177531113
3627840,1500,2026-08-26 07:17:39,30,0x46459033061d58df4742a35f63e9ec6aff5acf7d,smart_money,N,50.0,1.4,0,0,,,0,,,0,,,0,,,0,,,,,0.0,,,样本不足，暂按来源分组权重；时间衰减半衰期=14天,0.0
3627841,1500,2026-08-26 07:17:39,30,0x46921f6961bdb411b756c9712f6bdb58fbd9164f,smart_money,N,50.0,1.4,0,0,,,0,,,0,,,0,,,0,,,,,0.0,,,样本不足，暂按来源分组权重；时间衰减半衰期=14天,0.0
3627842,1500,2026-08-26 07:17:39,30,0x4692441b5a9e26a690eea6d2f36139679add737b,smart_money,N,50.0,1.4,0,0,,,0,,,0,,,0,,,0,,,,,0.0,,,样本不足，暂按来源分组权重；时间衰减半衰期=14天,0.0
3627843,1500,2026-08-26 07:17:39,30,0x469e9a7f624b04c24f0e64edf8d8a277e6bf58a5,money_printer,R,17.42505164989021,-1.2,77,72,0.4868924730040445,0.8632784676112314,62,0.3286614061413143,1.012770490091727,33,0.14878858482286167,-1.5060323147132406,24,0.17749578821976147,-2.5749483501097883,0,,,0.6616374608326305,,64.20026068571647,2026-08-25 17:17:56,"BTC,ETH,HYPE,XRP,NEKO",反向钱包：15d方向胜率和平均收益偏差；时间衰减半衰期=14天,43.7031049431522
3627844,1500,2026-08-26 07:17:39,30,0x46aaf7c9cde1c76d910fd7720458e217aeb09c98,smart_money,N,50.0,1.4,0,0,,,0,,,0,,,0,,,0,,,,,0.0,,,样本不足，暂按来源分组权重；时间衰减半衰期=14天,0.0
3627845,1500,2026-08-26 07:17:39,30,0x470a063ae0e2edb2b8029fd44b702ad7be6585c9,smart_money,N,50.0,1.4,0,0,,,0,,,0,,,0,,,0,,,,,0.0,,,样本不足，暂按来源分组权重；时间衰减半衰期=14天,0.0
3627846,1500,2026-08-26 07:17:39,30,0x474e2cb1aac71f66d0aa7adb0cd92c919f842fe4,smart_money,N,50.0,1.4,0,0,,,0,,,0,,,0,,,0,,,,,0.0,,,样本不足，暂按来源分组权重；时间衰减半衰期=14天,0.0
3627847,1500,2026-08-26 07:17:39,30,0x477296b8f5f5525be26e5c0a82eb0dd24da3949f,money_printer,N,50.0,1.2,0,0,,,0,,,0,,,0,,,0,,,,,0.0,,,样本不足，暂按来源分组权重；时间衰减半衰期=14天,0.0
3627848,1500,2026-08-26 07:17:39,30,0x47807d3f6ae34ff6aa1fc8fe4e7b742197c1e125,smart_money,N,50.0,1.4,0,0,,,0,,,0,,,0,,,0,,,,,0.0,,,样本不足，暂按来源分组权重；时间衰减半衰期=14天,0.0
3627849,1500,2026-08-26 07:17:39,30,0x47818abc02d61af1e586d3ceb035591aeae4548f,money_printer,N,50.0,1.2,0,0,,,0,,,0,,,0,,,0,,,,,0.0,,,样本不足，暂按来源分组权重；时间衰减半衰期=14天,0.0
3627850,1500,2026-08-26 07:17:39,30,0x47a0d24b34889277010026892b7612143d16bf13,money_printer,N,50.0,1.2,0,0,,,0,,,0,,,0,,,0,,,,,0.0,,,样本不足，暂按来源分组权重；时间衰减半衰期=14天,0.0
3627851,1500,2026-08-26 07:17:39,30,0x47a127f496d001f187ac65fc24852274dc51d080,money_printer,N,50.0,1.2,1,1,1.0,11.119610950221285,1,1.0,24.242755404986966,0,,,0,,,0,,,24.242755404986966,,0.0,2026-08-21 11:17:03,LIT,样本不足，暂按来源分组权重；时间衰减半衰期=14天,0.7871618150566398
3627852,1500,2026-08-26 07:17:39,30,0x47a761bb9e970ac93cb571c4614c4ca643714e4f,money_printer,N,50.0,1.2,0,0,,,0,,,0,,,0,,,0,,,,,0.0,,,样本不足，暂按来源分组权重；时间衰减半衰期=14天,0.0
3627853,1500,2026-08-26 07:17:39,30,0x47f5a6397b79deaaca5c456503e7c1a49357b942,money_printer,N,50.0,1.2,0,0,,,0,,,0,,,0,,,0,,,,,0.0,,,样本不足，暂按来源分组权重；时间衰减半衰期=14天,0.0
3627854,1500,2026-08-26 07:17:39,30,0x4801af178dd07390941931c7e6f82b61a4344a0b,smart_money,N,50.0,1.4,5,5,0.38645385791121517,0.1978167982562378,5,0.38645385791121517,-0.06394641878617172,5,0.38645385791121517,-0.04565219610521565,2,0.4953573767686029,1.7406129570568558,0,,,-0.027622796827104334,,0.0,2026-08-17 16:17:09,"SWAP,KNTQ",样本不足，暂按来源分组权重；时间衰减半衰期=14天,2.8482907722024073
3627855,1500,2026-08-26 07:17:39,30,0x481b24686744c8bf1fd8c993aad47902075cf951,smart_money,N,50.0,1.4,0,0,,,0,,,0,,,0,,,0,,,,,0.0,,,样本不足，暂按来源分组权重；时间衰减半衰期=14天,0.0
3627856,1500,2026-08-26 07:17:39,30,0x4829f3bbd5508707339547ebefface2b4c86d3b5,smart_money,N,50.0,1.4,0,0,,,0,,,0,,,0,,,0,,,,,0.0,,,样本不足，暂按来源分组权重；时间衰减半衰期=14天,0.0
3627857,1500,2026-08-26 07:17:39,30,0x483848d2c8f7f69b51cb7b39c7d8c3c30f333d79,smart_money,N,50.0,1.4,0,0,,,0,,,0,,,0,,,0,,,,,0.0,,,样本不足，暂按来源分组权重；时间衰减半衰期=14天,0.0
3627858,1500,2026-08-26 07:17:39,30,0x483e1d004247248d516865b9b9e893d48359ce10,smart_money,N,50.0,1.4,0,0,,,0,,,0,,,0,,,0,,,,,0.0,,,样本不足，暂按来源分组权重；时间衰减半衰期=14天,0.0
3627859,1500,2026-08-26 07:17:39,30,0x484bc1608211d0604bf70bae72792a56884562f8,smart_money,N,50.0,1.4,0,0,,,0,,,0,,,0,,,0,,,,,0.0,,,样本不足，暂按来源分组权重；时间衰减半衰期=14天,0.0
3627860,1500,2026-08-26 07:17:39,30,0x487033d8ed8c955098148e87fa66f54b046d5c41,smart_money,N,50.0,1.4,0,0,,,0,,,0,,,0,,,0,,,,,0.0,,,样本不足，暂按来源分组权重；时间衰减半衰期=14天,0.0
3627861,1500,2026-08-26 07:17:39,30,0x48cd535b80439fefd6d00f74e5cf9b152adf2671,smart_money,N,50.0,1.4,0,0,,,0,,,0,,,0,,,0,,,,,0.0,,,样本不足，暂按来源分组权重；时间衰减半衰期=14天,0.0
3627862,1500,2026-08-26 07:17:39,30,0x48d826da83e69844f2f84b2db50703a933d137a2,money_printer,N,50.0,1.2,4,4,0.0,-4.142980533967786,4,0.0,-5.504931706928769,4,0.0,-5.521786270281507,4,0.0,-4.681181191996816,0,,,-5.648672457590464,,0.0,2026-07-28 16:16:55,"HYPE,XRP",样本不足，暂按来源分组权重；时间衰减半衰期=14天,0.939943825977156
3627863,1500,2026-08-26 07:17:39,30,0x48ea62a2cc8391fbbe210e8ee89db573a8ec145f,smart_money,N,50.0,1.4,0,0,,,0,,,0,,,0,,,0,,,,,0.0,,,样本不足，暂按来源分组权重；时间衰减半衰期=14天,0.0
3627864,1500,2026-08-26 07:17:39,30,0x48ec0004494081e8332589faf0747d568da79faf,smart_money,N,50.0,1.4,0,0,,,0,,,0,,,0,,,0,,,,,0.0,,,样本不足，暂按来源分组权重；时间衰减半衰期=14天,0.0
3627865,1500,2026-08-26 07:17:39,30,0x491251909171d4b9b39c5bc5d70515292e21eaf0,smart_money,N,50.0,1.4,0,0,,,0,,,0,,,0,,,0,,,,,0.0,,,样本不足，暂按来源分组权重；时间衰减半衰期=14天,0.0
3627866,1500,2026-08-26 07:17:39,30,0x4916efbf56bcaea1130b2a631f6f093095f614a2,smart_money,N,50.0,1.4,0,0,,,0,,,0,,,0,,,0,,,,,0.0,,,样本不足，暂按来源分组权重；时间衰减半衰期=14天,0.0
3627867,1500,2026-08-26 07:17:39,30,0x4926e8a30e82f0e34f723dc4c1394f9c668d21db,smart_money,N,50.0,1.4,0,0,,,0,,,0,,,0,,,0,,,,,0.0,,,样本不足，暂按来源分组权重；时间衰减半衰期=14天,0.0
3627868,1500,2026-08-26 07:17:39,30,0x4937c6b353864c7586198eb42b1c91dc917e0bd6,smart_money,N,50.0,1.4,0,0,,,0,,,0,,,0,,,0,,,,,0.0,,,样本不足，暂按来源分组权重；时间衰减半衰期=14天,0.0
3627869,1500,2026-08-26 07:17:39,30,0x499beed00ee60bef8ce07a68c92103bd2225b5fb,money_printer,N,50.0,1.2,0,0,,,0,,,0,,,0,,,0,,,,,0.0,,,样本不足，暂按来源分组权重；时间衰减半衰期=14天,0.0
3627870,1500,2026-08-26 07:17:39,30,0x49ba9baa20d355ba042af2be9772d2b2cd892f44,money_printer,N,50.0,1.2,0,0,,,0,,,0,,,0,,,0,,,,,0.0,,,样本不足，暂按来源分组权重；时间衰减半衰期=14天,0.0
3627871,1500,2026-08-26 07:17:39,30,0x49e96e255ba418d08e66c35b588e2f2f3766e1d0,money_printer,N,50.0,1.2,1,0,,,0,,,0,,,0,,,0,,,,,0.0,2026-08-25 20:17:51,UXPL,样本不足，暂按来源分组权重；时间衰减半衰期=14天,0.0
3627872,1500,2026-08-26 07:17:39,30,0x4a0aee02132a411cfcf79a486f0e2d7c5152e94a,money_printer,N,50.0,1.2,0,0,,,0,,,0,,,0,,,0,,,,,0.0,,,样本不足，暂按来源分组权重；时间衰减半衰期=14天,0.0
3627873,1500,2026-08-26 07:17:39,30,0x4a13807147b2a364761e72cd129243ea20f4a4d1,smart_money,N,50.0,1.4,0,0,,,0,,,0,,,0,,,0,,,,,0.0,,,样本不足，暂按来源分组权重；时间衰减半衰期=14天,0.0
3627874,1500,2026-08-26 07:17:39,30,0x4a19c9768629266caad38bd6857c6a4161532c19,money_printer,N,50.0,1.2,0,0,,,0,,,0,,,0,,,0,,,,,0.0,,,样本不足，暂按来源分组权重；时间衰减半衰期=14天,0.0
3627875,1500,2026-08-26 07:17:39,30,0x4a1b3580f7ac72bc54175f05b76092eeb7a266aa,smart_money,N,50.0,1.4,0,0,,,0,,,0,,,0,,,0,,,,,0.0,,,样本不足，暂按来源分组权重；时间衰减半衰期=14天,0.0
3627876,1500,2026-08-26 07:17:39,30,0x4a49adcac118e57b253c7405b736724726ea5e14,smart_money,N,50.0,1.4,0,0,,,0,,,0,,,0,,,0,,,,,0.0,,,样本不足，暂按来源分组权重；时间衰减半衰期=14天,0.0
3627877,1500,2026-08-26 07:17:39,30,0x4a5ae81bb737662ff67f7b31eb6fe62d15d91441,smart_money,N,50.0,1.4,0,0,,,0,,,0,,,0,,,0,,,,,0.0,,,样本不足，暂按来源分组权重；时间衰减半衰期=14天,0.0
3627878,1500,2026-08-26 07:17:39,30,0x4a95b86a8bd451534117d07672fa51fa89b9615b,smart_money,N,50.0,1.4,0,0,,,0,,,0,,,0,,,0,,,,,0.0,,,样本不足，暂按来源分组权重；时间衰减半衰期=14天,0.0
3627879,1500,2026-08-26 07:17:39,30,0x4a96036fb1529561fa3eeeb2781fad2d4f25500e,money_printer,N,50.0,1.2,4,4,0.5018047353065499,1.1212749215512596,4,0.2511613093569687,-0.310868047260161,0,,,0,,,0,,,-0.3184812744943253,,0.0,2026-08-22 07:17:04,"XRP,HYPE",样本不足，暂按来源分组权重；时间衰减半衰期=14天,3.2661037854371644
3627880,1500,2026-08-26 07:17:39,30,0x4aab8988462923ca3cbaa7e94df0cc523817cd64,money_printer,N,50.0,1.2,0,0,,,0,,,0,,,0,,,0,,,,,0.0,,,样本不足，暂按来源分组权重；时间衰减半衰期=14天,0.0
3627881,1500,2026-08-26 07:17:39,30,0x4aada58e425bb36c8cb39cd4e3ebf8571b76b2b5,smart_money,N,50.0,1.4,0,0,,,0,,,0,,,0,,,0,,,,,0.0,,,样本不足，暂按来源分组权重；时间衰减半衰期=14天,0.0
3627882,1500,2026-08-26 07:17:39,30,0x4b1c09fa8322548360a76a3747e32a60a864bc38,money_printer,N,50.0,1.2,0,0,,,0,,,0,,,0,,,0,,,,,0.0,,,样本不足，暂按来源分组权重；时间衰减半衰期=14天,0.0
3627883,1500,2026-08-26 07:17:39,30,0x4b1e012d2b5934b018200fae0d89eba37fd7a06e,money_printer,N,50.0,1.2,0,0,,,0,,,0,,,0,,,0,,,,,0.0,,,样本不足，暂按来源分组权重；时间衰减半衰期=14天,0.0
3627884,1500,2026-08-26 07:17:39,30,0x4b2de27ef0a189125cf2ca554576fb5307c22f6f,smart_money,N,50.0,1.4,0,0,,,0,,,0,,,0,,,0,,,,,0.0,,,样本不足，暂按来源分组权重；时间衰减半衰期=14天,0.0
3627885,1500,2026-08-26 07:17:39,30,0x4b563051258ade30122940b80f575363baa4445b,smart_money,N,50.0,1.4,2,2,0.49948598478676454,-0.5315789165049204,2,0.0,0.07876549745137197,2,0.49948598478676454,-1.1532716714337983,0,,,0,,,0.07985858749001651,,0.0,2026-08-12 14:17:15,HYPE,样本不足，暂按来源分组权重；时间衰减半衰期=14天,1.013489484045882
3627886,1500,2026-08-26 07:17:39,30,0x4b66f4048a0a90fd5ff44abbe5d68332656b78b8,money_printer,N,50.0,1.2,0,0,,,0,,,0,,,0,,,0,,,,,0.0,,,样本不足，暂按来源分组权重；时间衰减半衰期=14天,0.0
3627887,1500,2026-08-26 07:17:39,30,0x4b986d9ad948eb96ec32acbf95967b477f3aadb4,smart_money,N,50.0,1.4,0,0,,,0,,,0,,,0,,,0,,,,,0.0,,,样本不足，暂按来源分组权重；时间衰减半衰期=14天,0.0
3627888,1500,2026-08-26 07:17:39,30,0x4ba0fbe4e66cf378f1df25739143ddc05fbdb13a,money_printer,N,50.0,1.2,0,0,,,0,,,0,,,0,,,0,,,,,0.0,,,样本不足，暂按来源分组权重；时间衰减半衰期=14天,0.0
3627889,1500,2026-08-26 07:17:39,30,0x4bc52d0ab83ed62c91c9a89fc3304e12422a54fb,smart_money,N,50.0,1.4,0,0,,,0,,,0,,,0,,,0,,,,,0.0,,,样本不足，暂按来源分组权重；时间衰减半衰期=14天,0.0
3627890,1500,2026-08-26 07:17:39,30,0x4bcc092a156905788bf2a1a59e5968623957210d,smart_money,N,50.0,1.4,0,0,,,0,,,0,,,0,,,0,,,,,0.0,,,样本不足，暂按来源分组权重；时间衰减半衰期=14天,0.0
3627891,1500,2026-08-26 07:17:39,30,0x4bd009bd1877ae6e21982d4ba3a32ee527e034df,smart_money,N,50.0,1.4,0,0,,,0,,,0,,,0,,,0,,,,,0.0,,,样本不足，暂按来源分组权重；时间衰减半衰期=14天,0.0
3627892,1500,2026-08-26 07:17:39,30,0x4c46f7295a1fe70d2ad04dfd5fa0e8007b17cba5,smart_money,N,50.0,1.4,0,0,,,0,,,0,,,0,,,0,,,,,0.0,,,样本不足，暂按来源分组权重；时间衰减半衰期=14天,0.0
3627893,1500,2026-08-26 07:17:39,30,0x4c49bfae14f852dfb66574e364438d68fc47fe5c,smart_money,N,50.0,1.4,0,0,,,0,,,0,,,0,,,0,,,,,0.0,,,样本不足，暂按来源分组权重；时间衰减半衰期=14天,0.0
3627894,1500,2026-08-26 07:17:39,30,0x4c56bfd325f350bd1af76bf691981fdd8740390a,smart_money,N,50.0,1.4,0,0,,,0,,,0,,,0,,,0,,,,,0.0,,,样本不足，暂按来源分组权重；时间衰减半衰期=14天,0.0
3627895,1500,2026-08-26 07:17:39,30,0x4c57d6262721ad25a8a337a7ac95d3c10f4900b3,smart_money,N,50.0,1.4,0,0,,,0,,,0,,,0,,,0,,,,,0.0,,,样本不足，暂按来源分组权重；时间衰减半衰期=14天,0.0
3627896,1500,2026-08-26 07:17:39,30,0x4c60401b03b5b444750abb01f142e9f5c65ee7a1,smart_money,N,50.0,1.4,0,0,,,0,,,0,,,0,,,0,,,,,0.0,,,样本不足，暂按来源分组权重；时间衰减半衰期=14天,0.0
3627897,1500,2026-08-26 07:17:39,30,0x4c7a572ad38aed2c1d33fbfeba7bd69a83ec0e30,smart_money,N,50.0,1.4,0,0,,,0,,,0,,,0,,,0,,,,,0.0,,,样本不足，暂按来源分组权重；时间衰减半衰期=14天,0.0
3627898,1500,2026-08-26 07:17:39,30,0x4c7b17c7de3f3cc291a117623aec6f3982660169,smart_money,N,50.0,1.4,0,0,,,0,,,0,,,0,,,0,,,,,0.0,,,样本不足，暂按来源分组权重；时间衰减半衰期=14天,0.0
3627899,1500,2026-08-26 07:17:39,30,0x4cb104e79a27275e4a6d1e5d39eecb68bbd78bcd,smart_money,N,50.0,1.4,0,0,,,0,,,0,,,0,,,0,,,,,0.0,,,样本不足，暂按来源分组权重；时间衰减半衰期=14天,0.0
3627900,1500,2026-08-26 07:17:39,30,0x4cb5f4d145cd16460932bbb9b871bb6fd5db97e3,money_printer,N,50.0,1.2,0,0,,,0,,,0,,,0,,,0,,,,,0.0,,,样本不足，暂按来源分组权重；时间衰减半衰期=14天,0.0
3627901,1500,2026-08-26 07:17:39,30,0x4cc390eada38741fe9c77036b7c38537fb5f38ea,money_printer,N,50.0,1.2,0,0,,,0,,,0,,,0,,,0,,,,,0.0,,,样本不足，暂按来源分组权重；时间衰减半衰期=14天,0.0
3627902,1500,2026-08-26 07:17:39,30,0x4ccffbc75f38bc534cf2ab99a749266a148a4f04,smart_money,N,50.0,1.4,0,0,,,0,,,0,,,0,,,0,,,,,0.0,,,样本不足，暂按来源分组权重；时间衰减半衰期=14天,0.0
3627903,1500,2026-08-26 07:17:39,30,0x4cd80aa0ce4881eb8679eda1f6fbe3d89aec0f7f,money_printer,N,50.0,1.2,0,0,,,0,,,0,,,0,,,0,,,,,0.0,,,样本不足，暂按来源分组权重；时间衰减半衰期=14天,0.0
3627904,1500,2026-08-26 07:17:39,30,0x4ce423197edc972896d16cdb410b212c2b675633,smart_money,N,50.0,1.4,2,2,0.4989689622214488,0.9137720721992569,2,0.0,-12.457485354600523,2,0.0,-58.85862321018966,0,,,0,,,-12.459008369634377,,0.0,2026-08-17 19:16:59,ZEC,样本不足，暂按来源分组权重；时间衰减半衰期=14天,1.3102591564557815
3627905,1500,2026-08-26 07:17:39,30,0x4d26bc95c771d1d0a5c5e76297c8f53ffe5f6c19,smart_money,N,50.0,1.4,0,0,,,0,,,0,,,0,,,0,,,,,0.0,,,样本不足，暂按来源分组权重；时间衰减半衰期=14天,0.0
3627906,1500,2026-08-26 07:17:39,30,0x4d36cff935cf04cc7cf1e795bcf69a0f981604a2,smart_money,N,50.0,1.4,0,0,,,0,,,0,,,0,,,0,,,,,0.0,,,样本不足，暂按来源分组权重；时间衰减半衰期=14天,0.0
3627907,1500,2026-08-26 07:17:39,30,0x4d3980ac9d84fc34adcd025ee2337786846343c4,smart_money,N,50.0,1.4,0,0,,,0,,,0,,,0,,,0,,,,,0.0,,,样本不足，暂按来源分组权重；时间衰减半衰期=14天,0.0
3627908,1500,2026-08-26 07:17:39,30,0x4d49a0d59711abf2d2d870f9dc88905239b0010c,smart_money,N,50.0,1.4,0,0,,,0,,,0,,,0,,,0,,,,,0.0,,,样本不足，暂按来源分组权重；时间衰减半衰期=14天,0.0
3627909,1500,2026-08-26 07:17:39,30,0x4deb56a42fc63650b2f0bfb9abe1850e3a091371,smart_money,N,50.0,1.4,0,0,,,0,,,0,,,0,,,0,,,,,0.0,,,样本不足，暂按来源分组权重；时间衰减半衰期=14天,0.0
3627910,1500,2026-08-26 07:17:39,30,0x4e23288cee4960f9f962195c22948e4bc7ae20c3,money_printer,C,61.51317436530926,0.66,99,95,0.30935470956326694,-0.7856464753323663,85,0.3848787757723392,0.5123181308310035,54,0.3357011023467355,2.9463371385330115,32,0.3872128323868857,-0.11444060135386382,0,,,0.5012501273306702,,0.0,2026-08-26 01:17:50,"HYPE,ETH,BTC",C级：噪音偏多，降权参考，主周期=15d；时间衰减半衰期=14天,56.490068956758606
3627911,1500,2026-08-26 07:17:39,30,0x4e4cdfeb4105c7a458f381373e21a3bc3ad78ece,smart_money,N,50.0,1.4,0,0,,,0,,,0,,,0,,,0,,,,,0.0,,,样本不足，暂按来源分组权重；时间衰减半衰期=14天,0.0
3627912,1500,2026-08-26 07:17:39,30,0x4e63d67418d7cb3d5430f29a9be52f347a9fd4ce,money_printer,N,50.0,1.2,0,0,,,0,,,0,,,0,,,0,,,,,0.0,,,样本不足，暂按来源分组权重；时间衰减半衰期=14天,0.0
3627913,1500,2026-08-26 07:17:39,30,0x4e7cfe8e3e20284ba246978abaf301c5fb0ccc9c,smart_money,N,50.0,1.4,0,0,,,0,,,0,,,0,,,0,,,,,0.0,,,样本不足，暂按来源分组权重；时间衰减半衰期=14天,0.0
3627914,1500,2026-08-26 07:17:39,30,0x4e994d450c7c710ba4baeda5e249acc71f80aa1b,smart_money,N,50.0,1.4,0,0,,,0,,,0,,,0,,,0,,,,,0.0,,,样本不足，暂按来源分组权重；时间衰减半衰期=14天,0.0
3627915,1500,2026-08-26 07:17:39,30,0x4eebd8d39e82efb958e0fa9f694435c910c8518f,money_printer,N,50.0,1.2,0,0,,,0,,,0,,,0,,,0,,,,,0.0,,,样本不足，暂按来源分组权重；时间衰减半衰期=14天,0.0
3627916,1500,2026-08-26 07:17:39,30,0x4ef1c5ae65ab5b37629b7aa523e7e95e7da528e3,smart_money,N,50.0,1.4,0,0,,,0,,,0,,,0,,,0,,,,,0.0,,,样本不足，暂按来源分组权重；时间衰减半衰期=14天,0.0
3627917,1500,2026-08-26 07:17:39,30,0x4f19154a8cf68292c66e2fb4e3d19f99795aa2cf,smart_money,N,50.0,1.4,0,0,,,0,,,0,,,0,,,0,,,,,0.0,,,样本不足，暂按来源分组权重；时间衰减半衰期=14天,0.0
3627918,1500,2026-08-26 07:17:39,30,0x4f235c15474f984504b0f188755021ae45c2fa65,money_printer,N,50.0,1.2,0,0,,,0,,,0,,,0,,,0,,,,,0.0,,,样本不足，暂按来源分组权重；时间衰减半衰期=14天,0.0
3627919,1500,2026-08-26 07:17:39,30,0x4f24303e0af2e4a94abcd516a3c80d38262bde6a,money_printer,N,50.0,1.2,0,0,,,0,,,0,,,0,,,0,,,,,0.0,,,样本不足，暂按来源分组权重；时间衰减半衰期=14天,0.0
3627920,1500,2026-08-26 07:17:39,30,0x4f67680ed589c995177481778d48a754703b5b79,smart_money,C,15.478722245716538,0.77,24,24,0.1468232721698921,0.10784285232617341,24,0.07066046851512948,0.29496278316554364,19,0.030549739344649673,0.13782856611368385,6,0.13171392130518397,-0.769002136781789,0,,,0.08405773132832933,,0.0,2026-08-22 06:17:02,BASED,C级：噪音偏多，降权参考，主周期=7d；时间衰减半衰期=14天,13.696291918319622
3627921,1500,2026-08-26 07:17:39,30,0x4f7634c03ec4e87e14725c84913ade523c6fad5a,money_printer,N,50.0,1.2,4,4,0.6118003384176577,3.677251188480796,4,1.0,15.615286949945965,2,1.0,9.036827720670754,2,1.0,49.69514747653197,0,,,13.954069681229221,,0.0,2026-08-19 20:17:16,"HYPE,LIT",样本不足，暂按来源分组权重；时间衰减半衰期=14天,2.3743599323565516
3627922,1500,2026-08-26 07:17:39,30,0x4f9140107e42982d3f86eae7474f56bc373ade31,smart_money,N,50.0,1.4,0,0,,,0,,,0,,,0,,,0,,,,,0.0,,,样本不足，暂按来源分组权重；时间衰减半衰期=14天,0.0
3627923,1500,2026-08-26 07:17:39,30,0x4f9b096385c4e66ce3dec9a17e150795b9a02e3f,money_printer,N,50.0,1.2,1,1,0.0,-18.837656022697132,1,0.0,-27.35390327999293,0,,,0,,,0,,,-27.35390327999293,,0.0,2026-08-19 20:17:16,HYPE,样本不足，暂按来源分组权重；时间衰减半衰期=14天,0.7263171050705325
3627924,1500,2026-08-26 07:17:39,30,0x4fa931c594203579bee714eed85406a1f159e2ce,smart_money,N,50.0,1.4,2,2,0.5005147315104072,-0.0663736282516282,2,0.4994852684895929,-0.3214029696081889,0,,,0,,,0,,,-0.31803642852374114,,0.0,2026-08-22 06:17:02,ZEC,样本不足，暂按来源分组权重；时间衰减半衰期=14天,1.6355711245870594
3627925,1500,2026-08-26 07:17:39,30,0x4fae22be2fb03c3c587795fb478572518ccfd904,smart_money,N,50.0,1.4,0,0,,,0,,,0,,,0,,,0,,,,,0.0,,,样本不足，暂按来源分组权重；时间衰减半衰期=14天,0.0
3627926,1500,2026-08-26 07:17:39,30,0x4faf9534f8f029d03561d245b3b442b1c2e14ee2,smart_money,N,50.0,1.4,0,0,,,0,,,0,,,0,,,0,,,,,0.0,,,样本不足，暂按来源分组权重；时间衰减半衰期=14天,0.0
3627927,1500,2026-08-26 07:17:39,30,0x4fe2e743da6e8d1aa0c9ed5489d8c2c9b5f96c87,smart_money,N,50.0,1.4,4,4,0.35331840190417124,-2.1322457639110914,4,0.35331840190417124,0.9195399059756737,2,0.0,0.001580477623347711,2,0.0,0.16720808241413726,0,,,0.8733121672360276,,0.0,2026-08-20 09:17:04,NEKO,样本不足，暂按来源分组权重；时间衰减半衰期=14天,2.0387951261888952
3627928,1500,2026-08-26 07:17:39,30,0x4fe53e953f1ff4454d144cb6f4fee3f2ca9363fe,smart_money,N,50.0,1.4,4,4,0.35331840190417124,-2.1322457639110914,4,0.35331840190417124,0.9195399059756737,2,0.0,0.001580477623347711,2,0.0,0.16720808241413726,0,,,0.8733121672360276,,0.0,2026-08-20 09:17:04,NEKO,样本不足，暂按来源分组权重；时间衰减半衰期=14天,2.0387951261888952
3627929,1500,2026-08-26 07:17:39,30,0x4fe9e1465d589757e0469b33504d00b91f431055,smart_money,N,50.0,1.4,0,0,,,0,,,0,,,0,,,0,,,,,0.0,,,样本不足，暂按来源分组权重；时间衰减半衰期=14天,0.0
3627930,1500,2026-08-26 07:17:39,30,0x500a8d2934da6f7831e3996df1c8c5a5a74c2274,smart_money,N,50.0,1.4,0,0,,,0,,,0,,,0,,,0,,,,,0.0,,,样本不足，暂按来源分组权重；时间衰减半衰期=14天,0.0
3627931,1500,2026-08-26 07:17:39,30,0x500bea59133e20dc63b7e88913b30348494b84ba,money_printer,N,50.0,1.2,0,0,,,0,,,0,,,0,,,0,,,,,0.0,,,样本不足，暂按来源分组权重；时间衰减半衰期=14天,0.0
3627932,1500,2026-08-26 07:17:39,30,0x503ff4d3b508aff1cf4260dbd814505eb6f7b2e9,smart_money,N,50.0,1.4,0,0,,,0,,,0,,,0,,,0,,,,,0.0,,,样本不足，暂按来源分组权重；时间衰减半衰期=14天,0.0
3627933,1500,2026-08-26 07:17:39,30,0x5049695d6faacffd34f2d24f3f0ff8c64d88f71c,smart_money,N,50.0,1.4,0,0,,,0,,,0,,,0,,,0,,,,,0.0,,,样本不足，暂按来源分组权重；时间衰减半衰期=14天,0.0
3627934,1500,2026-08-26 07:17:39,30,0x504f4f997a233873949ab352051ea3ffabd10b7e,smart_money,N,50.0,1.4,0,0,,,0,,,0,,,0,,,0,,,,,0.0,,,样本不足，暂按来源分组权重；时间衰减半衰期=14天,0.0
3627935,1500,2026-08-26 07:17:39,30,0x507e0d7cb4cca156d09db13681ed4e5da66b411e,money_printer,N,50.0,1.2,0,0,,,0,,,0,,,0,,,0,,,,,0.0,,,样本不足，暂按来源分组权重；时间衰减半衰期=14天,0.0
3627936,1500,2026-08-26 07:17:39,30,0x50a4d39bc020be2c86954eec2670541d300f8168,smart_money,N,50.0,1.4,1,1,0.0,-3.75420769071104,1,0.0,-0.5739605988683191,1,0.0,2.7416545587452252,1,0.0,-12.015269517818954,0,,,-0.5739605988683191,,0.0,2026-08-04 16:17:05,HYPE,样本不足，暂按来源分组权重；时间衰减半衰期=14天,0.3427738685136246
3627937,1500,2026-08-26 07:17:39,30,0x50b309f78e774a756a2230e1769729094cac9f20,money_printer,C,27.887273098436985,0.66,95,89,0.21597580395056715,-0.4445645256341763,80,0.17232731738478832,-1.2611681734287556,65,0.015981058411868993,-0.6127620420971507,62,0.1339986027084145,0.340218575771766,0,,,-0.7528870419916913,,0.0,2026-08-26 06:17:55,"BTC,ETH,ZEC",C级：噪音偏多，降权参考，主周期=15d；时间衰减半衰期=14天,40.15082234090765
3627938,1500,2026-08-26 07:17:39,30,0x50d59f4c2480e107acf32c0d1e9cbe7579b01480,smart_money,N,50.0,1.4,0,0,,,0,,,0,,,0,,,0,,,,,0.0,,,样本不足，暂按来源分组权重；时间衰减半衰期=14天,0.0
3627939,1500,2026-08-26 07:17:39,30,0x50e8db5da4198e49197743f8006b318cb6a08b49,smart_money,N,50.0,1.4,0,0,,,0,,,0,,,0,,,0,,,,,0.0,,,样本不足，暂按来源分组权重；时间衰减半衰期=14天,0.0
3627940,1500,2026-08-26 07:17:39,30,0x5116ebe0e30b2192945893171ea21b788ee86d49,smart_money,N,50.0,1.4,0,0,,,0,,,0,,,0,,,0,,,,,0.0,,,样本不足，暂按来源分组权重；时间衰减半衰期=14天,0.0
3627941,1500,2026-08-26 07:17:39,30,0x5128153e496c90ecb70efe93c0ab567b6aa11109,money_printer,N,50.0,1.2,0,0,,,0,,,0,,,0,,,0,,,,,0.0,,,样本不足，暂按来源分组权重；时间衰减半衰期=14天,0.0
3627942,1500,2026-08-26 07:17:39,30,0x5148b1d40d2082a1ba56ebfea2321d97846e44b4,smart_money,N,50.0,1.4,0,0,,,0,,,0,,,0,,,0,,,,,0.0,,,样本不足，暂按来源分组权重；时间衰减半衰期=14天,0.0
3627943,1500,2026-08-26 07:17:39,30,0x514ad80730593801036e2934bcda9b4e90221b4d,money_printer,N,50.0,1.2,0,0,,,0,,,0,,,0,,,0,,,,,0.0,,,样本不足，暂按来源分组权重；时间衰减半衰期=14天,0.0
3627944,1500,2026-08-26 07:17:39,30,0x515c07dd7cd01496d4000e4998b4fd5acd2c09e1,smart_money,N,50.0,1.4,0,0,,,0,,,0,,,0,,,0,,,,,0.0,,,样本不足，暂按来源分组权重；时间衰减半衰期=14天,0.0
3627945,1500,2026-08-26 07:17:39,30,0x51651b81c895e654e5402a3fc371e3b60b0dfb1e,smart_money,N,50.0,1.4,1,1,0.0,-5.648199291259905,1,1.0,3.340760002730693,0,,,0,,,0,,,3.340760002730693,,0.0,2026-08-23 00:17:50,ZEC,样本不足，暂按来源分组权重；时间衰减半衰期=14天,0.8496202436290728
3627946,1500,2026-08-26 07:17:39,30,0x517bb82ad25d90b9d9e0af57682931c44f7ff64c,smart_money,R,19.149559295769254,-1.4,11,11,0.17492096831264864,-0.14514245564263395,11,0.0,-0.015646295425262604,11,0.21262158963499442,-0.8504407042307457,4,0.49742340168965604,-1.0159105051286152,0,,,-0.019459394722868627,,44.78407129224686,2026-08-14 09:17:01,BTC,反向钱包：7d方向胜率和平均收益偏差；时间衰减半衰期=14天,5.076679185817122
3627947,1500,2026-08-26 07:17:39,30,0x51b97ab1e4381e22dd6cd04d6f67393964fe3bc1,smart_money,N,50.0,1.4,0,0,,,0,,,0,,,0,,,0,,,,,0.0,,,样本不足，暂按来源分组权重；时间衰减半衰期=14天,0.0
3627948,1500,2026-08-26 07:17:39,30,0x51c96a11da65524d0efc6fd0c6dc9b306f19f3aa,smart_money,N,50.0,1.4,0,0,,,0,,,0,,,0,,,0,,,,,0.0,,,样本不足，暂按来源分组权重；时间衰减半衰期=14天,0.0
3627949,1500,2026-08-26 07:17:39,30,0x51d34d5b79c4b27763ee4b891039cf602f8a020f,smart_money,N,50.0,1.4,0,0,,,0,,,0,,,0,,,0,,,,,0.0,,,样本不足，暂按来源分组权重；时间衰减半衰期=14天,0.0
3627950,1500,2026-08-26 07:17:39,30,0x51d99a4022a55cad07a3c958f0600d8bb0b39921,money_printer,N,50.0,1.2,0,0,,,0,,,0,,,0,,,0,,,,,0.0,,,样本不足，暂按来源分组权重；时间衰减半衰期=14天,0.0
3627951,1500,2026-08-26 07:17:39,30,0x51f3a19c1dfd8d7fe670e43ce0f66648789c8b34,smart_money,N,50.0,1.4,1,1,1.0,1.9306195262336723,1,0.0,-0.4052684903748651,0,,,0,,,0,,,-0.4052684903748651,,0.0,2026-08-22 03:17:01,HYPE,样本不足，暂按来源分组权重；时间衰减半衰期=14天,0.8135762880163773
3627952,1500,2026-08-26 07:17:39,30,0x52081a6912cfa64968999fbeb31387446a49b207,smart_money,N,50.0,1.4,0,0,,,0,,,0,,,0,,,0,,,,,0.0,,,样本不足，暂按来源分组权重；时间衰减半衰期=14天,0.0
3627953,1500,2026-08-26 07:17:39,30,0x520863bab865050e635207c4ed099eec568f3f47,smart_money,N,50.0,1.4,0,0,,,0,,,0,,,0,,,0,,,,,0.0,,,样本不足，暂按来源分组权重；时间衰减半衰期=14天,0.0
3627954,1500,2026-08-26 07:17:39,30,0x523852be2db1a76a0e088ecbff32e849544054e5,smart_money,R,14.031693941105834,-1.4,24,24,0.4358036770207477,0.720429699715263,22,0.44949966548485654,0.6163351024854323,13,0.3383953498346071,-5.968306058894166,4,0.4612495919277219,-3.7921236837062247,0,,,0.925732246775862,,52.85674402646286,2026-08-25 03:18:04,"HYPE,ENA,PUMP,KNTQ,ETHFI",反向钱包：7d方向胜率和平均收益偏差；时间衰减半衰期=14天,15.379740592130661
3627955,1500,2026-08-26 07:17:39,30,0x52516d3ee158365393598028055769354d45a3dd,smart_money,N,50.0,1.4,0,0,,,0,,,0,,,0,,,0,,,,,0.0,,,样本不足，暂按来源分组权重；时间衰减半衰期=14天,0.0
3627956,1500,2026-08-26 07:17:39,30,0x5272f37ecaa073e5a0ea07618145939e5e6cfcd9,money_printer,N,50.0,1.2,0,0,,,0,,,0,,,0,,,0,,,,,0.0,,,样本不足，暂按来源分组权重；时间衰减半衰期=14天,0.0
3627957,1500,2026-08-26 07:17:39,30,0x52a1ac3717f8173bd175a4c1923594ed6110142d,smart_money,N,50.0,1.4,0,0,,,0,,,0,,,0,,,0,,,,,0.0,,,样本不足，暂按来源分组权重；时间衰减半衰期=14天,0.0
3627958,1500,2026-08-26 07:17:39,30,0x52b3ed56ea6d4c2ac0f79e8ff5e8e54ec4736cce,smart_money,N,50.0,1.4,0,0,,,0,,,0,,,0,,,0,,,,,0.0,,,样本不足，暂按来源分组权重；时间衰减半衰期=14天,0.0
3627959,1500,2026-08-26 07:17:39,30,0x52e6c32f0eb44f707e9c159052fc5039fc7b7725,smart_money,N,50.0,1.4,0,0,,,0,,,0,,,0,,,0,,,,,0.0,,,样本不足，暂按来源分组权重；时间衰减半衰期=14天,0.0
3627960,1500,2026-08-26 07:17:39,30,0x52ea814df88c423bd5325e84f4b6f8bf429a61d5,smart_money,N,50.0,1.4,0,0,,,0,,,0,,,0,,,0,,,,,0.0,,,样本不足，暂按来源分组权重；时间衰减半衰期=14天,0.0
3627961,1500,2026-08-26 07:17:39,30,0x5323b92268b4e140ac2133c677e991cd9ad1b23c,smart_money,R,18.441947543345258,-1.4,198,175,0.4650378895191235,0.2108274924913877,132,0.424665939096968,-0.8162583820961612,50,0.28704611180823003,-3.278550870981982,43,0.3748352540245078,-1.558052456654742,0,,,-0.7198437594556681,,24.49077900931669,2026-08-26 03:18:03,"ZEC,HYPE,SOL",反向钱包：15d方向胜率和平均收益偏差；时间衰减半衰期=14天,120.01864825820547
3627962,1500,2026-08-26 07:17:39,30,0x535191d6d49922d69cc7829dbb73e48694840db7,smart_money,N,50.0,1.4,0,0,,,0,,,0,,,0,,,0,,,,,0.0,,,样本不足，暂按来源分组权重；时间衰减半衰期=14天,0.0
3627963,1500,2026-08-26 07:17:39,30,0x53ad68079890e9d72a5bb4eb79079f19c32aeca4,smart_money,N,50.0,1.4,0,0,,,0,,,0,,,0,,,0,,,,,0.0,,,样本不足，暂按来源分组权重；时间衰减半衰期=14天,0.0
3627964,1500,2026-08-26 07:17:39,30,0x53b63a30a688beb53b5dc7bd731c661d678c555c,smart_money,N,50.0,1.4,0,0,,,0,,,0,,,0,,,0,,,,,0.0,,,样本不足，暂按来源分组权重；时间衰减半衰期=14天,0.0
3627965,1500,2026-08-26 07:17:39,30,0x53e655101ea361537124ef814ad4e654b54d0637,smart_money,N,50.0,1.4,0,0,,,0,,,0,,,0,,,0,,,,,0.0,,,样本不足，暂按来源分组权重；时间衰减半衰期=14天,0.0
3627966,1500,2026-08-26 07:17:39,30,0x5405450cae1b86581f017d1c35ad954d8703f802,money_printer,N,50.0,1.2,0,0,,,0,,,0,,,0,,,0,,,,,0.0,,,样本不足，暂按来源分组权重；时间衰减半衰期=14天,0.0
3627967,1500,2026-08-26 07:17:39,30,0x54069d1a01434813617e09b9426b03971c0ce123,smart_money,N,50.0,1.4,0,0,,,0,,,0,,,0,,,0,,,,,0.0,,,样本不足，暂按来源分组权重；时间衰减半衰期=14天,0.0
3627968,1500,2026-08-26 07:17:39,30,0x5410d09be697e57cd7c4ffa83759abed3219e020,smart_money,N,50.0,1.4,0,0,,,0,,,0,,,0,,,0,,,,,0.0,,,样本不足，暂按来源分组权重；时间衰减半衰期=14天,0.0
3627969,1500,2026-08-26 07:17:39,30,0x543356c584e7931233afe07ecd982cda5f0f3f3b,money_printer,N,50.0,1.2,0,0,,,0,,,0,,,0,,,0,,,,,0.0,,,样本不足，暂按来源分组权重；时间衰减半衰期=14天,0.0
3627970,1500,2026-08-26 07:17:39,30,0x54426307974b659b48e70b1faa44f17aa0e3c4cf,smart_money,N,50.0,1.4,0,0,,,0,,,0,,,0,,,0,,,,,0.0,,,样本不足，暂按来源分组权重；时间衰减半衰期=14天,0.0
3627971,1500,2026-08-26 07:17:39,30,0x5483dd0f8b7d2544a6ac14ba8659988178fd9f4a,smart_money,N,50.0,1.4,0,0,,,0,,,0,,,0,,,0,,,,,0.0,,,样本不足，暂按来源分组权重；时间衰减半衰期=14天,0.0
3627972,1500,2026-08-26 07:17:39,30,0x54a7240cea67b8c41b7c7f2b485360f37331aef4,smart_money,N,50.0,1.4,0,0,,,0,,,0,,,0,,,0,,,,,0.0,,,样本不足，暂按来源分组权重；时间衰减半衰期=14天,0.0
3627973,1500,2026-08-26 07:17:39,30,0x54d796f92c566372ca09d8d22868d675935b4b98,money_printer,N,50.0,1.2,0,0,,,0,,,0,,,0,,,0,,,,,0.0,,,样本不足，暂按来源分组权重；时间衰减半衰期=14天,0.0
3627974,1500,2026-08-26 07:17:39,30,0x54dbc1fbf6b1cd59807db61109b1d9eb91fd1a04,money_printer,N,50.0,1.2,0,0,,,0,,,0,,,0,,,0,,,,,0.0,,,样本不足，暂按来源分组权重；时间衰减半衰期=14天,0.0
3627975,1500,2026-08-26 07:17:39,30,0x54e3f54df4b10ff63f7284733ed735e8e1507c20,smart_money,N,50.0,1.4,0,0,,,0,,,0,,,0,,,0,,,,,0.0,,,样本不足，暂按来源分组权重；时间衰减半衰期=14天,0.0
3627976,1500,2026-08-26 07:17:39,30,0x54ecc92c9407b74138fcf45e284425139687ca56,smart_money,N,50.0,1.4,0,0,,,0,,,0,,,0,,,0,,,,,0.0,,,样本不足，暂按来源分组权重；时间衰减半衰期=14天,0.0
3627977,1500,2026-08-26 07:17:39,30,0x54fc13e72548503e13eea8b4cfdb4524be39d7d2,smart_money,N,50.0,1.4,0,0,,,0,,,0,,,0,,,0,,,,,0.0,,,样本不足，暂按来源分组权重；时间衰减半衰期=14天,0.0
3627978,1500,2026-08-26 07:17:39,30,0x54fe014a1fb506ff3a00d863e6522f24e6edba47,smart_money,N,50.0,1.4,2,2,0.503095083820437,-0.12915467381170662,2,0.503095083820437,-0.1246908934420281,2,0.0,-0.1225287498254649,2,0.0,-0.1246908934420281,0,,,-0.1418484613485187,,0.0,2026-08-04 13:17:04,UPUMP,样本不足，暂按来源分组权重；时间衰减半衰期=14天,0.6771261961125798
3627979,1500,2026-08-26 07:17:39,30,0x55045b55e00e09b4da8d061d8787cd97b4b0d24d,smart_money,N,50.0,1.4,0,0,,,0,,,0,,,0,,,0,,,,,0.0,,,样本不足，暂按来源分组权重；时间衰减半衰期=14天,0.0
3627980,1500,2026-08-26 07:17:39,30,0x551946bd7965303493ff47ecd8c7f2ba8d754d0d,smart_money,N,50.0,1.4,0,0,,,0,,,0,,,0,,,0,,,,,0.0,,,样本不足，暂按来源分组权重；时间衰减半衰期=14天,0.0
3627981,1500,2026-08-26 07:17:39,30,0x551b30bc933e26e098bd2e68d436c24ed39b7312,money_printer,N,50.0,1.2,0,0,,,0,,,0,,,0,,,0,,,,,0.0,,,样本不足，暂按来源分组权重；时间衰减半衰期=14天,0.0
3627982,1500,2026-08-26 07:17:39,30,0x5559da6ec434c5723d0ce9c4da7f29e3f8a3d43b,money_printer,N,50.0,1.2,0,0,,,0,,,0,,,0,,,0,,,,,0.0,,,样本不足，暂按来源分组权重；时间衰减半衰期=14天,0.0
3627983,1500,2026-08-26 07:17:39,30,0x556c8b1c32744692ae52ab2856fdcd8d54acc6c8,smart_money,N,50.0,1.4,0,0,,,0,,,0,,,0,,,0,,,,,0.0,,,样本不足，暂按来源分组权重；时间衰减半衰期=14天,0.0
3627984,1500,2026-08-26 07:17:39,30,0x557a75e1368dc5fa69978ed5fd88bfd7bddfc3a2,smart_money,N,50.0,1.4,0,0,,,0,,,0,,,0,,,0,,,,,0.0,,,样本不足，暂按来源分组权重；时间衰减半衰期=14天,0.0
3627985,1500,2026-08-26 07:17:39,30,0x55a8f87e59611f86a31a58b361038f36fbded9ea,smart_money,N,50.0,1.4,0,0,,,0,,,0,,,0,,,0,,,,,0.0,,,样本不足，暂按来源分组权重；时间衰减半衰期=14天,0.0
3627986,1500,2026-08-26 07:17:39,30,0x55ab9da1341d23c9e5ab8a50ea23c5977a8a70b5,money_printer,N,50.0,1.2,0,0,,,0,,,0,,,0,,,0,,,,,0.0,,,样本不足，暂按来源分组权重；时间衰减半衰期=14天,0.0
3627987,1500,2026-08-26 07:17:39,30,0x55f47d6e757125e949330f8a61cb7fb8bbe56a89,smart_money,N,50.0,1.4,0,0,,,0,,,0,,,0,,,0,,,,,0.0,,,样本不足，暂按来源分组权重；时间衰减半衰期=14天,0.0
3627988,1500,2026-08-26 07:17:39,30,0x560a2edd994f2ba4883cdf8e0d164558d8c803ac,smart_money,N,50.0,1.4,0,0,,,0,,,0,,,0,,,0,,,,,0.0,,,样本不足，暂按来源分组权重；时间衰减半衰期=14天,0.0
3627989,1500,2026-08-26 07:17:39,30,0x562e68a7eb3d74262413030f9f8052306a3cad97,smart_money,N,50.0,1.4,0,0,,,0,,,0,,,0,,,0,,,,,0.0,,,样本不足，暂按来源分组权重；时间衰减半衰期=14天,0.0
3627990,1500,2026-08-26 07:17:39,30,0x5647249079e257329ecb6f46ed41821d3c69e7de,money_printer,N,50.0,1.2,3,3,1.0,3.563768796350888,3,0.0,-0.9555847287355992,0,,,0,,,0,,,-0.9547712746101782,,0.0,2026-08-23 04:17:52,"PUMP,BNB",样本不足，暂按来源分组权重；时间衰减半衰期=14天,2.5352680401286363
3627991,1500,2026-08-26 07:17:39,30,0x56498e5f90c14060499b62b6f459b3e3fb9280c5,money_printer,N,50.0,1.2,0,0,,,0,,,0,,,0,,,0,,,,,0.0,,,样本不足，暂按来源分组权重；时间衰减半衰期=14天,0.0
3627992,1500,2026-08-26 07:17:39,30,0x565a65432ca44a999eb7217815d58594a559ccb2,smart_money,N,50.0,1.4,0,0,,,0,,,0,,,0,,,0,,,,,0.0,,,样本不足，暂按来源分组权重；时间衰减半衰期=14天,0.0
3627993,1500,2026-08-26 07:17:39,30,0x5661a070eb13c7c55ac3210b2447d4bea426cbf5,smart_money,N,50.0,1.4,0,0,,,0,,,0,,,0,,,0,,,,,0.0,,,样本不足，暂按来源分组权重；时间衰减半衰期=14天,0.0
3627994,1500,2026-08-26 07:17:39,30,0x5661e424b3b482231b8fc2a59c96dbe157fd70fc,smart_money,N,50.0,1.4,0,0,,,0,,,0,,,0,,,0,,,,,0.0,,,样本不足，暂按来源分组权重；时间衰减半衰期=14天,0.0
3627995,1500,2026-08-26 07:17:39,30,0x56654885ad39155235336c0ff01b3337693c3882,smart_money,N,50.0,1.4,0,0,,,0,,,0,,,0,,,0,,,,,0.0,,,样本不足，暂按来源分组权重；时间衰减半衰期=14天,0.0
3627996,1500,2026-08-26 07:17:39,30,0x567110130473121dedea5308f007f15fe58356db,money_printer,N,50.0,1.2,0,0,,,0,,,0,,,0,,,0,,,,,0.0,,,样本不足，暂按来源分组权重；时间衰减半衰期=14天,0.0
3627997,1500,2026-08-26 07:17:39,30,0x56811550b50c940db1f8acfc3341e7a6101660eb,smart_money,N,50.0,1.4,0,0,,,0,,,0,,,0,,,0,,,,,0.0,,,样本不足，暂按来源分组权重；时间衰减半衰期=14天,0.0
3627998,1500,2026-08-26 07:17:39,30,0x5690fd2f011c86c2a6de8fcde2d7d1c5e314abd3,smart_money,N,50.0,1.4,0,0,,,0,,,0,,,0,,,0,,,,,0.0,,,样本不足，暂按来源分组权重；时间衰减半衰期=14天,0.0
3627999,1500,2026-08-26 07:17:39,30,0x56c58ed0c0b9b164653d7aa44fd40632393f8e38,money_printer,N,50.0,1.2,0,0,,,0,,,0,,,0,,,0,,,,,0.0,,,样本不足，暂按来源分组权重；时间衰减半衰期=14天,0.0
3628000,1500,2026-08-26 07:17:39,30,0x56cd86d6ef24a3f51ce6992b7f1db751b0a0276a,money_printer,N,50.0,1.2,1,1,0.0,-0.7057996131916769,1,0.0,-8.896591565569025,1,0.0,-17.02458995805389,1,0.0,-15.83904754728356,0,,,-8.896591565569025,,0.0,2026-08-03 03:17:00,LIT,样本不足，暂按来源分组权重；时间衰减半衰期=14天,0.3175830572319509
3628001,1500,2026-08-26 07:17:39,30,0x570b09e27a87f9acbce49f85056745d29b3ee3c6,money_printer,N,50.0,1.2,0,0,,,0,,,0,,,0,,,0,,,,,0.0,,,样本不足，暂按来源分组权重；时间衰减半衰期=14天,0.0
3628002,1500,2026-08-26 07:17:39,30,0x572b4de5be467f6e7210f77940d462b9b8ef3ea5,smart_money,N,50.0,1.4,0,0,,,0,,,0,,,0,,,0,,,,,0.0,,,样本不足，暂按来源分组权重；时间衰减半衰期=14天,0.0
3628003,1500,2026-08-26 07:17:39,30,0x577586e7460f83ce4f30ded0ea2e44e7579de25d,smart_money,N,50.0,1.4,0,0,,,0,,,0,,,0,,,0,,,,,0.0,,,样本不足，暂按来源分组权重；时间衰减半衰期=14天,0.0
3628004,1500,2026-08-26 07:17:39,30,0x577a00a0ee907ee481791049477a3c1fa1470568,smart_money,N,50.0,1.4,7,5,0.31461153946314957,-1.5158457276990245,3,0.0,-6.414406331394549,1,1.0,4.800515254715818,1,0.0,3.462970478728095,0,,,-4.685373536150692,,0.0,2026-08-25 17:17:56,HYPE,样本不足，暂按来源分组权重；时间衰减半衰期=14天,3.574078357453159
3628005,1500,2026-08-26 07:17:39,30,0x577ae91c7b74f04ddb3a5b399ded8318e9895fd2,money_printer,N,50.0,1.2,0,0,,,0,,,0,,,0,,,0,,,,,0.0,,,样本不足，暂按来源分组权重；时间衰减半衰期=14天,0.0
3628006,1500,2026-08-26 07:17:39,30,0x579f4017263b88945d727a927bf1e3d061fee5ff,smart_money,N,50.0,1.4,0,0,,,0,,,0,,,0,,,0,,,,,0.0,,,样本不足，暂按来源分组权重；时间衰减半衰期=14天,0.0
3628007,1500,2026-08-26 07:17:39,30,0x57a4840fdfb68f12349de0a9e6b6ccefb3aebf3b,smart_money,N,50.0,1.4,0,0,,,0,,,0,,,0,,,0,,,,,0.0,,,样本不足，暂按来源分组权重；时间衰减半衰期=14天,0.0
3628008,1500,2026-08-26 07:17:39,30,0x57baee0482d81f19eff86257425033af3f875b86,smart_money,N,50.0,1.4,0,0,,,0,,,0,,,0,,,0,,,,,0.0,,,样本不足，暂按来源分组权重；时间衰减半衰期=14天,0.0
3628009,1500,2026-08-26 07:17:39,30,0x57d8e75f473cd6346495c9b6760a580018e840e6,smart_money,N,50.0,1.4,0,0,,,0,,,0,,,0,,,0,,,,,0.0,,,样本不足，暂按来源分组权重；时间衰减半衰期=14天,0.0
3628010,1500,2026-08-26 07:17:39,30,0x57febe9bf4cc255b4ac72c6fdb52a19a059a9ef0,smart_money,N,50.0,1.4,0,0,,,0,,,0,,,0,,,0,,,,,0.0,,,样本不足，暂按来源分组权重；时间衰减半衰期=14天,0.0
3628011,1500,2026-08-26 07:17:39,30,0x58120e7628a3d85fbaff5faa84d178eacd213c9b,smart_money,N,50.0,1.4,0,0,,,0,,,0,,,0,,,0,,,,,0.0,,,样本不足，暂按来源分组权重；时间衰减半衰期=14天,0.0
3628012,1500,2026-08-26 07:17:39,30,0x581796f091e9304d7796a86916886d95fa544dad,smart_money,N,50.0,1.4,0,0,,,0,,,0,,,0,,,0,,,,,0.0,,,样本不足，暂按来源分组权重；时间衰减半衰期=14天,0.0
3628013,1500,2026-08-26 07:17:39,30,0x5846ac5619d2a762751b1663d86a402085505765,money_printer,N,50.0,1.2,0,0,,,0,,,0,,,0,,,0,,,,,0.0,,,样本不足，暂按来源分组权重；时间衰减半衰期=14天,0.0
3628014,1500,2026-08-26 07:17:39,30,0x58749ca7cb7e7d92da06cee9ee5d625515b96682,smart_money,N,50.0,1.4,0,0,,,0,,,0,,,0,,,0,,,,,0.0,,,样本不足，暂按来源分组权重；时间衰减半衰期=14天,0.0
3628015,1500,2026-08-26 07:17:39,30,0x5875d72130981b18692a3d29545e4038f7eb0c38,smart_money,N,50.0,1.4,3,3,0.3523752674255572,0.40374463243415865,3,0.0,-4.8415364522706055,1,0.0,-30.33940267636091,0,,,0,,,-5.539393875697208,,0.0,2026-08-22 09:17:11,WLD,样本不足，暂按来源分组权重；时间衰减半衰期=14天,2.30883482249007
3628016,1500,2026-08-26 07:17:39,30,0x588432f54227364caf999a6df88dbf86a90f4772,smart_money,N,50.0,1.4,0,0,,,0,,,0,,,0,,,0,,,,,0.0,,,样本不足，暂按来源分组权重；时间衰减半衰期=14天,0.0
3628017,1500,2026-08-26 07:17:39,30,0x58a049263e0754cb51a63248c34ffe07e8434899,smart_money,N,50.0,1.4,0,0,,,0,,,0,,,0,,,0,,,,,0.0,,,样本不足，暂按来源分组权重；时间衰减半衰期=14天,0.0
3628018,1500,2026-08-26 07:17:39,30,0x58a722b5f37435cab8957a17fc575bb136e0b48b,smart_money,N,50.0,1.4,0,0,,,0,,,0,,,0,,,0,,,,,0.0,,,样本不足，暂按来源分组权重；时间衰减半衰期=14天,0.0
3628019,1500,2026-08-26 07:17:39,30,0x58a800ab969e69481dd8c952dabff14934f0fdce,money_printer,N,50.0,1.2,0,0,,,0,,,0,,,0,,,0,,,,,0.0,,,样本不足，暂按来源分组权重；时间衰减半衰期=14天,0.0
3628020,1500,2026-08-26 07:17:39,30,0x58bfdd9459a2f07bcd204efcbc4595982ac92bb1,smart_money,N,50.0,1.4,0,0,,,0,,,0,,,0,,,0,,,,,0.0,,,样本不足，暂按来源分组权重；时间衰减半衰期=14天,0.0
3628021,1500,2026-08-26 07:17:39,30,0x58cbd807135f66e8c9b4f39eea92a612b477bf00,money_printer,N,50.0,1.2,0,0,,,0,,,0,,,0,,,0,,,,,0.0,,,样本不足，暂按来源分组权重；时间衰减半衰期=14天,0.0
3628022,1500,2026-08-26 07:17:39,30,0x58d143119b3529ed4b291b5e0dc9a30e89d1f6ad,smart_money,N,50.0,1.4,0,0,,,0,,,0,,,0,,,0,,,,,0.0,,,样本不足，暂按来源分组权重；时间衰减半衰期=14天,0.0
3628023,1500,2026-08-26 07:17:39,30,0x58e1b0e63c905d5982324fcd9108582623b8132e,smart_money,N,50.0,1.4,0,0,,,0,,,0,,,0,,,0,,,,,0.0,,,样本不足，暂按来源分组权重；时间衰减半衰期=14天,0.0
3628024,1500,2026-08-26 07:17:39,30,0x592838c5d6ffb870c20bf4f13d1089259354d5f9,smart_money,N,50.0,1.4,0,0,,,0,,,0,,,0,,,0,,,,,0.0,,,样本不足，暂按来源分组权重；时间衰减半衰期=14天,0.0
3628025,1500,2026-08-26 07:17:39,30,0x59319c81c0cf3d02e3b68996c2dfe47308a006dc,smart_money,N,50.0,1.4,0,0,,,0,,,0,,,0,,,0,,,,,0.0,,,样本不足，暂按来源分组权重；时间衰减半衰期=14天,0.0
3628026,1500,2026-08-26 07:17:39,30,0x5970d203949c26e7b80a262648f400e44df6cf4e,smart_money,N,50.0,1.4,0,0,,,0,,,0,,,0,,,0,,,,,0.0,,,样本不足，暂按来源分组权重；时间衰减半衰期=14天,0.0
3628027,1500,2026-08-26 07:17:39,30,0x5986347c1d0133d02d307f08bb1efd44c2eb89d9,smart_money,R,19.319258412687244,-1.4,44,44,0.30995353249469115,0.23107099755182506,44,0.3042387162327096,1.4714336233905474,44,0.13002894021392872,2.2820443127033525,36,0.17739561260343725,-0.680741587312756,0,,,0.8608121202674998,,49.06263468195209,2026-08-17 14:17:02,"ETH,SOL,BTC,ZEC",反向钱包：15d方向胜率和平均收益偏差；时间衰减半衰期=14天,15.637653993876995
3628028,1500,2026-08-26 07:17:39,30,0x598930e14f4496e77593d0ccc6d7ab2e9179bc29,smart_money,N,50.0,1.4,0,0,,,0,,,0,,,0,,,0,,,,,0.0,,,样本不足，暂按来源分组权重；时间衰减半衰期=14天,0.0
3628029,1500,2026-08-26 07:17:39,30,0x5a19bfe9c095c3bd188eca00a690b95200797aba,smart_money,N,50.0,1.4,0,0,,,0,,,0,,,0,,,0,,,,,0.0,,,样本不足，暂按来源分组权重；时间衰减半衰期=14天,0.0
3628030,1500,2026-08-26 07:17:39,30,0x5a209e55c592687bb3f105f2f645c09238612d1b,money_printer,N,50.0,1.2,0,0,,,0,,,0,,,0,,,0,,,,,0.0,,,样本不足，暂按来源分组权重；时间衰减半衰期=14天,0.0
3628031,1500,2026-08-26 07:17:39,30,0x5a29ad4553f8d1a7058ba7d6bd97cda39cfcc492,smart_money,N,50.0,1.4,0,0,,,0,,,0,,,0,,,0,,,,,0.0,,,样本不足，暂按来源分组权重；时间衰减半衰期=14天,0.0
3628032,1500,2026-08-26 07:17:39,30,0x5aadb434293b4e1b8fb2e84007e567506fe65a96,smart_money,N,50.0,1.4,0,0,,,0,,,0,,,0,,,0,,,,,0.0,,,样本不足，暂按来源分组权重；时间衰减半衰期=14天,0.0
3628033,1500,2026-08-26 07:17:39,30,0x5ad96a3986b9d2cfab1d39c68002edd17263f5ef,smart_money,N,50.0,1.4,0,0,,,0,,,0,,,0,,,0,,,,,0.0,,,样本不足，暂按来源分组权重；时间衰减半衰期=14天,0.0
3628034,1500,2026-08-26 07:17:39,30,0x5ae7fe9df15590e286152908112b82969f41c8b8,money_printer,N,50.0,1.2,0,0,,,0,,,0,,,0,,,0,,,,,0.0,,,样本不足，暂按来源分组权重；时间衰减半衰期=14天,0.0
3628035,1500,2026-08-26 07:17:39,30,0x5afe865300895b96d20132a8d9fa8e7829334b52,smart_money,N,50.0,1.4,0,0,,,0,,,0,,,0,,,0,,,,,0.0,,,样本不足，暂按来源分组权重；时间衰减半衰期=14天,0.0
3628036,1500,2026-08-26 07:17:39,30,0x5b1c220c5d481ae836a5457778f3175d62e48305,smart_money,N,50.0,1.4,0,0,,,0,,,0,,,0,,,0,,,,,0.0,,,样本不足，暂按来源分组权重；时间衰减半衰期=14天,0.0
3628037,1500,2026-08-26 07:17:39,30,0x5b236d19f680ff47e7bf2a9eb88fc5cc03d443a8,smart_money,C,36.432380412639226,0.77,25,24,0.5234918585485738,0.8873349417696004,23,0.407649016907772,0.040764929635186624,20,0.20480660721962118,-0.29674424501703084,13,0.20064344805751547,0.5838862797500934,0,,,0.3088433310845651,,0.0,2026-08-26 03:18:03,HWAVE,C级：噪音偏多，降权参考，主周期=15d；时间衰减半衰期=14天,11.519620379628272
3628038,1500,2026-08-26 07:17:39,30,0x5b28335f6d5cd5a1ac3b66eb2edd2b917e7aa4a4,smart_money,N,50.0,1.4,0,0,,,0,,,0,,,0,,,0,,,,,0.0,,,样本不足，暂按来源分组权重；时间衰减半衰期=14天,0.0
3628039,1500,2026-08-26 07:17:39,30,0x5b53358eca5790fa4c268ad6813386b3a86549c7,money_printer,N,50.0,1.2,0,0,,,0,,,0,,,0,,,0,,,,,0.0,,,样本不足，暂按来源分组权重；时间衰减半衰期=14天,0.0
3628040,1500,2026-08-26 07:17:39,30,0x5b5d51203a0f9079f8aeb098a6523a13f298c060,money_printer,R,16.17432418118651,-1.2,48,46,0.39000862061578234,1.0726778187801926,29,0.1555915841078755,-3.825675818813489,7,0.0,-15.914139673850322,5,0.5143914593503296,13.65407152608454,0,,,-3.71731990957529,,77.71075309324783,2026-08-25 08:17:48,"HYPE,SOL,XRP,ETH,PUMP",反向钱包：72h方向胜率和平均收益偏差；时间衰减半衰期=14天,35.75336902992547
3628041,1500,2026-08-26 07:17:39,30,0x5b5f798b94f54d33ba316c8b1c837e930c90c052,smart_money,N,50.0,1.4,5,3,0.6637158395493785,0.8687002999051857,1,1.0,4.39903876880599,0,,,0,,,0,,,4.39903876880599,,0.0,2026-08-25 22:17:55,"ZEC,HYPE",样本不足，暂按来源分组权重；时间衰减半衰期=14天,2.5632451657373263
3628042,1500,2026-08-26 07:17:39,30,0x5b6d236e39a4723a8f79db93cfd1af4d228f9c60,smart_money,N,50.0,1.4,1,1,0.0,-5.461850802070879,1,1.0,2.952154939579154,0,,,0,,,0,,,2.952154939579154,,0.0,2026-08-22 05:17:09,ZEC,样本不足，暂按来源分组权重；时间衰减半衰期=14天,0.8169436822981928
3628043,1500,2026-08-26 07:17:39,30,0x5b9306593ae710a66832c4101e019e3e96f65d0a,money_printer,N,50.0,1.2,0,0,,,0,,,0,,,0,,,0,,,,,0.0,,,样本不足，暂按来源分组权重；时间衰减半衰期=14天,0.0
3628044,1500,2026-08-26 07:17:39,30,0x5bba1df1bd0d44250246ef5b4697e9b847530dc4,smart_money,N,50.0,1.4,0,0,,,0,,,0,,,0,,,0,,,,,0.0,,,样本不足，暂按来源分组权重；时间衰减半衰期=14天,0.0
3628045,1500,2026-08-26 07:17:39,30,0x5bc43f38c2ddcd85857f218674cd384f172c3b0c,money_printer,N,50.0,1.2,0,0,,,0,,,0,,,0,,,0,,,,,0.0,,,样本不足，暂按来源分组权重；时间衰减半衰期=14天,0.0
3628046,1500,2026-08-26 07:17:39,30,0x5c0db52c100b26f7add20caadf6d65cf475fd377,smart_money,N,50.0,1.4,0,0,,,0,,,0,,,0,,,0,,,,,0.0,,,样本不足，暂按来源分组权重；时间衰减半衰期=14天,0.0
3628047,1500,2026-08-26 07:17:39,30,0x5c3f8fdc2c99cd27576f36d13446f33c58e67a24,smart_money,N,50.0,1.4,0,0,,,0,,,0,,,0,,,0,,,,,0.0,,,样本不足，暂按来源分组权重；时间衰减半衰期=14天,0.0
3628048,1500,2026-08-26 07:17:39,30,0x5c5267a02593366f681365ec057e2c5099fa6f88,smart_money,N,50.0,1.4,0,0,,,0,,,0,,,0,,,0,,,,,0.0,,,样本不足，暂按来源分组权重；时间衰减半衰期=14天,0.0
3628049,1500,2026-08-26 07:17:39,30,0x5c90ce5f9d84b6011385ae01366c5726c39bf23a,smart_money,N,50.0,1.4,0,0,,,0,,,0,,,0,,,0,,,,,0.0,,,样本不足，暂按来源分组权重；时间衰减半衰期=14天,0.0
3628050,1500,2026-08-26 07:17:39,30,0x5c9b5f1f13aa845d46a16a4036f1ba7eff7de431,money_printer,N,50.0,1.2,0,0,,,0,,,0,,,0,,,0,,,,,0.0,,,样本不足，暂按来源分组权重；时间衰减半衰期=14天,0.0
3628051,1500,2026-08-26 07:17:39,30,0x5c9c9ab381c841530464ef9ee402568f84c3b676,money_printer,N,50.0,1.2,0,0,,,0,,,0,,,0,,,0,,,,,0.0,,,样本不足，暂按来源分组权重；时间衰减半衰期=14天,0.0
3628052,1500,2026-08-26 07:17:39,30,0x5cb20485ede692b76ad1f12ee70d089437b99de8,smart_money,N,50.0,1.4,0,0,,,0,,,0,,,0,,,0,,,,,0.0,,,样本不足，暂按来源分组权重；时间衰减半衰期=14天,0.0
3628053,1500,2026-08-26 07:17:39,30,0x5cbdb794b3b36df58a7ce6c1a552f117f061103b,smart_money,N,50.0,1.4,0,0,,,0,,,0,,,0,,,0,,,,,0.0,,,样本不足，暂按来源分组权重；时间衰减半衰期=14天,0.0
3628054,1500,2026-08-26 07:17:39,30,0x5cd30f546267012ef19704616fc77ed27f790ec2,smart_money,N,50.0,1.4,0,0,,,0,,,0,,,0,,,0,,,,,0.0,,,样本不足，暂按来源分组权重；时间衰减半衰期=14天,0.0
3628055,1500,2026-08-26 07:17:39,30,0x5cddd9a435aabecbea14d7abe24f546ff24ccb94,smart_money,N,50.0,1.4,0,0,,,0,,,0,,,0,,,0,,,,,0.0,,,样本不足，暂按来源分组权重；时间衰减半衰期=14天,0.0
3628056,1500,2026-08-26 07:17:39,30,0x5cfd4e2c982a66b32120e43b016f29c21cbe9b7b,smart_money,N,50.0,1.4,0,0,,,0,,,0,,,0,,,0,,,,,0.0,,,样本不足，暂按来源分组权重；时间衰减半衰期=14天,0.0
3628057,1500,2026-08-26 07:17:39,30,0x5d1211d66d13b2f66413e9af3cf5485596418dd6,money_printer,N,50.0,1.2,0,0,,,0,,,0,,,0,,,0,,,,,0.0,,,样本不足，暂按来源分组权重；时间衰减半衰期=14天,0.0
3628058,1500,2026-08-26 07:17:39,30,0x5d2f4460ac3514ada79f5d9838916e508ab39bb7,money_printer,N,50.0,1.2,0,0,,,0,,,0,,,0,,,0,,,,,0.0,,,样本不足，暂按来源分组权重；时间衰减半衰期=14天,0.0
3628059,1500,2026-08-26 07:17:39,30,0x5d8265f9f86d0b354d24ce76146aa7b6054001f8,smart_money,N,50.0,1.4,0,0,,,0,,,0,,,0,,,0,,,,,0.0,,,样本不足，暂按来源分组权重；时间衰减半衰期=14天,0.0
3628060,1500,2026-08-26 07:17:39,30,0x5d9d19a3e5005225f13780fa10c198f87816670d,smart_money,N,50.0,1.4,0,0,,,0,,,0,,,0,,,0,,,,,0.0,,,样本不足，暂按来源分组权重；时间衰减半衰期=14天,0.0
3628061,1500,2026-08-26 07:17:39,30,0x5dc26505b5118adc172fd8ef764a1c5af60667cb,smart_money,N,50.0,1.4,0,0,,,0,,,0,,,0,,,0,,,,,0.0,,,样本不足，暂按来源分组权重；时间衰减半衰期=14天,0.0
3628062,1500,2026-08-26 07:17:39,30,0x5dca07e29b8fe52932872f6ccf8da2a2b72297cf,money_printer,N,50.0,1.2,0,0,,,0,,,0,,,0,,,0,,,,,0.0,,,样本不足，暂按来源分组权重；时间衰减半衰期=14天,0.0
3628063,1500,2026-08-26 07:17:39,30,0x5df2fed8188902f86f2074b70fd36ed3a39a1256,smart_money,N,50.0,1.4,0,0,,,0,,,0,,,0,,,0,,,,,0.0,,,样本不足，暂按来源分组权重；时间衰减半衰期=14天,0.0
3628064,1500,2026-08-26 07:17:39,30,0x5e0c78f6360514ac1d4ea4ab9a2a232284458e69,smart_money,N,50.0,1.4,0,0,,,0,,,0,,,0,,,0,,,,,0.0,,,样本不足，暂按来源分组权重；时间衰减半衰期=14天,0.0
3628065,1500,2026-08-26 07:17:39,30,0x5e13d5cedbddd7237f659947ce64bec1294e2607,money_printer,N,50.0,1.2,0,0,,,0,,,0,,,0,,,0,,,,,0.0,,,样本不足，暂按来源分组权重；时间衰减半衰期=14天,0.0
3628066,1500,2026-08-26 07:17:39,30,0x5e8e18557c0df89fb79a41941c03768da69100af,smart_money,N,50.0,1.4,0,0,,,0,,,0,,,0,,,0,,,,,0.0,,,样本不足，暂按来源分组权重；时间衰减半衰期=14天,0.0
3628067,1500,2026-08-26 07:17:39,30,0x5e9eadc22514f35af45de3ea4c3c9e56d21435ee,smart_money,N,50.0,1.4,0,0,,,0,,,0,,,0,,,0,,,,,0.0,,,样本不足，暂按来源分组权重；时间衰减半衰期=14天,0.0
3628068,1500,2026-08-26 07:17:39,30,0x5eeb5a0cb514bf3843d5f1c24752ee0e3b08f46c,smart_money,N,50.0,1.4,0,0,,,0,,,0,,,0,,,0,,,,,0.0,,,样本不足，暂按来源分组权重；时间衰减半衰期=14天,0.0
3628069,1500,2026-08-26 07:17:39,30,0x5efc5eaa41ebfefcc122e7600d3ac81549b6dd8d,smart_money,N,50.0,1.4,4,4,0.35331840190417124,-2.1322457639110914,4,0.35331840190417124,0.9195399059756737,2,0.0,0.001580477623347711,2,0.0,0.16720808241413726,0,,,0.8733121672360276,,0.0,2026-08-20 09:17:04,NEKO,样本不足，暂按来源分组权重；时间衰减半衰期=14天,2.0387951261888952
3628070,1500,2026-08-26 07:17:39,30,0x5f1055597a652a50c67e62bcf2912dc621bfd49d,smart_money,N,50.0,1.4,0,0,,,0,,,0,,,0,,,0,,,,,0.0,,,样本不足，暂按来源分组权重；时间衰减半衰期=14天,0.0
3628071,1500,2026-08-26 07:17:39,30,0x5f1ff6f82d95ee2aaf599577024c5d37c860b0a8,smart_money,N,50.0,1.4,0,0,,,0,,,0,,,0,,,0,,,,,0.0,,,样本不足，暂按来源分组权重；时间衰减半衰期=14天,0.0
3628072,1500,2026-08-26 07:17:39,30,0x5f4f59301e46bf6f6603a8c4cf826bdac70339d1,smart_money,N,50.0,1.4,0,0,,,0,,,0,,,0,,,0,,,,,0.0,,,样本不足，暂按来源分组权重；时间衰减半衰期=14天,0.0
3628073,1500,2026-08-26 07:17:39,30,0x5f6fd9d880be6e209d5ee7a5517dfb40b8a9d81b,smart_money,N,50.0,1.4,0,0,,,0,,,0,,,0,,,0,,,,,0.0,,,样本不足，暂按来源分组权重；时间衰减半衰期=14天,0.0
3628074,1500,2026-08-26 07:17:39,30,0x5f77dc3b3641d06f68800e07bd0a65d949918b24,smart_money,N,50.0,1.4,0,0,,,0,,,0,,,0,,,0,,,,,0.0,,,样本不足，暂按来源分组权重；时间衰减半衰期=14天,0.0
3628075,1500,2026-08-26 07:17:39,30,0x5f94a51948d2376ad34a6fadfa2544e651b74b96,money_printer,N,50.0,1.2,2,2,1.0,8.341147219836998,2,0.4974143307832276,4.773161485025374,0,,,0,,,0,,,4.821226485610758,,0.0,2026-08-22 11:17:51,"PUMP,TRUMP",样本不足，暂按来源分组权重；时间衰减半衰期=14天,1.645765695973933
3628076,1500,2026-08-26 07:17:39,30,0x5fbd0c50d414a58c1194696391cccdb0a3750d1c,smart_money,N,50.0,1.4,0,0,,,0,,,0,,,0,,,0,,,,,0.0,,,样本不足，暂按来源分组权重；时间衰减半衰期=14天,0.0
3628077,1500,2026-08-26 07:17:39,30,0x5fdbf83c3d95d525704f61401db68cbec1b2a775,smart_money,N,50.0,1.4,0,0,,,0,,,0,,,0,,,0,,,,,0.0,,,样本不足，暂按来源分组权重；时间衰减半衰期=14天,0.0
3628078,1500,2026-08-26 07:17:39,30,0x5fe77169ee8a147ee63662160449c9bc84570f3b,smart_money,N,50.0,1.4,0,0,,,0,,,0,,,0,,,0,,,,,0.0,,,样本不足，暂按来源分组权重；时间衰减半衰期=14天,0.0
3628079,1500,2026-08-26 07:17:39,30,0x603f6575750b2da949a84ff412b68e762bcd75a3,smart_money,N,50.0,1.4,0,0,,,0,,,0,,,0,,,0,,,,,0.0,,,样本不足，暂按来源分组权重；时间衰减半衰期=14天,0.0
3628080,1500,2026-08-26 07:17:39,30,0x60826ae62cbe3bfaabc1ba335627adc858435e14,smart_money,N,50.0,1.4,0,0,,,0,,,0,,,0,,,0,,,,,0.0,,,样本不足，暂按来源分组权重；时间衰减半衰期=14天,0.0
3628081,1500,2026-08-26 07:17:39,30,0x60a8c761f39696b3b419f31dcda20b405cb685f6,money_printer,N,50.0,1.2,0,0,,,0,,,0,,,0,,,0,,,,,0.0,,,样本不足，暂按来源分组权重；时间衰减半衰期=14天,0.0
3628082,1500,2026-08-26 07:17:39,30,0x60ceef10f9dd4a5d7874f22f461048ea96f475f6,smart_money,N,50.0,1.4,0,0,,,0,,,0,,,0,,,0,,,,,0.0,,,样本不足，暂按来源分组权重；时间衰减半衰期=14天,0.0
3628083,1500,2026-08-26 07:17:39,30,0x60fe5cbd886a778f584ffcc63833b068104d1f77,smart_money,N,50.0,1.4,0,0,,,0,,,0,,,0,,,0,,,,,0.0,,,样本不足，暂按来源分组权重；时间衰减半衰期=14天,0.0
3628084,1500,2026-08-26 07:17:39,30,0x610b8dd6b392d010c2b6ad8d121dfc09524cb613,smart_money,R,16.381314106219286,-1.4,12,10,0.309278630372322,-3.618685893780714,8,0.2520230575810969,-5.188795349318631,0,,,0,,,0,,,-5.548166127960029,,51.46490629067419,2026-08-26 06:17:55,"SOL,HYPE,DOGE",反向钱包：24h方向胜率和平均收益偏差；时间衰减半衰期=14天,8.048493959309932
3628085,1500,2026-08-26 07:17:39,30,0x612cb0b6b1d2b6108386c408f6215df1e2ce15d8,smart_money,N,50.0,1.4,0,0,,,0,,,0,,,0,,,0,,,,,0.0,,,样本不足，暂按来源分组权重；时间衰减半衰期=14天,0.0
3628086,1500,2026-08-26 07:17:39,30,0x615d54d75193c93f28166adcf7b615d5d47b4dbe,smart_money,N,50.0,1.4,0,0,,,0,,,0,,,0,,,0,,,,,0.0,,,样本不足，暂按来源分组权重；时间衰减半衰期=14天,0.0
3628087,1500,2026-08-26 07:17:39,30,0x615f9484c8f46ca4fd4d2c0291c42661043a3d87,smart_money,N,50.0,1.4,0,0,,,0,,,0,,,0,,,0,,,,,0.0,,,样本不足，暂按来源分组权重；时间衰减半衰期=14天,0.0
3628088,1500,2026-08-26 07:17:39,30,0x616d43c28a376d835d336383fd9423090651dbd6,smart_money,N,50.0,1.4,0,0,,,0,,,0,,,0,,,0,,,,,0.0,,,样本不足，暂按来源分组权重；时间衰减半衰期=14天,0.0
3628089,1500,2026-08-26 07:17:39,30,0x617eb09d7869de4ea8a9768c5c657ff7c2d80f97,smart_money,N,50.0,1.4,0,0,,,0,,,0,,,0,,,0,,,,,0.0,,,样本不足，暂按来源分组权重；时间衰减半衰期=14天,0.0
3628090,1500,2026-08-26 07:17:39,30,0x618d69438f6c5785a72d0024a8cb73b81c356e34,smart_money,N,50.0,1.4,0,0,,,0,,,0,,,0,,,0,,,,,0.0,,,样本不足，暂按来源分组权重；时间衰减半衰期=14天,0.0
3628091,1500,2026-08-26 07:17:39,30,0x6195e397e225cac7a04af74cba2d7ddbba1a419a,smart_money,N,50.0,1.4,0,0,,,0,,,0,,,0,,,0,,,,,0.0,,,样本不足，暂按来源分组权重；时间衰减半衰期=14天,0.0
3628092,1500,2026-08-26 07:17:39,30,0x61b6cfd715d70df1b1822763639e75a575a23c12,smart_money,N,50.0,1.4,0,0,,,0,,,0,,,0,,,0,,,,,0.0,,,样本不足，暂按来源分组权重；时间衰减半衰期=14天,0.0
3628093,1500,2026-08-26 07:17:39,30,0x61bf199fabf0d2ec9dc98b9bcf8084aca32bc0de,smart_money,N,50.0,1.4,5,5,0.6735985686294653,5.987127334200224,5,0.7561560024979613,11.180487586054758,1,0.0,-3.482254618693122,1,0.0,-5.614900285168413,0,,,10.42194517674483,,0.0,2026-08-21 09:17:08,"HYPE,BNB",样本不足，暂按来源分组权重；时间衰减半衰期=14天,3.2148546929157296
3628094,1500,2026-08-26 07:17:39,30,0x61ceef212ff4a86933c69fb6aca2fe35d8f2a62b,money_printer,C,58.10039675038569,0.66,18,18,0.40898326076836194,0.940781483867303,15,0.4147028016874143,-0.03477436146178219,2,0.47012488944925934,-0.8632825835896121,0,,,0,,,-0.19904523209494807,,0.0,2026-08-25 06:17:46,"ETH,BTC,ZEC",C级：噪音偏多，降权参考，主周期=72h；时间衰减半衰期=14天,14.598340032803122
3628095,1500,2026-08-26 07:17:39,30,0x61d897b1246fd61076914b619310707dc0be790e,smart_money,N,50.0,1.4,0,0,,,0,,,0,,,0,,,0,,,,,0.0,,,样本不足，暂按来源分组权重；时间衰减半衰期=14天,0.0
3628096,1500,2026-08-26 07:17:39,30,0x61f2bb695d81ac9fce0b1d01fd45cc6b2925a571,smart_money,N,50.0,1.4,1,1,0.0,0.0,1,0.0,0.0,0,,,0,,,0,,,0.0,,0.0,2026-08-21 18:17:05,KNTQ,样本不足，暂按来源分组权重；时间衰减半衰期=14天,0.7986122625770397
3628097,1500,2026-08-26 07:17:39,30,0x621c5551678189b9a6c94d929924c225ff1d63ab,money_printer,N,50.0,1.2,0,0,,,0,,,0,,,0,,,0,,,,,0.0,,,样本不足，暂按来源分组权重；时间衰减半衰期=14天,0.0
3628098,1500,2026-08-26 07:17:39,30,0x623c09f8c389131a5b45985df6e67ff31a504165,smart_money,N,50.0,1.4,0,0,,,0,,,0,,,0,,,0,,,,,0.0,,,样本不足，暂按来源分组权重；时间衰减半衰期=14天,0.0
3628099,1500,2026-08-26 07:17:39,30,0x625a341283aa40c3e2ddc13921ab1850013f23a6,smart_money,N,50.0,1.4,0,0,,,0,,,0,,,0,,,0,,,,,0.0,,,样本不足，暂按来源分组权重；时间衰减半衰期=14天,0.0
3628100,1500,2026-08-26 07:17:39,30,0x625e239e46d3ad052e23f396de3a569f6fd504e7,money_printer,N,50.0,1.2,6,6,0.1915694618094461,-0.09947602720093783,6,0.5016305380937895,0.15526014364199617,6,0.3735098887376858,0.0528521204916365,2,0.5010310377785512,0.12150774402795561,0,,,0.11505394502338984,,0.0,2026-08-17 01:16:58,NEKO,样本不足，暂按来源分组权重；时间衰减半衰期=14天,3.3019363608638894
3628101,1500,2026-08-26 07:17:39,30,0x627b21c82c46b349e053048659eb52c52e4bc007,smart_money,N,50.0,1.4,0,0,,,0,,,0,,,0,,,0,,,,,0.0,,,样本不足，暂按来源分组权重；时间衰减半衰期=14天,0.0
3628102,1500,2026-08-26 07:17:39,30,0x6281f807954f90110c626ba37b183bf9f94fae8d,smart_money,N,50.0,1.4,0,0,,,0,,,0,,,0,,,0,,,,,0.0,,,样本不足，暂按来源分组权重；时间衰减半衰期=14天,0.0
3628103,1500,2026-08-26 07:17:39,30,0x630daeb3f561a58475205f5730335c13de507b4e,money_printer,N,50.0,1.2,0,0,,,0,,,0,,,0,,,0,,,,,0.0,,,样本不足，暂按来源分组权重；时间衰减半衰期=14天,0.0
3628104,1500,2026-08-26 07:17:39,30,0x631abae0e172c21dd37fa303bdd9deec22d32a04,smart_money,N,50.0,1.4,0,0,,,0,,,0,,,0,,,0,,,,,0.0,,,样本不足，暂按来源分组权重；时间衰减半衰期=14天,0.0
3628105,1500,2026-08-26 07:17:39,30,0x63286282fe46eed057c18e108ecf27bd3089c847,smart_money,N,50.0,1.4,0,0,,,0,,,0,,,0,,,0,,,,,0.0,,,样本不足，暂按来源分组权重；时间衰减半衰期=14天,0.0
3628106,1500,2026-08-26 07:17:39,30,0x633fe8fa1940888c7e81f1af57116c77b2fe1bda,smart_money,N,50.0,1.4,0,0,,,0,,,0,,,0,,,0,,,,,0.0,,,样本不足，暂按来源分组权重；时间衰减半衰期=14天,0.0
3628107,1500,2026-08-26 07:17:39,30,0x6355f7cf36b24044cd5b089a845113327d0ee58e,money_printer,N,50.0,1.2,0,0,,,0,,,0,,,0,,,0,,,,,0.0,,,样本不足，暂按来源分组权重；时间衰减半衰期=14天,0.0
3628108,1500,2026-08-26 07:17:39,30,0x63618d66c7a6a487491e2d0793f7b5b1c86485c0,smart_money,N,50.0,1.4,0,0,,,0,,,0,,,0,,,0,,,,,0.0,,,样本不足，暂按来源分组权重；时间衰减半衰期=14天,0.0
3628109,1500,2026-08-26 07:17:39,30,0x6361d059ce1d9f49991dc7410972d3ad7b698773,smart_money,N,50.0,1.4,0,0,,,0,,,0,,,0,,,0,,,,,0.0,,,样本不足，暂按来源分组权重；时间衰减半衰期=14天,0.0
3628110,1500,2026-08-26 07:17:39,30,0x639c38ad64462870cca86a9cfa633b27cb7361f8,smart_money,N,50.0,1.4,0,0,,,0,,,0,,,0,,,0,,,,,0.0,,,样本不足，暂按来源分组权重；时间衰减半衰期=14天,0.0
3628111,1500,2026-08-26 07:17:39,30,0x63d417a577b50c96f4f09148d4e4d70950db0522,money_printer,N,50.0,1.2,1,0,,,0,,,0,,,0,,,0,,,,,0.0,2026-08-25 21:18:07,XRP,样本不足，暂按来源分组权重；时间衰减半衰期=14天,0.0
3628112,1500,2026-08-26 07:17:39,30,0x6410b0886a1f0db4c1242e1190013fe4b1e85bcd,smart_money,N,50.0,1.4,0,0,,,0,,,0,,,0,,,0,,,,,0.0,,,样本不足，暂按来源分组权重；时间衰减半衰期=14天,0.0
3628113,1500,2026-08-26 07:17:39,30,0x6417da1d2452a4b4a81aa151b7235ffec865082f,money_printer,N,50.0,1.2,0,0,,,0,,,0,,,0,,,0,,,,,0.0,,,样本不足，暂按来源分组权重；时间衰减半衰期=14天,0.0
3628114,1500,2026-08-26 07:17:39,30,0x641edd3f198101eb13ce9228a415cbf02b62b6c8,smart_money,N,50.0,1.4,0,0,,,0,,,0,,,0,,,0,,,,,0.0,,,样本不足，暂按来源分组权重；时间衰减半衰期=14天,0.0
3628115,1500,2026-08-26 07:17:39,30,0x6427ef069a0ffa80c2dbf675479833500f429eca,smart_money,N,50.0,1.4,0,0,,,0,,,0,,,0,,,0,,,,,0.0,,,样本不足，暂按来源分组权重；时间衰减半衰期=14天,0.0
3628116,1500,2026-08-26 07:17:39,30,0x643430283b19fa5bd70a1138b495c2b43523cdd5,money_printer,N,50.0,1.2,0,0,,,0,,,0,,,0,,,0,,,,,0.0,,,样本不足，暂按来源分组权重；时间衰减半衰期=14天,0.0
3628117,1500,2026-08-26 07:17:39,30,0x643a1bef23ebe06af0ff69de2074b776ecf799a4,smart_money,N,50.0,1.4,0,0,,,0,,,0,,,0,,,0,,,,,0.0,,,样本不足，暂按来源分组权重；时间衰减半衰期=14天,0.0
3628118,1500,2026-08-26 07:17:39,30,0x643b713c5c6b86f74c0bbd77d0fe257acc772801,money_printer,N,50.0,1.2,0,0,,,0,,,0,,,0,,,0,,,,,0.0,,,样本不足，暂按来源分组权重；时间衰减半衰期=14天,0.0
3628119,1500,2026-08-26 07:17:39,30,0x644f7170fae9d4d173d9217f03b7a77e22ed98f1,smart_money,N,50.0,1.4,0,0,,,0,,,0,,,0,,,0,,,,,0.0,,,样本不足，暂按来源分组权重；时间衰减半衰期=14天,0.0
3628120,1500,2026-08-26 07:17:39,30,0x645b2eeaa0a46df3c4211bebda1b2c7703e287b8,money_printer,R,19.432729860097524,-1.2,14,12,0.2668113637550346,-0.5672701399024757,9,0.11170083091967636,-2.7514072367140257,4,0.23845049838237697,1.6846033346910156,4,1.0,7.831116002922031,0,,,-1.4526025660335962,,33.84834291841427,2026-08-25 22:17:55,"HYPE,ETH",反向钱包：24h方向胜率和平均收益偏差；时间衰减半衰期=14天,7.756284754481857
3628121,1500,2026-08-26 07:17:39,30,0x649156ebf0a350deb18a1e4835873defd4dc5349,money_printer,N,50.0,1.2,0,0,,,0,,,0,,,0,,,0,,,,,0.0,,,样本不足，暂按来源分组权重；时间衰减半衰期=14天,0.0
3628122,1500,2026-08-26 07:17:39,30,0x649568dbdea4a6a1937901ca1e44dd293ead52b8,money_printer,N,50.0,1.2,0,0,,,0,,,0,,,0,,,0,,,,,0.0,,,样本不足，暂按来源分组权重；时间衰减半衰期=14天,0.0
3628123,1500,2026-08-26 07:17:39,30,0x64b2627e0c33b44d5a78ca2b5289abd0c306a5de,smart_money,N,50.0,1.4,0,0,,,0,,,0,,,0,,,0,,,,,0.0,,,样本不足，暂按来源分组权重；时间衰减半衰期=14天,0.0
3628124,1500,2026-08-26 07:17:39,30,0x64d0c26f561c1a653a2fe48337e9970275564d45,smart_money,N,50.0,1.4,0,0,,,0,,,0,,,0,,,0,,,,,0.0,,,样本不足，暂按来源分组权重；时间衰减半衰期=14天,0.0
3628125,1500,2026-08-26 07:17:39,30,0x64dd467d1e5c2cf2be87fea20713159dbc12ca76,smart_money,N,50.0,1.4,0,0,,,0,,,0,,,0,,,0,,,,,0.0,,,样本不足，暂按来源分组权重；时间衰减半衰期=14天,0.0
3628126,1500,2026-08-26 07:17:39,30,0x64f4e14a603a6383f459e16f4781a6b30611dfb8,smart_money,N,50.0,1.4,0,0,,,0,,,0,,,0,,,0,,,,,0.0,,,样本不足，暂按来源分组权重；时间衰减半衰期=14天,0.0
3628127,1500,2026-08-26 07:17:39,30,0x64ffaa34fffc59e84d3e7731812b3a63397af7c6,smart_money,N,50.0,1.4,0,0,,,0,,,0,,,0,,,0,,,,,0.0,,,样本不足，暂按来源分组权重；时间衰减半衰期=14天,0.0
3628128,1500,2026-08-26 07:17:39,30,0x654086857e1fad6dcf05cf6695cce51ea3984268,smart_money,N,50.0,1.4,0,0,,,0,,,0,,,0,,,0,,,,,0.0,,,样本不足，暂按来源分组权重；时间衰减半衰期=14天,0.0
3628129,1500,2026-08-26 07:17:39,30,0x654ed1d8631de7feb6b4e5fd9965687504a80c4a,smart_money,N,50.0,1.4,0,0,,,0,,,0,,,0,,,0,,,,,0.0,,,样本不足，暂按来源分组权重；时间衰减半衰期=14天,0.0
3628130,1500,2026-08-26 07:17:39,30,0x655b62e1a4ca9cfe5c761b8dc3defda98be41e9f,smart_money,N,50.0,1.4,0,0,,,0,,,0,,,0,,,0,,,,,0.0,,,样本不足，暂按来源分组权重；时间衰减半衰期=14天,0.0
3628131,1500,2026-08-26 07:17:39,30,0x656c54089502d4ab36a35166b514ec761c33f4b7,smart_money,N,50.0,1.4,0,0,,,0,,,0,,,0,,,0,,,,,0.0,,,样本不足，暂按来源分组权重；时间衰减半衰期=14天,0.0
3628132,1500,2026-08-26 07:17:39,30,0x656c8da58d738295e03550796dd83900aa7c6525,money_printer,N,50.0,1.2,0,0,,,0,,,0,,,0,,,0,,,,,0.0,,,样本不足，暂按来源分组权重；时间衰减半衰期=14天,0.0
3628133,1500,2026-08-26 07:17:39,30,0x6579896dfcca97db2cd59d26673918f18c7d89e0,money_printer,N,50.0,1.2,0,0,,,0,,,0,,,0,,,0,,,,,0.0,,,样本不足，暂按来源分组权重；时间衰减半衰期=14天,0.0
3628134,1500,2026-08-26 07:17:39,30,0x657cf179cc91ccfc8cd534d5015a49e690b495f1,smart_money,N,50.0,1.4,0,0,,,0,,,0,,,0,,,0,,,,,0.0,,,样本不足，暂按来源分组权重；时间衰减半衰期=14天,0.0
3628135,1500,2026-08-26 07:17:39,30,0x65aee08c9235025355ac6c5ad020fb167ecef4fe,smart_money,N,50.0,1.4,0,0,,,0,,,0,,,0,,,0,,,,,0.0,,,样本不足，暂按来源分组权重；时间衰减半衰期=14天,0.0
3628136,1500,2026-08-26 07:17:39,30,0x65cf86e71afd816e6f9b8adaffab6a95b7bbbfd8,smart_money,N,50.0,1.4,0,0,,,0,,,0,,,0,,,0,,,,,0.0,,,样本不足，暂按来源分组权重；时间衰减半衰期=14天,0.0
3628137,1500,2026-08-26 07:17:39,30,0x65d0ab18172c32e37cd7f39d1ad3f9c5de8bdfb0,smart_money,N,50.0,1.4,0,0,,,0,,,0,,,0,,,0,,,,,0.0,,,样本不足，暂按来源分组权重；时间衰减半衰期=14天,0.0
3628138,1500,2026-08-26 07:17:39,30,0x65e51a6f396599558e647d7e4d8e6e6ca6ee4a9b,smart_money,N,50.0,1.4,0,0,,,0,,,0,,,0,,,0,,,,,0.0,,,样本不足，暂按来源分组权重；时间衰减半衰期=14天,0.0
3628139,1500,2026-08-26 07:17:39,30,0x65f1de0d3715941dad6a1279d8d0a96a2eeb8171,smart_money,N,50.0,1.4,0,0,,,0,,,0,,,0,,,0,,,,,0.0,,,样本不足，暂按来源分组权重；时间衰减半衰期=14天,0.0
3628140,1500,2026-08-26 07:17:39,30,0x6608d5342ca0fc0acf0c334c2496f1542af1fc71,smart_money,N,50.0,1.4,0,0,,,0,,,0,,,0,,,0,,,,,0.0,,,样本不足，暂按来源分组权重；时间衰减半衰期=14天,0.0
3628141,1500,2026-08-26 07:17:39,30,0x6628f829994f1756257e6c2468dabd675a530a1d,smart_money,N,50.0,1.4,0,0,,,0,,,0,,,0,,,0,,,,,0.0,,,样本不足，暂按来源分组权重；时间衰减半衰期=14天,0.0
3628142,1500,2026-08-26 07:17:39,30,0x66339a4c857997b2cb3a1139cc37f68fbdf9a795,smart_money,N,50.0,1.4,0,0,,,0,,,0,,,0,,,0,,,,,0.0,,,样本不足，暂按来源分组权重；时间衰减半衰期=14天,0.0
3628143,1500,2026-08-26 07:17:39,30,0x663f2673c6cef165d4e027585ed300a6b74245da,smart_money,N,50.0,1.4,0,0,,,0,,,0,,,0,,,0,,,,,0.0,,,样本不足，暂按来源分组权重；时间衰减半衰期=14天,0.0
3628144,1500,2026-08-26 07:17:39,30,0x6661db9a250e02444f6f9de670c6d923bcd84cc4,smart_money,N,50.0,1.4,0,0,,,0,,,0,,,0,,,0,,,,,0.0,,,样本不足，暂按来源分组权重；时间衰减半衰期=14天,0.0
3628145,1500,2026-08-26 07:17:39,30,0x6666885961fec8ed58ddb45637ea41c02d6423f5,money_printer,N,50.0,1.2,0,0,,,0,,,0,,,0,,,0,,,,,0.0,,,样本不足，暂按来源分组权重；时间衰减半衰期=14天,0.0
3628146,1500,2026-08-26 07:17:39,30,0x66701345620a1d2d81e37f9fd8c74491e8c7d525,smart_money,N,50.0,1.4,0,0,,,0,,,0,,,0,,,0,,,,,0.0,,,样本不足，暂按来源分组权重；时间衰减半衰期=14天,0.0
3628147,1500,2026-08-26 07:17:39,30,0x66778547fc5b3e2b2e9cecb943f560d49efb171c,smart_money,N,50.0,1.4,0,0,,,0,,,0,,,0,,,0,,,,,0.0,,,样本不足，暂按来源分组权重；时间衰减半衰期=14天,0.0
3628148,1500,2026-08-26 07:17:39,30,0x667b8184fcb9e83bf3180bb42f5c67374cde679a,smart_money,N,50.0,1.4,0,0,,,0,,,0,,,0,,,0,,,,,0.0,,,样本不足，暂按来源分组权重；时间衰减半衰期=14天,0.0
3628149,1500,2026-08-26 07:17:39,30,0x667c488d3a11b6fe829c5cdfec8f729faa16f78c,smart_money,N,50.0,1.4,0,0,,,0,,,0,,,0,,,0,,,,,0.0,,,样本不足，暂按来源分组权重；时间衰减半衰期=14天,0.0
3628150,1500,2026-08-26 07:17:39,30,0x6697186f603168d01797eded5bd149b44e62de27,smart_money,N,50.0,1.4,0,0,,,0,,,0,,,0,,,0,,,,,0.0,,,样本不足，暂按来源分组权重；时间衰减半衰期=14天,0.0
3628151,1500,2026-08-26 07:17:39,30,0x66a8e3766b64650fbe4e81a9a42e9ba96ae49db5,smart_money,N,50.0,1.4,0,0,,,0,,,0,,,0,,,0,,,,,0.0,,,样本不足，暂按来源分组权重；时间衰减半衰期=14天,0.0
3628152,1500,2026-08-26 07:17:39,30,0x66d1f704749ced8c60df03cd0ccfce05c5d87fae,smart_money,N,50.0,1.4,0,0,,,0,,,0,,,0,,,0,,,,,0.0,,,样本不足，暂按来源分组权重；时间衰减半衰期=14天,0.0
3628153,1500,2026-08-26 07:17:39,30,0x66d3b80a7c6dc33801414dd22cde23f25d3de4d6,smart_money,N,50.0,1.4,0,0,,,0,,,0,,,0,,,0,,,,,0.0,,,样本不足，暂按来源分组权重；时间衰减半衰期=14天,0.0
3628154,1500,2026-08-26 07:17:39,30,0x6707013459fa40ab655710bb08690693d539b113,smart_money,N,50.0,1.4,0,0,,,0,,,0,,,0,,,0,,,,,0.0,,,样本不足，暂按来源分组权重；时间衰减半衰期=14天,0.0
3628155,1500,2026-08-26 07:17:39,30,0x675462411d40a169c3397ac1dc00786dc9c7d3a1,smart_money,N,50.0,1.4,0,0,,,0,,,0,,,0,,,0,,,,,0.0,,,样本不足，暂按来源分组权重；时间衰减半衰期=14天,0.0
3628156,1500,2026-08-26 07:17:39,30,0x677d831aef5328190852e24f13c46cac05f984e7,money_printer,N,50.0,1.2,0,0,,,0,,,0,,,0,,,0,,,,,0.0,,,样本不足，暂按来源分组权重；时间衰减半衰期=14天,0.0
3628157,1500,2026-08-26 07:17:39,30,0x67870e072059b30eb06530cabebe2a8b50fecb04,smart_money,N,50.0,1.4,0,0,,,0,,,0,,,0,,,0,,,,,0.0,,,样本不足，暂按来源分组权重；时间衰减半衰期=14天,0.0
3628158,1500,2026-08-26 07:17:39,30,0x6788e111b25a244e7168847fe19bb1456a8398d4,smart_money,N,50.0,1.4,0,0,,,0,,,0,,,0,,,0,,,,,0.0,,,样本不足，暂按来源分组权重；时间衰减半衰期=14天,0.0
3628159,1500,2026-08-26 07:17:39,30,0x67a773143ea4fdaf7a77cc6069ffddb4573ff82b,smart_money,N,50.0,1.4,0,0,,,0,,,0,,,0,,,0,,,,,0.0,,,样本不足，暂按来源分组权重；时间衰减半衰期=14天,0.0
3628160,1500,2026-08-26 07:17:39,30,0x67b6baae5bd3c1b332b37859d8f12ecf78fd0752,money_printer,N,50.0,1.2,0,0,,,0,,,0,,,0,,,0,,,,,0.0,,,样本不足，暂按来源分组权重；时间衰减半衰期=14天,0.0
3628161,1500,2026-08-26 07:17:39,30,0x67c0fc4b0490ab7e76c08c2bbd30fac0059bbc7a,smart_money,N,50.0,1.4,0,0,,,0,,,0,,,0,,,0,,,,,0.0,,,样本不足，暂按来源分组权重；时间衰减半衰期=14天,0.0
3628162,1500,2026-08-26 07:17:39,30,0x67cd5c1c4548c7ec1a20fadefca19ad42e6230da,smart_money,N,50.0,1.4,0,0,,,0,,,0,,,0,,,0,,,,,0.0,,,样本不足，暂按来源分组权重；时间衰减半衰期=14天,0.0
3628163,1500,2026-08-26 07:17:39,30,0x67f053dc9f2d8d642615bd870719068a9978662b,smart_money,N,50.0,1.4,0,0,,,0,,,0,,,0,,,0,,,,,0.0,,,样本不足，暂按来源分组权重；时间衰减半衰期=14天,0.0
3628164,1500,2026-08-26 07:17:39,30,0x67f7aa8fb95c47e6ea9c517b623e0701cbf9d9ba,smart_money,N,50.0,1.4,0,0,,,0,,,0,,,0,,,0,,,,,0.0,,,样本不足，暂按来源分组权重；时间衰减半衰期=14天,0.0
3628165,1500,2026-08-26 07:17:39,30,0x67fcc46ed2a63971697dad2fc7bb0091fe89e51d,money_printer,N,50.0,1.2,0,0,,,0,,,0,,,0,,,0,,,,,0.0,,,样本不足，暂按来源分组权重；时间衰减半衰期=14天,0.0
3628166,1500,2026-08-26 07:17:39,30,0x6802b4267f7f2bf7003dcf993c51542245b38329,smart_money,N,50.0,1.4,0,0,,,0,,,0,,,0,,,0,,,,,0.0,,,样本不足，暂按来源分组权重；时间衰减半衰期=14天,0.0
3628167,1500,2026-08-26 07:17:39,30,0x6859da14835424957a1e6b397d8026b1d9ff7e1e,money_printer,C,22.20506517616271,0.66,17,16,0.09247469988100625,-5.121244739228318,15,0.10514953055481041,-10.936020733102866,13,0.0,0.32619220178645825,11,0.12190220178752813,0.9416781418677147,0,,,-5.545492130056181,,0.0,2026-08-25 12:17:49,"UPUMP,UXPL",C级：噪音偏多，降权参考，主周期=15d；时间衰减半衰期=14天,7.254954316969001
3628168,1500,2026-08-26 07:17:39,30,0x687843224285d4d2eac58202085041647fa3bf8c,smart_money,N,50.0,1.4,0,0,,,0,,,0,,,0,,,0,,,,,0.0,,,样本不足，暂按来源分组权重；时间衰减半衰期=14天,0.0
3628169,1500,2026-08-26 07:17:39,30,0x6891ed9ee6a9d0649ffac2bcee814e6899a0e075,smart_money,N,50.0,1.4,0,0,,,0,,,0,,,0,,,0,,,,,0.0,,,样本不足，暂按来源分组权重；时间衰减半衰期=14天,0.0
3628170,1500,2026-08-26 07:17:39,30,0x689f15b91f1df16794177056982376721da16965,smart_money,N,50.0,1.4,0,0,,,0,,,0,,,0,,,0,,,,,0.0,,,样本不足，暂按来源分组权重；时间衰减半衰期=14天,0.0
3628171,1500,2026-08-26 07:17:39,30,0x68a24ccf099422806f1e73248517f3389c29c104,smart_money,N,50.0,1.4,0,0,,,0,,,0,,,0,,,0,,,,,0.0,,,样本不足，暂按来源分组权重；时间衰减半衰期=14天,0.0
3628172,1500,2026-08-26 07:17:39,30,0x68af3f19b7cf1934909bd43776050fe83b0ac654,smart_money,R,10.0,-1.4,35,34,0.5240243881889809,-1.2271810190749435,27,0.21747607747410044,-8.719766770694617,18,0.10915963004794811,-20.262024225426625,11,0.2056018258465616,-22.34098291141662,0,,,-6.835437628063708,,74.10370786455015,2026-08-25 13:18:03,"PUMP,ZEC,DOGE,HYPE,ASTER",反向钱包：15d方向胜率和平均收益偏差；时间衰减半衰期=14天,21.02126862813237
3628173,1500,2026-08-26 07:17:39,30,0x68c151a40b08c6d059d8eddfc0c57e18325c9e38,smart_money,N,50.0,1.4,0,0,,,0,,,0,,,0,,,0,,,,,0.0,,,样本不足，暂按来源分组权重；时间衰减半衰期=14天,0.0
3628174,1500,2026-08-26 07:17:39,30,0x68cd0d2bf68e54ea2d3feb090ff6683a99a0eec2,smart_money,N,50.0,1.4,0,0,,,0,,,0,,,0,,,0,,,,,0.0,,,样本不足，暂按来源分组权重；时间衰减半衰期=14天,0.0
3628175,1500,2026-08-26 07:17:39,30,0x68d017f8c75d22af6a48aa6f2f697c658ec15599,smart_money,N,50.0,1.4,0,0,,,0,,,0,,,0,,,0,,,,,0.0,,,样本不足，暂按来源分组权重；时间衰减半衰期=14天,0.0
3628176,1500,2026-08-26 07:17:39,30,0x68d39be8c66851afbb61abb3b2e0a8ef59b58e80,smart_money,N,50.0,1.4,0,0,,,0,,,0,,,0,,,0,,,,,0.0,,,样本不足，暂按来源分组权重；时间衰减半衰期=14天,0.0
3628177,1500,2026-08-26 07:17:39,30,0x68e7e72938db36a5cbbca7b52c71dbbaadfb8264,money_printer,N,50.0,1.2,0,0,,,0,,,0,,,0,,,0,,,,,0.0,,,样本不足，暂按来源分组权重；时间衰减半衰期=14天,0.0
3628178,1500,2026-08-26 07:17:39,30,0x68f1c1e8e1371d25dff689a3915196db6c5fba1a,smart_money,N,50.0,1.4,0,0,,,0,,,0,,,0,,,0,,,,,0.0,,,样本不足，暂按来源分组权重；时间衰减半衰期=14天,0.0
3628179,1500,2026-08-26 07:17:39,30,0x68f80ecef342044f84891641e81b50b5f580b6ad,smart_money,N,50.0,1.4,0,0,,,0,,,0,,,0,,,0,,,,,0.0,,,样本不足，暂按来源分组权重；时间衰减半衰期=14天,0.0
3628180,1500,2026-08-26 07:17:39,30,0x6957d2139d29e7db7913ac21e813f2a561e47ac8,smart_money,N,50.0,1.4,0,0,,,0,,,0,,,0,,,0,,,,,0.0,,,样本不足，暂按来源分组权重；时间衰减半衰期=14天,0.0
3628181,1500,2026-08-26 07:17:39,30,0x696adb8693ed15f14f8a80bb4f9fe061f58868db,smart_money,N,50.0,1.4,0,0,,,0,,,0,,,0,,,0,,,,,0.0,,,样本不足，暂按来源分组权重；时间衰减半衰期=14天,0.0
3628182,1500,2026-08-26 07:17:39,30,0x6979dde2781dc4ec843641b10b2a2f2e0f4bda62,money_printer,N,50.0,1.2,0,0,,,0,,,0,,,0,,,0,,,,,0.0,,,样本不足，暂按来源分组权重；时间衰减半衰期=14天,0.0
3628183,1500,2026-08-26 07:17:39,30,0x69906b0ed626ca01a4b7c001e5711e5714ccf207,"money_printer,smart_money",R,16.681273026391775,-1.5,13,13,0.2594565687162485,-0.9825602411102917,12,0.26948885439095394,-3.3187269736082254,5,0.20999055271623523,-0.24763762782345286,0,,,0,,,-3.33537929862775,,55.43159908631317,2026-08-24 13:18:01,"KNTQ,HYPE,XRP,ETH",反向钱包：72h方向胜率和平均收益偏差；时间衰减半衰期=14天,9.422269000866393
3628184,1500,2026-08-26 07:17:39,30,0x69a31d37f231c1987c6f283ca508b4377a2369ff,smart_money,N,50.0,1.4,1,1,0.0,0.0,0,,,0,,,0,,,0,,,,,0.0,2026-08-24 14:18:04,KNTQ,样本不足，暂按来源分组权重；时间衰减半衰期=14天,0.9189108825064247
3628185,1500,2026-08-26 07:17:39,30,0x69b05701f8175c276ecd0138387a197948e240bb,smart_money,R,14.516097523907499,-1.4,15,15,0.047440419624780635,0.12101369892729688,15,0.047440419624780635,-13.38089133643619,12,0.0,-5.483902476092501,9,0.14427127156963146,0.8002188056139059,0,,,-8.188698544789696,,100.0,2026-08-21 05:17:00,UPUMP,反向钱包：7d方向胜率和平均收益偏差；时间衰减半衰期=14天,7.15121884591637
3628186,1500,2026-08-26 07:17:39,30,0x69e45d4b853d2864450e0c25d12b43f2ad845272,money_printer,N,50.0,1.2,0,0,,,0,,,0,,,0,,,0,,,,,0.0,,,样本不足，暂按来源分组权重；时间衰减半衰期=14天,0.0
3628187,1500,2026-08-26 07:17:39,30,0x69eb16da29deeac170613a1cacb34227fc15f956,smart_money,N,50.0,1.4,0,0,,,0,,,0,,,0,,,0,,,,,0.0,,,样本不足，暂按来源分组权重；时间衰减半衰期=14天,0.0
3628188,1500,2026-08-26 07:17:39,30,0x6a02aedceac5a6813d960e4dae1910d9c458e77c,smart_money,N,50.0,1.4,2,2,1.0,3.133271178167409,1,1.0,2.0563006398700305,0,,,0,,,0,,,2.0563006398700305,,0.0,2026-08-23 07:17:51,"ETH,BTC",样本不足，暂按来源分组权重；时间衰减半衰期=14天,1.668867842334492
3628189,1500,2026-08-26 07:17:39,30,0x6a02cace26bae56849bda4b0d0c865bff20cefe3,smart_money,N,50.0,1.4,0,0,,,0,,,0,,,0,,,0,,,,,0.0,,,样本不足，暂按来源分组权重；时间衰减半衰期=14天,0.0
3628190,1500,2026-08-26 07:17:39,30,0x6a2cec2bda4749f113676bd9a5f3e64277260efd,smart_money,N,50.0,1.4,0,0,,,0,,,0,,,0,,,0,,,,,0.0,,,样本不足，暂按来源分组权重；时间衰减半衰期=14天,0.0
3628191,1500,2026-08-26 07:17:39,30,0x6a572bb9d31ff710f882f33c21d8ba11a169a887,money_printer,N,50.0,1.2,0,0,,,0,,,0,,,0,,,0,,,,,0.0,,,样本不足，暂按来源分组权重；时间衰减半衰期=14天,0.0
3628192,1500,2026-08-26 07:17:39,30,0x6a756a2cc6c1e8e1e44132800b2033a42ca086ad,smart_money,N,50.0,1.4,0,0,,,0,,,0,,,0,,,0,,,,,0.0,,,样本不足，暂按来源分组权重；时间衰减半衰期=14天,0.0
3628193,1500,2026-08-26 07:17:39,30,0x6a9e7566877b52b13b28230b5543cbccf3685870,smart_money,N,50.0,1.4,0,0,,,0,,,0,,,0,,,0,,,,,0.0,,,样本不足，暂按来源分组权重；时间衰减半衰期=14天,0.0
3628194,1500,2026-08-26 07:17:39,30,0x6abc111bd22bb38e649f81be60dfbeb35648aac6,smart_money,N,50.0,1.4,4,4,0.501277199964788,0.2565922132899699,4,0.501277199964788,-0.08294620716212966,4,0.501277199964788,-0.059216396905845924,2,0.4953573767686029,1.7406129570568558,0,,,-0.03452849603388097,,0.0,2026-08-17 16:17:09,SWAP,样本不足，暂按来源分组权重；时间衰减半衰期=14天,2.1958568182391995
3628195,1500,2026-08-26 07:17:39,30,0x6acf5dc82237396e07d7e802bff984d8662360a1,smart_money,N,50.0,1.4,0,0,,,0,,,0,,,0,,,0,,,,,0.0,,,样本不足，暂按来源分组权重；时间衰减半衰期=14天,0.0
3628196,1500,2026-08-26 07:17:39,30,0x6b08bbb2daf57d390538d73542f50d5f735ca420,money_printer,N,50.0,1.2,0,0,,,0,,,0,,,0,,,0,,,,,0.0,,,样本不足，暂按来源分组权重；时间衰减半衰期=14天,0.0
3628197,1500,2026-08-26 07:17:39,30,0x6b3008d6e60617f44b1135ffc669fc87caec75b2,smart_money,N,50.0,1.4,0,0,,,0,,,0,,,0,,,0,,,,,0.0,,,样本不足，暂按来源分组权重；时间衰减半衰期=14天,0.0
3628198,1500,2026-08-26 07:17:39,30,0x6b40177431bb4d710f047f163442dbe5b6e8f775,smart_money,N,50.0,1.4,7,7,0.0,0.0,7,0.0,0.0,6,0.0,0.0,1,0.0,0.0,0,,,0.0,,0.0,2026-08-21 09:17:08,UANSEM,样本不足，暂按来源分组权重；时间衰减半衰期=14天,4.309244288103094
3628199,1500,2026-08-26 07:17:39,30,0x6b44fb3b080c233c6cb0b2d70f4b5694fd528572,smart_money,N,50.0,1.4,0,0,,,0,,,0,,,0,,,0,,,,,0.0,,,样本不足，暂按来源分组权重；时间衰减半衰期=14天,0.0
3628200,1500,2026-08-26 07:17:39,30,0x6b78be2ba4d55d5ee434c7d47fb3bbaffafc5e9c,money_printer,N,50.0,1.2,0,0,,,0,,,0,,,0,,,0,,,,,0.0,,,样本不足，暂按来源分组权重；时间衰减半衰期=14天,0.0
3628201,1500,2026-08-26 07:17:39,30,0x6ba2ad09aa6629a423b59b71f3564d84ce66c001,smart_money,N,50.0,1.4,0,0,,,0,,,0,,,0,,,0,,,,,0.0,,,样本不足，暂按来源分组权重；时间衰减半衰期=14天,0.0
3628202,1500,2026-08-26 07:17:39,30,0x6ba889db7f923622d3548f621ecc2054b80c1817,smart_money,N,50.0,1.4,0,0,,,0,,,0,,,0,,,0,,,,,0.0,,,样本不足，暂按来源分组权重；时间衰减半衰期=14天,0.0
3628203,1500,2026-08-26 07:17:39,30,0x6bb971430554e3af58fbd469bce46ab2359a2d23,money_printer,N,50.0,1.2,0,0,,,0,,,0,,,0,,,0,,,,,0.0,,,样本不足，暂按来源分组权重；时间衰减半衰期=14天,0.0
3628204,1500,2026-08-26 07:17:39,30,0x6bea81d7a0c5939a5ce5552e125ab57216cc597f,money_printer,N,50.0,1.2,0,0,,,0,,,0,,,0,,,0,,,,,0.0,,,样本不足，暂按来源分组权重；时间衰减半衰期=14天,0.0
3628205,1500,2026-08-26 07:17:39,30,0x6c073b46e9fd3daebcb4391f8ee86c194c79ecad,smart_money,N,50.0,1.4,0,0,,,0,,,0,,,0,,,0,,,,,0.0,,,样本不足，暂按来源分组权重；时间衰减半衰期=14天,0.0
3628206,1500,2026-08-26 07:17:39,30,0x6cd520c1a07c9b53b33d62d04d3c2a3175161968,smart_money,N,50.0,1.4,4,4,0.35331840190417124,-2.1322457639110914,4,0.35331840190417124,0.9195399059756737,2,0.0,0.001580477623347711,2,0.0,0.16720808241413726,0,,,0.8733121672360276,,0.0,2026-08-20 09:17:04,NEKO,样本不足，暂按来源分组权重；时间衰减半衰期=14天,2.0387951261888952
3628207,1500,2026-08-26 07:17:39,30,0x6ce8a609b7e76d22b3cf477c16453ef9ec9a188a,smart_money,N,50.0,1.4,0,0,,,0,,,0,,,0,,,0,,,,,0.0,,,样本不足，暂按来源分组权重；时间衰减半衰期=14天,0.0
3628208,1500,2026-08-26 07:17:39,30,0x6cf8226d1be88828e9392c050122c3c50b0d1685,smart_money,N,50.0,1.4,0,0,,,0,,,0,,,0,,,0,,,,,0.0,,,样本不足，暂按来源分组权重；时间衰减半衰期=14天,0.0
3628209,1500,2026-08-26 07:17:39,30,0x6d3b90747dbf5883bf88ff7eb5fcc86f408b5409,smart_money,N,50.0,1.4,0,0,,,0,,,0,,,0,,,0,,,,,0.0,,,样本不足，暂按来源分组权重；时间衰减半衰期=14天,0.0
3628210,1500,2026-08-26 07:17:39,30,0x6d7f5a158495d5865383172856a9b6445a992216,smart_money,N,50.0,1.4,0,0,,,0,,,0,,,0,,,0,,,,,0.0,,,样本不足，暂按来源分组权重；时间衰减半衰期=14天,0.0
3628211,1500,2026-08-26 07:17:39,30,0x6df99d59cdada18ade521e05edd5e6a2ec91b734,money_printer,N,50.0,1.2,0,0,,,0,,,0,,,0,,,0,,,,,0.0,,,样本不足，暂按来源分组权重；时间衰减半衰期=14天,0.0
3628212,1500,2026-08-26 07:17:39,30,0x6e88dc3708afc2b0032eeff625df78dcde1e741a,smart_money,N,50.0,1.4,0,0,,,0,,,0,,,0,,,0,,,,,0.0,,,样本不足，暂按来源分组权重；时间衰减半衰期=14天,0.0
3628213,1500,2026-08-26 07:17:39,30,0x6e8bc7cd0978397b06a14af2a8c31f5daeffea79,smart_money,N,50.0,1.4,0,0,,,0,,,0,,,0,,,0,,,,,0.0,,,样本不足，暂按来源分组权重；时间衰减半衰期=14天,0.0
3628214,1500,2026-08-26 07:17:39,30,0x6e9989debf991affd8dfe4a73efcbfc8cb658473,smart_money,N,50.0,1.4,0,0,,,0,,,0,,,0,,,0,,,,,0.0,,,样本不足，暂按来源分组权重；时间衰减半衰期=14天,0.0
3628215,1500,2026-08-26 07:17:39,30,0x6e9b20e2ebb0e49a1de161b08413a2a988bd9516,smart_money,N,50.0,1.4,0,0,,,0,,,0,,,0,,,0,,,,,0.0,,,样本不足，暂按来源分组权重；时间衰减半衰期=14天,0.0
3628216,1500,2026-08-26 07:17:39,30,0x6ecbb68c07bd4be7adb7f0365e9263e382aeca2d,smart_money,N,50.0,1.4,0,0,,,0,,,0,,,0,,,0,,,,,0.0,,,样本不足，暂按来源分组权重；时间衰减半衰期=14天,0.0
3628217,1500,2026-08-26 07:17:39,30,0x6ed6644cd7ae111d19acd82f9d8d31976c7f20e2,smart_money,N,50.0,1.4,0,0,,,0,,,0,,,0,,,0,,,,,0.0,,,样本不足，暂按来源分组权重；时间衰减半衰期=14天,0.0
3628218,1500,2026-08-26 07:17:39,30,0x6f142cc70bd7829d9b41350b5dd13ba20388a473,money_printer,N,50.0,1.2,0,0,,,0,,,0,,,0,,,0,,,,,0.0,,,样本不足，暂按来源分组权重；时间衰减半衰期=14天,0.0
3628219,1500,2026-08-26 07:17:39,30,0x6f490ff069c117a74727be3a61f54fc7b7d6f104,money_printer,N,50.0,1.2,0,0,,,0,,,0,,,0,,,0,,,,,0.0,,,样本不足，暂按来源分组权重；时间衰减半衰期=14天,0.0
3628220,1500,2026-08-26 07:17:39,30,0x6f577a1b7e3915d4d8c49c951e2332912a62d8a1,smart_money,N,50.0,1.4,0,0,,,0,,,0,,,0,,,0,,,,,0.0,,,样本不足，暂按来源分组权重；时间衰减半衰期=14天,0.0
3628221,1500,2026-08-26 07:17:39,30,0x6f684b155809d6615bb01e0dcf45d304b2e04ad0,smart_money,N,50.0,1.4,0,0,,,0,,,0,,,0,,,0,,,,,0.0,,,样本不足，暂按来源分组权重；时间衰减半衰期=14天,0.0
3628222,1500,2026-08-26 07:17:39,30,0x6f7d75c18e8ca7f486eb4d2690abf7b329087062,money_printer,N,50.0,1.2,0,0,,,0,,,0,,,0,,,0,,,,,0.0,,,样本不足，暂按来源分组权重；时间衰减半衰期=14天,0.0
3628223,1500,2026-08-26 07:17:39,30,0x6f7f358df5a6a4b02178bdbfaae5ed4dc14b28ae,smart_money,N,50.0,1.4,0,0,,,0,,,0,,,0,,,0,,,,,0.0,,,样本不足，暂按来源分组权重；时间衰减半衰期=14天,0.0
3628224,1500,2026-08-26 07:17:39,30,0x6f83ab8890ed38bf38a31010aa9a5e9ca743bfad,smart_money,N,50.0,1.4,0,0,,,0,,,0,,,0,,,0,,,,,0.0,,,样本不足，暂按来源分组权重；时间衰减半衰期=14天,0.0
3628225,1500,2026-08-26 07:17:39,30,0x6f90d048a511626ba5a6425db17f377826df336a,money_printer,N,50.0,1.2,0,0,,,0,,,0,,,0,,,0,,,,,0.0,,,样本不足，暂按来源分组权重；时间衰减半衰期=14天,0.0
3628226,1500,2026-08-26 07:17:39,30,0x6f97b7de6be7b7771e975e46bae96c35e332e172,smart_money,N,50.0,1.4,1,1,1.0,32.59315361503441,1,1.0,40.19775116311975,0,,,0,,,0,,,40.19775116311975,,0.0,2026-08-21 06:17:02,ZEC,样本不足，暂按来源分组权重；时间衰减半衰期=14天,0.7790837689477952
3628227,1500,2026-08-26 07:17:39,30,0x6f97d329b072e0f7b74575565d806a4351b8f824,money_printer,N,50.0,1.2,0,0,,,0,,,0,,,0,,,0,,,,,0.0,,,样本不足，暂按来源分组权重；时间衰减半衰期=14天,0.0
3628228,1500,2026-08-26 07:17:39,30,0x6fa6f42d2e41327e27fe7f416a823cef7050825e,money_printer,N,50.0,1.2,0,0,,,0,,,0,,,0,,,0,,,,,0.0,,,样本不足，暂按来源分组权重；时间衰减半衰期=14天,0.0
3628229,1500,2026-08-26 07:17:39,30,0x6fb534b7e9820dd90a154dbed2a84f9c95bbe68e,smart_money,N,50.0,1.4,0,0,,,0,,,0,,,0,,,0,,,,,0.0,,,样本不足，暂按来源分组权重；时间衰减半衰期=14天,0.0
3628230,1500,2026-08-26 07:17:39,30,0x6fbb33de5f39c690d2decb95b9ab46ed0c83e3bc,smart_money,N,50.0,1.4,0,0,,,0,,,0,,,0,,,0,,,,,0.0,,,样本不足，暂按来源分组权重；时间衰减半衰期=14天,0.0
3628231,1500,2026-08-26 07:17:39,30,0x6fbe81055140287005ffb5659a9312eba019f350,money_printer,N,50.0,1.2,0,0,,,0,,,0,,,0,,,0,,,,,0.0,,,样本不足，暂按来源分组权重；时间衰减半衰期=14天,0.0
3628232,1500,2026-08-26 07:17:39,30,0x6fededdbee4f25ad1ccb1bbc30dda3ed0fe9fc23,smart_money,N,50.0,1.4,0,0,,,0,,,0,,,0,,,0,,,,,0.0,,,样本不足，暂按来源分组权重；时间衰减半衰期=14天,0.0
3628233,1500,2026-08-26 07:17:39,30,0x703c24657ef75734722e6a36e802f22f788afdfc,money_printer,N,50.0,1.2,0,0,,,0,,,0,,,0,,,0,,,,,0.0,,,样本不足，暂按来源分组权重；时间衰减半衰期=14天,0.0
3628234,1500,2026-08-26 07:17:39,30,0x7044be555aea5bddb3b9808658500d4e0d0a6b6e,money_printer,N,50.0,1.2,0,0,,,0,,,0,,,0,,,0,,,,,0.0,,,样本不足，暂按来源分组权重；时间衰减半衰期=14天,0.0
3628235,1500,2026-08-26 07:17:39,30,0x7050a9abd4f06372247d19c39e5d718636f35fff,smart_money,N,50.0,1.4,0,0,,,0,,,0,,,0,,,0,,,,,0.0,,,样本不足，暂按来源分组权重；时间衰减半衰期=14天,0.0
3628236,1500,2026-08-26 07:17:39,30,0x705e54faaa515bc86c83fb4803000eebeccbf167,smart_money,N,50.0,1.4,0,0,,,0,,,0,,,0,,,0,,,,,0.0,,,样本不足，暂按来源分组权重；时间衰减半衰期=14天,0.0
3628237,1500,2026-08-26 07:17:39,30,0x7064c7abd02a8481a33620e485e75df41b8a5fa5,smart_money,N,50.0,1.4,0,0,,,0,,,0,,,0,,,0,,,,,0.0,,,样本不足，暂按来源分组权重；时间衰减半衰期=14天,0.0
3628238,1500,2026-08-26 07:17:39,30,0x706bb519b05b7dc01d048af9a5e29d1ef5d6d9e3,smart_money,N,50.0,1.4,0,0,,,0,,,0,,,0,,,0,,,,,0.0,,,样本不足，暂按来源分组权重；时间衰减半衰期=14天,0.0
3628239,1500,2026-08-26 07:17:39,30,0x7083a8e36b44865c8d40379502bc081259a0ba66,smart_money,N,50.0,1.4,0,0,,,0,,,0,,,0,,,0,,,,,0.0,,,样本不足，暂按来源分组权重；时间衰减半衰期=14天,0.0
3628240,1500,2026-08-26 07:17:39,30,0x70875c76b1219a5e03ea43881a2e90faade89fc9,smart_money,N,50.0,1.4,0,0,,,0,,,0,,,0,,,0,,,,,0.0,,,样本不足，暂按来源分组权重；时间衰减半衰期=14天,0.0
3628241,1500,2026-08-26 07:17:39,30,0x70b37757f0344b28ef207d86eada7ca051138153,smart_money,N,50.0,1.4,0,0,,,0,,,0,,,0,,,0,,,,,0.0,,,样本不足，暂按来源分组权重；时间衰减半衰期=14天,0.0
3628242,1500,2026-08-26 07:17:39,30,0x70d70b5b746493e4c247da944032ad6af77e0d97,smart_money,N,50.0,1.4,0,0,,,0,,,0,,,0,,,0,,,,,0.0,,,样本不足，暂按来源分组权重；时间衰减半衰期=14天,0.0
3628243,1500,2026-08-26 07:17:39,30,0x70e76a2090170a1ce5bb7324830f08b32eb2c0a3,smart_money,N,50.0,1.4,0,0,,,0,,,0,,,0,,,0,,,,,0.0,,,样本不足，暂按来源分组权重；时间衰减半衰期=14天,0.0
3628244,1500,2026-08-26 07:17:39,30,0x7116470134e289f7fefb0922902e28200e471447,smart_money,N,50.0,1.4,0,0,,,0,,,0,,,0,,,0,,,,,0.0,,,样本不足，暂按来源分组权重；时间衰减半衰期=14天,0.0
3628245,1500,2026-08-26 07:17:39,30,0x716373c2d4420f24d7137a0c524239b176c36af5,smart_money,N,50.0,1.4,0,0,,,0,,,0,,,0,,,0,,,,,0.0,,,样本不足，暂按来源分组权重；时间衰减半衰期=14天,0.0
3628246,1500,2026-08-26 07:17:39,30,0x7176cec39ec2c66d545f85c90a217a9cb131dd3e,smart_money,N,50.0,1.4,1,1,0.0,-2.9121972528272506,1,0.0,-11.587078164761015,0,,,0,,,0,,,-11.587078164761015,,0.0,2026-08-20 12:17:23,HYPE,样本不足，暂按来源分组权重；时间衰减半衰期=14天,0.7506937081046965
3628247,1500,2026-08-26 07:17:39,30,0x7177edd4e52e01f5f78093a8834529c31424c621,smart_money,N,50.0,1.4,0,0,,,0,,,0,,,0,,,0,,,,,0.0,,,样本不足，暂按来源分组权重；时间衰减半衰期=14天,0.0
3628248,1500,2026-08-26 07:17:39,30,0x718cc7ee2ae2493ebf7d454316df6b61f4e1a868,smart_money,N,50.0,1.4,0,0,,,0,,,0,,,0,,,0,,,,,0.0,,,样本不足，暂按来源分组权重；时间衰减半衰期=14天,0.0
3628249,1500,2026-08-26 07:17:39,30,0x71acae4aacaf4956ac31e09b18cbc33ae49dd8b3,smart_money,N,50.0,1.4,0,0,,,0,,,0,,,0,,,0,,,,,0.0,,,样本不足，暂按来源分组权重；时间衰减半衰期=14天,0.0
3628250,1500,2026-08-26 07:17:39,30,0x71b117d68974aa4c5615669ae70e8e13ce7479c8,smart_money,N,50.0,1.4,0,0,,,0,,,0,,,0,,,0,,,,,0.0,,,样本不足，暂按来源分组权重；时间衰减半衰期=14天,0.0
3628251,1500,2026-08-26 07:17:39,30,0x71cfa5e263e866f7961091e01ebc5a2d11616c20,smart_money,N,50.0,1.4,0,0,,,0,,,0,,,0,,,0,,,,,0.0,,,样本不足，暂按来源分组权重；时间衰减半衰期=14天,0.0
3628252,1500,2026-08-26 07:17:39,30,0x71dfc07de32c2ebf1c4801f4b1c9e40b76d4a23d,money_printer,N,50.0,1.2,0,0,,,0,,,0,,,0,,,0,,,,,0.0,,,样本不足，暂按来源分组权重；时间衰减半衰期=14天,0.0
3628253,1500,2026-08-26 07:17:39,30,0x71f12a5b0e60d2ff8a87fd34e7dcff3c10c914b0,smart_money,N,50.0,1.4,0,0,,,0,,,0,,,0,,,0,,,,,0.0,,,样本不足，暂按来源分组权重；时间衰减半衰期=14天,0.0
3628254,1500,2026-08-26 07:17:39,30,0x720a68bf0813853cd3ed74d2fd0f54edfc7a43e1,money_printer,C,51.50405782930615,0.66,20,18,0.33571150802118227,0.2535405694754523,15,0.4730835526456268,-0.640184851754663,5,0.0,-3.22613495204604,5,0.39117059439576723,-8.645360823352435,0,,,-0.5897340919555525,,0.0,2026-08-25 20:17:51,"BTC,ETH,XLM,BNB,ONDO",C级：噪音偏多，降权参考，主周期=72h；时间衰减半衰期=14天,12.60032122731984
3628255,1500,2026-08-26 07:17:39,30,0x720c933b5eb30fc37461789ef3264e51f2a7f4af,smart_money,N,50.0,1.4,0,0,,,0,,,0,,,0,,,0,,,,,0.0,,,样本不足，暂按来源分组权重；时间衰减半衰期=14天,0.0
3628256,1500,2026-08-26 07:17:39,30,0x7213466fb8a382b977cc9086a12ecbc17e9d4df8,smart_money,N,50.0,1.4,0,0,,,0,,,0,,,0,,,0,,,,,0.0,,,样本不足，暂按来源分组权重；时间衰减半衰期=14天,0.0
3628257,1500,2026-08-26 07:17:39,30,0x7255e02daf5481a6ac9dc541dc3c4b0be8171c7d,smart_money,N,50.0,1.4,0,0,,,0,,,0,,,0,,,0,,,,,0.0,,,样本不足，暂按来源分组权重；时间衰减半衰期=14天,0.0
3628258,1500,2026-08-26 07:17:39,30,0x7258d00a24d6829ac4bf355127bfbc9e2303aed4,smart_money,N,50.0,1.4,0,0,,,0,,,0,,,0,,,0,,,,,0.0,,,样本不足，暂按来源分组权重；时间衰减半衰期=14天,0.0
3628259,1500,2026-08-26 07:17:39,30,0x72655b3926db3afbe914a53b0604905af7ce11a5,money_printer,N,50.0,1.2,0,0,,,0,,,0,,,0,,,0,,,,,0.0,,,样本不足，暂按来源分组权重；时间衰减半衰期=14天,0.0
3628260,1500,2026-08-26 07:17:39,30,0x726a3d2e230bbc90a4dd84f3f857d5b2d2e7a0e1,money_printer,N,50.0,1.2,0,0,,,0,,,0,,,0,,,0,,,,,0.0,,,样本不足，暂按来源分组权重；时间衰减半衰期=14天,0.0
3628261,1500,2026-08-26 07:17:39,30,0x727956612a8700627451204a3ae26268bd1a1525,money_printer,N,50.0,1.2,0,0,,,0,,,0,,,0,,,0,,,,,0.0,,,样本不足，暂按来源分组权重；时间衰减半衰期=14天,0.0
3628262,1500,2026-08-26 07:17:39,30,0x728ac133a5c9250a61f7b27abbe7a823e786ff66,smart_money,N,50.0,1.4,0,0,,,0,,,0,,,0,,,0,,,,,0.0,,,样本不足，暂按来源分组权重；时间衰减半衰期=14天,0.0
3628263,1500,2026-08-26 07:17:39,30,0x72988778525f0ce15c5ac1804ac460606a987d6c,money_printer,N,50.0,1.2,0,0,,,0,,,0,,,0,,,0,,,,,0.0,,,样本不足，暂按来源分组权重；时间衰减半衰期=14天,0.0
3628264,1500,2026-08-26 07:17:39,30,0x72cb918356c4f6d3f1b2e532928110ba6995f139,money_printer,N,50.0,1.2,2,2,0.0,-5.64310354898366,2,0.0,-13.06218106632759,0,,,0,,,0,,,-13.066059696700242,,0.0,2026-08-19 21:17:06,SOL,样本不足，暂按来源分组权重；时间衰减半衰期=14天,1.448156663952334
3628265,1500,2026-08-26 07:17:39,30,0x72db642e6c803993aef6fc17e9b159c536508bb6,smart_money,N,50.0,1.4,1,0,,,0,,,0,,,0,,,0,,,,,0.0,2026-08-25 16:18:05,ZEC,样本不足，暂按来源分组权重；时间衰减半衰期=14天,0.0
3628266,1500,2026-08-26 07:17:39,30,0x72ec72319700ff1a5545e2cc282f2f72185e6483,smart_money,N,50.0,1.4,0,0,,,0,,,0,,,0,,,0,,,,,0.0,,,样本不足，暂按来源分组权重；时间衰减半衰期=14天,0.0
3628267,1500,2026-08-26 07:17:39,30,0x72ffacea0906eb393b2e680ab5e25efbd8d1a9c4,smart_money,N,50.0,1.4,0,0,,,0,,,0,,,0,,,0,,,,,0.0,,,样本不足，暂按来源分组权重；时间衰减半衰期=14天,0.0
3628268,1500,2026-08-26 07:17:39,30,0x732e5e68c7d4fdd667c5fabc8433d46e6614041a,smart_money,N,50.0,1.4,0,0,,,0,,,0,,,0,,,0,,,,,0.0,,,样本不足，暂按来源分组权重；时间衰减半衰期=14天,0.0
3628269,1500,2026-08-26 07:17:39,30,0x7345985dd7e2c521a0ba97929aea93614627d58e,smart_money,N,50.0,1.4,0,0,,,0,,,0,,,0,,,0,,,,,0.0,,,样本不足，暂按来源分组权重；时间衰减半衰期=14天,0.0
3628270,1500,2026-08-26 07:17:39,30,0x73c2221c22f0a0724ccb0e24f032c727f3507257,smart_money,N,50.0,1.4,0,0,,,0,,,0,,,0,,,0,,,,,0.0,,,样本不足，暂按来源分组权重；时间衰减半衰期=14天,0.0
3628271,1500,2026-08-26 07:17:39,30,0x74666e2e87171274b46ab8c2e321bb237693fc83,smart_money,N,50.0,1.4,0,0,,,0,,,0,,,0,,,0,,,,,0.0,,,样本不足，暂按来源分组权重；时间衰减半衰期=14天,0.0
3628272,1500,2026-08-26 07:17:39,30,0x747b1125d08a5a2cf33550cbb038e406ebf241ad,smart_money,N,50.0,1.4,0,0,,,0,,,0,,,0,,,0,,,,,0.0,,,样本不足，暂按来源分组权重；时间衰减半衰期=14天,0.0
3628273,1500,2026-08-26 07:17:39,30,0x749af60aeddb86cd0aa41e50f546097528ec9cd9,smart_money,N,50.0,1.4,0,0,,,0,,,0,,,0,,,0,,,,,0.0,,,样本不足，暂按来源分组权重；时间衰减半衰期=14天,0.0
3628274,1500,2026-08-26 07:17:39,30,0x74b7384e761cefb6323728d0f87e6f6c4675b93f,smart_money,N,50.0,1.4,0,0,,,0,,,0,,,0,,,0,,,,,0.0,,,样本不足，暂按来源分组权重；时间衰减半衰期=14天,0.0
3628275,1500,2026-08-26 07:17:39,30,0x74fc5ebb789a42662409f3ec728bca883224c939,smart_money,N,50.0,1.4,0,0,,,0,,,0,,,0,,,0,,,,,0.0,,,样本不足，暂按来源分组权重；时间衰减半衰期=14天,0.0
3628276,1500,2026-08-26 07:17:39,30,0x75161cdd2ee68383d0c90ddbbd46d20b9daa11ab,money_printer,N,50.0,1.2,0,0,,,0,,,0,,,0,,,0,,,,,0.0,,,样本不足，暂按来源分组权重；时间衰减半衰期=14天,0.0
3628277,1500,2026-08-26 07:17:39,30,0x7549eef4d4ea4bfcd439387435278704945d9f29,smart_money,N,50.0,1.4,0,0,,,0,,,0,,,0,,,0,,,,,0.0,,,样本不足，暂按来源分组权重；时间衰减半衰期=14天,0.0
3628278,1500,2026-08-26 07:17:39,30,0x7576b7a1d278e3004dd37bbeb90e0b08ca70a1b9,smart_money,N,50.0,1.4,0,0,,,0,,,0,,,0,,,0,,,,,0.0,,,样本不足，暂按来源分组权重；时间衰减半衰期=14天,0.0
3628279,1500,2026-08-26 07:17:39,30,0x757bb286acc54032172594e2ae11f02442d7c6ea,smart_money,N,50.0,1.4,0,0,,,0,,,0,,,0,,,0,,,,,0.0,,,样本不足，暂按来源分组权重；时间衰减半衰期=14天,0.0
3628280,1500,2026-08-26 07:17:39,30,0x7583b5364597736a6a72c4ba61ede0a4a37ef4de,smart_money,N,50.0,1.4,0,0,,,0,,,0,,,0,,,0,,,,,0.0,,,样本不足，暂按来源分组权重；时间衰减半衰期=14天,0.0
3628281,1500,2026-08-26 07:17:39,30,0x75a5625688a349a15f7f5b98dff0c2c103c27bde,money_printer,N,50.0,1.2,0,0,,,0,,,0,,,0,,,0,,,,,0.0,,,样本不足，暂按来源分组权重；时间衰减半衰期=14天,0.0
3628282,1500,2026-08-26 07:17:39,30,0x75d0051e8bb42fa53ef1be9951963a69ad1adf0a,smart_money,N,50.0,1.4,3,3,0.3426991672141949,-7.139695926710037,1,0.0,-38.73737122380928,0,,,0,,,0,,,-38.73737122380928,,0.0,2026-08-23 14:17:57,"ZEC,NEAR",样本不足，暂按来源分组权重；时间衰减半衰期=14天,2.520648468133404
3628283,1500,2026-08-26 07:17:39,30,0x75ec3ba266176e733f1b1fdaa15052f5eff724b8,money_printer,N,50.0,1.2,10,9,0.5739162599689149,5.624663600341161,8,0.38235354181926434,1.4565165454579416,1,0.0,-7.360775848318254,0,,,0,,,1.320217178538181,,0.0,2026-08-25 18:18:11,"ZEC,KNTQ",样本不足，暂按来源分组权重；时间衰减半衰期=14天,6.986908542071143
3628284,1500,2026-08-26 07:17:39,30,0x75ee7dfabcbbb47f8b2abaf1f533b59d3e25354f,smart_money,N,50.0,1.4,0,0,,,0,,,0,,,0,,,0,,,,,0.0,,,样本不足，暂按来源分组权重；时间衰减半衰期=14天,0.0
3628285,1500,2026-08-26 07:17:39,30,0x75f3665323cce024368870bfd89db0c21e1ce76b,smart_money,N,50.0,1.4,0,0,,,0,,,0,,,0,,,0,,,,,0.0,,,样本不足，暂按来源分组权重；时间衰减半衰期=14天,0.0
3628286,1500,2026-08-26 07:17:39,30,0x75f7eeb85dc639d5e99c78f95393aa9a5f1170d4,smart_money,N,50.0,1.4,0,0,,,0,,,0,,,0,,,0,,,,,0.0,,,样本不足，暂按来源分组权重；时间衰减半衰期=14天,0.0
3628287,1500,2026-08-26 07:17:39,30,0x76184c92c5e17122a496fe1799adc77f4139c96e,money_printer,N,50.0,1.2,0,0,,,0,,,0,,,0,,,0,,,,,0.0,,,样本不足，暂按来源分组权重；时间衰减半衰期=14天,0.0
3628288,1500,2026-08-26 07:17:39,30,0x7625dc67deab1864570ad816f59a9b867f280e49,money_printer,N,50.0,1.2,0,0,,,0,,,0,,,0,,,0,,,,,0.0,,,样本不足，暂按来源分组权重；时间衰减半衰期=14天,0.0
3628289,1500,2026-08-26 07:17:39,30,0x76537e159ef79ff8dc8ae21ee0763a120262d004,smart_money,N,50.0,1.4,0,0,,,0,,,0,,,0,,,0,,,,,0.0,,,样本不足，暂按来源分组权重；时间衰减半衰期=14天,0.0
3628290,1500,2026-08-26 07:17:39,30,0x76987ceada087975a0cedef7753f25bf86234480,money_printer,N,50.0,1.2,0,0,,,0,,,0,,,0,,,0,,,,,0.0,,,样本不足，暂按来源分组权重；时间衰减半衰期=14天,0.0
3628291,1500,2026-08-26 07:17:39,30,0x76c2164fc79492401db1890db0d17d16b9155aa0,smart_money,N,50.0,1.4,0,0,,,0,,,0,,,0,,,0,,,,,0.0,,,样本不足，暂按来源分组权重；时间衰减半衰期=14天,0.0
3628292,1500,2026-08-26 07:17:39,30,0x76c2cd1b8a249f465f8445c455cb78e0eed36f1e,smart_money,N,50.0,1.4,0,0,,,0,,,0,,,0,,,0,,,,,0.0,,,样本不足，暂按来源分组权重；时间衰减半衰期=14天,0.0
3628293,1500,2026-08-26 07:17:39,30,0x76dfe5d18078574a26ddeaa560e7031f140e264e,smart_money,N,50.0,1.4,0,0,,,0,,,0,,,0,,,0,,,,,0.0,,,样本不足，暂按来源分组权重；时间衰减半衰期=14天,0.0
3628294,1500,2026-08-26 07:17:39,30,0x77001f3760e212769cb102dd82477e1b07f84216,money_printer,N,50.0,1.2,0,0,,,0,,,0,,,0,,,0,,,,,0.0,,,样本不足，暂按来源分组权重；时间衰减半衰期=14天,0.0
3628295,1500,2026-08-26 07:17:39,30,0x770493a14c49ea81192b5191a536f0530041311b,smart_money,N,50.0,1.4,1,1,0.0,-13.869636026209138,1,1.0,74.90436692800061,0,,,0,,,0,,,74.90436692800061,,0.0,2026-08-22 06:17:02,CASHCAT,样本不足，暂按来源分组权重；时间衰减半衰期=14天,0.8186274422888667
3628296,1500,2026-08-26 07:17:39,30,0x7717a7a245d9f950e586822b8c9b46863ed7bd7e,money_printer,R,16.862650279671914,-1.2,16,15,0.33103372657084906,-0.45251739974779165,10,0.30405667009671367,-3.137349720328087,0,,,0,,,0,,,-3.6582083810230754,,48.44973054715051,2026-08-26 00:17:56,"ZEC,XRP,NEAR,WLD,FARTCOIN",反向钱包：72h方向胜率和平均收益偏差；时间衰减半衰期=14天,12.592557589725752
3628297,1500,2026-08-26 07:17:39,30,0x7725a7f2bb0e1c448d6fe361d53c840486ec6557,money_printer,N,50.0,1.2,6,6,1.0,9.612164436830813,6,1.0,28.599077175525636,0,,,0,,,0,,,28.597044089451376,,0.0,2026-08-19 22:17:01,"ETH,PUMP,ASTER,AAVE",样本不足，暂按来源分组权重；时间衰减半衰期=14天,4.36987875471866
3628298,1500,2026-08-26 07:17:39,30,0x77375a8c9d13bf79afb2a87f1b0ac1dfd5f5bf66,money_printer,C,86.13723400965861,0.66,92,91,0.3513821745362564,1.047832924216656,87,0.3931735138056892,2.647070329708487,68,0.2589089112350441,-6.4237618267160626,32,0.47718263795174654,6.449160595944086,1,0.0,-11.505541262616267,1.8205075903693921,-11.505541262616267,0.0,2026-08-26 01:17:50,"BUDDY,BRIDGE,ZEC,BNB,NEAR",C级：噪音偏多，降权参考，主周期=15d；时间衰减半衰期=14天,50.89026502860355
3628299,1500,2026-08-26 07:17:39,30,0x774f28fc243d6aa8787506869643fb4698bd2133,money_printer,N,50.0,1.2,0,0,,,0,,,0,,,0,,,0,,,,,0.0,,,样本不足，暂按来源分组权重；时间衰减半衰期=14天,0.0
3628300,1500,2026-08-26 07:17:39,30,0x775a74163592917c12be68749a6906944467fe45,smart_money,N,50.0,1.4,0,0,,,0,,,0,,,0,,,0,,,,,0.0,,,样本不足，暂按来源分组权重；时间衰减半衰期=14天,0.0
3628301,1500,2026-08-26 07:17:39,30,0x77640177b7623792e1939c4a2614698e69ec304a,smart_money,N,50.0,1.4,0,0,,,0,,,0,,,0,,,0,,,,,0.0,,,样本不足，暂按来源分组权重；时间衰减半衰期=14天,0.0
3628302,1500,2026-08-26 07:17:39,30,0x77746ff04a7014752ab12d81d531aa5e50775343,smart_money,N,50.0,1.4,0,0,,,0,,,0,,,0,,,0,,,,,0.0,,,样本不足，暂按来源分组权重；时间衰减半衰期=14天,0.0
3628303,1500,2026-08-26 07:17:39,30,0x7782d30cf2850815fd84cd99790b4bc6b2c23fd0,smart_money,N,50.0,1.4,0,0,,,0,,,0,,,0,,,0,,,,,0.0,,,样本不足，暂按来源分组权重；时间衰减半衰期=14天,0.0
3628304,1500,2026-08-26 07:17:39,30,0x7786498ffb58bedc6c392a4a40789be5c2da240d,smart_money,N,50.0,1.4,0,0,,,0,,,0,,,0,,,0,,,,,0.0,,,样本不足，暂按来源分组权重；时间衰减半衰期=14天,0.0
3628305,1500,2026-08-26 07:17:39,30,0x7789450871fb1315fa982ccb8039cb34e8f2f60d,"money_printer,smart_money",N,50.0,1.8,0,0,,,0,,,0,,,0,,,0,,,,,0.0,,,样本不足，暂按来源分组权重；时间衰减半衰期=14天,0.0
3628306,1500,2026-08-26 07:17:39,30,0x77998579f578c01030db65e75edc47bfe890c291,smart_money,N,50.0,1.4,0,0,,,0,,,0,,,0,,,0,,,,,0.0,,,样本不足，暂按来源分组权重；时间衰减半衰期=14天,0.0
3628307,1500,2026-08-26 07:17:39,30,0x77bc81c1b1df574d28a4f77b471cabf0c7e0e23c,money_printer,N,50.0,1.2,0,0,,,0,,,0,,,0,,,0,,,,,0.0,,,样本不足，暂按来源分组权重；时间衰减半衰期=14天,0.0
3628308,1500,2026-08-26 07:17:39,30,0x77e1ee2ff5406d98c0b87d2371291392098f7d85,smart_money,N,50.0,1.4,0,0,,,0,,,0,,,0,,,0,,,,,0.0,,,样本不足，暂按来源分组权重；时间衰减半衰期=14天,0.0
3628309,1500,2026-08-26 07:17:39,30,0x77f12d27fe3a7eda486bf899ee274562928844da,smart_money,N,50.0,1.4,0,0,,,0,,,0,,,0,,,0,,,,,0.0,,,样本不足，暂按来源分组权重；时间衰减半衰期=14天,0.0
3628310,1500,2026-08-26 07:17:39,30,0x77fee2df7bad4f1db93052fa82bf78eaab771a16,smart_money,N,50.0,1.4,0,0,,,0,,,0,,,0,,,0,,,,,0.0,,,样本不足，暂按来源分组权重；时间衰减半衰期=14天,0.0
3628311,1500,2026-08-26 07:17:39,30,0x78072457eeacd6b89716afa3c2ffff96e64f556d,money_printer,N,50.0,1.2,0,0,,,0,,,0,,,0,,,0,,,,,0.0,,,样本不足，暂按来源分组权重；时间衰减半衰期=14天,0.0
3628312,1500,2026-08-26 07:17:39,30,0x780825f3f0ad6799e304fb843387934c1fa06e70,smart_money,R,18.34346202522039,-1.4,14,13,0.3577907905264066,-1.6565379747796105,9,0.4045290997569836,1.6362662931977363,3,0.0,-2.333547241270397,3,0.6746401616216636,15.963390446078758,0,,,0.8108245200647914,,28.00577731401183,2026-08-26 05:17:43,"HYPE,DOGE,TRUMP,ZEC,ETH",反向钱包：24h方向胜率和平均收益偏差；时间衰减半衰期=14天,9.374860280848782
3628313,1500,2026-08-26 07:17:39,30,0x781da72af1060132c4bce55ce91b1a8553271b6e,smart_money,N,50.0,1.4,0,0,,,0,,,0,,,0,,,0,,,,,0.0,,,样本不足，暂按来源分组权重；时间衰减半衰期=14天,0.0
3628314,1500,2026-08-26 07:17:39,30,0x781e95fdc049433565cf8e05265361b8402196b7,smart_money,N,50.0,1.4,0,0,,,0,,,0,,,0,,,0,,,,,0.0,,,样本不足，暂按来源分组权重；时间衰减半衰期=14天,0.0
3628315,1500,2026-08-26 07:17:39,30,0x782b3978d7148a1c6fbfae1bfd6e1079d15d8b2a,smart_money,N,50.0,1.4,2,2,1.0,3.0809162343432837,2,0.7540216665547449,2.2277282995665892,1,0.0,1.1078578776608372,1,0.0,-0.5275513703146845,0,,,0.44464117656599256,,0.0,2026-08-21 09:17:08,"ETH,SOL",样本不足，暂按来源分组权重；时间衰减半衰期=14天,1.039655827518379
3628316,1500,2026-08-26 07:17:39,30,0x782e432267376f377585fc78092d998f8442ab83,money_printer,N,50.0,1.2,0,0,,,0,,,0,,,0,,,0,,,,,0.0,,,样本不足，暂按来源分组权重；时间衰减半衰期=14天,0.0
3628317,1500,2026-08-26 07:17:39,30,0x783d13f7d762775fea1de86e3382064ef75f0bfe,smart_money,N,50.0,1.4,0,0,,,0,,,0,,,0,,,0,,,,,0.0,,,样本不足，暂按来源分组权重；时间衰减半衰期=14天,0.0
3628318,1500,2026-08-26 07:17:39,30,0x788fe3d9394aca3eb83e8903b383123ccd9970c1,smart_money,N,50.0,1.4,0,0,,,0,,,0,,,0,,,0,,,,,0.0,,,样本不足，暂按来源分组权重；时间衰减半衰期=14天,0.0
3628319,1500,2026-08-26 07:17:39,30,0x7894bb4cd20e08c2ec1895968dd0b3d97edca5f7,smart_money,N,50.0,1.4,0,0,,,0,,,0,,,0,,,0,,,,,0.0,,,样本不足，暂按来源分组权重；时间衰减半衰期=14天,0.0
3628320,1500,2026-08-26 07:17:39,30,0x78aa6328eae8028a089c35d2819f79c78de2a7e5,smart_money,N,50.0,1.4,0,0,,,0,,,0,,,0,,,0,,,,,0.0,,,样本不足，暂按来源分组权重；时间衰减半衰期=14天,0.0
3628321,1500,2026-08-26 07:17:39,30,0x78cf18209177b518fa192c1f61fb4482a24b9930,smart_money,N,50.0,1.4,0,0,,,0,,,0,,,0,,,0,,,,,0.0,,,样本不足，暂按来源分组权重；时间衰减半衰期=14天,0.0
3628322,1500,2026-08-26 07:17:39,30,0x78dce96236804d6958bf3c4598cf5efbc371629c,smart_money,N,50.0,1.4,0,0,,,0,,,0,,,0,,,0,,,,,0.0,,,样本不足，暂按来源分组权重；时间衰减半衰期=14天,0.0
3628323,1500,2026-08-26 07:17:39,30,0x793660578d2628b0ec7e0e2b5c75a4847ae80706,smart_money,N,50.0,1.4,0,0,,,0,,,0,,,0,,,0,,,,,0.0,,,样本不足，暂按来源分组权重；时间衰减半衰期=14天,0.0
3628324,1500,2026-08-26 07:17:39,30,0x79399dac99daa4a77d2bcd8ef6f5abf5966468e7,smart_money,N,50.0,1.4,0,0,,,0,,,0,,,0,,,0,,,,,0.0,,,样本不足，暂按来源分组权重；时间衰减半衰期=14天,0.0
3628325,1500,2026-08-26 07:17:39,30,0x7945772aa99d08bf90e91ff1e8e77d3c11c2a7e6,money_printer,N,50.0,1.2,1,1,0.0,-8.802407369800799,0,,,0,,,0,,,0,,,,,0.0,2026-08-23 16:18:07,TRUMP,样本不足，暂按来源分组权重；时间衰减半衰期=14天,0.8781401698972925
3628326,1500,2026-08-26 07:17:39,30,0x795cfd1b03eafc11c4ec958b8a94cfc9aa64a242,money_printer,N,50.0,1.2,9,9,0.6110672831459315,1.936591411333517,8,0.4078697797228262,-0.7166378060011659,2,0.0,-24.09671281674768,1,0.0,-15.584819476165022,0,,,-1.866470100702739,,0.0,2026-08-23 14:17:57,"ETH,HYPE,BTC",样本不足，暂按来源分组权重；时间衰减半衰期=14天,6.511187629103875
3628327,1500,2026-08-26 07:17:39,30,0x798296cea00d6494c9e47f43e2d5f9189fd5729f,smart_money,N,50.0,1.4,0,0,,,0,,,0,,,0,,,0,,,,,0.0,,,样本不足，暂按来源分组权重；时间衰减半衰期=14天,0.0
3628328,1500,2026-08-26 07:17:39,30,0x798598191e985b99dbcfee33e9fb8fd9ea6f4267,smart_money,N,50.0,1.4,0,0,,,0,,,0,,,0,,,0,,,,,0.0,,,样本不足，暂按来源分组权重；时间衰减半衰期=14天,0.0
3628329,1500,2026-08-26 07:17:39,30,0x79cc76364b5fb263a25bd52930e3d9788fcfeea8,money_printer,N,50.0,1.2,0,0,,,0,,,0,,,0,,,0,,,,,0.0,,,样本不足，暂按来源分组权重；时间衰减半衰期=14天,0.0
3628330,1500,2026-08-26 07:17:39,30,0x79ec68d35878cedf61a4363b40ec30b89698bcad,smart_money,N,50.0,1.4,0,0,,,0,,,0,,,0,,,0,,,,,0.0,,,样本不足，暂按来源分组权重；时间衰减半衰期=14天,0.0
3628331,1500,2026-08-26 07:17:39,30,0x7a35bbc1de0b86e11aea964956807e08317f3803,smart_money,N,50.0,1.4,4,4,0.2503724582653244,-20.32496512720019,0,,,0,,,0,,,0,,,,,0.0,2026-08-24 06:17:44,DEPIN,样本不足，暂按来源分组权重；时间衰减半衰期=14天,3.558324194812309
3628332,1500,2026-08-26 07:17:39,30,0x7a51ce9751493a2448c3ebc76667c6e7cf27900d,smart_money,C,83.99033773498725,0.77,41,41,0.42535076731382565,0.5131998060209301,41,0.4385627446596405,0.42851250226041604,39,0.397023264169492,-0.2587276432294598,21,0.4934308462957592,2.953273377348468,0,,,0.49557813619913693,,0.0,2026-08-20 22:17:00,HYPE,C级：噪音偏多，降权参考，主周期=15d；时间衰减半衰期=14天,20.114267093789792
3628333,1500,2026-08-26 07:17:39,30,0x7a5a42bd6b1fd13368732be8a7b63e06064e0394,money_printer,N,50.0,1.2,0,0,,,0,,,0,,,0,,,0,,,,,0.0,,,样本不足，暂按来源分组权重；时间衰减半衰期=14天,0.0
3628334,1500,2026-08-26 07:17:39,30,0x7a6d5fc57f6906f337c48fe2763c3a501304f79c,money_printer,N,50.0,1.2,1,1,0.0,0.5798104798580705,1,1.0,2.6816234693435974,0,,,0,,,0,,,2.6816234693435974,,0.0,2026-08-21 22:17:01,DOGE,样本不足，暂按来源分组权重；时间衰减半衰期=14天,0.8052276315840021
3628335,1500,2026-08-26 07:17:39,30,0x7a7da855c61ba2326decf722691c6e2d14a50344,money_printer,N,50.0,1.2,0,0,,,0,,,0,,,0,,,0,,,,,0.0,,,样本不足，暂按来源分组权重；时间衰减半衰期=14天,0.0
3628336,1500,2026-08-26 07:17:39,30,0x7a8862d9cfab25a31f6754199bde7945ec23de62,smart_money,N,50.0,1.4,0,0,,,0,,,0,,,0,,,0,,,,,0.0,,,样本不足，暂按来源分组权重；时间衰减半衰期=14天,0.0
3628337,1500,2026-08-26 07:17:39,30,0x7a958123d8b514c860ec15937850fac53720b42d,smart_money,N,50.0,1.4,0,0,,,0,,,0,,,0,,,0,,,,,0.0,,,样本不足，暂按来源分组权重；时间衰减半衰期=14天,0.0
3628338,1500,2026-08-26 07:17:39,30,0x7a9f3a323dbeefecded2432e00cc2e53bfdf9977,smart_money,N,50.0,1.4,0,0,,,0,,,0,,,0,,,0,,,,,0.0,,,样本不足，暂按来源分组权重；时间衰减半衰期=14天,0.0
3628339,1500,2026-08-26 07:17:39,30,0x7ab12f7a0925ef24927343d47199e75a91fc78aa,smart_money,N,50.0,1.4,0,0,,,0,,,0,,,0,,,0,,,,,0.0,,,样本不足，暂按来源分组权重；时间衰减半衰期=14天,0.0
3628340,1500,2026-08-26 07:17:39,30,0x7ab80d2c05e5ed068454f4a7553047c8d0ff8136,smart_money,N,50.0,1.4,0,0,,,0,,,0,,,0,,,0,,,,,0.0,,,样本不足，暂按来源分组权重；时间衰减半衰期=14天,0.0
3628341,1500,2026-08-26 07:17:39,30,0x7ac0db5dfa7d1dc7d1901b9ad50e8bb1813b140e,smart_money,N,50.0,1.4,0,0,,,0,,,0,,,0,,,0,,,,,0.0,,,样本不足，暂按来源分组权重；时间衰减半衰期=14天,0.0
3628342,1500,2026-08-26 07:17:39,30,0x7ad3c2303655f78594e4f976ddb873aef9322efc,smart_money,N,50.0,1.4,0,0,,,0,,,0,,,0,,,0,,,,,0.0,,,样本不足，暂按来源分组权重；时间衰减半衰期=14天,0.0
3628343,1500,2026-08-26 07:17:39,30,0x7af0b7a51c6bbf3970a5d0c79fc958f3d5ec58b7,smart_money,N,50.0,1.4,0,0,,,0,,,0,,,0,,,0,,,,,0.0,,,样本不足，暂按来源分组权重；时间衰减半衰期=14天,0.0
3628344,1500,2026-08-26 07:17:39,30,0x7b354a477d33493397ca3ee8c05dd8255c264918,smart_money,N,50.0,1.4,0,0,,,0,,,0,,,0,,,0,,,,,0.0,,,样本不足，暂按来源分组权重；时间衰减半衰期=14天,0.0
3628345,1500,2026-08-26 07:17:39,30,0x7b51c5d9366077e1b3c1cba383389752f486071b,smart_money,N,50.0,1.4,0,0,,,0,,,0,,,0,,,0,,,,,0.0,,,样本不足，暂按来源分组权重；时间衰减半衰期=14天,0.0
3628346,1500,2026-08-26 07:17:39,30,0x7b5aaa7bf50c7b18d03824c049b116e296fe67bd,smart_money,N,50.0,1.4,0,0,,,0,,,0,,,0,,,0,,,,,0.0,,,样本不足，暂按来源分组权重；时间衰减半衰期=14天,0.0
3628347,1500,2026-08-26 07:17:39,30,0x7b8529dfd37b7483faae2bfd3051a52b32e9a23b,smart_money,N,50.0,1.4,0,0,,,0,,,0,,,0,,,0,,,,,0.0,,,样本不足，暂按来源分组权重；时间衰减半衰期=14天,0.0
3628348,1500,2026-08-26 07:17:39,30,0x7be1cba648ebe1ab8084244d23f28d68a86480d8,money_printer,N,50.0,1.2,0,0,,,0,,,0,,,0,,,0,,,,,0.0,,,样本不足，暂按来源分组权重；时间衰减半衰期=14天,0.0
3628349,1500,2026-08-26 07:17:39,30,0x7bedd1556856ee82d0c11ea82c4825c7a7b046f3,smart_money,N,50.0,1.4,0,0,,,0,,,0,,,0,,,0,,,,,0.0,,,样本不足，暂按来源分组权重；时间衰减半衰期=14天,0.0
3628350,1500,2026-08-26 07:17:39,30,0x7c313432dd4179adec41447dd798a6cf3f34ceca,smart_money,N,50.0,1.4,0,0,,,0,,,0,,,0,,,0,,,,,0.0,,,样本不足，暂按来源分组权重；时间衰减半衰期=14天,0.0
3628351,1500,2026-08-26 07:17:39,30,0x7c45b26c41c29330d042003cb312e73a3912024f,smart_money,N,50.0,1.4,0,0,,,0,,,0,,,0,,,0,,,,,0.0,,,样本不足，暂按来源分组权重；时间衰减半衰期=14天,0.0
3628352,1500,2026-08-26 07:17:39,30,0x7c5885d2974457eafb1a3a4d848c358111f0714d,smart_money,N,50.0,1.4,0,0,,,0,,,0,,,0,,,0,,,,,0.0,,,样本不足，暂按来源分组权重；时间衰减半衰期=14天,0.0
3628353,1500,2026-08-26 07:17:39,30,0x7c687e7f19758725aad931fb3a6fdc333690ff90,smart_money,N,50.0,1.4,0,0,,,0,,,0,,,0,,,0,,,,,0.0,,,样本不足，暂按来源分组权重；时间衰减半衰期=14天,0.0
3628354,1500,2026-08-26 07:17:39,30,0x7c7206eb666300e50411a9718d6b2b626297f9da,smart_money,N,50.0,1.4,0,0,,,0,,,0,,,0,,,0,,,,,0.0,,,样本不足，暂按来源分组权重；时间衰减半衰期=14天,0.0
3628355,1500,2026-08-26 07:17:39,30,0x7c9063122c01837fe83da2521056e10c9b6dd129,money_printer,N,50.0,1.2,0,0,,,0,,,0,,,0,,,0,,,,,0.0,,,样本不足，暂按来源分组权重；时间衰减半衰期=14天,0.0
3628356,1500,2026-08-26 07:17:39,30,0x7c930969fcf3e5a5c78bcf2e1cefda3f53e3c8fd,money_printer,N,50.0,1.2,4,4,0.5869839040337171,1.055453144053975,4,0.5869839040337171,1.6891348279920748,3,0.40131779644487287,-1.0765508334345317,1,0.0,-7.385978750057993,0,,,0.7722840680552601,,0.0,2026-08-20 16:17:03,"XRP,ETH",样本不足，暂按来源分组权重；时间衰减半衰期=14天,2.4406483173725153
3628357,1500,2026-08-26 07:17:39,30,0x7c976f00e84db0b44f945fc6d7fad34b43150a1a,smart_money,N,50.0,1.4,2,2,1.0,1.4690324114947806,2,0.0,-1.0166788919888605,2,0.0,-1.1377943576591272,2,0.0,-6.141690448934123,0,,,-1.016553975285606,,0.0,2026-07-29 16:16:53,XRP,样本不足，暂按来源分组权重；时间衰减半衰期=14天,0.5088322471425136
3628358,1500,2026-08-26 07:17:39,30,0x7ca165f354e3260e2f8d5a7508cc9dd2fa009235,money_printer,N,50.0,1.2,5,5,0.2789025572128345,-2.7658022670139895,5,0.0,-5.023753901270778,2,0.0,-1.0373150663446706,2,0.6081194845592935,7.338127209118733,0,,,-4.132705147208114,,0.0,2026-08-21 22:17:01,BTC,样本不足，暂按来源分组权重；时间衰减半衰期=14天,2.8871288941589786
3628359,1500,2026-08-26 07:17:39,30,0x7cbe8545bf40cffa28c270589d87c3a1e0fb5019,smart_money,N,50.0,1.4,0,0,,,0,,,0,,,0,,,0,,,,,0.0,,,样本不足，暂按来源分组权重；时间衰减半衰期=14天,0.0
3628360,1500,2026-08-26 07:17:39,30,0x7cc0b0049faddc405da8494ac67737975c757480,money_printer,N,50.0,1.2,0,0,,,0,,,0,,,0,,,0,,,,,0.0,,,样本不足，暂按来源分组权重；时间衰减半衰期=14天,0.0
3628361,1500,2026-08-26 07:17:39,30,0x7cff6e8eec63aaf0685ebd51c6157c5f53fdf5e6,smart_money,N,50.0,1.4,0,0,,,0,,,0,,,0,,,0,,,,,0.0,,,样本不足，暂按来源分组权重；时间衰减半衰期=14天,0.0
3628362,1500,2026-08-26 07:17:39,30,0x7d162baaff2a8ab5634d9ffa7985f1fa6dc03e66,smart_money,N,50.0,1.4,0,0,,,0,,,0,,,0,,,0,,,,,0.0,,,样本不足，暂按来源分组权重；时间衰减半衰期=14天,0.0
3628363,1500,2026-08-26 07:17:39,30,0x7d1d11fae1b69fe347de53e2461de2686ebe11fc,smart_money,N,50.0,1.4,0,0,,,0,,,0,,,0,,,0,,,,,0.0,,,样本不足，暂按来源分组权重；时间衰减半衰期=14天,0.0
3628364,1500,2026-08-26 07:17:39,30,0x7d54a6772903c4f45f05c9b4e89f1dd2a0f52794,smart_money,N,50.0,1.4,2,2,0.0,0.2862146730198839,2,1.0,2.347659412387351,0,,,0,,,0,,,2.3473657241885237,,0.0,2026-08-21 16:17:05,HYPE,样本不足，暂按来源分组权重；时间衰减半衰期=14天,1.5890068635106607
3628365,1500,2026-08-26 07:17:39,30,0x7d5c17cddaabc227c7d1a34ac7f6cdfda6985d48,smart_money,N,50.0,1.4,0,0,,,0,,,0,,,0,,,0,,,,,0.0,,,样本不足，暂按来源分组权重；时间衰减半衰期=14天,0.0
3628366,1500,2026-08-26 07:17:39,30,0x7da85a334e43a6b1c2c0da9623409d9ee9047747,smart_money,N,50.0,1.4,0,0,,,0,,,0,,,0,,,0,,,,,0.0,,,样本不足，暂按来源分组权重；时间衰减半衰期=14天,0.0
3628367,1500,2026-08-26 07:17:39,30,0x7dacca323e44f168494c779bb5e7483c468ef410,money_printer,N,50.0,1.2,0,0,,,0,,,0,,,0,,,0,,,,,0.0,,,样本不足，暂按来源分组权重；时间衰减半衰期=14天,0.0
3628368,1500,2026-08-26 07:17:39,30,0x7dbeb1e7eb118e20ef5b332096cdba0528034639,smart_money,N,50.0,1.4,0,0,,,0,,,0,,,0,,,0,,,,,0.0,,,样本不足，暂按来源分组权重；时间衰减半衰期=14天,0.0
3628369,1500,2026-08-26 07:17:39,30,0x7dd6af227362f4115e060f39c00791ffcf4230d8,money_printer,N,50.0,1.2,4,4,0.35331840190417124,-2.1322457639110914,4,0.35331840190417124,0.9195399059756737,2,0.0,0.001580477623347711,2,0.0,0.16720808241413726,0,,,0.8733121672360276,,0.0,2026-08-20 09:17:04,NEKO,样本不足，暂按来源分组权重；时间衰减半衰期=14天,2.0387951261888952
3628370,1500,2026-08-26 07:17:39,30,0x7dd6f02fef939cea86f0243358255f6b57a6cf0d,smart_money,N,50.0,1.4,0,0,,,0,,,0,,,0,,,0,,,,,0.0,,,样本不足，暂按来源分组权重；时间衰减半衰期=14天,0.0
3628371,1500,2026-08-26 07:17:39,30,0x7de07bb8a43c1953a019906cf2c8287dae478be9,money_printer,N,50.0,1.2,0,0,,,0,,,0,,,0,,,0,,,,,0.0,,,样本不足，暂按来源分组权重；时间衰减半衰期=14天,0.0
3628372,1500,2026-08-26 07:17:39,30,0x7defab45247754d549e9405e4a265c677713fa07,smart_money,N,50.0,1.4,0,0,,,0,,,0,,,0,,,0,,,,,0.0,,,样本不足，暂按来源分组权重；时间衰减半衰期=14天,0.0
3628373,1500,2026-08-26 07:17:39,30,0x7e09dfbba23d078e16f038b1ed4c558185c4be1e,smart_money,N,50.0,1.4,0,0,,,0,,,0,,,0,,,0,,,,,0.0,,,样本不足，暂按来源分组权重；时间衰减半衰期=14天,0.0
3628374,1500,2026-08-26 07:17:39,30,0x7e0dfa222d18639220e40ab4d2e98ebdefa44dab,smart_money,N,50.0,1.4,0,0,,,0,,,0,,,0,,,0,,,,,0.0,,,样本不足，暂按来源分组权重；时间衰减半衰期=14天,0.0
3628375,1500,2026-08-26 07:17:39,30,0x7e19c25679a5f4cc1351e80d428ebe6df929adb1,smart_money,N,50.0,1.4,0,0,,,0,,,0,,,0,,,0,,,,,0.0,,,样本不足，暂按来源分组权重；时间衰减半衰期=14天,0.0
3628376,1500,2026-08-26 07:17:39,30,0x7e416524307357636f95083883150e4621271c3e,smart_money,N,50.0,1.4,0,0,,,0,,,0,,,0,,,0,,,,,0.0,,,样本不足，暂按来源分组权重；时间衰减半衰期=14天,0.0
3628377,1500,2026-08-26 07:17:39,30,0x7e4e766d0ae5ea9cded0c694669194db92800107,money_printer,N,50.0,1.2,8,8,0.2492783801527344,-0.47904297008734203,7,0.2887690392995242,0.6441046625455921,0,,,0,,,0,,,0.6322735134703186,,0.0,2026-08-24 09:17:54,"HYPE,ETH,ZEC",样本不足，暂按来源分组权重；时间衰减半衰期=14天,6.65039649261823
3628378,1500,2026-08-26 07:17:39,30,0x7e5198aecb7285e6c4419620685c3950816e780f,smart_money,N,50.0,1.4,0,0,,,0,,,0,,,0,,,0,,,,,0.0,,,样本不足，暂按来源分组权重；时间衰减半衰期=14天,0.0
3628379,1500,2026-08-26 07:17:39,30,0x7ea848f8eec719f6bd0866c26c7a7d2fb686d160,money_printer,N,50.0,1.2,0,0,,,0,,,0,,,0,,,0,,,,,0.0,,,样本不足，暂按来源分组权重；时间衰减半衰期=14天,0.0
3628380,1500,2026-08-26 07:17:39,30,0x7eaf2d4d87452f06bb6af45bf03c1913b415dfd6,smart_money,N,50.0,1.4,0,0,,,0,,,0,,,0,,,0,,,,,0.0,,,样本不足，暂按来源分组权重；时间衰减半衰期=14天,0.0
3628381,1500,2026-08-26 07:17:39,30,0x7eb4d1f3b748890d7dfcd8eae09b087454fedce9,smart_money,N,50.0,1.4,0,0,,,0,,,0,,,0,,,0,,,,,0.0,,,样本不足，暂按来源分组权重；时间衰减半衰期=14天,0.0
3628382,1500,2026-08-26 07:17:39,30,0x7eb9026d0183942458bd4660371c3cc0a2df3beb,money_printer,N,50.0,1.2,2,2,0.4516659156622941,0.8615107033128909,2,0.0,-0.12910507588488987,2,0.0,0.10209997294326084,2,0.0,1.6273956158015697,0,,,-0.07679316482320725,,0.0,2026-07-31 15:17:34,"ETH,BTC",样本不足，暂按来源分组权重；时间衰减半衰期=14天,0.5117586450971554
3628383,1500,2026-08-26 07:17:39,30,0x7ee6b077b59f4417bc36d41bb65365644315db10,smart_money,N,50.0,1.4,0,0,,,0,,,0,,,0,,,0,,,,,0.0,,,样本不足，暂按来源分组权重；时间衰减半衰期=14天,0.0
3628384,1500,2026-08-26 07:17:39,30,0x7ee8fd43698a51053cd9729b29cbd90ab68fbc6c,smart_money,N,50.0,1.4,0,0,,,0,,,0,,,0,,,0,,,,,0.0,,,样本不足，暂按来源分组权重；时间衰减半衰期=14天,0.0
3628385,1500,2026-08-26 07:17:39,30,0x7f1e97d8eb3ddb8659cb59d611becc438f89b7a2,smart_money,N,50.0,1.4,2,2,0.0,-1.1826146705207774,1,0.0,0.0,1,0.0,0.0,1,0.0,0.0,0,,,0.0,,0.0,2026-08-24 02:17:48,"UANSEM,UPUMP",样本不足，暂按来源分组权重；时间衰减半衰期=14天,1.129493749373714
3628386,1500,2026-08-26 07:17:39,30,0x7f38620111a647c26b9ea8d276c5ed92f2007fe7,money_printer,N,50.0,1.2,0,0,,,0,,,0,,,0,,,0,,,,,0.0,,,样本不足，暂按来源分组权重；时间衰减半衰期=14天,0.0
3628387,1500,2026-08-26 07:17:39,30,0x7f55a0b28ba031dc08c1fdf7336a74e399b840d1,money_printer,N,50.0,1.2,0,0,,,0,,,0,,,0,,,0,,,,,0.0,,,样本不足，暂按来源分组权重；时间衰减半衰期=14天,0.0
3628388,1500,2026-08-26 07:17:39,30,0x7f55bd494bed4b4eed2064eccc1af75e9d76ad4b,smart_money,N,50.0,1.4,0,0,,,0,,,0,,,0,,,0,,,,,0.0,,,样本不足，暂按来源分组权重；时间衰减半衰期=14天,0.0
3628389,1500,2026-08-26 07:17:39,30,0x7f583a47e00701d257ac873c80eb5326fec69e56,smart_money,N,50.0,1.4,7,7,0.22327473059433078,1.4694619394563992,7,0.3726021786214598,2.693867224904221,6,0.0,0.038638455781556766,2,0.0,0.38237246710027867,0,,,1.7273098715717827,,0.0,2026-08-19 16:17:05,NEKO,样本不足，暂按来源分组权重；时间衰减半衰期=14天,3.2262667337123374
3628390,1500,2026-08-26 07:17:39,30,0x7f70f12185d44067d45d1ebb21b497f311c7d67d,smart_money,N,50.0,1.4,0,0,,,0,,,0,,,0,,,0,,,,,0.0,,,样本不足，暂按来源分组权重；时间衰减半衰期=14天,0.0
3628391,1500,2026-08-26 07:17:39,30,0x7fa02bda84034b71213871ef70627b4052d35a94,smart_money,N,50.0,1.4,0,0,,,0,,,0,,,0,,,0,,,,,0.0,,,样本不足，暂按来源分组权重；时间衰减半衰期=14天,0.0
3628392,1500,2026-08-26 07:17:39,30,0x7fa54e51e7024c0cc95667a39ade5ff6cfc97d7a,smart_money,N,50.0,1.4,0,0,,,0,,,0,,,0,,,0,,,,,0.0,,,样本不足，暂按来源分组权重；时间衰减半衰期=14天,0.0
3628393,1500,2026-08-26 07:17:39,30,0x7fa77093e83c9292c2357ea799ac2c57ec138203,smart_money,N,50.0,1.4,0,0,,,0,,,0,,,0,,,0,,,,,0.0,,,样本不足，暂按来源分组权重；时间衰减半衰期=14天,0.0
3628394,1500,2026-08-26 07:17:39,30,0x7fd284b3b84e67530e8d89e86288bff9fa0b20c7,smart_money,N,50.0,1.4,0,0,,,0,,,0,,,0,,,0,,,,,0.0,,,样本不足，暂按来源分组权重；时间衰减半衰期=14天,0.0
3628395,1500,2026-08-26 07:17:39,30,0x7fdafde5cfb5465924316eced2d3715494c517d1,money_printer,C,91.79818995411964,0.66,107,95,0.3415879711277751,-2.070146979509234,75,0.3766086193607426,-3.160763048616013,21,0.15688537711988487,0.6797671386389903,19,0.475345906293312,7.414722397418993,0,,,-2.695207329738082,,0.0,2026-08-26 03:18:03,"HYPE,ZEC,ETH,BTC,LIT",C级：噪音偏多，降权参考，主周期=15d；时间衰减半衰期=14天,67.37513542459101
3628396,1500,2026-08-26 07:17:39,30,0x7fe8cfe481ec2f702692a9152e3f002f3e417ac6,money_printer,N,50.0,1.2,0,0,,,0,,,0,,,0,,,0,,,,,0.0,,,样本不足，暂按来源分组权重；时间衰减半衰期=14天,0.0
3628397,1500,2026-08-26 07:17:39,30,0x7ff59a95c9e0b908adfc374139008ecb9a1d126b,smart_money,N,50.0,1.4,0,0,,,0,,,0,,,0,,,0,,,,,0.0,,,样本不足，暂按来源分组权重；时间衰减半衰期=14天,0.0
3628398,1500,2026-08-26 07:17:39,30,0x807a2e2e469df84b299da5f90f15dda4380daca1,money_printer,N,50.0,1.2,0,0,,,0,,,0,,,0,,,0,,,,,0.0,,,样本不足，暂按来源分组权重；时间衰减半衰期=14天,0.0
3628399,1500,2026-08-26 07:17:39,30,0x807ddb66768050ee457165ad6d21cc1275a896ac,smart_money,N,50.0,1.4,0,0,,,0,,,0,,,0,,,0,,,,,0.0,,,样本不足，暂按来源分组权重；时间衰减半衰期=14天,0.0
3628400,1500,2026-08-26 07:17:39,30,0x80bcb08c54bbd5abb37528425b1f8ad2507c9b62,smart_money,N,50.0,1.4,0,0,,,0,,,0,,,0,,,0,,,,,0.0,,,样本不足，暂按来源分组权重；时间衰减半衰期=14天,0.0
3628401,1500,2026-08-26 07:17:39,30,0x810ab853d951613a567792a675922c6498bce29f,smart_money,N,50.0,1.4,0,0,,,0,,,0,,,0,,,0,,,,,0.0,,,样本不足，暂按来源分组权重；时间衰减半衰期=14天,0.0
3628402,1500,2026-08-26 07:17:39,30,0x810b41bd2294ea9b87efd8fd03040ff74a1e5130,smart_money,N,50.0,1.4,1,1,1.0,3.1754638415604703,1,1.0,11.872536547725788,0,,,0,,,0,,,11.872536547725788,,0.0,2026-08-20 12:17:23,HYPE,样本不足，暂按来源分组权重；时间衰减半衰期=14天,0.7506937081046965
3628403,1500,2026-08-26 07:17:39,30,0x811e8f6d80f38a2f0f8b606cb743a950638f0ad4,smart_money,N,50.0,1.4,0,0,,,0,,,0,,,0,,,0,,,,,0.0,,,样本不足，暂按来源分组权重；时间衰减半衰期=14天,0.0
3628404,1500,2026-08-26 07:17:39,30,0x81712699067dbac3477ba0529968d88006572fec,smart_money,N,50.0,1.4,0,0,,,0,,,0,,,0,,,0,,,,,0.0,,,样本不足，暂按来源分组权重；时间衰减半衰期=14天,0.0
3628405,1500,2026-08-26 07:17:39,30,0x8184405076b61ab78013f16393322eaf0d0a01a1,smart_money,N,50.0,1.4,0,0,,,0,,,0,,,0,,,0,,,,,0.0,,,样本不足，暂按来源分组权重；时间衰减半衰期=14天,0.0
3628406,1500,2026-08-26 07:17:39,30,0x81c9ac8d5ebf5fd27e6e2611d1204dce585db486,smart_money,N,50.0,1.4,0,0,,,0,,,0,,,0,,,0,,,,,0.0,,,样本不足，暂按来源分组权重；时间衰减半衰期=14天,0.0
3628407,1500,2026-08-26 07:17:39,30,0x81d4163289cf61a0eaaac4862cb88ef0f4215c29,smart_money,N,50.0,1.4,0,0,,,0,,,0,,,0,,,0,,,,,0.0,,,样本不足，暂按来源分组权重；时间衰减半衰期=14天,0.0
3628408,1500,2026-08-26 07:17:39,30,0x81dd236893b50383256aee3ccd6ded98fdd155b6,smart_money,N,50.0,1.4,0,0,,,0,,,0,,,0,,,0,,,,,0.0,,,样本不足，暂按来源分组权重；时间衰减半衰期=14天,0.0
3628409,1500,2026-08-26 07:17:39,30,0x81f6b887657b679d9e23153ffcd703e111010240,smart_money,N,50.0,1.4,0,0,,,0,,,0,,,0,,,0,,,,,0.0,,,样本不足，暂按来源分组权重；时间衰减半衰期=14天,0.0
3628410,1500,2026-08-26 07:17:39,30,0x82063340e28d0e4327a152563eda08094df98663,smart_money,N,50.0,1.4,0,0,,,0,,,0,,,0,,,0,,,,,0.0,,,样本不足，暂按来源分组权重；时间衰减半衰期=14天,0.0
3628411,1500,2026-08-26 07:17:39,30,0x8230cf5bc3de7f18889fabdb8e649b3c45ff3650,smart_money,N,50.0,1.4,0,0,,,0,,,0,,,0,,,0,,,,,0.0,,,样本不足，暂按来源分组权重；时间衰减半衰期=14天,0.0
3628412,1500,2026-08-26 07:17:39,30,0x823ecdcdfc67ab8885f4d24ba595050611fe76c9,smart_money,N,50.0,1.4,0,0,,,0,,,0,,,0,,,0,,,,,0.0,,,样本不足，暂按来源分组权重；时间衰减半衰期=14天,0.0
3628413,1500,2026-08-26 07:17:39,30,0x8250a7f9fca9c33e68eead8c05c1d58c8fd70d13,smart_money,N,50.0,1.4,4,4,0.35331840190417124,-2.1322457639110914,4,0.35331840190417124,0.9195399059756737,2,0.0,0.001580477623347711,2,0.0,0.16720808241413726,0,,,0.8733121672360276,,0.0,2026-08-20 09:17:04,NEKO,样本不足，暂按来源分组权重；时间衰减半衰期=14天,2.0387951261888952
3628414,1500,2026-08-26 07:17:39,30,0x825714bae8bd60162bb14a04bb2183d00b3d00c9,smart_money,N,50.0,1.4,2,2,1.0,2.290573410961494,1,1.0,3.212546158182431,0,,,0,,,0,,,3.2125461581824304,,0.0,2026-08-23 16:18:07,HYPE,样本不足，暂按来源分组权重；时间衰减半衰期=14天,1.7190871825915397
3628415,1500,2026-08-26 07:17:39,30,0x825f23921dcff36944d8b0b0ca23ac7d05fb86cb,smart_money,N,50.0,1.4,0,0,,,0,,,0,,,0,,,0,,,,,0.0,,,样本不足，暂按来源分组权重；时间衰减半衰期=14天,0.0
3628416,1500,2026-08-26 07:17:39,30,0x82a7f089adee34666241259bf3fd87551050eef3,smart_money,N,50.0,1.4,0,0,,,0,,,0,,,0,,,0,,,,,0.0,,,样本不足，暂按来源分组权重；时间衰减半衰期=14天,0.0
3628417,1500,2026-08-26 07:17:39,30,0x82b409e6c2e617929cf22bd7e4b08564c207abc1,smart_money,N,50.0,1.4,0,0,,,0,,,0,,,0,,,0,,,,,0.0,,,样本不足，暂按来源分组权重；时间衰减半衰期=14天,0.0
3628418,1500,2026-08-26 07:17:39,30,0x82c6503af0d94c782f69caf3fb64568608b8fe42,smart_money,N,50.0,1.4,0,0,,,0,,,0,,,0,,,0,,,,,0.0,,,样本不足，暂按来源分组权重；时间衰减半衰期=14天,0.0
3628419,1500,2026-08-26 07:17:39,30,0x8328446602cb4c3b2b4a25beca6488e947b6f54a,smart_money,N,50.0,1.4,2,2,0.4994849819707249,1.5182576819280085,2,0.4994849819707249,1.9332434970389685,0,,,0,,,0,,,1.9409470025424906,,0.0,2026-08-19 22:17:01,ETH,样本不足，暂按来源分组权重；时间衰减半衰期=14天,1.4571265492020697
3628420,1500,2026-08-26 07:17:39,30,0x833b99b27dac651d02080f5e220e929df891db06,money_printer,N,50.0,1.2,0,0,,,0,,,0,,,0,,,0,,,,,0.0,,,样本不足，暂按来源分组权重；时间衰减半衰期=14天,0.0
3628421,1500,2026-08-26 07:17:39,30,0x834ce0cb3092a2ab56d0a636c0bd678154b4c61f,smart_money,N,50.0,1.4,0,0,,,0,,,0,,,0,,,0,,,,,0.0,,,样本不足，暂按来源分组权重；时间衰减半衰期=14天,0.0
3628422,1500,2026-08-26 07:17:39,30,0x8372aa26b7130d1b8a4ad205c1f2ec9a97ab2477,smart_money,N,50.0,1.4,0,0,,,0,,,0,,,0,,,0,,,,,0.0,,,样本不足，暂按来源分组权重；时间衰减半衰期=14天,0.0
3628423,1500,2026-08-26 07:17:39,30,0x837381dd3eda5c672e77f1c076dbb04fb98accba,smart_money,N,50.0,1.4,0,0,,,0,,,0,,,0,,,0,,,,,0.0,,,样本不足，暂按来源分组权重；时间衰减半衰期=14天,0.0
3628424,1500,2026-08-26 07:17:39,30,0x83749adcb55def56d3120206d43a20bc31d3dbe7,smart_money,N,50.0,1.4,0,0,,,0,,,0,,,0,,,0,,,,,0.0,,,样本不足，暂按来源分组权重；时间衰减半衰期=14天,0.0
3628425,1500,2026-08-26 07:17:39,30,0x837686cfda8a79adfb8465d39240c54166bf9a1e,smart_money,N,50.0,1.4,0,0,,,0,,,0,,,0,,,0,,,,,0.0,,,样本不足，暂按来源分组权重；时间衰减半衰期=14天,0.0
3628426,1500,2026-08-26 07:17:39,30,0x8383b9a512f1c0e57cd015b076372b2844859e57,smart_money,N,50.0,1.4,0,0,,,0,,,0,,,0,,,0,,,,,0.0,,,样本不足，暂按来源分组权重；时间衰减半衰期=14天,0.0
3628427,1500,2026-08-26 07:17:39,30,0x839eeee12aa7fa673b1c03fafcf0688b5c9a7375,smart_money,N,50.0,1.4,0,0,,,0,,,0,,,0,,,0,,,,,0.0,,,样本不足，暂按来源分组权重；时间衰减半衰期=14天,0.0
3628428,1500,2026-08-26 07:17:39,30,0x83b00972aafcc3d06d45b1b823079f9a414da46e,smart_money,N,50.0,1.4,0,0,,,0,,,0,,,0,,,0,,,,,0.0,,,样本不足，暂按来源分组权重；时间衰减半衰期=14天,0.0
3628429,1500,2026-08-26 07:17:39,30,0x83b1385d8126ecf64bfb3b4254d67eb9db753bcc,smart_money,C,20.635262948727707,0.77,12,12,0.18463856416218904,0.20798321288317664,11,0.17502833507536472,0.009037114322798046,10,0.06221938689315581,0.11299770781287276,4,0.19776793966229916,-0.2600178887905887,0,,,-0.1287648840427093,,0.0,2026-08-23 20:17:50,BASED,C级：噪音偏多，降权参考，主周期=7d；时间衰减半衰期=14天,6.414720463863249
3628430,1500,2026-08-26 07:17:39,30,0x83dbc7524ece5a0ce2c8233c93745d6c58cdf50b,smart_money,N,50.0,1.4,0,0,,,0,,,0,,,0,,,0,,,,,0.0,,,样本不足，暂按来源分组权重；时间衰减半衰期=14天,0.0
3628431,1500,2026-08-26 07:17:39,30,0x83f9daccd2ce1a71e4965a28fc898e4d41af7092,smart_money,N,50.0,1.4,0,0,,,0,,,0,,,0,,,0,,,,,0.0,,,样本不足，暂按来源分组权重；时间衰减半衰期=14天,0.0
3628432,1500,2026-08-26 07:17:39,30,0x841aa76ae707bde0f9cc62aae34b47e831ee251d,money_printer,N,50.0,1.2,0,0,,,0,,,0,,,0,,,0,,,,,0.0,,,样本不足，暂按来源分组权重；时间衰减半衰期=14天,0.0
3628433,1500,2026-08-26 07:17:39,30,0x8434b7844fd17fad52f0aceae50a834cd4896577,smart_money,N,50.0,1.4,0,0,,,0,,,0,,,0,,,0,,,,,0.0,,,样本不足，暂按来源分组权重；时间衰减半衰期=14天,0.0
3628434,1500,2026-08-26 07:17:39,30,0x843f31e5cd9a6572d235a05cb78ec5ac2ffcc24f,smart_money,N,50.0,1.4,2,1,0.0,-1.8377378202667336,0,,,0,,,0,,,0,,,,,0.0,2026-08-25 19:17:55,HYPE,样本不足，暂按来源分组权重；时间衰减半衰期=14天,0.9094761049108965
3628435,1500,2026-08-26 07:17:39,30,0x844b6ab0079fb36e6a99cba877574acd8f1e7f42,money_printer,N,50.0,1.2,0,0,,,0,,,0,,,0,,,0,,,,,0.0,,,样本不足，暂按来源分组权重；时间衰减半衰期=14天,0.0
3628436,1500,2026-08-26 07:17:39,30,0x8477e447846c758f5a675856001ea72298fd9cb5,smart_money,N,50.0,1.4,0,0,,,0,,,0,,,0,,,0,,,,,0.0,,,样本不足，暂按来源分组权重；时间衰减半衰期=14天,0.0
3628437,1500,2026-08-26 07:17:39,30,0x847bd1ef4fede0fe191129894d63044843f4d473,smart_money,N,50.0,1.4,0,0,,,0,,,0,,,0,,,0,,,,,0.0,,,样本不足，暂按来源分组权重；时间衰减半衰期=14天,0.0
3628438,1500,2026-08-26 07:17:39,30,0x84803dc3df988d5493d9be2ee75e36f0043ee272,smart_money,N,50.0,1.4,0,0,,,0,,,0,,,0,,,0,,,,,0.0,,,样本不足，暂按来源分组权重；时间衰减半衰期=14天,0.0
3628439,1500,2026-08-26 07:17:39,30,0x8482694d9bbf434bf2801f49be04dee5bc459d07,smart_money,N,50.0,1.4,0,0,,,0,,,0,,,0,,,0,,,,,0.0,,,样本不足，暂按来源分组权重；时间衰减半衰期=14天,0.0
3628440,1500,2026-08-26 07:17:39,30,0x848721233eee7906395c00fa45b0fd90427e1601,smart_money,N,50.0,1.4,0,0,,,0,,,0,,,0,,,0,,,,,0.0,,,样本不足，暂按来源分组权重；时间衰减半衰期=14天,0.0
3628441,1500,2026-08-26 07:17:39,30,0x848aa08a594a14664685e7bbb3a00e38faba4f2f,smart_money,N,50.0,1.4,0,0,,,0,,,0,,,0,,,0,,,,,0.0,,,样本不足，暂按来源分组权重；时间衰减半衰期=14天,0.0
3628442,1500,2026-08-26 07:17:39,30,0x84abc08c0ea62e687c370154de1f38ea462f4d37,money_printer,N,50.0,1.2,0,0,,,0,,,0,,,0,,,0,,,,,0.0,,,样本不足，暂按来源分组权重；时间衰减半衰期=14天,0.0
3628443,1500,2026-08-26 07:17:39,30,0x84d19fbb0d4f28fdb76557a4555a5ecf934e22c1,smart_money,N,50.0,1.4,0,0,,,0,,,0,,,0,,,0,,,,,0.0,,,样本不足，暂按来源分组权重；时间衰减半衰期=14天,0.0
3628444,1500,2026-08-26 07:17:39,30,0x85085800b0b90fe8a220047ec947227ea07bd73d,smart_money,N,50.0,1.4,0,0,,,0,,,0,,,0,,,0,,,,,0.0,,,样本不足，暂按来源分组权重；时间衰减半衰期=14天,0.0
3628445,1500,2026-08-26 07:17:39,30,0x85101bbcbbf09cd50d299f662448c3ae509592ee,smart_money,N,50.0,1.4,0,0,,,0,,,0,,,0,,,0,,,,,0.0,,,样本不足，暂按来源分组权重；时间衰减半衰期=14天,0.0
3628446,1500,2026-08-26 07:17:39,30,0x8554501f855388039f2bc86110462adfbbde46dc,money_printer,N,50.0,1.2,1,1,0.0,-6.847745648896801,1,0.0,-33.35891462244757,0,,,0,,,0,,,-33.35891462244757,,0.0,2026-08-19 16:17:05,AAVE,样本不足，暂按来源分组权重；时间衰减半衰期=14天,0.7203438357950737
3628447,1500,2026-08-26 07:17:39,30,0x855b77fc563bb5a2c062b9ad3bdf7984883ee8b8,smart_money,N,50.0,1.4,0,0,,,0,,,0,,,0,,,0,,,,,0.0,,,样本不足，暂按来源分组权重；时间衰减半衰期=14天,0.0
3628448,1500,2026-08-26 07:17:39,30,0x856c35038594767646266bc7fd68dc26480e910d,money_printer,N,50.0,1.2,0,0,,,0,,,0,,,0,,,0,,,,,0.0,,,样本不足，暂按来源分组权重；时间衰减半衰期=14天,0.0
3628449,1500,2026-08-26 07:17:39,30,0x859801b3305919287e2cf4ea307f78da1b6074bb,smart_money,N,50.0,1.4,0,0,,,0,,,0,,,0,,,0,,,,,0.0,,,样本不足，暂按来源分组权重；时间衰减半衰期=14天,0.0
3628450,1500,2026-08-26 07:17:39,30,0x85b3c124a704ae638622a1e99310f22eee7279c6,smart_money,N,50.0,1.4,0,0,,,0,,,0,,,0,,,0,,,,,0.0,,,样本不足，暂按来源分组权重；时间衰减半衰期=14天,0.0
3628451,1500,2026-08-26 07:17:39,30,0x85d9ba5e2910c080893a828976cd7ca040ceb5a5,smart_money,N,50.0,1.4,0,0,,,0,,,0,,,0,,,0,,,,,0.0,,,样本不足，暂按来源分组权重；时间衰减半衰期=14天,0.0
3628452,1500,2026-08-26 07:17:39,30,0x85dad19900267008bef897cc8044293ce7dcbcd2,smart_money,N,50.0,1.4,0,0,,,0,,,0,,,0,,,0,,,,,0.0,,,样本不足，暂按来源分组权重；时间衰减半衰期=14天,0.0
3628453,1500,2026-08-26 07:17:39,30,0x85ecf584f25db6f146718b86d493e33c5af72052,smart_money,N,50.0,1.4,0,0,,,0,,,0,,,0,,,0,,,,,0.0,,,样本不足，暂按来源分组权重；时间衰减半衰期=14天,0.0
3628454,1500,2026-08-26 07:17:39,30,0x85ed1f02990eebe097154ef7e76dd43dd59d4a44,smart_money,N,50.0,1.4,0,0,,,0,,,0,,,0,,,0,,,,,0.0,,,样本不足，暂按来源分组权重；时间衰减半衰期=14天,0.0
3628455,1500,2026-08-26 07:17:39,30,0x8607a7d180de23645db594d90621d837749408d5,money_printer,C,15.4494397918711,0.66,16,16,0.0,-0.10290483398932257,12,0.10389441950793228,0.47813887441289776,10,0.0,0.0,0,,,0,,,0.3846885286364289,,0.0,2026-08-24 22:17:53,"KNTQ,BRIDGE",C级：噪音偏多，降权参考，主周期=7d；时间衰减半衰期=14天,11.157761898393735
3628456,1500,2026-08-26 07:17:39,30,0x860b15d380b19ca3d37ea7c3af0e2bb26b420c27,smart_money,N,50.0,1.4,4,4,0.35331840190417124,-2.1322457639110914,4,0.35331840190417124,0.9195399059756737,2,0.0,0.001580477623347711,2,0.0,0.16720808241413726,0,,,0.8733121672360276,,0.0,2026-08-20 09:17:04,NEKO,样本不足，暂按来源分组权重；时间衰减半衰期=14天,2.0387951261888952
3628457,1500,2026-08-26 07:17:39,30,0x860e468ca7716dfa0deb4fc84459a74b3974e5c5,smart_money,N,50.0,1.4,0,0,,,0,,,0,,,0,,,0,,,,,0.0,,,样本不足，暂按来源分组权重；时间衰减半衰期=14天,0.0
3628458,1500,2026-08-26 07:17:39,30,0x863b676e5e4fea0541062c32983dc8f84749ca6d,money_printer,N,50.0,1.2,2,2,0.502060777474516,-3.962438080795545,2,0.502060777474516,-3.277382907950509,0,,,0,,,0,,,-3.3299316967056845,,0.0,2026-08-19 21:17:06,ETH,样本不足，暂按来源分组权重；时间衰减半衰期=14天,1.4496508407175925
3628459,1500,2026-08-26 07:17:39,30,0x8658ccc0732959a37f303173e29180273b3faf88,smart_money,N,50.0,1.4,0,0,,,0,,,0,,,0,,,0,,,,,0.0,,,样本不足，暂按来源分组权重；时间衰减半衰期=14天,0.0
3628460,1500,2026-08-26 07:17:39,30,0x866d4903b256ce7e7caac46a91e83128bb0fd6e1,smart_money,N,50.0,1.4,0,0,,,0,,,0,,,0,,,0,,,,,0.0,,,样本不足，暂按来源分组权重；时间衰减半衰期=14天,0.0
3628461,1500,2026-08-26 07:17:39,30,0x867fd5474e39f8623117b672137bf54af92c5548,smart_money,N,50.0,1.4,0,0,,,0,,,0,,,0,,,0,,,,,0.0,,,样本不足，暂按来源分组权重；时间衰减半衰期=14天,0.0
3628462,1500,2026-08-26 07:17:39,30,0x872d3fb74cb230faf1746b4e66971551a010ba6d,smart_money,N,50.0,1.4,0,0,,,0,,,0,,,0,,,0,,,,,0.0,,,样本不足，暂按来源分组权重；时间衰减半衰期=14天,0.0
3628463,1500,2026-08-26 07:17:39,30,0x872ea3fe1a064a4f739fa897ec3f81404b352092,money_printer,N,50.0,1.2,0,0,,,0,,,0,,,0,,,0,,,,,0.0,,,样本不足，暂按来源分组权重；时间衰减半衰期=14天,0.0
3628464,1500,2026-08-26 07:17:39,30,0x878d292fbebaf102eaf9d7e10b50a876e696f74b,smart_money,N,50.0,1.4,0,0,,,0,,,0,,,0,,,0,,,,,0.0,,,样本不足，暂按来源分组权重；时间衰减半衰期=14天,0.0
3628465,1500,2026-08-26 07:17:39,30,0x87b100e26d400d17e33fa18fbe8cd634678bd33d,smart_money,N,50.0,1.4,0,0,,,0,,,0,,,0,,,0,,,,,0.0,,,样本不足，暂按来源分组权重；时间衰减半衰期=14天,0.0
3628466,1500,2026-08-26 07:17:39,30,0x87d76b68d81a3cec086e6c34afed49dbf378af8b,smart_money,N,50.0,1.4,0,0,,,0,,,0,,,0,,,0,,,,,0.0,,,样本不足，暂按来源分组权重；时间衰减半衰期=14天,0.0
3628467,1500,2026-08-26 07:17:39,30,0x87e8b39e166388f9fe6e57c291afc441c9e3a515,smart_money,N,50.0,1.4,0,0,,,0,,,0,,,0,,,0,,,,,0.0,,,样本不足，暂按来源分组权重；时间衰减半衰期=14天,0.0
3628468,1500,2026-08-26 07:17:39,30,0x87f36777f22548787af3a2ad3605e3d48288b928,smart_money,N,50.0,1.4,0,0,,,0,,,0,,,0,,,0,,,,,0.0,,,样本不足，暂按来源分组权重；时间衰减半衰期=14天,0.0
3628469,1500,2026-08-26 07:17:39,30,0x880ac484a1743862989a441d6d867238c7aa311c,money_printer,N,50.0,1.2,0,0,,,0,,,0,,,0,,,0,,,,,0.0,,,样本不足，暂按来源分组权重；时间衰减半衰期=14天,0.0
3628470,1500,2026-08-26 07:17:39,30,0x881cd92459f09622680e711458b22c5335fba65b,smart_money,N,50.0,1.4,0,0,,,0,,,0,,,0,,,0,,,,,0.0,,,样本不足，暂按来源分组权重；时间衰减半衰期=14天,0.0
3628471,1500,2026-08-26 07:17:39,30,0x88250cf2f6402e856bc85fc65095e4a48bb12cb7,smart_money,N,50.0,1.4,0,0,,,0,,,0,,,0,,,0,,,,,0.0,,,样本不足，暂按来源分组权重；时间衰减半衰期=14天,0.0
3628472,1500,2026-08-26 07:17:39,30,0x8838d88514dc65fcdc24b63eb608636d406020a5,smart_money,N,50.0,1.4,7,7,0.22327473059433078,1.4694619394563992,7,0.3726021786214598,2.693867224904221,6,0.0,0.038638455781556766,2,0.0,0.38237246710027867,0,,,1.7273098715717827,,0.0,2026-08-19 16:17:05,NEKO,样本不足，暂按来源分组权重；时间衰减半衰期=14天,3.2262667337123374
3628473,1500,2026-08-26 07:17:39,30,0x885989fd94d30c150e6eaf897090509bce4f6aa8,money_printer,N,50.0,1.2,2,2,0.0,0.0,2,0.0,0.0,2,0.0,0.0,2,0.0,0.0,0,,,0.0,,0.0,2026-08-05 11:16:57,KNTQ,样本不足，暂按来源分组权重；时间衰减半衰期=14天,0.6793409848639764
3628474,1500,2026-08-26 07:17:39,30,0x88696c4985f64ea1ebfb9e46c1b47197f7a244ab,smart_money,N,50.0,1.4,0,0,,,0,,,0,,,0,,,0,,,,,0.0,,,样本不足，暂按来源分组权重；时间衰减半衰期=14天,0.0
3628475,1500,2026-08-26 07:17:39,30,0x88794bce1888f14a84bee7b2f541334ee2ded023,money_printer,N,50.0,1.2,0,0,,,0,,,0,,,0,,,0,,,,,0.0,,,样本不足，暂按来源分组权重；时间衰减半衰期=14天,0.0
3628476,1500,2026-08-26 07:17:39,30,0x88806a71d74ad0a510b350545c9ae490912f0888,smart_money,N,50.0,1.4,0,0,,,0,,,0,,,0,,,0,,,,,0.0,,,样本不足，暂按来源分组权重；时间衰减半衰期=14天,0.0
3628477,1500,2026-08-26 07:17:39,30,0x888e000c78b8f1aada5b3c99f880794907b76d77,money_printer,N,50.0,1.2,0,0,,,0,,,0,,,0,,,0,,,,,0.0,,,样本不足，暂按来源分组权重；时间衰减半衰期=14天,0.0
3628478,1500,2026-08-26 07:17:39,30,0x88965659f799fcb2f70937c31180b0acb7106ac5,smart_money,N,50.0,1.4,0,0,,,0,,,0,,,0,,,0,,,,,0.0,,,样本不足，暂按来源分组权重；时间衰减半衰期=14天,0.0
3628479,1500,2026-08-26 07:17:39,30,0x88a0511a229643ae6e4ef263a08297343e11bf63,smart_money,N,50.0,1.4,0,0,,,0,,,0,,,0,,,0,,,,,0.0,,,样本不足，暂按来源分组权重；时间衰减半衰期=14天,0.0
3628480,1500,2026-08-26 07:17:39,30,0x88aad701c39aa2acd2cc170bc7c90750cfd36da1,smart_money,N,50.0,1.4,0,0,,,0,,,0,,,0,,,0,,,,,0.0,,,样本不足，暂按来源分组权重；时间衰减半衰期=14天,0.0
3628481,1500,2026-08-26 07:17:39,30,0x88af2eae66a36804865127b23dc25a25ed3c542d,smart_money,N,50.0,1.4,0,0,,,0,,,0,,,0,,,0,,,,,0.0,,,样本不足，暂按来源分组权重；时间衰减半衰期=14天,0.0
3628482,1500,2026-08-26 07:17:39,30,0x88b2448328f4335ad2a8cac06485c378ebe66fe3,smart_money,N,50.0,1.4,0,0,,,0,,,0,,,0,,,0,,,,,0.0,,,样本不足，暂按来源分组权重；时间衰减半衰期=14天,0.0
3628483,1500,2026-08-26 07:17:39,30,0x88e251d9904dc70f2a050dcf18556797dba2b1ec,money_printer,N,50.0,1.2,0,0,,,0,,,0,,,0,,,0,,,,,0.0,,,样本不足，暂按来源分组权重；时间衰减半衰期=14天,0.0
3628484,1500,2026-08-26 07:17:39,30,0x890d2fae5b768700d8b6502fbe6d56b4ca14d07c,smart_money,N,50.0,1.4,0,0,,,0,,,0,,,0,,,0,,,,,0.0,,,样本不足，暂按来源分组权重；时间衰减半衰期=14天,0.0
3628485,1500,2026-08-26 07:17:39,30,0x891140a93bef082312952b48479a853e90952fc2,smart_money,N,50.0,1.4,0,0,,,0,,,0,,,0,,,0,,,,,0.0,,,样本不足，暂按来源分组权重；时间衰减半衰期=14天,0.0
3628486,1500,2026-08-26 07:17:39,30,0x89132efe9fa560caf50d505273502c975e4805ab,smart_money,N,50.0,1.4,0,0,,,0,,,0,,,0,,,0,,,,,0.0,,,样本不足，暂按来源分组权重；时间衰减半衰期=14天,0.0
3628487,1500,2026-08-26 07:17:39,30,0x899b2d61a5943dd2452cbc9ff5d158c63a2275dd,smart_money,N,50.0,1.4,0,0,,,0,,,0,,,0,,,0,,,,,0.0,,,样本不足，暂按来源分组权重；时间衰减半衰期=14天,0.0
3628488,1500,2026-08-26 07:17:39,30,0x89abe626dc7f010138bc08e0100f1e4e13c30d32,money_printer,N,50.0,1.2,0,0,,,0,,,0,,,0,,,0,,,,,0.0,,,样本不足，暂按来源分组权重；时间衰减半衰期=14天,0.0
3628489,1500,2026-08-26 07:17:39,30,0x89b61dba1332032926967cc935d17e4d61b88ce5,smart_money,N,50.0,1.4,0,0,,,0,,,0,,,0,,,0,,,,,0.0,,,样本不足，暂按来源分组权重；时间衰减半衰期=14天,0.0
3628490,1500,2026-08-26 07:17:39,30,0x89b7815978abc23590616e9da57ddd78e53b1a77,smart_money,N,50.0,1.4,0,0,,,0,,,0,,,0,,,0,,,,,0.0,,,样本不足，暂按来源分组权重；时间衰减半衰期=14天,0.0
3628491,1500,2026-08-26 07:17:39,30,0x89bdfd6caab017d28d9296c2513e687db99b3df2,smart_money,N,50.0,1.4,0,0,,,0,,,0,,,0,,,0,,,,,0.0,,,样本不足，暂按来源分组权重；时间衰减半衰期=14天,0.0
3628492,1500,2026-08-26 07:17:39,30,0x89dd177683e6ba51c24bfb6d93e3b1b1ae57251d,smart_money,N,50.0,1.4,0,0,,,0,,,0,,,0,,,0,,,,,0.0,,,样本不足，暂按来源分组权重；时间衰减半衰期=14天,0.0
3628493,1500,2026-08-26 07:17:39,30,0x8a0cd16a004e21e04936a0a01c6f5a49ff937914,smart_money,N,50.0,1.4,0,0,,,0,,,0,,,0,,,0,,,,,0.0,,,样本不足，暂按来源分组权重；时间衰减半衰期=14天,0.0
3628494,1500,2026-08-26 07:17:39,30,0x8a11b23296ca85afcd2ecf92b745b0d6274280d9,smart_money,N,50.0,1.4,0,0,,,0,,,0,,,0,,,0,,,,,0.0,,,样本不足，暂按来源分组权重；时间衰减半衰期=14天,0.0
3628495,1500,2026-08-26 07:17:39,30,0x8a265d24c0c4e611119ba4c8fcab93fd987d343a,money_printer,N,50.0,1.2,0,0,,,0,,,0,,,0,,,0,,,,,0.0,,,样本不足，暂按来源分组权重；时间衰减半衰期=14天,0.0
3628496,1500,2026-08-26 07:17:39,30,0x8a3cf3c4b300be69429cce5beb2ef14d7200b6b7,money_printer,R,16.93531841406395,-1.2,17,17,0.43976794029337524,-0.5482556828584298,17,0.2795322803691289,-0.06532316029964809,15,0.0,-0.5308427230975709,15,0.35944327645939367,-3.06468158593605,0,,,-0.32223437775147024,,39.00652845398542,2026-08-20 09:17:04,"HYPE,NEKO",反向钱包：15d方向胜率和平均收益偏差；时间衰减半衰期=14天,6.3234481642589895
3628497,1500,2026-08-26 07:17:39,30,0x8a5cd8bd74ab3f205ddcb3b73b2f66deadc6827f,money_printer,N,50.0,1.2,0,0,,,0,,,0,,,0,,,0,,,,,0.0,,,样本不足，暂按来源分组权重；时间衰减半衰期=14天,0.0
3628498,1500,2026-08-26 07:17:39,30,0x8aa077f5998d234ac8641d73d6bc4976e2a210fc,smart_money,N,50.0,1.4,0,0,,,0,,,0,,,0,,,0,,,,,0.0,,,样本不足，暂按来源分组权重；时间衰减半衰期=14天,0.0
3628499,1500,2026-08-26 07:17:39,30,0x8ac033322b353c7e7b0373d42d9fd73ff32a7ef6,smart_money,N,50.0,1.4,0,0,,,0,,,0,,,0,,,0,,,,,0.0,,,样本不足，暂按来源分组权重；时间衰减半衰期=14天,0.0
3628500,1500,2026-08-26 07:17:39,30,0x8ad3d77e9b65584ee2cba00a8cb8c1794456209c,smart_money,N,50.0,1.4,0,0,,,0,,,0,,,0,,,0,,,,,0.0,,,样本不足，暂按来源分组权重；时间衰减半衰期=14天,0.0
3628501,1500,2026-08-26 07:17:39,30,0x8af700ba841f30e0a3fcb0ee4c4a9d223e1efa05,money_printer,R,12.155952729475587,-1.2,10,10,0.39791912639495514,-7.84192847873855,10,0.19167770093897576,-7.844047270524412,0,,,0,,,0,,,-7.505299218170107,,76.33156784976387,2026-08-22 03:17:01,ZEC,反向钱包：72h方向胜率和平均收益偏差；时间衰减半衰期=14天,7.881423166815496
3628502,1500,2026-08-26 07:17:39,30,0x8afacaa08de7189d84db9d87b9c21c2f1ac28113,smart_money,N,50.0,1.4,0,0,,,0,,,0,,,0,,,0,,,,,0.0,,,样本不足，暂按来源分组权重；时间衰减半衰期=14天,0.0
3628503,1500,2026-08-26 07:17:39,30,0x8b04b421a9e80a26c4f411a92f17cd3d39798bd5,smart_money,N,50.0,1.4,0,0,,,0,,,0,,,0,,,0,,,,,0.0,,,样本不足，暂按来源分组权重；时间衰减半衰期=14天,0.0
3628504,1500,2026-08-26 07:17:39,30,0x8b0e69f0a54d71e7bf33bef64c37e0307c3ac50f,smart_money,N,50.0,1.4,0,0,,,0,,,0,,,0,,,0,,,,,0.0,,,样本不足，暂按来源分组权重；时间衰减半衰期=14天,0.0
3628505,1500,2026-08-26 07:17:39,30,0x8b106149af9783f2da51a1866afc308817c90402,smart_money,N,50.0,1.4,0,0,,,0,,,0,,,0,,,0,,,,,0.0,,,样本不足，暂按来源分组权重；时间衰减半衰期=14天,0.0
3628506,1500,2026-08-26 07:17:39,30,0x8b2fd6b5c661d2e1fbb6d9df162f2b5f3b1d3d11,smart_money,N,50.0,1.4,0,0,,,0,,,0,,,0,,,0,,,,,0.0,,,样本不足，暂按来源分组权重；时间衰减半衰期=14天,0.0
3628507,1500,2026-08-26 07:17:39,30,0x8b3515d1410aaddbf7458c831afdcf6b7ec72990,smart_money,N,50.0,1.4,0,0,,,0,,,0,,,0,,,0,,,,,0.0,,,样本不足，暂按来源分组权重；时间衰减半衰期=14天,0.0
3628508,1500,2026-08-26 07:17:39,30,0x8b6f7fbe7c49a1e52e5b68035965f49a82d32ccf,smart_money,N,50.0,1.4,0,0,,,0,,,0,,,0,,,0,,,,,0.0,,,样本不足，暂按来源分组权重；时间衰减半衰期=14天,0.0
3628509,1500,2026-08-26 07:17:39,30,0x8b9af0a4a822d6d6ccc72540b2a44bcc9a5a66ef,money_printer,N,50.0,1.2,0,0,,,0,,,0,,,0,,,0,,,,,0.0,,,样本不足，暂按来源分组权重；时间衰减半衰期=14天,0.0
3628510,1500,2026-08-26 07:17:39,30,0x8b9da005316ecfd7022ccca9b6231281e5c47b28,smart_money,N,50.0,1.4,3,3,0.6402760521450108,3.4647400006275455,2,1.0,4.75444020905212,0,,,0,,,0,,,4.754103605599755,,0.0,2026-08-24 16:17:56,"XRP,ZEC",样本不足，暂按来源分组权重；时间衰减半衰期=14天,2.5650385593384395
3628511,1500,2026-08-26 07:17:39,30,0x8bae3527e5a33fa0cf184f37bc112d071463ab6d,money_printer,N,50.0,1.2,7,6,0.43441302223981093,0.4673525822267205,6,0.223477502268767,-0.6427739748809472,2,0.0,-3.1300427180428896,2,0.0,-6.1087416872681475,0,,,-1.608665663507439,,0.0,2026-08-25 09:17:47,"AIXBT,RSR,kLUNC,S",样本不足，暂按来源分组权重；时间衰减半衰期=14天,3.6782846182797884
3628512,1500,2026-08-26 07:17:39,30,0x8bcf7a888c66f635ac4a2caf42a8dd12a3b20b14,money_printer,N,50.0,1.2,4,4,0.35331840190417124,-2.1322457639110914,4,0.35331840190417124,0.9195399059756737,2,0.0,0.001580477623347711,2,0.0,0.16720808241413726,0,,,0.8733121672360276,,0.0,2026-08-20 09:17:04,NEKO,样本不足，暂按来源分组权重；时间衰减半衰期=14天,2.0387951261888952
3628513,1500,2026-08-26 07:17:39,30,0x8bd095444e47297c6355738aaef9d088c144dd87,smart_money,N,50.0,1.4,0,0,,,0,,,0,,,0,,,0,,,,,0.0,,,样本不足，暂按来源分组权重；时间衰减半衰期=14天,0.0
3628514,1500,2026-08-26 07:17:39,30,0x8bd097df5ae353adc890ff704d360d8916220cee,smart_money,N,50.0,1.4,0,0,,,0,,,0,,,0,,,0,,,,,0.0,,,样本不足，暂按来源分组权重；时间衰减半衰期=14天,0.0
3628515,1500,2026-08-26 07:17:39,30,0x8bd30fc805e672e1d978138ecbedcb48479ce275,smart_money,N,50.0,1.4,0,0,,,0,,,0,,,0,,,0,,,,,0.0,,,样本不足，暂按来源分组权重；时间衰减半衰期=14天,0.0
3628516,1500,2026-08-26 07:17:39,30,0x8bd9c4b5ea8f6f14c9b14d830ddb67f3720d77f6,smart_money,N,50.0,1.4,0,0,,,0,,,0,,,0,,,0,,,,,0.0,,,样本不足，暂按来源分组权重；时间衰减半衰期=14天,0.0
3628517,1500,2026-08-26 07:17:39,30,0x8be0b9c4dbfb90f47fb94e8968dce08d3152326c,smart_money,N,50.0,1.4,7,7,0.4397374244474305,-1.0217896894514833,6,0.10521008995508971,-9.166403153213798,3,0.5830533886690619,-35.43509664549515,2,1.0,89.27065741230508,0,,,-7.0529788980422286,,0.0,2026-08-23 12:17:54,"PUMP,LIT",样本不足，暂按来源分组权重；时间衰减半衰期=14天,4.858828722150328
3628518,1500,2026-08-26 07:17:39,30,0x8bf273c8b3ce5319dcc73deb6b4ff5729b41b561,smart_money,N,50.0,1.4,0,0,,,0,,,0,,,0,,,0,,,,,0.0,,,样本不足，暂按来源分组权重；时间衰减半衰期=14天,0.0
3628519,1500,2026-08-26 07:17:39,30,0x8bf3ac5c417624b3bde7901de3c4ad7659599060,money_printer,N,50.0,1.2,0,0,,,0,,,0,,,0,,,0,,,,,0.0,,,样本不足，暂按来源分组权重；时间衰减半衰期=14天,0.0
3628520,1500,2026-08-26 07:17:39,30,0x8bff50aad8b4e06c5e148eaeb9d7aef69e26cdc3,money_printer,N,50.0,1.2,0,0,,,0,,,0,,,0,,,0,,,,,0.0,,,样本不足，暂按来源分组权重；时间衰减半衰期=14天,0.0
3628521,1500,2026-08-26 07:17:39,30,0x8c96e5a2d770f9f2c9d2464ce4e741df0b2bca57,smart_money,R,14.445877846348335,-1.4,32,32,0.43227248529514695,1.9363204824744644,32,0.4083064882570385,3.071150273663664,29,0.06272863151522366,-2.2662407502951165,24,0.05675619110688664,-5.554122153651666,0,,,2.0329507826661803,,97.91900942289814,2026-08-19 16:17:05,BTC,反向钱包：15d方向胜率和平均收益偏差；时间衰减半衰期=14天,13.062835280043213
3628522,1500,2026-08-26 07:17:39,30,0x8cc46a19d4ab8617eca741e53ea65fb366024cc2,smart_money,N,50.0,1.4,0,0,,,0,,,0,,,0,,,0,,,,,0.0,,,样本不足，暂按来源分组权重；时间衰减半衰期=14天,0.0
3628523,1500,2026-08-26 07:17:39,30,0x8cc94dc843e1ea7a19805e0cca43001123512b6a,money_printer,N,50.0,1.2,0,0,,,0,,,0,,,0,,,0,,,,,0.0,,,样本不足，暂按来源分组权重；时间衰减半衰期=14天,0.0
3628524,1500,2026-08-26 07:17:39,30,0x8ccee825f44c99fbdaa79464d5eb8beed9313da2,smart_money,N,50.0,1.4,0,0,,,0,,,0,,,0,,,0,,,,,0.0,,,样本不足，暂按来源分组权重；时间衰减半衰期=14天,0.0
3628525,1500,2026-08-26 07:17:39,30,0x8cda7bcea7bac1545481f42a219fde1a016b57c2,smart_money,N,50.0,1.4,0,0,,,0,,,0,,,0,,,0,,,,,0.0,,,样本不足，暂按来源分组权重；时间衰减半衰期=14天,0.0
3628526,1500,2026-08-26 07:17:39,30,0x8cf051405995581de2cbbdc9a3e9951325607e18,smart_money,N,50.0,1.4,0,0,,,0,,,0,,,0,,,0,,,,,0.0,,,样本不足，暂按来源分组权重；时间衰减半衰期=14天,0.0
3628527,1500,2026-08-26 07:17:39,30,0x8cf120f68a0c32c320c01819e30e600109eaa1e7,smart_money,N,50.0,1.4,0,0,,,0,,,0,,,0,,,0,,,,,0.0,,,样本不足，暂按来源分组权重；时间衰减半衰期=14天,0.0
3628528,1500,2026-08-26 07:17:39,30,0x8cfe4bc352deb10ed41c5f0f89bc57674cee1e22,money_printer,N,50.0,1.2,0,0,,,0,,,0,,,0,,,0,,,,,0.0,,,样本不足，暂按来源分组权重；时间衰减半衰期=14天,0.0
3628529,1500,2026-08-26 07:17:39,30,0x8d56d30d58d1a2709befccea6642252bab6ed51e,smart_money,N,50.0,1.4,0,0,,,0,,,0,,,0,,,0,,,,,0.0,,,样本不足，暂按来源分组权重；时间衰减半衰期=14天,0.0
3628530,1500,2026-08-26 07:17:39,30,0x8da6beaa2f002a511809101b24d181a324ae82d6,money_printer,N,50.0,1.2,0,0,,,0,,,0,,,0,,,0,,,,,0.0,,,样本不足，暂按来源分组权重；时间衰减半衰期=14天,0.0
3628531,1500,2026-08-26 07:17:39,30,0x8dae4b174dba18b3825b530d22c3141aefc93dfe,smart_money,N,50.0,1.4,0,0,,,0,,,0,,,0,,,0,,,,,0.0,,,样本不足，暂按来源分组权重；时间衰减半衰期=14天,0.0
3628532,1500,2026-08-26 07:17:39,30,0x8decc13b6e83873a78126e99036f9442019fd0b5,money_printer,N,50.0,1.2,0,0,,,0,,,0,,,0,,,0,,,,,0.0,,,样本不足，暂按来源分组权重；时间衰减半衰期=14天,0.0
3628533,1500,2026-08-26 07:17:39,30,0x8e096995c3e4a3f0bc5b3ea1cba94de2aa4d70c9,money_printer,N,50.0,1.2,0,0,,,0,,,0,,,0,,,0,,,,,0.0,,,样本不足，暂按来源分组权重；时间衰减半衰期=14天,0.0
3628534,1500,2026-08-26 07:17:39,30,0x8e80c4b533dd977cf716b5c24fd9223129272804,money_printer,N,50.0,1.2,4,4,0.35331840190417124,-2.1322457639110914,4,0.35331840190417124,0.9195399059756737,2,0.0,0.001580477623347711,2,0.0,0.16720808241413726,0,,,0.8733121672360276,,0.0,2026-08-20 09:17:04,NEKO,样本不足，暂按来源分组权重；时间衰减半衰期=14天,2.0387951261888952
3628535,1500,2026-08-26 07:17:39,30,0x8eac91ad88b67ad7d5262ee2ebaa10598c2e6daf,smart_money,N,50.0,1.4,0,0,,,0,,,0,,,0,,,0,,,,,0.0,,,样本不足，暂按来源分组权重；时间衰减半衰期=14天,0.0
3628536,1500,2026-08-26 07:17:39,30,0x8eadef1db48d9a682da64d74a69c5ac78d0ee175,money_printer,N,50.0,1.2,0,0,,,0,,,0,,,0,,,0,,,,,0.0,,,样本不足，暂按来源分组权重；时间衰减半衰期=14天,0.0
3628537,1500,2026-08-26 07:17:39,30,0x8eb3f4d468a9763ee66ceb63a0c64b7044c2aa2d,smart_money,N,50.0,1.4,0,0,,,0,,,0,,,0,,,0,,,,,0.0,,,样本不足，暂按来源分组权重；时间衰减半衰期=14天,0.0
3628538,1500,2026-08-26 07:17:39,30,0x8ecec0c9367490d2044aaff4030ad0becc33218b,smart_money,N,50.0,1.4,0,0,,,0,,,0,,,0,,,0,,,,,0.0,,,样本不足，暂按来源分组权重；时间衰减半衰期=14天,0.0
3628539,1500,2026-08-26 07:17:39,30,0x8f25818ff64be1abee91abca70c306b33b602062,smart_money,N,50.0,1.4,0,0,,,0,,,0,,,0,,,0,,,,,0.0,,,样本不足，暂按来源分组权重；时间衰减半衰期=14天,0.0
3628540,1500,2026-08-26 07:17:39,30,0x8f61bda42be4f511531164930d4545a10dd53acb,smart_money,N,50.0,1.4,0,0,,,0,,,0,,,0,,,0,,,,,0.0,,,样本不足，暂按来源分组权重；时间衰减半衰期=14天,0.0
3628541,1500,2026-08-26 07:17:39,30,0x8f63c88fccae90c1f9eb8b447f830bce7b71dd74,smart_money,N,50.0,1.4,0,0,,,0,,,0,,,0,,,0,,,,,0.0,,,样本不足，暂按来源分组权重；时间衰减半衰期=14天,0.0
3628542,1500,2026-08-26 07:17:39,30,0x8f804f353f3229d3f2e589b1a276c958263ec4da,smart_money,N,50.0,1.4,0,0,,,0,,,0,,,0,,,0,,,,,0.0,,,样本不足，暂按来源分组权重；时间衰减半衰期=14天,0.0
3628543,1500,2026-08-26 07:17:39,30,0x8f8178b3585d3174006cc19d5e7d6ba9736266a3,smart_money,N,50.0,1.4,0,0,,,0,,,0,,,0,,,0,,,,,0.0,,,样本不足，暂按来源分组权重；时间衰减半衰期=14天,0.0
3628544,1500,2026-08-26 07:17:39,30,0x8fb5c6f3c336033deeedbb54ad95e96453c9eaa4,smart_money,N,50.0,1.4,0,0,,,0,,,0,,,0,,,0,,,,,0.0,,,样本不足，暂按来源分组权重；时间衰减半衰期=14天,0.0
3628545,1500,2026-08-26 07:17:39,30,0x8fbb1aad00013c4e32bb033337b7cb792ab2fc4e,smart_money,N,50.0,1.4,2,2,0.0,-2.7516092657439004,2,0.0,-3.793159821253214,0,,,0,,,0,,,-4.134035146531163,,0.0,2026-08-22 06:17:02,HYPE,样本不足，暂按来源分组权重；时间衰减半衰期=14天,1.5479411633336762
3628546,1500,2026-08-26 07:17:39,30,0x8fc7c0442e582bca195978c5a4fdec2e7c5bb0f7,smart_money,N,50.0,1.4,0,0,,,0,,,0,,,0,,,0,,,,,0.0,,,样本不足，暂按来源分组权重；时间衰减半衰期=14天,0.0
3628547,1500,2026-08-26 07:17:39,30,0x8feb3a7d8bf1e424679fc75753b363eba5ee8185,money_printer,N,50.0,1.2,0,0,,,0,,,0,,,0,,,0,,,,,0.0,,,样本不足，暂按来源分组权重；时间衰减半衰期=14天,0.0
3628548,1500,2026-08-26 07:17:39,30,0x9031a11765816d5f57fdfd7f0ce4b8f375a0bacc,smart_money,N,50.0,1.4,4,4,0.509758126746142,0.61694062826616,4,0.509758126746142,0.1471213226462674,0,,,0,,,0,,,-0.05124994961925422,,0.0,2026-08-22 11:17:51,HYPE,样本不足，暂按来源分组权重；时间衰减半衰期=14天,3.1228344186788997
3628549,1500,2026-08-26 07:17:39,30,0x90326fa293578c6c9ef945aaab0b57f886aca6ec,money_printer,N,50.0,1.2,0,0,,,0,,,0,,,0,,,0,,,,,0.0,,,样本不足，暂按来源分组权重；时间衰减半衰期=14天,0.0
3628550,1500,2026-08-26 07:17:39,30,0x904e8b48dbf490f3c3bafe6a0d2894d3eb392e67,smart_money,N,50.0,1.4,0,0,,,0,,,0,,,0,,,0,,,,,0.0,,,样本不足，暂按来源分组权重；时间衰减半衰期=14天,0.0
3628551,1500,2026-08-26 07:17:39,30,0x906d31b2ee92c4bc720232112274a0e1ffb0ad6e,money_printer,N,50.0,1.2,0,0,,,0,,,0,,,0,,,0,,,,,0.0,,,样本不足，暂按来源分组权重；时间衰减半衰期=14天,0.0
3628552,1500,2026-08-26 07:17:39,30,0x9075c8f93cd30c1015e6fbe9718f0bf2dca4e2f0,smart_money,N,50.0,1.4,0,0,,,0,,,0,,,0,,,0,,,,,0.0,,,样本不足，暂按来源分组权重；时间衰减半衰期=14天,0.0
3628553,1500,2026-08-26 07:17:39,30,0x90882e7c28ddf0ac1177033a310aeed8eff25e90,money_printer,N,50.0,1.2,0,0,,,0,,,0,,,0,,,0,,,,,0.0,,,样本不足，暂按来源分组权重；时间衰减半衰期=14天,0.0
3628554,1500,2026-08-26 07:17:39,30,0x909eb3d5ff0ac0df12c81f8495860cfccf1e7ea9,smart_money,N,50.0,1.4,0,0,,,0,,,0,,,0,,,0,,,,,0.0,,,样本不足，暂按来源分组权重；时间衰减半衰期=14天,0.0
3628555,1500,2026-08-26 07:17:39,30,0x90c319161aac3ab564a834a49786bccc81bb8dd6,smart_money,N,50.0,1.4,0,0,,,0,,,0,,,0,,,0,,,,,0.0,,,样本不足，暂按来源分组权重；时间衰减半衰期=14天,0.0
3628556,1500,2026-08-26 07:17:39,30,0x90d4bbf943f250cc9f950fe1b2d7b15166a4c742,smart_money,N,50.0,1.4,0,0,,,0,,,0,,,0,,,0,,,,,0.0,,,样本不足，暂按来源分组权重；时间衰减半衰期=14天,0.0
3628557,1500,2026-08-26 07:17:39,30,0x90dbb196cacf24bd212b377a0dd62eaad5e8151b,money_printer,N,50.0,1.2,4,2,0.47063895699731273,-0.39588153405550136,2,0.0,-0.3957965364351353,2,1.0,28.127889861859824,0,,,0,,,-0.31273754098916884,,0.0,2026-08-26 02:17:54,"LINK,HYPE",样本不足，暂按来源分组权重；时间衰减半衰期=14天,1.0889971223280448
3628558,1500,2026-08-26 07:17:39,30,0x912f6ba145f003477d44922dfd1a0a1bfe015b27,smart_money,N,50.0,1.4,0,0,,,0,,,0,,,0,,,0,,,,,0.0,,,样本不足，暂按来源分组权重；时间衰减半衰期=14天,0.0
3628559,1500,2026-08-26 07:17:39,30,0x913b6bfaffcc18db65dc9a6bdde6cd5365e0ef92,smart_money,N,50.0,1.4,2,2,0.0,-0.08065653975552137,2,0.505157162199716,1.1919737071201986,2,0.505157162199716,-1.7507398139318597,0,,,0,,,1.0822481011699816,,0.0,2026-08-17 19:16:59,ZEC,样本不足，暂按来源分组权重；时间衰减半衰期=14天,1.2995569577975163
3628560,1500,2026-08-26 07:17:39,30,0x913df0b299f74ced052c5332a19a1fe72a343ad6,smart_money,N,50.0,1.4,0,0,,,0,,,0,,,0,,,0,,,,,0.0,,,样本不足，暂按来源分组权重；时间衰减半衰期=14天,0.0
3628561,1500,2026-08-26 07:17:39,30,0x9149f8a6afa68db53e9e96697202b8508bab29d0,smart_money,N,50.0,1.4,0,0,,,0,,,0,,,0,,,0,,,,,0.0,,,样本不足，暂按来源分组权重；时间衰减半衰期=14天,0.0
3628562,1500,2026-08-26 07:17:39,30,0x9169bdd3f7163508a14468f8d7892dc0fe2f737f,smart_money,N,50.0,1.4,0,0,,,0,,,0,,,0,,,0,,,,,0.0,,,样本不足，暂按来源分组权重；时间衰减半衰期=14天,0.0
3628563,1500,2026-08-26 07:17:39,30,0x91853bcefbdc3447768413e6db7d6e0a81c4be56,smart_money,N,50.0,1.4,0,0,,,0,,,0,,,0,,,0,,,,,0.0,,,样本不足，暂按来源分组权重；时间衰减半衰期=14天,0.0
3628564,1500,2026-08-26 07:17:39,30,0x919805f1cd563d3b50e124e582a4a16c3dcf1819,smart_money,N,50.0,1.4,0,0,,,0,,,0,,,0,,,0,,,,,0.0,,,样本不足，暂按来源分组权重；时间衰减半衰期=14天,0.0
3628565,1500,2026-08-26 07:17:39,30,0x91a9cadcd7e36cbe8ff604cb634307d7b7643f70,money_printer,N,50.0,1.2,0,0,,,0,,,0,,,0,,,0,,,,,0.0,,,样本不足，暂按来源分组权重；时间衰减半衰期=14天,0.0
3628566,1500,2026-08-26 07:17:39,30,0x91f564e80ed5e98eb22fde0857e1a87047f2df13,smart_money,N,50.0,1.4,0,0,,,0,,,0,,,0,,,0,,,,,0.0,,,样本不足，暂按来源分组权重；时间衰减半衰期=14天,0.0
3628567,1500,2026-08-26 07:17:39,30,0x91fc8c24de2ce3150ad489fb8b7e9b9aa3edaaf2,smart_money,N,50.0,1.4,0,0,,,0,,,0,,,0,,,0,,,,,0.0,,,样本不足，暂按来源分组权重；时间衰减半衰期=14天,0.0
3628568,1500,2026-08-26 07:17:39,30,0x92033525c11d06155dfbc89aea9e22a0637d06cf,smart_money,N,50.0,1.4,4,4,0.35331840190417124,-2.1322457639110914,4,0.35331840190417124,0.9195399059756737,2,0.0,0.001580477623347711,2,0.0,0.16720808241413726,0,,,0.8733121672360276,,0.0,2026-08-20 09:17:04,NEKO,样本不足，暂按来源分组权重；时间衰减半衰期=14天,2.0387951261888952
3628569,1500,2026-08-26 07:17:39,30,0x920abbd8a5f5d39e87ed802d73e5aa902dc71d89,smart_money,R,19.768418122789615,-1.4,10,10,0.0,-0.23158187721038495,8,0.1811520864431473,0.7518772716273966,6,0.2064985205315125,0.2706361595990661,4,0.5123767438270082,0.2615511703724473,0,,,0.4735666555136534,,73.85265501768308,2026-08-24 22:17:53,BRIDGE,反向钱包：24h方向胜率和平均收益偏差；时间衰减半衰期=14天,6.1151130468830015
3628570,1500,2026-08-26 07:17:39,30,0x9221a960277fe388b899f58117aa9bd298463002,smart_money,N,50.0,1.4,0,0,,,0,,,0,,,0,,,0,,,,,0.0,,,样本不足，暂按来源分组权重；时间衰减半衰期=14天,0.0
3628571,1500,2026-08-26 07:17:39,30,0x922c8fa6bafbc4251f9ea8ced4ae342326d57fad,smart_money,N,50.0,1.4,0,0,,,0,,,0,,,0,,,0,,,,,0.0,,,样本不足，暂按来源分组权重；时间衰减半衰期=14天,0.0
3628572,1500,2026-08-26 07:17:39,30,0x9237794d8e5c6eb247b20f2e5edd9ad5f530d8ec,smart_money,N,50.0,1.4,0,0,,,0,,,0,,,0,,,0,,,,,0.0,,,样本不足，暂按来源分组权重；时间衰减半衰期=14天,0.0
3628573,1500,2026-08-26 07:17:39,30,0x926fa6d5a99ca62b5839bc40bb4a4a5c72387725,smart_money,N,50.0,1.4,0,0,,,0,,,0,,,0,,,0,,,,,0.0,,,样本不足，暂按来源分组权重；时间衰减半衰期=14天,0.0
3628574,1500,2026-08-26 07:17:39,30,0x9279737f23ea2c30820b61eba072002a405a526f,smart_money,N,50.0,1.4,5,5,0.5231834442418615,-0.24761850510386565,5,0.5231834442418615,3.9798515190162083,2,0.0,0.001580477623347711,2,0.0,0.16720808241413726,0,,,3.2126983694194324,,0.0,2026-08-20 09:17:04,"NEKO,HYPE",样本不足，暂按来源分组权重；时间衰减半衰期=14天,2.765112231259428
3628575,1500,2026-08-26 07:17:39,30,0x92b585bdf2d67c0fe321108b863ca4617dd39fe9,smart_money,N,50.0,1.4,0,0,,,0,,,0,,,0,,,0,,,,,0.0,,,样本不足，暂按来源分组权重；时间衰减半衰期=14天,0.0
3628576,1500,2026-08-26 07:17:39,30,0x92bbd8110393350dda7e9c32089e95af071a9b6f,money_printer,N,50.0,1.2,2,2,0.5005158775858772,1.2735594170583175,0,,,0,,,0,,,0,,,,,0.0,2026-08-23 22:17:50,TAO,样本不足，暂按来源分组权重；时间衰减半衰期=14天,1.7763039848654874
3628577,1500,2026-08-26 07:17:39,30,0x92c7d53dc3bac14722b281e74a3feba8f7ba040e,smart_money,N,50.0,1.4,0,0,,,0,,,0,,,0,,,0,,,,,0.0,,,样本不足，暂按来源分组权重；时间衰减半衰期=14天,0.0
3628578,1500,2026-08-26 07:17:39,30,0x9321d8117e73b0c79035f0e87debcfd8dbb1d75a,money_printer,R,10.0,-1.2,38,36,0.3229684869206858,0.2134058533419918,27,0.5256811680579938,3.6793190413284353,11,0.0852815749631705,-17.83742492948055,6,0.170518348953604,-17.078462915363517,0,,,3.1590697513904744,,93.35494800589272,2026-08-25 23:17:53,"XRP,BNB,ZEC,HYPE,ETH",反向钱包：7d方向胜率和平均收益偏差；时间衰减半衰期=14天,26.49486664362232
3628579,1500,2026-08-26 07:17:39,30,0x932bdd2d5e21475e62d2fea8158fc5974507cb1a,smart_money,N,50.0,1.4,0,0,,,0,,,0,,,0,,,0,,,,,0.0,,,样本不足，暂按来源分组权重；时间衰减半衰期=14天,0.0
3628580,1500,2026-08-26 07:17:39,30,0x935729ae51eef975ccdeb481d513c75986227bfd,smart_money,N,50.0,1.4,0,0,,,0,,,0,,,0,,,0,,,,,0.0,,,样本不足，暂按来源分组权重；时间衰减半衰期=14天,0.0
3628581,1500,2026-08-26 07:17:39,30,0x936cf4fb95c30ce83f658b5bbb247e4bb381bb0f,money_printer,C,39.50995243087875,0.66,72,63,0.33246249668830397,-1.8701136439762431,40,0.11102051993179682,-3.8581927708570185,15,0.17368359568720776,0.9242752601979177,6,0.12949335602125642,2.037638742261748,0,,,-3.3857912675392368,,0.0,2026-08-26 03:18:03,"HYPE,UAVAX,ZEC,PUMP,LIT",C级：噪音偏多，降权参考，主周期=7d；时间衰减半衰期=14天,47.762655118136585
3628582,1500,2026-08-26 07:17:39,30,0x9391199d0dd197bd019d40ef624d26aca59440f3,smart_money,N,50.0,1.4,0,0,,,0,,,0,,,0,,,0,,,,,0.0,,,样本不足，暂按来源分组权重；时间衰减半衰期=14天,0.0
3628583,1500,2026-08-26 07:17:39,30,0x9392e49e3f1b146fbe1bfa8fd26660a3b6c46e96,smart_money,N,50.0,1.4,0,0,,,0,,,0,,,0,,,0,,,,,0.0,,,样本不足，暂按来源分组权重；时间衰减半衰期=14天,0.0
3628584,1500,2026-08-26 07:17:39,30,0x939cefcfae7762a3cca03372bbf14f299aa3d3a4,smart_money,N,50.0,1.4,0,0,,,0,,,0,,,0,,,0,,,,,0.0,,,样本不足，暂按来源分组权重；时间衰减半衰期=14天,0.0
3628585,1500,2026-08-26 07:17:39,30,0x939f95036d2e7b6d7419ec072bf9d967352204d2,money_printer,N,50.0,1.2,0,0,,,0,,,0,,,0,,,0,,,,,0.0,,,样本不足，暂按来源分组权重；时间衰减半衰期=14天,0.0
3628586,1500,2026-08-26 07:17:39,30,0x93af88ff7cf535323e73ce0c04824bcbd9d3546c,smart_money,N,50.0,1.4,0,0,,,0,,,0,,,0,,,0,,,,,0.0,,,样本不足，暂按来源分组权重；时间衰减半衰期=14天,0.0
3628587,1500,2026-08-26 07:17:39,30,0x93b259140d4e179a35d12313908695c1b3da6bec,smart_money,C,23.73425058058622,0.77,24,24,0.23412491704468383,-1.0262628549125767,24,0.19735535124865505,-1.4371332524792721,21,0.12847749216549825,-1.303938059445838,17,0.07286964556607696,1.22268217238023,0,,,-0.82177215460233,,0.0,2026-08-19 21:17:06,MAX,C级：噪音偏多，降权参考，主周期=15d；时间衰减半衰期=14天,9.518554517023828
3628588,1500,2026-08-26 07:17:39,30,0x93b50f731355058661ee6ee7d8cc9b32dd3093ee,smart_money,N,50.0,1.4,0,0,,,0,,,0,,,0,,,0,,,,,0.0,,,样本不足，暂按来源分组权重；时间衰减半衰期=14天,0.0
3628589,1500,2026-08-26 07:17:39,30,0x940587add074ff0c4dd973b46018af4a73a81f36,smart_money,N,50.0,1.4,0,0,,,0,,,0,,,0,,,0,,,,,0.0,,,样本不足，暂按来源分组权重；时间衰减半衰期=14天,0.0
3628590,1500,2026-08-26 07:17:39,30,0x944b5f7d8eece040aae1895c7fed03202aedf123,money_printer,N,50.0,1.2,0,0,,,0,,,0,,,0,,,0,,,,,0.0,,,样本不足，暂按来源分组权重；时间衰减半衰期=14天,0.0
3628591,1500,2026-08-26 07:17:39,30,0x9458f423df6569f053358ee9906613cd69c1ec04,money_printer,N,50.0,1.2,0,0,,,0,,,0,,,0,,,0,,,,,0.0,,,样本不足，暂按来源分组权重；时间衰减半衰期=14天,0.0
3628592,1500,2026-08-26 07:17:39,30,0x9471f70f2518846f7a076636d64e5a22787da105,smart_money,N,50.0,1.4,5,5,0.0,0.0,5,0.0,0.0,0,,,0,,,0,,,0.0,,0.0,2026-08-21 09:17:08,"KNTQ,UPUMP",样本不足，暂按来源分组权重；时间衰减半衰期=14天,3.801387194926263
3628593,1500,2026-08-26 07:17:39,30,0x9475e4bfdfadb5cf4ce7cf805044c0db5a8a6f8e,smart_money,N,50.0,1.4,0,0,,,0,,,0,,,0,,,0,,,,,0.0,,,样本不足，暂按来源分组权重；时间衰减半衰期=14天,0.0
3628594,1500,2026-08-26 07:17:39,30,0x949b82dfc04558bc4d3ca033a1b194915a3a3bee,smart_money,N,50.0,1.4,0,0,,,0,,,0,,,0,,,0,,,,,0.0,,,样本不足，暂按来源分组权重；时间衰减半衰期=14天,0.0
3628595,1500,2026-08-26 07:17:39,30,0x94ab9eb9c49efb110870cfb713933bef4414b60b,money_printer,N,50.0,1.2,0,0,,,0,,,0,,,0,,,0,,,,,0.0,,,样本不足，暂按来源分组权重；时间衰减半衰期=14天,0.0
3628596,1500,2026-08-26 07:17:39,30,0x94b60c2a5db13689bb06a73657ac1216424de5b3,smart_money,N,50.0,1.4,0,0,,,0,,,0,,,0,,,0,,,,,0.0,,,样本不足，暂按来源分组权重；时间衰减半衰期=14天,0.0
3628597,1500,2026-08-26 07:17:39,30,0x94dac1facdc4afd2614c3119447187b4143bc449,money_printer,N,50.0,1.2,0,0,,,0,,,0,,,0,,,0,,,,,0.0,,,样本不足，暂按来源分组权重；时间衰减半衰期=14天,0.0
3628598,1500,2026-08-26 07:17:39,30,0x952044eb3c860b00778ea414670a6c8c22f84ac6,money_printer,N,50.0,1.2,0,0,,,0,,,0,,,0,,,0,,,,,0.0,,,样本不足，暂按来源分组权重；时间衰减半衰期=14天,0.0
3628599,1500,2026-08-26 07:17:39,30,0x95276ba037c30f90c6dfdc83f72af9fd6cecc293,smart_money,N,50.0,1.4,8,8,0.4793378200034869,0.51724161377903,8,0.4793378200034869,0.7891007584289157,3,0.0,0.002737674081568805,3,0.0,0.462068818507519,0,,,0.5866743016900147,,0.0,2026-08-20 14:17:01,BTC,样本不足，暂按来源分组权重；时间衰减半衰期=14天,4.641326049839071
3628600,1500,2026-08-26 07:17:39,30,0x953c5152e2f8b5ed9d92976cad478a837749182a,smart_money,N,50.0,1.4,0,0,,,0,,,0,,,0,,,0,,,,,0.0,,,样本不足，暂按来源分组权重；时间衰减半衰期=14天,0.0
3628601,1500,2026-08-26 07:17:39,30,0x95748e52b4a70542c99035d092adc8d53f5d11f8,smart_money,N,50.0,1.4,0,0,,,0,,,0,,,0,,,0,,,,,0.0,,,样本不足，暂按来源分组权重；时间衰减半衰期=14天,0.0
3628602,1500,2026-08-26 07:17:39,30,0x957dc4212c332bf45fb31e0f1a77436d7ca81d8f,smart_money,N,50.0,1.4,0,0,,,0,,,0,,,0,,,0,,,,,0.0,,,样本不足，暂按来源分组权重；时间衰减半衰期=14天,0.0
3628603,1500,2026-08-26 07:17:39,30,0x95995f302ad58138d791ce49f9f3b1274e80c60a,money_printer,R,17.820600851067287,-1.2,11,10,0.34171372435570707,-2.1793991489327142,8,0.283952570807605,-3.8926648172647385,2,0.0,-10.842361135085664,1,0.0,-1.413556581383832,0,,,-3.7560480571794916,,34.76099729454859,2026-08-25 10:17:57,"ETH,BTC,SOL",反向钱包：24h方向胜率和平均收益偏差；时间衰减半衰期=14天,7.1239321114105305
3628604,1500,2026-08-26 07:17:39,30,0x95b5653dfd12b0bc13c08297869621c9650aa6bb,smart_money,N,50.0,1.4,0,0,,,0,,,0,,,0,,,0,,,,,0.0,,,样本不足，暂按来源分组权重；时间衰减半衰期=14天,0.0
3628605,1500,2026-08-26 07:17:39,30,0x95c7603944bfed303c4c93349cd61f6818931f91,smart_money,N,50.0,1.4,0,0,,,0,,,0,,,0,,,0,,,,,0.0,,,样本不足，暂按来源分组权重；时间衰减半衰期=14天,0.0
3628606,1500,2026-08-26 07:17:39,30,0x95da8596c44dd09f4b8becce87ad3b7894fb2328,smart_money,N,50.0,1.4,0,0,,,0,,,0,,,0,,,0,,,,,0.0,,,样本不足，暂按来源分组权重；时间衰减半衰期=14天,0.0
3628607,1500,2026-08-26 07:17:39,30,0x95f45c5e6bd5a932c9193d55fed1fd0428ff127f,money_printer,N,50.0,1.2,0,0,,,0,,,0,,,0,,,0,,,,,0.0,,,样本不足，暂按来源分组权重；时间衰减半衰期=14天,0.0
3628608,1500,2026-08-26 07:17:39,30,0x95fde6cf0d305078b7eeac44182a931c169dd947,money_printer,N,50.0,1.2,5,4,0.0,-11.777914534533778,3,0.676253099788366,29.584558234752226,0,,,0,,,0,,,29.166275907343152,,0.0,2026-08-25 12:17:49,UPUMP,样本不足，暂按来源分组权重；时间衰减半衰期=14天,3.2179015468586245
3628609,1500,2026-08-26 07:17:39,30,0x960bb18454cd67b5a3edb4fa802b7c0b5b10e2ee,money_printer,N,50.0,1.2,2,2,0.0,-0.268598408019231,2,0.0,-0.01995122061377284,2,0.0,0.07591812440207452,2,0.0,0.04143482363649865,0,,,-0.020509875505056452,,0.0,2026-07-28 12:16:55,SOL,样本不足，暂按来源分组权重；时间衰减半衰期=14天,0.4802735506437161
3628610,1500,2026-08-26 07:17:39,30,0x962bdd83c3943fe08b62101fd9f9a8b923a0b475,smart_money,N,50.0,1.4,0,0,,,0,,,0,,,0,,,0,,,,,0.0,,,样本不足，暂按来源分组权重；时间衰减半衰期=14天,0.0
3628611,1500,2026-08-26 07:17:39,30,0x9690bcfc1639abff887c8fb62b48ab787b2dba3f,smart_money,N,50.0,1.4,0,0,,,0,,,0,,,0,,,0,,,,,0.0,,,样本不足，暂按来源分组权重；时间衰减半衰期=14天,0.0
3628612,1500,2026-08-26 07:17:39,30,0x96a7923964dbfc5010079619e8af33ce240f79df,smart_money,N,50.0,1.4,0,0,,,0,,,0,,,0,,,0,,,,,0.0,,,样本不足，暂按来源分组权重；时间衰减半衰期=14天,0.0
3628613,1500,2026-08-26 07:17:39,30,0x96c5ecf6996df7f1851b72a86e2852e77bee4c72,smart_money,N,50.0,1.4,0,0,,,0,,,0,,,0,,,0,,,,,0.0,,,样本不足，暂按来源分组权重；时间衰减半衰期=14天,0.0
3628614,1500,2026-08-26 07:17:39,30,0x96c9487af21d18ac5f4c841af44a011968445709,smart_money,N,50.0,1.4,0,0,,,0,,,0,,,0,,,0,,,,,0.0,,,样本不足，暂按来源分组权重；时间衰减半衰期=14天,0.0
3628615,1500,2026-08-26 07:17:39,30,0x96cc8a4240b60d4aa5cf47b6af45d0d2d3e9e5a3,smart_money,N,50.0,1.4,0,0,,,0,,,0,,,0,,,0,,,,,0.0,,,样本不足，暂按来源分组权重；时间衰减半衰期=14天,0.0
3628616,1500,2026-08-26 07:17:39,30,0x96f0bee3ad9b71b0ae67de7bd4f6ce8f342dd6bf,smart_money,N,50.0,1.4,1,1,0.0,0.0,0,,,0,,,0,,,0,,,,,0.0,2026-08-24 15:17:55,KNTQ,样本不足，暂按来源分组权重；时间衰减半衰期=14天,0.9208037464598893
3628617,1500,2026-08-26 07:17:39,30,0x971df4ed6000003a6a63f9beb7609d489fbfe4bb,money_printer,N,50.0,1.2,0,0,,,0,,,0,,,0,,,0,,,,,0.0,,,样本不足，暂按来源分组权重；时间衰减半衰期=14天,0.0
3628618,1500,2026-08-26 07:17:39,30,0x972b0f9cde1266e860e546ac92e783741769400f,money_printer,N,50.0,1.2,0,0,,,0,,,0,,,0,,,0,,,,,0.0,,,样本不足，暂按来源分组权重；时间衰减半衰期=14天,0.0
3628619,1500,2026-08-26 07:17:39,30,0x9771bb15dac34345012f8a5005a5e13be6da1bda,money_printer,N,50.0,1.2,0,0,,,0,,,0,,,0,,,0,,,,,0.0,,,样本不足，暂按来源分组权重；时间衰减半衰期=14天,0.0
3628620,1500,2026-08-26 07:17:39,30,0x9793ef64d14c3b220574a604d69b692f905b0a16,smart_money,N,50.0,1.4,0,0,,,0,,,0,,,0,,,0,,,,,0.0,,,样本不足，暂按来源分组权重；时间衰减半衰期=14天,0.0
3628621,1500,2026-08-26 07:17:39,30,0x97991003fd631e2923f40cab2a4fdc35e60dc807,smart_money,N,50.0,1.4,0,0,,,0,,,0,,,0,,,0,,,,,0.0,,,样本不足，暂按来源分组权重；时间衰减半衰期=14天,0.0
3628622,1500,2026-08-26 07:17:39,30,0x97b1419998d4c804336c6c22519d28277bacebd7,smart_money,N,50.0,1.4,0,0,,,0,,,0,,,0,,,0,,,,,0.0,,,样本不足，暂按来源分组权重；时间衰减半衰期=14天,0.0
3628623,1500,2026-08-26 07:17:39,30,0x97be9c7904f9c772a3efbf9e10286b91ba8a773e,smart_money,N,50.0,1.4,0,0,,,0,,,0,,,0,,,0,,,,,0.0,,,样本不足，暂按来源分组权重；时间衰减半衰期=14天,0.0
3628624,1500,2026-08-26 07:17:39,30,0x97ee7d16c1aebdfbfa7a9f983ac5a0ec56e63b2e,smart_money,N,50.0,1.4,0,0,,,0,,,0,,,0,,,0,,,,,0.0,,,样本不足，暂按来源分组权重；时间衰减半衰期=14天,0.0
3628625,1500,2026-08-26 07:17:39,30,0x97f20f91c18093c7f738a00ffabc03eea04ec668,money_printer,N,50.0,1.2,0,0,,,0,,,0,,,0,,,0,,,,,0.0,,,样本不足，暂按来源分组权重；时间衰减半衰期=14天,0.0
3628626,1500,2026-08-26 07:17:39,30,0x97f46f90c04efb91d0d740bd263e76683ca6f904,money_printer,N,50.0,1.2,0,0,,,0,,,0,,,0,,,0,,,,,0.0,,,样本不足，暂按来源分组权重；时间衰减半衰期=14天,0.0
3628627,1500,2026-08-26 07:17:39,30,0x98256d1a9e3012398237a1720c27a3d7ed1ad905,money_printer,N,50.0,1.2,0,0,,,0,,,0,,,0,,,0,,,,,0.0,,,样本不足，暂按来源分组权重；时间衰减半衰期=14天,0.0
3628628,1500,2026-08-26 07:17:39,30,0x984e16e759ac515784f90dd88443260e482c63c1,smart_money,N,50.0,1.4,0,0,,,0,,,0,,,0,,,0,,,,,0.0,,,样本不足，暂按来源分组权重；时间衰减半衰期=14天,0.0
3628629,1500,2026-08-26 07:17:39,30,0x984f6a8aa8584dde8f1fa9b240b09f4df3ac25e5,smart_money,N,50.0,1.4,0,0,,,0,,,0,,,0,,,0,,,,,0.0,,,样本不足，暂按来源分组权重；时间衰减半衰期=14天,0.0
3628630,1500,2026-08-26 07:17:39,30,0x985f02b19dbc062e565c981aac5614baf2cf501f,money_printer,N,50.0,1.2,0,0,,,0,,,0,,,0,,,0,,,,,0.0,,,样本不足，暂按来源分组权重；时间衰减半衰期=14天,0.0
3628631,1500,2026-08-26 07:17:39,30,0x987163b6b482c30c2f5f3aa2760109668eb0091d,money_printer,N,50.0,1.2,0,0,,,0,,,0,,,0,,,0,,,,,0.0,,,样本不足，暂按来源分组权重；时间衰减半衰期=14天,0.0
3628632,1500,2026-08-26 07:17:39,30,0x98785f2a43fe32f972476b86ed5a5cfaf5240f00,smart_money,N,50.0,1.4,2,2,0.0,0.0,2,0.0,0.0,2,0.0,0.12753628175167614,1,1.0,44.77990970654629,0,,,0.0,,0.0,2026-08-15 10:17:02,UPUMP,样本不足，暂按来源分组权重；时间衰减半衰期=14天,1.037436862526877
3628633,1500,2026-08-26 07:17:39,30,0x9878b73eba4475a8ca8bb9be119c3f85df988e9d,smart_money,N,50.0,1.4,0,0,,,0,,,0,,,0,,,0,,,,,0.0,,,样本不足，暂按来源分组权重；时间衰减半衰期=14天,0.0
3628634,1500,2026-08-26 07:17:39,30,0x9887ac3b69538d77caa7f88c0688b740fb05a11f,smart_money,N,50.0,1.4,0,0,,,0,,,0,,,0,,,0,,,,,0.0,,,样本不足，暂按来源分组权重；时间衰减半衰期=14天,0.0
3628635,1500,2026-08-26 07:17:39,30,0x988caf2d1aa1ffc52c666f67d9a3e13a72ba6e04,smart_money,N,50.0,1.4,0,0,,,0,,,0,,,0,,,0,,,,,0.0,,,样本不足，暂按来源分组权重；时间衰减半衰期=14天,0.0
3628636,1500,2026-08-26 07:17:39,30,0x98c3e9986645cdfc6ff96cef60eee24205e28d4e,smart_money,N,50.0,1.4,0,0,,,0,,,0,,,0,,,0,,,,,0.0,,,样本不足，暂按来源分组权重；时间衰减半衰期=14天,0.0
3628637,1500,2026-08-26 07:17:39,30,0x98d0e60828e17d1deba5b3924536909fe1387830,smart_money,N,50.0,1.4,0,0,,,0,,,0,,,0,,,0,,,,,0.0,,,样本不足，暂按来源分组权重；时间衰减半衰期=14天,0.0
3628638,1500,2026-08-26 07:17:39,30,0x98de2e6749be6bd822fd65bfc957210f48bac007,money_printer,N,50.0,1.2,0,0,,,0,,,0,,,0,,,0,,,,,0.0,,,样本不足，暂按来源分组权重；时间衰减半衰期=14天,0.0
3628639,1500,2026-08-26 07:17:39,30,0x99223bf50978618ce3dedc9d05a29717a23a9882,smart_money,N,50.0,1.4,0,0,,,0,,,0,,,0,,,0,,,,,0.0,,,样本不足，暂按来源分组权重；时间衰减半衰期=14天,0.0
3628640,1500,2026-08-26 07:17:39,30,0x995a826fc3dd9cf4f26948dd187a08129ecc37e4,smart_money,N,50.0,1.4,0,0,,,0,,,0,,,0,,,0,,,,,0.0,,,样本不足，暂按来源分组权重；时间衰减半衰期=14天,0.0
3628641,1500,2026-08-26 07:17:39,30,0x996a189d8111a11e33ce2d37af415da0d608cdae,smart_money,N,50.0,1.4,0,0,,,0,,,0,,,0,,,0,,,,,0.0,,,样本不足，暂按来源分组权重；时间衰减半衰期=14天,0.0
3628642,1500,2026-08-26 07:17:39,30,0x9970d443386312f7839f3adbe2d607b024ac20c6,smart_money,N,50.0,1.4,0,0,,,0,,,0,,,0,,,0,,,,,0.0,,,样本不足，暂按来源分组权重；时间衰减半衰期=14天,0.0
3628643,1500,2026-08-26 07:17:39,30,0x999510ad3dd8c94a6659d6401d983137565283e3,smart_money,N,50.0,1.4,2,2,0.0,-4.639083710288667,1,0.0,1.9207562349155236,0,,,0,,,0,,,1.9207562349155236,,0.0,2026-08-23 07:17:51,BUDDY,样本不足，暂按来源分组权重；时间衰减半衰期=14天,1.6789224308872839
3628644,1500,2026-08-26 07:17:39,30,0x99967871e6c4f9a5185abc57edede9e9540191f6,money_printer,R,18.98694220952925,-1.2,10,10,0.36124094157923653,-1.0130577904707514,9,0.41862575269785085,3.701419059964809,3,0.2885033722711086,2.0562351586117082,3,0.0,-2.82134980154312,0,,,2.826260122761037,,22.305911671088168,2026-08-23 15:17:51,"LIT,NEKO",反向钱包：24h方向胜率和平均收益偏差；时间衰减半衰期=14天,6.392826597145797
3628645,1500,2026-08-26 07:17:39,30,0x999da2f91628addf7a5df3194084eddd694066f2,money_printer,N,50.0,1.2,0,0,,,0,,,0,,,0,,,0,,,,,0.0,,,样本不足，暂按来源分组权重；时间衰减半衰期=14天,0.0
3628646,1500,2026-08-26 07:17:39,30,0x99b1098d9d50aa076f78bd26ab22e6abd3710729,money_printer,N,50.0,1.2,0,0,,,0,,,0,,,0,,,0,,,,,0.0,,,样本不足，暂按来源分组权重；时间衰减半衰期=14天,0.0
3628647,1500,2026-08-26 07:17:39,30,0x99b3ba1c1b7ad83d0164d996e3d271ae8c842551,money_printer,N,50.0,1.2,0,0,,,0,,,0,,,0,,,0,,,,,0.0,,,样本不足，暂按来源分组权重；时间衰减半衰期=14天,0.0
3628648,1500,2026-08-26 07:17:39,30,0x99bfe8e92dcd439ec785c8d809ee2b4c929734c3,smart_money,N,50.0,1.4,0,0,,,0,,,0,,,0,,,0,,,,,0.0,,,样本不足，暂按来源分组权重；时间衰减半衰期=14天,0.0
3628649,1500,2026-08-26 07:17:39,30,0x99c641913b895b0180d6c8ece787a36dd8f99344,money_printer,N,50.0,1.2,0,0,,,0,,,0,,,0,,,0,,,,,0.0,,,样本不足，暂按来源分组权重；时间衰减半衰期=14天,0.0
3628650,1500,2026-08-26 07:17:39,30,0x99d7a0e9fd6df0fe58548593ffbb795a47ebfc5b,smart_money,N,50.0,1.4,0,0,,,0,,,0,,,0,,,0,,,,,0.0,,,样本不足，暂按来源分组权重；时间衰减半衰期=14天,0.0
3628651,1500,2026-08-26 07:17:39,30,0x99df385a3cb3a44d79532f2fa698c248c31909b2,smart_money,N,50.0,1.4,0,0,,,0,,,0,,,0,,,0,,,,,0.0,,,样本不足，暂按来源分组权重；时间衰减半衰期=14天,0.0
3628652,1500,2026-08-26 07:17:39,30,0x99e4df374b19aadd7a4dc61a9234e00afee93156,smart_money,N,50.0,1.4,0,0,,,0,,,0,,,0,,,0,,,,,0.0,,,样本不足，暂按来源分组权重；时间衰减半衰期=14天,0.0
3628653,1500,2026-08-26 07:17:39,30,0x9a0825ca6c4c577a1202a8fae3b8f044c1d5711d,smart_money,N,50.0,1.4,0,0,,,0,,,0,,,0,,,0,,,,,0.0,,,样本不足，暂按来源分组权重；时间衰减半衰期=14天,0.0
3628654,1500,2026-08-26 07:17:39,30,0x9a31f7aff78fd464bbceb398e11b82ba633c6525,smart_money,C,57.21395065681915,0.77,83,77,0.34327584817024964,-0.6827582101758042,61,0.3503568374590603,0.027857288195915583,16,0.11901872951256501,5.572807860937421,13,0.257768741843089,1.9957554811424285,0,,,0.08168334670160826,,0.0,2026-08-25 22:17:55,"XRP,DOGE",C级：噪音偏多，降权参考，主周期=15d；时间衰减半衰期=14天,56.123906173951674
3628655,1500,2026-08-26 07:17:39,30,0x9a3664a58b6a6579319c44bdd06a381ec8b47b6a,smart_money,N,50.0,1.4,0,0,,,0,,,0,,,0,,,0,,,,,0.0,,,样本不足，暂按来源分组权重；时间衰减半衰期=14天,0.0
3628656,1500,2026-08-26 07:17:39,30,0x9a377ec81c1bd51d31170bf8d7a7b6c5fbaded9b,smart_money,N,50.0,1.4,0,0,,,0,,,0,,,0,,,0,,,,,0.0,,,样本不足，暂按来源分组权重；时间衰减半衰期=14天,0.0
3628657,1500,2026-08-26 07:17:39,30,0x9a51b0dc3545cb8e9b0382b42c91f9e39a92efd6,smart_money,N,50.0,1.4,0,0,,,0,,,0,,,0,,,0,,,,,0.0,,,样本不足，暂按来源分组权重；时间衰减半衰期=14天,0.0
3628658,1500,2026-08-26 07:17:39,30,0x9a568bfeb8cb19e4bafcb57ee69498d57d9591ca,smart_money,N,50.0,1.4,0,0,,,0,,,0,,,0,,,0,,,,,0.0,,,样本不足，暂按来源分组权重；时间衰减半衰期=14天,0.0
3628659,1500,2026-08-26 07:17:39,30,0x9a770e9cd5d05e9e5636b87c822bafb53e02bdc9,smart_money,N,50.0,1.4,0,0,,,0,,,0,,,0,,,0,,,,,0.0,,,样本不足，暂按来源分组权重；时间衰减半衰期=14天,0.0
3628660,1500,2026-08-26 07:17:39,30,0x9ab1c356e6af86361446497fce954b3cdf940206,money_printer,R,19.768418122789615,-1.2,10,10,0.0,-0.23158187721038495,8,0.1811520864431473,0.7518772716273966,6,0.2064985205315125,0.2706361595990661,4,0.5123767438270082,0.2615511703724473,0,,,0.4735666555136534,,73.85265501768308,2026-08-24 22:17:53,BRIDGE,反向钱包：24h方向胜率和平均收益偏差；时间衰减半衰期=14天,6.1151130468830015
3628661,1500,2026-08-26 07:17:39,30,0x9abb9d9c10d1512148e9e0074547f0e6785c84d8,smart_money,N,50.0,1.4,0,0,,,0,,,0,,,0,,,0,,,,,0.0,,,样本不足，暂按来源分组权重；时间衰减半衰期=14天,0.0
3628662,1500,2026-08-26 07:17:39,30,0x9aca58e24ff5845f245e7c2c897fef1bc59b3555,smart_money,N,50.0,1.4,0,0,,,0,,,0,,,0,,,0,,,,,0.0,,,样本不足，暂按来源分组权重；时间衰减半衰期=14天,0.0
3628663,1500,2026-08-26 07:17:39,30,0x9afb4e4eda99fdeec1343bc7de4108beacec1d70,smart_money,N,50.0,1.4,8,7,0.0,-0.3179248225061089,6,0.0,0.2019731518783824,4,0.0,0.07180255363373365,2,0.5,22.389954853273146,0,,,0.1500515802307047,,0.0,2026-08-25 12:17:49,"UPUMP,KNTQ",样本不足，暂按来源分组权重；时间衰减半衰期=14天,4.289082217312869
3628664,1500,2026-08-26 07:17:39,30,0x9b28837deb55b014f7a37f2812d6ec042ce87ca1,smart_money,N,50.0,1.4,0,0,,,0,,,0,,,0,,,0,,,,,0.0,,,样本不足，暂按来源分组权重；时间衰减半衰期=14天,0.0
3628665,1500,2026-08-26 07:17:39,30,0x9b5b1931fa5838a891973f9877c7648c93ee80cc,smart_money,N,50.0,1.4,0,0,,,0,,,0,,,0,,,0,,,,,0.0,,,样本不足，暂按来源分组权重；时间衰减半衰期=14天,0.0
3628666,1500,2026-08-26 07:17:39,30,0x9b745bea23ab438b0b3b9527ad7ab637b52cfcb1,smart_money,N,50.0,1.4,0,0,,,0,,,0,,,0,,,0,,,,,0.0,,,样本不足，暂按来源分组权重；时间衰减半衰期=14天,0.0
3628667,1500,2026-08-26 07:17:39,30,0x9b864dde6ed1c21608b1665a0ac0faa4f7e36e6e,smart_money,N,50.0,1.4,8,5,0.3890171695501174,0.6666627768807073,4,0.3963537616903894,15.575330153790716,3,0.0,-1.363519577475644,3,0.3150299099437717,-17.590752269028744,0,,,8.546657171233832,,0.0,2026-08-25 22:17:55,"ZEC,KNTQ",样本不足，暂按来源分组权重；时间衰减半衰期=14天,2.734488005613419
3628668,1500,2026-08-26 07:17:39,30,0x9b883651182137f33efda174f831d9918182afe0,smart_money,N,50.0,1.4,0,0,,,0,,,0,,,0,,,0,,,,,0.0,,,样本不足，暂按来源分组权重；时间衰减半衰期=14天,0.0
3628669,1500,2026-08-26 07:17:39,30,0x9bbb821a51d9c0ef24dd8592e9caad7fc469bbf2,smart_money,N,50.0,1.4,3,3,0.0,-4.1046086597128575,1,0.0,-0.873082519759735,0,,,0,,,0,,,-0.873082519759735,,0.0,2026-08-24 19:18:15,ZEC,样本不足，暂按来源分组权重；时间衰减半衰期=14天,2.663166457863206
3628670,1500,2026-08-26 07:17:39,30,0x9bd2ee53f6c6aa778209b8673f6c7df754830c88,smart_money,C,67.4271534552547,0.77,22,21,0.5723355452677266,0.49009137608283976,21,0.47131771330783634,0.15316605519032941,0,,,0,,,0,,,0.21035090615308594,,0.0,2026-08-25 10:17:57,"HYPE,ZEC",C级：噪音偏多，降权参考，主周期=72h；时间衰减半衰期=14天,16.47911854749087
3628671,1500,2026-08-26 07:17:39,30,0x9c16bc8f1104e4d2f72267eb981fa12de7cc4a6f,money_printer,N,50.0,1.2,0,0,,,0,,,0,,,0,,,0,,,,,0.0,,,样本不足，暂按来源分组权重；时间衰减半衰期=14天,0.0
3628672,1500,2026-08-26 07:17:39,30,0x9c2a2a966ed8e47f0c8b7e2ec2b91424f229f6a8,money_printer,C,46.86655967071267,0.66,31,30,0.5519071425878304,0.23615015290820304,29,0.407638398045088,0.19435561528328996,8,0.0,0.8817405170836503,8,0.0,1.6929293549564592,0,,,-0.10990402732414006,,0.0,2026-08-25 08:17:48,"SOL,ETH,BTC,XRP,ZEC",C级：噪音偏多，降权参考，主周期=72h；时间衰减半衰期=14天,19.208280761364033
3628673,1500,2026-08-26 07:17:39,30,0x9c3c0be3f3c5f56458f51fa7fbb4bacf2084e56f,smart_money,N,50.0,1.4,4,3,0.30557996993625114,-0.25639002657485704,2,0.499482976338658,-0.8347953671915791,0,,,0,,,0,,,-0.7933536157266552,,0.0,2026-08-25 18:18:11,"XRP,KNTQ",样本不足，暂按来源分组权重；时间衰减半衰期=14天,2.3719374157154043
3628674,1500,2026-08-26 07:17:39,30,0x9c6d11eac2d056caebb8b4b9a614ece5262f6a98,money_printer,N,50.0,1.2,0,0,,,0,,,0,,,0,,,0,,,,,0.0,,,样本不足，暂按来源分组权重；时间衰减半衰期=14天,0.0
3628675,1500,2026-08-26 07:17:39,30,0x9c972d06eceee9dc08e2d295742d2045f8e54fa2,smart_money,N,50.0,1.4,4,4,0.35331840190417124,-2.1322457639110914,4,0.35331840190417124,0.9195399059756737,2,0.0,0.001580477623347711,2,0.0,0.16720808241413726,0,,,0.8733121672360276,,0.0,2026-08-20 09:17:04,NEKO,样本不足，暂按来源分组权重；时间衰减半衰期=14天,2.0387951261888952
3628676,1500,2026-08-26 07:17:39,30,0x9cbf099ff424979439dfba03f00b5961784c06ce,money_printer,N,50.0,1.2,0,0,,,0,,,0,,,0,,,0,,,,,0.0,,,样本不足，暂按来源分组权重；时间衰减半衰期=14天,0.0
3628677,1500,2026-08-26 07:17:39,30,0x9cc46eed6d6f0c7638779964930904f526e7b125,smart_money,N,50.0,1.4,0,0,,,0,,,0,,,0,,,0,,,,,0.0,,,样本不足，暂按来源分组权重；时间衰减半衰期=14天,0.0
3628678,1500,2026-08-26 07:17:39,30,0x9cc53c5af67fb83a16cc41f61e242bade875ab3d,money_printer,R,18.59563164493456,-1.2,58,58,0.1477101327236209,-0.05400928419455894,58,0.17615635012642494,-0.5085679130367545,56,0.20554496875171507,-0.3947431653272863,39,0.162975887445707,-1.4043683550654404,0,,,-0.2513763450207668,,57.1588048492104,2026-08-19 16:17:05,BTC,反向钱包：15d方向胜率和平均收益偏差；时间衰减半衰期=14天,22.87909734080212
3628679,1500,2026-08-26 07:17:39,30,0x9cd0a696c7cbb9d44de99268194cb08e5684e5fe,money_printer,N,50.0,1.2,0,0,,,0,,,0,,,0,,,0,,,,,0.0,,,样本不足，暂按来源分组权重；时间衰减半衰期=14天,0.0
3628680,1500,2026-08-26 07:17:39,30,0x9d1792626cc8bfb29acc7e5e7a2f706bb6ada290,smart_money,N,50.0,1.4,0,0,,,0,,,0,,,0,,,0,,,,,0.0,,,样本不足，暂按来源分组权重；时间衰减半衰期=14天,0.0
3628681,1500,2026-08-26 07:17:39,30,0x9d25fdd3e862b690759fae43e2db73bc75909b0e,smart_money,N,50.0,1.4,0,0,,,0,,,0,,,0,,,0,,,,,0.0,,,样本不足，暂按来源分组权重；时间衰减半衰期=14天,0.0
3628682,1500,2026-08-26 07:17:39,30,0x9d6086239968f79c0c4a6883653f5c3270331692,smart_money,N,50.0,1.4,0,0,,,0,,,0,,,0,,,0,,,,,0.0,,,样本不足，暂按来源分组权重；时间衰减半衰期=14天,0.0
3628683,1500,2026-08-26 07:17:39,30,0x9d6468a5ab22fb02f990a778039443d264ef31fe,smart_money,N,50.0,1.4,1,1,0.0,-5.586816720257244,0,,,0,,,0,,,0,,,,,0.0,2026-08-24 14:18:04,PUMP,样本不足，暂按来源分组权重；时间衰减半衰期=14天,0.9189108825064247
3628684,1500,2026-08-26 07:17:39,30,0x9d732bed515e8f66ad2b60cda96a4ef3c31e729f,money_printer,N,50.0,1.2,0,0,,,0,,,0,,,0,,,0,,,,,0.0,,,样本不足，暂按来源分组权重；时间衰减半衰期=14天,0.0
3628685,1500,2026-08-26 07:17:39,30,0x9da9ccc7563bc4c420a7a30819d3875d9499f376,smart_money,N,50.0,1.4,0,0,,,0,,,0,,,0,,,0,,,,,0.0,,,样本不足，暂按来源分组权重；时间衰减半衰期=14天,0.0
3628686,1500,2026-08-26 07:17:39,30,0x9db81630393e5cdb66b4e959c556b089c2005c80,smart_money,N,50.0,1.4,0,0,,,0,,,0,,,0,,,0,,,,,0.0,,,样本不足，暂按来源分组权重；时间衰减半衰期=14天,0.0
3628687,1500,2026-08-26 07:17:39,30,0x9db82c502472d76742fdd69609dfcc6e01327401,smart_money,N,50.0,1.4,8,6,0.0,0.0,2,0.0,0.0,1,0.0,0.0,0,,,0,,,0.0,,0.0,2026-08-25 19:17:55,KNTQ,样本不足，暂按来源分组权重；时间衰减半衰期=14天,4.849231484092425
3628688,1500,2026-08-26 07:17:39,30,0x9dcf1c87b82a35519a430457c1157f21e68f302d,money_printer,N,50.0,1.2,0,0,,,0,,,0,,,0,,,0,,,,,0.0,,,样本不足，暂按来源分组权重；时间衰减半衰期=14天,0.0
3628689,1500,2026-08-26 07:17:39,30,0x9dea4d13ac1c469b7fe9049d43835df1be143ec0,money_printer,N,50.0,1.2,0,0,,,0,,,0,,,0,,,0,,,,,0.0,,,样本不足，暂按来源分组权重；时间衰减半衰期=14天,0.0
3628690,1500,2026-08-26 07:17:39,30,0x9dead8fffcbf130e7658f672d2c081d91178d617,smart_money,N,50.0,1.4,5,5,0.36430365760591166,-0.21137376643722422,4,0.3088049212731813,-0.2837061642529042,2,0.0,-0.08080985109194394,2,0.5010320405913844,-0.8967556504942489,0,,,-0.17012597937216345,,0.0,2026-08-23 12:17:54,"HYPE,BTC",样本不足，暂按来源分组权重；时间衰减半衰期=14天,3.296841158066002
3628691,1500,2026-08-26 07:17:39,30,0x9df286bcee3b6b20eddcbe763ddd3a30ef3bc665,money_printer,N,50.0,1.2,1,1,0.0,-5.113532845237696,1,0.0,-7.890279699045186,0,,,0,,,0,,,-7.890279699045186,,0.0,2026-08-21 12:17:01,HYPE,样本不足，暂按来源分组权重；时间衰减半衰期=14天,0.7887864532161104
3628692,1500,2026-08-26 07:17:39,30,0x9e02aca9865e1859bb7865f6f64801e804a173df,smart_money,N,50.0,1.4,0,0,,,0,,,0,,,0,,,0,,,,,0.0,,,样本不足，暂按来源分组权重；时间衰减半衰期=14天,0.0
3628693,1500,2026-08-26 07:17:39,30,0x9e1fdc4ed12d7cb16d30542254781eb7d0f3290c,smart_money,N,50.0,1.4,0,0,,,0,,,0,,,0,,,0,,,,,0.0,,,样本不足，暂按来源分组权重；时间衰减半衰期=14天,0.0
3628694,1500,2026-08-26 07:17:39,30,0x9e2cbb5d800181c1ef21b25010dc4ea80eeb5508,money_printer,R,16.224902160034507,-1.2,27,25,0.5384886333550296,0.762747281147936,24,0.46081245264550996,0.3350223582781415,14,0.0,-0.14322102924036142,14,0.24746194259060245,-3.7750978399654933,0,,,-0.10096744737841679,,62.60687190522756,2026-08-25 20:17:51,"HYPE,BTC,ETH",反向钱包：15d方向胜率和平均收益偏差；时间衰减半衰期=14天,13.08908834878885
3628695,1500,2026-08-26 07:17:39,30,0x9e2f8a58da8192b1aac60505700184bd00399781,money_printer,N,50.0,1.2,0,0,,,0,,,0,,,0,,,0,,,,,0.0,,,样本不足，暂按来源分组权重；时间衰减半衰期=14天,0.0
3628696,1500,2026-08-26 07:17:39,30,0x9e5bb5fcbbb88cdf81b19e55e7e07d716945743e,smart_money,N,50.0,1.4,0,0,,,0,,,0,,,0,,,0,,,,,0.0,,,样本不足，暂按来源分组权重；时间衰减半衰期=14天,0.0
3628697,1500,2026-08-26 07:17:39,30,0x9e74a6a1df3c2545ec4e8e54a1502967c7ad15e1,smart_money,N,50.0,1.4,0,0,,,0,,,0,,,0,,,0,,,,,0.0,,,样本不足，暂按来源分组权重；时间衰减半衰期=14天,0.0
3628698,1500,2026-08-26 07:17:39,30,0x9e8b1e51c642f4c8b87c6ba11c53d516a218afc4,money_printer,N,50.0,1.2,3,2,1.0,9.950514817304585,2,1.0,6.840141989179187,0,,,0,,,0,,,6.8401419891791875,,0.0,2026-08-25 15:17:58,"NEAR,ADA,ZEC",样本不足，暂按来源分组权重；时间衰减半衰期=14天,1.5581675378955904
3628699,1500,2026-08-26 07:17:39,30,0x9eb42f017e793512e4734f8785de605c4cb3a24e,smart_money,N,50.0,1.4,0,0,,,0,,,0,,,0,,,0,,,,,0.0,,,样本不足，暂按来源分组权重；时间衰减半衰期=14天,0.0
3628700,1500,2026-08-26 07:17:39,30,0x9ef0c73fb9c3b96dde6b709fa89df72dd2a855e4,smart_money,N,50.0,1.4,0,0,,,0,,,0,,,0,,,0,,,,,0.0,,,样本不足，暂按来源分组权重；时间衰减半衰期=14天,0.0
3628701,1500,2026-08-26 07:17:39,30,0x9f1dc0c50e6814cfe14edfe2e4b4431bc6b8122f,smart_money,N,50.0,1.4,0,0,,,0,,,0,,,0,,,0,,,,,0.0,,,样本不足，暂按来源分组权重；时间衰减半衰期=14天,0.0
3628702,1500,2026-08-26 07:17:39,30,0x9f4609b8c7da49d2bc9103692bcd0e45027586dd,smart_money,N,50.0,1.4,0,0,,,0,,,0,,,0,,,0,,,,,0.0,,,样本不足，暂按来源分组权重；时间衰减半衰期=14天,0.0
3628703,1500,2026-08-26 07:17:39,30,0x9fb1750da6266a05601855bb62767ebc742707b1,money_printer,N,50.0,1.2,0,0,,,0,,,0,,,0,,,0,,,,,0.0,,,样本不足，暂按来源分组权重；时间衰减半衰期=14天,0.0
3628704,1500,2026-08-26 07:17:39,30,0x9fd7be134d8d4ddb8fa8d093e348c899716f6b0b,smart_money,N,50.0,1.4,0,0,,,0,,,0,,,0,,,0,,,,,0.0,,,样本不足，暂按来源分组权重；时间衰减半衰期=14天,0.0
3628705,1500,2026-08-26 07:17:39,30,0x9fde8e59c61c290c435c2d953e70a3873e06a572,smart_money,N,50.0,1.4,0,0,,,0,,,0,,,0,,,0,,,,,0.0,,,样本不足，暂按来源分组权重；时间衰减半衰期=14天,0.0
3628706,1500,2026-08-26 07:17:39,30,0x9fdf0c5b09d9a9432bf3ba5180ee34036fc3ab9d,smart_money,N,50.0,1.4,0,0,,,0,,,0,,,0,,,0,,,,,0.0,,,样本不足，暂按来源分组权重；时间衰减半衰期=14天,0.0
3628707,1500,2026-08-26 07:17:39,30,0xa0273bcc0a3f0acd195a302f72c86afbd632aaa3,smart_money,N,50.0,1.4,0,0,,,0,,,0,,,0,,,0,,,,,0.0,,,样本不足，暂按来源分组权重；时间衰减半衰期=14天,0.0
3628708,1500,2026-08-26 07:17:39,30,0xa028c2cb889ac9188e8c3578952da48299d7309e,smart_money,N,50.0,1.4,0,0,,,0,,,0,,,0,,,0,,,,,0.0,,,样本不足，暂按来源分组权重；时间衰减半衰期=14天,0.0
3628709,1500,2026-08-26 07:17:39,30,0xa03236e2daca8f5583bd4654a0f2c9d96c6702aa,smart_money,N,50.0,1.4,2,2,0.0,-2.934921882025733,2,0.4450368358553219,7.938766565681528,1,1.0,33.42430324048804,0,,,0,,,9.39740306900512,,0.0,2026-08-21 19:17:16,HYPE,样本不足，暂按来源分组权重；时间衰减半衰期=14天,1.4420173207837115
3628710,1500,2026-08-26 07:17:39,30,0xa0479b2c614cbd03ceab36ae5a6d0822035e553c,smart_money,N,50.0,1.4,2,2,1.0,3.6570220794762873,2,0.4798999141852818,6.9265078969480625,0,,,0,,,0,,,7.163157070417331,,0.0,2026-08-21 08:17:02,BTC,样本不足，暂按来源分组权重；时间衰减半衰期=14天,1.5041428248341837
3628711,1500,2026-08-26 07:17:39,30,0xa04cc046c32dc706c65324ae6352d3d78e0c2013,smart_money,N,50.0,1.4,0,0,,,0,,,0,,,0,,,0,,,,,0.0,,,样本不足，暂按来源分组权重；时间衰减半衰期=14天,0.0
3628712,1500,2026-08-26 07:17:39,30,0xa0ca3dcba02de989e35eb3810ad762a222315075,money_printer,N,50.0,1.2,0,0,,,0,,,0,,,0,,,0,,,,,0.0,,,样本不足，暂按来源分组权重；时间衰减半衰期=14天,0.0
3628713,1500,2026-08-26 07:17:39,30,0xa0d669521cb00bfe43e5fa3bd573dc01dfe6567c,smart_money,N,50.0,1.4,0,0,,,0,,,0,,,0,,,0,,,,,0.0,,,样本不足，暂按来源分组权重；时间衰减半衰期=14天,0.0
3628714,1500,2026-08-26 07:17:39,30,0xa0f2e2f7b3ab58e3e52b74f08d94ae52778d46df,smart_money,N,50.0,1.4,0,0,,,0,,,0,,,0,,,0,,,,,0.0,,,样本不足，暂按来源分组权重；时间衰减半衰期=14天,0.0
3628715,1500,2026-08-26 07:17:39,30,0xa100c54fcea537adad0743c9745c83195b278b66,smart_money,N,50.0,1.4,0,0,,,0,,,0,,,0,,,0,,,,,0.0,,,样本不足，暂按来源分组权重；时间衰减半衰期=14天,0.0
3628716,1500,2026-08-26 07:17:39,30,0xa11f83cbb07fd0327415bd424b986132e009f643,smart_money,N,50.0,1.4,0,0,,,0,,,0,,,0,,,0,,,,,0.0,,,样本不足，暂按来源分组权重；时间衰减半衰期=14天,0.0
3628717,1500,2026-08-26 07:17:39,30,0xa12156da455437e075d243f7091a667c7121a73c,smart_money,N,50.0,1.4,0,0,,,0,,,0,,,0,,,0,,,,,0.0,,,样本不足，暂按来源分组权重；时间衰减半衰期=14天,0.0
3628718,1500,2026-08-26 07:17:39,30,0xa169b50ddb987b06e1c6821403fcba218a4f1e3d,smart_money,N,50.0,1.4,0,0,,,0,,,0,,,0,,,0,,,,,0.0,,,样本不足，暂按来源分组权重；时间衰减半衰期=14天,0.0
3628719,1500,2026-08-26 07:17:39,30,0xa1d22621c9b077ce4ac468908114a82b2de4a8db,smart_money,N,50.0,1.4,0,0,,,0,,,0,,,0,,,0,,,,,0.0,,,样本不足，暂按来源分组权重；时间衰减半衰期=14天,0.0
3628720,1500,2026-08-26 07:17:39,30,0xa1d4fc32f21d9d77a4c20a6ac4b748815912c07c,smart_money,N,50.0,1.4,0,0,,,0,,,0,,,0,,,0,,,,,0.0,,,样本不足，暂按来源分组权重；时间衰减半衰期=14天,0.0
3628721,1500,2026-08-26 07:17:39,30,0xa20fb0c9e04063eec5be286e9269028d966646fa,money_printer,N,50.0,1.2,2,2,0.0,-0.3361605500294427,2,0.0,0.9057562011069392,2,0.0,-1.8057067335192896,2,0.5605575057017275,6.77444760295892,0,,,0.9189734477242629,,0.0,2026-08-09 23:16:51,BNB,样本不足，暂按来源分组权重；时间衰减半衰期=14天,0.7946323120266477
3628722,1500,2026-08-26 07:17:39,30,0xa215ce4eac3900ac8a5e76f621eb8498be16aa51,smart_money,N,50.0,1.4,1,1,1.0,1.0447715330485863,1,0.0,0.5546507697507916,1,0.0,0.7543865040100743,1,0.0,2.611928832621457,0,,,0.5546507697507916,,0.0,2026-07-29 20:17:01,TRX,样本不足，暂按来源分组权重；时间衰减半衰期=14天,0.25678966787920204
3628723,1500,2026-08-26 07:17:39,30,0xa237f4cc7bbc930fd531b1a36f31e54f778fc431,smart_money,C,31.755657379826147,0.77,26,24,0.0583243393182558,-0.46664418104420924,22,0.14227847379950118,0.4846116917213791,18,0.07594780555284504,0.09965682364815508,13,0.1931325443741343,0.12036918156849545,0,,,0.33099008695696974,,0.0,2026-08-25 23:17:53,"UANSEM,BRIDGE,NEKO,HYPE",C级：噪音偏多，降权参考，主周期=15d；时间衰减半衰期=14天,12.350655733353546
3628724,1500,2026-08-26 07:17:39,30,0xa243ecc646b1ce99c8c2810b6581cce76ec6f989,smart_money,N,50.0,1.4,0,0,,,0,,,0,,,0,,,0,,,,,0.0,,,样本不足，暂按来源分组权重；时间衰减半衰期=14天,0.0
3628725,1500,2026-08-26 07:17:39,30,0xa24c5ca26c41cc52aeac1d6886d37f6dd5d6949f,smart_money,N,50.0,1.4,0,0,,,0,,,0,,,0,,,0,,,,,0.0,,,样本不足，暂按来源分组权重；时间衰减半衰期=14天,0.0
3628726,1500,2026-08-26 07:17:39,30,0xa2a7c751da5c4add00d1c8cb9a0110fb2c233f51,smart_money,N,50.0,1.4,1,1,1.0,1.8598637426028086,1,0.0,-0.22875329454472815,1,0.0,-0.9970659903525738,0,,,0,,,-0.22875329454472815,,0.0,2026-08-11 09:17:16,XRP,样本不足，暂按来源分组权重；时间衰减半衰期=14天,0.47780862285136555
3628727,1500,2026-08-26 07:17:39,30,0xa2d1dd0f09239349354b662f75fbd81f3dbc824e,smart_money,N,50.0,1.4,0,0,,,0,,,0,,,0,,,0,,,,,0.0,,,样本不足，暂按来源分组权重；时间衰减半衰期=14天,0.0
3628728,1500,2026-08-26 07:17:39,30,0xa2e81e888f4a757bbad012ea9b193e7ab93f1468,money_printer,N,50.0,1.2,0,0,,,0,,,0,,,0,,,0,,,,,0.0,,,样本不足，暂按来源分组权重；时间衰减半衰期=14天,0.0
3628729,1500,2026-08-26 07:17:39,30,0xa3099587930a877e75ff4084c7b22505b72c2eca,smart_money,N,50.0,1.4,0,0,,,0,,,0,,,0,,,0,,,,,0.0,,,样本不足，暂按来源分组权重；时间衰减半衰期=14天,0.0
3628730,1500,2026-08-26 07:17:39,30,0xa30ecf14316316f355b33eb6f5fb4f6e8ed8be51,smart_money,N,50.0,1.4,0,0,,,0,,,0,,,0,,,0,,,,,0.0,,,样本不足，暂按来源分组权重；时间衰减半衰期=14天,0.0
3628731,1500,2026-08-26 07:17:39,30,0xa312114b5795dff9b8db50474dd57701aa78ad1e,money_printer,N,50.0,1.2,7,7,0.1578397771484506,-14.592160026406056,7,0.1578397771484506,-19.43650220990596,1,1.0,8.62526168876482,1,1.0,6.6670245316442,0,,,-17.468988784436988,,0.0,2026-08-21 17:17:02,"ZEC,HYPE",样本不足，暂按来源分组权重；时间衰减半衰期=14天,4.915623251473632
3628732,1500,2026-08-26 07:17:39,30,0xa31441e058492bc7cfffda9aa7623c407ae83a81,money_printer,N,50.0,1.2,0,0,,,0,,,0,,,0,,,0,,,,,0.0,,,样本不足，暂按来源分组权重；时间衰减半衰期=14天,0.0
3628733,1500,2026-08-26 07:17:39,30,0xa31981ba7aca4c3d1e3594fb5bfe295e1f611314,money_printer,N,50.0,1.2,0,0,,,0,,,0,,,0,,,0,,,,,0.0,,,样本不足，暂按来源分组权重；时间衰减半衰期=14天,0.0
3628734,1500,2026-08-26 07:17:39,30,0xa32533a01bfca623badfaba89fa28c079b8671f7,smart_money,N,50.0,1.4,0,0,,,0,,,0,,,0,,,0,,,,,0.0,,,样本不足，暂按来源分组权重；时间衰减半衰期=14天,0.0
3628735,1500,2026-08-26 07:17:39,30,0xa33a2a0179eb17700f12877f3c331b295037ee7b,smart_money,N,50.0,1.4,0,0,,,0,,,0,,,0,,,0,,,,,0.0,,,样本不足，暂按来源分组权重；时间衰减半衰期=14天,0.0
3628736,1500,2026-08-26 07:17:39,30,0xa33a4a057334c7811ad5f45f3c4f0dfa3d081ff8,money_printer,N,50.0,1.2,0,0,,,0,,,0,,,0,,,0,,,,,0.0,,,样本不足，暂按来源分组权重；时间衰减半衰期=14天,0.0
3628737,1500,2026-08-26 07:17:39,30,0xa351db10472a07059ea099e0581444e568bff894,money_printer,N,50.0,1.2,1,1,0.0,-4.860131533148915,1,0.0,-23.410335794236715,0,,,0,,,0,,,-23.410335794236715,,0.0,2026-08-20 14:17:01,LIT,样本不足，暂按来源分组权重；时间衰减半衰期=14天,0.7537878726396792
3628738,1500,2026-08-26 07:17:39,30,0xa3555141f2ea7ed01e1d5a6589c4355ccaa31bf5,smart_money,N,50.0,1.4,0,0,,,0,,,0,,,0,,,0,,,,,0.0,,,样本不足，暂按来源分组权重；时间衰减半衰期=14天,0.0
3628739,1500,2026-08-26 07:17:39,30,0xa3609cf7872faa7804281c7c5edb8b2d33001089,money_printer,N,50.0,1.2,0,0,,,0,,,0,,,0,,,0,,,,,0.0,,,样本不足，暂按来源分组权重；时间衰减半衰期=14天,0.0
3628740,1500,2026-08-26 07:17:39,30,0xa3652867632777bd42f12561d28bfd2064a11721,smart_money,N,50.0,1.4,0,0,,,0,,,0,,,0,,,0,,,,,0.0,,,样本不足，暂按来源分组权重；时间衰减半衰期=14天,0.0
3628741,1500,2026-08-26 07:17:39,30,0xa380444a9299df2a15bddf949dd493bb6d30d939,"money_printer,smart_money",N,50.0,1.8,0,0,,,0,,,0,,,0,,,0,,,,,0.0,,,样本不足，暂按来源分组权重；时间衰减半衰期=14天,0.0
3628742,1500,2026-08-26 07:17:39,30,0xa38157f31371eec73fd878097c249f16472b066c,smart_money,N,50.0,1.4,0,0,,,0,,,0,,,0,,,0,,,,,0.0,,,样本不足，暂按来源分组权重；时间衰减半衰期=14天,0.0
3628743,1500,2026-08-26 07:17:39,30,0xa3910b710b8a68d8fd77459e5aeee0b05e631360,smart_money,N,50.0,1.4,1,1,1.0,9.34872433019601,1,1.0,13.158889813204272,0,,,0,,,0,,,13.158889813204272,,0.0,2026-08-21 23:16:58,ZEC,样本不足，暂按来源分组权重；时间衰减半衰期=14天,0.8068890937454009
3628744,1500,2026-08-26 07:17:39,30,0xa399f378380dddb1fbb72e935b0111d7a4d16a52,smart_money,N,50.0,1.4,0,0,,,0,,,0,,,0,,,0,,,,,0.0,,,样本不足，暂按来源分组权重；时间衰减半衰期=14天,0.0
3628745,1500,2026-08-26 07:17:39,30,0xa3a7c36cc9fa3fc5b0c971bc7b5a5659a2f7ab4c,smart_money,N,50.0,1.4,2,2,0.0,-2.874238094423953,2,0.0,-4.783487313814695,2,0.0,-1.6295002781136658,2,0.0,-3.8612881848105087,0,,,-4.805654415331944,,0.0,2026-08-01 06:16:52,HYPE,样本不足，暂按来源分组权重；时间衰减半衰期=14天,0.5603695816659704
3628746,1500,2026-08-26 07:17:39,30,0xa3b69fd03a59945b88fed1fe350b33c3e6d48480,smart_money,N,50.0,1.4,0,0,,,0,,,0,,,0,,,0,,,,,0.0,,,样本不足，暂按来源分组权重；时间衰减半衰期=14天,0.0
3628747,1500,2026-08-26 07:17:39,30,0xa3b7226dea54ab25133e1e80fbf22adefa917ade,smart_money,N,50.0,1.4,0,0,,,0,,,0,,,0,,,0,,,,,0.0,,,样本不足，暂按来源分组权重；时间衰减半衰期=14天,0.0
3628748,1500,2026-08-26 07:17:39,30,0xa3fc7e0b7571ccf00820307321b044019aeb062a,smart_money,N,50.0,1.4,0,0,,,0,,,0,,,0,,,0,,,,,0.0,,,样本不足，暂按来源分组权重；时间衰减半衰期=14天,0.0
3628749,1500,2026-08-26 07:17:39,30,0xa41f6abca0cb06a105f12a682e1995efa0c1d50a,smart_money,N,50.0,1.4,0,0,,,0,,,0,,,0,,,0,,,,,0.0,,,样本不足，暂按来源分组权重；时间衰减半衰期=14天,0.0
3628750,1500,2026-08-26 07:17:39,30,0xa430c7425787337e5096f9aad868b02bb1ab4c5f,smart_money,N,50.0,1.4,0,0,,,0,,,0,,,0,,,0,,,,,0.0,,,样本不足，暂按来源分组权重；时间衰减半衰期=14天,0.0
3628751,1500,2026-08-26 07:17:39,30,0xa432ca1edabf81a8373fe2d655a2811ed2634e45,smart_money,N,50.0,1.4,0,0,,,0,,,0,,,0,,,0,,,,,0.0,,,样本不足，暂按来源分组权重；时间衰减半衰期=14天,0.0
3628752,1500,2026-08-26 07:17:39,30,0xa445a0a15b1d50fa0c4bfe6796d9447e0da5329d,money_printer,C,19.501546895128513,0.66,63,60,0.343757411791659,-0.9605477411150738,57,0.3079173706069016,-1.5564105407174051,27,0.0604402040720305,-2.7007271177680656,16,0.08121949941109564,0.07553200473916105,0,,,-1.2736580728525415,,0.0,2026-08-25 12:17:49,"ETH,BTC,SOL,XRP,PUMP",C级：噪音偏多，降权参考，主周期=15d；时间衰减半衰期=14天,36.91745556973407
3628753,1500,2026-08-26 07:17:39,30,0xa44898949336804325763810e731f7aabf768250,smart_money,N,50.0,1.4,0,0,,,0,,,0,,,0,,,0,,,,,0.0,,,样本不足，暂按来源分组权重；时间衰减半衰期=14天,0.0
3628754,1500,2026-08-26 07:17:39,30,0xa461db6d21568e97e040c4ab57ff38708a4f0f67,money_printer,N,50.0,1.2,0,0,,,0,,,0,,,0,,,0,,,,,0.0,,,样本不足，暂按来源分组权重；时间衰减半衰期=14天,0.0
3628755,1500,2026-08-26 07:17:39,30,0xa46aba5584adb38d458710902f7fc6677f7ab914,smart_money,N,50.0,1.4,0,0,,,0,,,0,,,0,,,0,,,,,0.0,,,样本不足，暂按来源分组权重；时间衰减半衰期=14天,0.0
3628756,1500,2026-08-26 07:17:39,30,0xa4ab01805c9b03315059fdf0d35b71339a2d38e7,money_printer,N,50.0,1.2,0,0,,,0,,,0,,,0,,,0,,,,,0.0,,,样本不足，暂按来源分组权重；时间衰减半衰期=14天,0.0
3628757,1500,2026-08-26 07:17:39,30,0xa4add8273d7f47318675bdfbcce3e9648cdb4509,money_printer,N,50.0,1.2,3,3,0.3495332383405419,-10.716705905483366,3,0.0,-17.15756115862543,0,,,0,,,0,,,-17.32515615180254,,0.0,2026-08-22 02:17:01,"ZEC,SOL",样本不足，暂按来源分组权重；时间衰减半衰期=14天,2.3228110275979397
3628758,1500,2026-08-26 07:17:39,30,0xa4bd8238f85a21aef58a82b62b17f43bac1aa0b0,smart_money,N,50.0,1.4,0,0,,,0,,,0,,,0,,,0,,,,,0.0,,,样本不足，暂按来源分组权重；时间衰减半衰期=14天,0.0
3628759,1500,2026-08-26 07:17:39,30,0xa4be91acc74feabab71b8878b66b8f5277212520,money_printer,N,50.0,1.2,0,0,,,0,,,0,,,0,,,0,,,,,0.0,,,样本不足，暂按来源分组权重；时间衰减半衰期=14天,0.0
3628760,1500,2026-08-26 07:17:39,30,0xa4beb4fbe651b00bc16d472e2e1aa1c26b3d90aa,smart_money,N,50.0,1.4,4,3,0.5254709444953897,1.0732594042942871,2,0.0,0.0,2,0.0,0.0,1,0.0,0.0,0,,,0.0,,0.0,2026-08-25 18:18:11,"KNTQ,BUDDY",样本不足，暂按来源分组权重；时间衰减半衰期=14天,1.6539830111814702
3628761,1500,2026-08-26 07:17:39,30,0xa4cab6d48de3a101026e9fc6f7f0fcdcd718e2f2,smart_money,N,50.0,1.4,0,0,,,0,,,0,,,0,,,0,,,,,0.0,,,样本不足，暂按来源分组权重；时间衰减半衰期=14天,0.0
3628762,1500,2026-08-26 07:17:39,30,0xa4dedda59f2908b92ae192cfd494839373bcb3c4,money_printer,C,59.99758142376812,0.66,20,16,0.4369634077815622,0.08750512084956996,15,0.3996511841047736,0.6032816868546131,0,,,0,,,0,,,0.7357785385206235,,0.0,2026-08-26 04:17:46,"ZEC,BTC,HYPE",C级：噪音偏多，降权参考，主周期=72h；时间衰减半衰期=14天,13.095985068515219
3628763,1500,2026-08-26 07:17:39,30,0xa4e33be0b96c1ec4031f2db53dcd5660621ce3ec,smart_money,N,50.0,1.4,0,0,,,0,,,0,,,0,,,0,,,,,0.0,,,样本不足，暂按来源分组权重；时间衰减半衰期=14天,0.0
3628764,1500,2026-08-26 07:17:39,30,0xa516541e599129095d14f7faf8b11ae670c837b0,smart_money,C,76.68628178569278,0.77,12,11,0.42170133541401617,5.253331359155347,8,0.7307141747228233,13.285405675305219,3,0.0,0.2909422182172093,3,0.0,-0.16863810411569238,0,,,10.02515248696988,,0.0,2026-08-25 10:17:57,"ETH,ZEC,HYPE",C级：噪音偏多，降权参考，主周期=24h；时间衰减半衰期=14天,7.490530645174369
3628765,1500,2026-08-26 07:17:39,30,0xa522301c25e833b75b223a21a7f528eef9862d0e,smart_money,N,50.0,1.4,0,0,,,0,,,0,,,0,,,0,,,,,0.0,,,样本不足，暂按来源分组权重；时间衰减半衰期=14天,0.0
3628766,1500,2026-08-26 07:17:39,30,0xa53c9f3c7e5fa635bc4bfd9dbe459b5940e43ab2,smart_money,N,50.0,1.4,0,0,,,0,,,0,,,0,,,0,,,,,0.0,,,样本不足，暂按来源分组权重；时间衰减半衰期=14天,0.0
3628767,1500,2026-08-26 07:17:39,30,0xa559edb06548fb5d9b2066ec43320e5f9726ff95,smart_money,N,50.0,1.4,0,0,,,0,,,0,,,0,,,0,,,,,0.0,,,样本不足，暂按来源分组权重；时间衰减半衰期=14天,0.0
3628768,1500,2026-08-26 07:17:39,30,0xa581bb0ac1a7ec393e76ccd45de2bfff6146e213,money_printer,N,50.0,1.2,0,0,,,0,,,0,,,0,,,0,,,,,0.0,,,样本不足，暂按来源分组权重；时间衰减半衰期=14天,0.0
3628769,1500,2026-08-26 07:17:39,30,0xa59362891a6910c0d16171ac10ad43ba994bbcde,smart_money,N,50.0,1.4,0,0,,,0,,,0,,,0,,,0,,,,,0.0,,,样本不足，暂按来源分组权重；时间衰减半衰期=14天,0.0
3628770,1500,2026-08-26 07:17:39,30,0xa5e3b79ebb74c75d6f415aa0b5892c83a3628fa7,smart_money,N,50.0,1.4,0,0,,,0,,,0,,,0,,,0,,,,,0.0,,,样本不足，暂按来源分组权重；时间衰减半衰期=14天,0.0
3628771,1500,2026-08-26 07:17:39,30,0xa5ee12ffed6a53622c11ea5f678ccea19b8b243f,smart_money,N,50.0,1.4,0,0,,,0,,,0,,,0,,,0,,,,,0.0,,,样本不足，暂按来源分组权重；时间衰减半衰期=14天,0.0
3628772,1500,2026-08-26 07:17:39,30,0xa5fd942d4badbab4fe84a9e10f565dd40d5f15ff,money_printer,N,50.0,1.2,4,4,0.2517944098688241,-21.014716022199412,0,,,0,,,0,,,0,,,,,0.0,2026-08-24 05:17:48,DEPIN,样本不足，暂按来源分组权重；时间衰减半衰期=14天,3.552859857713833
3628773,1500,2026-08-26 07:17:39,30,0xa62a501f54e85c9c784c2f1f4a8fdf31115866a2,money_printer,N,50.0,1.2,0,0,,,0,,,0,,,0,,,0,,,,,0.0,,,样本不足，暂按来源分组权重；时间衰减半衰期=14天,0.0
3628774,1500,2026-08-26 07:17:39,30,0xa62b923a112d50d03e1e096bbd53422490dac104,smart_money,N,50.0,1.4,0,0,,,0,,,0,,,0,,,0,,,,,0.0,,,样本不足，暂按来源分组权重；时间衰减半衰期=14天,0.0
3628775,1500,2026-08-26 07:17:39,30,0xa65ce1d604fa901c13aa29f2126a57d9032e412b,money_printer,N,50.0,1.2,0,0,,,0,,,0,,,0,,,0,,,,,0.0,,,样本不足，暂按来源分组权重；时间衰减半衰期=14天,0.0
3628776,1500,2026-08-26 07:17:39,30,0xa65e486e97e22ece31c1ceb5ee27e749090ec906,money_printer,N,50.0,1.2,0,0,,,0,,,0,,,0,,,0,,,,,0.0,,,样本不足，暂按来源分组权重；时间衰减半衰期=14天,0.0
3628777,1500,2026-08-26 07:17:39,30,0xa685e0303482ece79b16dc5c1a52bd9dae623dfa,smart_money,N,50.0,1.4,0,0,,,0,,,0,,,0,,,0,,,,,0.0,,,样本不足，暂按来源分组权重；时间衰减半衰期=14天,0.0
3628778,1500,2026-08-26 07:17:39,30,0xa68eb8520766ca5eae81e547128d5cc3fa909a1e,smart_money,N,50.0,1.4,0,0,,,0,,,0,,,0,,,0,,,,,0.0,,,样本不足，暂按来源分组权重；时间衰减半衰期=14天,0.0
3628779,1500,2026-08-26 07:17:39,30,0xa6c204bbc0e8b2d30e60512b0094a5f3d8307769,smart_money,N,50.0,1.4,0,0,,,0,,,0,,,0,,,0,,,,,0.0,,,样本不足，暂按来源分组权重；时间衰减半衰期=14天,0.0
3628780,1500,2026-08-26 07:17:39,30,0xa6cb81271418b9f41295fff54be05f6250c7cbf6,money_printer,N,50.0,1.2,0,0,,,0,,,0,,,0,,,0,,,,,0.0,,,样本不足，暂按来源分组权重；时间衰减半衰期=14天,0.0
3628781,1500,2026-08-26 07:17:39,30,0xa6e2dc44418f5ad213c86db4dbb203a59d13c49f,money_printer,N,50.0,1.2,8,8,0.24998507742048748,-6.451238329928802,6,0.1657117255219056,-4.612817615220642,1,1.0,12.72403262652986,0,,,0,,,-4.305067431896024,,0.0,2026-08-24 03:17:47,"BTC,USDHL,ENA,ZEC,kPEPE",样本不足，暂按来源分组权重；时间衰减半衰期=14天,6.179394891868265
3628782,1500,2026-08-26 07:17:39,30,0xa6ee1ed1ae80b8352603654b39f5e7b9bedd5078,money_printer,N,50.0,1.2,3,3,0.0,-14.124340426522458,3,0.0,-19.251016535186608,2,0.0,-7.832202817031571,2,0.0,-7.442209520420797,0,,,-14.201111459289706,,0.0,2026-08-19 17:17:21,HYPE,样本不足，暂按来源分组权重；时间衰减半衰期=14天,1.1817515181209615
3628783,1500,2026-08-26 07:17:39,30,0xa6f9b02d98769ffa2a33910f36b0b5738f8d4d5e,smart_money,N,50.0,1.4,0,0,,,0,,,0,,,0,,,0,,,,,0.0,,,样本不足，暂按来源分组权重；时间衰减半衰期=14天,0.0
3628784,1500,2026-08-26 07:17:39,30,0xa6fc599a28c4b23b7f74bd391c56dfda70d48693,smart_money,N,50.0,1.4,0,0,,,0,,,0,,,0,,,0,,,,,0.0,,,样本不足，暂按来源分组权重；时间衰减半衰期=14天,0.0
3628785,1500,2026-08-26 07:17:39,30,0xa715dbb56dc8c1a6a2d84bfcb0f45bf4da07ad14,money_printer,N,50.0,1.2,0,0,,,0,,,0,,,0,,,0,,,,,0.0,,,样本不足，暂按来源分组权重；时间衰减半衰期=14天,0.0
3628786,1500,2026-08-26 07:17:39,30,0xa74421270b2d439edc6fa6eb4d5cacb15f2f94ee,smart_money,N,50.0,1.4,0,0,,,0,,,0,,,0,,,0,,,,,0.0,,,样本不足，暂按来源分组权重；时间衰减半衰期=14天,0.0
3628787,1500,2026-08-26 07:17:39,30,0xa775d1bd91ee2cc4cae6113e5fd9c0c17b355277,smart_money,N,50.0,1.4,0,0,,,0,,,0,,,0,,,0,,,,,0.0,,,样本不足，暂按来源分组权重；时间衰减半衰期=14天,0.0
3628788,1500,2026-08-26 07:17:39,30,0xa7aae418ee1714642f46b577c5b6f6c8bcb561dc,smart_money,N,50.0,1.4,0,0,,,0,,,0,,,0,,,0,,,,,0.0,,,样本不足，暂按来源分组权重；时间衰减半衰期=14天,0.0
3628789,1500,2026-08-26 07:17:39,30,0xa7fd61557cd0a61073566766839d5f851a8e92ef,smart_money,N,50.0,1.4,0,0,,,0,,,0,,,0,,,0,,,,,0.0,,,样本不足，暂按来源分组权重；时间衰减半衰期=14天,0.0
3628790,1500,2026-08-26 07:17:39,30,0xa844d7ac9fa3424c4fd38a25baa23e460ec3e802,smart_money,N,50.0,1.4,0,0,,,0,,,0,,,0,,,0,,,,,0.0,,,样本不足，暂按来源分组权重；时间衰减半衰期=14天,0.0
3628791,1500,2026-08-26 07:17:39,30,0xa8616487ec2605c79c3ad3a3e6bcbe9d059bc774,smart_money,N,50.0,1.4,0,0,,,0,,,0,,,0,,,0,,,,,0.0,,,样本不足，暂按来源分组权重；时间衰减半衰期=14天,0.0
3628792,1500,2026-08-26 07:17:39,30,0xa864144d507da1f5a90aae0147b8cba6d93a21cb,smart_money,N,50.0,1.4,0,0,,,0,,,0,,,0,,,0,,,,,0.0,,,样本不足，暂按来源分组权重；时间衰减半衰期=14天,0.0
3628793,1500,2026-08-26 07:17:39,30,0xa87a233e8a7d8951ff790a2e39738086cb5f71b7,money_printer,N,50.0,1.2,4,4,0.35331840190417124,-2.1322457639110914,4,0.35331840190417124,0.9195399059756737,2,0.0,0.001580477623347711,2,0.0,0.16720808241413726,0,,,0.8733121672360276,,0.0,2026-08-20 09:17:04,NEKO,样本不足，暂按来源分组权重；时间衰减半衰期=14天,2.0387951261888952
3628794,1500,2026-08-26 07:17:39,30,0xa880d6cc607a05ea617307ab3b0d335e8d8424ee,smart_money,N,50.0,1.4,0,0,,,0,,,0,,,0,,,0,,,,,0.0,,,样本不足，暂按来源分组权重；时间衰减半衰期=14天,0.0
3628795,1500,2026-08-26 07:17:39,30,0xa88bdbd7ec3cdb13fa2be3781f35ed710f8368e0,smart_money,N,50.0,1.4,0,0,,,0,,,0,,,0,,,0,,,,,0.0,,,样本不足，暂按来源分组权重；时间衰减半衰期=14天,0.0
3628796,1500,2026-08-26 07:17:39,30,0xa8ad3b7407031091f27af3bfedf170edc77cf761,smart_money,N,50.0,1.4,0,0,,,0,,,0,,,0,,,0,,,,,0.0,,,样本不足，暂按来源分组权重；时间衰减半衰期=14天,0.0
3628797,1500,2026-08-26 07:17:39,30,0xa8b695817a4054dd278f04746585dea6487e775d,money_printer,N,50.0,1.2,0,0,,,0,,,0,,,0,,,0,,,,,0.0,,,样本不足，暂按来源分组权重；时间衰减半衰期=14天,0.0
3628798,1500,2026-08-26 07:17:39,30,0xa8cbf4200595efcd94b7526d04deafe0f284af2d,smart_money,N,50.0,1.4,0,0,,,0,,,0,,,0,,,0,,,,,0.0,,,样本不足，暂按来源分组权重；时间衰减半衰期=14天,0.0
3628799,1500,2026-08-26 07:17:39,30,0xa8ccdcf9a2256a23504133c8ec1b04bc12a516df,smart_money,N,50.0,1.4,0,0,,,0,,,0,,,0,,,0,,,,,0.0,,,样本不足，暂按来源分组权重；时间衰减半衰期=14天,0.0
3628800,1500,2026-08-26 07:17:39,30,0xa906355beaf1d69a5fe73ce55899c49c6e67916c,money_printer,N,50.0,1.2,1,1,0.0,-4.443040640134752,0,,,0,,,0,,,0,,,,,0.0,2026-08-24 18:18:36,PUMP,样本不足，暂按来源分组权重；时间衰减半衰期=14天,0.9265418686093666
3628801,1500,2026-08-26 07:17:39,30,0xa930cdefd5c41bbb92081faa33afdd5b3ba0c999,money_printer,N,50.0,1.2,0,0,,,0,,,0,,,0,,,0,,,,,0.0,,,样本不足，暂按来源分组权重；时间衰减半衰期=14天,0.0
3628802,1500,2026-08-26 07:17:39,30,0xa99767ff6874018935af8924eeb3de3c7b578edc,money_printer,N,50.0,1.2,0,0,,,0,,,0,,,0,,,0,,,,,0.0,,,样本不足，暂按来源分组权重；时间衰减半衰期=14天,0.0
3628803,1500,2026-08-26 07:17:39,30,0xa99c9e5484e5b26635c07876d0859a1819ff40d5,smart_money,N,50.0,1.4,1,1,1.0,3.302100851552279,1,0.0,0.9334151962485361,1,1.0,4.7249139104668885,1,0.0,3.1606203785269944,0,,,0.9334151962485361,,0.0,2026-07-28 01:16:51,HYPE,样本不足，暂按来源分组权重；时间衰减半衰期=14天,0.23499054302798977
3628804,1500,2026-08-26 07:17:39,30,0xa9b95f2a2e7ef219021efc5c04c32761b8553bbd,money_printer,N,50.0,1.2,8,8,0.5375376107495005,0.2943500982688613,8,0.5375376107495005,-0.3769481319872786,1,0.0,-0.7581217799845196,1,0.0,-3.1926536931742318,0,,,-0.5806930019892702,,0.0,2026-08-20 11:17:01,"ETH,HYPE,BTC,SOL",样本不足，暂按来源分组权重；时间衰减半衰期=14天,5.500827912073416
3628805,1500,2026-08-26 07:17:39,30,0xaa23550773de942c546b3f29e7df60d8a9d85820,smart_money,N,50.0,1.4,2,2,1.0,1.41305258496557,2,0.0,-2.1858252478646865,2,0.0,-1.0730022424211234,2,0.0,-4.198725592879688,0,,,-2.174622535180104,,0.0,2026-07-31 21:16:54,"ETH,HYPE",样本不足，暂按来源分组权重；时间衰减半衰期=14天,0.5419547596851824
3628806,1500,2026-08-26 07:17:39,30,0xaa2a33c424b92cdc042e40c522cb48e586e83026,smart_money,N,50.0,1.4,0,0,,,0,,,0,,,0,,,0,,,,,0.0,,,样本不足，暂按来源分组权重；时间衰减半衰期=14天,0.0
3628807,1500,2026-08-26 07:17:39,30,0xaa7577a7a27aa7fcf6d0ec481b87df3ad0f6a88e,money_printer,N,50.0,1.2,0,0,,,0,,,0,,,0,,,0,,,,,0.0,,,样本不足，暂按来源分组权重；时间衰减半衰期=14天,0.0
3628808,1500,2026-08-26 07:17:39,30,0xaaade20f0679f73416d4c8acafa0cdd160a9d9ad,smart_money,N,50.0,1.4,0,0,,,0,,,0,,,0,,,0,,,,,0.0,,,样本不足，暂按来源分组权重；时间衰减半衰期=14天,0.0
3628809,1500,2026-08-26 07:17:39,30,0xaac091f502a773498fb9336f41500fd13098245b,smart_money,N,50.0,1.4,2,2,0.0,-2.929290356922448,1,0.0,-12.570243178153051,0,,,0,,,0,,,-12.570243178153051,,0.0,2026-08-24 02:17:48,"HYPE,MAX",样本不足，暂按来源分组权重；时间衰减半衰期=14天,1.6227511495720464
3628810,1500,2026-08-26 07:17:39,30,0xab04d4088815e5ef868f93643ed4d047e5690e4f,smart_money,N,50.0,1.4,0,0,,,0,,,0,,,0,,,0,,,,,0.0,,,样本不足，暂按来源分组权重；时间衰减半衰期=14天,0.0
3628811,1500,2026-08-26 07:17:39,30,0xab15f1311653897cae7a60a8f82b7ad991df829a,money_printer,N,50.0,1.2,0,0,,,0,,,0,,,0,,,0,,,,,0.0,,,样本不足，暂按来源分组权重；时间衰减半衰期=14天,0.0
3628812,1500,2026-08-26 07:17:39,30,0xab2811065c46ffb17997ff83446dffd35807fe3e,smart_money,N,50.0,1.4,0,0,,,0,,,0,,,0,,,0,,,,,0.0,,,样本不足，暂按来源分组权重；时间衰减半衰期=14天,0.0
3628813,1500,2026-08-26 07:17:39,30,0xab5e6f394951c28ab1873007e373202689cdbec3,money_printer,N,50.0,1.2,0,0,,,0,,,0,,,0,,,0,,,,,0.0,,,样本不足，暂按来源分组权重；时间衰减半衰期=14天,0.0
3628814,1500,2026-08-26 07:17:39,30,0xab704bf1cb30ae52683899caeab58cb2e81df59e,smart_money,N,50.0,1.4,0,0,,,0,,,0,,,0,,,0,,,,,0.0,,,样本不足，暂按来源分组权重；时间衰减半衰期=14天,0.0
3628815,1500,2026-08-26 07:17:39,30,0xabcaea50f029aca1204a5ff64150279871dec56c,smart_money,N,50.0,1.4,0,0,,,0,,,0,,,0,,,0,,,,,0.0,,,样本不足，暂按来源分组权重；时间衰减半衰期=14天,0.0
3628816,1500,2026-08-26 07:17:39,30,0xac03fc4c21902e4e934b4367cb1a6c6e3f0d8037,money_printer,N,50.0,1.2,0,0,,,0,,,0,,,0,,,0,,,,,0.0,,,样本不足，暂按来源分组权重；时间衰减半衰期=14天,0.0
3628817,1500,2026-08-26 07:17:39,30,0xac04753928961a06af540078410802cc443f5176,money_printer,C,7.873887454476701,0.66,13,12,0.0668258561531016,-7.470835640679588,11,0.08073294565772189,0.20290716782691307,11,0.0,0.11776967830966333,9,0.14427127156963146,0.8002188056139059,0,,,0.23836555679888682,,0.0,2026-08-25 12:17:49,UPUMP,C级：噪音偏多，降权参考，主周期=7d；时间衰减半衰期=14天,5.07672991276994
3628818,1500,2026-08-26 07:17:39,30,0xac26cf5f3c46b5e102048c65b977d2551b72a9c7,money_printer,N,50.0,1.2,0,0,,,0,,,0,,,0,,,0,,,,,0.0,,,样本不足，暂按来源分组权重；时间衰减半衰期=14天,0.0
3628819,1500,2026-08-26 07:17:39,30,0xac487c027ffe32021bbba77e30786f8c8f353201,money_printer,N,50.0,1.2,0,0,,,0,,,0,,,0,,,0,,,,,0.0,,,样本不足，暂按来源分组权重；时间衰减半衰期=14天,0.0
3628820,1500,2026-08-26 07:17:39,30,0xac50a255e330c388f44b9d01259d6b153a9f0ed9,money_printer,N,50.0,1.2,0,0,,,0,,,0,,,0,,,0,,,,,0.0,,,样本不足，暂按来源分组权重；时间衰减半衰期=14天,0.0
3628821,1500,2026-08-26 07:17:39,30,0xac7476e14f768e3e67c195e79c2490dd20c70127,money_printer,N,50.0,1.2,0,0,,,0,,,0,,,0,,,0,,,,,0.0,,,样本不足，暂按来源分组权重；时间衰减半衰期=14天,0.0
3628822,1500,2026-08-26 07:17:39,30,0xac7bbfed474127e8683320421264d403fd2155f9,money_printer,N,50.0,1.2,0,0,,,0,,,0,,,0,,,0,,,,,0.0,,,样本不足，暂按来源分组权重；时间衰减半衰期=14天,0.0
3628823,1500,2026-08-26 07:17:39,30,0xaca2d79168f9e9072c089e5f7d6eb0daefc13915,smart_money,N,50.0,1.4,0,0,,,0,,,0,,,0,,,0,,,,,0.0,,,样本不足，暂按来源分组权重；时间衰减半衰期=14天,0.0
3628824,1500,2026-08-26 07:17:39,30,0xacb66d1996501bcc82a0e7819c9e041599f5efbd,money_printer,N,50.0,1.2,2,1,0.0,-1.670756378797086,1,0.0,-0.3953815739878924,1,0.0,-1.907677633248975,1,0.0,-2.155368035630495,0,,,-0.3953815739878924,,0.0,2026-08-25 17:17:56,"BTC,XRP",样本不足，暂按来源分组权重；时间衰减半衰期=14天,0.23257981254995497
3628825,1500,2026-08-26 07:17:39,30,0xacbf9fbc58d61bdafd70fd44213fdfe01311f2ab,smart_money,N,50.0,1.4,2,2,1.0,12.186744068274178,2,0.4912332686102471,10.800142697304228,0,,,0,,,0,,,11.111512541496221,,0.0,2026-08-22 03:17:01,ZEC,样本不足，暂按来源分组权重；时间衰减半衰期=14天,1.5991145604076806
3628826,1500,2026-08-26 07:17:39,30,0xace0a4c087f7f199328fb1e38d8d27bd237b03fd,money_printer,N,50.0,1.2,0,0,,,0,,,0,,,0,,,0,,,,,0.0,,,样本不足，暂按来源分组权重；时间衰减半衰期=14天,0.0
3628827,1500,2026-08-26 07:17:39,30,0xacf5c9a3213f91182317ef74770ffb41f0c081f5,smart_money,N,50.0,1.4,0,0,,,0,,,0,,,0,,,0,,,,,0.0,,,样本不足，暂按来源分组权重；时间衰减半衰期=14天,0.0
3628828,1500,2026-08-26 07:17:39,30,0xad227f63d34e7251c1d0ab65e64eeea07aee4e44,money_printer,R,10.0,-1.2,14,14,0.1901231735618887,-5.471547550463879,14,0.1901231735618887,-11.222892437106593,4,0.501277199964788,-0.059216396905845924,2,0.4953573767686029,1.7406129570568558,0,,,-10.48863483503602,,76.5802922300978,2026-08-21 10:17:00,"SWAP,BTC,ZEC,HYPE,SOL",反向钱包：72h方向胜率和平均收益偏差；时间衰减半衰期=14天,9.845312309278683
3628829,1500,2026-08-26 07:17:39,30,0xad58ae5dbc928021fb6e9daba2602b3c4a2eb7ab,smart_money,N,50.0,1.4,0,0,,,0,,,0,,,0,,,0,,,,,0.0,,,样本不足，暂按来源分组权重；时间衰减半衰期=14天,0.0
3628830,1500,2026-08-26 07:17:39,30,0xad59ed47c226987cf458a63428ca10887773ba81,smart_money,N,50.0,1.4,0,0,,,0,,,0,,,0,,,0,,,,,0.0,,,样本不足，暂按来源分组权重；时间衰减半衰期=14天,0.0
3628831,1500,2026-08-26 07:17:39,30,0xad68fabb1bec8b08c8080ad165ae5bdec64136d6,smart_money,N,50.0,1.4,0,0,,,0,,,0,,,0,,,0,,,,,0.0,,,样本不足，暂按来源分组权重；时间衰减半衰期=14天,0.0
3628832,1500,2026-08-26 07:17:39,30,0xad747d2d91d8fd336bda8805961089cec51f3550,money_printer,N,50.0,1.2,0,0,,,0,,,0,,,0,,,0,,,,,0.0,,,样本不足，暂按来源分组权重；时间衰减半衰期=14天,0.0
3628833,1500,2026-08-26 07:17:39,30,0xadabc828201be912b3ef3bde83f1e19703349fdb,smart_money,N,50.0,1.4,0,0,,,0,,,0,,,0,,,0,,,,,0.0,,,样本不足，暂按来源分组权重；时间衰减半衰期=14天,0.0
3628834,1500,2026-08-26 07:17:39,30,0xadc9cf23f55c6221a05a8150e5768d7c3289562f,money_printer,N,50.0,1.2,0,0,,,0,,,0,,,0,,,0,,,,,0.0,,,样本不足，暂按来源分组权重；时间衰减半衰期=14天,0.0
3628835,1500,2026-08-26 07:17:39,30,0xadcbc1f36213b15399e0497508c50a1cda7bf08f,smart_money,N,50.0,1.4,0,0,,,0,,,0,,,0,,,0,,,,,0.0,,,样本不足，暂按来源分组权重；时间衰减半衰期=14天,0.0
3628836,1500,2026-08-26 07:17:39,30,0xaded86bf6e6fd72f78dca132af112fa36230809e,money_printer,N,50.0,1.2,0,0,,,0,,,0,,,0,,,0,,,,,0.0,,,样本不足，暂按来源分组权重；时间衰减半衰期=14天,0.0
3628837,1500,2026-08-26 07:17:39,30,0xadedb7e42d645ad812019f3d182d393b1d17d8e6,smart_money,N,50.0,1.4,0,0,,,0,,,0,,,0,,,0,,,,,0.0,,,样本不足，暂按来源分组权重；时间衰减半衰期=14天,0.0
3628838,1500,2026-08-26 07:17:39,30,0xadeed59f446cb0a141837e8f7c22710d759cba65,smart_money,N,50.0,1.4,0,0,,,0,,,0,,,0,,,0,,,,,0.0,,,样本不足，暂按来源分组权重；时间衰减半衰期=14天,0.0
3628839,1500,2026-08-26 07:17:39,30,0xae2445cdc416b6a70bbf84a8678a13ea6003e7f8,smart_money,C,46.60763321863506,0.77,25,25,0.2813064913455321,0.9465806067923785,25,0.25204673567604724,1.1709338470514892,24,0.13502546199667312,-0.06733263037759504,19,0.27631982512320485,1.2853207739830024,0,,,0.7528653578066302,,0.0,2026-08-19 15:17:08,NEKO,C级：噪音偏多，降权参考，主周期=15d；时间衰减半衰期=14天,9.75434828890798
3628840,1500,2026-08-26 07:17:39,30,0xae3316f89c23e5c8175e5c278c9d890a553bcaae,smart_money,N,50.0,1.4,0,0,,,0,,,0,,,0,,,0,,,,,0.0,,,样本不足，暂按来源分组权重；时间衰减半衰期=14天,0.0
3628841,1500,2026-08-26 07:17:39,30,0xae58db322be15464c1831b29540e42264cff2b23,smart_money,N,50.0,1.4,0,0,,,0,,,0,,,0,,,0,,,,,0.0,,,样本不足，暂按来源分组权重；时间衰减半衰期=14天,0.0
3628842,1500,2026-08-26 07:17:39,30,0xae67e0441a483deed7792d4572558608e5a99a49,smart_money,N,50.0,1.4,0,0,,,0,,,0,,,0,,,0,,,,,0.0,,,样本不足，暂按来源分组权重；时间衰减半衰期=14天,0.0
3628843,1500,2026-08-26 07:17:39,30,0xae78adaba70f18c15418001263504af373884520,smart_money,R,19.16191314066979,-1.4,14,14,0.2800054284578706,-0.8380868593302122,9,0.45794980248713385,0.5642688624015153,1,0.0,-6.598394787176595,0,,,0,,,0.4586598558235859,,33.903826321382404,2026-08-24 18:18:36,"HYPE,ETH,ZEC,SOL,BTC",反向钱包：24h方向胜率和平均收益偏差；时间衰减半衰期=14天,11.332581478331516
3628844,1500,2026-08-26 07:17:39,30,0xae7a0f9f663bb54bfe95378c7e3de7dd6e28d6bc,money_printer,N,50.0,1.2,0,0,,,0,,,0,,,0,,,0,,,,,0.0,,,样本不足，暂按来源分组权重；时间衰减半衰期=14天,0.0
3628845,1500,2026-08-26 07:17:39,30,0xaea8e3bd369217cc6e3e6abddf0da318fba8e59b,money_printer,N,50.0,1.2,0,0,,,0,,,0,,,0,,,0,,,,,0.0,,,样本不足，暂按来源分组权重；时间衰减半衰期=14天,0.0
3628846,1500,2026-08-26 07:17:39,30,0xaeaab54bbf65bfd6efed7d2eb68372298e3c2416,money_printer,C,49.80917222143743,0.66,12,12,0.39042218883401497,-1.0936944594638167,6,0.35731492699745665,0.9741749797057472,5,0.4560626018563822,6.411887340800586,2,0.4984528014102865,0.10617373172661088,0,,,1.147689496733184,,0.0,2026-08-24 11:17:56,"ZEC,HYPE,ETH,SOL",C级：噪音偏多，降权参考，主周期=24h；时间衰减半衰期=14天,8.96416769004558
3628847,1500,2026-08-26 07:17:39,30,0xaec601c7312d63610c6ce0facfd3b1498fd4fe9f,smart_money,N,50.0,1.4,0,0,,,0,,,0,,,0,,,0,,,,,0.0,,,样本不足，暂按来源分组权重；时间衰减半衰期=14天,0.0
3628848,1500,2026-08-26 07:17:39,30,0xaecfe4eff84a1cd9a24accc1914ac537af7f6e1b,money_printer,N,50.0,1.2,9,8,0.5192676126704305,5.308800953148364,7,0.8135838395712289,19.746961174957647,3,0.2852553985832417,-2.848802311032525,2,0.5020619235317241,-2.736701345859271,0,,,14.60226637490755,,0.0,2026-08-25 12:17:49,"UPUMP,PUMP,GRAM,HYPE",样本不足，暂按来源分组权重；时间衰减半衰期=14天,5.286408186891865
3628849,1500,2026-08-26 07:17:39,30,0xaede390f5b5b7cf77428030ccfc73d99a44e1602,smart_money,N,50.0,1.4,0,0,,,0,,,0,,,0,,,0,,,,,0.0,,,样本不足，暂按来源分组权重；时间衰减半衰期=14天,0.0
3628850,1500,2026-08-26 07:17:39,30,0xaf0fdd39e5d92499b0ed9f68693da99c0ec1e92e,money_printer,C,14.395779661612973,0.66,15,15,0.08850063199142333,-0.5340936012677548,13,0.11320753038734861,0.29463181449675796,8,0.0,0.0003646932693559046,7,0.0,0.0523524800518324,0,,,0.2687114360726238,,0.0,2026-08-24 02:17:48,"KNTQ,NEKO,DRV",C级：噪音偏多，降权参考，主周期=72h；时间衰减半衰期=14天,8.13942024577726
3628851,1500,2026-08-26 07:17:39,30,0xaf2825f73a90cf08baf2577818826b79e3faca9b,smart_money,N,50.0,1.4,0,0,,,0,,,0,,,0,,,0,,,,,0.0,,,样本不足，暂按来源分组权重；时间衰减半衰期=14天,0.0
3628852,1500,2026-08-26 07:17:39,30,0xaf2ac71f62f341e5823d6985492409e92c940447,smart_money,N,50.0,1.4,0,0,,,0,,,0,,,0,,,0,,,,,0.0,,,样本不足，暂按来源分组权重；时间衰减半衰期=14天,0.0
3628853,1500,2026-08-26 07:17:39,30,0xaf313f5d2d87a40b7b4675f74f29618b5a46928e,smart_money,N,50.0,1.4,0,0,,,0,,,0,,,0,,,0,,,,,0.0,,,样本不足，暂按来源分组权重；时间衰减半衰期=14天,0.0
3628854,1500,2026-08-26 07:17:39,30,0xaf37a82f0cf079a3d50674b87e889d2b270f4a44,money_printer,N,50.0,1.2,0,0,,,0,,,0,,,0,,,0,,,,,0.0,,,样本不足，暂按来源分组权重；时间衰减半衰期=14天,0.0
3628855,1500,2026-08-26 07:17:39,30,0xaf68caebaa151dd592112a07e2344b3950e13561,smart_money,N,50.0,1.4,0,0,,,0,,,0,,,0,,,0,,,,,0.0,,,样本不足，暂按来源分组权重；时间衰减半衰期=14天,0.0
3628856,1500,2026-08-26 07:17:39,30,0xaf69b1587b87c78409e5a20c3fd5f1ca386fd350,smart_money,N,50.0,1.4,0,0,,,0,,,0,,,0,,,0,,,,,0.0,,,样本不足，暂按来源分组权重；时间衰减半衰期=14天,0.0
3628857,1500,2026-08-26 07:17:39,30,0xaf6f7a06f7bfb3bdf7bcd2c751564f4990d1efc7,smart_money,N,50.0,1.4,0,0,,,0,,,0,,,0,,,0,,,,,0.0,,,样本不足，暂按来源分组权重；时间衰减半衰期=14天,0.0
3628858,1500,2026-08-26 07:17:39,30,0xaf9081c56c8d43437085ad8134d31fc68cfb136f,smart_money,N,50.0,1.4,0,0,,,0,,,0,,,0,,,0,,,,,0.0,,,样本不足，暂按来源分组权重；时间衰减半衰期=14天,0.0
3628859,1500,2026-08-26 07:17:39,30,0xaf9f722a676230cc44045efe26fe9a85801ca4fa,money_printer,N,50.0,1.2,6,6,0.3383011233073407,-0.09566420541461787,5,0.42490957788498135,-0.6218733805025027,1,0.0,-14.666571593817096,0,,,0,,,-0.6088239563742968,,0.0,2026-08-23 21:17:49,"BTC,ETH",样本不足，暂按来源分组权重；时间衰减半衰期=14天,4.352865108258588
3628860,1500,2026-08-26 07:17:39,30,0xafa0b1fef0259c97416dade2346feb7169f6e336,smart_money,N,50.0,1.4,0,0,,,0,,,0,,,0,,,0,,,,,0.0,,,样本不足，暂按来源分组权重；时间衰减半衰期=14天,0.0
3628861,1500,2026-08-26 07:17:39,30,0xafd9cfc5d4a4af11cc472379f48315ae21e9acd7,money_printer,N,50.0,1.2,0,0,,,0,,,0,,,0,,,0,,,,,0.0,,,样本不足，暂按来源分组权重；时间衰减半衰期=14天,0.0
3628862,1500,2026-08-26 07:17:39,30,0xb01d0612743a3401b16bef157bd69a909e3cd1dd,smart_money,N,50.0,1.4,0,0,,,0,,,0,,,0,,,0,,,,,0.0,,,样本不足，暂按来源分组权重；时间衰减半衰期=14天,0.0
3628863,1500,2026-08-26 07:17:39,30,0xb0a55f13d22f66e6d495ac98113841b2326e9540,money_printer,N,50.0,1.2,4,4,0.5005165144996874,-0.007669681864407701,4,0.5005165144996874,-0.08363395837665302,0,,,0,,,0,,,-0.09298077395055948,,0.0,2026-08-19 22:17:01,"BTC,ETH",样本不足，暂按来源分组权重；时间衰减半衰期=14天,2.8993083975574754
3628864,1500,2026-08-26 07:17:39,30,0xb0a9214592fb899aefab0b615f2b870276cee092,smart_money,N,50.0,1.4,0,0,,,0,,,0,,,0,,,0,,,,,0.0,,,样本不足，暂按来源分组权重；时间衰减半衰期=14天,0.0
3628865,1500,2026-08-26 07:17:39,30,0xb0e6a62003899991f79ff2c35b2c5d3659a91803,smart_money,N,50.0,1.4,0,0,,,0,,,0,,,0,,,0,,,,,0.0,,,样本不足，暂按来源分组权重；时间衰减半衰期=14天,0.0
3628866,1500,2026-08-26 07:17:39,30,0xb0fbfefc6c325964d0ffc3f909bdda80b8421326,money_printer,N,50.0,1.2,4,4,0.35331840190417124,-2.1322457639110914,4,0.35331840190417124,0.9195399059756737,2,0.0,0.001580477623347711,2,0.0,0.16720808241413726,0,,,0.8733121672360276,,0.0,2026-08-20 09:17:04,NEKO,样本不足，暂按来源分组权重；时间衰减半衰期=14天,2.0387951261888952
3628867,1500,2026-08-26 07:17:39,30,0xb1231a4a2dd02f2276fa3c5e2a2f3436e6bfed23,smart_money,N,50.0,1.4,0,0,,,0,,,0,,,0,,,0,,,,,0.0,,,样本不足，暂按来源分组权重；时间衰减半衰期=14天,0.0
3628868,1500,2026-08-26 07:17:39,30,0xb14d1598dbfeaec11bae2a382b29adfcab9e8560,smart_money,N,50.0,1.4,0,0,,,0,,,0,,,0,,,0,,,,,0.0,,,样本不足，暂按来源分组权重；时间衰减半衰期=14天,0.0
3628869,1500,2026-08-26 07:17:39,30,0xb1505ad1a4c7755e0eb236aa2f4327bfc3474768,smart_money,N,50.0,1.4,1,1,1.0,5.467432564076723,1,1.0,4.182874802647049,0,,,0,,,0,,,4.182874802647049,,0.0,2026-08-21 03:16:58,BTC,样本不足，暂按来源分组权重；时间衰减半衰期=14天,0.7742752788401438
3628870,1500,2026-08-26 07:17:39,30,0xb1694de2324433778487999bd86b1acb3335ebc4,money_printer,N,50.0,1.2,0,0,,,0,,,0,,,0,,,0,,,,,0.0,,,样本不足，暂按来源分组权重；时间衰减半衰期=14天,0.0
3628871,1500,2026-08-26 07:17:39,30,0xb19e03768f72cb1b47fcd68f7fb99460b1e789b9,smart_money,N,50.0,1.4,1,1,0.0,-1.0336890809232528,1,1.0,8.398429451897554,0,,,0,,,0,,,8.398429451897554,,0.0,2026-08-22 21:17:55,ZEC,样本不足，暂按来源分组权重；时间衰减半衰期=14天,0.8443807585017274
3628872,1500,2026-08-26 07:17:39,30,0xb1af209c673a5f0c8702f8d3f2843f3b19926cac,smart_money,N,50.0,1.4,0,0,,,0,,,0,,,0,,,0,,,,,0.0,,,样本不足，暂按来源分组权重；时间衰减半衰期=14天,0.0
3628873,1500,2026-08-26 07:17:39,30,0xb1c517a30cb7cea401a538f6ac8160e75bba65dd,smart_money,N,50.0,1.4,0,0,,,0,,,0,,,0,,,0,,,,,0.0,,,样本不足，暂按来源分组权重；时间衰减半衰期=14天,0.0
3628874,1500,2026-08-26 07:17:39,30,0xb2139bc97c2dc43f8825d033d08ecb9e2c8be00f,smart_money,N,50.0,1.4,0,0,,,0,,,0,,,0,,,0,,,,,0.0,,,样本不足，暂按来源分组权重；时间衰减半衰期=14天,0.0
3628875,1500,2026-08-26 07:17:39,30,0xb215c5a6fa4335147185ba2f03ea79c5a4eec70c,smart_money,N,50.0,1.4,0,0,,,0,,,0,,,0,,,0,,,,,0.0,,,样本不足，暂按来源分组权重；时间衰减半衰期=14天,0.0
3628876,1500,2026-08-26 07:17:39,30,0xb245ed242d9f9a86e75cdb30892d9d922cd568ba,money_printer,N,50.0,1.2,0,0,,,0,,,0,,,0,,,0,,,,,0.0,,,样本不足，暂按来源分组权重；时间衰减半衰期=14天,0.0
3628877,1500,2026-08-26 07:17:39,30,0xb27bbaadcdfeab937069b4d966ee6bf5a32c999b,smart_money,N,50.0,1.4,0,0,,,0,,,0,,,0,,,0,,,,,0.0,,,样本不足，暂按来源分组权重；时间衰减半衰期=14天,0.0
3628878,1500,2026-08-26 07:17:39,30,0xb28bdcb4c7db9370b73f6dbd57671416a0a57dd6,smart_money,N,50.0,1.4,0,0,,,0,,,0,,,0,,,0,,,,,0.0,,,样本不足，暂按来源分组权重；时间衰减半衰期=14天,0.0
3628879,1500,2026-08-26 07:17:39,30,0xb294964ceb670a21d34693da52a39c9837dd651f,smart_money,N,50.0,1.4,0,0,,,0,,,0,,,0,,,0,,,,,0.0,,,样本不足，暂按来源分组权重；时间衰减半衰期=14天,0.0
3628880,1500,2026-08-26 07:17:39,30,0xb2a7131040bd752a98861dc8b2089a5ccf767836,smart_money,N,50.0,1.4,0,0,,,0,,,0,,,0,,,0,,,,,0.0,,,样本不足，暂按来源分组权重；时间衰减半衰期=14天,0.0
3628881,1500,2026-08-26 07:17:39,30,0xb2f42334fffc3947b4c79c7e3dc3d387d391f148,smart_money,N,50.0,1.4,0,0,,,0,,,0,,,0,,,0,,,,,0.0,,,样本不足，暂按来源分组权重；时间衰减半衰期=14天,0.0
3628882,1500,2026-08-26 07:17:39,30,0xb2f7374b222a930d20e8d556f33228211d1baf9f,money_printer,N,50.0,1.2,7,7,0.5777794079127822,-4.502133629970979,6,0.15165228201011557,-5.3999037390759685,0,,,0,,,0,,,-4.80163943641612,,0.0,2026-08-25 01:18:01,"ZEC,LIT",样本不足，暂按来源分组权重；时间衰减半衰期=14天,5.709605719723207
3628883,1500,2026-08-26 07:17:39,30,0xb30cadab02bc62fc4df652ae0ffaffa9596a0e1b,money_printer,N,50.0,1.2,0,0,,,0,,,0,,,0,,,0,,,,,0.0,,,样本不足，暂按来源分组权重；时间衰减半衰期=14天,0.0
3628884,1500,2026-08-26 07:17:39,30,0xb31533962e88b707355777244d94ba5e1e6a7893,smart_money,N,50.0,1.4,0,0,,,0,,,0,,,0,,,0,,,,,0.0,,,样本不足，暂按来源分组权重；时间衰减半衰期=14天,0.0
3628885,1500,2026-08-26 07:17:39,30,0xb32b3cadf4ee7cc5de0be2dbb7430464bab2c5ca,smart_money,N,50.0,1.4,0,0,,,0,,,0,,,0,,,0,,,,,0.0,,,样本不足，暂按来源分组权重；时间衰减半衰期=14天,0.0
3628886,1500,2026-08-26 07:17:39,30,0xb39766100347e1ffa1459492c85e8e3a2b25d3a0,smart_money,N,50.0,1.4,0,0,,,0,,,0,,,0,,,0,,,,,0.0,,,样本不足，暂按来源分组权重；时间衰减半衰期=14天,0.0
3628887,1500,2026-08-26 07:17:39,30,0xb3b60225e0b7806793bc9379209d93979f686b77,smart_money,N,50.0,1.4,0,0,,,0,,,0,,,0,,,0,,,,,0.0,,,样本不足，暂按来源分组权重；时间衰减半衰期=14天,0.0
3628888,1500,2026-08-26 07:17:39,30,0xb3bfb32977cfd6200ab9537e3703e501d8381c9b,smart_money,N,50.0,1.4,0,0,,,0,,,0,,,0,,,0,,,,,0.0,,,样本不足，暂按来源分组权重；时间衰减半衰期=14天,0.0
3628889,1500,2026-08-26 07:17:39,30,0xb3c51f05eb1e2f03867a858f33c38dc2183b6b26,smart_money,N,50.0,1.4,0,0,,,0,,,0,,,0,,,0,,,,,0.0,,,样本不足，暂按来源分组权重；时间衰减半衰期=14天,0.0
3628890,1500,2026-08-26 07:17:39,30,0xb3d9257f29fce57219f7dd763c09b1501e7fddf8,smart_money,N,50.0,1.4,0,0,,,0,,,0,,,0,,,0,,,,,0.0,,,样本不足，暂按来源分组权重；时间衰减半衰期=14天,0.0
3628891,1500,2026-08-26 07:17:39,30,0xb3e475368ed0fa0ad23c04de0423d48a0758806f,money_printer,N,50.0,1.2,0,0,,,0,,,0,,,0,,,0,,,,,0.0,,,样本不足，暂按来源分组权重；时间衰减半衰期=14天,0.0
3628892,1500,2026-08-26 07:17:39,30,0xb3fe34bfb501665f4329915a7024ba5a6bec495f,smart_money,N,50.0,1.4,0,0,,,0,,,0,,,0,,,0,,,,,0.0,,,样本不足，暂按来源分组权重；时间衰减半衰期=14天,0.0
3628893,1500,2026-08-26 07:17:39,30,0xb40da15b8cc492fff87d9b1e06bb45769d7e75d9,smart_money,N,50.0,1.4,0,0,,,0,,,0,,,0,,,0,,,,,0.0,,,样本不足，暂按来源分组权重；时间衰减半衰期=14天,0.0
3628894,1500,2026-08-26 07:17:39,30,0xb42943e70cb3e27ce45c8c6008b623f292b5dd04,smart_money,N,50.0,1.4,0,0,,,0,,,0,,,0,,,0,,,,,0.0,,,样本不足，暂按来源分组权重；时间衰减半衰期=14天,0.0
3628895,1500,2026-08-26 07:17:39,30,0xb4321b142b2a03ce20fcab2007ff6990b9acba93,money_printer,N,50.0,1.2,0,0,,,0,,,0,,,0,,,0,,,,,0.0,,,样本不足，暂按来源分组权重；时间衰减半衰期=14天,0.0
3628896,1500,2026-08-26 07:17:39,30,0xb46bf797b3efd9ae28642bbcd6f7bb6f7b52538e,smart_money,N,50.0,1.4,4,4,0.0,-18.43072074502204,4,0.0,-17.482851134551556,0,,,0,,,0,,,-17.4928229316085,,0.0,2026-08-21 22:17:01,ZEC,样本不足，暂按来源分组权重；时间衰减半衰期=14天,3.2076782106181785
3628897,1500,2026-08-26 07:17:39,30,0xb48616b68d0a8c86482be79cdfdcddc023d06c3e,smart_money,N,50.0,1.4,0,0,,,0,,,0,,,0,,,0,,,,,0.0,,,样本不足，暂按来源分组权重；时间衰减半衰期=14天,0.0
3628898,1500,2026-08-26 07:17:39,30,0xb4d6fe0f1504a55c65a986ef55b9148a6f0dae7a,smart_money,N,50.0,1.4,0,0,,,0,,,0,,,0,,,0,,,,,0.0,,,样本不足，暂按来源分组权重；时间衰减半衰期=14天,0.0
3628899,1500,2026-08-26 07:17:39,30,0xb506ddd40c5a39157c46f1b5b33f01d7964f8476,smart_money,N,50.0,1.4,1,1,0.0,-18.837656022697132,1,0.0,-27.35390327999293,0,,,0,,,0,,,-27.35390327999293,,0.0,2026-08-19 20:17:16,HYPE,样本不足，暂按来源分组权重；时间衰减半衰期=14天,0.7263171050705325
3628900,1500,2026-08-26 07:17:39,30,0xb5101614ad71468a041a83e64d8b834aa17a1ed6,smart_money,N,50.0,1.4,3,3,0.3305680932513595,-0.3584506252524413,3,0.3305680932513595,-0.5323606661853576,0,,,0,,,0,,,-0.5461342311484052,,0.0,2026-08-22 11:17:51,"XRP,DOGE",样本不足，暂按来源分组权重；时间衰减半衰期=14天,2.440916441175868
3628901,1500,2026-08-26 07:17:39,30,0xb5485243e6c04e4dcbbe7f2718f9c33f0139b540,money_printer,N,50.0,1.2,0,0,,,0,,,0,,,0,,,0,,,,,0.0,,,样本不足，暂按来源分组权重；时间衰减半衰期=14天,0.0
3628902,1500,2026-08-26 07:17:39,30,0xb552648f037b4c60ba9c237bb503735aed0db94e,smart_money,N,50.0,1.4,0,0,,,0,,,0,,,0,,,0,,,,,0.0,,,样本不足，暂按来源分组权重；时间衰减半衰期=14天,0.0
3628903,1500,2026-08-26 07:17:39,30,0xb55428f566567ee1774ee1540347ab355682a919,money_printer,N,50.0,1.2,0,0,,,0,,,0,,,0,,,0,,,,,0.0,,,样本不足，暂按来源分组权重；时间衰减半衰期=14天,0.0
3628904,1500,2026-08-26 07:17:39,30,0xb56a8e43ac07b1b84d14657e0135e4fb196858a6,smart_money,N,50.0,1.4,0,0,,,0,,,0,,,0,,,0,,,,,0.0,,,样本不足，暂按来源分组权重；时间衰减半衰期=14天,0.0
3628905,1500,2026-08-26 07:17:39,30,0xb5bc1b7fec5f9ae4267f83f388699d036c87a351,smart_money,N,50.0,1.4,0,0,,,0,,,0,,,0,,,0,,,,,0.0,,,样本不足，暂按来源分组权重；时间衰减半衰期=14天,0.0
3628906,1500,2026-08-26 07:17:39,30,0xb632c6580173a16154f17cdafc6eb27e95cf73b7,money_printer,N,50.0,1.2,1,1,0.0,0.4535792459837692,1,0.0,-0.6179424570719642,1,0.0,-2.5681751732530484,1,0.0,0.316083098246529,0,,,-0.6179424570719642,,0.0,2026-07-31 15:17:34,BTC,样本不足，暂按来源分组权重；时间衰减半衰期=14天,0.28061470806125377
3628907,1500,2026-08-26 07:17:39,30,0xb668858ff53322d5511651a2cd92391eb5d60ee3,smart_money,N,50.0,1.4,0,0,,,0,,,0,,,0,,,0,,,,,0.0,,,样本不足，暂按来源分组权重；时间衰减半衰期=14天,0.0
3628908,1500,2026-08-26 07:17:39,30,0xb66d6ee35cb1d1c65423154dc6d5baf34da9c612,smart_money,N,50.0,1.4,0,0,,,0,,,0,,,0,,,0,,,,,0.0,,,样本不足，暂按来源分组权重；时间衰减半衰期=14天,0.0
3628909,1500,2026-08-26 07:17:39,30,0xb69eec8fea0081343c3b09e652ba1fa7dcf7033a,smart_money,N,50.0,1.4,2,2,0.0,-0.31906337180216215,2,0.0,-0.3415691898844714,2,0.0,1.3978974862565696,1,0.0,-26.44706129193003,0,,,-0.3933313672873184,,0.0,2026-08-12 00:17:14,ETH,样本不足，暂按来源分组权重；时间衰减半衰期=14天,0.8736968459844829
3628910,1500,2026-08-26 07:17:39,30,0xb6f1d510a8e18a9ba14cec92791c026f8f3b9072,smart_money,N,50.0,1.4,0,0,,,0,,,0,,,0,,,0,,,,,0.0,,,样本不足，暂按来源分组权重；时间衰减半衰期=14天,0.0
3628911,1500,2026-08-26 07:17:39,30,0xb6f59d050b6730bf199ceb08219c218e635da16d,smart_money,N,50.0,1.4,0,0,,,0,,,0,,,0,,,0,,,,,0.0,,,样本不足，暂按来源分组权重；时间衰减半衰期=14天,0.0
3628912,1500,2026-08-26 07:17:39,30,0xb70c6d3e997e6cdc94a5598f458c7cb7e915fd4d,smart_money,N,50.0,1.4,0,0,,,0,,,0,,,0,,,0,,,,,0.0,,,样本不足，暂按来源分组权重；时间衰减半衰期=14天,0.0
3628913,1500,2026-08-26 07:17:39,30,0xb724246d32d7fe834e4cdfdc1d5566fc3c6de62c,money_printer,N,50.0,1.2,0,0,,,0,,,0,,,0,,,0,,,,,0.0,,,样本不足，暂按来源分组权重；时间衰减半衰期=14天,0.0
3628914,1500,2026-08-26 07:17:39,30,0xb729dbf1b0dce96ed77453e5f2c6b49525ae7929,smart_money,N,50.0,1.4,0,0,,,0,,,0,,,0,,,0,,,,,0.0,,,样本不足，暂按来源分组权重；时间衰减半衰期=14天,0.0
3628915,1500,2026-08-26 07:17:39,30,0xb730e6f15b5d89254db2e84cf0a7fc3bcc2129cc,smart_money,N,50.0,1.4,0,0,,,0,,,0,,,0,,,0,,,,,0.0,,,样本不足，暂按来源分组权重；时间衰减半衰期=14天,0.0
3628916,1500,2026-08-26 07:17:39,30,0xb747ec449b7b722b5e47b852fe97bfd68913c809,smart_money,N,50.0,1.4,0,0,,,0,,,0,,,0,,,0,,,,,0.0,,,样本不足，暂按来源分组权重；时间衰减半衰期=14天,0.0
3628917,1500,2026-08-26 07:17:39,30,0xb756c89e73c8711a881c009e10f79b1566f80cdb,smart_money,N,50.0,1.4,0,0,,,0,,,0,,,0,,,0,,,,,0.0,,,样本不足，暂按来源分组权重；时间衰减半衰期=14天,0.0
3628918,1500,2026-08-26 07:17:39,30,0xb758afaaa4b13e8573ec0966b2bb8cdadab72501,smart_money,N,50.0,1.4,0,0,,,0,,,0,,,0,,,0,,,,,0.0,,,样本不足，暂按来源分组权重；时间衰减半衰期=14天,0.0
3628919,1500,2026-08-26 07:17:39,30,0xb76bc3d01ac05fd8cb1078334923785f76fe0b3c,smart_money,N,50.0,1.4,3,3,0.0,0.0,0,,,0,,,0,,,0,,,,,0.0,2026-08-25 01:18:01,KNTQ,样本不足，暂按来源分组权重；时间衰减半衰期=14天,2.808408440433271
3628920,1500,2026-08-26 07:17:39,30,0xb7789ab9f0d568e0aa5469e3cc8eff8682fc8673,smart_money,N,50.0,1.4,0,0,,,0,,,0,,,0,,,0,,,,,0.0,,,样本不足，暂按来源分组权重；时间衰减半衰期=14天,0.0
3628921,1500,2026-08-26 07:17:39,30,0xb798aef79972ce8f73d47b9ebbcda6bbb7ec4fbf,money_printer,N,50.0,1.2,0,0,,,0,,,0,,,0,,,0,,,,,0.0,,,样本不足，暂按来源分组权重；时间衰减半衰期=14天,0.0
3628922,1500,2026-08-26 07:17:39,30,0xb7ad15ad3457d8b4a3f9c5007bbf27c1f80092bd,smart_money,N,50.0,1.4,0,0,,,0,,,0,,,0,,,0,,,,,0.0,,,样本不足，暂按来源分组权重；时间衰减半衰期=14天,0.0
3628923,1500,2026-08-26 07:17:39,30,0xb7dbd6012313c5f7d5fada7eb1213de2030970c4,smart_money,N,50.0,1.4,0,0,,,0,,,0,,,0,,,0,,,,,0.0,,,样本不足，暂按来源分组权重；时间衰减半衰期=14天,0.0
3628924,1500,2026-08-26 07:17:39,30,0xb7e09a94603f4fd3b67537b4c43584fe1498ae05,smart_money,N,50.0,1.4,8,6,0.5001715771701356,-0.5886758948460601,6,0.4998284228298642,-0.2099728445797476,0,,,0,,,0,,,-0.20748546498569587,,0.0,2026-08-25 22:17:55,"PUMP,ONDO,AAVE,ZEC",样本不足，暂按来源分组权重；时间衰减半衰期=14天,4.906713373761179
3628925,1500,2026-08-26 07:17:39,30,0xb7fb2b774eb5e2dad9c060fb367acbdc7fa7099b,smart_money,N,50.0,1.4,1,1,0.0,0.908852063405571,1,0.0,-14.995085971177508,1,0.0,-63.09418393063918,0,,,0,,,-14.995085971177508,,0.0,2026-08-17 16:17:09,ZEC,样本不足，暂按来源分组权重；时间衰减半衰期=14天,0.6524339539632076
3628926,1500,2026-08-26 07:17:39,30,0xb8243756956e722bff5c763971b562ac551bfbd2,smart_money,N,50.0,1.4,0,0,,,0,,,0,,,0,,,0,,,,,0.0,,,样本不足，暂按来源分组权重；时间衰减半衰期=14天,0.0
3628927,1500,2026-08-26 07:17:39,30,0xb83de012dba672c76a7dbbbf3e459cb59d7d6e36,money_printer,B,85.39331150708877,1.2,30,30,0.12361212238816711,-2.33909558311567,29,0.04758340574996794,-4.4571606788966225,17,0.0,-6.54974739524053,14,0.5261554553965962,13.847052607474765,0,,,-3.477885612213772,,0.0,2026-08-23 07:17:51,"ETH,HYPE,BTC,SOL",B级：普通有效参考，主周期=15d；时间衰减半衰期=14天,15.93825091396886
3628928,1500,2026-08-26 07:17:39,30,0xb8452370507965180c053b578403ba1347ded1ad,smart_money,N,50.0,1.4,0,0,,,0,,,0,,,0,,,0,,,,,0.0,,,样本不足，暂按来源分组权重；时间衰减半衰期=14天,0.0
3628929,1500,2026-08-26 07:17:39,30,0xb854f7f40f0f3e1801fb6d8828b6f6dd97ebf33b,smart_money,N,50.0,1.4,0,0,,,0,,,0,,,0,,,0,,,,,0.0,,,样本不足，暂按来源分组权重；时间衰减半衰期=14天,0.0
3628930,1500,2026-08-26 07:17:39,30,0xb8eb97eaed8367079894d2f1bed69bd220ec1dd5,money_printer,R,11.792201175437318,-1.2,45,44,0.2746177561459503,0.09885005820914268,41,0.3417193100613025,1.1709359307224725,26,0.20695641041521848,4.1564151069498365,19,0.07453095507531332,-8.207798824562682,0,,,0.9337279727072483,,95.07504718794988,2026-08-25 10:17:57,ETH,反向钱包：15d方向胜率和平均收益偏差；时间衰减半衰期=14天,24.15745205678479
3628931,1500,2026-08-26 07:17:39,30,0xb919448d2f1797e5d9e7b9e88cd909a5089e6d4e,smart_money,N,50.0,1.4,0,0,,,0,,,0,,,0,,,0,,,,,0.0,,,样本不足，暂按来源分组权重；时间衰减半衰期=14天,0.0
3628932,1500,2026-08-26 07:17:39,30,0xb91b6aa05e95c3aa71a8c077b2321f480f039c0e,smart_money,N,50.0,1.4,0,0,,,0,,,0,,,0,,,0,,,,,0.0,,,样本不足，暂按来源分组权重；时间衰减半衰期=14天,0.0
3628933,1500,2026-08-26 07:17:39,30,0xb947763b6e64b4441b02562a63fda94f6b805162,smart_money,N,50.0,1.4,0,0,,,0,,,0,,,0,,,0,,,,,0.0,,,样本不足，暂按来源分组权重；时间衰减半衰期=14天,0.0
3628934,1500,2026-08-26 07:17:39,30,0xb952fb6b4cee4ff4591c6d6eba1508068b62e9c1,smart_money,N,50.0,1.4,0,0,,,0,,,0,,,0,,,0,,,,,0.0,,,样本不足，暂按来源分组权重；时间衰减半衰期=14天,0.0
3628935,1500,2026-08-26 07:17:39,30,0xb962b4452188b4bfbaefe83c8168a3335750b2e1,smart_money,N,50.0,1.4,0,0,,,0,,,0,,,0,,,0,,,,,0.0,,,样本不足，暂按来源分组权重；时间衰减半衰期=14天,0.0
3628936,1500,2026-08-26 07:17:39,30,0xb98909dd9cf5a95fe7079ee5bb4698cdad72b05e,smart_money,N,50.0,1.4,0,0,,,0,,,0,,,0,,,0,,,,,0.0,,,样本不足，暂按来源分组权重；时间衰减半衰期=14天,0.0
3628937,1500,2026-08-26 07:17:39,30,0xb99b8711ec0117fc816fd7ac1f9d29e061ec631b,smart_money,N,50.0,1.4,0,0,,,0,,,0,,,0,,,0,,,,,0.0,,,样本不足，暂按来源分组权重；时间衰减半衰期=14天,0.0
3628938,1500,2026-08-26 07:17:39,30,0xb9a6c1c5fdc74f9a4076110bff09bb8beb62e7a0,smart_money,N,50.0,1.4,0,0,,,0,,,0,,,0,,,0,,,,,0.0,,,样本不足，暂按来源分组权重；时间衰减半衰期=14天,0.0
3628939,1500,2026-08-26 07:17:39,30,0xb9c0283968744b80aef904455bb3dfc7ffd6801e,money_printer,N,50.0,1.2,0,0,,,0,,,0,,,0,,,0,,,,,0.0,,,样本不足，暂按来源分组权重；时间衰减半衰期=14天,0.0
3628940,1500,2026-08-26 07:17:39,30,0xb9f3c7aa5ceae0cb7256e5129d52d7c65acc3fef,money_printer,N,50.0,1.2,0,0,,,0,,,0,,,0,,,0,,,,,0.0,,,样本不足，暂按来源分组权重；时间衰减半衰期=14天,0.0
3628941,1500,2026-08-26 07:17:39,30,0xba0898f80da916730912bb2c2a18b8d76bc8985c,smart_money,N,50.0,1.4,4,4,0.35331840190417124,-2.1322457639110914,4,0.35331840190417124,0.9195399059756737,2,0.0,0.001580477623347711,2,0.0,0.16720808241413726,0,,,0.8733121672360276,,0.0,2026-08-20 09:17:04,NEKO,样本不足，暂按来源分组权重；时间衰减半衰期=14天,2.0387951261888952
3628942,1500,2026-08-26 07:17:39,30,0xba5f4f92f396e6de20d3dae5eefa65f4ecca806a,smart_money,N,50.0,1.4,0,0,,,0,,,0,,,0,,,0,,,,,0.0,,,样本不足，暂按来源分组权重；时间衰减半衰期=14天,0.0
3628943,1500,2026-08-26 07:17:39,30,0xba6de73b64eca3ff95c4ab7e5328912c360bd003,smart_money,N,50.0,1.4,0,0,,,0,,,0,,,0,,,0,,,,,0.0,,,样本不足，暂按来源分组权重；时间衰减半衰期=14天,0.0
3628944,1500,2026-08-26 07:17:39,30,0xba939edf38c0ae0cc689c98b492e0535f43e4550,smart_money,N,50.0,1.4,0,0,,,0,,,0,,,0,,,0,,,,,0.0,,,样本不足，暂按来源分组权重；时间衰减半衰期=14天,0.0
3628945,1500,2026-08-26 07:17:39,30,0xbaaaf6571ab7d571043ff1e313a9609a10637864,money_printer,N,50.0,1.2,0,0,,,0,,,0,,,0,,,0,,,,,0.0,,,样本不足，暂按来源分组权重；时间衰减半衰期=14天,0.0
3628946,1500,2026-08-26 07:17:39,30,0xbadbb1de95b5f333623ebece7026932fa5039ee6,money_printer,N,50.0,1.2,0,0,,,0,,,0,,,0,,,0,,,,,0.0,,,样本不足，暂按来源分组权重；时间衰减半衰期=14天,0.0
3628947,1500,2026-08-26 07:17:39,30,0xbae5e1fd212efdfae8a9ff44d5667c95f10f7902,smart_money,N,50.0,1.4,0,0,,,0,,,0,,,0,,,0,,,,,0.0,,,样本不足，暂按来源分组权重；时间衰减半衰期=14天,0.0
3628948,1500,2026-08-26 07:17:39,30,0xbb088e9852e18b1df8890d8d0f48bdcec0ab0964,smart_money,N,50.0,1.4,0,0,,,0,,,0,,,0,,,0,,,,,0.0,,,样本不足，暂按来源分组权重；时间衰减半衰期=14天,0.0
3628949,1500,2026-08-26 07:17:39,30,0xbb160cb61e694570f9d570f9fcde7c61dd2143ad,smart_money,N,50.0,1.4,0,0,,,0,,,0,,,0,,,0,,,,,0.0,,,样本不足，暂按来源分组权重；时间衰减半衰期=14天,0.0
3628950,1500,2026-08-26 07:17:39,30,0xbb3340c9e2073fb8ad372377230fa708d9b3fe03,smart_money,N,50.0,1.4,0,0,,,0,,,0,,,0,,,0,,,,,0.0,,,样本不足，暂按来源分组权重；时间衰减半衰期=14天,0.0
3628951,1500,2026-08-26 07:17:39,30,0xbb34960afec64f3f1cc78b0c9c342c4657021696,smart_money,N,50.0,1.4,2,2,0.0,-14.21466610873389,1,0.0,-66.0220073357786,0,,,0,,,0,,,-66.0220073357786,,0.0,2026-08-23 07:17:51,PUMP,样本不足，暂按来源分组权重；时间衰减半衰期=14天,1.5943106812868182
3628952,1500,2026-08-26 07:17:39,30,0xbb475febf78b528f4f0d4ae1a12541406565199c,money_printer,N,50.0,1.2,0,0,,,0,,,0,,,0,,,0,,,,,0.0,,,样本不足，暂按来源分组权重；时间衰减半衰期=14天,0.0
3628953,1500,2026-08-26 07:17:39,30,0xbb828515677729c4db2f790a52cf14b1c659e19f,smart_money,N,50.0,1.4,1,1,0.0,-1.6099482104473404,1,0.0,-7.875185735512618,1,0.0,-34.63408300754481,0,,,0,,,-7.875185735512617,,0.0,2026-08-16 22:17:01,DOGE,样本不足，暂按来源分组权重；时间衰减半衰期=14天,0.6286486057031258
3628954,1500,2026-08-26 07:17:39,30,0xbb8d8e9428b4ad06b1f6de7cba830ae13a86bd13,smart_money,N,50.0,1.4,0,0,,,0,,,0,,,0,,,0,,,,,0.0,,,样本不足，暂按来源分组权重；时间衰减半衰期=14天,0.0
3628955,1500,2026-08-26 07:17:39,30,0xbb97757984fa4408c13bd3b4a9189f520bf317d3,money_printer,N,50.0,1.2,0,0,,,0,,,0,,,0,,,0,,,,,0.0,,,样本不足，暂按来源分组权重；时间衰减半衰期=14天,0.0
3628956,1500,2026-08-26 07:17:39,30,0xbb9f0315243db63fc34c51f96ad5bb7ce6e275e2,smart_money,N,50.0,1.4,0,0,,,0,,,0,,,0,,,0,,,,,0.0,,,样本不足，暂按来源分组权重；时间衰减半衰期=14天,0.0
3628957,1500,2026-08-26 07:17:39,30,0xbba0681681815bd70f9075e0235e7997b7b519d9,smart_money,N,50.0,1.4,6,6,0.17659278351149138,-0.12707319233526565,6,0.0,-0.12479344092855095,6,0.0,-0.12361244614568193,2,0.0,-0.3529442361944846,0,,,-0.12565012070508985,,0.0,2026-08-13 06:17:15,BASED,样本不足，暂按来源分组权重；时间衰减半衰期=14天,2.8963228775095615
3628958,1500,2026-08-26 07:17:39,30,0xbbe9e1588a359337c3235de3b808da991cfc2efe,smart_money,N,50.0,1.4,0,0,,,0,,,0,,,0,,,0,,,,,0.0,,,样本不足，暂按来源分组权重；时间衰减半衰期=14天,0.0
3628959,1500,2026-08-26 07:17:39,30,0xbbece4231a4291e81777f4047dbfd2ba36a8f8ac,money_printer,N,50.0,1.2,0,0,,,0,,,0,,,0,,,0,,,,,0.0,,,样本不足，暂按来源分组权重；时间衰减半衰期=14天,0.0
3628960,1500,2026-08-26 07:17:39,30,0xbbf7d7a9d0eaeab4115f022a6863450296112422,smart_money,N,50.0,1.4,0,0,,,0,,,0,,,0,,,0,,,,,0.0,,,样本不足，暂按来源分组权重；时间衰减半衰期=14天,0.0
3628961,1500,2026-08-26 07:17:39,30,0xbc1bc64be47052fbab69d12fe5da1c3327788d1b,money_printer,N,50.0,1.2,1,1,1.0,5.173360268768789,1,1.0,6.007773215344402,0,,,0,,,0,,,6.007773215344402,,0.0,2026-08-20 10:17:07,ETH,样本不足，暂按来源分组权重；时间衰减半衰期=14天,0.7475959651412003
3628962,1500,2026-08-26 07:17:39,30,0xbc433ba7c34752448c5361e5ed3038628a1753b0,money_printer,N,50.0,1.2,0,0,,,0,,,0,,,0,,,0,,,,,0.0,,,样本不足，暂按来源分组权重；时间衰减半衰期=14天,0.0
3628963,1500,2026-08-26 07:17:39,30,0xbc5bf88fd012612ba92c5bd96e183955801b7fdc,smart_money,N,50.0,1.4,0,0,,,0,,,0,,,0,,,0,,,,,0.0,,,样本不足，暂按来源分组权重；时间衰减半衰期=14天,0.0
3628964,1500,2026-08-26 07:17:39,30,0xbc6411074346d9bfcdfe252cf901a4f67c68c6aa,money_printer,N,50.0,1.2,0,0,,,0,,,0,,,0,,,0,,,,,0.0,,,样本不足，暂按来源分组权重；时间衰减半衰期=14天,0.0
3628965,1500,2026-08-26 07:17:39,30,0xbc6d435e62e54273bf756fe6262dd66dbd6b0c02,smart_money,N,50.0,1.4,0,0,,,0,,,0,,,0,,,0,,,,,0.0,,,样本不足，暂按来源分组权重；时间衰减半衰期=14天,0.0
3628966,1500,2026-08-26 07:17:39,30,0xbc740622c82f05f579365366476202be35361390,money_printer,N,50.0,1.2,0,0,,,0,,,0,,,0,,,0,,,,,0.0,,,样本不足，暂按来源分组权重；时间衰减半衰期=14天,0.0
3628967,1500,2026-08-26 07:17:39,30,0xbc80d11005f958934735d61f5b71f05060cb1d9c,smart_money,N,50.0,1.4,0,0,,,0,,,0,,,0,,,0,,,,,0.0,,,样本不足，暂按来源分组权重；时间衰减半衰期=14天,0.0
3628968,1500,2026-08-26 07:17:39,30,0xbc8b92deb18a2ac9c1ffc1e522954dad81fe74bb,smart_money,N,50.0,1.4,0,0,,,0,,,0,,,0,,,0,,,,,0.0,,,样本不足，暂按来源分组权重；时间衰减半衰期=14天,0.0
3628969,1500,2026-08-26 07:17:39,30,0xbc927e87d072dfac3693846a83fa6922cc6c5f2a,smart_money,N,50.0,1.4,0,0,,,0,,,0,,,0,,,0,,,,,0.0,,,样本不足，暂按来源分组权重；时间衰减半衰期=14天,0.0
3628970,1500,2026-08-26 07:17:39,30,0xbc9f1c4b09dbce9849e201cb0729d8582266cac7,smart_money,N,50.0,1.4,0,0,,,0,,,0,,,0,,,0,,,,,0.0,,,样本不足，暂按来源分组权重；时间衰减半衰期=14天,0.0
3628971,1500,2026-08-26 07:17:39,30,0xbcc7fd5f27cba04dca862b94509133c453dde764,smart_money,N,50.0,1.4,0,0,,,0,,,0,,,0,,,0,,,,,0.0,,,样本不足，暂按来源分组权重；时间衰减半衰期=14天,0.0
3628972,1500,2026-08-26 07:17:39,30,0xbcd4071d023bf2aae484d724c130b5af6f0ca0d2,smart_money,N,50.0,1.4,0,0,,,0,,,0,,,0,,,0,,,,,0.0,,,样本不足，暂按来源分组权重；时间衰减半衰期=14天,0.0
3628973,1500,2026-08-26 07:17:39,30,0xbcd420d13362532756c968f663f96ba95e240dd2,money_printer,A,100.0,1.5499999999999998,47,45,0.5078396378466479,2.6294008654535808,26,0.7789892981022186,7.467358503604028,2,0.0,-0.8247734428384677,2,0.0,-9.90035815749546,0,,,7.12807765065633,,0.0,2026-08-26 03:18:03,"HYPE,XRP,AAVE,BTC,ETH",A级：72h表现稳定偏好；时间衰减半衰期=14天,36.59362913018675
3628974,1500,2026-08-26 07:17:39,30,0xbcfbbf38789d63721e800f1f8595af816e52c417,smart_money,N,50.0,1.4,0,0,,,0,,,0,,,0,,,0,,,,,0.0,,,样本不足，暂按来源分组权重；时间衰减半衰期=14天,0.0
3628975,1500,2026-08-26 07:17:39,30,0xbd1b3513bb0ce1529242cfb28926618809592362,smart_money,N,50.0,1.4,0,0,,,0,,,0,,,0,,,0,,,,,0.0,,,样本不足，暂按来源分组权重；时间衰减半衰期=14天,0.0
3628976,1500,2026-08-26 07:17:39,30,0xbd1c84113c6deb5044be0c2221f9e9403811ff0e,smart_money,N,50.0,1.4,1,1,1.0,2.346408185779006,0,,,0,,,0,,,0,,,,,0.0,2026-08-25 04:17:50,BTC,样本不足，暂按来源分组权重；时间衰减半衰期=14天,0.9458294386579812
3628977,1500,2026-08-26 07:17:39,30,0xbd49d787655919f7ccf051d372a15e4363dd3d01,money_printer,N,50.0,1.2,0,0,,,0,,,0,,,0,,,0,,,,,0.0,,,样本不足，暂按来源分组权重；时间衰减半衰期=14天,0.0
3628978,1500,2026-08-26 07:17:39,30,0xbd6a65ef504a12f0ed8e8dfd3253b02ebc62c00d,smart_money,N,50.0,1.4,0,0,,,0,,,0,,,0,,,0,,,,,0.0,,,样本不足，暂按来源分组权重；时间衰减半衰期=14天,0.0
3628979,1500,2026-08-26 07:17:39,30,0xbd8592125e9bf377fd739496412781ab1772c3b6,smart_money,N,50.0,1.4,0,0,,,0,,,0,,,0,,,0,,,,,0.0,,,样本不足，暂按来源分组权重；时间衰减半衰期=14天,0.0
3628980,1500,2026-08-26 07:17:39,30,0xbd9c944dcfb31cd24c81ebf1c974d950f44e42b8,money_printer,N,50.0,1.2,4,4,0.35331840190417124,-2.1322457639110914,4,0.35331840190417124,0.9195399059756737,2,0.0,0.001580477623347711,2,0.0,0.16720808241413726,0,,,0.8733121672360276,,0.0,2026-08-20 09:17:04,NEKO,样本不足，暂按来源分组权重；时间衰减半衰期=14天,2.0387951261888952
3628981,1500,2026-08-26 07:17:39,30,0xbda495ebf6fc94d61f9a7f22b9877273378ed82b,smart_money,N,50.0,1.4,0,0,,,0,,,0,,,0,,,0,,,,,0.0,,,样本不足，暂按来源分组权重；时间衰减半衰期=14天,0.0
3628982,1500,2026-08-26 07:17:39,30,0xbdcbc1fbca3cb7137263d7d76dea37c9efa2bdef,smart_money,N,50.0,1.4,0,0,,,0,,,0,,,0,,,0,,,,,0.0,,,样本不足，暂按来源分组权重；时间衰减半衰期=14天,0.0
3628983,1500,2026-08-26 07:17:39,30,0xbdd243d77a59a3b38d21bf61e78a6ba4702f2bbc,money_printer,N,50.0,1.2,0,0,,,0,,,0,,,0,,,0,,,,,0.0,,,样本不足，暂按来源分组权重；时间衰减半衰期=14天,0.0
3628984,1500,2026-08-26 07:17:39,30,0xbde2ddc49a2e6827300faa6afc93d572114a60b1,smart_money,N,50.0,1.4,0,0,,,0,,,0,,,0,,,0,,,,,0.0,,,样本不足，暂按来源分组权重；时间衰减半衰期=14天,0.0
3628985,1500,2026-08-26 07:17:39,30,0xbe19541903f64af97bcf8436f4d15bf3a56b8bd1,money_printer,N,50.0,1.2,0,0,,,0,,,0,,,0,,,0,,,,,0.0,,,样本不足，暂按来源分组权重；时间衰减半衰期=14天,0.0
3628986,1500,2026-08-26 07:17:39,30,0xbe494a5e3a719a78a45a47ab453b7b0199b9d101,money_printer,N,50.0,1.2,0,0,,,0,,,0,,,0,,,0,,,,,0.0,,,样本不足，暂按来源分组权重；时间衰减半衰期=14天,0.0
3628987,1500,2026-08-26 07:17:39,30,0xbe4e91ae63090eeb4165dfcfc35db3a4eb76e75e,money_printer,N,50.0,1.2,0,0,,,0,,,0,,,0,,,0,,,,,0.0,,,样本不足，暂按来源分组权重；时间衰减半衰期=14天,0.0
3628988,1500,2026-08-26 07:17:39,30,0xbeac67cc882dad6003b5a67a986249aeb17ac264,smart_money,N,50.0,1.4,0,0,,,0,,,0,,,0,,,0,,,,,0.0,,,样本不足，暂按来源分组权重；时间衰减半衰期=14天,0.0
3628989,1500,2026-08-26 07:17:39,30,0xbec5dab4a914d9c9d28dfc4aa120be59ab7b010f,smart_money,N,50.0,1.4,0,0,,,0,,,0,,,0,,,0,,,,,0.0,,,样本不足，暂按来源分组权重；时间衰减半衰期=14天,0.0
3628990,1500,2026-08-26 07:17:39,30,0xbeccae9ffcb69e9d42a1d4e744abf8056149562d,smart_money,N,50.0,1.4,0,0,,,0,,,0,,,0,,,0,,,,,0.0,,,样本不足，暂按来源分组权重；时间衰减半衰期=14天,0.0
3628991,1500,2026-08-26 07:17:39,30,0xbed01252c3542b02be6162c00ce636720d3c05bd,smart_money,N,50.0,1.4,0,0,,,0,,,0,,,0,,,0,,,,,0.0,,,样本不足，暂按来源分组权重；时间衰减半衰期=14天,0.0
3628992,1500,2026-08-26 07:17:39,30,0xbeeab38b14a6a7af7fe1ff98cdef4e1fb1dfd4d2,smart_money,N,50.0,1.4,0,0,,,0,,,0,,,0,,,0,,,,,0.0,,,样本不足，暂按来源分组权重；时间衰减半衰期=14天,0.0
3628993,1500,2026-08-26 07:17:39,30,0xbf1935fe7ab6d0aa3ee8d3da47c2f80e215b2a1c,smart_money,N,50.0,1.4,0,0,,,0,,,0,,,0,,,0,,,,,0.0,,,样本不足，暂按来源分组权重；时间衰减半衰期=14天,0.0
3628994,1500,2026-08-26 07:17:39,30,0xbf411e7eb27b8841b1ef83b3e79cc0c63407f5ad,smart_money,N,50.0,1.4,0,0,,,0,,,0,,,0,,,0,,,,,0.0,,,样本不足，暂按来源分组权重；时间衰减半衰期=14天,0.0
3628995,1500,2026-08-26 07:17:39,30,0xbf4ef7c97309cd4b7ef113358dbaabb3f36a13f5,smart_money,N,50.0,1.4,0,0,,,0,,,0,,,0,,,0,,,,,0.0,,,样本不足，暂按来源分组权重；时间衰减半衰期=14天,0.0
3628996,1500,2026-08-26 07:17:39,30,0xbf52c3c8fd04185fc819fd0c5165ae31773f931c,smart_money,N,50.0,1.4,0,0,,,0,,,0,,,0,,,0,,,,,0.0,,,样本不足，暂按来源分组权重；时间衰减半衰期=14天,0.0
3628997,1500,2026-08-26 07:17:39,30,0xbf55d2d31c193e475d9d52006359f1fe51ecb7ce,smart_money,N,50.0,1.4,0,0,,,0,,,0,,,0,,,0,,,,,0.0,,,样本不足，暂按来源分组权重；时间衰减半衰期=14天,0.0
3628998,1500,2026-08-26 07:17:39,30,0xbf6dd537825deeec24eb456e133c91b8d014ecc0,smart_money,N,50.0,1.4,0,0,,,0,,,0,,,0,,,0,,,,,0.0,,,样本不足，暂按来源分组权重；时间衰减半衰期=14天,0.0
3628999,1500,2026-08-26 07:17:39,30,0xbf732ea04197942783e34730ed6e0f6099575d58,money_printer,C,74.17672186970862,0.66,23,17,0.5335458388675148,1.6875472753838177,13,0.4836284327985196,2.286428303403983,7,0.36809024538024965,13.150196014406658,4,0.49430886272093877,-3.1754260452391576,0,,,1.9564068589036225,,0.0,2026-08-26 03:18:03,"ZEC,NEAR,HYPE,LIT,XPL",C级：噪音偏多，降权参考，主周期=72h；时间衰减半衰期=14天,12.017090895611812
3629000,1500,2026-08-26 07:17:39,30,0xbf740cfaa6c1e9cb1b8c882df405040431480192,smart_money,N,50.0,1.4,0,0,,,0,,,0,,,0,,,0,,,,,0.0,,,样本不足，暂按来源分组权重；时间衰减半衰期=14天,0.0
3629001,1500,2026-08-26 07:17:39,30,0xbfa317b7468a97e4e6a7a3c138b86ca0b7395477,smart_money,N,50.0,1.4,0,0,,,0,,,0,,,0,,,0,,,,,0.0,,,样本不足，暂按来源分组权重；时间衰减半衰期=14天,0.0
3629002,1500,2026-08-26 07:17:39,30,0xbfc79c444c41a74516bf31237ebf586a231480b4,money_printer,N,50.0,1.2,5,5,0.5971515378749305,1.7918634123929902,5,0.5938619066260636,1.4587317080060223,0,,,0,,,0,,,1.4922808826945413,,0.0,2026-08-22 16:17:51,"DOGE,NEAR,LINK,XRP",样本不足，暂按来源分组权重；时间衰减半衰期=14天,4.073347342344315
3629003,1500,2026-08-26 07:17:39,30,0xbfc8ced189f451020a0d69cb4e5b52b0f4bc43aa,money_printer,N,50.0,1.2,0,0,,,0,,,0,,,0,,,0,,,,,0.0,,,样本不足，暂按来源分组权重；时间衰减半衰期=14天,0.0
3629004,1500,2026-08-26 07:17:39,30,0xbfef36a2015646dd9681e37864cddc833d6f676f,money_printer,N,50.0,1.2,0,0,,,0,,,0,,,0,,,0,,,,,0.0,,,样本不足，暂按来源分组权重；时间衰减半衰期=14天,0.0
3629005,1500,2026-08-26 07:17:39,30,0xc029043cd00b80363130fa058818459a521842a1,smart_money,N,50.0,1.4,0,0,,,0,,,0,,,0,,,0,,,,,0.0,,,样本不足，暂按来源分组权重；时间衰减半衰期=14天,0.0
3629006,1500,2026-08-26 07:17:39,30,0xc06103cbd0ba469640d4139621977f65ca8e7041,smart_money,N,50.0,1.4,0,0,,,0,,,0,,,0,,,0,,,,,0.0,,,样本不足，暂按来源分组权重；时间衰减半衰期=14天,0.0
3629007,1500,2026-08-26 07:17:39,30,0xc08895cf0f48d7d43a602db2c2d45f52d7ae2e21,smart_money,N,50.0,1.4,0,0,,,0,,,0,,,0,,,0,,,,,0.0,,,样本不足，暂按来源分组权重；时间衰减半衰期=14天,0.0
3629008,1500,2026-08-26 07:17:39,30,0xc0b2a1ce425d0cd8bc321c445fa6ae0eaed2e688,smart_money,N,50.0,1.4,0,0,,,0,,,0,,,0,,,0,,,,,0.0,,,样本不足，暂按来源分组权重；时间衰减半衰期=14天,0.0
3629009,1500,2026-08-26 07:17:39,30,0xc0de1b88583d7d98abcf8f1efcd4ee2d8d031691,smart_money,N,50.0,1.4,1,1,0.0,-12.400770350885438,1,0.0,-11.334491991169141,0,,,0,,,0,,,-11.334491991169141,,0.0,2026-08-22 18:17:58,FARTCOIN,样本不足，暂按来源分组权重；时间衰减半衰期=14天,0.8391726227644318
3629010,1500,2026-08-26 07:17:39,30,0xc0f06a313e20b7ad93a65dcdf0f208998d1a4596,smart_money,N,50.0,1.4,0,0,,,0,,,0,,,0,,,0,,,,,0.0,,,样本不足，暂按来源分组权重；时间衰减半衰期=14天,0.0
3629011,1500,2026-08-26 07:17:39,30,0xc0f1a60e0ce0acd5588316aa2b01732b100df111,smart_money,N,50.0,1.4,0,0,,,0,,,0,,,0,,,0,,,,,0.0,,,样本不足，暂按来源分组权重；时间衰减半衰期=14天,0.0
3629012,1500,2026-08-26 07:17:39,30,0xc1471df385b1b039aae2000678e0b8bd905b3aef,money_printer,N,50.0,1.2,0,0,,,0,,,0,,,0,,,0,,,,,0.0,,,样本不足，暂按来源分组权重；时间衰减半衰期=14天,0.0
3629013,1500,2026-08-26 07:17:39,30,0xc162762278a1d8fa55ee59a07a711f94a9949148,smart_money,N,50.0,1.4,0,0,,,0,,,0,,,0,,,0,,,,,0.0,,,样本不足，暂按来源分组权重；时间衰减半衰期=14天,0.0
3629014,1500,2026-08-26 07:17:39,30,0xc16b8ddcef47a74c9b76cd28e6834270090d72dd,smart_money,N,50.0,1.4,0,0,,,0,,,0,,,0,,,0,,,,,0.0,,,样本不足，暂按来源分组权重；时间衰减半衰期=14天,0.0
3629015,1500,2026-08-26 07:17:39,30,0xc1b052a1d94a6f6c85c97fb1f467584ca6635c4c,smart_money,N,50.0,1.4,0,0,,,0,,,0,,,0,,,0,,,,,0.0,,,样本不足，暂按来源分组权重；时间衰减半衰期=14天,0.0
3629016,1500,2026-08-26 07:17:39,30,0xc1bc869dd56ece95f406d9f9cb6770e6252cf1a1,money_printer,N,50.0,1.2,0,0,,,0,,,0,,,0,,,0,,,,,0.0,,,样本不足，暂按来源分组权重；时间衰减半衰期=14天,0.0
3629017,1500,2026-08-26 07:17:39,30,0xc1e42f862d202b4a0ed552c1145735ee088f6ccf,smart_money,N,50.0,1.4,0,0,,,0,,,0,,,0,,,0,,,,,0.0,,,样本不足，暂按来源分组权重；时间衰减半衰期=14天,0.0
3629018,1500,2026-08-26 07:17:39,30,0xc1fd39727cd10fe97ccac228888f025309560a93,smart_money,N,50.0,1.4,0,0,,,0,,,0,,,0,,,0,,,,,0.0,,,样本不足，暂按来源分组权重；时间衰减半衰期=14天,0.0
3629019,1500,2026-08-26 07:17:39,30,0xc28e23e7d7d6cc0c9c6f08146c71e7d168cae45a,smart_money,N,50.0,1.4,0,0,,,0,,,0,,,0,,,0,,,,,0.0,,,样本不足，暂按来源分组权重；时间衰减半衰期=14天,0.0
3629020,1500,2026-08-26 07:17:39,30,0xc2e137ea6b79a7992dd54d44ee8223f2c7e13e22,smart_money,N,50.0,1.4,0,0,,,0,,,0,,,0,,,0,,,,,0.0,,,样本不足，暂按来源分组权重；时间衰减半衰期=14天,0.0
3629021,1500,2026-08-26 07:17:39,30,0xc30b67a08e962b40f1fa0a4c1052c118ac0a61c6,smart_money,N,50.0,1.4,0,0,,,0,,,0,,,0,,,0,,,,,0.0,,,样本不足，暂按来源分组权重；时间衰减半衰期=14天,0.0
3629022,1500,2026-08-26 07:17:39,30,0xc30c7ea910a71ce06ae840868b0c7e47616ba4c9,money_printer,R,15.728667060690828,-1.2,15,15,0.44425968560108414,1.7222349009390976,15,0.3646668643837617,-4.271332939309173,6,0.44175164131395034,-21.967833369491427,0,,,0,,,-4.848992628265114,,47.82396521307151,2026-08-23 00:17:50,XRP,反向钱包：72h方向胜率和平均收益偏差；时间衰减半衰期=14天,10.674583846063793
3629023,1500,2026-08-26 07:17:39,30,0xc38de07f12cdb9122c676ef83aeb2511682cd79f,smart_money,N,50.0,1.4,0,0,,,0,,,0,,,0,,,0,,,,,0.0,,,样本不足，暂按来源分组权重；时间衰减半衰期=14天,0.0
3629024,1500,2026-08-26 07:17:39,30,0xc3b1951ceffdcaf25640cb37ce1d6cf125579a03,smart_money,N,50.0,1.4,3,3,0.3317203119339514,-1.159749035449242,3,0.3317203119339514,-3.207127409997382,0,,,0,,,0,,,-3.174792774741435,,0.0,2026-08-20 07:17:15,"HYPE,SOL",样本不足，暂按来源分组权重；时间衰减半衰期=14天,2.2031204503069706
3629025,1500,2026-08-26 07:17:39,30,0xc3d101ae37bba62baf199c6d5e5d8f0eecfd200e,smart_money,N,50.0,1.4,0,0,,,0,,,0,,,0,,,0,,,,,0.0,,,样本不足，暂按来源分组权重；时间衰减半衰期=14天,0.0
3629026,1500,2026-08-26 07:17:39,30,0xc3f43a41a396e5049d6f96c7d444fc6c315b738a,smart_money,N,50.0,1.4,0,0,,,0,,,0,,,0,,,0,,,,,0.0,,,样本不足，暂按来源分组权重；时间衰减半衰期=14天,0.0
3629027,1500,2026-08-26 07:17:39,30,0xc3fbfc41c60d61a01bd2dbb6846008b4338aefd3,money_printer,N,50.0,1.2,0,0,,,0,,,0,,,0,,,0,,,,,0.0,,,样本不足，暂按来源分组权重；时间衰减半衰期=14天,0.0
3629028,1500,2026-08-26 07:17:39,30,0xc4180d58e4980ae6b39c133ab3a9389ae62e8706,money_printer,N,50.0,1.2,0,0,,,0,,,0,,,0,,,0,,,,,0.0,,,样本不足，暂按来源分组权重；时间衰减半衰期=14天,0.0
3629029,1500,2026-08-26 07:17:39,30,0xc4241dc9bfeb5126c0766df35a87ed3fbd630c78,smart_money,N,50.0,1.4,0,0,,,0,,,0,,,0,,,0,,,,,0.0,,,样本不足，暂按来源分组权重；时间衰减半衰期=14天,0.0
3629030,1500,2026-08-26 07:17:39,30,0xc44ffe108058eceec48e6a13e2df17a90ec62142,smart_money,N,50.0,1.4,0,0,,,0,,,0,,,0,,,0,,,,,0.0,,,样本不足，暂按来源分组权重；时间衰减半衰期=14天,0.0
3629031,1500,2026-08-26 07:17:39,30,0xc4643e390f49d1616b5108bf0eac309f7c0eb868,smart_money,N,50.0,1.4,0,0,,,0,,,0,,,0,,,0,,,,,0.0,,,样本不足，暂按来源分组权重；时间衰减半衰期=14天,0.0
3629032,1500,2026-08-26 07:17:39,30,0xc46e57114835d392ce1aef7b3c884d953bffc761,smart_money,N,50.0,1.4,1,1,0.0,0.07468191877885375,1,0.0,-1.003652127979311,1,0.0,0.9198626581298471,1,0.0,1.6448237233490264,0,,,-1.003652127979311,,0.0,2026-07-28 15:16:50,HYPE,样本不足，暂按来源分组权重；时间衰减半衰期=14天,0.24187615292442882
3629033,1500,2026-08-26 07:17:39,30,0xc471ab54066b18c5626f0281f01d68d346e8e249,smart_money,N,50.0,1.4,0,0,,,0,,,0,,,0,,,0,,,,,0.0,,,样本不足，暂按来源分组权重；时间衰减半衰期=14天,0.0
3629034,1500,2026-08-26 07:17:39,30,0xc49ec554731a81f4bf4f3504cfb1dd3c484ccf74,money_printer,N,50.0,1.2,0,0,,,0,,,0,,,0,,,0,,,,,0.0,,,样本不足，暂按来源分组权重；时间衰减半衰期=14天,0.0
3629035,1500,2026-08-26 07:17:39,30,0xc4af23ba0db32f3841ad876aa50435c178ca7109,smart_money,N,50.0,1.4,0,0,,,0,,,0,,,0,,,0,,,,,0.0,,,样本不足，暂按来源分组权重；时间衰减半衰期=14天,0.0
3629036,1500,2026-08-26 07:17:39,30,0xc4b2879001501f32bc319546a2da38ea7f5b9736,smart_money,N,50.0,1.4,0,0,,,0,,,0,,,0,,,0,,,,,0.0,,,样本不足，暂按来源分组权重；时间衰减半衰期=14天,0.0
3629037,1500,2026-08-26 07:17:39,30,0xc5010834e5be500437b1bb04f2c34e0f3898e581,smart_money,N,50.0,1.4,0,0,,,0,,,0,,,0,,,0,,,,,0.0,,,样本不足，暂按来源分组权重；时间衰减半衰期=14天,0.0
3629038,1500,2026-08-26 07:17:39,30,0xc58304f545d166779215a0d33b2c4496838d9869,smart_money,N,50.0,1.4,0,0,,,0,,,0,,,0,,,0,,,,,0.0,,,样本不足，暂按来源分组权重；时间衰减半衰期=14天,0.0
3629039,1500,2026-08-26 07:17:39,30,0xc59498175d6d317642aeb97f895a7ce1aa992191,money_printer,N,50.0,1.2,0,0,,,0,,,0,,,0,,,0,,,,,0.0,,,样本不足，暂按来源分组权重；时间衰减半衰期=14天,0.0
3629040,1500,2026-08-26 07:17:39,30,0xc59e5158df849739800f83a609ef41236bb0d4ff,smart_money,N,50.0,1.4,0,0,,,0,,,0,,,0,,,0,,,,,0.0,,,样本不足，暂按来源分组权重；时间衰减半衰期=14天,0.0
3629041,1500,2026-08-26 07:17:39,30,0xc5ba14d33b352090f699c82d0a1d0e8fe5a0679b,smart_money,N,50.0,1.4,0,0,,,0,,,0,,,0,,,0,,,,,0.0,,,样本不足，暂按来源分组权重；时间衰减半衰期=14天,0.0
3629042,1500,2026-08-26 07:17:39,30,0xc5ed4501500fcbfb2b88fb7f0aa52f834ed44346,smart_money,N,50.0,1.4,0,0,,,0,,,0,,,0,,,0,,,,,0.0,,,样本不足，暂按来源分组权重；时间衰减半衰期=14天,0.0
3629043,1500,2026-08-26 07:17:39,30,0xc5f033a47dde827133850ced50009c3802c989ba,smart_money,N,50.0,1.4,0,0,,,0,,,0,,,0,,,0,,,,,0.0,,,样本不足，暂按来源分组权重；时间衰减半衰期=14天,0.0
3629044,1500,2026-08-26 07:17:39,30,0xc613bd93c62e62bf3e583c36ae8c4118f1fb2456,money_printer,N,50.0,1.2,0,0,,,0,,,0,,,0,,,0,,,,,0.0,,,样本不足，暂按来源分组权重；时间衰减半衰期=14天,0.0
3629045,1500,2026-08-26 07:17:39,30,0xc646851ce5d79117d5086a5aaf5c81922f94efd9,smart_money,N,50.0,1.4,0,0,,,0,,,0,,,0,,,0,,,,,0.0,,,样本不足，暂按来源分组权重；时间衰减半衰期=14天,0.0
3629046,1500,2026-08-26 07:17:39,30,0xc6758a779bccee1ef0190dbe8292fdf44076795d,money_printer,A,87.16121280702679,1.5499999999999998,28,28,0.5163508502273496,2.3017602362907765,28,0.6196023557048287,1.806781993633466,5,0.25693344621274217,-0.30452007653365665,3,0.0,-17.92271592595552,0,,,1.8366345688423542,,0.0,2026-08-22 17:17:56,"BTC,HYPE,SOL,ETH,ADA",A级：72h表现稳定偏好；时间衰减半衰期=14天,20.118117005869667
3629047,1500,2026-08-26 07:17:39,30,0xc6877a65349b0fa45cc61a267ee682c7abf2b369,smart_money,N,50.0,1.4,0,0,,,0,,,0,,,0,,,0,,,,,0.0,,,样本不足，暂按来源分组权重；时间衰减半衰期=14天,0.0
3629048,1500,2026-08-26 07:17:39,30,0xc69ae428f6049e78d445f053d2c1df879c59b34c,smart_money,N,50.0,1.4,0,0,,,0,,,0,,,0,,,0,,,,,0.0,,,样本不足，暂按来源分组权重；时间衰减半衰期=14天,0.0
3629049,1500,2026-08-26 07:17:39,30,0xc6a4d5ae5d32ff24f5d0b0d8e939582d92f8d847,smart_money,N,50.0,1.4,0,0,,,0,,,0,,,0,,,0,,,,,0.0,,,样本不足，暂按来源分组权重；时间衰减半衰期=14天,0.0
3629050,1500,2026-08-26 07:17:39,30,0xc6aa7b1f1dbe24ca2f12c193b60eb05230270e75,smart_money,N,50.0,1.4,0,0,,,0,,,0,,,0,,,0,,,,,0.0,,,样本不足，暂按来源分组权重；时间衰减半衰期=14天,0.0
3629051,1500,2026-08-26 07:17:39,30,0xc6ac58a7a63339898aeda32499a8238a46d88e84,money_printer,N,50.0,1.2,0,0,,,0,,,0,,,0,,,0,,,,,0.0,,,样本不足，暂按来源分组权重；时间衰减半衰期=14天,0.0
3629052,1500,2026-08-26 07:17:39,30,0xc6cd4f327ebda9a78cc52414aa5101c211b5e4d9,smart_money,N,50.0,1.4,0,0,,,0,,,0,,,0,,,0,,,,,0.0,,,样本不足，暂按来源分组权重；时间衰减半衰期=14天,0.0
3629053,1500,2026-08-26 07:17:39,30,0xc6d7fdfbcb55d6cad6570c5838de394d2aa24015,money_printer,N,50.0,1.2,0,0,,,0,,,0,,,0,,,0,,,,,0.0,,,样本不足，暂按来源分组权重；时间衰减半衰期=14天,0.0
3629054,1500,2026-08-26 07:17:39,30,0xc6e7a7632505525268290eca08ee02a3100441c1,smart_money,N,50.0,1.4,0,0,,,0,,,0,,,0,,,0,,,,,0.0,,,样本不足，暂按来源分组权重；时间衰减半衰期=14天,0.0
3629055,1500,2026-08-26 07:17:39,30,0xc6fd7c7bc701c802cf2e75fa19cacd5e4c55af9c,smart_money,N,50.0,1.4,0,0,,,0,,,0,,,0,,,0,,,,,0.0,,,样本不足，暂按来源分组权重；时间衰减半衰期=14天,0.0
3629056,1500,2026-08-26 07:17:39,30,0xc7041ae8ff2edc2547013b17ec021f8142594b37,smart_money,N,50.0,1.4,0,0,,,0,,,0,,,0,,,0,,,,,0.0,,,样本不足，暂按来源分组权重；时间衰减半衰期=14天,0.0
3629057,1500,2026-08-26 07:17:39,30,0xc7290b4b308431a985fa9e3e8a335c2f7650517c,money_printer,N,50.0,1.2,0,0,,,0,,,0,,,0,,,0,,,,,0.0,,,样本不足，暂按来源分组权重；时间衰减半衰期=14天,0.0
3629058,1500,2026-08-26 07:17:39,30,0xc73b427d778bc04728843dc62895b472d7ac1e37,smart_money,N,50.0,1.4,0,0,,,0,,,0,,,0,,,0,,,,,0.0,,,样本不足，暂按来源分组权重；时间衰减半衰期=14天,0.0
3629059,1500,2026-08-26 07:17:39,30,0xc74a955d699b771a8c3be0a425567e31bde1ab93,smart_money,N,50.0,1.4,0,0,,,0,,,0,,,0,,,0,,,,,0.0,,,样本不足，暂按来源分组权重；时间衰减半衰期=14天,0.0
3629060,1500,2026-08-26 07:17:39,30,0xc77b4c63d4be417858836ea016abb7de233ef3e1,smart_money,N,50.0,1.4,0,0,,,0,,,0,,,0,,,0,,,,,0.0,,,样本不足，暂按来源分组权重；时间衰减半衰期=14天,0.0
3629061,1500,2026-08-26 07:17:39,30,0xc794b210337339ce83f5be21f0f62802c029b332,money_printer,N,50.0,1.2,0,0,,,0,,,0,,,0,,,0,,,,,0.0,,,样本不足，暂按来源分组权重；时间衰减半衰期=14天,0.0
3629062,1500,2026-08-26 07:17:39,30,0xc7abcfeaf42bd7afae393863f5e7fc470a662bf8,smart_money,N,50.0,1.4,2,0,,,0,,,0,,,0,,,0,,,,,0.0,2026-08-25 22:17:55,ZEC,样本不足，暂按来源分组权重；时间衰减半衰期=14天,0.0
3629063,1500,2026-08-26 07:17:39,30,0xc7accfe2b643330ff8f091e4e5f3f044f560bec9,smart_money,N,50.0,1.4,0,0,,,0,,,0,,,0,,,0,,,,,0.0,,,样本不足，暂按来源分组权重；时间衰减半衰期=14天,0.0
3629064,1500,2026-08-26 07:17:39,30,0xc7bfd896cc6a8bf1d09486dd08f590691b20c2ff,smart_money,N,50.0,1.4,0,0,,,0,,,0,,,0,,,0,,,,,0.0,,,样本不足，暂按来源分组权重；时间衰减半衰期=14天,0.0
3629065,1500,2026-08-26 07:17:39,30,0xc7ebe10d3568c52b3f43dc50320167db9d10ce4f,money_printer,N,50.0,1.2,0,0,,,0,,,0,,,0,,,0,,,,,0.0,,,样本不足，暂按来源分组权重；时间衰减半衰期=14天,0.0
3629066,1500,2026-08-26 07:17:39,30,0xc7f94fb3b3ba614b9b2bf80697ab5a31917005a2,money_printer,N,50.0,1.2,0,0,,,0,,,0,,,0,,,0,,,,,0.0,,,样本不足，暂按来源分组权重；时间衰减半衰期=14天,0.0
3629067,1500,2026-08-26 07:17:39,30,0xc81627434af14d5b35d808f40227d18d41c35c64,smart_money,N,50.0,1.4,0,0,,,0,,,0,,,0,,,0,,,,,0.0,,,样本不足，暂按来源分组权重；时间衰减半衰期=14天,0.0
3629068,1500,2026-08-26 07:17:39,30,0xc846e513f1fb448e744d5c8e911e87bccc0dfb20,smart_money,N,50.0,1.4,0,0,,,0,,,0,,,0,,,0,,,,,0.0,,,样本不足，暂按来源分组权重；时间衰减半衰期=14天,0.0
3629069,1500,2026-08-26 07:17:39,30,0xc84b3f4b3fa29d38e60b318e5d8a84802ef7cbeb,smart_money,N,50.0,1.4,0,0,,,0,,,0,,,0,,,0,,,,,0.0,,,样本不足，暂按来源分组权重；时间衰减半衰期=14天,0.0
3629070,1500,2026-08-26 07:17:39,30,0xc850d1f1639458b47b5ce9482a73d11d95f4d89b,smart_money,N,50.0,1.4,0,0,,,0,,,0,,,0,,,0,,,,,0.0,,,样本不足，暂按来源分组权重；时间衰减半衰期=14天,0.0
3629071,1500,2026-08-26 07:17:39,30,0xc897e2a9cf140a9035e2aebaa834ae98196c152a,smart_money,N,50.0,1.4,0,0,,,0,,,0,,,0,,,0,,,,,0.0,,,样本不足，暂按来源分组权重；时间衰减半衰期=14天,0.0
3629072,1500,2026-08-26 07:17:39,30,0xc8996c94746b9ab950c3a1163728cf58c657da73,smart_money,N,50.0,1.4,0,0,,,0,,,0,,,0,,,0,,,,,0.0,,,样本不足，暂按来源分组权重；时间衰减半衰期=14天,0.0
3629073,1500,2026-08-26 07:17:39,30,0xc8c49a444442eabcc8391ae908b1a8bfc991a0ff,smart_money,N,50.0,1.4,0,0,,,0,,,0,,,0,,,0,,,,,0.0,,,样本不足，暂按来源分组权重；时间衰减半衰期=14天,0.0
3629074,1500,2026-08-26 07:17:39,30,0xc8ff61f572ca7bc4ceb624f38f06c053b93496a5,smart_money,N,50.0,1.4,0,0,,,0,,,0,,,0,,,0,,,,,0.0,,,样本不足，暂按来源分组权重；时间衰减半衰期=14天,0.0
3629075,1500,2026-08-26 07:17:39,30,0xc9186f29695cfe18b79e6a8ebf1be13905cac077,smart_money,N,50.0,1.4,0,0,,,0,,,0,,,0,,,0,,,,,0.0,,,样本不足，暂按来源分组权重；时间衰减半衰期=14天,0.0
3629076,1500,2026-08-26 07:17:39,30,0xc9257e15609fd24a2334b991756652fbd52f48b5,smart_money,N,50.0,1.4,0,0,,,0,,,0,,,0,,,0,,,,,0.0,,,样本不足，暂按来源分组权重；时间衰减半衰期=14天,0.0
3629077,1500,2026-08-26 07:17:39,30,0xc926ddba8b7617dbc65712f20cf8e1b58b8598d3,money_printer,N,50.0,1.2,0,0,,,0,,,0,,,0,,,0,,,,,0.0,,,样本不足，暂按来源分组权重；时间衰减半衰期=14天,0.0
3629078,1500,2026-08-26 07:17:39,30,0xc932e364a2c57ffe87153113bc4c53fa8338b1ba,smart_money,N,50.0,1.4,0,0,,,0,,,0,,,0,,,0,,,,,0.0,,,样本不足，暂按来源分组权重；时间衰减半衰期=14天,0.0
3629079,1500,2026-08-26 07:17:39,30,0xc94285029b3a5efaad09fe55e36320e6fbf82bf6,smart_money,N,50.0,1.4,0,0,,,0,,,0,,,0,,,0,,,,,0.0,,,样本不足，暂按来源分组权重；时间衰减半衰期=14天,0.0
3629080,1500,2026-08-26 07:17:39,30,0xca230e816bdb34a46960c2f978a30a563d1ae9e0,money_printer,R,18.974896289422876,-1.2,24,20,0.40740439714910986,-0.6370207412955619,15,0.2838408155254131,-1.0251037105771252,5,0.0,-3.938622669109278,3,0.0,-19.006869633815302,0,,,-0.9378594687282424,,34.7862992005509,2026-08-26 06:17:55,"HYPE,ZEC,KAITO,LIT",反向钱包：72h方向胜率和平均收益偏差；时间衰减半衰期=14天,14.908804206802838
3629081,1500,2026-08-26 07:17:39,30,0xca4903c207a0df58bf37d4bc8bbc5210726f53c8,money_printer,N,50.0,1.2,0,0,,,0,,,0,,,0,,,0,,,,,0.0,,,样本不足，暂按来源分组权重；时间衰减半衰期=14天,0.0
3629082,1500,2026-08-26 07:17:39,30,0xca73bbd800aaba3cad7560596b2734f300cd5a6a,smart_money,N,50.0,1.4,0,0,,,0,,,0,,,0,,,0,,,,,0.0,,,样本不足，暂按来源分组权重；时间衰减半衰期=14天,0.0
3629083,1500,2026-08-26 07:17:39,30,0xcac19662ec88d23fa1c81ac0e8570b0cf2ff26b3,money_printer,N,50.0,1.2,9,9,0.44712007537999887,-3.0194866393949122,8,0.38074599298855105,-6.385034209563916,0,,,0,,,0,,,-6.5168429832675105,,0.0,2026-08-23 12:17:54,"ZEC,NEAR,HYPE,XRP",样本不足，暂按来源分组权重；时间衰减半衰期=14天,7.312272982680543
3629084,1500,2026-08-26 07:17:39,30,0xcac1f1c3e4599e044dc2a9d38a9b6ef1af1bdae8,money_printer,N,50.0,1.2,4,4,0.35331840190417124,-2.1322457639110914,4,0.35331840190417124,0.9195399059756737,2,0.0,0.001580477623347711,2,0.0,0.16720808241413726,0,,,0.8733121672360276,,0.0,2026-08-20 09:17:04,NEKO,样本不足，暂按来源分组权重；时间衰减半衰期=14天,2.0387951261888952
3629085,1500,2026-08-26 07:17:39,30,0xcac43e06859c3379ac1cce01047531261e22f11e,smart_money,N,50.0,1.4,0,0,,,0,,,0,,,0,,,0,,,,,0.0,,,样本不足，暂按来源分组权重；时间衰减半衰期=14天,0.0
3629086,1500,2026-08-26 07:17:39,30,0xcafcbbf25e5d67c7700d8c49b0431a64fd7e89a8,smart_money,N,50.0,1.4,0,0,,,0,,,0,,,0,,,0,,,,,0.0,,,样本不足，暂按来源分组权重；时间衰减半衰期=14天,0.0
3629087,1500,2026-08-26 07:17:39,30,0xcb02837caaee310c178501855b63bf7f4f4b1f8b,money_printer,N,50.0,1.2,0,0,,,0,,,0,,,0,,,0,,,,,0.0,,,样本不足，暂按来源分组权重；时间衰减半衰期=14天,0.0
3629088,1500,2026-08-26 07:17:39,30,0xcb15941180ed7cff8b3547117eca6b78cbdeaf9c,smart_money,N,50.0,1.4,0,0,,,0,,,0,,,0,,,0,,,,,0.0,,,样本不足，暂按来源分组权重；时间衰减半衰期=14天,0.0
3629089,1500,2026-08-26 07:17:39,30,0xcb39c18f0e4d705d1db141171a65cb5a86c9fdb9,smart_money,N,50.0,1.4,0,0,,,0,,,0,,,0,,,0,,,,,0.0,,,样本不足，暂按来源分组权重；时间衰减半衰期=14天,0.0
3629090,1500,2026-08-26 07:17:39,30,0xcb3ee3f1b22cdff8b6ca4839cd0784d34b85dea9,smart_money,N,50.0,1.4,0,0,,,0,,,0,,,0,,,0,,,,,0.0,,,样本不足，暂按来源分组权重；时间衰减半衰期=14天,0.0
3629091,1500,2026-08-26 07:17:39,30,0xcb58b8f5ec6d47985f0728465c25a08ef9ad2c7b,money_printer,N,50.0,1.2,14,8,0.43396902167648704,-2.068703447813752,6,0.4684049778766391,2.135304222478085,5,0.5915305959459751,8.058548082151349,2,0.38161287057117854,-29.540803585317875,0,,,2.554740932594533,,0.0,2026-08-26 06:17:55,"ETH,ZEC,PUMP,NEAR,ZRO",样本不足，暂按来源分组权重；时间衰减半衰期=14天,5.267388598587096
3629092,1500,2026-08-26 07:17:39,30,0xcb5c2f378860437fad512c3aec09efce1c470283,smart_money,N,50.0,1.4,0,0,,,0,,,0,,,0,,,0,,,,,0.0,,,样本不足，暂按来源分组权重；时间衰减半衰期=14天,0.0
3629093,1500,2026-08-26 07:17:39,30,0xcb8436264dd4b0d9912b65dbe2893e71de7752cd,money_printer,N,50.0,1.2,1,1,1.0,1.8598637426028086,1,0.0,-0.22875329454472815,1,0.0,-0.9970659903525738,0,,,0,,,-0.22875329454472815,,0.0,2026-08-11 09:17:16,XRP,样本不足，暂按来源分组权重；时间衰减半衰期=14天,0.47780862285136555
3629094,1500,2026-08-26 07:17:39,30,0xcba2680d2fc87cd6ee404fafbd7a5efbd26b099c,smart_money,N,50.0,1.4,0,0,,,0,,,0,,,0,,,0,,,,,0.0,,,样本不足，暂按来源分组权重；时间衰减半衰期=14天,0.0
3629095,1500,2026-08-26 07:17:39,30,0xcbc7b92332f8160e9f743ad2efd5755680f83e95,money_printer,N,50.0,1.2,0,0,,,0,,,0,,,0,,,0,,,,,0.0,,,样本不足，暂按来源分组权重；时间衰减半衰期=14天,0.0
3629096,1500,2026-08-26 07:17:39,30,0xcbd72d8d71d94591a73321bc4fc7ab6bdcb73e24,smart_money,N,50.0,1.4,0,0,,,0,,,0,,,0,,,0,,,,,0.0,,,样本不足，暂按来源分组权重；时间衰减半衰期=14天,0.0
3629097,1500,2026-08-26 07:17:39,30,0xcbe114cc845cf58d3eada944335612e8df99fe7f,smart_money,N,50.0,1.4,0,0,,,0,,,0,,,0,,,0,,,,,0.0,,,样本不足，暂按来源分组权重；时间衰减半衰期=14天,0.0
3629098,1500,2026-08-26 07:17:39,30,0xcbe884e98d877b6b3273fa1648e33a39f5d9d13a,smart_money,N,50.0,1.4,0,0,,,0,,,0,,,0,,,0,,,,,0.0,,,样本不足，暂按来源分组权重；时间衰减半衰期=14天,0.0
3629099,1500,2026-08-26 07:17:39,30,0xcbec2fd28c44cc34f69ce9e98029595157f47096,smart_money,N,50.0,1.4,0,0,,,0,,,0,,,0,,,0,,,,,0.0,,,样本不足，暂按来源分组权重；时间衰减半衰期=14天,0.0
3629100,1500,2026-08-26 07:17:39,30,0xcc0ec788a4a1312582b24ac899c522fc3794ee8d,money_printer,N,50.0,1.2,0,0,,,0,,,0,,,0,,,0,,,,,0.0,,,样本不足，暂按来源分组权重；时间衰减半衰期=14天,0.0
3629101,1500,2026-08-26 07:17:39,30,0xcc221419e754b43b2b5a9482909d8892ef70c838,money_printer,N,50.0,1.2,0,0,,,0,,,0,,,0,,,0,,,,,0.0,,,样本不足，暂按来源分组权重；时间衰减半衰期=14天,0.0
3629102,1500,2026-08-26 07:17:39,30,0xcc29196f3d3e1af2a4dd20f4f2765b090c9e892f,smart_money,N,50.0,1.4,0,0,,,0,,,0,,,0,,,0,,,,,0.0,,,样本不足，暂按来源分组权重；时间衰减半衰期=14天,0.0
3629103,1500,2026-08-26 07:17:39,30,0xcc2fcbbe74bcef78bd512ba8831a8c6db50054de,money_printer,N,50.0,1.2,0,0,,,0,,,0,,,0,,,0,,,,,0.0,,,样本不足，暂按来源分组权重；时间衰减半衰期=14天,0.0
3629104,1500,2026-08-26 07:17:39,30,0xcc7c071d6000f98ebd009de30e5e9c387e501276,money_printer,N,50.0,1.2,0,0,,,0,,,0,,,0,,,0,,,,,0.0,,,样本不足，暂按来源分组权重；时间衰减半衰期=14天,0.0
3629105,1500,2026-08-26 07:17:39,30,0xcc89d2eb1f307e56f7c79a5f0a3384be6656bd41,money_printer,N,50.0,1.2,0,0,,,0,,,0,,,0,,,0,,,,,0.0,,,样本不足，暂按来源分组权重；时间衰减半衰期=14天,0.0
3629106,1500,2026-08-26 07:17:39,30,0xccaeb98ce9ca54f76bf0029cf9f12c894e253dd6,smart_money,N,50.0,1.4,0,0,,,0,,,0,,,0,,,0,,,,,0.0,,,样本不足，暂按来源分组权重；时间衰减半衰期=14天,0.0
3629107,1500,2026-08-26 07:17:39,30,0xccf135ab352d561a15eb7be2a243cc4fcb7f0ab1,money_printer,N,50.0,1.2,0,0,,,0,,,0,,,0,,,0,,,,,0.0,,,样本不足，暂按来源分组权重；时间衰减半衰期=14天,0.0
3629108,1500,2026-08-26 07:17:39,30,0xcd0673721a489b1cea0e2580fa304bcb6cca3186,money_printer,N,50.0,1.2,0,0,,,0,,,0,,,0,,,0,,,,,0.0,,,样本不足，暂按来源分组权重；时间衰减半衰期=14天,0.0
3629109,1500,2026-08-26 07:17:39,30,0xcd1c932a413868c3c84e73e195bf34c1ba4ffec5,smart_money,N,50.0,1.4,0,0,,,0,,,0,,,0,,,0,,,,,0.0,,,样本不足，暂按来源分组权重；时间衰减半衰期=14天,0.0
3629110,1500,2026-08-26 07:17:39,30,0xcd2123d3f00325fa83b2743ed85844f8d4bb9826,smart_money,N,50.0,1.4,0,0,,,0,,,0,,,0,,,0,,,,,0.0,,,样本不足，暂按来源分组权重；时间衰减半衰期=14天,0.0
3629111,1500,2026-08-26 07:17:39,30,0xcd278177b13eb5c269fed43960c4171b66df5b9c,money_printer,N,50.0,1.2,0,0,,,0,,,0,,,0,,,0,,,,,0.0,,,样本不足，暂按来源分组权重；时间衰减半衰期=14天,0.0
3629112,1500,2026-08-26 07:17:39,30,0xcd6cd380329759474d36c2fbc7b9a13177f38bd9,smart_money,N,50.0,1.4,0,0,,,0,,,0,,,0,,,0,,,,,0.0,,,样本不足，暂按来源分组权重；时间衰减半衰期=14天,0.0
3629113,1500,2026-08-26 07:17:39,30,0xcd82f03d5df801a69af899a7f13263388e1f6274,smart_money,N,50.0,1.4,0,0,,,0,,,0,,,0,,,0,,,,,0.0,,,样本不足，暂按来源分组权重；时间衰减半衰期=14天,0.0
3629114,1500,2026-08-26 07:17:39,30,0xcd87ea212314217b6aa64fdffb9954330db5de4f,smart_money,N,50.0,1.4,0,0,,,0,,,0,,,0,,,0,,,,,0.0,,,样本不足，暂按来源分组权重；时间衰减半衰期=14天,0.0
3629115,1500,2026-08-26 07:17:39,30,0xcdbd79aafd6d0618e3fc6aecb11e1a61908a9169,smart_money,N,50.0,1.4,0,0,,,0,,,0,,,0,,,0,,,,,0.0,,,样本不足，暂按来源分组权重；时间衰减半衰期=14天,0.0
3629116,1500,2026-08-26 07:17:39,30,0xcde682fc64f38967b71cfd00803d4ba3d60e49d1,smart_money,N,50.0,1.4,0,0,,,0,,,0,,,0,,,0,,,,,0.0,,,样本不足，暂按来源分组权重；时间衰减半衰期=14天,0.0
3629117,1500,2026-08-26 07:17:39,30,0xcdf0c733561c848fa99c6a3d25f6f07724e22bd1,smart_money,N,50.0,1.4,0,0,,,0,,,0,,,0,,,0,,,,,0.0,,,样本不足，暂按来源分组权重；时间衰减半衰期=14天,0.0
3629118,1500,2026-08-26 07:17:39,30,0xcdf73290cb271fc6b5aa3723eae9a0086baaa50f,smart_money,N,50.0,1.4,0,0,,,0,,,0,,,0,,,0,,,,,0.0,,,样本不足，暂按来源分组权重；时间衰减半衰期=14天,0.0
3629119,1500,2026-08-26 07:17:39,30,0xce104105134aad17c5f16a1b3e27c32b4b91ce72,money_printer,N,50.0,1.2,0,0,,,0,,,0,,,0,,,0,,,,,0.0,,,样本不足，暂按来源分组权重；时间衰减半衰期=14天,0.0
3629120,1500,2026-08-26 07:17:39,30,0xce397f90242c35486cf7f161e7a38e3321feb74f,smart_money,N,50.0,1.4,0,0,,,0,,,0,,,0,,,0,,,,,0.0,,,样本不足，暂按来源分组权重；时间衰减半衰期=14天,0.0
3629121,1500,2026-08-26 07:17:39,30,0xce50bd5c2f4319e186da50e3ad8952bba2b50d08,smart_money,N,50.0,1.4,0,0,,,0,,,0,,,0,,,0,,,,,0.0,,,样本不足，暂按来源分组权重；时间衰减半衰期=14天,0.0
3629122,1500,2026-08-26 07:17:39,30,0xce5667f7194c4d9320acd28f1ee8b3d2adbdb27e,smart_money,N,50.0,1.4,0,0,,,0,,,0,,,0,,,0,,,,,0.0,,,样本不足，暂按来源分组权重；时间衰减半衰期=14天,0.0
3629123,1500,2026-08-26 07:17:39,30,0xcefd7652228a8619d0af5b95389cd49387cd30e0,smart_money,N,50.0,1.4,0,0,,,0,,,0,,,0,,,0,,,,,0.0,,,样本不足，暂按来源分组权重；时间衰减半衰期=14天,0.0
3629124,1500,2026-08-26 07:17:39,30,0xcf218b31732a91c751fe484bc303525783a88a36,smart_money,N,50.0,1.4,0,0,,,0,,,0,,,0,,,0,,,,,0.0,,,样本不足，暂按来源分组权重；时间衰减半衰期=14天,0.0
3629125,1500,2026-08-26 07:17:39,30,0xcf3f419d08a5bdc2c6e5fbd9ad70904c5420f95f,smart_money,C,60.34657987819188,0.77,91,81,0.2903179191613826,-0.06401282933344071,62,0.35704102610643335,-0.08274515580596266,29,0.19687162712487152,-0.3282492284058339,20,0.2660812946694186,3.480917879132755,0,,,-0.1968484859978017,,0.0,2026-08-26 03:18:03,BTC,C级：噪音偏多，降权参考，主周期=15d；时间衰减半衰期=14天,54.4838695823598
3629126,1500,2026-08-26 07:17:39,30,0xcf5343ba750a6e30afbb1dadda08bc78f8c8ee11,money_printer,N,50.0,1.2,0,0,,,0,,,0,,,0,,,0,,,,,0.0,,,样本不足，暂按来源分组权重；时间衰减半衰期=14天,0.0
3629127,1500,2026-08-26 07:17:39,30,0xcf67e4da9e9cd38c0afd26338d0fbddb3036eb24,money_printer,N,50.0,1.2,0,0,,,0,,,0,,,0,,,0,,,,,0.0,,,样本不足，暂按来源分组权重；时间衰减半衰期=14天,0.0
3629128,1500,2026-08-26 07:17:39,30,0xcf74dc50069e3ee0fddc10bd64e9a68d21126cfe,smart_money,N,50.0,1.4,0,0,,,0,,,0,,,0,,,0,,,,,0.0,,,样本不足，暂按来源分组权重；时间衰减半衰期=14天,0.0
3629129,1500,2026-08-26 07:17:39,30,0xcf90cfecf74e631feea816d02e757c0c8e895c0e,money_printer,N,50.0,1.2,0,0,,,0,,,0,,,0,,,0,,,,,0.0,,,样本不足，暂按来源分组权重；时间衰减半衰期=14天,0.0
3629130,1500,2026-08-26 07:17:39,30,0xcfa99b8e07d37f25e5769400c29e22076bc08e81,money_printer,N,50.0,1.2,0,0,,,0,,,0,,,0,,,0,,,,,0.0,,,样本不足，暂按来源分组权重；时间衰减半衰期=14天,0.0
3629131,1500,2026-08-26 07:17:39,30,0xcfb464585241eab3ecb392011648a8e829b951ed,smart_money,N,50.0,1.4,0,0,,,0,,,0,,,0,,,0,,,,,0.0,,,样本不足，暂按来源分组权重；时间衰减半衰期=14天,0.0
3629132,1500,2026-08-26 07:17:39,30,0xcfda9610dd28e9ff74240a1d4136e87a77e6da82,smart_money,N,50.0,1.4,0,0,,,0,,,0,,,0,,,0,,,,,0.0,,,样本不足，暂按来源分组权重；时间衰减半衰期=14天,0.0
3629133,1500,2026-08-26 07:17:39,30,0xcfdf98f367c063907c9fa1f6982fc947bbf1a5dd,smart_money,N,50.0,1.4,2,2,0.0,-31.816785381964568,2,0.0,-33.750481017423745,1,0.0,-2.330874988618768,1,0.0,-2.913593735773463,0,,,-22.179499202850984,,0.0,2026-08-22 22:17:52,UPUMP,样本不足，暂按来源分组权重；时间衰减半衰期=14天,1.1120780501415006
3629134,1500,2026-08-26 07:17:39,30,0xcfea17596c15e0f4fe3ba9cab1fcbe804bbbdbbf,smart_money,N,50.0,1.4,0,0,,,0,,,0,,,0,,,0,,,,,0.0,,,样本不足，暂按来源分组权重；时间衰减半衰期=14天,0.0
3629135,1500,2026-08-26 07:17:39,30,0xcfeefe744f867f45f3a324a73cadbda1fa309f91,smart_money,N,50.0,1.4,0,0,,,0,,,0,,,0,,,0,,,,,0.0,,,样本不足，暂按来源分组权重；时间衰减半衰期=14天,0.0
3629136,1500,2026-08-26 07:17:39,30,0xd01e89789346826dd2a87b7dd8d730f56a907d1d,smart_money,N,50.0,1.4,0,0,,,0,,,0,,,0,,,0,,,,,0.0,,,样本不足，暂按来源分组权重；时间衰减半衰期=14天,0.0
3629137,1500,2026-08-26 07:17:39,30,0xd0254dd9c10498b256b6ec3bd8de37a9ba4329de,money_printer,N,50.0,1.2,0,0,,,0,,,0,,,0,,,0,,,,,0.0,,,样本不足，暂按来源分组权重；时间衰减半衰期=14天,0.0
3629138,1500,2026-08-26 07:17:39,30,0xd02928c445d780ea954fe0b6f0be0f6cb9727678,money_printer,N,50.0,1.2,0,0,,,0,,,0,,,0,,,0,,,,,0.0,,,样本不足，暂按来源分组权重；时间衰减半衰期=14天,0.0
3629139,1500,2026-08-26 07:17:39,30,0xd05808946809c180d190608e13f473db30aa8524,money_printer,N,50.0,1.2,0,0,,,0,,,0,,,0,,,0,,,,,0.0,,,样本不足，暂按来源分组权重；时间衰减半衰期=14天,0.0
3629140,1500,2026-08-26 07:17:39,30,0xd05d2e015b9ed6f17f2111cf1ac7ae229155816e,smart_money,N,50.0,1.4,1,1,1.0,5.92891801310591,1,1.0,15.882146966134766,0,,,0,,,0,,,15.882146966134766,,0.0,2026-08-20 16:17:03,DOGE,样本不足，暂按来源分组权重；时间衰减半衰期=14天,0.7569052001026968
3629141,1500,2026-08-26 07:17:39,30,0xd071d6d6ea52f5aa34b79e47f908ee48c8215837,smart_money,N,50.0,1.4,0,0,,,0,,,0,,,0,,,0,,,,,0.0,,,样本不足，暂按来源分组权重；时间衰减半衰期=14天,0.0
3629142,1500,2026-08-26 07:17:39,30,0xd080b654474d679c03df4fd676aa818c1adfa608,smart_money,N,50.0,1.4,0,0,,,0,,,0,,,0,,,0,,,,,0.0,,,样本不足，暂按来源分组权重；时间衰减半衰期=14天,0.0
3629143,1500,2026-08-26 07:17:39,30,0xd08a4557671ca465e7bba41110a93148c90f9931,smart_money,N,50.0,1.4,0,0,,,0,,,0,,,0,,,0,,,,,0.0,,,样本不足，暂按来源分组权重；时间衰减半衰期=14天,0.0
3629144,1500,2026-08-26 07:17:39,30,0xd09d19f718c4b331ee0137b83177b60f5cfd2134,smart_money,N,50.0,1.4,0,0,,,0,,,0,,,0,,,0,,,,,0.0,,,样本不足，暂按来源分组权重；时间衰减半衰期=14天,0.0
3629145,1500,2026-08-26 07:17:39,30,0xd10e2b1b66001bd4086d61e43e836ab9c168fd9a,smart_money,R,19.748761122698316,-1.4,12,11,0.0,-0.25123887730168487,8,0.0,-18.413352268438302,6,0.0,-0.830622025004177,4,0.3274451348833823,11.983413120608938,0,,,-11.74616019375042,,74.00991101841348,2026-08-25 16:18:05,"UPUMP,SWAP,KNTQ",反向钱包：24h方向胜率和平均收益偏差；时间衰减半衰期=14天,6.617542758452618
3629146,1500,2026-08-26 07:17:39,30,0xd13552538def5cecc78a20aa2236573f0bee6443,smart_money,N,50.0,1.4,1,1,1.0,9.252539912917255,1,1.0,40.457184325108834,1,1.0,76.48766328011611,0,,,0,,,40.457184325108834,,0.0,2026-08-18 03:16:58,PUMP,样本不足，暂按来源分组权重；时间衰减半衰期=14天,0.6674042465236292
3629147,1500,2026-08-26 07:17:39,30,0xd1692402c26392ccc8588631d7d5ca9aed4348e5,money_printer,N,50.0,1.2,0,0,,,0,,,0,,,0,,,0,,,,,0.0,,,样本不足，暂按来源分组权重；时间衰减半衰期=14天,0.0
3629148,1500,2026-08-26 07:17:39,30,0xd1dc45800b08157ff927e8d10d330b4f7bf99985,smart_money,N,50.0,1.4,0,0,,,0,,,0,,,0,,,0,,,,,0.0,,,样本不足，暂按来源分组权重；时间衰减半衰期=14天,0.0
3629149,1500,2026-08-26 07:17:39,30,0xd1dd6d99c5fb5d31ff52eacce5046c7158859e85,smart_money,N,50.0,1.4,4,4,0.501277199964788,0.2565922132899699,4,0.501277199964788,-0.08294620716212966,4,0.501277199964788,-0.059216396905845924,2,0.4953573767686029,1.7406129570568558,0,,,-0.03452849603388097,,0.0,2026-08-17 16:17:09,SWAP,样本不足，暂按来源分组权重；时间衰减半衰期=14天,2.1958568182391995
3629150,1500,2026-08-26 07:17:39,30,0xd200aec937116ffbc8eb0d493faf8428024a959e,smart_money,N,50.0,1.4,0,0,,,0,,,0,,,0,,,0,,,,,0.0,,,样本不足，暂按来源分组权重；时间衰减半衰期=14天,0.0
3629151,1500,2026-08-26 07:17:39,30,0xd2025ce53d6261c301fb6944d0826e07ffb31117,smart_money,N,50.0,1.4,0,0,,,0,,,0,,,0,,,0,,,,,0.0,,,样本不足，暂按来源分组权重；时间衰减半衰期=14天,0.0
3629152,1500,2026-08-26 07:17:39,30,0xd210bd2ed3fafe7a4de5b079392823c81b0dc56a,smart_money,N,50.0,1.4,0,0,,,0,,,0,,,0,,,0,,,,,0.0,,,样本不足，暂按来源分组权重；时间衰减半衰期=14天,0.0
3629153,1500,2026-08-26 07:17:39,30,0xd21d931890d27b6e7e2e668f27931e17698e90f1,money_printer,N,50.0,1.2,5,5,0.7490193928401762,5.406524062061269,5,0.6573068596070651,2.493812710385303,2,0.48092622396379375,7.100406278987312,2,0.48092622396379375,8.1293970739089,0,,,2.4651966695579346,,0.0,2026-08-22 22:17:52,"HYPE,VVV,PUMP",样本不足，暂按来源分组权重；时间衰减半衰期=14天,2.8998767530026366
3629154,1500,2026-08-26 07:17:39,30,0xd21ef30a784238abb0e25438b9c8ab2f0a279583,smart_money,N,50.0,1.4,0,0,,,0,,,0,,,0,,,0,,,,,0.0,,,样本不足，暂按来源分组权重；时间衰减半衰期=14天,0.0
3629155,1500,2026-08-26 07:17:39,30,0xd220de2f1aa9fe8ddc2c2c8e055b3341800d3c0a,smart_money,N,50.0,1.4,0,0,,,0,,,0,,,0,,,0,,,,,0.0,,,样本不足，暂按来源分组权重；时间衰减半衰期=14天,0.0
3629156,1500,2026-08-26 07:17:39,30,0xd282232463d50d54ccbccf0edc5c7562ae47c1e7,money_printer,N,50.0,1.2,0,0,,,0,,,0,,,0,,,0,,,,,0.0,,,样本不足，暂按来源分组权重；时间衰减半衰期=14天,0.0
3629157,1500,2026-08-26 07:17:39,30,0xd28aec1f84668999fef0d884bd21aeff5fdea225,smart_money,N,50.0,1.4,0,0,,,0,,,0,,,0,,,0,,,,,0.0,,,样本不足，暂按来源分组权重；时间衰减半衰期=14天,0.0
3629158,1500,2026-08-26 07:17:39,30,0xd28e005c992b168d0b20fca312958e105bb260ab,money_printer,N,50.0,1.2,1,1,1.0,5.201731382894691,1,0.0,-0.6021926637389009,0,,,0,,,0,,,-0.6021926637389008,,0.0,2026-08-23 03:17:47,ZEC,样本不足，暂按来源分组权重；时间衰减半衰期=14天,0.8548932201704162
3629159,1500,2026-08-26 07:17:39,30,0xd2a238110d411970efdc9cccfb4110a6fe24206e,money_printer,N,50.0,1.2,0,0,,,0,,,0,,,0,,,0,,,,,0.0,,,样本不足，暂按来源分组权重；时间衰减半衰期=14天,0.0
3629160,1500,2026-08-26 07:17:39,30,0xd2a5474f4812a2c8ab798f3d908ab69c9b74873e,smart_money,N,50.0,1.4,0,0,,,0,,,0,,,0,,,0,,,,,0.0,,,样本不足，暂按来源分组权重；时间衰减半衰期=14天,0.0
3629161,1500,2026-08-26 07:17:39,30,0xd2b2a8ab7a8c903501f4db4ee45c67522a4511ed,money_printer,N,50.0,1.2,0,0,,,0,,,0,,,0,,,0,,,,,0.0,,,样本不足，暂按来源分组权重；时间衰减半衰期=14天,0.0
3629162,1500,2026-08-26 07:17:39,30,0xd331ae7d527b38be52219b84ae6260f637ba76ff,smart_money,N,50.0,1.4,0,0,,,0,,,0,,,0,,,0,,,,,0.0,,,样本不足，暂按来源分组权重；时间衰减半衰期=14天,0.0
3629163,1500,2026-08-26 07:17:39,30,0xd33c704c68518e527bdcb36f7966c80edcffbdf2,smart_money,N,50.0,1.4,0,0,,,0,,,0,,,0,,,0,,,,,0.0,,,样本不足，暂按来源分组权重；时间衰减半衰期=14天,0.0
3629164,1500,2026-08-26 07:17:39,30,0xd34521cf9842e627ce643e2bf2ffb4a3e9e13fc8,money_printer,N,50.0,1.2,0,0,,,0,,,0,,,0,,,0,,,,,0.0,,,样本不足，暂按来源分组权重；时间衰减半衰期=14天,0.0
3629165,1500,2026-08-26 07:17:39,30,0xd3746a312ea0f8c41c0ae8ecb484c1216da4f0bc,smart_money,N,50.0,1.4,0,0,,,0,,,0,,,0,,,0,,,,,0.0,,,样本不足，暂按来源分组权重；时间衰减半衰期=14天,0.0
3629166,1500,2026-08-26 07:17:39,30,0xd38c8304de77c46a488393e26554e865a373b13c,smart_money,N,50.0,1.4,0,0,,,0,,,0,,,0,,,0,,,,,0.0,,,样本不足，暂按来源分组权重；时间衰减半衰期=14天,0.0
3629167,1500,2026-08-26 07:17:39,30,0xd39bda92ff3af74498316d78c95feb852d4a4ce6,smart_money,N,50.0,1.4,0,0,,,0,,,0,,,0,,,0,,,,,0.0,,,样本不足，暂按来源分组权重；时间衰减半衰期=14天,0.0
3629168,1500,2026-08-26 07:17:39,30,0xd3b87077727556ca28cac130ceba4c420c191a2a,smart_money,N,50.0,1.4,0,0,,,0,,,0,,,0,,,0,,,,,0.0,,,样本不足，暂按来源分组权重；时间衰减半衰期=14天,0.0
3629169,1500,2026-08-26 07:17:39,30,0xd3fcada4c18d60333abf066a11b3360d81f1eca5,smart_money,N,50.0,1.4,0,0,,,0,,,0,,,0,,,0,,,,,0.0,,,样本不足，暂按来源分组权重；时间衰减半衰期=14天,0.0
3629170,1500,2026-08-26 07:17:39,30,0xd40c748c68b59c753152676f4423474e5e36ac7a,smart_money,N,50.0,1.4,0,0,,,0,,,0,,,0,,,0,,,,,0.0,,,样本不足，暂按来源分组权重；时间衰减半衰期=14天,0.0
3629171,1500,2026-08-26 07:17:39,30,0xd42827002b76a8088ba2f7d4e4b45879eb1e363b,smart_money,N,50.0,1.4,0,0,,,0,,,0,,,0,,,0,,,,,0.0,,,样本不足，暂按来源分组权重；时间衰减半衰期=14天,0.0
3629172,1500,2026-08-26 07:17:39,30,0xd4302dd22452d8031ceb1122a5cbbb01aa8f33ae,smart_money,N,50.0,1.4,0,0,,,0,,,0,,,0,,,0,,,,,0.0,,,样本不足，暂按来源分组权重；时间衰减半衰期=14天,0.0
3629173,1500,2026-08-26 07:17:39,30,0xd440715f2ce6f7ed1924f282e0096c863e7049f7,smart_money,R,11.073631691678726,-1.4,18,18,0.03721924447564153,0.07749956412232256,17,0.041344469876643156,0.08453708199299413,14,0.0,-8.926368308321274,9,0.14427127156963146,0.8002188056139059,0,,,0.13708520669423807,,100.0,2026-08-24 09:17:54,"UPUMP,UXPL",反向钱包：7d方向胜率和平均收益偏差；时间衰减半衰期=14天,9.115091605390909
3629174,1500,2026-08-26 07:17:39,30,0xd46979f07f5d1e86ae2dcc5e6e0f3af5fe270471,smart_money,N,50.0,1.4,0,0,,,0,,,0,,,0,,,0,,,,,0.0,,,样本不足，暂按来源分组权重；时间衰减半衰期=14天,0.0
3629175,1500,2026-08-26 07:17:39,30,0xd47587702a91731dc1089b5db0932cf820151a91,money_printer,N,50.0,1.2,0,0,,,0,,,0,,,0,,,0,,,,,0.0,,,样本不足，暂按来源分组权重；时间衰减半衰期=14天,0.0
3629176,1500,2026-08-26 07:17:39,30,0xd47c1e51b759cb3754bb045ae57bc05aadcf58c2,smart_money,N,50.0,1.4,0,0,,,0,,,0,,,0,,,0,,,,,0.0,,,样本不足，暂按来源分组权重；时间衰减半衰期=14天,0.0
3629177,1500,2026-08-26 07:17:39,30,0xd487e26c62ed8c28ce3cc70b5791e501c2934982,money_printer,N,50.0,1.2,2,2,0.0,-2.1362552609944028,2,0.5,5.2540153673687895,2,1.0,8.201833051206307,2,0.5,7.770290278085124,0,,,5.2540153673687895,,0.0,2026-08-02 03:16:54,"ZEC,LIT",样本不足，暂按来源分组权重；时间衰减半衰期=14天,0.6044824341386337
3629178,1500,2026-08-26 07:17:39,30,0xd4887c7c9cf2f8a237ab68499c6d0e05d295696d,smart_money,N,50.0,1.4,0,0,,,0,,,0,,,0,,,0,,,,,0.0,,,样本不足，暂按来源分组权重；时间衰减半衰期=14天,0.0
3629179,1500,2026-08-26 07:17:39,30,0xd4bb18ef8d1bc1bfadfcc034ca69628b58b42a4c,smart_money,N,50.0,1.4,0,0,,,0,,,0,,,0,,,0,,,,,0.0,,,样本不足，暂按来源分组权重；时间衰减半衰期=14天,0.0
3629180,1500,2026-08-26 07:17:39,30,0xd4c1f7e8d876c4749228d515473d36f919583d1d,money_printer,R,13.81333315405697,-1.2,40,38,0.35309140235289566,-1.758112037447879,32,0.32061765075610665,-6.186666845943031,1,0.0,0.4062359861774273,1,0.0,-23.846579967817654,0,,,-6.533515192557099,,55.70117587902294,2026-08-26 02:17:54,"ZEC,HYPE,ETH,XRP,PUMP",反向钱包：72h方向胜率和平均收益偏差；时间衰减半衰期=14天,30.077456707576175
3629181,1500,2026-08-26 07:17:39,30,0xd4eeed940e2c0b4b13910128fad5e0bc987e759e,smart_money,N,50.0,1.4,1,1,0.0,-4.56621004566211,1,0.0,-10.510898595675028,1,0.0,-4.514517101748953,1,0.0,-13.061083828724051,0,,,-10.510898595675028,,0.0,2026-08-02 18:16:55,HYPE,样本不足，暂按来源分组权重；时间衰减半衰期=14天,0.3117401767921568
3629182,1500,2026-08-26 07:17:39,30,0xd52936fa285cfa500440e31355c0b28f4b740729,smart_money,N,50.0,1.4,0,0,,,0,,,0,,,0,,,0,,,,,0.0,,,样本不足，暂按来源分组权重；时间衰减半衰期=14天,0.0
3629183,1500,2026-08-26 07:17:39,30,0xd52cdf1414351d2c37cfe60a62dde69256044ce0,smart_money,N,50.0,1.4,0,0,,,0,,,0,,,0,,,0,,,,,0.0,,,样本不足，暂按来源分组权重；时间衰减半衰期=14天,0.0
3629184,1500,2026-08-26 07:17:39,30,0xd576d1feee6bc976d849ac0918f79d9db7c97906,smart_money,N,50.0,1.4,0,0,,,0,,,0,,,0,,,0,,,,,0.0,,,样本不足，暂按来源分组权重；时间衰减半衰期=14天,0.0
3629185,1500,2026-08-26 07:17:39,30,0xd598a3ad5637687537d2eb2d69dba4c65a6d9646,smart_money,N,50.0,1.4,0,0,,,0,,,0,,,0,,,0,,,,,0.0,,,样本不足，暂按来源分组权重；时间衰减半衰期=14天,0.0
3629186,1500,2026-08-26 07:17:39,30,0xd5ac4fa2cd568dd7573e081d405da541ff82cbec,smart_money,N,50.0,1.4,0,0,,,0,,,0,,,0,,,0,,,,,0.0,,,样本不足，暂按来源分组权重；时间衰减半衰期=14天,0.0
3629187,1500,2026-08-26 07:17:39,30,0xd5c7757d91cbd59543c8ef64738d806e57d2212b,money_printer,N,50.0,1.2,0,0,,,0,,,0,,,0,,,0,,,,,0.0,,,样本不足，暂按来源分组权重；时间衰减半衰期=14天,0.0
3629188,1500,2026-08-26 07:17:39,30,0xd5da6d6270974c43c654d318e66165e6fd166cac,smart_money,N,50.0,1.4,0,0,,,0,,,0,,,0,,,0,,,,,0.0,,,样本不足，暂按来源分组权重；时间衰减半衰期=14天,0.0
3629189,1500,2026-08-26 07:17:39,30,0xd5ff5491f6f3c80438e02c281726757baf4d1070,money_printer,N,50.0,1.2,0,0,,,0,,,0,,,0,,,0,,,,,0.0,,,样本不足，暂按来源分组权重；时间衰减半衰期=14天,0.0
3629190,1500,2026-08-26 07:17:39,30,0xd62d484bda5391d75b414e68f9ddcedb207b7d91,money_printer,N,50.0,1.2,0,0,,,0,,,0,,,0,,,0,,,,,0.0,,,样本不足，暂按来源分组权重；时间衰减半衰期=14天,0.0
3629191,1500,2026-08-26 07:17:39,30,0xd638d4c9d4f434df60c671f758f6655c0771da4f,smart_money,N,50.0,1.4,0,0,,,0,,,0,,,0,,,0,,,,,0.0,,,样本不足，暂按来源分组权重；时间衰减半衰期=14天,0.0
3629192,1500,2026-08-26 07:17:39,30,0xd63c228ea09e4d999f5fb3ed7d3529756e3a724f,money_printer,N,50.0,1.2,0,0,,,0,,,0,,,0,,,0,,,,,0.0,,,样本不足，暂按来源分组权重；时间衰减半衰期=14天,0.0
3629193,1500,2026-08-26 07:17:39,30,0xd65ac35cd234c8718b876ab304fa56c8995e387f,smart_money,N,50.0,1.4,0,0,,,0,,,0,,,0,,,0,,,,,0.0,,,样本不足，暂按来源分组权重；时间衰减半衰期=14天,0.0
3629194,1500,2026-08-26 07:17:39,30,0xd6608f4027ee90db6dc45d0b4b8e2fb0a49c1f61,smart_money,N,50.0,1.4,0,0,,,0,,,0,,,0,,,0,,,,,0.0,,,样本不足，暂按来源分组权重；时间衰减半衰期=14天,0.0
3629195,1500,2026-08-26 07:17:39,30,0xd670ced0fbe4e126f8f066d3d2579fe532f0b2ca,smart_money,N,50.0,1.4,0,0,,,0,,,0,,,0,,,0,,,,,0.0,,,样本不足，暂按来源分组权重；时间衰减半衰期=14天,0.0
3629196,1500,2026-08-26 07:17:39,30,0xd67ca2c6f8bc84acf4fa4472b82a8740dc0a53ff,money_printer,R,18.40380013856401,-1.2,11,10,0.3324454297763298,-1.5961998614359922,9,0.34370699233066987,0.3969473388914327,9,0.0,0.6066331253197871,9,0.35244690513080906,-0.277569450347478,0,,,0.3818296901200432,,31.578330127275173,2026-08-25 10:17:57,"HYPE,BTC,ZEC",反向钱包：24h方向胜率和平均收益偏差；时间衰减半衰期=14天,3.7827421309043316
3629197,1500,2026-08-26 07:17:39,30,0xd67f9ed4f542cfa6b70d8a92b40070a2bc080a5e,smart_money,N,50.0,1.4,0,0,,,0,,,0,,,0,,,0,,,,,0.0,,,样本不足，暂按来源分组权重；时间衰减半衰期=14天,0.0
3629198,1500,2026-08-26 07:17:39,30,0xd6c757043e7d59088969b188923c62fa960afe9b,smart_money,N,50.0,1.4,0,0,,,0,,,0,,,0,,,0,,,,,0.0,,,样本不足，暂按来源分组权重；时间衰减半衰期=14天,0.0
3629199,1500,2026-08-26 07:17:39,30,0xd6e1a6f7bb47aca69aaa511210227d40926ff256,money_printer,N,50.0,1.2,5,5,0.2184173991179715,-3.6433728841823667,4,0.24640378900561058,-4.261645519832491,0,,,0,,,0,,,-4.23374311624874,,0.0,2026-08-24 11:17:56,"TRUMP,DOGE",样本不足，暂按来源分组权重；时间衰减半衰期=14天,4.181156320587183
3629200,1500,2026-08-26 07:17:39,30,0xd6e56265890b76413d1d527eb9b75e334c0c5b42,money_printer,N,50.0,1.2,2,2,0.5046400447810492,-0.9682208911493444,2,0.5046400447810492,-1.365016885480104,0,,,0,,,0,,,-1.4680462671502612,,0.0,2026-08-20 05:17:06,HYPE,样本不足，暂按来源分组权重；时间衰减半衰期=14天,1.466241058483417
3629201,1500,2026-08-26 07:17:39,30,0xd6ef5649200101eb44ce8949f4cfb167b0c5a07a,money_printer,N,50.0,1.2,0,0,,,0,,,0,,,0,,,0,,,,,0.0,,,样本不足，暂按来源分组权重；时间衰减半衰期=14天,0.0
3629202,1500,2026-08-26 07:17:39,30,0xd70c9e61ba506a8cf1c25b54d14b25abdc048fd4,smart_money,N,50.0,1.4,0,0,,,0,,,0,,,0,,,0,,,,,0.0,,,样本不足，暂按来源分组权重；时间衰减半衰期=14天,0.0
3629203,1500,2026-08-26 07:17:39,30,0xd71c6b3760cfd22e50e5514d163986552a96930b,smart_money,N,50.0,1.4,0,0,,,0,,,0,,,0,,,0,,,,,0.0,,,样本不足，暂按来源分组权重；时间衰减半衰期=14天,0.0
3629204,1500,2026-08-26 07:17:39,30,0xd72699df7b670ab92170a82b6373eca0c90d216b,smart_money,N,50.0,1.4,0,0,,,0,,,0,,,0,,,0,,,,,0.0,,,样本不足，暂按来源分组权重；时间衰减半衰期=14天,0.0
3629205,1500,2026-08-26 07:17:39,30,0xd72cfd2424e26ba32e46b7b2aff95eff34247a71,smart_money,N,50.0,1.4,0,0,,,0,,,0,,,0,,,0,,,,,0.0,,,样本不足，暂按来源分组权重；时间衰减半衰期=14天,0.0
3629206,1500,2026-08-26 07:17:39,30,0xd730cd62cda9cfdc109be2d819b0337fafdca959,money_printer,N,50.0,1.2,0,0,,,0,,,0,,,0,,,0,,,,,0.0,,,样本不足，暂按来源分组权重；时间衰减半衰期=14天,0.0
3629207,1500,2026-08-26 07:17:39,30,0xd733e6e0ffa461902ff3c63556b31fd41233d525,smart_money,N,50.0,1.4,0,0,,,0,,,0,,,0,,,0,,,,,0.0,,,样本不足，暂按来源分组权重；时间衰减半衰期=14天,0.0
3629208,1500,2026-08-26 07:17:39,30,0xd7583e3cf08bbcab66f1242195227bbf9f865fda,smart_money,N,50.0,1.4,0,0,,,0,,,0,,,0,,,0,,,,,0.0,,,样本不足，暂按来源分组权重；时间衰减半衰期=14天,0.0
3629209,1500,2026-08-26 07:17:39,30,0xd759e86ed8ca3b9af4fbd87b295f2feea3b8daf3,smart_money,N,50.0,1.4,0,0,,,0,,,0,,,0,,,0,,,,,0.0,,,样本不足，暂按来源分组权重；时间衰减半衰期=14天,0.0
3629210,1500,2026-08-26 07:17:39,30,0xd77eb80f38fec10d87a192d07329415173307e93,smart_money,N,50.0,1.4,0,0,,,0,,,0,,,0,,,0,,,,,0.0,,,样本不足，暂按来源分组权重；时间衰减半衰期=14天,0.0
3629211,1500,2026-08-26 07:17:39,30,0xd7846935d7e5a49e20b9887e6465cb765f4c2937,smart_money,N,50.0,1.4,0,0,,,0,,,0,,,0,,,0,,,,,0.0,,,样本不足，暂按来源分组权重；时间衰减半衰期=14天,0.0
3629212,1500,2026-08-26 07:17:39,30,0xd7a678fcf72c1b602850ef2f3e2d668ec41fa0ed,money_printer,N,50.0,1.2,0,0,,,0,,,0,,,0,,,0,,,,,0.0,,,样本不足，暂按来源分组权重；时间衰减半衰期=14天,0.0
3629213,1500,2026-08-26 07:17:39,30,0xd7a813a0539fd213bb46b4d3aab84b87cbeac7c7,smart_money,N,50.0,1.4,0,0,,,0,,,0,,,0,,,0,,,,,0.0,,,样本不足，暂按来源分组权重；时间衰减半衰期=14天,0.0
3629214,1500,2026-08-26 07:17:39,30,0xd82cb57a8d039760a2073a96aa1a8d9eded94068,smart_money,N,50.0,1.4,0,0,,,0,,,0,,,0,,,0,,,,,0.0,,,样本不足，暂按来源分组权重；时间衰减半衰期=14天,0.0
3629215,1500,2026-08-26 07:17:39,30,0xd82f7d84a524b8e82de0cb3df1f04e338604fd8e,money_printer,N,50.0,1.2,0,0,,,0,,,0,,,0,,,0,,,,,0.0,,,样本不足，暂按来源分组权重；时间衰减半衰期=14天,0.0
3629216,1500,2026-08-26 07:17:39,30,0xd831409a48d8b21d59245c12b1540a0820446203,smart_money,N,50.0,1.4,0,0,,,0,,,0,,,0,,,0,,,,,0.0,,,样本不足，暂按来源分组权重；时间衰减半衰期=14天,0.0
3629217,1500,2026-08-26 07:17:39,30,0xd83687a8ad139688f5d0eaa9fc352a10f532c2af,smart_money,N,50.0,1.4,0,0,,,0,,,0,,,0,,,0,,,,,0.0,,,样本不足，暂按来源分组权重；时间衰减半衰期=14天,0.0
3629218,1500,2026-08-26 07:17:39,30,0xd83989ae5084a9b68ef52393f780249e0e597255,smart_money,N,50.0,1.4,0,0,,,0,,,0,,,0,,,0,,,,,0.0,,,样本不足，暂按来源分组权重；时间衰减半衰期=14天,0.0
3629219,1500,2026-08-26 07:17:39,30,0xd8495b95a3a6a85f4e3baa003e8b7ed1ed85562d,money_printer,N,50.0,1.2,0,0,,,0,,,0,,,0,,,0,,,,,0.0,,,样本不足，暂按来源分组权重；时间衰减半衰期=14天,0.0
3629220,1500,2026-08-26 07:17:39,30,0xd8ad0fd8b59b759d9ba4f1293b1f8d8d113b7598,smart_money,N,50.0,1.4,0,0,,,0,,,0,,,0,,,0,,,,,0.0,,,样本不足，暂按来源分组权重；时间衰减半衰期=14天,0.0
3629221,1500,2026-08-26 07:17:39,30,0xd8c5228c515db3043dfa0c8cd6f22450ee9a99b0,money_printer,N,50.0,1.2,0,0,,,0,,,0,,,0,,,0,,,,,0.0,,,样本不足，暂按来源分组权重；时间衰减半衰期=14天,0.0
3629222,1500,2026-08-26 07:17:39,30,0xd8c5d4d36ddb2634491076c3d3bc541ed4646d3f,smart_money,N,50.0,1.4,0,0,,,0,,,0,,,0,,,0,,,,,0.0,,,样本不足，暂按来源分组权重；时间衰减半衰期=14天,0.0
3629223,1500,2026-08-26 07:17:39,30,0xd8d0358919a944d4efa98713795d49b030e43ef9,smart_money,N,50.0,1.4,0,0,,,0,,,0,,,0,,,0,,,,,0.0,,,样本不足，暂按来源分组权重；时间衰减半衰期=14天,0.0
3629224,1500,2026-08-26 07:17:39,30,0xd8d324f57cfec258ffdbbc82cc6c073e5b14abea,smart_money,N,50.0,1.4,0,0,,,0,,,0,,,0,,,0,,,,,0.0,,,样本不足，暂按来源分组权重；时间衰减半衰期=14天,0.0
3629225,1500,2026-08-26 07:17:39,30,0xd8efd7ef9839461c8feb551dd8a80b7e0a26e093,money_printer,N,50.0,1.2,0,0,,,0,,,0,,,0,,,0,,,,,0.0,,,样本不足，暂按来源分组权重；时间衰减半衰期=14天,0.0
3629226,1500,2026-08-26 07:17:39,30,0xd908620dd5320d9bf0e34c614f7cf9c933dcf680,smart_money,N,50.0,1.4,0,0,,,0,,,0,,,0,,,0,,,,,0.0,,,样本不足，暂按来源分组权重；时间衰减半衰期=14天,0.0
3629227,1500,2026-08-26 07:17:39,30,0xd911e53d53b663972254e086450fd6198a25961e,money_printer,R,16.121201413543755,-1.2,43,42,0.26203708724091485,-0.37203605207939305,39,0.26247451714150943,-0.2622655293793308,22,0.24627435582137902,2.6791530715178355,13,0.1945118385439299,-3.878798586456246,0,,,-0.20697641038686232,,71.90849452462118,2026-08-25 14:18:01,ETH,反向钱包：15d方向胜率和平均收益偏差；时间衰减半衰期=14天,24.692559885394743
3629228,1500,2026-08-26 07:17:39,30,0xd91f2df982c453b23a37d16a2e5bd8964fda7ad6,smart_money,N,50.0,1.4,0,0,,,0,,,0,,,0,,,0,,,,,0.0,,,样本不足，暂按来源分组权重；时间衰减半衰期=14天,0.0
3629229,1500,2026-08-26 07:17:39,30,0xd92027fc1bf15ea8e1c9c0a1aa4a9f58b5433f20,smart_money,N,50.0,1.4,0,0,,,0,,,0,,,0,,,0,,,,,0.0,,,样本不足，暂按来源分组权重；时间衰减半衰期=14天,0.0
3629230,1500,2026-08-26 07:17:39,30,0xd9271f589a561f18dba9e9b544c3f314538ee204,smart_money,N,50.0,1.4,0,0,,,0,,,0,,,0,,,0,,,,,0.0,,,样本不足，暂按来源分组权重；时间衰减半衰期=14天,0.0
3629231,1500,2026-08-26 07:17:39,30,0xd93db9fc95c19c1eaab854281890e9e77b18ae3f,smart_money,N,50.0,1.4,0,0,,,0,,,0,,,0,,,0,,,,,0.0,,,样本不足，暂按来源分组权重；时间衰减半衰期=14天,0.0
3629232,1500,2026-08-26 07:17:39,30,0xd96ea3bcce83d4e1ef8abd1776eecd0cea1bb09e,money_printer,N,50.0,1.2,0,0,,,0,,,0,,,0,,,0,,,,,0.0,,,样本不足，暂按来源分组权重；时间衰减半衰期=14天,0.0
3629233,1500,2026-08-26 07:17:39,30,0xd974cce30cc2f4161fde8295fed2cc097ba7658d,smart_money,N,50.0,1.4,0,0,,,0,,,0,,,0,,,0,,,,,0.0,,,样本不足，暂按来源分组权重；时间衰减半衰期=14天,0.0
3629234,1500,2026-08-26 07:17:39,30,0xd9a1ed9aac149bf9bd655f9b9ddecf9bd04316b3,money_printer,N,50.0,1.2,0,0,,,0,,,0,,,0,,,0,,,,,0.0,,,样本不足，暂按来源分组权重；时间衰减半衰期=14天,0.0
3629235,1500,2026-08-26 07:17:39,30,0xd9aecd4df04f0e8bd6320fd3fcb92d9c06dadf94,smart_money,N,50.0,1.4,0,0,,,0,,,0,,,0,,,0,,,,,0.0,,,样本不足，暂按来源分组权重；时间衰减半衰期=14天,0.0
3629236,1500,2026-08-26 07:17:39,30,0xd9c1ef5e179d706c4296b3abccbba362eb24158b,smart_money,N,50.0,1.4,0,0,,,0,,,0,,,0,,,0,,,,,0.0,,,样本不足，暂按来源分组权重；时间衰减半衰期=14天,0.0
3629237,1500,2026-08-26 07:17:39,30,0xd9efb310452b02b033df507a428c40d14b73b073,money_printer,N,50.0,1.2,0,0,,,0,,,0,,,0,,,0,,,,,0.0,,,样本不足，暂按来源分组权重；时间衰减半衰期=14天,0.0
3629238,1500,2026-08-26 07:17:39,30,0xd9f7e56fb5e1824b6bc43d93dcd30586b990e95e,smart_money,N,50.0,1.4,2,0,,,0,,,0,,,0,,,0,,,,,0.0,2026-08-26 00:17:56,DOGE,样本不足，暂按来源分组权重；时间衰减半衰期=14天,0.0
3629239,1500,2026-08-26 07:17:39,30,0xda0440148160f0d4c6d7434ca1cc474f8af7eb2f,smart_money,N,50.0,1.4,0,0,,,0,,,0,,,0,,,0,,,,,0.0,,,样本不足，暂按来源分组权重；时间衰减半衰期=14天,0.0
3629240,1500,2026-08-26 07:17:39,30,0xda0950da3882ef1ae1e41e99ebe31e6b3324c17f,smart_money,N,50.0,1.4,0,0,,,0,,,0,,,0,,,0,,,,,0.0,,,样本不足，暂按来源分组权重；时间衰减半衰期=14天,0.0
3629241,1500,2026-08-26 07:17:39,30,0xda223307bc8b0f530f66d55c413172b16349c9b3,money_printer,N,50.0,1.2,0,0,,,0,,,0,,,0,,,0,,,,,0.0,,,样本不足，暂按来源分组权重；时间衰减半衰期=14天,0.0
3629242,1500,2026-08-26 07:17:39,30,0xda3cdff67ce27fa68ba5600a7c95efd8153d9f15,money_printer,N,50.0,1.2,0,0,,,0,,,0,,,0,,,0,,,,,0.0,,,样本不足，暂按来源分组权重；时间衰减半衰期=14天,0.0
3629243,1500,2026-08-26 07:17:39,30,0xda6816df552c3f9e0fb64979fb357800d690d79b,smart_money,N,50.0,1.4,0,0,,,0,,,0,,,0,,,0,,,,,0.0,,,样本不足，暂按来源分组权重；时间衰减半衰期=14天,0.0
3629244,1500,2026-08-26 07:17:39,30,0xda7176d42d075e6e99f6c202a7f6d2c48065879e,smart_money,N,50.0,1.4,0,0,,,0,,,0,,,0,,,0,,,,,0.0,,,样本不足，暂按来源分组权重；时间衰减半衰期=14天,0.0
3629245,1500,2026-08-26 07:17:39,30,0xda744273f80b22412417f7cfe0503f3d721f987d,smart_money,N,50.0,1.4,1,1,1.0,2.648477410885006,1,1.0,7.850300141746811,1,0.0,2.6960434563391162,1,1.0,12.112217814435343,0,,,7.850300141746811,,0.0,2026-08-02 22:16:55,HYPE,样本不足，暂按来源分组权重；时间衰减半衰期=14天,0.3143232221341533
3629246,1500,2026-08-26 07:17:39,30,0xdad130ad870dc81139b2a7b1416ab8d68144f76f,smart_money,N,50.0,1.4,0,0,,,0,,,0,,,0,,,0,,,,,0.0,,,样本不足，暂按来源分组权重；时间衰减半衰期=14天,0.0
3629247,1500,2026-08-26 07:17:39,30,0xdb095d5a4f412fc6b14e6204c1db78bd14becbc1,smart_money,N,50.0,1.4,0,0,,,0,,,0,,,0,,,0,,,,,0.0,,,样本不足，暂按来源分组权重；时间衰减半衰期=14天,0.0
3629248,1500,2026-08-26 07:17:39,30,0xdb09bf299d9ea9af66f4756bfc7f5ee3c8528976,smart_money,N,50.0,1.4,0,0,,,0,,,0,,,0,,,0,,,,,0.0,,,样本不足，暂按来源分组权重；时间衰减半衰期=14天,0.0
3629249,1500,2026-08-26 07:17:39,30,0xdb36e1fa10690f5dcd1a74c2957efc65cf834a1a,smart_money,N,50.0,1.4,0,0,,,0,,,0,,,0,,,0,,,,,0.0,,,样本不足，暂按来源分组权重；时间衰减半衰期=14天,0.0
3629250,1500,2026-08-26 07:17:39,30,0xdb43735bb6deb18c7dffb6fe551032cc2653a1ef,smart_money,N,50.0,1.4,0,0,,,0,,,0,,,0,,,0,,,,,0.0,,,样本不足，暂按来源分组权重；时间衰减半衰期=14天,0.0
3629251,1500,2026-08-26 07:17:39,30,0xdb6f5c58bb13d8aa101b0a5d1a70f737b5d1cd1c,smart_money,N,50.0,1.4,1,1,0.0,-12.164913877775916,1,0.0,-15.5139783915866,0,,,0,,,0,,,-15.5139783915866,,0.0,2026-08-19 16:17:05,ETH,样本不足，暂按来源分组权重；时间衰减半衰期=14天,0.7203438357950737
3629252,1500,2026-08-26 07:17:39,30,0xdbbdee771e62ab57894e8b8bdefbe094d3135ddd,smart_money,N,50.0,1.4,0,0,,,0,,,0,,,0,,,0,,,,,0.0,,,样本不足，暂按来源分组权重；时间衰减半衰期=14天,0.0
3629253,1500,2026-08-26 07:17:39,30,0xdbcc96bcada067864902aad14e029fe7c422f147,money_printer,N,50.0,1.2,9,9,0.3333333333333333,0.4397683050832268,9,0.4444444444444444,2.4442746535266995,9,0.1111111111111111,2.2444832127085745,0,,,0,,,2.4442746535266995,,0.0,2026-08-12 07:17:08,"BTC,NEAR,LIT,UNI,XPL",样本不足，暂按来源分组权重；时间衰减半衰期=14天,4.499920061861072
3629254,1500,2026-08-26 07:17:39,30,0xdbd1bac81ad581c7198c9d155ca468f32a0c29dd,money_printer,N,50.0,1.2,0,0,,,0,,,0,,,0,,,0,,,,,0.0,,,样本不足，暂按来源分组权重；时间衰减半衰期=14天,0.0
3629255,1500,2026-08-26 07:17:39,30,0xdc38f7ee386b7eea3842643e56b08ee5bb40f625,smart_money,N,50.0,1.4,0,0,,,0,,,0,,,0,,,0,,,,,0.0,,,样本不足，暂按来源分组权重；时间衰减半衰期=14天,0.0
3629256,1500,2026-08-26 07:17:39,30,0xdc5289909be4f3ce2604806bdd1448fd307f19f5,smart_money,N,50.0,1.4,0,0,,,0,,,0,,,0,,,0,,,,,0.0,,,样本不足，暂按来源分组权重；时间衰减半衰期=14天,0.0
3629257,1500,2026-08-26 07:17:39,30,0xdc6ce65c700bc839382b1316770c38b5bdf861d4,smart_money,N,50.0,1.4,0,0,,,0,,,0,,,0,,,0,,,,,0.0,,,样本不足，暂按来源分组权重；时间衰减半衰期=14天,0.0
3629258,1500,2026-08-26 07:17:39,30,0xdc7be236c4b1ee77d16758451a198275ec9839b6,smart_money,N,50.0,1.4,0,0,,,0,,,0,,,0,,,0,,,,,0.0,,,样本不足，暂按来源分组权重；时间衰减半衰期=14天,0.0
3629259,1500,2026-08-26 07:17:39,30,0xdc931389c5ba42f4ef6202a2b678564e1d3c1350,smart_money,N,50.0,1.4,0,0,,,0,,,0,,,0,,,0,,,,,0.0,,,样本不足，暂按来源分组权重；时间衰减半衰期=14天,0.0
3629260,1500,2026-08-26 07:17:39,30,0xdca131ba8f428bd2f90ae962e4cb2d226312505e,money_printer,N,50.0,1.2,0,0,,,0,,,0,,,0,,,0,,,,,0.0,,,样本不足，暂按来源分组权重；时间衰减半衰期=14天,0.0
3629261,1500,2026-08-26 07:17:39,30,0xdca48e2b01f734fef27fcae98e5bfbd9f91043ff,smart_money,N,50.0,1.4,0,0,,,0,,,0,,,0,,,0,,,,,0.0,,,样本不足，暂按来源分组权重；时间衰减半衰期=14天,0.0
3629262,1500,2026-08-26 07:17:39,30,0xdcac85ecae7148886029c20e661d848a4de99ce2,smart_money,R,19.70318792677734,-1.4,17,17,0.0864305224659565,0.5430474079268502,16,0.09724091264986102,1.1238827485185634,11,0.0,-0.2968120732226595,9,0.2586300462051891,-0.53103040100548,0,,,0.7118471665386208,,74.37449658578127,2026-08-24 18:18:36,"NEKO,KNTQ,CFX0",反向钱包：7d方向胜率和平均收益偏差；时间衰减半衰期=14天,8.33436863787101
3629263,1500,2026-08-26 07:17:39,30,0xdcf8a86ff20b0e42f31d76fa86bb5c6c8992cf4c,smart_money,N,50.0,1.4,0,0,,,0,,,0,,,0,,,0,,,,,0.0,,,样本不足，暂按来源分组权重；时间衰减半衰期=14天,0.0
3629264,1500,2026-08-26 07:17:39,30,0xdd08886cb92c689c7d89c88f048028293296ead1,smart_money,N,50.0,1.4,0,0,,,0,,,0,,,0,,,0,,,,,0.0,,,样本不足，暂按来源分组权重；时间衰减半衰期=14天,0.0
3629265,1500,2026-08-26 07:17:39,30,0xdd0c5de50d72e5eaa96816e920e41ce89c4b8888,money_printer,N,50.0,1.2,2,2,0.0,0.0,0,,,0,,,0,,,0,,,,,0.0,2026-08-25 04:17:50,"DRV,KNTQ",样本不足，暂按来源分组权重；时间衰减半衰期=14天,1.8761822753059991
3629266,1500,2026-08-26 07:17:39,30,0xdd539d21ad8dca18566086d6b265dc86a82e0caa,smart_money,N,50.0,1.4,0,0,,,0,,,0,,,0,,,0,,,,,0.0,,,样本不足，暂按来源分组权重；时间衰减半衰期=14天,0.0
3629267,1500,2026-08-26 07:17:39,30,0xdd7a372377fc633f74ab6e20963803d52f448830,money_printer,N,50.0,1.2,5,5,0.5820485144882032,-1.05389281432787,4,0.48497179025644743,9.922828352092695,0,,,0,,,0,,,10.663514812546765,,0.0,2026-08-23 21:17:49,ZEC,样本不足，暂按来源分组权重；时间衰减半衰期=14天,3.9830291977054095
3629268,1500,2026-08-26 07:17:39,30,0xdd84ce1adcb3a4908db61a1dfa3353c3974c5a2b,smart_money,N,50.0,1.4,0,0,,,0,,,0,,,0,,,0,,,,,0.0,,,样本不足，暂按来源分组权重；时间衰减半衰期=14天,0.0
3629269,1500,2026-08-26 07:17:39,30,0xdd966dff1c320d96b001bc2c0b03cf6145b64421,smart_money,N,50.0,1.4,0,0,,,0,,,0,,,0,,,0,,,,,0.0,,,样本不足，暂按来源分组权重；时间衰减半衰期=14天,0.0
3629270,1500,2026-08-26 07:17:39,30,0xdd9f274410c8c704bdbb599dce6c4fb34be4f50a,money_printer,N,50.0,1.2,1,0,,,0,,,0,,,0,,,0,,,,,0.0,2026-08-25 18:18:11,HYPE,样本不足，暂按来源分组权重；时间衰减半衰期=14天,0.0
3629271,1500,2026-08-26 07:17:39,30,0xddc7e50a83710f9c62efb558bcd0f640314ae2f8,money_printer,N,50.0,1.2,0,0,,,0,,,0,,,0,,,0,,,,,0.0,,,样本不足，暂按来源分组权重；时间衰减半衰期=14天,0.0
3629272,1500,2026-08-26 07:17:39,30,0xddce6ae3db95eb2a0259aeeab3f6932902354830,money_printer,N,50.0,1.2,0,0,,,0,,,0,,,0,,,0,,,,,0.0,,,样本不足，暂按来源分组权重；时间衰减半衰期=14天,0.0
3629273,1500,2026-08-26 07:17:39,30,0xdde01147aac2152dd0776bc3ed84cc96474df52d,smart_money,N,50.0,1.4,0,0,,,0,,,0,,,0,,,0,,,,,0.0,,,样本不足，暂按来源分组权重；时间衰减半衰期=14天,0.0
3629274,1500,2026-08-26 07:17:39,30,0xde0695cdc60ac0dedb8739951eff70006cafab15,money_printer,N,50.0,1.2,0,0,,,0,,,0,,,0,,,0,,,,,0.0,,,样本不足，暂按来源分组权重；时间衰减半衰期=14天,0.0
3629275,1500,2026-08-26 07:17:39,30,0xde1e6c1bec4d1754eb5487421f9e79a77b4fe871,smart_money,N,50.0,1.4,0,0,,,0,,,0,,,0,,,0,,,,,0.0,,,样本不足，暂按来源分组权重；时间衰减半衰期=14天,0.0
3629276,1500,2026-08-26 07:17:39,30,0xde22e70994ffd3748b78c82af635d8c584044903,smart_money,N,50.0,1.4,0,0,,,0,,,0,,,0,,,0,,,,,0.0,,,样本不足，暂按来源分组权重；时间衰减半衰期=14天,0.0
3629277,1500,2026-08-26 07:17:39,30,0xde6b2a06407575b98724818445178c1f5fd53361,smart_money,N,50.0,1.4,2,2,0.7435508908831905,1.1353504844236697,1,0.0,-0.768796537727478,1,0.0,-3.188086341765004,1,0.0,-1.3440498911319587,0,,,-0.768796537727478,,0.0,2026-08-23 07:17:51,"ETH,BTC",样本不足，暂按来源分组权重；时间衰减半衰期=14天,1.1592733720824837
3629278,1500,2026-08-26 07:17:39,30,0xde7639510e3e73d90e7f86d783134ed328f5b2e0,smart_money,N,50.0,1.4,0,0,,,0,,,0,,,0,,,0,,,,,0.0,,,样本不足，暂按来源分组权重；时间衰减半衰期=14天,0.0
3629279,1500,2026-08-26 07:17:39,30,0xde87db9becc56de225a24b9fcb135b21e5b09c1b,smart_money,N,50.0,1.4,0,0,,,0,,,0,,,0,,,0,,,,,0.0,,,样本不足，暂按来源分组权重；时间衰减半衰期=14天,0.0
3629280,1500,2026-08-26 07:17:39,30,0xde8a6d588f8067e761bac811a102e0146c721e41,smart_money,N,50.0,1.4,0,0,,,0,,,0,,,0,,,0,,,,,0.0,,,样本不足，暂按来源分组权重；时间衰减半衰期=14天,0.0
3629281,1500,2026-08-26 07:17:39,30,0xdeb7582b362a752970fbd2507d0fb5dd27ed379a,smart_money,N,50.0,1.4,0,0,,,0,,,0,,,0,,,0,,,,,0.0,,,样本不足，暂按来源分组权重；时间衰减半衰期=14天,0.0
3629282,1500,2026-08-26 07:17:39,30,0xdec960c1ded3634c16f5b6c239452fc591b205bb,smart_money,N,50.0,1.4,0,0,,,0,,,0,,,0,,,0,,,,,0.0,,,样本不足，暂按来源分组权重；时间衰减半衰期=14天,0.0
3629283,1500,2026-08-26 07:17:39,30,0xdee7297778b8755343e96e0b99eecf549195b856,smart_money,N,50.0,1.4,0,0,,,0,,,0,,,0,,,0,,,,,0.0,,,样本不足，暂按来源分组权重；时间衰减半衰期=14天,0.0
3629284,1500,2026-08-26 07:17:39,30,0xdf013f7104e62f6b10756caf5d683fd94c92c414,money_printer,N,50.0,1.2,0,0,,,0,,,0,,,0,,,0,,,,,0.0,,,样本不足，暂按来源分组权重；时间衰减半衰期=14天,0.0
3629285,1500,2026-08-26 07:17:39,30,0xdf52df044f1b150dfa79590909cdac6ad83d59fc,smart_money,N,50.0,1.4,0,0,,,0,,,0,,,0,,,0,,,,,0.0,,,样本不足，暂按来源分组权重；时间衰减半衰期=14天,0.0
3629286,1500,2026-08-26 07:17:39,30,0xdf81987465681d0515058fe0a47a3bd174012730,smart_money,N,50.0,1.4,0,0,,,0,,,0,,,0,,,0,,,,,0.0,,,样本不足，暂按来源分组权重；时间衰减半衰期=14天,0.0
3629287,1500,2026-08-26 07:17:39,30,0xdf86c7c9069e9bd5bac9d97e21f9aa10f728fb86,smart_money,N,50.0,1.4,0,0,,,0,,,0,,,0,,,0,,,,,0.0,,,样本不足，暂按来源分组权重；时间衰减半衰期=14天,0.0
3629288,1500,2026-08-26 07:17:39,30,0xdfaf7cd4ab0fc1d7f5ccf3216769f26bcd041a61,smart_money,N,50.0,1.4,0,0,,,0,,,0,,,0,,,0,,,,,0.0,,,样本不足，暂按来源分组权重；时间衰减半衰期=14天,0.0
3629289,1500,2026-08-26 07:17:39,30,0xdfc24b077bc1425ad1dea75bcb6f8158e10df303,"money_printer,smart_money",N,50.0,1.8,0,0,,,0,,,0,,,0,,,0,,,,,0.0,,,样本不足，暂按来源分组权重；时间衰减半衰期=14天,0.0
3629290,1500,2026-08-26 07:17:39,30,0xdfd50d93227ad4f896e1ed00c75aa422950a4a51,smart_money,N,50.0,1.4,0,0,,,0,,,0,,,0,,,0,,,,,0.0,,,样本不足，暂按来源分组权重；时间衰减半衰期=14天,0.0
3629291,1500,2026-08-26 07:17:39,30,0xdfe5195e7cc1a2eca9b0df09d4646472a8c4a402,money_printer,N,50.0,1.2,0,0,,,0,,,0,,,0,,,0,,,,,0.0,,,样本不足，暂按来源分组权重；时间衰减半衰期=14天,0.0
3629292,1500,2026-08-26 07:17:39,30,0xdfee2d4f729723aed67eed4bfb7a998dbb4294c0,smart_money,N,50.0,1.4,0,0,,,0,,,0,,,0,,,0,,,,,0.0,,,样本不足，暂按来源分组权重；时间衰减半衰期=14天,0.0
3629293,1500,2026-08-26 07:17:39,30,0xe02e420ec55b4e03924d77c7b342c012541ba2d3,money_printer,N,50.0,1.2,1,1,0.0,-0.8574091332711947,1,0.0,-1.7168893030961923,0,,,0,,,0,,,-1.7168893030961923,,0.0,2026-08-23 04:17:52,ETH,样本不足，暂按来源分组权重；时间衰减半衰期=14天,0.8566610867487187
3629294,1500,2026-08-26 07:17:39,30,0xe02e6f03f583626481450bbdeb9efd6eb0eed78b,money_printer,N,50.0,1.2,0,0,,,0,,,0,,,0,,,0,,,,,0.0,,,样本不足，暂按来源分组权重；时间衰减半衰期=14天,0.0
3629295,1500,2026-08-26 07:17:39,30,0xe06142615991dee64ca813085779fadcc70431eb,smart_money,N,50.0,1.4,0,0,,,0,,,0,,,0,,,0,,,,,0.0,,,样本不足，暂按来源分组权重；时间衰减半衰期=14天,0.0
3629296,1500,2026-08-26 07:17:39,30,0xe06532a98a541b48f6330d2dd88e2b4b96010d6b,smart_money,N,50.0,1.4,0,0,,,0,,,0,,,0,,,0,,,,,0.0,,,样本不足，暂按来源分组权重；时间衰减半衰期=14天,0.0
3629297,1500,2026-08-26 07:17:39,30,0xe0665019fcf5ffa4a5aea5cf65f84016fcbe78da,money_printer,N,50.0,1.2,0,0,,,0,,,0,,,0,,,0,,,,,0.0,,,样本不足，暂按来源分组权重；时间衰减半衰期=14天,0.0
3629298,1500,2026-08-26 07:17:39,30,0xe091330c53b971ed4e886f902f18e8544a8d6705,money_printer,N,50.0,1.2,2,2,0.0,-2.182184913871241,1,0.0,1.6017041148638924,0,,,0,,,0,,,1.6017041148638924,,0.0,2026-08-24 05:17:48,ETH,样本不足，暂按来源分组权重；时间衰减半衰期=14天,1.707226742569242
3629299,1500,2026-08-26 07:17:39,30,0xe0afe5de6831901db80d7ca9d17475f78b1a870c,smart_money,N,50.0,1.4,0,0,,,0,,,0,,,0,,,0,,,,,0.0,,,样本不足，暂按来源分组权重；时间衰减半衰期=14天,0.0
3629300,1500,2026-08-26 07:17:39,30,0xe0cc85525563dadd56fdcd96581f7b587a2b2411,money_printer,N,50.0,1.2,0,0,,,0,,,0,,,0,,,0,,,,,0.0,,,样本不足，暂按来源分组权重；时间衰减半衰期=14天,0.0
3629301,1500,2026-08-26 07:17:39,30,0xe0fdd46e097cda083d7b8d3b17debd01a7e94bd7,smart_money,N,50.0,1.4,0,0,,,0,,,0,,,0,,,0,,,,,0.0,,,样本不足，暂按来源分组权重；时间衰减半衰期=14天,0.0
3629302,1500,2026-08-26 07:17:39,30,0xe0ffc829349c88c159462942ad885f12130e7610,money_printer,N,50.0,1.2,9,9,0.9614948384792705,5.051397245358221,9,0.8780053790935487,9.19473302284024,1,0.0,0.6103340654259567,1,0.0,-6.565714946248984,0,,,8.982522115123045,,0.0,2026-08-22 04:17:04,LIT,样本不足，暂按来源分组权重；时间衰减半衰期=14天,6.682735462556826
3629303,1500,2026-08-26 07:17:39,30,0xe10e446e1d3b483635681b77da44b02c57d6905c,smart_money,N,50.0,1.4,0,0,,,0,,,0,,,0,,,0,,,,,0.0,,,样本不足，暂按来源分组权重；时间衰减半衰期=14天,0.0
3629304,1500,2026-08-26 07:17:39,30,0xe113311f35a53b196c0ab3ed31ad0bf937cc5c07,money_printer,N,50.0,1.2,4,4,0.35331840190417124,-2.1322457639110914,4,0.35331840190417124,0.9195399059756737,2,0.0,0.001580477623347711,2,0.0,0.16720808241413726,0,,,0.8733121672360276,,0.0,2026-08-20 09:17:04,NEKO,样本不足，暂按来源分组权重；时间衰减半衰期=14天,2.0387951261888952
3629305,1500,2026-08-26 07:17:39,30,0xe117d3d94b30f7e7aa4f29704d0d2f43c009b9a8,smart_money,N,50.0,1.4,0,0,,,0,,,0,,,0,,,0,,,,,0.0,,,样本不足，暂按来源分组权重；时间衰减半衰期=14天,0.0
3629306,1500,2026-08-26 07:17:39,30,0xe15ec2db7dcb1fced329e9b38865ce546e688764,smart_money,N,50.0,1.4,0,0,,,0,,,0,,,0,,,0,,,,,0.0,,,样本不足，暂按来源分组权重；时间衰减半衰期=14天,0.0
3629307,1500,2026-08-26 07:17:39,30,0xe170ed9d77792397271d564c7161351d69fe9300,money_printer,N,50.0,1.2,0,0,,,0,,,0,,,0,,,0,,,,,0.0,,,样本不足，暂按来源分组权重；时间衰减半衰期=14天,0.0
3629308,1500,2026-08-26 07:17:39,30,0xe17cf192fee50447687af1f689782d4abba8cbb1,smart_money,N,50.0,1.4,0,0,,,0,,,0,,,0,,,0,,,,,0.0,,,样本不足，暂按来源分组权重；时间衰减半衰期=14天,0.0
3629309,1500,2026-08-26 07:17:39,30,0xe183ef47829ae1eb7234e478e418cd9fa0a511dd,smart_money,N,50.0,1.4,0,0,,,0,,,0,,,0,,,0,,,,,0.0,,,样本不足，暂按来源分组权重；时间衰减半衰期=14天,0.0
3629310,1500,2026-08-26 07:17:39,30,0xe1b2155b8fbc16c1146d5d16247896f06f68686e,smart_money,N,50.0,1.4,0,0,,,0,,,0,,,0,,,0,,,,,0.0,,,样本不足，暂按来源分组权重；时间衰减半衰期=14天,0.0
3629311,1500,2026-08-26 07:17:39,30,0xe1b4e4d6320c65748a1900cf0329cb7221959d8a,smart_money,N,50.0,1.4,0,0,,,0,,,0,,,0,,,0,,,,,0.0,,,样本不足，暂按来源分组权重；时间衰减半衰期=14天,0.0
3629312,1500,2026-08-26 07:17:39,30,0xe1c08667421e480e63edda9b37b8405aa51ed19b,smart_money,N,50.0,1.4,0,0,,,0,,,0,,,0,,,0,,,,,0.0,,,样本不足，暂按来源分组权重；时间衰减半衰期=14天,0.0
3629313,1500,2026-08-26 07:17:39,30,0xe1d39d2b30da977d470e0652239372b7ad4b7766,smart_money,N,50.0,1.4,0,0,,,0,,,0,,,0,,,0,,,,,0.0,,,样本不足，暂按来源分组权重；时间衰减半衰期=14天,0.0
3629314,1500,2026-08-26 07:17:39,30,0xe21be5bb37a3af716174cdc5d095ab224b3ef9de,smart_money,N,50.0,1.4,0,0,,,0,,,0,,,0,,,0,,,,,0.0,,,样本不足，暂按来源分组权重；时间衰减半衰期=14天,0.0
3629315,1500,2026-08-26 07:17:39,30,0xe24166173f1e956845a0660c8b26db334dced71a,money_printer,N,50.0,1.2,0,0,,,0,,,0,,,0,,,0,,,,,0.0,,,样本不足，暂按来源分组权重；时间衰减半衰期=14天,0.0
3629316,1500,2026-08-26 07:17:39,30,0xe2990ce029db870c805e90a1a8a1d8a1c52255d6,money_printer,N,50.0,1.2,2,2,0.0,0.10529193473011428,0,,,0,,,0,,,0,,,,,0.0,2026-08-24 18:18:36,ETH,样本不足，暂按来源分组权重；时间衰减半衰期=14天,1.8511568240685539
3629317,1500,2026-08-26 07:17:39,30,0xe29d84a6f37858d7f8017be454ee35726511e525,smart_money,N,50.0,1.4,0,0,,,0,,,0,,,0,,,0,,,,,0.0,,,样本不足，暂按来源分组权重；时间衰减半衰期=14天,0.0
3629318,1500,2026-08-26 07:17:39,30,0xe2f86feccb1207710a442bc4e27a0701a290275a,money_printer,N,50.0,1.2,0,0,,,0,,,0,,,0,,,0,,,,,0.0,,,样本不足，暂按来源分组权重；时间衰减半衰期=14天,0.0
3629319,1500,2026-08-26 07:17:39,30,0xe31501c472d557bfa145ce105d325fb2dd4cb867,smart_money,N,50.0,1.4,0,0,,,0,,,0,,,0,,,0,,,,,0.0,,,样本不足，暂按来源分组权重；时间衰减半衰期=14天,0.0
3629320,1500,2026-08-26 07:17:39,30,0xe34d21d1980082c6dd1c2d7be6315187dfe4a718,smart_money,N,50.0,1.4,0,0,,,0,,,0,,,0,,,0,,,,,0.0,,,样本不足，暂按来源分组权重；时间衰减半衰期=14天,0.0
3629321,1500,2026-08-26 07:17:39,30,0xe383e214bd4b32a9ef9cf688ee98976b57f6c9c6,smart_money,N,50.0,1.4,0,0,,,0,,,0,,,0,,,0,,,,,0.0,,,样本不足，暂按来源分组权重；时间衰减半衰期=14天,0.0
3629322,1500,2026-08-26 07:17:39,30,0xe3b3482482899b4890ec5a2093cba2a558d0c14f,smart_money,N,50.0,1.4,0,0,,,0,,,0,,,0,,,0,,,,,0.0,,,样本不足，暂按来源分组权重；时间衰减半衰期=14天,0.0
3629323,1500,2026-08-26 07:17:39,30,0xe3ea6e994993698a721f92491d1b0b4ce67ad5ff,smart_money,N,50.0,1.4,0,0,,,0,,,0,,,0,,,0,,,,,0.0,,,样本不足，暂按来源分组权重；时间衰减半衰期=14天,0.0
3629324,1500,2026-08-26 07:17:39,30,0xe4178ba889ac1c931861533b98bb86cb9d4858c7,money_printer,N,50.0,1.2,0,0,,,0,,,0,,,0,,,0,,,,,0.0,,,样本不足，暂按来源分组权重；时间衰减半衰期=14天,0.0
3629325,1500,2026-08-26 07:17:39,30,0xe41aa443bad860e6b584060cc365b58dc34caf92,smart_money,N,50.0,1.4,0,0,,,0,,,0,,,0,,,0,,,,,0.0,,,样本不足，暂按来源分组权重；时间衰减半衰期=14天,0.0
3629326,1500,2026-08-26 07:17:39,30,0xe42921388db8d4164aa819dd948578b3b7facf10,smart_money,N,50.0,1.4,0,0,,,0,,,0,,,0,,,0,,,,,0.0,,,样本不足，暂按来源分组权重；时间衰减半衰期=14天,0.0
3629327,1500,2026-08-26 07:17:39,30,0xe435b877a30cd694140108cc89650bf11abdab6f,money_printer,N,50.0,1.2,0,0,,,0,,,0,,,0,,,0,,,,,0.0,,,样本不足，暂按来源分组权重；时间衰减半衰期=14天,0.0
3629328,1500,2026-08-26 07:17:39,30,0xe4c4f035775c4fa6fcd7561be4e35f29907b3df7,smart_money,N,50.0,1.4,1,1,1.0,5.042589921924407,1,1.0,12.570243178153051,0,,,0,,,0,,,12.570243178153051,,0.0,2026-08-19 20:17:16,HYPE,样本不足，暂按来源分组权重；时间衰减半衰期=14天,0.7263171050705325
3629329,1500,2026-08-26 07:17:39,30,0xe4d31c2541a9ce596419879b1a46ffc7cd202c62,money_printer,N,50.0,1.2,0,0,,,0,,,0,,,0,,,0,,,,,0.0,,,样本不足，暂按来源分组权重；时间衰减半衰期=14天,0.0
3629330,1500,2026-08-26 07:17:39,30,0xe4d83945c0322f3d340203a7129b7eb5cacae847,money_printer,N,50.0,1.2,0,0,,,0,,,0,,,0,,,0,,,,,0.0,,,样本不足，暂按来源分组权重；时间衰减半衰期=14天,0.0
3629331,1500,2026-08-26 07:17:39,30,0xe4d934cbb071a2067c624c0a716274373a980d18,smart_money,N,50.0,1.4,0,0,,,0,,,0,,,0,,,0,,,,,0.0,,,样本不足，暂按来源分组权重；时间衰减半衰期=14天,0.0
3629332,1500,2026-08-26 07:17:39,30,0xe5250bf1ee0d01c54866702b3e4a12a57939693d,smart_money,N,50.0,1.4,0,0,,,0,,,0,,,0,,,0,,,,,0.0,,,样本不足，暂按来源分组权重；时间衰减半衰期=14天,0.0
3629333,1500,2026-08-26 07:17:39,30,0xe52ec3a0f90c66510ff7892354b1a1337afaac63,smart_money,N,50.0,1.4,0,0,,,0,,,0,,,0,,,0,,,,,0.0,,,样本不足，暂按来源分组权重；时间衰减半衰期=14天,0.0
3629334,1500,2026-08-26 07:17:39,30,0xe5a1d72ecb46aaf48df76ded128b5aebd5b22156,smart_money,N,50.0,1.4,0,0,,,0,,,0,,,0,,,0,,,,,0.0,,,样本不足，暂按来源分组权重；时间衰减半衰期=14天,0.0
3629335,1500,2026-08-26 07:17:39,30,0xe5aaacff3f4f94d5009da0503144027e75a96232,smart_money,N,50.0,1.4,0,0,,,0,,,0,,,0,,,0,,,,,0.0,,,样本不足，暂按来源分组权重；时间衰减半衰期=14天,0.0
3629336,1500,2026-08-26 07:17:39,30,0xe607da942c20336a2a7bc5a56488b86aad2684ee,money_printer,N,50.0,1.2,1,1,1.0,6.657588585299432,1,0.0,-10.81081081081081,1,0.0,-23.01589650987241,0,,,0,,,-10.81081081081081,,0.0,2026-08-18 03:16:58,WLD,样本不足，暂按来源分组权重；时间衰减半衰期=14天,0.6674042465236292
3629337,1500,2026-08-26 07:17:39,30,0xe67dbf2d051106b42104c1a6631af5e5a458b682,smart_money,N,50.0,1.4,0,0,,,0,,,0,,,0,,,0,,,,,0.0,,,样本不足，暂按来源分组权重；时间衰减半衰期=14天,0.0
3629338,1500,2026-08-26 07:17:39,30,0xe67f141977da22e5c34d15c19b35f180a1532715,smart_money,N,50.0,1.4,0,0,,,0,,,0,,,0,,,0,,,,,0.0,,,样本不足，暂按来源分组权重；时间衰减半衰期=14天,0.0
3629339,1500,2026-08-26 07:17:39,30,0xe690ebdb7616526bb5ad2a6544221fb0bb69d0f5,smart_money,N,50.0,1.4,0,0,,,0,,,0,,,0,,,0,,,,,0.0,,,样本不足，暂按来源分组权重；时间衰减半衰期=14天,0.0
3629340,1500,2026-08-26 07:17:39,30,0xe69883a960b5784b32fe75a6dab33b4764d5085d,smart_money,N,50.0,1.4,0,0,,,0,,,0,,,0,,,0,,,,,0.0,,,样本不足，暂按来源分组权重；时间衰减半衰期=14天,0.0
3629341,1500,2026-08-26 07:17:39,30,0xe6bd577759caa3bca511b3b3b8310f26e5de6f6d,money_printer,N,50.0,1.2,0,0,,,0,,,0,,,0,,,0,,,,,0.0,,,样本不足，暂按来源分组权重；时间衰减半衰期=14天,0.0
3629342,1500,2026-08-26 07:17:39,30,0xe6e3355646051ff76174dd36f6e0fbe2b2cb67f7,smart_money,N,50.0,1.4,0,0,,,0,,,0,,,0,,,0,,,,,0.0,,,样本不足，暂按来源分组权重；时间衰减半衰期=14天,0.0
3629343,1500,2026-08-26 07:17:39,30,0xe70786609d684ad71e5156cdc40279e79413ed88,smart_money,N,50.0,1.4,0,0,,,0,,,0,,,0,,,0,,,,,0.0,,,样本不足，暂按来源分组权重；时间衰减半衰期=14天,0.0
3629344,1500,2026-08-26 07:17:39,30,0xe71092eeced04572afba4515895758277d0f8b88,smart_money,N,50.0,1.4,0,0,,,0,,,0,,,0,,,0,,,,,0.0,,,样本不足，暂按来源分组权重；时间衰减半衰期=14天,0.0
3629345,1500,2026-08-26 07:17:39,30,0xe71cbf47fff309813bcea54f3ecf49a5f129264d,smart_money,N,50.0,1.4,0,0,,,0,,,0,,,0,,,0,,,,,0.0,,,样本不足，暂按来源分组权重；时间衰减半衰期=14天,0.0
3629346,1500,2026-08-26 07:17:39,30,0xe71e9636e31b838af0a3c38b3f3449cdc2b7aa87,smart_money,N,50.0,1.4,4,4,0.35331840190417124,-2.1322457639110914,4,0.35331840190417124,0.9195399059756737,2,0.0,0.001580477623347711,2,0.0,0.16720808241413726,0,,,0.8733121672360276,,0.0,2026-08-20 09:17:04,NEKO,样本不足，暂按来源分组权重；时间衰减半衰期=14天,2.0387951261888952
3629347,1500,2026-08-26 07:17:39,30,0xe724acd020fbd65ddb42a0f05dcfb65489480320,smart_money,N,50.0,1.4,0,0,,,0,,,0,,,0,,,0,,,,,0.0,,,样本不足，暂按来源分组权重；时间衰减半衰期=14天,0.0
3629348,1500,2026-08-26 07:17:39,30,0xe72bbf79a59599b7a91b92b66ce2237af0d983db,smart_money,N,50.0,1.4,0,0,,,0,,,0,,,0,,,0,,,,,0.0,,,样本不足，暂按来源分组权重；时间衰减半衰期=14天,0.0
3629349,1500,2026-08-26 07:17:39,30,0xe767b3177c141dee02c20df876a5d65ce0ed6572,smart_money,N,50.0,1.4,0,0,,,0,,,0,,,0,,,0,,,,,0.0,,,样本不足，暂按来源分组权重；时间衰减半衰期=14天,0.0
3629350,1500,2026-08-26 07:17:39,30,0xe799f6e2414c60340ebd1e1613f7a9b1857d2af3,smart_money,N,50.0,1.4,0,0,,,0,,,0,,,0,,,0,,,,,0.0,,,样本不足，暂按来源分组权重；时间衰减半衰期=14天,0.0
3629351,1500,2026-08-26 07:17:39,30,0xe7af83354027311c07acf509653f3863096450c8,smart_money,N,50.0,1.4,0,0,,,0,,,0,,,0,,,0,,,,,0.0,,,样本不足，暂按来源分组权重；时间衰减半衰期=14天,0.0
3629352,1500,2026-08-26 07:17:39,30,0xe7e25d4f0f0076b08459e343529c446fef04f958,money_printer,N,50.0,1.2,0,0,,,0,,,0,,,0,,,0,,,,,0.0,,,样本不足，暂按来源分组权重；时间衰减半衰期=14天,0.0
3629353,1500,2026-08-26 07:17:39,30,0xe7e3cdba6cc8a60c31c09279e69a0bec6e392901,smart_money,N,50.0,1.4,0,0,,,0,,,0,,,0,,,0,,,,,0.0,,,样本不足，暂按来源分组权重；时间衰减半衰期=14天,0.0
3629354,1500,2026-08-26 07:17:39,30,0xe7e4ca8b310c0d0ea900e15e4f43ffd9d25e3c77,smart_money,N,50.0,1.4,0,0,,,0,,,0,,,0,,,0,,,,,0.0,,,样本不足，暂按来源分组权重；时间衰减半衰期=14天,0.0
3629355,1500,2026-08-26 07:17:39,30,0xe807ef6abba4af23d7c82d25c2346fe15186e3f1,smart_money,N,50.0,1.4,0,0,,,0,,,0,,,0,,,0,,,,,0.0,,,样本不足，暂按来源分组权重；时间衰减半衰期=14天,0.0
3629356,1500,2026-08-26 07:17:39,30,0xe82bc65677e46b6626a8e779ac263221db039c2d,money_printer,N,50.0,1.2,0,0,,,0,,,0,,,0,,,0,,,,,0.0,,,样本不足，暂按来源分组权重；时间衰减半衰期=14天,0.0
3629357,1500,2026-08-26 07:17:39,30,0xe83054865a23ca7b74e4a13a5e7bbc2010291820,smart_money,N,50.0,1.4,0,0,,,0,,,0,,,0,,,0,,,,,0.0,,,样本不足，暂按来源分组权重；时间衰减半衰期=14天,0.0
3629358,1500,2026-08-26 07:17:39,30,0xe86351e0f69bd808def36e7bb2f9107443838bb8,smart_money,N,50.0,1.4,6,6,0.6363456000029888,2.3052261467529123,4,0.0,-6.921271388918183,2,0.4850462977091696,-1.2434149483515406,2,0.4850462977091696,-0.7013280372186503,0,,,-4.604102097351887,,0.0,2026-08-24 14:18:04,"PAXG,ETH,PENGU,SOL,NEAR",样本不足，暂按来源分组权重；时间衰减半衰期=14天,4.022261942231868
3629359,1500,2026-08-26 07:17:39,30,0xe867fbdad3291530e41530301ecb77693850c78e,money_printer,C,35.87422183427527,0.66,18,10,0.37685795148475065,0.4158077938668495,10,0.117217664164852,0.35838465996185664,3,0.0,0.0,3,0.0,0.0,0,,,0.28261692106579694,,0.0,2026-08-26 04:17:46,"HYPE,KNTQ",C级：噪音偏多，降权参考，主周期=72h；时间衰减半衰期=14天,6.273425762244034
3629360,1500,2026-08-26 07:17:39,30,0xe8681168f59af16c60c805dab7842eb75f127879,smart_money,N,50.0,1.4,0,0,,,0,,,0,,,0,,,0,,,,,0.0,,,样本不足，暂按来源分组权重；时间衰减半衰期=14天,0.0
3629361,1500,2026-08-26 07:17:39,30,0xe86b057f5eb764c9738d6b0d38170befd0723664,money_printer,N,50.0,1.2,4,4,0.2644434446437729,-1.9454325419533427,3,0.33584496828002514,-9.082348684769588,0,,,0,,,0,,,-9.168262064132762,,0.0,2026-08-23 07:17:51,"PUMP,DOGE,AAVE,kPEPE",样本不足，暂按来源分组权重；时间衰减半衰期=14天,3.259595826813735
3629362,1500,2026-08-26 07:17:39,30,0xe87ed6dd514a29bc96fd5d5a7bd2ac1c496afe04,money_printer,N,50.0,1.2,0,0,,,0,,,0,,,0,,,0,,,,,0.0,,,样本不足，暂按来源分组权重；时间衰减半衰期=14天,0.0
3629363,1500,2026-08-26 07:17:39,30,0xe88a203d722e506648a7e9482de68ec9c58249e0,smart_money,N,50.0,1.4,0,0,,,0,,,0,,,0,,,0,,,,,0.0,,,样本不足，暂按来源分组权重；时间衰减半衰期=14天,0.0
3629364,1500,2026-08-26 07:17:39,30,0xe8d2fcb28ba154dbfb7346bafed968fde304eed7,money_printer,N,50.0,1.2,0,0,,,0,,,0,,,0,,,0,,,,,0.0,,,样本不足，暂按来源分组权重；时间衰减半衰期=14天,0.0
3629365,1500,2026-08-26 07:17:39,30,0xe8d89110c52df4ca33e75e060e3c72dcbf6c8dda,smart_money,N,50.0,1.4,0,0,,,0,,,0,,,0,,,0,,,,,0.0,,,样本不足，暂按来源分组权重；时间衰减半衰期=14天,0.0
3629366,1500,2026-08-26 07:17:39,30,0xe8ef95e07161df78552da11fd95d287dd6d65201,smart_money,N,50.0,1.4,0,0,,,0,,,0,,,0,,,0,,,,,0.0,,,样本不足，暂按来源分组权重；时间衰减半衰期=14天,0.0
3629367,1500,2026-08-26 07:17:39,30,0xe8fad35e6f85b5c5e4875fff2f595735498c279e,smart_money,N,50.0,1.4,0,0,,,0,,,0,,,0,,,0,,,,,0.0,,,样本不足，暂按来源分组权重；时间衰减半衰期=14天,0.0
3629368,1500,2026-08-26 07:17:39,30,0xe93a3afb65812c48eaf14b4b2599f79fc9c22c44,smart_money,N,50.0,1.4,0,0,,,0,,,0,,,0,,,0,,,,,0.0,,,样本不足，暂按来源分组权重；时间衰减半衰期=14天,0.0
3629369,1500,2026-08-26 07:17:39,30,0xe93af00e02bf889d8e3281cd71b088a4a4b2c8c7,smart_money,N,50.0,1.4,0,0,,,0,,,0,,,0,,,0,,,,,0.0,,,样本不足，暂按来源分组权重；时间衰减半衰期=14天,0.0
3629370,1500,2026-08-26 07:17:39,30,0xe98bc6b99a2eb1a108623af5843b922389e78cd5,money_printer,N,50.0,1.2,0,0,,,0,,,0,,,0,,,0,,,,,0.0,,,样本不足，暂按来源分组权重；时间衰减半衰期=14天,0.0
3629371,1500,2026-08-26 07:17:39,30,0xe9bf81b432e5bf34995afae08747c530c8406c4d,smart_money,N,50.0,1.4,0,0,,,0,,,0,,,0,,,0,,,,,0.0,,,样本不足，暂按来源分组权重；时间衰减半衰期=14天,0.0
3629372,1500,2026-08-26 07:17:39,30,0xe9cef9fd872a03cedf9d3e6e90309782b3724ea6,smart_money,N,50.0,1.4,0,0,,,0,,,0,,,0,,,0,,,,,0.0,,,样本不足，暂按来源分组权重；时间衰减半衰期=14天,0.0
3629373,1500,2026-08-26 07:17:39,30,0xe9d199fd55a2560e3193f330e017192316ecd2d3,smart_money,N,50.0,1.4,11,9,0.2393321580282221,-4.54500102504008,9,0.2768332253747604,-2.7380515281770315,2,0.6120457515745009,31.635739469396658,1,0.0,-42.71900707172752,0,,,-2.106263798001269,,0.0,2026-08-25 22:17:55,XRP,样本不足，暂按来源分组权重；时间衰减半衰期=14天,6.596116772289846
3629374,1500,2026-08-26 07:17:39,30,0xe9e32ffe41cbff270dacd5b2334ce34cbba399e3,money_printer,N,50.0,1.2,0,0,,,0,,,0,,,0,,,0,,,,,0.0,,,样本不足，暂按来源分组权重；时间衰减半衰期=14天,0.0
3629375,1500,2026-08-26 07:17:39,30,0xe9ffe7698f46f96f980f2877e18c43f5b4165903,money_printer,N,50.0,1.2,0,0,,,0,,,0,,,0,,,0,,,,,0.0,,,样本不足，暂按来源分组权重；时间衰减半衰期=14天,0.0
3629376,1500,2026-08-26 07:17:39,30,0xea4fc1ae43d644b35e6874c32c49516ccb21df32,smart_money,N,50.0,1.4,0,0,,,0,,,0,,,0,,,0,,,,,0.0,,,样本不足，暂按来源分组权重；时间衰减半衰期=14天,0.0
3629377,1500,2026-08-26 07:17:39,30,0xea6be4808a584fb1bcc0308403aacea3df94a67a,smart_money,N,50.0,1.4,0,0,,,0,,,0,,,0,,,0,,,,,0.0,,,样本不足，暂按来源分组权重；时间衰减半衰期=14天,0.0
3629378,1500,2026-08-26 07:17:39,30,0xea745265097151523658be7c2c8ea325f1592ac0,smart_money,N,50.0,1.4,0,0,,,0,,,0,,,0,,,0,,,,,0.0,,,样本不足，暂按来源分组权重；时间衰减半衰期=14天,0.0
3629379,1500,2026-08-26 07:17:39,30,0xeac842b2214cfece3f0d288293da19f408d91ede,money_printer,N,50.0,1.2,0,0,,,0,,,0,,,0,,,0,,,,,0.0,,,样本不足，暂按来源分组权重；时间衰减半衰期=14天,0.0
3629380,1500,2026-08-26 07:17:39,30,0xeaf35054804ab7ed6b8cb070296dd6bb38abb4b1,smart_money,N,50.0,1.4,0,0,,,0,,,0,,,0,,,0,,,,,0.0,,,样本不足，暂按来源分组权重；时间衰减半衰期=14天,0.0
3629381,1500,2026-08-26 07:17:39,30,0xeafbe89e3bc638a540c166c45d2b12850fc6c402,money_printer,N,50.0,1.2,0,0,,,0,,,0,,,0,,,0,,,,,0.0,,,样本不足，暂按来源分组权重；时间衰减半衰期=14天,0.0
3629382,1500,2026-08-26 07:17:39,30,0xeb0f432beecf10dcc828fc1e36a3386caf634637,smart_money,N,50.0,1.4,5,5,0.6009863792860015,0.6875027764637517,5,0.6009863792860015,-4.592597695666832,0,,,0,,,0,,,-4.675951277849797,,0.0,2026-08-21 08:17:02,"XRP,ZEC",样本不足，暂按来源分组权重；时间衰减半衰期=14天,3.8890556264465874
3629383,1500,2026-08-26 07:17:39,30,0xeb432905497d9ed2f0a8a9aac9053a0108746c1a,money_printer,N,50.0,1.2,0,0,,,0,,,0,,,0,,,0,,,,,0.0,,,样本不足，暂按来源分组权重；时间衰减半衰期=14天,0.0
3629384,1500,2026-08-26 07:17:39,30,0xeb47e64c3d12add1a175517619ede29fbc4a9f1d,smart_money,N,50.0,1.4,0,0,,,0,,,0,,,0,,,0,,,,,0.0,,,样本不足，暂按来源分组权重；时间衰减半衰期=14天,0.0
3629385,1500,2026-08-26 07:17:39,30,0xeb7f0a03ac25675c21b419ec91f7aa2e743e40bd,smart_money,N,50.0,1.4,0,0,,,0,,,0,,,0,,,0,,,,,0.0,,,样本不足，暂按来源分组权重；时间衰减半衰期=14天,0.0
3629386,1500,2026-08-26 07:17:39,30,0xeb83e695adcac2e83f290d2d2815fc58e6491d7a,smart_money,N,50.0,1.4,0,0,,,0,,,0,,,0,,,0,,,,,0.0,,,样本不足，暂按来源分组权重；时间衰减半衰期=14天,0.0
3629387,1500,2026-08-26 07:17:39,30,0xeb93e6fc46b78c19bfe3264afabccae410956389,money_printer,N,50.0,1.2,0,0,,,0,,,0,,,0,,,0,,,,,0.0,,,样本不足，暂按来源分组权重；时间衰减半衰期=14天,0.0
3629388,1500,2026-08-26 07:17:39,30,0xebcda26432c1e2a46898d9920759438f86c8fcf4,smart_money,N,50.0,1.4,0,0,,,0,,,0,,,0,,,0,,,,,0.0,,,样本不足，暂按来源分组权重；时间衰减半衰期=14天,0.0
3629389,1500,2026-08-26 07:17:39,30,0xebcfa0e05df4c406f4a166b1318581134a8537c0,money_printer,N,50.0,1.2,0,0,,,0,,,0,,,0,,,0,,,,,0.0,,,样本不足，暂按来源分组权重；时间衰减半衰期=14天,0.0
3629390,1500,2026-08-26 07:17:39,30,0xebe6cc6820a76705b6654fdd1254256dcd54f1df,smart_money,N,50.0,1.4,0,0,,,0,,,0,,,0,,,0,,,,,0.0,,,样本不足，暂按来源分组权重；时间衰减半衰期=14天,0.0
3629391,1500,2026-08-26 07:17:39,30,0xec2aa004732b35d4f763e7e73e7918da37274c96,smart_money,N,50.0,1.4,0,0,,,0,,,0,,,0,,,0,,,,,0.0,,,样本不足，暂按来源分组权重；时间衰减半衰期=14天,0.0
3629392,1500,2026-08-26 07:17:39,30,0xec30ae3bab4c5aa95a3151c1b6437412e876050e,smart_money,N,50.0,1.4,0,0,,,0,,,0,,,0,,,0,,,,,0.0,,,样本不足，暂按来源分组权重；时间衰减半衰期=14天,0.0
3629393,1500,2026-08-26 07:17:39,30,0xec326a384ae965647d87e1f85db46d2efa15ae82,money_printer,N,50.0,1.2,0,0,,,0,,,0,,,0,,,0,,,,,0.0,,,样本不足，暂按来源分组权重；时间衰减半衰期=14天,0.0
3629394,1500,2026-08-26 07:17:39,30,0xec7c3257d80aa80d06d996517020744e40a70b05,smart_money,N,50.0,1.4,0,0,,,0,,,0,,,0,,,0,,,,,0.0,,,样本不足，暂按来源分组权重；时间衰减半衰期=14天,0.0
3629395,1500,2026-08-26 07:17:39,30,0xec7f9f5b31b8f5da6ac6c0973bbd496e16f9df39,smart_money,N,50.0,1.4,1,1,0.0,0.4379203815444244,0,,,0,,,0,,,0,,,,,0.0,2026-08-24 16:17:56,BTC,样本不足，暂按来源分组权重；时间衰减半衰期=14天,0.9227057969654971
3629396,1500,2026-08-26 07:17:39,30,0xec89639d883a9ff2086c6deb0d766064b5bbea03,smart_money,N,50.0,1.4,0,0,,,0,,,0,,,0,,,0,,,,,0.0,,,样本不足，暂按来源分组权重；时间衰减半衰期=14天,0.0
3629397,1500,2026-08-26 07:17:39,30,0xec9045405a878d01cdb836f82a6dd2abd49a169c,smart_money,N,50.0,1.4,0,0,,,0,,,0,,,0,,,0,,,,,0.0,,,样本不足，暂按来源分组权重；时间衰减半衰期=14天,0.0
3629398,1500,2026-08-26 07:17:39,30,0xecb63caa47c7c4e77f60f1ce858cf28dc2b82b00,money_printer,R,19.77255155506306,-1.2,829,782,0.2366698706055026,0.3972521741505837,661,0.2623459671963139,-0.18026417741919173,373,0.18743893011372134,2.9225815607282115,234,0.18421250477678647,-0.22744844493694064,0,,,-0.14908736462870964,,44.34558679520969,2026-08-26 06:17:55,"UPUMP,ETH,BTC,UXPL,XRP",反向钱包：15d方向胜率和平均收益偏差；时间衰减半衰期=14天,495.2432737732579
3629399,1500,2026-08-26 07:17:39,30,0xed41a12ea862f31df054e9bd3af1dd59486c6029,money_printer,N,50.0,1.2,0,0,,,0,,,0,,,0,,,0,,,,,0.0,,,样本不足，暂按来源分组权重；时间衰减半衰期=14天,0.0
3629400,1500,2026-08-26 07:17:39,30,0xed47a512c2f150ffa1ca19416d1401c019cfe349,smart_money,N,50.0,1.4,0,0,,,0,,,0,,,0,,,0,,,,,0.0,,,样本不足，暂按来源分组权重；时间衰减半衰期=14天,0.0
3629401,1500,2026-08-26 07:17:39,30,0xed48b856556a69c7c40229c9c4c829b909257c9b,money_printer,N,50.0,1.2,4,4,0.35331840190417124,-2.1322457639110914,4,0.35331840190417124,0.9195399059756737,2,0.0,0.001580477623347711,2,0.0,0.16720808241413726,0,,,0.8733121672360276,,0.0,2026-08-20 09:17:04,NEKO,样本不足，暂按来源分组权重；时间衰减半衰期=14天,2.0387951261888952
3629402,1500,2026-08-26 07:17:39,30,0xed7c40e138cb25e79d94295882c66ac8197fb66e,smart_money,N,50.0,1.4,0,0,,,0,,,0,,,0,,,0,,,,,0.0,,,样本不足，暂按来源分组权重；时间衰减半衰期=14天,0.0
3629403,1500,2026-08-26 07:17:39,30,0xeda73c9fa6a90cea2bcc5529e9e12c012e13655b,smart_money,N,50.0,1.4,4,4,0.35331840190417124,-2.1322457639110914,4,0.35331840190417124,0.9195399059756737,2,0.0,0.001580477623347711,2,0.0,0.16720808241413726,0,,,0.8733121672360276,,0.0,2026-08-20 09:17:04,NEKO,样本不足，暂按来源分组权重；时间衰减半衰期=14天,2.0387951261888952
3629404,1500,2026-08-26 07:17:39,30,0xeda7dbbd44a0c5800dfa9cdd3fbb585cdba288f3,smart_money,N,50.0,1.4,0,0,,,0,,,0,,,0,,,0,,,,,0.0,,,样本不足，暂按来源分组权重；时间衰减半衰期=14天,0.0
3629405,1500,2026-08-26 07:17:39,30,0xee162a5a60829bd346f0c1ac3514b21fe5f4b290,money_printer,N,50.0,1.2,0,0,,,0,,,0,,,0,,,0,,,,,0.0,,,样本不足，暂按来源分组权重；时间衰减半衰期=14天,0.0
3629406,1500,2026-08-26 07:17:39,30,0xeeaf4055e581dae6a4eaea0a66181ecb207787f1,smart_money,N,50.0,1.4,0,0,,,0,,,0,,,0,,,0,,,,,0.0,,,样本不足，暂按来源分组权重；时间衰减半衰期=14天,0.0
3629407,1500,2026-08-26 07:17:39,30,0xef2364db5db6f5539aa0bc111771a94ee47637fc,smart_money,N,50.0,1.4,0,0,,,0,,,0,,,0,,,0,,,,,0.0,,,样本不足，暂按来源分组权重；时间衰减半衰期=14天,0.0
3629408,1500,2026-08-26 07:17:39,30,0xef5fdcefdb38803a654ee9f3539bed8058443d99,money_printer,N,50.0,1.2,0,0,,,0,,,0,,,0,,,0,,,,,0.0,,,样本不足，暂按来源分组权重；时间衰减半衰期=14天,0.0
3629409,1500,2026-08-26 07:17:39,30,0xef70339934261ca3524bddfa7d02e0a69107a84c,money_printer,N,50.0,1.2,1,1,0.0,-0.036756018798080575,1,0.0,1.8640552390453937,1,0.0,1.9900758749245235,1,0.0,0.6721100580219987,0,,,1.8640552390453937,,0.0,2026-07-29 05:17:00,ETH,样本不足，暂按来源分组权重；时间衰减半衰期=14天,0.2489650918571891
3629410,1500,2026-08-26 07:17:39,30,0xef759e3f7fe04ac8c5b63736e5196ded52eaf34e,money_printer,N,50.0,1.2,0,0,,,0,,,0,,,0,,,0,,,,,0.0,,,样本不足，暂按来源分组权重；时间衰减半衰期=14天,0.0
3629411,1500,2026-08-26 07:17:39,30,0xef96d013bdb1a5dfe553999f19b5091b9a299383,smart_money,N,50.0,1.4,4,4,0.8615684229305318,3.22216058423088,3,0.0,-3.27791572480466,2,0.0,-43.70991659528598,1,1.0,27.49809406135807,0,,,-3.1068877886612327,,0.0,2026-08-24 09:17:54,"ZEC,ETH",样本不足，暂按来源分组权重；时间衰减半衰期=14天,2.826609953367934
3629412,1500,2026-08-26 07:17:39,30,0xefe3e45503bd838fa08594906b0906d252701cfe,smart_money,N,50.0,1.4,0,0,,,0,,,0,,,0,,,0,,,,,0.0,,,样本不足，暂按来源分组权重；时间衰减半衰期=14天,0.0
3629413,1500,2026-08-26 07:17:39,30,0xeff7fe671d9a7acf86f48994bc5d5161042415b6,smart_money,N,50.0,1.4,0,0,,,0,,,0,,,0,,,0,,,,,0.0,,,样本不足，暂按来源分组权重；时间衰减半衰期=14天,0.0
3629414,1500,2026-08-26 07:17:39,30,0xf00bb08f7d1d04a9415408c939c02410fc6791b1,smart_money,N,50.0,1.4,0,0,,,0,,,0,,,0,,,0,,,,,0.0,,,样本不足，暂按来源分组权重；时间衰减半衰期=14天,0.0
3629415,1500,2026-08-26 07:17:39,30,0xf00eabc409c51cf884ec7861cb839524af6afe3d,smart_money,N,50.0,1.4,0,0,,,0,,,0,,,0,,,0,,,,,0.0,,,样本不足，暂按来源分组权重；时间衰减半衰期=14天,0.0
3629416,1500,2026-08-26 07:17:39,30,0xf0480a7892bc260658e82359f3c9374bc0a75444,money_printer,N,50.0,1.2,0,0,,,0,,,0,,,0,,,0,,,,,0.0,,,样本不足，暂按来源分组权重；时间衰减半衰期=14天,0.0
3629417,1500,2026-08-26 07:17:39,30,0xf05359fe3426248c3eb48ca9474160dc4510b99d,smart_money,N,50.0,1.4,0,0,,,0,,,0,,,0,,,0,,,,,0.0,,,样本不足，暂按来源分组权重；时间衰减半衰期=14天,0.0
3629418,1500,2026-08-26 07:17:39,30,0xf060e33cfa0727a224a184622606213e8f4e6a6f,smart_money,N,50.0,1.4,0,0,,,0,,,0,,,0,,,0,,,,,0.0,,,样本不足，暂按来源分组权重；时间衰减半衰期=14天,0.0
3629419,1500,2026-08-26 07:17:39,30,0xf071f949b2ea482b176173135921a7965b302368,smart_money,N,50.0,1.4,0,0,,,0,,,0,,,0,,,0,,,,,0.0,,,样本不足，暂按来源分组权重；时间衰减半衰期=14天,0.0
3629420,1500,2026-08-26 07:17:39,30,0xf10b1ba419f347fc129e4e79275fa022d72208de,smart_money,N,50.0,1.4,1,1,0.0,-5.117874155274526,1,0.0,-6.519293091947915,0,,,0,,,0,,,-6.519293091947915,,0.0,2026-08-21 14:17:08,HYPE,样本不足，暂按来源分组权重；时间衰减半衰期=14天,0.7920507884343617
3629421,1500,2026-08-26 07:17:39,30,0xf1245033de5669c24b7915256afb598ac3245bf1,smart_money,N,50.0,1.4,0,0,,,0,,,0,,,0,,,0,,,,,0.0,,,样本不足，暂按来源分组权重；时间衰减半衰期=14天,0.0
3629422,1500,2026-08-26 07:17:39,30,0xf14be72acba3becf3b6f0fc014f49e54e8511358,smart_money,N,50.0,1.4,0,0,,,0,,,0,,,0,,,0,,,,,0.0,,,样本不足，暂按来源分组权重；时间衰减半衰期=14天,0.0
3629423,1500,2026-08-26 07:17:39,30,0xf17de447fdfa1778db06111e3cbdc878332adab2,money_printer,R,17.958705873664275,-1.2,38,36,0.45725522814376696,-0.26679701613428153,30,0.4282837766046677,0.21561764620223242,13,0.3670056323765,-2.0412941263357234,4,0.5437206302778063,3.762998745302714,0,,,0.20846200872304887,,29.609451830445785,2026-08-25 21:18:07,"BTC,HYPE",反向钱包：7d方向胜率和平均收益偏差；时间衰减半衰期=14天,25.826481908334447
3629424,1500,2026-08-26 07:17:39,30,0xf191539a2c4ba0af951438bb6abfa0625c7df2ef,smart_money,N,50.0,1.4,4,4,0.35331840190417124,-2.1322457639110914,4,0.35331840190417124,0.9195399059756737,2,0.0,0.001580477623347711,2,0.0,0.16720808241413726,0,,,0.8733121672360276,,0.0,2026-08-20 09:17:04,NEKO,样本不足，暂按来源分组权重；时间衰减半衰期=14天,2.0387951261888952
3629425,1500,2026-08-26 07:17:39,30,0xf19b3c8b8004149cf21c8efe4433cd3b57752695,smart_money,N,50.0,1.4,0,0,,,0,,,0,,,0,,,0,,,,,0.0,,,样本不足，暂按来源分组权重；时间衰减半衰期=14天,0.0
3629426,1500,2026-08-26 07:17:39,30,0xf1c0dab1ff187f1dc13482cb675f54b8be362a5c,money_printer,N,50.0,1.2,0,0,,,0,,,0,,,0,,,0,,,,,0.0,,,样本不足，暂按来源分组权重；时间衰减半衰期=14天,0.0
3629427,1500,2026-08-26 07:17:39,30,0xf1ed8db37b7474fb5bfe01b58def6001955a2d2a,smart_money,N,50.0,1.4,0,0,,,0,,,0,,,0,,,0,,,,,0.0,,,样本不足，暂按来源分组权重；时间衰减半衰期=14天,0.0
3629428,1500,2026-08-26 07:17:39,30,0xf208b13968cf79db8ed788907e70c288a3169c0b,smart_money,N,50.0,1.4,0,0,,,0,,,0,,,0,,,0,,,,,0.0,,,样本不足，暂按来源分组权重；时间衰减半衰期=14天,0.0
3629429,1500,2026-08-26 07:17:39,30,0xf215c807672f168f6894bb2f5154000de11b4d85,smart_money,N,50.0,1.4,0,0,,,0,,,0,,,0,,,0,,,,,0.0,,,样本不足，暂按来源分组权重；时间衰减半衰期=14天,0.0
3629430,1500,2026-08-26 07:17:39,30,0xf21cd17b9db49fdb21bfdf714558cf8bde3221bd,smart_money,N,50.0,1.4,0,0,,,0,,,0,,,0,,,0,,,,,0.0,,,样本不足，暂按来源分组权重；时间衰减半衰期=14天,0.0
3629431,1500,2026-08-26 07:17:39,30,0xf220c9b7b4c0e5e785ebe4b40b17576ce24473e0,money_printer,N,50.0,1.2,2,2,1.0,9.142330820115179,2,1.0,12.845701502800594,0,,,0,,,0,,,13.04223083019548,,0.0,2026-08-20 22:17:00,BTC,样本不足，暂按来源分组权重；时间衰减半衰期=14天,1.4837111705538737
3629432,1500,2026-08-26 07:17:39,30,0xf230daae38627c46367334a7494dc37861b4d3ef,smart_money,N,50.0,1.4,2,2,0.0,-2.55475329224114,2,0.0,0.30693095394101394,0,,,0,,,0,,,0.31724072542723686,,0.0,2026-08-22 07:17:04,MAX,样本不足，暂按来源分组权重；时间衰减半衰期=14天,1.627207996991551
3629433,1500,2026-08-26 07:17:39,30,0xf2500dbc34617daf22b5186a1bfb9f5f3a33ae13,smart_money,N,50.0,1.4,1,1,1.0,7.660778133232967,0,,,0,,,0,,,0,,,,,0.0,2026-08-25 04:17:50,ZEC,样本不足，暂按来源分组权重；时间衰减半衰期=14天,0.9458294386579812
3629434,1500,2026-08-26 07:17:39,30,0xf25bc953a6709cc21d6f6611c9feecb493e77dbe,smart_money,N,50.0,1.4,0,0,,,0,,,0,,,0,,,0,,,,,0.0,,,样本不足，暂按来源分组权重；时间衰减半衰期=14天,0.0
3629435,1500,2026-08-26 07:17:39,30,0xf25df1972b89d3cdb051cf8b2bf385b5dcb9aa21,smart_money,N,50.0,1.4,0,0,,,0,,,0,,,0,,,0,,,,,0.0,,,样本不足，暂按来源分组权重；时间衰减半衰期=14天,0.0
3629436,1500,2026-08-26 07:17:39,30,0xf27ebb91ea420f73b59b205ac7e0b77a90ec8f3c,money_printer,N,50.0,1.2,3,3,0.0,0.0,3,0.0,0.0,3,0.0,0.0,3,0.0,0.0,0,,,0.0,,0.0,2026-08-03 07:16:52,UXPL,样本不足，暂按来源分组权重；时间衰减半衰期=14天,0.7820392735508062
3629437,1500,2026-08-26 07:17:39,30,0xf28e1b06e00e8774c612e31ab3ac35d5a720085f,money_printer,N,50.0,1.2,0,0,,,0,,,0,,,0,,,0,,,,,0.0,,,样本不足，暂按来源分组权重；时间衰减半衰期=14天,0.0
3629438,1500,2026-08-26 07:17:39,30,0xf292b42e6167e0d591449ebd67d2e989a3479edf,smart_money,N,50.0,1.4,0,0,,,0,,,0,,,0,,,0,,,,,0.0,,,样本不足，暂按来源分组权重；时间衰减半衰期=14天,0.0
3629439,1500,2026-08-26 07:17:39,30,0xf2d96ddecf1bb5639960e407b133705a812ffc34,smart_money,N,50.0,1.4,0,0,,,0,,,0,,,0,,,0,,,,,0.0,,,样本不足，暂按来源分组权重；时间衰减半衰期=14天,0.0
3629440,1500,2026-08-26 07:17:39,30,0xf2efcd0bedf771dc63eb655d395c15a9d753550a,money_printer,N,50.0,1.2,0,0,,,0,,,0,,,0,,,0,,,,,0.0,,,样本不足，暂按来源分组权重；时间衰减半衰期=14天,0.0
3629441,1500,2026-08-26 07:17:39,30,0xf3362789cecf25c6a31288d172880d7ad9b81801,smart_money,N,50.0,1.4,0,0,,,0,,,0,,,0,,,0,,,,,0.0,,,样本不足，暂按来源分组权重；时间衰减半衰期=14天,0.0
3629442,1500,2026-08-26 07:17:39,30,0xf3d0e131bb5d8e043bbbc87b345ec4aa2b875f4b,smart_money,N,50.0,1.4,0,0,,,0,,,0,,,0,,,0,,,,,0.0,,,样本不足，暂按来源分组权重；时间衰减半衰期=14天,0.0
3629443,1500,2026-08-26 07:17:39,30,0xf3eb9dc9626800f5c2157a14adfaba2177e1f7b5,money_printer,N,50.0,1.2,0,0,,,0,,,0,,,0,,,0,,,,,0.0,,,样本不足，暂按来源分组权重；时间衰减半衰期=14天,0.0
3629444,1500,2026-08-26 07:17:39,30,0xf3f496c9486be5924a93d67e98298733bb47057c,money_printer,N,50.0,1.2,0,0,,,0,,,0,,,0,,,0,,,,,0.0,,,样本不足，暂按来源分组权重；时间衰减半衰期=14天,0.0
3629445,1500,2026-08-26 07:17:39,30,0xf403d3848c602a17c62e4f6ac1c75c2b7653318f,smart_money,N,50.0,1.4,0,0,,,0,,,0,,,0,,,0,,,,,0.0,,,样本不足，暂按来源分组权重；时间衰减半衰期=14天,0.0
3629446,1500,2026-08-26 07:17:39,30,0xf40f4129b137f30ab83dfe7f46a468fc6830865f,smart_money,N,50.0,1.4,0,0,,,0,,,0,,,0,,,0,,,,,0.0,,,样本不足，暂按来源分组权重；时间衰减半衰期=14天,0.0
3629447,1500,2026-08-26 07:17:39,30,0xf436d47f962e4acd96eb6d87677db91d5f40a204,smart_money,N,50.0,1.4,0,0,,,0,,,0,,,0,,,0,,,,,0.0,,,样本不足，暂按来源分组权重；时间衰减半衰期=14天,0.0
3629448,1500,2026-08-26 07:17:39,30,0xf467b892ddd18b4449e89fcf02a22f23cbf72d1d,smart_money,N,50.0,1.4,0,0,,,0,,,0,,,0,,,0,,,,,0.0,,,样本不足，暂按来源分组权重；时间衰减半衰期=14天,0.0
3629449,1500,2026-08-26 07:17:39,30,0xf469697ae698e1459f02cdabc882c468fad5396d,smart_money,N,50.0,1.4,0,0,,,0,,,0,,,0,,,0,,,,,0.0,,,样本不足，暂按来源分组权重；时间衰减半衰期=14天,0.0
3629450,1500,2026-08-26 07:17:39,30,0xf47fe5f0f6c3ebfde365e34e6d15fb2ed4c39cdb,smart_money,N,50.0,1.4,0,0,,,0,,,0,,,0,,,0,,,,,0.0,,,样本不足，暂按来源分组权重；时间衰减半衰期=14天,0.0
3629451,1500,2026-08-26 07:17:39,30,0xf48111d547f8de8f37fd68bc8b971a5a57019825,smart_money,N,50.0,1.4,0,0,,,0,,,0,,,0,,,0,,,,,0.0,,,样本不足，暂按来源分组权重；时间衰减半衰期=14天,0.0
3629452,1500,2026-08-26 07:17:39,30,0xf4939e64793fc85b68ec4ddb1697b01db3977134,smart_money,N,50.0,1.4,0,0,,,0,,,0,,,0,,,0,,,,,0.0,,,样本不足，暂按来源分组权重；时间衰减半衰期=14天,0.0
3629453,1500,2026-08-26 07:17:39,30,0xf49559a962d46b02b49a70320cbbdf2cc7ba40a7,smart_money,N,50.0,1.4,0,0,,,0,,,0,,,0,,,0,,,,,0.0,,,样本不足，暂按来源分组权重；时间衰减半衰期=14天,0.0
3629454,1500,2026-08-26 07:17:39,30,0xf4b68732980c2a72d7bdd1f4b0f461c794526738,smart_money,N,50.0,1.4,0,0,,,0,,,0,,,0,,,0,,,,,0.0,,,样本不足，暂按来源分组权重；时间衰减半衰期=14天,0.0
3629455,1500,2026-08-26 07:17:39,30,0xf521c8d72af09309f0c50f9c3dd053fc7b013c33,smart_money,N,50.0,1.4,0,0,,,0,,,0,,,0,,,0,,,,,0.0,,,样本不足，暂按来源分组权重；时间衰减半衰期=14天,0.0
3629456,1500,2026-08-26 07:17:39,30,0xf524d20408d9f426c74903924941efd1aae5e59d,smart_money,N,50.0,1.4,0,0,,,0,,,0,,,0,,,0,,,,,0.0,,,样本不足，暂按来源分组权重；时间衰减半衰期=14天,0.0
3629457,1500,2026-08-26 07:17:39,30,0xf53cab0c6f25f48f985d1e2c40e03fc7c1963364,smart_money,N,50.0,1.4,0,0,,,0,,,0,,,0,,,0,,,,,0.0,,,样本不足，暂按来源分组权重；时间衰减半衰期=14天,0.0
3629458,1500,2026-08-26 07:17:39,30,0xf55f10b83bdb21d5f6b7449d4ea3589a8ae30d3a,smart_money,N,50.0,1.4,3,3,0.0,0.0,3,0.0,0.0,1,0.0,0.0,0,,,0,,,0.0,,0.0,2026-08-20 23:17:10,KNTQ,样本不足，暂按来源分组权重；时间衰减半衰期=14天,2.045718233871141
3629459,1500,2026-08-26 07:17:39,30,0xf5629393e446a103a4be1c49a956255e7c87c1d3,money_printer,N,50.0,1.2,0,0,,,0,,,0,,,0,,,0,,,,,0.0,,,样本不足，暂按来源分组权重；时间衰减半衰期=14天,0.0
3629460,1500,2026-08-26 07:17:39,30,0xf58b673c1633ccef0ac58263cdc95ed80f817fc7,money_printer,N,50.0,1.2,0,0,,,0,,,0,,,0,,,0,,,,,0.0,,,样本不足，暂按来源分组权重；时间衰减半衰期=14天,0.0
3629461,1500,2026-08-26 07:17:39,30,0xf5a523b171032c060d49c39fbf2e9bec473e1286,money_printer,N,50.0,1.2,0,0,,,0,,,0,,,0,,,0,,,,,0.0,,,样本不足，暂按来源分组权重；时间衰减半衰期=14天,0.0
3629462,1500,2026-08-26 07:17:39,30,0xf5b0af852e3dedc03b551f7050b616b5c77c7645,smart_money,N,50.0,1.4,0,0,,,0,,,0,,,0,,,0,,,,,0.0,,,样本不足，暂按来源分组权重；时间衰减半衰期=14天,0.0
3629463,1500,2026-08-26 07:17:39,30,0xf5d0308ac17a33e666326df43788afaa4100b9eb,smart_money,N,50.0,1.4,0,0,,,0,,,0,,,0,,,0,,,,,0.0,,,样本不足，暂按来源分组权重；时间衰减半衰期=14天,0.0
3629464,1500,2026-08-26 07:17:39,30,0xf5d889840ff183c72b0b57aac895303eee76f226,smart_money,N,50.0,1.4,0,0,,,0,,,0,,,0,,,0,,,,,0.0,,,样本不足，暂按来源分组权重；时间衰减半衰期=14天,0.0
3629465,1500,2026-08-26 07:17:39,30,0xf5dd745bcf393686ceffb6a43f7e7b4c172aefad,smart_money,N,50.0,1.4,0,0,,,0,,,0,,,0,,,0,,,,,0.0,,,样本不足，暂按来源分组权重；时间衰减半衰期=14天,0.0
3629466,1500,2026-08-26 07:17:39,30,0xf5f4c3aa62a0f903a8529905031b1536d1cf16f8,smart_money,N,50.0,1.4,0,0,,,0,,,0,,,0,,,0,,,,,0.0,,,样本不足，暂按来源分组权重；时间衰减半衰期=14天,0.0
3629467,1500,2026-08-26 07:17:39,30,0xf61ba5417da20fd6267ba42d23123f1a572a6ea7,smart_money,N,50.0,1.4,0,0,,,0,,,0,,,0,,,0,,,,,0.0,,,样本不足，暂按来源分组权重；时间衰减半衰期=14天,0.0
3629468,1500,2026-08-26 07:17:39,30,0xf625aabf0c9f527697ff2d99b30dd794cfd76b93,money_printer,N,50.0,1.2,0,0,,,0,,,0,,,0,,,0,,,,,0.0,,,样本不足，暂按来源分组权重；时间衰减半衰期=14天,0.0
3629469,1500,2026-08-26 07:17:39,30,0xf629d790657e15ae9b51731932a5b63ff20b8b01,smart_money,N,50.0,1.4,0,0,,,0,,,0,,,0,,,0,,,,,0.0,,,样本不足，暂按来源分组权重；时间衰减半衰期=14天,0.0
3629470,1500,2026-08-26 07:17:39,30,0xf62edeee17968d4c55d1c74936d2110333342f30,money_printer,N,50.0,1.2,0,0,,,0,,,0,,,0,,,0,,,,,0.0,,,样本不足，暂按来源分组权重；时间衰减半衰期=14天,0.0
3629471,1500,2026-08-26 07:17:39,30,0xf69b98e485a8acab142c7c88f5a5b22333c47f97,smart_money,N,50.0,1.4,0,0,,,0,,,0,,,0,,,0,,,,,0.0,,,样本不足，暂按来源分组权重；时间衰减半衰期=14天,0.0
3629472,1500,2026-08-26 07:17:39,30,0xf6cb2067f954e1dfa5cb473d7f7673e0b2f95d32,smart_money,N,50.0,1.4,0,0,,,0,,,0,,,0,,,0,,,,,0.0,,,样本不足，暂按来源分组权重；时间衰减半衰期=14天,0.0
3629473,1500,2026-08-26 07:17:39,30,0xf6e0efd25be6f4302190ea44db596719aa400588,smart_money,N,50.0,1.4,0,0,,,0,,,0,,,0,,,0,,,,,0.0,,,样本不足，暂按来源分组权重；时间衰减半衰期=14天,0.0
3629474,1500,2026-08-26 07:17:39,30,0xf709deb9ca069e53a31a408fde397a87d025a352,smart_money,N,50.0,1.4,0,0,,,0,,,0,,,0,,,0,,,,,0.0,,,样本不足，暂按来源分组权重；时间衰减半衰期=14天,0.0
3629475,1500,2026-08-26 07:17:39,30,0xf74deefc2d993bf56f54ad2a7c0c42bf3f6c2982,smart_money,N,50.0,1.4,0,0,,,0,,,0,,,0,,,0,,,,,0.0,,,样本不足，暂按来源分组权重；时间衰减半衰期=14天,0.0
3629476,1500,2026-08-26 07:17:39,30,0xf76b17ce8ff08f96ad7bb785d4ed898d5d5014ef,smart_money,N,50.0,1.4,0,0,,,0,,,0,,,0,,,0,,,,,0.0,,,样本不足，暂按来源分组权重；时间衰减半衰期=14天,0.0
3629477,1500,2026-08-26 07:17:39,30,0xf770f371cc66499a89ae56aa84f9506e083f99ea,smart_money,N,50.0,1.4,1,1,0.0,-19.072406478160474,1,0.0,-28.735974918852612,1,0.0,-36.81408088329258,0,,,0,,,-28.73597491885261,,0.0,2026-08-18 23:16:52,HYPE,样本不足，暂按来源分组权重；时间衰减半衰期=14天,0.6955140772276202
3629478,1500,2026-08-26 07:17:39,30,0xf780adb6ca4a737d2a8def6dd445b0c0276d70e1,smart_money,N,50.0,1.4,0,0,,,0,,,0,,,0,,,0,,,,,0.0,,,样本不足，暂按来源分组权重；时间衰减半衰期=14天,0.0
3629479,1500,2026-08-26 07:17:39,30,0xf7b5461d0007ce4b52eaea2f6d2a30cef0fbefff,smart_money,N,50.0,1.4,8,8,0.27636606135643527,0.20444482798922126,8,0.36906512619438286,0.9230379585125693,8,0.40991898673377924,-0.07288763820227906,2,0.5030940810417491,0.015123715383974588,0,,,0.8389521783471419,,0.0,2026-08-17 02:16:57,NEKO,样本不足，暂按来源分组权重；时间衰减半衰期=14天,4.544889924713762
3629480,1500,2026-08-26 07:17:39,30,0xf7b7934ca8ff68a8b1d721232259b3c55eee5468,smart_money,N,50.0,1.4,0,0,,,0,,,0,,,0,,,0,,,,,0.0,,,样本不足，暂按来源分组权重；时间衰减半衰期=14天,0.0
3629481,1500,2026-08-26 07:17:39,30,0xf7c2ed23ddff71b17473db6f330fd8cb18388010,smart_money,N,50.0,1.4,0,0,,,0,,,0,,,0,,,0,,,,,0.0,,,样本不足，暂按来源分组权重；时间衰减半衰期=14天,0.0
3629482,1500,2026-08-26 07:17:39,30,0xf7c8f36f76175b7742da42c8b714a4d8331b7260,smart_money,N,50.0,1.4,0,0,,,0,,,0,,,0,,,0,,,,,0.0,,,样本不足，暂按来源分组权重；时间衰减半衰期=14天,0.0
3629483,1500,2026-08-26 07:17:39,30,0xf8143d76137489ae1fbcb8dbdc3937f66d6618cb,smart_money,N,50.0,1.4,0,0,,,0,,,0,,,0,,,0,,,,,0.0,,,样本不足，暂按来源分组权重；时间衰减半衰期=14天,0.0
3629484,1500,2026-08-26 07:17:39,30,0xf818074d013f376b860c02f0ad2bf98b12139489,smart_money,N,50.0,1.4,4,4,0.35331840190417124,-2.1322457639110914,4,0.35331840190417124,0.9195399059756737,2,0.0,0.001580477623347711,2,0.0,0.16720808241413726,0,,,0.8733121672360276,,0.0,2026-08-20 09:17:04,NEKO,样本不足，暂按来源分组权重；时间衰减半衰期=14天,2.0387951261888952
3629485,1500,2026-08-26 07:17:39,30,0xf822fa0fd364c573fcdb7009fcf47601bc8be01a,money_printer,N,50.0,1.2,9,9,0.5329218079496315,3.3252273046113605,9,0.6496310190953213,6.7383096853244435,0,,,0,,,0,,,7.120771048553274,,0.0,2026-08-22 05:17:09,"ETH,HYPE,LINK,SOL",样本不足，暂按来源分组权重；时间衰减半衰期=14天,6.985376487165354
3629486,1500,2026-08-26 07:17:39,30,0xf83350f2426d9f4790b6aa61710f6a26ddd908e7,money_printer,N,50.0,1.2,0,0,,,0,,,0,,,0,,,0,,,,,0.0,,,样本不足，暂按来源分组权重；时间衰减半衰期=14天,0.0
3629487,1500,2026-08-26 07:17:39,30,0xf83ff544ed6f00fe7a74782aee3fd9ea54d96728,money_printer,N,50.0,1.2,2,2,0.0,-0.49173716702001447,2,0.41471420349793475,1.2594580874264023,2,0.0,-1.1743412263054016,2,0.5852857965020652,13.145082177195723,0,,,1.485196283596561,,0.0,2026-08-05 19:17:01,"BTC,ETH",样本不足，暂按来源分组权重；时间衰减半衰期=14天,0.6191967039307851
3629488,1500,2026-08-26 07:17:39,30,0xf86149475b49bdb11cd8b27c38ae11a1569fbbdc,smart_money,N,50.0,1.4,4,4,0.35331840190417124,-2.1322457639110914,4,0.35331840190417124,0.9195399059756737,2,0.0,0.001580477623347711,2,0.0,0.16720808241413726,0,,,0.8733121672360276,,0.0,2026-08-20 09:17:04,NEKO,样本不足，暂按来源分组权重；时间衰减半衰期=14天,2.0387951261888952
3629489,1500,2026-08-26 07:17:39,30,0xf889692c619ff045b80b3841f43fab71278ed498,smart_money,N,50.0,1.4,0,0,,,0,,,0,,,0,,,0,,,,,0.0,,,样本不足，暂按来源分组权重；时间衰减半衰期=14天,0.0
3629490,1500,2026-08-26 07:17:39,30,0xf890f106fae3d9023c57f9da5911df097edd30eb,smart_money,N,50.0,1.4,0,0,,,0,,,0,,,0,,,0,,,,,0.0,,,样本不足，暂按来源分组权重；时间衰减半衰期=14天,0.0
3629491,1500,2026-08-26 07:17:39,30,0xf8992a1f4e302460bd49a1646ee315d810235212,smart_money,N,50.0,1.4,0,0,,,0,,,0,,,0,,,0,,,,,0.0,,,样本不足，暂按来源分组权重；时间衰减半衰期=14天,0.0
3629492,1500,2026-08-26 07:17:39,30,0xf899937184168b1d9dee75acbaa3fef0f52888db,money_printer,N,50.0,1.2,0,0,,,0,,,0,,,0,,,0,,,,,0.0,,,样本不足，暂按来源分组权重；时间衰减半衰期=14天,0.0
3629493,1500,2026-08-26 07:17:39,30,0xf8ae5f0d229618b4deead1b3901ed3134207b7d8,smart_money,N,50.0,1.4,0,0,,,0,,,0,,,0,,,0,,,,,0.0,,,样本不足，暂按来源分组权重；时间衰减半衰期=14天,0.0
3629494,1500,2026-08-26 07:17:39,30,0xf8bb001a9e55d81fd6a5834f8e64865ef4e231c9,smart_money,N,50.0,1.4,0,0,,,0,,,0,,,0,,,0,,,,,0.0,,,样本不足，暂按来源分组权重；时间衰减半衰期=14天,0.0
3629495,1500,2026-08-26 07:17:39,30,0xf8e190c49164d6aa2f4362bd429e2c400baf7c61,smart_money,N,50.0,1.4,0,0,,,0,,,0,,,0,,,0,,,,,0.0,,,样本不足，暂按来源分组权重；时间衰减半衰期=14天,0.0
3629496,1500,2026-08-26 07:17:39,30,0xf8f3160d4d85c92cdf5fd59846923465cc1f2671,smart_money,R,19.768418122789615,-1.4,10,10,0.0,-0.23158187721038495,8,0.1811520864431473,0.7518772716273966,6,0.2064985205315125,0.2706361595990661,4,0.5123767438270082,0.2615511703724473,0,,,0.4735666555136534,,73.85265501768308,2026-08-24 22:17:53,BRIDGE,反向钱包：24h方向胜率和平均收益偏差；时间衰减半衰期=14天,6.1151130468830015
3629497,1500,2026-08-26 07:17:39,30,0xf8fcae418ddedfb12f8fa06ea5fc8724fe60b75d,smart_money,N,50.0,1.4,0,0,,,0,,,0,,,0,,,0,,,,,0.0,,,样本不足，暂按来源分组权重；时间衰减半衰期=14天,0.0
3629498,1500,2026-08-26 07:17:39,30,0xf9109ada2f73c62e9889b45453065f0d99260a2d,smart_money,N,50.0,1.4,10,9,0.23378306565384985,-0.998445803855266,3,0.35238662404786497,-5.605477548474995,0,,,0,,,0,,,-5.849872660054634,,0.0,2026-08-26 00:17:56,"ZEC,ETH,DOGE",样本不足，暂按来源分组权重；时间衰减半衰期=14天,7.818062770470349
3629499,1500,2026-08-26 07:17:39,30,0xf92ddf919186b80d8619a12e7f4379f678939b74,smart_money,N,50.0,1.4,0,0,,,0,,,0,,,0,,,0,,,,,0.0,,,样本不足，暂按来源分组权重；时间衰减半衰期=14天,0.0
3629500,1500,2026-08-26 07:17:39,30,0xf94b346387ae5f1ae84bf10e36008cb552ca82d5,smart_money,N,50.0,1.4,0,0,,,0,,,0,,,0,,,0,,,,,0.0,,,样本不足，暂按来源分组权重；时间衰减半衰期=14天,0.0
3629501,1500,2026-08-26 07:17:39,30,0xf9705511f4d0ae48aa128f73518c776fbda27ba7,smart_money,N,50.0,1.4,1,1,0.0,-9.558409145801464,1,0.0,-27.242170517671692,0,,,0,,,0,,,-27.242170517671692,,0.0,2026-08-19 17:17:21,LIT,样本不足，暂按来源分组权重；时间衰减半衰期=14天,0.7218380125603321
3629502,1500,2026-08-26 07:17:39,30,0xf97ad6704baec104d00b88e0c157e2b7b3a1ddd1,money_printer,N,50.0,1.2,0,0,,,0,,,0,,,0,,,0,,,,,0.0,,,样本不足，暂按来源分组权重；时间衰减半衰期=14天,0.0
3629503,1500,2026-08-26 07:17:39,30,0xf9a28ab8bd579e6a75cc5dd138954e3db8967c5a,smart_money,N,50.0,1.4,0,0,,,0,,,0,,,0,,,0,,,,,0.0,,,样本不足，暂按来源分组权重；时间衰减半衰期=14天,0.0
3629504,1500,2026-08-26 07:17:39,30,0xf9aa2b842eb3b27268d092d465fd186dff95c22e,smart_money,N,50.0,1.4,0,0,,,0,,,0,,,0,,,0,,,,,0.0,,,样本不足，暂按来源分组权重；时间衰减半衰期=14天,0.0
3629505,1500,2026-08-26 07:17:39,30,0xf9d4f4892f9c9a4ddf939166c592efb9be365e91,money_printer,N,50.0,1.2,0,0,,,0,,,0,,,0,,,0,,,,,0.0,,,样本不足，暂按来源分组权重；时间衰减半衰期=14天,0.0
3629506,1500,2026-08-26 07:17:39,30,0xfa1413451bc8dd3484787eb3c3156a7e28c4aade,smart_money,C,69.42633460054431,0.77,36,36,0.26123165764411305,-0.42944193635079514,32,0.32554197278870545,1.1739353267938157,26,0.2948466598556736,0.2718521996395628,14,0.4544647474987364,1.1758852713257428,0,,,0.8506234570707472,,0.0,2026-08-24 22:17:53,"BUDDY,BRIDGE,DEPIN",C级：噪音偏多，降权参考，主周期=15d；时间衰减半衰期=14天,21.01542597706744
3629507,1500,2026-08-26 07:17:39,30,0xfa50b069e2dd8e6d0657e1247e35c5e39fb6ff9d,smart_money,N,50.0,1.4,0,0,,,0,,,0,,,0,,,0,,,,,0.0,,,样本不足，暂按来源分组权重；时间衰减半衰期=14天,0.0
3629508,1500,2026-08-26 07:17:39,30,0xfa58f82875ee97464a8feef085e597b06590dd13,smart_money,N,50.0,1.4,0,0,,,0,,,0,,,0,,,0,,,,,0.0,,,样本不足，暂按来源分组权重；时间衰减半衰期=14天,0.0
3629509,1500,2026-08-26 07:17:39,30,0xfa6af5f4f7440ce389a1e650991eea45c161e13e,money_printer,N,50.0,1.2,0,0,,,0,,,0,,,0,,,0,,,,,0.0,,,样本不足，暂按来源分组权重；时间衰减半衰期=14天,0.0
3629510,1500,2026-08-26 07:17:39,30,0xfab35149ccbcd9044ef062270f55c8b3fb650e21,smart_money,N,50.0,1.4,0,0,,,0,,,0,,,0,,,0,,,,,0.0,,,样本不足，暂按来源分组权重；时间衰减半衰期=14天,0.0
3629511,1500,2026-08-26 07:17:39,30,0xfabee32ab2c189c2ff20ac2a83cfd820de7b1d6d,smart_money,N,50.0,1.4,0,0,,,0,,,0,,,0,,,0,,,,,0.0,,,样本不足，暂按来源分组权重；时间衰减半衰期=14天,0.0
3629512,1500,2026-08-26 07:17:39,30,0xfaf665c655613e5713a2bdc3b4cd109e25b4b5f6,smart_money,N,50.0,1.4,0,0,,,0,,,0,,,0,,,0,,,,,0.0,,,样本不足，暂按来源分组权重；时间衰减半衰期=14天,0.0
3629513,1500,2026-08-26 07:17:39,30,0xfb184022457cdabaa2f39ccaa7bcb231a410a767,smart_money,N,50.0,1.4,0,0,,,0,,,0,,,0,,,0,,,,,0.0,,,样本不足，暂按来源分组权重；时间衰减半衰期=14天,0.0
3629514,1500,2026-08-26 07:17:39,30,0xfb697d3976e42df505286fde283000608c20926d,smart_money,N,50.0,1.4,0,0,,,0,,,0,,,0,,,0,,,,,0.0,,,样本不足，暂按来源分组权重；时间衰减半衰期=14天,0.0
3629515,1500,2026-08-26 07:17:39,30,0xfb751fa655f5e7cb9e4a474cf616e1439600bec2,smart_money,N,50.0,1.4,0,0,,,0,,,0,,,0,,,0,,,,,0.0,,,样本不足，暂按来源分组权重；时间衰减半衰期=14天,0.0
3629516,1500,2026-08-26 07:17:39,30,0xfb8c34145bdea190693325d0ab01e81120909b3f,money_printer,N,50.0,1.2,0,0,,,0,,,0,,,0,,,0,,,,,0.0,,,样本不足，暂按来源分组权重；时间衰减半衰期=14天,0.0
3629517,1500,2026-08-26 07:17:39,30,0xfb941d2344b72ea9101400392b818173772d0ddf,money_printer,C,59.515121857482235,0.66,15,15,0.6189053834419265,1.2354846597506737,15,0.5031254991533144,-0.2673073550626333,8,0.43087473868152,-0.8200712769521054,6,0.38371734060479173,1.1197499772991077,0,,,-0.729550012641929,,0.0,2026-08-22 06:17:02,"SWAP,PUMP,HYPE,ONDO,SOL",C级：噪音偏多，降权参考，主周期=72h；时间衰减半衰期=14天,8.679781186252624
3629518,1500,2026-08-26 07:17:39,30,0xfb996bd6467d1575d338967415dc0ee72c6037f3,smart_money,N,50.0,1.4,5,5,0.0,0.0,5,0.0,0.0,3,0.0,0.0,3,0.0,0.0,0,,,0.0,,0.0,2026-08-21 02:17:08,UXPL,样本不足，暂按来源分组权重；时间衰减半衰期=14天,2.244457721482093
3629519,1500,2026-08-26 07:17:39,30,0xfba31dfa3c6612abca9a27f65af77d9fed7e2db7,smart_money,N,50.0,1.4,0,0,,,0,,,0,,,0,,,0,,,,,0.0,,,样本不足，暂按来源分组权重；时间衰减半衰期=14天,0.0
3629520,1500,2026-08-26 07:17:39,30,0xfba7c3e68638fda0a13994ddb6733cbd016ec826,smart_money,N,50.0,1.4,7,7,0.30026050925694375,0.4055732384197302,7,0.46952502194925566,-0.00892456768703726,5,0.2774439976659403,-1.4192569966333026,3,0.3875379044391497,-0.5391836789967452,0,,,-0.1882996875893177,,0.0,2026-08-20 08:16:59,HYPE,样本不足，暂按来源分组权重；时间衰减半衰期=14天,3.814940694308558
3629521,1500,2026-08-26 07:17:39,30,0xfbc5a98a1358ba1ba8a9e2eebe94e6e3c9b6df24,smart_money,N,50.0,1.4,0,0,,,0,,,0,,,0,,,0,,,,,0.0,,,样本不足，暂按来源分组权重；时间衰减半衰期=14天,0.0
3629522,1500,2026-08-26 07:17:39,30,0xfbc9638938262f15cc1b3a751a54d538559da361,money_printer,N,50.0,1.2,0,0,,,0,,,0,,,0,,,0,,,,,0.0,,,样本不足，暂按来源分组权重；时间衰减半衰期=14天,0.0
3629523,1500,2026-08-26 07:17:39,30,0xfbdd44e73e24dc3ac26c2747d92b35363f155680,smart_money,N,50.0,1.4,0,0,,,0,,,0,,,0,,,0,,,,,0.0,,,样本不足，暂按来源分组权重；时间衰减半衰期=14天,0.0
3629524,1500,2026-08-26 07:17:39,30,0xfbfa8568f29e6809138674195cf1c2d35b72e159,smart_money,N,50.0,1.4,0,0,,,0,,,0,,,0,,,0,,,,,0.0,,,样本不足，暂按来源分组权重；时间衰减半衰期=14天,0.0
3629525,1500,2026-08-26 07:17:39,30,0xfc16f2564fef00de7dbd57ffcb80354c4d9e0eac,smart_money,N,50.0,1.4,2,2,0.0,0.0,0,,,0,,,0,,,0,,,,,0.0,2026-08-24 18:18:36,KNTQ,样本不足，暂按来源分组权重；时间衰减半衰期=14天,1.8511568240685539
3629526,1500,2026-08-26 07:17:39,30,0xfc1d41ff4a7c1e2aa4d493428d7437b34918e53e,smart_money,N,50.0,1.4,0,0,,,0,,,0,,,0,,,0,,,,,0.0,,,样本不足，暂按来源分组权重；时间衰减半衰期=14天,0.0
3629527,1500,2026-08-26 07:17:39,30,0xfc27136e42af1732ddc9ce2605ea9bff1b959d9d,money_printer,C,64.72181953361968,0.66,58,54,0.3447507515281683,-0.4370973938066992,46,0.234229204511753,-1.2602419696050624,11,0.27240830041062464,4.086760390333399,7,0.1794827162919699,-0.19329743864282622,0,,,-1.150281544257075,,0.0,2026-08-25 20:17:51,"XRP,BTC,ETH,ZEC,SOL",C级：噪音偏多，降权参考，主周期=7d；时间衰减半衰期=14天,40.030043874426944
3629528,1500,2026-08-26 07:17:39,30,0xfc37faf026597474691dca71ed9dcae1a6633b84,smart_money,N,50.0,1.4,5,5,0.20435136242842866,8.545463050439492,3,0.36927919585839086,16.380855260341264,0,,,0,,,0,,,14.786332801900656,,0.0,2026-08-24 18:18:36,"UANSEM,UPUMP,KNTQ",样本不足，暂按来源分组权重；时间衰减半衰期=14天,4.140530295491246
3629529,1500,2026-08-26 07:17:39,30,0xfc667adba8d4837586078f4fdcdc29804337ca06,money_printer,R,10.0,-1.2,58,53,0.43400370637998414,1.6874285458428133,48,0.5817644279900643,3.608068416145741,21,0.22543150859723746,1.0242077320831087,16,0.25646625528551525,-13.240582337197,0,,,3.0131662308517444,,65.96539915431757,2026-08-25 22:17:55,"HYPE,ETH,XRP,BTC,SOL",反向钱包：15d方向胜率和平均收益偏差；时间衰减半衰期=14天,33.842101283043704
3629530,1500,2026-08-26 07:17:39,30,0xfc84a4bba95d3a13f91a9c0d735c0af04a18f4d0,smart_money,N,50.0,1.4,0,0,,,0,,,0,,,0,,,0,,,,,0.0,,,样本不足，暂按来源分组权重；时间衰减半衰期=14天,0.0
3629531,1500,2026-08-26 07:17:39,30,0xfc8c156428a8e48cb8d0356db16e59bec4c0ecea,money_printer,N,50.0,1.2,0,0,,,0,,,0,,,0,,,0,,,,,0.0,,,样本不足，暂按来源分组权重；时间衰减半衰期=14天,0.0
3629532,1500,2026-08-26 07:17:39,30,0xfc98b6ec7f59ea13354bae6171a9120692fb8777,money_printer,N,50.0,1.2,1,1,1.0,2.440871092465147,1,0.0,-3.055278003611969,0,,,0,,,0,,,-3.0552780036119693,,0.0,2026-08-23 01:17:49,ZEC,样本不足，暂按来源分组权重；时间衰减半衰期=14天,0.8513742787906586
3629533,1500,2026-08-26 07:17:39,30,0xfcb01354e18ca1cc0eee89ca3459ef84daa2e0b6,smart_money,N,50.0,1.4,0,0,,,0,,,0,,,0,,,0,,,,,0.0,,,样本不足，暂按来源分组权重；时间衰减半衰期=14天,0.0
3629534,1500,2026-08-26 07:17:39,30,0xfce053a5e461683454bf37ad66d20344c0e3f4c0,money_printer,N,50.0,1.2,0,0,,,0,,,0,,,0,,,0,,,,,0.0,,,样本不足，暂按来源分组权重；时间衰减半衰期=14天,0.0
3629535,1500,2026-08-26 07:17:39,30,0xfcf104006bfff47695c1dc21dad3e9de1e72098e,smart_money,N,50.0,1.4,0,0,,,0,,,0,,,0,,,0,,,,,0.0,,,样本不足，暂按来源分组权重；时间衰减半衰期=14天,0.0
3629536,1500,2026-08-26 07:17:39,30,0xfd041f7e1851da14e250b02251d12f896dc172fe,smart_money,N,50.0,1.4,0,0,,,0,,,0,,,0,,,0,,,,,0.0,,,样本不足，暂按来源分组权重；时间衰减半衰期=14天,0.0
3629537,1500,2026-08-26 07:17:39,30,0xfd0e0d2846eb717eaa439d49a4c0dc0a4004cf94,money_printer,N,50.0,1.2,0,0,,,0,,,0,,,0,,,0,,,,,0.0,,,样本不足，暂按来源分组权重；时间衰减半衰期=14天,0.0
3629538,1500,2026-08-26 07:17:39,30,0xfd97600ac44b3c4e20ac1a5f23e3b18d10fa5912,money_printer,N,50.0,1.2,1,1,0.0,-4.443040640134752,0,,,0,,,0,,,0,,,,,0.0,2026-08-24 18:18:36,PUMP,样本不足，暂按来源分组权重；时间衰减半衰期=14天,0.9265418686093666
3629539,1500,2026-08-26 07:17:39,30,0xfdba13d24cb423a393603d72ca80f31b251a3727,money_printer,N,50.0,1.2,0,0,,,0,,,0,,,0,,,0,,,,,0.0,,,样本不足，暂按来源分组权重；时间衰减半衰期=14天,0.0
3629540,1500,2026-08-26 07:17:39,30,0xfdbaa5eee7cdf45eec3a71a672065a67191fda7a,smart_money,N,50.0,1.4,0,0,,,0,,,0,,,0,,,0,,,,,0.0,,,样本不足，暂按来源分组权重；时间衰减半衰期=14天,0.0
3629541,1500,2026-08-26 07:17:39,30,0xfdcec78b3a783d677bad7b8d58823cea5b5d26c2,money_printer,N,50.0,1.2,0,0,,,0,,,0,,,0,,,0,,,,,0.0,,,样本不足，暂按来源分组权重；时间衰减半衰期=14天,0.0
3629542,1500,2026-08-26 07:17:39,30,0xfdf1e791b257b259d2e2967a0b525d0e777d67fe,smart_money,N,50.0,1.4,0,0,,,0,,,0,,,0,,,0,,,,,0.0,,,样本不足，暂按来源分组权重；时间衰减半衰期=14天,0.0
3629543,1500,2026-08-26 07:17:39,30,0xfdf891f2b214a4c9374d26595ec6d4080262e381,money_printer,N,50.0,1.2,1,1,1.0,4.412724857599568,1,1.0,9.419816736835008,0,,,0,,,0,,,9.419816736835008,,0.0,2026-08-19 21:17:06,ETH,样本不足，暂按来源分组权重；时间衰减半衰期=14天,0.7278128281572603
3629544,1500,2026-08-26 07:17:39,30,0xfdfb306dbff80664bd1f61699089ddead7d7dbb9,smart_money,B,64.96808582975918,1.4,14,14,0.5885953835000743,0.8384740059277112,10,0.500323549988636,0.2971663506323607,4,0.0,-0.20054361161906906,4,0.2692382842207883,0.0011107080244725882,0,,,0.4098570604566554,,0.0,2026-08-25 04:17:50,"XRP,HYPE,DOGE",B级：普通有效参考，主周期=72h；时间衰减半衰期=14天,9.82650852884968
3629545,1500,2026-08-26 07:17:39,30,0xfe1fccb7f954050a4b0ca4bea43c8287b190c55a,smart_money,N,50.0,1.4,0,0,,,0,,,0,,,0,,,0,,,,,0.0,,,样本不足，暂按来源分组权重；时间衰减半衰期=14天,0.0
3629546,1500,2026-08-26 07:17:39,30,0xfe3952b95be13603e0ce10f90441c5ad7350fcea,smart_money,N,50.0,1.4,0,0,,,0,,,0,,,0,,,0,,,,,0.0,,,样本不足，暂按来源分组权重；时间衰减半衰期=14天,0.0
3629547,1500,2026-08-26 07:17:39,30,0xfe40fa3decfc6dc555f4ad7736d0dd65ccbd4743,smart_money,N,50.0,1.4,0,0,,,0,,,0,,,0,,,0,,,,,0.0,,,样本不足，暂按来源分组权重；时间衰减半衰期=14天,0.0
3629548,1500,2026-08-26 07:17:39,30,0xfe4dec8543b0b9cec0c897a689f7af7bddb02192,smart_money,N,50.0,1.4,0,0,,,0,,,0,,,0,,,0,,,,,0.0,,,样本不足，暂按来源分组权重；时间衰减半衰期=14天,0.0
3629549,1500,2026-08-26 07:17:39,30,0xfe6882837b95cb94ff35867c87bd8fde8cb347f2,smart_money,N,50.0,1.4,4,4,0.35331840190417124,-2.1322457639110914,4,0.35331840190417124,0.9195399059756737,2,0.0,0.001580477623347711,2,0.0,0.16720808241413726,0,,,0.8733121672360276,,0.0,2026-08-20 09:17:04,NEKO,样本不足，暂按来源分组权重；时间衰减半衰期=14天,2.0387951261888952
3629550,1500,2026-08-26 07:17:39,30,0xfe72c242af1a4ca8114c6a170ba4a823785241ce,smart_money,N,50.0,1.4,0,0,,,0,,,0,,,0,,,0,,,,,0.0,,,样本不足，暂按来源分组权重；时间衰减半衰期=14天,0.0
3629551,1500,2026-08-26 07:17:39,30,0xfe7ce058edc7cfcde9ef8262ba51f8d4796ab7ae,money_printer,R,10.0,-1.2,29,23,0.3056813961636534,-5.6493591225341415,19,0.15380673201382242,-14.315780034181984,5,0.573744307412993,7.304282233181987,5,0.573744307412993,4.186636130602602,0,,,-11.97461120391516,,82.39092287778843,2026-08-25 19:17:55,"ZEC,NEAR,PUMP,TRUMP,ETH",反向钱包：72h方向胜率和平均收益偏差；时间衰减半衰期=14天,15.995806489614452
3629552,1500,2026-08-26 07:17:39,30,0xfe8c8076596dd917a20a31007ced69ce339129a1,smart_money,N,50.0,1.4,0,0,,,0,,,0,,,0,,,0,,,,,0.0,,,样本不足，暂按来源分组权重；时间衰减半衰期=14天,0.0
3629553,1500,2026-08-26 07:17:39,30,0xfeaf607f1790b82a8b8e7b1c1279c32f0b014fbd,smart_money,N,50.0,1.4,0,0,,,0,,,0,,,0,,,0,,,,,0.0,,,样本不足，暂按来源分组权重；时间衰减半衰期=14天,0.0
3629554,1500,2026-08-26 07:17:39,30,0xfece6768ee2df24d3599c710efeea77130cea000,smart_money,N,50.0,1.4,0,0,,,0,,,0,,,0,,,0,,,,,0.0,,,样本不足，暂按来源分组权重；时间衰减半衰期=14天,0.0
3629555,1500,2026-08-26 07:17:39,30,0xfeec88b13fc0be31695069f02bac18538a154e9c,money_printer,N,50.0,1.2,0,0,,,0,,,0,,,0,,,0,,,,,0.0,,,样本不足，暂按来源分组权重；时间衰减半衰期=14天,0.0
3629556,1500,2026-08-26 07:17:39,30,0xfeee942a06d2f8012823ccde7bf7bcbcaa29a09f,smart_money,N,50.0,1.4,0,0,,,0,,,0,,,0,,,0,,,,,0.0,,,样本不足，暂按来源分组权重；时间衰减半衰期=14天,0.0
3629557,1500,2026-08-26 07:17:39,30,0xff0b4cdec41787756fcda9d080de55ee31d74a05,smart_money,N,50.0,1.4,0,0,,,0,,,0,,,0,,,0,,,,,0.0,,,样本不足，暂按来源分组权重；时间衰减半衰期=14天,0.0
3629558,1500,2026-08-26 07:17:39,30,0xff2fed9cb48196ec35fd97b290c583e7a63b17b7,smart_money,N,50.0,1.4,0,0,,,0,,,0,,,0,,,0,,,,,0.0,,,样本不足，暂按来源分组权重；时间衰减半衰期=14天,0.0
3629559,1500,2026-08-26 07:17:39,30,0xff4cd3826ecee12acd4329aada4a2d3419fc463c,money_printer,N,50.0,1.2,0,0,,,0,,,0,,,0,,,0,,,,,0.0,,,样本不足，暂按来源分组权重；时间衰减半衰期=14天,0.0
3629560,1500,2026-08-26 07:17:39,30,0xff7c935b9835d700188a05333d6f7e1e06146a79,smart_money,N,50.0,1.4,0,0,,,0,,,0,,,0,,,0,,,,,0.0,,,样本不足，暂按来源分组权重；时间衰减半衰期=14天,0.0
3629561,1500,2026-08-26 07:17:39,30,0xff8850989681b1163cbaf0b0f6b719c1c663dc25,smart_money,N,50.0,1.4,0,0,,,0,,,0,,,0,,,0,,,,,0.0,,,样本不足，暂按来源分组权重；时间衰减半衰期=14天,0.0
3629562,1500,2026-08-26 07:17:39,30,0xffe4e3986d18333402564ea64f3a83fcc1907b52,smart_money,N,50.0,1.4,0,0,,,0,,,0,,,0,,,0,,,,,0.0,,,样本不足，暂按来源分组权重；时间衰减半衰期=14天,0.0
