run_id,coin,rolling_score,rolling_leverage_score,rolling_flow_core,selected_groups,candidate_windows,spot_only_risk,concentration_risk,persistence_risk,gap_risk,best_window,best_direction,best_flow,best_runs,best_same_days,best_wallet_count,best_top1_share,best_top3_share,best_spot_share,best_quality_mult,best_avg_leverage,best_avg_liq_distance,best_longterm_leverage_ratio,best_highrisk_leverage_ratio,best_leverage_health,reason,weighted_2h,active_2h,perp_2h,spot_2h,runs_2h,gaps_2h,spot_share_2h,bullish_runs_2h,bullish_days_2h,bullish_wallets_2h,bullish_top1_share_2h,bullish_top3_share_2h,bullish_wallet_spot_share_2h,bullish_avg_leverage_2h,bullish_avg_liq_distance_2h,bullish_longterm_leverage_ratio_2h,bullish_highrisk_leverage_ratio_2h,bullish_leverage_health_2h,bearish_runs_2h,bearish_days_2h,bearish_wallets_2h,bearish_top1_share_2h,bearish_top3_share_2h,bearish_wallet_spot_share_2h,bearish_avg_leverage_2h,bearish_avg_liq_distance_2h,bearish_longterm_leverage_ratio_2h,bearish_highrisk_leverage_ratio_2h,bearish_leverage_health_2h,weighted_6h,active_6h,perp_6h,spot_6h,runs_6h,gaps_6h,spot_share_6h,bullish_runs_6h,bullish_days_6h,bullish_wallets_6h,bullish_top1_share_6h,bullish_top3_share_6h,bullish_wallet_spot_share_6h,bullish_avg_leverage_6h,bullish_avg_liq_distance_6h,bullish_longterm_leverage_ratio_6h,bullish_highrisk_leverage_ratio_6h,bullish_leverage_health_6h,bearish_runs_6h,bearish_days_6h,bearish_wallets_6h,bearish_top1_share_6h,bearish_top3_share_6h,bearish_wallet_spot_share_6h,bearish_avg_leverage_6h,bearish_avg_liq_distance_6h,bearish_longterm_leverage_ratio_6h,bearish_highrisk_leverage_ratio_6h,bearish_leverage_health_6h,weighted_24h,active_24h,perp_24h,spot_24h,runs_24h,gaps_24h,spot_share_24h,bullish_runs_24h,bullish_days_24h,bullish_wallets_24h,bullish_top1_share_24h,bullish_top3_share_24h,bullish_wallet_spot_share_24h,bullish_avg_leverage_24h,bullish_avg_liq_distance_24h,bullish_longterm_leverage_ratio_24h,bullish_highrisk_leverage_ratio_24h,bullish_leverage_health_24h,bearish_runs_24h,bearish_days_24h,bearish_wallets_24h,bearish_top1_share_24h,bearish_top3_share_24h,bearish_wallet_spot_share_24h,bearish_avg_leverage_24h,bearish_avg_liq_distance_24h,bearish_longterm_leverage_ratio_24h,bearish_highrisk_leverage_ratio_24h,bearish_leverage_health_24h,weighted_72h,active_72h,perp_72h,spot_72h,runs_72h,gaps_72h,spot_share_72h,bullish_runs_72h,bullish_days_72h,bullish_wallets_72h,bullish_top1_share_72h,bullish_top3_share_72h,bullish_wallet_spot_share_72h,bullish_avg_leverage_72h,bullish_avg_liq_distance_72h,bullish_longterm_leverage_ratio_72h,bullish_highrisk_leverage_ratio_72h,bullish_leverage_health_72h,bearish_runs_72h,bearish_days_72h,bearish_wallets_72h,bearish_top1_share_72h,bearish_top3_share_72h,bearish_wallet_spot_share_72h,bearish_avg_leverage_72h,bearish_avg_liq_distance_72h,bearish_longterm_leverage_ratio_72h,bearish_highrisk_leverage_ratio_72h,bearish_leverage_health_72h,weighted_15d,active_15d,perp_15d,spot_15d,runs_15d,gaps_15d,spot_share_15d,bullish_runs_15d,bullish_days_15d,bullish_wallets_15d,bullish_top1_share_15d,bullish_top3_share_15d,bullish_wallet_spot_share_15d,bullish_avg_leverage_15d,bullish_avg_liq_distance_15d,bullish_longterm_leverage_ratio_15d,bullish_highrisk_leverage_ratio_15d,bullish_leverage_health_15d,bearish_runs_15d,bearish_days_15d,bearish_wallets_15d,bearish_top1_share_15d,bearish_top3_share_15d,bearish_wallet_spot_share_15d,bearish_avg_leverage_15d,bearish_avg_liq_distance_15d,bearish_longterm_leverage_ratio_15d,bearish_highrisk_leverage_ratio_15d,bearish_leverage_health_15d,weighted_30d,active_30d,perp_30d,spot_30d,runs_30d,gaps_30d,spot_share_30d,bullish_runs_30d,bullish_days_30d,bullish_wallets_30d,bullish_top1_share_30d,bullish_top3_share_30d,bullish_wallet_spot_share_30d,bullish_avg_leverage_30d,bullish_avg_liq_distance_30d,bullish_longterm_leverage_ratio_30d,bullish_highrisk_leverage_ratio_30d,bullish_leverage_health_30d,bearish_runs_30d,bearish_days_30d,bearish_wallets_30d,bearish_top1_share_30d,bearish_top3_share_30d,bearish_wallet_spot_share_30d,bearish_avg_leverage_30d,bearish_avg_liq_distance_30d,bearish_longterm_leverage_ratio_30d,bearish_highrisk_leverage_ratio_30d,bearish_leverage_health_30d
1811,NEKO,-0.78,0.0,-0.78,"mid,long",3,1,0,0,1,30d,bearish,-1071972968.1285272,23,13,46,0.27570273366961745,0.391673451142483,1.0,0.30000000000000004,0.0,0.0,0.0,0.0,0.0,主滚动窗口取30d：-$1.07B，资金分-0.8；30d-$1.07B 质量=0.30 覆盖=86% 钱包=46 持续=23轮/13天；含断跑gap=2；现货主导100%且无合约低杠杆确认,,,,,,,,,,,,,,,,,,,,,,,,,,,,,,,,,,,,,,,,,,,,,,,,,,,,,,,,,,,,,,,,,,,,,,,,,,,,,,,,,,,,,,,,-825847616.2943897,-1122947833.9937484,0.0,-1122947833.9937484,2,0,1.0,0,0,,,,,,,,,,2,1,3,0.6383163832737672,1.0000000000000002,1.0,0.0,0.0,0.0,0.0,0.0,-811345369.5899463,-1099433179.5147307,0.0,-1099433179.5147307,17,0,1.0,7,3,3,0.7792681251845619,1.0,1.0,0.0,0.0,0.0,0.0,0.0,10,5,3,0.7453974259546761,1.0,1.0,0.0,0.0,0.0,0.0,0.0,-1071972968.1285272,-309495789.2150621,0.0,-309495789.2150621,42,2,1.0,19,9,46,0.2760768409016331,0.390716721616565,1.0,0.0,0.0,0.0,0.0,0.0,23,13,46,0.27570273366961745,0.391673451142483,1.0,0.0,0.0,0.0,0.0,0.0
1811,BRIDGE,0.0,0.0,0.0,,2,0,0,0,0,30d,bullish,355599535.0760088,25,,,,,,,0.0,0.0,0.0,0.0,0.0,,,,,,,,,,,,,,,,,,,,,,,,,,,,,,,,,,,,,,,,,,,,,,,,,,,,,,,,,,,,,,,,,,,,,,,,,,,,,,,,,,,,,,,,,,,,,,,,,,,,,,,,,,,,,,,,,,,,,,322796304.4385792,396516206.1966984,0.0,396516206.1966984,18,0,1.0,18,4,2,0.9881157283746073,1.0,1.0,0.0,0.0,0.0,0.0,0.0,0,0,1,1.0,1.0,1.0,,,,,,355599535.0760088,-82225268.0022493,0.0,-82225268.0022493,25,0,1.0,21,7,2,0.9943478884545697,1.0,1.0,0.0,0.0,0.0,0.0,0.0,4,4,4,0.9891294778182071,0.9972622958788894,1.0,0.0,0.0,0.0,0.0,0.0
1811,ETH,1.6711,-0.5289,2.2,"mid,long",4,0,0,0,1,30d,bullish,122328294.78719853,380,31,72,0.20218870688514165,0.3677511553777102,0.0,0.75,16.660825172634308,47.52986865142874,0.11782807739532877,0.8821719226046713,-1.5111371828820663,主滚动窗口取30d：$122.33M，资金分+2.0；杠杆风险：高风险88% 均16.7x；30d$122.33M 质量=0.75 覆盖=100% 钱包=72 持续=380轮/31天；含断跑gap=6；其他成熟窗口同向确认1组，确认分+0.2,772499.9792332868,-7116888.196185013,-7116888.196185013,0.0,3,0,0.0,3,1,2,0.5748398784866526,1.0,0.0,17.633075448492924,52.771411856768545,0.08205171709787512,0.9179482829021243,-1.4500000000000002,0,0,2,0.6157283560966511,1.0,0.0,,,,,,589442.0969901353,-6846108.01257501,-6846108.01257501,0.0,7,0,0.0,4,1,3,0.3938940462297994,1.0,0.0,17.671073046729653,43.77276029381266,0.0779750069573992,0.9220249930426009,-1.4500000000000002,3,1,3,0.3889311829200661,1.0,0.0,12.433540701571168,68.81427651426601,0.41461404983626665,0.5853859501637333,-0.8500000000000003,23168347.554111995,-16801556.677685022,-16801556.677685022,0.0,25,0,0.0,17,2,5,0.36059610109959794,0.7284494519800463,0.0,18.01219366279224,41.28616361849938,0.06360947459679304,0.9363905254032071,-1.4500000000000002,8,2,10,0.272966413722128,0.6079072720335281,0.0,12.594169070631542,69.13551986255129,0.40303853307977733,0.5969614669202227,-1.224446152609243,38231807.35465925,-56698040.84873004,-56698040.84873004,0.0,71,1,0.0,42,4,11,0.2392376310005998,0.6650918531968114,0.0,17.599087024258008,39.42261224470297,0.06524821185647384,0.9347517881435262,-1.5439364800439657,29,4,14,0.1709937152691465,0.5070532891061553,0.0,12.83735409499498,67.62987239563758,0.39090548311357576,0.6090945168864242,-1.3563228948137205,60898413.59206724,-98640718.39641507,-98640718.39641507,0.0,358,3,0.0,197,16,39,0.1119196692495681,0.31778317983723614,0.0,17.138670544392976,44.487898509129145,0.07089616078221436,0.9291038392177856,-1.4981529223280403,161,16,43,0.1320075117315607,0.29192855031806414,0.0,13.318065137364316,76.75795800108327,0.35798259533658183,0.6420174046634182,-1.42629372687626,122328294.78719853,-161428628.51798996,-161428628.51798996,0.0,714,6,0.0,380,31,72,0.20218870688514165,0.3677511553777102,0.0,16.660825172634308,47.52986865142874,0.11782807739532877,0.8821719226046713,-1.5111371828820663,334,31,75,0.18267464903939665,0.3685908386361499,0.0,13.371523825024635,75.18303995285774,0.3415072806344981,0.658492719365502,-1.3953926280247364
1811,BASED,0.0308,0.0,0.0308,"short,mid,long",5,1,1,0,0,30d,bullish,99023855.24943244,24,18,2,0.8198246831276866,1.0,1.0,0.10800000000000001,0.0,0.0,0.0,0.0,0.0,主滚动窗口取30d：$99.02M，资金分+0.3；30d$99.02M 质量=0.11 覆盖=99% 钱包=2 持续=24轮/18天；参与钱包少：2/3个；Top1占比82%；现货主导100%且无合约低杠杆确认；存在反向滚动窗口1组，冲突扣分-0.2,,,,,,,,,,,,,,,,,,,,,,,,,,,,,,-5207490.288,-6762974.399999999,0.0,-6762974.399999999,1,0,1.0,0,0,,,,,,,,,,1,1,1,1.0,1.0,1.0,0.0,0.0,0.0,0.0,0.0,46600042.186751835,116449106.96554407,0.0,116449106.96554407,2,0,1.0,1,1,1,1.0,1.0,1.0,0.0,0.0,0.0,0.0,0.0,1,1,1,1.0,1.0,1.0,0.0,0.0,0.0,0.0,0.0,46600042.186751835,116449106.96554407,0.0,116449106.96554407,4,0,1.0,2,2,1,1.0,1.0,1.0,0.0,0.0,0.0,0.0,0.0,2,2,1,1.0,1.0,1.0,0.0,0.0,0.0,0.0,0.0,46833451.59897797,116448236.10416496,0.0,116448236.10416496,21,0,1.0,12,9,1,1.0,1.0,1.0,0.0,0.0,0.0,0.0,0.0,9,8,1,1.0,1.0,1.0,0.0,0.0,0.0,0.0,0.0,99023855.24943244,120334255.24360722,0.0,120334255.24360722,51,0,1.0,24,18,2,0.8198246831276866,1.0,1.0,0.0,0.0,0.0,0.0,0.0,27,20,2,0.901364723394233,1.0,1.0,0.0,0.0,0.0,0.0,0.0
1811,BTC,-0.9425,0.5075,-1.45,"short,mid",4,0,0,0,1,72h,bearish,-95967234.15667908,44,4,7,0.4434597069343575,0.7973897773349902,0.0,0.75,17.273873749770907,77.26302973517629,0.377803795402076,0.6221962045979241,-1.4500000000000002,主滚动窗口取72h：-$95.97M，资金分-1.2；杠杆健康：低/中杠杆38% 均17.3x；72h-$95.97M 质量=0.75 覆盖=99% 钱包=7 持续=44轮/4天；含断跑gap=1；其他成熟窗口同向确认1组，确认分-0.2,-17124391.61220232,6728717.648669994,6728717.648669994,0.0,3,0,0.0,1,1,1,1.0,1.0,0.0,24.701842427479683,40.128915056906116,0.06922408455444978,0.9307759154455504,-1.9499999999999997,2,1,1,1.0,1.0,0.0,17.873122787256538,80.22076073482552,0.3860591959688496,0.6139408040311504,-1.4500000000000004,-33818628.374910414,79203384.34388,79203384.34388,0.0,7,0,0.0,3,1,4,0.3990415708241634,0.869350010798549,0.0,24.94100879044444,40.53554769322646,0.08059678711549423,0.9194032128845057,-1.9499999999999997,4,1,2,0.6404867742220176,1.0,0.0,17.722621188833052,80.2993681668718,0.3906478786874113,0.6093521213125886,-1.4500000000000002,-79762834.00229554,247019553.46873003,247019553.46873003,0.0,25,0,0.0,6,2,9,0.4140943053856052,0.6645612117668551,0.0,24.9753080371045,40.540606683382634,0.08799456775881218,0.9120054322411878,-1.9702020529410054,19,2,5,0.4370179702993072,0.7866933585340411,0.0,17.40900654735973,79.80747917531521,0.391339718141224,0.6086602818587761,-1.4500000000000004,-95967234.15667908,261105037.97897506,261105037.97897506,0.0,71,1,0.0,27,4,12,0.40406775253013094,0.5791040678165287,0.0,25.38401056151108,42.28490945073689,0.09757405829865393,0.9024259417013462,-1.9780372976400844,44,4,7,0.4434597069343575,0.7973897773349902,0.0,17.273873749770907,77.26302973517629,0.377803795402076,0.6221962045979241,-1.4500000000000002,-67756848.44235669,349553541.9044249,349553541.9044249,0.0,358,3,0.0,178,16,38,0.20108080514240306,0.5364591969454132,0.0,26.472859945004803,36.35200952252257,0.09188615106044785,0.9081138489395523,-2.1689097457414785,180,16,38,0.18530493412963894,0.4831419413028817,0.0,17.298736958910514,69.86241579560262,0.31250235597345233,0.6874976440265477,-1.4500000000000002,-14927699.236490527,37442477.1528099,37442477.1528099,0.0,714,6,0.0,360,31,71,0.19127806548961243,0.41552119601524884,0.0,26.153243510997278,35.509419640598516,0.08831800405157571,0.9116819959484243,-2.1780011493196962,354,31,67,0.20262353378108544,0.41051148502723706,0.0,18.75951162757391,67.81010683531863,0.2762945122519098,0.7237054877480902,-1.5822905491388128
1811,KNTQ,-0.78,0.0,-0.78,"short,mid,long",6,1,0,0,1,30d,bearish,-47087855.94552264,122,26,29,0.25503987562654723,0.5595364483149557,1.0,0.30000000000000004,0.0,0.0,0.0,0.0,0.0,主滚动窗口取30d：-$47.09M，资金分-0.8；30d-$47.09M 质量=0.30 覆盖=95% 钱包=29 持续=122轮/26天；含断跑gap=2；现货主导100%且无合约低杠杆确认,-7669184.083539339,6390986.736282783,0.0,6390986.736282783,2,0,1.0,0,0,1,1.0,1.0,1.0,,,,,,2,1,,,,,0.0,0.0,0.0,0.0,0.0,-16971977.198540572,14143314.332117144,0.0,14143314.332117144,6,0,1.0,0,0,1,1.0,1.0,1.0,,,,,,6,1,,,,,0.0,0.0,0.0,0.0,0.0,-31696952.893743612,11047663.156244678,0.0,11047663.156244678,15,0,1.0,0,0,1,1.0,1.0,1.0,,,,,,15,2,1,1.0,1.0,1.0,0.0,0.0,0.0,0.0,0.0,-35842439.58751861,8678795.066744678,0.0,8678795.066744678,22,1,1.0,0,0,1,1.0,1.0,1.0,,,,,,22,3,2,0.8253350076355792,1.0,1.0,0.0,0.0,0.0,0.0,0.0,-38006530.133763805,-14548820.189964974,0.0,-14548820.189964974,114,1,1.0,52,10,21,0.4768724614516943,0.6378819475600257,1.0,0.0,0.0,0.0,0.0,0.0,62,14,22,0.3584403963895508,0.509183962233778,1.0,0.0,0.0,0.0,0.0,0.0,-47087855.94552264,-31376149.608600833,0.0,-31376149.608600833,238,2,1.0,116,21,29,0.3152467580194281,0.5426074448873145,1.0,0.0,0.0,0.0,0.0,0.0,122,26,29,0.25503987562654723,0.5595364483149557,1.0,0.0,0.0,0.0,0.0,0.0
1811,HYPE,-1.845,0.105,-1.95,"short,mid,long",5,0,0,0,1,30d,bearish,-43971163.79541745,350,31,98,0.11342340612712845,0.2744907090852032,0.003058446423313961,0.75,6.810549313160889,122.17834797551183,0.5583987930549806,0.4416012069450195,-0.3000000000000001,主滚动窗口取30d：-$43.97M，资金分-2.0；30d-$43.97M 质量=0.75 覆盖=100% 钱包=98 持续=350轮/31天；含断跑gap=6；其他成熟窗口同向确认1组，确认分-0.2；存在反向滚动窗口1组，冲突扣分+0.2,2474766.9342418243,5237866.6648247875,5236988.222715001,878.4421097872465,3,0,0.00016770990290502772,1,1,2,0.5115425652257974,1.0,0.0,7.374662176072784,41.718143274068254,0.48557783086449213,0.5144221691355079,-0.30000000000000004,2,1,1,1.0,1.0,0.0,6.897165554546847,134.73170921196657,0.5644765011194198,0.43552349888058006,-0.3,1838126.1287421456,6080352.569395141,6079807.749074997,544.8203201430214,7,0,8.96034093294723e-05,2,1,2,0.6246265288846036,1.0,0.0,7.375693397371811,41.65454410001845,0.48676378091073774,0.5132362190892622,-0.30000000000000004,5,1,2,0.7143370823658192,1.0,0.0,6.889403594430864,133.65841056637342,0.5654450221452582,0.4345549778547419,-0.3000000000000001,14217511.69744946,5283367.7342075985,5277190.304524996,6177.42968260131,25,0,0.0011692219798756453,17,2,5,0.3693266372246873,0.8361125058145233,0.0,7.38292032383901,42.24872472070184,0.48802339558962954,0.5119766044103705,-0.30000000000000004,8,2,5,0.3659059863659161,0.8365580672055914,0.0,6.903874999501266,133.0269964051416,0.5626579907434065,0.43734200925659333,-0.30000000000000004,-8774413.09165509,19721722.945885018,19736657.993525002,-14935.047639983934,71,1,0.0007561439529893755,36,4,12,0.3880513003780005,0.6294791675808225,0.0,7.376545007684233,42.92120621543398,0.4896469526268149,0.5103530473731851,-0.30000000000000004,35,4,8,0.2847667638499211,0.6623210307554159,0.0,6.912713087626272,121.09860847027257,0.5596801253569548,0.44031987464304506,-0.30000000000000004,-64960477.01791721,18114196.791621726,18135213.106249996,-21016.314628269465,358,3,0.0011575263861835939,164,16,51,0.2143525770607318,0.41097366774503025,0.0,7.356684587780778,41.96827361881066,0.4909850761193297,0.5090149238806703,-0.3155930267241486,194,16,53,0.19348696103210603,0.35031542992525333,0.0,6.889417576739911,124.37459220834646,0.5574214870731559,0.4425785129268441,-0.30000000000000004,-43971163.79541745,-22245692.381333128,-22314148.37762498,68455.99629185737,714,6,0.003058446423313961,364,31,88,0.1302242474883365,0.3176676060200484,0.0,7.46051878209217,39.553423907325914,0.46182986175139956,0.5381701382486004,-0.46898665983877297,350,31,98,0.11342340612712845,0.2744907090852032,0.0,6.810549313160889,122.17834797551183,0.5583987930549806,0.4416012069450195,-0.3000000000000001
1811,UPUMP,0.351,0.0,0.351,long,2,1,1,0,1,30d,bullish,43881720.724340804,367,31,22,0.7807759749645846,0.8603177640382393,1.0,0.135,0.0,0.0,0.0,0.0,0.0,主滚动窗口取30d：$43.88M，资金分+0.4；30d$43.88M 质量=0.14 覆盖=100% 钱包=22 持续=367轮/31天；含断跑gap=6；Top1占比78%；现货主导100%且无合约低杠杆确认,336764.1343215844,470867.6162342117,0.0,470867.6162342117,3,0,1.0,2,1,,,,,0.0,0.0,0.0,0.0,0.0,1,1,,,,,0.0,0.0,0.0,0.0,0.0,92189.63434471673,715097.6275380363,0.0,715097.6275380363,7,0,1.0,3,1,1,1.0,1.0,1.0,0.0,0.0,0.0,0.0,0.0,4,1,1,1.0,1.0,1.0,0.0,0.0,0.0,0.0,0.0,1134601.4909752416,-1790635.1175090503,0.0,-1790635.1175090503,25,0,1.0,12,2,4,0.7885125064455255,0.9658824248663398,1.0,0.0,0.0,0.0,0.0,0.0,13,2,5,0.7592836985085679,0.9262267186461051,1.0,0.0,0.0,0.0,0.0,0.0,325519.42314664746,1612028.411358516,0.0,1612028.411358516,71,1,1.0,37,4,10,0.7428700230165741,0.9062320714716507,1.0,0.0,0.0,0.0,0.0,0.0,34,4,9,0.7467560229089794,0.9150274385557516,1.0,0.0,0.0,0.0,0.0,0.0,10860395.411676329,-6912358.807928151,0.0,-6912358.807928151,358,3,1.0,182,16,16,0.731479915560632,0.8428555823935958,1.0,0.0,0.0,0.0,0.0,0.0,176,16,19,0.7236493561154569,0.8343751583724143,1.0,0.0,0.0,0.0,0.0,0.0,43881720.724340804,-5472848.512170453,0.0,-5472848.512170453,714,6,1.0,367,31,22,0.7807759749645846,0.8603177640382393,1.0,0.0,0.0,0.0,0.0,0.0,347,31,24,0.7781363158910092,0.8539136757390233,1.0,0.0,0.0,0.0,0.0,0.0
1811,ZEC,1.2837,-0.2913,1.575,long,1,0,0,0,1,15d,bullish,34347999.212668225,163,16,70,0.21167399007509777,0.38265821852214676,0.0,0.75,7.3134402892371595,40.32833818912909,0.3828359969497924,0.6171640030502076,-0.832263139183981,主滚动窗口取15d：$34.35M，资金分+1.6；杠杆风险：高风险62% 均7.3x；15d$34.35M 质量=0.75 覆盖=100% 钱包=70 持续=163轮/16天；含断跑gap=3,-517562.89028968435,-2302064.0865,-2302064.0865,0.0,3,0,0.0,1,1,,,,,7.623242649625791,43.995719670746986,0.365922053769058,0.634077946230942,-0.9,2,1,2,0.5308617806701792,1.0,0.0,7.9381309255492045,221.42066090815342,0.34127290917167236,0.6587270908283278,-0.9,223844.01855260273,5386354.958999999,5386354.958999999,0.0,7,0,0.0,2,1,3,0.5891563554987874,1.0,0.0,7.567059977947953,44.01344874821318,0.3768205353601326,0.623179464639868,-0.9,5,1,3,0.5081130550503247,1.0,0.0,7.940808061790399,220.0095283954614,0.34080540188967706,0.6591945981103229,-0.9,-2085881.881537206,14326763.571999999,14326763.571999999,0.0,25,0,0.0,8,2,9,0.3003871649304618,0.6629484074014391,0.0,7.562176816482701,47.02637920611759,0.37532758442616404,0.6246724155738359,-0.9,17,2,7,0.6373322386037222,0.8137048290661718,0.0,7.992298515560873,204.23903395680406,0.2963465718451266,0.7036534281548733,-0.8999999999999999,1524954.54582949,-1692146.9575000072,-1692146.9575000072,0.0,71,1,0.0,27,4,19,0.3730773948134865,0.5946861948785831,0.0,7.570403388261161,47.878446866825115,0.379155711161599,0.6208442888384009,-0.8177570266217551,44,4,17,0.3098514790848009,0.5720775385762723,0.0,7.9595350843526536,196.9060489979051,0.30916812388477166,0.6908318761152282,-0.8999999999999999,34347999.212668225,8512981.643549984,8512981.643549984,0.0,358,3,0.0,163,16,70,0.21167399007509777,0.38265821852214676,0.0,7.3134402892371595,40.32833818912909,0.3828359969497924,0.6171640030502076,-0.832263139183981,195,16,64,0.20561722205224442,0.37762185567597706,0.0,7.970442844384285,263.06187382945876,0.32124159062003654,0.6787584093799635,-0.8639053162589012,-7360732.527162559,-54659206.25100002,-54659206.25100002,0.0,714,6,0.0,339,31,92,0.1875716478720036,0.3342143480566628,0.0,6.83273979549604,42.233675854184696,0.4293886329464976,0.5706113670535023,-0.5837034043192213,375,31,95,0.1634048297117973,0.28975164656511176,0.0,8.276570587624622,313.29761152809436,0.2811287928582148,0.7188712071417851,-0.8776614708759285
1811,SOL,-1.4425,0.5075,-1.95,long,1,0,0,0,1,30d,bearish,-31048026.49201632,378,31,41,0.19553306698985207,0.4376264595708828,0.0,0.75,14.024864915420627,253.51691537986193,0.17895097599765977,0.8210490240023403,-1.45,主滚动窗口取30d：-$31.05M，资金分-2.0；杠杆健康：低/中杠杆18% 均14.0x；30d-$31.05M 质量=0.75 覆盖=100% 钱包=41 持续=378轮/31天；含断跑gap=6,206137.18832659093,3444627.833550006,3444627.833550006,0.0,3,0,0.0,2,1,1,1.0,1.0,0.0,16.095097415734433,52.548096073440796,0.22834524320779306,0.7716547567922073,-1.4500000000000002,1,1,1,1.0,1.0,0.0,13.83380321261751,227.00874331421568,0.1554760306884839,0.8445239693115163,-1.4500000000000002,-276823.1441191401,4733511.662249999,4733511.662249999,0.0,7,0,0.0,3,1,1,1.0,1.0,0.0,16.292801910727466,53.73143600321618,0.21444416278204995,0.7855558372179501,-1.4500000000000002,4,1,2,0.7262927431344814,1.0,0.0,13.897892181910928,225.10899707280154,0.15127171557171615,0.8487282844282841,-1.4500000000000004,3965020.2753238007,11361529.368250009,11361529.368250009,0.0,25,0,0.0,12,2,3,0.5836269947001761,1.0,0.0,17.087603810976866,51.352915337836485,0.16439927547863314,0.8356007245213668,-1.4500000000000002,13,2,3,0.5310363467929353,1.0,0.0,13.912887150870207,222.8841834484223,0.1501447737476513,0.8498552262523489,-1.4500000000000002,1109968.161817046,-298491.70989999926,-298491.70989999926,0.0,71,1,0.0,32,4,4,0.44737020430488456,0.9424426355676909,0.0,17.573776614074472,52.69488971835605,0.13317857938874517,0.8668214206112548,-1.4500000000000002,39,4,5,0.3174088301702934,0.7718280559677012,0.0,13.844152600377148,208.74490592548972,0.15219154210842936,0.8478084578915708,-1.45,-19205190.480500903,-47440791.92520501,-47440791.92520501,0.0,358,3,0.0,166,16,28,0.28014896178009047,0.528902887759854,0.0,16.780067145710962,53.91681099031159,0.1631566928838269,0.8368433071161732,-1.4513143003707083,192,16,30,0.2728455673173559,0.5400779477180004,0.0,13.492857881805067,238.66619606387613,0.17946957341960101,0.8205304265803991,-1.4500000000000002,-31048026.49201632,-68958290.264515,-68958290.264515,0.0,714,6,0.0,336,31,39,0.216596920301225,0.4344204722882182,0.0,16.30475431078779,53.75596753396333,0.19426652488650192,0.8057334751134981,-1.4145955570122661,378,31,41,0.19553306698985207,0.4376264595708828,0.0,14.024864915420627,253.51691537986193,0.17895097599765977,0.8210490240023403,-1.45
1811,LIT,2.6605,0.4605,2.2,"short,mid,long",5,0,0,0,1,30d,bullish,28904640.423648983,367,31,15,0.40027253647837885,0.6891194868789149,0.0,0.75,4.777025057170524,47.70098363053494,0.9937841660163876,0.00621583398361241,1.3156605430350465,主滚动窗口取30d：$28.90M，资金分+2.0；杠杆健康：低/中杠杆99% 均4.8x；30d$28.90M 质量=0.75 覆盖=100% 钱包=15 持续=367轮/31天；含断跑gap=6；其他成熟窗口同向确认1组，确认分+0.2,2821638.3933247514,937535.7465499998,937535.7465499998,0.0,3,0,0.0,3,1,1,1.0,1.0,0.0,4.875046278013223,41.81955822290418,0.999099143842656,0.000900856157343922,1.35,0,0,,,,,,,,,,4457734.082901555,1234505.8472,1234505.8472,0.0,7,0,0.0,6,1,1,1.0,1.0,0.0,4.875636768466897,41.74721225169745,0.9991131287412818,0.0008868712587183931,1.3500000000000003,1,1,1,1.0,1.0,0.0,4.036427056978598,374.00068753496674,0.9988477710579838,0.0011522289420161937,1.35,3784063.0490799206,698808.8212,698808.8212,0.0,25,0,0.0,14,2,2,0.5216886397712195,1.0,0.0,4.877280626576274,41.37739965787976,0.9822715756479846,0.017728424352015413,1.3164643443332902,11,2,2,0.5139768213782845,1.0,0.0,4.025888155789776,373.5072749112452,0.9989742560168604,0.0010257439831394357,1.35,1619268.4623267816,-464632.90535000066,-464632.90535000066,0.0,71,1,0.0,35,4,7,0.30307567235593635,0.6389762985819195,0.0,4.87196698426755,42.65643060356114,0.9713035043436867,0.02869649565631332,1.326451705116916,36,4,3,0.6125093767825476,1.0,0.0,4.028769877025157,361.69503503274296,0.9994648943988824,0.0005351056011176419,1.35,15441942.250829933,10766063.7243,10766063.7243,0.0,358,3,0.0,185,16,10,0.37712177091055393,0.7046488071418351,0.0,4.806735318323491,44.55857997258414,0.9924013669409912,0.007598633059008907,1.3278418998209705,173,16,12,0.25920002614052995,0.6630147186013048,0.0,3.994102076831518,411.55213785600364,0.9931178627157068,0.006882137284293282,1.35,28904640.423648983,-969220.1508999984,-969220.1508999984,0.0,714,6,0.0,367,31,15,0.40027253647837885,0.6891194868789149,0.0,4.777025057170524,47.70098363053494,0.9937841660163876,0.00621583398361241,1.3156605430350465,347,31,20,0.18785580766237012,0.503440929125299,0.0,3.9528644514434386,426.00169926409154,0.9888101435030017,0.011189856496998388,1.35
1811,BUDDY,0.0,0.0,0.0,,2,0,0,0,0,30d,bullish,26983813.258558035,42,,,,,,,0.0,0.0,0.0,0.0,0.0,,,,,,,,,,,,,,,,,,,,,,,,,,,,,,,,,,,,,,,,,,,,,,,,,,,,,,,,,,,,,,,,,,,,,,,,,,,,,,,,,,,,,,,,,,,,,,,,,,,,,,,,,,,,,,,,,,,,,,9170207.490241,2552039.8729727557,0.0,2552039.8729727557,5,0,1.0,2,2,2,0.8269725574488935,1.0,1.0,0.0,0.0,0.0,0.0,0.0,3,2,2,0.904830953112708,1.0,1.0,0.0,0.0,0.0,0.0,0.0,26983813.258558035,22809242.046029698,0.0,22809242.046029698,42,1,1.0,22,9,5,0.5685888476858932,0.9744613992495021,1.0,0.0,0.0,0.0,0.0,0.0,20,9,4,0.5890409307240599,0.9907265843653928,1.0,0.0,0.0,0.0,0.0,0.0
1811,PUMP,2.1944,-0.2556,2.45,"short,mid,long",5,0,0,0,1,30d,bullish,18940065.498134833,353,31,34,0.2046536127219625,0.37329387806436704,0.0,0.75,7.472628141794208,43.07904737099215,0.39552246425023496,0.6044775357497649,-0.7302144749088376,主滚动窗口取30d：$18.94M，资金分+2.0；杠杆风险：高风险60% 均7.5x；30d$18.94M 质量=0.75 覆盖=100% 钱包=34 持续=353轮/31天；含断跑gap=6；其他成熟窗口同向确认2组，确认分+0.5,-140356.93973970285,2837497.751665,2837497.751665,0.0,3,0,0.0,1,1,3,0.4008791003838874,1.0,0.0,7.525832643064211,34.05444631163556,0.403218638960206,0.5967813610397938,-0.65,2,1,,,,,7.2725736379514885,525.2412892872898,0.48481179140599817,0.5151882085940018,-0.30000000000000004,2152068.162722072,7160671.43186,7160671.43186,0.0,7,0,0.0,4,1,4,0.381711968788246,0.8205365347136595,0.0,7.608791747316787,37.32130677638107,0.3844815385377593,0.6155184614622405,-1.2237859311002803,3,1,,,,,7.24246885951844,516.9599417895874,0.489159733779271,0.5108402662207289,-0.30000000000000004,3936292.205777838,-5979237.609729996,-5979237.609729996,0.0,25,0,0.0,14,2,5,0.5417068760783555,0.8475962266677841,0.0,7.335181196818583,37.36453845522246,0.4241058535131122,0.5758941464868877,-0.7948399732357987,11,2,7,0.31746064814025965,0.7399194266536182,0.0,7.16833469995328,503.91922816657075,0.50182445617898,0.4981755438210201,-0.3000000000000001,13993534.303240849,-9492992.158777999,-9492992.158777999,0.0,71,1,0.0,42,4,10,0.273201182915543,0.6518012624522126,0.0,7.291790720260802,34.85929362311023,0.4248933502492023,0.5751066497507978,-0.7679126380334694,29,4,13,0.2525737702379811,0.5729546648930893,0.0,7.008067954118054,564.2685221159192,0.5296483810970095,0.47035161890299043,-0.30000000000000004,27486845.666515946,-10823467.896131001,-10823467.896131001,0.0,358,3,0.0,198,16,25,0.24672112863959184,0.47602382027124657,0.0,7.389304857686334,42.36142283371957,0.4134743854845871,0.5865256145154129,-0.6972171988936294,160,16,34,0.21463502938641912,0.3969447608923572,0.0,7.006802762146126,579.5524576496333,0.534765890803835,0.46523410919616504,-0.30000000000000004,18940065.498134833,-32244818.500476997,-32244818.500476997,0.0,714,6,0.0,353,31,34,0.2046536127219625,0.37329387806436704,0.0,7.472628141794208,43.07904737099215,0.39552246425023496,0.6044775357497649,-0.7302144749088376,361,31,40,0.18565588531965993,0.338356222817763,0.0,7.046224091448705,667.66822263713,0.523117138635311,0.476882861364689,-0.30000000000000004
1811,HWAVE,-0.13,0.0,-0.13,long,2,1,1,1,0,30d,bearish,-18505818.094053596,11,10,1,1.0,1.0,1.0,0.05,0.0,0.0,0.0,0.0,0.0,主滚动窗口取30d：-$18.51M，资金分-0.1；30d-$18.51M 质量=0.05 覆盖=89% 钱包=1 持续=11轮/10天；持续性不足：11/20轮 10/10天；参与钱包少：1/3个；Top1占比100%；现货主导100%且无合约低杠杆确认,,,,,,,,,,,,,,,,,,,,,,,,,,,,,,,,,,,,,,,,,,,,,,,,,,,,,,,,,,,,,,,,,,,,,,,,,,,,,,,,,,,,,,,,323445.26679075137,420058.7880399376,0.0,420058.7880399376,2,0,1.0,1,1,1,1.0,1.0,1.0,0.0,0.0,0.0,0.0,0.0,1,1,1,1.0,1.0,1.0,0.0,0.0,0.0,0.0,0.0,-30344080.515582,-1003802.4559264295,0.0,-1003802.4559264295,10,0,1.0,4,4,1,1.0,1.0,1.0,0.0,0.0,0.0,0.0,0.0,6,5,1,1.0,1.0,1.0,0.0,0.0,0.0,0.0,0.0,-18505818.094053596,12992240.824446557,0.0,12992240.824446557,21,0,1.0,10,10,1,1.0,1.0,1.0,0.0,0.0,0.0,0.0,0.0,11,10,1,1.0,1.0,1.0,0.0,0.0,0.0,0.0,0.0
1811,MAX,-0.78,0.0,-0.78,"mid,long",2,1,0,0,1,30d,bearish,-17756879.46408811,50,24,10,0.3242854283750929,0.6692024616365674,1.0,0.30000000000000004,0.0,0.0,0.0,0.0,0.0,主滚动窗口取30d：-$17.76M，资金分-0.8；30d-$17.76M 质量=0.30 覆盖=98% 钱包=10 持续=50轮/24天；含断跑gap=3；现货主导100%且无合约低杠杆确认,,,,,,,,,,,,,,,,,,,,,,,,,,,,,,-93665.4337528,-102929.04808000001,0.0,-102929.04808000001,1,0,1.0,0,0,,,,,,,,,,1,1,,,,,0.0,0.0,0.0,0.0,0.0,-93665.4337528,-102929.04808000001,0.0,-102929.04808000001,1,0,1.0,0,0,,,,,,,,,,1,1,,,,,0.0,0.0,0.0,0.0,0.0,-6987637.896835368,-5027194.282083663,0.0,-5027194.282083663,7,1,1.0,3,2,1,1.0,1.0,1.0,0.0,0.0,0.0,0.0,0.0,4,3,1,1.0,1.0,1.0,0.0,0.0,0.0,0.0,0.0,2823386.6034455006,-6504497.5804841295,0.0,-6504497.5804841295,29,2,1.0,14,9,3,0.4177857320859928,1.0,1.0,0.0,0.0,0.0,0.0,0.0,15,10,5,0.3774592526505736,0.9778603441798713,1.0,0.0,0.0,0.0,0.0,0.0,-17756879.46408811,-26576620.327351283,0.0,-26576620.327351283,92,3,1.0,42,22,7,0.36575398227025685,0.7072439013333988,1.0,0.0,0.0,0.0,0.0,0.0,50,24,10,0.3242854283750929,0.6692024616365674,1.0,0.0,0.0,0.0,0.0,0.0
1811,DEPIN,0.0,0.0,0.0,,1,0,0,0,0,30d,bullish,15464408.804696657,10,,,,,,,0.0,0.0,0.0,0.0,0.0,,,,,,,,,,,,,,,,,,,,,,,,,,,,,,,,,,,,,,,,,,,,,,,,,,,,,,,,,,,,,,,,,,,,,,,,,,,,,,,,,,,,,,,,,,,,,,,,,,,,,,,,,,,,,,,,,,,,,,,,,,,,,,,,,,,,,,,,,,,,,,,,,,,15464408.804696657,8426787.693007044,0.0,8426787.693007044,10,0,1.0,6,2,3,0.3449781033039342,1.0,1.0,0.0,0.0,0.0,0.0,0.0,4,2,3,0.40631076779263026,1.0,1.0,0.0,0.0,0.0,0.0,0.0
1811,XMR,-2.1725,-0.4725,-1.7,"mid,long",2,0,0,0,1,30d,bearish,-12731810.85080547,392,31,5,0.3766655744616492,0.8344747147734248,0.0,0.75,4.60296500981653,490.1770053659822,0.9975050827991119,0.002494917200888309,1.3500000000000003,主滚动窗口取30d：-$12.73M，资金分-2.0；杠杆风险：高风险0% 均4.6x；30d-$12.73M 质量=0.75 覆盖=100% 钱包=5 持续=392轮/31天；含断跑gap=6；存在反向滚动窗口1组，冲突扣分+0.2,280505.61811090814,165676.53460499994,165676.53460499994,0.0,3,0,0.0,3,1,,,,,4.858152241774967,32.271681740069695,0.998962735834836,0.0010372641651640968,1.051338452297133,0,0,,,,,,,,,,53168.7625629029,-277027.4756000005,-277027.4756000005,0.0,7,0,0.0,5,1,,,,,4.85909559806762,38.50267954195179,0.9990044632852154,0.0009955367147845738,1.1254828526707212,2,1,,,,,4.725414958957046,448.319528797372,0.9996296696176469,0.0003703303823531248,1.3500000000000003,452487.88701564487,3341024.19703,3341024.19703,0.0,25,0,0.0,15,2,,,,,4.867670588847267,57.08520217485531,0.9989871974840737,0.0010128025159262832,1.307555799109748,10,2,,,,,4.711650994482379,419.96958815855606,0.9997331232684038,0.0002668767315961211,1.35,5254725.253351771,7855612.661444998,7855612.661444998,0.0,71,1,0.0,46,4,2,0.6339453676724597,1.0,0.0,4.8445398421915655,38.10563143275021,0.999025656427471,0.0009743435725288929,1.1189438784430554,25,4,1,1.0,1.0,0.0,4.712105722197416,409.564354113024,0.9996873861578964,0.00031261384210354385,1.35,3616362.8094806965,11243335.62115,11243335.62115,0.0,358,3,0.0,176,16,7,0.26923615860347394,0.6730016705363367,0.0,4.949825880929336,46.39574743895122,0.9957107508174243,0.00428924918257553,0.8018141563742488,182,16,4,0.5664554351372315,0.894013905953107,0.0,4.597090019072297,432.6967531467049,0.9992430528838497,0.0007569471161501983,1.35,-12731810.85080547,-1435404.4321500026,-1435404.4321500026,0.0,714,6,0.0,322,31,8,0.25154322448013666,0.6287751658816172,0.0,5.01349688278164,38.148742704544794,0.9933166299857664,0.006683370014233633,0.592403702125312,392,31,5,0.3766655744616492,0.8344747147734248,0.0,4.60296500981653,490.1770053659822,0.9975050827991119,0.002494917200888309,1.3500000000000003
1811,HREKT,0.0,0.0,0.0,,1,0,0,0,0,30d,bullish,14195322.403784987,8,,,,,,,0.0,0.0,0.0,0.0,0.0,,,,,,,,,,,,,,,,,,,,,,,,,,,,,,,,,,,,,,,,,,,,,,,,,,,,,,,,,,,,,,,,,,,,,,,,,,,,,,,,,,,,,,,,,,,,,,,,,,,,,,,,,,,,,,,,,,,,,,493003.19422530005,995966.04894,0.0,995966.04894,3,0,1.0,3,1,1,1.0,1.0,1.0,0.0,0.0,0.0,0.0,0.0,0,0,,,,,,,,,,14195322.403784987,-10422633.29235974,0.0,-10422633.29235974,8,0,1.0,6,4,1,1.0,1.0,1.0,0.0,0.0,0.0,0.0,0.0,2,1,1,1.0,1.0,1.0,0.0,0.0,0.0,0.0,0.0
1811,TAO,2.0556,0.1056,1.95,long,2,0,0,0,1,30d,bullish,10781770.596711166,391,31,4,0.4245045739606953,0.8614294099766051,0.0,0.75,5.116366089392389,45.68187874239173,0.989922151550219,0.010077848449781018,0.30167209173006354,主滚动窗口取30d：$10.78M，资金分+2.0；30d$10.78M 质量=0.75 覆盖=100% 钱包=4 持续=391轮/31天；含断跑gap=6,-593746.2544525198,1091217.6140550002,1091217.6140550002,0.0,3,0,0.0,1,1,,,,,4.978383254477984,25.199861424392434,0.8203378986345807,0.1796621013654194,1.0,2,1,,,,,4.9808019235096195,1241.6009520288176,0.9999486326579246,5.1367342075345695e-05,1.35,-610788.3133905121,2065560.0834700004,2065560.0834700004,0.0,7,0,0.0,3,1,,,,,4.933447941885285,26.53774489609824,0.8096736379609911,0.19032636203900885,1.0,4,1,,,,,4.9808463873543465,1236.4175121247931,0.9999332903260789,6.670967392106088e-05,1.35,143502.5589704532,2655082.4060299997,2655082.4060299997,0.0,25,0,0.0,16,2,,,,,4.935333738618085,34.54326102688961,0.9902539049071822,0.009746095092817724,1.129259783232999,9,2,,,,,4.982526295913922,1148.2455453390496,0.9997561127570629,0.00024388724293693804,1.35,2280828.3462331984,-1686220.3029949996,-1686220.3029949996,0.0,71,1,0.0,41,4,2,0.6503321453985852,1.0,0.0,4.982270665789974,49.9677732324902,0.996132215681999,0.0038677843180010348,0.9129560333140746,30,4,3,0.3884717766812713,1.0,0.0,4.9836811098335305,1022.1493755025434,0.9996014247585063,0.00039857524149379986,1.3111676070228167,8298663.286423951,-4347829.37231,-4347829.37231,0.0,358,3,0.0,215,16,4,0.4245045739606953,0.8614294099766051,0.0,5.049805885696299,48.67274077108037,0.9937992095855518,0.006200790414448306,0.5211775729728361,143,16,4,0.3462057006879662,0.8366510100190688,0.0,5.001146783484736,1290.7060294083963,0.9991661156939637,0.0008338843060362481,0.6638262874457965,10781770.596711166,-7688208.954534998,-7688208.954534998,0.0,714,6,0.0,391,31,4,0.4245045739606953,0.8614294099766051,0.0,5.116366089392389,45.68187874239173,0.989922151550219,0.010077848449781018,0.30167209173006354,323,31,6,0.2826507491404253,0.6858109710368493,0.0,5.01561929129045,1369.4397348346204,0.9979930131258747,0.0020069868741252376,0.5303787630776231
1811,UANSEM,0.84,0.0,0.84,"mid,long",4,1,0,0,0,15d,bullish,11590496.549579095,20,8,6,0.5386754746495807,0.8731328928032664,1.0,0.4,0.0,0.0,0.0,0.0,0.0,主滚动窗口取15d：$11.59M，资金分+0.8；15d$11.59M 质量=0.40 覆盖=92% 钱包=6 持续=20轮/8天；现货主导100%且无合约低杠杆确认,611587.7874360799,672074.491688,0.0,672074.491688,1,0,1.0,1,1,1,1.0,1.0,1.0,0.0,0.0,0.0,0.0,0.0,0,0,,,,,,,,,,611587.7874360799,672074.491688,0.0,672074.491688,1,0,1.0,1,1,1,1.0,1.0,1.0,0.0,0.0,0.0,0.0,0.0,0,0,,,,,,,,,,5644028.7668461725,15287592.351914,0.0,15287592.351914,10,0,1.0,8,2,2,0.8825097486569359,1.0,1.0,0.0,0.0,0.0,0.0,0.0,2,2,1,1.0,1.0,1.0,0.0,0.0,0.0,0.0,0.0,5680462.575169654,15335743.009498002,0.0,15335743.009498002,15,0,1.0,10,2,4,0.8112231239639833,0.9654013333077226,1.0,0.0,0.0,0.0,0.0,0.0,5,3,3,0.7945734913073412,1.0,1.0,0.0,0.0,0.0,0.0,0.0,11590496.549579095,20922940.171278,0.0,20922940.171278,33,0,1.0,20,8,6,0.5386754746495807,0.8731328928032664,1.0,0.0,0.0,0.0,0.0,0.0,13,10,5,0.45670511985272044,0.8753160272225828,1.0,0.0,0.0,0.0,0.0,0.0,25889022.03908916,-13413022.122634001,0.0,-13413022.122634001,77,2,1.0,38,14,11,0.28040020196601056,0.6741709892258715,1.0,0.0,0.0,0.0,0.0,0.0,39,19,11,0.61547665400856,0.7913571887160955,1.0,0.0,0.0,0.0,0.0,0.0
1811,SWAP,0.0,0.0,0.0,,0,0,0,0,0,30d,bullish,9526363.30608747,6,,,,,,,0.0,0.0,0.0,0.0,0.0,,,,,,,,,,,,,,,,,,,,,,,,,,,,,,,,,,,,,,,,,,,,,,,,,,,,,,,,,,,,,,,,,,,,,,,,,,,,,,,,,,,,,,,,,,,,,,,,,,,,,,,,,,,,,,,,,,,,,,4640199.33888,-3314428.0992,0.0,-3314428.0992,1,0,1.0,1,1,,,,,0.0,0.0,0.0,0.0,0.0,0,0,1,1.0,1.0,1.0,,,,,,9526363.30608747,160457.75637717918,0.0,160457.75637717918,6,1,1.0,4,4,7,0.4971466827151241,0.8184052284013393,1.0,0.0,0.0,0.0,0.0,0.0,2,2,8,0.48161399614646333,0.8193710273557427,1.0,0.0,0.0,0.0,0.0,0.0
1811,UBONK,0.0,0.0,0.0,,0,0,0,0,0,30d,bullish,8333110.506292627,425,,,,,,,0.0,0.0,0.0,0.0,0.0,,-21448.806693111244,23832.007436790274,0.0,23832.007436790274,1,0,1.0,0,0,,,,,,,,,,1,1,,,,,0.0,0.0,0.0,0.0,0.0,-226552.37340311124,251724.85933679028,0.0,251724.85933679028,4,0,1.0,1,1,,,,,0.0,0.0,0.0,0.0,0.0,3,1,,,,,0.0,0.0,0.0,0.0,0.0,-1028034.6381896306,7188555.273046436,0.0,7188555.273046436,13,0,1.0,4,2,2,0.5502578942336942,1.0,1.0,0.0,0.0,0.0,0.0,0.0,9,2,1,1.0,1.0,1.0,0.0,0.0,0.0,0.0,0.0,-191066.38084282906,5645861.7346411,0.0,5645861.7346411,51,1,1.0,28,4,2,0.5210324404368399,1.0,1.0,0.0,0.0,0.0,0.0,0.0,23,4,2,0.7246362471046615,1.0,1.0,0.0,0.0,0.0,0.0,0.0,2881368.7690577973,1345567.1528097535,0.0,1345567.1528097535,230,3,1.0,119,16,2,0.6371445349293423,1.0,1.0,0.0,0.0,0.0,0.0,0.0,111,16,3,0.9144716869420257,1.0,1.0,0.0,0.0,0.0,0.0,0.0,8333110.506292627,12359186.823991232,0.0,12359186.823991232,425,3,1.0,211,31,3,0.6963395516063883,1.0,1.0,0.0,0.0,0.0,0.0,0.0,214,29,4,0.6221329147662803,0.98576282903565,1.0,0.0,0.0,0.0,0.0,0.0
1811,UXPL,0.63,0.0,0.63,long,1,1,0,0,1,15d,bullish,7513773.510131172,202,16,6,0.3717768496282677,0.8957945781380435,1.0,0.30000000000000004,0.0,0.0,0.0,0.0,0.0,主滚动窗口取15d：$7.51M，资金分+0.6；15d$7.51M 质量=0.30 覆盖=100% 钱包=6 持续=202轮/16天；含断跑gap=3；现货主导100%且无合约低杠杆确认,126275.53226083255,39580.10638459494,0.0,39580.10638459494,3,0,1.0,2,1,,,,,0.0,0.0,0.0,0.0,0.0,1,1,,,,,0.0,0.0,0.0,0.0,0.0,825209.9364873631,-715296.5961915551,0.0,-715296.5961915551,7,0,1.0,4,1,,,,,0.0,0.0,0.0,0.0,0.0,3,1,1,1.0,1.0,1.0,0.0,0.0,0.0,0.0,0.0,1567663.7752518787,-1545827.0268741304,0.0,-1545827.0268741304,25,0,1.0,16,2,,,,,0.0,0.0,0.0,0.0,0.0,9,2,1,1.0,1.0,1.0,0.0,0.0,0.0,0.0,0.0,576095.5627749456,-510978.57598424004,0.0,-510978.57598424004,71,1,1.0,41,4,1,1.0,1.0,1.0,0.0,0.0,0.0,0.0,0.0,30,4,1,1.0,1.0,1.0,0.0,0.0,0.0,0.0,0.0,7513773.510131172,11580194.134655263,0.0,11580194.134655263,357,3,1.0,202,16,6,0.3717768496282677,0.8957945781380435,1.0,0.0,0.0,0.0,0.0,0.0,155,16,8,0.44368672064819453,0.7630903957355578,1.0,0.0,0.0,0.0,0.0,0.0,8367626.652585878,9357534.352596743,0.0,9357534.352596743,692,6,1.0,366,31,7,0.44746101796695886,0.861463039566005,1.0,0.0,0.0,0.0,0.0,0.0,326,31,8,0.49723534120771673,0.8639404843521648,1.0,0.0,0.0,0.0,0.0,0.0
1811,PONS,-1.8,-0.6,-1.2,mid,2,0,0,0,1,72h,bearish,-6270439.851357383,36,4,9,0.5686224954851385,0.720974118805485,0.0,0.75,2.4915918849085643,778.0312368177439,0.9985055599657505,0.0014944400342496267,1.8,主滚动窗口取72h：-$6.27M，资金分-1.2；杠杆风险：高风险0% 均2.5x；72h-$6.27M 质量=0.75 覆盖=99% 钱包=9 持续=36轮/4天；含断跑gap=1,566250.3242680773,-341905.088895,-341905.088895,0.0,3,0,0.0,2,1,,,,,2.941439501695936,75.94772331952868,0.9974573943130465,0.0025426056869535716,1.8,1,1,,,,,2.4952260442834064,933.4073936185825,0.997707472231273,0.0022925277687267584,1.8,894593.1308659909,1253144.017125,1253144.017125,0.0,7,0,0.0,3,1,,,,,2.9353338915018776,75.27874246803455,0.9954487548856054,0.004551245114394701,1.8,4,1,,,,,2.492374410167148,881.8234972378741,0.9977812495766697,0.0022187504233302144,1.8,-3201705.2084009135,2761311.4554850003,2761311.4554850003,0.0,25,0,0.0,11,2,,,,,2.9199227708593174,73.59672461186992,0.9973832303864338,0.002616769613566074,1.7999999999999996,14,2,2,0.5656885222493075,1.0,0.0,2.5146472717689905,787.8687683612841,0.9984068955122096,0.0015931044877903547,1.7999999999999998,-6270439.851357383,1105501.293055002,1105501.293055002,0.0,71,1,0.0,35,4,4,0.5547364988081912,0.9131279507675875,0.0,2.9278225843012415,71.03780213881979,0.9974491245601635,0.002550875439836434,1.7999999999999998,36,4,9,0.5686224954851385,0.720974118805485,0.0,2.4915918849085643,778.0312368177439,0.9985055599657505,0.0014944400342496267,1.8,-6644501.727939749,-163661.82660999827,-163661.82660999827,0.0,196,2,0.0,99,9,7,0.5308836229861549,0.7934571430084172,0.0,2.917594586041904,67.09838918427533,0.9965149917834797,0.003485008216520247,1.7568021561049865,97,9,12,0.5490569273297214,0.6753974890024977,0.0,2.5770985361640095,1107.978218577713,0.99822137629907,0.0017786237009299744,1.7999999999999998,-6644501.727939749,-163661.82660999827,-163661.82660999827,0.0,196,2,0.0,99,9,7,0.5308836229861549,0.7934571430084172,0.0,2.917594586041904,67.09838918427533,0.9965149917834797,0.003485008216520247,1.7568021561049865,97,9,12,0.5490569273297214,0.6753974890024977,0.0,2.5770985361640095,1107.978218577713,0.99822137629907,0.0017786237009299744,1.7999999999999998
1811,XRP,0.0,0.0,0.0,,0,0,0,0,0,30d,bullish,7443308.127196918,714,,,,,,,16.012954951177488,27.706056461067377,0.18685027165848866,0.8131497283415114,-1.7080130687733703,,-187836.79352009782,644449.2741000002,644449.2741000002,0.0,3,0,0.0,1,1,,,,,12.462415172725828,10.090321295732709,0.45548425176378493,0.5445157482362151,-1.2000000000000002,2,1,1,1.0,1.0,0.0,14.221846004807405,534.3812009209981,0.3018419221756794,0.6981580778243202,-1.4500000000000002,480310.50248857547,2573396.31445,2573396.31445,0.0,7,0,0.0,4,1,1,1.0,1.0,0.0,12.438532203079282,10.459661735725954,0.4570662049333006,0.5429337950666993,-1.2,3,1,1,1.0,1.0,0.0,14.219801294007306,534.7965177403526,0.30167431731061456,0.6983256826893852,-1.4500000000000002,-222522.45925450188,2076237.4546,2076237.4546,0.0,25,0,0.0,10,2,1,1.0,1.0,0.0,12.478672102147911,10.631127276359015,0.45397962539087966,0.5460203746091201,-1.2,15,2,1,1.0,1.0,0.0,14.279783692449655,520.7948899949192,0.296575411397637,0.703424588602363,-1.4500000000000002,1377921.7237781377,3361891.899950002,3361891.899950002,0.0,71,1,0.0,31,4,6,0.4493365598304897,0.7895416218225974,0.0,13.099251905896772,13.616969024207723,0.415130320597408,0.5848696794025919,-1.4523568791969448,40,4,4,0.5231736502845886,0.8996506052003933,0.0,14.409405136690722,490.1248013376098,0.2853682177242377,0.7146317822757624,-1.4500000000000002,-3274995.5942117875,-3179464.538049998,-3179464.538049998,0.0,358,3,0.0,161,16,19,0.3913538357066089,0.574508119253526,0.0,14.921022513672844,22.749910008745978,0.2712247279668164,0.7287752720331836,-1.7149645277273147,197,16,19,0.36908832509727774,0.568360655131194,0.0,15.581339989539686,529.4881303410752,0.2169137162552747,0.7830862837447254,-1.4500000000000004,7443308.127196918,-52517030.120325,-52517030.120325,0.0,714,6,0.0,342,31,33,0.2953356699778398,0.5133373815994225,0.0,16.012954951177488,27.706056461067377,0.18685027165848866,0.8131497283415114,-1.7080130687733703,372,31,41,0.24350697418448308,0.4423452589020713,0.0,16.419391847811195,544.0389949538196,0.1346912706286308,0.8653087293713692,-1.4500000000000002
1811,LINK,0.0,0.0,0.0,,0,0,0,0,0,30d,bullish,7170399.803152989,714,,,,,,,10.016347278631526,43.44040521081814,0.006702026007964633,0.9932979739920353,-1.4635814386349544,,33306.42415375601,98268.42955000025,98268.42955000025,0.0,3,0,0.0,3,1,,,,,9.964006798294642,90.52505740380715,0.008022358536862584,0.9919776414631374,-0.9000000000000001,0,0,,,,,,,,,,86126.53496609376,488268.83695000014,488268.83695000014,0.0,7,0,0.0,5,1,,,,,9.957446498508636,92.1508732146526,0.009125695002208296,0.9908743049977916,-0.8999999999999999,2,1,,,,,9.977599298060465,1054.5396278243577,0.004657668095295572,0.9953423319047044,-0.9,2144684.317306009,1918048.4611000007,1918048.4611000007,0.0,25,0,0.0,16,2,,,,,9.949614770569458,34.916926437448765,0.010526052764252277,0.9894739472357476,-1.1834735595171968,9,2,1,1.0,1.0,0.0,9.976036007899415,967.6532159531916,0.004856967193028882,0.9951430328069711,-0.9,2322401.268519413,1661753.08445,1661753.08445,0.0,71,1,0.0,35,4,,,,,9.96971995835983,25.583145537796952,0.007421490740887873,0.9925785092591122,-1.2564662826605983,36,4,1,1.0,1.0,0.0,9.98661041468681,941.6835573602572,0.005293602554540881,0.9947063974454592,-0.9000000000000001,4674762.797545358,6119085.207500001,6119085.207500001,0.0,358,3,0.0,181,16,3,0.6438385054508,1.0,0.0,10.030129657473775,54.10870576488133,0.0038244769765689787,0.9961755230234309,-1.3932801541013895,177,16,3,0.7005917187931412,1.0,0.0,9.99391335091868,1154.1118227905908,0.005611041622300999,0.994388958377699,-0.984719755477309,7170399.803152989,2132259.7689000024,2132259.7689000024,0.0,714,6,0.0,370,31,4,0.6662246494433559,0.9593093279677017,0.0,10.016347278631526,43.44040521081814,0.006702026007964633,0.9932979739920353,-1.4635814386349544,344,31,6,0.462758890655263,0.7932789703927767,0.0,9.878366459112055,1128.9468060019872,0.02242680641526659,0.9775731935847335,-0.939042292281274
1811,NEAR,0.0,0.0,0.0,,0,0,0,0,0,15d,bullish,6563865.579601269,358,,,,,,,9.794874692963594,59.280396960742486,0.03660388246788548,0.9633961175321146,-0.9642705428382895,,-549793.9373607218,141320.35196000093,141320.35196000093,0.0,3,0,0.0,0,0,,,,,,,,,,3,1,,,,,9.92011371234752,692.0660831024267,0.005172588235328567,0.9948274117646714,-0.9,-1221504.8007475382,1138936.7378350003,1138936.7378350003,0.0,7,0,0.0,0,0,,,,,,,,,,7,1,,,,,9.919408286198294,693.0658650306474,0.005195769242545611,0.9948042307574543,-0.9,-1326978.9329717234,3516077.8385250014,3516077.8385250014,0.0,25,0,0.0,10,2,1,1.0,1.0,0.0,9.896350207745398,82.94875710336545,0.01781052730810182,0.9821894726918982,-0.9,15,2,,,,,9.919707916407033,684.1801351700606,0.0055648987331538375,0.9944351012668462,-0.9,-1554717.4702143655,7286141.230835,7286141.230835,0.0,71,1,0.0,39,4,1,1.0,1.0,0.0,9.695296309439348,52.12449615302972,0.04375469048203662,0.9562453095179634,-0.9931670085419173,32,4,2,0.8272868883069616,1.0,0.0,9.880647246781544,660.1442660476173,0.011449069508360957,0.9885509304916391,-0.9,6563865.579601269,-2106018.025665,-2106018.025665,0.0,358,3,0.0,186,16,6,0.7332185879581946,0.8587743561837049,0.0,9.794874692963594,59.280396960742486,0.03660388246788548,0.9633961175321146,-0.9642705428382895,172,16,8,0.41009418287262944,0.7989600916969293,0.0,9.732709024000156,848.9602555208359,0.033417365124338974,0.9665826348756611,-0.9,3790403.814139061,-15941704.468644999,-15941704.468644999,0.0,714,6,0.0,352,31,9,0.6219246247139447,0.799320884830611,0.0,9.804653464632262,49.793154988898635,0.037484695695917315,0.9625153043040826,-1.1287871820273285,362,31,14,0.279456586409595,0.6030145301045134,0.0,9.595091335957465,950.6542530213823,0.05524552305714785,0.9447544769428522,-0.9
1811,DOGE,0.0,0.0,0.0,,0,0,0,0,0,30d,bearish,-6135848.983823053,714,,,,,,,9.799048447402932,1307.0086084908105,0.034559337680022915,0.965440662319977,-0.9000000000000001,,-307715.76433020167,-279533.726084,-279533.726084,0.0,3,0,0.0,0,0,,,,,,,,,,3,1,,,,,9.959330753219229,1251.9111921130716,0.007302991951142028,0.9926970080488581,-0.8999999999999999,245594.7187387484,174891.60815899988,174891.60815899988,0.0,7,0,0.0,2,1,,,,,6.320635172575008,53.37279562609246,0.7445922159954782,0.2554077840045218,0.35,5,1,1,1.0,1.0,0.0,9.959231984533675,1251.9797900285,0.007320445625250203,0.9926795543747499,-0.9000000000000002,460927.2590807422,1649175.8802889998,1649175.8802889998,0.0,25,0,0.0,10,2,2,0.534986370508429,1.0,0.0,6.2905576581888685,53.157315801253674,0.7502962455737037,0.24970375442629641,0.35,15,2,2,0.5883499062983436,1.0,0.0,9.923494283870257,1212.2243382491301,0.014125317051420986,0.985874682948579,-0.9,864255.6468818068,-4151272.8395729996,-4151272.8395729996,0.0,71,1,0.0,38,4,5,0.38623952177435467,0.7484463029966982,0.0,6.24624032755801,54.36450146671381,0.7588556878101269,0.2411443121898732,0.35,33,4,4,0.41745724327233075,0.8434498612663713,0.0,9.859529495084848,1174.957517989959,0.02687176806929032,0.9731282319307097,-0.9000000000000001,-4733288.869735877,5832109.219198002,5832109.219198002,0.0,358,3,0.0,193,16,10,0.4053959065037473,0.6305889785573936,0.0,6.340828599808505,68.60293390840728,0.7280612576136357,0.27193874238636423,0.11263900312321155,165,16,8,0.48074186378490436,0.7224142595846884,0.0,9.856866568656125,1334.6574010273066,0.027912356222244087,0.9720876437777559,-0.9,-6135848.983823053,-8908953.202224996,-8908953.202224996,0.0,714,6,0.0,376,31,17,0.297568777404102,0.5011631590734776,0.0,7.093647198036044,58.0639999250971,0.5710366826082455,0.42896331739175453,-0.32657731733138523,338,31,19,0.2779816259022519,0.48028372337144426,0.0,9.799048447402932,1307.0086084908105,0.034559337680022915,0.965440662319977,-0.9000000000000001
1811,CASHCAT,0.0,0.0,0.0,,0,0,0,0,0,30d,bullish,5925299.113076832,714,,,,,,,2.639763177277476,54.18808703768678,0.9944641954992368,0.00553580450076325,1.754990722680764,,225329.64427514965,161106.51117,161106.51117,0.0,3,0,0.0,3,1,,,,,2.2466825935788908,44.70804491614956,0.9994285343245399,0.0005714656754598435,1.8,0,0,,,,,,,,,,754792.3231326037,-38333.69354499998,-38333.69354499998,0.0,7,0,0.0,7,1,,,,,2.2465083863857656,47.604052634528905,0.9985031216343642,0.0014968783656357735,1.7999999999999998,0,0,,,,,,,,,,-243712.6927717558,1026534.6030549997,1026534.6030549997,0.0,25,0,0.0,15,2,,,,,2.2616418847984345,48.65575571998255,0.9983330281675266,0.0016669718324735779,1.7999999999999998,10,2,,,,,2.3934598513947414,889.7154396343684,0.9979653930931522,0.0020346069068475623,1.7999999999999998,-352008.84291856125,865284.0018749997,865284.0018749997,0.0,71,1,0.0,40,4,,,,,2.424320609012403,51.544705317132745,0.9964891845892967,0.0035108154107032765,1.7424546758021946,31,4,,,,,2.3270024402239677,756.3612257922098,0.9976509428428821,0.002349057157117839,1.7999999999999996,2720998.933369972,1571809.2767,1571809.2767,0.0,358,3,0.0,186,16,4,0.3277581185020064,0.7880431467645729,0.0,2.71780249813146,53.8994031670936,0.9967394984624395,0.0032605015375604326,1.777581928150404,172,16,4,0.3103327126137939,0.7930646167509249,0.0,2.4378618746794687,436.77930429881303,0.9971998698013691,0.002800130198631007,1.7999999999999998,5925299.113076832,2936665.468369,2936665.468369,0.0,714,6,0.0,371,31,7,0.18940911366762808,0.4930309645205459,0.0,2.639763177277476,54.18808703768678,0.9944641954992368,0.00553580450076325,1.754990722680764,343,31,4,0.3103327126137939,0.7930646167509249,0.0,2.4324407715429133,377.1158796199137,0.9976439925417093,0.002356007458290645,1.7999999999999998
1811,XPL,0.0,0.0,0.0,,0,0,0,0,0,30d,bearish,-3948657.9910368146,714,,,,,,,7.589072983920571,1945.1671327022027,0.47466706139014164,0.5253329386098584,-0.30000000000000004,,-163053.06533056282,354633.758658,354633.758658,0.0,3,0,0.0,1,1,,,,,6.92896273470832,54.96262121995109,0.579141436633531,0.4208585633664692,-0.30000000000000004,2,1,,,,,7.2858997832743215,2013.9064858307731,0.5137502328693765,0.4862497671306235,-0.3,-220663.62478298205,426771.5288079999,426771.5288079999,0.0,7,0,0.0,4,1,,,,,6.858014386761809,53.3207225654095,0.5924350777540118,0.4075649222459882,-0.30000000000000004,3,1,,,,,7.29600337713331,1984.4637489819877,0.5118419402477618,0.4881580597522383,-0.30000000000000004,-221636.36499556265,-683610.2884699999,-683610.2884699999,0.0,25,0,0.0,14,2,,,,,6.975839317695627,52.28391943804654,0.5680957365550006,0.43190426344499927,-0.3,11,2,,,,,7.288719351469067,1977.8589111225574,0.513046111880442,0.4869538881195579,-0.3,-239876.4240070805,730105.6212409999,730105.6212409999,0.0,71,1,0.0,36,4,,,,,6.887003243403301,52.75358296873115,0.5828898277356767,0.4171101722643231,-0.30000000000000004,35,4,,,,,7.283983410264098,1846.7383960143204,0.5140528581850522,0.48594714181494775,-0.30000000000000004,-3445087.1569146826,-7259533.1583940005,-7259533.1583940005,0.0,358,3,0.0,163,16,,,,,6.781605631332062,58.554222532415444,0.6010053480443158,0.3989946519556841,-0.2149529980410233,195,16,,,,,7.535067160793464,1854.860976544385,0.4831813312496708,0.5168186687503292,-0.30000000000000004,-3948657.9910368146,-11759062.51413,-11759062.51413,0.0,714,6,0.0,314,31,1,1.0,1.0,0.0,6.9376560214371485,58.237212914037265,0.5645819527835924,0.43541804721640776,-0.2649531826272346,400,31,2,0.6123622157776611,1.0,0.0,7.589072983920571,1945.1671327022027,0.47466706139014164,0.5253329386098584,-0.30000000000000004
1811,ASTER,0.0,0.0,0.0,,0,0,0,0,0,30d,bearish,-3844688.040919825,714,,,,,,,4.415883386947683,2698.120352051722,0.9983816793609759,0.001618320639024157,1.35,,-66386.07506416568,20977.410040000002,20977.410040000002,0.0,3,0,0.0,1,1,,,,,3.925617040864841,97.1448287793676,0.9943792926242141,0.005620707375785722,1.35,2,1,,,,,4.499215151455535,2767.221778440955,0.9978792511887596,0.002120748811240575,1.35,175902.19066110114,498562.09011499997,498562.09011499997,0.0,7,0,0.0,4,1,,,,,3.906010913342411,96.63468200056543,0.9930591246298872,0.006940875370112714,1.35,3,1,,,,,4.498224016614179,2771.091980201663,0.9979179900141366,0.0020820099858635,1.35,35936.676542656365,-682009.073565,-682009.073565,0.0,25,0,0.0,9,2,,,,,3.896797230645286,96.5448561207032,0.9944568175731519,0.005543182426847979,1.35,16,2,,,,,4.498202183870702,2567.925257973195,0.9982671121109276,0.0017328878890726087,1.35,-625729.7938185096,-161223.15182499992,-161223.15182499992,0.0,71,1,0.0,33,4,1,1.0,1.0,0.0,3.9676783828106865,90.74762738051515,0.9961266043397866,0.003873395660213305,1.35,38,4,1,1.0,1.0,0.0,4.506706178981034,2227.1506510950385,0.9986342095153957,0.0013657904846042814,1.35,-1947184.175755616,-644984.4106650006,-644984.4106650006,0.0,358,3,0.0,156,16,2,0.5037298093916207,1.0,0.0,3.5708504342821348,89.44763689385596,0.9974318215544818,0.0025681784455181696,1.3614598023211009,202,16,2,0.5914546320426965,1.0,0.0,4.445009801459706,2434.401124527803,0.9990339464048058,0.0009660535951943164,1.35,-3844688.040919825,-4774102.770370001,-4774102.770370001,0.0,714,6,0.0,351,31,3,0.36817442139348594,1.0,0.0,3.357603012396775,85.473179251003,0.9965718954496635,0.0034281045503365484,1.4482406563516004,363,31,2,0.6727367463866577,1.0,0.0,4.415883386947683,2698.120352051722,0.9983816793609759,0.001618320639024157,1.35
1811,VVV,0.0,0.0,0.0,,0,0,0,0,0,30d,bearish,-3837692.2886651917,714,,,,,,,3.1202949321074307,1690.7274312022146,0.9929171620123272,0.007082837987672717,1.35,,-100127.69021169248,185300.5928350001,185300.5928350001,0.0,3,0,0.0,0,0,,,,,,,,,,3,1,,,,,3.1271621409861616,1785.3712658827872,0.9925198740596377,0.00748012594036237,1.3500000000000003,-466069.10828359996,923525.10112,923525.10112,0.0,7,0,0.0,1,1,,,,,3.551033055067707,53.71841738175796,0.96758629087837,0.03241370912162985,1.35,6,1,,,,,3.1219704882212262,1721.4084106511114,0.9928252653987515,0.007174734601248608,1.35,-557108.1629469633,-47034.671884999916,-47034.671884999916,0.0,25,0,0.0,11,2,,,,,3.5657529354035695,55.50176954413891,0.966720415564496,0.03327958443550409,1.3500000000000003,14,2,,,,,3.12116634646761,1696.071952349972,0.9928725678548465,0.00712743214515355,1.3499999999999999,-198926.96695774983,235046.643265,235046.643265,0.0,71,1,0.0,39,4,,,,,3.5891203738653212,56.37842594551167,0.9653458603608636,0.03465413963913654,1.35,32,4,,,,,3.121540323341938,1708.9530291354913,0.9928505692151801,0.007149430784819902,1.35,754825.0004785883,1933002.2165349997,1933002.2165349997,0.0,358,3,0.0,200,16,,,,,3.4785064717597374,55.70848942452856,0.9717094090094874,0.02829059099051247,1.35,158,16,1,1.0,1.0,0.0,3.1119343745589823,1573.1032830381168,0.993398744776377,0.006601255223622842,1.35,-3837692.2886651917,-1501765.9992850006,-1501765.9992850006,0.0,714,6,0.0,351,31,,,,,3.460440800015469,48.5006771585083,0.9726294217027353,0.027370578297264796,1.2474706889668665,363,31,1,1.0,1.0,0.0,3.1202949321074307,1690.7274312022146,0.9929171620123272,0.007082837987672717,1.35
1811,LUCKY,-0.06,0.0,-0.06,"short,mid",3,1,1,1,0,24h,bearish,-3332280.243989541,1,1,1,1.0,1.0,1.0,0.05,0.0,0.0,0.0,0.0,0.0,主滚动窗口取24h：-$3.33M，资金分-0.1；24h-$3.33M 质量=0.05 覆盖=0% 钱包=1 持续=1轮/1天；窗口未成熟：覆盖0%/50% span=0.0h；持续性不足：1/4轮 1/1天；参与钱包少：1/2个；Top1占比100%,-3332280.243989541,-2380200.174278244,0.0,-2380200.174278244,1,0,1.0,0,0,,,,,,,,,,1,1,1,1.0,1.0,1.0,0.0,0.0,0.0,0.0,0.0,-3332280.243989541,-2380200.174278244,0.0,-2380200.174278244,1,0,1.0,0,0,,,,,,,,,,1,1,1,1.0,1.0,1.0,0.0,0.0,0.0,0.0,0.0,-3332280.243989541,-2380200.174278244,0.0,-2380200.174278244,1,0,1.0,0,0,,,,,,,,,,1,1,1,1.0,1.0,1.0,0.0,0.0,0.0,0.0,0.0,-3332280.243989541,-2380200.174278244,0.0,-2380200.174278244,1,0,1.0,0,0,,,,,,,,,,1,1,1,1.0,1.0,1.0,0.0,0.0,0.0,0.0,0.0,-3332280.243989541,-2380200.174278244,0.0,-2380200.174278244,1,0,1.0,0,0,,,,,,,,,,1,1,1,1.0,1.0,1.0,0.0,0.0,0.0,0.0,0.0,-3332280.243989541,-2380200.174278244,0.0,-2380200.174278244,1,0,1.0,0,0,,,,,,,,,,1,1,1,1.0,1.0,1.0,0.0,0.0,0.0,0.0,0.0
1811,BNB,0.0,0.0,0.0,,0,0,0,0,0,30d,bullish,3330821.7256538738,714,,,,,,,7.321409071514517,63.90540373276604,0.5401247116822533,0.4598752883177467,-0.1835520530372018,,99636.67918230576,-357454.12162500055,-357454.12162500055,0.0,3,0,0.0,2,1,1,1.0,1.0,0.0,6.79365102803206,56.60147212340269,0.6214496598441527,0.3785503401558472,-0.3,1,1,,,,,9.221602572710127,1242.1886295035742,0.14622917199574798,0.8537708280042519,-0.9,703416.1819118361,536705.4513449995,536705.4513449995,0.0,7,0,0.0,6,1,1,1.0,1.0,0.0,6.704480060323152,61.04101984346947,0.6422385193060982,0.3577614806939018,-0.29582134550312905,1,1,,,,,9.221602572710127,1242.1886295035742,0.14622917199574798,0.8537708280042519,-0.9,1991542.8021257487,4262560.22513,4262560.22513,0.0,25,0,0.0,14,2,3,0.47425224975873354,0.9999999999999998,0.0,6.54677184021242,68.16749166237436,0.6877770725759754,0.3122229274240245,0.16740684570045328,11,2,,,,,9.136361468742509,1261.156305075792,0.16094361977587218,0.839056380224128,-0.9000000000000001,1527597.333826801,-441674.72533500096,-441674.72533500096,0.0,71,1,0.0,41,4,5,0.41182585000704564,0.7889373353513052,0.0,6.741289414853346,70.40632973434256,0.6492795980037366,0.3507204019962633,0.060625402635937194,30,4,4,0.4898345904801049,0.8993604521409099,0.0,8.965086384186273,1138.8875612886948,0.18962502343504542,0.8103749765649546,-0.9,-827844.1196753229,1469095.3631299979,1469095.3631299979,0.0,358,3,0.0,175,16,9,0.27424397661335065,0.6170428058567604,0.0,6.745439512038826,61.35009619189699,0.6538023196392782,0.34619768036072185,-0.010029316718055833,183,16,6,0.5612853901777106,0.8430739689255973,0.0,9.032794085048756,1254.898832631949,0.182175516913731,0.8178244830862689,-0.9,3330821.7256538738,911737.9040749978,911737.9040749978,0.0,714,6,0.0,355,31,14,0.27382027566780753,0.5198291329386852,0.0,7.321409071514517,63.90540373276604,0.5401247116822533,0.4598752883177467,-0.1835520530372018,359,31,11,0.37210329907795026,0.6138911175410328,0.0,9.078673518350456,1275.796227322098,0.17517616536932512,0.8248238346306748,-0.9
1811,UAVAX,0.23,0.0,0.23,"mid,long",2,1,0,0,0,24h,bullish,3046820.5547249555,15,2,0,0.0,0.0,1.0,0.4,0.0,0.0,0.0,0.0,0.0,主滚动窗口取24h：$3.05M，资金分+0.5；24h$3.05M 质量=0.40 覆盖=96% 钱包=0 持续=15轮/2天；现货主导100%且无合约低杠杆确认；存在反向滚动窗口1组，冲突扣分-0.2,2168.12489999962,-1571.104999999725,0.0,-1571.104999999725,1,0,1.0,1,1,,,,,0.0,0.0,0.0,0.0,0.0,0,0,,,,,,,,,,872008.9629191996,-631890.5528399998,0.0,-631890.5528399998,3,0,1.0,3,1,,,,,0.0,0.0,0.0,0.0,0.0,0,0,1,1.0,1.0,1.0,,,,,,3046820.5547249555,-2211158.394728229,0.0,-2211158.394728229,18,0,1.0,15,2,,,,,0.0,0.0,0.0,0.0,0.0,3,1,1,1.0,1.0,1.0,0.0,0.0,0.0,0.0,0.0,-3053208.268622151,2872301.353332027,0.0,2872301.353332027,25,0,1.0,21,4,1,1.0,1.0,1.0,0.0,0.0,0.0,0.0,0.0,4,1,1,1.0,1.0,1.0,0.0,0.0,0.0,0.0,0.0,209102.90732290584,-1837203.2519642478,0.0,-1837203.2519642478,84,1,1.0,48,13,1,1.0,1.0,1.0,0.0,0.0,0.0,0.0,0.0,36,13,1,1.0,1.0,1.0,0.0,0.0,0.0,0.0,0.0,-26011919.05201004,1874862.3182608811,0.0,1874862.3182608811,180,1,1.0,97,26,1,1.0,1.0,1.0,0.0,0.0,0.0,0.0,0.0,83,27,1,1.0,1.0,1.0,0.0,0.0,0.0,0.0,0.0
1811,GRAM,0.0,0.0,0.0,,0,0,0,0,0,30d,bearish,-3240386.65552872,714,,,,,,,4.855576777515376,1659.3254149368936,0.9942151103261544,0.00578488967384554,1.35,,-49972.36077514599,11657.434400000004,11657.434400000004,0.0,3,0,0.0,1,1,,,,,3.4735800618247725,42.25107805601196,0.959105895310946,0.040894104689054044,1.35,2,1,,,,,4.852398464976575,2485.8209915479224,0.9955081173343278,0.004491882665672328,1.35,-32250.315469808982,74955.25525,74955.25525,0.0,7,0,0.0,4,1,,,,,3.4700694684779365,42.02551770600798,0.9613029986306101,0.03869700136938998,1.35,3,1,,,,,4.854140066348122,2463.261361236966,0.9955991428533685,0.0044008571466317295,1.35,-628742.6973208013,1257131.2787,1257131.2787,0.0,25,0,0.0,14,2,1,1.0,1.0,0.0,3.41946449171064,42.72659985408404,0.9638463286328753,0.0361536713671248,1.35,11,2,,,,,4.853858799230568,2412.005743049657,0.9960085067999307,0.003991493200069075,1.3500000000000003,-1394433.410977743,463807.2692499999,463807.2692499999,0.0,71,1,0.0,42,4,1,1.0,1.0,0.0,3.3393954203563068,43.421086919705694,0.9652900751026264,0.03470992489737356,1.35,29,4,,,,,4.857421319205087,2094.047291636812,0.996230328731024,0.003769671268976032,1.35,-914107.3582245662,23957.807999999764,23957.807999999764,0.0,358,3,0.0,191,16,1,1.0,1.0,0.0,3.9623471230484415,68.71960054345176,0.9660561628863563,0.033943837113643606,1.3287924972912577,167,16,1,1.0,1.0,0.0,4.842616397400204,2006.7864902980643,0.9961976342613252,0.0038023657386746764,1.35,-3240386.65552872,-3341755.6737,-3341755.6737,0.0,714,6,0.0,394,31,3,0.34498459574801704,1.0,0.0,4.159170636524408,79.88015471475904,0.9630622177304402,0.03693778226955977,1.3335958364349896,320,31,1,1.0,1.0,0.0,4.855576777515376,1659.3254149368936,0.9942151103261544,0.00578488967384554,1.35
1811,PENDLE,0.0,0.0,0.0,,0,0,0,0,0,30d,bullish,3191020.5901710927,714,,,,,,,5.190910007324591,9.311870732778587,0.9813359968556279,0.018664003144372047,0.39362580648089746,,4432.522047070007,165799.97760000004,165799.97760000004,0.0,3,0,0.0,1,1,,,,,4.942684716624489,95.29634559240401,0.9957970947687431,0.004202905231256919,1.35,2,1,,,,,5.035262334229212,2583.8661226148606,0.9976003332616419,0.0023996667383580266,0.35,270107.51340745995,-253820.58324999994,-253820.58324999994,0.0,7,0,0.0,3,1,,,,,4.944398574049101,90.60194245100544,0.995705066029281,0.004294933970718795,1.35,4,1,,,,,5.0371009046815916,2586.2299406171046,0.9974776799600018,0.002522320039998216,0.35,178112.38894544978,-789664.9781999999,-789664.9781999999,0.0,25,0,0.0,13,2,,,,,4.9399935306229406,85.98824506531938,0.9959853211924523,0.004014678807547669,1.334076499507862,12,2,,,,,5.038196845611872,2795.267917626301,0.9973982666801698,0.00260173331983025,0.35,146638.84133184576,-894708.8659499999,-894708.8659499999,0.0,71,1,0.0,36,4,,,,,4.92640040599838,46.672803285451856,0.9968707998984353,0.003129200101564663,1.1804987464392314,35,4,,,,,5.02872313477084,2995.050296814485,0.9980309511896961,0.0019690488103039053,0.3499999999999999,1134472.5327279738,-590141.6090999998,-590141.6090999998,0.0,358,3,0.0,182,16,1,1.0,1.0,0.0,5.178786771596486,14.474101273247893,0.9803030712948897,0.01969692870511029,0.598431538355505,176,16,,,,,5.162923331734156,3403.0650136108416,0.9891148282195903,0.010885171780409689,0.35413510179548596,3191020.5901710927,-438865.82024999976,-438865.82024999976,0.0,714,6,0.0,392,31,1,1.0,1.0,0.0,5.190910007324591,9.311870732778587,0.9813359968556279,0.018664003144372047,0.39362580648089746,322,31,,,,,5.196058968713556,3396.462563084752,0.9869142424220326,0.01308575757796735,0.35860160507288846
1811,AERO,0.0,0.0,0.0,,0,0,0,0,0,30d,bullish,2848217.0254036305,714,,,,,,,3.0672702780719536,47.8264595054182,0.9715422773418954,0.028457722658104707,1.1801306298928802,,-261207.49505767558,20586.99406,20586.99406,0.0,3,0,0.0,1,1,,,,,3.0946323461952785,41.07263687750662,0.9944333914002778,0.005566608599722276,1.35,2,1,,,,,3.0763314658820713,1649.3936197484177,0.9955099137716432,0.00449008622835708,1.35,-163822.78529239589,87926.99853500002,87926.99853500002,0.0,7,0,0.0,3,1,,,,,3.087647108635504,44.565213959491864,0.9948442877273234,0.0051557122726767195,1.3500000000000003,4,1,,,,,3.07574357201623,1621.748591573937,0.9955444957637513,0.004455504236248816,1.35,788823.738914013,-69268.83569999995,-69268.83569999995,0.0,25,0,0.0,15,2,,,,,3.0833724547954713,40.08608867559695,0.9950957379532074,0.00490426204679245,1.169539435100436,10,2,,,,,3.074697762391646,1632.4443072564275,0.9956060139769621,0.0043939860230379725,1.3500000000000003,940628.1718541072,-270652.16774,-270652.16774,0.0,71,1,0.0,36,4,,,,,3.086714983633208,39.75756972500186,0.9948991186098112,0.005100881390188702,1.1355193199288869,35,4,,,,,3.079210449213732,1702.8728990921115,0.9953405618109569,0.0046594381890430435,1.3499999999999999,2563107.337324657,207999.54618499998,207999.54618499998,0.0,358,3,0.0,190,16,1,1.0,1.0,0.0,3.0459465602888227,49.19855019353906,0.9968515821021935,0.0031484178978064994,1.245380559360892,168,16,,,,,3.045214582427745,2057.5248895669365,0.997340318680721,0.0026596813192790903,1.35,2848217.0254036305,-258296.33059999996,-258296.33059999996,0.0,714,6,0.0,377,31,1,1.0,1.0,0.0,3.0672702780719536,47.8264595054182,0.9715422773418954,0.028457722658104707,1.1801306298928802,337,31,,,,,3.0649132684343487,2194.7852332572947,0.9961815724450385,0.0038184275549617017,1.35
1811,USDHL,0.0,0.0,0.0,,0,0,0,0,0,30d,bearish,-2530551.0187749593,6,,,,,,,0.0,0.0,0.0,0.0,0.0,,,,,,,,,,,,,,,,,,,,,,,,,,,,,,,,,,,,,,,,,,,,,,,,,,,,,,,,,,,,,,,,,,,,,,,,,,,,,,,,,,,,,,,,,,,,,,,,,,,,,,,,,,,,,,,,,,,,,,-2471558.8317861594,-922407.4208159996,0.0,-922407.4208159996,4,0,1.0,2,2,1,1.0,1.0,1.0,0.0,0.0,0.0,0.0,0.0,2,2,1,1.0,1.0,1.0,0.0,0.0,0.0,0.0,0.0,-2530551.0187749593,-971567.5766399996,0.0,-971567.5766399996,6,0,1.0,3,3,1,1.0,1.0,1.0,0.0,0.0,0.0,0.0,0.0,3,3,1,1.0,1.0,1.0,0.0,0.0,0.0,0.0,0.0
1811,JTO,0.0,0.0,0.0,,0,0,0,0,0,30d,bullish,2472200.5876377076,714,,,,,,,4.510449950419071,21.84929412844215,0.9248183513628339,0.07518164863716621,0.520136906886088,,-21372.620267222,-2988.9087149999996,-2988.9087149999996,0.0,3,0,0.0,0,0,,,,,,,,,,3,1,,,,,5.220619715465235,5404.813758864872,0.9832965139170401,0.016703486082959858,0.35,-5363.721632705002,9436.132625000002,9436.132625000002,0.0,7,0,0.0,2,1,,,,,4.151361933957422,9.561831594867504,0.7333114314207115,0.2666885685792885,-0.49999999999999994,5,1,,,,,5.215413783900201,5368.203553265823,0.9836662571783836,0.016333742821616364,0.35,-131541.76439204701,18055.247824999995,18055.247824999995,0.0,25,0,0.0,9,2,,,,,4.190099166577768,10.050100212117618,0.796007182552483,0.203992817447517,-0.2783757723264156,16,2,,,,,5.234719041587727,5024.6170106103755,0.9824777941761158,0.0175222058238843,0.35000000000000003,-443141.73554716405,-538276.124145,-538276.124145,0.0,71,1,0.0,31,4,,,,,4.214342800381262,11.793511043009577,0.8998371910859936,0.10016280891400652,0.13141126402871492,40,4,,,,,5.2605798270343715,5354.379136796066,0.9806554090895737,0.01934459091042622,0.35,196409.15559522551,29611.44436499994,29611.44436499994,0.0,358,3,0.0,166,16,,,,,4.502420980379361,12.516199369254117,0.8547618563554117,0.14523814364458823,0.008822265358656356,192,16,1,1.0,1.0,0.0,5.198212258812858,3884.1987608006352,0.9844716406111631,0.015528359388836824,0.3499999999999999,2472200.5876377076,-1061209.651525,-1061209.651525,0.0,714,6,0.0,346,31,,,,,4.510449950419071,21.84929412844215,0.9248183513628339,0.07518164863716621,0.520136906886088,368,31,1,1.0,1.0,0.0,5.164516268181418,3353.6539487195055,0.9869490972718798,0.013050902728120244,0.35000000000000003
1811,TRX,0.0,0.0,0.0,,0,0,0,0,0,15d,bullish,2424883.598702226,358,,,,,,,9.940783459637556,14.903930373531223,0.008209818350185222,0.9917901816498147,-1.8376720899971464,,47480.558428595206,-68899.67203,-68899.67203,0.0,3,0,0.0,2,1,,,,,9.996611944986077,0.0,0.004471051077807507,0.9955289489221925,-1.25,1,1,,,,,9.573087494296255,1485.1804616251613,0.06167259604931712,0.9383274039506828,-0.9,27223.145408139688,-108558.137805,-108558.137805,0.0,7,0,0.0,3,1,,,,,9.9966195167264,0.0,0.004478188749222305,0.9955218112507777,-1.25,4,1,,,,,9.57361680136091,1463.751505867736,0.06172787578641614,0.9382721242135839,-0.8999999999999999,-1512.0947715070304,-192474.601965,-192474.601965,0.0,25,0,0.0,15,2,,,,,9.992296450354592,0.0,0.004638662569231101,0.9953613374307688,-1.2499999999999998,10,2,,,,,9.578631805550454,1451.023348498512,0.060882005021649574,0.9391179949783505,-0.9,-792181.6658450183,-914275.2741149999,-914275.2741149999,0.0,71,1,0.0,38,4,,,,,9.976105454074899,19.222608237827433,0.005631357203211487,0.9943686427967885,-1.1772489513237874,33,4,1,1.0,1.0,0.0,9.608257024611927,1368.5543747504798,0.056379781453611694,0.9436202185463884,-0.9000000000000001,2424883.598702226,3755257.950575001,3755257.950575001,0.0,358,3,0.0,210,16,1,1.0,1.0,0.0,9.940783459637556,14.903930373531223,0.008209818350185222,0.9917901816498147,-1.8376720899971464,148,16,1,1.0,1.0,0.0,9.534682642587418,2124.2739959242035,0.056544000759991636,0.9434559992400083,-0.9,1205692.1794603744,-1226775.5066999986,-1226775.5066999986,0.0,714,6,0.0,399,31,1,1.0,1.0,0.0,9.967537220631478,12.637252624806948,0.0085207452027384,0.9914792547972615,-1.9247760288543319,315,31,2,0.7387210254320542,1.0,0.0,9.687589590647022,1971.0996477627261,0.03600184111584991,0.96399815888415,-0.9032155895323597
1811,INJ,0.0,0.0,0.0,,0,0,0,0,0,24h,bullish,2231865.4459090433,25,,,,,,,5.230826425577893,77.9111379315428,0.9846056911046673,0.015394308895332613,0.4407445976023154,,438546.7884386992,-407341.11028,-407341.11028,0.0,3,0,0.0,3,1,,,,,5.006541318882831,62.47193528689715,0.9995639120744778,0.00043608792552207856,0.3499999999999999,0,0,,,,,,,,,,1080289.480806022,-798314.140455,-798314.140455,0.0,7,0,0.0,7,1,,,,,5.009380559720865,67.24696489117599,0.9993746293519424,0.0006253706480576736,0.44827183993500685,0,0,,,,,,,,,,2231865.4459090433,-2536069.700725,-2536069.700725,0.0,25,0,0.0,22,2,,,,,5.230826425577893,77.9111379315428,0.9846056911046673,0.015394308895332613,0.4407445976023154,3,1,,,,,4.47722745977624,3198.7412082046985,0.9971087034964604,0.0028912965035394894,1.35,35070.901632370245,-6196469.118775,-6196469.118775,0.0,71,1,0.0,35,4,,,,,5.304575157816352,80.5528776949915,0.9796907482485809,0.02030925175141906,0.4095085093966087,36,3,1,1.0,1.0,0.0,5.0929809505890224,3557.202087750905,0.9875436809264986,0.012456319073501332,0.5157955734427776,320597.0103994822,-5702939.855795,-5702939.855795,0.0,358,3,0.0,176,16,,,,,5.420817515734453,52.13761459531277,0.9703810791986743,0.02961892080132579,0.28569362783229996,182,15,1,1.0,1.0,0.0,5.164194045516656,6113.920646379756,0.9713929076963546,0.02860709230364548,0.45382971429841007,-191430.12690906157,-6520944.028655,-6520944.028655,0.0,714,6,0.0,361,31,,,,,5.743442473013242,38.66087351234196,0.9492807493659455,0.05071925063405446,0.21505812997596538,353,30,1,1.0,1.0,0.0,5.383011419571685,7150.317928489226,0.9623635321410664,0.03763646785893353,0.42124806363083694
1811,ZRO,0.0,0.0,0.0,,0,0,0,0,0,30d,bullish,2120713.1515519423,714,,,,,,,4.984207975686921,77.21244753540309,0.9986307972610569,0.0013692027389431392,1.1319501699852543,,-30215.08704003545,-52924.49969499998,-52924.49969499998,0.0,3,0,0.0,0,0,,,,,,,,,,3,1,,,,,4.966172059251975,1451.9778357072205,0.9996542969383235,0.0003457030616765245,1.35,-87969.28504250689,-133396.57342499995,-133396.57342499995,0.0,7,0,0.0,0,0,,,,,,,,,,7,1,,,,,4.969158332426359,1427.325414551012,0.9994490484778699,0.0005509515221303029,1.3500000000000003,-351951.5210988192,-347609.7928849997,-347609.7928849997,0.0,25,0,0.0,8,2,,,,,4.953070788573706,87.43561623673993,0.9999160563252668,8.394367473322919e-05,1.3500000000000003,17,2,,,,,4.967598699293032,1405.8163905929223,0.999549169082708,0.00045083091729200146,1.35,-1019901.819854328,-836826.4133049998,-836826.4133049998,0.0,71,1,0.0,25,4,,,,,4.955569263930287,86.52962252746657,0.999929487719159,7.05122808410035e-05,1.35,46,4,,,,,4.9843478788437325,1399.553856041337,0.9984369688670913,0.0015630311329088021,0.9405446296805088,-172724.76275312947,-2221867.305940999,-2221867.305940999,0.0,358,3,0.0,169,16,1,1.0,1.0,0.0,4.959946803555705,79.25288744074432,0.9992294895418649,0.0007705104581351025,1.35,189,16,1,1.0,1.0,0.0,4.980242218295695,1447.110218378968,0.9985693032372789,0.0014306967627211134,1.2632501922285782,2120713.1515519423,-2209776.629442999,-2209776.629442999,0.0,714,6,0.0,364,31,1,1.0,1.0,0.0,4.984207975686921,77.21244753540309,0.9986307972610569,0.0013692027389431392,1.1319501699852543,350,31,1,1.0,1.0,0.0,4.9917985191445915,1364.319250129489,0.997900669981413,0.002099330018586923,1.1285332788317417
1811,MON,0.0,0.0,0.0,,0,0,0,0,0,72h,bullish,2102154.8998488304,71,,,,,,,4.196374806059111,45.358272702541456,0.9561081611708405,0.043891838829159494,1.217688547605406,,-128319.91611392482,157337.07333900002,157337.07333900002,0.0,3,0,0.0,0,0,,,,,,,,,,3,1,,,,,4.505366919431608,1725.4803980210177,0.9978874926663746,0.0021125073336254936,1.35,-50528.325579648095,429702.436053,429702.436053,0.0,7,0,0.0,2,1,,,,,4.4627180126036095,51.282253319787756,0.9756759978914377,0.02432400210856261,1.3500000000000003,5,1,,,,,4.5080020081374315,1688.5576844027926,0.9978834629576231,0.0021165370423769174,1.35,864588.8147500348,1739113.4772639999,1739113.4772639999,0.0,25,0,0.0,15,2,,,,,4.329392881123689,51.25975088086498,0.9744016634069255,0.0255983365930745,1.3297737433027919,10,2,,,,,4.523144857278317,1618.785938674536,0.9978882051117118,0.0021117948882883467,1.35,2102154.8998488304,764512.6374309999,764512.6374309999,0.0,71,1,0.0,43,4,,,,,4.196374806059111,45.358272702541456,0.9561081611708405,0.043891838829159494,1.217688547605406,28,4,,,,,4.498938588267547,1504.6249383161546,0.9973489820427158,0.002651017957284271,1.35,2006082.2787861926,1096568.3603219998,1096568.3603219998,0.0,358,3,0.0,172,16,,,,,4.497798438016875,49.0867326191512,0.9570380067838208,0.04296199321617924,1.1168907508381916,186,16,1,1.0,1.0,0.0,4.505056516089088,1494.7234965241964,0.9965680837944928,0.0034319162055073227,1.35,8096.568610319424,674199.8288100001,674199.8288100001,0.0,714,6,0.0,333,31,1,1.0,1.0,0.0,4.624369669479054,42.95913146836956,0.9639826496240328,0.03601735037596729,0.9801575606314837,381,31,1,1.0,1.0,0.0,4.568408475883281,1338.9598686085099,0.9947557654132393,0.005244234586760718,1.35
1811,AAVE,0.0,0.0,0.0,,0,0,0,0,0,30d,bearish,-2041271.2930308755,714,,,,,,,9.445481220235383,645.064920084556,0.06751864563710504,0.932481354362895,-0.9,,-32197.11602059039,-80080.83840000005,-80080.83840000005,0.0,3,0,0.0,0,0,,,,,,,,,,3,1,,,,,9.42293696501617,832.458257320523,0.08248451408785613,0.9175154859121437,-0.8999999999999999,-146569.01926252598,-1457.6395000000393,-1457.6395000000393,0.0,7,0,0.0,1,1,,,,,9.941179666203112,25.718123007929893,0.007921428305661747,0.9920785716943383,-1.25,6,1,,,,,9.421957742904981,808.1518589233415,0.08273897545486099,0.9172610245451387,-0.9,-271258.1273422212,-309302.13520000025,-309302.13520000025,0.0,25,0,0.0,7,2,,,,,9.941091253123464,26.95190258140194,0.007895599958980886,0.9921044000410191,-1.25,18,2,,,,,9.411443163987514,799.7340525344919,0.08411151396281896,0.915888486037181,-0.9000000000000001,-516914.05336552736,-1220025.2225500003,-1220025.2225500003,0.0,71,1,0.0,26,4,1,1.0,1.0,0.0,9.94196950880404,28.0847514664843,0.007827030188087036,0.992172969811913,-1.2500000000000002,45,4,2,0.564460444275537,1.0,0.0,9.41075492780545,755.1601333305267,0.08409890006814288,0.9159010999318572,-0.9000000000000001,1810576.2120020858,5919181.713200001,5919181.713200001,0.0,358,3,0.0,184,16,8,0.21031767937956544,0.5247237938469157,0.0,9.944227457128557,64.2342087824338,0.007221389386832051,0.9927786106131679,-0.9431942248214361,174,16,6,0.35275458772268964,0.701489685765397,0.0,9.421162229888408,772.214353545891,0.0808998169575451,0.9191001830424549,-0.8999999999999999,-2041271.2930308755,1394455.471700001,1394455.471700001,0.0,714,6,0.0,357,31,12,0.4065596813786103,0.5878669435765234,0.0,9.928751634195692,69.18251666395453,0.010308169290778666,0.9896918307092213,-0.9222718307090751,357,31,13,0.1857046549999484,0.39179130680714386,0.0,9.445481220235383,645.064920084556,0.06751864563710504,0.932481354362895,-0.9
1811,KAITO,0.0,0.0,0.0,,0,0,0,0,0,30d,bullish,1976884.6019141974,714,,,,,,,5.720886331214013,23.59816894963006,0.9432307084160603,0.056769291583939806,0.3891099713434452,,19745.836651939004,3753.797490000001,3753.797490000001,0.0,3,0,0.0,2,1,,,,,7.046466729472586,0.0,0.8492618607872475,0.15073813921275236,0.0,1,1,,,,,5.243008352945521,10989.501548851113,0.9630079241999702,0.03699207580002969,0.3499999999999999,25773.851359422006,-4733.068825000001,-4733.068825000001,0.0,7,0,0.0,4,1,,,,,7.093728516836749,0.0,0.8492338393708899,0.1507661606291102,0.0,3,1,,,,,5.2424875566072,11086.667025135486,0.9630073464488855,0.0369926535511144,0.35,-9376.434131653994,-9401.294650000005,-9401.294650000005,0.0,25,0,0.0,10,2,,,,,7.130533157114842,0.0,0.8489177525872096,0.15108224741279058,0.0,15,2,,,,,5.234057656771973,11594.789762582124,0.9632769944299181,0.03672300557008199,0.35,18841.6139622,22461.939059999986,22461.939059999986,0.0,71,1,0.0,32,4,,,,,7.158730750078252,0.0,0.8532878549534024,0.14671214504659763,0.0,39,4,,,,,5.231473255165649,11485.940222103276,0.9638113159706153,0.036188684029384605,0.35,-869.4524453004406,238914.97660000002,238914.97660000002,0.0,358,3,0.0,166,16,,,,,6.9858805542214215,0.0,0.8625449929855789,0.13745500701442107,0.0,192,16,,,,,5.191497632041159,10251.87537296809,0.9694194532103946,0.030580546789605544,0.35,1976884.6019141974,3247235.87798,3247235.87798,0.0,714,6,0.0,331,31,1,1.0,1.0,0.0,5.720886331214013,23.59816894963006,0.9432307084160603,0.056769291583939806,0.3891099713434452,383,31,1,1.0,1.0,0.0,5.211824717017823,5963.9308715369425,0.9780654945256989,0.021934505474301112,0.4355701839079795
1811,PAXG,0.0,0.0,0.0,,0,0,0,0,0,30d,bearish,-1945437.640656477,714,,,,,,,8.728032648397528,1195.0465834183342,0.24583352063002717,0.7541664793699727,-0.887918729321653,,51747.94859509999,101173.10245000002,101173.10245000002,0.0,3,0,0.0,3,1,,,,,6.0434046736815805,47.761877923610236,0.8193354550703834,0.18066454492961664,0.35,0,0,,,,,,,,,,-176751.80526876997,-81738.33464999996,-81738.33464999996,0.0,7,0,0.0,3,1,,,,,6.0434046736815805,47.761877923610236,0.8193354550703834,0.18066454492961664,0.35,4,1,,,,,9.733093711377522,1212.3994074709267,0.06072219540064212,0.9392778045993581,-0.9000000000000001,-297391.522734624,-30206.717399999943,-30206.717399999943,0.0,25,0,0.0,9,2,,,,,5.98830603904194,53.72701862643001,0.8290356801329353,0.17096431986706484,0.35,16,2,,,,,9.685484828370114,1203.6641361154786,0.07018128147352204,0.9298187185264779,-0.9,-503459.9133161479,562420.4312,562420.4312,0.0,71,1,0.0,24,4,,,,,5.92272349757613,57.95049812241965,0.8421759763457913,0.15782402365420867,0.35,47,4,,,,,9.61053468055505,1148.9266629300819,0.08500301785072846,0.9149969821492715,-0.9,-966522.4257739441,-1048396.5,-1048396.5,0.0,358,3,0.0,143,16,1,1.0,1.0,0.0,5.768137003911067,65.62702699816136,0.8674053640317945,0.13259463596820542,0.35,215,16,,,,,9.309848622870092,1120.6167741178815,0.14004649153559634,0.8599535084644037,-0.9,-1945437.640656477,1749959.8974999995,1749959.8974999995,0.0,714,6,0.0,324,31,2,0.6655201142668022,1.0,0.0,6.113509648195134,59.73502124874605,0.7925129656440619,0.20748703435593815,0.22174673539245524,390,31,1,1.0,1.0,0.0,8.728032648397528,1195.0465834183342,0.24583352063002717,0.7541664793699727,-0.887918729321653
1811,PURR,0.0,0.0,0.0,,0,0,0,0,0,30d,bullish,1865977.133771994,708,,,,,,,3.272661768032059,33.76963886237972,0.9822782740049774,0.017721725995022666,1.0826138988704517,,-32816.26139800304,-20721.1986864448,-17363.32358,-3357.8751064448006,3,0,0.16205023450894393,0,0,,,,,,,,,,3,1,,,,,3.121421252911261,858.112785225337,0.9927246649692891,0.007275335030711058,1.3499999999999999,5523.583002538335,18013.96083377061,33682.091580000015,-15668.130746229404,7,0,0.3174885544112709,1,1,,,,,3.4455755923394626,0.0,0.9737896710388552,0.02621032896114488,1.0,6,1,,,,,3.1115249510210328,857.0067977708345,0.9933019419830073,0.006698058016992887,1.35,57304.049234369166,57544.3666897886,89116.71225500002,-31572.345565211424,25,0,0.2616007294732903,12,2,,,,,3.3788361978846275,0.0,0.9777155177714927,0.022284482228507495,1.0,13,2,,,,,3.112731717522734,805.1640332695997,0.9932046097538219,0.006795390246178095,1.35,-96862.04064591441,135161.4400900396,23236.785210000016,111924.65488003957,71,1,0.8280812545758575,33,4,,,,,3.3603275479120778,0.0,0.9788042618875248,0.021195738112475188,1.0,38,4,,,,,3.116667875265964,786.8713273419395,0.9929487361739687,0.007051263826031286,1.35,-535744.652100868,-390722.6698659144,528707.9369300002,-919430.6067959146,358,3,0.6349051413480868,176,16,2,0.549644550547921,1.0,0.4503554494520789,3.278660197930295,29.200734688558054,0.9816031832852117,0.018396816714788135,1.034597306015176,182,16,,,,,3.101433809241638,821.5041094032869,0.9939789669589009,0.006021033041099074,1.35,1865977.133771994,881454.6973935758,501795.5876970002,379659.1096965757,708,6,0.43071880020517395,351,31,2,0.549644550547921,1.0,0.4503554494520789,3.272661768032059,33.76963886237972,0.9822782740049774,0.017721725995022666,1.0826138988704517,357,31,,,,,3.1044539506666347,803.569139898497,0.9938100057478083,0.006189994252191707,1.35
1811,HBAR,0.0,0.0,0.0,,0,0,0,0,0,30d,bullish,1864007.3906086097,714,,,,,,,6.060976548494769,1.106803202277885,0.929262440540766,0.07073755945923381,0.10049933416110268,,-3518.8384711763956,-1511.4110439999963,-1511.4110439999963,0.0,3,0,0.0,2,1,,,,,6.0011214829776875,0.0,0.9332585678014874,0.06674143219851258,0.0,1,1,,,,,5.013033861298255,3701.541142612343,0.9954641877163735,0.004535812283626454,0.3499999999999999,11395.979983739006,19345.839063000003,19345.839063000003,0.0,7,0,0.0,5,1,,,,,6.099460692639459,0.0,0.9267026204907027,0.07329737950929732,0.0,2,1,,,,,5.013728815613217,3700.48183046627,0.9954163897049041,0.004583610295095856,0.35,176064.65123501496,286497.817499,286497.817499,0.0,25,0,0.0,17,2,,,,,6.141641757834524,0.0,0.9238905494776984,0.07610945052230159,0.0,8,2,,,,,5.017566361680792,3544.1915708540455,0.9952666117812685,0.004733388218731487,0.35,-252938.3176671693,-139580.20284300004,-139580.20284300004,0.0,71,1,0.0,29,4,,,,,6.384334063487053,0.0,0.9077110624341965,0.09228893756580352,0.0,42,4,,,,,5.050238177704344,3481.5813845370103,0.9931076920706491,0.006892307929350779,0.3499999999999999,-24951.10024277102,-311407.21755500004,-311407.21755500004,0.0,358,3,0.0,176,16,,,,,6.794033243650942,0.0,0.8803977837566038,0.1196022162433961,0.01308988096635543,182,16,,,,,5.048341943589263,3682.6861559926288,0.9929044130448955,0.007095586955104507,0.3721117600570637,1864007.3906086097,-640139.4256109999,-640139.4256109999,0.0,714,6,0.0,367,31,1,1.0,1.0,0.0,6.060976548494769,1.106803202277885,0.929262440540766,0.07073755945923381,0.10049933416110268,347,31,1,1.0,1.0,0.0,5.031686268679402,3253.1111118788217,0.9920265751463441,0.00797342485365588,0.5741819651279587
1811,FARTCOIN,0.0,0.0,0.0,,0,0,0,0,0,30d,bullish,1695685.8497278504,714,,,,,,,7.557219095493362,47.055850391151644,0.3800114533573637,0.6199885466426363,-0.8633209101612586,,186487.2939995292,-324877.9891740002,-324877.9891740002,0.0,3,0,0.0,2,1,,,,,8.410095687232854,17.58941940624087,0.24592484443085091,0.7540751555691491,-1.25,1,1,,,,,6.058021308187724,2274.6157100496166,0.6115808502929028,0.3884191497070977,-0.30000000000000004,122036.09066203929,-519790.9724710002,-519790.9724710002,0.0,7,0,0.0,5,1,,,,,8.415815568683765,17.568569389509733,0.24562394741856847,0.7543760525814316,-1.2500000000000002,2,1,,,,,5.980138457567686,2411.5689247896457,0.6204409086205934,0.37955909137940685,-0.30000000000000004,689042.2542805494,-25658.81055799994,-25658.81055799994,0.0,25,0,0.0,17,2,,,,,7.906460590477686,20.203245741037083,0.3153013484118224,0.6846986515881778,-1.1703976693122695,8,2,,,,,6.019997374285385,2330.8307456566527,0.6183665125136572,0.3816334874863429,-0.3,433074.5664883583,-2737901.534653,-2737901.534653,0.0,71,1,0.0,42,4,,,,,7.729788383147515,22.521956263085116,0.3385948228565441,0.6614051771434559,-1.085399782110662,29,4,,,,,5.946088343634725,2212.421841874902,0.6248650533054622,0.375134946694538,-0.17204364168351638,1113841.0452248633,-5165249.650160001,-5165249.650160001,0.0,358,3,0.0,199,16,1,1.0,1.0,0.0,8.033970591853633,44.52431436248871,0.30265004200633405,0.6973499579936661,-1.0285487785667697,159,16,1,1.0,1.0,0.0,5.914252590383256,2142.8674190329502,0.630414894285915,0.369585105714085,-0.16052879279119772,1695685.8497278504,-4832408.980760002,-4832408.980760002,0.0,714,6,0.0,356,31,5,0.3296460223965507,0.6967396019765812,0.0,7.557219095493362,47.055850391151644,0.3800114533573637,0.6199885466426363,-0.8633209101612586,358,31,1,1.0,1.0,0.0,5.977193398216651,1950.1270773663134,0.629733275501038,0.37026672449896203,-0.1930148400640572
1811,TRUMP,0.0,0.0,0.0,,0,0,0,0,0,15d,bearish,-1693357.8253261272,358,,,,,,,9.57712004849174,2110.430821703659,0.04105956383606625,0.9589404361639339,-0.9,,-133535.91475414712,-94989.48523795564,-95013.14369000004,23.65845204440008,3,0,0.0002489399002403253,1,1,,,,,10.147650272207212,6.718725029913575,0.0014433500146991487,0.9985566499853009,-2.2,2,1,,,,,9.33835878514151,1704.8854276622512,0.06055185285052709,0.9394481471494731,-0.9,-94425.3241367729,3173.871602044475,3150.2131500000737,23.65845204440008,7,0,0.007454130163665191,3,1,,,,,10.153162332272263,7.062070507849547,0.0014103501412177119,0.9985896498587823,-2.2,4,1,,,,,9.338506393854379,1706.4057971238708,0.06054703646586093,0.9394529635341394,-0.9000000000000001,-57521.8671989103,-12208.767517955439,-12232.42596999984,23.65845204440008,25,0,0.0019303434302269595,14,2,,,,,9.991470364215425,8.408615362224799,0.031621162179102075,0.9683788378208978,-2.110211735183326,11,2,,,,,9.34929322495663,1746.8287318887353,0.06041991665953512,0.9395800833404649,-0.8999999999999999,-269238.21012796374,362832.2443774071,362766.1918300002,66.05254740689988,71,1,0.00018204707114782782,31,4,,,,,10.065717752042803,9.092432568885158,0.018795519022829162,0.9812044809771707,-2.033779424962793,40,4,,,,,9.435469984912432,2304.472994712716,0.0515592135463659,0.9484407864536339,-0.9,-1693357.8253261272,581753.0446450859,581384.4164949999,368.6281500860563,358,3,0.0006336505730037868,180,16,2,0.5346265889287725,1.0,0.0,9.313059642546758,15.013593688698391,0.14877092044916004,0.8512290795508399,-1.6263424577168424,178,16,2,0.6164147848488809,1.0,0.0,9.57712004849174,2110.430821703659,0.04105956383606625,0.9589404361639339,-0.9,241447.17588027654,-1699269.1237419539,-1705175.2278250009,5906.104083046947,714,6,0.003451679340374182,365,31,8,0.25539530962674306,0.6242808905762286,0.0,9.115965312132746,30.19240914493504,0.1831090083188431,0.8168909916811568,-1.3107729707530538,349,31,5,0.3845001103841163,0.750256394135834,0.0,9.457810307320855,2264.405257787417,0.04239914616549483,0.9576008538345051,-0.9
1811,VIRTUAL,0.0,0.0,0.0,,0,0,0,0,0,30d,bearish,-1676505.7264566722,714,,,,,,,4.936092556714157,3841.68523440861,0.9966536258997388,0.00334637410026112,1.3261753802013536,,-66699.1788362248,20307.95974799999,20307.95974799999,0.0,3,0,0.0,0,0,,,,,,,,,,3,1,,,,,4.878193002984924,4189.970393428297,0.9999159625957943,8.403740420562914e-05,1.35,-204282.70319378487,386183.831076,386183.831076,0.0,7,0,0.0,1,1,,,,,5.096647544928026,0.0,0.9935568303381316,0.0064431696618683885,0.0,6,1,,,,,4.881841920072455,3940.5199814759803,0.9999730464987914,2.6953501208675587e-05,1.35,-380493.36323116795,329115.48612100014,329115.48612100014,0.0,25,0,0.0,8,2,,,,,5.038678797635215,0.0,0.9974214134909858,0.0025785865090143037,0.3672014976291855,17,2,,,,,4.890504859088574,3840.893895298811,0.9996128484726757,0.0003871515273242323,1.35,-89589.86668363254,835812.8478920001,835812.8478920001,0.0,71,1,0.0,30,4,,,,,5.075454477310293,0.0,0.9949697015126472,0.005030298487352909,0.031080526450292977,41,4,,,,,4.915269453591802,3579.6639516081764,0.9984823240690494,0.0015176759309506042,1.35,-1077602.7945317992,14709.585177000012,14709.585177000012,0.0,358,3,0.0,166,16,,,,,5.1046946782194045,0.8418733868906635,0.9930203547853731,0.006979645214626976,0.011583810630336597,192,16,,,,,4.940955021138833,3572.049028255008,0.9970868923547881,0.002913107645211895,1.35,-1676505.7264566722,-619718.5849719997,-619718.5849719997,0.0,714,6,0.0,351,31,,,,,5.101112746519909,6.556031291482935,0.9928467522492386,0.0071532477507614215,0.1474363502447691,363,31,,,,,4.936092556714157,3841.68523440861,0.9966536258997388,0.00334637410026112,1.3261753802013536
1811,SKR,0.0,0.0,0.0,,0,0,0,0,0,30d,bearish,-1675896.9554301419,714,,,,,,,3.5259322015193555,3070.619893511978,0.9687574588669221,0.031242541133077863,1.2699218808553832,,35987.402612551596,7056.945107000004,7056.945107000004,0.0,3,0,0.0,2,1,,,,,3.408367649872355,0.0,0.9618087084582074,0.038191291541792585,1.0,1,1,,,,,3.432750842078199,604.4509286500811,0.9745440681130471,0.025455931886952898,1.35,-118176.43671133369,-24966.214354,-24966.214354,0.0,7,0,0.0,3,1,,,,,3.4033705474596503,0.0,0.961927847637736,0.03807215236226422,1.0,4,1,,,,,3.4351888808291284,580.995775857037,0.9744006540688748,0.025599345931125204,1.3499999999999999,-8809.539770324322,37913.55229399999,37913.55229399999,0.0,25,0,0.0,13,2,,,,,3.1836761462671745,0.0,0.962663238711754,0.03733676128824602,1.0,12,2,,,,,3.4296140686163947,745.4008308225065,0.9747285841990355,0.02527141580096441,1.35,-624903.8430374234,-78039.823629,-78039.823629,0.0,71,1,0.0,28,4,,,,,3.327000581246006,0.0,0.9619845391544467,0.03801546084555328,1.0,43,4,,,,,3.442528155423221,880.1755440092769,0.9739580452352923,0.026041954764707744,1.3500000000000003,-1538483.6516376222,-214524.942904,-214524.942904,0.0,358,3,0.0,171,16,,,,,3.507852320601378,23.98855195443684,0.967715028029453,0.03228497197054708,1.0086483736324732,187,16,1,1.0,1.0,0.0,3.3143737205853343,1856.7061853806683,0.9811694956619796,0.01883050433802044,1.3411579143900723,-1675896.9554301419,-263650.235518,-263650.235518,0.0,714,6,0.0,346,31,,,,,4.014824602065147,21.57783139729118,0.9381354524197894,0.06186454758021054,0.8623034371750522,368,31,1,1.0,1.0,0.0,3.5259322015193555,3070.619893511978,0.9687574588669221,0.031242541133077863,1.2699218808553832
1811,XLM,0.0,0.0,0.0,,0,0,0,0,0,15d,bullish,1637720.2559200434,358,,,,,,,5.060423826061877,0.0,0.9944987032695494,0.005501296730450607,0.060892127532513114,,-42522.667062092,-2792.967150000003,-2792.967150000003,0.0,3,0,0.0,0,0,,,,,,,,,,3,1,,,,,4.957931801230563,3296.769021414397,0.9971214322274665,0.002878567772533511,1.3499999999999999,-102534.292250153,9049.501505,9049.501505,0.0,7,0,0.0,0,0,,,,,,,,,,7,1,,,,,4.959449456463076,3266.1933258468107,0.9970280739852907,0.002971926014709481,1.35,-423047.8136407254,-150359.871765,-150359.871765,0.0,25,0,0.0,5,2,,,,,5.029158749036483,0.0,0.9980044944577966,0.0019955055422032557,0.0,20,2,,,,,4.9538281056693405,3316.5174349983818,0.9972505221335813,0.0027494778664188613,1.3500000000000003,-52300.40062057168,-691072.552735,-691072.552735,0.0,71,1,0.0,37,4,,,,,5.058556016335467,0.0,0.9952899600033495,0.004710039996650427,0.09196462987734812,34,4,,,,,4.955541001805947,3395.4183804739037,0.996921822236917,0.003078177763082839,1.35,1637720.2559200434,317525.3283449999,317525.3283449999,0.0,358,3,0.0,229,16,,,,,5.060423826061877,0.0,0.9944987032695494,0.005501296730450607,0.060892127532513114,129,16,1,1.0,1.0,0.0,4.973294461603875,3074.4836236456244,0.9970789748848073,0.0029210251151925272,1.2750367158526212,-731904.9626714274,-2272443.9086400005,-2272443.9086400005,0.0,714,6,0.0,407,31,1,1.0,1.0,0.0,5.213453609547285,1.8282445483891832,0.9842291998250985,0.015770800174901543,0.07557257135073235,307,31,2,0.5411082063312214,1.0,0.0,5.077918897337924,3083.7762077053562,0.9900394455239054,0.009960554476094662,0.892413748400331
1811,ENA,0.0,0.0,0.0,,0,0,0,0,0,15d,bearish,-1571041.6437224492,358,,,,,,,9.301618885884556,1076.5928313465863,0.12399686266207896,0.8760031373379212,-0.9000000000000001,,81197.56920710369,235739.1444350001,235739.1444350001,0.0,3,0,0.0,3,1,,,,,9.376612802469946,12.705732236617871,0.08942158655194173,0.9105784134480583,-1.25,0,0,,,,,,,,,,-386802.63721133186,175266.76660500013,175266.76660500013,0.0,7,0,0.0,5,1,,,,,9.36876527235236,13.127152609540886,0.09006636582730361,0.9099336341726963,-1.2499999999999998,2,1,,,,,9.768479420039183,1331.7964018091789,0.03711188303361195,0.9628881169663881,-0.9,304946.42556023045,-229195.7222999999,-229195.7222999999,0.0,25,0,0.0,13,2,,,,,8.868125974436758,30.296914100161242,0.19703899166731437,0.8029610083326857,-1.183608123394595,12,2,1,1.0,1.0,0.0,9.754635399680343,1283.9894537406071,0.03888668176798801,0.9611133182320121,-0.9,-294480.88374260656,-1679863.772765,-1679863.772765,0.0,71,1,0.0,34,4,,,,,9.072340274615971,51.152772335997874,0.1477865837164672,0.8522134162835329,-1.0565050081212186,37,4,1,1.0,1.0,0.0,9.709629004638845,1110.9147055129165,0.04267430349500333,0.9573256965049967,-0.9,-1571041.6437224492,-5091257.243370001,-5091257.243370001,0.0,358,3,0.0,169,16,8,0.36354453384235214,0.643778574045545,0.0,9.270937044685887,62.75208836987104,0.09455876482564614,0.9054412351743537,-0.9205149294182808,189,16,10,0.2914715003401643,0.6689305116571763,0.0,9.301618885884556,1076.5928313465863,0.12399686266207896,0.8760031373379212,-0.9000000000000001,-846148.9374197914,-8680688.888669003,-8680688.888669003,0.0,714,6,0.0,350,31,9,0.26858418404724776,0.5851626374785605,0.0,9.218459769942296,60.373249179208294,0.11685975473192879,0.8831402452680712,-0.9178282564584428,364,31,14,0.22256304876806626,0.5569046121488047,0.0,8.952047894419692,1151.0140919779824,0.19426620306269196,0.8057337969373081,-0.9
1811,SUI,0.0,0.0,0.0,,0,0,0,0,0,30d,bullish,1540527.24458782,714,,,,,,,9.510146872059554,28.950682483020742,0.08936893833947628,0.9106310616605239,-1.2117057698690183,,82907.3574313577,287495.722794,287495.722794,0.0,3,0,0.0,1,1,,,,,9.302304688356385,33.66835898070801,0.13502857291391052,0.8649714270860892,-1.25,2,1,,,,,9.932786519596917,2407.047994237633,0.00535804223745455,0.9946419577625457,-0.9000000000000001,147537.78059388418,360834.3657839998,360834.3657839998,0.0,7,0,0.0,4,1,,,,,9.418820769232177,33.94352539060219,0.11144766803708196,0.8885523319629178,-1.25,3,1,,,,,9.932959918147548,2404.7185646099997,0.005353878574447211,0.9946461214255531,-0.9000000000000001,-34942.38742328099,-877447.9291810003,-877447.9291810003,0.0,25,0,0.0,11,2,,,,,9.637366054895226,35.05926037828646,0.06297878785999694,0.9370212121400031,-1.25,14,2,,,,,9.901086867887074,2439.449583758923,0.011431790602668702,0.9885682093973315,-0.9000000000000001,632796.3957972024,-1386099.0265480003,-1386099.0265480003,0.0,71,1,0.0,38,4,,,,,9.66037077291167,33.532960067719515,0.055836516943870436,0.9441634830561294,-1.25,33,4,,,,,9.88723790109819,2482.935230020517,0.013970991076981253,0.9860290089230188,-0.9000000000000001,556008.452910707,-977117.8315279996,-977117.8315279996,0.0,358,3,0.0,156,16,1,1.0,1.0,0.0,9.507663576464084,32.31280228390331,0.08178991823175713,0.9182100817682429,-1.1947043024780866,202,16,1,1.0,1.0,0.0,9.89644130189129,2663.345971380097,0.009779985539358587,0.9902200144606415,-0.9,1540527.24458782,364334.1561049997,364334.1561049997,0.0,714,6,0.0,354,31,2,0.8002875061146114,1.0,0.0,9.510146872059554,28.950682483020742,0.08936893833947628,0.9106310616605239,-1.2117057698690183,360,31,1,1.0,1.0,0.0,9.883580884356244,2333.0108166157884,0.013003770151001952,0.986996229848998,-0.9000000000000001
1811,LDO,0.0,0.0,0.0,,0,0,0,0,0,30d,bullish,1528541.5068368637,714,,,,,,,5.144985596799535,6.196112537842983,0.9893609323161272,0.010639067683872764,0.03873150889001823,,-6624.194029108008,-59250.20792099992,-59250.20792099992,0.0,3,0,0.0,2,1,,,,,5.197103349156727,0.0,0.986859776722885,0.013140223277115046,0.0,1,1,,,,,5.104921188877451,2319.498166826963,0.9930052540748366,0.006994745925163495,0.35,-9083.146687298811,-50191.81584999992,-50191.81584999992,0.0,7,0,0.0,3,1,,,,,5.200994966635715,0.0,0.9866003355576187,0.013399664442381007,0.0,4,1,,,,,5.105584885464049,2313.800222826699,0.9929610076357301,0.007038992364270051,0.35,4438.163938153391,61637.123041,61637.123041,0.0,25,0,0.0,9,2,,,,,5.220582655148737,0.0,0.9852944896567508,0.014705510343249158,0.0,16,2,,,,,5.112677207758028,2257.9913395803337,0.9794371563518991,0.020562843648100917,0.35,-112102.29682734881,84556.59557899996,84556.59557899996,0.0,71,1,0.0,32,4,,,,,5.214326948393591,0.0,0.9857115367737606,0.014288463226239377,0.0,39,4,,,,,5.105687317007215,2120.9067001908497,0.9730244007666943,0.026975599233305534,0.35,541176.1871996815,-874806.1249349999,-874806.1249349999,0.0,358,3,0.0,186,16,1,1.0,1.0,0.0,5.144853166939403,7.153634334160694,0.9883977669935683,0.011602233006431737,0.05754258162606544,172,16,,,,,5.100791631474781,2269.7350664198984,0.9896503373177755,0.010349662682224493,0.35,1528541.5068368637,-1599574.2904989999,-1599574.2904989999,0.0,714,6,0.0,371,31,1,1.0,1.0,0.0,5.144985596799535,6.196112537842983,0.9893609323161272,0.010639067683872764,0.03873150889001823,343,31,,,,,5.111429302285693,2404.2176480840917,0.9666430071769322,0.033356992823067796,0.35
1811,ACE,0.0,0.0,0.0,,0,0,0,0,0,30d,bearish,-1475685.964744392,714,,,,,,,3.8694939274740596,5388.555279936709,0.9447290866743475,0.05527091332565249,1.2426577458733328,,-48403.814713627005,-9316.997279000016,-9316.997279000016,0.0,3,0,0.0,2,1,,,,,19.695016693230155,0.0,0.017940194515873305,0.9820598054841269,-1.8,1,1,,,,,4.288240992851374,4959.924308248566,0.9242211180675663,0.07577888193243372,1.35,-127650.03174764969,-64811.845779000025,-64811.845779000025,0.0,7,0,0.0,3,1,,,,,19.44321748288731,0.0,0.03275191277133473,0.9672480872286653,-1.8,4,1,,,,,4.390274551734814,5013.299356285136,0.918219144015599,0.08178085598440085,1.35,-53975.0480646585,-74616.25557200008,-74616.25557200008,0.0,25,0,0.0,9,2,,,,,11.697915437598315,0.0,0.4883579154353933,0.5116420845646067,-0.6389103915521378,16,2,,,,,6.146191756410008,9760.409990855725,0.8149298966817641,0.1850701033182358,0.7383543634578567,-176611.69877223147,-226190.16527000009,-226190.16527000009,0.0,71,1,0.0,22,4,,,,,12.262397206686883,0.0,0.455153105489007,0.544846894510993,-0.7368681900373619,49,4,,,,,5.959535042718703,9021.891040117218,0.825909703369488,0.17409029663051198,0.7529423170708497,68907.16977191377,47703.77483299997,47703.77483299997,0.0,358,3,0.0,157,16,,,,,7.461157957554857,0.0,0.7375789436732437,0.2624210563267563,0.1435462927212,201,16,,,,,4.642549834132881,7736.30036711459,0.8939535083190486,0.10604649168095139,1.0594743098404866,-1475685.964744392,-849015.0429,-849015.0429,0.0,714,6,0.0,309,31,,,,,5.545551494208941,0.25915644511910585,0.8502616768112388,0.14973832318876124,0.5692707954286587,405,31,,,,,3.8694939274740596,5388.555279936709,0.9447290866743475,0.05527091332565249,1.2426577458733328
1811,kPEPE,0.0,0.0,0.0,,0,0,0,0,0,15d,bearish,-1425743.939306388,358,,,,,,,9.715818481378594,2332.705959956694,0.02858329220982639,0.9714167077901736,-0.9,,126222.29167227868,466292.472466,466292.472466,0.0,3,0,0.0,1,1,,,,,8.64597750895391,21.167976628879583,0.22891746494448764,0.7710825350555123,-1.25,2,1,,,,,9.800891737012428,2617.735234599687,0.020379084271650798,0.9796209157283492,-0.9000000000000001,162482.8985735847,532003.444117,532003.444117,0.0,7,0,0.0,2,1,,,,,8.663922458842281,21.05116158736038,0.22369128167736657,0.7763087183226335,-1.25,5,1,,,,,9.791751267301688,2635.084513089898,0.021364122514027493,0.9786358774859725,-0.9,-78043.44376306012,-996523.6801359997,-996523.6801359997,0.0,25,0,0.0,9,2,,,,,8.695687516136026,21.247387569558434,0.2174243188154659,0.782575681184534,-1.25,16,2,,,,,9.725390607398765,2512.686213052678,0.032084309368199525,0.9679156906318004,-0.9,-403272.1133562874,-312435.23148199957,-312435.23148199957,0.0,71,1,0.0,26,4,,,,,9.008261140340698,22.401241135615457,0.16659126292078646,0.8334087370792135,-1.25,45,4,,,,,9.781538671063984,2474.1851415091915,0.030435072513712195,0.9695649274862878,-0.8999999999999999,-1425743.939306388,-292112.3153539986,-292112.3153539986,0.0,358,3,0.0,156,16,1,1.0,1.0,0.0,9.028587041019888,33.79282162290248,0.1712620898667989,0.8287379101332011,-1.1477494326339528,202,16,4,0.6303335817820637,0.8882847160511469,0.0,9.715818481378594,2332.705959956694,0.02858329220982639,0.9714167077901736,-0.9,706726.0126552159,1284886.3129650028,1284886.3129650028,0.0,714,6,0.0,330,31,2,0.8803871407938293,1.0,0.0,9.475837740417134,27.3497866878887,0.13082660851361325,0.8691733914863867,-1.330562831522225,384,31,5,0.5015172010788067,0.8429059539238788,0.0,9.803621634421445,2154.913438527343,0.026527326196300494,0.9734726738036994,-0.961320041611666
1811,LTC,0.0,0.0,0.0,,0,0,0,0,0,15d,bullish,1403090.4524545812,358,,,,,,,10.111662901648716,4.351110656948335,0.04101467317447403,0.958985326825526,-1.6440964174093593,,-160110.56285288578,29844.243290000035,29844.243290000035,0.0,3,0,0.0,1,1,,,,,10.136230242153385,0.0,0.09304303054973544,0.9069569694502645,-1.8,2,1,,,,,9.10352257195262,2227.9677509791713,0.09632125105135456,0.9036787489486453,-0.8999999999999999,-158791.71467390325,134416.33357000002,134416.33357000002,0.0,7,0,0.0,4,1,,,,,9.832267149217834,7.7169894982912455,0.05336531895649638,0.9466346810435035,-1.5023591615906282,3,1,,,,,9.105299778032894,2221.136448056867,0.09612578813798564,0.9038742118620143,-0.9,-180418.76201703807,134479.77177500012,134479.77177500012,0.0,25,0,0.0,11,2,,,,,9.607749571688132,17.34760013127853,0.016374811110740878,0.9836251888892592,-1.2721963098187443,14,2,,,,,9.117152157985826,2128.582486353087,0.09577857656727388,0.9042214234327262,-0.9000000000000001,-163428.2386504189,-2975661.3687449996,-2975661.3687449996,0.0,71,1,0.0,30,4,,,,,9.722408053172426,13.456128839005768,0.009783221316521649,0.9902167786834782,-1.3024079276159004,41,4,,,,,9.052916697869781,2008.390131435535,0.10833459352879861,0.8916654064712014,-0.9,1403090.4524545812,-3558348.0802249988,-3558348.0802249988,0.0,358,3,0.0,193,16,,,,,10.111662901648716,4.351110656948335,0.04101467317447403,0.958985326825526,-1.6440964174093593,165,16,2,0.6840661813988919,1.0,0.0,9.153842279082465,2339.1060305261735,0.09180884011581775,0.9081911598841823,-0.9,1044448.8144723398,-5396143.777834998,-5396143.777834998,0.0,714,6,0.0,385,31,1,1.0,1.0,0.0,10.237260910976204,4.283135473910704,0.031221054220358722,0.9687789457796414,-1.7014022259714794,329,31,2,0.6840661813988919,1.0,0.0,9.21571770377972,2794.9832491217953,0.09275853862138851,0.9072414613786116,-0.9000000000000001
1811,LATINA,0.0,0.0,0.0,,0,0,0,0,0,15d,bullish,1361699.0128,1,,,,,,,0.0,0.0,0.0,0.0,0.0,,,,,,,,,,,,,,,,,,,,,,,,,,,,,,,,,,,,,,,,,,,,,,,,,,,,,,,,,,,,,,,,,,,,,,,,,,,,,,,,,,,,,,,,,,,,,,,,,,,,,,,,,,,,,,,,,,,,,,1361699.0128,-1215802.69,0.0,-1215802.69,1,0,1.0,1,1,,,,,0.0,0.0,0.0,0.0,0.0,0,0,1,1.0,1.0,1.0,,,,,,1361699.0128,-1215802.69,0.0,-1215802.69,1,0,1.0,1,1,,,,,0.0,0.0,0.0,0.0,0.0,0,0,1,1.0,1.0,1.0,,,,,
1811,WLFI,0.0,0.0,0.0,,0,0,0,0,0,30d,bullish,1340452.7051665597,714,,,,,,,4.660535093317549,26.134890803078417,0.992583845696864,0.007416154303135906,0.9678889179963607,,17964.569021489802,47016.660311,47016.660311,0.0,3,0,0.0,3,1,,,,,4.6292907118468,17.761384581333733,0.9943364443892279,0.005663555610772139,0.45,0,0,,,,,,,,,,18152.223570581402,49578.377798,49578.377798,0.0,7,0,0.0,5,1,,,,,4.629174130676991,17.777893230805578,0.9943439540624872,0.005656045937512939,0.45,2,1,,,,,5.032175433010908,1328.0449080658884,0.9965202406837981,0.003479759316201778,0.3499999999999999,35227.63948972821,107345.911015,107345.911015,0.0,25,0,0.0,17,2,,,,,4.627592174314212,18.324841484172662,0.9943342503795709,0.005665749620429056,0.44999999999999996,8,2,,,,,5.030782733548176,1308.9184688483215,0.9966148504729997,0.0033851495270004407,0.35000000000000003,47.12520434941466,146781.36477,146781.36477,0.0,71,1,0.0,37,4,,,,,4.615305051726563,20.185784808025037,0.9945925867205951,0.005407413279404854,0.5050731689142556,34,4,,,,,5.02828286042796,1303.5531902244109,0.9967838431431447,0.0032161568568552243,0.35,800077.1329588742,589438.9848469999,589438.9848469999,0.0,358,3,0.0,180,16,,,,,4.50654376341306,23.420307533809666,0.9984392208166573,0.001560779183342685,0.8910426467139875,178,16,,,,,4.966352919755309,1166.7498922629989,0.998954305183499,0.0010456948165008337,1.1263078716638046,1340452.7051665597,509005.25156400027,509005.25156400027,0.0,714,6,0.0,344,31,1,1.0,1.0,0.0,4.660535093317549,26.134890803078417,0.992583845696864,0.007416154303135906,0.9678889179963607,370,31,,,,,5.00640841016929,1216.5058846714967,0.9933227716432079,0.006677228356792142,0.8026828557354067
1811,WLD,0.0,0.0,0.0,,0,0,0,0,0,15d,bullish,1286797.2865652076,358,,,,,,,8.986731899382407,33.13021305711212,0.1964303266362618,0.8035696733637383,-1.1797027077260758,,-305098.4538662961,-448859.70032299985,-448859.70032299985,0.0,3,0,0.0,1,1,,,,,9.17598637860936,25.19337207805791,0.15825743250839802,0.8417425674916019,-1.25,2,1,,,,,9.56960583517343,1251.361880003786,0.0069904247253708834,0.9930095752746292,-0.9,12099.263099718044,307707.4125530002,307707.4125530002,0.0,7,0,0.0,4,1,,,,,9.039475086133443,25.24586964654155,0.18449926370856629,0.8155007362914337,-1.25,3,1,,,,,9.570676611997408,1250.4590601314424,0.006669766493980725,0.9933302335060192,-0.9000000000000001,761206.2847962275,-3243227.9327510004,-3243227.9327510004,0.0,25,0,0.0,15,2,,,,,9.034110101075717,28.43735220855796,0.18495397537983282,0.8150460246201671,-1.25,10,2,1,1.0,1.0,0.0,9.574226868952893,1221.3840608151884,0.00566852187444743,0.9943314781255526,-0.9,1157289.1920130814,-5506581.812925,-5506581.812925,0.0,71,1,0.0,41,4,1,1.0,1.0,0.0,9.038375756930723,26.950253389062652,0.18434810850210975,0.8156518914978902,-1.25,30,4,1,1.0,1.0,0.0,9.554050709888065,1356.7842436136111,0.0065171814982313645,0.9934828185017687,-0.9,1286797.2865652076,-4655352.062822,-4655352.062822,0.0,358,3,0.0,183,16,2,0.6926359921276697,1.0,0.0,8.986731899382407,33.13021305711212,0.1964303266362618,0.8035696733637383,-1.1797027077260758,175,16,2,0.6585633117804132,1.0,0.0,9.470714017227195,1746.1410935088384,0.008233002918654362,0.9917669970813456,-0.9,579960.6705850738,-7147591.732042001,-7147591.732042001,0.0,714,6,0.0,366,31,3,0.43613205412959405,1.0,0.0,9.140928017766353,37.079197392124655,0.17476650527487184,0.8252334947251283,-1.1427111122496811,348,31,4,0.4793835762981378,0.8791850409093221,0.0,9.414563567837343,1802.0845118961165,0.011312693389512199,0.9886873066104879,-0.9
1811,CRV,0.0,0.0,0.0,,0,0,0,0,0,15d,bearish,-1251900.0859595104,358,,,,,,,9.517054501973737,3216.241549640253,0.08391271311542356,0.9160872868845763,-0.8999999999999999,,-39317.55835480216,-4487.094926000068,-4487.094926000068,0.0,3,0,0.0,0,0,,,,,,,,,,3,1,,,,,9.602715867770174,2969.0588401663913,0.06726548246397451,0.9327345175360257,-0.9,29495.69943650165,260624.79815499997,260624.79815499997,0.0,7,0,0.0,3,1,,,,,9.245192999854545,45.94402488867594,0.17919388435930017,0.8208061156406998,-0.9,4,1,,,,,9.60313489869745,2945.4857383429094,0.06726109140358381,0.9327389085964164,-0.9,-79351.58702743241,546316.8844630001,546316.8844630001,0.0,25,0,0.0,10,2,,,,,9.397015104456948,47.075282547054705,0.1456384623121965,0.8543615376878035,-0.9,15,2,,,,,9.606141249337732,2653.453477164495,0.06777355001456298,0.9322264499854371,-0.9000000000000001,-555198.7553168149,-669864.9300239999,-669864.9300239999,0.0,71,1,0.0,27,4,,,,,9.478229713101845,47.653164175080256,0.12227026365127343,0.8777297363487265,-0.9,44,4,,,,,9.576431235156292,2697.749011960762,0.0737192400367217,0.9262807599632784,-0.9,-1251900.0859595104,-1288351.3882919997,-1288351.3882919997,0.0,358,3,0.0,158,16,,,,,9.87217152588541,12.292820749099029,0.05690354169373343,0.9430964583062666,-1.3733745172038596,200,16,,,,,9.517054501973737,3216.241549640253,0.08391271311542356,0.9160872868845763,-0.8999999999999999,-812178.0228918748,-846975.2045239997,-846975.2045239997,0.0,714,6,0.0,330,31,,,,,10.022307198585786,6.392079286552054,0.09053569025251144,0.9094643097474885,-1.53570667068709,384,31,,,,,9.427106177948989,3590.8932595702413,0.10123138852403309,0.8987686114759669,-0.9
1811,DRV,0.0,0.0,0.0,,0,0,0,0,0,15d,bullish,1237694.6296077718,267,,,,,,,0.0,0.0,0.0,0.0,0.0,,-7741.414767659306,8507.049195230007,0.0,8507.049195230007,3,0,1.0,0,0,,,,,,,,,,3,1,,,,,0.0,0.0,0.0,0.0,0.0,-18850.804593074856,20715.169882499846,0.0,20715.169882499846,7,0,1.0,0,0,,,,,,,,,,7,1,,,,,0.0,0.0,0.0,0.0,0.0,-18887.405450078895,82626.30375848967,0.0,82626.30375848967,25,0,1.0,14,1,,,,,0.0,0.0,0.0,0.0,0.0,11,2,,,,,0.0,0.0,0.0,0.0,0.0,-457219.6431205722,645060.5211827998,0.0,645060.5211827998,71,1,1.0,49,3,,,,,0.0,0.0,0.0,0.0,0.0,22,4,,,,,0.0,0.0,0.0,0.0,0.0,1237694.6296077718,2415247.56678036,0.0,2415247.56678036,267,2,1.0,166,15,2,0.7991438735590901,1.0,1.0,0.0,0.0,0.0,0.0,0.0,101,14,1,1.0,1.0,1.0,0.0,0.0,0.0,0.0,0.0,1119138.104249694,1696532.0407548896,0.0,1696532.0407548896,363,4,1.0,252,27,2,0.9301561907687872,1.0,1.0,0.0,0.0,0.0,0.0,0.0,111,19,1,1.0,1.0,1.0,0.0,0.0,0.0,0.0,0.0
1811,EIGEN,0.0,0.0,0.0,,0,0,0,0,0,30d,bullish,1236425.1497139083,714,,,,,,,5.696811975030766,24.064012639971242,0.9477875064535182,0.05221249354648181,0.29347067531598536,,-28717.560548686793,28391.02332099998,28391.02332099998,0.0,3,0,0.0,0,0,,,,,,,,,,3,1,,,,,5.0591921389399825,6234.730443383118,0.9931960931486888,0.006803906851311232,0.35000000000000003,-25180.16283377821,11003.13366400003,11003.13366400003,0.0,7,0,0.0,1,1,,,,,5.022670977808937,31.10411453461714,0.9957391790827772,0.004260820917222912,0.0,6,1,,,,,5.056578988029491,6200.993075901233,0.9933792173976002,0.006620782602399892,0.35,-121969.036912912,-206542.96744699997,-206542.96744699997,0.0,25,0,0.0,9,2,,,,,5.075548591016679,30.1167474459038,0.9922777400709456,0.007722259929054421,0.295153480993737,16,2,,,,,5.1191741785170475,6194.6620324893875,0.9894025802746207,0.0105974197253793,0.35,-216159.14385588098,-319520.85678699997,-319520.85678699997,0.0,71,1,0.0,32,4,,,,,5.066969138453666,29.615104690301937,0.9929462268662609,0.007053773133739135,0.27473185471369327,39,4,,,,,5.1386922233552115,6578.340672445635,0.988041261572047,0.01195873842795311,0.35000000000000003,-21054.905222449703,-223139.438427,-223139.438427,0.0,358,3,0.0,203,16,,,,,5.0183445526701265,23.238979482601923,0.9839483240928589,0.016051675907141086,0.534342099332765,155,16,,,,,5.101379322482114,7477.140017876029,0.9903493001007337,0.009650699899266334,0.5038614386872078,1236425.1497139083,694701.7007490001,694701.7007490001,0.0,714,6,0.0,394,31,,,,,5.696811975030766,24.064012639971242,0.9477875064535182,0.05221249354648181,0.29347067531598536,320,30,,,,,5.2111189293183875,6138.249673612478,0.982789835623011,0.01721016437698908,0.4639308912324238
1811,STRK,0.0,0.0,0.0,,0,0,0,0,0,30d,bearish,-1192744.5627061604,714,,,,,,,5.391038335842602,5354.432175917125,0.9739307776104932,0.026069222389506742,0.35000000000000003,,-2503.0598231627437,12416.796276000057,12416.796276000057,0.0,3,0,0.0,1,1,,,,,6.223118542585294,0.0,0.9184579872766332,0.08154201272336689,0.0,2,1,,,,,5.166642772602233,3521.382184979006,0.988890481826518,0.011109518173482238,0.35,59049.6055360504,151246.07290200004,151246.07290200004,0.0,7,0,0.0,4,1,,,,,6.226743315375102,0.0,0.9182163378166942,0.08178366218330572,0.0,3,1,,,,,5.162288671324598,3523.1912123695897,0.9891807552450267,0.010819244754973258,0.35,-8343.27520298301,61210.32102000002,61210.32102000002,0.0,25,0,0.0,10,2,,,,,6.112702372247814,0.0,0.9258190621259471,0.074180937874053,0.0,15,2,,,,,5.1319601403048285,3289.4005703286402,0.9912026573130113,0.008797342686988579,0.35,-566278.5020337895,-520788.2419519999,-520788.2419519999,0.0,71,1,0.0,30,4,,,,,5.732353044803265,13.461153270434671,0.9511757941668164,0.04882420583318367,0.04641748165039318,41,4,,,,,5.126919907895886,3548.7285719221013,0.991538672806941,0.008461327193059032,0.35,-784069.9697710539,-871523.4234549999,-871523.4234549999,0.0,358,3,0.0,165,16,,,,,5.626805155910076,4.210728627320074,0.9582123083325413,0.04178769166745855,0.014519663721732773,193,16,,,,,5.135623595187838,4718.201488862795,0.9909584269874774,0.009041573012522565,0.35,-1192744.5627061604,-953884.5298779999,-953884.5298779999,0.0,714,6,0.0,360,31,,,,,6.434861853742243,2.7144148340969174,0.9043419145189738,0.09565808548102613,0.03600931608857828,354,31,,,,,5.391038335842602,5354.432175917125,0.9739307776104932,0.026069222389506742,0.35000000000000003
1811,ONDO,0.0,0.0,0.0,,0,0,0,0,0,30d,bearish,-1178351.524374003,714,,,,,,,9.6074710587867,2407.269185254268,0.04476757230534308,0.9552324276946568,-0.9,,29132.639029076214,-31808.678860000007,-31808.678860000007,0.0,3,0,0.0,2,1,,,,,10.02237627355645,0.0,0.006660458163039206,0.9933395418369608,-1.7999999999999998,1,1,,,,,9.8030582133476,2314.2146585982377,0.0267079815459753,0.973292018454025,-0.8999999999999999,81362.4901497855,-31437.65739000002,-31437.65739000002,0.0,7,0,0.0,4,1,,,,,10.018924700376498,0.0,0.006855321502119376,0.9931446784978806,-1.8,3,1,,,,,9.798764715252219,2310.9958566820646,0.027605049859043957,0.9723949501409561,-0.8999999999999999,416476.56677787896,813192.923335,813192.923335,0.0,25,0,0.0,16,2,,,,,9.934853507784673,2.1143381542716133,0.018766968615128114,0.9812330313848718,-1.6638137733675638,9,2,,,,,9.769366721661864,2075.7185813414203,0.027117651960132955,0.9728823480398672,-0.9,-99675.85261498817,-929548.5488849999,-929548.5488849999,0.0,71,1,0.0,37,4,,,,,9.960603660890754,5.541254246965361,0.013382445925935588,0.9866175540740644,-1.927388471390005,34,4,,,,,9.714435591567828,2135.752408570599,0.036159088488792616,0.9638409115112075,-0.9,-323190.1334855973,-1344125.603865,-1344125.603865,0.0,358,3,0.0,191,16,,,,,9.739465871839313,38.69993867834952,0.03973650518182363,0.9602634948181765,-1.2702849321497696,167,16,,,,,9.693900834138939,2268.682323142769,0.041158826520523835,0.9588411734794762,-0.9,-1178351.524374003,-5249548.966339999,-5249548.966339999,0.0,714,6,0.0,363,31,3,0.5024038545219095,1.0,0.0,9.447348396910948,47.521642663149834,0.09591518478635574,0.9040848152136444,-1.0482462118089348,351,31,2,0.5952119520430257,1.0,0.0,9.6074710587867,2407.269185254268,0.04476757230534308,0.9552324276946568,-0.9
1811,CC,0.0,0.0,0.0,,0,0,0,0,0,30d,bearish,-1178053.7755614396,714,,,,,,,3.6333325630451436,5485.446095149762,0.9626528003205169,0.03734719967948307,1.2582757538535225,,-47333.77589081259,50112.27296999999,50112.27296999999,0.0,3,0,0.0,0,0,,,,,,,,,,3,1,,,,,3.207290456201604,5773.415792549014,0.9878050697586439,0.012194930241356164,1.3500000000000003,-99938.57922065548,96101.927715,96101.927715,0.0,7,0,0.0,2,1,,,,,3.397019470750863,14.841782700187693,0.9766459134852432,0.02335408651475664,0.45000000000000007,5,1,,,,,3.195903903678877,5646.463433653929,0.9884748745282513,0.011525125471748523,1.35,-111583.93095605829,113547.91101499999,113547.91101499999,0.0,25,0,0.0,10,2,,,,,3.5465403833109157,14.865651638660767,0.9678505656875932,0.032149434312406786,0.45000000000000007,15,2,,,,,3.2166396108788033,5514.577450890699,0.9872551457087749,0.012744854291225046,1.35,-94041.80054778414,198817.741945,198817.741945,0.0,71,1,0.0,34,4,,,,,3.664705770907769,16.932169490801012,0.960899660534837,0.039100339465162844,0.45,37,4,,,,,3.218588073892507,5265.328930173103,0.9871405690786708,0.012859430921329221,1.35,-599431.1609729687,604135.601425,604135.601425,0.0,358,3,0.0,160,16,,,,,3.9706858101299476,22.195508861972186,0.9429008346982384,0.05709916530176161,0.7337050819027087,198,16,,,,,3.135482583965599,5929.958520654423,0.9920292646072146,0.00797073539278523,1.3570245727291887,-1178053.7755614396,154338.871645,154338.871645,0.0,714,6,0.0,337,31,,,,,6.031350833192253,28.76745082843637,0.8216852451063381,0.17831475489366194,0.2703265956056291,377,31,,,,,3.6333325630451436,5485.446095149762,0.9626528003205169,0.03734719967948307,1.2582757538535225
1811,SPX,0.0,0.0,0.0,,0,0,0,0,0,30d,bearish,-1128132.1691190822,714,,,,,,,5.215141206229885,6723.056265842692,0.9849121781973667,0.015087821802633333,0.4598029175290151,,-7314.130336622326,30390.798015999902,30390.798015999902,0.0,3,0,0.0,0,0,,,,,,,,,,3,1,,,,,5.0154439818192165,5029.613215016875,0.9985016384175258,0.0014983615824743098,0.35,40318.75610139517,-14297.735080999993,-14297.735080999993,0.0,7,0,0.0,4,1,,,,,5.076942585882174,0.0,0.9948704942745217,0.005129505725478326,0.0,3,1,,,,,5.0154439818192165,5029.613215016875,0.9985016384175258,0.0014983615824743098,0.35,-199695.25344219274,64176.12737299986,64176.12737299986,0.0,25,0,0.0,13,2,,,,,5.022913435442528,0.0,0.9984724376371648,0.001527562362835255,0.6573262188769486,12,2,,,,,4.995618686096776,4893.2354768410805,0.9997566101454549,0.00024338985454512555,1.093031734994242,55171.031236571696,241680.25597700005,241680.25597700005,0.0,71,1,0.0,38,4,,,,,5.106383831791464,0.0,0.9929077445472357,0.007092255452764266,0.21998694336690677,33,4,,,,,4.997844657787857,4706.320305814261,0.9995547084113946,0.0004452915886051919,1.0422317008239177,-333958.0488765678,-218605.70074999993,-218605.70074999993,0.0,358,3,0.0,170,16,,,,,5.816301710389242,0.3471095865066211,0.9455168084175571,0.054483191582442865,0.06095454177874788,188,16,,,,,5.10880049589506,5368.992393688945,0.9917950024475939,0.008204997552406208,0.5319580675941364,-1128132.1691190822,-920858.3467839998,-920858.3467839998,0.0,714,6,0.0,330,31,,,,,6.2043810979582865,0.23042706369319202,0.9195092906934328,0.08049070930656735,0.04046438538963531,384,31,,,,,5.215141206229885,6723.056265842692,0.9849121781973667,0.015087821802633333,0.4598029175290151
1811,MORPHO,0.0,0.0,0.0,,0,0,0,0,0,30d,bearish,-1106386.1542576654,714,,,,,,,5.147134458035082,4240.605591756628,0.9871550870498702,0.012844912950129682,0.35,,-33305.15233152204,131441.62749000004,131441.62749000004,0.0,3,0,0.0,1,1,,,,,4.410257694172103,0.0,0.9404671725559541,0.05953282744404588,1.0,2,1,,,,,5.166143855627416,4361.080975931625,0.9869982133388755,0.01300178666112443,0.35,5556.660999689985,349738.77200999996,349738.77200999996,0.0,7,0,0.0,2,1,,,,,4.553843956232297,0.0,0.9358672981627053,0.06413270183729469,1.0,5,1,,,,,5.163513452983973,4297.008535625406,0.9871960965275405,0.012803903472459301,0.3499999999999999,23069.953334276932,461568.283665,461568.283665,0.0,25,0,0.0,10,2,,,,,4.883903442538556,0.0,0.9307432191801299,0.06925678081987016,0.4659989830608472,15,2,,,,,5.151811463110629,4069.5148636351237,0.988086836164703,0.011913163835296848,0.35,13653.164356586905,-228858.36298499999,-228858.36298499999,0.0,71,1,0.0,31,4,,,,,5.1324130910260575,0.0,0.9298003369744346,0.07019966302556535,0.19974250610032343,40,4,,,,,5.163852817076602,4054.7536481022166,0.9875449370205908,0.012455062979409251,0.3499999999999999,373074.7117484156,379482.92072999995,379482.92072999995,0.0,358,3,0.0,182,16,,,,,4.812132435333816,18.867061446202314,0.9464458496938548,0.05355415030614518,0.6316588340881149,176,16,,,,,5.138324300501694,3914.6899799827693,0.9881946529644229,0.011805347035577124,0.3499999999999999,-1106386.1542576654,-1158296.42478,-1158296.42478,0.0,714,6,0.0,330,31,,,,,5.01731980723289,20.483494317039874,0.9512862699841459,0.04871373001585393,0.48864640705987794,384,31,,,,,5.147134458035082,4240.605591756628,0.9871550870498702,0.012844912950129682,0.35
1811,MNT,0.0,0.0,0.0,,0,0,0,0,0,30d,bearish,-977213.0397321075,714,,,,,,,5.2199416447817075,3194.4946369085587,0.9853372236812196,0.014662776318780497,0.35,,13357.22583025917,14360.343187999973,14360.343187999973,0.0,3,0,0.0,1,1,,,,,5.421248588048294,0.0,0.9564481481466559,0.04355185185334406,0.0,2,1,,,,,5.107005505010923,1595.345093472544,0.9928662996659383,0.00713370033406163,0.35,11690.569579938792,9027.961471999994,9027.961471999994,0.0,7,0,0.0,4,1,,,,,5.3548273349107625,0.0,0.9604114109955265,0.03958858900447353,0.0,3,1,,,,,5.117660595137216,1594.0681013077538,0.9921559603241858,0.007844039675814306,0.35000000000000003,24087.717589503784,23459.889426999987,23459.889426999987,0.0,25,0,0.0,11,2,,,,,5.520936449903415,0.0,0.9494063113475256,0.050593688652474204,0.0,14,2,,,,,5.108160375997346,1498.27152242038,0.9927893082668436,0.007210691733156389,0.35,-37470.36846391518,-20461.199418999993,-20461.199418999993,0.0,71,1,0.0,32,4,,,,,5.373907551932597,0.0,0.9594321769774385,0.040567823022561414,0.08208940665421151,39,4,,,,,5.1297444540493,1506.3533392585955,0.9913503697300465,0.008649630269953345,0.3499999999999999,-579052.7389033944,-455038.493171,-455038.493171,0.0,358,3,0.0,154,16,,,,,5.6278019628014695,0.0,0.9442429764591223,0.055757023540877734,0.054567388963478784,204,16,,,,,5.139536978009328,2100.535511287466,0.990697534799378,0.009302465200621904,0.35,-977213.0397321075,-942137.930349,-942137.930349,0.0,714,6,0.0,336,31,,,,,5.331669750498651,0.0,0.9658265029405576,0.03417349705944244,0.2886503565452023,378,31,,,,,5.2199416447817075,3194.4946369085587,0.9853372236812196,0.014662776318780497,0.35
1811,ZORA,0.0,0.0,0.0,,0,0,0,0,0,15d,bearish,-910190.7730735531,358,,,,,,,3.3850794536876516,7356.627995161644,0.9773482674301379,0.02265173256986189,1.35,,462.3832977830401,649.4635620000001,649.4635620000001,0.0,3,0,0.0,2,1,,,,,3.7130947062239565,0.0,0.9580532525750615,0.04194674742493861,1.0,1,1,,,,,3.9824162814954613,7751.4652245559855,0.9422108069708552,0.057789193029144786,1.35,-6863.51788183344,1813.0771410000002,1813.0771410000002,0.0,7,0,0.0,2,1,,,,,3.7130947062239565,0.0,0.9580532525750615,0.04194674742493861,1.0,5,1,,,,,3.981990193398819,7625.927149299627,0.94223587097654,0.057764129023459954,1.35,10683.958900856436,-53737.15074800001,-53737.15074800001,0.0,25,0,0.0,10,2,,,,,3.722492075981285,0.0,0.9575004661187481,0.042499533881252015,1.0,15,2,,,,,3.9986986403571,7453.099710456527,0.9412530211554647,0.05874697884453527,1.35,72623.97751375838,-69217.71054999999,-69217.71054999999,0.0,71,1,0.0,28,4,,,,,3.6696456317309476,0.0,0.9606090804864148,0.03939091951358515,1.0,43,4,,,,,4.0167439098545366,7283.379825010145,0.9401915347144388,0.059808465285561024,1.35,-910190.7730735531,-422595.4906760001,-422595.4906760001,0.0,358,3,0.0,155,16,,,,,3.437198298676386,0.4479768222884096,0.974282453019036,0.02571754698096388,1.0428163862218323,203,16,1,1.0,1.0,0.0,3.3850794536876516,7356.627995161644,0.9773482674301379,0.02265173256986189,1.35,-465759.6338459025,297176.86230800004,297176.86230800004,0.0,714,6,0.0,360,31,1,1.0,1.0,0.0,3.496593778698074,0.22050756482514938,0.9707886012530544,0.029211398746945547,0.9963664025751752,354,31,1,1.0,1.0,0.0,3.3660745073118146,8051.870417051848,0.978466205452246,0.02153379454775382,1.35
1811,ETHFI,0.0,0.0,0.0,,0,0,0,0,0,15d,bearish,-905084.2081835775,358,,,,,,,5.076764595882819,2096.326251486809,0.9921479162158403,0.007852083784159592,0.35,,-239259.10833217343,-6971.0963790000205,-6971.0963790000205,0.0,3,0,0.0,0,0,,,,,,,,,,3,1,,,,,5.066247522938368,1980.5176484712272,0.9925424505018102,0.007457549498189761,0.35000000000000003,-278573.81272264756,10443.520404999905,10443.520404999905,0.0,7,0,0.0,0,0,,,,,,,,,,7,1,,,,,5.064586766319091,1972.3489054373342,0.9926627475885275,0.0073372524114723265,0.3499999999999999,-266904.48807900713,-283515.35834599996,-283515.35834599996,0.0,25,0,0.0,10,2,,,,,4.971860094809645,47.90756043583057,0.983795158999163,0.01620484100083709,1.119479366789381,15,2,,,,,5.062016177428597,1967.1946614081312,0.9928115209446905,0.007188479055309458,0.35,-297382.3331772507,-406578.36578500003,-406578.36578500003,0.0,71,1,0.0,35,4,,,,,4.938301496825093,44.689318694929725,0.9845603509929022,0.015439649007097787,1.1916052031518836,36,4,,,,,5.05774838386108,1915.7449580620555,0.9930687696186068,0.006931230381393215,0.35,-905084.2081835775,-1315227.239851,-1315227.239851,0.0,358,3,0.0,173,16,,,,,4.953530747600262,43.572867992670375,0.9860531257045883,0.013946874295411724,1.0585876321208958,185,16,,,,,5.076764595882819,2096.326251486809,0.9921479162158403,0.007852083784159592,0.35,-845907.3322132713,-1600702.307291,-1600702.307291,0.0,714,6,0.0,341,31,1,1.0,1.0,0.0,4.989548760307439,50.59066956637358,0.9816641817890475,0.018335818210952412,1.0043553431928764,373,31,1,1.0,1.0,0.0,5.141051446550848,1680.2924555447412,0.988700315035695,0.01129968496430491,0.35
1811,FET,0.0,0.0,0.0,,0,0,0,0,0,30d,bearish,-877196.439886625,714,,,,,,,5.01879825421323,2766.406336245317,0.9944282718331786,0.005571728166821418,0.6959420288658547,,-139186.2579794564,28625.291019999997,28625.291019999997,0.0,3,0,0.0,1,1,,,,,6.743124443094664,0.0,0.8837917037936891,0.11620829620631092,0.0,2,1,,,,,5.086752131970762,2221.8978345539226,0.9926563004455428,0.007343699554457206,0.35,-172850.63582166738,50355.999885,50355.999885,0.0,7,0,0.0,1,1,,,,,6.743124443094664,0.0,0.8837917037936891,0.11620829620631092,0.0,6,1,,,,,5.086867721542349,2242.7088552286214,0.992618304868913,0.0073816951310871305,0.35,69866.284439198,-180723.60551000005,-180723.60551000005,0.0,25,0,0.0,9,2,,,,,6.288669407119384,0.0,0.9140649955735115,0.08593500442648848,0.0,16,2,,,,,5.065643605313172,2192.883974045904,0.9928701805079573,0.007129819492042695,0.39260007270412395,21131.25900014752,-217329.82878500005,-217329.82878500005,0.0,71,1,0.0,32,4,,,,,6.197603965087829,0.0,0.9171285847414002,0.08287141525859983,0.0,39,4,,,,,5.07091072308623,2254.5906639336235,0.9925767929312798,0.007423207068720243,0.36885285440257465,197712.05092275108,175549.55103499987,175549.55103499987,0.0,358,3,0.0,186,16,,,,,5.60138148885589,0.0,0.9492581566773548,0.050741843322645266,0.14932509534318647,172,16,,,,,5.050662163795576,2396.272175092959,0.9946213121267468,0.00537868787325323,0.4665237721171317,-877196.439886625,-929892.354395,-929892.354395,0.0,714,6,0.0,378,31,,,,,5.464780760072787,0.1586471490331334,0.9575439647197788,0.04245603528022125,0.19315869646281597,336,31,,,,,5.01879825421323,2766.406336245317,0.9944282718331786,0.005571728166821418,0.6959420288658547
1811,ADA,0.0,0.0,0.0,,0,0,0,0,0,15d,bullish,870905.6089265725,358,,,,,,,10.073531093113715,0.0,0.0006985910829097752,0.9993014089170902,-1.8,,-50522.763066451116,-128808.57778500003,-128808.57778500003,0.0,3,0,0.0,1,1,,,,,10.0676350947057,0.0,0.000467883325953991,0.999532116674046,-1.8,2,1,,,,,9.909510509582747,2298.682293716868,0.016601923967354458,0.9833980760326456,-0.9,-79882.21884733216,-59768.20868500001,-59768.20868500001,0.0,7,0,0.0,3,1,,,,,10.07218082957473,0.0,0.000287603294844088,0.9997123967051558,-1.8,4,1,,,,,9.906717607088593,2275.902069181554,0.017212425310871672,0.9827875746891283,-0.9,105653.28753081975,171967.63537499998,171967.63537499998,0.0,25,0,0.0,14,2,,,,,10.078058913472697,0.0,0.0002859147197925504,0.9997140852802073,-1.8,11,2,,,,,9.906561150739087,2271.9769235134668,0.01725279535592522,0.9827472046440747,-0.9000000000000001,612291.1063152939,-619599.84085,-619599.84085,0.0,71,1,0.0,40,4,,,,,10.080977357686724,0.0,0.0003374289652026354,0.9996625710347973,-1.8,31,4,,,,,9.90167262635633,2672.9518173586557,0.018258999903040994,0.9817410000969591,-0.9,870905.6089265725,1237688.0740750001,1237688.0740750001,0.0,358,3,0.0,176,16,,,,,10.073531093113715,0.0,0.0006985910829097752,0.9993014089170902,-1.8,182,16,,,,,9.875147825618422,3080.0015281703772,0.023800313722662204,0.9761996862773378,-0.9,-683093.0279580125,-4568271.928974999,-4568271.928974999,0.0,714,6,0.0,352,31,2,0.6802149087295692,1.0,0.0,9.901883017808201,4.7203893963286,0.033703665337894435,0.9662963346621056,-1.6885465057343934,362,31,3,0.3583532417651177,1.0,0.0,9.899368413223264,2706.170633634145,0.019684254647126347,0.9803157453528736,-0.9
1811,HEMI,0.0,0.0,0.0,,0,0,0,0,0,15d,bearish,-850436.6341221587,358,,,,,,,3.5181385619622194,5949.382443483439,0.9695178034877074,0.030482196512292538,1.3613940796659425,,1620.60835370896,2736.8616710000006,2736.8616710000006,0.0,3,0,0.0,2,1,,,,,2.9999999999999996,0.0,1.0,0.0,1.45,1,1,,,,,3.0393044089200427,5818.168134050899,0.9976879759458799,0.0023120240541201834,1.35,19145.987478918076,10528.898039,10528.898039,0.0,7,0,0.0,6,1,,,,,3.000961073471526,0.0,0.9999434662663809,5.653373361916013e-05,1.256813867152367,1,1,,,,,3.0393044089200427,5818.168134050899,0.9976879759458799,0.0023120240541201834,1.35,148304.9203004956,130100.43670499996,130100.43670499996,0.0,25,0,0.0,15,2,,,,,3.0051422642978785,0.0,0.9996975138648306,0.0003024861351693137,1.3891824886213797,10,2,,,,,3.1640678946677054,5355.109555160979,0.990348947372488,0.009651052627512072,1.3500209980971976,-236313.4104365235,-536062.735437,-536062.735437,0.0,71,1,0.0,35,4,,,,,4.771847111694963,0.0,0.8957736993120611,0.10422630068793899,0.9046558367380513,36,4,,,,,3.561804604141166,6153.872277980891,0.9669526703446373,0.033047329655362695,1.350001737210649,-850436.6341221587,-858292.484699,-858292.484699,0.0,358,3,0.0,180,16,,,,,3.672722475675798,1.732237843789145,0.9604280896661296,0.03957191033387048,1.0019923502014925,178,16,,,,,3.5181385619622194,5949.382443483439,0.9695178034877074,0.030482196512292538,1.3613940796659425,-273676.9131349358,-388054.02386600006,-388054.02386600006,0.0,714,6,0.0,366,31,,,,,3.981499197704376,2.205620362779546,0.942264753076213,0.05773524692378683,0.8702306874497475,348,31,,,,,3.458229906895452,5825.937337385988,0.9729364568689707,0.027063543131029422,1.384009577404315
1811,KAS,0.0,0.0,0.0,,0,0,0,0,0,30d,bearish,-844333.6269877269,714,,,,,,,3.4200992245944666,4785.757052028048,0.975288280906208,0.024711719093792116,1.35,,16516.936130660997,-13516.489269999998,-13516.489269999998,0.0,3,0,0.0,3,1,,,,,20.0,0.0,0.0,1.0,-2.2,0,0,,,,,,,,,,22244.576218535592,-23428.193871,-23428.193871,0.0,7,0,0.0,6,1,,,,,20.000000000000004,0.0,0.0,1.0,-2.2,1,1,,,,,3.4528922605885937,3015.353464811697,0.9733592787889063,0.026640721211093753,1.35,-121341.58790785514,109065.15424200002,109065.15424200002,0.0,25,0,0.0,13,2,,,,,20.000000000000004,0.0,0.0,1.0,-2.2,12,2,,,,,3.4979223788766753,2834.209977339637,0.970710448301372,0.02928955169862796,1.3500000000000003,-121136.09607973252,-6144.7994079999835,-6144.7994079999835,0.0,71,1,0.0,28,4,,,,,20.0,0.0,0.0,1.0,-2.2,43,4,,,,,3.4904620687505603,2851.962110174507,0.9711492900734965,0.02885070992650358,1.35,-584683.9933489381,-225580.95832699997,-225580.95832699997,0.0,358,3,0.0,156,16,,,,,19.202699254828186,0.0,0.04690004383363604,0.953099956166364,-1.8628374761965236,202,16,,,,,3.4460168409165965,4114.192764601745,0.9737637152402001,0.026236284759799784,1.35,-844333.6269877269,-440066.757843,-440066.757843,0.0,714,6,0.0,339,31,,,,,13.633863277221286,0.0,0.37447863075168913,0.6255213692483109,-0.9153740622247342,375,31,,,,,3.4200992245944666,4785.757052028048,0.975288280906208,0.024711719093792116,1.35
1811,ARB,0.0,0.0,0.0,,0,0,0,0,0,72h,bullish,840596.8445747796,71,,,,,,,9.879128229251357,45.38262478852787,0.01800978473736346,0.9819902152626365,-1.270208080597927,,64706.82708413304,-89980.69322700019,-89980.69322700019,0.0,3,0,0.0,2,1,,,,,10.06384943449527,14.767153392007204,0.012670908969130265,0.9873290910308699,-1.8,1,1,,,,,9.753155511267408,1523.2749692049429,0.036863973410219054,0.9631360265897808,-0.9,-204101.65162197663,14020.061491999913,14020.061491999913,0.0,7,0,0.0,2,1,,,,,10.06384943449527,14.767153392007204,0.012670908969130265,0.9873290910308699,-1.8,5,1,,,,,9.753888149055939,1556.2619978797782,0.03600254199862399,0.9639974580013759,-0.9000000000000001,-371448.60993854346,-168837.90594899992,-168837.90594899992,0.0,25,0,0.0,13,2,,,,,9.735883589581967,20.844905482256102,0.043503501954744124,0.9564964980452559,-1.641342505288226,12,2,,,,,9.713510464176466,1557.7358844142184,0.040194699110371684,0.9598053008896282,-0.8999999999999999,840596.8445747796,-2439231.741649,-2439231.741649,0.0,71,1,0.0,42,4,2,0.7293683074939379,1.0,0.0,9.879128229251357,45.38262478852787,0.01800978473736346,0.9819902152626365,-1.270208080597927,29,4,1,1.0,1.0,0.0,9.717943589753306,1600.190514505191,0.03966299367651202,0.9603370063234881,-0.8999999999999999,-105837.16812654906,-5055093.743355,-5055093.743355,0.0,358,3,0.0,173,16,2,0.5539000492855275,1.0,0.0,10.03193010716847,40.77904318356541,0.012037951643677592,0.9879620483563223,-1.3598216779874912,185,16,1,1.0,1.0,0.0,9.754225795813534,3141.087390978759,0.04244609420393813,0.9575539057960619,-0.9582963037552163,-32370.80237616283,-5379965.9483010005,-5379965.9483010005,0.0,714,6,0.0,354,31,2,0.5539000492855275,1.0,0.0,10.158724374934462,32.89667640450288,0.010014155819275831,0.9899858441807242,-1.4455654532193358,360,31,1,1.0,1.0,0.0,9.825941572734866,3622.0574157867936,0.03852936883215072,0.9614706311678493,-1.0278681006782153
1811,PYTH,0.0,0.0,0.0,,0,0,0,0,0,30d,bullish,838623.1542326354,714,,,,,,,8.942246046959433,4.101676685002008,0.7306748109891568,0.2693251890108432,-0.5846469183093405,,-11861.787990686404,-13131.765564000001,-13131.765564000001,0.0,3,0,0.0,0,0,,,,,,,,,,3,1,,,,,5.295053599285318,6518.840193954789,0.9803029452005546,0.019697054799445342,0.35,-10290.582349318804,-12537.016474000002,-12537.016474000002,0.0,7,0,0.0,3,1,,,,,6.085089085847483,43.26430657643677,0.8203181650588844,0.17968183494111561,0.35000000000000003,4,1,,,,,5.293676312311398,6537.389144719986,0.9803947365901813,0.019605263409818746,0.35,-82301.65538522221,-53320.73558200001,-53320.73558200001,0.0,25,0,0.0,14,2,,,,,6.0777528804316985,43.901383664347286,0.8235341017802499,0.1764658982197501,0.35,11,2,,,,,5.289923742254538,6735.560643688399,0.9806428514267242,0.01935714857327569,0.3499999999999999,40743.14277012911,-193731.24897000002,-193731.24897000002,0.0,71,1,0.0,49,4,,,,,5.763164533612754,44.36430490169433,0.8717280802028983,0.1282719197971016,0.3499999999999999,22,4,,,,,5.290801748521849,6776.643398270326,0.9805879850115937,0.019412014988406105,0.35,444087.7575345342,-273672.5112800001,-273672.5112800001,0.0,358,3,0.0,210,16,1,1.0,1.0,0.0,6.954276349307216,6.661246702742335,0.8591444453769517,0.14085555462304827,-0.23253460926982528,148,16,1,1.0,1.0,0.0,5.481284129540605,8041.512258712279,0.9679119293227523,0.03208807067724753,0.3499999999999999,838623.1542326354,-42611.21425800013,-42611.21425800013,0.0,714,6,0.0,392,31,1,1.0,1.0,0.0,8.942246046959433,4.101676685002008,0.7306748109891568,0.2693251890108432,-0.5846469183093405,322,31,1,1.0,1.0,0.0,5.512496241432225,7434.488189208096,0.965831996939086,0.03416800306091391,0.3499999999999999
1811,ICP,0.0,0.0,0.0,,0,0,0,0,0,72h,bullish,826501.8904157097,71,,,,,,,5.512445469000417,9.009569965569355,0.9576168878587134,0.04238311214128665,0.26996254063725805,,-47940.42521995099,-50046.848159999965,-50046.848159999965,0.0,3,0,0.0,2,1,,,,,5.052360778781442,30.87803185458347,0.9688883503565,0.03111164964349989,0.0,1,1,,,,,4.746767301889879,3183.048658087174,0.9825265274363633,0.017473472563636513,1.35,-98322.79178731899,52151.528160000016,52151.528160000016,0.0,7,0,0.0,3,1,,,,,5.063421980165703,30.647056387895915,0.9684418753581185,0.03155812464188139,0.0,4,1,,,,,4.74443757252336,3233.632888878726,0.9822309918757958,0.0177690081242041,1.35,337966.55293088045,112367.70198999996,112367.70198999996,0.0,25,0,0.0,12,2,,,,,5.152643097747008,21.929296798125296,0.9698161134397122,0.030183886560287712,0.6570889288428181,13,2,,,,,4.745274308858379,3230.3408570005686,0.9822254723270406,0.017774527672959235,1.35,826501.8904157097,497255.6531599999,497255.6531599999,0.0,71,1,0.0,34,4,,,,,5.512445469000417,9.009569965569355,0.9576168878587134,0.04238311214128665,0.26996254063725805,37,4,,,,,4.720605733024782,3202.1042140982,0.9824248358993315,0.01757516410066838,1.35,659348.8313148939,40589.423909999954,40589.423909999954,0.0,358,3,0.0,168,16,,,,,5.90201092896501,3.7560144396788373,0.9364390550348162,0.06356094496518382,0.11254512753449138,190,16,,,,,4.9325769372547965,3793.3373655012383,0.9777607066725434,0.022239293327456614,0.8799182605132576,525382.4548850078,-127343.61688000003,-127343.61688000003,0.0,714,6,0.0,342,31,,,,,6.844961683823374,7.025516798341939,0.8753047797908446,0.12469522020915544,0.07697745380545452,372,31,,,,,5.3228865531105365,3813.4305278768393,0.9631192106205672,0.036880789379432864,0.5788468575596709
1811,IMX,0.0,0.0,0.0,,0,0,0,0,0,30d,bearish,-821974.1079893666,714,,,,,,,5.875820789252646,8606.82057750686,0.9416026644020344,0.05839733559796568,0.35,,-70.9396570589914,-266.73883499999766,-266.73883499999766,0.0,3,0,0.0,0,0,,,,,,,,,,3,1,,,,,5.5472449113303695,4315.763801504142,0.9633762972344825,0.03662370276551775,0.35000000000000003,-246.1608175079599,-371.6090910000235,-371.6090910000235,0.0,7,0,0.0,2,1,,,,,20.0,0.0,0.0,1.0,-2.2,5,1,,,,,5.535694529755241,4237.209805354511,0.9641459695779933,0.03585403042200685,0.35,-20148.85253092739,647.6206739999869,647.6206739999869,0.0,25,0,0.0,11,2,,,,,20.0,0.0,0.0,1.0,-2.1827491829488013,14,2,,,,,5.557002529933013,4077.6997620698708,0.9627255296199112,0.03727447038008882,0.35,-38665.30020654719,-39491.912008,-39491.912008,0.0,71,1,0.0,29,4,,,,,20.0,0.0,0.0,1.0,-2.171617545755152,42,4,,,,,5.582377393918221,4188.617283911427,0.9610327241124438,0.03896727588755635,0.35000000000000003,-173851.09484734695,-47026.40277800005,-47026.40277800005,0.0,358,3,0.0,157,15,,,,,19.996846492064737,0.0,0.0002102338623508626,0.9997897661376491,-1.9962047036680757,201,16,,,,,5.583136170135782,4616.079357836524,0.9610902352971278,0.03890976470287212,0.35,-821974.1079893666,-698688.467882,-698688.467882,0.0,714,6,0.0,325,31,,,,,15.343052802405772,0.0,0.31046314650628204,0.6895368534937181,-1.379464399788771,389,31,,,,,5.875820789252646,8606.82057750686,0.9416026644020344,0.05839733559796568,0.35
1811,DYDX,0.0,0.0,0.0,,0,0,0,0,0,30d,bullish,802965.5621993209,714,,,,,,,6.9500780651148375,0.0,0.8521392708491519,0.14786072915084808,-0.06895398191082643,,-4061.5181311986025,240.02953499999984,240.02953499999984,0.0,3,0,0.0,0,0,,,,,,,,,,3,1,,,,,5.287954617270169,4236.294442854448,0.9807038052853244,0.01929619471467561,0.35,-13370.0956304682,5562.595170999998,5562.595170999998,0.0,7,0,0.0,0,0,,,,,,,,,,7,1,,,,,5.2833753803459995,4149.403772057105,0.9810091416075181,0.018990858392481894,0.35,22418.937245551206,-8383.190601000006,-8383.190601000006,0.0,25,0,0.0,14,2,,,,,11.203511311605302,0.0,0.5836252937528523,0.4163747062471476,-1.0139200306615577,11,2,,,,,5.3088342098573955,4039.1363221755514,0.9793112022074368,0.02068879779256316,0.3499999999999999,24259.381625911596,5915.793446999994,5915.793446999994,0.0,71,1,0.0,39,4,,,,,10.863541348751514,0.0,0.6063018684515422,0.39369813154845773,-0.8378268206504746,32,4,,,,,5.2964369029011955,3803.6005856375878,0.980139377897255,0.019860622102744956,0.35,69568.21730471675,21907.96593399996,21907.96593399996,0.0,358,3,0.0,192,16,,,,,9.269286066071686,0.0,0.7075343104039272,0.2924656895960727,-0.3715099731383343,166,16,,,,,5.22800112748584,3953.131546962863,0.984587957538629,0.015412042461371034,0.35000000000000003,802965.5621993209,-107904.86106400007,-107904.86106400007,0.0,714,6,0.0,385,31,,,,,6.9500780651148375,0.0,0.8521392708491519,0.14786072915084808,-0.06895398191082643,329,31,,,,,5.213118672864143,3349.4854087214494,0.9851595460283123,0.01484045397168754,0.35
1811,WIF,0.0,0.0,0.0,,0,0,0,0,0,30d,bearish,-791424.9571413378,714,,,,,,,5.363765877822643,8774.83358795769,0.9748088744629557,0.025191125537044452,0.35000000000000003,,-16632.165869174,-3265.6026599999977,-3265.6026599999977,0.0,3,0,0.0,2,1,,,,,9.392585482665867,0.0,0.7071609678222756,0.29283903217772445,0.0,1,1,,,,,5.3288073710253,6523.168564169169,0.9767069133916001,0.02329308660839993,0.35,-96960.37513917398,-46860.563565,-46860.563565,0.0,7,0,0.0,3,1,,,,,9.388089072656486,0.0,0.7074607284895675,0.29253927151043235,0.0,4,1,,,,,5.320320795249234,6727.586598041342,0.9772736428357546,0.022726357164245477,0.35,-267537.48251485196,-212988.27693,-212988.27693,0.0,25,0,0.0,7,2,,,,,7.324498502577069,0.0,0.8450334331615288,0.1549665668384712,0.0,18,2,,,,,5.311887003916197,6586.4473024876215,0.97785582964665,0.022144170353350107,0.3499999999999999,-196421.31687970253,-29329.71310500008,-29329.71310500008,0.0,71,1,0.0,30,4,,,,,7.131674247776084,0.0,0.8578883834815944,0.14211161651840562,-0.14028603196516543,41,4,,,,,5.308111814458794,6510.870123547227,0.978152990982828,0.02184700901717202,0.35,-274856.3214714428,-187761.27189500013,-187761.27189500013,0.0,358,3,0.0,164,16,,,,,9.715208564163248,0.0,0.6852747577330418,0.3147252422669582,-0.5627575962618838,194,16,,,,,5.308978322866878,6932.938368286553,0.9776695283534232,0.022330471646576675,0.35,-791424.9571413378,-691624.8513550004,-691624.8513550004,0.0,714,6,0.0,341,31,1,1.0,1.0,0.0,11.228672461006866,0.0,0.583873832975129,0.4161261670248711,-0.8663244533613816,373,31,1,1.0,1.0,0.0,5.363765877822643,8774.83358795769,0.9748088744629557,0.025191125537044452,0.35000000000000003
1811,AVAX,0.0,0.0,0.0,,0,0,0,0,0,15d,bearish,-742911.8258126319,358,,,,,,,10.032700568335478,7270.66247849366,0.009013701508582033,0.990986298491418,-1.3511007521982945,,-14308.590198310403,37879.45177500002,37879.45177500002,0.0,3,0,0.0,1,1,,,,,9.923717303900666,65.15995072777217,0.06622942776713277,0.9337705722328672,-0.9,2,1,,,,,10.054493197111297,7137.679583978912,0.005711645926973241,0.9942883540730265,-1.45,43046.459429343915,181904.938433,181904.938433,0.0,7,0,0.0,3,1,,,,,9.923132662428026,65.44617861695467,0.06821257126649345,0.9317874287335066,-0.9000000000000001,4,1,,,,,10.056017202770132,7150.80638247896,0.005521964374598962,0.9944780356254009,-1.4500000000000002,151480.31663105186,430465.038503,430465.038503,0.0,25,0,0.0,12,2,,,,,10.049889244137573,71.58018764621453,0.044467434795658276,0.9555325652043418,-1.1051314464222568,13,2,,,,,10.027486712923062,6885.652360298576,0.012448857444536282,0.9875511425554637,-1.1909375613685989,-79219.15760625654,-98305.03294100004,-98305.03294100004,0.0,71,1,0.0,30,4,,,,,10.08757061669296,53.60108628415016,0.03796772501548241,0.9620322749845176,-1.290346504380595,41,4,,,,,10.042882225063728,6973.480638760249,0.010125772237562511,0.9898742277624375,-1.3346924149024184,-742911.8258126319,277938.3879000002,277938.3879000002,0.0,358,3,0.0,160,16,,,,,9.681763693317327,10.527683408855522,0.04861386874106408,0.9513861312589358,-1.344802001064449,198,16,,,,,10.032700568335478,7270.66247849366,0.009013701508582033,0.990986298491418,-1.3511007521982945,480729.4739033329,-106658.13682299975,-106658.13682299975,0.0,714,6,0.0,342,31,1,1.0,1.0,0.0,9.848009812652302,16.62671993350127,0.04134672277110518,0.9586532772288949,-1.4100084951488279,372,31,1,1.0,1.0,0.0,10.027185590953374,6386.992211561435,0.01060699964095609,0.9893930003590438,-1.3325824201827745
1811,POPCAT,0.0,0.0,0.0,,0,0,0,0,0,30d,bearish,-723142.5239188739,714,,,,,,,3.324185403927045,18647.269172530327,0.9809293949631431,0.019070605036856956,1.3500000000000003,,312.34720805143985,-382.20912099999987,-382.20912099999987,0.0,3,0,0.0,1,1,,,,,7.627672663810164,16.751815915067684,0.7277839609523434,0.2722160390476567,0.0,2,1,,,,,3.165704011413356,15273.74288970098,0.9902527052109792,0.00974729478902099,1.35,21257.711560870666,23630.824472,23630.824472,0.0,7,0,0.0,3,1,,,,,7.429586949649566,17.505751644720547,0.73943606178532,0.26056393821468027,0.0,4,1,,,,,3.163374105380469,15207.551931303906,0.9903897585070311,0.00961024149296879,1.35,44295.47641475178,50950.740735,50950.740735,0.0,25,0,0.0,18,2,,,,,7.799429231355919,18.656113731035195,0.717680633449652,0.2823193665503481,0.0,7,2,,,,,3.1773076786744054,13838.758822767912,0.9895701365485643,0.01042986345143563,1.35,14049.385139275893,27911.653180999994,27911.653180999994,0.0,71,1,0.0,35,4,,,,,7.724445588228692,25.860758297875925,0.7198298269316037,0.2801701730683964,0.03163767592955454,36,4,,,,,3.1678914580931834,13575.640947108543,0.9901240318768717,0.00987596812312843,1.3500000000000003,-231740.33510914806,-79522.96050200002,-79522.96050200002,0.0,358,3,0.0,197,16,,,,,8.63891691520664,13.101714438670603,0.6659607123015859,0.33403928769841396,-0.2796434718472255,161,16,,,,,3.243378052586556,11948.21952637747,0.9856836439654967,0.01431635603450331,1.3499999999999999,-723142.5239188739,-618307.271904,-618307.271904,0.0,714,6,0.0,397,31,,,,,6.469629416504531,5.133658368038871,0.7949879363199253,0.20501206368007477,0.2995108780271654,317,31,,,,,3.324185403927045,18647.269172530327,0.9809293949631431,0.019070605036856956,1.3500000000000003
1811,RENDER,0.0,0.0,0.0,,0,0,0,0,0,30d,bearish,-715923.0979940086,714,,,,,,,5.163080819857994,6015.624318983728,0.9890653982924995,0.010934601707500621,0.37041968004464504,,-72973.38671329699,65396.90822,65396.90822,0.0,3,0,0.0,0,0,,,,,,,,,,3,1,,,,,5.113013651928449,4717.22633818927,0.9924657565381036,0.007534243461896432,0.35000000000000003,-469191.7560061447,-188207.52630999993,-188207.52630999993,0.0,7,0,0.0,0,0,,,,,,,,,,7,1,1,1.0,1.0,0.0,5.0666454369077165,3973.252409424886,0.9955569708728189,0.004443029127181047,0.35,-354080.75950458064,-193486.34852000003,-193486.34852000003,0.0,25,0,0.0,8,2,,,,,5.034423511890995,69.01409355990715,0.9977050992072668,0.0022949007927330406,0.8936152780818692,17,2,1,1.0,1.0,0.0,5.0858696490751,3871.632950238296,0.9941800464505338,0.005819953549466141,0.35,-205781.73511039664,1045.04600500004,1045.04600500004,0.0,71,1,0.0,25,4,,,,,5.683041462573813,41.98003787418615,0.9544639024950793,0.04553609750492084,0.6166145554238446,46,4,1,1.0,1.0,0.0,5.126776027897527,4102.055148675517,0.9913267276895639,0.008673272310436192,0.35000000000000003,-286988.4749421686,-171340.29685999991,-171340.29685999991,0.0,358,3,0.0,148,16,,,,,6.0462590153892,23.512429782534344,0.9302493989740535,0.06975060102594667,0.3704227384551921,210,16,1,1.0,1.0,0.0,5.153091924110054,4961.560406974089,0.9896632678394216,0.010336732160578413,0.35000000000000003,-715923.0979940086,-501486.2243799999,-501486.2243799999,0.0,714,6,0.0,338,31,,,,,5.59354600844354,16.916536966456214,0.960430266103764,0.03956973389623596,0.2968295296773206,376,31,1,1.0,1.0,0.0,5.163080819857994,6015.624318983728,0.9890653982924995,0.010934601707500621,0.37041968004464504
1811,FIL,0.0,0.0,0.0,,0,0,0,0,0,30d,bearish,-690574.6855123474,714,,,,,,,5.673399372744422,10535.12866441025,0.9520772955791809,0.04792270442081905,0.4011042942610938,,12198.608271438814,-28155.97115500001,-28155.97115500001,0.0,3,0,0.0,2,1,,,,,5.025811478907882,0.0,0.9623995739645428,0.03760042603545725,0.0,1,1,,,,,5.152736710112454,9156.183669660808,0.9897917426438904,0.010208257356109605,0.35,22644.611368453807,-25106.98537599999,-25106.98537599999,0.0,7,0,0.0,5,1,,,,,5.046867686958808,0.0,0.9608976908861191,0.03910230911388072,0.0,2,1,,,,,5.159621226401368,9024.817771827937,0.9893329269932565,0.010667073006743535,0.35,-338027.4919605816,-110011.65537500009,-110011.65537500009,0.0,25,0,0.0,12,2,,,,,5.066382210118789,0.0,0.9848421382423503,0.015157861757649623,0.0,13,2,,,,,5.079754620468965,8860.132707528015,0.9900889660584554,0.009911033941544545,0.6660955409437395,-279374.0748893826,-188339.91257700004,-188339.91257700004,0.0,71,1,0.0,40,4,,,,,5.051843115666865,0.0,0.9851688257413592,0.014831174258640627,0.24749491530069642,31,4,,,,,5.066261671608242,8946.873076560714,0.9919759441804926,0.008024055819507435,0.5989632722476534,-315361.4405699529,-310361.23431500024,-310361.23431500024,0.0,358,3,0.0,174,16,,,,,6.449619545701725,0.0,0.8950048583811708,0.10499514161882893,0.09193399835501972,184,16,,,,,5.717062565051879,9973.79515536311,0.9497880651049886,0.05021193489501144,0.42912929534843786,-690574.6855123474,-597293.9237790003,-597293.9237790003,0.0,714,6,0.0,355,31,,,,,6.294248749610675,0.0,0.9066597074971192,0.09334029250288073,0.05923818498916312,359,31,,,,,5.673399372744422,10535.12866441025,0.9520772955791809,0.04792270442081905,0.4011042942610938
1811,PEOPLE,0.0,0.0,0.0,,0,0,0,0,0,15d,bullish,670467.5160419572,358,,,,,,,8.337267337298137,5.919402050013423,0.6858296690282799,0.3141703309717201,-0.3298386499554451,,4627.614806328359,-782.900496,-782.900496,0.0,3,0,0.0,3,1,,,,,5.6116072159058055,16.982055492390106,0.846376046123188,0.1536239538768121,0.0,0,0,,,,,,,,,,8941.57071571104,-141.1958779999999,-141.1958779999999,0.0,7,0,0.0,7,1,,,,,5.589158712058303,17.02185226306286,0.8476965463495114,0.15230345365048847,0.0,0,0,,,,,,,,,,21566.060361006395,-5768.526112,-5768.526112,0.0,25,0,0.0,19,2,,,,,5.437203126141179,16.785426876707724,0.8566351102269895,0.14336488977301046,0.0,6,1,,,,,4.188482277856101,5059.742615317431,0.9300892777731703,0.0699107222268295,1.35,-73994.74948326571,-40928.752593000005,-40928.752593000005,0.0,71,1,0.0,25,3,,,,,5.351993569249636,17.03982703525967,0.8616474371029624,0.13835256289703743,0.05101073828422245,46,3,,,,,4.070080664655971,4703.525069647402,0.9370540785496487,0.06294592145035126,1.35,670467.5160419572,786930.7191160001,786930.7191160001,0.0,358,3,0.0,191,16,,,,,8.337267337298137,5.919402050013423,0.6858296690282799,0.3141703309717201,-0.3298386499554451,167,14,,,,,3.718905751315725,3573.078367544533,0.9577114263931926,0.042288573606807364,1.35,102569.9964395899,365886.10615500004,365886.10615500004,0.0,714,6,0.0,345,31,,,,,9.178491076648752,3.0767867303989873,0.6356697454203605,0.36366838762589265,-0.2680135858441131,369,29,,,,,3.5911044014537485,2747.171014284824,0.9652009402207725,0.03479905977922747,1.35
1811,CHIP,0.0,0.0,0.0,,0,0,0,0,0,15d,bearish,-650955.7723368799,358,,,,,,,3.087161608067269,2631.4944972538674,0.994810714806849,0.005189285193150944,1.3736498395363943,,102162.62756303156,38832.17756800001,38832.17756800001,0.0,3,0,0.0,3,1,,,,,2.989570445511746,34.71940199235879,0.996051746638784,0.00394825336121578,1.336596726383058,0,0,,,,,,,,,,-268683.5258357399,-286198.11847499997,-286198.11847499997,0.0,7,0,0.0,5,1,,,,,2.992469199865827,34.87054448623786,0.9959025965519199,0.0040974034480800925,1.3222341428696003,2,1,,,,,3.020141756004556,2183.4098097086007,0.9987798937064447,0.0012201062935554344,1.35,156344.08657525823,-244525.46622900016,-244525.46622900016,0.0,25,0,0.0,16,2,,,,,2.9905319382407214,54.54399421896106,0.9976602123678124,0.0023397876321875548,1.683556434191554,9,2,,,,,3.011929444226605,2043.4768543357231,0.9992356046792519,0.0007643953207481219,1.35,600278.9551050628,-202726.84573200025,-202726.84573200025,0.0,71,1,0.0,41,4,,,,,2.978926437938849,44.3768379686113,0.9985660101714421,0.0014339898285579318,1.6023207249771447,30,4,1,1.0,1.0,0.0,3.0114343036933664,1867.767138937048,0.9992549649117377,0.0007450350882623188,1.3927307902629191,-650955.7723368799,-895164.6450210004,-895164.6450210004,0.0,358,3,0.0,182,16,,,,,3.051140343174377,42.429962766450046,0.9935918922025855,0.0064081077974144475,1.493598578260561,176,16,1,1.0,1.0,0.0,3.087161608067269,2631.4944972538674,0.994810714806849,0.005189285193150944,1.3736498395363943,-424880.33243093477,-1013568.8300210005,-1013568.8300210005,0.0,714,6,0.0,366,31,1,1.0,1.0,0.0,3.2475456317053686,35.574530336531694,0.980901242902837,0.01909875709716309,1.28582475061876,348,31,1,1.0,1.0,0.0,3.217983515534022,3083.3254846960954,0.987127305938247,0.01287269406175299,1.3665556394073164
1811,ATOM,0.0,0.0,0.0,,0,0,0,0,0,15d,bearish,-640198.9839567214,358,,,,,,,5.047949799025892,10960.035807019822,0.9968033467316072,0.003196653268392781,0.6824144094194491,,26525.242934686765,-41963.77227400003,-41963.77227400003,0.0,3,0,0.0,1,1,,,,,5.210686498087689,0.0,0.9859542334608208,0.01404576653917929,0.0,2,1,,,,,5.123152033001162,6510.5970399631115,0.9917898644665891,0.008210135533410826,0.35,21095.50631516236,-51986.335359000026,-51986.335359000026,0.0,7,0,0.0,2,1,,,,,5.2117597876805135,0.0,0.9858826808212994,0.01411731917870085,0.0,5,1,,,,,5.107983084913228,6528.375235608738,0.9928011276724515,0.007198872327548548,0.35,79170.52760348332,-120805.30491000005,-120805.30491000005,0.0,25,0,0.0,15,2,,,,,5.239678237463773,0.0,0.9840214508357484,0.015978549164251534,0.0,10,2,,,,,5.113538281748894,6252.306099670079,0.9924307812167404,0.007569218783259621,0.35,3468.157200468507,-326407.091123,-326407.091123,0.0,71,1,0.0,28,4,,,,,5.248119913350129,0.0,0.9834586724433246,0.01654132755667526,0.0,43,4,,,,,5.132214931325393,6668.441203187337,0.9911856712449737,0.008814328755026248,0.3499999999999999,-640198.9839567214,-369000.08864300005,-369000.08864300005,0.0,358,3,0.0,131,16,,,,,5.120088435258918,0.0,0.9919941043160722,0.008005895683927872,0.11234164558882974,227,16,,,,,5.047949799025892,10960.035807019822,0.9968033467316072,0.003196653268392781,0.6824144094194491,-321688.26414220285,-614367.421063,-614367.421063,0.0,714,6,0.0,355,31,,,,,5.122928952793859,0.0,0.9918040848874237,0.008195915112576342,0.05567301324400948,359,31,,,,,5.068055960209477,10483.09211001403,0.9954612347431909,0.004538765256809113,0.5915065220529675
1811,ETC,0.0,0.0,0.0,,0,0,0,0,0,30d,bearish,-626784.1477537216,714,,,,,,,5.772952653674154,2252.7353600885667,0.9436412643455667,0.05635873565443331,0.5223837732789031,,-87103.37227798998,-98211.47268799998,-98211.47268799998,0.0,3,0,0.0,0,0,,,,,,,,,,3,1,,,,,5.165080695919434,2116.291158754178,0.9842512688349112,0.015748731165088722,0.35,-91566.00130469358,-117424.03385499997,-117424.03385499997,0.0,7,0,0.0,1,1,,,,,5.1997771055394235,0.0,0.9563716985559565,0.04362830144404342,0.0,6,1,,,,,5.165561893230943,2119.311108862219,0.9842096042363223,0.015790395763677655,0.35,-117293.01470433398,-282007.10850299994,-282007.10850299994,0.0,25,0,0.0,7,2,,,,,5.132504002891997,0.0,0.9647937109666764,0.03520628903332361,0.0,18,2,,,,,5.18994143231081,2040.207010859668,0.982161549791365,0.017838450208634907,0.35000000000000003,-235074.23151232078,-480749.0706509999,-480749.0706509999,0.0,71,1,0.0,21,4,,,,,5.191611841156103,0.0,0.9669681175775546,0.03303188242244544,0.0,50,4,,,,,5.160438210474372,1917.4873208824913,0.9838487051786362,0.01615129482136377,0.3499999999999999,-292189.4931613446,-499544.6883609999,-499544.6883609999,0.0,358,3,0.0,154,16,,,,,5.146541553332652,0.0,0.9867939389133935,0.013206061086606474,0.0,204,16,,,,,5.048281673263742,1667.9811128490817,0.990941440711663,0.009058559288336918,0.7070676618413082,-626784.1477537216,-804732.8548369999,-804732.8548369999,0.0,714,6,0.0,317,31,,,,,5.5499879503757485,0.0,0.9616933549459682,0.038306645054031654,0.011733933685673086,397,31,,,,,5.772952653674154,2252.7353600885667,0.9436412643455667,0.05635873565443331,0.5223837732789031
1811,CFX,0.0,0.0,0.0,,0,0,0,0,0,30d,bearish,-607675.2841127724,714,,,,,,,5.725635550155855,4308.166973564135,0.9512123976370458,0.048787602362954235,0.35,,-549.9014959872,-1502.654074,-1502.654074,0.0,3,0,0.0,0,0,,,,,,,,,,3,1,,,,,5.606696682297911,3687.000153397466,0.9586477651122265,0.04135223488777354,0.35,-2602.5646612073997,609.9867060000001,609.9867060000001,0.0,7,0,0.0,3,1,,,,,20.0,0.0,0.0,1.0,-2.2000000000000006,4,1,,,,,5.5978545121309695,3645.8634568915563,0.9592352050008859,0.040764794999113965,0.35,-19058.5542334254,6117.89699,6117.89699,0.0,25,0,0.0,11,2,,,,,20.0,0.0,0.0,1.0,-2.2,14,2,,,,,5.617741636570228,3470.624946454279,0.957913426423774,0.042086573576225896,0.35000000000000003,13960.671923671198,-6931.267741999999,-6931.267741999999,0.0,71,1,0.0,33,4,,,,,20.0,0.0,0.0,1.0,-2.2,38,4,,,,,5.6272881509402275,3443.709415964092,0.9572725739891246,0.04272742601087541,0.35000000000000003,-135729.52174975298,15734.737883999993,15734.737883999993,0.0,358,3,0.0,180,16,,,,,19.99978887738853,0.0,1.4074840764922546e-05,0.9999859251592351,-2.1970796311307432,178,16,,,,,5.6544425795094755,3848.0822993440443,0.9557166891890492,0.0442833108109509,0.35,-607675.2841127724,-430826.01690600003,-430826.01690600003,0.0,714,6,0.0,348,31,,,,,19.884483725717256,0.0,0.007401517155533014,0.992598482844467,-1.994818724865232,366,31,,,,,5.725635550155855,4308.166973564135,0.9512123976370458,0.048787602362954235,0.35
1811,TIA,0.0,0.0,0.0,,0,0,0,0,0,30d,bullish,602820.7773954945,714,,,,,,,5.2917176028088555,0.11957821550744914,0.9796273578994248,0.020372642100575232,0.04831319236184909,,6867.344011901539,37198.20002799991,37198.20002799991,0.0,3,0,0.0,2,1,,,,,5.287522461974204,0.0,0.9808318358683865,0.019168164131613603,0.0,1,1,,,,,5.16467694332199,8925.644459820243,0.9889134365648868,0.01108656343511327,0.35,27338.781286608548,32255.890766999983,32255.890766999983,0.0,7,0,0.0,5,1,,,,,5.270802637684108,0.0,0.9819464908210597,0.018053509178940493,0.0,2,1,,,,,5.16580921182163,8956.760671649912,0.9888388352407302,0.01116116475926992,0.35000000000000003,-312041.3002500384,-170391.49367800014,-170391.49367800014,0.0,25,0,0.0,13,2,,,,,5.204824168477083,0.0,0.9863450554348611,0.013654944565138888,0.0,12,2,,,,,5.127345036493721,9349.528960901365,0.9913905579757561,0.008609442024243895,0.35,383046.0158805149,-262012.26426100018,-262012.26426100018,0.0,71,1,0.0,38,4,1,1.0,1.0,0.0,5.096636385713634,0.0,0.993240881945048,0.006759118054952056,0.0,33,4,,,,,5.133974203286063,9376.598871992644,0.990933667698376,0.009066332301623906,0.35,165902.28876240773,-499720.7896140002,-499720.7896140002,0.0,358,3,0.0,179,16,1,1.0,1.0,0.0,5.079602854337681,0.0,0.9927861167560973,0.007213883243902721,0.09962622975490677,179,16,,,,,5.128233596015076,13138.462034848482,0.9913938770142331,0.008606122985766842,0.4502525900081366,602820.7773954945,45572.8013529998,45572.8013529998,0.0,714,6,0.0,387,31,1,1.0,1.0,0.0,5.2917176028088555,0.11957821550744914,0.9796273578994248,0.020372642100575232,0.04831319236184909,327,31,,,,,5.162431568309085,13610.829985842358,0.9891405519780915,0.010859448021908474,0.4036852956168319
1811,CAKE,0.0,0.0,0.0,,0,0,0,0,0,72h,bullish,578073.4871675915,71,,,,,,,10.565549014193113,0.0,0.554967705047464,0.44503229495253604,-0.8688517268483487,,188101.73694266035,-109216.57675999995,-109216.57675999995,0.0,3,0,0.0,3,1,,,,,7.524725866731713,0.0,0.7338396548981343,0.2661603451018654,0.1553391157862577,0,0,,,,,,,,,,117441.67347598576,-151052.73058499995,-151052.73058499995,0.0,7,0,0.0,4,1,,,,,7.8821386910866424,0.0,0.7128153711125502,0.28718462888744956,0.03646068659296922,3,1,,,,,5.191625515061438,5737.734822595077,0.8710419157087598,0.12895808429124017,0.35,257936.5918178886,-157100.63336499993,-157100.63336499993,0.0,25,0,0.0,13,2,,,,,10.625631624751282,0.0,0.5514334338381597,0.4485665661618401,-0.8018407093411413,12,2,,,,,5.209651371498486,5836.765000417063,0.8699805133190984,0.13001948668090157,0.35,578073.4871675915,127807.08320000007,127807.08320000007,0.0,71,1,0.0,41,4,,,,,10.565549014193113,0.0,0.554967705047464,0.44503229495253604,-0.8688517268483487,30,4,,,,,4.667410365720341,4405.504658626866,0.9018869020830872,0.09811309791691274,1.0166451715016789,254783.4019790901,-33243.13409499994,-33243.13409499994,0.0,358,3,0.0,156,16,,,,,8.703402353387613,0.0,0.6645057439183757,0.3354942560816243,-0.4447859604148074,202,16,,,,,4.502363575854152,3714.1812320855647,0.9116030621442336,0.08839693785576636,1.2700913301669448,-32541.557826019776,-220067.33103499995,-220067.33103499995,0.0,714,6,0.0,321,31,,,,,8.729148068266214,0.0,0.6629912901019874,0.3370087098980126,-0.4232097399627419,393,31,,,,,4.567245335049384,3668.017760569757,0.9077843616344209,0.09221563836557915,1.234017118395083
1811,STX,0.0,0.0,0.0,,0,0,0,0,0,30d,bearish,-562644.3233740379,714,,,,,,,7.738144474279244,34221.12353553306,0.8174570340568924,0.18254296594310757,0.23262780584503479,,-14399.321000969398,34598.322718,34598.322718,0.0,3,0,0.0,1,1,,,,,13.643330003215453,0.0,0.42377799978563635,0.5762220002143638,-1.2000000000000002,2,1,,,,,7.924707423174617,30288.72716331385,0.8050195051216924,0.1949804948783078,0.35,-22307.722487026203,38119.541836,38119.541836,0.0,7,0,0.0,2,1,,,,,13.909624713506444,0.0,0.4060250190995704,0.5939749809004297,-1.3205193821140084,5,1,,,,,7.878840192530412,29835.727977446124,0.8080773204979725,0.19192267950202752,0.35,90187.06475159481,-20618.391587000013,-20618.391587000013,0.0,25,0,0.0,14,2,,,,,13.753889590045016,0.0,0.4164073606636656,0.5835926393363343,-1.5668219719422403,11,2,,,,,7.71095574355177,27124.42098301064,0.819269617096549,0.18073038290345123,0.35000000000000003,140125.561636601,31350.972186999996,31350.972186999996,0.0,71,1,0.0,42,4,,,,,12.87315301876073,0.0,0.4751231320826179,0.5248768679173821,-1.4434228195366172,29,4,,,,,7.642936834555472,25969.290822690622,0.8238042110296354,0.17619578897036467,0.35,-253348.05766131778,-267565.21804999997,-267565.21804999997,0.0,358,3,0.0,173,16,,,,,10.339700928108918,8.543044631876898,0.6440199381260721,0.3559800618739279,-0.580704851529657,185,16,,,,,8.427658057830444,34365.45401181609,0.7714894628113038,0.22851053718869627,0.14873879750326477,-562644.3233740379,95241.39986300001,95241.39986300001,0.0,714,6,0.0,358,31,,,,,10.558066908912176,10.568261479450255,0.6294622060725216,0.3705377939274784,-0.6537448488142822,356,31,,,,,7.738144474279244,34221.12353553306,0.8174570340568924,0.18254296594310757,0.23262780584503479
1811,JUP,0.0,0.0,0.0,,0,0,0,0,0,15d,bullish,562001.27241902,358,,,,,,,8.809669152984384,8.139879363772694,0.17157289159401012,0.8284271084059898,-1.2547314881513392,,27269.9328568895,152094.653315,152094.653315,0.0,3,0,0.0,2,1,,,,,7.700179146644528,0.0,0.3408361537856524,0.6591638462143476,-1.25,1,1,,,,,9.72488024122231,2441.819962748138,0.06030895159364795,0.939691048406352,-0.9,43588.741529690495,-33387.914949999984,-33387.914949999984,0.0,7,0,0.0,5,1,,,,,7.736999421988095,1.1018186826990795,0.32966701860272646,0.6703329813972735,-1.442899463605104,2,1,,,,,9.723291336470133,2441.841245818043,0.060614339364045366,0.9393856606359546,-0.9,35806.040606586874,-399018.15980499994,-399018.15980499994,0.0,25,0,0.0,17,2,,,,,7.765102083634689,4.428872350315785,0.3345819941444161,0.665418005855584,-1.678133162100003,8,2,,,,,9.7366035003871,2443.4671163590892,0.057498194236687526,0.9425018057633124,-0.9,-141647.12450171882,-990520.2099499992,-990520.2099499992,0.0,71,1,0.0,43,4,1,1.0,1.0,0.0,8.286795806295359,22.850057323301133,0.24966364233788155,0.7503363576621185,-1.304861705321955,28,4,2,0.536255712754695,1.0,0.0,9.613174324152473,2036.4380253953254,0.08252694143492488,0.9174730585650751,-0.8999999999999999,562001.27241902,-649301.2366299994,-649301.2366299994,0.0,358,3,0.0,191,16,1,1.0,1.0,0.0,8.809669152984384,8.139879363772694,0.17157289159401012,0.8284271084059898,-1.2547314881513392,167,16,2,0.6390034919638582,1.0,0.0,9.738712909443155,2382.9430757429895,0.056548116974098714,0.9434518830259011,-0.9798630002042902,-82984.58492380595,-2481001.4233749993,-2481001.4233749993,0.0,714,6,0.0,336,31,1,1.0,1.0,0.0,8.676688089477855,5.315100453015132,0.2130211334450139,0.7869788665549862,-1.1625348515144345,378,31,2,0.6390034919638582,1.0,0.0,9.750903467880509,2316.6255546776206,0.05510895394601691,0.9448910460539831,-1.0673409455665002
1811,LINEA,0.0,0.0,0.0,,0,0,0,0,0,30d,bearish,-559564.7619649697,714,,,,,,,3.1477024720576914,10617.41439035654,0.9878304120352746,0.012169587964725441,1.3550168871843766,,-185.0390196678,-367.774986,-367.774986,0.0,3,0,0.0,1,1,,,,,2.870294153429765,79.18227112245702,0.9794882687844791,0.020511731215520867,1.7999999999999998,2,1,,,,,3.130491121586526,7920.497442872692,0.9921806553428384,0.00781934465716173,1.35,-397.75119194028,-759.72153,-759.72153,0.0,7,0,0.0,1,1,,,,,2.870294153429765,79.18227112245702,0.9794882687844791,0.020511731215520867,1.7999999999999998,6,1,,,,,3.128145172289389,7873.832645793331,0.9923185076178358,0.007681492382164193,1.35,4643.519824724695,-2825.3022319999986,-2825.3022319999986,0.0,25,0,0.0,9,2,,,,,2.820284685944857,79.3422718904084,0.9823676940132339,0.01763230598676611,1.7999999999999998,16,2,,,,,3.120583639726241,7737.132003208804,0.9804081618817148,0.0195918381182852,1.35,-53636.61029112266,-42289.64245199999,-42289.64245199999,0.0,71,1,0.0,18,4,,,,,2.820920270497951,79.35681508292848,0.9821607346570348,0.017839265342965163,1.8,53,4,,,,,3.1330411845818333,7601.44148331849,0.9444497825060651,0.05555021749393485,1.3500000000000003,-230724.61235060426,-122828.209525,-122828.209525,0.0,358,3,0.0,180,16,,,,,2.689995617038548,78.95529157255314,0.9887095459031591,0.01129045409684095,1.7999999999999998,178,16,,,,,3.0891929611850015,8608.54513210291,0.9874659554714327,0.012534044528567326,1.35,-559564.7619649697,-383716.53415900003,-383716.53415900003,0.0,714,6,0.0,348,31,,,,,2.6831343489286525,66.44402889057436,0.9879649209438904,0.01203507905610956,1.7975748058471646,366,31,,,,,3.1477024720576914,10617.41439035654,0.9878304120352746,0.012169587964725441,1.3550168871843766
1811,APEX,0.0,0.0,0.0,,0,0,0,0,0,30d,bearish,-557695.461981671,714,,,,,,,4.002213890108344,7062.074480292302,0.9409346607338575,0.05906533926614255,1.35,,-1663.5053309860803,-687.982595,-687.982595,0.0,3,0,0.0,1,1,,,,,15.606750202094064,0.0,0.2584264587003492,0.7415735412996508,-1.8,2,1,,,,,3.901078111242337,6775.672472833807,0.9469006545541204,0.0530993454458795,1.35,-3245.3529133972806,-666.4416449999999,-666.4416449999999,0.0,7,0,0.0,2,1,,,,,15.561644418232373,0.0,0.261079740103978,0.7389202598960218,-1.7999999999999998,5,1,,,,,3.9020849712234247,6671.221346844188,0.9468414691249443,0.053158530875055704,1.35,20902.590252501835,-6315.039689999999,-6315.039689999999,0.0,25,0,0.0,11,2,,,,,15.64626384230241,0.0,0.25610212692338763,0.7438978730766125,-1.8,14,2,,,,,3.901978728179675,6239.247879289593,0.9468475843930314,0.05315241560696862,1.35,-8900.83062524329,-14733.571310000003,-14733.571310000003,0.0,71,1,0.0,28,4,,,,,15.57226012314696,0.0,0.26045078970802565,0.7395492102919744,-1.8000000000000003,43,4,,,,,3.9381331904846673,6023.73382985394,0.9447244249107981,0.055275575089201695,1.35,-237994.4926143013,-130267.18374,-130267.18374,0.0,358,3,0.0,148,16,,,,,10.282606208296887,0.0,0.571584499636507,0.428415500363493,-0.6002308203513562,210,16,,,,,3.816850784551157,6351.633997038022,0.9518550644197896,0.048144935580210525,1.35,-557695.461981671,-506330.503805,-506330.503805,0.0,714,6,0.0,327,31,,,,,9.753932570782275,0.0,0.6015383136065022,0.3984616863934977,-0.5347763926208936,387,31,,,,,4.002213890108344,7062.074480292302,0.9409346607338575,0.05906533926614255,1.35
1811,MINA,0.0,0.0,0.0,,0,0,0,0,0,15d,bearish,-549557.1945250115,358,,,,,,,3.1311145025227085,3067.5027047795184,0.9922873822045464,0.007712617795453466,1.4922207912540815,,-13424.883099322198,-4283.244632,-4283.244632,0.0,3,0,0.0,0,0,,,,,,,,,,3,1,,,,,3.0000000000000004,1552.68017329817,1.0,0.0,1.3554119263598465,-6307.208217859237,-8700.300607000001,-8700.300607000001,0.0,7,0,0.0,4,1,,,,,3.0336067693003685,0.0,0.9980231312176253,0.001976868782374647,1.294425233013402,3,1,,,,,3.0000000000000004,1552.68017329817,1.0,0.0,1.3554119263598465,147.3490968858813,-6011.799085000001,-6011.799085000001,0.0,25,0,0.0,12,2,,,,,3.4502707507613253,0.0,0.9735134852493338,0.02648651475066621,1.0440621463145212,13,2,,,,,3.0076033510873224,1672.186059912165,0.999552744053687,0.0004472559463130732,1.4549920641957086,-77037.06882287459,-58352.976995000005,-58352.976995000005,0.0,71,1,0.0,25,4,,,,,3.4083213332628555,0.0,0.9759810980433614,0.024018901956638573,1.0288968035189348,46,4,,,,,3.0170004146334977,1792.5076428718478,0.9989999756097943,0.0010000243902057295,1.4766031162849764,-549557.1945250115,-484174.7047180001,-484174.7047180001,0.0,358,3,0.0,152,16,,,,,3.7169920290868763,0.0,0.9578239982890073,0.042176001710992714,1.004098863289639,206,16,,,,,3.1311145025227085,3067.5027047795184,0.9922873822045464,0.007712617795453466,1.4922207912540815,-490143.0114265788,-435792.4002520001,-435792.4002520001,0.0,714,6,0.0,337,31,,,,,5.069820236826106,0.0,0.8782458684219938,0.12175413157800627,0.6536390312405472,377,31,,,,,3.40457706125191,3655.1538683394324,0.9762013493381229,0.02379865066187709,1.3696949545468535
1811,W,0.0,0.0,0.0,,0,0,0,0,0,30d,bearish,-520454.3335715075,714,,,,,,,5.7525533077098485,8007.985616139142,0.9481363643015376,0.051863635698462376,0.3499999999999999,,1969.9122032196005,4959.212982999998,4959.212982999998,0.0,3,0,0.0,1,1,,,,,7.789339149630359,0.0,0.8138588726530673,0.18614112734693278,0.0,2,1,,,,,5.6881414438569085,6692.441262430311,0.9511727528632024,0.04882724713679791,0.35,-8829.519137695197,11554.050266000002,11554.050266000002,0.0,7,0,0.0,3,1,,,,,7.787093558982784,0.0,0.8140086476032466,0.18599135239675352,0.0,4,1,,,,,5.712321428402336,6609.823104749157,0.9495638703932173,0.05043612960678255,0.35,-66232.3646846628,105521.11255,105521.11255,0.0,25,0,0.0,6,2,,,,,7.669676241139026,0.0,0.8218302400045914,0.1781697599954087,0.0,19,2,,,,,5.580902837413969,6189.926415051827,0.9584601858080052,0.04153981419199481,0.35,-60401.213891064006,106093.383934,106093.383934,0.0,71,1,0.0,22,4,,,,,7.396595861575819,0.0,0.8400416498868712,0.15995835011312864,0.0,49,4,,,,,5.558696252907146,5975.791145430319,0.9599848739765167,0.04001512602348321,0.35,-460041.4403802112,-217570.644313,-217570.644313,0.0,358,3,0.0,157,16,,,,,6.640855374673703,0.0,0.8904197791544981,0.10958022084550186,0.0,201,16,,,,,5.620100635898857,7804.401583542866,0.9565905393455274,0.043409460654472556,0.3499999999999999,-520454.3335715075,-180691.407747,-180691.407747,0.0,714,6,0.0,342,31,,,,,6.938399193041372,0.0,0.8706549767004113,0.12934502329958888,0.0,372,31,,,,,5.7525533077098485,8007.985616139142,0.9481363643015376,0.051863635698462376,0.3499999999999999
1811,PENGU,0.0,0.0,0.0,,0,0,0,0,0,30d,bullish,505008.3410033082,714,,,,,,,5.2203762120446315,55.14080769725025,0.9684975355380326,0.03150246446196745,0.5606622354565665,,50768.98350478438,274084.052795,274084.052795,0.0,3,0,0.0,2,1,,,,,5.290914414332987,20.9892146482851,0.9791866570383686,0.02081334296163119,0.0,1,1,,,,,5.011167939739942,3997.769903705937,0.9959764517380107,0.004023548261989366,0.35,135127.88465433178,359184.03793600004,359184.03793600004,0.0,7,0,0.0,6,1,,,,,5.305321558547923,18.10853250421648,0.9774312211542756,0.02256877884572422,0.0,1,1,,,,,5.011167939739942,3997.769903705937,0.9959764517380107,0.004023548261989366,0.35,116031.2124664046,688365.3232440001,688365.3232440001,0.0,25,0,0.0,13,2,,,,,5.357575101628602,19.50193430256037,0.9744661112567201,0.025533888743279887,0.0,12,2,,,,,5.02223629137503,3439.4174709891417,0.9954090102267588,0.0045909897732411675,0.35,410821.08802833135,990230.9570210001,990230.9570210001,0.0,71,1,0.0,36,4,,,,,5.425583905499711,24.80044001255062,0.9697320817263211,0.030267918273678963,0.0,35,4,,,,,5.029172663548479,3095.358864828958,0.9953624539097758,0.0046375460902240645,0.35,-54616.170408850485,1172847.2218339997,1172847.2218339997,0.0,358,3,0.0,168,16,,,,,5.38569300135813,49.53713898646065,0.9514243221798675,0.04857567782013245,0.40633824394625595,190,16,,,,,5.041280076861757,2748.816956205033,0.9950286827729125,0.00497131722708755,0.35078729169366496,505008.3410033082,-1107401.861391,-1107401.861391,0.0,714,6,0.0,345,31,,,,,5.2203762120446315,55.14080769725025,0.9684975355380326,0.03150246446196745,0.5606622354565665,369,31,2,0.527972347051707,1.0,0.0,5.044092092215736,3542.4957825561532,0.9956665231255016,0.004333476874498318,0.3518238771300225
1811,BIO,0.0,0.0,0.0,,0,0,0,0,0,30d,bearish,-497014.9829896477,714,,,,,,,4.561847199458529,11908.919144620973,0.9081266353259689,0.09187336467403111,1.1259311176275297,,-14003.60228708912,821.6288100000003,821.6288100000003,0.0,3,0,0.0,0,0,,,,,,,,,,3,1,,,,,4.455948148952063,19524.60999090806,0.914355991238114,0.08564400876188606,1.35,-24007.56031855909,6906.052890000001,6906.052890000001,0.0,7,0,0.0,1,1,,,,,12.59315982427501,0.0,0.4356964809249994,0.5643035190750005,-1.2000000000000002,6,1,,,,,4.445289527848073,18961.832417353347,0.9149829689501134,0.08501703104988663,1.35,75419.97954274411,7354.930943000001,7354.930943000001,0.0,25,0,0.0,12,2,,,,,13.589195741761143,0.0,0.37710613283757993,0.6228938671624201,-1.5647028009624406,13,2,,,,,4.450342027093971,18721.879127605895,0.9146857631121195,0.08531423688788063,1.3500000000000003,95047.9858905959,7211.91459,7211.91459,0.0,71,1,0.0,29,4,,,,,13.585805415278134,0.0,0.3773055638071687,0.6226944361928314,-1.5667931409071056,42,4,,,,,4.4594930359615494,18034.667976436136,0.9141474684728501,0.08585253152714996,1.3499999999999999,-436309.4851654737,-148946.79839099996,-148946.79839099996,0.0,358,3,0.0,169,16,,,,,11.270608029408388,0.0,0.5134936453289184,0.4865063546710816,-0.8144613909786528,189,16,,,,,4.478051725216202,14301.52598210472,0.9130557808696351,0.0869442191303648,1.2246463849019862,-497014.9829896477,23302.201536000066,23302.201536000066,0.0,714,6,0.0,345,31,,,,,11.844293268259475,4.817748047233163,0.47974745480826625,0.5202525451917338,-0.9886604612266299,369,31,,,,,4.561847199458529,11908.919144620973,0.9081266353259689,0.09187336467403111,1.1259311176275297
1811,S,0.0,0.0,0.0,,0,0,0,0,0,30d,bearish,-492792.8840591193,714,,,,,,,7.60162327064599,9928.456672081666,0.8264429173883304,0.17355708261166974,0.35,,-1550.8577999301997,1624.644859,1624.644859,0.0,3,0,0.0,1,1,,,,,7.983585456573499,0.0,0.8010943028951001,0.19890569710489986,0.0,2,1,,,,,7.406326663834799,9593.482952003427,0.8395782224110135,0.16042177758898654,0.35,-7599.254616878799,6787.832946,6787.832946,0.0,7,0,0.0,1,1,,,,,7.983585456573499,0.0,0.8010943028951001,0.19890569710489986,0.0,6,1,,,,,7.368364162205234,9545.393732954532,0.8421090558529845,0.15789094414701557,0.35,-12517.101604636799,17246.474459,17246.474459,0.0,25,0,0.0,9,2,,,,,7.949937682633836,0.0,0.8033374878244108,0.1966625121755891,0.0,16,2,,,,,7.346281541745861,9410.306765496303,0.843581230550276,0.15641876944972405,0.35000000000000003,-14233.375601339798,705.4153039999983,705.4153039999983,0.0,71,1,0.0,33,4,,,,,7.922818609970649,0.0,0.8051454260019567,0.19485457399804326,0.0,38,4,,,,,7.2580273686892465,9132.008239511748,0.8494648420873836,0.15053515791261637,0.35,-255391.14356775966,-137818.9496500007,-137818.9496500007,0.0,358,3,0.0,172,16,1,1.0,1.0,0.0,5.498875101071522,0.0,0.9667416599285653,0.03325834007143478,0.0,186,16,1,1.0,1.0,0.0,7.8017807567785855,10472.514927328943,0.813080317643868,0.1869196823561322,0.3499999999999999,-492792.8840591193,-190570.9318230007,-190570.9318230007,0.0,714,6,0.0,335,31,1,1.0,1.0,0.0,5.569362771159847,0.0,0.9620424819226767,0.03795751807732316,0.0,379,31,1,1.0,1.0,0.0,7.60162327064599,9928.456672081666,0.8264429173883304,0.17355708261166974,0.35
1811,ENS,0.0,0.0,0.0,,0,0,0,0,0,30d,bearish,-486685.61752421554,714,,,,,,,6.154840629350894,5740.852186605331,0.9230106247099403,0.07698937529005964,0.3499999999999999,,-188.3522361245851,-7490.395472000015,-7490.395472000015,0.0,3,0,0.0,1,1,,,,,9.726341430979478,25.477459755482112,0.6136803053479682,0.3863196946520316,-0.65,2,1,,,,,5.99287182452693,3837.61303431989,0.9338085450315379,0.06619145496846204,0.35,-7401.971261555381,-5764.738220000024,-5764.738220000024,0.0,7,0,0.0,1,1,,,,,9.726341430979478,25.477459755482112,0.6136803053479682,0.3863196946520316,-0.65,6,1,,,,,5.95014366598206,3840.8698513073996,0.9366570889345293,0.06334291106547069,0.35,-37303.43829847379,6037.706167999982,6037.706167999982,0.0,25,0,0.0,7,2,,,,,9.686342604479476,26.262343992123476,0.6160361944827897,0.3839638055172103,-0.6499999999999999,18,2,,,,,5.94797591213554,3724.438737936519,0.9368016058576306,0.06319839414236936,0.35,-2300.7862368888123,-13371.710506000045,-13371.710506000045,0.0,71,1,0.0,34,4,,,,,12.285395920134244,19.923222584995713,0.4695090010395143,0.5304909989604857,-1.1961577232736762,37,4,,,,,5.941891842429113,3727.781806015394,0.9372072105047258,0.06279278949527423,0.35,-83717.41199962715,-139863.07084500004,-139863.07084500004,0.0,358,3,0.0,167,16,,,,,17.422573517780982,4.653632592692316,0.16136460574153447,0.8386353942584654,-1.8940045278115354,191,16,,,,,5.972360720275122,4810.005893339211,0.9351759519816586,0.06482404801834148,0.35000000000000003,-486685.61752421554,-416242.21115700004,-416242.21115700004,0.0,714,6,0.0,341,31,,,,,17.542970696507474,2.0410989764293817,0.1593870741648725,0.8406129258351276,-1.9034569431999517,373,31,,,,,6.154840629350894,5740.852186605331,0.9230106247099403,0.07698937529005964,0.3499999999999999
1811,ALGO,0.0,0.0,0.0,,0,0,0,0,0,30d,bearish,-473352.13956846425,714,,,,,,,5.653638387843214,5684.020256007045,0.9453559747084824,0.054644025291517614,0.35,,-61120.386836952595,44070.35140500001,44070.35140500001,0.0,3,0,0.0,1,1,,,,,5.483046230475839,0.0,0.9677969179682773,0.032203082031722716,0.0,2,1,,,,,5.153837104938194,5029.151546754987,0.980137172803781,0.019862827196218857,0.35,-63628.0969418158,45370.38342700001,45370.38342700001,0.0,7,0,0.0,2,1,,,,,5.466069990986799,0.0,0.9689286672675466,0.031071332732453345,0.0,5,1,,,,,5.152712615863965,5012.528658916732,0.9802272600259843,0.019772739974015532,0.35,-151235.70221090238,48112.02028400001,48112.02028400001,0.0,25,0,0.0,12,2,,,,,5.43879670729726,0.0,0.9707468861801827,0.029253113819817336,0.0,13,2,,,,,5.168969309829136,4929.578567712509,0.979147992338039,0.020852007661961082,0.35,-292969.3155143264,-77881.54683899999,-77881.54683899999,0.0,71,1,0.0,28,4,,,,,5.431904233435298,0.0,0.9712063844376466,0.028793615562353252,0.0,43,4,,,,,5.176679182639569,4816.008438898361,0.978876753680452,0.021123246319547966,0.35000000000000003,-133556.53984545456,-222473.710546,-222473.710546,0.0,358,3,0.0,166,16,,,,,5.365330123661713,0.0,0.9756446584225525,0.02435534157744753,0.0,192,16,,,,,5.153068161066409,5317.36769549853,0.9796665676093838,0.020333432390616316,0.35,-473352.13956846425,-606705.307356,-606705.307356,0.0,714,6,0.0,332,31,,,,,5.602229776001086,0.0,0.9598462501721289,0.04015374982787113,0.0,382,31,,,,,5.653638387843214,5684.020256007045,0.9453559747084824,0.054644025291517614,0.35
1811,ZK,0.0,0.0,0.0,,0,0,0,0,0,30d,bearish,-467720.2464484911,714,,,,,,,8.710010917034817,9243.292247763422,0.7526301229978213,0.24736987700217877,0.20613813857704427,,3478.0372652568,1462.0400910000003,1462.0400910000003,0.0,3,0,0.0,3,1,,,,,10.946384360448569,0.0,0.603574375970095,0.3964256240299047,-1.2000000000000004,0,0,,,,,,,,,,12297.0539016818,10860.081585,10860.081585,0.0,7,0,0.0,7,1,,,,,10.980273491370962,0.0,0.601315100575269,0.39868489942473095,-1.2000000000000002,0,0,,,,,,,,,,-15862.910245031802,75684.956443,75684.956443,0.0,25,0,0.0,15,2,,,,,10.950744347615354,0.0,0.6032837101589762,0.3967162898410237,-1.2000000000000002,10,2,,,,,8.187346425978474,7450.127619470881,0.787356424970239,0.21264357502976114,0.35,-164981.905880511,-38870.90662599999,-38870.90662599999,0.0,71,1,0.0,31,4,,,,,11.283171398101118,0.0,0.5811219067932586,0.41887809320674124,-1.2000000000000002,40,4,,,,,8.241223346689633,7386.443723806942,0.7837676127331619,0.21623238726683816,0.35000000000000003,-220590.4177958239,-22202.013254000016,-22202.013254000016,0.0,358,3,0.0,153,16,,,,,10.912789470483856,0.0,0.6058140353010761,0.3941859646989238,-1.0293848027726356,205,16,,,,,9.266445354814664,11058.377304976,0.7155108745564489,0.2844891254435511,0.11126649451512403,-467720.2464484911,-28198.362894999984,-28198.362894999984,0.0,714,6,0.0,312,31,,,,,10.352469104900406,0.0,0.643168726339973,0.35683127366002704,-0.6744208408592958,402,31,,,,,8.710010917034817,9243.292247763422,0.7526301229978213,0.24736987700217877,0.20613813857704427
1811,GRASS,0.0,0.0,0.0,,0,0,0,0,0,30d,bullish,466921.8638656533,714,,,,,,,3.349575806171624,63.526829783849976,0.9788522122668104,0.021147787733189698,1.2701915506529362,,-214313.2956638104,51113.128293,51113.128293,0.0,3,0,0.0,0,0,,,,,,,,,,3,1,,,,,3.23615008895614,4264.946937983338,0.9861063729864467,0.013893627013553166,1.35,-169344.1064636252,86921.82023999991,86921.82023999991,0.0,7,0,0.0,3,1,,,,,3.2734164944506756,97.00568116505255,0.9829015343042582,0.01709846569574199,1.35,4,1,,,,,3.236132991803344,4264.478441865254,0.986107378835355,0.013892621164644804,1.35,97994.2262525711,141000.7915659999,141000.7915659999,0.0,25,0,0.0,12,2,,,,,3.290636289203505,96.24311727795148,0.9818351327247091,0.01816486727529113,1.35,13,2,,,,,3.2372231325183236,4321.3156498368035,0.9860432038034433,0.013956796196556643,1.3500000000000003,465634.1348071505,195995.6991129999,195995.6991129999,0.0,71,1,0.0,41,4,,,,,3.31222597699903,92.9522201444098,0.9804719638713855,0.019528036128614576,1.3499999999999999,30,4,,,,,3.2409778419603175,4320.399913635376,0.9858222897778841,0.014177710222115784,1.35,-90415.07992124869,419795.33352099993,419795.33352099993,0.0,358,3,0.0,170,16,,,,,3.3758550291405487,82.41743750232158,0.9768305343960845,0.023169465603915466,1.35,188,16,,,,,3.264689817452805,4426.952076934251,0.9844016505662468,0.015598349433753251,1.3500000000000003,466921.8638656533,-531518.4402970002,-531518.4402970002,0.0,714,6,0.0,345,31,,,,,3.349575806171624,63.526829783849976,0.9788522122668104,0.021147787733189698,1.2701915506529362,369,31,,,,,3.2723742517309757,4553.380399494885,0.9839000063841258,0.01609999361587418,1.3500000000000003
1811,UNI,0.0,0.0,0.0,,0,0,0,0,0,6h,bullish,435345.0374663016,7,,,,,,,8.915866444425635,31.20793138151281,0.1702929559857257,0.8297070440142741,-1.25,,113184.3864655294,-591153.0383000002,-591153.0383000002,0.0,3,0,0.0,3,1,1,1.0,1.0,0.0,8.903958077490985,33.85832467511511,0.17828349109590466,0.8217165089040952,-1.25,0,0,,,,,,,,,,435345.0374663016,-664365.2113250003,-664365.2113250003,0.0,7,0,0.0,5,1,1,1.0,1.0,0.0,8.915866444425635,31.20793138151281,0.1702929559857257,0.8297070440142741,-1.25,2,1,,,,,9.91587844184693,1280.2059706239825,0.005478646010213486,0.9945213539897866,-0.9,429648.9964565041,-217841.3109800005,-217841.3109800005,0.0,25,0,0.0,14,2,1,1.0,1.0,0.0,9.120818990010594,29.77247839105677,0.15121394981266134,0.8487860501873385,-1.25,11,2,,,,,9.871568496200505,1237.5143179851693,0.011077521425065058,0.9889224785749349,-0.8999999999999999,-385124.3342295207,-4439580.03438,-4439580.03438,0.0,71,1,0.0,33,4,2,0.5608242590126595,1.0,0.0,9.20423948571647,28.614551014242984,0.1285845073107375,0.8714154926892623,-1.25,38,4,2,0.5544931510330534,1.0,0.0,9.863782263562873,1237.0154171443455,0.013101366985001885,0.986898633014998,-0.9,184061.22579882696,-6041968.183840001,-6041968.183840001,0.0,358,3,0.0,173,16,4,0.6036210520765609,0.8784511413280313,0.0,9.448624837090305,32.5082333318499,0.08669755059616595,0.913302449403834,-1.1773937685965412,185,16,4,0.45391971744877907,0.9070558687776761,0.0,9.802465744104692,1577.4247203498633,0.014522088474596481,0.9854779115254035,-0.8999999999999999,-307466.6123704998,-9753228.623655003,-9753228.623655003,0.0,714,6,0.0,347,31,7,0.4180361864488714,0.6579088719991277,0.0,9.616236967052037,48.57022944370557,0.0685111380781948,0.9314888619218051,-1.1415061518491625,367,31,6,0.36182311820610596,0.768420203880248,0.0,9.739553019323935,1691.7713106180245,0.02679785871584306,0.973202141284157,-0.9
1811,SAGA,0.0,0.0,0.0,,0,0,0,0,0,30d,bullish,433279.47215346823,562,,,,,,,3.0225366646276814,0.0,0.9986743138454305,0.0013256861545695151,1.3929450907732142,,-436.91265646272007,285.698274,285.698274,0.0,3,0,0.0,2,1,,,,,3.0,0.0,1.0,0.0,1.45,1,1,,,,,3.1333018460949607,7210.842453746604,0.9921587149355904,0.007841285064409443,1.35,-567.5501005747332,371.12242400000866,371.12242400000866,0.0,5,0,0.0,3,1,,,,,3.0,0.0,1.0,0.0,1.45,2,1,,,,,3.1332874650732356,7183.7545477067,0.9921595608780448,0.00784043912195502,1.35,-845.8604487273628,1313.3443039999988,1313.3443039999988,0.0,18,0,0.0,8,2,,,,,3.0,0.0,1.0,0.0,1.45,10,2,,,,,3.1331708843539317,7067.664362374546,0.9921664185674158,0.007833581432584223,1.3500000000000003,1760.073098566829,-885.6315759999871,-885.6315759999871,0.0,41,0,0.0,20,4,,,,,3.0,0.0,1.0,0.0,1.3961960401720426,21,4,,,,,3.1334926155544767,7023.593498242186,0.9921474932026779,0.007852506797322169,1.35,-184420.73092740856,-6385.812542999992,-6385.812542999992,0.0,267,2,0.0,127,16,,,,,3.0,0.0,1.0,0.0,1.3527541442643,140,15,,,,,3.158323324943246,10916.981851063712,0.9906868632386326,0.009313136761367411,1.35,433279.47215346823,38764.58455799986,38764.58455799986,0.0,562,4,0.0,270,31,,,,,3.0225366646276814,0.0,0.9986743138454305,0.0013256861545695151,1.3929450907732142,292,30,,,,,3.224084824324687,10059.395849760776,0.9868185397456067,0.013181460254393368,1.35
1811,APE,0.0,0.0,0.0,,0,0,0,0,0,30d,bearish,-432084.7838413016,714,,,,,,,6.252569608830315,23277.871332643503,0.9147792327258196,0.08522076727418042,0.35,,-7943.324497522226,3699.236822999984,3699.236822999984,0.0,3,0,0.0,1,1,,,,,17.886837801241743,0.0,0.140863244629376,0.8591367553706237,-1.8,2,1,,,,,6.254169612758955,25462.365262589065,0.9151422910155173,0.08485770898448282,0.3499999999999999,-10030.927824559025,3878.7591689999845,3878.7591689999845,0.0,7,0,0.0,2,1,,,,,17.89259015971162,0.0,0.14047971942160983,0.8595202805783899,-1.8,5,1,,,,,6.248251511173605,25733.747329924394,0.9155376484796509,0.08446235152034917,0.35,-62249.71744121522,20381.987182999983,20381.987182999983,0.0,25,0,0.0,8,2,,,,,14.609088614152551,0.0,0.359383302017782,0.640616697982218,-1.4549596437113046,17,2,,,,,6.143389644978864,25509.693097718857,0.9224036089926555,0.07759639100734457,0.35,-76679.23610026721,-68629.012956,-68629.012956,0.0,71,1,0.0,36,4,,,,,14.281150348721454,0.0,0.38124606865582594,0.618753931344174,-1.455298312260452,35,4,,,,,6.238940081130076,25993.101956451374,0.9159290922667723,0.08407090773322767,0.35000000000000003,-219509.69993237098,-75835.671335,-75835.671335,0.0,358,3,0.0,178,16,,,,,10.242907333686047,3.3526620555762685,0.6504703147601553,0.3495296852398448,-0.31968476139548463,180,16,,,,,6.1901109195299115,26489.0178181796,0.9188424816569403,0.08115751834305966,0.35,-432084.7838413016,-86470.36906299996,-86470.36906299996,0.0,714,6,0.0,363,31,,,,,9.674954191113187,11.116738384143117,0.6882580190479061,0.311741980952094,-0.24785815921327534,351,31,,,,,6.252569608830315,23277.871332643503,0.9147792327258196,0.08522076727418042,0.35
1811,SOPH,0.0,0.0,0.0,,0,0,0,0,0,30d,bearish,-422804.93991180323,714,,,,,,,5.226111492963026,50656.85620969721,0.8690522651198219,0.13094773488017802,0.8576498296137829,,-50780.35285691883,-32661.431989999997,-32661.431989999997,0.0,3,0,0.0,0,0,,,,,,,,,,3,1,,,,,3.000000000000001,7514.572908777534,1.0,0.0,1.3956401762816155,159117.90766125178,350065.39869799995,350065.39869799995,0.0,7,0,0.0,2,1,,,,,3.0069736964877833,0.0,0.9995897825595422,0.00041021744045782906,1.4420620748424486,5,1,,,,,3.040829985695373,8225.807327426037,0.9975982361355664,0.002401763864433719,1.4254127790945357,-322076.8138960589,-2165.991339000079,-2165.991339000079,0.0,25,0,0.0,7,2,,,,,3.079120337882633,0.0,0.9953458624774922,0.004654137522507847,1.4073487180527067,18,2,,,,,3.4561213598419025,26072.103042882034,0.9731693317740058,0.02683066822599428,1.3136651249675382,-337222.15411477396,9570.910975999914,9570.910975999914,0.0,71,1,0.0,27,4,,,,,3.192164829855566,0.0,0.9886961864790843,0.011303813520915668,1.36521605627783,44,4,,,,,3.6471810407904197,32203.09213090027,0.9619305270123283,0.03806947298767176,1.2600775552675896,-359426.06083838927,-9879.733436000086,-9879.733436000086,0.0,358,3,0.0,148,16,,,,,3.410351802169607,0.0,0.9758616586959054,0.02413834130409455,1.2800227667535649,210,16,,,,,4.072330053367862,44285.948583964055,0.9369217615665963,0.06307823843340365,1.1474054498952704,-422804.93991180323,-6910.764700000088,-6910.764700000088,0.0,714,6,0.0,309,31,,,,,4.027380967107591,0.0,0.9395658254642594,0.06043417453574066,1.0605237978855393,405,31,,,,,5.226111492963026,50656.85620969721,0.8690522651198219,0.13094773488017802,0.8576498296137829
1811,PNUT,0.0,0.0,0.0,,0,0,0,0,0,30d,bearish,-415162.95457592286,714,,,,,,,4.161699250611158,15681.326463563357,0.931646871091946,0.06835312890805392,1.35,,2676.715350076671,-2221.5751609999966,-2221.5751609999966,0.0,3,0,0.0,2,1,,,,,8.756624883772178,0.0,0.6613750068369308,0.33862499316306927,0.0,1,1,,,,,4.176384133553038,12787.908572107144,0.9308009333204099,0.06919906667959036,1.35,8090.636374877873,-3484.1349399999954,-3484.1349399999954,0.0,7,0,0.0,5,1,,,,,8.69596307825732,0.0,0.6649433483378047,0.3350566516621953,0.0,2,1,,,,,4.180992335845982,12761.632003660612,0.9305298625972952,0.06947013740270473,1.3499999999999999,19062.0263917127,-4665.335329999993,-4665.335329999993,0.0,25,0,0.0,12,2,,,,,8.730155981902122,0.0,0.6629320010645811,0.337067998935419,0.0,13,2,,,,,4.1798073063146095,12790.383993984819,0.9305995702167877,0.06940042978321229,1.35,7291.318331258473,-21517.262392999994,-21517.262392999994,0.0,71,1,0.0,31,4,,,,,8.615500218039623,4.243377936158634,0.6696764577623752,0.3303235422376249,0.0,40,4,,,,,4.1007297735639625,12344.540073390051,0.9352511897903552,0.0647488102096448,1.35,-176961.72081339813,-61530.54720700002,-61530.54720700002,0.0,358,3,0.0,173,16,,,,,7.74692282170082,10.500096254772227,0.6126323964669917,0.3873676035330083,-0.532504906594245,185,16,,,,,4.066563182830589,12748.351869961383,0.9372609892452595,0.06273901075474055,1.3499999999999999,-415162.95457592286,-228191.994577,-228191.994577,0.0,714,6,0.0,333,31,,,,,6.964884643574118,6.627251729399916,0.7280072362680577,0.27199276373194214,-0.1833021765762019,381,31,,,,,4.161699250611158,15681.326463563357,0.931646871091946,0.06835312890805392,1.35
1811,BLUR,0.0,0.0,0.0,,0,0,0,0,0,30d,bearish,-414672.6553910164,714,,,,,,,4.622641437080256,7285.490188719888,0.9045505037011613,0.09544949629883863,1.1404030970508925,,-242.84886760992,-291.818226,-291.818226,0.0,3,0,0.0,0,0,,,,,,,,,,3,1,,,,,3.0,6606.571737579159,1.0,0.0,1.7701801193710645,-17031.524279637124,347.6142049999994,347.6142049999994,0.0,7,0,0.0,1,1,,,,,3.290518622362276,0.0,0.9829106692728072,0.017089330727192757,1.0,6,1,,,,,2.9999999999999996,6569.897259257835,1.0,0.0,1.7995832621150296,-1277.5372507066227,-2862.837383000001,-2862.837383000001,0.0,25,0,0.0,10,2,,,,,3.356434244488508,0.0,0.9790332797359702,0.020966720264029848,1.0,15,2,,,,,3.0,6638.735367812315,1.0,0.0,1.7997863710480657,-1516.8978042846152,-5672.983234000005,-5672.983234000005,0.0,71,1,0.0,32,4,,,,,3.7822739098136027,0.0,0.9539838876580233,0.04601611234197661,0.9048077296675864,39,4,,,,,3.3611247080818525,6768.8231049016995,0.9787573701128323,0.02124262988716781,1.5101608116450231,-352600.78328455146,-89755.20982499998,-89755.20982499998,0.0,358,3,0.0,178,16,,,,,6.215412439087209,13.970165773638872,0.8108580918183995,0.1891419081816005,0.3359875429128898,180,16,,,,,4.57596362608905,6922.661297995898,0.9072962572888795,0.09270374271112058,1.2040119586744593,-414672.6553910164,-61573.56052400003,-61573.56052400003,0.0,714,6,0.0,331,31,,,,,5.96820940967522,7.965813986439767,0.8253994464896931,0.17460055351030707,0.4193533607607801,383,31,,,,,4.622641437080256,7285.490188719888,0.9045505037011613,0.09544949629883863,1.1404030970508925
1811,ZEN,0.0,0.0,0.0,,0,0,0,0,0,30d,bearish,-394195.8216611433,714,,,,,,,5.2553031969584385,8106.8985684021245,0.9441276916567893,0.05587230834321064,0.5492114207595831,,-3405.4568739609945,12440.453084999997,12440.453084999997,0.0,3,0,0.0,2,1,,,,,6.6468203520062605,0.0,0.890211976532916,0.1097880234670841,0.0,1,1,,,,,5.458865618078567,6337.090432839435,0.9410319276124528,0.05896807238754738,0.35,-7039.384239972643,21196.545033000006,21196.545033000006,0.0,7,0,0.0,3,1,,,,,6.683426994393697,0.0,0.8877715337070868,0.11222846629291319,0.0,4,1,,,,,5.485254739550119,6223.740218766483,0.9396094169098328,0.060390583090167274,0.35,11334.693639650652,-2211.1754249999976,-2211.1754249999976,0.0,25,0,0.0,12,2,,,,,6.681809577722747,0.0,0.8878793614851502,0.1121206385148498,0.0,13,2,,,,,5.48002088185421,6099.433274393546,0.9407856342534536,0.05921436574654646,0.35,-234297.45927349178,-139159.721082,-139159.721082,0.0,71,1,0.0,32,4,,,,,6.4558965880219255,0.0,0.902940227465205,0.09705977253479504,0.0,39,4,,,,,5.236767863947957,5525.207658742272,0.9582939052658613,0.04170609473413878,0.35,-258119.62334948283,-86663.71142,-86663.71142,0.0,358,3,0.0,152,16,,,,,6.445394144790366,0.0,0.9036284333693069,0.09637156663069314,0.0,206,16,,,,,5.161705588608527,7093.316411970368,0.9385320452914533,0.061467954708546574,0.6305242970263991,-394195.8216611433,-107563.365304,-107563.365304,0.0,714,6,0.0,328,31,,,,,8.214868395139918,0.0,0.7777887047068933,0.22221129529310668,-0.29622967087010893,386,31,,,,,5.2553031969584385,8106.8985684021245,0.9441276916567893,0.05587230834321064,0.5492114207595831
1811,UMON,0.0,0.0,0.0,,0,0,0,0,0,15d,bearish,-370646.92164434557,275,,,,,,,0.0,0.0,0.0,0.0,0.0,,532.9118305982627,-592.1242562202917,0.0,-592.1242562202917,2,0,1.0,1,1,,,,,0.0,0.0,0.0,0.0,0.0,1,1,,,,,0.0,0.0,0.0,0.0,0.0,-4553.938629287863,6399.880072819848,0.0,6399.880072819848,5,0,1.0,1,1,,,,,0.0,0.0,0.0,0.0,0.0,4,1,,,,,0.0,0.0,0.0,0.0,0.0,-2027.209051413079,-510.7015253295671,0.0,-510.7015253295671,20,0,1.0,5,2,,,,,0.0,0.0,0.0,0.0,0.0,15,2,,,,,0.0,0.0,0.0,0.0,0.0,-14564.207872839801,13419.29716514457,0.0,13419.29716514457,50,1,1.0,21,4,,,,,0.0,0.0,0.0,0.0,0.0,29,4,,,,,0.0,0.0,0.0,0.0,0.0,-370646.92164434557,-338679.1884316958,0.0,-338679.1884316958,275,3,1.0,119,16,,,,,0.0,0.0,0.0,0.0,0.0,156,16,,,,,0.0,0.0,0.0,0.0,0.0,-240259.34399699076,-343713.2111936684,0.0,-343713.2111936684,472,6,1.0,226,31,,,,,0.0,0.0,0.0,0.0,0.0,246,30,,,,,0.0,0.0,0.0,0.0,0.0
1811,MET,0.0,0.0,0.0,,0,0,0,0,0,72h,bearish,-364141.3410926322,71,,,,,,,3.1443795420377114,5387.300777555492,0.9915070857624877,0.008492914237512422,1.35,,3948.7141906443576,49075.08010999999,49075.08010999999,0.0,3,0,0.0,1,1,,,,,2.6089883025834935,54.956302108518955,0.981706496485086,0.018293503514914024,1.7999999999999998,2,1,,,,,3.0592516098880487,5928.127097116195,0.996514611183056,0.0034853888169440028,1.3499999999999999,3093.4061322297644,62024.52768499998,62024.52768499998,0.0,7,0,0.0,3,1,,,,,2.5827005941100087,55.083502224862066,0.983215994425597,0.016784005574402978,1.7999999999999996,4,1,,,,,3.0565192530258924,5780.683104831192,0.9966753380573006,0.0033246619426995317,1.35,219677.67137288785,293272.52295,293272.52295,0.0,25,0,0.0,12,2,,,,,2.637652081745362,56.926923026526204,0.9805488773661392,0.019451122633860823,1.7999999999999998,13,2,,,,,3.062021732158249,5559.716580323363,0.9963516628142207,0.0036483371857793053,1.35,-364141.3410926322,-623051.696185,-623051.696185,0.0,71,1,0.0,35,4,,,,,2.7125290782537017,55.4021546460867,0.9777712095743342,0.022228790425665793,1.7983077449964107,36,4,,,,,3.1443795420377114,5387.300777555492,0.9915070857624877,0.008492914237512422,1.35,-25.749513872525988,-550600.104485,-550600.104485,0.0,358,3,0.0,183,16,,,,,2.8803449366106273,58.54695516299822,0.9747215684491436,0.025278431550856476,1.6272295566280113,175,16,,,,,3.1934225097953344,6875.651354652582,0.9886222053061569,0.011377794693843184,1.3500000000000003,14691.916744262204,-504456.97243500006,-504456.97243500006,0.0,714,6,0.0,361,31,,,,,3.332347718783224,59.33995859132859,0.9523784613337003,0.0476215386662997,1.4595900379970261,353,31,,,,,3.3517187033777063,6478.323318181661,0.9791263206930286,0.020873679306971447,1.3500000000000003
1811,USUAL,0.0,0.0,0.0,,0,0,0,0,0,30d,bearish,-330950.70242970303,714,,,,,,,7.904422384710928,10372.209264551495,0.7115045656052397,0.28849543439476044,0.16241513688659126,,-3183.341737543773,1928.6940399999762,1928.6940399999762,0.0,3,0,0.0,0,0,,,,,,,,,,3,1,,,,,5.622491291107932,5242.080035622771,0.8457358064054158,0.1542641935945842,0.35000000000000003,-4411.925036859598,5173.16945899999,5173.16945899999,0.0,7,0,0.0,1,1,,,,,13.449136819797202,0.0,0.3853448929531054,0.6146551070468943,-1.8,6,1,,,,,5.628705925428135,5190.2090594843285,0.8453702396806978,0.15462976031930212,0.35,8461.784986644061,-34440.299733000014,-34440.299733000014,0.0,25,0,0.0,10,2,,,,,13.253740781868562,0.0,0.3968387775371433,0.6031612224628565,-1.4584211874243131,15,2,,,,,5.687477677846349,5146.207545289219,0.8419130777737442,0.15808692222625584,0.35,-109835.1906246809,-170496.06949800003,-170496.06949800003,0.0,71,1,0.0,29,4,,,,,13.255063514431333,0.0,0.39676096973933334,0.6032390302606666,-1.5325953568825346,42,4,,,,,6.868200379819225,6767.595712207127,0.7724588011871045,0.22754119881289556,0.3402688491672918,-267633.46805322485,-198385.59839500004,-198385.59839500004,0.0,358,3,0.0,165,16,,,,,12.046483586360212,0.0,0.4678539066846933,0.5321460933153066,-1.1834978762772552,193,16,,,,,8.11471905326221,9619.755430378806,0.699134173337517,0.30086582666248296,0.09058609671577371,-330950.70242970303,-194211.35533100003,-194211.35533100003,0.0,714,6,0.0,344,31,,,,,9.88004012756167,0.0,0.5952917572022547,0.4047082427977453,-0.7075159958898468,370,31,,,,,7.904422384710928,10372.209264551495,0.7115045656052397,0.28849543439476044,0.16241513688659126
1811,MELANIA,0.0,0.0,0.0,,0,0,0,0,0,30d,bearish,-316745.15815617,714,,,,,,,3.9133831273230006,3877.394671977933,0.945893574371384,0.054106425628616076,1.35,,-3910.677335763827,626.4519279999994,626.4519279999994,0.0,3,0,0.0,0,0,,,,,,,,,,3,1,,,,,3.7483456036352223,3675.113068956567,0.9559796703743988,0.044020329625601325,1.35,-3668.3431364287185,3904.90942999999,3904.90942999999,0.0,7,0,0.0,1,1,,,,,3.62239073602433,0.0,0.9633887802338629,0.03661121976613709,1.0,6,1,,,,,3.743131864803275,3663.0099894665686,0.956286360893925,0.04371363910607499,1.35,15689.607794209096,-7466.537057000014,-7466.537057000014,0.0,25,0,0.0,12,2,,,,,3.6137958694035213,0.0,0.9638943606233223,0.03610563937667771,1.0,13,2,,,,,3.743556539623588,3544.8851968327463,0.9562613800221419,0.04373861997785807,1.35,-7157.925645960767,-96697.20058300001,-96697.20058300001,0.0,71,1,0.0,29,4,,,,,3.6200788041337275,0.0,0.9635247762274277,0.036475223772572236,1.0,42,4,,,,,3.772157479373974,3615.485679307113,0.954578971801531,0.04542102819846907,1.35,-259269.00530719652,31911.109648000034,31911.109648000034,0.0,358,3,0.0,142,16,,,,,3.7464130122920056,0.0,0.9560933522181174,0.043906647781882684,1.0,216,16,,,,,3.819985871755319,3498.03673493778,0.9513547737564745,0.048645226243525484,1.3499999999999999,-316745.15815617,70733.81687099999,70733.81687099999,0.0,714,6,0.0,319,31,,,,,3.835811514434552,0.0,0.9508346167979677,0.04916538320203244,1.0,395,31,,,,,3.9133831273230006,3877.394671977933,0.945893574371384,0.054106425628616076,1.35
1811,SYRUP,0.0,0.0,0.0,,0,0,0,0,0,30d,bullish,297644.3511590683,714,,,,,,,6.52537350573657,1.2979317940863233,0.7926250878978488,0.20737491210215114,0.03497766013751547,,75272.69926213047,10901.687540000004,10901.687540000004,0.0,3,0,0.0,2,1,,,,,5.026181171276375,0.0,0.8808128722778603,0.11918712772213966,0.0366317693562678,1,1,,,,,3.3120528833787772,3270.4226303556325,0.9816439480365425,0.01835605196345755,1.35,239399.10906257562,-204467.98599999995,-204467.98599999995,0.0,7,0,0.0,6,1,,,,,4.703841196655326,0.0,0.899774047255569,0.10022595274443095,0.6605715591824426,1,1,,,,,3.3120528833787772,3270.4226303556325,0.9816439480365425,0.01835605196345755,1.35,220146.48274256167,-24823.812309999965,-24823.812309999965,0.0,25,0,0.0,15,2,,,,,4.651248293483214,0.0,0.9028677474421638,0.09713225255783613,0.7405516640141729,10,2,,,,,3.290059952228164,3558.408806669184,0.9829376498689315,0.017062350131068462,1.3500000000000003,171940.15051792574,-163364.03560499995,-163364.03560499995,0.0,71,1,0.0,39,4,,,,,4.865294698952859,0.0,0.8902767824145377,0.1097232175854623,0.7394991172352077,32,4,,,,,3.312163238755601,3172.53109526124,0.9816374565437882,0.018362543456211813,1.35,38938.36572110055,-441131.74648999993,-441131.74648999993,0.0,358,3,0.0,169,16,,,,,5.661809477785547,1.086069793175857,0.8434229718949677,0.15657702810503216,0.24737071511203212,189,16,,,,,3.3397560238232047,3766.8606073929523,0.9800143515398114,0.019985648460188517,1.35,297644.3511590683,-693814.649,-693814.649,0.0,714,6,0.0,319,30,,,,,6.52537350573657,1.2979317940863233,0.7926250878978488,0.20737491210215114,0.03497766013751547,395,31,,,,,3.4607886925154374,3614.099971006514,0.9728947827932096,0.027105217206790443,1.35
1811,kSHIB,0.0,0.0,0.0,,0,0,0,0,0,30d,bearish,-293636.36345606006,714,,,,,,,9.340775368653457,11288.004502356762,0.09903266168666362,0.9009673383133365,-0.9199603027838787,,391.53980794059606,2584.6744099999996,2584.6744099999996,0.0,3,0,0.0,2,1,,,,,9.571029167028685,28.58399262529423,0.2746587851710468,0.7253412148289531,-1.25,1,1,,,,,9.10246095609099,9121.730934420048,0.1050156586673026,0.8949843413326973,-0.9,4642.866784888417,7404.516973,7404.516973,0.0,7,0,0.0,5,1,,,,,9.634914706873397,28.877701627110984,0.2731150867002639,0.7268849132997361,-1.25,2,1,,,,,9.114341486529163,8937.638632766637,0.10513965224965846,0.8948603477503417,-0.9,9432.173002034886,31033.801767,31033.801767,0.0,25,0,0.0,13,2,,,,,9.569506010787634,29.22695635320888,0.28579882868605244,0.7142011713139474,-1.25,12,2,,,,,9.098579369265535,8693.819554435877,0.10438707504002878,0.8956129249599712,-0.9,-67436.8644466966,-15482.668665000005,-15482.668665000005,0.0,71,1,0.0,29,4,,,,,9.922043532944574,58.14734652551394,0.21739141727955266,0.7826085827204474,-1.333286039471743,42,4,,,,,9.027948585479802,8756.57948999977,0.10999068715712894,0.8900093128428711,-0.9000000000000001,42221.57036407748,-87337.63018100001,-87337.63018100001,0.0,358,3,0.0,163,16,,,,,10.441246267125146,22.32738846587098,0.10024434752917669,0.8997556524708233,-1.5752544522212364,195,16,,,,,8.963018802893407,9602.676594239134,0.11482476211482759,0.8851752378851724,-0.8999999999999999,-293636.36345606006,-615530.614356,-615530.614356,0.0,714,6,0.0,341,31,,,,,11.17556927727205,11.042106773473783,0.0617226750679389,0.9382773249320611,-1.6648262316926439,373,31,,,,,9.340775368653457,11288.004502356762,0.09903266168666362,0.9009673383133365,-0.9199603027838787
1811,OP,0.0,0.0,0.0,,0,0,0,0,0,72h,bearish,-290966.260363044,71,,,,,,,5.315647161827834,4869.86139611645,0.9774559944799814,0.02254400552001862,0.35,,-1833.8379453703892,17874.65128500003,17874.65128500003,0.0,3,0,0.0,1,1,,,,,5.514801754309745,0.0,0.9594049570025812,0.04059504299741864,0.0,2,1,,,,,5.321154589829385,4869.712022797656,0.9781667370812198,0.02183326291878004,0.35,-3244.8935548907334,69887.9428170001,69887.9428170001,0.0,7,0,0.0,3,1,,,,,5.5290120452161675,0.0,0.9583926661430908,0.041607333856909116,0.0,4,1,,,,,5.3255752148512245,4771.498059880443,0.9778754749453626,0.022124525054637113,0.35,-69528.00845492893,64098.60010600009,64098.60010600009,0.0,25,0,0.0,5,2,,,,,5.547194838448042,0.0,0.9580117883044942,0.041988211695505734,0.0,20,2,,,,,5.325111981880599,4676.952863068807,0.9779069873420567,0.022093012657943136,0.35,-290966.260363044,-136271.4677359999,-136271.4677359999,0.0,71,1,0.0,19,4,,,,,5.6287939926576875,0.0,0.957050669386562,0.04294933061343806,0.0,52,4,,,,,5.315647161827834,4869.86139611645,0.9774559944799814,0.02254400552001862,0.35,-6941.894193520161,26109.60296300018,26109.60296300018,0.0,358,3,0.0,162,16,,,,,5.449847144956305,0.0,0.969642235129739,0.030357764870261116,0.0,196,16,,,,,5.226244370239254,5850.642063158246,0.9823673048580944,0.01763269514190563,0.3499999999999999,-23497.876628053953,-55219.615730999896,-55219.615730999896,0.0,714,6,0.0,349,31,,,,,5.3216987282444395,0.0,0.9779601454718944,0.02203985452810564,0.041406929319520655,365,31,,,,,5.140178224281824,5434.948702477358,0.9880263211407653,0.011973678859234758,0.47700922711165183
1811,kBONK,0.0,0.0,0.0,,0,0,0,0,0,30d,bearish,-284034.512001382,714,,,,,,,9.69640936489678,4541.699978729437,0.05066406352794675,0.9493359364720532,-0.8999999999999999,,703.1799505156073,5846.588355999999,5846.588355999999,0.0,3,0,0.0,1,1,,,,,10.195919496380565,0.0,0.00013580703852996296,0.9998641929614702,-1.8,2,1,,,,,9.762404880838561,4713.470169927844,0.03790662330994949,0.9620933766900505,-0.9,272.9406006042787,12641.883285999997,12641.883285999997,0.0,7,0,0.0,3,1,,,,,10.16708227074967,0.0,0.0008015162234000404,0.9991984837766001,-1.8,4,1,,,,,9.761588987461096,4722.525241974647,0.03793314719693288,0.9620668528030673,-0.9,32608.930445150985,11022.736280000003,11022.736280000003,0.0,25,0,0.0,14,2,,,,,10.058826157820093,0.0,0.0003388915511637151,0.9996611084488364,-1.8,11,2,,,,,9.766795722764014,4598.453978789047,0.03753790555564882,0.9624620944443512,-0.9,192860.79216975832,-403487.819613,-403487.819613,0.0,71,1,0.0,36,4,,,,,10.161443574778156,0.0,0.0022017516734733258,0.9977982483265266,-1.7686843803799204,35,4,,,,,9.491355794831572,4572.4508411671695,0.07237597912438451,0.9276240208756155,-0.9,148296.1020525983,-308026.057038,-308026.057038,0.0,358,3,0.0,180,16,,,,,10.048642639742765,0.0,0.027774013232055035,0.9722259867679449,-1.6759587998328282,178,16,,,,,9.653310161339805,4825.144206482629,0.05334048461065144,0.9466595153893487,-0.9,-284034.512001382,-1023049.178315,-1023049.178315,0.0,714,6,0.0,342,31,,,,,10.077007088285603,0.0,0.043261836054615976,0.9567381639453841,-1.6397688965164754,372,31,,,,,9.69640936489678,4541.699978729437,0.05066406352794675,0.9493359364720532,-0.8999999999999999
1811,0G,0.0,0.0,0.0,,0,0,0,0,0,30d,bearish,-282862.53815705853,714,,,,,,,4.307910397765965,13174.689262695969,0.9222361123648425,0.07776388763515744,1.0501270761890271,,4704.959629940599,-1223.608435,-1223.608435,0.0,3,0,0.0,3,1,,,,,7.206621241956515,0.0,0.7525516916496167,0.2474483083503832,0.0,0,0,,,,,,,,,,22032.607554392274,15327.468435000003,15327.468435000003,0.0,7,0,0.0,6,1,,,,,8.460566145912946,0.0,0.6787902267110034,0.3212097732889967,-0.32097567799644416,1,1,,,,,3.35339685219082,8674.47585179558,0.9792119498711281,0.02078805012887182,1.35,91987.51913601875,-39770.46387999999,-39770.46387999999,0.0,25,0,0.0,21,2,,,,,4.617239590429222,0.0,0.9048682593865164,0.09513174061348363,0.779607644901307,4,2,,,,,3.2277021410829962,8558.856802352699,0.9866057564068826,0.013394243593117411,1.35,113679.48052281656,-41806.851719999984,-41806.851719999984,0.0,71,1,0.0,49,4,,,,,4.164896603179867,0.0,0.9314766704011844,0.06852332959881567,0.865713120488582,22,4,,,,,3.1079206763815166,8005.654287379235,0.9936517249187343,0.006348275081265677,1.400438815830786,-224044.12457782487,-123292.40904499998,-123292.40904499998,0.0,358,3,0.0,181,16,,,,,4.722840004785215,19.645398657209068,0.898656470306752,0.10134352969324793,0.8003971345772123,177,16,,,,,3.471593954711762,10464.193964035727,0.9711298684169106,0.028870131583089313,1.2899778448158854,-282862.53815705853,-131215.80937499998,-131215.80937499998,0.0,714,6,0.0,347,31,,,,,7.070492430332039,14.170687360832854,0.7605592688039976,0.23944073119600226,0.19442709803772015,367,31,,,,,4.307910397765965,13174.689262695969,0.9222361123648425,0.07776388763515744,1.0501270761890271
1811,DASH,0.0,0.0,0.0,,0,0,0,0,0,30d,bullish,270173.4114612115,714,,,,,,,9.427008789693334,0.7749871543346982,0.6619914435827504,0.33800855641724953,-0.5400291517634195,,2429.6647143052046,17049.03193999999,17049.03193999999,0.0,3,0,0.0,1,1,,,,,17.01634986232932,0.0,0.1965424283667037,0.8034575716332962,-1.8,2,1,,,,,5.015965826056184,4573.657001036527,0.9721136269288242,0.027886373071175703,0.49783435638830753,51088.404910597004,4134.958274999995,4134.958274999995,0.0,7,0,0.0,4,1,,,,,18.96905544151729,0.19112877697126926,0.06613018734075153,0.9338698126592486,-1.8,3,1,,,,,5.023594741576515,4543.7629425293835,0.9713302232818745,0.02866977671812542,0.46510549147842195,244503.73072928653,-29620.874655000043,-29620.874655000043,0.0,25,0,0.0,18,2,,,,,11.63026750705273,2.8899346466685083,0.5567043972586132,0.4432956027413869,-0.7736576412391913,7,2,,,,,4.889157973689539,2992.5582567789234,0.9770270258454454,0.022972974154554616,1.2802719282288177,131565.51014839677,67890.01604000009,67890.01604000009,0.0,71,1,0.0,37,4,,,,,8.670211136342044,2.5027521938437958,0.6497059677002244,0.35029403229977557,-0.608391927579132,34,4,,,,,5.032076843588092,2153.030730883242,0.8907105680689049,0.10928943193109521,0.5988321303981475,24942.28026661245,-555851.3275899998,-555851.3275899998,0.0,358,3,0.0,186,16,,,,,9.424652229643273,1.0961588981377912,0.6521488706942379,0.3478511293057621,-0.5343621808156821,172,16,,,,,4.911650988139633,7367.423688907574,0.9112095437168745,0.08879045628312546,0.8215126249191841,270173.4114612115,-356973.1911399998,-356973.1911399998,0.0,714,6,0.0,369,31,,,,,9.427008789693334,0.7749871543346982,0.6619914435827504,0.33800855641724953,-0.5400291517634195,345,31,,,,,4.975589713036921,8094.7135388122215,0.9243711363151847,0.0756288636848153,0.8464814094530618
1811,RESOLV,0.0,0.0,0.0,,0,0,0,0,0,30d,bearish,-266836.5537989176,714,,,,,,,5.886491485104327,11237.607212324774,0.8302063832291572,0.16979361677084273,0.7261923263049324,,-550.8314347955039,986.259321,986.259321,0.0,3,0,0.0,1,1,,,,,5.851305273358571,0.0,0.8322761603906724,0.16772383960932774,0.0,2,1,,,,,5.6007864506496565,11649.309935516694,0.847012561726491,0.15298743827350916,0.35,-468.35777811559126,2203.7858189999997,2203.7858189999997,0.0,7,0,0.0,3,1,,,,,5.809352393513043,0.0,0.8347439768521738,0.1652560231478261,0.0,4,1,,,,,5.578030750612707,11553.12657928547,0.8483511323168995,0.15164886768310046,0.35,7967.028899547599,1188.8353609999995,1188.8353609999995,0.0,25,0,0.0,14,2,,,,,5.7630638202109195,0.0,0.8374668341052401,0.16253316589475997,0.0,11,2,,,,,5.55369359173533,11636.008439527412,0.8497827298979219,0.1502172701020782,0.35000000000000003,12157.901106001438,-501.1158550000007,-501.1158550000007,0.0,71,1,0.0,33,4,,,,,5.734643838485472,0.0,0.8391385977361487,0.1608614022638513,0.0,38,4,,,,,5.507305580665529,11736.162737563447,0.8525114364314393,0.14748856356856052,0.35,-216604.93504884493,69505.83144299997,69505.83144299997,0.0,358,3,0.0,163,16,1,1.0,1.0,0.0,4.9841920739854855,0.0,0.8832828191773243,0.11671718082267561,0.5923909582716763,195,16,,,,,5.0281067504791155,9242.882632756624,0.8806996029129933,0.1193003970870068,0.9122171561523504,-266836.5537989176,21195.405966999966,21195.405966999966,0.0,714,6,0.0,335,31,1,1.0,1.0,0.0,7.436411372941846,0.0,0.7390346251210679,0.26096537487893207,-0.07618469593251757,379,31,,,,,5.886491485104327,11237.607212324774,0.8302063832291572,0.16979361677084273,0.7261923263049324
1811,RUNE,0.0,0.0,0.0,,0,0,0,0,0,30d,bullish,256496.5004925356,714,,,,,,,14.36841008753017,0.04807242868411798,0.37498487156132126,0.6250151284386788,-1.3098923187737614,,-1103.4489324311994,-1009.8123939999923,-1009.8123939999923,0.0,3,0,0.0,1,1,,,,,19.669256285759346,0.0,0.022049580949377073,0.977950419050623,-1.8,2,1,,,,,7.159238355015905,10982.940187855285,0.8550869205283315,0.1449130794716685,0.3499999999999999,306.5712728040019,-769.8495489999952,-769.8495489999952,0.0,7,0,0.0,3,1,,,,,19.668985047744037,0.0,0.022067663483730897,0.9779323365162692,-1.8,4,1,,,,,7.175972435426302,10791.665503773587,0.8539716035982897,0.14602839640171017,0.3499999999999999,-2312.256643401591,-9452.761945999984,-9452.761945999984,0.0,25,0,0.0,13,2,,,,,19.66825718055274,0.0,0.022116187963150756,0.9778838120368494,-1.8000000000000003,12,2,,,,,7.176082677111299,10701.762164459547,0.8539552079535598,0.14604479204644022,0.35,-18984.900974439184,-19824.512891999984,-19824.512891999984,0.0,71,1,0.0,33,4,,,,,19.664262959268758,0.0,0.022352032969293875,0.9776479670307061,-1.8000000000000003,38,4,,,,,7.225978384599829,10816.193469469477,0.8505938938676694,0.14940610613233066,0.35,-57195.16544165697,-123661.61098499996,-123661.61098499996,0.0,358,3,0.0,183,16,,,,,13.384314303629877,0.0,0.4404103252970476,0.5595896747029525,-1.085702126184205,175,16,,,,,6.981719197328576,9083.433977241724,0.8664230856076962,0.13357691439230376,0.35,256496.5004925356,315352.91262700007,315352.91262700007,0.0,714,6,0.0,391,31,,,,,14.36841008753017,0.04807242868411798,0.37498487156132126,0.6250151284386788,-1.3098923187737614,323,31,,,,,6.788314472431603,8342.910278434165,0.8788805883877796,0.12111941161222026,0.35
1811,STBL,0.0,0.0,0.0,,0,0,0,0,0,30d,bullish,254221.4846783299,714,,,,,,,4.340060347202419,0.0,0.9211729207527988,0.07882707924720112,0.9935218359106487,,1030.3389346017998,697.0168860000003,697.0168860000003,0.0,3,0,0.0,1,1,,,,,4.859001670818986,0.0,0.8906469605400594,0.10935303945994053,1.0,2,1,,,,,4.341949137407889,3855.140102362844,0.9209629425315183,0.0790370574684818,1.35,-6681.2958347591675,1074.857631,1074.857631,0.0,7,0,0.0,1,1,,,,,4.859001670818986,0.0,0.8906469605400594,0.10935303945994053,1.0,6,1,,,,,4.3086240156567035,3850.9716599971407,0.9229226103797126,0.0770773896202873,1.35,9171.942089957813,-9084.518950000003,-9084.518950000003,0.0,25,0,0.0,8,2,,,,,4.78184942374976,0.0,0.8951853280147201,0.10481467198528002,1.0,17,2,,,,,4.301856211762059,3811.7201489080667,0.923164715960097,0.07683528403990293,1.35,6843.065160411248,-3602.6240740000053,-3602.6240740000053,0.0,71,1,0.0,30,4,,,,,4.715041626381346,0.0,0.8991151984481563,0.10088480155184386,1.0,41,4,,,,,4.250965317876199,3572.91485839766,0.9260814149279889,0.07391858507201098,1.3499999999999999,-58050.71858599522,-6845.10147600001,-6845.10147600001,0.0,358,3,0.0,186,16,,,,,4.629605685765785,0.0,0.9041408420137774,0.09585915798622265,0.996637140947685,172,16,,,,,4.191246384667825,4047.78021598686,0.9298905868880388,0.07010941311196107,1.35,254221.4846783299,232690.74503800002,232690.74503800002,0.0,714,6,0.0,366,31,,,,,4.340060347202419,0.0,0.9211729207527988,0.07882707924720112,0.9935218359106487,348,31,,,,,4.057312119653152,4127.078056737451,0.9377858727198654,0.06221412728013454,1.35
1811,SNX,0.0,0.0,0.0,,0,0,0,0,0,72h,bullish,240288.51461211988,71,,,,,,,3.996291974687958,0.0,0.9337058863270039,0.06629411367299602,0.9905857074700463,,162.2650950743987,579.6013800000017,579.6013800000017,0.0,3,0,0.0,3,1,,,,,3.9553170839378957,0.0,0.9323654775272795,0.06763452247272045,1.0,0,0,,,,,,,,,,-9243.328397718602,-13187.567823000001,-13187.567823000001,0.0,7,0,0.0,6,1,,,,,3.960699336389591,0.0,0.9330709140005191,0.06692908599948105,1.0,1,1,,,,,4.256874548564056,12262.550357394133,0.9260662030256438,0.07393379697435629,1.35,-5558.801023515862,-17864.816435000004,-17864.816435000004,0.0,25,0,0.0,15,2,,,,,4.121575168785704,0.0,0.9241438451620267,0.07585615483797294,1.0,10,2,,,,,4.315868024789177,12333.645095657153,0.9225959985418131,0.07740400145818692,1.35,240288.51461211988,260725.90509899997,260725.90509899997,0.0,71,1,0.0,40,4,,,,,3.996291974687958,0.0,0.9337058863270039,0.06629411367299602,0.9905857074700463,31,4,,,,,4.290986263758475,11145.923391414648,0.9240596315436191,0.0759403684563809,1.35,168429.25326625758,-5704.745406000024,-5704.745406000024,0.0,358,3,0.0,204,16,,,,,4.529109949269783,0.0,0.898962253179096,0.10103774682090401,0.7030409974758515,154,16,,,,,3.858652536433014,9528.273123182771,0.9494910272686461,0.0505089727313538,1.3499999999999999,-41423.28852222567,-226513.21255500003,-226513.21255500003,0.0,714,6,0.0,379,31,,,,,4.088834100550805,0.0,0.927610048475974,0.07238995152402611,0.8056597407332258,335,31,,,,,3.821700012607529,13041.166077002075,0.9516647051407338,0.0483352948592664,1.3297961368473754
1811,YGG,0.0,0.0,0.0,,0,0,0,0,0,15d,bearish,-237472.8612022709,358,,,,,,,13.126060690483701,11527.814606881937,0.40434937114801733,0.5956506288519825,-0.9363994300454943,,-187631.2225090062,-20509.31720599995,-20509.31720599995,0.0,3,0,0.0,1,1,,,,,6.543823964954247,0.0,0.7915397667673971,0.20846023323260282,0.0,2,1,,,,,9.72820801112937,6991.00151961884,0.6042230581688601,0.39577694183113954,-0.30243129105282135,-183916.846022664,-24096.276904999948,-24096.276904999948,0.0,7,0,0.0,3,1,,,,,7.112723441245003,0.0,0.7580750916914702,0.2419249083085296,-0.14074429218985207,4,1,,,,,9.729230627279644,6991.5737857663225,0.6041629042776676,0.3958370957223321,-0.3026186431964405,-170212.47859982008,-21143.148914999958,-21143.148914999958,0.0,25,0,0.0,15,2,,,,,7.628887704795137,0.0,0.727712487953227,0.2722875120467729,-0.18208337005988845,10,2,,,,,12.111695817019902,7936.949244685029,0.464017893116476,0.5359821068835238,-0.7455268218314461,-181556.51584171466,-17768.846739999954,-17768.846739999954,0.0,71,1,0.0,32,4,,,,,7.797060278120684,0.0,0.7178199836399596,0.2821800163600403,-0.22497426699287745,39,4,,,,,12.253363207569297,8176.406236996194,0.45568451720180564,0.5443154827981941,-0.7758590886968733,-237472.8612022709,-19595.298827999955,-19595.298827999955,0.0,358,3,0.0,157,16,,,,,9.431736477968059,0.0,0.6216625601195257,0.37833743988047414,-0.5893429830926613,201,16,,,,,13.126060690483701,11527.814606881937,0.40434937114801733,0.5956506288519825,-0.9363994300454943,-182383.2643695378,16753.863165000046,16753.863165000046,0.0,714,6,0.0,354,31,,,,,10.690329947239409,0.0,0.5476276501623876,0.45237234983761226,-0.8824214592461422,360,31,,,,,11.96828109326093,13286.239253467691,0.4724540533375923,0.5275459466624077,-0.6893245919727385
1811,SEI,0.0,0.0,0.0,,0,0,0,0,0,30d,bullish,214890.27256913952,714,,,,,,,8.63314486733397,0.0,0.7534603146957495,0.24653968530425052,-0.20693418710791603,,-7724.3223541266,-16339.534574,-16339.534574,0.0,3,0,0.0,0,0,,,,,,,,,,3,1,,,,,6.398739894532085,16803.092192321365,0.8955752099464297,0.1044247900535704,0.35,34648.1037064562,-27724.213502,-27724.213502,0.0,7,0,0.0,3,1,,,,,8.399117403681224,0.0,0.7733921730879184,0.2266078269120816,0.0,4,1,,,,,6.398283021564013,16780.996225752977,0.8955858367034262,0.10441416329657374,0.35,94883.82497419242,-91836.786611,-91836.786611,0.0,25,0,0.0,13,2,,,,,8.326121896297977,0.0,0.7782196719407333,0.22178032805926673,0.0,12,2,,,,,6.608403058973178,17537.258320592864,0.8885791711385823,0.11142082886141778,0.3499999999999999,38331.59034027082,-68418.372821,-68418.372821,0.0,71,1,0.0,32,4,,,,,8.285820916500176,0.0,0.7808411998366239,0.21915880016337613,0.0,39,4,,,,,6.58916805004506,17434.852706942722,0.8914901551565503,0.1085098448434497,0.35,85703.85828794222,-219212.200229,-219212.200229,0.0,358,3,0.0,175,16,,,,,7.501294747063524,0.0,0.8290782025470268,0.1709217974529733,0.0,183,16,,,,,6.581884955125101,15030.86042162204,0.8925640823114029,0.107435917688597,0.35,214890.27256913952,229811.243154,229811.243154,0.0,714,6,0.0,353,31,,,,,8.63314486733397,0.0,0.7534603146957495,0.24653968530425052,-0.20693418710791603,361,31,,,,,6.366264072054402,15600.320566532606,0.90601466441687,0.09398533558312996,0.35
1811,ALT,0.0,0.0,0.0,,0,0,0,0,0,15d,bearish,-214751.1410172731,358,,,,,,,5.710040438923025,5647.520439053583,0.8405858565339397,0.1594141434660604,0.35000000000000003,,-2183.2270349316,-2627.20115,-2627.20115,0.0,3,0,0.0,0,0,,,,,,,,,,3,1,,,,,5.355216865792143,4585.646833569985,0.8614578314239916,0.13854216857600848,0.35,-6116.086516142679,-3710.0305109999995,-3710.0305109999995,0.0,7,0,0.0,1,1,,,,,6.600806023975714,0.0,0.7881878809426048,0.211812119057395,0.0,6,1,,,,,5.346952113451735,4465.734340165594,0.8619439933263686,0.13805600667363147,0.35,-1471.2550943094798,-6060.4446419999995,-6060.4446419999995,0.0,25,0,0.0,13,2,,,,,6.575055865282784,0.0,0.7897025961598361,0.21029740384016374,0.0,12,2,,,,,5.355145209989481,4474.874795835069,0.861462046471207,0.138537953528793,0.35,-3947.5875020661197,-7654.227943999999,-7654.227943999999,0.0,71,1,0.0,39,4,,,,,6.5615060162194645,0.0,0.7904996461047374,0.2095003538952626,0.0,32,4,,,,,5.357726431808953,4558.725770085586,0.861310209893591,0.13868979010640903,0.35,-214751.1410172731,-10550.021663000005,-10550.021663000005,0.0,358,3,0.0,161,16,,,,,7.358203606872416,0.0,0.7436350819486816,0.2563649180513186,0.0,197,16,,,,,5.710040438923025,5647.520439053583,0.8405858565339397,0.1594141434660604,0.35000000000000003,-214307.51695234023,-21897.947744,-21897.947744,0.0,714,6,0.0,345,31,,,,,7.6663990096464625,0.0,0.7255059406090317,0.2744940593909684,0.0,369,31,,,,,5.929093588064184,5780.075312349626,0.8277003771726951,0.17229962282730496,0.35000000000000003
1811,GMX,0.0,0.0,0.0,,0,0,0,0,0,30d,bearish,-210297.4981290685,714,,,,,,,3.7979402606627386,9953.862849648702,0.9530623376080742,0.046937662391925795,1.2573090785247287,,-4247.8800832830675,2913.9642159999944,2913.9642159999944,0.0,3,0,0.0,1,1,,,,,7.921931324165881,0.0,0.7104746279902422,0.28952537200975775,0.0,2,1,,,,,4.1562059353396466,6696.91114929159,0.9319878861564915,0.06801211384350857,1.3500000000000003,5502.376787016897,-2567.345679000002,-2567.345679000002,0.0,7,0,0.0,3,1,,,,,8.14283904025868,0.0,0.6974800564553718,0.3025199435446281,0.0,4,1,,,,,4.166582732603902,6730.114170998881,0.9313774863174176,0.06862251368258246,1.35,42314.466851728,-34294.971466,-34294.971466,0.0,25,0,0.0,15,2,,,,,7.968003446215953,0.0,0.7077645031637675,0.2922354968362325,0.0,10,2,,,,,4.199939813500549,6775.851280811615,0.929415305088203,0.07058469491179699,1.35,69673.60674401083,-43635.65907199999,-43635.65907199999,0.0,71,1,0.0,33,4,,,,,7.841951865216486,0.0,0.715179302046089,0.28482069795391096,0.0,38,4,,,,,4.195901267850661,7528.79663381752,0.9296528665970201,0.07034713340298003,1.3500000000000003,-79040.79832452722,-17701.92652499999,-17701.92652499999,0.0,358,3,0.0,163,16,,,,,6.0153961069230775,0.0,0.8226237584162897,0.17737624158371043,0.4006964119923489,195,16,,,,,3.5931195153895827,9115.50344141259,0.9651106167417893,0.03488938325821071,1.35,-210297.4981290685,-138634.77729099998,-138634.77729099998,0.0,714,6,0.0,326,31,,,,,5.503576538831773,0.0,0.852730791833425,0.14726920816657488,0.5549383304454203,388,31,,,,,3.7979402606627386,9953.862849648702,0.9530623376080742,0.046937662391925795,1.2573090785247287
1811,BCH,0.0,0.0,0.0,,0,0,0,0,0,24h,bearish,-204068.52556100913,25,,,,,,,9.619118408155547,5008.098783832162,0.09236816940366266,0.9076318305963371,-0.8999999999999999,,-57286.508388698516,14397.91026,14397.91026,0.0,3,0,0.0,0,0,,,,,,,,,,3,1,,,,,9.66735913359007,4833.079673544043,0.08499318914889271,0.9150068108511074,-0.9,-61520.41865647172,36901.57039,36901.57039,0.0,7,0,0.0,2,1,,,,,10.085474505816368,0.0,0.08716222803419851,0.9128377719658014,-1.8000000000000003,5,1,,,,,9.66637913272191,4812.1508832459085,0.08451360736713727,0.9154863926328627,-0.9,-204068.52556100913,11173.642344999997,11173.642344999997,0.0,25,0,0.0,7,2,,,,,10.519605294112399,0.0,0.028248537018477248,0.9717514629815226,-1.8,18,2,,,,,9.619118408155547,5008.098783832162,0.09236816940366266,0.9076318305963371,-0.8999999999999999,-107027.17397901528,19169.269114999977,19169.269114999977,0.0,71,1,0.0,29,4,,,,,10.371145107204725,0.0,0.03606411811340684,0.9639358818865931,-1.8,42,4,,,,,9.599773140329146,5020.486840275752,0.09504497086621984,0.9049550291337801,-0.9000000000000001,-188855.4296411811,348077.33454999985,348077.33454999985,0.0,358,3,0.0,183,16,,,,,10.346043957231593,0.6584056271913624,0.033856056481741045,0.966143943518259,-1.746909808871346,175,16,,,,,9.459638053283996,4880.99335183726,0.10592382578477678,0.8940761742152232,-0.9000000000000001,-117454.83986079574,253.80595999990183,253.80595999990183,0.0,714,6,0.0,342,31,,,,,10.39139077006304,4.604048032035333,0.03125211413538102,0.968747885864619,-1.7363808675314434,372,31,1,1.0,1.0,0.0,9.655395392445469,4689.47268328802,0.08106147029772369,0.9189385297022762,-0.9538230150773279
1811,POL,0.0,0.0,0.0,,0,0,0,0,0,30d,bearish,-201759.86085671998,714,,,,,,,5.207963064522379,7265.700925008932,0.9776502608982374,0.02234973910176271,0.367908822724835,,-11645.805329534958,-5469.294646000001,-5469.294646000001,0.0,3,0,0.0,1,1,,,,,5.095392080880688,0.0,0.9936405279412874,0.00635947205871254,0.0,2,1,,,,,5.11433838520864,8324.963820284904,0.9872947424606465,0.012705257539353669,0.35000000000000003,-14910.028832090602,21379.824497999998,21379.824497999998,0.0,7,0,0.0,3,1,,,,,5.0940697102318095,0.0,0.993728685984546,0.006271314015454017,0.0,4,1,,,,,5.107958784117721,8287.429056160114,0.9877311752091391,0.012268824790860796,0.35,-57083.042754324546,157019.025413,157019.025413,0.0,25,0,0.0,8,2,,,,,5.093232769535605,0.0,0.9937844820309596,0.0062155179690403985,0.0,17,2,,,,,5.107801434714319,7473.7794646524535,0.9884132819165659,0.011586718083434238,0.35000000000000003,-176458.79685891405,-18764.441596999997,-18764.441596999997,0.0,71,1,0.0,27,4,,,,,5.087860771479045,0.0,0.9941426152347302,0.005857384765269701,0.0,44,4,,,,,5.125093612401814,7273.477490889466,0.9876987766264849,0.012301223373515026,0.35,-148304.16795219237,450923.06193500006,450923.06193500006,0.0,358,3,0.0,177,16,1,1.0,1.0,0.0,5.212406606647932,0.0,0.9858335965237394,0.014166403476260688,0.0,181,16,,,,,5.159944973390369,7184.999260729749,0.9801398804882175,0.019860119511782456,0.3767227734032112,-201759.86085671998,251801.1864640001,251801.1864640001,0.0,714,6,0.0,374,31,1,1.0,1.0,0.0,5.242737691010813,0.0,0.9838134293970471,0.01618657060295282,0.006043756361184945,340,31,,,,,5.207963064522379,7265.700925008932,0.9776502608982374,0.02234973910176271,0.367908822724835
1811,MEGA,0.0,0.0,0.0,,0,0,0,0,0,24h,bullish,195739.40607572268,25,,,,,,,3.8174766403176674,72.29021623550453,0.9497706885580016,0.05022931144199849,1.3500000000000003,,172407.59717135868,53441.588670999976,53441.588670999976,0.0,3,0,0.0,2,1,,,,,3.765705957073146,71.88521244670417,0.9530166569484332,0.04698334305156678,1.35,1,1,,,,,3.318846275145492,2856.837499719705,0.9419910030934928,0.05800899690650743,1.35,186675.10655915996,38843.09495199998,38843.09495199998,0.0,7,0,0.0,4,1,,,,,3.780305602642222,72.19562839181484,0.9521085577894312,0.047891442210568846,1.35,3,1,,,,,3.3187849397063434,2857.9474793661784,0.9453200897956214,0.05467991020437887,1.35,195739.40607572268,-31146.161921000024,-31146.161921000024,0.0,25,0,0.0,10,2,,,,,3.8174766403176674,72.29021623550453,0.9497706885580016,0.05022931144199849,1.3500000000000003,15,2,,,,,3.3278443202690586,2825.4204694456203,0.9624849258004903,0.03751507419950964,1.35,160552.8236672381,-57203.89833200002,-57203.89833200002,0.0,71,1,0.0,28,4,,,,,3.8350419642542803,72.20192255879344,0.9486645551003847,0.051335444899615335,1.3500000000000003,43,4,,,,,3.331994577814085,2757.734765201169,0.9661117264884254,0.03388827351157475,1.35,152236.43876532605,-120262.328819,-120262.328819,0.0,358,3,0.0,164,16,,,,,3.915196541698818,67.72334528182519,0.9432401572780165,0.05675984272198361,1.3500000000000003,194,16,,,,,3.3248556144553714,3401.6902045653715,0.9686227393238623,0.03137726067613765,1.35,9130.772852077233,8125.630232000031,8125.630232000031,0.0,714,6,0.0,344,31,,,,,4.03935791049607,59.1023832381315,0.9293095222606153,0.07069047773938475,1.3072733232962872,370,31,,,,,3.3115490749367082,3216.1301286330904,0.9693970694224174,0.030602930577582586,1.35
1811,BIGTIME,0.0,0.0,0.0,,0,0,0,0,0,30d,bearish,-189182.0487659848,714,,,,,,,11.124424222284622,30692.561867645643,0.5220926928067868,0.47790730719321306,-0.5650677906013981,,2642.29007904228,-3184.7858739999997,-3184.7858739999997,0.0,3,0,0.0,1,1,,,,,11.640956887640087,0.0,0.4917084183741126,0.5082915816258875,-1.2000000000000002,2,1,,,,,10.493922421185887,23529.153855072243,0.5591810340478888,0.4408189659521112,-0.8500000000000003,1640.0459285370812,-3159.0687919999996,-3159.0687919999996,0.0,7,0,0.0,3,1,,,,,11.649604121077518,0.0,0.49119975758367523,0.5088002424163248,-1.2000000000000002,4,1,,,,,10.778641916237179,25228.81798313479,0.5424328284566367,0.4575671715433637,-0.8500000000000002,-3735.423086213159,-3277.6863270000003,-3277.6863270000003,0.0,25,0,0.0,12,2,,,,,11.593716921874508,0.0,0.4944872398897349,0.5055127601102651,-1.2000000000000002,13,2,,,,,10.692448645899304,24238.20720719947,0.5475030208294529,0.4524969791705474,-0.8500000000000003,40901.201279145826,-752.4257240000004,-752.4257240000004,0.0,71,1,0.0,39,4,,,,,12.478361676707244,0.0,0.44244931313486785,0.5575506868651321,-1.405227684875651,32,4,,,,,9.03230137076222,20367.376772264255,0.6451587428963402,0.35484125710366,-0.1982399715645214,-28974.050938881173,-16063.865612000005,-16063.865612000005,0.0,358,3,0.0,168,16,,,,,10.596257903151235,0.0,0.5531612998146332,0.4468387001853667,-0.8532397367403034,190,16,,,,,10.545784143418286,33281.22325628297,0.5561303445048066,0.44386965549519336,-0.5903190771947128,-189182.0487659848,-23170.092146000003,-23170.092146000003,0.0,714,6,0.0,338,31,,,,,9.374996625954216,0.0,0.6250001984732815,0.37499980152671863,-0.5316691030132951,376,31,,,,,11.124424222284622,30692.561867645643,0.5220926928067868,0.47790730719321306,-0.5650677906013981
1811,STABLE,0.0,0.0,0.0,,0,0,0,0,0,30d,bearish,-182994.75029916322,714,,,,,,,3.898338694248303,10166.034962618214,0.9471565473971587,0.05284345260284135,1.35,,-174.68990844984012,-1899.1970860000001,-1899.1970860000001,0.0,3,0,0.0,0,0,,,,,,,,,,3,1,,,,,4.118760246340644,16467.10303734444,0.9341905737446679,0.06580942625533205,1.3499999999999999,2022.2293488029998,-1734.057428,-1734.057428,0.0,7,0,0.0,3,1,,,,,7.1531061530984,0.0,0.7556996380530353,0.24430036194696478,0.0,4,1,,,,,4.120563174862295,16344.672344230341,0.9340845191257472,0.06591548087425268,1.3499999999999999,3501.9034697034717,19769.347045,19769.347045,0.0,25,0,0.0,15,2,,,,,7.042664127224686,0.0,0.7621962278103125,0.2378037721896874,0.0,10,2,,,,,3.886861826336225,15562.575070121127,0.9478316572743396,0.05216834272566033,1.3500000000000003,6919.7252109148685,27265.994327899996,29297.805535999996,-2031.8112081000002,71,1,0.06485273103389085,42,4,,,,,7.26443381676742,0.0,0.7491509519548577,0.25084904804514235,0.0,29,4,,,,,3.8952909499994752,15489.826503155084,0.947335826470619,0.05266417352938092,1.35,-62038.01241107629,90052.03259598972,90305.25918600001,-253.2265900103007,358,3,0.0027962767689892463,207,16,,,,,6.240353682827674,0.0,0.8093909598336663,0.19060904016633382,-0.0022760662128521077,151,16,,,,,3.742650359634709,14077.11970101108,0.95631468472737,0.04368531527262994,1.35,-182994.75029916322,209626.69303889628,210223.676616,-596.9835771037214,714,6,0.002831712871769337,386,31,,,,,6.029653476294294,0.0,0.8217850896297474,0.1782149103702526,0.04166435483690634,328,31,,,,,3.898338694248303,10166.034962618214,0.9471565473971587,0.05284345260284135,1.35
1811,BOME,0.0,0.0,0.0,,0,0,0,0,0,24h,bullish,173411.63033063384,25,,,,,,,11.680188769330387,20.599069543306904,0.4894006606276243,0.5105993393723757,-1.227814246345237,,3088.7361400051195,950.310414,950.310414,0.0,3,0,0.0,3,1,,,,,13.625070726676876,19.479177096636125,0.37499583960724264,0.6250041603927574,-1.8000000000000003,0,0,,,,,,,,,,18061.498589324758,-5396.461019,-5396.461019,0.0,7,0,0.0,7,1,,,,,13.350439210309492,19.469431502285754,0.39115063468767697,0.6088493653123229,-1.4810003999429264,0,0,,,,,,,,,,173411.63033063384,-63233.788036000005,-63233.788036000005,0.0,25,0,0.0,20,2,,,,,11.680188769330387,20.599069543306904,0.4894006606276243,0.5105993393723757,-1.227814246345237,5,1,,,,,3.356812246086749,6868.887135604319,0.9790110443478383,0.020988955652161693,1.35,164873.62088139457,-92932.942608,-92932.942608,0.0,71,1,0.0,36,4,,,,,11.6315374381105,12.932227830250682,0.4922625036405589,0.5077374963594411,-1.2170391786910402,35,3,,,,,3.2781288023388084,6862.070491546743,0.9836394822153643,0.016360517784635778,1.3500000000000003,5276.3956115025985,-286767.388402,-286767.388402,0.0,358,3,0.0,159,16,,,,,7.762081483449019,4.811795805262046,0.7198775597971167,0.28012244020288346,-0.20415990747021837,199,15,,,,,3.1571253811640383,7209.8646975968995,0.9907573305197626,0.00924266948023754,1.3503289110347214,-112542.61280563926,-211999.33751599997,-211999.33751599997,0.0,714,6,0.0,304,31,,,,,8.797284164243539,1.2767299899893987,0.6589832844562625,0.3410167155437376,-0.35536047141926413,410,30,,,,,3.721110667815656,6221.516214178994,0.9575565329519825,0.04244346704801756,1.3108152762678573
1811,APT,0.0,0.0,0.0,,0,0,0,0,0,30d,bearish,-164887.4794864409,714,,,,,,,8.967589821184205,7998.10277479981,0.17125179360536466,0.8287482063946353,-0.97197731658301,,-694.4583740144665,-9666.931124999974,-9666.931124999974,0.0,3,0,0.0,1,1,,,,,10.457412086522943,0.0,0.0638692142060469,0.9361307857939529,-1.7999999999999998,2,1,,,,,8.410772226768845,8026.057732253647,0.27884413170019967,0.7211558682998003,-0.8999999999999999,-16832.48132608855,70524.177219,70524.177219,0.0,7,0,0.0,2,1,,,,,10.765063328509346,0.0,0.06604352093386898,0.9339564790661312,-1.8,5,1,,,,,8.429231286882422,8035.5273322105895,0.2767347148549954,0.7232652851450045,-0.9000000000000001,-80914.42397362339,-163424.85012,-163424.85012,0.0,25,0,0.0,9,2,,,,,10.722382763373362,0.0,0.0669463771955808,0.9330536228044192,-1.7999999999999998,16,2,,,,,8.520663601061358,8196.385824324132,0.26652220168622537,0.7334777983137747,-0.9000000000000001,-83441.70384620497,-468378.233344,-468378.233344,0.0,71,1,0.0,33,4,,,,,10.662243028360072,0.0,0.061119243020916716,0.9388807569790831,-1.8,38,4,,,,,8.48936318085162,8524.705838443926,0.27017413311527577,0.7298258668847244,-0.9,-159662.13131788574,-600240.0519010001,-600240.0519010001,0.0,358,3,0.0,171,16,,,,,10.175342182605478,3.2112037198468424,0.02743637660669081,0.9725636233933093,-1.753326091906189,187,16,,,,,8.32009642919223,8503.874002324326,0.2473876467775364,0.7526123532224634,-0.8999999999999999,-164887.4794864409,-238872.60469200023,-238872.60469200023,0.0,714,6,0.0,334,31,,,,,10.393357469530807,8.34522134305773,0.024416981752662246,0.9755830182473377,-1.6654664242613717,380,31,,,,,8.967589821184205,7998.10277479981,0.17125179360536466,0.8287482063946353,-0.97197731658301
1811,MOODENG,0.0,0.0,0.0,,0,0,0,0,0,30d,bearish,-160884.77441679916,714,,,,,,,3.877475264707543,26498.236249802452,0.9483837353059918,0.05161626469400817,1.3441190904485605,,-5817.406809681383,7732.791703999999,7732.791703999999,0.0,3,0,0.0,0,0,,,,,,,,,,3,1,,,,,3.6883733604837268,31932.365744659368,0.9595074493833101,0.04049255061668982,1.35,1873.493124107227,7588.908263999999,7588.908263999999,0.0,7,0,0.0,1,1,,,,,4.773335574103212,19.411384670842153,0.8956861426998111,0.10431385730018893,0.45,6,1,,,,,3.763330325316393,32266.70302215254,0.9550982161578592,0.04490178384214082,1.35,24824.00936725564,110075.934846,110075.934846,0.0,25,0,0.0,8,2,,,,,5.411726737468135,19.00888318563256,0.8581337213254038,0.1418662786745961,0.14739911282330853,17,2,,,,,3.6889305504247636,29981.114888103064,0.9594746735044256,0.04052532649557431,1.3500000000000003,-75573.73041139338,-26636.353337999975,-26636.353337999975,0.0,71,1,0.0,29,4,,,,,6.65193359170383,7.03354325690298,0.7851803769585981,0.21481962304140176,0.12966200127632566,42,4,,,,,3.940988413511487,25076.009051135337,0.9446477403816772,0.05535225961832278,1.35,-42292.42212906754,29591.38424400003,29591.38424400003,0.0,358,3,0.0,155,16,,,,,5.32969786856219,9.756187692243634,0.8620090850966105,0.13799091490338952,0.5743288233478007,203,16,,,,,3.7105665564532537,29837.518398516375,0.9582019672674557,0.04179803273254435,1.372371057068309,-160884.77441679916,-55482.80167799998,-55482.80167799998,0.0,714,6,0.0,332,31,,,,,5.137515468486069,5.220302170257397,0.8737555466148949,0.12624445338510512,0.5565887971653498,382,31,,,,,3.877475264707543,26498.236249802452,0.9483837353059918,0.05161626469400817,1.3441190904485605
1811,HMSTR,0.0,0.0,0.0,,0,0,0,0,0,30d,bearish,-159732.2390643947,674,,,,,,,4.934403500040859,8221.545549767952,0.8862115588211259,0.11378844117887407,1.0661653154720157,,637.08111392652,2613.205911,2613.205911,0.0,3,0,0.0,3,1,,,,,3.3361195501271266,0.0,0.980228261757228,0.01977173824277215,1.0,0,0,,,,,,,,,,-1877.1704147369999,-969.4915710000001,-969.4915710000001,0.0,7,0,0.0,4,1,,,,,3.3035475777088323,0.0,0.9821442601347745,0.017855739865225404,1.0,3,1,,,,,3.5999160186504597,3845.5307320175034,0.9647108224323259,0.03528917756767407,1.35,10847.648786433598,5008.2535450000005,5008.2535450000005,0.0,20,0,0.0,15,2,,,,,3.3346096149901414,0.0,0.9803170814711683,0.01968291852883184,1.0,5,2,,,,,3.600532918307749,3841.386748941214,0.9646745342171913,0.03532546578280872,1.3500000000000003,9210.725349203014,2344.907471,2344.907471,0.0,62,1,0.0,28,4,,,,,3.339409301109805,0.0,0.9800347469935409,0.019965253006459127,1.0,34,4,,,,,3.6047437304399557,3693.9273661108905,0.9644268393858849,0.03557316061411503,1.35,-127842.05043446197,104978.50336399997,104978.50336399997,0.0,330,3,0.0,152,16,,,,,3.4411929825895187,0.0,0.9740474716123814,0.025952528387618728,1.0,178,16,,,,,3.8225324080981213,4492.490629845564,0.9516157407001105,0.04838425929988949,1.35,-159732.2390643947,191132.52943499995,191132.52943499995,0.0,674,6,0.0,316,31,,,,,4.946129336617548,0.0,0.8855218037283796,0.11447819627162048,0.6208593301642543,358,31,,,,,4.934403500040859,8221.545549767952,0.8862115588211259,0.11378844117887407,1.0661653154720157
1811,DOT,0.0,0.0,0.0,,0,0,0,0,0,30d,bearish,-155039.56562895598,714,,,,,,,9.759297226383714,2609.6750459197037,0.04971638992638847,0.9502836100736116,-0.9000000000000001,,25.216884639139607,13309.588720000022,13309.588720000022,0.0,3,0,0.0,1,1,,,,,9.629140617581461,48.224025234082404,0.11573557824033913,0.8842644217596608,-0.9,2,1,,,,,9.671450405328791,2156.406609908742,0.07057133835638234,0.9294286616436178,-0.9,4996.203964376608,68479.37376500003,68479.37376500003,0.0,7,0,0.0,3,1,,,,,9.628841370584182,48.24533847063711,0.11615554426269416,0.8838444557373059,-0.9,4,1,,,,,9.67207735622021,2159.2243790552825,0.07040977021546972,0.9295902297845303,-0.9000000000000001,-3060.841720595642,155780.07365799998,155780.07365799998,0.0,25,0,0.0,11,2,,,,,9.608280095112319,47.43332306078654,0.11883694314026542,0.8811630568597346,-0.9,14,2,,,,,9.703023582888266,2073.9517230709207,0.06522294074750656,0.9347770592524933,-0.9,-90705.44817423185,-278825.60205399996,-278825.60205399996,0.0,71,1,0.0,32,4,,,,,9.630884633119718,44.967689609614816,0.1152157517433181,0.884784248256682,-0.9319540667265693,39,4,,,,,9.721175025332638,2233.323895958425,0.06404395313011861,0.9359560468698813,-0.8999999999999999,-105387.09246405444,-646345.069774,-646345.069774,0.0,358,3,0.0,176,16,,,,,9.751762875694702,21.921431506429297,0.06960280086018515,0.9303971991398149,-1.329413312060564,182,16,,,,,9.686256107279858,2432.376838043002,0.06875162906081067,0.9312483709391893,-0.9,-155039.56562895598,-571593.311089,-571593.311089,0.0,714,6,0.0,351,31,,,,,9.897450020263454,11.437571296607002,0.03561589909818864,0.9643841009018113,-1.526735718160983,363,31,,,,,9.759297226383714,2609.6750459197037,0.04971638992638847,0.9502836100736116,-0.9000000000000001
1811,SKY,0.0,0.0,0.0,,0,0,0,0,0,15d,bullish,153638.70206421983,358,,,,,,,3.1820648599625243,17.831258628115364,0.9850536163425524,0.014946383657447524,1.0879015033378112,,-7246.993725797436,18761.431411999998,18761.431411999998,0.0,3,0,0.0,1,1,,,,,3.4166518962601664,0.0,0.9754910649258726,0.024508935074127443,1.0,2,1,,,,,3.3655672616768886,4921.595241276222,0.9784960434307711,0.021503956569228763,1.35,10012.985741665043,8460.256407999997,8460.256407999997,0.0,7,0,0.0,4,1,,,,,3.4220139030484686,0.0,0.9751756527618547,0.02482434723814524,1.0,3,1,,,,,3.3655484124875317,4921.07542757281,0.9784971522066157,0.021502847793384232,1.35,-26368.710126865262,52666.182014,52666.182014,0.0,25,0,0.0,14,2,,,,,3.3948541595057686,0.0,0.9767732847349547,0.023226715265045227,1.0,11,2,,,,,3.299880109947415,4668.2997895187555,0.982359993532505,0.017640006467494997,1.35,-48014.65298942778,-38812.456192,-38812.456192,0.0,71,1,0.0,36,4,,,,,3.3260786710689176,0.0,0.9791675512501229,0.020832448749877122,1.0,35,4,,,,,3.29409603610251,4235.831473238376,0.9827002331704406,0.01729976682955942,1.35,153638.70206421983,87850.17467200002,87850.17467200002,0.0,358,3,0.0,197,16,,,,,3.1820648599625243,17.831258628115364,0.9850536163425524,0.014946383657447524,1.0879015033378112,161,16,,,,,3.198532690292276,4075.4299494899597,0.9883216064533955,0.011678393546604451,1.35,43408.70433807398,-147277.878611,-147277.878611,0.0,714,6,0.0,375,31,,,,,3.192758733135766,13.25582360628907,0.9864023970778063,0.013597602922193823,1.0455174991870855,339,31,,,,,3.183558064489189,3623.442591877304,0.9892024667947537,0.010797533205246438,1.35
1811,RSR,0.0,0.0,0.0,,0,0,0,0,0,15d,bearish,-152707.19124259317,358,,,,,,,10.892434232419363,21465.46549181662,0.535739162798861,0.4642608372011389,-0.6380562045109074,,-559.8722958298799,61.11281400000004,61.11281400000004,0.0,3,0,0.0,0,0,,,,,,,,,,3,1,,,,,10.48017656602524,20674.1073094961,0.5599896137632213,0.4400103862367787,-0.8500000000000002,-1863.02831871048,480.841603,480.841603,0.0,7,0,0.0,0,0,,,,,,,,,,7,1,,,,,10.438493672717845,20466.362765925278,0.5624415486636561,0.4375584513363438,-0.8500000000000002,21018.84125160648,19684.900592,19684.900592,0.0,25,0,0.0,4,1,,,,,13.503765862473985,0.0,0.38213141985447147,0.6178685801455287,-1.5855597848983403,21,2,,,,,10.088683100459194,19755.10125169244,0.583018641149459,0.4169813588505409,-0.621561574046869,46842.762464508625,36690.203432999995,36690.203432999995,0.0,71,1,0.0,32,3,,,,,17.512252413854682,0.0,0.14633809330266578,0.8536619066973342,-1.9378010323078925,39,4,,,,,8.620710582247638,16425.400148935965,0.6693699657501389,0.33063003424986104,0.07813713523000952,-152707.19124259317,-72031.015546,-72031.015546,0.0,358,3,0.0,147,15,,,,,17.36062641428834,0.0,0.1552572697477446,0.8447427302522553,-1.8384162517889076,211,16,,,,,10.892434232419363,21465.46549181662,0.535739162798861,0.4642608372011389,-0.6380562045109074,-35427.74233881083,14004.765028000298,14004.765028000298,0.0,714,6,0.0,311,30,1,1.0,1.0,0.0,4.167629280673608,0.0,0.9313159246662586,0.06868407533374163,0.8155661385586207,403,31,1,1.0,1.0,0.0,10.901885488931132,15929.847135124186,0.5351832065334625,0.4648167934665374,-0.8277569674224531
1811,SUPER,0.0,0.0,0.0,,0,0,0,0,0,30d,bearish,-150813.13683382582,713,,,,,,,5.526603168663684,9185.878091238974,0.8513762841962539,0.14862371580374611,0.760715556964343,,-785.5700571924001,268.66932500000013,268.66932500000013,0.0,3,0,0.0,2,1,,,,,18.41027510502454,0.0,0.09351322911620386,0.9064867708837963,-1.8,1,1,,,,,5.114234396892958,8915.010329833367,0.8756332707710025,0.12436672922899752,0.35,1007.7531853421997,-511.7425049999998,-511.7425049999998,0.0,7,0,0.0,4,1,,,,,18.366147549405408,0.0,0.09610896768203483,0.9038910323179651,-1.8,3,1,,,,,5.112927791880115,8909.681963964187,0.8757101298894051,0.12428987011059497,0.35000000000000003,1752.1687508249995,-121.56372000000007,-121.56372000000007,0.0,25,0,0.0,13,2,,,,,18.324847480563463,0.0,0.09853838349626684,0.901461616503733,-1.8,12,2,,,,,5.108465023318673,8815.28529245992,0.8759726456871368,0.12402735431286312,0.5010910885514996,-2190.87322013124,-14203.131685,-14203.131685,0.0,71,1,0.0,32,4,,,,,18.15858771829567,0.0,0.10831836951201958,0.8916816304879804,-1.8,39,4,,,,,4.917012903958726,9231.35807289432,0.8872345350612513,0.11276546493874864,1.1705377680937612,-119038.09041237846,43351.565595,43351.565595,0.0,357,3,0.0,189,16,,,,,11.655062689103861,0.0,0.4908786653468317,0.5091213346531683,-0.8935632783603772,168,16,,,,,5.738075151774616,10092.176133199893,0.8389367557779638,0.16106324422203622,0.6987322786017642,-150813.13683382582,17409.836043,17409.836043,0.0,713,6,0.0,336,31,,,,,11.616307572045592,0.0,0.49315837811496516,0.5068416218850348,-0.9461809464240574,377,31,,,,,5.526603168663684,9185.878091238974,0.8513762841962539,0.14862371580374611,0.760715556964343
1811,BERA,0.0,0.0,0.0,,0,0,0,0,0,30d,bearish,-147394.3252638848,714,,,,,,,5.658686266732905,5054.501833435027,0.9518208247321316,0.0481791752678683,0.3499999999999999,,7721.498558802011,-2104.4743760000083,-2104.4743760000083,0.0,3,0,0.0,3,1,,,,,5.93917620745295,0.0,0.9358363139014435,0.06416368609855673,0.0,0,0,,,,,,,,,,9812.842695789528,-2774.018324000057,-2774.018324000057,0.0,7,0,0.0,5,1,,,,,5.952408643434839,0.0,0.9349898032539598,0.06501019674604046,0.0,2,1,,,,,5.385577304585772,4306.811409245484,0.9742086289990352,0.02579137100096505,0.35000000000000003,59413.36391985694,72677.59967599995,72677.59967599995,0.0,25,0,0.0,19,2,,,,,6.056616906302043,0.0,0.9282079275606764,0.07179207243932359,0.0,6,2,,,,,5.355728564091884,4223.910866781049,0.9761999221962835,0.0238000778037164,0.35,-89183.63541544168,34079.50641399995,34079.50641399995,0.0,71,1,0.0,38,4,,,,,6.107721366529618,0.0,0.923922574467118,0.07607742553288199,0.0,33,4,,,,,5.352653281522843,4148.738770601889,0.976405501236049,0.023594498763951154,0.35000000000000003,30117.145816806194,-33976.36848700016,-33976.36848700016,0.0,358,3,0.0,174,16,,,,,8.16599886951614,0.8897533738667764,0.7812954883207113,0.21870451167928867,-0.38184298088230023,184,16,,,,,5.4880945770308385,4839.977003329635,0.9652551387580514,0.034744861241948644,0.35,-147394.3252638848,-31194.708734000167,-31194.708734000167,0.0,714,6,0.0,353,31,,,,,8.092020012244932,0.5484784527679862,0.7887387048814892,0.21126129511851072,-0.23538280775993808,361,31,,,,,5.658686266732905,5054.501833435027,0.9518208247321316,0.0481791752678683,0.3499999999999999
1811,DYM,0.0,0.0,0.0,,0,0,0,0,0,30d,bearish,-132633.48538072585,713,,,,,,,3.897360299875386,29517.248027999813,0.9472141000073303,0.05278589999266974,1.3487609548507358,,2397.2116537953634,-1253.1651159999956,-1253.1651159999956,0.0,3,0,0.0,3,1,,,,,9.116691231367628,0.0,0.6401946334489631,0.359805366551037,-0.65,0,0,,,,,,,,,,1630.789067533679,-850.1668989999919,-850.1668989999919,0.0,7,0,0.0,6,1,,,,,9.1163272871579,0.0,0.6402160419318882,0.35978395806811164,-0.6270281126958267,1,1,,,,,4.338040079219774,22053.995026620058,0.9212917600458955,0.07870823995410432,1.35,6709.104218592697,-1006.9926629999946,-1006.9926629999946,0.0,25,0,0.0,14,2,,,,,8.831620230617313,0.0,0.6569635158460404,0.3430364841539596,-0.18312701628904327,11,2,,,,,4.270970037856189,21799.447684977928,0.9252370565966946,0.07476294340330518,1.35,1511.606254989797,4386.382446000005,4386.382446000005,0.0,71,1,0.0,33,4,,,,,8.792809309914647,0.0,0.6592465111814914,0.3407534888185087,-0.18141890815115108,38,4,,,,,4.2036567610517395,21662.516186644363,0.9291966611146036,0.07080333888539639,1.35,-4076.5960082457696,-6787.315273999997,-6787.315273999997,0.0,358,3,0.0,164,16,,,,,6.751988132100261,0.0,0.7792948157588082,0.22070518424119182,-0.02463471249862781,194,16,,,,,3.9271316283363027,21119.454729596862,0.9454628453919822,0.054537154608017786,1.35,-132633.48538072585,-96987.591914,-96987.591914,0.0,713,6,0.0,340,31,,,,,5.206102436139778,0.0,0.8702292684623659,0.129770731537634,0.46102653034471064,373,31,,,,,3.897360299875386,29517.248027999813,0.9472141000073303,0.05278589999266974,1.3487609548507358
1811,MERL,0.0,0.0,0.0,,0,0,0,0,0,30d,bearish,-131413.27679711577,714,,,,,,,4.663729943947649,10471.506786115107,0.9021335327089618,0.09786646729103816,1.0332306157828253,,2708.7109899883194,-940.559394,-940.559394,0.0,3,0,0.0,2,1,,,,,3.5786392698604454,0.0,0.965962395890562,0.034037604109437944,1.0,1,1,,,,,3.323876108892109,9056.897714103321,0.9809484641828171,0.019051535817182857,1.35,1086.8458986923997,-2425.5953999999997,-2425.5953999999997,0.0,7,0,0.0,3,1,,,,,3.5782409709868506,0.0,0.9659858252360678,0.034014174763932335,1.0,4,1,,,,,3.354583870461784,9031.299711611777,0.9791421252669539,0.02085787473304611,1.35,-6144.340041863,-231.11715400000054,-231.11715400000054,0.0,25,0,0.0,11,2,,,,,3.59962552453556,0.0,0.9647279103214376,0.03527208967856236,1.0,14,2,,,,,3.3821954238394514,8973.373607517518,0.9775179162447382,0.022482083755261846,1.3499999999999999,-17421.00432068256,-7398.350180000001,-7398.350180000001,0.0,71,1,0.0,32,4,,,,,3.7724737775956836,0.0,0.9545603660237834,0.04543963397621667,1.0,39,4,,,,,3.5054269857106064,9024.687950241201,0.9702690008405527,0.02973099915944745,1.35,-45824.33088993933,5054.107871999995,5054.107871999995,0.0,358,3,0.0,158,16,,,,,5.427222773044131,0.0,0.8572221898209333,0.14277781017906654,0.22964905124841029,200,16,,,,,4.546911556866644,10004.974045762014,0.9090052025372561,0.09099479746274379,1.1244478993646396,-131413.27679711577,-34849.483791000006,-34849.483791000006,0.0,714,6,0.0,337,31,,,,,5.424723364255188,0.0,0.8573692138673419,0.14263078613265814,0.2542823201731871,377,31,,,,,4.663729943947649,10471.506786115107,0.9021335327089618,0.09786646729103816,1.0332306157828253
1811,MEME,0.0,0.0,0.0,,0,0,0,0,0,15d,bearish,-131179.88926178784,346,,,,,,,5.285657302274404,10767.720842545572,0.8655495704544468,0.1344504295455532,0.35,,326.5436973687599,462.361399,462.361399,0.0,3,0,0.0,1,1,,,,,9.002892456826915,0.0,0.6468886790101814,0.35311132098981857,-0.6499999999999999,2,1,,,,,5.155333869915151,10326.370620251648,0.8732156547108735,0.12678434528912647,0.35000000000000003,6571.803604938119,-144.62090500000025,-144.62090500000025,0.0,7,0,0.0,4,1,,,,,9.017769264468736,0.0,0.6460135726783096,0.3539864273216904,-0.65,3,1,,,,,5.156039752040446,10339.481846506204,0.873174132232915,0.12682586776708502,0.35,4027.6289122577987,-12526.629797,-12526.629797,0.0,25,0,0.0,13,2,,,,,8.7953719561841,0.0,0.6590957672832881,0.34090423271671183,-0.28298056912597563,12,2,,,,,5.311922188566896,8211.924090333507,0.8640045771431236,0.13599542285687627,0.35,17268.873257865012,1829.8900399999986,1829.8900399999986,0.0,71,1,0.0,37,4,,,,,8.815033022419064,0.0,0.657939233975349,0.34206076602465085,-0.1665720169286798,34,4,,,,,5.290520356190197,8804.238333323789,0.8652635084594,0.13473649154059983,0.35,-131179.88926178784,-25075.207123,-25075.207123,0.0,346,3,0.0,177,16,,,,,8.377522251377432,0.0,0.6836751616836805,0.31632483831631947,-0.05233654248096646,169,16,,,,,5.285657302274404,10767.720842545572,0.8655495704544468,0.1344504295455532,0.35,-85883.00789412059,-459.0126850000185,-459.0126850000185,0.0,683,6,0.0,351,31,,,,,7.682997057325689,0.0,0.7245295848631947,0.27547041513680526,-0.018082064365310013,332,31,,,,,5.081632134231085,9627.42921893811,0.8775327509899276,0.12246724901007248,0.6404683237145508
1811,kLUNC,0.0,0.0,0.0,,0,0,0,0,0,15d,bearish,-126900.23059645467,358,,,,,,,6.627527008429575,13057.179354990087,0.786616058327672,0.21338394167232796,0.6394942747397515,,-3768.9756855307996,-1336.6012750000002,-1336.6012750000002,0.0,3,0,0.0,1,1,,,,,5.58241923353984,0.0,0.8480929862623623,0.15190701373763763,0.0,2,1,,,,,5.546754098999633,12019.589339602486,0.8501909353529626,0.14980906464703722,0.35,-11106.48652159552,-5894.361024000001,-5894.361024000001,0.0,7,0,0.0,2,1,,,,,5.524885407166958,0.0,0.8514773289901786,0.14852267100982106,0.0,5,1,,,,,5.590465002986109,11689.18203445825,0.8476197057066992,0.15238029429330052,0.35,-77161.7236563325,-40042.31243999999,-40042.31243999999,0.0,25,0,0.0,10,2,,,,,5.571377907506943,0.0,0.8487424760290033,0.15125752397099668,0.05148720256897372,15,2,,,,,5.038228456839132,8074.8543563449475,0.8801042084212276,0.11989579157877245,1.0150800418917376,-75307.62797108419,-44751.09358799999,-44751.09358799999,0.0,71,1,0.0,33,4,,,,,5.8515814703698386,0.0,0.8322599135076566,0.16774008649234345,0.04173730002492943,38,4,,,,,5.414102907956137,9512.373965265084,0.8579939465908154,0.14200605340918454,0.9098457807098866,-126900.23059645467,-15927.873479999986,-15927.873479999986,0.0,358,3,0.0,180,16,,,,,6.631447886452846,0.0,0.7863854184439503,0.2136145815560498,0.020124950294376203,178,16,,,,,6.627527008429575,13057.179354990087,0.786616058327672,0.21338394167232796,0.6394942747397515,-57798.59684036558,45783.94083600022,45783.94083600022,0.0,714,6,0.0,349,31,1,1.0,1.0,0.0,3.8026070194192565,0.0,0.9527878223871025,0.047212177612897414,0.8152613830945169,365,31,1,1.0,1.0,0.0,7.210559120478132,13652.540112455326,0.7523200517365805,0.24767994826341957,0.3882229425099786
1811,REZ,0.0,0.0,0.0,,0,0,0,0,0,15d,bearish,-126566.19980620667,358,,,,,,,3.5984814887842687,9048.574324994726,0.9647952065421019,0.035204793457898176,1.35,,-156.3713735617602,530.7924559999999,530.7924559999999,0.0,3,0,0.0,1,1,,,,,3.6625982888326627,0.0,0.9610236300686671,0.03897636993133307,1.0,2,1,,,,,3.5763993413429644,7164.605966742611,0.9660941563915904,0.03390584360840974,1.3499999999999999,33.530155329799584,1227.2355779999998,1227.2355779999998,0.0,7,0,0.0,3,1,,,,,3.7136040054630923,0.0,0.9580232937962889,0.04197670620371127,1.0,4,1,,,,,3.5800896008652385,7159.272157869057,0.9658770823020448,0.034122917697955175,1.35,7389.744004782519,-25497.647013999995,-25497.647013999995,0.0,25,0,0.0,12,2,,,,,3.770765363606788,0.0,0.9546608609643067,0.045339139035693386,1.0,13,2,,,,,3.6419802747461687,7321.232922762733,0.962236454426696,0.037763545573304004,1.35,-67547.77950358042,-89446.627872,-89446.627872,0.0,71,1,0.0,31,4,,,,,3.7554915904556476,0.0,0.9555593182084914,0.044440681791508646,1.0,40,4,,,,,3.6991355618034163,7788.877303170898,0.9588743787174462,0.04112562128255391,1.3500000000000003,-126566.19980620667,-82233.426041,-82233.426041,0.0,358,3,0.0,150,16,,,,,3.577886989872917,0.0,0.9660066476545341,0.03399335234546568,1.0,208,16,,,,,3.5984814887842687,9048.574324994726,0.9647952065421019,0.035204793457898176,1.35,-111370.23251104054,-75757.600342,-75757.600342,0.0,714,6,0.0,329,31,,,,,3.6511351088879818,0.0,0.9616979347712951,0.03830206522870484,1.0,385,31,,,,,3.65155827656516,10036.895800760587,0.9616730425549905,0.03832695744500942,1.3499999999999999
1811,BSV,0.0,0.0,0.0,,0,0,0,0,0,30d,bearish,-122577.344909375,713,,,,,,,4.468731335864851,9117.177654526526,0.9136040390667736,0.08639596093322652,1.2821276596944946,,-967.0327860168073,1211.8297250000014,1211.8297250000014,0.0,3,0,0.0,2,1,,,,,15.088916049592765,0.0,0.28888729120042583,0.7111127087995742,-1.8000000000000003,1,1,,,,,5.45504415181352,16338.804779132335,0.8555856381286164,0.14441436187138354,0.35,11215.99658734439,-3685.118574999998,-3685.118574999998,0.0,7,0,0.0,4,1,,,,,14.85050163482534,0.0,0.3029116685396859,0.6970883314603142,-1.8,3,1,,,,,5.456972708173947,15954.011012545297,0.8554721936368265,0.14452780636317333,0.35,-94287.54625295485,71095.45242500001,71095.45242500001,0.0,25,0,0.0,7,2,,,,,14.854690700225948,0.0,0.3026652529278853,0.6973347470721147,-1.7994390394996653,18,2,,,,,5.009742270557168,11903.376519258058,0.8817798664378137,0.11822013356218633,1.0381157438770352,-120571.43257988257,93399.00324499999,93399.00324499999,0.0,71,1,0.0,27,4,,,,,14.985802865910493,0.0,0.2949527725935004,0.7050472274064996,-1.7998175308343045,44,4,,,,,4.877291947116833,11380.917596398756,0.889571061934304,0.11042893806569601,1.150749889631615,-79028.74712893969,133006.96809500002,133006.96809500002,0.0,357,3,0.0,159,16,,,,,14.158733712617995,0.0,0.34360389925776497,0.656396100742235,-1.6633196869027556,198,16,,,,,4.6564383128438855,10197.582649299595,0.9025624521856536,0.09743754781434624,1.2264562454816355,-122577.344909375,102875.81117,102875.81117,0.0,713,6,0.0,322,31,,,,,12.030295986927973,0.0,0.46880611841600156,0.5311938815839984,-1.139310877255964,391,31,,,,,4.468731335864851,9117.177654526526,0.9136040390667736,0.08639596093322652,1.2821276596944946
1811,USDT0,0.0,0.0,0.0,,0,0,0,0,0,30d,bearish,-121992.13222480875,646,,,,,,,0.0,0.0,0.0,0.0,0.0,,-1137.1294921321878,1263.719706007485,0.0,1263.719706007485,3,0,1.0,0,0,,,,,,,,,,3,1,,,,,0.0,0.0,0.0,0.0,0.0,-2037.7229251670726,2264.6960735654175,0.0,2264.6960735654175,7,0,1.0,1,1,,,,,0.0,0.0,0.0,0.0,0.0,6,1,,,,,0.0,0.0,0.0,0.0,0.0,-12708.610638618129,14125.601651263101,0.0,14125.601651263101,23,0,1.0,4,2,,,,,0.0,0.0,0.0,0.0,0.0,19,2,,,,,0.0,0.0,0.0,0.0,0.0,31720.540570350768,-42395.74426896045,0.0,-42395.74426896045,63,1,1.0,12,4,,,,,0.0,0.0,0.0,0.0,0.0,51,4,,,,,0.0,0.0,0.0,0.0,0.0,50403.486446128656,7199.650825642372,0.0,7199.650825642372,318,3,1.0,112,16,,,,,0.0,0.0,0.0,0.0,0.0,206,16,,,,,0.0,0.0,0.0,0.0,0.0,-121992.13222480875,-195625.34938146156,0.0,-195625.34938146156,646,6,1.0,342,31,,,,,0.0,0.0,0.0,0.0,0.0,304,31,,,,,0.0,0.0,0.0,0.0,0.0
1811,kFLOKI,0.0,0.0,0.0,,0,0,0,0,0,15d,bearish,-121005.85656455297,358,,,,,,,7.927136314172339,55244.13256059854,0.7734579960611728,0.22654200393882723,0.35000000000000003,,-144.86001839279993,882.8985010000001,882.8985010000001,0.0,3,0,0.0,1,1,,,,,9.168512285555089,0.0,0.7220991809629939,0.27790081903700603,0.0,2,1,,,,,8.248413513955384,41046.65173095261,0.7494816489335338,0.25051835106646625,0.35,-2461.9331331555973,10305.396761,10305.396761,0.0,7,0,0.0,3,1,,,,,9.347231784226777,0.0,0.7101845477182147,0.28981545228178524,0.0,4,1,,,,,8.441879888110902,43579.16958565347,0.7343137945297372,0.2656862054702628,0.35,-36591.85212408131,18782.440288,18782.440288,0.0,25,0,0.0,9,2,,,,,9.437534929712063,0.0,0.7041643380191958,0.29583566198080424,0.0,16,2,,,,,8.214027815588812,40291.83532021781,0.7467393623716178,0.2532606376283821,0.35,-85133.46327613608,237457.576292,237457.576292,0.0,71,1,0.0,23,4,,,,,15.201523987490061,0.0,0.3198984008339958,0.6801015991660041,-1.5523277193540423,48,4,,,,,7.21162686970536,40642.05293392345,0.8138618402999379,0.18613815970006223,0.35000000000000003,-121005.85656455297,79760.678162,79760.678162,0.0,358,3,0.0,136,16,,,,,11.501015588842971,0.0,0.5632906886355898,0.43670931136441016,-0.8973817396962631,222,16,,,,,7.927136314172339,55244.13256059854,0.7734579960611728,0.22654200393882723,0.35000000000000003,-104375.25517898804,44539.913250999954,44539.913250999954,0.0,714,6,0.0,347,31,,,,,10.671106498220283,0.0,0.6201149545708629,0.3798850454291372,-0.6772212040458374,367,31,,,,,7.146558882190361,35955.73454607456,0.829435585471119,0.17056441452888105,0.35
1811,NXPC,0.0,0.0,0.0,,0,0,0,0,0,30d,bullish,120307.09098806146,714,,,,,,,15.573519270139027,0.0,0.2603812194035867,0.7396187805964133,-1.6978426455710425,,-14430.290675425997,6807.682215000001,6807.682215000001,0.0,3,0,0.0,0,0,,,,,,,,,,3,1,,,,,15.041050202968998,5713.135031293736,0.2917029292371177,0.7082970707628822,-1.4500000000000002,-9504.182428728396,4229.553115000001,4229.553115000001,0.0,7,0,0.0,3,1,,,,,13.235476490228272,0.0,0.397913147633631,0.6020868523663689,-1.4573963292427052,4,1,,,,,15.03796425994659,5740.136787570944,0.2918844552972595,0.7081155447027405,-1.45,-3356.024950556238,1328.5030899999986,1328.5030899999986,0.0,25,0,0.0,17,2,,,,,12.813238891526648,0.0,0.42275065343960905,0.5772493465603911,-1.2595446018754906,8,2,,,,,15.010433545813497,5675.8306063158025,0.29350390906979446,0.7064960909302056,-1.4500000000000002,-532.3964284165185,1010.4285399999983,1010.4285399999983,0.0,71,1,0.0,46,4,,,,,12.517351384780104,0.0,0.44015580089528794,0.5598441991047121,-1.2429494118736246,25,4,,,,,14.716741810847939,5635.649759431756,0.310779893479533,0.689220106520467,-1.4500000000000002,4673.418564812486,2976.9340549999993,2976.9340549999993,0.0,358,3,0.0,192,16,,,,,13.54032859947988,0.0,0.3799806706188309,0.6200193293811692,-1.5173393284328536,166,16,,,,,15.9722639395553,8167.715312198729,0.23692565061439422,0.7630743493856058,-1.4448412390392857,120307.09098806146,97361.2175,97361.2175,0.0,714,6,0.0,369,31,,,,,15.573519270139027,0.0,0.2603812194035867,0.7396187805964133,-1.6978426455710425,345,31,,,,,12.90967855226247,8846.128591114044,0.4170777322198547,0.5829222677801453,-0.9444100283631525
1811,XAI,0.0,0.0,0.0,,0,0,0,0,0,30d,bearish,-112738.59624026834,714,,,,,,,7.715013792625049,19405.859662707935,0.7226462474926443,0.27735375250735583,0.3499999999999999,,-136.61037393300322,-588.8401909999927,-588.8401909999927,0.0,3,0,0.0,1,1,,,,,9.740800430370495,0.0,0.6034823276252649,0.396517672374735,-0.65,2,1,,,,,8.569847512690089,19113.23802558492,0.6723619110182303,0.32763808898176977,0.3499999999999999,-170.3691565788012,-544.0930810000057,-544.0930810000057,0.0,7,0,0.0,3,1,,,,,9.762849641746085,0.0,0.6021853151914068,0.3978146848085932,-0.65,4,1,,,,,8.560883944985715,19142.349812166096,0.6728891797067228,0.32711082029327726,0.35,-10094.697764377202,2637.9293200000066,2637.9293200000066,0.0,25,0,0.0,5,2,,,,,9.804298272815656,0.0,0.5997471604226084,0.40025283957739144,-0.6499999999999999,20,2,,,,,8.482088681319205,19248.633065472488,0.6775241952165176,0.32247580478348253,0.35000000000000003,-12639.169833107404,6107.677342000001,6107.677342000001,0.0,71,1,0.0,26,4,,,,,9.809959611586715,0.0,0.5994141404948992,0.40058585950510084,-0.662868139331748,45,4,,,,,8.438349238781711,19578.79736222939,0.6800971036010758,0.31990289639892416,0.3499999999999999,-51889.70701866969,21816.785562999998,21816.785562999998,0.0,358,3,0.0,150,16,,,,,9.741489450537685,0.0,0.603441797027195,0.396558202972805,-0.7254697535446365,208,16,,,,,7.975953064448522,19923.57451599943,0.7072968785618519,0.29270312143814825,0.35,-112738.59624026834,-19593.568486999997,-19593.568486999997,0.0,714,6,0.0,339,31,,,,,10.39720112015137,0.0,0.5648705223440371,0.43512947765596294,-0.8410428298593715,375,31,,,,,7.715013792625049,19405.859662707935,0.7226462474926443,0.27735375250735583,0.3499999999999999
1811,FEUSD,0.0,0.0,0.0,,0,0,0,0,0,30d,bullish,105792.6877869875,14,,,,,,,0.0,0.0,0.0,0.0,0.0,,,,,,,,,,,,,,,,,,,,,,,,,,,,,,,,,,,,,,,,,,,,,,,,,,,,,,,,,,,,,,,,,,,,,,,,,,,,,,,,,,,,,,,,,,,,,,,,,,,,,,,,,,,,,,,,,,,,,,-99528.21778383812,-237648.43267450004,0.0,-237648.43267450004,7,0,1.0,1,1,,,,,0.0,0.0,0.0,0.0,0.0,6,3,,,,,0.0,0.0,0.0,0.0,0.0,105792.6877869875,-90990.64298105316,0.0,-90990.64298105316,14,0,1.0,4,3,,,,,0.0,0.0,0.0,0.0,0.0,10,5,,,,,0.0,0.0,0.0,0.0,0.0
1811,AVNT,0.0,0.0,0.0,,0,0,0,0,0,30d,bearish,-102559.85894675058,714,,,,,,,5.584170022449536,25823.549877686568,0.9569130666974183,0.04308693330258179,0.4677840068641654,,-5330.512914585,1067.823825,1067.823825,0.0,3,0,0.0,1,1,,,,,,,,,,2,1,,,,,5.1588063420738015,28375.066849901403,0.9858466767196649,0.014153323280335152,0.35,-16890.806082005,-4452.630435,-4452.630435,0.0,7,0,0.0,2,1,,,,,5.232897122780156,0.0,0.9821259113121302,0.017874088687869823,0.0,5,1,,,,,5.039654082045184,28506.847077860464,0.9937373728133385,0.006262627186661573,0.7935497364572085,-25441.50679423901,-1015.2857999999976,-1015.2857999999976,0.0,25,0,0.0,12,2,,,,,5.3744034074429,0.0,0.9722426128449261,0.0277573871550739,0.019658141080964787,13,2,,,,,5.043370181323392,28786.47480154052,0.9935536776674665,0.0064463223325335215,0.5558136802798922,-34489.05235163931,18617.294575,18617.294575,0.0,71,1,0.0,31,4,,,,,5.439316756321332,0.0,0.9679784698279839,0.03202153017201609,0.01368563356909837,40,4,,,,,5.043946868349812,27975.754255167052,0.9935288603924182,0.006471139607581913,0.4991687251091696,-87241.49578064025,582.757857999993,582.757857999993,0.0,358,3,0.0,158,16,,,,,6.166910600734023,0.0,0.9196822652646459,0.08031773473535414,0.054185408610958545,200,16,,,,,5.379976837727957,27901.149793126995,0.9722467283709726,0.027753271629027364,0.4304926090426431,-102559.85894675058,8379.633734000023,8379.633734000023,0.0,714,6,0.0,335,31,,,,,6.727863825609567,0.0,0.883050004026674,0.11694999597332602,-0.009808392380788442,379,31,,,,,5.584170022449536,25823.549877686568,0.9569130666974183,0.04308693330258179,0.4677840068641654
1811,FI,0.0,0.0,0.0,,0,0,0,0,0,30d,bearish,-100343.798016,3,,,,,,,0.0,0.0,0.0,0.0,0.0,,,,,,,,,,,,,,,,,,,,,,,,,,,,,,,,,,,,,,,,,,,,,,,,,,,,,,,,,,,,,,,,,,,,,,,,,,,,,,,,,,,,,,,,,,,,,,,,,,,,,,,,,,,,,,,,,,,,,,,,,,,,,,,,,,,,,,,,,,,,,,,,,,,-100343.798016,-71674.14144,0.0,-71674.14144,3,0,1.0,0,0,,,,,,,,,,3,1,,,,,0.0,0.0,0.0,0.0,0.0
1811,SUSHI,0.0,0.0,0.0,,0,0,0,0,0,72h,bearish,-99111.81279350433,71,,,,,,,7.538104050924382,7545.60591006514,0.733052702886801,0.266947297113199,0.14644332898344528,,-4729.917588224888,3117.275902000003,3117.275902000003,0.0,3,0,0.0,1,1,,,,,10.360204175777495,27.846226606011648,0.567046813189559,0.43295318681044087,-1.2000000000000002,2,1,,,,,8.169725638598077,8777.523176443796,0.695898491847172,0.3041015081528281,0.3499999999999999,-4186.57943748047,2920.4190969999936,2920.4190969999936,0.0,7,0,0.0,3,1,,,,,10.425864321922834,27.94300420066624,0.5631844516515978,0.4368155483484022,-1.2000000000000004,4,1,,,,,8.105501688001619,8570.096497407307,0.6996763712940224,0.3003236287059777,0.35000000000000003,-51908.7425678828,-5438.421976999995,-5438.421976999995,0.0,25,0,0.0,8,2,,,,,10.310771692385932,28.94040785575449,0.569954606330239,0.43004539366976086,-1.1929652811764213,17,2,,,,,7.560133708855628,7954.0469183531695,0.7317568406555516,0.26824315934444876,0.35000000000000003,-99111.81279350433,-6923.133891999987,-6923.133891999987,0.0,71,1,0.0,32,4,,,,,7.8773012000733305,32.05571094903052,0.7130999294074511,0.28690007059254885,-0.26179118585656813,39,4,,,,,7.538104050924382,7545.60591006514,0.733052702886801,0.266947297113199,0.14644332898344528,-58350.89837606882,-37491.894601,-37491.894601,0.0,358,3,0.0,167,16,,,,,8.834244422829764,16.93065052388611,0.6568091515982492,0.34319084840175085,-0.48584006848611666,191,16,,,,,7.565843306205722,8365.72607987719,0.7314209819878988,0.26857901801210127,0.18453773515868852,9135.461717095874,-7551.9174429999475,-7551.9174429999475,0.0,714,6,0.0,368,31,,,,,8.480283627062745,8.193197075598498,0.677630374878662,0.32236962512133793,-0.2737661873978212,346,31,,,,,6.933686966602906,8245.927370414734,0.7686066490233584,0.23139335097664152,0.27381023504444507
1811,AZTEC,0.0,0.0,0.0,,0,0,0,0,0,30d,bearish,-97061.43650544288,714,,,,,,,4.697629282297746,12305.113809149036,0.9001394539824854,0.09986054601751451,1.0426616627383218,,-37749.30058566405,8300.356063000003,8300.356063000003,0.0,3,0,0.0,1,1,,,,,5.218474097319415,0.0,0.8695015236870931,0.1304984763129068,0.0,2,1,,,,,4.2883883389977795,14787.211082429463,0.9242124506471893,0.07578754935281058,1.35,-54768.115752849255,-18571.083383999998,-18571.083383999998,0.0,7,0,0.0,3,1,,,,,5.190120933770679,0.0,0.8711693568370188,0.12883064316298112,0.0,4,1,,,,,4.276127378172328,13841.960964243524,0.9249336836369219,0.0750663163630781,1.3500000000000003,-65092.23007795368,-13835.420527999997,-13835.420527999997,0.0,25,0,0.0,12,2,,,,,5.170905730101012,0.0,0.8722996629352348,0.12770033706476538,0.0,13,2,,,,,4.357859789994661,13163.720980065988,0.9201258947061964,0.07987410529380358,1.35,-66694.22250293281,-3365.198401999996,-3365.198401999996,0.0,71,1,0.0,36,4,,,,,5.11438030189098,0.0,0.87562468812406,0.12437531187593999,0.16934648447740447,35,4,,,,,4.370005414903796,12169.60405865037,0.9194114461821298,0.0805885538178703,1.35,-83293.61407568256,-217416.94872856088,-217175.73342000006,-241.2153085608,358,3,0.0011094595429262083,190,16,,,,,4.484274743693537,5.078147594490332,0.9126897209592038,0.0873102790407963,0.7274901086728252,168,16,1,1.0,1.0,0.0,4.593694496099284,11742.533238908725,0.9062532649353362,0.09374673506466376,1.0784969306282703,-97061.43650544288,-124163.64481556087,-123922.42950700007,-241.2153085608,714,6,0.001942720906100282,384,31,,,,,4.675027103849289,10.84716538494458,0.9014689938912183,0.09853100610878174,0.6966036091925116,330,31,1,1.0,1.0,0.0,4.697629282297746,12305.113809149036,0.9001394539824854,0.09986054601751451,1.0426616627383218
1811,COMP,0.0,0.0,0.0,,0,0,0,0,0,30d,bearish,-95485.80932615357,714,,,,,,,5.307030051687165,13607.15596668449,0.9791316414829422,0.020868358517057786,0.3856623211786555,,-5543.906248841993,9095.177719999998,9095.177719999998,0.0,3,0,0.0,0,0,,,,,,,,,,3,1,,,,,5.4403867426573,12647.997707700375,0.9703468506698505,0.02965314933014969,0.35,-16550.410243961982,15732.072214999984,15732.072214999984,0.0,7,0,0.0,1,1,,,,,5.501068905775198,0.0,0.9665926003664729,0.03340739963352698,0.0,6,1,,,,,5.425836697079655,12284.138903825522,0.9713230210926834,0.028676978907316814,0.35,-22909.92815885,12671.013169999995,12671.013169999995,0.0,25,0,0.0,11,2,,,,,5.525726173183514,0.0,0.9649490666398891,0.03505093336011076,0.0,14,2,,,,,5.4444883613914055,12033.8442331431,0.9700531966215638,0.029946803378436367,0.35,16108.557788318014,-10927.612275000018,-10927.612275000018,0.0,71,1,0.0,36,4,,,,,5.410532250261384,0.0,0.9726309043399628,0.02736909566003723,0.0,35,4,,,,,5.356965285184772,11996.88877161476,0.9757954790665866,0.024204520933413257,0.35,-13912.168988693991,9751.209349999986,9751.209349999986,0.0,358,3,0.0,161,16,,,,,5.31353418784396,0.0,0.9790866714786618,0.020913328521338235,0.0,197,16,,,,,5.2799370460154424,12890.821494207314,0.980932430406352,0.019067569593648,0.35,-95485.80932615357,21353.85795999996,21353.85795999996,0.0,714,6,0.0,345,31,,,,,5.282403241913231,0.0,0.9811103160641654,0.01888968393583456,0.05153902799552224,369,31,,,,,5.307030051687165,13607.15596668449,0.9791316414829422,0.020868358517057786,0.3856623211786555
1811,SAND,0.0,0.0,0.0,,0,0,0,0,0,30d,bullish,91496.67495382013,714,,,,,,,9.017280577079585,0.0,0.7321408927865822,0.26785910721341766,-0.13677850317959084,,-624.9603457211999,-2695.849987,-2695.849987,0.0,3,0,0.0,1,1,,,,,11.153026842151112,0.0,0.5897982105232589,0.410201789476741,-1.2000000000000002,2,1,,,,,12.38460685808392,8259.151878600078,0.5076928761277383,0.4923071238722616,-0.8500000000000002,-1620.276579654,-2199.972587,-2199.972587,0.0,7,0,0.0,2,1,,,,,11.161482235000005,0.0,0.5892345176666659,0.41076548233333393,-1.2000000000000002,5,1,,,,,12.37771126448263,8254.24765368242,0.5081525823678243,0.49184741763217554,-0.8500000000000002,541.596469832198,64.67877799999889,64.67877799999889,0.0,25,0,0.0,10,2,,,,,10.997340023889,0.0,0.6001773317407333,0.3998226682592667,-1.2000000000000002,15,2,,,,,12.407098442871375,8226.557401372156,0.5061934371419082,0.4938065628580917,-0.8500000000000002,-4084.197719859802,-7126.6722340000015,-7126.6722340000015,0.0,71,1,0.0,32,4,,,,,10.969923213763781,0.0,0.6020051190824146,0.3979948809175854,-1.2,39,4,,,,,12.183281091090757,8201.335117596816,0.5211145939272828,0.47888540607271723,-0.8500000000000003,69213.7314689104,-52903.43486200002,-52903.43486200002,0.0,358,3,0.0,179,16,,,,,9.264151026080519,0.0,0.7156349474571041,0.2843650525428959,-0.2523542584260997,179,16,,,,,10.786443762287295,17378.8970502776,0.6142370825141805,0.3857629174858196,-0.41077856005244595,91496.67495382013,-22430.514759000063,-22430.514759000063,0.0,714,6,0.0,375,31,,,,,9.017280577079585,0.0,0.7321408927865822,0.26785910721341766,-0.13677850317959084,339,31,,,,,10.647520648796549,13763.060403909236,0.622982270668072,0.3770177293319281,-0.28063862159659886
1811,NIL,0.0,0.0,0.0,,0,0,0,0,0,15d,bearish,-88240.35779740555,358,,,,,,,3.83147472266196,5387.823896504361,0.9510897221963555,0.04891027780364472,1.2121543077718189,,-2331.7392451255196,1435.5564530000001,1435.5564530000001,0.0,3,0,0.0,1,1,,,,,3.0,0.0,1.0,0.0,1.45,2,1,,,,,3.1037050260954384,5399.142110706044,0.9938997043473272,0.006100295652672867,1.35,9304.619558402399,12750.713550999999,12750.713550999999,0.0,7,0,0.0,3,1,,,,,3.359770658170421,0.0,0.9788370201076222,0.021162979892377667,1.0040363344954362,4,1,,,,,3.100699952534424,5143.521071439914,0.994076473380328,0.005923526619672009,1.35,-12804.677434252479,-3678.4710479999985,-3678.4710479999985,0.0,25,0,0.0,5,2,,,,,3.3714933064413057,0.0,0.9781474525622762,0.021852547437723874,1.0009073955206191,20,2,,,,,3.1446318530706616,4699.277711190743,0.9914922439370198,0.00850775606298012,1.3499999999999999,-11805.649910041464,5455.964391,5455.964391,0.0,71,1,0.0,21,4,,,,,3.6507093012941567,0.0,0.9617229822768142,0.03827701772318569,1.0002389428544447,50,4,,,,,3.203697871173148,4417.47205594587,0.9880177722839325,0.01198222771606752,1.35,-88240.35779740555,-132233.55139299997,-132233.55139299997,0.0,358,3,0.0,158,16,,,,,4.35493142963061,5.776724057975162,0.9185488737859713,0.08145112621402868,0.6592747309066725,200,16,,,,,3.83147472266196,5387.823896504361,0.9510897221963555,0.04891027780364472,1.2121543077718189,69887.8136787979,-13735.10251899998,-13735.10251899998,0.0,714,6,0.0,341,31,,,,,6.481886453966983,2.283337873901349,0.7945193131820918,0.20548068681790826,0.20430248173114668,373,31,,,,,5.516265780025875,7362.254819588142,0.8519843658808309,0.14801563411916913,0.6681666791563551
1811,PUP,0.0,0.0,0.0,,0,0,0,0,0,30d,bullish,86625.82835950956,4,,,,,,,0.0,0.0,0.0,0.0,0.0,,,,,,,,,,,,,,,,,,,,,,,,,,,,,,,,,,,,,,,,,,,,,,,,,,,,,,,,,,,,,,,,,,,,,,,,,,,,,,,,,,,,,,,,,,,,,,,,,,,,,,,,,,,,,,,,,,,,,,,,,,,,,,,,,,,,,,,,,,,,,,,,,,,86625.82835950956,111058.75430706354,0.0,111058.75430706354,4,0,1.0,4,2,,,,,0.0,0.0,0.0,0.0,0.0,0,0,,,,,,,,,
1811,AXS,0.0,0.0,0.0,,0,0,0,0,0,15d,bearish,-82886.3755723934,358,,,,,,,11.70156995116604,11518.734993837514,0.5530875845442909,0.44691241545570914,-0.7501593537413522,,1155.9779549064026,-737.8058079999973,-737.8058079999973,0.0,3,0,0.0,1,1,,,,,11.249946340975443,0.0,0.5833369106016373,0.41666308939836283,-1.2000000000000002,2,1,,,,,12.317128911226343,10459.691033287536,0.5119502218135916,0.48804977818640843,-0.8500000000000001,1845.3360952062026,-1931.368739999999,-1931.368739999999,0.0,7,0,0.0,4,1,,,,,11.194927620745057,0.0,0.5870048252836628,0.4129951747163373,-1.2000000000000002,3,1,,,,,12.274088845838177,10478.132858162428,0.5148193278151575,0.48518067218484257,-0.8500000000000002,14484.266973214602,-12675.974829,-12675.974829,0.0,25,0,0.0,13,2,,,,,10.993812812255305,0.0,0.6004124791829798,0.39958752081702026,-1.2000000000000002,12,2,,,,,12.688763937986293,10559.39870833156,0.4871654307559873,0.5128345692440127,-0.8500000000000003,12091.0539367064,-1120.599750000003,-1120.599750000003,0.0,71,1,0.0,35,4,,,,,11.42140545372784,0.0,0.5719063030848106,0.42809369691518934,-1.2000000000000002,36,4,,,,,13.445039454670546,11499.046720220585,0.4367199387226771,0.5632800612773229,-0.8500000000000002,-82886.3755723934,-4616.111944999997,-4616.111944999997,0.0,358,3,0.0,173,16,,,,,9.973749131802027,0.0,0.6684059084566945,0.33159409154330544,-0.4034657118266288,185,16,,,,,11.70156995116604,11518.734993837514,0.5530875845442909,0.44691241545570914,-0.7501593537413522,62420.79897707836,60237.33962799997,60237.33962799997,0.0,714,6,0.0,344,31,,,,,10.06016086827677,0.0,0.6624871938799132,0.33751280612008683,-0.6644306240184665,370,31,,,,,8.345183343772204,7034.1203028603895,0.776912678592254,0.22308732140774606,0.013675550727589468
1811,2Z,0.0,0.0,0.0,,0,0,0,0,0,30d,bearish,-81057.23794319581,714,,,,,,,3.944650723715514,20037.376639464812,0.9443891345642714,0.05561086543572861,1.320491762988814,,5718.696367273798,-11121.229790999998,-11121.229790999998,0.0,3,0,0.0,3,1,,,,,3.528416131976396,0.0,0.9689166981190356,0.031083301880964472,1.0,0,0,,,,,,,,,,17281.663227148598,575.9802550000013,575.9802550000013,0.0,7,0,0.0,7,1,,,,,3.518182018959199,0.0,0.9695187047671059,0.030481295232894057,1.0,0,0,,,,,,,,,,-8328.550891206974,54062.469356,54062.469356,0.0,25,0,0.0,17,2,,,,,3.5445154998058537,0.0,0.9679696764820085,0.032030323517991385,1.0,8,2,,,,,3.9097809939559434,31868.892425297774,0.946483470943768,0.05351652905623196,1.35,-46453.34233375484,124168.898507,124168.898507,0.0,71,1,0.0,37,4,,,,,3.53554162781634,0.0,0.9684975513049212,0.03150244869507882,1.0,34,4,,,,,3.82405536083077,30487.924932504695,0.9515261552452489,0.048473844754751166,1.35,-48731.5715364771,243079.578205,243079.578205,0.0,358,3,0.0,149,16,,,,,3.8587785665483074,0.0,0.9494836137324525,0.05051638626754753,1.0,209,16,,,,,3.7825135152785148,31887.75338755117,0.9539697932189108,0.04603020678108913,1.35,-81057.23794319581,295327.901258,295327.901258,0.0,714,6,0.0,341,31,,,,,4.401441545400025,0.0,0.9175622620352926,0.08243773796470738,0.6899232329596002,373,31,,,,,3.944650723715514,20037.376639464812,0.9443891345642714,0.05561086543572861,1.320491762988814
1811,VINE,0.0,0.0,0.0,,0,0,0,0,0,15d,bullish,75162.95242953848,48,,,,,,,2.890396122636632,0.0,0.08453806924645985,0.1318390957448626,-0.12321134146653254,,,,,,,,,,,,,,,,,,,,,,,,,,,,,,,,,,,,,,,,,,,,,,,,,,,,,,,,,,,,,,,,,,,,,,,,,,,,,,,,,,,,,,,,,,,,,,,,,,,,,,,,,,,,,,,,,,,,,,75162.95242953848,85086.087661,85086.087661,0.0,48,0,0.0,28,3,,,,,2.890396122636632,0.0,0.08453806924645985,0.1318390957448626,-0.12321134146653254,20,3,,,,,3.283325690929005,12828.130989695659,0.9833337828865291,0.016666217113470865,1.3514033056501982,-31290.332581599643,87485.530733,87485.530733,0.0,398,3,0.0,192,18,,,,,11.29578544312044,0.0,0.1492310789325976,0.5437881955175784,-1.1190901116861087,206,18,,,,,7.680311409527584,9015.841525758195,0.7244985722899652,0.2755014277100347,0.172317668500916
1811,IO,0.0,0.0,0.0,,0,0,0,0,0,15d,bearish,-71427.60160050202,358,,,,,,,5.68387343320692,8601.086394170097,0.8421250921642989,0.15787490783570118,0.35000000000000003,,10576.695933432553,-2303.7639409999756,-2303.7639409999756,0.0,3,0,0.0,2,1,,,,,6.467361571340852,0.0,0.7960375546270086,0.20396244537299138,0.0,1,1,,,,,5.347900973418978,6116.6141115028495,0.8618881780341777,0.13811182196582225,0.35,16258.953832985662,-1977.7905960000076,-1977.7905960000076,0.0,7,0,0.0,6,1,,,,,6.442866904240645,0.0,0.797478417397609,0.20252158260239086,0.0,1,1,,,,,5.347900973418978,6116.6141115028495,0.8618881780341777,0.13811182196582225,0.35,-542.3819313941058,-30462.242995000008,-30462.242995000008,0.0,25,0,0.0,14,2,,,,,6.278502561216002,0.0,0.8071469081637647,0.19285309183623545,0.0,11,2,,,,,5.353410114977398,6210.81443955374,0.8615641108836825,0.13843588911631752,0.35,29421.64043666832,21395.021059000013,21395.021059000013,0.0,71,1,0.0,33,4,,,,,6.289672513918052,0.0,0.8064898521224676,0.19351014787753246,0.0,38,4,,,,,5.295803412837336,6097.019057504576,0.8649527404213333,0.13504725957866678,0.35,-71427.60160050202,-58142.327734,-58142.327734,0.0,358,3,0.0,172,16,,,,,7.0209790601716815,0.0,0.7634718199899011,0.23652818001009893,0.0,186,16,,,,,5.68387343320692,8601.086394170097,0.8421250921642989,0.15787490783570118,0.35000000000000003,4250.767353431288,3089.687056000005,3089.687056000005,0.0,714,6,0.0,371,31,,,,,7.442423435559816,0.0,0.7386809743788343,0.2613190256211656,0.0,343,31,,,,,5.782821135827061,9491.668005894802,0.8363046390689963,0.16369536093100356,0.3560135842389832
1811,ZAMA,0.0,0.0,0.0,,0,0,0,0,0,30d,bearish,-71371.94890173539,15,,,,,,,0.0,0.0,0.0,0.0,0.0,,,,,,,,,,,,,,,,,,,,,,,,,,,,,,,,,,,,,,,,,,,,,,,,,,,,,,,,,,,,,,,,,,,,,,,,,,,,,,,,,,,,,,,,,,,,,,,,,,,,,,,,,,,,,,,,,,,,,,,,,,,,,,,,,,,,,,,,,,,,,,,,,,,-71371.94890173539,-78430.71307883011,0.0,-78430.71307883011,15,0,1.0,10,4,,,,,0.0,0.0,0.0,0.0,0.0,5,1,,,,,0.0,0.0,0.0,0.0,0.0
1811,GOAT,0.0,0.0,0.0,,0,0,0,0,0,30d,bearish,-70820.94510649853,714,,,,,,,6.8739073376429385,65541.86654380288,0.772065589759094,0.227934410240906,0.40535992847268937,,-5049.295956140447,2902.8091059999992,2902.8091059999992,0.0,3,0,0.0,1,1,,,,,8.300769424394312,0.0,0.688190033859158,0.31180996614084194,0.0,2,1,,,,,4.829310095656091,64564.50760028658,0.8923935237849359,0.10760647621506415,1.3499999999999999,-4837.535117633208,4062.938054999999,4062.938054999999,0.0,7,0,0.0,2,1,,,,,8.701639299180426,0.0,0.6646094529893867,0.33539054701061344,0.0,5,1,,,,,4.831205288094942,61897.63901486338,0.8922820418767682,0.1077179581232319,1.35,15273.04564753939,-5419.906287000001,-5419.906287000001,0.0,25,0,0.0,13,2,,,,,8.1125625201774,0.0,0.6992610282248587,0.30073897177514114,0.0,12,2,,,,,4.737223265369813,64164.68357358436,0.8978103961547168,0.10218960384528315,1.3499999999999999,25122.061791641016,-6529.536919999996,-6529.536919999996,0.0,71,1,0.0,35,4,,,,,6.570330263594061,0.0,0.789980572729761,0.2100194272702389,0.1809941126406234,36,4,,,,,4.1174516151038185,67066.34525579643,0.9342675520527165,0.06573244794728346,1.35,-60503.33975963161,-54805.60621200001,-54805.60621200001,0.0,358,3,0.0,175,16,,,,,8.216115299888509,2.9465516895554016,0.6931508535717934,0.30684914642820654,-0.15746129747054227,183,16,,,,,5.132065015470059,61643.58557612887,0.8745844108547024,0.12541558914529763,0.8130010358970136,-70820.94510649853,-63384.36184700002,-63384.36184700002,0.0,714,6,0.0,359,31,,,,,8.886838798551333,1.3563412361959768,0.653706694914455,0.3462933050855451,-0.3989330782456928,355,31,,,,,6.8739073376429385,65541.86654380288,0.772065589759094,0.227934410240906,0.40535992847268937
1811,CFX0,0.0,0.0,0.0,,0,0,0,0,0,30d,bearish,-68633.96524879996,6,,,,,,,0.0,0.0,0.0,0.0,0.0,,,,,,,,,,,,,,,,,,,,,,,,,,,,,,,,,,,,,,,,,,,,,,,,,,,,,,,,,,,,,,,,,,,,,,,,,,,,,,,,,,,,,,,,,,,,,,,,,,,,,,,,,,,,,,,,,,,,,,,,,,,,,,,,,,,,,,,,,,,,,,,,,,,-68633.96524879996,49024.26089199997,0.0,49024.26089199997,6,0,1.0,2,2,,,,,0.0,0.0,0.0,0.0,0.0,4,3,,,,,0.0,0.0,0.0,0.0,0.0
1811,AIXBT,0.0,0.0,0.0,,0,0,0,0,0,72h,bearish,-66914.22441675431,71,,,,,,,6.686149437075871,31077.6102008379,0.7831676801720076,0.21683231982799245,0.3499999999999999,,-903.7394343728399,954.806446,954.806446,0.0,3,0,0.0,1,1,,,,,8.168162859711272,37.22338183758964,0.695990420016984,0.30400957998301603,0.0,2,1,,,,,7.4667215576785475,37535.3178070555,0.7372516730777325,0.2627483269222675,0.3499999999999999,-17343.10092582504,16137.308996,16137.308996,0.0,7,0,0.0,3,1,,,,,8.070082873876014,39.625042121649564,0.7017598309484698,0.2982401690515302,0.25596208256506714,4,1,,,,,7.3312354506724615,36679.4915598214,0.7452214440780909,0.2547785559219094,0.35,-17154.917623244455,19194.600427,19194.600427,0.0,25,0,0.0,10,2,,,,,8.085632834710136,43.031295463057845,0.7008451273699922,0.2991548726300079,0.318464215111406,15,2,,,,,7.203198718270038,35995.47698537443,0.7527530165723508,0.24724698342764925,0.3499999999999999,-66914.22441675431,7981.809185999999,7981.809185999999,0.0,71,1,0.0,27,4,,,,,7.939486669508092,44.961422679065755,0.7094419606171712,0.29055803938282887,0.332963025451262,44,4,,,,,6.686149437075871,31077.6102008379,0.7831676801720076,0.21683231982799245,0.3499999999999999,-65380.96412681785,38116.186256999994,38116.186256999994,0.0,358,3,0.0,152,16,,,,,7.0021165980541005,26.42245573289223,0.7645813765850529,0.23541862341494707,0.10477850921416766,206,16,,,,,6.222175301980934,29821.069756468147,0.8104602763540627,0.1895397236459373,0.35,-61479.93552704987,42529.54838,42529.54838,0.0,714,6,0.0,329,31,,,,,7.085826838383827,12.46593583296552,0.7596572448009513,0.24034275519904869,0.04215175578097351,385,31,,,,,6.099120367612057,26695.22883914378,0.8176988019051732,0.1823011980948269,0.35
1811,GALA,0.0,0.0,0.0,,0,0,0,0,0,30d,bearish,-63596.96713529674,714,,,,,,,4.731541426646711,14574.875609167315,0.8981446219619581,0.10185537803804183,1.0495233604937446,,-3766.81847025744,7687.547831,7687.547831,0.0,3,0,0.0,0,0,,,,,,,,,,3,1,,,,,4.499576606436672,13173.799001946736,0.9117896113860781,0.08821038861392187,1.3500000000000003,-8638.66687212672,4237.116986999999,4237.116986999999,0.0,7,0,0.0,0,0,,,,,,,,,,7,1,,,,,4.605153779928317,13122.333805184217,0.9055791894159814,0.09442081058401863,1.3500000000000003,-38021.323089654594,1286.9014220000008,1286.9014220000008,0.0,25,0,0.0,4,1,,,,,4.901609277725698,0.0,0.8881406307220179,0.11185936927798223,1.0,21,2,,,,,4.7402691499321605,12841.271122972736,0.8976312264745788,0.10236877352542123,1.3342407491916721,-47433.411251637954,-24398.874856,-24398.874856,0.0,71,1,0.0,25,3,,,,,4.747940778188779,0.0,0.8971799542241896,0.10282004577581048,0.9522197657679842,46,4,,,,,4.775297852094931,12994.30109072697,0.8955707145826513,0.10442928541734887,1.164993304122551,-19983.578941306834,9251.836212000002,9251.836212000002,0.0,358,3,0.0,158,15,,,,,4.5475464934151795,0.0,0.9089678533285189,0.09103214667148116,0.9292555347691355,200,16,,,,,4.796770129839026,15045.081334770275,0.8943076394212337,0.10569236057876624,1.0495234109009473,-63596.96713529674,-10513.738074999977,-10513.738074999977,0.0,714,6,0.0,353,30,,,,,4.317647871580737,0.0,0.9224913016717213,0.07750869832827867,0.9581886743171413,361,31,,,,,4.731541426646711,14574.875609167315,0.8981446219619581,0.10185537803804183,1.0495233604937446
1811,ZETA,0.0,0.0,0.0,,0,0,0,0,0,30d,bearish,-61411.62273604787,714,,,,,,,3.279622303186361,6196.099624310199,0.9835516292243317,0.016448370775668308,1.3659281993098376,,857.7384702295017,-1902.3726609999876,-1902.3726609999876,0.0,3,0,0.0,2,1,,,,,3.5615667561338795,0.0,0.9669666614038894,0.03303333859611054,1.0,1,1,,,,,3.2381001454539518,4083.435974874081,0.985994109090944,0.014005890909056027,1.3500000000000003,1225.1782652988811,-3062.1034360000203,-3062.1034360000203,0.0,7,0,0.0,4,1,,,,,3.570128257517588,0.0,0.9664630436754359,0.033536956324564,1.0,3,1,,,,,3.2317244732130685,4051.9636719969226,0.9863691486345255,0.013630851365474563,1.35,20454.33832915598,-15995.53057700001,-15995.53057700001,0.0,25,0,0.0,19,2,,,,,3.5516889021155023,0.0,0.9675477116402644,0.03245228835973544,1.0,6,2,,,,,3.2401471936459876,3921.8747187745425,0.9858736944914125,0.014126305508587516,1.3499999999999999,43200.54941506227,-339.85058100003647,-339.85058100003647,0.0,71,1,0.0,49,4,,,,,3.3794387566013575,0.0,0.9776800731410966,0.02231992685890337,1.0,22,4,,,,,3.100783010930508,4107.12168650519,0.9940715875923231,0.005928412407676951,1.35,-49819.95438172451,-150988.90310000003,-150988.90310000003,0.0,358,3,0.0,193,16,,,,,3.4177800666957783,0.0,0.9754247019590718,0.024575298040928124,1.0,165,16,,,,,3.181421179851757,4880.2856252878955,0.9893281658910732,0.010671834108926874,1.3720412486296456,-61411.62273604787,-130318.48732100002,-130318.48732100002,0.0,714,6,0.0,399,31,,,,,3.6426370311642318,0.0,0.9621978216962217,0.03780217830377831,1.0,315,31,,,,,3.279622303186361,6196.099624310199,0.9835516292243317,0.016448370775668308,1.3659281993098376
1811,IOTA,0.0,0.0,0.0,,0,0,0,0,0,30d,bearish,-56309.49438334934,714,,,,,,,5.453295851213466,6616.275778422657,0.8556884793403844,0.1443115206596156,0.3908517680758753,,-35.81479204240008,-302.5795260000002,-302.5795260000002,0.0,3,0,0.0,1,1,,,,,7.172952115899448,0.0,0.754532228476503,0.24546777152349697,0.0,2,1,,,,,5.295765141173911,5068.562260361658,0.8649549916956522,0.13504500830434776,0.35,4694.768246310361,-258.49878200000023,-258.49878200000023,0.0,7,0,0.0,4,1,,,,,7.1290284428741675,0.0,0.7571159739485783,0.24288402605142176,0.0,3,1,,,,,5.281557708899613,5016.37107823902,0.865790723005905,0.134209276994095,0.35,25034.261811768716,17461.330016,17461.330016,0.0,25,0,0.0,12,2,,,,,7.320203607943865,0.0,0.7458703760033022,0.25412962399669786,0.0,13,2,,,,,5.243563629899248,5160.0854862204105,0.868025668829456,0.13197433117054402,0.35,-22014.4802895254,-19326.644073000003,-19326.644073000003,0.0,71,1,0.0,29,4,,,,,7.267818927712933,0.0,0.7489518277815922,0.25104817221840775,0.0,42,4,,,,,5.228970275959111,5600.150225399883,0.8688841014141699,0.1311158985858301,0.35,-51673.11623039511,-47469.63877099999,-47469.63877099999,0.0,358,3,0.0,171,16,,,,,7.021248565807698,0.0,0.7634559667171942,0.23654403328280574,0.0,187,16,,,,,5.414424870326989,6607.568583673046,0.8579750076278242,0.14202499237217575,0.4158206162288119,-56309.49438334934,-72707.491651,-72707.491651,0.0,714,6,0.0,337,31,,,,,6.951304766943945,0.0,0.7675703078268267,0.23242969217317327,0.0,377,31,,,,,5.453295851213466,6616.275778422657,0.8556884793403844,0.1443115206596156,0.3908517680758753
1811,ORDI,0.0,0.0,0.0,,0,0,0,0,0,30d,bearish,-53072.88549518755,714,,,,,,,5.852933190562194,12838.9708864777,0.832180400555165,0.16781959944483493,0.48110358151762295,,-7366.574467678569,3626.7536790000067,3626.7536790000067,0.0,3,0,0.0,0,0,,,,,,,,,,3,1,,,,,4.720062529382498,16284.124595187366,0.8988198512127945,0.10118014878720573,1.35,-13154.662004443784,10326.231234999996,10326.231234999996,0.0,7,0,0.0,2,1,,,,,17.54389136203115,0.0,0.14447697870405035,0.8555230212959499,-1.8000000000000003,5,1,,,,,4.69984758355842,16037.718559607192,0.9000089656730342,0.09999103432696589,1.35,-3554.7757788670315,-37628.90749400001,-37628.90749400001,0.0,25,0,0.0,12,2,,,,,17.256087635107505,0.0,0.16140660969955886,0.8385933903004414,-1.8,13,2,,,,,5.039742729568799,18933.93894571818,0.8800151335547766,0.11998486644522346,0.5947708146735359,-31757.775057658506,-41446.123496,-41446.123496,0.0,71,1,0.0,29,4,,,,,17.345663145167205,0.0,0.15613746204898798,0.8438625379510122,-1.7999999999999998,42,4,,,,,5.118914135732914,18639.604773566876,0.875357992015711,0.12464200798428904,0.4999863646830294,-21651.77185064949,-13490.82604799998,-13490.82604799998,0.0,358,3,0.0,180,16,,,,,15.810241773067228,0.0,0.24645636629016326,0.7535436337098368,-1.6748226043367413,178,16,,,,,5.376084022399599,14436.742571941713,0.860230351623553,0.139769648376447,0.4376707583563851,-53072.88549518755,-41873.247307999976,-41873.247307999976,0.0,714,6,0.0,367,31,,,,,15.139257478021813,0.0,0.2859260307045993,0.7140739692954008,-1.5949261581105112,347,31,,,,,5.852933190562194,12838.9708864777,0.832180400555165,0.16781959944483493,0.48110358151762295
1811,NEO,0.0,0.0,0.0,,0,0,0,0,0,30d,bearish,-51557.092917211376,714,,,,,,,7.42328801576979,18991.231303558005,0.8384368285118058,0.16156317148819427,0.35,,-251.3557401443999,338.8477130000008,338.8477130000008,0.0,3,0,0.0,1,1,,,,,16.098149105949226,0.0,0.26012339293671805,0.7398766070632818,-1.8,2,1,,,,,8.640520576138426,25250.85132215999,0.7572866057754212,0.2427133942245787,0.35,-2149.2233329355995,1093.3580090000023,1093.3580090000023,0.0,7,0,0.0,2,1,,,,,16.157545817718837,0.0,0.2561636121520776,0.7438363878479226,-1.8,5,1,,,,,8.632914652137169,24687.44148702212,0.7577938700671417,0.24220612993285823,0.35000000000000003,3739.1850985098017,113.52903600000195,113.52903600000195,0.0,25,0,0.0,13,2,,,,,17.83308342389343,0.0,0.1444611050737715,0.8555388949262284,-1.8000000000000003,12,2,,,,,8.400330990694965,28134.530509844553,0.7732995941753709,0.22670040582462916,0.35,6320.315337091202,-6835.768254999997,-6835.768254999997,0.0,71,1,0.0,37,4,,,,,17.68177756938263,0.0,0.1545481620411583,0.8454518379588417,-1.8,34,4,,,,,8.473327306580257,28425.41436670713,0.768432868458729,0.2315671315412709,0.35,12023.7325220814,-4845.090591000004,-4845.090591000004,0.0,358,3,0.0,171,16,,,,,14.804528083599205,0.0,0.3463647944267196,0.6536352055732804,-1.5325659335516564,187,16,,,,,8.57980270492337,28718.880750721662,0.761309391574613,0.23869060842538686,0.35,-51557.092917211376,-68385.98963799998,-68385.98963799998,0.0,714,6,0.0,393,31,,,,,11.388585481454978,0.0,0.5740943012363349,0.42590569876366513,-0.7871639144552037,321,31,,,,,7.42328801576979,18991.231303558005,0.8384368285118058,0.16156317148819427,0.35
1811,JEFF,0.0,0.0,0.0,,0,0,0,0,0,30d,bullish,49873.63125580916,42,,,,,,,0.0,0.0,0.0,0.0,0.0,,,,,,,,,,,,,,,,,,,,,,,,,,,,,,,,,,,,,,,,,,,,,,,,,,,,,,,,,,,,,,,,,,,,,,,,,,,,,,,,,,,,,,,,,,,,,,,,,,,,,,,,,,,,,,,,,,,,,,7764.355031865586,4301.635979903991,0.0,4301.635979903991,22,0,1.0,19,2,,,,,0.0,0.0,0.0,0.0,0.0,3,2,,,,,0.0,0.0,0.0,0.0,0.0,49873.63125580916,45097.128202823,0.0,45097.128202823,42,0,1.0,34,6,,,,,0.0,0.0,0.0,0.0,0.0,8,5,,,,,0.0,0.0,0.0,0.0,0.0
1811,TRB,0.0,0.0,0.0,,0,0,0,0,0,15d,bearish,-49848.70712603151,358,,,,,,,7.469285791540539,3483.861985480297,0.737100835791733,0.262899164208267,0.35,,354.45455093699934,120.6867349999946,120.6867349999946,0.0,3,0,0.0,1,1,,,,,11.50485207938846,97.16335272896126,0.4997145835653849,0.5002854164346152,-0.8500000000000002,2,1,,,,,7.832130179350152,3112.223282083502,0.7157570482735205,0.28424295172647956,0.35,1572.021292719001,-156.11094999999676,-156.11094999999676,0.0,7,0,0.0,3,1,,,,,11.44809989259192,95.79117192264937,0.5030529474945931,0.496947052505407,-0.8500000000000003,4,1,,,,,7.835183986237912,3103.8084402694467,0.7155774125742403,0.2844225874257595,0.35,2785.288686635999,-2288.8321150000043,-2288.8321150000043,0.0,25,0,0.0,12,2,,,,,11.382159041506014,95.81939588233129,0.5069318210878816,0.49306817891211846,-0.8500000000000002,13,2,,,,,7.858846152142202,3012.309214539353,0.7141855204622235,0.28581447953777667,0.35,-4533.199077007494,-17995.066814999995,-17995.066814999995,0.0,71,1,0.0,31,4,,,,,11.161869653553476,96.91744284374069,0.5198900203792073,0.4801099796207927,-0.8500000000000001,40,4,,,,,7.6215591069689115,3374.5826030229023,0.7281435819430051,0.2718564180569948,0.35,-49848.70712603151,-6158.331845000007,-6158.331845000007,0.0,358,3,0.0,156,16,,,,,10.541795194552039,97.01099459697774,0.5563649885557623,0.4436350114442376,-0.7620540078454103,202,16,,,,,7.469285791540539,3483.861985480297,0.737100835791733,0.262899164208267,0.35,25886.761098132454,-4238.588419999997,-4238.588419999997,0.0,714,6,0.0,341,31,,,,,9.314091797383467,97.91345383158823,0.6285828354480314,0.3714171645519686,-0.24104092310468803,373,31,,,,,6.75023665304914,4544.024746974187,0.7793978439382858,0.22060215606171418,0.40467881429851654
1811,ME,0.0,0.0,0.0,,0,0,0,0,0,30d,bearish,-47900.90717829648,714,,,,,,,14.967502679607568,10251.661078619964,0.2960292541407314,0.7039707458592686,-1.3109172467093262,,-808.6160116105945,465.10014600000164,465.10014600000164,0.0,3,0,0.0,1,1,,,,,18.42913786169455,0.0,0.09240365519443806,0.907596344805562,-1.8,2,1,,,,,12.83205912960355,9773.583769040193,0.42164358061155593,0.578356419388444,-0.8500000000000003,-1922.3246699020433,1568.2362280000093,1568.2362280000093,0.0,7,0,0.0,3,1,,,,,18.437400432359315,0.0,0.09191762162592262,0.9080823783740775,-1.8000000000000003,4,1,,,,,12.78157067110165,9603.380992198943,0.424613489935197,0.5753865100648028,-0.8500000000000002,7836.351575062801,-4467.564790999999,-4467.564790999999,0.0,25,0,0.0,11,2,,,,,18.451806275049297,0.0,0.09107021911474726,0.9089297808852528,-1.8,14,2,,,,,12.853147886194936,9714.513195165318,0.42040306551794504,0.5795969344820551,-0.9294159981166624,5321.738446918005,-15122.357335999995,-15122.357335999995,0.0,71,1,0.0,24,4,,,,,18.45109208353865,0.0,0.09111223038007937,0.9088877696199206,-1.8,47,4,,,,,13.699110665173361,10217.950354608327,0.3706405491074495,0.6293594508925505,-1.3087861668358602,-18044.54517871413,-33090.764441,-33090.764441,0.0,358,3,0.0,161,16,,,,,17.500145861029395,0.0,0.1470502434688592,0.8529497565311409,-1.8,197,16,,,,,16.272437203125286,11915.575781249989,0.21926839981615956,0.7807316001838405,-1.432084267881499,-47900.90717829648,-37341.019820999994,-37341.019820999994,0.0,714,6,0.0,348,31,,,,,16.89140230226097,0.0,0.18285868810229564,0.8171413118977042,-1.8,366,31,,,,,14.967502679607568,10251.661078619964,0.2960292541407314,0.7039707458592686,-1.3109172467093262
1811,UMA,0.0,0.0,0.0,,0,0,0,0,0,15d,bearish,-46886.248323314285,358,,,,,,,12.266756043381436,10249.037014903754,0.4548967033305037,0.5451032966694963,-1.1024791983137812,,13219.6887383608,10070.805501999996,10070.805501999996,0.0,3,0,0.0,1,1,,,,,15.721065055254908,0.0,0.25170205557324143,0.7482979444267586,-1.8,2,1,,,,,11.433427807179081,10971.283372477881,0.5039160113424068,0.4960839886575931,-0.8500000000000002,12892.3143768316,9824.749554,9824.749554,0.0,7,0,0.0,3,1,,,,,15.735009547196054,0.0,0.2508817913414091,0.7491182086585908,-1.8,4,1,,,,,11.456684499924513,10729.133476177563,0.5025479705926754,0.4974520294073244,-0.8500000000000002,8304.401313832472,11963.440089999998,11963.440089999998,0.0,25,0,0.0,12,2,,,,,15.802403822631828,0.0,0.24691742219812843,0.7530825778018715,-1.8000000000000003,13,2,,,,,11.357454383625543,10736.363899750113,0.508385036257321,0.491614963742679,-0.8500000000000002,10431.185177619247,20715.261556,20715.261556,0.0,71,1,0.0,33,4,,,,,16.289651927658443,0.0,0.21825576896126853,0.7817442310387315,-1.8,38,4,,,,,11.174226984147731,9802.751802543658,0.5191631185795453,0.4808368814204548,-0.8500000000000002,-46886.248323314285,26765.47586099997,26765.47586099997,0.0,358,3,0.0,172,16,,,,,16.16414912366117,0.0,0.22563828684346082,0.7743617131565392,-1.7434329259625785,186,16,,,,,12.266756043381436,10249.037014903754,0.4548967033305037,0.5451032966694963,-1.1024791983137812,-30546.264520667646,53670.124830999965,53670.124830999965,0.0,714,6,0.0,382,31,,,,,15.004385021931908,0.0,0.29385970459224076,0.7061402954077591,-1.699322279728095,332,31,,,,,11.439549245237483,9622.788677078803,0.5035559267507361,0.49644407324926376,-0.8889639938067626
1811,BRETT,0.0,0.0,0.0,,0,0,0,0,0,15d,bullish,45643.95834587871,358,,,,,,,9.52201384427076,36.83886484305137,0.6122422666150953,0.38775773338490466,-0.5672166089890511,,-755.37384664656,281.1503520000001,281.1503520000001,0.0,3,0,0.0,1,1,,,,,9.553294891395893,17.31805492851769,0.6145120652120062,0.3854879347879937,-0.65,2,1,,,,,8.704637739827767,21558.332068593136,0.664433074127779,0.33556692587222126,0.35,1397.6578228167596,-1192.894431,-1192.894431,0.0,7,0,0.0,5,1,,,,,9.51197902420319,16.331579262714744,0.6169424103409885,0.38305758965901127,-0.65,2,1,,,,,8.704637739827767,21558.332068593136,0.664433074127779,0.33556692587222126,0.35,-6317.315297594751,6540.760548000002,6540.760548000002,0.0,25,0,0.0,16,2,,,,,9.395607699317038,18.142791976423037,0.6237877823931154,0.37621221760688456,-0.65,9,2,,,,,9.124398625302561,24114.531042467905,0.6397412573351433,0.3602587426648565,-0.036747863023309485,877.5531686320326,1634.042208000003,1634.042208000003,0.0,71,1,0.0,41,4,,,,,9.396935027792335,29.284644869711716,0.6221901334984754,0.37780986650152454,-0.6055212526422566,30,4,,,,,8.848336277784153,21127.314811927776,0.6559802189538734,0.3440197810461265,0.09134498118810695,45643.95834587871,-9028.963762999992,-9028.963762999992,0.0,358,3,0.0,198,16,,,,,9.52201384427076,36.83886484305137,0.6122422666150953,0.38775773338490466,-0.5672166089890511,160,16,,,,,9.285327025452357,24138.46629628859,0.6302748808557438,0.36972511914425626,-0.18787306107152307,34445.24635274865,-11283.961648000006,-11283.961648000006,0.0,714,6,0.0,384,31,,,,,8.832173484151754,13.639320108457389,0.6554093258616019,0.344590674138398,-0.515716772060215,330,31,,,,,8.11236014768301,20115.54077302397,0.6992429300357761,0.30075706996422397,0.11557492619336825
1811,GRIFFAIN,0.0,0.0,0.0,,0,0,0,0,0,30d,bearish,-45501.55684751094,699,,,,,,,4.481620671208828,15719.380349083372,0.8966008882711842,0.10339911172881586,1.35,,-171.00258483567995,202.216149,202.216149,0.0,3,0,0.0,1,1,,,,,6.1392572090388,0.0,0.8153378112330117,0.18466218876698823,0.0,2,1,,,,,4.361970718332299,15964.366476427713,0.90473530676466,0.09526469323534005,1.3499999999999999,-1327.538200025776,6.288450000000044,6.288450000000044,0.0,7,0,0.0,2,1,,,,,6.143412832225287,0.0,0.8150933628102773,0.1849066371897227,0.0,5,1,,,,,4.36107349619149,16263.61909386374,0.904803301389355,0.09519669861064503,1.35,14036.691085756704,-532.8851989999993,-532.8851989999993,0.0,23,0,0.0,10,2,,,,,6.178609866060555,0.0,0.8130229490552614,0.18697705094473852,0.0,13,2,,,,,4.360830135716282,16593.53328463542,0.9048123935185979,0.09518760648140209,1.3500000000000003,9792.245525007007,-13525.93385,-13525.93385,0.0,69,1,0.0,27,4,,,,,6.2006020864905445,0.0,0.811729289029968,0.18827071097003206,0.0,42,4,,,,,4.392757030027858,15182.518747560269,0.9025797852629133,0.09742021473708681,1.35,-30103.640857213468,-24047.746392999994,-24047.746392999994,0.0,344,3,0.0,171,16,,,,,6.230882157620785,0.0,0.809948108375248,0.19005189162475206,0.0,173,16,,,,,4.407015963114851,18809.282210786776,0.9015795963660673,0.09842040363393283,1.35,-45501.55684751094,-48362.91760299999,-48362.91760299999,0.0,699,6,0.0,351,31,,,,,5.939864193076611,0.0,0.827066812171964,0.172933187828036,0.0,348,31,,,,,4.481620671208828,15719.380349083372,0.8966008882711842,0.10339911172881586,1.35
1811,AR,0.0,0.0,0.0,,0,0,0,0,0,30d,bullish,44425.392777352856,714,,,,,,,6.826427432667862,0.0,0.8782381711554759,0.12176182884452418,-0.16944440901881044,,-3376.0087676778035,9760.064255000005,9760.064255000005,0.0,3,0,0.0,1,1,,,,,5.224386380856,0.0,0.9850409079429333,0.014959092057066704,0.0,2,1,,,,,5.076763296398939,6169.4488971158125,0.9912202275117036,0.008779772488296402,0.35,-13186.356063456793,11058.068919000001,11058.068919000001,0.0,7,0,0.0,1,1,,,,,5.224386380856,0.0,0.9850409079429333,0.014959092057066704,0.0,6,1,,,,,5.0837378460797975,6072.518641930429,0.9907917703862879,0.009208229613712166,0.35,-16960.188835363206,42028.48423800001,42028.48423800001,0.0,25,0,0.0,10,2,,,,,5.275069186967559,0.0,0.9816620542021628,0.018337945797837252,0.0,15,2,,,,,5.112913195805701,5857.4140710774445,0.9890720539804333,0.01092794601956672,0.35,-25661.672334982395,63957.402995000026,63957.402995000026,0.0,71,1,0.0,36,4,,,,,5.357314566524006,0.0,0.9761790288983996,0.02382097110160043,0.0,35,4,,,,,5.15146502445782,5692.8026955222595,0.986621654205988,0.013378345794011953,0.3499999999999999,17061.99412604841,-99705.36636499998,-99705.36636499998,0.0,358,3,0.0,162,16,,,,,5.341707710451607,0.0,0.9772194859698928,0.022780514030107148,0.0,196,16,,,,,5.157304600050486,7577.104175014932,0.9861488472323057,0.013851152767694233,0.36908779872707925,44425.392777352856,424.7666100001103,424.7666100001103,0.0,714,6,0.0,356,31,,,,,6.826427432667862,0.0,0.8782381711554759,0.12176182884452418,-0.16944440901881044,358,31,,,,,5.590243944129015,8280.245147599295,0.9572142909200405,0.04278570907995947,0.5068973695340215
1811,BABY,0.0,0.0,0.0,,0,0,0,0,0,30d,bearish,-41864.70880668369,714,,,,,,,4.749004218188822,36530.96942788187,0.8971173989300691,0.10288260106993072,1.0030349978056137,,-4727.12402320392,809.9547229999996,809.9547229999996,0.0,3,0,0.0,0,0,,,,,,,,,,3,1,,,,,7.053557307394057,43021.502002855814,0.7615554525062319,0.23844454749376812,0.35,-4972.23706312644,844.3361819999997,844.3361819999997,0.0,7,0,0.0,3,1,,,,,14.001493650860345,0.0,0.3528533146552737,0.6471466853447262,-1.8,4,1,,,,,7.115823109295778,45175.909268635005,0.7578927582767191,0.24210724172328107,0.35,-10036.72634530352,5279.148313,5279.148313,0.0,25,0,0.0,12,2,,,,,14.068501914641047,0.0,0.3489116520799384,0.6510883479200615,-1.8,13,2,,,,,7.445679314783272,42457.05784590038,0.7384894520715725,0.2615105479284277,0.35000000000000003,-36723.743544676014,-8595.529813000003,-8595.529813000003,0.0,71,1,0.0,35,4,,,,,11.706824526333824,0.0,0.4878338513921279,0.512166148607872,-1.1006885099867432,36,4,,,,,6.857164103149362,36710.26758575046,0.7731079939323905,0.2268920060676095,0.35000000000000003,-18896.75220581031,2145.4674020000034,2145.4674020000034,0.0,358,3,0.0,169,16,,,,,8.06880926161,0.0,0.7018347493170589,0.29816525068294114,-0.31913738871201086,189,16,,,,,5.766088798097352,45045.56897895369,0.8372888942295674,0.16271110577043246,0.6419135584336887,-41864.70880668369,-12365.003626000007,-12365.003626000007,0.0,714,6,0.0,352,31,,,,,6.035963575714637,0.0,0.8214139073109037,0.17858609268909628,0.27837383623528494,362,31,,,,,4.749004218188822,36530.96942788187,0.8971173989300691,0.10288260106993072,1.0030349978056137
1811,MANTA,0.0,0.0,0.0,,0,0,0,0,0,15d,bearish,-41794.917909791584,358,,,,,,,7.595801111344859,17921.178107444626,0.7296587581561848,0.27034124184381525,0.35,,1660.7925480015604,205.61661399999807,205.61661399999807,0.0,3,0,0.0,1,1,,,,,15.565534906208667,0.0,0.2608508878700784,0.7391491121299215,-1.8000000000000003,2,1,,,,,7.939177475187207,14768.57050324506,0.7094601485183998,0.2905398514816002,0.35,1723.2121983849602,455.68759899999736,455.68759899999736,0.0,7,0,0.0,2,1,,,,,15.55235591310611,0.0,0.2616261227584641,0.7383738772415359,-1.8000000000000003,5,1,,,,,7.948379808903754,14762.982733316185,0.7089188347703674,0.2910811652296325,0.35,1305.072282244921,310.4758419999952,310.4758419999952,0.0,25,0,0.0,10,2,,,,,15.497832980266072,0.0,0.2648333541019957,0.7351666458980042,-1.7999999999999998,15,2,,,,,8.003744106659592,14468.049360970577,0.7056621113729651,0.2943378886270348,0.35,-5772.410408519929,-3590.509310000001,-3590.509310000001,0.0,71,1,0.0,32,4,,,,,15.111559442532393,0.0,0.2875553269098592,0.7124446730901409,-1.8,39,4,,,,,7.881118329281465,14421.432605625356,0.7128753923952079,0.287124607604792,0.3499999999999999,-41794.917909791584,-4019.7309349999987,-4019.7309349999987,0.0,358,3,0.0,155,16,,,,,13.2848372324308,0.0,0.3950095745628941,0.6049904254371059,-1.5322439032921797,203,16,,,,,7.595801111344859,17921.178107444626,0.7296587581561848,0.27034124184381525,0.35,-23422.88124117726,-10090.420973000002,-10090.420973000002,0.0,714,6,0.0,340,31,,,,,8.323107663284802,0.0,0.6868760198067764,0.3131239801932236,-0.3372227415333892,374,31,,,,,5.80323245110928,17483.004747787316,0.8351039734641599,0.16489602653584004,0.7104537433169847
1811,PROVE,0.0,0.0,0.0,,0,0,0,0,0,30d,bearish,-41545.789855901334,713,,,,,,,4.325762654393473,40869.46688210525,0.9220139615062664,0.07798603849373369,1.153448294732393,,7096.672582232801,-5783.249105,-5783.249105,0.0,3,0,0.0,1,1,,,,,5.953832782474625,0.0,0.826245130442669,0.17375486955733088,0.0,2,1,,,,,7.3489164965021105,58546.758493591224,0.7441813825586995,0.2558186174413005,0.35000000000000003,9340.85716705,-7536.177345,-7536.177345,0.0,7,0,0.0,3,1,,,,,5.840822467746448,0.0,0.8328927960149147,0.16710720398508525,0.0,4,1,,,,,7.309440303245146,61220.89958934907,0.7465035115738149,0.253496488426185,0.35,6796.453698192601,-7001.93549,-7001.93549,0.0,25,0,0.0,12,2,,,,,5.85327316031235,0.0,0.8321604023345677,0.16783959766543238,0.0,13,2,,,,,7.333360508736627,62752.85708067955,0.7450964406625513,0.2549035593374487,0.35,2130.931738385202,-5861.223685,-5861.223685,0.0,71,1,0.0,23,4,,,,,5.762419659657242,0.0,0.8375047259025151,0.16249527409748482,0.16357427880648526,48,4,,,,,6.355686492504739,59475.35730718955,0.8026066769114859,0.19739332308851404,0.386114233589126,-14565.353810014854,-8974.90816,-8974.90816,0.0,358,3,0.0,141,16,,,,,3.844124335436702,0.0,0.9503456273272529,0.04965437267274717,0.9026748135429417,217,16,,,,,3.985892031573105,60392.02796884771,0.942006351083935,0.057993648916064976,1.219859381249041,-41545.789855901334,1344.404474999996,1344.404474999996,0.0,713,6,0.0,335,31,,,,,3.644458878757379,0.0,0.9620906541907425,0.03790934580925756,0.963961452550075,378,31,,,,,4.325762654393473,40869.46688210525,0.9220139615062664,0.07798603849373369,1.153448294732393
1811,MOVE,0.0,0.0,0.0,,0,0,0,0,0,15d,bearish,-41077.98536179011,358,,,,,,,9.588455152298891,35016.21814448875,0.6124438145706534,0.3875561854293465,-0.3239015833987868,,8845.42507088568,-235.16034300000013,-235.16034300000013,0.0,3,0,0.0,2,1,,,,,7.009527297503702,0.0,0.7641454530880177,0.23585454691198235,0.0,1,1,,,,,8.154142310796999,33826.809384085194,0.6968151581884118,0.3031848418115881,0.35,8603.53268873736,-1079.1601620000001,-1079.1601620000001,0.0,7,0,0.0,4,1,,,,,6.925810681298363,0.0,0.769069959923626,0.23093004007637416,0.0,3,1,,,,,8.295251470062869,33062.306994136285,0.6885146194080664,0.3114853805919335,0.35,-3931.8824323767185,-8260.808666,-8260.808666,0.0,25,0,0.0,7,2,,,,,7.147624433049881,0.0,0.7560220921735367,0.24397790782646353,0.0,18,2,,,,,8.870566089079615,36433.63312428605,0.6546725829953166,0.3453274170046833,0.1070895544720183,9698.271523662122,6253.443096000001,6253.443096000001,0.0,71,1,0.0,31,4,,,,,7.694480147212445,0.0,0.7238541089875032,0.27614589101249676,-0.079793134706228,40,4,,,,,10.225502440406322,41681.34120246163,0.5749704446819811,0.4250295553180189,-0.31936194387231776,-41077.98536179011,98486.765842,98486.765842,0.0,358,3,0.0,172,16,,,,,11.700659800939622,0.0,0.4881964822976692,0.5118035177023308,-0.918508342771631,186,16,,,,,9.588455152298891,35016.21814448875,0.6124438145706534,0.3875561854293465,-0.3239015833987868,-21705.200414679683,175187.08636,175187.08636,0.0,714,6,0.0,325,31,,,,,9.801911942511504,0.0,0.5998875327934411,0.4001124672065591,-0.5329207375525808,389,31,,,,,6.652526490706587,19394.60716773078,0.7851455005466713,0.21485449945332863,0.4929287028094176
1811,FOGO,0.0,0.0,0.0,,0,0,0,0,0,30d,bearish,-38940.313808380684,714,,,,,,,8.743742544214337,16066.455880949301,0.6616128202274626,0.33838717977253735,-0.03754724497677939,,-884.9437952966402,1107.4842859999999,1107.4842859999999,0.0,3,0,0.0,1,1,,,,,11.35042210978516,0.0,0.47723983659245894,0.5227601634075412,-1.2000000000000002,2,1,,,,,9.353673404401057,16767.551272964763,0.6262545056234674,0.3737454943765325,-0.3000000000000001,-8158.593010995359,5955.698093999999,5955.698093999999,0.0,7,0,0.0,1,1,,,,,11.35042210978516,0.0,0.47723983659245894,0.5227601634075412,-1.2000000000000002,6,1,,,,,9.30612816938103,20753.785049244252,0.6290512841540571,0.37094871584594286,-0.30000000000000004,-13499.23550991199,4455.888316,4455.888316,0.0,25,0,0.0,10,2,,,,,12.289382685717323,0.0,0.41643171358598396,0.5835682864140159,-1.4844203471595692,15,2,,,,,9.736365198258571,21850.237089750764,0.6037432236318485,0.3962567763681514,-0.5984114475788987,21106.04700429113,-1408.5090250000032,-1408.5090250000032,0.0,71,1,0.0,33,4,,,,,12.753719760683031,0.0,0.3903523967352509,0.6096476032647491,-1.6631819507199137,38,4,,,,,10.020652440800538,23395.174519166874,0.5870204446587917,0.41297955534120817,-0.6407915871425126,36975.84028269935,19881.495532,19881.495532,0.0,358,3,0.0,173,16,,,,,12.80248527032212,0.0,0.3883710245690676,0.6116289754309325,-1.6208313046199394,185,16,,,,,9.110087295792189,19819.365371640088,0.6397589833588474,0.36024101664115266,-0.14387783956191566,-38940.313808380684,5849.14588200001,5849.14588200001,0.0,714,6,0.0,350,31,,,,,13.084491267860175,0.0,0.36994667377330986,0.6300533262266902,-1.6625354207591974,364,31,,,,,8.743742544214337,16066.455880949301,0.6616128202274626,0.33838717977253735,-0.03754724497677939
1811,HYPER,0.0,0.0,0.0,,0,0,0,0,0,30d,bearish,-37894.76655461063,714,,,,,,,6.37884348905515,11549.967290999897,0.8012445006438147,0.19875549935618533,0.6449217060125951,,-1834.1397972940802,2093.6177070000003,2093.6177070000003,0.0,3,0,0.0,0,0,,,,,,,,,,3,1,,,,,7.429525595051893,34579.45461623035,0.7394396708793003,0.26056032912069965,0.3499999999999999,-2366.68235356572,2426.331963,2426.331963,0.0,7,0,0.0,2,1,,,,,6.4594220709362995,0.0,0.7965045840625706,0.2034954159374294,0.0,5,1,,,,,7.421572647256845,33926.068321746134,0.7399074913378327,0.2600925086621674,0.35,-1233.62046521532,1664.7843900000003,1664.7843900000003,0.0,25,0,0.0,11,2,,,,,6.9359790176061535,0.0,0.7684718224937557,0.2315281775062443,0.0,14,2,,,,,7.502012892456586,32233.388873474152,0.7351757122084361,0.2648242877915639,0.35,-5271.505710911495,6489.368274,6489.368274,0.0,71,1,0.0,29,4,,,,,6.5415453739281055,0.0,0.791673801533641,0.20832619846635914,0.0,42,4,,,,,7.119810892145116,30054.80336559026,0.7576581828149932,0.24234181718500683,0.35,-32708.565587619392,31506.530647999996,31506.530647999996,0.0,358,3,0.0,159,16,,,,,5.353282973825488,0.0,0.8615715897749712,0.1384284102250287,0.23927008477025058,199,16,,,,,4.935512518694947,15846.720477500834,0.886146322429709,0.11385367757029097,1.070682728932729,-37894.76655461063,20181.26404199998,20181.26404199998,0.0,714,6,0.0,347,31,,,,,7.2659344238551515,0.0,0.749062680949697,0.250937319050303,-0.0767623639741226,367,31,,,,,6.37884348905515,11549.967290999897,0.8012445006438147,0.19875549935618533,0.6449217060125951
1811,HFUN,0.0,0.0,0.0,,0,0,0,0,0,30d,bearish,-37518.14471049396,20,,,,,,,0.0,0.0,0.0,0.0,0.0,,,,,,,,,,,,,,,,,,,,,,,,,,,,,,,,,,,,,,,,,,,,,,,,,,,,,,,,,,,,-990.4696176352011,-653.7602974013199,0.0,-653.7602974013199,2,0,1.0,1,1,,,,,0.0,0.0,0.0,0.0,0.0,1,1,,,,,0.0,0.0,0.0,0.0,0.0,-2110.7918984671765,-1336.6061302942,0.0,-1336.6061302942,6,0,1.0,3,3,,,,,0.0,0.0,0.0,0.0,0.0,3,3,,,,,0.0,0.0,0.0,0.0,0.0,4600.061327348623,11426.69492156611,0.0,11426.69492156611,14,0,1.0,6,5,,,,,0.0,0.0,0.0,0.0,0.0,8,7,,,,,0.0,0.0,0.0,0.0,0.0,-37518.14471049396,-23639.86424250701,0.0,-23639.86424250701,20,0,1.0,9,8,,,,,0.0,0.0,0.0,0.0,0.0,11,9,,,,,0.0,0.0,0.0,0.0,0.0
1811,WOW,0.0,0.0,0.0,,0,0,0,0,0,30d,bearish,-37448.3740799436,3,,,,,,,0.0,0.0,0.0,0.0,0.0,,,,,,,,,,,,,,,,,,,,,,,,,,,,,,,,,,,,,,,,,,,,,,,,,,,,,,,,,,,,,,,,,,,,,,,,,,,,,,,,,,,,,,,,,,,,,,,,,,,,,,,,,,,,,,,,,,,,,,,,,,,,,,,,,,,,,,,,,,,,,,,,,,,-37448.3740799436,-26544.5432085,0.0,-26544.5432085,3,0,1.0,1,1,,,,,0.0,0.0,0.0,0.0,0.0,2,2,,,,,0.0,0.0,0.0,0.0,0.0
1811,BANANA,0.0,0.0,0.0,,0,0,0,0,0,30d,bearish,-30642.357036276197,714,,,,,,,9.809291638683268,23310.05387954511,0.5994534330186313,0.40054656698136876,-0.37429940354565594,,430.65976200720064,152.67220000000944,152.67220000000944,0.0,3,0,0.0,1,1,,,,,20.000000000000004,0.0,0.0,1.0,-2.2,2,1,,,,,10.627575458686405,29597.219278183544,0.5513190906655058,0.44868090933449434,-0.8500000000000003,432.23300927220174,422.55243500000535,422.55243500000535,0.0,7,0,0.0,3,1,,,,,20.0,0.0,0.0,1.0,-2.2,4,1,,,,,10.628118322667454,29565.74892538291,0.5512871574901498,0.4487128425098501,-0.8500000000000002,10137.381793936798,-6116.04091,-6116.04091,0.0,25,0,0.0,13,2,,,,,20.0,0.0,0.0,1.0,-2.2,12,2,,,,,10.732883670954346,30252.14236267048,0.545124489943862,0.45487551005613797,-0.8500000000000003,6394.577512584959,-10365.446359999994,-10365.446359999994,0.0,71,1,0.0,28,4,,,,,19.9995402257502,0.0,2.7045544106036545e-05,0.9999729544558941,-2.1957473497171365,43,4,,,,,10.97101783709356,30656.984352932992,0.5311165978180259,0.4688834021819742,-0.8500000000000003,-6319.188303046473,17683.336415000005,17683.336415000005,0.0,358,3,0.0,177,16,,,,,19.99014091379168,0.0,0.0005799462475481419,0.9994200537524519,-2.0350914354515965,181,16,,,,,10.3208768024945,29056.344038676,0.5693601880885588,0.4306398119114412,-0.6449753705838901,-30642.357036276197,19301.813065000002,19301.813065000002,0.0,714,6,0.0,347,31,,,,,19.969084302558624,0.0,0.0018185704377279529,0.9981814295622721,-1.94918826267634,367,31,,,,,9.809291638683268,23310.05387954511,0.5994534330186313,0.40054656698136876,-0.37429940354565594
1811,CELO,0.0,0.0,0.0,,0,0,0,0,0,30d,bullish,29980.75731915165,714,,,,,,,15.003506797760428,0.0,0.29391136483762176,0.7060886351623782,-1.7591504929183237,,-2236.82419277356,1603.9118469999999,1603.9118469999999,0.0,3,0,0.0,1,1,,,,,17.43835505412064,0.0,0.15068499681643294,0.849315003183567,-1.8,2,1,,,,,16.232593136546637,22550.843660648294,0.22161216843843312,0.7783878315615667,-1.4500000000000002,-2743.7845743982793,5259.640987,5259.640987,0.0,7,0,0.0,3,1,,,,,17.45472288089892,0.0,0.1497221834765343,0.8502778165234656,-1.8,4,1,,,,,16.124083613017373,22242.149666006466,0.22799508158721346,0.7720049184127866,-1.4500000000000002,3389.719347283441,-195.70382799999987,-195.70382799999987,0.0,25,0,0.0,14,2,,,,,17.476091944356313,0.0,0.14846517974374646,0.8515348202562536,-1.8,11,2,,,,,16.47256845033189,22335.460250685483,0.2074959735098889,0.7925040264901111,-1.4500000000000002,7961.549610207441,-2524.34891,-2524.34891,0.0,71,1,0.0,35,4,,,,,17.291073230477572,0.0,0.15934863350131906,0.8406513664986809,-1.8,36,4,,,,,16.952567061890417,18721.531730059203,0.1792607610652696,0.8207392389347304,-1.4500000000000002,18306.07156901037,-16464.878499000002,-16464.878499000002,0.0,358,3,0.0,173,16,,,,,16.299088403564323,0.0,0.21770068214327515,0.7822993178567248,-1.8,185,16,,,,,16.926648837229546,17420.141285396505,0.18078536251590896,0.8192146374840911,-1.4500000000000002,29980.75731915165,-13473.856983999998,-13473.856983999998,0.0,714,6,0.0,355,31,,,,,15.003506797760428,0.0,0.29391136483762176,0.7060886351623782,-1.7591504929183237,359,31,,,,,15.94585353932226,20209.827824687152,0.23847920356927893,0.7615207964307211,-1.430714867768196
1811,NOT,0.0,0.0,0.0,,0,0,0,0,0,30d,bearish,-29210.981811114285,669,,,,,,,13.608106521496271,9271.846135421967,0.3759937340296309,0.624006265970369,-1.171844169699993,,-1605.0062083161602,1881.6436079999999,1881.6436079999999,0.0,2,0,0.0,1,1,,,,,19.304176717788806,0.0,0.04093078130654074,0.9590692186934591,-1.8,1,1,,,,,15.717196673691976,10367.524543479658,0.25192960742988363,0.7480703925701163,-1.4500000000000002,-1684.7849460654,1848.6997549999999,1848.6997549999999,0.0,6,0,0.0,4,1,,,,,19.303061693840295,0.0,0.040996370950570786,0.959003629049429,-1.7999999999999998,2,1,,,,,15.639609735319842,10244.98689205423,0.2564935449811857,0.7435064550188143,-1.4500000000000002,-6716.114203082041,3221.3420680000004,3221.3420680000004,0.0,23,0,0.0,14,2,,,,,19.27453768053841,0.0,0.04267425408597579,0.9573257459140241,-1.7999999999999998,9,2,,,,,15.487300203372014,9828.312038877593,0.26545292921341085,0.7345470707865892,-1.4500000000000004,-6404.58332191021,4927.384771,4927.384771,0.0,69,1,0.0,38,4,,,,,18.98342998141691,0.0,0.059798236387240536,0.9402017636127595,-1.8000000000000003,31,4,,,,,15.207207827198518,9266.622018485079,0.28192895134126367,0.7180710486587364,-1.4500000000000004,-24878.183318271298,1848.3009550000052,1848.3009550000052,0.0,333,3,0.0,174,16,,,,,19.328332134852214,0.0,0.039509874420458065,0.960490125579542,-1.7999999999999998,159,16,,,,,14.17646185880485,9648.472736936728,0.3425610671291264,0.6574389328708735,-1.2735711927385815,-29210.981811114285,-6587.130904000013,-6587.130904000013,0.0,669,6,0.0,340,31,,,,,17.712405573121142,0.0,0.1345643780516976,0.8654356219483024,-1.736746516148445,329,31,,,,,13.608106521496271,9271.846135421967,0.3759937340296309,0.624006265970369,-1.171844169699993
1811,TURBO,0.0,0.0,0.0,,0,0,0,0,0,30d,bearish,-22959.581632094858,714,,,,,,,6.25273074422258,13921.093259218605,0.8086608975191963,0.19133910248080355,0.4607615126405195,,522.4866856533599,-786.120894,-786.120894,0.0,3,0,0.0,3,1,,,,,19.817325026282933,0.0,0.010745586689239165,0.989254413310761,-1.8000000000000003,0,0,,,,,,,,,,3104.8663253695195,14.20724599999997,14.20724599999997,0.0,7,0,0.0,5,1,,,,,19.819162638746324,0.0,0.0106374918384515,0.9893625081615486,-1.8,2,1,,,,,7.618433472100712,18681.706306725362,0.728327442817605,0.2716725571823948,0.35,7948.076368878384,-641.0290590000004,-641.0290590000004,0.0,25,0,0.0,18,2,,,,,19.81764247641786,0.0,0.0107269131518906,0.9892730868481096,-1.8,7,2,,,,,7.624756490821116,18522.48914817875,0.7279555005399343,0.27204449946006565,0.35,-1563.914269594849,-16377.882354,-16377.882354,0.0,71,1,0.0,38,4,,,,,19.81698779355051,0.0,0.010765423908793271,0.9892345760912068,-1.8,33,4,,,,,7.845579397819829,18177.16709366105,0.7149659177753042,0.2850340822246958,0.35,1471.2915077263576,35111.482434000005,35111.482434000005,0.0,358,3,0.0,169,16,,,,,16.04832588006455,0.0,0.23245141881973255,0.7675485811802675,-1.8,189,16,,,,,7.063753433745908,16113.30468658857,0.7609556803678877,0.23904431963211223,0.35,-22959.581632094858,23902.002244000007,23902.002244000007,0.0,714,6,0.0,355,31,,,,,14.229343976464733,0.0,0.33945035432560405,0.6605496456743961,-1.62022604180107,359,31,,,,,6.25273074422258,13921.093259218605,0.8086608975191963,0.19133910248080355,0.4607615126405195
1811,GMT,0.0,0.0,0.0,,0,0,0,0,0,30d,bearish,-21842.11341098458,714,,,,,,,4.392944662364306,47056.688399066305,0.9180620786844526,0.08193792131554739,1.0766484501064657,,-1760.8778038809999,428.78830200000004,428.78830200000004,0.0,3,0,0.0,1,1,,,,,3.899013310379189,0.0,0.9471168640953419,0.05288313590465813,1.0,2,1,,,,,4.355882765191044,29532.13430520094,0.9202421902828799,0.07975780971712022,1.3500000000000003,645.9788815477184,501.768960000002,501.768960000002,0.0,7,0,0.0,2,1,,,,,4.020910082867796,0.0,0.9399464657136589,0.0600535342863409,1.0,5,1,,,,,4.551971043748625,33906.32683330781,0.9087075856618457,0.09129241433815438,1.0943004447688756,4105.643088572977,-4203.449948999997,-4203.449948999997,0.0,25,0,0.0,5,2,,,,,4.341737849939174,0.0,0.9210742441212251,0.07892575587877489,1.0,20,2,,,,,6.762511944332359,62973.26350538779,0.7786757679804497,0.22132423201955048,0.3754056025558778,20749.714978955613,4300.047064000003,4300.047064000003,0.0,71,1,0.0,13,4,,,,,4.391190948925677,0.0,0.9181652382984896,0.08183476170151037,1.0,58,4,,,,,6.115179685416254,71530.63693569515,0.8167541361519851,0.18324586384801497,0.6512628836447976,8378.54187890188,3248.8993220000048,3248.8993220000048,0.0,358,3,0.0,145,16,,,,,4.105636228336961,0.0,0.9349625748037083,0.06503742519629187,1.007808364862593,213,16,,,,,4.965399160707455,54145.90095339498,0.8843882846642673,0.11561171533573265,0.945122625427228,-21842.11341098458,19617.361009,19617.361009,0.0,714,6,0.0,345,31,,,,,4.01781533668413,0.0,0.9401285096068159,0.05987149039318413,1.000656319514847,369,31,,,,,4.392944662364306,47056.688399066305,0.9180620786844526,0.08193792131554739,1.0766484501064657
1811,LAYER,0.0,0.0,0.0,,0,0,0,0,0,30d,bullish,19561.662462148386,714,,,,,,,12.556509365622027,0.0,0.4378523902575278,0.5621476097424721,-1.3704525576279574,,-4035.8421932951596,-1215.827554,-1215.827554,0.0,3,0,0.0,1,1,,,,,14.730684438433125,0.0,0.30995973891569845,0.6900402610843014,-1.8,2,1,,,,,5.797762668498357,14252.573393888388,0.8354257253824494,0.1645742746175504,0.35,-2634.243838200362,-645.8630880000004,-645.8630880000004,0.0,7,0,0.0,3,1,,,,,14.496810985705345,0.0,0.323717000840862,0.6762829991591379,-1.8,4,1,,,,,5.791433697532218,14020.898067851384,0.8357980177922226,0.1642019822077775,0.35,-15321.838423159248,1702.3138489999988,1702.3138489999988,0.0,25,0,0.0,10,2,,,,,14.547894833620237,0.0,0.3207120686105742,0.6792879313894258,-1.8,15,2,,,,,5.8084976849632,13884.89909809938,0.834794253825694,0.1652057461743059,0.35,623.1928873820503,-17555.38274,-17555.38274,0.0,71,1,0.0,29,4,,,,,14.577620795694715,0.0,0.3189634826061933,0.6810365173938067,-1.8000000000000003,42,4,,,,,5.89923320210955,14105.206298821682,0.8294568704641441,0.17054312953585588,0.35000000000000003,3203.619226625508,-12560.346328,-12560.346328,0.0,358,3,0.0,178,16,,,,,12.873868106083323,0.0,0.4191842290539221,0.580815770946078,-1.4581480632171167,180,16,,,,,5.8170587744279665,15309.20306378894,0.8342906603277667,0.16570933967223328,0.35000000000000003,19561.662462148386,-17847.576206000005,-17847.576206000005,0.0,714,6,0.0,361,31,,,,,12.556509365622027,0.0,0.4378523902575278,0.5621476097424721,-1.3704525576279574,353,31,,,,,5.685959134308188,14731.135293043402,0.8420024038642243,0.15799759613577577,0.35000000000000003
1811,ATEHUN,0.0,0.0,0.0,,0,0,0,0,0,30d,bearish,-18380.983627544563,17,,,,,,,0.0,0.0,0.0,0.0,0.0,,,,,,,,,,,,,,,,,,,,,,,,,,,,,,,,,,,,,,,,,,,,,,,,,,,,,,,,,,,,,,,,,,,,,,,,,,,,,,,,,,,,,,,,,,,,,,,,,,,,,,,,,,,,,,,,,,,,,,-2036.6131041340002,-3007.5614770000007,0.0,-3007.5614770000007,4,0,1.0,0,0,,,,,,,,,,4,3,,,,,0.0,0.0,0.0,0.0,0.0,-18380.983627544563,11477.815559278632,0.0,11477.815559278632,17,0,1.0,4,2,,,,,0.0,0.0,0.0,0.0,0.0,13,8,,,,,0.0,0.0,0.0,0.0,0.0
1811,INIT,0.0,0.0,0.0,,0,0,0,0,0,30d,bearish,-17408.490686860685,714,,,,,,,17.410029465855473,60186.409316845806,0.15235120789085457,0.8476487921091453,-1.3178637924316747,,-2379.2465004414003,1707.1899730000002,1707.1899730000002,0.0,3,0,0.0,0,0,,,,,,,,,,3,1,,,,,5.9444041966878824,401126.1283584755,0.8267997531360068,0.17320024686399307,0.35,-4162.9747949358,3870.62005,3870.62005,0.0,7,0,0.0,0,0,,,,,,,,,,7,1,,,,,5.8016887159828086,401733.9654542584,0.835194781412776,0.16480521858722405,0.41571507869209157,-12867.336838605037,8885.53186,8885.53186,0.0,25,0,0.0,5,1,,,,,3.278340965659325,0.0,0.9836270020200397,0.016372997979960266,1.0,20,2,,,,,4.9911224949978585,416046.09262301214,0.8828751473530672,0.11712485264693288,0.8849246968927922,-6635.679842379719,18443.043429999994,18443.043429999994,0.0,71,1,0.0,33,3,,,,,5.084740725705425,0.0,0.8773681926055634,0.12263180739443671,0.5248707117868363,38,4,,,,,10.420258452860367,261662.71135675823,0.5635142086552726,0.4364857913447274,-0.10532188676401957,-12738.428898088478,7221.547255000003,7221.547255000003,0.0,358,3,0.0,164,15,,,,,9.222435956491804,0.0,0.6339743555004822,0.36602564449951785,-0.7553107983500544,194,16,,,,,16.722957171217633,95038.0997472013,0.19276722522249218,0.8072327747775078,-1.1464562255702502,-17408.490686860685,14707.152494999993,14707.152494999993,0.0,714,6,0.0,345,30,,,,,9.885596322603156,0.0,0.5949649221998144,0.40503507780018566,-0.9717175599523944,369,31,,,,,17.410029465855473,60186.409316845806,0.15235120789085457,0.8476487921091453,-1.3178637924316747
1811,TNSR,0.0,0.0,0.0,,0,0,0,0,0,15d,bullish,14107.755526345629,257,,,,,,,2.9999999999999996,0.0,1.0,0.0,1.3597456812377628,,-1696.815951713281,1109.5521760000006,1109.5521760000006,0.0,2,0,0.0,0,0,,,,,,,,,,2,1,,,,,2.9999999999999996,58064.04368884974,1.0,0.0,1.7999999999999996,-1781.9809309670409,1165.2417680000005,1165.2417680000005,0.0,5,0,0.0,0,0,,,,,,,,,,5,1,,,,,3.0,57874.51792097166,1.0,0.0,1.7784934619679715,1480.6139119358395,-69.06943800000006,-69.06943800000006,0.0,21,0,0.0,11,2,,,,,3.0000000000000004,0.0,1.0,0.0,1.1320963433191693,10,2,,,,,3.0,58571.766239917124,1.0,0.0,1.679913176896324,-3363.69199847784,-5158.062757,-5158.062757,0.0,59,1,0.0,26,4,,,,,3.0000000000000004,0.0,1.0,0.0,1.1591043648069221,33,4,,,,,3.0000000000000004,59689.798251122214,1.0,0.0,1.53493194087102,14107.755526345629,1225.6613979999959,1225.6613979999959,0.0,257,3,0.0,145,16,,,,,2.9999999999999996,0.0,1.0,0.0,1.3597456812377628,112,16,,,,,2.9999999999999996,68511.3865151766,1.0,0.0,1.7227361310616724,3003.3606807513893,-8693.057235000006,-8693.057235000006,0.0,448,5,0.0,244,31,,,,,3.0,0.0,1.0,0.0,1.3566934124417243,204,31,,,,,3.0,59863.941363853,1.0,0.0,1.616792219645223
1811,kNEIRO,0.0,0.0,0.0,,0,0,0,0,0,15d,bullish,13691.843160455019,358,,,,,,,5.827734736822208,0.0,0.8336626625398701,0.1663373374601299,0.17486422730599627,,-320.53865812511947,243.84744500000036,243.84744500000036,0.0,3,0,0.0,2,1,,,,,8.440088564221579,0.0,0.6799947903399071,0.3200052096600929,0.0,1,1,,,,,6.437240965026514,29668.151485083767,0.7978093549984402,0.20219064500155975,0.35,-1311.8806316017196,-821.7510509999984,-821.7510509999984,0.0,7,0,0.0,3,1,,,,,8.082049396073307,0.0,0.7010559178780406,0.2989440821219593,0.0,4,1,,,,,6.182033001240746,29904.400907170962,0.812821588162309,0.18717841183769096,0.3499999999999999,-5453.634106538085,5129.798727000001,5129.798727000001,0.0,25,0,0.0,11,2,,,,,7.313878843414519,0.0,0.7462424209756164,0.25375757902438356,0.0,14,2,,,,,6.888124598444645,34744.05485040918,0.7712867883267857,0.2287132116732144,0.35,-9214.09812557275,6879.200750000003,6879.200750000003,0.0,71,1,0.0,34,4,,,,,7.260092862303394,0.0,0.7494063022174474,0.2505936977825526,0.007851693481294896,37,4,,,,,6.433872712987509,32640.003370186914,0.798007487471323,0.201992512528677,0.40228140491521636,13691.843160455019,11462.772985000003,11462.772985000003,0.0,358,3,0.0,181,16,,,,,5.827734736822208,0.0,0.8336626625398701,0.1663373374601299,0.17486422730599627,177,16,,,,,5.2559858501282015,26723.318089998796,0.8672949499924587,0.13270505000754126,0.8352337097581696,-6563.142774797154,9164.971983000005,9164.971983000005,0.0,714,6,0.0,377,31,,,,,5.05152407556958,0.0,0.8793221132017894,0.12067788679821055,0.5030292480535709,337,31,,,,,4.659923196021325,27212.41410607624,0.9021573996545111,0.09784260034548894,1.02494778306072
1811,ANIME,0.0,0.0,0.0,,0,0,0,0,0,15d,bearish,-13466.348499588838,358,,,,,,,7.922225940718902,24493.493292848267,0.7104572976047703,0.2895427023952296,0.17724497172754225,,2304.1218937393996,39.89919000000021,39.89919000000021,0.0,3,0,0.0,2,1,,,,,8.665112715437765,0.0,0.6667580755624847,0.3332419244375155,0.0,1,1,,,,,7.217897878278666,34903.48132751733,0.751888360101255,0.24811163989874507,0.35,7390.75584124504,-788.85552,-788.85552,0.0,7,0,0.0,6,1,,,,,8.679429237114965,0.0,0.6659159272285315,0.3340840727714685,0.0,1,1,,,,,7.217897878278666,34903.48132751733,0.751888360101255,0.24811163989874507,0.35,11678.62282701008,-86.7674319999996,-86.7674319999996,0.0,25,0,0.0,19,2,,,,,8.735266296526952,0.0,0.6626313943219441,0.3373686056780559,-0.023537571608407165,6,2,,,,,7.340910878066154,36366.96971369385,0.7446523012902264,0.25534769870977386,0.35,9634.434102273879,-1651.3401469999997,-1651.3401469999997,0.0,71,1,0.0,41,4,,,,,8.981580239746073,0.0,0.6481423388384664,0.3518576611615337,-0.3366240660706164,30,4,,,,,7.53589653182106,34792.33612557175,0.7331825569517023,0.26681744304829774,0.3499999999999999,-13466.348499588838,-14720.801258000003,-14720.801258000003,0.0,358,3,0.0,186,16,,,,,8.779950647930608,0.0,0.6600029030629054,0.33999709693709457,-0.2533338887723442,172,16,,,,,7.922225940718902,24493.493292848267,0.7104572976047703,0.2895427023952296,0.17724497172754225,-4009.830321969896,-9799.873324000006,-9799.873324000006,0.0,714,6,0.0,381,31,,,,,9.891238118345491,0.0,0.59463305186203,0.40536694813797,-0.571537959652561,333,31,,,,,8.695199992953661,26982.96238904907,0.6649882357086082,0.3350117642913918,-0.08080758663429102
1811,USOL,0.0,0.0,0.0,,0,0,0,0,0,30d,bullish,12127.880327232775,714,,,,,,,0.0,0.0,0.0,0.0,0.0,,-265.1424072553968,340.24957640556016,0.0,340.24957640556016,3,0,1.0,1,1,,,,,0.0,0.0,0.0,0.0,0.0,2,1,,,,,0.0,0.0,0.0,0.0,0.0,-1690.4540069730847,93.53851271143589,0.0,93.53851271143589,7,0,1.0,3,1,,,,,0.0,0.0,0.0,0.0,0.0,4,1,,,,,0.0,0.0,0.0,0.0,0.0,-2235.3667565265832,-3888.4738051885643,0.0,-3888.4738051885643,25,0,1.0,12,2,,,,,0.0,0.0,0.0,0.0,0.0,13,2,,,,,0.0,0.0,0.0,0.0,0.0,-526.096271280334,561.0646820814361,0.0,561.0646820814361,71,1,1.0,35,4,,,,,0.0,0.0,0.0,0.0,0.0,36,4,,,,,0.0,0.0,0.0,0.0,0.0,9009.722717460225,3996.7195155003865,0.0,3996.7195155003865,358,3,1.0,182,16,,,,,0.0,0.0,0.0,0.0,0.0,176,16,,,,,0.0,0.0,0.0,0.0,0.0,12127.880327232775,2131.3740960093737,0.0,2131.3740960093737,714,6,1.0,344,31,,,,,0.0,0.0,0.0,0.0,0.0,370,31,,,,,0.0,0.0,0.0,0.0,0.0
1811,HPL,0.0,0.0,0.0,,0,0,0,0,0,30d,bullish,10728.49868435662,67,,,,,,,0.0,0.0,0.0,0.0,0.0,,,,,,,,,,,,,,,,,,,,,,,,,,,,,,,265.30600240776874,189.50428743412056,0.0,189.50428743412056,1,0,1.0,1,1,,,,,0.0,0.0,0.0,0.0,0.0,0,0,,,,,,,,,,-1275.4192151612313,-1522.4126209758797,0.0,-1522.4126209758797,2,0,1.0,1,1,,,,,0.0,0.0,0.0,0.0,0.0,1,1,,,,,0.0,0.0,0.0,0.0,0.0,-6414.085831560063,-7621.910534150475,0.0,-7621.910534150475,11,0,1.0,3,2,,,,,0.0,0.0,0.0,0.0,0.0,8,3,,,,,0.0,0.0,0.0,0.0,0.0,475.53556995240535,822.660167031888,0.0,822.660167031888,58,0,1.0,14,8,,,,,0.0,0.0,0.0,0.0,0.0,44,12,,,,,0.0,0.0,0.0,0.0,0.0,10728.49868435662,-2552.3702632917834,0.0,-2552.3702632917834,67,0,1.0,22,13,,,,,0.0,0.0,0.0,0.0,0.0,45,13,,,,,0.0,0.0,0.0,0.0,0.0
1811,WCT,0.0,0.0,0.0,,0,0,0,0,0,15d,bullish,10501.500523698047,358,,,,,,,19.993674853870534,0.0,0.0003720674193802662,0.9996279325806198,-2.0093123541212883,,-882.7452060736798,1385.4105169999998,1385.4105169999998,0.0,3,0,0.0,2,1,,,,,19.999999999999996,0.0,0.0,1.0,-2.2,1,1,,,,,9.22175985463541,23444.311639843425,0.6340141261979171,0.365985873802083,-0.30000000000000004,-197.44354965803987,991.4660429999998,991.4660429999998,0.0,7,0,0.0,5,1,,,,,20.0,0.0,0.0,1.0,-2.2,2,1,,,,,9.220349137033168,23445.773210024417,0.6340971095862842,0.36590289041371576,-0.30000000000000004,-541.8017655681596,-1270.5213970000004,-1270.5213970000004,0.0,25,0,0.0,12,2,,,,,20.0,0.0,0.0,1.0,-2.2,13,2,,,,,9.160639938156967,23631.49862863955,0.6376094154025314,0.3623905845974687,-0.30000000000000004,8959.179244115232,1401.3884679999996,1401.3884679999996,0.0,71,1,0.0,44,4,,,,,20.0,0.0,0.0,1.0,-2.2,27,4,,,,,9.171391754397026,23168.42666100409,0.6369769556237044,0.3630230443762957,-0.2922270676073091,10501.500523698047,-23270.924458,-23270.924458,0.0,358,3,0.0,186,16,,,,,19.993674853870534,0.0,0.0003720674193802662,0.9996279325806198,-2.0093123541212883,172,16,,,,,11.148642752022091,30575.101317618235,0.5206680734104651,0.47933192658953483,-0.7487381646291753,9692.988528365806,-23279.066781,-23279.066781,0.0,713,6,0.0,350,31,,,,,19.80136259761587,0.0,0.011684553081419436,0.9883154469185806,-1.892905210440272,363,31,,,,,13.009084981817166,40458.08840164438,0.4112302951872256,0.5887697048127744,-1.0351058147841319
1811,LINK0,0.0,0.0,0.0,,0,0,0,0,0,30d,bullish,8022.4974816336,137,,,,,,,0.0,0.0,0.0,0.0,0.0,,,,,,,,,,,,,,,,,,,,,,,,,,,,,,,,,,,,,,,,,,,,,,,,,,,,,,,,,,,,,,,,,,,,,,,,,,,,,,,,,,,,,,,,,,,,,,,,,,,,,,,,,,,,,,,,,,,,,,7681.9056494244,5176.16196134,0.0,5176.16196134,24,0,1.0,14,7,,,,,0.0,0.0,0.0,0.0,0.0,10,4,,,,,0.0,0.0,0.0,0.0,0.0,8022.4974816336,4915.3856689,0.0,4915.3856689,137,1,1.0,68,18,,,,,0.0,0.0,0.0,0.0,0.0,69,14,,,,,0.0,0.0,0.0,0.0,0.0
1811,POLYX,0.0,0.0,0.0,,0,0,0,0,0,30d,bearish,-7380.558666292873,714,,,,,,,5.031625982731752,42440.24724444251,0.8804925892510735,0.11950741074892657,0.8730832875182755,,-1697.6283196645202,481.2511000000001,481.2511000000001,0.0,3,0,0.0,1,1,,,,,10.841349042952858,0.0,0.5387441739439496,0.4612558260560505,-1.2,2,1,,,,,6.980707248156642,35810.873770786646,0.7658407501084328,0.23415924989156695,0.35,2561.85529326132,-470.33136599999966,-470.33136599999966,0.0,7,0,0.0,4,1,,,,,10.738076024020009,0.0,0.5448190574105878,0.45518094258941233,-1.2000000000000002,3,1,,,,,6.979888371799363,35260.289552526105,0.7658889193059197,0.23411108069408004,0.35,-3098.821390018417,-11.541067999999939,-11.541067999999939,0.0,25,0,0.0,12,2,,,,,10.599604913614336,0.0,0.5529644168462156,0.4470355831537844,-1.1998377593214717,13,2,,,,,7.320999262203881,37087.53871120978,0.7458235728115364,0.25417642718846356,0.35,-6850.644785912015,-6936.770508999999,-6936.770508999999,0.0,71,1,0.0,36,4,,,,,10.304323936222525,0.0,0.5703338861045573,0.4296661138954426,-1.0812976125473186,35,4,,,,,7.250546173367015,37257.439246939335,0.7499678721548816,0.25003212784511847,0.35000000000000003,2740.4387073898247,-14072.340484,-14072.340484,0.0,358,3,0.0,169,16,,,,,6.5993508682617,0.0,0.788273478337547,0.21172652166245293,-0.005995146989257929,189,16,,,,,5.898698085118989,45150.14577558628,0.829488347934177,0.1705116520658229,0.63927976117049,-7380.558666292873,-3007.1054309999977,-3007.1054309999977,0.0,714,6,0.0,325,31,,,,,5.407037516038162,0.0,0.8584095578801081,0.14159044211989188,0.40038432925708894,389,31,,,,,5.031625982731752,42440.24724444251,0.8804925892510735,0.11950741074892657,0.8730832875182755
1811,GAS,0.0,0.0,0.0,,0,0,0,0,0,15d,bearish,-7118.314543040475,358,,,,,,,7.308385619812182,64271.42019910059,0.7465655517757539,0.25343444822424605,0.34401410411868855,,373.41221929739856,446.35793000000086,446.35793000000086,0.0,3,0,0.0,2,1,,,,,3.775260092128378,0.0,0.954396465168919,0.045603534831081066,1.0,1,1,,,,,3.884695629141193,49184.83893129627,0.9479590806387532,0.05204091936124669,1.3500000000000003,1356.7432903727986,17.477725000000746,17.477725000000746,0.0,7,0,0.0,5,1,,,,,3.553759871469686,0.0,0.9674258899135479,0.03257411008645211,1.0,2,1,,,,,4.244815208220684,48777.462207736855,0.9267755759870183,0.0732244240129814,1.35,-2197.2842318726002,-620.6086999999999,-620.6086999999999,0.0,25,0,0.0,11,2,,,,,3.7283815157812517,0.0,0.9571540284834558,0.04284597151654422,1.0,14,2,,,,,4.437149499523235,46020.563073286445,0.9154617941456918,0.08453820585430794,1.3499999999999999,-3098.5387338173623,-1424.8108299999997,-1424.8108299999997,0.0,71,1,0.0,36,4,,,,,4.418827912204052,0.0,0.9165395345762322,0.08346046542376775,0.9665741371647877,35,4,,,,,4.54088387835809,43069.10779920256,0.9093597718612888,0.09064022813871116,1.27936751295307,-7118.314543040475,-5751.786504999999,-5751.786504999999,0.0,358,3,0.0,178,16,,,,,5.501301404912201,0.0,0.8528646232404588,0.14713537675954125,0.29632595852928534,180,16,,,,,7.308385619812182,64271.42019910059,0.7465655517757539,0.25343444822424605,0.34401410411868855,-3815.4589971480373,-6535.534868000001,-6535.534868000001,0.0,714,6,0.0,358,31,,,,,4.473470177502494,0.0,0.9133252836763238,0.08667471632367614,0.6972375640100407,356,31,,,,,5.273295283581716,36404.11469663421,0.8662767480246049,0.1337232519753951,0.9261078219507509
1811,NOCEX,0.0,0.0,0.0,,0,0,0,0,0,30d,bullish,6541.155551426299,2,,,,,,,0.0,0.0,0.0,0.0,0.0,,,,,,,,,,,,,,,,,,,,,,,,,,,,,,,,,,,,,,,,,,,,,,,,,,,,,,,,,,,,,,,,,,,,,,,,,,,,,,,,,,,,,,,,,,,,,,,,,,,,,,,,,,,,,,,,,,,,,,,,,,,,,,,,,,,,,,,,,,,,,,,,,,,6541.155551426299,6332.27835295,0.0,6332.27835295,2,0,1.0,2,2,,,,,0.0,0.0,0.0,0.0,0.0,0,0,,,,,,,,,
1811,USDH,0.0,0.0,0.0,,0,0,0,0,0,30d,bearish,-5433.760309523797,46,,,,,,,0.0,0.0,0.0,0.0,0.0,,,,,,,,,,,,,,,,,,,,,,,,,,,,,,,,,,,,,,,,,,,,,,,,,,,,,,,,,,,,,,,,,,,,,,,,,,,,,,,,,,,,,,,,,,,,,,,,,,,,,,,,,,,,,,,,,,,,,,-2254.030814725175,-2146.696333435038,0.0,-2146.696333435038,14,0,1.0,3,3,,,,,0.0,0.0,0.0,0.0,0.0,11,5,,,,,0.0,0.0,0.0,0.0,0.0,-5433.760309523797,-5960.437175645771,0.0,-5960.437175645771,46,0,1.0,7,6,,,,,0.0,0.0,0.0,0.0,0.0,39,8,,,,,0.0,0.0,0.0,0.0,0.0
1811,RICH,0.0,0.0,0.0,,0,0,0,0,0,15d,bearish,-4016.8104989584044,4,,,,,,,0.0,0.0,0.0,0.0,0.0,,,,,,,,,,,,,,,,,,,,,,,,,,,,,,,,,,,,,,,,,,,,,,,,,,,,,,,,,,,,,,,,,,,,,,,,,,,,,,,,,,,,,,,,,,,,,,,,,,,,,,,,,,,,,,,,,,,,,,-4016.8104989584044,-2858.469355998247,0.0,-2858.469355998247,4,0,1.0,1,1,,,,,0.0,0.0,0.0,0.0,0.0,3,3,,,,,0.0,0.0,0.0,0.0,0.0,-3828.978743821989,-2679.5819701540418,0.0,-2679.5819701540418,5,0,1.0,2,2,,,,,0.0,0.0,0.0,0.0,0.0,3,3,,,,,0.0,0.0,0.0,0.0,0.0
1811,HSEI,0.0,0.0,0.0,,0,0,0,0,0,30d,bullish,1729.5432506361021,10,,,,,,,0.0,0.0,0.0,0.0,0.0,,,,,,,,,,,,,,,,,,,,,,,,,,,,,,,,,,,,,,,,,,,,,,,,,,,,,,,,,,,,0.5214600292647447,0.6772208172269529,0.0,0.6772208172269529,4,0,1.0,1,1,,,,,0.0,0.0,0.0,0.0,0.0,3,1,,,,,0.0,0.0,0.0,0.0,0.0,-46.16909872013821,-59.95986846771211,0.0,-59.95986846771211,6,0,1.0,2,2,,,,,0.0,0.0,0.0,0.0,0.0,4,1,,,,,0.0,0.0,0.0,0.0,0.0,-46.16909872013821,-59.95986846771211,0.0,-59.95986846771211,6,0,1.0,2,2,,,,,0.0,0.0,0.0,0.0,0.0,4,1,,,,,0.0,0.0,0.0,0.0,0.0,1729.5432506361021,1945.3618134704475,0.0,1945.3618134704475,10,0,1.0,4,4,,,,,0.0,0.0,0.0,0.0,0.0,6,3,,,,,0.0,0.0,0.0,0.0,0.0
1811,HPEPE,0.0,0.0,0.0,,0,0,0,0,0,30d,bearish,-1687.244940715815,3,,,,,,,0.0,0.0,0.0,0.0,0.0,,,,,,,,,,,,,,,,,,,,,,,,,,,,,,,,,,,,,,,,,,,,,,,,,,,,,,,,,,,,,,,,,,,,,,,,,,,,,,,,,,,,,,,,,,,,,,,,,,,,,,,,,,,,,,,,,,,,,,,,,,,,,,,,,,,,,,,,,,,,,,,,,,,-1687.244940715815,1506.468697067692,0.0,1506.468697067692,3,0,1.0,1,1,,,,,0.0,0.0,0.0,0.0,0.0,2,2,,,,,0.0,0.0,0.0,0.0,0.0
1811,PIP,0.0,0.0,0.0,,0,0,0,0,0,30d,bullish,1043.4666763371538,15,,,,,,,0.0,0.0,0.0,0.0,0.0,,,,,,,,,,,,,,,,,,,,,,,,,,,,,,,,,,,,,,,,,,,,,,,,,,,,,,,,,,,,,,,,,,,,,,,,,,,,,,,,,,,,,,,,,,,,,,,,,,,,,,,,,,,,,,,,,,,,,,912.1308450363199,555.7666877488,0.0,555.7666877488,4,0,1.0,2,2,,,,,0.0,0.0,0.0,0.0,0.0,2,2,,,,,0.0,0.0,0.0,0.0,0.0,1043.4666763371538,673.3958464902693,0.0,673.3958464902693,15,0,1.0,10,5,,,,,0.0,0.0,0.0,0.0,0.0,5,5,,,,,0.0,0.0,0.0,0.0,0.0
1811,HPENGU,0.0,0.0,0.0,,0,0,0,0,0,30d,bullish,966.376851366591,404,,,,,,,0.0,0.0,0.0,0.0,0.0,,16.411510040588066,13.676258367156722,0.0,13.676258367156722,1,0,1.0,1,1,,,,,0.0,0.0,0.0,0.0,0.0,0,0,,,,,,,,,,15.257261120588243,12.71438426715687,0.0,12.71438426715687,2,0,1.0,1,1,,,,,0.0,0.0,0.0,0.0,0.0,1,1,,,,,0.0,0.0,0.0,0.0,0.0,224.3088347801501,186.9240289834584,0.0,186.9240289834584,10,0,1.0,7,2,,,,,0.0,0.0,0.0,0.0,0.0,3,2,,,,,0.0,0.0,0.0,0.0,0.0,695.7207766553884,593.2626414295141,0.0,593.2626414295141,35,1,1.0,15,4,,,,,0.0,0.0,0.0,0.0,0.0,20,4,,,,,0.0,0.0,0.0,0.0,0.0,812.1373769152264,743.4876936050284,0.0,743.4876936050284,192,3,1.0,85,16,,,,,0.0,0.0,0.0,0.0,0.0,107,15,,,,,0.0,0.0,0.0,0.0,0.0,966.376851366591,1430.895183288029,0.0,1430.895183288029,404,5,1.0,168,29,,,,,0.0,0.0,0.0,0.0,0.0,236,30,,,,,0.0,0.0,0.0,0.0,0.0
1811,SPY,0.0,0.0,0.0,,0,0,0,0,0,30d,bullish,877.0202944463471,14,,,,,,,0.0,0.0,0.0,0.0,0.0,,,,,,,,,,,,,,,,,,,,,,,,,,,,,,,,,,,,,,,,,,,,,,,,,,,,,,,,,,,,,,,,,,,,,,,,,,,,,,,,,,,,,,,,,,,,,,,,,,,,,,,,,,,,,,,,,,,,,,38.4216512067119,32.01804267225992,0.0,32.01804267225992,4,0,1.0,1,1,,,,,0.0,0.0,0.0,0.0,0.0,3,2,,,,,0.0,0.0,0.0,0.0,0.0,877.0202944463471,730.8502453719559,0.0,730.8502453719559,14,0,1.0,11,5,,,,,0.0,0.0,0.0,0.0,0.0,3,2,,,,,0.0,0.0,0.0,0.0,0.0
1811,SKHYX,0.0,0.0,0.0,,0,0,0,0,0,30d,bullish,830.343879236625,337,,,,,,,0.0,0.0,0.0,0.0,0.0,,,,,,,,,,,,,,,,,,,,,,,,,,,,,,,,,,,,,,,,,,,,,,,,,,,,,,,,,,,,0.6121090889999321,-0.6801212099999248,0.0,-0.6801212099999248,4,0,1.0,2,1,,,,,0.0,0.0,0.0,0.0,0.0,2,1,,,,,0.0,0.0,0.0,0.0,0.0,22.00145313149977,-23.454381879999737,0.0,-23.454381879999737,8,0,1.0,6,2,,,,,0.0,0.0,0.0,0.0,0.0,2,1,,,,,0.0,0.0,0.0,0.0,0.0,-21.93985325309998,-58.56794377500017,0.0,-58.56794377500017,146,0,1.0,76,14,,,,,0.0,0.0,0.0,0.0,0.0,70,13,,,,,0.0,0.0,0.0,0.0,0.0,830.343879236625,1600.920026,0.0,1600.920026,337,2,1.0,148,28,,,,,0.0,0.0,0.0,0.0,0.0,189,25,,,,,0.0,0.0,0.0,0.0,0.0
1811,UZEC,0.0,0.0,0.0,,0,0,0,0,0,30d,bullish,697.7877651663997,382,,,,,,,0.0,0.0,0.0,0.0,0.0,,0.7905925152838629,-0.901516619782071,0.0,-0.901516619782071,3,0,1.0,1,1,,,,,0.0,0.0,0.0,0.0,0.0,2,1,,,,,0.0,0.0,0.0,0.0,0.0,-1.5632719226730605,4.542468878788933,0.0,4.542468878788933,7,0,1.0,2,1,,,,,0.0,0.0,0.0,0.0,0.0,5,1,,,,,0.0,0.0,0.0,0.0,0.0,3.8926563622135557,3.977133848447127,0.0,3.977133848447127,14,0,1.0,6,2,,,,,0.0,0.0,0.0,0.0,0.0,8,2,,,,,0.0,0.0,0.0,0.0,0.0,12.928509305779317,11.602676415101682,0.0,11.602676415101682,39,1,1.0,21,4,,,,,0.0,0.0,0.0,0.0,0.0,18,4,,,,,0.0,0.0,0.0,0.0,0.0,468.91978144927356,7.8878000557930354,0.0,7.8878000557930354,254,3,1.0,153,16,,,,,0.0,0.0,0.0,0.0,0.0,101,16,,,,,0.0,0.0,0.0,0.0,0.0,697.7877651663997,175.00250199666152,0.0,175.00250199666152,382,4,1.0,228,29,,,,,0.0,0.0,0.0,0.0,0.0,154,29,,,,,0.0,0.0,0.0,0.0,0.0
1811,PURRPS,0.0,0.0,0.0,,0,0,0,0,0,15d,bearish,-597.557579416,1,,,,,,,0.0,0.0,0.0,0.0,0.0,,,,,,,,,,,,,,,,,,,,,,,,,,,,,,,,,,,,,,,,,,,,,,,,,,,,,,,,,,,,,,,,,,,,,,,,,,,,,,,,,,,,,,,,,,,,,,,,,,,,,,,,,,,,,,,,,,,,,,-597.557579416,-426.82684244,0.0,-426.82684244,1,0,1.0,0,0,,,,,,,,,,1,1,,,,,0.0,0.0,0.0,0.0,0.0,-597.557579416,-426.82684244,0.0,-426.82684244,1,0,1.0,0,0,,,,,,,,,,1,1,,,,,0.0,0.0,0.0,0.0,0.0
1811,SCHIZO,0.0,0.0,0.0,,0,0,0,0,0,15d,bearish,-571.424,1,,,,,,,0.0,0.0,0.0,0.0,0.0,,,,,,,,,,,,,,,,,,,,,,,,,,,,,,,,,,,,,,,,,,,,,,,,,,,,,,,,,,,,,,,,,,,,,,,,,,,,,,,,,,,,,,,,,,,,,,,,,,,,,,,,,,,,,,,,,,,,,,-571.424,-408.16,0.0,-408.16,1,0,1.0,0,0,,,,,,,,,,1,1,,,,,0.0,0.0,0.0,0.0,0.0,-263.4616131970797,-232.18149325547415,0.0,-232.18149325547415,2,0,1.0,1,1,,,,,0.0,0.0,0.0,0.0,0.0,1,1,,,,,0.0,0.0,0.0,0.0,0.0
1811,POINTS,0.0,0.0,0.0,,0,0,0,0,0,30d,bullish,570.4192806234058,3,,,,,,,0.0,0.0,0.0,0.0,0.0,,,,,,,,,,,,,,,,,,,,,,,,,,,,,,,,,,,,,,,,,,,,,,,,,,,,,,,,,,,,,,,,,,,,,,,,,,,,,,,,,,,,,,,,,,,,,,,,,,,,,,,,,,,,,,,,,,,,,,-477.9778274771501,-955.0006543000001,0.0,-955.0006543000001,1,0,1.0,0,0,,,,,,,,,,1,1,,,,,0.0,0.0,0.0,0.0,0.0,570.4192806234058,-209.11072744246007,0.0,-209.11072744246007,3,0,1.0,1,1,,,,,0.0,0.0,0.0,0.0,0.0,2,2,,,,,0.0,0.0,0.0,0.0,0.0
1811,CATBAL,0.0,0.0,0.0,,0,0,0,0,0,30d,bullish,534.1975527507017,1,,,,,,,0.0,0.0,0.0,0.0,0.0,,,,,,,,,,,,,,,,,,,,,,,,,,,,,,,,,,,,,,,,,,,,,,,,,,,,,,,,,,,,,,,,,,,,,,,,,,,,,,,,,,,,,,,,,,,,,,,,,,,,,,,,,,,,,,,,,,,,,,,,,,,,,,,,,,,,,,,,,,,,,,,,,,,534.1975527507017,508.75957404828745,0.0,508.75957404828745,1,0,1.0,1,1,,,,,0.0,0.0,0.0,0.0,0.0,0,0,,,,,,,,,
1811,MUX,0.0,0.0,0.0,,0,0,0,0,0,30d,bullish,453.1502935691078,199,,,,,,,0.0,0.0,0.0,0.0,0.0,,,,,,,,,,,,,,,,,,,,,,,,,,,,,,,,,,,,,,,,,,,,,,,,,,,,,,,,,,,,-3.0294144342000844,3.3660160380000943,0.0,3.3660160380000943,2,0,1.0,0,0,,,,,0.0,0.0,0.0,0.0,0.0,2,2,,,,,0.0,0.0,0.0,0.0,0.0,-89.90309916126007,99.8923324014001,0.0,99.8923324014001,8,0,1.0,4,2,,,,,0.0,0.0,0.0,0.0,0.0,4,2,,,,,0.0,0.0,0.0,0.0,0.0,146.7622514090455,86.90323464899959,0.0,86.90323464899959,89,1,1.0,53,14,,,,,0.0,0.0,0.0,0.0,0.0,36,11,,,,,0.0,0.0,0.0,0.0,0.0,453.1502935691078,677.3758163864992,0.0,677.3758163864992,199,2,1.0,87,24,,,,,0.0,0.0,0.0,0.0,0.0,112,25,,,,,0.0,0.0,0.0,0.0,0.0
1811,NASDAQ,0.0,0.0,0.0,,0,0,0,0,0,15d,bearish,-408.19957007200003,1,,,,,,,0.0,0.0,0.0,0.0,0.0,,,,,,,,,,,,,,,,,,,,,,,,,,,,,,,,,,,,,,,,,,,,,,,,,,,,,,,,,,,,,,,,,,,,,,,,,,,,,,,,,,,,,,,,,,,,,,,,,,,,,,,,,,,,,,,,,,,,,,-408.19957007200003,-291.57112148000004,0.0,-291.57112148000004,1,0,1.0,0,0,,,,,,,,,,1,1,,,,,0.0,0.0,0.0,0.0,0.0,-408.19957007200003,-291.57112148000004,0.0,-291.57112148000004,1,0,1.0,0,0,,,,,,,,,,1,1,,,,,0.0,0.0,0.0,0.0,0.0
1811,SPYX,0.0,0.0,0.0,,0,0,0,0,0,30d,bullish,400.104485037135,123,,,,,,,0.0,0.0,0.0,0.0,0.0,,-3.3650913664030457,3.7389904071144957,0.0,3.7389904071144957,1,0,1.0,0,0,,,,,,,,,,1,1,,,,,0.0,0.0,0.0,0.0,0.0,-15.082388286403132,16.758209207114593,0.0,16.758209207114593,2,0,1.0,0,0,,,,,,,,,,2,1,,,,,0.0,0.0,0.0,0.0,0.0,-15.082388286403132,16.758209207114593,0.0,16.758209207114593,2,0,1.0,0,0,,,,,,,,,,2,1,,,,,0.0,0.0,0.0,0.0,0.0,-16.234319166403107,18.038132407114567,0.0,18.038132407114567,3,0,1.0,0,0,,,,,,,,,,3,2,,,,,0.0,0.0,0.0,0.0,0.0,-104.83646871979315,-287.292551172614,0.0,-287.292551172614,47,0,1.0,24,7,,,,,0.0,0.0,0.0,0.0,0.0,23,12,,,,,0.0,0.0,0.0,0.0,0.0,400.104485037135,693.3766684435883,0.0,693.3766684435883,123,2,1.0,56,15,,,,,0.0,0.0,0.0,0.0,0.0,67,22,,,,,0.0,0.0,0.0,0.0,0.0
1811,SEDA,0.0,0.0,0.0,,0,0,0,0,0,15d,bullish,352.47216875486095,1,,,,,,,0.0,0.0,0.0,0.0,0.0,,,,,,,,,,,,,,,,,,,,,,,,,,,,,,,,,,,,,,,,,,,,,,,,,,,,,,,,,,,,,,,,,,,,,,,,,,,,,,,,,,,,,,,,,,,,,,,,,,,,,,,,,,,,,,,,,,,,,,352.47216875486095,335.6877797665343,0.0,335.6877797665343,1,0,1.0,1,1,,,,,0.0,0.0,0.0,0.0,0.0,0,0,,,,,,,,,,352.47216875486095,335.6877797665343,0.0,335.6877797665343,1,0,1.0,1,1,,,,,0.0,0.0,0.0,0.0,0.0,0,0,,,,,,,,,
1811,QQQX,0.0,0.0,0.0,,0,0,0,0,0,30d,bullish,348.6411692667002,74,,,,,,,0.0,0.0,0.0,0.0,0.0,,,,,,,,,,,,,,,,,,,,,,,,,,,,,,,,,,,,,,,,,,,,,,,,,,,,,,,,,,,,,,,,,,,,,,,,,,,,,,,,,,,,,,,,,80.63099973450001,-89.58999970500003,0.0,-89.58999970500003,8,0,1.0,8,1,,,,,0.0,0.0,0.0,0.0,0.0,0,0,,,,,,,,,,171.52916562450014,-181.6599618050002,0.0,-181.6599618050002,42,0,1.0,30,10,,,,,0.0,0.0,0.0,0.0,0.0,12,6,,,,,0.0,0.0,0.0,0.0,0.0,348.6411692667002,176.14206575499995,0.0,176.14206575499995,74,1,1.0,44,14,,,,,0.0,0.0,0.0,0.0,0.0,30,15,,,,,0.0,0.0,0.0,0.0,0.0
1811,LICK,0.0,0.0,0.0,,0,0,0,0,0,15d,bullish,328.9040616549844,3,,,,,,,0.0,0.0,0.0,0.0,0.0,,,,,,,,,,,,,,,,,,,,,,,,,,,,,,,,,,,,,,,,,,,,,,,,,,,,,,,,,,,,,,,,,,,,,,,,,,,,,,,,,,,,,,,,,,,,,,,,,,,,,,,,,,,,,,,,,,,,,,328.9040616549844,234.93147261070317,0.0,234.93147261070317,3,0,1.0,1,1,,,,,0.0,0.0,0.0,0.0,0.0,2,2,,,,,0.0,0.0,0.0,0.0,0.0,-91.0959288110156,-65.06852057929683,0.0,-65.06852057929683,4,0,1.0,1,1,,,,,0.0,0.0,0.0,0.0,0.0,3,3,,,,,0.0,0.0,0.0,0.0,0.0
1811,UUUSPX,0.0,0.0,0.0,,0,0,0,0,0,15d,bullish,276.78928169426575,194,,,,,,,0.0,0.0,0.0,0.0,0.0,,,,,,,,,,,,,,,,,,,,,,,,,,,,,,,182.68555942424942,-202.9839549158327,0.0,-202.9839549158327,2,0,1.0,2,1,,,,,0.0,0.0,0.0,0.0,0.0,0,0,,,,,,,,,,223.48372235925365,-223.80224754917074,0.0,-223.80224754917074,9,0,1.0,4,2,,,,,0.0,0.0,0.0,0.0,0.0,5,2,,,,,0.0,0.0,0.0,0.0,0.0,35.68379240836647,-17.478425308148687,0.0,-17.478425308148687,36,1,1.0,20,4,,,,,0.0,0.0,0.0,0.0,0.0,16,4,,,,,0.0,0.0,0.0,0.0,0.0,276.78928169426575,-29.286298949062644,0.0,-29.286298949062644,194,3,1.0,107,16,,,,,0.0,0.0,0.0,0.0,0.0,87,16,,,,,0.0,0.0,0.0,0.0,0.0,195.062836112163,-398.5705365244595,0.0,-398.5705365244595,299,3,1.0,146,26,,,,,0.0,0.0,0.0,0.0,0.0,153,27,,,,,0.0,0.0,0.0,0.0,0.0
1811,FXRP,0.0,0.0,0.0,,0,0,0,0,0,15d,bullish,272.08211192359437,49,,,,,,,0.0,0.0,0.0,0.0,0.0,,,,,,,,,,,,,,,,,,,,,,,,,,,,,,,1.9474478100000001,3.934238,0.0,3.934238,1,0,1.0,1,1,,,,,0.0,0.0,0.0,0.0,0.0,0,0,,,,,,,,,,-0.11480322325430747,-0.23192570354405584,0.0,-0.23192570354405584,3,0,1.0,2,1,,,,,0.0,0.0,0.0,0.0,0.0,1,1,,,,,0.0,0.0,0.0,0.0,0.0,2.087959536855406,4.218100074455366,0.0,4.218100074455366,7,0,1.0,4,3,,,,,0.0,0.0,0.0,0.0,0.0,3,2,,,,,0.0,0.0,0.0,0.0,0.0,272.08211192359437,152.63127974759803,0.0,152.63127974759803,49,1,1.0,24,11,,,,,0.0,0.0,0.0,0.0,0.0,25,11,,,,,0.0,0.0,0.0,0.0,0.0,-22.566166459506828,57.76511032683733,0.0,57.76511032683733,86,1,1.0,43,17,,,,,0.0,0.0,0.0,0.0,0.0,43,18,,,,,0.0,0.0,0.0,0.0,0.0
1811,SHREK,0.0,0.0,0.0,,0,0,0,0,0,15d,bearish,-239.6320035173428,4,,,,,,,0.0,0.0,0.0,0.0,0.0,,,,,,,,,,,,,,,,,,,,,,,,,,,,,,,,,,,,,,,,,,,,,,,,,,,,,,,,,,,,,,,,,,,,,,,,,,,,,,,,,,,,,,,,,,,,,,,,,,,,,,,,,,,,,,,,,,,,,,-239.6320035173428,-171.165716798102,0.0,-171.165716798102,4,0,1.0,0,0,,,,,,,,,,4,4,,,,,0.0,0.0,0.0,0.0,0.0,-239.6320035173428,-171.165716798102,0.0,-171.165716798102,4,0,1.0,0,0,,,,,,,,,,4,4,,,,,0.0,0.0,0.0,0.0,0.0
1811,USR,0.0,0.0,0.0,,0,0,0,0,0,30d,bullish,186.381382404,1,,,,,,,0.0,0.0,0.0,0.0,0.0,,,,,,,,,,,,,,,,,,,,,,,,,,,,,,,,,,,,,,,,,,,,,,,,,,,,,,,,,,,,,,,,,,,,,,,,,,,,,,,,,,,,,,,,,,,,,,,,,,,,,,,,,,,,,,,,,,,,,,,,,,,,,,,,,,,,,,,,,,,,,,,,,,,186.381382404,133.12955886,0.0,133.12955886,1,0,1.0,1,1,,,,,0.0,0.0,0.0,0.0,0.0,0,0,,,,,,,,,
1811,HOOD,0.0,0.0,0.0,,0,0,0,0,0,15d,bearish,-178.104867486,2,,,,,,,0.0,0.0,0.0,0.0,0.0,,,,,,,,,,,,,,,,,,,,,,,,,,,,,,,,,,,,,,,,,,,,,,,,,,,,,,,,,,,,,,,,,,,,,,,,,,,,,,,,,,,,,,,,,,,,,,,,,,,,,,,,,,,,,,,,,,,,,,-178.104867486,-195.7196346,0.0,-195.7196346,2,0,1.0,0,0,,,,,,,,,,2,2,,,,,0.0,0.0,0.0,0.0,0.0,3.7364677226649707,4.106008486445013,0.0,4.106008486445013,9,0,1.0,6,3,,,,,0.0,0.0,0.0,0.0,0.0,3,3,,,,,0.0,0.0,0.0,0.0,0.0
1811,RUG,0.0,0.0,0.0,,0,0,0,0,0,15d,bearish,-171.43299436200002,1,,,,,,,0.0,0.0,0.0,0.0,0.0,,,,,,,,,,,,,,,,,,,,,,,,,,,,,,,,,,,,,,,,,,,,,,,,,,,,,,,,,,,,,,,,,,,,,,,,,,,,,,,,,,,,,,,,,,,,,,,,,,,,,,,,,,,,,,,,,,,,,,-171.43299436200002,-122.45213883000001,0.0,-122.45213883000001,1,0,1.0,0,0,,,,,,,,,,1,1,,,,,0.0,0.0,0.0,0.0,0.0,-171.43299436200002,-122.45213883000001,0.0,-122.45213883000001,1,0,1.0,0,0,,,,,,,,,,1,1,,,,,0.0,0.0,0.0,0.0,0.0
1811,WMNT,0.0,0.0,0.0,,0,0,0,0,0,72h,bullish,147.3512945356678,8,,,,,,,0.0,0.0,0.0,0.0,0.0,,,,,,,,,,,,,,,,,,,,,,,,,,,,,,,-45.129333904467835,-53.205809899933584,0.0,-53.205809899933584,2,0,1.0,0,0,,,,,,,,,,2,1,,,,,0.0,0.0,0.0,0.0,0.0,79.43860793169064,50.600808296865154,0.0,50.600808296865154,4,0,1.0,1,1,,,,,0.0,0.0,0.0,0.0,0.0,3,2,,,,,0.0,0.0,0.0,0.0,0.0,147.3512945356678,108.56376505017944,0.0,108.56376505017944,8,1,1.0,4,2,,,,,0.0,0.0,0.0,0.0,0.0,4,2,,,,,0.0,0.0,0.0,0.0,0.0,-96.96039973569754,-163.21285230657145,0.0,-163.21285230657145,26,2,1.0,12,8,,,,,0.0,0.0,0.0,0.0,0.0,14,8,,,,,0.0,0.0,0.0,0.0,0.0,37.27531203502837,-225.0151463384962,0.0,-225.0151463384962,47,3,1.0,26,13,,,,,0.0,0.0,0.0,0.0,0.0,21,12,,,,,0.0,0.0,0.0,0.0,0.0
1811,ILIENS,0.0,0.0,0.0,,0,0,0,0,0,30d,bullish,138.32792387339205,1,,,,,,,0.0,0.0,0.0,0.0,0.0,,,,,,,,,,,,,,,,,,,,,,,,,,,,,,,,,,,,,,,,,,,,,,,,,,,,,,,,,,,,,,,,,,,,,,,,,,,,,,,,,,,,,,,,,,,,,,,,,,,,,,,,,,,,,,,,,,,,,,,,,,,,,,,,,,,,,,,,,,,,,,,,,,,138.32792387339205,131.74087987942102,0.0,131.74087987942102,1,0,1.0,1,1,,,,,0.0,0.0,0.0,0.0,0.0,0,0,,,,,,,,,
1811,ANZ,0.0,0.0,0.0,,0,0,0,0,0,30d,bearish,-106.45418777678724,1,,,,,,,0.0,0.0,0.0,0.0,0.0,,,,,,,,,,,,,,,,,,,,,,,,,,,,,,,,,,,,,,,,,,,,,,,,,,,,,,,,,,,,,,,,,,,,,,,,,,,,,,,,,,,,,,,,,,,,,,,,,,,,,,,,,,,,,,,,,,,,,,,,,,,,,,,,,,,,,,,,,,,,,,,,,,,-106.45418777678724,95.04838194356005,0.0,95.04838194356005,1,0,1.0,0,0,,,,,,,,,,1,1,,,,,0.0,0.0,0.0,0.0,0.0
1811,XULIAN,0.0,0.0,0.0,,0,0,0,0,0,30d,bullish,98.78354761306373,1,,,,,,,0.0,0.0,0.0,0.0,0.0,,,,,,,,,,,,,,,,,,,,,,,,,,,,,,,,,,,,,,,,,,,,,,,,,,,,,,,,,,,,,,,,,,,,,,,,,,,,,,,,,,,,,,,,,,,,,,,,,,,,,,,,,,,,,,,,,,,,,,,,,,,,,,,,,,,,,,,,,,,,,,,,,,,98.78354761306373,94.07956915529881,0.0,94.07956915529881,1,0,1.0,1,1,,,,,0.0,0.0,0.0,0.0,0.0,0,0,,,,,,,,,
1811,XAUT0,0.0,0.0,0.0,,0,0,0,0,0,30d,bearish,-97.3440160578013,23,,,,,,,0.0,0.0,0.0,0.0,0.0,,,,,,,,,,,,,,,,,,,,,,,,,,,,,,,,,,,,,,,,,,,,,,,,,,,,,,,,,,,,,,,,,,,,,,,,,,,,,,,,,,,,,,,,,1.1382464707393503,1.1158666976429998,0.0,1.1158666976429998,1,0,1.0,1,1,,,,,0.0,0.0,0.0,0.0,0.0,0,0,,,,,,,,,,55.62997817617345,39.333834164579,0.0,39.333834164579,16,0,1.0,16,4,,,,,0.0,0.0,0.0,0.0,0.0,0,0,,,,,,,,,,-97.3440160578013,-271.918015665169,0.0,-271.918015665169,23,0,1.0,19,7,,,,,0.0,0.0,0.0,0.0,0.0,4,3,,,,,0.0,0.0,0.0,0.0,0.0
1811,LIQUID,0.0,0.0,0.0,,0,0,0,0,0,15d,bearish,-82.2846427480002,1,,,,,,,0.0,0.0,0.0,0.0,0.0,,,,,,,,,,,,,,,,,,,,,,,,,,,,,,,,,,,,,,,,,,,,,,,,,,,,,,,,,,,,,,,,,,,,,,,,,,,,,,,,,,,,,,,,,,,,,,,,,,,,,,,,,,,,,,,,,,,,,,-82.2846427480002,-58.774744820000144,0.0,-58.774744820000144,1,0,1.0,0,0,,,,,,,,,,1,1,,,,,0.0,0.0,0.0,0.0,0.0,-54.81184906239021,-39.15132075885015,0.0,-39.15132075885015,2,0,1.0,1,1,,,,,0.0,0.0,0.0,0.0,0.0,1,1,,,,,0.0,0.0,0.0,0.0,0.0
1811,QQQ,0.0,0.0,0.0,,0,0,0,0,0,30d,bullish,81.418747228896,2,,,,,,,0.0,0.0,0.0,0.0,0.0,,,,,,,,,,,,,,,,,,,,,,,,,,,,,,,,,,,,,,,,,,,,,,,,,,,,,,,,,,,,,,,,,,,,,,,,,,,,,,,,,,,,,,,,,,,,,,,,,,,,,,,,,,,,,,,,,,,,,,,,,,,,,,,,,,,,,,,,,,,,,,,,,,,81.418747228896,67.84895602408,0.0,67.84895602408,2,0,1.0,2,1,,,,,0.0,0.0,0.0,0.0,0.0,0,0,,,,,,,,,
1811,PEPE,0.0,0.0,0.0,,0,0,0,0,0,30d,bearish,-79.41640935420001,4,,,,,,,0.0,0.0,0.0,0.0,0.0,,,,,,,,,,,,,,,,,,,,,,,,,,,,,,,,,,,,,,,,,,,,,,,,,,,,,,,,,,,,,,,,,,,,,,,,,,,,,,,,,,,,,,,,,,,,,,,,,,,,,,,,,,,,,,,,,,,,,,,,,,,,,,,,,,,,,,,,,,,,,,,,,,,-79.41640935420001,-61.08558264000001,0.0,-61.08558264000001,4,0,1.0,0,0,,,,,,,,,,4,2,,,,,0.0,0.0,0.0,0.0,0.0
1811,OTTI,0.0,0.0,0.0,,0,0,0,0,0,15d,bullish,59.75367454772374,1,,,,,,,0.0,0.0,0.0,0.0,0.0,,,,,,,,,,,,,,,,,,,,,,,,,,,,,,,,,,,,,,,,,,,,,,,,,,,,,,,,,,,,,,,,,,,,,,,,,,,,,,,,,,,,,,,,,,,,,,,,,,,,,,,,,,,,,,,,,,,,,,59.75367454772374,42.68119610551696,0.0,42.68119610551696,1,0,1.0,1,1,,,,,0.0,0.0,0.0,0.0,0.0,0,0,,,,,,,,,,59.75367454772374,42.68119610551696,0.0,42.68119610551696,1,0,1.0,1,1,,,,,0.0,0.0,0.0,0.0,0.0,0,0,,,,,,,,,
1811,UDZ,0.0,0.0,0.0,,0,0,0,0,0,30d,bullish,51.76455067416433,22,,,,,,,0.0,0.0,0.0,0.0,0.0,,,,,,,,,,,,,,,,,,,,,,,,,,,,,,,,,,,,,,,,,,,,,,,,,,,,,,,,,,,,,,,,,,,,,,,,,,,,,,,,,,,,,,,,,1.1529505190266633,-0.0002066464859511452,0.0,-0.0002066464859511452,1,0,1.0,1,1,,,,,0.0,0.0,0.0,0.0,0.0,0,0,,,,,,,,,,1.1529505190266633,-0.0002066464859511452,0.0,-0.0002066464859511452,1,0,1.0,1,1,,,,,0.0,0.0,0.0,0.0,0.0,0,0,,,,,,,,,,51.76455067416433,23.18902927963978,0.0,23.18902927963978,22,1,1.0,7,5,,,,,0.0,0.0,0.0,0.0,0.0,15,6,,,,,0.0,0.0,0.0,0.0,0.0
1811,CAT,0.0,0.0,0.0,,0,0,0,0,0,30d,bearish,-47.73685160235,8,,,,,,,0.0,0.0,0.0,0.0,0.0,,,,,,,,,,,,,,,,,,,,,,,,,,,,,,,,,,,,,,,,,,,,,,,,,,,,,,,,,,,,,,,,,,,,,,,,,,,,,,,,,,,,,,,,,,,,,,,,,,,,,,,,,,,,,,,,,,,,,,-13.073603927999997,-9.338288519999999,0.0,-9.338288519999999,1,0,1.0,0,0,,,,,,,,,,1,1,,,,,0.0,0.0,0.0,0.0,0.0,-47.73685160235,-34.097751144535714,0.0,-34.097751144535714,8,0,1.0,1,1,,,,,0.0,0.0,0.0,0.0,0.0,7,2,,,,,0.0,0.0,0.0,0.0,0.0
1811,MOG,0.0,0.0,0.0,,0,0,0,0,0,30d,bearish,-47.118118691392,1,,,,,,,0.0,0.0,0.0,0.0,0.0,,,,,,,,,,,,,,,,,,,,,,,,,,,,,,,,,,,,,,,,,,,,,,,,,,,,,,,,,,,,,,,,,,,,,,,,,,,,,,,,,,,,,,,,,,,,,,,,,,,,,,,,,,,,,,,,,,,,,,,,,,,,,,,,,,,,,,,,,,,,,,,,,,,-47.118118691392,42.0697488316,0.0,42.0697488316,1,0,1.0,0,0,,,,,,,,,,1,1,,,,,0.0,0.0,0.0,0.0,0.0
1811,HPUMP,0.0,0.0,0.0,,0,0,0,0,0,15d,bearish,-46.89727107564627,2,,,,,,,0.0,0.0,0.0,0.0,0.0,,,,,,,,,,,,,,,,,,,,,,,,,,,,,,,,,,,,,,,,,,,,,,,,,,,,,,,,,,,,,,,,,,,,,,,,,,,,,,,,,,,,,,,,,,,,,,,,,,,,,,,,,,,,,,,,,,,,,,-46.89727107564627,-33.49805076831876,0.0,-33.49805076831876,2,0,1.0,1,1,,,,,0.0,0.0,0.0,0.0,0.0,1,1,,,,,0.0,0.0,0.0,0.0,0.0,-46.89727107564627,-33.49805076831876,0.0,-33.49805076831876,2,0,1.0,1,1,,,,,0.0,0.0,0.0,0.0,0.0,1,1,,,,,0.0,0.0,0.0,0.0,0.0
1811,SELL,0.0,0.0,0.0,,0,0,0,0,0,30d,bearish,-41.209501311881276,1,,,,,,,0.0,0.0,0.0,0.0,0.0,,,,,,,,,,,,,,,,,,,,,,,,,,,,,,,,,,,,,,,,,,,,,,,,,,,,,,,,,,,,,,,,,,,,,,,,,,,,,,,,,,,,,,,,,,,,,,,,,,,,,,,,,,,,,,,,,,,,,,,,,,,,,,,,,,,,,,,,,,,,,,,,,,,-41.209501311881276,36.794197599894,0.0,36.794197599894,1,0,1.0,0,0,,,,,,,,,,1,1,,,,,0.0,0.0,0.0,0.0,0.0
1811,USDE,0.0,0.0,0.0,,0,0,0,0,0,30d,bearish,-35.251580659486606,39,,,,,,,0.0,0.0,0.0,0.0,0.0,,,,,,,,,,,,,,,,,,,,,,,,,,,,,,,,,,,,,,,,,,,,,,,,,,,,,,,,,,,,,,,,,,,,,,,,,,,,,,,,,,,,,,,,,-1.8554951848500028,-4.189657510000007,0.0,-4.189657510000007,4,1,1.0,3,1,,,,,0.0,0.0,0.0,0.0,0.0,1,1,,,,,0.0,0.0,0.0,0.0,0.0,-29.68709425370508,-22.16114520004015,0.0,-22.16114520004015,18,1,1.0,9,4,,,,,0.0,0.0,0.0,0.0,0.0,9,8,,,,,0.0,0.0,0.0,0.0,0.0,-35.251580659486606,-12.140050899941214,0.0,-12.140050899941214,39,1,1.0,16,9,,,,,0.0,0.0,0.0,0.0,0.0,23,12,,,,,0.0,0.0,0.0,0.0,0.0
1811,NIGGO,0.0,0.0,0.0,,0,0,0,0,0,30d,bullish,27.015829726709107,4,,,,,,,0.0,0.0,0.0,0.0,0.0,,,,,,,,,,,,,,,,,,,,,,,,,,,,,,,,,,,,,,,,,,,,,,,,,,,,,,,,,,,,,,,,,,,,,,,,,,,,,,,,,,,,,,,,,,,,,,,,,,,,,,,,,,,,,,,,,,,,,,-3.8075603919743797,-1.278904303488333,0.0,-1.278904303488333,2,0,1.0,1,1,,,,,0.0,0.0,0.0,0.0,0.0,1,1,,,,,0.0,0.0,0.0,0.0,0.0,27.015829726709107,20.73780292414273,0.0,20.73780292414273,4,0,1.0,3,2,,,,,0.0,0.0,0.0,0.0,0.0,1,1,,,,,0.0,0.0,0.0,0.0,0.0
1811,UENA,0.0,0.0,0.0,,0,0,0,0,0,30d,bullish,25.105171764054745,35,,,,,,,0.0,0.0,0.0,0.0,0.0,,,,,,,,,,,,,,,,,,,,,,,,,,,,,,,,,,,,,,,,,,,,,,,,,,,,,,,,,,,,,,,,,,,,,,,,,,,,,,,,,,,,,,,,,-3.5826124736768503,-5.34313492763,0.0,-5.34313492763,3,0,1.0,0,0,,,,,,,,,,3,2,,,,,0.0,0.0,0.0,0.0,0.0,3.006558755474259,12.498238256728,0.0,12.498238256728,24,0,1.0,11,7,,,,,0.0,0.0,0.0,0.0,0.0,13,8,,,,,0.0,0.0,0.0,0.0,0.0,25.105171764054745,-12.663885031288002,0.0,-12.663885031288002,35,0,1.0,19,11,,,,,0.0,0.0,0.0,0.0,0.0,16,10,,,,,0.0,0.0,0.0,0.0,0.0
1811,GPT,0.0,0.0,0.0,,0,0,0,0,0,30d,bearish,-23.228442027699934,2,,,,,,,0.0,0.0,0.0,0.0,0.0,,,,,,,,,,,,,,,,,,,,,,,,,,,,,,,,,,,,,,,,,,,,,,,,,,,,,,,,,,,,,,,,,,,,,,,,,,,,,,,,,,,,,,,,,,,,,,,,,,,,,,,,,,,,,,,,,,,,,,,,,,,,,,,,,,,,,,,,,,,,,,,,,,,-23.228442027699934,-25.52576046999993,0.0,-25.52576046999993,2,0,1.0,0,0,,,,,,,,,,2,2,,,,,0.0,0.0,0.0,0.0,0.0
1811,LIQD,0.0,0.0,0.0,,0,0,0,0,0,15d,bearish,-21.839999993605247,5,,,,,,,0.0,0.0,0.0,0.0,0.0,,,,,,,,,,,,,,,,,,,,,,,,,,,,,,,,,,,,,,,,,,,,,,,,,,,,,,,,,,,,,,,,,,,,,,,,,,,,,,,,,,,,,,,,,6.3947520612117614e-09,7.027200155107494e-09,0.0,7.027200155107494e-09,2,0,1.0,1,1,,,,,0.0,0.0,0.0,0.0,0.0,1,1,,,,,0.0,0.0,0.0,0.0,0.0,-21.839999993605247,-15.5999999929728,0.0,-15.5999999929728,5,0,1.0,1,1,,,,,0.0,0.0,0.0,0.0,0.0,4,2,,,,,0.0,0.0,0.0,0.0,0.0,3.591114898099482,8.620109427698372,0.0,8.620109427698372,6,0,1.0,2,2,,,,,0.0,0.0,0.0,0.0,0.0,4,2,,,,,0.0,0.0,0.0,0.0,0.0
1811,UFART,0.0,0.0,0.0,,0,0,0,0,0,15d,bearish,-19.959307898340892,46,,,,,,,0.0,0.0,0.0,0.0,0.0,,-2.8156595284435624,3.0627805985980197,0.0,3.0627805985980197,1,0,1.0,0,0,,,,,,,,,,1,1,,,,,0.0,0.0,0.0,0.0,0.0,-2.8156595284435624,3.0627805985980197,0.0,3.0627805985980197,1,0,1.0,0,0,,,,,,,,,,1,1,,,,,0.0,0.0,0.0,0.0,0.0,-3.832426611872303,4.56236337451302,0.0,4.56236337451302,5,0,1.0,2,1,,,,,0.0,0.0,0.0,0.0,0.0,3,2,,,,,0.0,0.0,0.0,0.0,0.0,-3.9073424158865784,8.36035395332202,0.0,8.36035395332202,14,0,1.0,7,2,,,,,0.0,0.0,0.0,0.0,0.0,7,4,,,,,0.0,0.0,0.0,0.0,0.0,-19.959307898340892,17.381436292304024,0.0,17.381436292304024,46,0,1.0,19,11,,,,,0.0,0.0,0.0,0.0,0.0,27,16,,,,,0.0,0.0,0.0,0.0,0.0,-14.448003839899982,49.925160826959996,0.0,49.925160826959996,108,0,1.0,59,25,,,,,0.0,0.0,0.0,0.0,0.0,49,25,,,,,0.0,0.0,0.0,0.0,0.0
1811,GOOGL,0.0,0.0,0.0,,0,0,0,0,0,30d,bullish,19.6943610864,2,,,,,,,0.0,0.0,0.0,0.0,0.0,,,,,,,,,,,,,,,,,,,,,,,,,,,,,,,,,,,,,,,,,,,,,,,,,,,,,,,,,,,,,,,,,,,,,,,,,,,,,,,,,,,,,,,,,,,,,,,,,,,,,,,,,,,,,,,,,,,,,,2.3871952831999996,2.62329152,0.0,2.62329152,1,0,1.0,1,1,,,,,0.0,0.0,0.0,0.0,0.0,0,0,,,,,,,,,,19.6943610864,21.64215504,0.0,21.64215504,2,0,1.0,2,2,,,,,0.0,0.0,0.0,0.0,0.0,0,0,,,,,,,,,
1811,PANDA,0.0,0.0,0.0,,0,0,0,0,0,30d,bearish,-15.886863615381923,1,,,,,,,0.0,0.0,0.0,0.0,0.0,,,,,,,,,,,,,,,,,,,,,,,,,,,,,,,,,,,,,,,,,,,,,,,,,,,,,,,,,,,,,,,,,,,,,,,,,,,,,,,,,,,,,,,,,,,,,,,,,,,,,,,,,,,,,,,,,,,,,,,,,,,,,,,,,,,,,,,,,,,,,,,,,,,-15.886863615381923,14.184699656591004,0.0,14.184699656591004,1,0,1.0,0,0,,,,,,,,,,1,1,,,,,0.0,0.0,0.0,0.0,0.0
1811,PENIS,0.0,0.0,0.0,,0,0,0,0,0,15d,bearish,-12.72331760851197,2,,,,,,,0.0,0.0,0.0,0.0,0.0,,,,,,,,,,,,,,,,,,,,,,,,,,,,,,,,,,,,,,,,,,,,,,,,,,,,,,,,,,,,,,,,,,,,,,,,,,,,,,,,,,,,,,,,,,,,,,,,,,,,,,,,,,,,,,,,,,,,,,-12.72331760851197,-8.58732264012304,0.0,-8.58732264012304,2,0,1.0,1,1,,,,,0.0,0.0,0.0,0.0,0.0,1,1,,,,,0.0,0.0,0.0,0.0,0.0,-1.0421348782197888,-0.2436206899143385,0.0,-0.2436206899143385,3,0,1.0,2,2,,,,,0.0,0.0,0.0,0.0,0.0,1,1,,,,,0.0,0.0,0.0,0.0,0.0
1811,HAR,0.0,0.0,0.0,,0,0,0,0,0,30d,bearish,-7.586157399713092,1,,,,,,,0.0,0.0,0.0,0.0,0.0,,,,,,,,,,,,,,,,,,,,,,,,,,,,,,,,,,,,,,,,,,,,,,,,,,,,,,,,,,,,,,,,,,,,,,,,,,,,,,,,,,,,,,,,,,,,,,,,,,,,,,,,,,,,,,,,,,,,,,,,,,,,,,,,,,,,,,,,,,,,,,,,,,,-7.586157399713092,6.773354821172404,0.0,6.773354821172404,1,0,1.0,0,0,,,,,,,,,,1,1,,,,,0.0,0.0,0.0,0.0,0.0
1811,RAM,0.0,0.0,0.0,,0,0,0,0,0,15d,bearish,-2.9286187638592716,6,,,,,,,0.0,0.0,0.0,0.0,0.0,,,,,,,,,,,,,,,,,,,,,,,,,,,,,,,,,,,,,,,,,,,,,,,,,,,,,,,,,,,,,,,,,,,,,,,,,,,,,,,,,,,,,,,,,,,,,,,,,,,,,,,,,,,,,,,,,,,,,,-2.9286187638592716,2.614838218119565,0.0,2.614838218119565,6,0,1.0,4,4,,,,,0.0,0.0,0.0,0.0,0.0,2,1,,,,,0.0,0.0,0.0,0.0,0.0,-2.9286187638592716,2.614838218119565,0.0,2.614838218119565,6,0,1.0,4,4,,,,,0.0,0.0,0.0,0.0,0.0,2,1,,,,,0.0,0.0,0.0,0.0,0.0
1811,KHYPE,0.0,0.0,0.0,,0,0,0,0,0,30d,bearish,-2.737598342958317,13,,,,,,,0.0,0.0,0.0,0.0,0.0,,,,,,,,,,,,,,,,,,,,,,,,,,,,,,,,,,,,,,,,,,,,,,,,,,,,,,,,,,,,,,,,,,,,,,,,,,,,,,,,,,,,,,,,,2.6769698703445486,-2.9744109670494985,0.0,-2.9744109670494985,1,0,1.0,1,1,,,,,0.0,0.0,0.0,0.0,0.0,0,0,,,,,,,,,,-1.5802057165319494,-1.6167507692864787,0.0,-1.6167507692864787,4,0,1.0,2,2,,,,,0.0,0.0,0.0,0.0,0.0,2,2,,,,,0.0,0.0,0.0,0.0,0.0,-2.737598342958317,-3.954917691359949,0.0,-3.954917691359949,13,0,1.0,6,5,,,,,0.0,0.0,0.0,0.0,0.0,7,6,,,,,0.0,0.0,0.0,0.0,0.0
1811,SPCXD,0.0,0.0,0.0,,0,0,0,0,0,15d,bearish,-2.4954194999999997,1,,,,,,,0.0,0.0,0.0,0.0,0.0,,,,,,,,,,,,,,,,,,,,,,,,,,,,,,,,,,,,,,,,,,,,,,,,,,,,,,,,,,,,,,,,,,,,,,,,,,,,,,,,,,,,,,,,,,,,,,,,,,,,,,,,,,,,,,,,,,,,,,-2.4954194999999997,-1.54995,0.0,-1.54995,1,0,1.0,0,0,,,,,,,,,,1,1,,,,,0.0,0.0,0.0,0.0,0.0,-2.4954194999999997,-1.54995,0.0,-1.54995,1,0,1.0,0,0,,,,,,,,,,1,1,,,,,0.0,0.0,0.0,0.0,0.0
1811,MU,0.0,0.0,0.0,,0,0,0,0,0,15d,bearish,-1.8658255368521999,1,,,,,,,0.0,0.0,0.0,0.0,0.0,,,,,,,,,,,,,,,,,,,,,,,,,,,,,,,,,,,,,,,,,,,,,,,,,,,,,,,,,,,,,,,,,,,,,,,,,,,,,,,,,,,,,,,,,,,,,,,,,,,,,,,,,,,,,,,,,,,,,,-1.8658255368521999,-1.5548546140435,0.0,-1.5548546140435,1,0,1.0,0,0,,,,,,,,,,1,1,,,,,0.0,0.0,0.0,0.0,0.0,-1.8658255368521999,-1.5548546140435,0.0,-1.5548546140435,1,0,1.0,0,0,,,,,,,,,,1,1,,,,,0.0,0.0,0.0,0.0,0.0
1811,AAVE0,0.0,0.0,0.0,,0,0,0,0,0,72h,bullish,1.4163263999999998,1,,,,,,,0.0,0.0,0.0,0.0,0.0,,,,,,,,,,,,,,,,,,,,,,,,,,,,,,,,,,,,,,,,,,,,,,,,,,,,,,,,,,,,,,,,,,,,,,,,,,,,,,,,,,,,,,,,,1.4163263999999998,-1.573696,0.0,-1.573696,1,0,1.0,1,1,,,,,0.0,0.0,0.0,0.0,0.0,0,0,,,,,,,,,,1.4163263999999998,-1.573696,0.0,-1.573696,1,0,1.0,1,1,,,,,0.0,0.0,0.0,0.0,0.0,0,0,,,,,,,,,,-0.16023078000000035,-3.807715,0.0,-3.807715,3,0,1.0,1,1,,,,,0.0,0.0,0.0,0.0,0.0,2,2,,,,,0.0,0.0,0.0,0.0,0.0
