id,run_id,calculated_at,window_days,address,groups,position_grade,position_score,position_weight_multiplier,sample_trades,closed_trades,open_trades,closed_win_rate,avg_realized_return,avg_unrealized_return,avg_final_return,avg_holding_hours,avg_leverage,max_leverage,avg_max_favorable_pct,avg_max_adverse_pct,low_leverage_ratio,high_leverage_ratio,dominant_coins,note
2713413,1831,2026-09-09 05:17:15,30,0x000000209e0a892842bc06c354e7d097392cbbbb,smart_money,P-C,52.1354457504494,0.75,24,0,24,,,19.501837633883813,19.501837633883813,1669.804386574074,6.0,10.0,48.41789190695177,-16.857686121536513,0.3333333333333333,0.3333333333333333,"ARB,BANANA,BIGTIME,CRV,DOGE",仓位收益偏弱，降权参考
2713414,1831,2026-09-09 05:17:15,30,0x001a1a5eb6800e78197b92a527b3ba8b8d5bfef6,money_printer,P-R,25.0,-0.8,5,0,5,,,-46.446795941002236,-46.446795941002236,1739.6655555555558,9.0,10.0,25.75231013930061,-60.98750215647745,0.0,0.8,"BTC,DOGE,ETH,HYPE,SOL",仓位真实收益偏反向，可作为反向参考
2714511,1831,2026-09-09 05:17:16,30,0x003a85c562730b196f7cba202a2515f2ff855736,smart_money,P-N,50.0,1.0,2,1,1,0.0,-9.039826696101928,1.7961769726421328,-3.6218248617298974,26.00208333333333,25.0,40.0,0.9043120846500302,-6.452881152594947,0.0,1.0,"HYPE,BTC",仓位样本不足，暂不影响权重
2714348,1831,2026-09-09 05:17:16,30,0x004593cdface692ccbc2733b775f624ed0ad703b,smart_money,P-C,29.042213811077396,0.75,3,2,1,0.0,-9.283080539115126,2.4726629740514072,-5.364499368059615,530.5564814814815,3.0,3.0,11.618989944176272,-6.244786454028272,1.0,0.0,BTC,仓位收益偏弱，降权参考
2714754,1831,2026-09-09 05:17:16,30,0x0048d42f232164a85a41f15ccf26cf859e58b108,smart_money,P-N,50.0,1.0,2,2,0,0.5,10.278241419973591,,10.278241419973591,1304.3455555555556,4.5,5.0,31.810418824348236,-27.76001381415543,0.0,0.0,"ZEC,ALGO",仓位样本不足，暂不影响权重
2713415,1831,2026-09-09 05:17:15,30,0x007d76eec0ba411ce873a8819df50dd443d967a0,money_printer,P-G,55.841496576056606,0.65,5,3,2,0.6666666666666666,8.13304154751487,14.904179118869214,10.841496576056606,1033.4028888888888,16.0,40.0,28.713643300921557,-5.063094275238742,0.0,1.0,"ADA,TRUMP,HYPE,BTC,SUI",高杠杆/短线赌徒型，长期单降权
2714317,1831,2026-09-09 05:17:16,30,0x00897e2d7168165b81558c3cd9257efb007f2410,smart_money,P-C,65.59850119372973,0.75,39,34,5,0.38235294117647056,0.46621236616122125,4.230787504189315,0.9810002197909578,76.66685897435899,6.487179487179487,20.0,9.243275131952526,-3.750702479193758,0.48717948717948717,0.2564102564102564,"ZEC,PUMP,PONS,HYPE,BTC",仓位收益偏弱，降权参考
2714903,1831,2026-09-09 05:17:16,30,0x00b43bdee2d3fa676ab06739bf1d52f4bad6591e,money_printer,P-N,50.0,1.0,1,1,0,1.0,57.12047329426488,,57.12047329426488,1190.6591666666666,10.0,10.0,91.32727147918747,0.0,0.0,1.0,HYPE,仓位样本不足，暂不影响权重
2714904,1831,2026-09-09 05:17:16,30,0x00f8da96829820da934fc4a4cb7d39031ce7454b,money_printer,P-N,50.0,1.0,1,1,0,1.0,11.680650584212774,,11.680650584212774,392.00083333333333,10.0,10.0,12.172079979659747,-2.587878580888521,0.0,1.0,HYPE,仓位样本不足，暂不影响权重
2713416,1831,2026-09-09 05:17:15,30,0x010461c14e146ac35fe42271bdc1134ee31c703a,money_printer,P-G,44.8375452156622,0.65,1988,1811,177,0.4798453892876864,-0.14395137039425426,-0.33037586663220586,-0.16245478433779528,106.40498435054775,20.0,20.0,2.024819324142584,-2.0925194273551755,0.0,1.0,"SUI,ACE,ATOM,VIRTUAL,CASHCAT",高杠杆/短线赌徒型，长期单降权
2713417,1831,2026-09-09 05:17:15,30,0x011820f60d75a2b870ffe64a4764873e14bc8ede,smart_money,P-R,25.0,-0.8,15,7,8,0.2857142857142857,-14.321828711612698,-37.09896040102358,-26.47467901154606,866.8438703703705,6.466666666666667,25.0,27.271444182372953,-47.25065755027263,0.6,0.2,"PONS,CASHCAT,APEX,DYDX,ETH",仓位真实收益偏反向，可作为反向参考
2714865,1831,2026-09-09 05:17:16,30,0x0134c6a820166dabbd5b6d582858af1fa9956c03,smart_money,P-N,50.0,1.0,1,1,0,1.0,100.91537847003025,,100.91537847003025,1266.6641666666667,10.0,10.0,104.02576579495748,0.0,0.0,1.0,HYPE,仓位样本不足，暂不影响权重
2714200,1831,2026-09-09 05:17:16,30,0x015354106478dda69c4aae3c0cf801290b738052,money_printer,P-C,21.771212547196626,0.75,3,0,3,,,-16.25095007312834,-15.35940011598309,303.9957407407407,1.3333333333333333,2.0,8.07353833945418,-27.562353417781654,1.0,0.0,"BTC,ZEC,PONS",仓位收益偏弱，降权参考
2714836,1831,2026-09-09 05:17:16,30,0x015910813c8b6af4d68efb0a720a99699659ebc3,smart_money,P-N,50.0,1.0,1,1,0,1.0,23.028369455995904,,23.028369455995904,890.0,10.0,10.0,23.028369455995907,-21.479665421198256,0.0,1.0,HYPE,仓位样本不足，暂不影响权重
2714136,1831,2026-09-09 05:17:16,30,0x01783e91d31c69633153c2aadbf9b7901049d03a,smart_money,P-G,45.154868294193165,0.65,43,38,5,0.5789473684210527,0.18930322722806622,-0.6618749629650894,0.1548682941931673,118.25627906976742,14.30232558139535,40.0,3.512357468399587,-3.8948329294292816,0.11627906976744186,0.6511627906976745,"HYPE,BTC,FET,kPEPE,ETH",高杠杆/短线赌徒型，长期单降权
2714123,1831,2026-09-09 05:17:16,30,0x01bb092c2e4fef1d68ef1ca66e9b1db29f0cf7b7,smart_money,P-A,100.0,1.15,5,3,2,1.0,31.706502090121887,16.168930233926105,25.229549600346182,256.40644444444445,3.2,5.0,31.7903768171143,-0.4992528189104757,0.8,0.0,"BTC,HYPE,XMR,PUMP,ZEC",仓位收益稳定，适合加权参考
2714486,1831,2026-09-09 05:17:16,30,0x01cd055a4c422cd498d35c3691e965819758d479,smart_money,P-G,48.64742258200735,0.65,15,14,1,0.8571428571428571,3.4872696616715877,5.88956346670805,3.6474225820073514,75.59925925925926,16.0,40.0,6.171885836515056,-4.911093511846337,0.0,1.0,"ZEC,PUMP,HYPE,BTC",高杠杆/短线赌徒型，长期单降权
2713418,1831,2026-09-09 05:17:15,30,0x023a3d058020fb76cca98f01b3c48c8938a22355,money_printer,P-C,72.62261196203089,0.75,397,286,111,0.5909090909090909,0.04453122994546665,-4.427062798764173,-0.9624517474022369,389.07351245451997,9.629722921914357,40.0,7.249714281921005,-10.472353225600825,0.3425692695214106,0.44080604534005036,"DASH,BTC,BIO,ETH,ASTER",仓位收益偏弱，降权参考
2714589,1831,2026-09-09 05:17:16,30,0x0252f92ee3f4430ac419fc3e9ae31df718990842,smart_money,P-C,64.441740705723,0.75,102,102,0,0.45098039215686275,1.4365566273713073,,1.4365566273713073,13.029801198257086,3.323529411764706,5.0,3.5098542584753316,-1.3654042263074528,0.5980392156862745,0.0,"HYPE,PUMP,SOL,DOGE,PONS",仓位收益偏弱，降权参考
2714609,1831,2026-09-09 05:17:16,30,0x0291639ea7178930475da17b579e1ac2de8faed8,smart_money,P-B,58.56050045708754,1.0,103,103,0,0.5436893203883495,0.2996677042719243,,0.2996677042719243,7.96139158576052,7.893203883495145,20.0,1.5716458201116406,-1.045186243863559,0.1553398058252427,0.5048543689320388,"HYPE,PUMP,LIT,FARTCOIN,XPL",仓位表现普通有效
2714804,1831,2026-09-09 05:17:16,30,0x0291b14321f0bc83e866054592d4db5523326014,smart_money,P-N,50.0,1.0,1,1,0,0.0,-4.7544840096382,,-4.7544840096382,1380.6716666666666,2.0,2.0,24.56755890554223,-4.7544840096382,1.0,0.0,BTC,仓位样本不足，暂不影响权重
2714416,1831,2026-09-09 05:17:16,30,0x0296c6761c55a3a54815490428e12188f44e8f48,smart_money,P-C,73.33438501545209,0.75,25,8,17,0.625,-15.108769491326468,0.4960275023387187,-4.497507535634141,95.04048888888889,5.2,10.0,4.183419434251029,-8.954272160074177,0.36,0.12,"HYPE,GALA,MORPHO,AERO,ARB",仓位收益偏弱，降权参考
2713419,1831,2026-09-09 05:17:15,30,0x029cd954c38838b2731cb5618e5c950ed4766956,smart_money,P-C,36.4378792138633,0.75,3,0,3,,,4.703713571798729,12.63214815009052,1212.8927777777778,7.666666666666667,10.0,36.15858200933814,-24.36182123637043,0.3333333333333333,0.6666666666666666,"MEGA,HYPE,WLD",仓位收益偏弱，降权参考
2713420,1831,2026-09-09 05:17:15,30,0x02aa6015d2ba9992b88596d36bad706eeef41806,smart_money,P-N,50.0,1.0,2,0,2,,,-22.79175133636438,-22.79175133636438,1739.6655555555556,20.0,20.0,7.649744600818325,-37.771529864293406,0.0,1.0,"BTC,ETH",仓位样本不足，暂不影响权重
2714851,1831,2026-09-09 05:17:16,30,0x02cf911889f9d979dde0f27084e25a4ca58efdf1,smart_money,P-G,40.78440025735828,0.65,4,4,0,0.5,-4.215599742641724,,-4.215599742641724,41.49930555555555,20.0,20.0,2.5618004135093675,-7.786069227329618,0.0,1.0,XRP,高杠杆/短线赌徒型，长期单降权
2714800,1831,2026-09-09 05:17:16,30,0x02fbbf39d1e3c142994b383af5ac3f2ad744cda9,smart_money,P-A,80.8308981504337,1.15,6,6,0,0.6666666666666666,1.3580261566319678,,1.3580261566319678,137.16851851851854,5.833333333333333,10.0,7.813423733967558,-2.747124597297198,0.0,0.16666666666666666,"OP,TIA,SEI,kBONK",仓位收益稳定，适合加权参考
2714273,1831,2026-09-09 05:17:16,30,0x03136324349c003f3498130f56f4526bf5720ab1,smart_money,P-B,64.70009351080294,1.0,5,2,3,0.5,4.923624528687333,2.2527062992408253,3.855196733721377,181.40244444444446,8.0,10.0,12.245894247001138,-9.044498808832774,0.0,0.6,"CRV,UNI,ZEC,MORPHO",仓位表现普通有效
2714832,1831,2026-09-09 05:17:16,30,0x031f72deb03c509af42624ddcd1f63fce5ecb220,smart_money,P-B,100.0,1.0,4,4,0,1.0,35.2361443892703,,35.2361443892703,705.4517361111111,4.25,5.0,43.00100420694973,-12.229051142619047,0.25,0.0,"ZEC,AAVE,CASHCAT,HYPE",仓位表现普通有效
2713421,1831,2026-09-09 05:17:15,30,0x034d4f0b00827e4ac77d910071377f707ddd23d3,smart_money,P-A,86.51530199886899,1.15,477,362,115,0.6270718232044199,1.399077436288127,-1.7225691729047583,1.0019610866508657,274.3203756114605,5.683438155136268,12.0,7.31087559721574,-7.82344926367328,0.25157232704402516,0.06918238993710692,"ZEC,HYPE,LIT,ETH,VVV",仓位收益稳定，适合加权参考
2713422,1831,2026-09-09 05:17:15,30,0x039cc0690200bfba3bacc6a9bcc5f865ed970ebd,smart_money,P-G,43.73634688442817,0.65,232,204,28,0.5294117647058824,-0.421950083482715,-10.420936288902311,-1.26365311557183,167.24298730842904,11.15948275862069,40.0,4.199609374538492,-7.559939644192082,0.034482758620689655,0.7931034482758621,"FARTCOIN,kPEPE,XMR,ZEC,ETH",高杠杆/短线赌徒型，长期单降权
2714139,1831,2026-09-09 05:17:16,30,0x03ef8f736498047c3349bb2c18311d1bb4a79054,smart_money,P-A,100.0,1.15,10,8,2,1.0,7.0337301171974325,-12.996026368022612,3.927611953734518,138.40158333333335,5.8,10.0,7.388584594102648,-6.303405733596447,0.6,0.4,"PONS,HYPE,TRUMP",仓位收益稳定，适合加权参考
2713423,1831,2026-09-09 05:17:15,30,0x0423b4b2acb4f219ae4a270abd5dde2360e455bb,smart_money,P-C,66.42909920663983,0.75,15,14,1,0.42857142857142855,-2.747412611128923,31.06643069068665,-1.1659066919584906,126.57885185185187,4.333333333333333,5.0,6.073675431108879,-8.028225225433589,0.3333333333333333,0.0,"PONS,PUMP,ENA,CASHCAT,SOL",仓位收益偏弱，降权参考
2713424,1831,2026-09-09 05:17:15,30,0x043879aa00ccc098627d71d966429b7efa5b8e4e,smart_money,P-N,50.0,1.0,1,0,1,,,53.953354830160336,53.95335483016033,1739.6655555555556,20.0,20.0,68.85617739299438,0.0,0.0,1.0,SOL,仓位样本不足，暂不影响权重
2714721,1831,2026-09-09 05:17:16,30,0x049bdc370620beab340b01072fa580fd57745e7d,money_printer,P-G,44.554034427526794,0.65,20,20,0,0.65,-0.4459655724732087,,-0.4459655724732087,8.798972222222222,20.0,20.0,0.6551469590827956,-1.1187964407867788,0.0,1.0,"ETH,BTC",高杠杆/短线赌徒型，长期单降权
2714395,1831,2026-09-09 05:17:16,30,0x04cc3147bc87999e5a6b75373daa6ff8f12b38d1,smart_money,P-G,44.17754259138218,0.65,10,9,1,0.2222222222222222,-0.605346945986259,-7.486679012277837,-0.8224574086178194,47.09927777777777,11.0,20.0,3.213622817875831,-3.579412840083884,0.0,0.6,"ZEC,XRP,MON,XMR,ASTER",高杠杆/短线赌徒型，长期单降权
2714440,1831,2026-09-09 05:17:16,30,0x04cc5be7baef93144c6a1f06846d26f808b44ab5,smart_money,P-N,50.0,1.0,1,0,1,,,6.717833161535354,6.717833161535353,49.999722222222225,3.0,3.0,10.86895144643232,-8.23791221523489,1.0,0.0,PONS,仓位样本不足，暂不影响权重
2713425,1831,2026-09-09 05:17:15,30,0x0514f2f3e0277c47117e3f33d9390efb0acfbdfe,smart_money,P-G,35.0,0.65,3,0,3,,,-35.27255292203797,-29.85553308183007,1342.4457407407408,18.333333333333332,25.0,8.376009434102718,-42.34117743123259,0.0,1.0,"AAVE,ETH,BTC",高杠杆/短线赌徒型，长期单降权
2713426,1831,2026-09-09 05:17:15,30,0x051c2e6d49cf82ebc47f08f9b85800f94fc9693c,money_printer,P-A,95.77507744907685,1.15,17,10,7,0.6,2.828303230763561,23.67578040245974,11.412558536756109,527.9216993464054,6.117647058823529,21.0,20.846351993952254,-6.6802508475786775,0.47058823529411764,0.17647058823529413,"PONS,AAVE,ETH,NEAR,XPL",仓位收益稳定，适合加权参考
2714848,1831,2026-09-09 05:17:16,30,0x0526345bf8e09eb32256008c2844c8949ee3bb9a,smart_money,P-N,50.0,1.0,1,1,0,0.0,-1.5286624203821697,,-1.5286624203821697,1.0019444444444445,3.0,3.0,0.0,-3.6942675159235714,1.0,0.0,SAGA,仓位样本不足，暂不影响权重
2713427,1831,2026-09-09 05:17:15,30,0x054a01da80ee37d5220af5471b1eedbdcd2cdb2f,smart_money,P-N,50.0,1.0,2,0,2,,,-56.64241459853041,-60.39899210188001,1706.5331944444445,21.5,40.0,13.44171323493921,-74.0841259324533,0.5,0.5,"HYPE,BTC",仓位样本不足，暂不影响权重
2713428,1831,2026-09-09 05:17:15,30,0x055bc3556d7c6af2f0602a5f38351ee53611f9af,smart_money,P-N,50.0,1.0,1,0,1,,,-12.747019656086197,-12.747019656086197,1739.6655555555556,3.0,3.0,17.974289283543786,-16.16391998437662,1.0,0.0,BTC,仓位样本不足，暂不影响权重
2713429,1831,2026-09-09 05:17:15,30,0x057a3d2f8111a406d3aac222934861ff70d4cbf4,smart_money,P-C,80.09424592389014,0.75,15,7,8,0.42857142857142855,2.9110755937870847,17.580619018771916,11.630488202856363,1166.2418148148147,6.4,10.0,35.25438773138479,-22.486310876377352,0.13333333333333333,0.3333333333333333,"LIT,ARB,EIGEN,INIT,JUP",仓位收益偏弱，降权参考
2713430,1831,2026-09-09 05:17:15,30,0x0584dc22947830561e0b698ef7b600a3d89cc681,smart_money,P-N,50.0,1.0,2,0,2,,,-31.123304007697783,-31.123304007697786,1739.6655555555556,7.5,10.0,7.631473063789991,-41.6728609853657,0.0,0.5,"BTC,ETH",仓位样本不足，暂不影响权重
2714881,1831,2026-09-09 05:17:16,30,0x058985a1ae732643468d03e468c8b13d985631bc,smart_money,P-G,42.89012894976213,0.65,5,5,0,0.4,-2.1098710502378735,,-2.1098710502378735,84.59788888888889,20.0,20.0,0.9835247445643794,-3.0951262693765846,0.0,1.0,"ETH,BTC",高杠杆/短线赌徒型，长期单降权
2713431,1831,2026-09-09 05:17:15,30,0x05904930cae1e9a48c055f4a8a83480ba7fc6abf,money_printer,P-R,25.0,-0.8,15,2,13,0.0,-37.81072052483139,-11.146173441461341,-13.56077922888721,1109.5440740740742,6.866666666666666,10.0,19.216488742032837,-30.034626233057192,0.06666666666666667,0.4,"NEAR,HYPE,LDO,LINK,MON",仓位真实收益偏反向，可作为反向参考
2714108,1831,2026-09-09 05:17:16,30,0x05936f6a5ea9abfbfcc690f1a6140d97e80640f9,money_printer,P-C,26.371453609124345,0.75,5,3,2,0.0,-0.9887418836391971,21.298885493543196,6.190876782882078,134.00194444444443,10.6,20.0,10.005001824004445,-0.9629592708734981,0.2,0.4,"BTC,HYPE,ETH",仓位收益偏弱，降权参考
2713432,1831,2026-09-09 05:17:15,30,0x05a42708e46733da056d09e0a355bfd2c3054eba,smart_money,P-C,52.69954820204999,0.75,26,8,18,0.5,3.7846602503049467,-13.02169077475599,-6.340477254213709,965.1638034188036,8.307692307692308,20.0,16.737469005837497,-27.21422614850447,0.07692307692307693,0.5384615384615384,"SUI,AVAX,ETC,ADA,ETH",仓位收益偏弱，降权参考
2713433,1831,2026-09-09 05:17:15,30,0x05b5a0ae689c17cad8155932782a5c29426abe75,money_printer,P-G,50.28046981236532,0.65,5,2,3,1.0,6.917399234336266,4.390984391622777,5.28046981236532,999.2331666666666,12.2,21.0,16.173092652859083,-10.847273037606557,0.0,0.6,"LDO,BTC,ETH,BCH",高杠杆/短线赌徒型，长期单降权
2714142,1831,2026-09-09 05:17:16,30,0x05c47beed53eb8b3fc14538f881d0941cbbe05a1,smart_money,P-C,58.5328226005805,0.75,8,5,3,0.4,-3.686820109487924,27.33909054319658,7.000961365330534,298.70878472222216,13.25,40.0,13.821996361592063,-7.483240842459126,0.25,0.375,"PURR,LIT,BTC,ETH,SOL",仓位收益偏弱，降权参考
2714109,1831,2026-09-09 05:17:16,30,0x05df8c46c75a06ee097c0a90f9fbe8a11a4eba39,smart_money,P-G,46.432284350580396,0.65,3,2,1,0.0,-0.5158219070723811,3.670173304637106,1.432284350580394,245.00027777777777,20.0,20.0,6.181229869850379,-1.257691876158022,0.0,1.0,BTC,高杠杆/短线赌徒型，长期单降权
2713434,1831,2026-09-09 05:17:15,30,0x05e70979fd3355133f91fc7c6597a8274169b3be,smart_money,P-C,94.39424000136306,0.75,8,6,2,1.0,9.787307365072191,-36.94921088317578,-2.0683299342781885,439.79260416666665,7.625,20.0,9.861616311114194,-18.149754788707536,0.25,0.375,"PONS,ZEC,XPL,BTC,LIT",仓位收益偏弱，降权参考
2713435,1831,2026-09-09 05:17:15,30,0x0642ac031890cdc469a2ada5965359a8432467f9,smart_money,P-N,50.0,1.0,2,0,2,,,-60.10435606422644,-57.22325668985398,1357.33625,17.5,25.0,14.292934269916879,-77.52071301888597,0.0,1.0,"ETH,ENA",仓位样本不足，暂不影响权重
2714669,1831,2026-09-09 05:17:16,30,0x065612c177776f3c635dff181edf170f9c196a05,smart_money,P-C,36.16121283498053,0.75,5,5,0,0.4,-3.9142436041898265,,-3.9142436041898265,51.00366666666666,7.6,10.0,7.517128035150469,-10.70152910504672,0.2,0.6,"PONS,TRX,HYPE,TRUMP,KAITO",仓位收益偏弱，降权参考
2714785,1831,2026-09-09 05:17:16,30,0x06cecfbac34101ae41c88ebc2450f8602b3d164b,money_printer,P-G,35.0,0.65,5,5,0,0.2,-34.040591423133826,,-34.040591423133826,1413.0733333333333,13.0,20.0,14.459214383088996,-52.16435558462656,0.0,0.8,"ETH,BTC,HYPE,MON,AAVE",高杠杆/短线赌徒型，长期单降权
2713436,1831,2026-09-09 05:17:15,30,0x06d5af06a3a7d29909e1cdc7a9deded2fb14ab57,smart_money,P-B,84.44817917050311,1.0,6,2,4,0.5,2.493844932661557,26.763442536741106,18.50437502129981,1224.109074074074,5.333333333333333,10.0,29.57289280456457,-13.572178566256348,0.16666666666666666,0.16666666666666666,"BTC,HYPE,MORPHO,APEX,NEAR",仓位表现普通有效
2713437,1831,2026-09-09 05:17:15,30,0x0701363ed0a7809b2b8ca7e22aaccea4a670216c,smart_money,P-N,50.0,1.0,2,0,2,,,-10.620327421280358,-10.620327421280358,1739.6655555555556,2.5,3.0,25.448660347753812,-12.812359708658779,1.0,0.0,"BTC,ETH",仓位样本不足，暂不影响权重
2713438,1831,2026-09-09 05:17:15,30,0x0748e296e5a350ec36c8487a1cea406e1b57d4b2,money_printer,P-G,63.1949796237174,0.65,14,6,8,0.8333333333333334,5.6633431545434805,27.345003202001926,18.194979623717405,1249.450634920635,10.5,20.0,37.762694296130846,-9.26489957335258,0.0,0.6428571428571429,"HYPE,AAVE,ADA,AVAX,INJ",高杠杆/短线赌徒型，长期单降权
2713439,1831,2026-09-09 05:17:15,30,0x077a25d1f579574fe168bbaa924e40c9bfa57ccc,smart_money,P-N,50.0,1.0,2,0,2,,,0.9296727734879653,-6.305832228306684,1603.8287500000001,15.0,25.0,35.79947155322934,-48.8058148162867,0.0,0.5,"ETH,LIT",仓位样本不足，暂不影响权重
2714921,1831,2026-09-09 05:17:16,30,0x07d431758c8bbbc111996d0af6f09c48416d2160,smart_money,P-N,50.0,1.0,1,1,0,0.0,-4.407426967495667,,-4.407426967495667,189.0011111111111,10.0,10.0,1.2631953392708817,-9.21739031714226,0.0,1.0,HYPE,仓位样本不足，暂不影响权重
2713440,1831,2026-09-09 05:17:15,30,0x07fd993f0fa3a185f7207adccd29f7a87404689d,money_printer,P-C,40.99147559581656,0.75,60,0,60,,,0.7310231398331183,2.9957377979082804,1736.0806481481509,7.233333333333333,40.0,26.973689453425703,-21.302594196515773,0.3,0.35,"AAVE,AERO,ALGO,ALT,ANIME",仓位收益偏弱，降权参考
2714181,1831,2026-09-09 05:17:16,30,0x07fe8986162d7f68bcfe15822ec062123dd45f9f,smart_money,P-G,45.223128124103894,0.65,36,30,6,0.6,0.16030240244716315,-1.3081552420248295,0.22312812410389146,190.1998765432099,10.13888888888889,20.0,6.493310711561566,-6.192864140558386,0.0,0.8611111111111112,"FARTCOIN,HYPE,WLFI,SUI,kPEPE",高杠杆/短线赌徒型，长期单降权
2713441,1831,2026-09-09 05:17:15,30,0x082e843a431aef031264dc232693dd710aedca88,money_printer,P-N,50.0,1.0,1,0,1,,,122.5013251283112,122.5013251283112,1739.6655555555556,5.0,5.0,131.2251942444183,0.0,0.0,0.0,HYPE,仓位样本不足，暂不影响权重
2714565,1831,2026-09-09 05:17:16,30,0x0873ca7cb967af8c35642d903a950d256c1701df,smart_money,P-G,45.05500642985798,0.65,177,176,1,0.5965909090909091,0.05817612460861285,0.10282475805516032,0.05500642985798133,4.0847975517890776,12.0,12.0,0.4978965052560706,-0.41734384797507845,0.0,1.0,SOL,高杠杆/短线赌徒型，长期单降权
2713442,1831,2026-09-09 05:17:15,30,0x088cc6048f04dc01fb00e90421911b362e758e70,smart_money,P-C,64.13943352306836,0.75,13,0,13,,,33.60423221618879,33.604232216188784,1739.6655555555556,3.0,3.0,48.90681657865112,-26.09970002324424,1.0,0.0,"AAVE,BNB,CAKE,CRV,DOGE",仓位收益偏弱，降权参考
2714729,1831,2026-09-09 05:17:16,30,0x089fe537f4b2af55fa990bc64ff4125800bba4f8,money_printer,P-N,50.0,1.0,1,1,0,1.0,55.81290758325211,,55.81290758325211,1136.0208333333333,5.0,5.0,65.13187844432538,-15.564277482552102,0.0,0.0,ZEC,仓位样本不足，暂不影响权重
2713443,1831,2026-09-09 05:17:15,30,0x08a49e7f7133577aa942f1c24119ff1c6797126d,smart_money,P-B,79.0693442166799,1.0,261,242,19,0.6115702479338843,0.42845547832498515,0.7031676450097145,0.4247325877421236,80.48165815240526,6.517241379310345,20.0,2.8507464594059364,-2.644297384068124,0.1417624521072797,0.32950191570881227,"PUMP,LIT,VVV,ZEC,NEAR",仓位表现普通有效
2713444,1831,2026-09-09 05:17:15,30,0x08bf75d17046412ae08c95b6106993f714487872,smart_money,P-N,50.0,1.0,1,0,1,,,-25.29993401451681,-23.74902250347582,1739.6655555555556,20.0,20.0,20.176912281420627,-27.141734742185996,0.0,1.0,ETH,仓位样本不足，暂不影响权重
2713445,1831,2026-09-09 05:17:15,30,0x08c14b32c8a48894e4b933090ebcc9ce33b21135,money_printer,P-A,100.0,1.15,12,2,10,1.0,28.80709725720383,33.34624395281425,32.8341687118202,1491.5429398148146,7.166666666666667,20.0,56.69570271876802,-23.206408335327364,0.16666666666666666,0.3333333333333333,"AAVE,BTC,ENA,ETHFI,LDO",仓位收益稳定，适合加权参考
2713446,1831,2026-09-09 05:17:15,30,0x08f85d5d9292b14b0aa0bd096606cfb24c6e8ca1,smart_money,P-C,85.98970004336019,0.75,5,2,3,1.0,4.009776314984859,-50.53896181330436,-28.719466561988675,566.5337777777778,3.4,4.0,4.469953429934374,-34.04261777630501,0.6,0.0,"ZEC,HYPE,BTC",仓位收益偏弱，降权参考
2713447,1831,2026-09-09 05:17:15,30,0x091159a8106b077c13e89bc09701117e8b5f129a,money_printer,P-A,94.43243243243244,1.15,37,5,32,0.6,7.420964117665844,14.082873271019448,11.69437765654332,776.988258258258,7.216216216216216,20.0,35.37581022977713,-11.050082884854492,0.3783783783783784,0.3783783783783784,"JUP,BTC,AERO,LIT,MON",仓位收益稳定，适合加权参考
2714208,1831,2026-09-09 05:17:16,30,0x0937aa6d83c851d506433ab342387a337c8b512a,smart_money,P-G,48.64933408060972,0.65,17,12,5,0.9166666666666666,5.235839896732113,-3.041793343193601,3.6493340806097168,155.53282679738564,10.352941176470589,20.0,13.533478645943724,-4.771513413501795,0.11764705882352941,0.6470588235294118,"ETH,AAVE,LDO,UNI,PENDLE",高杠杆/短线赌徒型，长期单降权
2714231,1831,2026-09-09 05:17:16,30,0x093f2e026bf3d52f5ba02306976255782ffbf712,smart_money,P-G,44.98636967703811,0.65,273,271,2,0.5571955719557196,-0.013154881478003045,-0.07805264402804804,-0.013630322961886158,3.351666666666669,15.974358974358974,20.0,0.23058231459709624,-0.22692812103684573,0.003663003663003663,0.7326007326007326,"ETH,BTC",高杠杆/短线赌徒型，长期单降权
2713448,1831,2026-09-09 05:17:15,30,0x0980b34ade9476dba81bcdb0f865a333793ad1c2,smart_money,P-G,35.0,0.65,14,1,13,0.0,-16.92031531166298,-32.356270098640685,-25.860089463994147,1329.8497023809525,11.142857142857142,20.0,31.247845508912928,-56.24883898014622,0.14285714285714285,0.7142857142857143,"BTC,CRV,DOGE,ENA,ETH",高杠杆/短线赌徒型，长期单降权
2714153,1831,2026-09-09 05:17:16,30,0x09969138013fdfae9438fbd705515f047f8a0ba6,smart_money,P-N,50.0,1.0,1,0,1,,,-20.39383263502225,-20.39383263502225,457.00388888888887,3.0,3.0,1.029556650246307,-38.38452384842969,1.0,0.0,AAVE,仓位样本不足，暂不影响权重
2714518,1831,2026-09-09 05:17:16,30,0x09bc1cf4d9f0b59e1425a8fde4d4b1f7d3c9410d,money_printer,P-G,45.12276747085111,0.65,43,42,1,0.6666666666666666,0.13443457645578422,-0.39386569725525605,0.12276747085110978,16.767667958656332,40.0,40.0,0.3614032240326574,-0.2944975640730267,0.0,1.0,BTC,高杠杆/短线赌徒型，长期单降权
2714146,1831,2026-09-09 05:17:16,30,0x0a06ec6754b628be489b2c40bba20c8580392a7b,money_printer,P-B,59.03003796242793,1.0,121,117,4,0.5726495726495726,0.15179239577062376,1.0367424572947934,0.14996988889215002,26.967089072543637,9.355371900826446,10.0,0.944257865519076,-1.0504109579117977,0.04132231404958678,0.8677685950413223,"SOL,AAVE,FARTCOIN,WLFI",仓位表现普通有效
2714566,1831,2026-09-09 05:17:16,30,0x0a8817c801b0801c2f2acfc8778a7cd807161e07,smart_money,P-B,81.21925905683098,1.0,142,141,1,0.624113475177305,0.04930741743775844,-0.04590085415502877,0.04734803805488776,5.119782863849765,2.5,13.0,0.28238716122943297,-0.20104489703490938,0.852112676056338,0.028169014084507043,ETH,仓位表现普通有效
2714157,1831,2026-09-09 05:17:16,30,0x0ad9e656d9e6211d0ea1c5462342e1fc94cc4cbf,money_printer,P-S,100.0,1.25,8,6,2,1.0,12.425038298297252,12.054240931337876,12.159434064931403,233.88013888888892,3.625,10.0,16.66034910874595,-1.3764309732912685,0.625,0.125,"BTC,ETH,ZEC,PONS",仓位收益、持仓周期、杠杆结构适合长期参考
2713449,1831,2026-09-09 05:17:15,30,0x0af66f3571761d7196b713ff881609d7e7456fe1,smart_money,P-A,88.94488254653045,1.15,5,3,2,0.6666666666666666,13.10168094913647,-4.676712851995518,6.144257918251801,1266.9306666666666,4.4,10.0,33.234716036663954,-34.15063793648068,0.8,0.2,"HYPE,MEGA,CASHCAT,DOT,VINE",仓位收益稳定，适合加权参考
2714437,1831,2026-09-09 05:17:16,30,0x0b1ace05eb9ef1c3a1951b763700ecad24f27741,smart_money,P-G,45.110085429479255,0.65,1164,1143,21,0.5398075240594926,0.10764540931969148,0.18285014615147027,0.11008542947925626,5.144959908361966,9.118556701030927,20.0,1.1150845872297697,-0.9398538139369776,0.1872852233676976,0.6924398625429553,"CASHCAT,UNI,SOL,ARB,AAVE",高杠杆/短线赌徒型，长期单降权
2713450,1831,2026-09-09 05:17:15,30,0x0c1fd4fed8679488afb3b23b2b872971e0001d39,smart_money,P-C,60.40935830429848,0.75,245,211,34,0.5023696682464455,-0.8690454621965995,-10.453985472982973,-1.9700959711702306,178.52717913832203,9.518367346938776,40.0,3.6756933647064427,-8.731590419708452,0.05714285714285714,0.6408163265306123,"FARTCOIN,LIT,ETH,XMR,ZEC",仓位收益偏弱，降权参考
2714604,1831,2026-09-09 05:17:16,30,0x0c3405f5fcb19e6e42f7a05fad4ea3e52346b6d9,smart_money,P-C,69.61698519186224,0.75,11,11,0,0.5454545454545454,-0.9893799207690926,,-0.9893799207690926,2.4544191919191922,3.0,3.0,1.7738564908030456,-3.4983578230211694,1.0,0.0,"PONS,USELESS",仓位收益偏弱，降权参考
2714739,1831,2026-09-09 05:17:16,30,0x0c349d9b92fbd172bbb5a17a9db0a673a6a10ad3,money_printer,P-G,47.338211494181245,0.65,5,5,0,1.0,2.3382114941812415,,2.3382114941812415,3.601388888888889,32.6,40.0,3.560763548151576,-0.07418472756734859,0.2,0.8,"BTC,PONS",高杠杆/短线赌徒型，长期单降权
2714252,1831,2026-09-09 05:17:16,30,0x0c44471cc8516125ead11e09446302ae20540ed4,smart_money,P-G,45.90066658727155,0.65,9,7,2,0.7142857142857143,0.6769067481289223,1.2764577241973416,0.9006665872715508,333.5139814814815,30.0,40.0,5.041701895896666,-4.632196945863642,0.0,1.0,"BTC,HYPE",高杠杆/短线赌徒型，长期单降权
2714636,1831,2026-09-09 05:17:16,30,0x0c4a3a7ac74d43732f9b5ea507f01ab72a381b19,smart_money,P-G,45.6853087852932,0.65,10,10,0,0.6,0.685308785293204,,0.685308785293204,190.16608333333335,30.0,40.0,3.482839325306101,-1.7368965174746176,0.0,1.0,"BTC,ETH,HYPE",高杠杆/短线赌徒型，长期单降权
2714220,1831,2026-09-09 05:17:16,30,0x0c51fe7923bee4c22a84c5b4109e0c5336d8fde2,smart_money,P-A,79.82198866112131,1.15,84,80,4,0.625,1.7764571089236298,0.5766769502964144,1.702660997227321,32.73832010582013,6.273809523809524,20.0,4.449829116484304,-2.4918545170049007,0.30952380952380953,0.16666666666666666,"LIT,ZEC,KAITO,PUMP,GRAM",仓位收益稳定，适合加权参考
2713451,1831,2026-09-09 05:17:15,30,0x0c7aafb0a737a800b2e908974be6a1c9f9892f50,smart_money,P-G,35.0,0.65,3,0,3,,,-13.332848093545293,-12.72030149229552,1293.7747222222222,20.0,20.0,12.460170969235081,-19.100427423532192,0.0,1.0,"BTC,ETH,SOL",高杠杆/短线赌徒型，长期单降权
2714140,1831,2026-09-09 05:17:16,30,0x0ca4109c94438dde8d7386da27180f414de80fa8,smart_money,P-C,85.48448498912725,0.75,17,10,7,0.9,2.6808973041482114,-12.825572707293412,-3.7041197593865736,316.1627614379085,7.588235294117647,20.0,3.6229331819297634,-22.776649489717073,0.17647058823529413,0.47058823529411764,"HYPE,ETH,ENS,GALA,STX",仓位收益偏弱，降权参考
2713452,1831,2026-09-09 05:17:15,30,0x0cacfc8c96b84bc5698fcdcb5ffd536b4a246170,money_printer,P-N,50.0,1.0,2,1,1,1.0,37.03623962244652,-18.82819203656035,11.919215610948592,1719.6681944444445,20.0,20.0,33.23947643661293,-10.058832174230469,0.0,1.0,"ETH,BTC",仓位样本不足，暂不影响权重
2713453,1831,2026-09-09 05:17:15,30,0x0cd16f3f840852b17db7f47c270bbd1a9d082bf3,smart_money,P-N,50.0,1.0,2,0,2,,,-36.47886227017766,-36.53559012488828,1739.6655555555556,4.5,6.0,29.489383095603472,-57.5480570334523,0.5,0.0,"ETH,HYPE",仓位样本不足，暂不影响权重
2714104,1831,2026-09-09 05:17:16,30,0x0ce048fe42c170e41740ee392e187f19515f339d,smart_money,P-C,61.21381871023449,0.75,68,61,7,0.4262295081967213,1.0785764454303042,7.013518716068198,1.806523627055527,59.33940767973853,8.147058823529411,20.0,6.636022126578149,-2.668150873648454,0.29411764705882354,0.4117647058823529,"BTC,HYPE,ETH,SOL,PUMP",仓位收益偏弱，降权参考
2714888,1831,2026-09-09 05:17:16,30,0x0d1334c633c32ea203abe54c8208d4d9fb5bcba2,smart_money,P-N,50.0,1.0,1,1,0,1.0,16.706443114553583,,16.706443114553583,1246.6591666666666,40.0,40.0,24.914982131071522,0.0,0.0,1.0,BTC,仓位样本不足，暂不影响权重
2713454,1831,2026-09-09 05:17:15,30,0x0d2cc9a3f3177ecbb6ecf8fbd0e6645fcfa2b208,money_printer,P-N,50.0,1.0,1,0,1,,,40.537269849979914,40.53726984997992,1739.6655555555556,10.0,10.0,46.04747859772209,-16.155494367305874,0.0,1.0,HYPE,仓位样本不足，暂不影响权重
2713455,1831,2026-09-09 05:17:15,30,0x0daf132c5554fd7d5eb422585426af557d8847e0,money_printer,P-C,0.43787921386329387,0.75,3,0,3,,,-36.001493164859745,-36.001493164859745,1739.6655555555556,8.333333333333334,10.0,22.3615432373861,-55.38990302473059,0.0,0.6666666666666666,"FARTCOIN,HYPE,MON",仓位收益偏弱，降权参考
2714595,1831,2026-09-09 05:17:16,30,0x0dc69f398a6c1b6d1777ff4be17cdb97ca7e5786,smart_money,P-G,46.07758849988768,0.65,4,4,0,0.5,1.0775884998876852,,1.0775884998876852,16.50027777777778,12.0,25.0,3.30415859293511,-0.8676732954312366,0.25,0.75,"ONDO,PONS,ETH",高杠杆/短线赌徒型，长期单降权
2714716,1831,2026-09-09 05:17:16,30,0x0dd5db9c3748486e747c6a123727f472668cf6ee,smart_money,P-C,63.29825514940402,0.75,170,170,0,0.4764705882352941,0.03148051587848304,,0.03148051587848304,3.3587303921568643,4.023529411764706,10.0,0.3097130304123961,-0.2828784986809043,0.011764705882352941,0.0058823529411764705,"ETH,BTC",仓位收益偏弱，降权参考
2714786,1831,2026-09-09 05:17:16,30,0x0ddf9bae2af4b874b96d287a5ad42eb47138a902,money_printer,P-N,50.0,1.0,2,2,0,0.5,-12.72305495034928,,-12.72305495034928,627.8286111111112,2.5,3.0,7.110306320936596,-15.3321812002585,1.0,0.0,"ENA,ETH",仓位样本不足，暂不影响权重
2713456,1831,2026-09-09 05:17:15,30,0x0dfc5e0e9ae0bc59337d8f4f11459fdc7a146388,smart_money,P-G,43.11174398268691,0.65,6,0,6,,,-5.877520471266501,-1.8882560173130898,1497.1947222222223,11.666666666666666,25.0,19.83649498336583,-21.547405555751755,0.0,0.8333333333333334,"BCH,BTC,NEAR,LTC,SUI",高杠杆/短线赌徒型，长期单降权
2713457,1831,2026-09-09 05:17:15,30,0x0e21ecedde58a8e077ef669a163044e70a62a3fb,smart_money,P-G,35.0,0.65,16,12,4,0.3333333333333333,-28.317219616265817,-79.95126447732932,-40.594464148564875,1477.8297569444449,14.875,40.0,5.009631983672658,-56.274609028851145,0.0625,0.8125,"ETH,BTC,HYPE,ZEC,ARB",高杠杆/短线赌徒型，长期单降权
2714417,1831,2026-09-09 05:17:16,30,0x0eb8f692baba6c6f4a5e57c7e222758c95a9ce81,smart_money,P-N,50.0,1.0,2,1,1,0.0,-25.34535367733519,8.193793341021777,-8.575780168156706,868.8318055555555,10.0,10.0,16.114957598815373,-16.77025886283714,0.0,1.0,JUP,仓位样本不足，暂不影响权重
2713458,1831,2026-09-09 05:17:15,30,0x0eba5721065f961bced568527bfa03ea9ed61a00,smart_money,P-N,50.0,1.0,1,0,1,,,52.239548772395494,52.23954877239548,1739.6655555555556,1.0,1.0,66.54869866548698,0.0,1.0,0.0,MON,仓位样本不足，暂不影响权重
2714025,1831,2026-09-09 05:17:15,30,0x0eecd62efb05009e2b72964b4bcdbcf653afd4c5,smart_money,P-C,76.3651030396648,0.75,79,74,5,0.6351351351351351,0.5541438407959162,-37.43566720417148,-1.2876845390112532,58.23347046413499,5.860759493670886,20.0,1.9299545941607272,-3.5307122772737007,0.05063291139240506,0.0759493670886076,"SOL,BTC,ETH,LIT,ZEC",仓位收益偏弱，降权参考
2714626,1831,2026-09-09 05:17:16,30,0x0f7707db61e6add7c377757c0aa8068a58e389cc,smart_money,P-G,56.66202935715098,0.65,3,3,0,1.0,11.66202935715098,,11.66202935715098,686.8991666666667,25.0,40.0,21.181496234978383,-6.332664921362422,0.0,1.0,"HYPE,BTC,ETH",高杠杆/短线赌徒型，长期单降权
2713990,1831,2026-09-09 05:17:15,30,0x0f7a453567401070ddb6b4ec82f97bd78b857c04,smart_money,P-C,71.35249054035602,0.75,184,145,39,0.496551724137931,0.11000772573968254,-4.396647585861994,-0.5291520311713223,109.81077898550727,5.646739130434782,40.0,6.3842089239757,-9.524274296007675,0.3967391304347826,0.21739130434782608,"ACE,SKR,XMR,PONS,VVV",仓位收益偏弱，降权参考
2713459,1831,2026-09-09 05:17:15,30,0x0f8c856907dfafb96871abe09a76586311632ef8,smart_money,P-N,50.0,1.0,1,0,1,,,13.937901932710487,13.937901932710487,1739.6655555555556,10.0,10.0,46.49080340190009,0.0,0.0,1.0,ETH,仓位样本不足，暂不影响权重
2714075,1831,2026-09-09 05:17:15,30,0x0f9c4b57f918a3161c906c137e637e2f5b3457a7,smart_money,P-N,50.0,1.0,1,0,1,,,29.516604329593104,29.5166043295931,685.9997222222222,5.0,5.0,41.319296537455116,-3.156794639289337,0.0,0.0,WLD,仓位样本不足，暂不影响权重
2714522,1831,2026-09-09 05:17:16,30,0x0fd468a73084daa6ea77a9261e40fdec3e67e0c7,money_printer,P-G,45.056554117015,0.65,64,63,1,0.6507936507936508,0.061458032499859865,-0.2857936225165741,0.05655411701499786,11.531397569444442,13.0,13.0,0.2307300908296177,-0.22971289736302639,0.0,1.0,BTC,高杠杆/短线赌徒型，长期单降权
2714877,1831,2026-09-09 05:17:16,30,0x0fd6f65d35cf13ae51795036d0ae9af42f3cbcb4,smart_money,P-N,50.0,1.0,1,1,0,1.0,0.5680044852865482,,0.5680044852865482,0.9986111111111111,1.0,1.0,0.5680044852865481,0.0,1.0,0.0,HYPE,仓位样本不足，暂不影响权重
2714512,1831,2026-09-09 05:17:16,30,0x1001a2fed4bdac4dd037319af153093185b90350,smart_money,P-A,72.13135296266348,1.15,40,40,0,0.575,1.190676481331741,,1.190676481331741,11.648868055555557,4.525,10.0,4.11950599292435,-2.5987322574638663,0.3,0.025,"LIT,CASHCAT,ZEC,TAO,HYPE",仓位收益稳定，适合加权参考
2714026,1831,2026-09-09 05:17:15,30,0x103e9d15f8a102ef9333ad8b66ffe25b0db448a4,money_printer,P-N,50.0,1.0,1,0,1,,,-3.605201181144721,-11.144407917643873,1083.7127777777778,10.0,10.0,9.213123135212667,-24.253234877840633,0.0,1.0,AAVE,仓位样本不足，暂不影响权重
2713460,1831,2026-09-09 05:17:15,30,0x10495f72a1623ff2d836a2cbb25eaba7ff92e246,smart_money,P-N,50.0,1.0,1,0,1,,,-28.315872348420456,-20.521156215703105,1739.6655555555556,10.0,10.0,23.372851277106705,-33.37534209800223,0.0,1.0,HYPE,仓位样本不足，暂不影响权重
2714356,1831,2026-09-09 05:17:16,30,0x105a8501eae3aa9462a47568a2de12e421f75e5e,smart_money,P-R,25.0,-0.8,27,24,3,0.375,-9.673885973710577,-5.251005219584779,-9.182454778807712,413.6683333333334,7.2592592592592595,40.0,8.178092931663167,-19.38334121018129,0.4444444444444444,0.2962962962962963,"FIL,PURR,XMR,PYTH,ASTER",仓位真实收益偏反向，可作为反向参考
2714519,1831,2026-09-09 05:17:16,30,0x107a3e62969957f4c0be0340f457f1298acfe78e,smart_money,P-G,43.49146981936163,0.65,44,42,2,0.7142857142857143,-1.4478921728449752,-2.7819283442996308,-1.508530180638369,25.06744318181818,16.068181818181817,40.0,1.1336304451058927,-2.8468549636236444,0.045454545454545456,0.7045454545454546,"BTC,HYPE,ZEC,TRUMP,LIT",高杠杆/短线赌徒型，长期单降权
2714255,1831,2026-09-09 05:17:16,30,0x10b6f072fabe21bc72ffd77ff5d4414e6cef2980,smart_money,P-C,22.33400591773973,0.75,3,2,1,0.0,-6.380997421429737,-1.3938151013258697,-4.718603314728448,298.3350925925926,3.3333333333333335,4.0,1.3058754219929651,-6.003412602516174,0.3333333333333333,0.0,BTC,仓位收益偏弱，降权参考
2714086,1831,2026-09-09 05:17:15,30,0x10c0ecdc55537474489435af0ec8d17baabb715e,smart_money,P-N,50.0,1.0,1,0,1,,,-95.50386667465979,-95.50386667465978,611.0038888888889,10.0,10.0,2.174929560577915,-125.08842395539837,0.0,1.0,ENA,仓位样本不足，暂不影响权重
2714893,1831,2026-09-09 05:17:16,30,0x10d7da9340e45a6ec6f93a495a7f9ae0e5075a34,smart_money,P-N,50.0,1.0,2,2,0,0.5,-3.8829938555072983,,-3.8829938555072983,582.1420833333333,3.0,3.0,4.2711217958875425,-5.631742851422196,1.0,0.0,"SOL,BTC",仓位样本不足，暂不影响权重
2713461,1831,2026-09-09 05:17:15,30,0x10d9dc2812ccb0ea9a9b89864def70a57a944890,smart_money,P-C,73.7749472732553,0.75,18,7,11,0.8571428571428571,4.896863832459897,-22.859380783149053,-10.161361535473054,489.6112654320989,7.277777777777778,20.0,10.6190546419596,-25.54417175021235,0.3888888888888889,0.3888888888888889,"CASHCAT,TAO,VVV,ETH,ETHFI",仓位收益偏弱，降权参考
2714397,1831,2026-09-09 05:17:16,30,0x10da391e349b02b380359cb402dc908dfe660221,smart_money,P-B,88.2736522345006,1.0,18,12,6,0.9166666666666666,4.205565858670124,-2.2068778681774814,2.166019147289325,72.83314814814815,11.055555555555555,40.0,6.568622304493454,-4.990386609431923,0.3888888888888889,0.3888888888888889,"BTC,CASHCAT,HYPE,ETH,PONS",仓位表现普通有效
2714692,1831,2026-09-09 05:17:16,30,0x1116b5fcc070945062e8879841c29807db373d0d,smart_money,P-C,68.40983625479849,0.75,6,6,0,0.6666666666666666,-0.5191714578523012,,-0.5191714578523012,23.33560185185185,3.1666666666666665,5.0,1.654870927384452,-1.9144140689172529,0.6666666666666666,0.0,"HYPE,ETH,BTC",仓位收益偏弱，降权参考
2714351,1831,2026-09-09 05:17:16,30,0x112819b32d30680790d9caac04b656dd52da21a1,smart_money,P-G,47.78866315032831,0.65,13,10,3,1.0,3.4152638568161984,0.6999941287020078,2.7886631503283086,225.89679487179487,12.076923076923077,22.0,6.796824895079878,-4.699426138975958,0.0,1.0,"HYPE,ETH,BTC",高杠杆/短线赌徒型，长期单降权
2713462,1831,2026-09-09 05:17:15,30,0x115231b1c0ad58f97944f8e69ef0dbb35f1cd055,smart_money,P-N,50.0,1.0,1,0,1,,,-5.887054344202701,-1.0206084874537615,1739.6655555555556,20.0,20.0,21.086888650585728,-10.770677724077329,0.0,1.0,BTC,仓位样本不足，暂不影响权重
2713463,1831,2026-09-09 05:17:15,30,0x115849ce84370f25cadcf0d348510d73837e1aa5,smart_money,P-G,38.13379085940888,0.65,14,11,3,0.18181818181818182,-10.185907058628242,5.814449669338167,-6.866209140591116,448.42785714285714,12.142857142857142,20.0,10.154707796574021,-10.466582391082927,0.0,0.8571428571428571,"WLD,SOL,TRUMP,ARB,XLM",高杠杆/短线赌徒型，长期单降权
2714891,1831,2026-09-09 05:17:16,30,0x11615843a09fa765d98ebf3eb15690450ef7e60a,smart_money,P-N,50.0,1.0,1,1,0,0.0,-19.41685377879503,,-19.41685377879503,1190.3244444444445,5.0,5.0,0.9806153029096006,-24.47369362707094,0.0,0.0,ETH,仓位样本不足，暂不影响权重
2714080,1831,2026-09-09 05:17:15,30,0x1174c19e08d5dbf3444c6376d6583b2d4f91cb65,smart_money,P-B,92.77121254719663,1.0,3,2,1,0.5,6.738383805919948,90.93146675339266,31.790991227912198,262.0022222222222,3.0,3.0,42.27428789419077,-8.50022170018912,1.0,0.0,"VVV,CASHCAT,BOME",仓位表现普通有效
2714816,1831,2026-09-09 05:17:16,30,0x12203316069a9d155cdadaa94a8e4b3e40ce6447,smart_money,P-B,99.06691387254563,1.0,4,4,0,1.0,4.023156979632999,,4.023156979632999,0.9995138888888889,3.5,5.0,4.023156979632999,-0.04271418110812828,0.75,0.0,"AERO,MELANIA,ENS,PNUT",仓位表现普通有效
2713464,1831,2026-09-09 05:17:15,30,0x123dbca6a27005a3c4ce10cb66ee8ece8fc13bff,money_printer,P-R,25.0,-0.8,88,9,79,0.2222222222222222,-3.1992412766990523,-8.082918991205165,-6.148381511829649,1535.146960227275,6.9772727272727275,20.0,26.223847146746767,-37.98621869124003,0.20454545454545456,0.4090909090909091,"APT,BNB,CRV,kPEPE,FARTCOIN",仓位真实收益偏反向，可作为反向参考
2713465,1831,2026-09-09 05:17:15,30,0x1271bf72a18549ee6d2ea3ab7e5dd4ae1c4eb05f,smart_money,P-N,50.0,1.0,1,0,1,,,7.096495023799221,14.339338353846765,1739.6655555555556,5.0,5.0,28.602336650800513,-10.644742535698825,0.0,0.0,EIGEN,仓位样本不足，暂不影响权重
2714342,1831,2026-09-09 05:17:16,30,0x129cfcdced580dcd6c2e0e1d6ac3f608e0c66040,smart_money,P-G,46.49948935234988,0.65,7,6,1,0.16666666666666666,-0.18027623917233845,18.563738941004793,1.4994893523498838,73.71678571428572,25.714285714285715,40.0,8.683175339722752,-1.756406496843707,0.0,1.0,"ETH,BTC,ZEC,SOL,XRP",高杠杆/短线赌徒型，长期单降权
2714613,1831,2026-09-09 05:17:16,30,0x12f147f08112ff4c32c66bad45118302d20d807c,smart_money,P-G,44.97371344716125,0.65,32,32,0,0.46875,-0.026286552838747385,,-0.026286552838747385,10.531484375,36.09375,40.0,0.7984405191869417,-0.7968363534724499,0.0,1.0,"BTC,HYPE,ETH",高杠杆/短线赌徒型，长期单降权
2714925,1831,2026-09-09 05:17:16,30,0x135097a80cc35350acc31f4c0f04bfde52a58f6a,smart_money,P-C,66.18055582702569,0.75,3,3,0,0.3333333333333333,8.8713383065812,,8.8713383065812,1022.6583333333333,8.333333333333334,20.0,21.61706177737022,-11.75494194444755,0.3333333333333333,0.3333333333333333,"XMR,PURR,BTC",仓位收益偏弱，降权参考
2714236,1831,2026-09-09 05:17:16,30,0x13558be785661958932ceac35ba20de187275a42,smart_money,P-G,44.77737638064655,0.65,209,207,2,0.4782608695652174,-0.22618880252575244,0.25104822490117584,-0.22262361935344657,11.204287612971827,20.0,20.0,0.2903594315717472,-0.49012585691000987,0.0,1.0,"BTC,ETH",高杠杆/短线赌徒型，长期单降权
2713994,1831,2026-09-09 05:17:15,30,0x13640f452a56aaa7a5a5e5a6bd24c45374dacbcc,smart_money,P-G,47.152950522411324,0.65,29,18,11,0.7222222222222222,2.942038783643844,0.9827242631039305,2.152950522411323,259.37873563218386,14.379310344827585,40.0,11.162737738097103,-5.887731163387506,0.13793103448275862,0.6896551724137931,"HYPE,ETH,BTC,ZEC,PONS",高杠杆/短线赌徒型，长期单降权
2713466,1831,2026-09-09 05:17:15,30,0x13a0833e8201b37c161feb2df764159707f71409,smart_money,P-N,50.0,1.0,1,0,1,,,-77.1654272796897,-77.1654272796897,1739.6655555555556,10.0,10.0,0.0,-84.11175894129175,0.0,1.0,HYPE,仓位样本不足，暂不影响权重
2714532,1831,2026-09-09 05:17:16,30,0x13b2e9091268f291f165196d4832ba1c5ac02938,money_printer,P-G,45.050665050514944,0.65,196,195,1,0.5948717948717949,0.0528743079899445,-0.40546321697105286,0.05066505051494103,3.5152125850340106,20.0,20.0,0.25174804420410846,-0.2789932106077657,0.0,1.0,"BTC,ETH,SOL",高杠杆/短线赌徒型，长期单降权
2713467,1831,2026-09-09 05:17:15,30,0x14209452e1d82dd0adf703454c1d1d907f142830,smart_money,P-N,50.0,1.0,1,0,1,,,-228.86017609832155,-228.86017609832155,1739.6655555555556,10.0,10.0,0.0,-241.75418080650584,0.0,1.0,HYPE,仓位样本不足，暂不影响权重
2714300,1831,2026-09-09 05:17:16,30,0x14246f4bbafb87ccebac17609054c6a188ed8cfd,smart_money,P-N,50.0,1.0,1,0,1,,,2.648106067383562,2.648106067383562,186.99083333333334,5.0,5.0,7.205494330285586,-3.2719988395636834,0.0,0.0,HYPE,仓位样本不足，暂不影响权重
2714120,1831,2026-09-09 05:17:16,30,0x143c28ae5b8642f58c98b8a6f82a0f314d23f6ab,smart_money,P-N,50.0,1.0,1,0,1,,,38.82641998890078,31.675413568771464,492.00194444444446,10.0,10.0,44.26954944955666,0.0,0.0,1.0,HYPE,仓位样本不足，暂不影响权重
2714889,1831,2026-09-09 05:17:16,30,0x14b96ee58172ad811059aa346515e944a6dbdf3a,smart_money,P-N,50.0,1.0,1,1,0,0.0,-7.179742784867084,,-7.179742784867084,1246.6591666666666,20.0,20.0,11.502020088232335,-7.179742784867085,0.0,1.0,BTC,仓位样本不足，暂不影响权重
2713468,1831,2026-09-09 05:17:15,30,0x14f5dd7ca3e4ef4aba7431ad10d9dacaf14fd103,smart_money,P-G,52.27992012876936,0.65,4,0,4,,,7.279920128769362,7.279920128769361,1739.6655555555556,17.5,20.0,30.79804089016698,-10.76393866493613,0.0,1.0,"BTC,ETH,PAXG,SOL",高杠杆/短线赌徒型，长期单降权
2714567,1831,2026-09-09 05:17:16,30,0x14f8e042905350cee7ae0cec27f092f10dd912bb,smart_money,P-G,44.97597378451137,0.65,296,295,1,0.5050847457627119,-0.024319158638841206,0.062392013822228566,-0.024026215488634897,2.125139827327327,20.0,20.0,0.2925652009079151,-0.3046544067361506,0.0,1.0,SOL,高杠杆/短线赌徒型，长期单降权
2714470,1831,2026-09-09 05:17:16,30,0x15094c3ec74e8a43c082042815e0c135deebb152,smart_money,P-B,71.41102477555789,1.0,40,39,1,0.5897435897435898,0.06545343518295182,0.2963487099891163,0.06448674675330196,18.100229166666672,5.0,5.0,0.5296167233034514,-0.4332751386785364,0.0,0.0,BTC,仓位表现普通有效
2714870,1831,2026-09-09 05:17:16,30,0x15271757b398cd1d3d7cca05c4f7b0c159afa7c2,money_printer,P-N,50.0,1.0,1,1,0,1.0,1.5863073155680383,,1.5863073155680383,1.0002777777777778,5.0,5.0,1.5863073155680383,0.0,0.0,0.0,AAVE,仓位样本不足，暂不影响权重
2714070,1831,2026-09-09 05:17:15,30,0x152e41f0b83e6cad4b5dc730c1d6279b7d67c9dc,money_printer,P-G,56.771698511038515,0.65,7,4,3,0.5,6.157067051717446,20.886779058025358,11.771698511038517,270.14781746031747,16.428571428571427,20.0,16.11996899804794,-1.2899599529948447,0.0,0.8571428571428571,"ETH,BTC,HYPE,ZEC",高杠杆/短线赌徒型，长期单降权
2714198,1831,2026-09-09 05:17:16,30,0x15644242581131594413ef72346ac5c5305b8add,smart_money,P-G,47.35377846017394,0.65,9,7,2,0.42857142857142855,0.636451188634591,8.364423910561682,2.3537784601739444,134.5212962962963,12.777777777777779,20.0,6.022499840979437,-1.19365034277563,0.0,0.8888888888888888,"HYPE,BTC,ASTER,kPEPE,PUMP",高杠杆/短线赌徒型，长期单降权
2713469,1831,2026-09-09 05:17:15,30,0x15a105b6eca967a438a6930f6859b7e5dbc134a7,smart_money,P-G,35.0,0.65,5,3,2,0.3333333333333333,-0.21606094776612061,-48.26685279335834,-19.436377686003006,721.4633333333334,19.0,40.0,10.259692203430422,-28.455917000946158,0.0,1.0,"BNB,BTC,HYPE,ETH",高杠杆/短线赌徒型，长期单降权
2713995,1831,2026-09-09 05:17:15,30,0x15a4f009bb324a3fb9e36137136b201e3fe0dfdb,money_printer,P-N,50.0,1.0,2,0,2,,,34.55376460151235,34.55376460151235,1531.2793055555555,30.0,40.0,37.2477433883788,-1.625483006566148,0.0,1.0,"BTC,ETH",仓位样本不足，暂不影响权重
2713470,1831,2026-09-09 05:17:15,30,0x15b325660a1c4a9582a7d834c31119c0cb9e3a42,money_printer,P-N,50.0,1.0,2,0,2,,,23.521589535497895,23.521589535497895,1739.6655555555556,15.0,20.0,33.18850180032139,-13.799188489317059,0.0,1.0,"BTC,HYPE",仓位样本不足，暂不影响权重
2713973,1831,2026-09-09 05:17:15,30,0x15c8a479139a2e195b37790ace4870d1f2be045f,smart_money,P-G,35.0,0.65,5,1,4,1.0,3.264847260263517,-33.149595031876636,-21.582569654379046,1390.5326111111112,23.0,40.0,10.986054871974886,-29.968262267864997,0.0,1.0,"SOL,ETH,BTC,HYPE",高杠杆/短线赌徒型，长期单降权
2714488,1831,2026-09-09 05:17:16,30,0x15f970a5fa4791dbe4fc3adea6d41e87e5fac6ff,smart_money,P-B,70.95192131338666,1.0,10,9,1,0.6666666666666666,-0.005687775046933297,-7.461657496633102,-0.35737267664000044,24.99961111111111,8.4,29.0,1.724733043056252,-3.145359420174323,0.0,0.3,"LIT,ZEC,HYPE,BTC",仓位表现普通有效
2714489,1831,2026-09-09 05:17:16,30,0x1643e9aba4fcfb4e8c1a887090239e34f488cad6,smart_money,P-B,73.02927744002861,1.0,692,687,5,0.4992721979621543,0.038549136958390774,0.17303843535026384,0.040111791338901616,5.368549694926143,2.0,2.0,0.6522500355246365,-0.6155959178978573,1.0,0.0,"SOL,ETH,BTC,HYPE,XRP",仓位表现普通有效
2714533,1831,2026-09-09 05:17:16,30,0x16588c497a83e9dfa298d048553a4ef5fd52f65b,smart_money,P-G,44.65020516629804,0.65,36,35,1,0.4,-0.3444902163356962,-0.5354564415209516,-0.34979483370195336,15.583888888888891,25.416666666666668,40.0,0.6813545074992342,-0.8614884814987684,0.0,1.0,"ETH,BTC",高杠杆/短线赌徒型，长期单降权
2714681,1831,2026-09-09 05:17:16,30,0x166866a2845506f6b4c817482fe53b4985882ea6,smart_money,P-A,77.15631496083697,1.15,7,7,0,0.7142857142857143,1.8526672803471966,,1.8526672803471966,17.571428571428573,4.714285714285714,5.0,3.191847085775387,-2.234580133294426,0.14285714285714285,0.0,"BTC,HYPE,FARTCOIN,PURR,WLFI",仓位收益稳定，适合加权参考
2714105,1831,2026-09-09 05:17:16,30,0x16c95227d8442946c1c152bc8ea16a37ebe1a282,smart_money,P-G,45.465972064949916,0.65,27,26,1,0.9615384615384616,0.48625721136542044,-1.6402330130113103,0.4659720649499146,26.666913580246916,10.0,10.0,0.7572498907482194,-0.45531589823500546,0.0,1.0,HYPE,高杠杆/短线赌徒型，长期单降权
2714620,1831,2026-09-09 05:17:16,30,0x16d69a835c012584783921b2e4c622f157ce97bf,smart_money,P-C,65.62654433091978,0.75,7,7,0,0.42857142857142855,-0.9122180346113923,,-0.9122180346113923,60.14595238095238,2.7142857142857144,3.0,3.650386871624245,-2.938819324616298,1.0,0.0,"BTC,AERO,HYPE,ETH",仓位收益偏弱，降权参考
2714713,1831,2026-09-09 05:17:16,30,0x16f037a3ddf53da1b047a926e1833219f0a8e1fc,smart_money,P-C,73.57209713699748,0.75,7,7,0,0.5714285714285714,-0.9394416315725417,,-0.9394416315725417,1205.3298809523808,3.857142857142857,6.0,14.610100630374049,-20.28835779318646,0.5714285714285714,0.0,"ADA,SUI,TIA,BERA,APT",仓位收益偏弱，降权参考
2714523,1831,2026-09-09 05:17:16,30,0x170a03a53fe05bf4ce6753cb0907d05e827bc3c6,smart_money,P-B,76.9821981918023,1.0,303,302,1,0.5562913907284768,0.020636144222735336,0.10071182728410118,0.02090042040445601,2.3762596259625965,1.6567656765676568,3.0,0.43975156337631033,-0.3706128464620646,1.0,0.0,XRP,仓位表现普通有效
2714873,1831,2026-09-09 05:17:16,30,0x170dbce27ab17f5dc3f04c773b6686068ad88c9b,smart_money,P-N,50.0,1.0,1,1,0,1.0,13.139720263094048,,13.139720263094048,1141.2822222222221,7.0,7.0,15.965098839396367,-26.33922166170233,0.0,0.0,HYPE,仓位样本不足，暂不影响权重
2714401,1831,2026-09-09 05:17:16,30,0x1711bc52bf7e0494325799717fe640f1924617b7,smart_money,P-G,46.36840435252482,0.65,9,8,1,0.375,2.430891952423318,-7.131496446663177,1.3684043525248184,26.555401234567903,13.88888888888889,30.0,4.738511918246023,-2.5280641636651726,0.0,0.8888888888888888,"XRP,BTC,ZEC,XMR,NEAR",高杠杆/短线赌徒型，长期单降权
2714598,1831,2026-09-09 05:17:16,30,0x17286a34d2b2e842cd38da74bc079c1f23992b1d,smart_money,P-B,70.44845694951204,1.0,15,15,0,0.6,0.8437721794776143,,0.8437721794776143,8.599777777777778,4.866666666666666,5.0,3.1518430724621855,-1.1096685784784663,0.06666666666666667,0.0,"ZEC,XMR,ICP",仓位表现普通有效
2713471,1831,2026-09-09 05:17:15,30,0x17c3c8fdbcb7d1b240ce08965e09b1fc91cba868,money_printer,P-A,88.2907228106065,1.15,39,21,18,0.5714285714285714,3.0591694160084844,2.0320713594806525,3.6581819181237587,591.1094586894585,3.4615384615384617,10.0,13.952222627970924,-11.188114352119332,0.8974358974358975,0.05128205128205128,"FARTCOIN,HYPE,WIF,ZEC,BTC",仓位收益稳定，适合加权参考
2714711,1831,2026-09-09 05:17:16,30,0x183c6497814803574c23866c7662dea4c044d0f9,smart_money,P-B,87.9712198925933,1.0,12,12,0,0.75,4.673037049391857,,4.673037049391857,138.51620370370372,9.75,20.0,7.249983341723954,-1.7650649825243478,0.3333333333333333,0.5833333333333334,"BTC,HYPE,SOL,LIT,LTC",仓位表现普通有效
2714131,1831,2026-09-09 05:17:16,30,0x1847dc422b9dea349e8af7d02cb3a136cd81f441,smart_money,P-A,86.82497348117666,1.15,14,13,1,0.6923076923076923,2.2578944905831153,20.980038000516053,2.808220188570761,128.99617063492062,7.857142857142857,20.0,12.972864033817004,-2.882085536869236,0.2857142857142857,0.2857142857142857,"BTC,TAO,CASHCAT,HYPE,ASTER",仓位收益稳定，适合加权参考
2714210,1831,2026-09-09 05:17:16,30,0x185611e0343c14f53a4406891cb0fdc9e81808ae,money_printer,P-B,71.74842093402395,1.0,118,105,13,0.5142857142857142,-0.820026614478074,4.093959301164099,0.009803687350960039,117.49295903954801,7.338983050847458,40.0,8.946727024495022,-10.561535647437156,0.3983050847457627,0.3135593220338983,"ACE,HEMI,CASHCAT,BTC,CHIP",仓位表现普通有效
2713472,1831,2026-09-09 05:17:15,30,0x18b8539261cf9e760e7fec4a8a73c50f0ae7babe,smart_money,P-N,50.0,1.0,1,0,1,,,9.640589703504652,1.2421550971966515,1739.6655555555556,10.0,10.0,18.001725744460597,-25.557814330622797,0.0,1.0,HYPE,仓位样本不足，暂不影响权重
2714438,1831,2026-09-09 05:17:16,30,0x18cd4597e06b7fe0a8cd33dda499121b3a145a8b,smart_money,P-G,48.16372319001733,0.65,7,6,1,1.0,3.5197494259180204,1.0063840950466023,3.163723190017327,181.71428571428572,12.142857142857142,25.0,6.435312033377011,-4.817790020767051,0.0,1.0,"HYPE,ETH",高杠杆/短线赌徒型，长期单降权
2713473,1831,2026-09-09 05:17:15,30,0x18cde66120c9195fb6e50a4b1e13bce4c85d1300,smart_money,P-C,49.42518662045726,0.75,65,6,59,0.16666666666666666,-7.347219068463815,0.16303436379565092,1.7254138230491463,1569.8240769230788,7.553846153846154,40.0,27.15713948834451,-19.541726509542006,0.26153846153846155,0.38461538461538464,"XLM,SOL,ARB,AAVE,AERO",仓位收益偏弱，降权参考
2713474,1831,2026-09-09 05:17:15,30,0x18e2eb3cafa6ee5d3885e20d80298b37321e84fa,money_printer,P-N,50.0,1.0,2,1,1,0.0,-6.083826773481945,119.43355042048948,42.216819158645286,872.8322222222222,15.0,20.0,64.01856885674798,-3.0419133867409727,0.0,1.0,"HYPE,ETH",仓位样本不足，暂不影响权重
2714454,1831,2026-09-09 05:17:16,30,0x196283bce3e38d98f9f4c424a1a148b248eaa4f9,smart_money,P-N,50.0,1.0,2,1,1,1.0,0.9415697659723931,2.320518323605054,1.6310440447887236,46.501666666666665,3.5,5.0,1.6310440447887236,-2.7311219893695,0.5,0.0,HYPE,仓位样本不足，暂不影响权重
2714202,1831,2026-09-09 05:17:16,30,0x1a2e6afa298b1cc50939b4b2b0b430e3c1ef3459,smart_money,P-B,62.48793995353019,1.0,124,123,1,0.4878048780487805,-0.005897361552826595,-2.09551814183794,-0.022749142038996886,5.725864695340503,6.943548387096774,11.0,0.24131097591469977,-0.21090207736115035,0.008064516129032258,0.08064516129032258,BTC,仓位表现普通有效
2714272,1831,2026-09-09 05:17:16,30,0x1a6132837f1857196677f06515041bb817affe9e,smart_money,P-R,25.0,-0.8,14,11,3,0.36363636363636365,-2.8624743190612723,6.05584589556895,-0.8182030119833671,157.90156746031747,3.2142857142857144,5.0,8.24922461091174,-7.6131105642334065,0.7142857142857143,0.0,"PONS,XPL,CASHCAT,HYPE,SUSHI",仓位真实收益偏反向，可作为反向参考
2713475,1831,2026-09-09 05:17:15,30,0x1a6ea3a36087fef4d56ebc9e11bf1b0a3a6a7437,smart_money,P-G,43.882545262683024,0.65,3,2,1,0.0,-1.8212601305759657,-2.8167916386368512,-1.117454737316977,1458.6662037037038,16.666666666666668,20.0,21.695985370908005,-3.160159564342084,0.0,1.0,"ETH,PAXG,BTC",高杠杆/短线赌徒型，长期单降权
2714568,1831,2026-09-09 05:17:16,30,0x1aa1d90df49c3e5a67888798c16e73c4b4c323fc,smart_money,P-G,44.68108963616784,0.65,63,62,1,0.5161290322580645,-0.3255951873748225,0.09554869581301069,-0.3189103638321585,9.920044091710759,19.761904761904763,20.0,0.6541248982359545,-0.97772105151943,0.0,1.0,SOL,高杠杆/短线赌徒型，长期单降权
2714383,1831,2026-09-09 05:17:16,30,0x1aa5abfd850012297428b509fb84fcd9f9f995cb,smart_money,P-R,25.0,-0.8,9,8,1,0.25,-0.02325774282291175,-0.47407342297433747,-0.17915207989056514,36.998703703703704,9.88888888888889,20.0,2.5873924438140197,-2.416950413508133,0.0,0.2222222222222222,"HYPE,ETH,BTC",仓位真实收益偏反向，可作为反向参考
2714743,1831,2026-09-09 05:17:16,30,0x1aa780bb10425b86bcf05ecbb7953f9a93729ed9,smart_money,P-N,50.0,1.0,1,1,0,0.0,-0.9746668860009822,,-0.9746668860009822,99.00138888888888,10.0,10.0,0.0,-6.625854816346669,0.0,1.0,HYPE,仓位样本不足，暂不影响权重
2714373,1831,2026-09-09 05:17:16,30,0x1ae55c40c91f1553286b125239f84300d2df4dbe,smart_money,P-C,62.2601247716055,0.75,42,39,3,0.358974358974359,0.7029086158287056,-1.2143745019705576,0.5659598217001864,58.30948412698415,5.523809523809524,8.0,3.5250770619886307,-2.0141209612412094,0.35714285714285715,0.0,"SOL,ETH,BTC",仓位收益偏弱，降权参考
2714399,1831,2026-09-09 05:17:16,30,0x1b1996300dc7d3fabc039a55963fc886c3d3c9df,smart_money,P-G,45.28863284533056,0.65,26,25,1,0.72,0.599442122197612,-7.481599076345802,0.28863284533055766,25.614284188034187,30.807692307692307,40.0,1.8308290149216995,-1.7524687733143365,0.07692307692307693,0.8076923076923077,"BTC,ETHFI,PONS,CASHCAT,VIRTUAL",高杠杆/短线赌徒型，长期单降权
2713476,1831,2026-09-09 05:17:15,30,0x1b7ca89aa121890b8572d326e363185cf4780c6a,money_printer,P-R,25.0,-0.8,27,12,15,0.3333333333333333,-0.46165199065693807,-21.108169748989425,-8.21398740457267,635.4704526748972,6.518518518518518,20.0,8.520260722002138,-24.959842981842,0.25925925925925924,0.25925925925925924,"POL,PEOPLE,ASTER,MON,ZEC",仓位真实收益偏反向，可作为反向参考
2713477,1831,2026-09-09 05:17:15,30,0x1c2c96e78a42958892e637bdc0d94ce259f109fe,smart_money,P-B,88.58490566037736,1.0,53,2,51,0.5,18.471188156575195,42.91694689657134,41.99446543468469,1706.2634171907773,7.09433962264151,40.0,62.7416391535818,-12.623708376262586,0.22641509433962265,0.32075471698113206,"ADA,ALGO,APE,ASTER,ATOM",仓位表现普通有效
2714783,1831,2026-09-09 05:17:16,30,0x1c9e242d85fc0e4376ad1ea56143b9fdf9f61017,smart_money,P-N,50.0,1.0,1,1,0,0.0,-5.359312962430638,,-5.359312962430638,24.0,10.0,10.0,0.0,-6.727199233878971,0.0,1.0,ZEC,仓位样本不足，暂不影响权重
2714037,1831,2026-09-09 05:17:15,30,0x1ce8ed87b7b4cb60f0cc3664bf1fe216163ff55a,money_printer,P-R,25.0,-0.8,5,3,2,0.0,-30.107418286025297,-2.8316083283754514,-20.44475345086256,663.8032222222223,2.4,3.0,6.156026708410761,-23.37250952191424,1.0,0.0,"ETH,BTC,AAVE,SOL",仓位真实收益偏反向，可作为反向参考
2713478,1831,2026-09-09 05:17:15,30,0x1d207624c9466376e345310580c300611f3e0b20,smart_money,P-B,64.510062964822,1.0,262,236,26,0.5466101694915254,0.457419176162528,1.5576072329908042,0.5587900540243959,140.73080364715858,9.064885496183207,20.0,3.9835292685281627,-3.513394570790957,0.09541984732824428,0.8435114503816794,"kBONK,kSHIB,KAITO,SOPH,ZORA",仓位表现普通有效
2714840,1831,2026-09-09 05:17:16,30,0x1d74a7760df9d563d0b6610b1705266c4e2fdb26,smart_money,P-N,50.0,1.0,1,1,0,1.0,0.6554574175579757,,0.6554574175579757,1300.6583333333333,1.0,1.0,28.52811775874564,-28.10284137829222,1.0,0.0,ETH,仓位样本不足，暂不影响权重
2714211,1831,2026-09-09 05:17:16,30,0x1da5bcd75d2bdc41d8372e976f2f665479e73151,smart_money,P-C,57.90379844150293,0.75,4,3,1,0.6666666666666666,-4.785173177906338,-0.6081841808979691,-3.3917340692216786,342.4959027777778,8.75,10.0,7.859296118942352,-9.349215086925039,0.0,0.75,"HYPE,LIT",仓位收益偏弱，降权参考
2713479,1831,2026-09-09 05:17:15,30,0x1dff8c29ad7f6d8841a25a9dda8956f2e7a3c134,smart_money,P-N,50.0,1.0,1,0,1,,,74.9277587404627,74.9277587404627,1739.6655555555556,3.0,3.0,82.28323243880655,0.0,1.0,0.0,MEGA,仓位样本不足，暂不影响权重
2714828,1831,2026-09-09 05:17:16,30,0x1e07a22190c1d161248febf9fc2c440f324a16e2,smart_money,P-G,44.57979281000986,0.65,10,10,0,0.7,-0.4202071899901362,,-0.4202071899901362,4.402722222222222,20.0,40.0,1.1440148841411433,-1.9794002912926465,0.0,1.0,"HYPE,ETH,BTC,ENA,XPL",高杠杆/短线赌徒型，长期单降权
2714182,1831,2026-09-09 05:17:16,30,0x1e0b469b0f10f59bd6c76a010c4b0dd24742b1ef,smart_money,P-N,50.0,1.0,1,0,1,,,-8.04387568555759,-8.04387568555759,431.0075,3.0,3.0,1.8098720292504658,-15.137111517367451,1.0,0.0,PNUT,仓位样本不足，暂不影响权重
2714553,1831,2026-09-09 05:17:16,30,0x1e3001537d0c6799e59245597c541127bac57120,smart_money,P-G,44.98015419530607,0.65,324,323,1,0.5232198142414861,-0.019572147731455176,-0.16847354208652363,-0.019845804693930137,2.200637002743483,20.0,20.0,0.24888488607540418,-0.21727890866641403,0.0,1.0,ETH,高杠杆/短线赌徒型，长期单降权
2713480,1831,2026-09-09 05:17:15,30,0x1e37a337ed460039d1b15bd3bc489de789768d5e,money_printer,P-G,45.37568977996716,0.65,21,2,19,1.0,1.9349843920894323,-3.580652529743684,0.37568977996715924,1541.189947089947,12.857142857142858,40.0,4.573491500283218,-12.182175940486689,0.0,0.9523809523809523,"kSHIB,AAVE,ADA,AVAX,BCH",高杠杆/短线赌徒型，长期单降权
2713481,1831,2026-09-09 05:17:15,30,0x1e771e1b95c86491299d6e2a5c3b3842d03b552e,money_printer,P-C,73.03089986991944,0.75,8,1,7,1.0,2.7142607784953743,-54.981640011895074,-47.76965241309627,1536.8323611111111,8.625,10.0,16.309925902018694,-67.1337906095395,0.0,0.75,"DOGE,ENA,HYPE,TIA,XPL",仓位收益偏弱，降权参考
2714205,1831,2026-09-09 05:17:16,30,0x1eb117402eb2b3a5186eb9510de42cd255b3ca20,smart_money,P-C,7.552710044466064,0.75,3,1,2,0.0,-25.53191489361703,4.602080569760593,-5.442584584698615,362.65972222222223,7.666666666666667,10.0,15.30757044407686,-9.955377127019213,0.3333333333333333,0.6666666666666666,"BTC,HYPE,CASHCAT",仓位收益偏弱，降权参考
2714215,1831,2026-09-09 05:17:16,30,0x1ec15e24896f4feb55dd70d22dc3620ae3cc990c,smart_money,P-R,25.0,-0.8,11,10,1,0.3,-0.19165146761184987,0.365711443265868,-0.17126299113486287,74.5460606060606,6.363636363636363,26.0,0.3804442257201778,-0.4010355753187164,0.5454545454545454,0.2727272727272727,BTC,仓位真实收益偏反向，可作为反向参考
2713482,1831,2026-09-09 05:17:15,30,0x1f67d79afc8d0e7609ddba6c9b657cc635f69981,money_printer,P-G,43.64200629359207,0.65,13,8,5,0.25,-4.151899406302981,9.189682156078176,-1.3579937064079337,340.901858974359,16.615384615384617,40.0,11.873947895146777,-11.098033821805053,0.15384615384615385,0.8461538461538461,"BTC,SOL,HYPE,ZEC,TRUMP",高杠杆/短线赌徒型，长期单降权
2713483,1831,2026-09-09 05:17:15,30,0x1f887fd93c17a970819895978da55628d7658609,smart_money,P-B,100.0,1.0,3,2,1,1.0,48.457527049856424,-1.8070233869199062,33.361293880354715,1065.4387037037038,9.333333333333334,15.0,48.44091958638065,-2.205022658521338,0.3333333333333333,0.6666666666666666,"ETH,PEOPLE,DOT",仓位表现普通有效
2714830,1831,2026-09-09 05:17:16,30,0x1fbe7279da134c53fa521f5ee65891948e775e17,smart_money,P-A,100.0,1.15,8,8,0,1.0,12.66353909217045,,12.66353909217045,1.7486805555555558,7.875,20.0,21.955337712980935,0.0,0.375,0.5,"CASHCAT,FARTCOIN,NEAR,SOL,XPL",仓位收益稳定，适合加权参考
2714304,1831,2026-09-09 05:17:16,30,0x202486b34776b26b474aedb348658aaab5d2dff4,money_printer,P-B,67.352659482925,1.0,301,291,10,0.6735395189003437,0.40043589457128065,-0.9496327433467124,0.3848386065285482,12.24938353636028,7.6544850498338874,25.0,1.682438471590508,-1.558937535179517,0.3089700996677741,0.5282392026578073,"ZEC,ENA,PUMP,HYPE,LIT",仓位表现普通有效
2713484,1831,2026-09-09 05:17:15,30,0x2025137a136bea7446deba681cbfc7cf1970840e,money_printer,P-C,73.4528267912124,0.75,127,112,15,0.625,0.596413905911181,-34.50644478201303,-2.998980305181197,182.22079615048125,7.74015748031496,40.0,3.79936309579249,-8.683276516155496,0.6377952755905512,0.31496062992125984,"PONS,ETH,LIT,HYPE,PUMP",仓位收益偏弱，降权参考
2714774,1831,2026-09-09 05:17:16,30,0x202ed102cca91d1237971252eee1add2f303eb8b,smart_money,P-N,50.0,1.0,1,1,0,0.0,-0.5331469648562263,,-0.5331469648562263,0.9994444444444445,20.0,20.0,0.0,-0.5331469648562264,0.0,1.0,ETH,仓位样本不足，暂不影响权重
2713485,1831,2026-09-09 05:17:15,30,0x203f4c410f3c35cead9f35b6de2f66e773d7f26e,money_printer,P-G,65.0,0.65,3,0,3,,,24.7908295497444,24.7908295497444,1739.6655555555556,13.333333333333334,20.0,49.16452309686941,0.0,0.0,1.0,"BNB,ETH,SOL",高杠杆/短线赌徒型，长期单降权
2713486,1831,2026-09-09 05:17:15,30,0x2057d4f2b6ea957b63371980775b0a5505a438f0,smart_money,P-N,50.0,1.0,1,0,1,,,29.59571696422521,17.39481031547983,1739.6655555555556,10.0,10.0,34.67692747904791,-20.34101329576363,0.0,1.0,HYPE,仓位样本不足，暂不影响权重
2714859,1831,2026-09-09 05:17:16,30,0x2113bba1e701ebfef804e108727c79a81e7eca4a,smart_money,P-N,50.0,1.0,1,1,0,1.0,10.250629645555625,,10.250629645555625,1278.6572222222221,10.0,10.0,28.57730818846366,0.0,0.0,1.0,BTC,仓位样本不足，暂不影响权重
2714802,1831,2026-09-09 05:17:16,30,0x211db9de76bdd081a58280a6b287b0c40f89a2cb,smart_money,P-N,50.0,1.0,1,1,0,0.0,-13.10380498335883,,-13.10380498335883,10.003333333333334,3.0,3.0,3.9039309166141916,-16.24538994333004,1.0,0.0,CASHCAT,仓位样本不足，暂不影响权重
2714446,1831,2026-09-09 05:17:16,30,0x215d41b79d0aa6a8cf5f25377a88b612746af80a,smart_money,P-N,50.0,1.0,2,1,1,1.0,1.735618237737287,-0.6428324780971283,0.5463928798200794,29.503750000000004,10.0,10.0,1.6246202438241406,-0.4286937467378202,0.0,1.0,ETH,仓位样本不足，暂不影响权重
2713487,1831,2026-09-09 05:17:15,30,0x2175ce7c56baa22874eeb021c1270e6198059cda,smart_money,P-C,30.334838591688467,0.75,5,1,4,0.0,-32.97274389971896,8.01013118552636,0.17256927416413959,1368.932277777778,4.8,10.0,24.43877715804581,-26.270803094193656,0.6,0.2,"JUP,MEGA,XPL,AAVE,ETHFI",仓位收益偏弱，降权参考
2713488,1831,2026-09-09 05:17:15,30,0x218a65e21eddeece7a9df38c6bbdd89f692b7da2,money_printer,P-N,50.0,1.0,2,0,2,,,-16.738248142763588,-13.776145804499967,1586.3344444444444,9.0,10.0,13.86990701439115,-24.410475921458126,0.0,0.5,"BTC,ETH",仓位样本不足，暂不影响权重
2714728,1831,2026-09-09 05:17:16,30,0x219a2f5338f3ad74965a03c491e42963b69acc8d,smart_money,P-G,44.34436166200281,0.65,33,33,0,0.3939393939393939,-0.6556383379971888,,-0.6556383379971888,65.06344276094273,15.636363636363637,20.0,1.7930602376748412,-2.4106667318795765,0.21212121212121213,0.7575757575757576,"BTC,SOL,AERO,ETH,HYPE",高杠杆/短线赌徒型，长期单降权
2714691,1831,2026-09-09 05:17:16,30,0x21ca98106c69bff036a194648ba30388ccbe811d,smart_money,P-A,90.54855013077115,1.15,28,28,0,0.7142857142857143,3.109913480103047,,3.109913480103047,142.654751984127,6.214285714285714,10.0,6.618981676949154,-4.994517170033367,0.2857142857142857,0.35714285714285715,"VVV,NEAR,TAO,HYPE,ZEC",仓位收益稳定，适合加权参考
2714311,1831,2026-09-09 05:17:16,30,0x21eaaee21905a7b9fbbb093caba2ee27fc1e9352,smart_money,P-A,100.0,1.15,5,2,3,1.0,9.479151733189227,-0.7854744191961842,3.32037604175798,606.8579444444445,1.4,2.0,4.942504868058128,-9.930361031198542,1.0,0.0,"ETH,BTC,SOL",仓位收益稳定，适合加权参考
2713489,1831,2026-09-09 05:17:15,30,0x2204e04834e84ff4bfc53fc769e3ae1dcef47e85,money_printer,P-N,50.0,1.0,1,0,1,,,-88.76882315381417,-88.76882315381415,1739.6655555555556,1.0,1.0,0.0,-91.76780289172724,1.0,0.0,XPL,仓位样本不足，暂不影响权重
2714459,1831,2026-09-09 05:17:16,30,0x221284041f07f1e9af30beadbd08bb14f5e5838c,smart_money,P-B,82.16417624143727,1.0,13,11,2,0.5454545454545454,5.383225522619209,-0.618235630615773,4.459923806736904,121.46653846153846,3.923076923076923,10.0,12.35772541055627,-3.3084649964299206,0.7692307692307693,0.15384615384615385,"ETH,BTC,XRP,UNI,ENA",仓位表现普通有效
2714520,1831,2026-09-09 05:17:16,30,0x223537ac9a856c31f4043e86ced86bb29f06653e,smart_money,P-B,65.69148866404446,1.0,4281,4267,14,0.5104288727443168,-0.019390776765700245,0.060092612398228544,-0.01926621402885929,2.3674576293181824,4.780892314879701,5.0,0.4846157410539014,-0.47644623458183544,0.1095538425601495,0.0,"CRV,ENA,WLD,BNB,VIRTUAL",仓位表现普通有效
2714490,1831,2026-09-09 05:17:16,30,0x2306ce07ddca3829cdb1a2a14653dbefc211a9f1,smart_money,P-G,46.3638310014653,0.65,18,17,1,0.4117647058823529,0.8107666075966908,10.765925697231657,1.3638310014653003,36.05561728395062,12.666666666666666,40.0,7.4904602382566345,-4.54979291148913,0.3333333333333333,0.5555555555555556,"PUMP,PONS,BTC,CASHCAT,HYPE",高杠杆/短线赌徒型，长期单降权
2714155,1831,2026-09-09 05:17:16,30,0x2312171890250347dbf1b082bdf7950504909e92,smart_money,P-B,84.146954150365,1.0,32,17,15,0.6470588235294118,4.225152488854138,1.8545194494919044,3.1139182516530908,221.15447916666668,8.59375,20.0,11.817908462995065,-7.883098943125497,0.15625,0.46875,"UNI,ZEC,ETH,ARB,HYPE",仓位表现普通有效
2713490,1831,2026-09-09 05:17:15,30,0x2322f8e13d25e1c997b060bc5cebc9634f8a895a,smart_money,P-G,65.0,0.65,5,1,4,1.0,2.6062030070881455,25.68338153260994,20.86149095230739,766.665,14.6,40.0,39.69660723244941,-12.351831677240899,0.2,0.8,"BTC,HYPE,PONS,SOL,PUMP",高杠杆/短线赌徒型，长期单降权
2714259,1831,2026-09-09 05:17:16,30,0x237152b038d88f4156a0cd71090462de7e3f0883,smart_money,P-G,56.52665337807106,0.65,3,2,1,1.0,16.953890643518083,0.672178847177009,11.526653378071058,553.8889814814814,20.0,20.0,12.601936680255761,-1.7046699896748632,0.0,1.0,BTC,高杠杆/短线赌徒型，长期单降权
2714448,1831,2026-09-09 05:17:16,30,0x2385aae82b8ff5ec9e72f122f3462b9a1b9db98a,smart_money,P-B,64.85372826791689,1.0,60,58,2,0.6206896551724138,1.586209245416228,0.08171797064825001,1.5360595362572953,20.049976851851856,9.45,20.0,4.589821674390549,-2.643136601276075,0.23333333333333334,0.5833333333333334,"CASHCAT,ZEC,BTC,WLD,PUMP",仓位表现普通有效
2714439,1831,2026-09-09 05:17:16,30,0x2396bc99feedc162af809314257571bb7ff07a36,smart_money,P-R,25.0,-0.8,13,12,1,0.3333333333333333,-6.726962456694163,0.6095886162870026,-6.16261237415715,110.99944444444444,4.846153846153846,7.0,4.407105551233771,-9.491821926845661,0.15384615384615385,0.0,"TRUMP,XRP,MELANIA,DOT",仓位真实收益偏反向，可作为反向参考
2713491,1831,2026-09-09 05:17:15,30,0x24246bb3cf79ebd26ab10194ec3694203ad3c891,smart_money,P-G,35.0,0.65,3,0,3,,,-39.17930705347196,-35.552655538384805,1739.6655555555556,11.666666666666666,20.0,28.113111848843246,-51.70887989912188,0.0,0.6666666666666666,"ETH,HYPE,TAO",高杠杆/短线赌徒型，长期单降权
2714147,1831,2026-09-09 05:17:16,30,0x248ee78390f5505d34f36ce2df87d79fbcdb6be2,smart_money,P-C,51.020599913279625,0.75,4,2,2,0.0,-1.6441341319822191,20.071232188871942,10.706387976937945,184.7529861111111,4.0,5.0,31.900849454275495,-3.5511750893941354,0.5,0.0,"HYPE,PONS,CAKE,PUMP",仓位收益偏弱，降权参考
2713492,1831,2026-09-09 05:17:15,30,0x24a44aef48aeb27c7708dabfccda14b41fbf0ae1,smart_money,P-N,50.0,1.0,2,0,2,,,92.00788486600638,71.97979900988545,1739.6655555555556,5.5,10.0,97.56090532987521,0.0,0.5,0.5,"HYPE,LINEA",仓位样本不足，暂不影响权重
2713493,1831,2026-09-09 05:17:15,30,0x24d02e64d4a2580d570666546ac937adab2b3e08,smart_money,P-C,56.6530612244898,0.75,49,14,35,0.5714285714285714,5.711255394277031,-15.670750695411384,-9.74609476385206,1490.6866326530612,6.959183673469388,20.0,9.776513510017574,-39.75380779484534,0.2857142857142857,0.3673469387755102,"PONS,ENA,AAVE,AERO,APEX",仓位收益偏弱，降权参考
2714495,1831,2026-09-09 05:17:16,30,0x24fb6523036ebcb3cc51deff138066dccf6bed0f,smart_money,P-B,71.27738474621508,1.0,114,112,2,0.6964285714285714,0.5714909432621181,0.17779533413726223,0.5619379871426272,10.263255360623779,9.149122807017545,16.0,1.4740709121341602,-1.3460689038711222,0.07894736842105263,0.4298245614035088,"SOL,ETH,ENA,PUMP,HYPE",仓位表现普通有效
2713494,1831,2026-09-09 05:17:15,30,0x250a09aafe5c4e63a8c11d1743e19694d79ce113,smart_money,P-R,25.0,-0.8,44,17,27,0.29411764705882354,-3.973951141589945,-8.10065533507808,-2.904574721762725,1109.9735416666665,8.045454545454545,20.0,17.50186092807086,-22.524847930299536,0.18181818181818182,0.5,"UNI,PENDLE,LINK,W,ZRO",仓位真实收益偏反向，可作为反向参考
2713495,1831,2026-09-09 05:17:15,30,0x25554a80781ee62414c3747e81c3f50157c634b1,smart_money,P-A,94.95888801390673,1.15,48,31,17,0.7419354838709677,3.9583092092156296,5.425511374283053,4.053368738136155,995.903356481481,6.895833333333333,20.0,17.200704918293926,-21.40974153542318,0.3333333333333333,0.3541666666666667,"TRUMP,ENA,ZEC,ARB,XMR",仓位收益稳定，适合加权参考
2714015,1831,2026-09-09 05:17:15,30,0x25773676902085225ae5751075e4161369334897,money_printer,P-G,44.73275563148164,0.65,511,483,28,0.6190476190476191,0.30284944977378947,-13.034317703426984,-0.26724436851836236,48.37323874755373,11.980430528375734,40.0,2.083215911401531,-2.9210689208114493,0.0684931506849315,0.8571428571428571,"ZEC,ETH,SOL,XRP,BTC",高杠杆/短线赌徒型，长期单降权
2713496,1831,2026-09-09 05:17:15,30,0x258a4b8a8447c61aabf1bef9bb14ee4d69efff03,money_printer,P-B,78.68555063049268,1.0,317,240,77,0.5666666666666667,0.14411308068041265,1.3852947366839334,0.3390949787584343,200.01636961093578,5.16403785488959,20.0,8.078713848104945,-8.153697179922494,0.48580441640378547,0.1829652996845426,"CASHCAT,LIT,SPX,CHIP,PONS",仓位表现普通有效
2714770,1831,2026-09-09 05:17:16,30,0x259b9c4cfeadaef8a5b842710a777364988415b3,smart_money,P-G,44.02403356638752,0.65,33,33,0,0.36363636363636365,-0.9759664336124769,,-0.9759664336124769,20.636944444444445,13.909090909090908,35.0,2.3482958464032584,-3.017872731562398,0.0,0.9696969696969697,"PUMP,HYPE,BTC,ZEC,FARTCOIN",高杠杆/短线赌徒型，长期单降权
2713497,1831,2026-09-09 05:17:15,30,0x25dacd8a27eac9ad6eba5eb88e3b68f707eb1397,smart_money,P-N,50.0,1.0,1,0,1,,,-10.134762557230228,-10.134762557230228,1739.6655555555556,40.0,40.0,19.04986688054896,-13.472496073254693,0.0,1.0,BTC,仓位样本不足，暂不影响权重
2714644,1831,2026-09-09 05:17:16,30,0x25e9e31168d7ec59b0bfd54ebde8f3f6b9b1a5ea,smart_money,P-B,69.74226392314645,1.0,44,44,0,0.5454545454545454,1.6438592343004983,,1.6438592343004983,26.068535353535353,7.204545454545454,13.0,4.495227565718395,-2.2316725660339154,0.36363636363636365,0.38636363636363635,"ZEC,BTC,LIT,PONS,ASTER",仓位表现普通有效
2714212,1831,2026-09-09 05:17:16,30,0x25fcb75a422f1eeef23c272f8712d6df16c49c38,smart_money,P-G,35.0,0.65,16,11,5,0.45454545454545453,-23.391133148108885,3.884276182455374,-14.867567732307556,414.71375,13.1875,40.0,7.673975013967095,-27.23212495431401,0.0625,0.75,"HYPE,PUMP,BTC,W,XPL",高杠杆/短线赌徒型，长期单降权
2713498,1831,2026-09-09 05:17:15,30,0x2609e5cd96e82dea377f82608474dd913549ab78,smart_money,P-N,50.0,1.0,1,0,1,,,-86.81251392414858,-86.81251392414858,1739.6655555555556,1.0,1.0,0.0,-90.33387273428255,1.0,0.0,XPL,仓位样本不足，暂不影响权重
2713499,1831,2026-09-09 05:17:15,30,0x266b5569ed3017e74dd48059c6db804e016eefcb,smart_money,P-A,89.66666666666666,1.15,10,6,4,0.6666666666666666,3.9411036847931933,43.87426738424461,14.169067368609642,814.353638888889,7.8,10.0,34.923362588940705,-8.308153824722941,0.1,0.6,"FARTCOIN,HYPE,TAO,ZEC,VIRTUAL",仓位收益稳定，适合加权参考
2714858,1831,2026-09-09 05:17:16,30,0x26c93faaf64380f816c7b07a7f1c051fd44210d9,smart_money,P-N,50.0,1.0,2,2,0,0.0,-6.554411196617465,,-6.554411196617465,636.3295833333333,24.0,40.0,4.893018700925379,-6.554411196617465,0.0,0.5,BTC,仓位样本不足，暂不影响权重
2714750,1831,2026-09-09 05:17:16,30,0x26e850e94b0b7b672544a5b60ac3463957a817ba,smart_money,P-N,50.0,1.0,2,2,0,1.0,5.329934229197827,,5.329934229197827,413.0088888888889,15.0,20.0,8.583575181994535,-0.5901703649179875,0.0,1.0,"PAXG,SOL",仓位样本不足，暂不影响权重
2714880,1831,2026-09-09 05:17:16,30,0x27388d079cb5cf1ad50f60ab4c260356449bf92b,smart_money,P-G,37.02859429505796,0.65,3,3,0,0.0,-7.971405704942044,,-7.971405704942044,170.33046296296297,20.0,20.0,1.2708607435818833,-7.971405704942044,0.0,1.0,"SOL,BTC,ETH",高杠杆/短线赌徒型，长期单降权
2713976,1831,2026-09-09 05:17:15,30,0x279dbeaae93533a5c4607712b027b04aff62d625,smart_money,P-N,50.0,1.0,1,0,1,,,-15.985384144681337,-0.8321383089691858,1703.7994444444444,5.0,5.0,22.534594962436312,-30.193393799387678,0.0,0.0,HYPE,仓位样本不足，暂不影响权重
2714310,1831,2026-09-09 05:17:16,30,0x27c5fdef9a082abd0711c611dbde9d7db9611aae,smart_money,P-A,84.07641291968235,1.15,17,13,4,0.6923076923076923,2.6561453975911844,8.777096102096138,4.09636909276882,71.76470588235294,5.882352941176471,11.0,7.2354756940095895,-2.1101493800911095,0.35294117647058826,0.29411764705882354,"HYPE,BTC,LIT,SOL,TAO",仓位收益稳定，适合加权参考
2713500,1831,2026-09-09 05:17:15,30,0x27c9fa86c91b84ddfa15de58c482ff662498d65d,money_printer,P-B,70.53375474766878,1.0,1056,995,61,0.6160804020100502,0.454470671843398,-0.8280298754113911,0.3726239095432404,63.229710911195404,8.332386363636363,40.0,2.785193537898101,-3.0515047438821217,0.1590909090909091,0.4668560606060606,"MET,JTO,ETHFI,PUMP,FIL",仓位表现普通有效
2714615,1831,2026-09-09 05:17:16,30,0x27d33e77c8e6335089f56e399bf706ae9ad402b9,smart_money,P-R,25.0,-0.8,13,13,0,0.15384615384615385,-0.8505836945589031,,-0.8505836945589031,23.999465811965816,2.0,2.0,0.6543682520473083,-1.2511681634049465,1.0,0.0,"ETH,SOL,HYPE,BTC,ZEC",仓位真实收益偏反向，可作为反向参考
2714455,1831,2026-09-09 05:17:16,30,0x281354062fa932086890a6bbf7dff7d0a67d220f,smart_money,P-G,47.21328659734974,0.65,78,75,3,0.8933333333333333,2.250621258342247,1.3555420540077832,2.2132865973497413,24.115847578347587,12.974358974358974,40.0,5.072278822968282,-1.4787958074739715,0.08974358974358974,0.5512820512820513,"HYPE,BTC,LIT,MON,PUMP",高杠杆/短线赌徒型，长期单降权
2713501,1831,2026-09-09 05:17:15,30,0x28233e5edddfc9f71f0cecf58ca98f6a2ca11f43,money_printer,P-C,37.01029995663981,0.75,20,10,10,0.4,-7.14631043088544,-16.114470313060632,-9.82153855699801,1211.0975833333334,9.65,20.0,14.826076253264782,-27.709913785020184,0.05,0.65,"BNB,BTC,DOT,LINK,NEAR",仓位收益偏弱，降权参考
2714148,1831,2026-09-09 05:17:16,30,0x28473085ba4aa761eb541914f50a75dd685cd47b,smart_money,P-S,100.0,1.25,34,23,11,0.9130434782608695,3.2791236053740485,-1.497163395556221,2.028858277439495,209.20583333333332,4.117647058823529,6.0,13.687190792204133,-5.837579690109776,0.38235294117647056,0.0,"ETH,NEAR,ENA,ZEC,LIT",仓位收益、持仓周期、杠杆结构适合长期参考
2714014,1831,2026-09-09 05:17:15,30,0x288ed4efc8fbd1e42a06fe083ea942d20c90b336,"money_printer,smart_money",P-C,34.736694685856854,0.75,7,2,5,0.5,-46.512101130588476,-15.080768934495122,-21.177241300011968,703.4343650793651,11.571428571428571,40.0,20.402258959285597,-34.81104536709339,0.2857142857142857,0.2857142857142857,"VVV,BTC,WLFI,ETH,XLM",仓位收益偏弱，降权参考
2714027,1831,2026-09-09 05:17:15,30,0x28bbaaa5b431ed61ea6a9b3394f76616e00cfca6,money_printer,P-N,50.0,1.0,1,0,1,,,-32.19503190759983,-32.19503190759983,1083.7127777777778,20.0,20.0,3.8641827237826867,-33.62955540319604,0.0,1.0,ETH,仓位样本不足，暂不影响权重
2714276,1831,2026-09-09 05:17:16,30,0x29b7ddbc6fa8cd273a63cb17826225aeb46ed6a4,smart_money,P-G,46.09087426342429,0.65,3,1,2,0.0,-0.08577697985238743,1.679199885062625,1.0908742634242876,181.32629629629628,25.0,40.0,3.953923678713542,-3.8793590495585,0.0,1.0,"BTC,HYPE,ETH",高杠杆/短线赌徒型，长期单降权
2714085,1831,2026-09-09 05:17:15,30,0x29c792a175627a15c60f5288e55d1cf7d95f2157,smart_money,P-N,50.0,1.0,2,1,1,0.0,-2.283337546437348,52.24618117354829,24.981421813555464,649.0047222222222,10.0,10.0,30.811876860255378,-6.503730718486638,0.0,1.0,HYPE,仓位样本不足，暂不影响权重
2714794,1831,2026-09-09 05:17:16,30,0x29eb62882a8bd104a64400a2971d0d6881777043,money_printer,P-S,100.0,1.25,38,38,0,0.6842105263157895,16.2745803544526,,16.2745803544526,1196.645380116959,4.7894736842105265,5.0,36.82535460931086,-18.796572799006952,0.10526315789473684,0.0,"AAVE,ALGO,ASTER,BTC,CRV",仓位收益、持仓周期、杠杆结构适合长期参考
2713502,1831,2026-09-09 05:17:15,30,0x2a29762f188eacd2217313a62642b1fb24d14d9c,smart_money,P-N,50.0,1.0,1,0,1,,,139.23819426296504,139.238194262965,1739.6655555555556,2.0,2.0,148.61828533936801,0.0,1.0,0.0,HYPE,仓位样本不足，暂不影响权重
2714125,1831,2026-09-09 05:17:16,30,0x2a304155f0c751217f2bedc1769be8398151eca4,smart_money,P-B,65.19516353979527,1.0,40,37,3,0.5405405405405406,0.6417319968493305,9.933310213579047,1.1786628509787174,45.50120833333334,7.425,20.0,6.091724684239179,-2.6927650209588765,0.2,0.55,"PUMP,TAO,ZEC,CASHCAT,HYPE",仓位表现普通有效
2714738,1831,2026-09-09 05:17:16,30,0x2a3c3bf6a7cc9615af69be77ecb9908a1f48de46,smart_money,P-N,50.0,1.0,2,2,0,0.5,-1.6086013235454582,,-1.6086013235454582,45.999583333333334,5.0,5.0,5.637398638494515,-2.489677076539629,0.0,0.0,"PUMP,HYPE",仓位样本不足，暂不影响权重
2713503,1831,2026-09-09 05:17:15,30,0x2a4d9f5d63bcd42c737431e0b49d2e01c49caae4,smart_money,P-B,100.0,1.0,4,1,3,1.0,18.993830655977114,-4.89938217124909,3.390154291093758,1658.9174305555557,6.25,10.0,37.339922800995225,-10.562981337451333,0.25,0.25,"LINK,SOL,TRB,POL",仓位表现普通有效
2714016,1831,2026-09-09 05:17:15,30,0x2a72b57dea119cc0bac14df798f9e9b8b148267c,smart_money,P-B,70.200833612972,1.0,4002,3966,36,0.5685829551185073,0.20169034902517033,0.1668391146434699,0.20001337733824526,6.45680194624908,4.184407796101949,5.0,1.1074601490769322,-0.8638550955953181,0.4077961019490255,0.0,"MORPHO,ARB,MELANIA,VVV,ZRO",仓位表现普通有效
2713504,1831,2026-09-09 05:17:15,30,0x2a767954b55264c1443b3fa634d4adb7d6059a53,smart_money,P-G,41.10847586186037,0.65,109,89,20,0.5280898876404494,-1.7430174071290272,-17.47921671396703,-3.8915241381396317,384.1942099898063,13.422018348623853,40.0,5.259214307758849,-12.653676529687246,0.009174311926605505,0.8990825688073395,"ETH,HYPE,XRP,ZEC,DOT",高杠杆/短线赌徒型，长期单降权
2713505,1831,2026-09-09 05:17:15,30,0x2a876325db0cdd43e0f250bc309d45f78e45dcf3,smart_money,P-R,25.0,-0.8,16,6,10,0.3333333333333333,-9.55938477162054,-21.012648531827935,-14.695697381658933,797.3375520833334,3.8125,10.0,14.544845517999931,-32.602995089626575,0.75,0.0625,"PONS,GRIFFAIN,STBL,ZRO,GRASS",仓位真实收益偏反向，可作为反向参考
2714323,1831,2026-09-09 05:17:16,30,0x2a934d40944e2b686ee9cdce74a3f67d32cd0347,money_printer,P-N,50.0,1.0,2,1,1,1.0,3.4522476847782895,-2.185476067124975,0.6333858088266571,700.3306944444444,32.5,40.0,15.574935062380444,-2.641149635861656,0.0,1.0,"BTC,ETH",仓位样本不足，暂不影响权重
2713506,1831,2026-09-09 05:17:15,30,0x2ac4880624dae9e823874d65e43bfeba97fc61b5,smart_money,P-C,73.27095451363459,0.75,23,14,9,0.5714285714285714,-1.071179540688915,-0.5847372819604041,-2.3688140971837197,526.3602898550724,5.0,20.0,15.100555584868989,-17.982431437620953,0.34782608695652173,0.13043478260869565,"BTC,ZEC,HYPE,ENA,CASHCAT",仓位收益偏弱，降权参考
2713507,1831,2026-09-09 05:17:15,30,0x2b02efbf4fa4585ae3cc9d81913770e9b12484db,smart_money,P-C,13.771212547196626,0.75,3,1,2,0.0,-19.75652533255143,-34.425584859016475,-29.535898350194795,721.5568518518518,3.6666666666666665,5.0,6.158509985426694,-38.43100880980702,0.6666666666666666,0.0,"XMR,ETHFI",仓位收益偏弱，降权参考
2714757,1831,2026-09-09 05:17:16,30,0x2b2ab788772102883d5bca4af7cf2660d746ac9b,smart_money,P-G,51.79220376090526,0.65,6,6,0,0.3333333333333333,6.792203760905259,,6.792203760905259,33.502685185185186,15.0,30.0,13.04629843822689,-1.6296304289672368,0.0,1.0,"ZEC,PUMP,HYPE,ETH,BTC",高杠杆/短线赌徒型，长期单降权
2713508,1831,2026-09-09 05:17:15,30,0x2b3349ff0c4cf96f7df87fd5f3d583ee625733f7,smart_money,P-R,25.0,-0.8,24,8,16,0.375,-7.179986516695203,-11.416488900839568,-7.452798401361026,780.1934027777778,2.25,10.0,16.352488894228326,-30.488590476014778,0.9583333333333334,0.041666666666666664,"AAVE,LIT,ENA,TAO,AVAX",仓位真实收益偏反向，可作为反向参考
2713509,1831,2026-09-09 05:17:15,30,0x2b9b48bbdd8018396daad50364c467246db30d87,smart_money,P-B,65.5847059602055,1.0,7,2,5,0.5,8.855013876861822,4.347597697947885,7.852577065745746,851.7124603174603,10.714285714285714,20.0,25.860650543551817,-13.533221437703855,0.14285714285714285,0.42857142857142855,"ZEC,BTC,ETH,MON,SOL",仓位表现普通有效
2714760,1831,2026-09-09 05:17:16,30,0x2ba553d9f990a3b66b03b2dc0d030dfc1c061036,money_printer,P-N,50.0,1.0,2,2,0,1.0,1.6838049933668189,,1.6838049933668189,77.99847222222222,5.0,5.0,5.669074536156396,-4.063546617832504,0.0,0.0,LIT,仓位样本不足，暂不影响权重
2713510,1831,2026-09-09 05:17:15,30,0x2ba90dba46da390ca15d2ac24078d3a81bc85399,smart_money,P-R,25.0,-0.8,11,8,3,0.25,-6.714876285556628,-35.48464506007968,-15.68861751777094,363.1546212121212,3.4545454545454546,5.0,7.799757159806899,-29.77156850814772,0.36363636363636365,0.0,"ZEC,CASHCAT,HYPE,FARTCOIN,PONS",仓位真实收益偏反向，可作为反向参考
2713511,1831,2026-09-09 05:17:15,30,0x2bb45f0411f8f7cd264620fb2b22990d373b8ac5,smart_money,P-N,50.0,1.0,1,0,1,,,36.124734813057465,36.12473481305747,1739.6655555555556,5.0,5.0,42.069484681889726,0.0,0.0,0.0,WLFI,仓位样本不足，暂不影响权重
2713512,1831,2026-09-09 05:17:15,30,0x2bd0cbb03af55e337aabb179a7bf092218b8367c,smart_money,P-N,50.0,1.0,2,1,1,1.0,2.3681578151534195,-1.2344967937641593,0.5668305106946301,872.3334722222222,6.5,10.0,15.28262318814765,-4.708612159339385,0.5,0.5,"BTC,CASHCAT",仓位样本不足，暂不影响权重
2713513,1831,2026-09-09 05:17:15,30,0x2bd6745f4c7f91401611134b61b839ee2ebdb8d8,smart_money,P-C,5.020599913279625,0.75,4,0,4,,,-18.63098539580294,-30.725751940014483,1739.6655555555556,7.5,10.0,13.161967004120317,-85.55852194719864,0.0,0.5,"FARTCOIN,HYPE,PUMP,SPX",仓位收益偏弱，降权参考
2713514,1831,2026-09-09 05:17:15,30,0x2bee414493be72c747edf347d42b198494fb0ba9,smart_money,P-N,50.0,1.0,1,0,1,,,-2.468647976369384,-0.634373233173834,1739.6655555555556,8.0,8.0,29.79213413941939,-5.574052961600249,0.0,0.0,BTC,仓位样本不足，暂不影响权重
2714063,1831,2026-09-09 05:17:15,30,0x2c6f7831be3fe15cc7025672f27623a921553725,smart_money,P-N,50.0,1.0,2,0,2,,,34.08399835333479,34.08399835333479,641.0023611111111,13.0,20.0,40.16492500660305,-3.243211998518734,0.0,0.5,"HYPE,ETH",仓位样本不足，暂不影响权重
2714472,1831,2026-09-09 05:17:16,30,0x2ca4927174ba283d8a57f60ef3589844035a2930,smart_money,P-G,44.94989952620872,0.65,8,7,1,0.42857142857142855,-0.15121501701366652,0.6577013287654011,-0.05010047379128307,93.87600694444444,20.0,20.0,1.5570316628806482,-1.6512816724510517,0.0,1.0,BTC,高杠杆/短线赌徒型，长期单降权
2714920,1831,2026-09-09 05:17:16,30,0x2cd991f48ba31536a96b772536a1daaaedf150ae,money_printer,P-B,92.96510444713246,1.0,23,23,0,0.6521739130434783,15.480334960503008,,15.480334960503008,968.427898550725,9.782608695652174,40.0,35.92362089800438,-16.806551044874993,0.21739130434782608,0.5652173913043478,"PURR,NEAR,W,NOT,AVAX",仓位表现普通有效
2714352,1831,2026-09-09 05:17:16,30,0x2cef0a7f84e722c77b271862da5fe2387028fa20,smart_money,P-G,44.96441972295091,0.65,52,46,6,0.5652173913043478,-0.43993830382312327,5.047323494325029,-0.03558027704908992,67.0000747863248,24.346153846153847,40.0,3.9180654405601993,-2.666433501122845,0.1346153846153846,0.8653846153846154,"BTC,ETH,HYPE,CASHCAT,SOL",高杠杆/短线赌徒型，长期单降权
2714526,1831,2026-09-09 05:17:16,30,0x2cffce91b4e0c81df18726ff66b31b2b1545e1ad,smart_money,P-B,67.27752126406179,1.0,137,136,1,0.5588235294117647,0.028422033475483985,-0.049915964262696975,0.02884221210817766,5.357723033252234,4.2773722627737225,14.0,0.21062091823809212,-0.16366756299541885,0.5474452554744526,0.0948905109489051,BTC,仓位表现普通有效
2714544,1831,2026-09-09 05:17:16,30,0x2d46792b530edc6951935dd7c8c79141dbcf1d43,smart_money,P-G,45.08285538063159,0.65,201,200,1,0.66,0.08363711369549563,0.04056841275137985,0.08285538063159452,3.582122719734663,20.0,20.0,0.2983750583252265,-0.22340691947850033,0.0,1.0,BTC,高杠杆/短线赌徒型，长期单降权
2713515,1831,2026-09-09 05:17:15,30,0x2d55a75eef61cf781a278f0d81074c896bdb167c,smart_money,P-R,25.0,-0.8,14,3,11,0.0,-20.498275090677925,-33.57958420635468,-30.25443374632048,910.8706746031747,7.857142857142857,25.0,11.769174960262982,-42.120772309757406,0.0,0.35714285714285715,"HYPE,NEAR,XMR,ZRO,GRAM",仓位真实收益偏反向，可作为反向参考
2713516,1831,2026-09-09 05:17:15,30,0x2d7ae76a3c51efa830e99a404570157421120d7e,smart_money,P-G,62.21782591696237,0.65,3,0,3,,,17.21782591696237,17.21782591696237,1739.6655555555556,20.0,20.0,46.14584185904977,-0.9024602479705112,0.0,1.0,"BTC,ETH,SOL",高杠杆/短线赌徒型，长期单降权
2714145,1831,2026-09-09 05:17:16,30,0x2d891ef03177dd17372c5efecbd80f301d96436b,smart_money,P-C,51.46389935790542,0.75,4,3,1,0.3333333333333333,-4.741216762664448,-11.55641748942172,-6.445016944353766,411.07145833333334,3.0,3.0,2.458010263452355,-8.164464795846804,1.0,0.0,"BTC,ETH,SOL",仓位收益偏弱，降权参考
2714214,1831,2026-09-09 05:17:16,30,0x2d99fe0f36c1aebd28a1a2c0e82e8ca13c2ea351,money_printer,P-C,93.02059991327963,0.75,4,1,3,1.0,0.8045798178253479,-19.092295405461027,-13.938855053739525,298.2468055555555,1.25,2.0,7.516111581552091,-20.532324737259746,1.0,0.0,"BTC,ZEC,PONS,ETH",仓位收益偏弱，降权参考
2713517,1831,2026-09-09 05:17:15,30,0x2dacce251f42aa0ebad75ec0cf505e138142a911,smart_money,P-N,50.0,1.0,1,0,1,,,-50.35480987829093,-50.35480987829093,1739.6655555555556,2.0,2.0,6.516744746834297,-51.9863954555543,1.0,0.0,ETH,仓位样本不足，暂不影响权重
2714279,1831,2026-09-09 05:17:16,30,0x2dafcc36215b481c331f05437959c428562064b6,smart_money,P-G,42.64482213245342,0.65,15,14,1,0.21428571428571427,-1.9878088005722891,-7.498344805186691,-2.3551778675465824,117.11105555555555,12.2,20.0,2.661035203023413,-4.970047489714492,0.06666666666666667,0.9333333333333333,"HYPE,BTC,ZEC,PURR,ETH",高杠杆/短线赌徒型，长期单降权
2714861,1831,2026-09-09 05:17:16,30,0x2dd5b67410355a62fde9fc526f2b08b81413a130,smart_money,P-N,50.0,1.0,1,1,0,1.0,13.12327613647262,,13.12327613647262,1276.6577777777777,10.0,10.0,22.391495935868807,-24.9098447080301,0.0,1.0,HYPE,仓位样本不足，暂不影响权重
2713518,1831,2026-09-09 05:17:15,30,0x2ded914aa5fadadd7d32d678924188586d7c656b,smart_money,P-C,75.3954700501686,0.75,99,32,67,0.59375,2.466818196019519,-6.665553228185039,-4.0835149749156985,1223.9853142536485,4.090909090909091,5.0,19.143259917408606,-29.69081923864074,0.45454545454545453,0.0,"SUSHI,AXS,UNI,BTC,LDO",仓位收益偏弱，降权参考
2714126,1831,2026-09-09 05:17:16,30,0x2e2e76c5e1d91a78ec41672da4640620d88a1c50,smart_money,P-B,93.67876397704612,1.0,17,16,1,0.875,1.65456359740597,-60.91390898475775,-0.49668614778007186,281.0773692810457,9.588235294117647,40.0,4.2455682700215185,-8.575713034846718,0.11764705882352941,0.29411764705882354,"HYPE,JUP,LIT,NEAR,BTC",仓位表现普通有效
2713519,1831,2026-09-09 05:17:15,30,0x2e30c32738a28833e3d85189c04895c25ee54cb5,smart_money,P-R,25.0,-0.8,5,0,5,,,-1.3356307950472743,-1.4630295463335663,1739.6655555555558,2.0,2.0,4.764158377645684,-22.835274798990543,1.0,0.0,"BTC,ETH,SOL,XRP,ZEC",仓位真实收益偏反向，可作为反向参考
2713520,1831,2026-09-09 05:17:15,30,0x2ef1697d832128ae14a19eb08f7074db6336b106,smart_money,P-N,50.0,1.0,2,0,2,,,-2.4065762908056527,-2.4065762908056527,1739.6655555555556,1.0,1.0,34.48037473162371,-16.92458633766611,1.0,0.0,"FARTCOIN,HYPE",仓位样本不足，暂不影响权重
2714292,1831,2026-09-09 05:17:16,30,0x2ef85698675478f9dd543786e459bab7665d49f7,smart_money,P-A,82.26955198333526,1.15,25,23,2,0.6521739130434783,2.1334845225590398,11.405937428739936,2.818988991785702,32.91974444444444,5.36,10.0,7.310475441352099,-4.2228658645006485,0.32,0.2,"ARB,PONS,CASHCAT,UNI,SOL",仓位收益稳定，适合加权参考
2714229,1831,2026-09-09 05:17:16,30,0x2f7eb45927a2076d52e00463d8015a360a495405,smart_money,P-G,42.86813102785976,0.65,20,15,5,0.4666666666666667,0.8586998740815637,-14.48482922375131,-2.131868972140238,110.44337499999997,26.15,40.0,5.492296019228695,-9.5059855434012,0.3,0.65,"BTC,PONS,VVV,ZRO,AZTEC",高杠杆/短线赌徒型，长期单降权
2713521,1831,2026-09-09 05:17:15,30,0x2fcb6898d5a0623de19c3691904927685014c4d8,money_printer,P-C,52.226656556631255,0.75,26,1,25,0.0,-21.680252764612945,39.40081800933408,38.20396074321702,1504.5247115384616,7.1923076923076925,40.0,59.91327005559057,-10.013537789938336,0.34615384615384615,0.34615384615384615,"ZEC,0G,ANIME,AVNT,BCH",仓位收益偏弱，降权参考
2713522,1831,2026-09-09 05:17:15,30,0x2ff2944a3bbf6e79848facaeddb2d986773dfaed,smart_money,P-C,65.72023239439142,0.75,87,29,58,0.5172413793103449,0.9050251482125304,-15.197252682438409,-6.243332078666367,1258.1646615581099,4.126436781609195,5.0,20.90522512846236,-32.033110997310075,0.4367816091954023,0.0,"MINA,TRUMP,ZORA,ACE,ALT",仓位收益偏弱，降权参考
2713523,1831,2026-09-09 05:17:15,30,0x3005fade4c0df5e1cd187d7062da359416f0eb8e,smart_money,P-G,65.0,0.65,8,2,6,0.5,-0.7694607136168647,41.03825984701886,28.377507539498918,1242.8969791666668,13.375,25.0,39.609339910095755,-16.617847526999547,0.0,0.625,"SOL,ETH,HYPE,PENDLE,LIT",高杠杆/短线赌徒型，长期单降权
2713524,1831,2026-09-09 05:17:15,30,0x303de6f3508071e983cd3e68ccb41cae75248466,smart_money,P-N,50.0,1.0,2,0,2,,,-2.5844658815775174,-2.5844658815775174,1739.6655555555556,15.0,20.0,15.468728839131069,-7.090693211021111,0.0,1.0,"BTC,TRX",仓位样本不足，暂不影响权重
2713525,1831,2026-09-09 05:17:15,30,0x30530d8c6f6aa5416609992bbe08aac518d8525a,smart_money,P-C,70.11484583716977,0.75,6,2,4,1.0,4.4029601424176965,-32.84992564346508,-20.43229704817082,1125.2753240740742,9.166666666666666,10.0,4.930788464784832,-31.943413002805375,0.0,0.8333333333333334,"BTC,DOGE,FARTCOIN,HYPE,TRUMP",仓位收益偏弱，降权参考
2713526,1831,2026-09-09 05:17:15,30,0x30a712758896b443d447f486737b91b54161e64f,smart_money,P-N,50.0,1.0,2,1,1,0.0,-1.0766265700804076,47.915694318209724,20.927386705424812,917.3322222222222,4.0,5.0,42.51981385433594,-10.033346285161846,0.5,0.0,"ETHFI,AZTEC",仓位样本不足，暂不影响权重
2714353,1831,2026-09-09 05:17:16,30,0x30a7a78ada9aaada13ef7290ce2d18554c9cbd80,smart_money,P-G,45.264247409802564,0.65,13,12,1,0.5833333333333334,0.16239974989590036,1.4864193286825054,0.2642474098025623,52.53692307692309,19.23076923076923,20.0,1.5816096458519913,-1.3603655044615761,0.0,1.0,"BTC,ETH,HYPE",高杠杆/短线赌徒型，长期单降权
2713527,1831,2026-09-09 05:17:15,30,0x30bb45af88000014bd7a5e6f7c714a489c4f7cae,smart_money,P-G,65.0,0.65,3,0,3,,,21.334265786379206,21.334265786379206,1292.1068518518518,16.666666666666668,20.0,39.34538710681591,-3.799466653249136,0.0,1.0,"ETH,SOL,HYPE",高杠杆/短线赌徒型，长期单降权
2713528,1831,2026-09-09 05:17:15,30,0x31ca8395cf837de08b24da3f660e77761dfb974b,money_printer,P-G,45.16436441997279,0.65,2196,2019,177,0.5676077265973254,0.15996654400327345,0.29527598111605974,0.16436441997278822,100.1680936298319,20.0,20.0,1.9235349256501826,-1.829973465040762,0.0,1.0,"AAVE,ACE,DASH,PROVE,EIGEN",高杠杆/短线赌徒型，长期单降权
2713529,1831,2026-09-09 05:17:15,30,0x31d6b5a70e8ef418311d7cd2c28c7e1c15e84f90,smart_money,P-C,67.9276375858079,0.75,28,6,22,0.5,0.9652441041262291,-0.9463767501144893,-3.914828506664292,613.405,3.0357142857142856,10.0,12.97651933785144,-20.856551171425565,0.9642857142857143,0.03571428571428571,"AERO,ADA,ASTER,HYPE,LINK",仓位收益偏弱，降权参考
2713530,1831,2026-09-09 05:17:15,30,0x31dea2516beee92135b96f464eeec3cf292a13f2,money_printer,P-G,44.41716675389675,0.65,290,282,8,0.6702127659574468,0.22904667020317843,-29.31381843190227,-0.5828332461032508,31.99657375478926,13.162068965517241,20.0,0.8991745890648446,-1.2880046116133794,0.30689655172413793,0.6862068965517242,"HYPE,BTC,ETH,SOL,ZEC",高杠杆/短线赌徒型，长期单降权
2713531,1831,2026-09-09 05:17:15,30,0x31f28ff1130fdd38d6180fa326c146fe63ecc52b,smart_money,P-B,88.43384387365028,1.0,31,18,13,0.7777777777777778,3.429263088076114,-6.064162320622388,0.2314396325283273,423.1406093189964,6.838709677419355,10.0,12.877237215691501,-13.880361587751226,0.12903225806451613,0.41935483870967744,"UNI,LIT,CRV,HYPE,ARB",仓位表现普通有效
2713532,1831,2026-09-09 05:17:15,30,0x32051a0c36af1449e0eee08146a808115ccc40bb,money_printer,P-B,73.51267653463579,1.0,77,71,6,0.6901408450704225,0.6082483573702161,-0.9658263220885329,0.4325775210219416,72.80093795093792,9.285714285714286,10.0,1.760552650099952,-2.361525137876994,0.06493506493506493,0.8831168831168831,"ZEC,SUI,DOGE,SKR,PENGU",仓位表现普通有效
2714866,1831,2026-09-09 05:17:16,30,0x321f13fa322c8c446eb0c50f54d0af8cca859714,smart_money,P-N,50.0,1.0,1,1,0,1.0,100.41824332231768,,100.41824332231768,1266.6641666666667,10.0,10.0,103.52093445756547,0.0,0.0,1.0,HYPE,仓位样本不足，暂不影响权重
2714408,1831,2026-09-09 05:17:16,30,0x321f7193eadbacb67eff00f76b975a487e5b1c84,smart_money,P-G,44.6252979621306,0.65,19,16,3,0.6875,-0.17680741150082668,-1.1332970660768271,-0.37470203786939754,47.99922514619883,10.0,10.0,1.6748202214760617,-2.853127575320763,0.0,1.0,"ETH,BTC,SOL,UNI,BNB",高杠杆/短线赌徒型，长期单降权
2713533,1831,2026-09-09 05:17:15,30,0x324563717b20e19e71c5440aff6c9762ccfc08cc,money_printer,P-N,50.0,1.0,2,0,2,,,3.8330319663499997,3.9133101347559758,1739.6655555555556,20.0,20.0,35.68950628409722,-4.19484691760458,0.0,1.0,"BTC,ETH",仓位样本不足，暂不影响权重
2714773,1831,2026-09-09 05:17:16,30,0x32536c98f7fd6b47637452275a2297abcc4ff6ee,smart_money,P-N,50.0,1.0,1,1,0,1.0,0.311875,,0.311875,83.99638888888889,15.0,15.0,2.511875,-0.9156249999999999,0.0,1.0,BTC,仓位样本不足，暂不影响权重
2714333,1831,2026-09-09 05:17:16,30,0x325edd95bb016c36027ce3b9f7595af7094a9564,money_printer,P-G,46.38288306571562,0.65,47,45,2,0.8,1.6648419177578455,-10.151095413854687,1.3828830657156208,30.047098108747043,13.212765957446809,40.0,3.7657285872922714,-3.539574595058699,0.0425531914893617,0.7446808510638298,"HYPE,ZEC,LIT,ETH,BTC",高杠杆/短线赌徒型，长期单降权
2714764,1831,2026-09-09 05:17:16,30,0x3286cd2bd1b67afbcbb6988bebd50229120092e1,smart_money,P-N,50.0,1.0,1,1,0,1.0,2.0953428398058254,,2.0953428398058254,86.00027777777778,20.0,20.0,2.2065887944983817,-1.9246814320388348,0.0,1.0,BTC,仓位样本不足，暂不影响权重
2714621,1831,2026-09-09 05:17:16,30,0x329c787b163a730bd7900df2beb3ff4fe4670375,smart_money,P-B,66.57445899185115,1.0,14,14,0,0.5714285714285714,0.485160746105809,,0.485160746105809,96.19373015873016,7.5,10.0,3.5713841969149196,-1.3201824932965842,0.35714285714285715,0.6428571428571429,"HYPE,PONS,LIT",仓位表现普通有效
2713534,1831,2026-09-09 05:17:15,30,0x32a501193fe8789b2093e03e698e5ca979c9cd92,money_printer,P-R,25.0,-0.8,61,33,28,0.36363636363636365,-3.6096736086176295,-9.696093382663301,-6.06822599582665,289.91608834244084,4.967213114754099,20.0,10.252207299544052,-17.54690907717489,0.5245901639344263,0.19672131147540983,"LIT,CASHCAT,ENA,GRAM,MON",仓位真实收益偏反向，可作为反向参考
2714411,1831,2026-09-09 05:17:16,30,0x334ebb44fd8fccb9112983247443dfae5e448887,smart_money,P-G,46.84957906194507,0.65,6,3,3,1.0,6.122292306870434,-2.4231341829802955,1.8495790619450692,62.839490740740736,17.5,40.0,6.505811576684663,-2.139837022923148,0.0,1.0,"BTC,ENA,ETH,ZEC,HYPE",高杠杆/短线赌徒型，长期单降权
2714336,1831,2026-09-09 05:17:16,30,0x335f45392f8d87745aaae68f5c192849afd9b60e,money_printer,P-G,45.00523235153956,0.65,26,25,1,0.44,0.007604261900260945,-0.6221017880655688,0.005232351539561941,31.615651709401707,13.0,13.0,0.5667902196882756,-0.4620358828142136,0.0,1.0,BTC,高杠杆/短线赌徒型，长期单降权
2714554,1831,2026-09-09 05:17:16,30,0x339030695894d065719b8ee501459a467ef1388a,smart_money,P-B,65.07078082308027,1.0,249,248,1,0.6048387096774194,0.06100078064199986,0.014664035567878453,0.06081468929632066,2.698971441320839,7.477911646586345,20.0,0.28790174991944345,-0.24891925683776028,0.024096385542168676,0.36947791164658633,"ETH,BTC",仓位表现普通有效
2714837,1831,2026-09-09 05:17:16,30,0x33c3b8bcd758f511b350374a63e1f880f40e0282,smart_money,P-N,50.0,1.0,1,1,0,0.0,-15.878194671016866,,-15.878194671016866,565.9997222222222,5.0,5.0,13.259017582019206,-15.878194671016866,0.0,0.0,DYDX,仓位样本不足，暂不影响权重
2713535,1831,2026-09-09 05:17:15,30,0x3440f23a87f1950e7a88cd248fd270e92d1132c5,money_printer,P-G,40.09113857033486,0.65,5,1,4,1.0,18.344640341527892,-22.533187764503804,-4.90886142966514,1260.541888888889,21.0,40.0,10.796562553529963,-27.476066196010247,0.0,1.0,"HYPE,BTC,ETH,SOL",高杠杆/短线赌徒型，长期单降权
2714820,1831,2026-09-09 05:17:16,30,0x34827044cbd4b808fc1b189fce9f50e6dafae7c9,smart_money,P-C,54.677589124448055,0.75,499,499,0,0.4348697394789579,-0.216315658216854,,-0.216315658216854,1.6831028724114905,5.663326653306613,20.0,0.9635157977186529,-1.1019078490059064,0.374749498997996,0.2665330661322645,"PUMP,KAITO,VVV,XMR,ENA",仓位收益偏弱，降权参考
2713536,1831,2026-09-09 05:17:15,30,0x349bd094209d50280dfaca12779576c748395c15,money_printer,P-G,65.0,0.65,9,0,9,,,23.46965970608818,22.482200298837263,1313.5548765432097,12.0,40.0,61.17181752527696,-34.08489329644973,0.1111111111111111,0.5555555555555556,"HYPE,PUMP,PURR,SOL,TAO",高杠杆/短线赌徒型，长期单降权
2714388,1831,2026-09-09 05:17:16,30,0x34c6d41c5f78f7ccdf1b05ef7cb7c868ac5a6b0c,smart_money,P-N,50.0,1.0,1,0,1,,,9.38064304308061,11.19872125996574,103.00083333333333,1.0,1.0,17.1431251612298,-0.9873126802842237,1.0,0.0,NEAR,仓位样本不足，暂不影响权重
2714046,1831,2026-09-09 05:17:15,30,0x34fb5ec7d4e939161946340ea2a1f29254b893de,money_printer,P-G,45.209878457360055,0.65,1193,1157,36,0.6093344857389801,0.22103421368660334,1.1068014591889648,0.20987845736005706,26.30746041724877,10.081307627829002,20.0,1.5504282888073107,-1.4628647461595548,0.1584241408214585,0.6437552388935457,"HYPE,ZEC,kPEPE,ETH,SOL",高杠杆/短线赌徒型，长期单降权
2713537,1831,2026-09-09 05:17:15,30,0x350e33a777d510616fbdb483d1de3b50d1edfcfb,money_printer,P-G,44.105181744437,0.65,43,36,7,0.5833333333333334,-0.0234442915067748,-9.402836085434197,-0.8948182555629993,234.5256136950904,13.953488372093023,20.0,5.99897878906411,-6.817230215176118,0.09302325581395349,0.813953488372093,"BTC,ETH,HYPE,ZEC,SOL",高杠杆/短线赌徒型，长期单降权
2714475,1831,2026-09-09 05:17:16,30,0x351126a070c9cadef8064ddd7b2d289fc33163aa,smart_money,P-B,67.75201297787848,1.0,189,188,1,0.5585106382978723,0.01574635811210841,0.05223577073680131,0.0159648363444046,4.116387419165201,3.6455026455026456,23.0,0.26586374092141474,-0.20621487372844302,0.708994708994709,0.06878306878306878,ETH,仓位表现普通有效
2714392,1831,2026-09-09 05:17:16,30,0x352deb23bebae8b4c57d0ae341d9c1951fd8425a,smart_money,P-G,45.57794016496987,0.65,35,34,1,0.4117647058823529,0.5778398315622264,0.5813515008296043,0.577940164969866,28.771444444444448,22.37142857142857,40.0,5.867944855465183,-3.5877552718287067,0.14285714285714285,0.7428571428571429,"BTC,TRUMP,FARTCOIN,ZEC,SKR",高杠杆/短线赌徒型，长期单降权
2714924,1831,2026-09-09 05:17:16,30,0x354bcb431a332079950d2ce3a4698745e0f66425,smart_money,P-N,50.0,1.0,1,1,0,0.0,-2.2402321630804254,,-2.2402321630804254,86.90722222222222,10.0,10.0,0.12858625896564313,-2.8229992449981256,0.0,1.0,PAXG,仓位样本不足，暂不影响权重
2713538,1831,2026-09-09 05:17:15,30,0x3595098878d3960158b77765f3b595228385d69a,money_printer,P-N,50.0,1.0,2,0,2,,,-22.853720599765687,5.273906674670364,1739.6655555555556,10.0,10.0,15.199704514054373,-38.812432929162924,0.0,1.0,"AAVE,SUI",仓位样本不足，暂不影响权重
2714625,1831,2026-09-09 05:17:16,30,0x35a0e2776349c82407b0d70d7cb3cc5ceb31778d,smart_money,P-N,50.0,1.0,1,1,0,1.0,11.201256215650353,,11.201256215650353,56.000277777777775,5.0,5.0,18.97409055221145,0.0,0.0,0.0,PUMP,仓位样本不足，暂不影响权重
2714374,1831,2026-09-09 05:17:16,30,0x35af6c00f4be09af7219192cf54edb9892b31428,smart_money,P-G,45.11374737289788,0.65,27,26,1,0.4230769230769231,0.11277756929984732,0.8012229191924488,0.11374737289787991,28.925905349794245,10.0,10.0,1.6304597561693817,-1.137679672667326,0.0,1.0,HYPE,高杠杆/短线赌徒型，长期单降权
2714398,1831,2026-09-09 05:17:16,30,0x35c5c21decc15b99b9af370b3e97fd8e213bd29d,smart_money,P-G,45.83330121126955,0.65,49,47,2,0.7872340425531915,1.146638925053673,-6.530135062657376,0.8333012112695484,15.000413832199545,14.591836734693878,20.0,2.125267694872454,-1.9438944398802347,0.10204081632653061,0.8979591836734694,"BTC,SOL,HYPE,ZEC,PONS",高杠杆/短线赌徒型，长期单降权
2713539,1831,2026-09-09 05:17:15,30,0x35d1151ef1aab579cbb3109e69fa82f94ff5acb1,money_printer,P-N,50.0,1.0,2,0,2,,,-72.30280033113988,-72.30280033113988,1739.6655555555556,10.0,10.0,25.748319818496462,-109.16868413618558,0.0,1.0,"FARTCOIN,PUMP",仓位样本不足，暂不影响权重
2714219,1831,2026-09-09 05:17:16,30,0x36076e4bfad9624d7feba562326fdfa2063ede23,smart_money,P-A,75.86666981062115,1.15,42,38,4,0.6052631578947368,1.2174805032086606,4.7057558143186276,1.3681719980424059,40.621329365079376,6.5,25.0,5.337694905997062,-2.4057500284812954,0.2619047619047619,0.2619047619047619,"LIT,VVV,FARTCOIN,MON,CHIP",仓位收益稳定，适合加权参考
2714337,1831,2026-09-09 05:17:16,30,0x362ad6209a5e904a5569f69884375809c5781d9f,smart_money,P-B,96.99756243609244,1.0,12,11,1,0.8181818181818182,5.000986587634921,-43.41271624665073,0.9665113514444509,162.25166666666667,5.0,8.0,8.163889842518683,-9.511169196984854,0.0,0.0,"ZEC,BTC,SOL,ASTER,TRX",仓位表现普通有效
2714545,1831,2026-09-09 05:17:16,30,0x362c5006ed0a405c35df4a138cb38d891f1a1a20,smart_money,P-G,44.97592369978813,0.65,130,130,0,0.5615384615384615,-0.024076300211869545,,-0.024076300211869545,2.807608974358975,15.684615384615384,20.0,0.2173171220858255,-0.22438083161335493,0.0,0.9923076923076923,BTC,高杠杆/短线赌徒型，长期单降权
2714241,1831,2026-09-09 05:17:16,30,0x36387781e2564f8ac6d0a79154441f24d4c28cab,smart_money,P-N,50.0,1.0,2,1,1,1.0,2.35940786092213,1.0192073796774528,1.6893076202997914,779.8259722222223,5.0,5.0,18.717261699862757,-0.027444755090111052,0.0,0.0,ETH,仓位样本不足，暂不影响权重
2714643,1831,2026-09-09 05:17:16,30,0x365e0c115f1ca1adcb42fd21142873493df7f880,smart_money,P-G,45.108160318558106,0.65,306,306,0,0.5588235294117647,0.10816031855810893,,0.10816031855810893,30.93481935366739,13.34967320261438,30.0,2.1503551843945696,-2.1665117539724474,0.0,1.0,"NEAR,kPEPE,SUI,LINK,ETH",高杠杆/短线赌徒型，长期单降权
2713540,1831,2026-09-09 05:17:15,30,0x367b98f500b7db1da1c9b1e7c2338f830823c097,smart_money,P-C,49.771212547196626,0.75,3,0,3,,,28.807666181015037,28.807666181015037,1686.598888888889,3.6666666666666665,5.0,32.3019335595207,-19.344207555232813,0.6666666666666666,0.0,"BTC,ETH,HYPE",仓位收益偏弱，降权参考
2714659,1831,2026-09-09 05:17:16,30,0x368fa5b8582c72ca0ecfbc8469f1cbc13c7e2162,smart_money,P-G,44.517724888064215,0.65,4,4,0,0.25,-0.482275111935784,,-0.482275111935784,26.24930555555556,32.5,40.0,0.18854495372676733,-1.1578675247715684,0.0,1.0,"ETH,BTC",高杠杆/短线赌徒型，长期单降权
2713541,1831,2026-09-09 05:17:15,30,0x369daedbefcb30b82154338c8fd613a70c60d251,money_printer,P-B,92.57316068811909,1.0,149,39,110,0.5384615384615384,3.1470909411909114,6.1139856360092155,8.31962112877818,1176.8412416107399,5.214765100671141,20.0,29.40187182177755,-19.535775948262803,0.46308724832214765,0.18791946308724833,"PUMP,STRK,DYM,BANANA,FET",仓位表现普通有效
2713542,1831,2026-09-09 05:17:15,30,0x36ac01de9bc76c0d744b38c3e13a0538d55c7568,money_printer,P-R,25.0,-0.8,11,8,3,0.375,-5.941642864242258,5.245335099823013,-4.0452101846538735,502.39742424242417,4.818181818181818,10.0,21.849605296606907,-28.599358571029043,0.5454545454545454,0.18181818181818182,"CASHCAT,PURR,HYPE,XMR,APEX",仓位真实收益偏反向，可作为反向参考
2714245,1831,2026-09-09 05:17:16,30,0x36c097864a03c7f0215c0d43165a734152a12e0b,smart_money,P-G,46.37312555303871,0.65,85,79,6,0.7341772151898734,1.4894075544255065,-0.24986855394103838,1.3731255530387083,143.43811111111106,16.16470588235294,40.0,5.250392378606612,-3.9730251627215933,0.09411764705882353,0.8117647058823529,"HYPE,BTC,SOL,ONDO,ETH",高杠杆/短线赌徒型，长期单降权
2714167,1831,2026-09-09 05:17:16,30,0x36e6dab460411e402aed071915a21f5c2ff9f223,smart_money,P-N,50.0,1.0,2,1,1,1.0,1.6269230769230838,-78.88489208633094,-38.62898450470393,221.50319444444446,10.0,10.0,1.6940693532227544,-40.31513835085778,0.0,1.0,ZEC,仓位样本不足，暂不影响权重
2713543,1831,2026-09-09 05:17:15,30,0x36f5e448c9cf0032551e58919cf4eabefcd742c1,smart_money,P-C,86.53759503912707,0.75,21,15,6,0.9333333333333333,4.38243155631177,-39.26460053083016,-6.6518227636298715,492.00599206349204,5.857142857142857,20.0,12.544186234065421,-25.07851299628268,0.5238095238095238,0.2857142857142857,"LIT,PONS,CASHCAT,HYPE,BTC",仓位收益偏弱，降权参考
2713544,1831,2026-09-09 05:17:15,30,0x36fbd89b5aa130b53708a98e729ad726daaf1f86,money_printer,P-G,35.0,0.65,4,0,4,,,-32.06929366805721,-20.723748526528876,1739.6655555555556,20.0,40.0,21.48357368562462,-45.04850624401688,0.0,0.75,"BTC,ETH,HYPE,LIT",高杠杆/短线赌徒型，长期单降权
2713545,1831,2026-09-09 05:17:15,30,0x37283486c96d2b9690cb9296292e6e354ceffb4b,smart_money,P-R,25.0,-0.8,5,4,1,0.25,1.0196437289775242,-43.04608370883829,-7.793501758585636,360.33355555555556,4.2,5.0,2.6115791550104026,-14.562284805500422,0.4,0.0,"PUMP,TRB,PONS,XMR",仓位真实收益偏反向，可作为反向参考
2713546,1831,2026-09-09 05:17:15,30,0x373753d4a354b34a23d04882a6ee64042f47a189,smart_money,P-B,81.46128035678238,1.0,14,2,12,0.5,2.34023145672968,15.105808692862217,12.692647698276174,881.4057341269842,9.642857142857142,20.0,31.364551778424698,-7.118639775915308,0.0,0.5,"HYPE,LIT,BTC,ETH,LINK",仓位表现普通有效
2713547,1831,2026-09-09 05:17:15,30,0x37c9fe4d36d46a617539ccc67cc9d8f45ddd6a14,smart_money,P-N,50.0,1.0,1,0,1,,,-0.46577879892098895,-0.46577879892098895,1739.6655555555556,2.0,2.0,32.04959055219797,-5.197775287027869,1.0,0.0,SOL,仓位样本不足，暂不影响权重
2714201,1831,2026-09-09 05:17:16,30,0x37cdea0c9af695a5629a75e28a20724a98147918,money_printer,P-C,56.177124147857384,0.75,4,3,1,0.6666666666666666,-3.649643962769836,7.928647024131711,-0.7550712160444494,147.5023611111111,10.0,20.0,5.794175146553578,-5.369073188358451,0.0,0.5,"ZRO,XMR,BTC,UNI",仓位收益偏弱，降权参考
2714649,1831,2026-09-09 05:17:16,30,0x3895d155b005191686476a39580d43258a518e46,smart_money,P-C,61.91386635126034,0.75,22,22,0,0.5909090909090909,-0.755180228480857,,-0.755180228480857,14.22931818181818,6.454545454545454,25.0,2.415664528462461,-2.6931456613021587,0.4090909090909091,0.3181818181818182,"CHIP,PUMP,MON,HEMI,BERA",仓位收益偏弱，降权参考
2713548,1831,2026-09-09 05:17:15,30,0x39085c09de2350f6cad25cb664182791e6d6530a,smart_money,P-N,50.0,1.0,1,0,1,,,15.406211897580697,15.406211897580699,1739.6655555555556,10.0,10.0,37.82273417613211,0.0,0.0,1.0,BTC,仓位样本不足，暂不影响权重
2713549,1831,2026-09-09 05:17:15,30,0x392b3aa013bca178ae7f466e12a879044cec0d92,smart_money,P-C,46.114845837169774,0.75,6,0,6,,,38.992354776720525,39.201563803434226,1739.6655555555556,8.333333333333334,20.0,61.10201351474867,-3.880543633762517,0.0,0.3333333333333333,"JTO,JUP,PUMP,PYTH,SOL",仓位收益偏弱，降权参考
2714062,1831,2026-09-09 05:17:15,30,0x39475d17bcd20adc540e647dae6781b153fbf3b1,money_printer,P-G,45.42529792625525,0.65,1338,1301,37,0.6410453497309762,0.44244357517125804,1.0585300776468782,0.42529792625524887,23.509205904334824,10.410313901345292,20.0,1.6353250844941465,-1.2276249942490411,0.04708520179372197,0.749626307922272,"FARTCOIN,HYPE,ZEC,kPEPE,ETH",高杠杆/短线赌徒型，长期单降权
2714204,1831,2026-09-09 05:17:16,30,0x397a1e5049e06e30ebbf0e90a1724425eae3a85b,smart_money,P-N,50.0,1.0,1,0,1,,,0.043159974104021843,0.1477766058510721,396.9891666666667,5.0,5.0,16.580550505533743,-3.1432398813510685,0.0,0.0,ETHFI,仓位样本不足，暂不影响权重
2714916,1831,2026-09-09 05:17:16,30,0x399d7adeecc4f5e83891d3ca03d588155765459d,money_printer,P-N,50.0,1.0,2,2,0,1.0,50.166474471557905,,50.166474471557905,1067.6625,15.0,20.0,55.88512580306903,0.0,0.0,1.0,"XRP,kPEPE",仓位样本不足，暂不影响权重
2714312,1831,2026-09-09 05:17:16,30,0x39a04e90140793ec048323284425cd2ff53480d6,smart_money,P-A,87.40855267433784,1.15,42,38,4,0.631578947368421,5.463403769626882,-14.361165707546881,3.694251274512285,103.43522486772484,7.5,40.0,14.543695583531614,-4.872732746418777,0.5952380952380952,0.30952380952380953,"HYPE,LIT,BTC,ENA,PONS",仓位收益稳定，适合加权参考
2714768,1831,2026-09-09 05:17:16,30,0x39b07015ca813075bbce6f475767d5b4b9d518b0,smart_money,P-C,57.68352429057547,0.75,22,22,0,0.4090909090909091,3.6751032866312516,,3.6751032866312516,53.54863636363635,8.0,10.0,14.387848491474426,-4.109143814990409,0.13636363636363635,0.6363636363636364,"ZEC,BTC,CASHCAT,ETH,LINK",仓位收益偏弱，降权参考
2713550,1831,2026-09-09 05:17:15,30,0x39bac00809cae627f52e4a82f95f4f67d5b269bd,money_printer,P-B,72.74824174671222,1.0,596,534,62,0.5749063670411985,0.20177604466980884,-1.4396429946124156,0.034277221545041446,131.33963926174494,7.753355704697986,20.0,4.394706165933605,-4.69062095735431,0.09563758389261745,0.47818791946308725,"PUMP,ZEC,ENA,ARB,HYPE",仓位表现普通有效
2713551,1831,2026-09-09 05:17:15,30,0x39be8fad61f5fa0cdfa2fc97c30a59833f58705d,smart_money,P-A,89.87013023344365,1.15,56,37,19,0.7027027027027027,8.493871541701505,-9.962352641638804,3.4476133792700807,654.8138045634921,7.125,20.0,14.13193081196452,-10.845240749402757,0.14285714285714285,0.4107142857142857,"SPX,XMR,BCH,CC,ETC",仓位收益稳定，适合加权参考
2714277,1831,2026-09-09 05:17:16,30,0x39c3492e9171872eac6a99d9c0b6dbae5d4ae959,smart_money,P-C,36.4378792138633,0.75,3,0,3,,,11.496661394604475,11.496661394604475,99.66638888888889,8.333333333333334,10.0,17.23326290120832,-1.1726084052551846,0.0,0.6666666666666666,"NEAR,ICP,kPEPE",仓位收益偏弱，降权参考
2713552,1831,2026-09-09 05:17:15,30,0x3a0d3e46c87ab14986d71aaf55f665a9ff8ad197,smart_money,P-N,50.0,1.0,1,0,1,,,143.54051989265216,143.54051989265213,1739.6655555555556,10.0,10.0,143.54051989265216,-26.973104272365767,0.0,1.0,ZEC,仓位样本不足，暂不影响权重
2713553,1831,2026-09-09 05:17:15,30,0x3a316081b54eb22529fa983a9d048e229ab91aba,smart_money,P-N,50.0,1.0,1,0,1,,,-6.250629697543676,-5.451723585839269,1739.6655555555556,20.0,20.0,21.904742713979623,-9.470651056884357,0.0,1.0,BTC,仓位样本不足，暂不影响权重
2713554,1831,2026-09-09 05:17:15,30,0x3a35a3f97e9e317cebee6906d9232a9653e73d69,smart_money,P-N,50.0,1.0,1,0,1,,,-28.08663967611336,-28.08663967611336,1739.6655555555556,5.0,5.0,5.85506072874494,-31.96842105263158,0.0,0.0,BTC,仓位样本不足，暂不影响权重
2714869,1831,2026-09-09 05:17:16,30,0x3a732cb2ab4495ec52f1ca4c42b5f6b6c83ef6dd,smart_money,P-N,50.0,1.0,2,2,0,0.0,-4.96530527262107,,-4.96530527262107,7.999583333333333,40.0,40.0,0.0,-4.96530527262107,0.0,1.0,BTC,仓位样本不足，暂不影响权重
2714650,1831,2026-09-09 05:17:16,30,0x3a94ec43996178f7013988358f58baf18a4cc707,smart_money,P-G,48.66573303679616,0.65,5,5,0,0.4,3.665733036796162,,3.665733036796162,341.0643333333333,13.6,40.0,14.964778079870726,-4.734063457513208,0.2,0.6,"XPL,LIT,PURR,UNI,BTC",高杠杆/短线赌徒型，长期单降权
2714421,1831,2026-09-09 05:17:16,30,0x3aacc9d745031ea9d4348242f227e35c8dfb434f,smart_money,P-B,76.6901939538486,1.0,18,16,2,0.625,-0.5848352829549548,9.523095058159514,0.027067784741103648,131.59577160493825,6.722222222222222,20.0,7.629268103486465,-3.9036430211924866,0.6666666666666666,0.3333333333333333,"PUMP,BTC,PONS,ZEC,VVV",仓位表现普通有效
2714280,1831,2026-09-09 05:17:16,30,0x3ac9b030594c1ef23a3e8fed9f62356b7bf98bf6,smart_money,P-G,44.94696394475223,0.65,32,31,1,0.6451612903225806,-0.04242508805684732,-0.7477087884442689,-0.05303605524777469,12.062369791666667,14.84375,20.0,0.3293697671453958,-0.535494480479089,0.0,0.65625,BTC,高杠杆/短线赌徒型，长期单降权
2714702,1831,2026-09-09 05:17:16,30,0x3b11267dfc4b9ebe8427e8f557056b4b6ce98112,money_printer,P-G,45.77461415266169,0.65,9,9,0,0.8888888888888888,0.7746141526616934,,0.7746141526616934,16.223580246913585,20.0,20.0,0.888796730326809,-0.8258667844560204,0.0,1.0,BTC,高杠杆/短线赌徒型，长期单降权
2714720,1831,2026-09-09 05:17:16,30,0x3b3d9656b93d21729e15e0bc3566dd4fd1e5b464,smart_money,P-A,100.0,1.15,5,5,0,1.0,5.0203428983977965,,5.0203428983977965,782.7942777777778,6.8,10.0,21.49716043545655,-0.11226737176918919,0.0,0.4,"BTC,ETH,XRP",仓位收益稳定，适合加权参考
2714018,1831,2026-09-09 05:17:15,30,0x3b883b85fd41b81ef23b6041248bc6ac0b1c04a7,money_printer,P-G,37.04371785553468,0.65,15,13,2,0.38461538461538464,-6.1904469760356085,-22.27161714534018,-7.956282144465322,464.4577962962963,15.333333333333334,30.0,6.364780534762828,-18.667329625200274,0.0,1.0,"ETH,XRP,SUI,HYPE,BTC",高杠杆/短线赌徒型，长期单降权
2714582,1831,2026-09-09 05:17:16,30,0x3bbe8e02f72b10c9698a6e4375b5a19e53fc5b40,smart_money,P-B,84.88434173699235,1.0,57,56,1,0.6428571428571429,0.9366561902287979,1.2509928514694202,0.9421708684961771,16.419858674463942,1.0,1.0,2.2133159550094503,-1.9636964086928628,1.0,0.0,"ENA,ZEC,PUMP,HYPE,BTC",仓位表现普通有效
2714264,1831,2026-09-09 05:17:16,30,0x3bcae23e8c380dab4732e9a159c0456f12d866f3,money_printer,P-G,45.34519139904568,0.65,195,189,6,0.6296296296296297,0.4557992685683906,-4.374644640826774,0.34519139904568275,24.292196581196595,18.50769230769231,40.0,2.422659355759036,-2.7279288978606906,0.06153846153846154,0.8461538461538461,"BTC,ETH,HYPE,PUMP,SOL",高杠杆/短线赌徒型，长期单降权
2713555,1831,2026-09-09 05:17:15,30,0x3c165893deaaf04ac79f4f959594747b6ef77e92,smart_money,P-R,25.0,-0.8,64,44,20,0.36363636363636365,-2.9417051322078915,-4.429048208600316,-3.032698089556851,190.36529513888888,5.578125,10.0,6.846951135440751,-13.43266429427515,0.375,0.265625,"GRASS,NEAR,ENA,PUMP,BOME",仓位真实收益偏反向，可作为反向参考
2714432,1831,2026-09-09 05:17:16,30,0x3c363e96d22c056d748f199fb728fc80d70e461a,money_printer,P-B,84.68796658162711,1.0,5,2,3,1.0,3.2642433938199806,0.10013027330741453,1.349133269133464,35.801611111111114,9.6,10.0,2.643856053009258,-1.752027944062982,0.0,0.8,"BCH,BTC,SUI,ETH",仓位表现普通有效
2714346,1831,2026-09-09 05:17:16,30,0x3c37dc9b5d4c60d404ec834987c106510d03442f,smart_money,P-C,75.88922782220722,0.75,57,42,15,0.4523809523809524,0.32403420823579704,-0.4122920333970254,0.11128057777027746,29.125536062378153,1.543859649122807,3.0,2.5712932309166927,-7.429863481291585,1.0,0.0,"BOME,BRETT,PEOPLE,ETH,MOODENG",仓位收益偏弱，降权参考
2714474,1831,2026-09-09 05:17:16,30,0x3c516f085e94177eaf0bdfb5b5eb1ab71052d064,smart_money,P-B,53.14191107236708,1.0,38,37,1,0.5945945945945946,0.5732549979261536,-2.3249353591042166,0.4969868306358809,13.895701754385964,9.868421052631579,10.0,1.637755312726498,-0.8187421595267036,0.0,0.9736842105263158,"BTC,ZEC,HYPE,WLD,ARB",仓位表现普通有效
2714637,1831,2026-09-09 05:17:16,30,0x3c868417d2981ef278b8a01011487d7e80aee547,smart_money,P-R,25.0,-0.8,5,5,0,0.2,-1.4574257369108552,,-1.4574257369108552,168.4007222222222,2.6,3.0,4.26671543485067,-4.597663934883837,1.0,0.0,"ENA,SKY,ETH,BNB,BTC",仓位真实收益偏反向，可作为反向参考
2713556,1831,2026-09-09 05:17:15,30,0x3ca146d2692f61746a28fa926dc9d18086ce37c6,money_printer,P-C,71.54112065158013,0.75,163,102,61,0.5882352941176471,0.09559713595594022,-4.297802410834797,-1.1550982812110169,529.9079737559641,7.920245398773006,20.0,11.726954665995251,-12.965071453706036,0.13496932515337423,0.4662576687116564,"kPEPE,TRUMP,PUMP,HYPE,ETH",仓位收益偏弱，降权参考
2714386,1831,2026-09-09 05:17:16,30,0x3d5f1ad033c4e7c6a6d433d50d694c488dcaebcf,smart_money,P-B,83.60980156988964,1.0,22,20,2,0.75,1.8859174697404726,-0.5916115711801222,1.706423744470147,174.50088383838383,9.272727272727273,40.0,10.510432115861596,-5.93245925741567,0.13636363636363635,0.6363636363636364,"kPEPE,HYPE,PENGU,FARTCOIN,VIRTUAL",仓位表现普通有效
2714071,1831,2026-09-09 05:17:15,30,0x3d89bcea338f35edfaeb313b1c713978c6dceb14,smart_money,P-C,70.75445269754891,0.75,51,29,22,0.6206896551724138,-0.6598203766939053,-2.4769405884352556,-1.0724017783384587,76.90409041394335,9.156862745098039,20.0,3.7619777490674773,-7.082531459888837,0.1568627450980392,0.6274509803921569,"LTC,LINK,BTC,BNB,NEAR",仓位收益偏弱，降权参考
2714249,1831,2026-09-09 05:17:16,30,0x3daf7f1cfd1c289e9b2fb7abb2efbd39f77455d7,smart_money,P-G,46.458539914167424,0.65,3,0,3,,,1.5497872883267239,1.4585399141674251,178.99564814814815,11.0,20.0,8.200399608078841,-3.6352762737922237,0.3333333333333333,0.6666666666666666,"ENA,BTC,USELESS",高杠杆/短线赌徒型，长期单降权
2713557,1831,2026-09-09 05:17:15,30,0x3dc908374e11623d8eb9f07dfc7a2e5e803a54b0,money_printer,P-G,35.821698745604074,0.65,10,1,9,1.0,0.10980578496123229,-14.014078569951135,-9.178301254395928,787.3647777777778,11.8,20.0,12.145850469359306,-18.6788313863389,0.1,0.8,"HYPE,LINK,VVV,AAVE,XMR",高杠杆/短线赌徒型，长期单降权
2713558,1831,2026-09-09 05:17:15,30,0x3dd02db82fce1f4ad2daec0694fc7ab81b0d9218,smart_money,P-N,50.0,1.0,1,0,1,,,-86.8975682041399,-86.8975682041399,1739.6655555555556,1.0,1.0,0.0,-90.39621558645024,1.0,0.0,XPL,仓位样本不足，暂不影响权重
2714362,1831,2026-09-09 05:17:16,30,0x3dd462347e7b42b5a3ea15132b677a4978af7a81,smart_money,P-B,94.02059991327963,1.0,4,2,2,0.5,13.768402448866231,16.14815233552855,15.289564549030409,304.63673611111113,3.0,5.0,20.456731939154864,-6.1260388735465545,0.5,0.0,"XMR,CASHCAT,GRASS",仓位表现普通有效
2713559,1831,2026-09-09 05:17:15,30,0x3e02519a47cef3d4464944c4815fad9e5837e767,money_printer,P-C,65.93635588827742,0.75,43,28,15,0.5357142857142857,-5.633077574905039,-1.7394261500330563,-3.7585662419077974,325.8568087855298,5.8604651162790695,20.0,13.686200473767514,-24.039056896840943,0.4418604651162791,0.3023255813953488,"CASHCAT,HYPE,PONS,PUMP,GRAM",仓位收益偏弱，降权参考
2714295,1831,2026-09-09 05:17:16,30,0x3e051c89cd06e6867ce98c758fcc665d2148e1bb,smart_money,P-G,44.649287659603196,0.65,396,374,22,0.3689839572192513,-0.5048642336589727,1.6865481060877558,-0.35071234039680643,30.520191498316528,11.13888888888889,25.0,3.4128735102236596,-2.539325414871575,0.10606060606060606,0.6666666666666666,"BTC,ETH,HYPE,SOL,ENA",高杠杆/短线赌徒型，长期单降权
2714460,1831,2026-09-09 05:17:16,30,0x3e252899d87a354e8bfa4bd8b62325549b5714da,smart_money,P-B,83.61710080641446,1.0,13,11,2,0.5454545454545454,5.293412189063148,-0.4022574598816512,4.417155319994718,111.9262606837607,3.4615384615384617,10.0,11.146148734341995,-3.5874908607492513,0.8461538461538461,0.07692307692307693,"ETH,ENA,BTC,UNI,NEAR",仓位表现普通有效
2714290,1831,2026-09-09 05:17:16,30,0x3e41a8fa0032d635f02201053f1a5aa2a6967c81,smart_money,P-B,100.0,1.0,4,3,1,1.0,12.911325760852185,2.1034471711791713,10.209356113433932,171.74659722222222,3.0,3.0,12.464205425470158,-2.279108225926775,1.0,0.0,"HYPE,ZEC,BTC",仓位表现普通有效
2714823,1831,2026-09-09 05:17:16,30,0x3e6805e8694bb2b717a828c1bfa32df5d6580cc9,smart_money,P-N,50.0,1.0,1,1,0,0.0,-2.7158098933074757,,-2.7158098933074757,14.999722222222223,1.0,1.0,1.2415130940834107,-3.60814742967993,1.0,0.0,PUMP,仓位样本不足，暂不影响权重
2713560,1831,2026-09-09 05:17:15,30,0x3e781befd071c59d820725f70ce109298f750706,smart_money,P-C,72.60350398395123,0.75,10,3,7,1.0,3.9420715213346575,-11.393719617784791,-6.198248008024384,1644.164,11.5,40.0,12.466346821091275,-26.411063853902977,0.2,0.5,"BTC,ETH,HYPE,LDO,MEGA",仓位收益偏弱，降权参考
2713561,1831,2026-09-09 05:17:15,30,0x3e8734ec146c981e3ed1f6b582d447dde701d90c,smart_money,P-N,50.0,1.0,1,0,1,,,-166.83173075432322,-162.56872071714503,1739.6655555555556,3.0,3.0,0.0,-177.2937138179416,1.0,0.0,HYPE,仓位样本不足，暂不影响权重
2713562,1831,2026-09-09 05:17:15,30,0x3ee505ba316879d246a8fd2b3d7ee63b51b44fab,money_printer,P-B,100.0,1.0,8,2,6,1.0,65.89312855165434,35.012090453208714,43.04683731433628,1468.0815625,9.75,20.0,59.96699254541873,-13.821131144947696,0.125,0.5,"LIT,AAVE,HYPE,SKY,SOL",仓位表现普通有效
2713563,1831,2026-09-09 05:17:15,30,0x3f1647d33707830e088e9cb6aa791017a1dfdf84,smart_money,P-N,50.0,1.0,1,0,1,,,51.23752321262768,49.055466508009836,1739.6655555555556,20.0,20.0,58.360898328690816,0.0,0.0,1.0,SOL,仓位样本不足，暂不影响权重
2713564,1831,2026-09-09 05:17:15,30,0x3f1c0f2130158c4ff45acd214fd81b37441a9ab5,smart_money,P-N,50.0,1.0,2,0,2,,,-17.749672942767628,-16.675907610011137,1113.8358333333333,32.5,40.0,9.773607195526177,-20.130255038703872,0.0,1.0,"ETH,BTC",仓位样本不足，暂不影响权重
2714187,1831,2026-09-09 05:17:16,30,0x3faf35a220e0d6a3bc3cce4ca54454aba68cfd6a,smart_money,P-G,45.639699902169454,0.65,49,42,7,0.38095238095238093,0.7988106034089187,-0.8505662083942903,0.6396999021694575,106.22018140589569,18.346938775510203,40.0,3.9691797024327395,-3.492363690209512,0.16326530612244897,0.6530612244897959,"ETH,BTC,KAITO,ACE,BNB",高杠杆/短线赌徒型，长期单降权
2714235,1831,2026-09-09 05:17:16,30,0x3fb5da839710949169d716d95800ff6316b3286f,smart_money,P-N,50.0,1.0,1,0,1,,,-16.9197181700903,-16.9197181700903,338.99305555555554,5.0,5.0,8.36062320134961,-23.305547285898573,0.0,0.0,FARTCOIN,仓位样本不足，暂不影响权重
2713565,1831,2026-09-09 05:17:15,30,0x3fc56e944aa7b1594c85861b2d46a07f82a2c0c1,money_printer,P-B,84.33800869182834,1.0,85,76,9,0.631578947368421,0.3684126427505041,1.942764847974531,0.5931529527253212,81.20032352941183,4.352941176470588,40.0,4.13906671990214,-3.735269769852886,0.8470588235294118,0.15294117647058825,"MON,PURR,CHIP,PONS,PUMP",仓位表现普通有效
2714332,1831,2026-09-09 05:17:16,30,0x3fe1303b746bb9c88b30f364a6394261b4692943,money_printer,P-B,82.90957486956479,1.0,18,11,7,0.5454545454545454,4.786822752188377,5.295258664339073,4.809738040579,153.3357561728395,5.944444444444445,14.0,13.640500282146451,-4.153125078398433,0.3888888888888889,0.2222222222222222,"HYPE,UNI,ENA,AAVE,ETH",仓位表现普通有效
2714491,1831,2026-09-09 05:17:16,30,0x3ff54fd26855db3758d0b5ae7aed47440c47f705,money_printer,P-G,45.16777161651335,0.65,17,16,1,0.5,0.1829399054620098,-0.4021493665005045,0.16777161651335204,42.64743464052288,13.0,13.0,0.747174601098328,-0.6475986759278994,0.0,1.0,BTC,高杠杆/短线赌徒型，长期单降权
2713566,1831,2026-09-09 05:17:15,30,0x404ca2035b37bf2e83505134ebcf8d03babb5f03,money_printer,P-G,35.0,0.65,18,0,18,,,-15.980814390444632,-12.949452672323849,1613.9255401234566,10.555555555555555,40.0,24.784162275017515,-32.47670136403872,0.0,0.6666666666666666,"AAVE,ASTER,AVAX,BCH,BNB",高杠杆/短线赌徒型，长期单降权
2714260,1831,2026-09-09 05:17:16,30,0x4058fc96c3477729095901ef3f888be60247757b,smart_money,P-N,50.0,1.0,2,1,1,0.0,-10.426122281698184,0.1788346593433185,-5.123643811177433,855.3330555555556,5.0,5.0,11.403024881615444,-7.313987304892137,0.0,0.0,BTC,仓位样本不足，暂不影响权重
2714808,1831,2026-09-09 05:17:16,30,0x408d807d1dbb778f59a9c088e56d4c27bdd362ac,smart_money,P-G,44.78573405834349,0.65,19,19,0,0.3157894736842105,-0.21426594165650867,,-0.21426594165650867,3.158084795321638,22.105263157894736,30.0,0.2881668106734225,-0.4912786747377343,0.0,1.0,"BTC,LINK",高杠杆/短线赌徒型，长期单降权
2713567,1831,2026-09-09 05:17:15,30,0x40e494cdd7f6ee95449e06a74b767fb93c3623c5,smart_money,P-G,54.703477434009926,0.65,4,2,2,0.5,14.583140340354106,2.4553960050698307,9.703477434009926,866.8389583333333,16.25,40.0,23.199623786642892,-2.5644808952920366,0.0,0.75,"DOGE,MON,BTC",高杠杆/短线赌徒型，长期单降权
2713568,1831,2026-09-09 05:17:15,30,0x40ebad3d5648f1e542376c0e7152bd4018c9ce35,smart_money,P-C,10.020599913279625,0.75,4,0,4,,,-26.812022018122743,-23.136258085409096,1426.5010416666667,8.25,20.0,23.3911866545829,-46.56201891521272,0.25,0.25,"FARTCOIN,HYPE,PURR,ETH",仓位收益偏弱，降权参考
2713569,1831,2026-09-09 05:17:15,30,0x40fb8cab1c759e43bce58efc8fc9e948645488a7,smart_money,P-N,50.0,1.0,1,0,1,,,-3.317299171087397,-3.317299171087397,1739.6655555555556,20.0,20.0,54.71267707954958,-4.716856365875638,0.0,1.0,ETH,仓位样本不足，暂不影响权重
2713570,1831,2026-09-09 05:17:15,30,0x4101ce19ee81f24da894976e585f1e79119dbd93,smart_money,P-C,45.3702027538376,0.75,13,0,13,,,17.75970652483176,16.535874985291294,1640.6147863247863,9.0,20.0,41.15016374366889,-9.055588128333353,0.15384615384615385,0.5384615384615384,"AERO,AVAX,BNB,BTC,ETH",仓位收益偏弱，降权参考
2714819,1831,2026-09-09 05:17:16,30,0x4112f219d4f9ea0890b5eb9b915b15521363fddf,smart_money,P-B,46.57557231350024,1.0,4,4,0,0.5,-0.22251379988969333,,-0.22251379988969333,37.50069444444444,9.5,15.0,6.281903462366837,-7.292848062345875,0.25,0.75,"MOVE,BNB,BTC,ETH",仓位表现普通有效
2713571,1831,2026-09-09 05:17:15,30,0x41206f8efb51e5039e5b46e04e7866a4849f72d2,money_printer,P-N,50.0,1.0,2,0,2,,,18.15631122332515,18.156311223325147,1739.6655555555556,32.5,40.0,44.21073226528812,0.0,0.0,1.0,"BTC,ETH",仓位样本不足，暂不影响权重
2714253,1831,2026-09-09 05:17:16,30,0x413c7a0a3489563350219bc96965a7da02f0fffc,smart_money,P-A,90.58197260970313,1.15,45,41,4,0.6829268292682927,5.346045680812256,4.838450412042929,5.277436169350203,84.3997037037037,7.377777777777778,17.0,11.181804875754409,-5.292128295989939,0.37777777777777777,0.4888888888888889,"FARTCOIN,CASHCAT,BTC,PONS,BOME",仓位收益稳定，适合加权参考
2714781,1831,2026-09-09 05:17:16,30,0x41829013ce94b21131b68d5a7b0247bd4eefce96,smart_money,P-G,44.943751909601005,0.65,3,3,0,0.3333333333333333,-0.05624809039899451,,-0.05624809039899451,867.7728703703702,10.0,10.0,19.76698929498502,-3.706565714525682,0.0,1.0,"ETH,BTC,SOL",高杠杆/短线赌徒型，长期单降权
2713572,1831,2026-09-09 05:17:15,30,0x418aa6bf98a2b2bc93779f810330d88cde488888,money_printer,P-G,45.48061891209731,0.65,9,5,4,0.8,0.7987302467725659,-2.899721047452559,0.480618912097315,589.3308333333334,29.444444444444443,40.0,8.347652136670185,-5.458515985718055,0.0,0.8888888888888888,"BTC,ETH,BNB,ENA",高杠杆/短线赌徒型，长期单降权
2713573,1831,2026-09-09 05:17:15,30,0x4208020376ed59106cbd45434a3919714bc3a722,smart_money,P-G,39.72638314445385,0.65,6,2,4,0.0,-7.094255599130676,-15.89589872565614,-5.2736168555461544,1096.9994444444444,25.833333333333332,40.0,15.91619362396141,-20.392731007164432,0.0,1.0,"BTC,SOL,ETH,HYPE",高杠杆/短线赌徒型，长期单降权
2713574,1831,2026-09-09 05:17:15,30,0x420ab45e0bd8863569a5efbb9c05d91f40624641,smart_money,P-G,58.78333005646642,0.65,3,0,3,,,13.783330056466417,13.783330056466417,1739.6655555555556,20.0,20.0,41.430325942080735,0.0,0.0,1.0,"BTC,ETH,SOL",高杠杆/短线赌徒型，长期单降权
2714899,1831,2026-09-09 05:17:16,30,0x4221ae35dd1c468fea6fa034ffcd6360100f0eaa,smart_money,P-G,45.41445437365731,0.65,3,3,0,0.6666666666666666,0.4144543736573046,,0.4144543736573046,1204.6691666666666,20.0,20.0,11.986490889508119,-5.10587639780477,0.0,1.0,"BTC,ETH,SOL",高杠杆/短线赌徒型，长期单降权
2713575,1831,2026-09-09 05:17:15,30,0x422f1f07f40f11bac71db4f520dd0ea1ff20f2c4,money_printer,P-R,25.0,-0.8,8,0,8,,,-38.694575054785965,-38.648989188636875,1326.1239236111112,6.5,20.0,34.88405958137075,-59.80351935448772,0.5,0.25,"BTC,FARTCOIN,GRIFFAIN,LIT,STBL",仓位真实收益偏反向，可作为反向参考
2714640,1831,2026-09-09 05:17:16,30,0x42351635d3e18bebbed4d119da64607d765ae877,smart_money,P-N,50.0,1.0,2,2,0,0.0,-14.853699811067951,,-14.853699811067951,131.4961111111111,3.0,3.0,21.864161585423016,-18.715326051590715,1.0,0.0,CASHCAT,仓位样本不足，暂不影响权重
2714501,1831,2026-09-09 05:17:16,30,0x427070e33d630b0476bedba5d53db224913eb946,smart_money,P-A,95.23685325156345,1.15,34,34,0,0.7352941176470589,2.8831325081346613,,2.8831325081346613,9.14749183006536,1.9411764705882353,5.0,5.019801583012046,-2.6099123090780303,0.9411764705882353,0.0,"CASHCAT,DOGE,LIT,HYPE,ZEC",仓位收益稳定，适合加权参考
2713576,1831,2026-09-09 05:17:15,30,0x42bc06d636e9a9a93edb1ddf781ee97821a73946,smart_money,P-N,50.0,1.0,1,0,1,,,-45.09471660891777,-45.09471660891777,1739.6655555555556,10.0,10.0,20.156298600311036,-50.78361449033443,0.0,1.0,HYPE,仓位样本不足，暂不影响权重
2714444,1831,2026-09-09 05:17:16,30,0x42fd5648cf21c158d15e4f58785760755b3f6623,smart_money,P-B,76.49469017076952,1.0,45,44,1,0.6363636363636364,1.742737088230757,2.177369687433453,1.7523955904352613,56.95502469135803,8.311111111111112,20.0,5.08783900026275,-2.0132024487201607,0.4,0.37777777777777777,"BTC,ETH,ZEC,HYPE,PUMP",仓位表现普通有效
2714363,1831,2026-09-09 05:17:16,30,0x435ea5582e97b68468fd1e8472b230037cf38003,smart_money,P-R,25.0,-0.8,9,8,1,0.25,-0.675940956491157,-2.570934435074397,-0.8864957874448506,39.2233950617284,5.222222222222222,10.0,6.011328326482292,-4.849059620727955,0.5555555555555556,0.2222222222222222,"BTC,ZEC,ENA,CASHCAT,TAO",仓位真实收益偏反向，可作为反向参考
2714110,1831,2026-09-09 05:17:16,30,0x44871d62caaeb8b91777be8aae0e23ee68b4c92d,money_printer,P-G,45.11859509466926,0.65,17,16,1,0.75,0.24243071067394723,-1.3988842906669736,0.1185950946692591,44.70643790849674,10.0,10.0,1.0122662315298707,-0.8701073953274774,0.0,1.0,ETH,高杠杆/短线赌徒型，长期单降权
2714367,1831,2026-09-09 05:17:16,30,0x44a709e254ac9f54bbd37a1d6388da5ddcb57c7a,smart_money,P-B,75.56905647524144,1.0,79,75,4,0.64,0.710290949731432,-0.014367994928348615,0.6756674781270566,30.685952883263017,6.6455696202531644,10.0,3.0543612822377972,-1.5023423207404198,0.0,0.3291139240506329,"MORPHO,ZEC,TAO,HBAR,kSHIB",仓位表现普通有效
2713577,1831,2026-09-09 05:17:15,30,0x44c9c226cdfae773002b3f86d3966af3cd8f277c,money_printer,P-R,25.0,-0.8,46,7,39,0.2857142857142857,2.8094527571344696,-13.011370099371062,-10.577184124174597,1095.6262137681158,5.891304347826087,20.0,20.15173224587984,-28.654855695833714,0.3695652173913043,0.2826086956521739,"ZORA,AIXBT,BCH,EIGEN,ETC",仓位真实收益偏反向，可作为反向参考
2714845,1831,2026-09-09 05:17:16,30,0x44f3abaf092be39d7bd6ebcabe4d3cdd3d804c1f,smart_money,P-N,50.0,1.0,1,1,0,0.0,-12.326633436671717,,-12.326633436671717,1264.9386111111112,40.0,40.0,3.766760470120841,-15.082064366957054,0.0,1.0,BTC,仓位样本不足，暂不影响权重
2714380,1831,2026-09-09 05:17:16,30,0x44f4f40d7c82447b2d23c2e537703016874ffab0,smart_money,P-G,45.40448125723745,0.65,3,2,1,0.5,0.04386717175262189,1.1257094282071156,0.40448125723745315,106.67074074074073,40.0,40.0,2.123211479559948,-2.1613332715923983,0.0,1.0,BTC,高杠杆/短线赌徒型，长期单降权
2714089,1831,2026-09-09 05:17:15,30,0x4537e1a5b7bcadd39f6d6211cb757ce431798732,smart_money,P-B,65.1857852335794,1.0,13,11,2,0.6363636363636364,0.36936121267370986,-5.781538701983487,-0.2880129559332978,120.38472222222222,8.923076923076923,10.0,2.3418023036587745,-6.053869856541922,0.15384615384615385,0.8461538461538461,"XRP,MEGA",仓位表现普通有效
2714795,1831,2026-09-09 05:17:16,30,0x4588595ee0047982cd5ca4a82ab69c3174fbc832,smart_money,P-B,67.94783421073348,1.0,61,61,0,0.5409836065573771,0.039490875858541025,,0.039490875858541025,1.869075591985428,5.0,5.0,0.24641432338236854,-0.18009232089240598,0.0,0.0,BTC,仓位表现普通有效
2714217,1831,2026-09-09 05:17:16,30,0x45974824c1c4e4d797aa8d057a5499b46cdefe33,money_printer,P-G,44.32041071151069,0.65,10,7,3,0.42857142857142855,-0.40569241723563937,-1.9722439083085284,-0.679589288489313,252.47986111111112,27.3,40.0,6.110455527635213,-8.182340170312957,0.1,0.9,"BTC,HYPE,USELESS",高杠杆/短线赌徒型，长期单降权
2714896,1831,2026-09-09 05:17:16,30,0x45b440e5992994caf591bd5fa4ff4a471a531b00,smart_money,P-N,50.0,1.0,2,2,0,0.0,-0.35611107311701834,,-0.35611107311701834,107.00138888888888,25.0,25.0,1.7499562229392778,-0.3561110731170184,0.0,1.0,ETH,仓位样本不足，暂不影响权重
2713578,1831,2026-09-09 05:17:15,30,0x45d26f28196d226497130c4bac709d808fed4029,money_printer,P-C,51.92307692307692,0.75,52,0,52,,,26.976864462803682,26.99122265969235,1554.0440544871801,7.365384615384615,20.0,57.01982249591366,-17.702228247605923,0.23076923076923078,0.40384615384615385,"2Z,APEX,ARB,ASTER,ATOM",仓位收益偏弱，降权参考
2714913,1831,2026-09-09 05:17:16,30,0x45ffe9ad0793c732578966bae4199b92ffabff5f,smart_money,P-N,50.0,1.0,2,2,0,0.5,7.675454459288225,,7.675454459288225,61.49597222222222,10.0,10.0,12.039289402268803,-3.856449979546837,0.0,1.0,PUMP,仓位样本不足，暂不影响权重
2714516,1831,2026-09-09 05:17:16,30,0x4603444ec777fc3e783d157bc871f6bc04baf161,smart_money,P-G,45.58130015257789,0.65,60,59,1,0.5254237288135594,0.5796131676688554,0.6808322622108078,0.581300152577888,8.61598148148148,18.833333333333332,20.0,1.2887039598194512,-0.7056140796494694,0.0,1.0,"BTC,ETH,ZEC,HYPE",高杠杆/短线赌徒型，长期单降权
2714619,1831,2026-09-09 05:17:16,30,0x461cc78cc9ddd66b0778aea759bdf0866a5ad2f2,smart_money,P-G,44.608071377205526,0.65,19,19,0,0.42105263157894735,-0.39192862279447316,,-0.39192862279447316,44.78912280701754,13.263157894736842,39.0,4.633589443783744,-3.1659562136323105,0.0,0.7368421052631579,"ZEC,TAO,BTC,NEAR,UNI",高杠杆/短线赌徒型，长期单降权
2714149,1831,2026-09-09 05:17:16,30,0x469e9a7f624b04c24f0e64edf8d8a277e6bf58a5,money_printer,P-G,47.99490182109013,0.65,50,40,10,0.725,3.369127828770993,1.1338883116072933,2.994901821090131,136.25304444444447,17.58,25.0,6.756333892295532,-4.735087163101338,0.06,0.86,"BTC,ETH,ZEC,HYPE,PUMP",高杠杆/短线赌徒型，长期单降权
2714124,1831,2026-09-09 05:17:16,30,0x470a063ae0e2edb2b8029fd44b702ad7be6585c9,smart_money,P-N,50.0,1.0,1,0,1,,,-38.47635537976059,-38.47635537976059,491.00666666666666,10.0,10.0,0.0,-43.90575944875618,0.0,1.0,HYPE,仓位样本不足，暂不影响权重
2713579,1831,2026-09-09 05:17:15,30,0x474e2cb1aac71f66d0aa7adb0cd92c919f842fe4,smart_money,P-N,50.0,1.0,1,0,1,,,-251.59754851889682,-251.59754851889687,1739.6655555555556,3.0,3.0,0.0,-265.3830439223697,1.0,0.0,HYPE,仓位样本不足，暂不影响权重
2713580,1831,2026-09-09 05:17:15,30,0x477296b8f5f5525be26e5c0a82eb0dd24da3949f,money_printer,P-C,56.7261844765531,0.75,13,7,6,0.42857142857142855,-2.8075369626265703,-4.088893343993872,-3.398932215565326,772.6172435897437,5.846153846153846,10.0,18.937357547125604,-24.467789410689175,0.15384615384615385,0.23076923076923078,"XMR,MON,LIT,FARTCOIN,LINK",仓位收益偏弱，降权参考
2713581,1831,2026-09-09 05:17:15,30,0x47807d3f6ae34ff6aa1fc8fe4e7b742197c1e125,smart_money,P-R,25.0,-0.8,126,64,62,0.140625,-6.274896251986669,6.537807468433738,-0.8694935297410117,597.5131062610229,6.253968253968254,40.0,15.775401019122961,-15.692438053247376,0.38095238095238093,0.24603174603174602,"kPEPE,STRK,XMR,GRIFFAIN,PENDLE",仓位真实收益偏反向，可作为反向参考
2714036,1831,2026-09-09 05:17:15,30,0x47818abc02d61af1e586d3ceb035591aeae4548f,money_printer,P-N,50.0,1.0,1,0,1,,,7.7747631926319976,6.894514014892378,1048.005,10.0,10.0,17.75640337906231,-6.203531004880047,0.0,1.0,ETH,仓位样本不足，暂不影响权重
2714344,1831,2026-09-09 05:17:16,30,0x47a127f496d001f187ac65fc24852274dc51d080,money_printer,P-A,73.90128539838719,1.15,16,14,2,0.5714285714285714,1.281541275121007,-0.5304466385353039,1.0550427859139682,47.0025,5.4375,10.0,3.7205808835946774,-1.6342814288139202,0.0,0.0625,"BTC,ETH,ZEC,NEAR,XMR",仓位收益稳定，适合加权参考
2713582,1831,2026-09-09 05:17:15,30,0x47f5a6397b79deaaca5c456503e7c1a49357b942,money_printer,P-C,71.98652338889093,0.75,77,16,61,0.6875,8.134811862816697,-11.624206814017919,-5.432874669190898,1163.4786868686872,7.441558441558442,40.0,22.02992446110503,-29.17277227594364,0.23376623376623376,0.36363636363636365,"ZEC,WIF,BTC,MORPHO,ENA",仓位收益偏弱，降权参考
2713583,1831,2026-09-09 05:17:15,30,0x4801af178dd07390941931c7e6f82b61a4344a0b,smart_money,P-C,36.4378792138633,0.75,3,0,3,,,10.726620443957069,10.726620443957069,1616.778425925926,7.666666666666667,10.0,24.49643094034729,-37.86159410089906,0.3333333333333333,0.6666666666666666,"BTC,CHIP,NEAR",仓位收益偏弱，降权参考
2714012,1831,2026-09-09 05:17:15,30,0x481b24686744c8bf1fd8c993aad47902075cf951,smart_money,P-N,50.0,1.0,1,0,1,,,-33.362596435222144,-32.698551675430295,1350.0041666666666,1.0,1.0,3.1630752859803164,-34.809789837722796,1.0,0.0,ETH,仓位样本不足，暂不影响权重
2714424,1831,2026-09-09 05:17:16,30,0x4829f3bbd5508707339547ebefface2b4c86d3b5,smart_money,P-G,44.50844174851204,0.65,155,142,13,0.4647887323943662,-0.6032272292440795,0.930136299106419,-0.4915582514879581,13.503620071684582,12.903225806451612,40.0,1.8839115567287201,-2.343807448719473,0.05161290322580645,0.6387096774193548,"HYPE,ARB,ETH,BTC,LIT",高杠杆/短线赌徒型，长期单降权
2713584,1831,2026-09-09 05:17:15,30,0x483e1d004247248d516865b9b9e893d48359ce10,smart_money,P-B,78.92081111994983,1.0,1290,1140,150,0.537719298245614,0.01323917261309367,-0.42899904314276627,-0.018684607303749223,102.23522523686476,4.922480620155039,12.0,4.09894617616612,-5.058692660123692,0.3829457364341085,0.034108527131782945,"HYPE,ZEC,XMR,VVV,HEMI",仓位表现普通有效
2713585,1831,2026-09-09 05:17:15,30,0x484bc1608211d0604bf70bae72792a56884562f8,smart_money,P-N,50.0,1.0,1,0,1,,,-5.0530136593753,-5.0530136593753,1739.6655555555556,5.0,5.0,0.8373929378800884,-36.57464896360684,0.0,0.0,FET,仓位样本不足，暂不影响权重
2713586,1831,2026-09-09 05:17:15,30,0x48cd535b80439fefd6d00f74e5cf9b152adf2671,smart_money,P-R,25.0,-0.8,5,0,5,,,-16.79064882243997,-16.79064882243997,1739.6655555555558,5.8,10.0,33.442551132266864,-51.63982994173032,0.6,0.4,"ANIME,JUP,TRB,USUAL,kBONK",仓位真实收益偏反向，可作为反向参考
2714646,1831,2026-09-09 05:17:16,30,0x48d826da83e69844f2f84b2db50703a933d137a2,money_printer,P-C,33.42310020506851,0.75,3,3,0,0.3333333333333333,-7.507389504397392,,-7.507389504397392,1054.1123148148147,6.0,10.0,8.58895173592119,-26.889272603298085,0.3333333333333333,0.3333333333333333,"HYPE,PONS,BNB",仓位收益偏弱，降权参考
2714569,1831,2026-09-09 05:17:16,30,0x48ea62a2cc8391fbbe210e8ee89db573a8ec145f,smart_money,P-G,45.05703907791886,0.65,300,299,1,0.5618729096989966,0.05837443985768637,-0.3422341417910384,0.05703907791885728,2.376682407407409,10.266666666666667,20.0,0.4743692026129388,-0.33197287148903387,0.0,1.0,"HYPE,BTC",高杠杆/短线赌徒型，长期单降权
2714435,1831,2026-09-09 05:17:16,30,0x48ec0004494081e8332589faf0747d568da79faf,smart_money,P-G,44.99678876160373,0.65,51,47,4,0.40425531914893614,-0.029862558342969157,0.15073651605971372,-0.003211238396267513,19.960588235294114,21.0,40.0,2.633730784872474,-1.845981459450714,0.0392156862745098,0.7647058823529411,"ETH,BTC,ZRO,NEAR,AR",高杠杆/短线赌徒型，长期单降权
2713587,1831,2026-09-09 05:17:15,30,0x491251909171d4b9b39c5bc5d70515292e21eaf0,smart_money,P-N,50.0,1.0,1,0,1,,,-77.77042757006373,-77.77042757006373,1739.6655555555556,3.0,3.0,0.0,-83.7482666938059,1.0,0.0,BLUR,仓位样本不足，暂不影响权重
2713588,1831,2026-09-09 05:17:15,30,0x4916efbf56bcaea1130b2a631f6f093095f614a2,smart_money,P-N,50.0,1.0,2,0,2,,,49.13388693886846,49.13388693886846,1739.6655555555556,6.5,10.0,76.38035856112016,-29.28283232161681,0.5,0.5,"AZTEC,HYPE",仓位样本不足，暂不影响权重
2713589,1831,2026-09-09 05:17:15,30,0x4926e8a30e82f0e34f723dc4c1394f9c668d21db,smart_money,P-R,25.0,-0.8,5,2,3,0.0,-13.172727974036436,-69.50633520051561,-36.868483341279564,1088.6692777777776,8.6,20.0,13.341047337636883,-61.134281128476104,0.2,0.4,"BTC,ZEC,LIT,MORPHO,VVV",仓位真实收益偏反向，可作为反向参考
2714745,1831,2026-09-09 05:17:16,30,0x4937c6b353864c7586198eb42b1c91dc917e0bd6,smart_money,P-N,50.0,1.0,2,2,0,0.5,7.502755962323258,,7.502755962323258,126.50652777777779,4.0,5.0,16.505371138562065,-8.203735499301267,0.5,0.0,"PURR,MON",仓位样本不足，暂不影响权重
2714707,1831,2026-09-09 05:17:16,30,0x49ba9baa20d355ba042af2be9772d2b2cd892f44,money_printer,P-G,45.03253231515501,0.65,175,175,0,0.5714285714285714,0.03253231515501149,,0.03253231515501149,2.360165079365078,20.0,20.0,0.219259531073722,-0.1670031785491678,0.0,1.0,BTC,高杠杆/短线赌徒型，长期单降权
2713590,1831,2026-09-09 05:17:15,30,0x4a0aee02132a411cfcf79a486f0e2d7c5152e94a,money_printer,P-R,25.0,-0.8,32,0,32,,,-50.5334013270322,-50.53340132703221,1739.6655555555556,8.71875,20.0,2.904667063109406,-67.57022555899425,0.25,0.59375,"AAVE,ARB,ASTER,ATOM,AVAX",仓位真实收益偏反向，可作为反向参考
2714892,1831,2026-09-09 05:17:16,30,0x4a13807147b2a364761e72cd129243ea20f4a4d1,smart_money,P-N,50.0,1.0,1,1,0,0.0,-10.586983507714134,,-10.586983507714134,1009.0025,10.0,10.0,0.5215302519789131,-10.586983507714134,0.0,1.0,BTC,仓位样本不足，暂不影响权重
2713591,1831,2026-09-09 05:17:15,30,0x4a1b3580f7ac72bc54175f05b76092eeb7a266aa,smart_money,P-N,50.0,1.0,1,0,1,,,21.928254792565827,21.928254792565824,1739.6655555555556,20.0,20.0,27.671146356012493,-17.53336374375709,0.0,1.0,SOL,仓位样本不足，暂不影响权重
2713592,1831,2026-09-09 05:17:15,30,0x4a5ae81bb737662ff67f7b31eb6fe62d15d91441,smart_money,P-N,50.0,1.0,2,0,2,,,4.433483574090442,4.433483574090442,1739.6655555555556,3.0,3.0,31.54807009235141,-24.928193141043334,1.0,0.0,"BTC,ETH",仓位样本不足，暂不影响权重
2713593,1831,2026-09-09 05:17:15,30,0x4a96036fb1529561fa3eeeb2781fad2d4f25500e,money_printer,P-G,35.0,0.65,30,16,14,0.5,-6.677540160731972,-13.236744173903473,-10.06718730907722,873.438962962963,13.933333333333334,40.0,11.134790734574848,-25.198286956401986,0.0,0.6666666666666666,"SOL,HYPE,BTC,XRP,WLFI",高杠杆/短线赌徒型，长期单降权
2714758,1831,2026-09-09 05:17:16,30,0x4aab8988462923ca3cbaa7e94df0cc523817cd64,money_printer,P-C,43.992860821561656,0.75,3,3,0,0.3333333333333333,-6.555842529484149,,-6.555842529484149,49.00231481481482,2.0,2.0,0.8109737610098658,-7.179040322527206,1.0,0.0,BTC,仓位收益偏弱，降权参考
2713594,1831,2026-09-09 05:17:15,30,0x4aada58e425bb36c8cb39cd4e3ebf8571b76b2b5,smart_money,P-N,50.0,1.0,1,0,1,,,0.6314379724634822,-2.9418099335052035,1739.6655555555556,20.0,20.0,3.8873666736922794,-5.593389406795313,0.0,1.0,BTC,仓位样本不足，暂不影响权重
2714243,1831,2026-09-09 05:17:16,30,0x4b1c09fa8322548360a76a3747e32a60a864bc38,money_printer,P-C,61.18192471662156,0.75,66,45,21,0.5333333333333333,-0.6223612249398305,-4.067040017089705,-1.1969164295680064,475.8635563973064,8.93939393939394,10.0,10.2309288573865,-15.545510786781499,0.0,0.7878787878787878,"XMR,kSHIB,SOL,SUI,BTC",仓位收益偏弱，降权参考
2714914,1831,2026-09-09 05:17:16,30,0x4b563051258ade30122940b80f575363baa4445b,smart_money,P-N,50.0,1.0,2,2,0,0.0,-0.5191313931946702,,-0.5191313931946702,1.49625,17.5,25.0,0.0,-0.8493757224705755,0.0,1.0,"BTC,HYPE",仓位样本不足，暂不影响权重
2713595,1831,2026-09-09 05:17:15,30,0x4bc52d0ab83ed62c91c9a89fc3304e12422a54fb,smart_money,P-N,50.0,1.0,1,0,1,,,-26.283326876342773,-26.001657970024716,1739.6655555555556,10.0,10.0,22.94860288577852,-31.23466464738962,0.0,1.0,HYPE,仓位样本不足，暂不影响权重
2713596,1831,2026-09-09 05:17:15,30,0x4bd009bd1877ae6e21982d4ba3a32ee527e034df,smart_money,P-N,50.0,1.0,1,0,1,,,27.25509348166788,27.25509348166788,1739.6655555555556,20.0,20.0,46.53177861657433,0.0,0.0,1.0,BTC,仓位样本不足，暂不影响权重
2714887,1831,2026-09-09 05:17:16,30,0x4c46f7295a1fe70d2ad04dfd5fa0e8007b17cba5,smart_money,P-N,50.0,1.0,1,1,0,0.0,-0.5328790440155851,,-0.5328790440155851,1.0044444444444445,40.0,40.0,0.0,-0.532879044015585,0.0,1.0,BTC,仓位样本不足，暂不影响权重
2714890,1831,2026-09-09 05:17:16,30,0x4c49bfae14f852dfb66574e364438d68fc47fe5c,smart_money,P-N,50.0,1.0,1,1,0,0.0,-9.76703153188561,,-9.76703153188561,1246.6591666666666,20.0,20.0,13.791100588573702,-19.93116089847095,0.0,1.0,ETH,仓位样本不足，暂不影响权重
2713597,1831,2026-09-09 05:17:15,30,0x4c56bfd325f350bd1af76bf691981fdd8740390a,smart_money,P-C,91.14087589171771,0.75,50,1,49,1.0,8.983864159160406,-7.1162416809281535,-7.42956205414114,1279.5387944444444,6.02,20.0,26.015087890383484,-36.50029868597687,0.34,0.3,"BNB,BTC,CC,DOGE,EIGEN",仓位收益偏弱，降权参考
2714676,1831,2026-09-09 05:17:16,30,0x4c7a572ad38aed2c1d33fbfeba7bd69a83ec0e30,smart_money,P-G,49.325339633205196,0.65,4,4,0,1.0,4.325339633205195,,4.325339633205195,189.75722222222225,11.75,20.0,18.671594015362114,-0.5465636391722778,0.0,0.75,"HYPE,SOL,BTC",高杠杆/短线赌徒型，长期单降权
2713598,1831,2026-09-09 05:17:15,30,0x4cb104e79a27275e4a6d1e5d39eecb68bbd78bcd,smart_money,P-N,50.0,1.0,2,0,2,,,35.54157408749096,35.54157408749096,1739.6655555555556,3.0,3.0,49.263664524382406,-2.857530913772136,1.0,0.0,"ASTER,LAYER",仓位样本不足，暂不影响权重
2714901,1831,2026-09-09 05:17:16,30,0x4ce423197edc972896d16cdb410b212c2b675633,smart_money,P-N,50.0,1.0,1,1,0,0.0,-4.348160761096363,,-4.348160761096363,757.0016666666667,1.0,1.0,5.3045426447796435,-15.46464907382245,1.0,0.0,ZEC,仓位样本不足，暂不影响权重
2714546,1831,2026-09-09 05:17:16,30,0x4d3980ac9d84fc34adcd025ee2337786846343c4,smart_money,P-G,45.7985959263316,0.65,55,54,1,0.48148148148148145,0.807076814349617,0.340627973358706,0.7985959263316005,11.890338383838383,26.4,40.0,1.8545314387028413,-0.7966704435486891,0.01818181818181818,0.9818181818181818,"BTC,ETH,ZEC,PONS",高杠杆/短线赌徒型，长期单降权
2714400,1831,2026-09-09 05:17:16,30,0x4d49a0d59711abf2d2d870f9dc88905239b0010c,smart_money,P-A,97.93790090609127,1.15,10,9,1,0.8888888888888888,4.141477115781831,-25.368097196496407,1.3578393419345274,17.99941666666667,3.0,3.0,4.915527378544773,-7.043234828230913,1.0,0.0,"CASHCAT,PONS",仓位收益稳定，适合加权参考
2713599,1831,2026-09-09 05:17:15,30,0x4deb56a42fc63650b2f0bfb9abe1850e3a091371,smart_money,P-N,50.0,1.0,1,0,1,,,8.648524706348299,8.648524706348299,1739.6655555555556,20.0,20.0,13.765933275662604,-26.51515941092478,0.0,1.0,SOL,仓位样本不足，暂不影响权重
2713600,1831,2026-09-09 05:17:15,30,0x4e23288cee4960f9f962195c22948e4bc7ae20c3,money_printer,P-G,46.9271977214165,0.65,30,25,5,0.52,0.005198154584202102,10.515057914674776,1.9271977214164988,179.04466666666667,13.266666666666667,20.0,6.1514894127250095,-3.259220183275388,0.0,0.5666666666666667,"ETH,HYPE,SOL,WLD,ZEC",高杠杆/短线赌徒型，长期单降权
2713601,1831,2026-09-09 05:17:15,30,0x4e4cdfeb4105c7a458f381373e21a3bc3ad78ece,smart_money,P-G,35.28106653264369,0.65,3,0,3,,,-12.695428366742698,-9.718933467356308,1739.6655555555556,20.0,20.0,18.195859934205153,-22.680091896649873,0.0,1.0,"BTC,ETH,SOL",高杠杆/短线赌徒型，长期单降权
2713988,1831,2026-09-09 05:17:15,30,0x4e7cfe8e3e20284ba246978abaf301c5fb0ccc9c,smart_money,P-G,45.62835884988553,0.65,27,22,5,0.6363636363636364,0.9768370318503323,-1.9030736873278897,0.6283588498855289,273.66386831275713,13.851851851851851,40.0,5.0335667434278255,-4.617448116733722,0.1111111111111111,0.5925925925925926,"ETH,kPEPE,XMR,BTC,TRUMP",高杠杆/短线赌徒型，长期单降权
2714632,1831,2026-09-09 05:17:16,30,0x4e994d450c7c710ba4baeda5e249acc71f80aa1b,smart_money,P-N,50.0,1.0,1,1,0,1.0,1.5888843437919273,,1.5888843437919273,4.999444444444444,10.0,10.0,3.13739987235935,0.0,0.0,1.0,ZEC,仓位样本不足，暂不影响权重
2714570,1831,2026-09-09 05:17:16,30,0x4ef1c5ae65ab5b37629b7aa523e7e95e7da528e3,smart_money,P-B,79.88161164646247,1.0,558,557,1,0.5960502692998204,0.07896569472785887,0.12399797411759618,0.07904639773751786,2.0842657307845482,3.0,3.0,0.39423738883178755,-0.24689977857334394,1.0,0.0,"XRP,SOL",仓位表现普通有效
2714192,1831,2026-09-09 05:17:16,30,0x4f235c15474f984504b0f188755021ae45c2fa65,money_printer,P-B,64.75844560637486,1.0,31,28,3,0.5357142857142857,0.10683290904809455,-0.5079042070655112,0.09176917272575061,118.82842293906808,8.516129032258064,10.0,2.2813999070605426,-3.321150735860405,0.0967741935483871,0.7419354838709677,"UNI,DOGE,MON,POPCAT",仓位表现普通有效
2713602,1831,2026-09-09 05:17:15,30,0x4f24303e0af2e4a94abcd516a3c80d38262bde6a,money_printer,P-G,45.96540594325296,0.65,24,22,2,0.5909090909090909,0.650769472394058,9.089639765269224,0.9654059432529621,96.48520833333333,19.708333333333332,40.0,3.486258950331978,-1.4211670405724905,0.041666666666666664,0.875,"SOL,BTC,PUMP,ETH,XPL",高杠杆/短线赌徒型，长期单降权
2713603,1831,2026-09-09 05:17:15,30,0x4f67680ed589c995177481778d48a754703b5b79,smart_money,P-B,73.24936232285621,1.0,479,454,25,0.5704845814977973,-0.15380211761233023,0.8352949281177553,-0.11054641437685216,59.25064254233357,4.475991649269311,20.0,3.390279351136132,-4.617986218604672,0.5803757828810021,0.12317327766179541,"CASHCAT,AZTEC,XMR,GRIFFAIN,ZRO",仓位表现普通有效
2714864,1831,2026-09-09 05:17:16,30,0x4f7634c03ec4e87e14725c84913ade523c6fad5a,money_printer,P-N,50.0,1.0,2,2,0,0.0,-8.971742809939032,,-8.971742809939032,1115.3236111111112,3.0,5.0,15.916022145457593,-15.984653527040603,0.5,0.0,"HYPE,LIT",仓位样本不足，暂不影响权重
2714882,1831,2026-09-09 05:17:16,30,0x4f9b096385c4e66ce3dec9a17e150795b9a02e3f,money_printer,P-N,50.0,1.0,1,1,0,1.0,99.20099401665372,,99.20099401665372,1250.6625,10.0,10.0,105.1079209994509,0.0,0.0,1.0,HYPE,仓位样本不足，暂不影响权重
2714268,1831,2026-09-09 05:17:16,30,0x4fa931c594203579bee714eed85406a1f159e2ce,smart_money,P-G,52.04518716520929,0.65,5,4,1,0.5,7.628093620188503,4.713561345292457,7.0451871652092946,159.99705555555556,10.0,10.0,11.647771176672364,-3.4870140985096567,0.0,1.0,"HYPE,ZEC",高杠杆/短线赌徒型，长期单降权
2713604,1831,2026-09-09 05:17:15,30,0x4faf9534f8f029d03561d245b3b442b1c2e14ee2,smart_money,P-G,47.3433269164127,0.65,15,3,12,0.3333333333333333,3.8725011027262,0.906753598409472,2.3433269164126975,1059.8264444444444,12.333333333333334,40.0,26.091426664971866,-19.760769854746588,0.0,0.7333333333333333,"LIT,BTC,FARTCOIN,PENGU,SOL",高杠杆/短线赌徒型，长期单降权
2714381,1831,2026-09-09 05:17:16,30,0x4fe2e743da6e8d1aa0c9ed5489d8c2c9b5f96c87,smart_money,P-C,56.99746512262331,0.75,11,10,1,0.4,-1.267178304770738,9.381243538433246,-0.29913995538855775,34.000934343434345,4.181818181818182,10.0,6.230504844999881,-4.1715467984701755,0.6363636363636364,0.09090909090909091,"LIT,ZEC,UNI,PUMP,PONS",仓位收益偏弱，降权参考
2713605,1831,2026-09-09 05:17:15,30,0x4fe53e953f1ff4454d144cb6f4fee3f2ca9363fe,smart_money,P-N,50.0,1.0,1,0,1,,,40.73792409783382,29.327585201166073,1739.6655555555556,10.0,10.0,46.25600013083759,-16.386677111647835,0.0,1.0,HYPE,仓位样本不足，暂不影响权重
2714751,1831,2026-09-09 05:17:16,30,0x4fe9e1465d589757e0469b33504d00b91f431055,smart_money,P-G,44.71832826736265,0.65,4,4,0,0.5,-0.2816717326373471,,-0.2816717326373471,227.25125000000003,16.25,20.0,2.4842945335205964,-9.99727825192372,0.0,1.0,"SOL,HYPE,ETH,BTC",高杠杆/短线赌徒型，长期单降权
2713606,1831,2026-09-09 05:17:15,30,0x503ff4d3b508aff1cf4260dbd814505eb6f7b2e9,smart_money,P-N,50.0,1.0,1,0,1,,,22.99645326201564,22.99645326201564,1739.6655555555556,3.0,3.0,47.52015122559352,0.0,1.0,0.0,BTC,仓位样本不足，暂不影响权重
2714826,1831,2026-09-09 05:17:16,30,0x5049695d6faacffd34f2d24f3f0ff8c64d88f71c,smart_money,P-N,50.0,1.0,1,1,0,0.0,-17.493871310337376,,-17.493871310337376,1330.6719444444445,10.0,10.0,21.5710687000744,-25.557020404858534,0.0,1.0,HYPE,仓位样本不足，暂不影响权重
2714628,1831,2026-09-09 05:17:16,30,0x504f4f997a233873949ab352051ea3ffabd10b7e,smart_money,P-G,44.851881901749536,0.65,13,13,0,0.5384615384615384,-0.14811809825046354,,-0.14811809825046354,11.615705128205128,10.0,10.0,1.5216291696065578,-1.0516767403629514,0.0,1.0,HYPE,高杠杆/短线赌徒型，长期单降权
2714418,1831,2026-09-09 05:17:16,30,0x507e0d7cb4cca156d09db13681ed4e5da66b411e,money_printer,P-C,69.87983138380322,0.75,77,73,4,0.6575342465753424,-2.324472156645358,-0.35518432329662086,-2.190666055118493,79.02041125541126,9.35064935064935,20.0,2.049847374776162,-5.382939711558163,0.12987012987012986,0.6883116883116883,"ZEC,HYPE,LIT,SOL,PONS",仓位收益偏弱，降权参考
2714349,1831,2026-09-09 05:17:16,30,0x50b309f78e774a756a2230e1769729094cac9f20,money_printer,P-G,44.98250140181824,0.65,59,58,1,0.5689655172413793,0.025872027044495448,-2.532994861304514,-0.017498598181758956,10.42369585687382,34.57627118644068,40.0,0.28340392950020443,-0.5376745913841576,0.0,0.9830508474576272,"BTC,ETH,ZEC",高杠杆/短线赌徒型，长期单降权
2714571,1831,2026-09-09 05:17:16,30,0x50d59f4c2480e107acf32c0d1e9cbe7579b01480,smart_money,P-G,45.01761688860208,0.65,207,206,1,0.5533980582524272,0.017760706790891274,-0.012009658293617182,0.01761688860207723,3.2078086419753102,18.695652173913043,30.0,0.225030085465872,-0.22010075500128415,0.0,1.0,BTC,高杠杆/短线赌徒型，长期单降权
2713607,1831,2026-09-09 05:17:15,30,0x50e8db5da4198e49197743f8006b318cb6a08b49,smart_money,P-B,78.10608654052777,1.0,829,695,134,0.5251798561151079,0.27116264600223505,-1.4159760897885485,0.11806917475139223,171.82431141938088,4.692400482509047,12.0,6.2257563238164195,-7.090476476408539,0.4692400482509047,0.04463208685162847,"CASHCAT,PONS,ZEC,HYPE,HEMI",仓位表现普通有效
2714894,1831,2026-09-09 05:17:16,30,0x5148b1d40d2082a1ba56ebfea2321d97846e44b4,smart_money,P-N,50.0,1.0,2,2,0,0.5,-2.232761361329968,,-2.232761361329968,76.50333333333333,25.0,25.0,0.9279317511282509,-3.501611208817656,0.0,1.0,BTC,仓位样本不足，暂不影响权重
2714843,1831,2026-09-09 05:17:16,30,0x515c07dd7cd01496d4000e4998b4fd5acd2c09e1,smart_money,P-N,50.0,1.0,2,2,0,0.0,-2.8272713834458516,,-2.8272713834458516,1.5004166666666667,7.5,10.0,0.0,-2.827271383445851,0.0,0.5,"MORPHO,ZEC",仓位样本不足，暂不影响权重
2714283,1831,2026-09-09 05:17:16,30,0x51651b81c895e654e5402a3fc371e3b60b0dfb1e,smart_money,P-G,47.48538185215001,0.65,70,67,3,0.5074626865671642,2.1831127853019576,8.06011558922014,2.485381852150011,39.78611111111112,15.985714285714286,40.0,7.907537826633533,-2.6844108809636524,0.22857142857142856,0.6142857142857143,"BTC,ETH,ZEC,NEAR,CHIP",高杠杆/短线赌徒型，长期单降权
2714911,1831,2026-09-09 05:17:16,30,0x517bb82ad25d90b9d9e0af57682931c44f7ff64c,smart_money,P-G,44.73062976791419,0.65,4,4,0,0.5,-0.26937023208581246,,-0.26937023208581246,3.4993749999999997,40.0,40.0,0.08248796575722743,-0.3255497659129166,0.0,1.0,BTC,高杠杆/短线赌徒型，长期单降权
2714024,1831,2026-09-09 05:17:15,30,0x51f3a19c1dfd8d7fe670e43ce0f66648789c8b34,smart_money,P-N,50.0,1.0,1,0,1,,,9.320929310791662,13.794029085749477,1184.9919444444445,8.0,8.0,33.91233649854339,-11.367787556841524,0.0,0.0,HYPE,仓位样本不足，暂不影响权重
2714756,1831,2026-09-09 05:17:16,30,0x52081a6912cfa64968999fbeb31387446a49b207,smart_money,P-C,52.115457552169616,0.75,20,20,0,0.45,1.302578797764901,,1.302578797764901,20.691305555555555,8.1,40.0,8.193674164149025,-4.368060314845238,0.45,0.5,"CASHCAT,ZEC,TRUMP,LIT,BTC",仓位收益偏弱，降权参考
2714607,1831,2026-09-09 05:17:16,30,0x520863bab865050e635207c4ed099eec568f3f47,smart_money,P-C,53.77121254719662,0.75,3,3,0,0.6666666666666666,-167.20773793887216,,-167.20773793887216,1726.6644444444444,6.0,10.0,52.160960520305515,-262.0847992336025,0.3333333333333333,0.3333333333333333,"AVAX,HYPE,S",仓位收益偏弱，降权参考
2714483,1831,2026-09-09 05:17:16,30,0x523852be2db1a76a0e088ecbff32e849544054e5,smart_money,P-B,43.829876062979466,1.0,134,132,2,0.49242424242424243,0.5295438015218138,10.489851116073565,0.6800895466412497,9.545203150912105,13.08955223880597,40.0,3.2117989820986006,-1.4363441581373646,0.2462686567164179,0.5,"BTC,HYPE,CHIP,LIT,ETH",仓位表现普通有效
2713608,1831,2026-09-09 05:17:15,30,0x5272f37ecaa073e5a0ea07618145939e5e6cfcd9,money_printer,P-N,50.0,1.0,1,0,1,,,-11.808708995369834,-3.8900718653107305,1739.6655555555556,5.0,5.0,30.4828219928451,-13.0220089034802,0.0,0.0,ETH,仓位样本不足，暂不影响权重
2714614,1831,2026-09-09 05:17:16,30,0x52a1ac3717f8173bd175a4c1923594ed6110142d,smart_money,P-B,87.83024242397252,1.0,18,18,0,0.7777777777777778,-0.08346353575249273,,-0.08346353575249273,25.890108024691354,8.0,8.0,0.8409947952291456,-1.2011549828201182,0.0,0.0,"BTC,ETH",仓位表现普通有效
2714355,1831,2026-09-09 05:17:16,30,0x52e6c32f0eb44f707e9c159052fc5039fc7b7725,smart_money,P-G,47.16982252495609,0.65,54,50,4,0.74,1.8329678638337732,3.772872083401401,2.169822524956087,24.925915637860083,19.14814814814815,40.0,3.42409487387124,-1.4504709571313394,0.05555555555555555,0.8518518518518519,"BTC,HYPE,ETH,ZEC,PUMP",高杠杆/短线赌徒型，长期单降权
2714452,1831,2026-09-09 05:17:16,30,0x5323b92268b4e140ac2133c677e991cd9ad1b23c,smart_money,P-B,73.92588102513183,1.0,439,435,4,0.6206896551724138,0.24025963032980863,0.06923396679651934,0.2388025815314341,6.781379397620856,5.0,5.0,0.7838075583406338,-0.48276489966769465,0.0,0.0,"ZEC,HYPE,BNB,SOL",仓位表现普通有效
2713609,1831,2026-09-09 05:17:15,30,0x535191d6d49922d69cc7829dbb73e48694840db7,smart_money,P-G,50.88481232262491,0.65,8,4,4,0.5,7.4125530351990925,5.781025072368189,5.884812322624912,665.3707638888889,20.625,30.0,16.097241472484566,-10.733208530061043,0.0,0.875,"ETH,BTC,ASTER,HYPE",高杠杆/短线赌徒型，长期单降权
2714428,1831,2026-09-09 05:17:16,30,0x53b63a30a688beb53b5dc7bd731c661d678c555c,smart_money,P-G,47.68434933896696,0.65,4,3,1,1.0,2.2116713443384124,4.102383322852613,2.6843493389669626,72.49395833333332,12.5,20.0,3.172635324007263,-3.3642945517862777,0.0,1.0,"HYPE,ZEC,SOL",高杠杆/短线赌徒型，长期单降权
2714234,1831,2026-09-09 05:17:16,30,0x54069d1a01434813617e09b9426b03971c0ce123,smart_money,P-B,66.97776760221524,1.0,44,18,26,0.6111111111111112,-0.13767836652146195,0.08005070680506353,0.23635854858236643,71.410827020202,8.818181818181818,40.0,5.965263798867998,-8.222127218182345,0.25,0.6136363636363636,"TRUMP,kPEPE,ZEC,SKY,WLD",仓位表现普通有效
2714061,1831,2026-09-09 05:17:15,30,0x5410d09be697e57cd7c4ffa83759abed3219e020,smart_money,P-N,50.0,1.0,2,0,2,,,-4.676318669103662,-4.65106746314089,767.5026388888889,15.0,25.0,14.051489063656152,-18.025824277415147,0.0,0.5,"ETH,BTC",仓位样本不足，暂不影响权重
2714790,1831,2026-09-09 05:17:16,30,0x54426307974b659b48e70b1faa44f17aa0e3c4cf,smart_money,P-N,50.0,1.0,1,1,0,1.0,264.69918478936296,,264.69918478936296,1428.6744444444444,3.0,3.0,272.32798781580357,0.0,1.0,0.0,HYPE,仓位样本不足，暂不影响权重
2714466,1831,2026-09-09 05:17:16,30,0x5483dd0f8b7d2544a6ac14ba8659988178fd9f4a,smart_money,P-B,63.006857717148826,1.0,93,92,1,0.4891304347826087,0.030024308162310127,-0.16904312797723786,0.029024931505690126,9.785008960573478,3.4623655913978495,22.0,0.2869612718793012,-0.23537477478108984,0.7849462365591398,0.06451612903225806,ETH,仓位表现普通有效
2713610,1831,2026-09-09 05:17:15,30,0x54a7240cea67b8c41b7c7f2b485360f37331aef4,smart_money,P-G,65.0,0.65,10,7,3,0.7142857142857143,0.4446606592920279,84.43835167690587,24.002012549103867,409.83450000000005,23.0,40.0,27.24654485726785,-1.2558064354534837,0.0,1.0,"ETH,BTC,ZEC,SOL,HYPE",高杠杆/短线赌徒型，长期单降权
2714278,1831,2026-09-09 05:17:16,30,0x54dbc1fbf6b1cd59807db61109b1d9eb91fd1a04,money_printer,P-N,50.0,1.0,2,1,1,1.0,25.413736567748114,2.6515345810067275,13.829481786682404,869.3331944444444,2.0,2.0,21.885159056533393,-9.847023110003676,1.0,0.0,HYPE,仓位样本不足，暂不影响权重
2714782,1831,2026-09-09 05:17:16,30,0x54e3f54df4b10ff63f7284733ed735e8e1507c20,smart_money,P-N,50.0,1.0,1,1,0,0.0,-8.023198996717381,,-8.023198996717381,130.01555555555555,10.0,10.0,2.063210376779566,-8.023198996717381,0.0,1.0,HYPE,仓位样本不足，暂不影响权重
2714271,1831,2026-09-09 05:17:16,30,0x54fc13e72548503e13eea8b4cfdb4524be39d7d2,smart_money,P-G,49.382512637870725,0.65,7,5,2,0.6,1.8939094728270862,20.225649085477578,4.382512637870726,310.2411111111111,11.571428571428571,25.0,21.5644351945226,-4.729531857293595,0.2857142857142857,0.7142857142857143,"ZEC,STABLE,ETH,BTC,HYPE",高杠杆/短线赌徒型，长期单降权
2714908,1831,2026-09-09 05:17:16,30,0x54fe014a1fb506ff3a00d863e6522f24e6edba47,smart_money,P-N,50.0,1.0,2,2,0,0.0,-1.554451141104641,,-1.554451141104641,232.99916666666667,3.5,5.0,1.5194657894156243,-2.3717544883836594,0.5,0.0,"BTC,ETH",仓位样本不足，暂不影响权重
2713611,1831,2026-09-09 05:17:15,30,0x55045b55e00e09b4da8d061d8787cd97b4b0d24d,smart_money,P-C,43.0,0.75,10,0,10,,,25.702255803002238,25.950756513723253,1739.6655555555558,9.8,20.0,53.24626859307652,-14.083344298441029,0.1,0.6,"AAVE,CRV,FARTCOIN,HYPE,LAYER",仓位收益偏弱，降权参考
2714572,1831,2026-09-09 05:17:16,30,0x551946bd7965303493ff47ecd8c7f2ba8d754d0d,smart_money,P-G,45.053831964834515,0.65,195,194,1,0.5567010309278351,0.05451064305571081,-0.07585890244146251,0.053831964834511636,3.7231210826210863,20.0,20.0,0.3921505615600676,-0.2631115727580285,0.0,1.0,ETH,高杠杆/短线赌徒型，长期单降权
2713612,1831,2026-09-09 05:17:15,30,0x5559da6ec434c5723d0ce9c4da7f29e3f8a3d43b,money_printer,P-G,45.00452737631283,0.65,7,3,4,0.3333333333333333,-5.712201040386403,4.292073688837252,0.0045273763128288414,619.6181349206348,27.857142857142858,40.0,13.42665413726474,-7.310984969258335,0.0,1.0,"BTC,ETH,XRP,SOL,ZEC",高杠杆/短线赌徒型，长期单降权
2714624,1831,2026-09-09 05:17:16,30,0x557a75e1368dc5fa69978ed5fd88bfd7bddfc3a2,smart_money,P-A,92.81712931817583,1.15,15,15,0,0.8,1.0281083638095108,,1.0281083638095108,17.268222222222224,2.4,3.0,5.564678294004374,-2.648790988289829,1.0,0.0,"PUMP,HYPE,PONS,SOL,ZEC",仓位收益稳定，适合加权参考
2714301,1831,2026-09-09 05:17:16,30,0x55a8f87e59611f86a31a58b361038f36fbded9ea,smart_money,P-G,44.38586966147179,0.65,25,21,4,0.5238095238095238,-1.6439547834839396,5.423597749465387,-0.6141303385282157,47.19960000000001,18.32,40.0,2.7773367958495094,-3.004712661611721,0.04,0.96,"SOL,HYPE,XPL,BTC,ETH",高杠杆/短线赌徒型，长期单降权
2713613,1831,2026-09-09 05:17:15,30,0x560a2edd994f2ba4883cdf8e0d164558d8c803ac,smart_money,P-A,84.80605949976506,1.15,35,30,5,0.6,1.5766294008123092,-2.0536855672482175,2.974458321311097,90.47553174603175,6.114285714285714,25.0,5.572985414899789,-2.082661808086434,0.2571428571428571,0.2571428571428571,"SOL,BTC,HYPE,ETH,PONS",仓位收益稳定，适合加权参考
2713614,1831,2026-09-09 05:17:15,30,0x562e68a7eb3d74262413030f9f8052306a3cad97,smart_money,P-G,35.0,0.65,8,5,3,0.0,-10.791986909214547,-52.40655151494269,-27.21277028233814,1266.1333333333334,18.125,40.0,6.473016697475045,-41.593488803459486,0.0,1.0,"BTC,HYPE,ETH,BNB,LINK",高杠杆/短线赌徒型，长期单降权
2713615,1831,2026-09-09 05:17:15,30,0x5647249079e257329ecb6f46ed41821d3c69e7de,money_printer,P-C,58.83285097167096,0.75,76,40,36,0.5,-2.899095538264871,-9.101833355017826,-4.741469251006629,530.2508991228069,7.25,20.0,9.984016629326277,-22.244157547073428,0.15789473684210525,0.4342105263157895,"KAITO,UNI,VVV,FARTCOIN,CRV",仓位收益偏弱，降权参考
2713616,1831,2026-09-09 05:17:15,30,0x565a65432ca44a999eb7217815d58594a559ccb2,smart_money,P-C,49.653536205504366,0.75,9,7,2,0.5714285714285714,-6.117919145332473,-50.181861332346415,-15.909906298002236,943.7064506172841,7.555555555555555,10.0,3.2385629527561473,-35.72758059372821,0.0,0.4444444444444444,"ENA,ATOM,W,DOT,BTC",仓位收益偏弱，降权参考
2714102,1831,2026-09-09 05:17:16,30,0x5661a070eb13c7c55ac3210b2447d4bea426cbf5,smart_money,P-G,46.14146382437854,0.65,3,2,1,0.5,0.08176422859402913,-0.4044591240664476,1.1414638243785435,280.3349074074074,20.0,20.0,6.2456827303351865,-2.0111093516664025,0.0,1.0,BTC,高杠杆/短线赌徒型，长期单降权
2714812,1831,2026-09-09 05:17:16,30,0x5661e424b3b482231b8fc2a59c96dbe157fd70fc,smart_money,P-B,85.79029328481343,1.0,64,64,0,0.65625,0.9263966424067162,,0.9263966424067162,3.500920138888889,3.0,3.0,2.0876790265841354,-1.2848907231423452,1.0,0.0,"HYPE,PUMP,ZEC,TRUMP,LIT",仓位表现普通有效
2714111,1831,2026-09-09 05:17:16,30,0x56654885ad39155235336c0ff01b3337693c3882,smart_money,P-G,46.15249658897696,0.65,3,0,3,,,1.3614559884488469,1.1524965889769578,348.00351851851855,13.333333333333334,20.0,11.71656855529388,-4.627806213394445,0.0,1.0,"BTC,HYPE,ARB",高杠杆/短线赌徒型，长期单降权
2713617,1831,2026-09-09 05:17:15,30,0x5690fd2f011c86c2a6de8fcde2d7d1c5e314abd3,smart_money,P-G,58.80265871231315,0.65,10,1,9,0.0,-16.52296973655564,18.757028039760467,13.802658712313152,1282.5656388888888,13.8,40.0,34.56671092021806,-9.635645302290527,0.1,0.7,"BNB,BTC,ETH,HYPE,PAXG",高杠杆/短线赌徒型，长期单降权
2713618,1831,2026-09-09 05:17:15,30,0x56cd86d6ef24a3f51ce6992b7f1db751b0a0276a,money_printer,P-N,50.0,1.0,2,0,2,,,37.80637009358857,37.80637009358857,1739.6655555555556,15.0,20.0,57.52952032322434,0.0,0.0,1.0,"SOL,XRP",仓位样本不足，暂不影响权重
2713619,1831,2026-09-09 05:17:15,30,0x577586e7460f83ce4f30ded0ea2e44e7579de25d,smart_money,P-C,59.362318840579704,0.75,46,3,43,0.6666666666666666,-2.9716385393104594,-12.582461544036592,-10.746058210228586,1108.607373188406,8.608695652173912,20.0,15.940389521669331,-29.123633891863467,0.043478260869565216,0.5652173913043478,"LTC,WLFI,MON,AERO,BCH",仓位收益偏弱，降权参考
2714020,1831,2026-09-09 05:17:15,30,0x577a00a0ee907ee481791049477a3c1fa1470568,smart_money,P-N,50.0,1.0,1,0,1,,,1.5403295177119085,0.43169738063644925,1262.005,10.0,10.0,7.558029211886275,-4.525687826150874,0.0,1.0,HYPE,仓位样本不足，暂不影响权重
2713620,1831,2026-09-09 05:17:15,30,0x57baee0482d81f19eff86257425033af3f875b86,smart_money,P-N,50.0,1.0,1,0,1,,,-86.86726307986216,-86.86726307986214,1739.6655555555556,1.0,1.0,0.0,-90.3740026198251,1.0,0.0,XPL,仓位样本不足，暂不影响权重
2714412,1831,2026-09-09 05:17:16,30,0x57d8e75f473cd6346495c9b6760a580018e840e6,smart_money,P-B,69.02494657570372,1.0,4590,4551,39,0.5537244561634805,0.13196536966720462,0.20234745416661043,0.1321173221300419,6.1765269910433,4.256644880174292,5.0,1.0321158358132339,-0.8720531040229895,0.371677559912854,0.0,"ADA,TAO,TRX,TIA,HEMI",仓位表现普通有效
2714534,1831,2026-09-09 05:17:16,30,0x58120e7628a3d85fbaff5faa84d178eacd213c9b,smart_money,P-R,25.0,-0.8,41,23,18,0.34782608695652173,-7.461389260114938,-0.11063309759452257,-4.2342280180328045,453.00584688346873,5.0,20.0,11.674573620738492,-8.790802273741347,0.6097560975609756,0.14634146341463414,"2Z,APEX,BTC,FOGO,KAITO",仓位真实收益偏反向，可作为反向参考
2714642,1831,2026-09-09 05:17:16,30,0x581796f091e9304d7796a86916886d95fa544dad,smart_money,P-G,45.38236588699537,0.65,3,3,0,0.6666666666666666,0.38236588699537183,,0.38236588699537183,3.3333333333333335,7.666666666666667,10.0,0.42067377294732317,-0.927390567453636,0.3333333333333333,0.6666666666666666,"ENA,AAVE,ZORA",高杠杆/短线赌徒型，长期单降权
2714176,1831,2026-09-09 05:17:16,30,0x5875d72130981b18692a3d29545e4038f7eb0c38,smart_money,P-G,47.389409530864384,0.65,10,8,2,0.5,1.889474657318548,3.9493853486208668,2.389409530864381,291.11519444444446,17.5,40.0,7.1576799801971465,-5.954751430723148,0.0,1.0,"WLD,HYPE,BTC,ETH,LINK",高杠杆/短线赌徒型，长期单降权
2714777,1831,2026-09-09 05:17:16,30,0x588432f54227364caf999a6df88dbf86a90f4772,smart_money,P-B,70.38611614429267,1.0,66,66,0,0.5757575757575758,0.04154292063117952,,0.04154292063117952,2.5305092592592597,5.015151515151516,6.0,0.29701225886363175,-0.21525671077412578,0.18181818181818182,0.0,BTC,仓位表现普通有效
2713621,1831,2026-09-09 05:17:15,30,0x58a722b5f37435cab8957a17fc575bb136e0b48b,smart_money,P-G,48.736049544668184,0.65,14,8,6,0.75,2.5033080764727407,6.00115537184266,3.736049544668181,362.9278373015873,15.714285714285714,20.0,9.8541389063174,-3.7230524503201643,0.0,1.0,"BTC,ZEC,XRP,HYPE,ETH",高杠杆/短线赌徒型，长期单降权
2713622,1831,2026-09-09 05:17:15,30,0x58d143119b3529ed4b291b5e0dc9a30e89d1f6ad,smart_money,P-G,35.0,0.65,5,3,2,0.6666666666666666,-20.484998977126825,-50.05172802746534,-32.31169059726223,1026.2082777777778,10.2,25.0,18.48019609882035,-45.917205871665615,0.4,0.6,"ETH,HYPE,PONS,GRASS,LTC",高杠杆/短线赌徒型，长期单降权
2714449,1831,2026-09-09 05:17:16,30,0x592838c5d6ffb870c20bf4f13d1089259354d5f9,smart_money,P-B,69.66953029569723,1.0,3296,3267,29,0.566574839302112,0.26971922973121826,0.15250470667670102,0.26860208295430044,6.593191916127272,4.534283980582524,10.0,1.2609622373604985,-0.9153517869748908,0.2988470873786408,0.026395631067961164,"PUMP,CASHCAT,SPX,XLM,CRV",仓位表现普通有效
2714038,1831,2026-09-09 05:17:15,30,0x5970d203949c26e7b80a262648f400e44df6cf4e,smart_money,P-N,50.0,1.0,1,0,1,,,22.654988940037057,8.149817582524491,1044.0086111111111,10.0,10.0,42.229628743946904,-3.950827826334122,0.0,1.0,SUI,仓位样本不足，暂不影响权重
2714093,1831,2026-09-09 05:17:15,30,0x5986347c1d0133d02d307f08bb1efd44c2eb89d9,smart_money,P-G,49.01835459908639,0.65,16,12,4,0.25,0.4808280749521119,14.630934171489248,4.018354599086396,110.7487847222222,25.5,40.0,7.151254216244595,-1.1638972831100507,0.0625,0.9375,"ETH,BTC,SOL,ENA,PUMP",高杠杆/短线赌徒型，长期单降权
2714723,1831,2026-09-09 05:17:16,30,0x598930e14f4496e77593d0ccc6d7ab2e9179bc29,smart_money,P-N,50.0,1.0,1,1,0,0.0,-14.52924449868093,,-14.52924449868093,167.99194444444444,3.0,3.0,19.67849321842328,-28.538693840067804,1.0,0.0,CASHCAT,仓位样本不足，暂不影响权重
2714067,1831,2026-09-09 05:17:15,30,0x5a19bfe9c095c3bd188eca00a690b95200797aba,smart_money,P-R,25.0,-0.8,9,6,3,0.3333333333333333,-4.054017239692278,-3.1405294466753997,-6.062472487468301,247.00358024691357,3.0,4.0,11.970190792043294,-26.524215538550934,0.4444444444444444,0.0,"PUMP,CASHCAT,FARTCOIN,PURR,PONS",仓位真实收益偏反向，可作为反向参考
2714060,1831,2026-09-09 05:17:15,30,0x5a29ad4553f8d1a7058ba7d6bd97cda39cfcc492,smart_money,P-N,50.0,1.0,1,0,1,,,-2.3231182531721952,-2.3231182531721952,825.0030555555555,2.0,2.0,10.342706870826419,-9.014708873722528,1.0,0.0,GRAM,仓位样本不足，暂不影响权重
2714710,1831,2026-09-09 05:17:16,30,0x5aadb434293b4e1b8fb2e84007e567506fe65a96,smart_money,P-C,53.29691219977859,0.75,5,5,0,0.4,-2.346393921790799,,-2.346393921790799,16.59938888888889,3.0,5.0,3.783804931722662,-6.155675205739564,0.8,0.0,"PONS,PUMP,ETH",仓位收益偏弱，降权参考
2713623,1831,2026-09-09 05:17:15,30,0x5ad96a3986b9d2cfab1d39c68002edd17263f5ef,smart_money,P-C,64.62641247788926,0.75,27,5,22,0.4,-4.444366857305505,-7.892111485376745,-6.3436125818503095,1447.4372736625514,2.0,2.0,11.676656573974103,-25.301612606742086,1.0,0.0,"LINK,UNI,AAVE,AVAX,BCH",仓位收益偏弱，降权参考
2713624,1831,2026-09-09 05:17:15,30,0x5b1c220c5d481ae836a5457778f3175d62e48305,smart_money,P-A,100.0,1.15,5,1,4,1.0,47.92940963254949,-18.27208266083543,7.293525818587557,1392.1328888888888,7.6,10.0,40.84897269847573,-30.680627210782347,0.2,0.6,"AXS,HYPE,ME,ZEC,TRUMP",仓位收益稳定，适合加权参考
2713625,1831,2026-09-09 05:17:15,30,0x5b53358eca5790fa4c268ad6813386b3a86549c7,money_printer,P-N,50.0,1.0,1,0,1,,,-37.88263148993743,-37.88263148993744,1739.6655555555556,10.0,10.0,40.501437510569936,-58.74767461525453,0.0,1.0,ENA,仓位样本不足，暂不影响权重
2713626,1831,2026-09-09 05:17:15,30,0x5b5d51203a0f9079f8aeb098a6523a13f298c060,money_printer,P-C,36.051066037059336,0.75,11,0,11,,,1.488793512202159,2.0458423200112716,1171.891691919192,5.818181818181818,10.0,27.142574404007465,-18.611365472786858,0.2727272727272727,0.2727272727272727,"FARTCOIN,HYPE,PUMP,SOL,SUI",仓位收益偏弱，降权参考
2714318,1831,2026-09-09 05:17:16,30,0x5b5f798b94f54d33ba316c8b1c837e930c90c052,smart_money,P-G,46.95309431457596,0.65,19,17,2,0.5882352941176471,-0.46570619858178713,22.51289867641679,1.953094314575958,23.264093567251464,20.263157894736842,40.0,4.284325271919728,-1.0943849208002456,0.0,1.0,"ZEC,BTC,ETH,PUMP,NEAR",高杠杆/短线赌徒型，长期单降权
2714647,1831,2026-09-09 05:17:16,30,0x5b6d236e39a4723a8f79db93cfd1af4d228f9c60,smart_money,P-R,25.0,-0.8,10,10,0,0.3,-10.781125610254993,,-10.781125610254993,335.66380555555554,9.3,10.0,12.27656823423196,-18.567968472795638,0.1,0.9,"ZEC,HYPE,PUMP,PONS",仓位真实收益偏反向，可作为反向参考
2713627,1831,2026-09-09 05:17:15,30,0x5bc43f38c2ddcd85857f218674cd384f172c3b0c,money_printer,P-C,75.29849852475968,0.75,25,13,12,0.7692307692307693,3.8206502082515637,-25.92037659652514,-6.963527704057277,1049.7404888888886,6.96,20.0,14.870462689554326,-32.13806955560701,0.32,0.28,"BNB,MON,SOL,ZEC,ZRO",仓位收益偏弱，降权参考
2714183,1831,2026-09-09 05:17:16,30,0x5c3f8fdc2c99cd27576f36d13446f33c58e67a24,smart_money,P-R,25.0,-0.8,25,14,11,0.35714285714285715,-7.39962538083062,-3.0038684389953008,-5.319597250512017,108.32189999999999,3.72,5.0,4.765306446459975,-9.564123733504774,0.44,0.0,"ADA,XRP,SUI,WLD,TAO",仓位真实收益偏反向，可作为反向参考
2713628,1831,2026-09-09 05:17:15,30,0x5c5267a02593366f681365ec057e2c5099fa6f88,smart_money,P-C,43.98970004336019,0.75,5,0,5,,,43.565561241745144,43.56556124174514,1739.6655555555558,8.2,25.0,63.33813432486356,-26.31752417317198,0.6,0.4,"ETH,FARTCOIN,HYPE,MET,MON",仓位收益偏弱，降权参考
2713629,1831,2026-09-09 05:17:15,30,0x5cb20485ede692b76ad1f12ee70d089437b99de8,smart_money,P-N,50.0,1.0,2,0,2,,,-57.62000218180666,-57.62000218180666,1739.6655555555556,4.0,4.0,23.292569860096748,-75.04229716238476,0.0,0.0,"BNB,HYPE",仓位样本不足，暂不影响权重
2714375,1831,2026-09-09 05:17:16,30,0x5cbdb794b3b36df58a7ce6c1a552f117f061103b,smart_money,P-N,50.0,1.0,1,0,1,,,5.603644271251779,6.426732724268488,110.0025,3.0,3.0,20.28080040263099,-29.481853490588854,1.0,0.0,PONS,仓位样本不足，暂不影响权重
2713630,1831,2026-09-09 05:17:15,30,0x5cd30f546267012ef19704616fc77ed27f790ec2,smart_money,P-N,50.0,1.0,1,0,1,,,-89.99092084628717,-89.99092084628717,1739.6655555555556,3.0,3.0,0.0,-92.067570913693,1.0,0.0,LAYER,仓位样本不足，暂不影响权重
2714112,1831,2026-09-09 05:17:16,30,0x5cfd4e2c982a66b32120e43b016f29c21cbe9b7b,smart_money,P-C,59.680609686341086,0.75,19,14,5,0.42857142857142855,-1.2464706924669195,16.31405075164432,3.2096947331432424,67.58058479532163,9.368421052631579,30.0,11.00044782013708,-4.2328414944562045,0.3157894736842105,0.5263157894736842,"PONS,ZEC,PUMP,FARTCOIN,BTC",仓位收益偏弱，降权参考
2714895,1831,2026-09-09 05:17:16,30,0x5d8265f9f86d0b354d24ce76146aa7b6054001f8,smart_money,P-B,100.0,1.0,10,10,0,0.9,14.197213704567323,,14.197213704567323,1121.4259722222223,8.5,20.0,24.809060846981744,-9.326258730946032,0.0,0.5,"ETH,LINK,ENA,GRAM,NEAR",仓位表现普通有效
2714907,1831,2026-09-09 05:17:16,30,0x5d9d19a3e5005225f13780fa10c198f87816670d,smart_money,P-N,50.0,1.0,2,2,0,0.5,3.84595499128954,,3.84595499128954,371.00097222222223,3.5,4.0,17.56052706225831,-7.698073582498849,0.5,0.0,"LIT,PUMP",仓位样本不足，暂不影响权重
2714175,1831,2026-09-09 05:17:16,30,0x5df2fed8188902f86f2074b70fd36ed3a39a1256,smart_money,P-N,50.0,1.0,2,1,1,1.0,34.49627498523816,2.42415927176573,18.460217128501945,896.2298611111112,15.0,20.0,20.485740321755,-8.494682538118763,0.0,1.0,"HYPE,SOL",仓位样本不足，暂不影响权重
2714230,1831,2026-09-09 05:17:16,30,0x5e0c78f6360514ac1d4ea4ab9a2a232284458e69,smart_money,P-B,82.72143201658304,1.0,12,9,3,0.6666666666666666,-0.12473479681522232,0.056674229606179814,-0.03519022194659923,548.3720138888889,6.25,33.0,12.771697039198477,-15.250777179027585,0.4166666666666667,0.08333333333333333,"HYPE,ZEC,BTC,NEAR,PONS",仓位表现普通有效
2714223,1831,2026-09-09 05:17:16,30,0x5e13d5cedbddd7237f659947ce64bec1294e2607,money_printer,P-B,83.76378624966105,1.0,13,11,2,0.5454545454545454,2.807212921861491,4.266108034141379,2.721267272387251,61.382329059829054,1.2307692307692308,3.0,7.320990141407121,-4.326837049143922,1.0,0.0,"SUI,GRASS,MORPHO,ZEC,ENA",仓位表现普通有效
2714736,1831,2026-09-09 05:17:16,30,0x5e8e18557c0df89fb79a41941c03768da69100af,smart_money,P-G,45.20790728172601,0.65,42,42,0,0.5476190476190477,0.2079072817260066,,0.2079072817260066,98.00617063492064,10.833333333333334,40.0,5.150944787930808,-4.042502122139304,0.0,0.7857142857142857,"APT,ARB,AVAX,DOGE,WLD",高杠杆/短线赌徒型，长期单降权
2713631,1831,2026-09-09 05:17:15,30,0x5e9eadc22514f35af45de3ea4c3c9e56d21435ee,smart_money,P-N,50.0,1.0,1,0,1,,,-45.81782007725602,-45.696645560119734,1739.6655555555556,20.0,20.0,7.572918025786711,-49.088149486788794,0.0,1.0,ETH,仓位样本不足，暂不影响权重
2714469,1831,2026-09-09 05:17:16,30,0x5eeb5a0cb514bf3843d5f1c24752ee0e3b08f46c,smart_money,P-C,63.102387240541,0.75,55,54,1,0.3888888888888889,-0.03934925700859134,0.25637634419541716,-0.05991749084061084,32.47324747474748,6.7272727272727275,9.0,2.997489281765396,-2.3425511728477626,0.03636363636363636,0.0,"UNI,HYPE,DOGE,WLD,LINK",仓位收益偏弱，降权参考
2714496,1831,2026-09-09 05:17:16,30,0x5efc5eaa41ebfefcc122e7600d3ac81549b6dd8d,smart_money,P-G,45.37577946013436,0.65,38,36,2,0.5833333333333334,0.35016394386827454,0.8774000043513617,0.37577946013435765,19.474919590643275,22.07894736842105,40.0,1.711954811738613,-1.3203387032253622,0.07894736842105263,0.7894736842105263,"ETH,BTC,PUMP,XRP,SOL",高杠杆/短线赌徒型，长期单降权
2714064,1831,2026-09-09 05:17:15,30,0x5f1055597a652a50c67e62bcf2912dc621bfd49d,smart_money,P-G,64.71490754337869,0.65,3,0,3,,,19.71622663276499,19.714907543378686,490.3271296296296,11.666666666666666,20.0,25.334358681648798,-5.151765094304263,0.0,0.6666666666666666,"SOL,SUI,TAO",高杠杆/短线赌徒型，长期单降权
2713632,1831,2026-09-09 05:17:15,30,0x5f1ff6f82d95ee2aaf599577024c5d37c860b0a8,smart_money,P-G,35.0,0.65,3,0,3,,,-61.85715014723496,-61.85264774445759,1739.6655555555556,20.0,40.0,13.134803372299267,-72.78020304782608,0.0,1.0,"BTC,HYPE,TRX",高杠杆/短线赌徒型，长期单降权
2713633,1831,2026-09-09 05:17:15,30,0x5f4f59301e46bf6f6603a8c4cf826bdac70339d1,smart_money,P-N,50.0,1.0,1,0,1,,,-2.3911793947679194,0.452627393416229,1739.6655555555556,20.0,20.0,21.293939574454264,-9.300622234737915,0.0,1.0,BTC,仓位样本不足，暂不影响权重
2713634,1831,2026-09-09 05:17:15,30,0x5f94a51948d2376ad34a6fadfa2544e651b74b96,money_printer,P-B,83.42422680822206,1.0,22,4,18,0.5,13.2477946515187,31.88600236148728,27.133105925744577,1177.241148989899,7.863636363636363,10.0,45.8207114366005,-10.314179308964784,0.045454545454545456,0.5,"TRUMP,ADA,DOT,LIT,NEAR",仓位表现普通有效
2714127,1831,2026-09-09 05:17:16,30,0x5fdbf83c3d95d525704f61401db68cbec1b2a775,smart_money,P-B,84.77121254719663,1.0,3,2,1,0.5,13.390556953847462,9.940906106369019,12.240673338021315,721.2182407407407,4.666666666666667,9.0,32.37728287740944,-3.700056060272381,0.6666666666666666,0.0,"FARTCOIN,BTC,HYPE",仓位表现普通有效
2714005,1831,2026-09-09 05:17:15,30,0x5fe77169ee8a147ee63662160449c9bc84570f3b,smart_money,P-N,50.0,1.0,1,0,1,,,10.47951491176975,10.47951491176975,1448.9927777777777,20.0,20.0,27.662224338859737,-3.0727101541681505,0.0,1.0,BTC,仓位样本不足，暂不影响权重
2714513,1831,2026-09-09 05:17:16,30,0x603f6575750b2da949a84ff412b68e762bcd75a3,smart_money,P-C,68.58636462563108,0.75,39,38,1,0.4473684210526316,0.3869874673172041,10.070691704910063,0.6352875759734311,46.97201566951566,3.2051282051282053,6.0,6.222282932451814,-2.869852274068788,0.8974358974358975,0.0,"ZEC,LIT,HYPE,ASTER,PONS",仓位收益偏弱，降权参考
2714698,1831,2026-09-09 05:17:16,30,0x60826ae62cbe3bfaabc1ba335627adc858435e14,smart_money,P-N,50.0,1.0,1,1,0,0.0,-0.6181790119696132,,-0.6181790119696132,29.0025,25.0,25.0,2.7878554863409115,-0.6868359893758187,0.0,1.0,ETH,仓位样本不足，暂不影响权重
2713635,1831,2026-09-09 05:17:15,30,0x60a8c761f39696b3b419f31dcda20b405cb685f6,money_printer,P-N,50.0,1.0,2,0,2,,,22.24882666843115,22.248826668431153,1739.6655555555556,15.0,20.0,43.18330531448756,-11.828493849586474,0.0,1.0,"BTC,FARTCOIN",仓位样本不足，暂不影响权重
2714179,1831,2026-09-09 05:17:16,30,0x610b8dd6b392d010c2b6ad8d121dfc09524cb613,smart_money,P-S,87.51514170117699,1.25,14,10,4,0.6,2.680533676910416,5.64292316041451,3.5269306721972993,253.80867063492065,3.357142857142857,5.0,7.07783908420591,-4.310171304780644,0.7857142857142857,0.0,"SOL,LIT,HYPE,DOGE,XRP",仓位收益、持仓周期、杠杆结构适合长期参考
2714705,1831,2026-09-09 05:17:16,30,0x615d54d75193c93f28166adcf7b615d5d47b4dbe,smart_money,P-N,50.0,1.0,1,1,0,1.0,71.2392353628766,,71.2392353628766,1621.663611111111,10.0,10.0,74.10185354527309,0.0,0.0,1.0,HYPE,仓位样本不足，暂不影响权重
2714670,1831,2026-09-09 05:17:16,30,0x615f9484c8f46ca4fd4d2c0291c42661043a3d87,smart_money,P-A,78.33684088422346,1.15,6,6,0,0.8333333333333334,1.9443308568601754,,1.9443308568601754,14.50050925925926,6.333333333333333,10.0,4.450266543072828,-0.7460574971647854,0.16666666666666666,0.3333333333333333,"kPEPE,MON,ASTER,LIT",仓位收益稳定，适合加权参考
2713636,1831,2026-09-09 05:17:15,30,0x616d43c28a376d835d336383fd9423090651dbd6,smart_money,P-G,35.0,0.65,3,0,3,,,-25.59292981763114,-22.373108715366204,1739.6655555555556,18.333333333333332,20.0,16.990950691500476,-29.25697245983521,0.0,1.0,"BTC,ETH,SOL",高杠杆/短线赌徒型，长期单降权
2713637,1831,2026-09-09 05:17:15,30,0x617eb09d7869de4ea8a9768c5c657ff7c2d80f97,smart_money,P-R,25.0,-0.8,11,0,11,,,-10.811092146826995,-10.832820283051483,525.4352777777779,6.454545454545454,10.0,3.8561486926299833,-24.14962188265201,0.18181818181818182,0.36363636363636365,"ETH,XMR,PAXG,TAO,AERO",仓位真实收益偏反向，可作为反向参考
2714535,1831,2026-09-09 05:17:16,30,0x618d69438f6c5785a72d0024a8cb73b81c356e34,smart_money,P-G,44.411217231901475,0.65,9,7,2,0.42857142857142855,-0.8074558235469205,0.17657292597085378,-0.5887827680985261,8.667746913580247,12.666666666666666,20.0,0.6326238516965599,-1.1394848920229905,0.2222222222222222,0.6666666666666666,"ETH,ONDO,BTC,ACE,HYPE",高杠杆/短线赌徒型，长期单降权
2714536,1831,2026-09-09 05:17:16,30,0x6195e397e225cac7a04af74cba2d7ddbba1a419a,smart_money,P-C,69.59068274468487,0.75,17,17,0,0.5294117647058824,-1.3863149992548114,,-1.3863149992548114,5.175032679738561,3.0,3.0,2.4802948726877814,-3.23464561695679,1.0,0.0,"PONS,SOPH,ARB,VVV,CHIP",仓位收益偏弱，降权参考
2714506,1831,2026-09-09 05:17:16,30,0x61b6cfd715d70df1b1822763639e75a575a23c12,smart_money,P-A,77.78819880958244,1.15,29,28,1,0.7142857142857143,1.2742876141208725,-2.117245540872995,1.1510749325378211,12.75832375478927,5.241379310344827,15.0,2.2144890422064516,-1.2046662651936044,0.5172413793103449,0.20689655172413793,"ETH,PONS,XMR,ENA",仓位收益稳定，适合加权参考
2714113,1831,2026-09-09 05:17:16,30,0x61bf199fabf0d2ec9dc98b9bcf8084aca32bc0de,smart_money,P-C,51.81341930792533,0.75,59,44,15,0.45454545454545453,-4.100587986221653,-9.442637067661668,-5.409160916145197,609.3827118644067,9.559322033898304,40.0,7.299329226789648,-17.125367787810397,0.13559322033898305,0.559322033898305,"HYPE,ZEC,LIT,BTC,ETH",仓位收益偏弱，降权参考
2713638,1831,2026-09-09 05:17:15,30,0x61ceef212ff4a86933c69fb6aca2fe35d8f2a62b,money_printer,P-G,37.8763392230403,0.65,46,41,5,0.5365853658536586,-0.13609871744388607,-64.42166966498941,-7.123660776959706,146.23493357487922,16.58695652173913,20.0,1.9303329065706667,-9.74675680374905,0.021739130434782608,0.9782608695652174,"ETH,BTC,SOL,AVAX,HYPE",高杠杆/短线赌徒型，长期单降权
2714722,1831,2026-09-09 05:17:16,30,0x61d897b1246fd61076914b619310707dc0be790e,smart_money,P-N,50.0,1.0,2,2,0,0.0,-21.193376108222715,,-21.193376108222715,117.48916666666668,2.0,3.0,2.2291735181120353,-43.79528959590343,1.0,0.0,"PONS,CASHCAT",仓位样本不足，暂不影响权重
2713639,1831,2026-09-09 05:17:15,30,0x621c5551678189b9a6c94d929924c225ff1d63ab,money_printer,P-G,45.23866368295283,0.65,1113,1072,41,0.6119402985074627,0.2089786698290927,0.43747500535828426,0.23866368295283363,34.069118248976714,10.183288409703504,20.0,1.8784499933367251,-1.897179279466746,0.0431266846361186,0.7358490566037735,"TRUMP,ETH,SUI,ADA,NEAR",高杠杆/短线赌徒型，长期单降权
2714168,1831,2026-09-09 05:17:16,30,0x625e239e46d3ad052e23f396de3a569f6fd504e7,money_printer,P-N,50.0,1.0,2,0,2,,,-13.236206333715216,-13.236206333715216,441.0061111111111,15.0,20.0,0.10121123444702225,-19.943783498396883,0.0,1.0,"HYPE,SOL",仓位样本不足，暂不影响权重
2714834,1831,2026-09-09 05:17:16,30,0x633fe8fa1940888c7e81f1af57116c77b2fe1bda,smart_money,P-N,50.0,1.0,2,2,0,0.5,-4.6888342861715575,,-4.6888342861715575,232.00013888888887,8.5,10.0,6.093537942814362,-9.655596070984716,0.0,0.5,"DOGE,BTC",仓位样本不足，暂不影响权重
2714121,1831,2026-09-09 05:17:16,30,0x63618d66c7a6a487491e2d0793f7b5b1c86485c0,smart_money,P-G,46.42061420855482,0.65,9,5,4,0.6,14.65425883354188,-15.098197935113786,1.420614208554815,664.9998456790123,13.555555555555555,40.0,16.903460269059817,-20.11158402990803,0.4444444444444444,0.5555555555555556,"BTC,HYPE,PURR,STBL,ONDO",高杠杆/短线赌徒型，长期单降权
2714871,1831,2026-09-09 05:17:16,30,0x6361d059ce1d9f49991dc7410972d3ad7b698773,smart_money,P-N,50.0,1.0,1,1,0,1.0,3.6216174132287984,,3.6216174132287984,1257.6602777777778,20.0,20.0,4.412147817207802,-12.96005725356563,0.0,1.0,BTC,仓位样本不足，暂不影响权重
2713640,1831,2026-09-09 05:17:15,30,0x639c38ad64462870cca86a9cfa633b27cb7361f8,smart_money,P-N,50.0,1.0,2,0,2,,,-44.47703775830255,-44.47703775830255,1739.6655555555556,9.0,15.0,14.463422714997073,-47.89947526795394,0.5,0.5,"BTC,NIL",仓位样本不足，暂不影响权重
2713641,1831,2026-09-09 05:17:15,30,0x63d417a577b50c96f4f09148d4e4d70950db0522,money_printer,P-A,90.87155257804946,1.15,66,43,23,0.627906976744186,3.2266432015679203,8.071163133500194,5.0347896787358,558.2240109427611,6.7727272727272725,20.0,18.558094218379576,-13.107028150255633,0.4696969696969697,0.25757575757575757,"BTC,CASHCAT,LIT,XRP,CC",仓位收益稳定，适合加权参考
2714084,1831,2026-09-09 05:17:15,30,0x6410b0886a1f0db4c1242e1190013fe4b1e85bcd,smart_money,P-G,37.8970232411923,0.65,8,5,3,0.2,-5.86545773096743,-10.796432788922482,-7.102976758807703,454.83979166666666,13.25,20.0,9.778966420340838,-16.709788993996767,0.25,0.75,"ETH,HYPE,PONS,BTC,SOL",高杠杆/短线赌徒型，长期单降权
2713642,1831,2026-09-09 05:17:15,30,0x641edd3f198101eb13ce9228a415cbf02b62b6c8,smart_money,P-C,56.565217391304344,0.75,40,23,17,0.5652173913043478,-4.129590387387756,-15.801039936208126,-9.11599318927207,426.6062222222223,6.15,20.0,12.123270953413432,-18.28655602263348,0.425,0.35,"SKR,VVV,FARTCOIN,KAITO,ZEC",仓位收益偏弱，降权参考
2714209,1831,2026-09-09 05:17:16,30,0x6427ef069a0ffa80c2dbf675479833500f429eca,smart_money,P-C,41.222788666904485,0.75,17,13,4,0.38461538461538464,-10.477626871464341,0.9171352086043663,-7.796506382036411,157.80323529411763,6.411764705882353,10.0,7.17983909394739,-17.151683041955454,0.29411764705882354,0.47058823529411764,"PONS,ENA,TRUMP,OP,PUMP",仓位收益偏弱，降权参考
2713643,1831,2026-09-09 05:17:15,30,0x643430283b19fa5bd70a1138b495c2b43523cdd5,money_printer,P-R,25.0,-0.8,14,4,10,0.25,6.200548787402135,-15.314042946895238,-7.360638264889241,1024.8343055555556,7.214285714285714,20.0,20.644887391060603,-23.163354348926298,0.5,0.21428571428571427,"HYPE,BTC,ASTER,GMX,MORPHO",仓位真实收益偏反向，可作为反向参考
2714573,1831,2026-09-09 05:17:16,30,0x644f7170fae9d4d173d9217f03b7a77e22ed98f1,smart_money,P-B,57.543399523507844,1.0,1016,1014,2,0.480276134122288,-0.11060182138130159,2.7889377170327188,-0.10489406638442367,1.500807633420823,6.238188976377953,20.0,0.6824592332043525,-0.7904250943733642,0.16338582677165353,0.2933070866141732,"ETHFI,XPL,VVV,AERO,XMR",仓位表现普通有效
2713644,1831,2026-09-09 05:17:15,30,0x645b2eeaa0a46df3c4211bebda1b2c7703e287b8,money_printer,P-B,81.01724163885727,1.0,57,41,16,0.6585365853658537,1.2517764527820583,-3.353265540250257,-0.031387738551680804,268.6979288499026,7.105263157894737,20.0,5.540982168742695,-7.164934956370335,0.2631578947368421,0.3508771929824561,"XMR,CASHCAT,ZEC,ASTER,BTC",仓位表现普通有效
2714163,1831,2026-09-09 05:17:16,30,0x649156ebf0a350deb18a1e4835873defd4dc5349,money_printer,P-N,50.0,1.0,1,0,1,,,-13.713066229716157,-13.713066229716157,448.0072222222222,10.0,10.0,1.9365452719488423,-18.171547121940897,0.0,1.0,HYPE,仓位样本不足，暂不影响权重
2713645,1831,2026-09-09 05:17:15,30,0x64d0c26f561c1a653a2fe48337e9970275564d45,smart_money,P-N,50.0,1.0,1,0,1,,,47.13206207526118,47.13206207526119,1739.6655555555556,20.0,20.0,64.2425702403895,0.0,0.0,1.0,SOL,仓位样本不足，暂不影响权重
2713646,1831,2026-09-09 05:17:15,30,0x64dd467d1e5c2cf2be87fea20713159dbc12ca76,smart_money,P-N,50.0,1.0,2,0,2,,,-13.885336665557254,-13.82464060954812,905.3348611111111,7.5,10.0,16.932535153190347,-21.356699504766688,0.0,0.5,"HYPE,TAO",仓位样本不足，暂不影响权重
2714150,1831,2026-09-09 05:17:16,30,0x64f4e14a603a6383f459e16f4781a6b30611dfb8,smart_money,P-A,100.0,1.15,8,6,2,0.8333333333333334,22.17131312447664,8.006349797714488,18.746738918361867,256.12645833333335,6.0,10.0,21.727501440836146,-2.7490721400370814,0.0,0.125,"SOL,PUMP,UNI,BTC,MON",仓位收益稳定，适合加权参考
2714517,1831,2026-09-09 05:17:16,30,0x654086857e1fad6dcf05cf6695cce51ea3984268,smart_money,P-G,44.97190769813831,0.65,734,731,3,0.5116279069767442,-0.027867131405068947,-0.022863478109898666,-0.028092301861687423,2.9128307599152286,10.0,10.0,0.29923933918388657,-0.29995666000426957,0.0,1.0,"ETH,HYPE,BTC",高杠杆/短线赌徒型，长期单降权
2713647,1831,2026-09-09 05:17:15,30,0x654ed1d8631de7feb6b4e5fd9965687504a80c4a,smart_money,P-G,65.0,0.65,3,1,2,1.0,81.62772560708524,2.5965551932055613,28.940278664498788,1566.6635185185187,11.0,20.0,52.6174869858674,-3.709164343412683,0.3333333333333333,0.6666666666666666,"AVAX,SOL,RESOLV",高杠杆/短线赌徒型，长期单降权
2713648,1831,2026-09-09 05:17:15,30,0x655b62e1a4ca9cfe5c761b8dc3defda98be41e9f,smart_money,P-N,50.0,1.0,1,0,1,,,3.226464904879842,3.226464904879842,1739.6655555555556,1.0,1.0,13.773371798709967,-19.86432789919168,1.0,0.0,ASTER,仓位样本不足，暂不影响权重
2714741,1831,2026-09-09 05:17:16,30,0x657cf179cc91ccfc8cd534d5015a49e690b495f1,smart_money,P-B,68.2715753289145,1.0,116,116,0,0.5431034482758621,0.1271669748020701,,0.1271669748020701,7.034604885057471,5.0,5.0,0.3596883632935728,-0.2353835382070944,0.0,0.0,BTC,仓位表现普通有效
2713649,1831,2026-09-09 05:17:15,30,0x65aee08c9235025355ac6c5ad020fb167ecef4fe,smart_money,P-C,63.50291848270106,0.75,32,7,25,0.5714285714285714,-0.5744293292194553,0.8849282787232934,-3.311040758649472,723.469513888889,9.53125,40.0,15.798220285209023,-21.58292238690685,0.15625,0.59375,"LIT,AERO,VVV,BNB,BTC",仓位收益偏弱，降权参考
2714266,1831,2026-09-09 05:17:16,30,0x65d0ab18172c32e37cd7f39d1ad3f9c5de8bdfb0,smart_money,P-B,72.57865438550449,1.0,27,26,1,0.6153846153846154,2.864272945903132,58.06816791090442,4.9088616483105865,94.68703703703706,10.814814814814815,20.0,8.882420740083374,-2.823096663209315,0.14814814814814814,0.48148148148148145,"BTC,ZEC,VVV,LIT,ENA",仓位表现普通有效
2713650,1831,2026-09-09 05:17:15,30,0x65f1de0d3715941dad6a1279d8d0a96a2eeb8171,smart_money,P-N,50.0,1.0,1,0,1,,,-10.091992132856173,-10.091992132856173,1739.6655555555556,20.0,20.0,19.081303562903056,-13.428429452515264,0.0,1.0,BTC,仓位样本不足，暂不影响权重
2714347,1831,2026-09-09 05:17:16,30,0x6608d5342ca0fc0acf0c334c2496f1542af1fc71,smart_money,P-B,84.60087283675408,1.0,8,6,2,0.5,-0.6197239451920403,13.584397580730545,2.7849864834173186,102.12798611111111,2.25,5.0,15.357181181785618,-15.92431656728376,0.75,0.0,"PONS,CASHCAT,AAVE,UNI",仓位表现普通有效
2713651,1831,2026-09-09 05:17:15,30,0x6628f829994f1756257e6c2468dabd675a530a1d,smart_money,P-C,49.3980565767844,0.75,36,31,5,0.41935483870967744,-0.24606945360531834,-2.297291989778625,-0.533946622002066,194.62091049382713,19.583333333333332,40.0,3.0181212406081075,-4.268136676328769,0.2777777777777778,0.4444444444444444,"BTC,CELO,XMR,ETH,TAO",仓位收益偏弱，降权参考
2713652,1831,2026-09-09 05:17:15,30,0x66339a4c857997b2cb3a1139cc37f68fbdf9a795,smart_money,P-R,25.0,-0.8,7,0,7,,,-8.928397021735018,-0.25331120253145556,1739.6655555555556,4.571428571428571,10.0,29.052761213695526,-38.36593528485798,0.5714285714285714,0.14285714285714285,"MELANIA,PROVE,STABLE,TRUMP,VVV",仓位真实收益偏反向，可作为反向参考
2714092,1831,2026-09-09 05:17:15,30,0x663f2673c6cef165d4e027585ed300a6b74245da,smart_money,P-R,25.0,-0.8,8,5,3,0.2,-5.48080596800752,-39.12478690909765,-6.242301210545031,214.25142361111108,6.75,20.0,7.643015902510318,-27.548309649608772,0.375,0.25,"PONS,ETHFI,PUMP,HYPE,VIRTUAL",仓位真实收益偏反向，可作为反向参考
2714847,1831,2026-09-09 05:17:16,30,0x6661db9a250e02444f6f9de670c6d923bcd84cc4,smart_money,P-G,43.58295331308713,0.65,7,7,0,0.2857142857142857,-1.4170466869128693,,-1.4170466869128693,22.857579365079367,40.0,40.0,0.2912529984765674,-1.9789189549489972,0.0,1.0,BTC,高杠杆/短线赌徒型，长期单降权
2713653,1831,2026-09-09 05:17:15,30,0x6666885961fec8ed58ddb45637ea41c02d6423f5,money_printer,P-N,50.0,1.0,1,0,1,,,116.15291097524829,116.15291097524829,1739.6655555555556,10.0,10.0,124.62787040897834,0.0,0.0,1.0,HYPE,仓位样本不足，暂不影响权重
2713654,1831,2026-09-09 05:17:15,30,0x66701345620a1d2d81e37f9fd8c74491e8c7d525,smart_money,P-B,53.95608263265758,1.0,24,18,6,0.5,1.4703489593806953,-1.7539360431496156,0.49365177443742486,287.0979166666667,19.25,40.0,6.2079426377128994,-5.685846274834632,0.16666666666666666,0.5416666666666666,"BTC,XMR,DOT,ETH,ALGO",仓位表现普通有效
2713655,1831,2026-09-09 05:17:15,30,0x667b8184fcb9e83bf3180bb42f5c67374cde679a,smart_money,P-C,70.01159709965043,0.75,44,37,7,0.4594594594594595,0.07627011519935195,-1.954619686804768,-0.2571007130740437,161.33136994949498,6.9772727272727275,40.0,4.897395299864839,-4.60879481651225,0.3181818181818182,0.18181818181818182,"ETC,SKR,UNI,BTC,USELESS",仓位收益偏弱，降权参考
2713656,1831,2026-09-09 05:17:15,30,0x6697186f603168d01797eded5bd149b44e62de27,smart_money,P-N,50.0,1.0,1,0,1,,,-17.330889287667112,-17.330889287667112,1739.6655555555556,5.0,5.0,54.71616409601503,-26.702483311865365,0.0,0.0,JTO,仓位样本不足，暂不影响权重
2714007,1831,2026-09-09 05:17:15,30,0x66a8e3766b64650fbe4e81a9a42e9ba96ae49db5,smart_money,P-G,52.178892507237,0.65,10,2,8,0.0,-20.918362779594258,19.49861128665633,7.178892507237,743.6657777777775,11.9,40.0,30.278349991236176,-25.291170106169403,0.2,0.6,"HYPE,LIT,CASHCAT,ETH,PUMP",高杠杆/短线赌徒型，长期单降权
2714645,1831,2026-09-09 05:17:16,30,0x66d1f704749ced8c60df03cd0ccfce05c5d87fae,smart_money,P-B,75.57999390553603,1.0,12,12,0,0.6666666666666666,0.2274240558632262,,0.2274240558632262,30.086620370370365,8.333333333333334,10.0,2.592026949461475,-2.2716045270406466,0.0,0.16666666666666666,"HYPE,JUP,ZEC",仓位表现普通有效
2714298,1831,2026-09-09 05:17:16,30,0x6707013459fa40ab655710bb08690693d539b113,smart_money,P-N,50.0,1.0,2,1,1,0.0,-15.047706716930412,2.23738891932122,-7.205194234806615,575.5045833333334,3.0,5.0,14.694990431335432,-15.282726203133656,0.5,0.0,"XMR,HYPE",仓位样本不足，暂不影响权重
2713657,1831,2026-09-09 05:17:15,30,0x675462411d40a169c3397ac1dc00786dc9c7d3a1,smart_money,P-R,25.0,-0.8,10,1,9,0.0,-55.10472613119764,-2.590934590454441,-7.842313744528761,585.9004166666666,7.1,10.0,14.605508401225858,-20.860810862152633,0.2,0.5,"ZEC,BCH,ETC,PUMP,UNI",仓位真实收益偏反向，可作为反向参考
2714384,1831,2026-09-09 05:17:16,30,0x67870e072059b30eb06530cabebe2a8b50fecb04,smart_money,P-G,45.11673932542152,0.65,3,2,1,0.5,-0.2936063728524469,0.937430721969448,0.11673932542151803,107.3287037037037,10.0,10.0,3.204569411585704,-2.870941955873851,0.0,1.0,HYPE,高杠杆/短线赌徒型，长期单降权
2713992,1831,2026-09-09 05:17:15,30,0x6788e111b25a244e7168847fe19bb1456a8398d4,smart_money,P-R,25.0,-0.8,20,12,8,0.3333333333333333,-9.397071254681952,-13.702722512156607,-10.008834843123132,334.5634444444445,9.0,25.0,9.110569208254807,-20.79186528787545,0.15,0.5,"PONS,ZRO,ZEC,GRAM,ASTER",仓位真实收益偏反向，可作为反向参考
2714555,1831,2026-09-09 05:17:16,30,0x67cd5c1c4548c7ec1a20fadefca19ad42e6230da,smart_money,P-G,44.96879932680056,0.65,332,331,1,0.48942598187311176,-0.03133810402405116,0.014288929746520598,-0.03120067319944101,2.1506174698795175,20.0,20.0,0.17178174596367932,-0.2070083991321133,0.0,1.0,BTC,高杠杆/短线赌徒型，长期单降权
2714574,1831,2026-09-09 05:17:16,30,0x67f7aa8fb95c47e6ea9c517b623e0701cbf9d9ba,smart_money,P-B,67.44965973533812,1.0,358,357,1,0.5350140056022409,-0.00047990373146101904,-0.06507193842518359,-0.0006603284093764423,2.013993637492241,3.3603351955307263,4.0,0.2506184914860494,-0.2239500943458109,0.23743016759776536,0.0,ETH,仓位表现普通有效
2713658,1831,2026-09-09 05:17:15,30,0x67fcc46ed2a63971697dad2fc7bb0091fe89e51d,money_printer,P-A,83.17733785776697,1.15,30,23,7,0.6521739130434783,3.884287100036546,-6.775645145029982,3.210309032096767,595.2382314814814,7.733333333333333,20.0,15.170961937982737,-16.141445913659094,0.13333333333333333,0.5333333333333333,"AERO,ETHFI,ADA,AAVE,ASTER",仓位收益稳定，适合加权参考
2714527,1831,2026-09-09 05:17:16,30,0x6802b4267f7f2bf7003dcf993c51542245b38329,smart_money,P-G,44.950043312905656,0.65,309,306,3,0.5588235294117647,-0.04777734335587928,-0.4702135020812476,-0.049956687094341604,3.983809780654438,20.0,20.0,0.28031204011931543,-0.34480750182237657,0.0,1.0,"ETH,SOL,BTC",高杠杆/短线赌徒型，长期单降权
2713659,1831,2026-09-09 05:17:15,30,0x6859da14835424957a1e6b397d8026b1d9ff7e1e,money_printer,P-C,70.71375444060504,0.75,44,14,30,0.6428571428571429,-5.462181809987305,-12.830701763753881,-3.597668234242934,1156.766559343435,7.931818181818182,35.0,23.77290692231311,-35.416451212353586,0.20454545454545456,0.45454545454545453,"ZEC,PAXG,PUMP,SPX,MEGA",仓位收益偏弱，降权参考
2713660,1831,2026-09-09 05:17:15,30,0x687843224285d4d2eac58202085041647fa3bf8c,smart_money,P-N,50.0,1.0,1,0,1,,,-21.611083659848713,-23.788665963315843,1739.6655555555556,3.0,3.0,46.70573251953871,-30.49746327137082,1.0,0.0,JTO,仓位样本不足，暂不影响权重
2714203,1831,2026-09-09 05:17:16,30,0x6891ed9ee6a9d0649ffac2bcee814e6899a0e075,smart_money,P-N,50.0,1.0,1,0,1,,,-7.249015729631307,-7.249015729631307,397.99361111111114,10.0,10.0,3.1704008130061143,-11.454053050272252,0.0,1.0,HYPE,仓位样本不足，暂不影响权重
2714378,1831,2026-09-09 05:17:16,30,0x68af3f19b7cf1934909bd43776050fe83b0ac654,smart_money,P-C,64.38095149363431,0.75,71,69,2,0.4057971014492754,0.5140879990868815,-8.177045507213164,0.26926733693758426,30.95818466353678,6.605633802816901,10.0,4.7309087411811985,-2.0650032349254692,0.11267605633802817,0.028169014084507043,"ETH,ZEC,SOL,CASHCAT,ASTER",仓位收益偏弱，降权参考
2713661,1831,2026-09-09 05:17:15,30,0x68c151a40b08c6d059d8eddfc0c57e18325c9e38,smart_money,P-N,50.0,1.0,2,0,2,,,-53.135851517488675,-53.135851517488675,1028.3293055555555,4.0,5.0,14.497625362363534,-82.19012949353468,0.5,0.0,"HYPE,CASHCAT",仓位样本不足，暂不影响权重
2714114,1831,2026-09-09 05:17:16,30,0x68cd0d2bf68e54ea2d3feb090ff6683a99a0eec2,smart_money,P-N,50.0,1.0,1,0,1,,,41.26398628949649,41.26398628949649,493.00638888888886,10.0,10.0,46.802688256769876,0.0,0.0,1.0,HYPE,仓位样本不足，暂不影响权重
2714137,1831,2026-09-09 05:17:16,30,0x68d017f8c75d22af6a48aa6f2f697c658ec15599,smart_money,P-G,43.868834421425994,0.65,33,26,7,0.4230769230769231,-1.2759374822136644,-0.7091287475389245,-1.1311655785740091,191.50439393939396,10.666666666666666,40.0,5.777463972076817,-10.03897650531491,0.2727272727272727,0.6363636363636364,"HYPE,PONS,ACE,ETH,BTC",高杠杆/短线赌徒型，长期单降权
2714772,1831,2026-09-09 05:17:16,30,0x68d39be8c66851afbb61abb3b2e0a8ef59b58e80,smart_money,P-N,50.0,1.0,2,2,0,1.0,1.144933853625381,,1.144933853625381,24.502083333333335,22.5,25.0,2.354357924693666,-0.44553146483341904,0.0,1.0,"SOL,ETH",仓位样本不足，暂不影响权重
2713662,1831,2026-09-09 05:17:15,30,0x68f1c1e8e1371d25dff689a3915196db6c5fba1a,smart_money,P-N,50.0,1.0,1,0,1,,,-39.76780484952631,-38.01361501499221,1739.6655555555556,10.0,10.0,16.859693723332832,-45.24784428502052,0.0,1.0,HYPE,仓位样本不足，暂不影响权重
2714672,1831,2026-09-09 05:17:16,30,0x68f80ecef342044f84891641e81b50b5f580b6ad,smart_money,P-A,79.90483889932813,1.15,15,15,0,0.6,1.571963154385655,,1.571963154385655,14.398925925925926,2.0,2.0,2.419344127847511,-0.7613449883455525,1.0,0.0,HYPE,仓位收益稳定，适合加权参考
2713663,1831,2026-09-09 05:17:15,30,0x6957d2139d29e7db7913ac21e813f2a561e47ac8,smart_money,P-G,39.91861375015795,0.65,7,0,7,,,-10.98369351950918,-5.081386249842046,1672.2861904761905,11.142857142857142,25.0,24.869418472190187,-36.03925834254801,0.14285714285714285,0.5714285714285714,"ASTER,AVNT,ETH,SOL,XPL",高杠杆/短线赌徒型，长期单降权
2713664,1831,2026-09-09 05:17:15,30,0x69906b0ed626ca01a4b7c001e5711e5714ccf207,"money_printer,smart_money",P-G,45.865686003645706,0.65,39,38,1,0.7631578947368421,1.3025765290168319,-15.758006843784841,0.8656860036457076,84.40264957264957,17.358974358974358,40.0,4.25922840703869,-3.2611147644757263,0.10256410256410256,0.8205128205128205,"ETH,SOL,ZEC,HYPE,BTC",高杠杆/短线赌徒型，长期单降权
2713665,1831,2026-09-09 05:17:15,30,0x69a31d37f231c1987c6f283ca508b4377a2369ff,smart_money,P-R,25.0,-0.8,7,2,5,0.0,-6.522118204603096,-3.947917400094717,-2.4832745005027133,1004.569761904762,1.2857142857142858,2.0,34.157173173983836,-35.00487860328308,1.0,0.0,"CASHCAT,BTC,HYPE,TAO,ZEC",仓位真实收益偏反向，可作为反向参考
2714715,1831,2026-09-09 05:17:16,30,0x69b05701f8175c276ecd0138387a197948e240bb,smart_money,P-G,48.02314574742942,0.65,8,8,0,0.375,3.0231457474294183,,3.0231457474294183,107.99798611111112,18.125,20.0,5.66675717440926,-3.4814158162188638,0.0,0.875,"BTC,ETH,PUMP",高杠杆/短线赌徒型，长期单降权
2713666,1831,2026-09-09 05:17:15,30,0x69eb16da29deeac170613a1cacb34227fc15f956,smart_money,P-G,35.0,0.65,3,1,2,1.0,0.14282313734825042,-18.648173842710587,-10.910182793296634,1160.1097222222222,14.333333333333334,20.0,11.183770295872774,-28.179568623700565,0.3333333333333333,0.6666666666666666,"HYPE,SOL,BTC",高杠杆/短线赌徒型，长期单降权
2714402,1831,2026-09-09 05:17:16,30,0x6a02aedceac5a6813d960e4dae1910d9c458e77c,smart_money,P-C,69.53727064022596,0.75,5,4,1,0.75,-2.119024124317132,1.0950229894329309,-1.4762147015671194,34.80705555555556,5.8,10.0,3.069861907467396,-4.674656446121283,0.4,0.4,"ETH,PONS,BTC",仓位收益偏弱，降权参考
2713667,1831,2026-09-09 05:17:15,30,0x6a2cec2bda4749f113676bd9a5f3e64277260efd,smart_money,P-G,46.29806807086749,0.65,58,36,22,0.5277777777777778,1.20700914835946,1.3657743851574702,1.2980680708674839,411.01855363984686,11.706896551724139,40.0,9.686223292997187,-12.507763619607564,0.10344827586206896,0.603448275862069,"BTC,AVAX,ZEC,LIT,WLFI",高杠杆/短线赌徒型，长期单降权
2714021,1831,2026-09-09 05:17:15,30,0x6a756a2cc6c1e8e1e44132800b2033a42ca086ad,smart_money,P-N,50.0,1.0,1,0,1,,,31.344298470696906,31.344298470696906,1257.003888888889,2.0,2.0,53.85588187856484,-9.294310200730195,1.0,0.0,XRP,仓位样本不足，暂不影响权重
2714246,1831,2026-09-09 05:17:16,30,0x6a9e7566877b52b13b28230b5543cbccf3685870,smart_money,P-B,44.61363372474493,1.0,299,297,2,0.494949494949495,0.031943544467279296,-0.1977277519403551,0.03040728161505429,3.3511510590858413,10.468227424749164,20.0,0.25346636556389013,-0.20991422539522625,0.006688963210702341,0.40468227424749165,"ETH,BTC",仓位表现普通有效
2714413,1831,2026-09-09 05:17:16,30,0x6abc111bd22bb38e649f81be60dfbeb35648aac6,smart_money,P-R,25.0,-0.8,17,2,15,0.0,-23.593846853697833,2.3324940245770205,-0.8042690875559337,72.88421568627453,6.294117647058823,10.0,7.2625173485234775,-7.609740684138986,0.23529411764705882,0.35294117647058826,"LIT,PONS,ARB,DOT,LINEA",仓位真实收益偏反向，可作为反向参考
2713668,1831,2026-09-09 05:17:15,30,0x6acf5dc82237396e07d7e802bff984d8662360a1,smart_money,P-N,50.0,1.0,1,0,1,,,-12.097934308896999,-9.874555952193989,1739.6655555555556,40.0,40.0,18.38939270573041,-15.495163519115614,0.0,1.0,BTC,仓位样本不足，暂不影响权重
2714403,1831,2026-09-09 05:17:16,30,0x6b40177431bb4d710f047f163442dbe5b6e8f775,smart_money,P-B,85.95040854734836,1.0,52,51,1,0.7058823529411765,0.3644533392087139,-7.0898123842232765,0.26932192073300204,30.199086538461533,7.25,8.0,1.2330978424955081,-1.7205836528073633,0.0,0.0,"HYPE,XMR,SOL",仓位表现普通有效
2714000,1831,2026-09-09 05:17:15,30,0x6b44fb3b080c233c6cb0b2d70f4b5694fd528572,smart_money,P-C,7.10454588052996,0.75,3,2,1,0.0,-16.870589136175823,-23.482972136222912,-19.016851570696613,1320.3440740740741,5.333333333333333,10.0,6.26805631742549,-36.01774654386383,0.6666666666666666,0.3333333333333333,"GRASS,WLD,ARB",仓位收益偏弱，降权参考
2714425,1831,2026-09-09 05:17:16,30,0x6ba889db7f923622d3548f621ecc2054b80c1817,smart_money,P-G,45.03551085433204,0.65,9427,9387,40,0.5237029935016512,0.03579046335087829,-0.1171142625941541,0.03551085433203516,3.0832096342656055,9.25384533785934,20.0,0.6094006853194472,-0.49407631601803065,0.03150525087514586,0.6656412432375093,"NEAR,UNI,WLD,LIT,ENA",高杠杆/短线赌徒型，长期单降权
2713669,1831,2026-09-09 05:17:15,30,0x6bb971430554e3af58fbd469bce46ab2359a2d23,money_printer,P-N,50.0,1.0,1,0,1,,,7.842454368440216,7.842454368440216,1739.6655555555556,3.0,3.0,54.73669459063872,-27.74500889185731,1.0,0.0,PURR,仓位样本不足，暂不影响权重
2713670,1831,2026-09-09 05:17:15,30,0x6bea81d7a0c5939a5ce5552e125ab57216cc597f,money_printer,P-G,41.90982658664668,0.65,5,2,3,0.5,1.388170859703252,-7.835150007771584,-3.090173413353322,952.4672777777778,20.0,20.0,6.059711171671092,-13.128785151808362,0.0,1.0,"SOL,ETH,BTC",高杠杆/短线赌徒型，长期单降权
2714727,1831,2026-09-09 05:17:16,30,0x6cd520c1a07c9b53b33d62d04d3c2a3175161968,smart_money,P-G,45.34681566270619,0.65,117,117,0,0.5811965811965812,0.34681566270618935,,0.34681566270618935,12.521536087369425,11.905982905982906,37.0,2.6583645599694634,-1.5296572109633153,0.07692307692307693,0.6153846153846154,"ETH,PUMP,MON,BTC,SOL",高杠杆/短线赌徒型，长期单降权
2713981,1831,2026-09-09 05:17:15,30,0x6ce8a609b7e76d22b3cf477c16453ef9ec9a188a,smart_money,P-R,25.0,-0.8,53,46,7,0.30434782608695654,-0.6505481226004669,-1.0120254854354342,-0.7391721825980436,109.60319182389935,10.20754716981132,40.0,2.923464178932126,-4.067348472903332,0.6037735849056604,0.32075471698113206,"GMT,BTC,LINK,ACE,ETH",仓位真实收益偏反向，可作为反向参考
2713671,1831,2026-09-09 05:17:15,30,0x6d3b90747dbf5883bf88ff7eb5fcc86f408b5409,smart_money,P-B,96.30934120191964,1.0,16,1,15,1.0,8.613378817667714,7.666355473885331,4.634070687680193,1313.540607638889,11.4375,40.0,23.950024789794984,-26.17063423980815,0.0625,0.5,"TAO,BNB,BTC,ENA,HYPE",仓位表现普通有效
2714376,1831,2026-09-09 05:17:16,30,0x6e88dc3708afc2b0032eeff625df78dcde1e741a,smart_money,P-G,44.590891060352234,0.65,9,8,1,0.625,-0.41052053213169737,-0.3978161997763321,-0.4091089396477678,178.42608024691359,34.44444444444444,40.0,2.714421175200295,-2.5203425406049673,0.0,0.8888888888888888,"BTC,ENS,ETH",高杠杆/短线赌徒型，长期单降权
2714476,1831,2026-09-09 05:17:16,30,0x6e8bc7cd0978397b06a14af2a8c31f5daeffea79,smart_money,P-B,63.894669140981996,1.0,100,99,1,0.5353535353535354,0.0124913393031813,-0.35488708830179116,0.009960833117262632,7.200066666666668,5.62,35.0,0.22422103007569466,-0.17761528493646775,0.54,0.18,BTC,仓位表现普通有效
2714514,1831,2026-09-09 05:17:16,30,0x6e9989debf991affd8dfe4a73efcbfc8cb658473,smart_money,P-G,43.71627779234849,0.65,12,10,2,0.3,-1.336834346200837,-1.0181615149048802,-1.283722207651511,282.1097453703704,20.0,20.0,5.724608010159803,-2.673333542643887,0.0,1.0,"BTC,ETH",高杠杆/短线赌徒型，长期单降权
2713672,1831,2026-09-09 05:17:15,30,0x6e9b20e2ebb0e49a1de161b08413a2a988bd9516,smart_money,P-N,50.0,1.0,2,0,2,,,147.772925015197,93.80279051051343,1739.6655555555556,7.5,10.0,150.70981581055995,-5.311646417149907,0.0,0.5,"HYPE,ZEC",仓位样本不足，暂不影响权重
2713673,1831,2026-09-09 05:17:15,30,0x6ecbb68c07bd4be7adb7f0365e9263e382aeca2d,smart_money,P-B,79.98906019579707,1.0,713,569,144,0.5606326889279437,-0.07697984541248813,-1.3468459829268054,-0.3330838603017994,201.22345527505058,4.417952314165498,12.0,6.415055640760455,-8.036599912612317,0.511921458625526,0.029453015427769985,"PONS,CASHCAT,XMR,HYPE,HEMI",仓位表现普通有效
2714679,1831,2026-09-09 05:17:16,30,0x6f577a1b7e3915d4d8c49c951e2332912a62d8a1,smart_money,P-N,50.0,1.0,1,1,0,0.0,-11.745983350635038,,-11.745983350635038,1312.8658333333333,10.0,10.0,19.144918474794352,-35.79248656099456,0.0,1.0,HYPE,仓位样本不足，暂不影响权重
2714193,1831,2026-09-09 05:17:16,30,0x6f684b155809d6615bb01e0dcf45d304b2e04ad0,smart_money,P-A,83.3730184446042,1.15,10,7,3,0.7142857142857143,3.627593290146371,-6.595190305031845,1.1865092223021025,145.20225,7.9,20.0,13.802905252860565,-11.434618462443126,0.3,0.3,"PENGU,SPX,CASHCAT,FARTCOIN,ZEC",仓位收益稳定，适合加权参考
2714629,1831,2026-09-09 05:17:16,30,0x6f7f358df5a6a4b02178bdbfaae5ed4dc14b28ae,smart_money,P-N,50.0,1.0,2,2,0,1.0,7.404755789722687,,7.404755789722687,22.49888888888889,10.0,10.0,11.375736782696174,-0.364871665827886,0.0,1.0,PUMP,仓位样本不足，暂不影响权重
2714023,1831,2026-09-09 05:17:15,30,0x6f83ab8890ed38bf38a31010aa9a5e9ca743bfad,smart_money,P-R,25.0,-0.8,10,8,2,0.25,-0.5934489687406324,-25.656146088307224,-5.0277063354166085,236.00124999999997,1.6,3.0,4.376009053766543,-9.68817067130976,1.0,0.0,"CASHCAT,ETH,BTC,PONS,PUMP",仓位真实收益偏反向，可作为反向参考
2714596,1831,2026-09-09 05:17:16,30,0x6f97b7de6be7b7771e975e46bae96c35e332e172,smart_money,P-C,47.441075765096144,0.75,47,47,0,0.44680851063829785,0.10351660595233071,,0.10351660595233071,13.74515957446809,9.808510638297872,20.0,3.136169756979947,-2.5681803756635713,0.0851063829787234,0.7021276595744681,"ZEC,PUMP,HYPE,SOL,NEAR",仓位收益偏弱，降权参考
2714068,1831,2026-09-09 05:17:15,30,0x6f97d329b072e0f7b74575565d806a4351b8f824,money_printer,P-G,35.0,0.65,9,3,6,0.3333333333333333,-3.2476657883051594,-14.573693592115987,-10.79835099084571,291.22101851851846,15.333333333333334,22.0,4.338078791604482,-17.26912808585676,0.0,0.7777777777777778,"BTC,kBONK,XRP,PENGU,TAO",高杠杆/短线赌徒型，长期单降权
2714583,1831,2026-09-09 05:17:16,30,0x6fb534b7e9820dd90a154dbed2a84f9c95bbe68e,smart_money,P-N,50.0,1.0,1,0,1,,,0.22276066906362943,0.22276066906362943,0.0,3.0,3.0,0.22276066906362943,0.0,1.0,0.0,2Z,仓位样本不足，暂不影响权重
2714184,1831,2026-09-09 05:17:16,30,0x6fbb33de5f39c690d2decb95b9ab46ed0c83e3bc,smart_money,P-G,49.946821905433275,0.65,4,3,1,0.0,-14.767138499500897,64.08870312023579,4.946821905433276,230.7559027777778,10.75,20.0,20.558560599027164,-12.129358725751864,0.25,0.75,"VVV,XPL,PUMP,ETH",高杠杆/短线赌徒型，长期单降权
2714825,1831,2026-09-09 05:17:16,30,0x6fededdbee4f25ad1ccb1bbc30dda3ed0fe9fc23,smart_money,P-G,41.72850788398328,0.65,7,7,0,0.5714285714285714,-3.271492116016715,,-3.271492116016715,30.583253968253967,10.0,10.0,0.23903012723975955,-5.048363919441546,0.0,1.0,"BTC,ETH",高杠杆/短线赌徒型，长期单降权
2713674,1831,2026-09-09 05:17:15,30,0x7044be555aea5bddb3b9808658500d4e0d0a6b6e,money_printer,P-A,100.0,1.15,30,9,21,0.7777777777777778,-8.47560315692472,36.68895593615259,23.112927440070788,1489.0652314814813,7.833333333333333,20.0,49.3465098912332,-19.14071851547528,0.13333333333333333,0.5,"ADA,ALGO,CRV,DOGE,DOT",仓位收益稳定，适合加权参考
2714041,1831,2026-09-09 05:17:15,30,0x7050a9abd4f06372247d19c39e5d718636f35fff,smart_money,P-B,75.72973598677228,1.0,29,21,8,0.6190476190476191,2.529560410128351,-2.4264928462784043,0.5586251303281433,436.28022030651346,8.689655172413794,20.0,12.026805245350104,-21.528191277825325,0.2413793103448276,0.5172413793103449,"HYPE,SOL,AAVE,GRASS,XMR",仓位表现普通有效
2714128,1831,2026-09-09 05:17:16,30,0x705e54faaa515bc86c83fb4803000eebeccbf167,smart_money,P-N,50.0,1.0,1,0,1,,,-15.659135775389341,-15.659135775389341,489.00305555555553,20.0,20.0,0.0,-19.164290414564597,0.0,1.0,BTC,仓位样本不足，暂不影响权重
2714556,1831,2026-09-09 05:17:16,30,0x7064c7abd02a8481a33620e485e75df41b8a5fa5,smart_money,P-G,44.972906839874305,0.65,84,83,1,0.4819277108433735,-0.02998568236522772,0.21298618575579875,-0.02709316012569169,3.1667890211640204,20.0,20.0,0.25755568472744494,-0.29001669899922866,0.0,1.0,ETH,高杠杆/短线赌徒型，长期单降权
2714557,1831,2026-09-09 05:17:16,30,0x706bb519b05b7dc01d048af9a5e29d1ef5d6d9e3,smart_money,P-B,67.17879323808512,1.0,327,326,1,0.5306748466257669,0.01564141178132188,0.2604035308953342,0.01577698714071575,2.2079663608562696,3.0428134556574924,6.0,0.18095930285503853,-0.182877817544583,0.6666666666666666,0.0,BTC,仓位表现普通有效
2714207,1831,2026-09-09 05:17:16,30,0x7083a8e36b44865c8d40379502bc081259a0ba66,smart_money,P-C,86.24670061196765,0.75,26,20,6,0.55,0.6552806028729523,-4.723345732199475,-0.7015164338702614,88.50172008547007,2.9615384615384617,5.0,5.611289230234508,-6.552983789946209,0.9230769230769231,0.0,"NEAR,ZEC,ZRO,DOGE,UNI",仓位收益偏弱，降权参考
2713675,1831,2026-09-09 05:17:15,30,0x70e76a2090170a1ce5bb7324830f08b32eb2c0a3,smart_money,P-N,50.0,1.0,1,0,1,,,5.76905206121822,5.7555830104945285,1739.6655555555556,5.0,5.0,30.73932696179699,0.0,0.0,0.0,BTC,仓位样本不足，暂不影响权重
2713676,1831,2026-09-09 05:17:15,30,0x7116470134e289f7fefb0922902e28200e471447,smart_money,P-B,90.78947368421052,1.0,38,2,36,0.5,-6.270302584142071,19.14713977784315,17.82370626734707,1431.5768421052635,5.894736842105263,20.0,40.751854463903186,-13.335174247093004,0.10526315789473684,0.21052631578947367,"AAVE,ADA,AERO,ALGO,BCH",仓位表现普通有效
2714867,1831,2026-09-09 05:17:16,30,0x7176cec39ec2c66d545f85c90a217a9cb131dd3e,smart_money,P-N,50.0,1.0,1,1,0,1.0,100.52440533939983,,100.52440533939983,1266.6641666666667,10.0,10.0,103.62873997747373,0.0,0.0,1.0,HYPE,仓位样本不足，暂不影响权重
2714274,1831,2026-09-09 05:17:16,30,0x718cc7ee2ae2493ebf7d454316df6b61f4e1a868,smart_money,P-B,92.68726657994628,1.0,4,3,1,0.6666666666666666,44.88446035512837,19.88170450425431,38.63377139240985,434.4995138888889,4.25,10.0,54.44052766258645,-3.771939279521093,0.75,0.25,"BTC,ZEC,PUMP",仓位表现普通有效
2714735,1831,2026-09-09 05:17:16,30,0x71acae4aacaf4956ac31e09b18cbc33ae49dd8b3,smart_money,P-A,80.3928716628227,1.15,6,6,0,0.6666666666666666,2.4723462461597983,,2.4723462461597983,55.66935185185185,3.3333333333333335,5.0,8.066568502663847,-2.3915346612121797,0.6666666666666666,0.0,"PUMP,BTC,ENA,ZEC",仓位收益稳定，适合加权参考
2714477,1831,2026-09-09 05:17:16,30,0x71b117d68974aa4c5615669ae70e8e13ce7479c8,smart_money,P-B,74.58574556721683,1.0,10,8,2,0.625,0.5206375518471367,-2.493186289346475,-0.08212721639158538,30.101999999999997,3.8,5.0,6.544765978869407,-6.657749568000033,0.6,0.0,"PONS,MEGA,LIT,TAO,CHIP",仓位表现普通有效
2714665,1831,2026-09-09 05:17:16,30,0x71cfa5e263e866f7961091e01ebc5a2d11616c20,smart_money,P-R,25.0,-0.8,6,6,0,0.3333333333333333,-0.8841292613403215,,-0.8841292613403215,8.332962962962963,5.833333333333333,10.0,1.1487848046504268,-7.433237933440953,0.0,0.16666666666666666,"PENDLE,INJ,WIF,kPEPE",仓位真实收益偏反向，可作为反向参考
2713677,1831,2026-09-09 05:17:15,30,0x71dfc07de32c2ebf1c4801f4b1c9e40b76d4a23d,money_printer,P-R,25.0,-0.8,6,0,6,,,-52.87088604322215,-43.778846320617504,1739.6655555555556,2.1666666666666665,3.0,29.6735466431159,-66.66473678699077,1.0,0.0,"ETH,GRIFFAIN,LIT,STBL,XMR",仓位真实收益偏反向，可作为反向参考
2713678,1831,2026-09-09 05:17:15,30,0x71f12a5b0e60d2ff8a87fd34e7dcff3c10c914b0,smart_money,P-G,35.0,0.65,3,0,3,,,-18.28692583922417,-18.28692583922417,1739.6655555555556,11.666666666666666,20.0,30.215254288338873,-28.137789521161448,0.0,0.6666666666666666,"BTC,CRV,PENDLE",高杠杆/短线赌徒型，长期单降权
2714752,1831,2026-09-09 05:17:16,30,0x720a68bf0813853cd3ed74d2fd0f54edfc7a43e1,money_printer,P-R,25.0,-0.8,19,19,0,0.21052631578947367,-1.4916955889758303,,-1.4916955889758303,38.42204678362573,7.473684210526316,20.0,1.8745352926214751,-2.589051806816478,0.21052631578947367,0.42105263157894735,"ETH,LINK,XLM,AAVE,AVAX",仓位真实收益偏反向，可作为反向参考
2714445,1831,2026-09-09 05:17:16,30,0x7213466fb8a382b977cc9086a12ecbc17e9d4df8,smart_money,P-G,46.36478465229985,0.65,10,9,1,1.0,1.4405447697668832,0.6829435950965541,1.3647846522998504,161.66677777777778,20.0,20.0,3.3711722741959504,-1.9279541906965967,0.0,1.0,BTC,高杠杆/短线赌徒型，长期单降权
2714035,1831,2026-09-09 05:17:15,30,0x7255e02daf5481a6ac9dc541dc3c4b0be8171c7d,smart_money,P-N,50.0,1.0,1,0,1,,,-4.358508706334794,4.590447375100068,1049.0058333333334,5.0,5.0,25.35603296851776,-13.830699169568698,0.0,0.0,LDO,仓位样本不足，暂不影响权重
2714655,1831,2026-09-09 05:17:16,30,0x7258d00a24d6829ac4bf355127bfbc9e2303aed4,smart_money,P-G,43.669597344120994,0.65,3,3,0,0.3333333333333333,-1.3304026558790065,,-1.3304026558790065,34.66583333333333,25.0,40.0,1.595296311630098,-1.8605923182606023,0.0,1.0,"ZEC,ETH,BTC",高杠杆/短线赌徒型，长期单降权
2714528,1831,2026-09-09 05:17:16,30,0x727956612a8700627451204a3ae26268bd1a1525,money_printer,P-B,65.22903550423955,1.0,4843,4826,17,0.5035225859925404,-0.007907998459458804,0.015658938126343003,-0.008772757619143708,2.286198809277986,4.6006607474705765,5.0,0.6251835857292045,-0.5730544056025622,0.19719182325005163,0.0,"HYPE,UNI,LIT,FARTCOIN,SUI",仓位表现普通有效
2713679,1831,2026-09-09 05:17:15,30,0x72988778525f0ce15c5ac1804ac460606a987d6c,money_printer,P-N,50.0,1.0,1,0,1,,,26.853432552710288,26.853432552710288,1739.6655555555556,20.0,20.0,54.52104763989203,0.0,0.0,1.0,ETH,仓位样本不足，暂不影响权重
2714509,1831,2026-09-09 05:17:16,30,0x72cb918356c4f6d3f1b2e532928110ba6995f139,money_printer,P-G,45.01583785077811,0.65,72,71,1,0.5915492957746479,0.013058585544435154,0.7461857162600148,0.01583785077810959,10.541755401234571,10.0,10.0,0.453727011459572,-0.5154662714349878,0.0,1.0,SOL,高杠杆/短线赌徒型，长期单降权
2714232,1831,2026-09-09 05:17:16,30,0x72db642e6c803993aef6fc17e9b159c536508bb6,smart_money,P-B,88.11484583716977,1.0,6,5,1,0.6,10.975816565167642,53.69504776198005,18.095688431303046,491.0497222222223,8.666666666666666,20.0,28.39683506009307,-12.032954275190066,0.6666666666666666,0.3333333333333333,"CASHCAT,ZEC,SOL,BTC",仓位表现普通有效
2713680,1831,2026-09-09 05:17:15,30,0x72ffacea0906eb393b2e680ab5e25efbd8d1a9c4,smart_money,P-G,35.0,0.65,3,0,3,,,-17.93881939651709,-17.93881939651709,1739.6655555555556,15.0,20.0,17.624072610406873,-45.384487454108154,0.0,0.6666666666666666,"BERA,BTC,ETH",高杠杆/短线赌徒型，长期单降权
2713681,1831,2026-09-09 05:17:15,30,0x7345985dd7e2c521a0ba97929aea93614627d58e,smart_money,P-N,50.0,1.0,1,0,1,,,23.168471298834202,23.168471298834202,1739.6655555555556,10.0,10.0,27.997681292178644,-26.517715929665865,0.0,1.0,HYPE,仓位样本不足，暂不影响权重
2713682,1831,2026-09-09 05:17:15,30,0x74666e2e87171274b46ab8c2e321bb237693fc83,smart_money,P-G,35.0,0.65,5,1,4,0.0,-6.624364108641758,-17.65479913709988,-10.752805745161869,1356.9618333333333,23.0,40.0,17.993541379314603,-24.692466148972336,0.0,1.0,"SOL,BTC,ETH,HYPE",高杠杆/短线赌徒型，长期单降权
2714324,1831,2026-09-09 05:17:16,30,0x747b1125d08a5a2cf33550cbb038e406ebf241ad,smart_money,P-C,61.27257843694804,0.75,17,16,1,0.4375,-0.9348924237975755,0.36528913474759805,-0.7402200942997016,42.35573529411765,4.647058823529412,10.0,3.454972478873487,-3.07138284371986,0.17647058823529413,0.058823529411764705,"ZEC,PUMP,HYPE,ONDO,kPEPE",仓位收益偏弱，降权参考
2714827,1831,2026-09-09 05:17:16,30,0x749af60aeddb86cd0aa41e50f546097528ec9cd9,smart_money,P-N,50.0,1.0,1,1,0,1.0,0.13097920050296025,,0.13097920050296025,0.9730555555555556,10.0,10.0,0.13097920050296025,-1.0530727720438056,0.0,1.0,FARTCOIN,仓位样本不足，暂不影响权重
2714069,1831,2026-09-09 05:17:15,30,0x7576b7a1d278e3004dd37bbeb90e0b08ca70a1b9,smart_money,P-N,50.0,1.0,1,0,1,,,21.70477626638764,21.70477626638764,719.0097222222222,5.0,5.0,25.393149504523908,-3.6075890933710837,0.0,0.0,BTC,仓位样本不足，暂不影响权重
2714709,1831,2026-09-09 05:17:16,30,0x7583b5364597736a6a72c4ba61ede0a4a37ef4de,smart_money,P-N,50.0,1.0,2,2,0,1.0,6.635814177810215,,6.635814177810215,1526.667361111111,15.0,20.0,6.704025634929032,-41.97897954778111,0.0,1.0,"UNI,SOL",仓位样本不足，暂不影响权重
2713683,1831,2026-09-09 05:17:15,30,0x75d0051e8bb42fa53ef1be9951963a69ad1adf0a,smart_money,P-R,25.0,-0.8,26,24,2,0.375,-0.06345516184244367,-7.158131225802358,-0.15730830139589436,370.7446153846153,11.192307692307692,40.0,6.147404141498574,-8.169829437967238,0.15384615384615385,0.46153846153846156,"BTC,STX,ZEC,NEAR,ETH",仓位真实收益偏反向，可作为反向参考
2714515,1831,2026-09-09 05:17:16,30,0x75ec3ba266176e733f1b1fdaa15052f5eff724b8,money_printer,P-G,48.1478699811275,0.65,16,14,2,0.7142857142857143,2.641341225863688,6.693571267974171,3.1478699811274984,64.37598958333334,13.4375,40.0,12.05450126485809,-2.573464485855067,0.3125,0.6875,"ZEC,BTC,HYPE,VVV,CASHCAT",高杠杆/短线赌徒型，长期单降权
2713684,1831,2026-09-09 05:17:15,30,0x75ee7dfabcbbb47f8b2abaf1f533b59d3e25354f,smart_money,P-C,52.458479127142915,0.75,12,1,11,0.0,-50.46988853315675,37.210605051289335,31.092966989111527,1587.9249537037037,5.583333333333333,20.0,50.73179168075632,-19.67486257552343,0.5,0.16666666666666666,"SOL,ALGO,AVAX,BTC,GRIFFAIN",仓位收益偏弱，降权参考
2713685,1831,2026-09-09 05:17:15,30,0x75f3665323cce024368870bfd89db0c21e1ce76b,smart_money,P-B,82.76385307538716,1.0,1057,918,139,0.5816993464052288,0.6609962451338339,-1.0542290264489218,0.4860255724509678,122.4360669610008,4.83349101229896,12.0,5.493391085830914,-5.669312939950077,0.4304635761589404,0.046357615894039736,"CASHCAT,ZEC,HYPE,PONS,BTC",仓位表现普通有效
2713686,1831,2026-09-09 05:17:15,30,0x7625dc67deab1864570ad816f59a9b867f280e49,money_printer,P-R,25.0,-0.8,7,0,7,,,-12.042664508104346,-12.38417336877862,1036.5225396825397,12.0,40.0,30.674638752746294,-36.02721486711523,0.42857142857142855,0.2857142857142857,"BTC,ETH,FARTCOIN,HYPE,PONS",仓位真实收益偏反向，可作为反向参考
2713687,1831,2026-09-09 05:17:15,30,0x76c2164fc79492401db1890db0d17d16b9155aa0,smart_money,P-N,50.0,1.0,2,1,1,1.0,1.2493701007245763,0.7057622181025563,-7.449300189588188,877.8323611111111,25.0,40.0,3.3825985782636874,-24.106600506556237,0.0,1.0,"BTC,HYPE",仓位样本不足，暂不影响权重
2713688,1831,2026-09-09 05:17:15,30,0x76c2cd1b8a249f465f8445c455cb78e0eed36f1e,smart_money,P-G,44.13462047703179,0.65,58,45,13,0.3333333333333333,-2.171204004220371,4.477675198630446,-0.8653795229682116,279.5347270114942,12.879310344827585,20.0,7.634905411185806,-7.527180066261172,0.15517241379310345,0.8448275862068966,"ETH,BTC,ADA,DOGE,BNB",高杠杆/短线赌徒型，长期单降权
2714043,1831,2026-09-09 05:17:15,30,0x770493a14c49ea81192b5191a536f0530041311b,smart_money,P-A,100.0,1.15,44,40,4,0.825,4.890500895383687,-26.02381847204792,1.8427854099721843,95.79696338383836,3.0,3.0,7.14084674704113,-20.255338611894228,1.0,0.0,"HEMI,ZEC,PONS,CHIP,ARB",仓位收益稳定，适合加权参考
2713689,1831,2026-09-09 05:17:15,30,0x7717a7a245d9f950e586822b8c9b46863ed7bd7e,money_printer,P-B,76.82500200916353,1.0,1672,1500,172,0.598,0.28660252192907754,0.11965127387052592,0.28034789453391684,132.74152395667164,7.0759569377990434,20.0,3.0840995052748523,-3.224619846298622,0.3361244019138756,0.37978468899521534,"ZEC,ETH,CELO,AZTEC,ARB",仓位表现普通有效
2714875,1831,2026-09-09 05:17:16,30,0x7725a7f2bb0e1c448d6fe361d53c840486ec6557,money_printer,P-G,35.41314540100302,0.65,9,9,0,0.4444444444444444,-9.586854598996982,,-9.586854598996982,1251.992314814815,13.333333333333334,40.0,16.818142042203828,-19.157955616318823,0.0,0.7777777777777778,"BTC,ETH,PUMP,AAVE,ADA",高杠杆/短线赌徒型，长期单降权
2714305,1831,2026-09-09 05:17:16,30,0x77375a8c9d13bf79afb2a87f1b0ac1dfd5f5bf66,money_printer,P-R,25.0,-0.8,29,22,7,0.2727272727272727,-4.232979251934613,-0.6205962858220639,-3.4890987168226597,145.91949233716474,8.689655172413794,15.0,4.035126986645945,-8.095777668857025,0.13793103448275862,0.7241379310344828,"SOL,NEAR,BNB,XRP,ENA",仓位真实收益偏反向，可作为反向参考
2713690,1831,2026-09-09 05:17:15,30,0x774f28fc243d6aa8787506869643fb4698bd2133,money_printer,P-C,50.53089986991944,0.75,8,2,6,0.5,-0.44443656766392137,-13.012708463797217,-9.922828607887066,893.4807291666666,4.875,10.0,13.913560798689346,-27.98255271024155,0.375,0.125,"LIT,PURR,STBL,FARTCOIN,GRASS",仓位收益偏弱，降权参考
2713691,1831,2026-09-09 05:17:15,30,0x775a74163592917c12be68749a6906944467fe45,smart_money,P-N,50.0,1.0,1,0,1,,,3.5225106213246224,3.5936224874634983,1739.6655555555556,10.0,10.0,29.088096919663386,0.0,0.0,1.0,BTC,仓位样本不足，暂不影响权重
2714767,1831,2026-09-09 05:17:16,30,0x77640177b7623792e1939c4a2614698e69ec304a,smart_money,P-N,50.0,1.0,1,1,0,1.0,26.007491853265147,,26.007491853265147,118.99805555555555,3.0,3.0,28.065683877187485,-2.9112825957479873,1.0,0.0,PURR,仓位样本不足，暂不影响权重
2714158,1831,2026-09-09 05:17:16,30,0x77746ff04a7014752ab12d81d531aa5e50775343,smart_money,P-G,45.531790218130745,0.65,4,3,1,1.0,2.554893948373882,-7.4629046397610335,0.5317902181307449,119.25222222222222,10.0,10.0,2.7032482532809796,-3.17164130536949,0.0,1.0,HYPE,高杠杆/短线赌徒型，长期单降权
2714242,1831,2026-09-09 05:17:16,30,0x77998579f578c01030db65e75edc47bfe890c291,smart_money,P-C,82.82179633038103,0.75,17,16,1,0.75,-1.0656648791026182,1.6977485567272976,-0.9031111475832112,44.46967320261437,8.0,10.0,1.1962763116143647,-1.7847328719324733,0.0,0.058823529411764705,"BTC,ETH",仓位收益偏弱，降权参考
2713692,1831,2026-09-09 05:17:15,30,0x77fee2df7bad4f1db93052fa82bf78eaab771a16,smart_money,P-C,84.59383754299971,0.75,7,1,6,1.0,18.628615177229708,-27.907468486851858,-15.555298280415673,1413.569484126984,6.285714285714286,20.0,16.814997700868958,-62.546883959766475,0.42857142857142855,0.14285714285714285,"AERO,HBAR,HEMI,VVV,WLFI",仓位收益偏弱，降权参考
2714328,1831,2026-09-09 05:17:16,30,0x780825f3f0ad6799e304fb843387934c1fa06e70,smart_money,P-G,45.73496130067586,0.65,29,28,1,0.5357142857142857,0.8558378680254296,-0.9662074565311685,0.7349613006758663,153.92359195402298,14.03448275862069,40.0,12.19926724255845,-5.435520575026423,0.3103448275862069,0.6206896551724138,"PONS,BTC,ETH,PUMP,HYPE",高杠杆/短线赌徒型，长期单降权
2714857,1831,2026-09-09 05:17:16,30,0x781da72af1060132c4bce55ce91b1a8553271b6e,smart_money,P-N,50.0,1.0,1,1,0,0.0,-11.824605731802462,,-11.824605731802462,56.0,10.0,10.0,0.6736063849532884,-11.824605731802462,0.0,1.0,BTC,仓位样本不足，暂不影响权重
2713693,1831,2026-09-09 05:17:15,30,0x781e95fdc049433565cf8e05265361b8402196b7,smart_money,P-G,35.0,0.65,7,2,5,0.5,3.8386891048146383,-20.481031111614982,-12.495424133489172,1155.614484126984,10.714285714285714,25.0,13.340118213828069,-27.729038777007027,0.0,0.7142857142857143,"NEAR,PAXG,ZEC,TAO,XMR",高杠杆/短线赌徒型，长期单降权
2714854,1831,2026-09-09 05:17:16,30,0x782b3978d7148a1c6fbfae1bfd6e1079d15d8b2a,smart_money,P-G,41.9835106700132,0.65,7,7,0,0.2857142857142857,-3.0164893299867983,,-3.0164893299867983,18.71527777777778,18.571428571428573,20.0,1.1025364775875914,-3.8582198219318404,0.0,1.0,"ETH,BTC,SOL,XRP,HYPE",高杠杆/短线赌徒型，长期单降权
2714057,1831,2026-09-09 05:17:15,30,0x7894bb4cd20e08c2ec1895968dd0b3d97edca5f7,smart_money,P-B,86.53089986991944,1.0,8,2,6,0.5,0.5995357758411008,25.724783749230482,19.663896353322414,515.6271527777777,5.875,10.0,37.51894315494951,-4.0072239588677485,0.125,0.125,"ETH,BTC,PUMP,SOL,ZEC",仓位表现普通有效
2714028,1831,2026-09-09 05:17:15,30,0x78aa6328eae8028a089c35d2819f79c78de2a7e5,smart_money,P-G,52.99588713353025,0.65,20,16,4,0.5625,0.18446948228868354,50.913175931456905,7.995887133530253,205.4572916666666,20.9,30.0,14.218300624987384,-1.9823125423348826,0.05,0.75,"BTC,HYPE,PUMP,SOL,TAO",高杠杆/短线赌徒型，长期单降权
2714479,1831,2026-09-09 05:17:16,30,0x78dce96236804d6958bf3c4598cf5efbc371629c,smart_money,P-B,80.49404868687269,1.0,27,26,1,0.6538461538461539,0.09501711572788071,-0.5226080071375608,0.07596050839639122,29.037006172839508,3.925925925925926,35.0,0.2950112069170615,-0.17473022027846508,0.7407407407407407,0.037037037037037035,BTC,仓位表现普通有效
2714547,1831,2026-09-09 05:17:16,30,0x793660578d2628b0ec7e0e2b5c75a4847ae80706,smart_money,P-G,45.04064827027478,0.65,66,65,1,0.5538461538461539,0.04996067190846522,-0.5646578359148396,0.04064827027477876,4.363375420875421,20.0,20.0,0.3262348181084028,-0.3214731750027968,0.0,1.0,"BTC,ETH",高杠杆/短线赌徒型，长期单降权
2714299,1831,2026-09-09 05:17:16,30,0x79399dac99daa4a77d2bcd8ef6f5abf5966468e7,smart_money,P-B,92.77121254719663,1.0,3,2,1,0.5,3.2835838094493153,91.73344307874152,31.812940944075464,106.0026851851852,2.6666666666666665,3.0,45.45088683818582,-7.043983375808003,1.0,0.0,"HYPE,PONS",仓位表现普通有效
2714593,1831,2026-09-09 05:17:16,30,0x7945772aa99d08bf90e91ff1e8e77d3c11c2a7e6,money_printer,P-N,50.0,1.0,2,2,0,0.5,-8.426953024987057,,-8.426953024987057,195.99319444444444,10.0,10.0,6.012747597562705,-9.580844821413892,0.0,1.0,TRUMP,仓位样本不足，暂不影响权重
2713694,1831,2026-09-09 05:17:15,30,0x795cfd1b03eafc11c4ec958b8a94cfc9aa64a242,money_printer,P-G,54.92131855376008,0.65,6,4,2,1.0,5.039313050762176,27.683442822604324,9.92131855376008,341.2798611111111,23.833333333333332,40.0,14.647413762512508,-2.483739018731632,0.16666666666666666,0.8333333333333334,"ETH,BTC,HYPE,VVV",高杠杆/短线赌徒型，长期单降权
2714370,1831,2026-09-09 05:17:16,30,0x79cc76364b5fb263a25bd52930e3d9788fcfeea8,money_printer,P-B,61.988797083503975,1.0,6,4,2,0.5,-2.7103300295475004,12.731586928596299,2.436975623167099,54.6674537037037,6.333333333333333,10.0,14.584510493189681,-3.9940573454165644,0.16666666666666666,0.3333333333333333,"ARB,TAO,ASTER,LIT,ENA",仓位表现普通有效
2714284,1831,2026-09-09 05:17:16,30,0x79ec68d35878cedf61a4363b40ec30b89698bcad,smart_money,P-N,50.0,1.0,1,0,1,,,-86.2965959445196,-86.29659594451961,205.9922222222222,1.0,1.0,15.719227149010754,-122.07149399954432,1.0,0.0,PONS,仓位样本不足，暂不影响权重
2714708,1831,2026-09-09 05:17:16,30,0x7a51ce9751493a2448c3ebc76667c6e7cf27900d,smart_money,P-G,46.57742102972079,0.65,9,9,0,0.5555555555555556,1.5774210297207907,,1.5774210297207907,66.77913580246914,10.0,10.0,5.395758584920809,-0.8389638354648067,0.0,1.0,HYPE,高杠杆/短线赌徒型，长期单降权
2714315,1831,2026-09-09 05:17:16,30,0x7a5a42bd6b1fd13368732be8a7b63e06064e0394,money_printer,P-G,43.59225779351841,0.65,3,2,1,0.0,-1.3385929785043635,-1.4785921007416831,-1.407742206481591,326.33537037037036,10.0,10.0,1.587343171509115,-8.009474343335766,0.0,1.0,SOL,高杠杆/短线赌徒型，长期单降权
2714082,1831,2026-09-09 05:17:15,30,0x7a6d5fc57f6906f337c48fe2763c3a501304f79c,money_printer,P-C,64.51029995663981,0.75,20,4,16,0.75,2.312946503972633,-14.17679494393129,-10.12719977566468,346.1059444444444,8.05,25.0,7.321060235063615,-21.690478299843868,0.1,0.5,"PUMP,PAXG,ZEC,ASTER,ENA",仓位收益偏弱，降权参考
2713695,1831,2026-09-09 05:17:15,30,0x7a8862d9cfab25a31f6754199bde7945ec23de62,smart_money,P-C,65.92422680822206,0.75,22,4,18,0.25,-14.210657288644477,15.720508260760461,9.147511944929484,1177.241148989899,7.863636363636363,10.0,30.615321927346233,-22.184572720011996,0.045454545454545456,0.5,"TRUMP,ADA,DOT,LIT,NEAR",仓位收益偏弱，降权参考
2713696,1831,2026-09-09 05:17:15,30,0x7a9f3a323dbeefecded2432e00cc2e53bfdf9977,smart_money,P-G,40.15157253154519,0.65,3,0,3,,,-4.157353766991899,-4.848427468454806,1739.6655555555556,16.666666666666668,20.0,19.93336108702353,-34.59827304291873,0.0,1.0,"BTC,HYPE,SOL",高杠杆/短线赌徒型，长期单降权
2714622,1831,2026-09-09 05:17:16,30,0x7ab12f7a0925ef24927343d47199e75a91fc78aa,smart_money,P-G,45.1222373234294,0.65,85,85,0,0.5764705882352941,0.12223732342940434,,0.12223732342940434,1.1061372549019608,11.058823529411764,40.0,0.913766387033037,-0.48862352109028745,0.11764705882352941,0.6235294117647059,"HYPE,BTC,XRP,ETH,ZEC",高杠杆/短线赌徒型，长期单降权
2713697,1831,2026-09-09 05:17:15,30,0x7ac0db5dfa7d1dc7d1901b9ad50e8bb1813b140e,smart_money,P-N,50.0,1.0,1,0,1,,,73.61109404377159,73.61109404377159,1739.6655555555556,3.0,3.0,81.35283925433475,0.0,1.0,0.0,MEGA,仓位样本不足，暂不影响权重
2713999,1831,2026-09-09 05:17:15,30,0x7af0b7a51c6bbf3970a5d0c79fc958f3d5ec58b7,smart_money,P-G,45.82236399058511,0.65,15,9,6,0.7777777777777778,3.282275566909549,-1.9472183093480633,0.8223639905851087,355.06325925925927,15.0,40.0,7.128744590816104,-10.75400154507232,0.0,0.8,"ETH,BTC,AXS,SUI,AAVE",高杠杆/短线赌徒型，长期单降权
2714815,1831,2026-09-09 05:17:16,30,0x7b5aaa7bf50c7b18d03824c049b116e296fe67bd,smart_money,P-B,71.09702003507832,1.0,29,29,0,0.5862068965517241,0.2192786487340425,,0.2192786487340425,5.828103448275862,5.0,5.0,0.3639190574687326,-0.3427586795176759,0.0,0.0,BTC,仓位表现普通有效
2713698,1831,2026-09-09 05:17:15,30,0x7b8529dfd37b7483faae2bfd3051a52b32e9a23b,smart_money,P-G,64.66123075769131,0.65,9,4,5,0.5,28.645892181171032,8.533691873136789,19.661230757691314,1547.2182716049383,13.11111111111111,20.0,45.04377484027245,-13.968942528865528,0.1111111111111111,0.7777777777777778,"BTC,DOGE,ETH,SOL,XRP",高杠杆/短线赌徒型，长期单降权
2714789,1831,2026-09-09 05:17:16,30,0x7bedd1556856ee82d0c11ea82c4825c7a7b046f3,smart_money,P-N,50.0,1.0,1,1,0,1.0,10.069072408099988,,10.069072408099988,171.01416666666665,10.0,10.0,16.909025477190582,0.0,0.0,1.0,HYPE,仓位样本不足，暂不影响权重
2713699,1831,2026-09-09 05:17:15,30,0x7c45b26c41c29330d042003cb312e73a3912024f,smart_money,P-C,49.771212547196626,0.75,3,0,3,,,19.311480670648027,19.311480670648027,1739.6655555555556,5.0,5.0,45.0670807197998,0.0,0.0,0.0,"BTC,ETH,SOL",仓位收益偏弱，降权参考
2714414,1831,2026-09-09 05:17:16,30,0x7c687e7f19758725aad931fb3a6fdc333690ff90,smart_money,P-N,50.0,1.0,1,0,1,,,3.367730211762301,3.367730211762301,67.00222222222222,5.0,5.0,3.367730211762301,-6.684277495940955,0.0,0.0,ZEC,仓位样本不足，暂不影响权重
2714909,1831,2026-09-09 05:17:16,30,0x7c7206eb666300e50411a9718d6b2b626297f9da,smart_money,P-N,50.0,1.0,1,1,0,1.0,43.68358913813459,,43.68358913813459,1137.6586111111112,20.0,20.0,53.41861820572983,0.0,0.0,1.0,ETH,仓位样本不足，暂不影响权重
2714050,1831,2026-09-09 05:17:15,30,0x7c9063122c01837fe83da2521056e10c9b6dd129,money_printer,P-N,50.0,1.0,2,0,2,,,23.840923188510978,16.767804067372897,592.9997222222222,10.0,10.0,31.115398278768005,-5.058095471118213,0.0,1.0,"WLD,HYPE",仓位样本不足，暂不影响权重
2713700,1831,2026-09-09 05:17:15,30,0x7c930969fcf3e5a5c78bcf2e1cefda3f53e3c8fd,money_printer,P-R,25.0,-0.8,398,298,100,0.18120805369127516,-4.048856396833793,-3.6145741433518417,-3.7996090061142813,238.26532663316635,8.459798994974875,40.0,4.652448437270423,-9.798094130374386,0.2613065326633166,0.3592964824120603,"BTC,ETH,UNI,SOL,HYPE",仓位真实收益偏反向，可作为反向参考
2713701,1831,2026-09-09 05:17:15,30,0x7c976f00e84db0b44f945fc6d7fad34b43150a1a,smart_money,P-A,71.54959093679604,1.15,7,5,2,0.6,4.790509548698337,8.290550074325958,1.3350195540410184,638.2814285714286,7.428571428571429,20.0,19.443891242249844,-16.589746571567165,0.5714285714285714,0.42857142857142855,"CASHCAT,BTC,PONS,HYPE,NEAR",仓位收益稳定，适合加权参考
2714521,1831,2026-09-09 05:17:16,30,0x7ca165f354e3260e2f8d5a7508cc9dd2fa009235,money_printer,P-G,45.00693107477667,0.65,27,26,1,0.5,0.020610419267908058,-0.41196409755106705,0.006931074776673905,26.740925925925925,13.0,13.0,0.35958205187522957,-0.4373261920920085,0.0,1.0,BTC,高杠杆/短线赌徒型，长期单降权
2714165,1831,2026-09-09 05:17:16,30,0x7d54a6772903c4f45f05c9b4e89f1dd2a0f52794,smart_money,P-N,50.0,1.0,1,0,1,,,11.819801370370318,10.636122337520533,446.0077777777778,5.0,5.0,16.204050817791153,-3.1859225830428115,0.0,0.0,HYPE,仓位样本不足，暂不影响权重
2714471,1831,2026-09-09 05:17:16,30,0x7d5c17cddaabc227c7d1a34ac7f6cdfda6985d48,smart_money,P-G,46.74925694381987,0.65,45,44,1,0.5454545454545454,1.8910392779513516,-4.489165757965079,1.7492569438198757,91.03493209876544,11.28888888888889,20.0,5.1241418850755505,-2.737584609905047,0.022222222222222223,0.6888888888888889,"LIT,ZEC,XRP,SOL,XLM",高杠杆/短线赌徒型，长期单降权
2714860,1831,2026-09-09 05:17:16,30,0x7dacca323e44f168494c779bb5e7483c468ef410,money_printer,P-N,50.0,1.0,1,1,0,0.0,-18.784529762788203,,-18.784529762788203,1277.6616666666666,10.0,10.0,16.787013850056322,-21.546603129837177,0.0,1.0,HYPE,仓位样本不足，暂不影响权重
2713702,1831,2026-09-09 05:17:15,30,0x7dd6af227362f4115e060f39c00791ffcf4230d8,money_printer,P-G,65.0,0.65,8,2,6,0.5,-5.708680993070859,43.225368610979814,30.991856209967146,1685.7914930555555,11.875,20.0,56.24378439610869,-4.981020669803414,0.0,0.875,"AAVE,AVAX,SOL,WIF,XRP",高杠杆/短线赌徒型，长期单降权
2714575,1831,2026-09-09 05:17:16,30,0x7dd6f02fef939cea86f0243358255f6b57a6cf0d,smart_money,P-B,60.58209904876116,1.0,283,282,1,0.5070921985815603,-0.019163030518488052,0.022763055560824783,-0.019014881804426873,2.4523164507263453,8.791519434628976,20.0,0.1893900552204087,-0.19014373156711054,0.13780918727915195,0.24381625441696114,BTC,仓位表现普通有效
2713703,1831,2026-09-09 05:17:15,30,0x7de07bb8a43c1953a019906cf2c8287dae478be9,money_printer,P-N,50.0,1.0,2,0,2,,,-2.5381376032832197,-2.5381376032832215,1739.6655555555556,20.0,20.0,24.966347652045968,-22.271747321828883,0.0,1.0,"BTC,ETH",仓位样本不足，暂不影响权重
2714270,1831,2026-09-09 05:17:16,30,0x7e09dfbba23d078e16f038b1ed4c558185c4be1e,smart_money,P-C,40.40587724643066,0.75,3,2,1,0.5,-9.808236867287135,-0.3734838155069265,-6.516000983716317,596.5503703703704,8.333333333333334,10.0,20.021652376832247,-12.055539949369305,0.0,0.6666666666666666,"HYPE,LIT",仓位收益偏弱，降权参考
2713704,1831,2026-09-09 05:17:15,30,0x7e0dfa222d18639220e40ab4d2e98ebdefa44dab,smart_money,P-N,50.0,1.0,1,0,1,,,9.675203353417098,9.675203353417098,1739.6655555555556,3.0,3.0,10.865351378077657,-31.809331285578637,1.0,0.0,ETH,仓位样本不足，暂不影响权重
2713705,1831,2026-09-09 05:17:15,30,0x7e19c25679a5f4cc1351e80d428ebe6df929adb1,smart_money,P-C,73.06986656571985,0.75,16,12,4,0.3333333333333333,0.25306069913106316,33.13148471426137,8.472666702913639,311.1905902777778,7.6875,40.0,19.69267266885678,-9.15433787660279,0.375,0.3125,"ZEC,LIT,PUMP,SPX,SKR",仓位收益偏弱，降权参考
2714605,1831,2026-09-09 05:17:16,30,0x7e4e766d0ae5ea9cded0c694669194db92800107,money_printer,P-R,25.0,-0.8,14,14,0,0.2857142857142857,-0.6388504502323121,,-0.6388504502323121,13.427261904761904,6.214285714285714,10.0,2.6354329136836085,-3.086789076073303,0.07142857142857142,0.2857142857142857,"XMR,ZEC,HYPE,VVV,ETH",仓位真实收益偏反向，可作为反向参考
2714048,1831,2026-09-09 05:17:15,30,0x7e5198aecb7285e6c4419620685c3950816e780f,smart_money,P-C,63.59424592389015,0.75,15,8,7,0.25,2.4014104980307485,41.32952490002791,20.567863885629425,360.9642407407407,9.266666666666667,20.0,33.54765583934327,-7.435434713311536,0.2,0.5333333333333333,"SOL,ZEC,HYPE,BTC,LIT",仓位收益偏弱，降权参考
2714009,1831,2026-09-09 05:17:15,30,0x7eaf2d4d87452f06bb6af45bf03c1913b415dfd6,smart_money,P-G,35.0,0.65,7,3,4,1.0,9.261970809443257,-33.83504291926472,-13.11710554521586,722.0892063492064,14.428571428571429,40.0,15.749354374287629,-39.61498622921171,0.2857142857142857,0.7142857142857143,"CASHCAT,PUMP,ETH,TRUMP,AAVE",高杠杆/短线赌徒型，长期单降权
2714357,1831,2026-09-09 05:17:16,30,0x7eb4d1f3b748890d7dfcd8eae09b087454fedce9,smart_money,P-G,47.78505871141019,0.65,21,18,3,0.5555555555555556,2.6368106342452116,3.674547174400048,2.785058711410188,169.76324074074074,12.142857142857142,20.0,7.531887449098333,-3.5127063640245617,0.0,0.9523809523809523,"SUI,HYPE,BTC,ETH,ENA",高杠杆/短线赌徒型，长期单降权
2714690,1831,2026-09-09 05:17:16,30,0x7eb9026d0183942458bd4660371c3cc0a2df3beb,money_printer,P-N,50.0,1.0,1,1,0,1.0,1.3007544316158652,,1.3007544316158652,30.00111111111111,10.0,10.0,4.297937966309591,-0.33464133237268556,0.0,1.0,HYPE,仓位样本不足，暂不影响权重
2714221,1831,2026-09-09 05:17:16,30,0x7f1e97d8eb3ddb8659cb59d611becc438f89b7a2,smart_money,P-A,100.0,1.15,5,1,4,1.0,7.29088473822876,3.7283694750889342,4.4408725277169,265.3945,5.4,8.0,10.609685026040514,-5.230511596962453,0.4,0.0,"ETH,XMR,kPEPE,SOL",仓位收益稳定，适合加权参考
2714618,1831,2026-09-09 05:17:16,30,0x7f55a0b28ba031dc08c1fdf7336a74e399b840d1,money_printer,P-G,44.53574085756736,0.65,8,8,0,0.5,-0.46425914243263716,,-0.46425914243263716,33.750138888888884,30.0,40.0,1.1382677731267157,-1.6315775048060615,0.0,0.875,"BTC,ASTER,ETH",高杠杆/短线赌徒型，长期单降权
2714769,1831,2026-09-09 05:17:16,30,0x7f70f12185d44067d45d1ebb21b497f311c7d67d,smart_money,P-C,42.28201267281223,0.75,4,4,0,0.25,-1.619293620233699,,-1.619293620233699,335.4170833333334,8.75,20.0,8.046601748389504,-2.3160559568140733,0.0,0.25,"HYPE,BTC",仓位收益偏弱，降权参考
2713706,1831,2026-09-09 05:17:15,30,0x7fa02bda84034b71213871ef70627b4052d35a94,smart_money,P-C,17.15480876255141,0.75,4,0,4,,,-5.566805353512322,-5.432895575364107,1369.5384027777777,8.75,20.0,22.14810067693688,-18.098789979576505,0.0,0.25,"MON,TAO,SOL,GRAM",仓位收益偏弱，降权参考
2714706,1831,2026-09-09 05:17:16,30,0x7fa77093e83c9292c2357ea799ac2c57ec138203,smart_money,P-N,50.0,1.0,1,1,0,0.0,-1.4996417238202417,,-1.4996417238202417,14.001111111111111,5.0,5.0,2.3159995905415096,-1.4996417238202417,0.0,0.0,NEAR,仓位样本不足，暂不影响权重
2713707,1831,2026-09-09 05:17:15,30,0x7fdafde5cfb5465924316eced2d3715494c517d1,money_printer,P-B,92.63310517692561,1.0,80,47,33,0.7021276595744681,4.5561153153630025,6.418606156269279,5.992084503356423,570.2615520833333,9.9625,20.0,16.795665531899672,-10.030302820143785,0.1125,0.525,"HYPE,BTC,SOL,FARTCOIN,ASTER",仓位表现普通有效
2713708,1831,2026-09-09 05:17:15,30,0x7ff59a95c9e0b908adfc374139008ecb9a1d126b,smart_money,P-B,100.0,1.0,3,2,1,1.0,12.095195825529458,77.37430743354659,33.32441630128242,1419.3273148148148,8.333333333333334,10.0,40.817549036422896,0.0,0.0,0.6666666666666666,"HYPE,TAO,DOGE",仓位表现普通有效
2714366,1831,2026-09-09 05:17:16,30,0x807a2e2e469df84b299da5f90f15dda4380daca1,money_printer,P-N,50.0,1.0,1,0,1,,,-9.37963484299679,-9.379634842996792,112.99916666666667,1.0,1.0,6.728205462777138,-9.37963484299679,1.0,0.0,LIT,仓位样本不足，暂不影响权重
2713709,1831,2026-09-09 05:17:15,30,0x807ddb66768050ee457165ad6d21cc1275a896ac,smart_money,P-G,38.41662459487295,0.65,6,3,3,0.3333333333333333,-7.798701393853498,-6.446034409751835,-6.583375405127053,1147.9413425925925,11.666666666666666,20.0,16.64645799303565,-15.062616368899194,0.0,0.6666666666666666,"LINK,ZRO,LIT,HYPE,BTC",高杠杆/短线赌徒型，长期单降权
2714714,1831,2026-09-09 05:17:16,30,0x80bcb08c54bbd5abb37528425b1f8ad2507c9b62,smart_money,P-N,50.0,1.0,1,1,0,0.0,-5.270341038843964,,-5.270341038843964,317.0061111111111,15.0,15.0,1.5537564766839378,-5.557642487046632,0.0,1.0,BTC,仓位样本不足，暂不影响权重
2714813,1831,2026-09-09 05:17:16,30,0x810ab853d951613a567792a675922c6498bce29f,smart_money,P-N,50.0,1.0,2,2,0,1.0,47.18425544356242,,47.18425544356242,272.51166666666666,6.5,10.0,85.09068973664604,-0.095796179076326,0.5,0.5,"HYPE,CASHCAT",仓位样本不足，暂不影响权重
2714358,1831,2026-09-09 05:17:16,30,0x810b41bd2294ea9b87efd8fd03040ff74a1e5130,smart_money,P-B,78.5934964785582,1.0,22,19,3,0.8421052631578947,2.42211825308369,-6.430449564066026,1.2473142610053956,39.81718434343434,9.318181818181818,20.0,3.9095557706636286,-2.824214951880642,0.13636363636363635,0.8636363636363636,"HYPE,BTC,CASHCAT,ETH,ZEC",仓位表现普通有效
2714172,1831,2026-09-09 05:17:16,30,0x811e8f6d80f38a2f0f8b606cb743a950638f0ad4,smart_money,P-C,43.0415317569898,0.75,8,7,1,0.42857142857142855,-3.278405858189205,9.528631284916198,-1.7446840564648216,213.6654166666667,18.125,40.0,5.618194686796636,-5.964782191474589,0.0,0.375,"MON,BTC,ZEC",仓位收益偏弱，降权参考
2714502,1831,2026-09-09 05:17:16,30,0x8184405076b61ab78013f16393322eaf0d0a01a1,smart_money,P-B,65.26124803172432,1.0,3844,3831,13,0.5040459410075698,-0.01036879743313671,-0.004189340061173074,-0.010983919402782297,2.283837437854091,4.554630593132154,5.0,0.5072984524471323,-0.5251899885520245,0.222684703433923,0.0,"ATOM,CC,ICP,PENDLE,TAO",仓位表现普通有效
2714185,1831,2026-09-09 05:17:16,30,0x81d4163289cf61a0eaaac4862cb88ef0f4215c29,smart_money,P-C,29.888993237927238,0.75,4,3,1,0.0,-14.52550361468858,67.31329749336096,5.9341966623238065,230.7559027777778,8.25,10.0,21.42975388258317,-11.689424036426727,0.25,0.75,"VVV,XPL,PUMP,ETH",仓位收益偏弱，降权参考
2713710,1831,2026-09-09 05:17:15,30,0x81dd236893b50383256aee3ccd6ded98fdd155b6,smart_money,P-C,52.78151250383644,0.75,6,1,5,0.0,-16.634515771800082,24.920363409793048,17.99455021286086,1620.2190740740741,3.6666666666666665,5.0,42.27987774786407,-6.335602202231359,0.6666666666666666,0.0,"MNT,PAXG,SEI,WLFI,IOTA",仓位收益偏弱，降权参考
2714688,1831,2026-09-09 05:17:16,30,0x81f6b887657b679d9e23153ffcd703e111010240,smart_money,P-A,85.15511190160605,1.15,10,10,0,0.8,3.077555950803027,,3.077555950803027,3.100416666666667,4.6,10.0,4.540671257861816,-0.5261922526647965,0.6,0.1,"PONS,ETH,SOL,TRUMP,BTC",仓位收益稳定，适合加权参考
2714853,1831,2026-09-09 05:17:16,30,0x82063340e28d0e4327a152563eda08094df98663,smart_money,P-N,50.0,1.0,1,1,0,0.0,-1.6339293742911893,,-1.6339293742911893,631.7072222222222,20.0,20.0,3.941897867681876,-7.451313370304594,0.0,1.0,BTC,仓位样本不足，暂不影响权重
2714218,1831,2026-09-09 05:17:16,30,0x825714bae8bd60162bb14a04bb2183d00b3d00c9,smart_money,P-B,100.0,1.0,4,3,1,1.0,6.351126856648537,-0.17761777133504192,4.608388292608744,212.7411111111111,6.25,10.0,5.9938317475974,-3.3848354402865346,0.5,0.5,"ETH,HYPE,DOGE",仓位表现普通有效
2714726,1831,2026-09-09 05:17:16,30,0x82b409e6c2e617929cf22bd7e4b08564c207abc1,smart_money,P-G,44.987842503687936,0.65,168,168,0,0.5238095238095238,-0.012157496312063523,,-0.012157496312063523,3.053751653439155,19.142857142857142,20.0,0.3385976099682105,-0.30403425748690965,0.0,0.9464285714285714,"ETH,BTC",高杠杆/短线赌徒型，长期单降权
2713711,1831,2026-09-09 05:17:15,30,0x8328446602cb4c3b2b4a25beca6488e947b6f54a,smart_money,P-N,50.0,1.0,1,0,1,,,-9.40234731333447,-17.36749149217728,1739.6655555555556,25.0,25.0,10.123990772779697,-21.240682773290906,0.0,1.0,ETH,仓位样本不足，暂不影响权重
2713712,1831,2026-09-09 05:17:15,30,0x833b99b27dac651d02080f5e220e929df891db06,money_printer,P-G,46.254977121028965,0.65,5,2,3,0.5,5.783053325782218,-1.5087256423020152,1.254977121028967,587.3356111111111,27.0,40.0,10.908746886955898,-10.309484711894983,0.0,0.8,"BTC,XMR,ADA",高杠杆/短线赌徒型，长期单降权
2714302,1831,2026-09-09 05:17:16,30,0x8372aa26b7130d1b8a4ad205c1f2ec9a97ab2477,smart_money,P-G,45.001431366412426,0.65,25,24,1,0.625,0.047754027663628386,-0.8111439245141537,0.0014313664124285452,37.999944444444445,13.0,13.0,0.8572625215034134,-1.0104038939759044,0.0,1.0,BTC,高杠杆/短线赌徒型，长期单降权
2714697,1831,2026-09-09 05:17:16,30,0x837381dd3eda5c672e77f1c076dbb04fb98accba,smart_money,P-N,50.0,1.0,2,2,0,1.0,16.51732185379134,,16.51732185379134,1496.6694444444445,7.5,10.0,34.2893036144939,-11.790954116437709,0.0,0.5,"ZRO,NEAR",仓位样本不足，暂不影响权重
2713713,1831,2026-09-09 05:17:15,30,0x837686cfda8a79adfb8465d39240c54166bf9a1e,smart_money,P-G,35.0,0.65,6,0,6,,,-23.20580765995071,-23.20580765995071,1671.222592592593,13.833333333333334,20.0,25.5372741069849,-49.041582151767194,0.16666666666666666,0.8333333333333334,"BNB,BTC,ETH,PAXG,SOL",高杠杆/短线赌徒型，长期单降权
2714180,1831,2026-09-09 05:17:16,30,0x8383b9a512f1c0e57cd015b076372b2844859e57,smart_money,P-N,50.0,1.0,2,1,1,0.0,-5.660161507402417,51.61400470725967,22.976921599928623,320.5084722222222,1.0,1.0,25.807002353629834,-11.08921830517019,1.0,0.0,"ZEC,ASTER",仓位样本不足，暂不影响权重
2714282,1831,2026-09-09 05:17:16,30,0x839eeee12aa7fa673b1c03fafcf0688b5c9a7375,smart_money,P-G,46.22327350066368,0.65,79,71,8,0.5633802816901409,0.3767677153438849,9.136352170079245,1.2232735006636775,40.669694092826994,10.60759493670886,40.0,4.142689322223764,-3.903843069076829,0.20253164556962025,0.6835443037974683,"PUMP,ZEC,TRUMP,GRASS,NEAR",高杠杆/短线赌徒型，长期单降权
2714734,1831,2026-09-09 05:17:16,30,0x83b00972aafcc3d06d45b1b823079f9a414da46e,smart_money,P-G,44.02767311841569,0.65,10,10,0,0.4,-0.9723268815843102,,-0.9723268815843102,27.001666666666665,15.0,40.0,4.454374196815327,-2.764530617534604,0.0,0.8,"ZEC,HYPE,XRP,LIT,BTC",高杠杆/短线赌徒型，长期单降权
2714101,1831,2026-09-09 05:17:16,30,0x83b1385d8126ecf64bfb3b4254d67eb9db753bcc,smart_money,P-B,92.77121254719663,1.0,3,2,1,0.5,18.342739016676603,49.1688829787234,28.61812033735887,264.9729629629629,1.6666666666666667,2.0,40.17471357876283,-11.060227124881203,1.0,0.0,"PUMP,CASHCAT",仓位表现普通有效
2714524,1831,2026-09-09 05:17:16,30,0x8434b7844fd17fad52f0aceae50a834cd4896577,smart_money,P-G,46.61259159467214,0.65,65,64,1,0.765625,1.6909549920725842,-3.4026658389562243,1.6125915946721407,3.9687435897435885,10.569230769230769,25.0,2.81801371506298,-1.5663591854305556,0.4,0.5846153846153846,"PONS,SOL,ETH,TRUMP,CASHCAT",高杠杆/短线赌徒型，长期单降权
2714313,1831,2026-09-09 05:17:16,30,0x843f31e5cd9a6572d235a05cb78ec5ac2ffcc24f,smart_money,P-G,48.9587363390026,0.65,19,16,3,0.9375,4.1828258002973255,2.7635925454307384,3.9587363390026007,125.2116520467836,16.63157894736842,25.0,7.19305219447942,-1.7900490633484913,0.10526315789473684,0.7894736842105263,"BTC,HYPE,ETHFI,ETH,PONS",高杠杆/短线赌徒型，长期单降权
2713714,1831,2026-09-09 05:17:15,30,0x844b6ab0079fb36e6a99cba877574acd8f1e7f42,money_printer,P-R,25.0,-0.8,15,0,15,,,-32.57766459214737,-26.287928385891973,1062.1870555555554,10.533333333333333,40.0,17.452855959905907,-49.70954342198255,0.06666666666666667,0.5333333333333333,"ETH,HYPE,PURR,LIT,ZEC",仓位真实收益偏反向，可作为反向参考
2714103,1831,2026-09-09 05:17:16,30,0x8477e447846c758f5a675856001ea72298fd9cb5,smart_money,P-A,97.13581494185223,1.15,45,42,3,0.8809523809523809,4.763427986721354,-4.270719197767003,4.179018582037228,46.600456790123445,7.133333333333334,20.0,5.9778659861651695,-3.9510390197196155,0.26666666666666666,0.4444444444444444,"PONS,CASHCAT,ARB,UNI,WLD",仓位收益稳定，适合加权参考
2714537,1831,2026-09-09 05:17:16,30,0x847bd1ef4fede0fe191129894d63044843f4d473,smart_money,P-B,76.53822660564984,1.0,337,336,1,0.5505952380952381,-0.0018118525643442665,0.02913218028429888,-0.001720030508413575,2.139494724695022,2.9020771513353116,6.0,0.25100467897086703,-0.22408759346554624,0.744807121661721,0.0,ETH,仓位表现普通有效
2714704,1831,2026-09-09 05:17:16,30,0x84803dc3df988d5493d9be2ee75e36f0043ee272,smart_money,P-B,100.0,1.0,4,4,0,1.0,4.296179393411963,,4.296179393411963,74.00409722222223,5.75,10.0,5.456760081135529,-0.3036931963406853,0.25,0.25,"BTC,HYPE,PAXG",仓位表现普通有效
2713715,1831,2026-09-09 05:17:15,30,0x8482694d9bbf434bf2801f49be04dee5bc459d07,smart_money,P-C,69.64479626101915,0.75,64,31,33,0.5483870967741935,-4.087239074473481,2.1863794487842347,-0.8399002565872007,936.3328602430547,7.75,40.0,22.095023750757665,-13.061118395623014,0.265625,0.453125,"AAVE,ADA,AIXBT,APE,AVAX",仓位收益偏弱，降权参考
2713716,1831,2026-09-09 05:17:15,30,0x848721233eee7906395c00fa45b0fd90427e1601,smart_money,P-N,50.0,1.0,1,0,1,,,-4.956030292454624,-4.956030292454624,1739.6655555555556,10.0,10.0,22.856286002810556,-8.136817646801237,0.0,1.0,BTC,仓位样本不足，暂不影响权重
2714463,1831,2026-09-09 05:17:16,30,0x85085800b0b90fe8a220047ec947227ea07bd73d,smart_money,P-B,82.03089986991944,1.0,8,7,1,0.7142857142857143,19.851122867846325,-0.7659412142627688,17.273989857582684,176.4664236111111,13.75,37.0,20.830874269935716,-3.1598829226321365,0.375,0.5,"ZEC,BTC,LIT,XPL,CHIP",仓位表现普通有效
2713717,1831,2026-09-09 05:17:15,30,0x85101bbcbbf09cd50d299f662448c3ae509592ee,smart_money,P-C,52.50117704203178,0.75,39,0,39,,,7.614122807745902,7.558280828708196,1422.5870299145301,5.512820512820513,20.0,36.404966460679994,-14.69615709255611,0.4358974358974359,0.23076923076923078,"AAVE,ADA,AERO,ALGO,BCH",仓位收益偏弱，降权参考
2714611,1831,2026-09-09 05:17:16,30,0x8554501f855388039f2bc86110462adfbbde46dc,money_printer,P-G,44.64995170548515,0.65,8,8,0,0.375,-0.35004829451484754,,-0.35004829451484754,88.99815972222223,20.75,30.0,1.0075300579283737,-2.2911589487734125,0.0,0.75,"BTC,AAVE",高杠杆/短线赌徒型，长期单降权
2714045,1831,2026-09-09 05:17:15,30,0x855b77fc563bb5a2c062b9ad3bdf7984883ee8b8,smart_money,P-N,50.0,1.0,2,1,1,0.0,-14.836995038979452,11.219029894149115,-1.256263770319868,523.5054166666666,3.5,5.0,30.93978177685303,-10.568623772586113,0.5,0.0,"HYPE,CASHCAT",仓位样本不足，暂不影响权重
2713718,1831,2026-09-09 05:17:15,30,0x856c35038594767646266bc7fd68dc26480e910d,money_printer,P-A,100.0,1.15,34,6,28,0.8333333333333334,1.9803060062677453,20.759855662293045,19.240264494147,1418.7882679738561,7.117647058823529,20.0,39.676460748073026,-22.425017138119266,0.2647058823529412,0.29411764705882354,"FARTCOIN,BTC,APT,ASTER,BERA",仓位收益稳定，适合加权参考
2714254,1831,2026-09-09 05:17:16,30,0x85b3c124a704ae638622a1e99310f22eee7279c6,smart_money,P-N,50.0,1.0,1,0,1,,,-0.41986826268237937,-0.4198682626823793,297.99055555555555,20.0,20.0,3.4395808821786376,-3.463183127059979,0.0,1.0,BTC,仓位样本不足，暂不影响权重
2713719,1831,2026-09-09 05:17:15,30,0x85d9ba5e2910c080893a828976cd7ca040ceb5a5,smart_money,P-N,50.0,1.0,1,0,1,,,16.284128669795486,16.284128669795486,1739.6655555555556,3.0,3.0,25.084786406769194,-15.739440238429655,1.0,0.0,SKY,仓位样本不足，暂不影响权重
2713720,1831,2026-09-09 05:17:15,30,0x85ed1f02990eebe097154ef7e76dd43dd59d4a44,smart_money,P-G,35.0,0.65,3,2,1,0.0,-23.88800617899321,-26.38943930251586,-23.045569815879578,1475.0601851851852,28.333333333333332,40.0,6.405343529957403,-34.435713058119525,0.0,1.0,"BTC,ETH,SOL",高杠杆/短线赌徒型，长期单降权
2713721,1831,2026-09-09 05:17:15,30,0x8607a7d180de23645db594d90621d837749408d5,money_printer,P-A,100.0,1.15,30,9,21,0.6666666666666666,21.85831779648278,24.76890099248598,23.9861523328978,1477.8385833333343,7.0,29.0,51.48521874483417,-26.265203981852387,0.4,0.3,"AIXBT,AVAX,BERA,BTC,FARTCOIN",仓位收益稳定，适合加权参考
2714122,1831,2026-09-09 05:17:16,30,0x863b676e5e4fea0541062c32983dc8f84749ca6d,money_printer,P-N,50.0,1.0,2,0,2,,,-1.992449747013282,-2.8815798563297,492.00194444444446,20.0,20.0,2.3677862131683707,-19.16200830501172,0.0,1.0,"BTC,ETH",仓位样本不足，暂不影响权重
2714087,1831,2026-09-09 05:17:15,30,0x866d4903b256ce7e7caac46a91e83128bb0fd6e1,smart_money,P-B,88.48350751886694,1.0,16,13,3,0.5384615384615384,3.727164364312321,81.66341027345727,18.340210472276997,167.06421875,6.4375,20.0,27.91374048248802,-1.8968377756485584,0.3125,0.3125,"TAO,ZEC,CHIP,ZRO,RENDER",仓位表现普通有效
2714267,1831,2026-09-09 05:17:16,30,0x867fd5474e39f8623117b672137bf54af92c5548,smart_money,P-N,50.0,1.0,2,1,1,1.0,7.311853777049551,-1.8846998083225204,2.7135769843635154,145.9961111111111,10.0,10.0,4.305736756823789,-4.589783156547762,0.0,1.0,"BTC,ENA",仓位样本不足，暂不影响权重
2714821,1831,2026-09-09 05:17:16,30,0x872d3fb74cb230faf1746b4e66971551a010ba6d,smart_money,P-C,53.77121254719662,0.75,3,3,0,0.6666666666666666,-88.73331891059092,,-88.73331891059092,1319.0013888888889,5.333333333333333,10.0,34.98527221348451,-133.4737504250274,0.6666666666666666,0.3333333333333333,"AVAX,HYPE,GRASS",仓位收益偏弱，降权参考
2713722,1831,2026-09-09 05:17:15,30,0x878d292fbebaf102eaf9d7e10b50a876e696f74b,smart_money,P-N,50.0,1.0,1,0,1,,,31.60733872860128,31.60733872860128,1739.6655555555556,2.0,2.0,57.47679361735799,0.0,1.0,0.0,ETH,仓位样本不足，暂不影响权重
2713723,1831,2026-09-09 05:17:15,30,0x87e8b39e166388f9fe6e57c291afc441c9e3a515,smart_money,P-G,48.54880797787152,0.65,7,6,1,0.3333333333333333,-1.1132959254204058,31.521431397623058,3.548807977871518,295.3819047619048,12.857142857142858,20.0,9.661356624231706,-2.3503063953525256,0.0,1.0,"HYPE,FARTCOIN,BTC,ETH",高杠杆/短线赌徒型，长期单降权
2714481,1831,2026-09-09 05:17:16,30,0x87f36777f22548787af3a2ad3605e3d48288b928,smart_money,P-G,44.37205168251786,0.65,62,61,1,0.29508196721311475,-0.6641701261390222,1.8074368920208768,-0.6279483174821353,17.355080645161294,21.129032258064516,25.0,0.710381809120869,-1.335824523480928,0.0,1.0,"ETH,HYPE",高杠杆/短线赌徒型，长期单降权
2714162,1831,2026-09-09 05:17:16,30,0x880ac484a1743862989a441d6d867238c7aa311c,money_printer,P-C,27.895124398112504,0.75,4,0,4,,,0.8141287181374425,-2.5627377575835606,277.24694444444447,4.5,8.0,8.213110322584193,-10.098439191421317,0.5,0.0,"FARTCOIN,HYPE,XMR,ZEC",仓位收益偏弱，降权参考
2714054,1831,2026-09-09 05:17:15,30,0x881cd92459f09622680e711458b22c5335fba65b,smart_money,P-G,45.06682362750943,0.65,41,38,3,0.6842105263157895,0.543826707907284,-7.961418985261811,0.06682362750943113,73.9514024390244,10.073170731707316,13.0,2.176713773550147,-2.741130658782332,0.0,1.0,"AVAX,BCH,BTC,kBONK",高杠杆/短线赌徒型，长期单降权
2713724,1831,2026-09-09 05:17:15,30,0x88250cf2f6402e856bc85fc65095e4a48bb12cb7,smart_money,P-C,70.8529081738355,0.75,63,29,34,0.6206896551724138,1.8846019460823802,-9.842335341244555,-2.6945092409421347,805.3353439153441,7.809523809523809,40.0,20.795962124246156,-22.276245102066515,0.30158730158730157,0.4603174603174603,"HYPE,FARTCOIN,ONDO,TIA,ENA",仓位收益偏弱，降权参考
2714855,1831,2026-09-09 05:17:16,30,0x885989fd94d30c150e6eaf897090509bce4f6aa8,money_printer,P-N,50.0,1.0,2,2,0,0.5,1.3658494295914856,,1.3658494295914856,8.00013888888889,20.0,20.0,3.4329329350593514,-1.7772216889488075,0.0,1.0,BTC,仓位样本不足，暂不影响权重
2713725,1831,2026-09-09 05:17:15,30,0x88696c4985f64ea1ebfb9e46c1b47197f7a244ab,smart_money,P-N,50.0,1.0,1,0,1,,,-32.20524017467248,-46.860107361319855,1739.6655555555556,3.0,3.0,0.0,-63.21626371285547,1.0,0.0,NIL,仓位样本不足，暂不影响权重
2713726,1831,2026-09-09 05:17:15,30,0x888e000c78b8f1aada5b3c99f880794907b76d77,money_printer,P-A,100.0,1.15,60,14,46,0.8571428571428571,17.786963717654732,38.04884321371511,34.03254819121904,1411.6360277777783,5.9,40.0,50.1132564078694,-11.624773488880862,0.55,0.16666666666666666,"BTC,CASHCAT,TRB,AERO,ANIME",仓位收益稳定，适合加权参考
2713727,1831,2026-09-09 05:17:15,30,0x88965659f799fcb2f70937c31180b0acb7106ac5,smart_money,P-N,50.0,1.0,1,0,1,,,56.6645730358557,56.6645730358557,1739.6655555555556,10.0,10.0,62.80710378036902,-6.5339486787369,0.0,1.0,HYPE,仓位样本不足，暂不影响权重
2713728,1831,2026-09-09 05:17:15,30,0x891140a93bef082312952b48479a853e90952fc2,smart_money,P-G,36.7446713206933,0.65,26,14,12,0.42857142857142855,0.10560352612387801,-21.873871396399775,-8.255328679306697,532.6138782051282,13.038461538461538,40.0,12.608620926650028,-27.0937952365798,0.11538461538461539,0.6923076923076923,"ETH,ZEC,LIT,BTC,HYPE",高杠杆/短线赌徒型，长期单降权
2713729,1831,2026-09-09 05:17:15,30,0x89132efe9fa560caf50d505273502c975e4805ab,smart_money,P-R,25.0,-0.8,5,0,5,,,-14.016296687078437,-14.880958017335114,1486.9337222222223,8.6,20.0,18.276875735212684,-41.82155858219054,0.2,0.4,"ENA,PENDLE,SOL,XPL,HYPE",仓位真实收益偏反向，可作为反向参考
2714238,1831,2026-09-09 05:17:16,30,0x899b2d61a5943dd2452cbc9ff5d158c63a2275dd,smart_money,P-G,46.796866553376006,0.65,5,3,2,0.6666666666666666,-0.8884568586674333,5.824851671441162,1.7968665533760049,135.3976111111111,16.0,20.0,5.83930655563998,-1.8866710242977671,0.0,1.0,"SOL,AAVE",高杠杆/短线赌徒型，长期单降权
2713730,1831,2026-09-09 05:17:15,30,0x89b7815978abc23590616e9da57ddd78e53b1a77,smart_money,P-C,70.20347394540943,0.75,62,13,49,0.6923076923076923,24.886004565638437,-21.424753547011385,-11.896939876692624,1010.9839292114698,4.467741935483871,10.0,18.1562540446187,-37.75451116937571,0.5483870967741935,0.11290322580645161,"CASHCAT,GRASS,VVV,AAVE,AR",仓位收益偏弱，降权参考
2713983,1831,2026-09-09 05:17:15,30,0x89bdfd6caab017d28d9296c2513e687db99b3df2,smart_money,P-C,56.854680609548325,0.75,11,5,6,0.6,1.6573732061385094,-6.326610333094815,-0.7341685755624127,680.5283838383838,13.545454545454545,40.0,6.277766618631895,-9.952576160265318,0.2727272727272727,0.45454545454545453,"BTC,HYPE,ETH,AERO,TAO",仓位收益偏弱，降权参考
2714651,1831,2026-09-09 05:17:16,30,0x8a0cd16a004e21e04936a0a01c6f5a49ff937914,smart_money,P-G,48.78575524535667,0.65,22,22,0,0.4090909090909091,3.7857552453566683,,3.7857552453566683,110.54819444444446,10.954545454545455,25.0,9.39042873088362,-3.8377587839433587,0.3181818181818182,0.6818181818181818,"PUMP,SOL,VVV,HYPE,ETH",高杠杆/短线赌徒型，长期单降权
2713731,1831,2026-09-09 05:17:15,30,0x8a11b23296ca85afcd2ecf92b745b0d6274280d9,smart_money,P-N,50.0,1.0,1,0,1,,,-40.19285642910278,-39.60408205637639,1739.6655555555556,5.0,5.0,15.889004851943552,-57.07195754271821,0.0,0.0,XMR,仓位样本不足，暂不影响权重
2713732,1831,2026-09-09 05:17:15,30,0x8a3cf3c4b300be69429cce5beb2ef14d7200b6b7,money_printer,P-C,36.4378792138633,0.75,3,0,3,,,20.79872807854851,12.136524481433554,653.8907407407407,8.333333333333334,10.0,23.180716777772844,-6.289522698191156,0.0,0.6666666666666666,"HYPE,LIT,PUMP",仓位收益偏弱，降权参考
2713733,1831,2026-09-09 05:17:15,30,0x8a5cd8bd74ab3f205ddcb3b73b2f66deadc6827f,money_printer,P-C,89.68227285163354,0.75,19,3,16,1.0,15.978037795867053,-17.732155307346975,-11.283687075229782,588.8926023391813,4.157894736842105,10.0,13.51230770892882,-42.14955483763098,0.6842105263157895,0.10526315789473684,"APEX,CASHCAT,HYPE,XMR,GRASS",仓位收益偏弱，降权参考
2713734,1831,2026-09-09 05:17:15,30,0x8aa077f5998d234ac8641d73d6bc4976e2a210fc,smart_money,P-B,91.40682489455635,1.0,22,10,12,0.8,8.352405022795047,-1.4465639751453032,2.4912990431671447,777.6509974747474,9.318181818181818,20.0,14.180024079898129,-21.705361168339675,0.22727272727272727,0.5,"PONS,JTO,ZEC,XRP,BTC",仓位表现普通有效
2713735,1831,2026-09-09 05:17:15,30,0x8ac033322b353c7e7b0373d42d9fd73ff32a7ef6,smart_money,P-C,86.7974828716582,0.75,43,38,5,0.6578947368421053,-0.16432419931787293,-4.5345925075932545,-0.6275743536445808,162.18638242894053,4.116279069767442,5.0,4.876176790068699,-9.43179380649997,0.0,0.0,"HYPE,ZEC,TRUMP,DASH,SUI",仓位收益偏弱，降权参考
2714296,1831,2026-09-09 05:17:16,30,0x8ad3d77e9b65584ee2cba00a8cb8c1794456209c,smart_money,P-N,50.0,1.0,1,0,1,,,68.80483668804837,68.80483668804837,190.9925,3.0,3.0,101.22075815506473,-21.44068421440684,1.0,0.0,PONS,仓位样本不足，暂不影响权重
2713736,1831,2026-09-09 05:17:15,30,0x8af700ba841f30e0a3fcb0ee4c4a9d223e1efa05,money_printer,P-G,65.0,0.65,21,3,18,0.6666666666666666,83.95661782531494,42.55880700777636,46.57011951493914,1553.0780158730158,10.428571428571429,40.0,64.80927804041468,-8.401474386948733,0.14285714285714285,0.6190476190476191,"HYPE,AAVE,ADA,AVAX,BTC",高杠杆/短线赌徒型，长期单降权
2714091,1831,2026-09-09 05:17:15,30,0x8afacaa08de7189d84db9d87b9c21c2f1ac28113,smart_money,P-C,57.82829701613,0.75,6,2,4,0.5,1.5817721653152903,-3.8928199006754793,-2.643274410519887,219.5003240740741,5.666666666666667,10.0,3.4100571705609517,-5.8634283959351245,0.5,0.3333333333333333,"BTC,ETH,TRX,VVV,LDO",仓位收益偏弱，降权参考
2714818,1831,2026-09-09 05:17:16,30,0x8b2fd6b5c661d2e1fbb6d9df162f2b5f3b1d3d11,smart_money,P-N,50.0,1.0,1,1,0,1.0,20.512746747985005,,20.512746747985005,119.01361111111112,8.0,8.0,21.04016532174929,0.0,0.0,0.0,ETH,仓位样本不足，暂不影响权重
2714749,1831,2026-09-09 05:17:16,30,0x8b3515d1410aaddbf7458c831afdcf6b7ec72990,smart_money,P-N,50.0,1.0,1,1,0,1.0,11.00897360163391,,11.00897360163391,155.0038888888889,2.0,2.0,19.338445963382288,-5.01822945960074,1.0,0.0,XMR,仓位样本不足，暂不影响权重
2713737,1831,2026-09-09 05:17:15,30,0x8b9da005316ecfd7022ccca9b6231281e5c47b28,smart_money,P-G,44.30896750779958,0.65,244,217,27,0.5345622119815668,-0.04783967401985956,-8.697409420350384,-0.6910324922004238,198.27359972677593,10.684426229508198,40.0,4.707310692594759,-7.467166408456624,0.05737704918032787,0.7377049180327869,"FARTCOIN,ETH,XMR,kPEPE,ZEC",高杠杆/短线赌徒型，长期单降权
2714792,1831,2026-09-09 05:17:16,30,0x8bae3527e5a33fa0cf184f37bc112d071463ab6d,money_printer,P-B,100.0,1.0,4,4,0,1.0,13.053927774523729,,13.053927774523729,68.26013888888889,4.0,5.0,18.527167685623265,-0.6464121120139196,0.5,0.0,"S,kLUNC,RSR,NEO",仓位表现普通有效
2713738,1831,2026-09-09 05:17:15,30,0x8bcf7a888c66f635ac4a2caf42a8dd12a3b20b14,money_printer,P-R,25.0,-0.8,10,9,1,0.3333333333333333,-5.485031131515111,-73.43621515293208,-12.280149533656807,232.57599999999996,9.5,20.0,1.5152051340966632,-16.122929683697997,0.0,0.3,"BTC,ETH,HYPE,PUMP,SOL",仓位真实收益偏反向，可作为反向参考
2714426,1831,2026-09-09 05:17:16,30,0x8be0b9c4dbfb90f47fb94e8968dce08d3152326c,smart_money,P-B,80.8038563674149,1.0,28,24,4,0.625,3.9051056524696945,2.120894779513572,3.6482808841392047,55.429216269841284,9.357142857142858,40.0,14.62362712631616,-3.451503976679168,0.35714285714285715,0.2857142857142857,"CASHCAT,PUMP,BTC,TAO,PONS",仓位表现普通有效
2714467,1831,2026-09-09 05:17:16,30,0x8c96e5a2d770f9f2c9d2464ce4e741df0b2bca57,smart_money,P-G,43.498662936592034,0.65,5,4,1,0.0,-1.8121993375325505,-0.257887966909632,-1.5013370634079668,78.79844444444444,36.0,40.0,0.8095973041870224,-2.859411346236461,0.0,1.0,BTC,高杠杆/短线赌徒型，长期单降权
2713739,1831,2026-09-09 05:17:15,30,0x8cc94dc843e1ea7a19805e0cca43001123512b6a,money_printer,P-C,74.60207196945196,0.75,183,69,114,0.5797101449275363,2.9460445813135188,-4.366540153742351,-2.4041196341858746,1082.107062841531,5.120218579234972,40.0,24.97514852162011,-25.976037972542635,0.48633879781420764,0.15846994535519127,"TIA,PENGU,CASHCAT,FARTCOIN,ZK",仓位收益偏弱，降权参考
2714022,1831,2026-09-09 05:17:15,30,0x8cf051405995581de2cbbdc9a3e9951325607e18,smart_money,P-N,50.0,1.0,1,0,1,,,-33.06186003791451,-21.912020907833067,1221.9947222222222,10.0,10.0,13.467891454576094,-45.34892535337251,0.0,1.0,HYPE,仓位样本不足，暂不影响权重
2713740,1831,2026-09-09 05:17:15,30,0x8d56d30d58d1a2709befccea6642252bab6ed51e,smart_money,P-A,98.07968964541145,1.15,25,7,18,0.8571428571428571,11.465583198931082,-11.967750338087477,1.7501447793455378,1463.0645666666667,6.04,20.0,29.37802062446388,-34.54829308832476,0.48,0.32,"ALT,APE,CC,ETH,HYPE",仓位收益稳定，适合加权参考
2714814,1831,2026-09-09 05:17:16,30,0x8dae4b174dba18b3825b530d22c3141aefc93dfe,smart_money,P-N,50.0,1.0,1,1,0,1.0,9.80308098839008,,9.80308098839008,1367.6752777777779,6.0,6.0,38.03754385577386,-5.512589351906933,0.0,0.0,HYPE,仓位样本不足，暂不影响权重
2713741,1831,2026-09-09 05:17:15,30,0x8e096995c3e4a3f0bc5b3ea1cba94de2aa4d70c9,money_printer,P-G,35.0,0.65,3,0,3,,,-33.4089649932077,-23.13419768213841,1224.107962962963,14.333333333333334,20.0,22.36250400337518,-46.05295219482301,0.3333333333333333,0.6666666666666666,"BTC,ETH,PONS",高杠杆/短线赌徒型，长期单降权
2714558,1831,2026-09-09 05:17:16,30,0x8e80c4b533dd977cf716b5c24fd9223129272804,money_printer,P-B,66.81981363597419,1.0,384,383,1,0.5300261096605744,0.014546115869399414,-0.08211373383780643,0.015242979866991893,1.8698111979166676,4.677083333333333,19.0,0.18013943851448966,-0.1404519532555936,0.3307291666666667,0.015625,"BTC,ETH",仓位表现普通有效
2714838,1831,2026-09-09 05:17:16,30,0x8eb3f4d468a9763ee66ceb63a0c64b7044c2aa2d,smart_money,P-N,50.0,1.0,1,1,0,0.0,-0.0998041695437238,,-0.0998041695437238,1304.6580555555556,20.0,20.0,27.894269295899772,-16.800225785855055,0.0,1.0,ETH,仓位样本不足，暂不影响权重
2713742,1831,2026-09-09 05:17:15,30,0x8ecec0c9367490d2044aaff4030ad0becc33218b,smart_money,P-C,74.33333333333333,0.75,10,3,7,0.3333333333333333,0.9086160930168115,10.881711062872848,9.978778047394176,769.1635555555556,5.0,11.0,28.5956411005225,-16.272277025004943,0.6,0.2,"CASHCAT,PURR,BTC,HYPE,PUMP",仓位收益偏弱，降权参考
2713743,1831,2026-09-09 05:17:15,30,0x8f25818ff64be1abee91abca70c306b33b602062,smart_money,P-G,51.00376078469551,0.65,3,1,2,1.0,3.3346153846153888,5.220859411617814,6.003760784695506,990.8860185185184,10.0,15.0,16.3131691981334,-13.256509143190135,0.0,0.6666666666666666,"BTC,HYPE,ETHFI",高杠杆/短线赌徒型，长期单降权
2714059,1831,2026-09-09 05:17:15,30,0x8f61bda42be4f511531164930d4545a10dd53acb,smart_money,P-N,50.0,1.0,1,0,1,,,-1.0139336998850978,-1.0139336998850978,827.0044444444444,3.0,3.0,11.65081610731222,-15.419581335638869,1.0,0.0,ONDO,仓位样本不足，暂不影响权重
2714548,1831,2026-09-09 05:17:16,30,0x8f63c88fccae90c1f9eb8b447f830bce7b71dd74,smart_money,P-G,45.02639664484603,0.65,840,837,3,0.5686977299880526,0.026508401743511587,-0.1233290153552916,0.026396644846028505,2.5072113095238033,20.0,20.0,0.2651586618805694,-0.2138911813299117,0.0,1.0,"BTC,ETH,SOL",高杠杆/短线赌徒型，长期单降权
2713744,1831,2026-09-09 05:17:15,30,0x8fb5c6f3c336033deeedbb54ad95e96453c9eaa4,smart_money,P-B,67.81436143734705,1.0,1111,1031,80,0.5111542192046556,-0.03130658623078161,-0.9953696846790561,-0.05702433422749974,56.51406415641569,4.944194419441944,20.0,3.1222291214183793,-3.8239591908541204,0.5274527452745275,0.1926192619261926,"SKR,GRIFFAIN,IOTA,PUMP,MINA",仓位表现普通有效
2714138,1831,2026-09-09 05:17:16,30,0x8fbb1aad00013c4e32bb033337b7cb792ab2fc4e,smart_money,P-G,40.749934940600724,0.65,12,10,2,0.8,-4.1025326409345,-5.350366961058897,-4.250065059399277,273.1392824074074,10.0,10.0,5.119411197940041,-11.426221960439747,0.0,1.0,"TRUMP,ETH,HYPE",高杠杆/短线赌徒型，长期单降权
2714294,1831,2026-09-09 05:17:16,30,0x8fc7c0442e582bca195978c5a4fdec2e7c5bb0f7,smart_money,P-B,93.00709973677193,1.0,33,32,1,0.84375,5.450612837974825,0.6662848415425735,5.305633201719303,261.3491077441077,10.090909090909092,40.0,14.109618105358479,-9.56467867049698,0.3333333333333333,0.3333333333333333,"BTC,CASHCAT,PUMP,LIT,SOL",仓位表现普通有效
2713745,1831,2026-09-09 05:17:15,30,0x8feb3a7d8bf1e424679fc75753b363eba5ee8185,money_printer,P-C,70.41190850668232,0.75,57,36,21,0.5277777777777778,-3.1105937488687325,1.3614215582852591,-1.4592504250214058,216.70420077972707,5.771929824561403,20.0,9.231877859960381,-15.149250603951334,0.49122807017543857,0.2807017543859649,"CASHCAT,PONS,HYPE,CHIP,MON",仓位收益偏弱，降权参考
2714191,1831,2026-09-09 05:17:16,30,0x9031a11765816d5f57fdfd7f0ce4b8f375a0bacc,smart_money,P-B,93.40322828722633,1.0,5,2,3,1.0,17.198708427245517,-6.742912749357683,2.7067641219330683,249.39616666666672,8.6,10.0,13.344416302682925,-11.345990939817074,0.2,0.8,"HYPE,PUMP,CASHCAT",仓位表现普通有效
2713746,1831,2026-09-09 05:17:15,30,0x90326fa293578c6c9ef945aaab0b57f886aca6ec,money_printer,P-N,50.0,1.0,1,0,1,,,33.608302164506185,26.716575697651766,1739.6655555555556,10.0,10.0,38.84683879001291,-17.992997230200082,0.0,1.0,HYPE,仓位样本不足，暂不影响权重
2714849,1831,2026-09-09 05:17:16,30,0x9075c8f93cd30c1015e6fbe9718f0bf2dca4e2f0,smart_money,P-C,66.85100609605533,0.75,4,4,0,0.5,-1.584796908612152,,-1.584796908612152,70.49923611111112,3.0,3.0,4.002445892839612,-3.0545001347648237,1.0,0.0,"BTC,HYPE",仓位收益偏弱，降权参考
2714029,1831,2026-09-09 05:17:15,30,0x909eb3d5ff0ac0df12c81f8495860cfccf1e7ea9,smart_money,P-G,56.79412254618464,0.65,5,2,3,1.0,3.5577034954038274,17.285068580038512,11.79412254618464,866.6768888888889,16.0,40.0,20.010929027814623,-9.383036268705482,0.0,0.6,"XMR,BTC,ETH,ONDO",高杠杆/短线赌徒型，长期单降权
2714319,1831,2026-09-09 05:17:16,30,0x90d4bbf943f250cc9f950fe1b2d7b15166a4c742,smart_money,P-N,50.0,1.0,2,1,1,0.0,-4.713322498109193,2.3930351479060135,-1.1601436751015897,79.49305555555556,7.5,10.0,5.2873788163627236,-2.5964825967146385,0.0,0.5,"BTC,TRUMP",仓位样本不足，暂不影响权重
2713747,1831,2026-09-09 05:17:15,30,0x90dbb196cacf24bd212b377a0dd62eaad5e8151b,money_printer,P-C,47.25079173192405,0.75,7,5,2,0.2,-0.5531682942702311,23.860747539246116,4.614191380176453,336.5240476190476,7.857142857142857,10.0,15.05888657062235,-3.3818151649581716,0.0,0.5714285714285714,"LINK,MORPHO,HYPE,PYTH",仓位收益偏弱，降权参考
2714683,1831,2026-09-09 05:17:16,30,0x913b6bfaffcc18db65dc9a6bdde6cd5365e0ef92,smart_money,P-G,42.19519065605484,0.65,27,27,0,0.48148148148148145,-2.8048093439451582,,-2.8048093439451582,12.037705761316872,10.74074074074074,25.0,0.9691235360305284,-3.8375742788151013,0.0,0.5925925925925926,"ZEC,BTC,ASTER,UNI,LINK",高杠杆/短线赌徒型，长期单降权
2713748,1831,2026-09-09 05:17:15,30,0x913df0b299f74ced052c5332a19a1fe72a343ad6,smart_money,P-N,50.0,1.0,1,0,1,,,-183.93279595614317,-183.93279595614317,1739.6655555555556,5.0,5.0,0.0,-195.06528044028414,0.0,0.0,HYPE,仓位样本不足，暂不影响权重
2714393,1831,2026-09-09 05:17:16,30,0x9149f8a6afa68db53e9e96697202b8508bab29d0,smart_money,P-G,43.6648114715309,0.65,68,64,4,0.46875,-1.3492623986375691,-1.6601265249945327,-1.335188528469099,85.88319852941176,14.147058823529411,40.0,3.9033874832393747,-6.23567031260522,0.1323529411764706,0.7647058823529411,"BTC,HYPE,XRP,PONS,PUMP",高杠杆/短线赌徒型，长期单降权
2714549,1831,2026-09-09 05:17:16,30,0x91853bcefbdc3447768413e6db7d6e0a81c4be56,smart_money,P-B,66.97168622299212,1.0,223,222,1,0.581081081081081,0.034221641039966985,-0.5920282850892812,0.03141334540710039,3.1211136023916293,7.20627802690583,20.0,0.30139800402635636,-0.2475136700951996,0.02242152466367713,0.18834080717488788,"ETH,BTC",仓位表现普通有效
2713749,1831,2026-09-09 05:17:15,30,0x91a9cadcd7e36cbe8ff604cb634307d7b7643f70,money_printer,P-N,50.0,1.0,2,0,2,,,-34.57652976203238,-31.87384402187184,1739.6655555555556,15.0,20.0,15.24526156601225,-37.853253026010194,0.0,1.0,"ETH,HYPE",仓位样本不足，暂不影响权重
2714030,1831,2026-09-09 05:17:15,30,0x91fc8c24de2ce3150ad489fb8b7e9b9aa3edaaf2,smart_money,P-N,50.0,1.0,1,0,1,,,-21.888017161270632,-21.888017161270632,1083.7127777777778,20.0,20.0,3.724439554139837,-25.581943680334344,0.0,1.0,BTC,仓位样本不足，暂不影响权重
2714600,1831,2026-09-09 05:17:16,30,0x920abbd8a5f5d39e87ed802d73e5aa902dc71d89,smart_money,P-R,25.0,-0.8,25,25,0,0.24,-1.0717111476809922,,-1.0717111476809922,22.03938888888889,7.52,20.0,2.9059898690350114,-3.0356644384321987,0.44,0.44,"DOGE,CASHCAT,EIGEN,NIL,FARTCOIN",仓位真实收益偏反向，可作为反向参考
2713750,1831,2026-09-09 05:17:15,30,0x9221a960277fe388b899f58117aa9bd298463002,smart_money,P-C,43.10454588052996,0.75,3,0,3,,,23.438183613939714,21.30092055152471,1160.5594444444444,6.666666666666667,10.0,38.68148741067371,-35.52548382770633,0.0,0.3333333333333333,"HYPE,KAITO,LIT",仓位收益偏弱，降权参考
2714740,1831,2026-09-09 05:17:16,30,0x9237794d8e5c6eb247b20f2e5edd9ad5f530d8ec,smart_money,P-G,44.4083205423657,0.65,4,4,0,0.5,-0.5916794576343025,,-0.5916794576343025,170.25902777777776,15.75,20.0,8.373837878323462,-3.74896512098363,0.25,0.75,"BTC,ETH,SOL,LIT",高杠杆/短线赌徒型，长期单降权
2714473,1831,2026-09-09 05:17:16,30,0x926fa6d5a99ca62b5839bc40bb4a4a5c72387725,smart_money,P-N,50.0,1.0,1,0,1,,,-16.240864794608367,-16.240864794608367,24.002222222222223,3.0,3.0,0.04946574098520027,-20.76241067879761,1.0,0.0,PONS,仓位样本不足，暂不影响权重
2714824,1831,2026-09-09 05:17:16,30,0x9279737f23ea2c30820b61eba072002a405a526f,smart_money,P-N,50.0,1.0,1,1,0,1.0,12.373487399759773,,12.373487399759773,94.00944444444444,10.0,10.0,16.644219483776297,-1.4478787766971113,0.0,1.0,HYPE,仓位样本不足，暂不影响权重
2714074,1831,2026-09-09 05:17:15,30,0x92bbd8110393350dda7e9c32089e95af071a9b6f,money_printer,P-R,25.0,-0.8,26,14,12,0.35714285714285715,-0.822147500781127,-6.409437959947398,-2.6561210486321096,187.42761752136747,7.269230769230769,10.0,5.985109868667552,-15.534957695657802,0.11538461538461539,0.5,"ENA,ZEC,XMR,GRAM,PUMP",仓位真实收益偏反向，可作为反向参考
2714003,1831,2026-09-09 05:17:15,30,0x9321d8117e73b0c79035f0e87debcfd8dbb1d75a,money_printer,P-G,45.37029978809048,0.65,24,18,6,0.2777777777777778,-3.4829074452860835,11.393051344906311,0.370299788090476,434.395636574074,17.708333333333332,40.0,9.501705074879494,-14.005200139700309,0.0,0.9166666666666666,"XRP,SOL,ZEC,ETH,BTC",高杠杆/短线赌徒型，长期单降权
2713751,1831,2026-09-09 05:17:15,30,0x932bdd2d5e21475e62d2fea8158fc5974507cb1a,smart_money,P-N,50.0,1.0,2,1,1,0.0,-20.65433130881112,23.58923799392885,1.4674533425588656,1350.2266666666667,5.0,7.0,20.750430691675923,-22.47428131405129,0.5,0.0,"AERO,NEAR",仓位样本不足，暂不影响权重
2714831,1831,2026-09-09 05:17:16,30,0x935729ae51eef975ccdeb481d513c75986227bfd,smart_money,P-B,57.513849577053584,1.0,6,6,0,0.5,-0.13383146339142654,,-0.13383146339142654,3.8338425925925925,4.5,8.0,0.835011336004647,-0.853877210226672,0.3333333333333333,0.0,"WLD,CASHCAT,ZEC,ETH",仓位表现普通有效
2713752,1831,2026-09-09 05:17:15,30,0x936cf4fb95c30ce83f658b5bbb247e4bb381bb0f,money_printer,P-B,81.93384988043488,1.0,235,209,26,0.6507177033492823,1.0434296090391055,-1.0237488330700728,0.8939329825670259,102.92215602836879,6.1617021276595745,20.0,4.757334230723567,-4.130822447966395,0.33191489361702126,0.3702127659574468,"SKR,CC,PUMP,FARTCOIN,LIT",仓位表现普通有效
2713753,1831,2026-09-09 05:17:15,30,0x9391199d0dd197bd019d40ef624d26aca59440f3,smart_money,P-N,50.0,1.0,1,0,1,,,37.94396447049429,37.94396447049429,1739.6655555555556,10.0,10.0,55.561363720555,0.0,0.0,1.0,BNB,仓位样本不足，暂不影响权重
2713754,1831,2026-09-09 05:17:15,30,0x939f95036d2e7b6d7419ec072bf9d967352204d2,money_printer,P-N,50.0,1.0,2,0,2,,,-12.813755228156452,-19.712560329674872,1739.6655555555556,22.5,40.0,16.653592616693388,-30.358794628611893,0.0,0.5,"BTC,HYPE",仓位样本不足，暂不影响权重
2714805,1831,2026-09-09 05:17:16,30,0x93af88ff7cf535323e73ce0c04824bcbd9d3546c,smart_money,P-N,50.0,1.0,1,1,0,0.0,-5.418121408539181,,-5.418121408539181,131.01666666666668,5.0,5.0,2.1672692837465566,-7.064464415578904,0.0,0.0,BTC,仓位样本不足，暂不影响权重
2713984,1831,2026-09-09 05:17:15,30,0x940587add074ff0c4dd973b46018af4a73a81f36,smart_money,P-B,83.82865244512574,1.0,52,45,7,0.6444444444444445,0.7753205231388136,-0.30973806799970305,0.6664629746996227,125.4892361111111,7.403846153846154,40.0,2.763781314573969,-2.1098234721854228,0.09615384615384616,0.23076923076923078,"XMR,BNB,BTC,AERO,HYPE",仓位表现普通有效
2713755,1831,2026-09-09 05:17:15,30,0x944b5f7d8eece040aae1895c7fed03202aedf123,money_printer,P-G,35.0,0.65,3,0,3,,,-25.77783913202607,-24.233021831010785,1739.6655555555556,28.333333333333332,40.0,12.635669614500964,-33.46286524309043,0.0,1.0,"BTC,ETH,SOL",高杠杆/短线赌徒型，长期单降权
2714132,1831,2026-09-09 05:17:16,30,0x9471f70f2518846f7a076636d64e5a22787da105,smart_money,P-R,25.0,-0.8,16,13,3,0.3076923076923077,-1.826340642689971,2.9016055680905413,-1.7320711457955826,124.25194444444448,7.0,20.0,5.5781883512814705,-7.042233451347242,0.3125,0.4375,"HYPE,BOME,ZEC,PONS,ARB",仓位真实收益偏反向，可作为反向参考
2714159,1831,2026-09-09 05:17:16,30,0x94b60c2a5db13689bb06a73657ac1216424de5b3,smart_money,P-G,49.11074255017521,0.65,31,18,13,0.5555555555555556,1.4403599396204518,7.1199446495098195,4.11074255017521,172.3537186379928,13.67741935483871,40.0,11.586805179291819,-5.904886947905142,0.0967741935483871,0.7741935483870968,"BTC,UNI,ETH,ENA,ZEC",高杠杆/短线赌徒型，长期单降权
2713756,1831,2026-09-09 05:17:15,30,0x94dac1facdc4afd2614c3119447187b4143bc449,money_printer,P-C,74.00531811094962,0.75,89,67,22,0.4925373134328358,-2.8354534427231446,-14.508809624691843,-5.23614691467444,206.73228152309628,3.0,3.0,4.4185087539115955,-15.02520739719363,1.0,0.0,"ACE,TRUMP,POL,CRV,VVV",仓位收益偏弱，降权参考
2713757,1831,2026-09-09 05:17:15,30,0x95276ba037c30f90c6dfdc83f72af9fd6cecc293,smart_money,P-G,45.0324143928163,0.65,272,269,3,0.4684014869888476,-0.05273520719767016,7.667495194068771,0.03241439281629787,15.31012663398694,28.272058823529413,30.0,0.45741762844888123,-0.4634948354483561,0.0,1.0,"BTC,DOGE,SUI",高杠杆/短线赌徒型，长期单降权
2714793,1831,2026-09-09 05:17:16,30,0x953c5152e2f8b5ed9d92976cad478a837749182a,smart_money,P-N,50.0,1.0,1,1,0,0.0,-7.9693853145180595,,-7.9693853145180595,11.001944444444444,4.0,4.0,1.8705520292363937,-7.969385314518061,0.0,0.0,FARTCOIN,仓位样本不足，暂不影响权重
2713758,1831,2026-09-09 05:17:15,30,0x95748e52b4a70542c99035d092adc8d53f5d11f8,smart_money,P-G,46.02969649306779,0.65,10,1,9,0.0,-4.749987103447326,19.108743905132414,1.0296964930677908,1708.6662777777776,12.0,30.0,47.7357523264928,-22.089983746359216,0.2,0.6,"AVAX,BTC,CC,ETH,OP",高杠杆/短线赌徒型，长期单降权
2714829,1831,2026-09-09 05:17:16,30,0x957dc4212c332bf45fb31e0f1a77436d7ca81d8f,smart_money,P-N,50.0,1.0,1,1,0,0.0,-5.371201829396295,,-5.371201829396295,603.0155555555556,5.0,5.0,19.086657814213964,-13.269170534468513,0.0,0.0,LDO,仓位样本不足，暂不影响权重
2714256,1831,2026-09-09 05:17:16,30,0x95995f302ad58138d791ce49f9f3b1274e80c60a,money_printer,P-G,45.06323038748739,0.65,58,55,3,0.509090909090909,0.07286661005030512,0.0965237625489498,0.06323038748738656,40.37961206896552,20.0,20.0,1.0733533840652656,-1.3289515063889492,0.0,1.0,"ETH,BTC,SOL",高杠杆/短线赌徒型，长期单降权
2713759,1831,2026-09-09 05:17:15,30,0x95b5653dfd12b0bc13c08297869621c9650aa6bb,smart_money,P-G,44.91151227191238,0.65,35,29,6,0.4827586206896552,0.45882913285979754,-3.163285915036397,-0.0884877280876241,162.13343650793658,12.0,40.0,4.527283789383472,-5.913517408612096,0.14285714285714285,0.6285714285714286,"kPEPE,NEAR,BTC,FET,AERO",高杠杆/短线赌徒型，长期单降权
2714922,1831,2026-09-09 05:17:16,30,0x95c7603944bfed303c4c93349cd61f6818931f91,smart_money,P-N,50.0,1.0,1,1,0,0.0,-4.227175417999056,,-4.227175417999056,80.99222222222222,10.0,10.0,0.27142303218301905,-5.433932759968718,0.0,1.0,kBONK,仓位样本不足，暂不影响权重
2714368,1831,2026-09-09 05:17:16,30,0x95da8596c44dd09f4b8becce87ad3b7894fb2328,smart_money,P-S,98.86945253939588,1.25,44,40,4,0.825,3.2124711751030395,-1.467722784353087,2.7869989969706634,69.2119633838384,4.318181818181818,10.0,4.635178705733428,-3.1107981969202636,0.18181818181818182,0.022727272727272728,"PUMP,HYPE,XRP,LIT,CASHCAT",仓位收益、持仓周期、杠杆结构适合长期参考
2714450,1831,2026-09-09 05:17:16,30,0x95fde6cf0d305078b7eeac44182a931c169dd947,money_printer,P-R,25.0,-0.8,7,6,1,0.0,-3.1455984490408686,-4.015416852249266,-3.2698582209277833,262.37793650793657,8.142857142857142,20.0,4.394388002664836,-9.841389037551584,0.5714285714285714,0.2857142857142857,"ETH,LIT,ASTER,PONS,ZEC",仓位真实收益偏反向，可作为反向参考
2714447,1831,2026-09-09 05:17:16,30,0x960bb18454cd67b5a3edb4fa802b7c0b5b10e2ee,money_printer,P-G,45.041163413923925,0.65,6,5,1,0.8,0.6986275718176816,-3.246157375544856,0.04116341392392536,25.499537037037033,10.666666666666666,20.0,1.9155279286724258,-3.040613018729507,0.16666666666666666,0.8333333333333334,"PONS,HYPE,SOL,ETH,BNB",高杠杆/短线赌徒型，长期单降权
2713978,1831,2026-09-09 05:17:15,30,0x962bdd83c3943fe08b62101fd9f9a8b923a0b475,smart_money,P-N,50.0,1.0,2,0,2,,,33.03236192958636,33.03236192958636,1200.2962499999999,4.0,5.0,35.65886801501577,-2.7020435273106416,0.5,0.0,"ETH,BTC",仓位样本不足，暂不影响权重
2714189,1831,2026-09-09 05:17:16,30,0x9690bcfc1639abff887c8fb62b48ab787b2dba3f,smart_money,P-B,71.08142528314593,1.0,702,656,46,0.5121951219512195,-0.34539969153149697,-1.2619675787391882,-0.3861166267197214,32.89077239632793,4.256410256410256,5.0,2.4335797946396056,-3.4362549067174357,0.3717948717948718,0.0,"LIT,XMR,ENA,MET,AZTEC",仓位表现普通有效
2713760,1831,2026-09-09 05:17:15,30,0x96a7923964dbfc5010079619e8af33ce240f79df,smart_money,P-N,50.0,1.0,2,0,2,,,37.51952674757183,37.51952674757184,1739.6655555555556,15.0,20.0,43.503162065460316,-8.913587143725172,0.0,1.0,"HYPE,SOL",仓位样本不足，暂不影响权重
2714839,1831,2026-09-09 05:17:16,30,0x96c5ecf6996df7f1851b72a86e2852e77bee4c72,smart_money,P-G,42.15513078244047,0.65,4,4,0,0.25,-2.844869217559528,,-2.844869217559528,6.500763888888889,17.5,20.0,2.7742067452594257,-3.267255451406573,0.0,1.0,"XRP,ZEC",高杠杆/短线赌徒型，长期单降权
2714196,1831,2026-09-09 05:17:16,30,0x96c9487af21d18ac5f4c841af44a011968445709,smart_money,P-B,89.49270725658775,1.0,4,3,1,0.6666666666666666,0.323491662195154,13.94322976601458,4.902720338320732,470.25659722222224,4.0,5.0,10.002455925251395,-1.9487526154894614,0.5,0.0,"PUMP,BTC,ETH",仓位表现普通有效
2714040,1831,2026-09-09 05:17:15,30,0x96f0bee3ad9b71b0ae67de7bd4f6ce8f342dd6bf,smart_money,P-G,58.019266324207116,0.65,6,3,3,1.0,19.39740173894017,6.641130909474067,13.019266324207118,622.8394444444444,14.666666666666666,40.0,24.097190968497216,-17.311894852931083,0.16666666666666666,0.6666666666666666,"HYPE,BTC,LIT,ETH,CASHCAT",高杠杆/短线赌徒型，长期单降权
2713761,1831,2026-09-09 05:17:15,30,0x972b0f9cde1266e860e546ac92e783741769400f,money_printer,P-G,35.0,0.65,6,0,6,,,-14.791698003769364,-11.110067150665676,1677.7219444444445,13.333333333333334,20.0,19.188261451325047,-26.538837311934675,0.16666666666666666,0.8333333333333334,"BTC,ETH,HYPE,PAXG,SOL",高杠杆/短线赌徒型，长期单降权
2714462,1831,2026-09-09 05:17:16,30,0x97991003fd631e2923f40cab2a4fdc35e60dc807,smart_money,P-B,66.58127211211732,1.0,93,92,1,0.5434782608695652,0.02494592235428545,-0.371605793526539,0.02158509766688572,9.591451612903226,3.3548387096774195,24.0,0.2788456139903195,-0.24526608719787088,0.8064516129032258,0.07526881720430108,ETH,仓位表现普通有效
2714694,1831,2026-09-09 05:17:16,30,0x97b1419998d4c804336c6c22519d28277bacebd7,smart_money,P-C,37.893972707936356,0.75,10,10,0,0.4,-3.553013646031823,,-3.553013646031823,58.799749999999996,7.9,10.0,5.173223493202838,-5.642305108832263,0.3,0.7,"ZEC,VVV,XPL,HYPE,CASHCAT",仓位收益偏弱，降权参考
2713762,1831,2026-09-09 05:17:15,30,0x97be9c7904f9c772a3efbf9e10286b91ba8a773e,smart_money,P-A,100.0,1.15,33,29,4,0.9310344827586207,6.100149166344998,11.67870059775108,6.418608054238386,138.98659090909092,7.636363636363637,40.0,12.073094849991689,-3.437509300524807,0.42424242424242425,0.42424242424242425,"CASHCAT,PUMP,ZEC,PONS,LIT",仓位收益稳定，适合加权参考
2713763,1831,2026-09-09 05:17:15,30,0x984e16e759ac515784f90dd88443260e482c63c1,smart_money,P-B,81.0613755728992,1.0,475,348,127,0.5603448275862069,0.8558321063137871,-2.207223551165761,0.23440829461657484,299.4049660818716,4.64,12.0,7.837175801396683,-10.039836301634061,0.42105263157894735,0.031578947368421054,"PONS,HYPE,XMR,FARTCOIN,ZEC",仓位表现普通有效
2713979,1831,2026-09-09 05:17:15,30,0x984f6a8aa8584dde8f1fa9b240b09f4df3ac25e5,smart_money,P-N,50.0,1.0,1,0,1,,,-14.990230115668446,-14.990230115668446,1670.1083333333333,20.0,20.0,0.0,-21.312175520079748,0.0,1.0,BTC,仓位样本不足，暂不影响权重
2713764,1831,2026-09-09 05:17:15,30,0x985f02b19dbc062e565c981aac5614baf2cf501f,money_printer,P-R,25.0,-0.8,16,4,12,0.25,8.657151641019572,-30.343216027073172,-18.502583586232596,1043.7093229166667,4.9375,10.0,26.717652222568677,-48.992436559328446,0.5,0.1875,"PONS,CASHCAT,EIGEN,HYPE,LIT",仓位真实收益偏反向，可作为反向参考
2714492,1831,2026-09-09 05:17:16,30,0x987163b6b482c30c2f5f3aa2760109668eb0091d,money_printer,P-B,81.08244059071241,1.0,8,7,1,0.8571428571428571,3.1662942811475636,20.042102915138923,5.275770360396484,25.12253472222222,13.25,40.0,8.310900360785302,-2.824498151175867,0.5,0.375,"BTC,VVV,MET,XPL,PONS",仓位表现普通有效
2714364,1831,2026-09-09 05:17:16,30,0x98785f2a43fe32f972476b86ed5a5cfaf5240f00,smart_money,P-G,44.841943430374975,0.65,19,17,2,0.35294117647058826,-0.16537775768100915,-0.0958264711491878,-0.15805656962502795,99.02077485380119,12.368421052631579,20.0,5.071995004869707,-4.754082753384721,0.0,0.8421052631578947,"BTC,ZEC,HYPE,PUMP,ASTER",高杠杆/短线赌徒型，长期单降权
2713765,1831,2026-09-09 05:17:15,30,0x9878b73eba4475a8ca8bb9be119c3f85df988e9d,smart_money,P-B,57.638383748431124,1.0,32,25,7,0.56,-0.06611431123299413,-1.8221983336164822,-0.468308125784442,220.66937499999995,10.4375,40.0,4.021781367380341,-6.002741830857832,0.25,0.53125,"SKR,kPEPE,DOT,XRP,BTC",仓位表现普通有效
2714701,1831,2026-09-09 05:17:16,30,0x9887ac3b69538d77caa7f88c0688b740fb05a11f,smart_money,P-B,80.23468256205723,1.0,213,213,0,0.5868544600938967,0.5774351777422312,,0.5774351777422312,4.225610328638498,3.0,3.0,2.3385712897321707,-1.9160743343172637,1.0,0.0,"ZEC,PUMP,ENA,LIT,HYPE",仓位表现普通有效
2714387,1831,2026-09-09 05:17:16,30,0x988caf2d1aa1ffc52c666f67d9a3e13a72ba6e04,smart_money,P-G,47.851262138169005,0.65,42,40,2,0.575,2.9352255291406357,1.1719943187364323,2.851262138169007,41.81005952380952,10.595238095238095,20.0,7.6132170809929125,-3.7796786585093645,0.19047619047619047,0.5952380952380952,"BTC,LIT,ETH,HYPE,CASHCAT",高杠杆/短线赌徒型，长期单降权
2714680,1831,2026-09-09 05:17:16,30,0x99223bf50978618ce3dedc9d05a29717a23a9882,smart_money,P-G,41.88264520151151,0.65,19,19,0,0.5789473684210527,-3.117354798488494,,-3.117354798488494,50.527631578947364,14.210526315789474,20.0,0.43504490384782374,-4.446677901881961,0.0,0.8947368421052632,"BTC,LINK,SPX",高杠杆/短线赌徒型，长期单降权
2714461,1831,2026-09-09 05:17:16,30,0x995a826fc3dd9cf4f26948dd187a08129ecc37e4,smart_money,P-G,38.997328298390336,0.65,6,5,1,0.6,-7.539707691472655,1.6825082477052986,-6.002671701609664,398.89208333333335,13.333333333333334,20.0,4.580919635418979,-12.923810919389844,0.0,1.0,"HYPE,ZEC,ETH,SOL",高杠杆/短线赌徒型，长期单降权
2714427,1831,2026-09-09 05:17:16,30,0x996a189d8111a11e33ce2d37af415da0d608cdae,smart_money,P-G,44.927619776278604,0.65,6,5,1,0.6,-0.270408599093458,1.032005528993375,-0.07238022372139596,70.50162037037039,10.0,10.0,3.7198785886750425,-1.6132144409046874,0.0,1.0,"ZEC,BTC",高杠杆/短线赌徒型，长期单降权
2714677,1831,2026-09-09 05:17:16,30,0x999510ad3dd8c94a6659d6401d983137565283e3,smart_money,P-N,50.0,1.0,2,2,0,0.5,0.4731153635442548,,0.4731153635442548,102.48861111111111,10.0,10.0,3.008184317692753,-3.279449927698636,0.0,1.0,HYPE,仓位样本不足，暂不影响权重
2713998,1831,2026-09-09 05:17:15,30,0x99967871e6c4f9a5185abc57edede9e9540191f6,money_printer,P-N,50.0,1.0,1,0,1,,,-18.866146116850373,-21.68381096055631,1548.3341666666668,4.0,4.0,16.277138415304652,-33.09585385614335,0.0,0.0,LIT,仓位样本不足，暂不影响权重
2713766,1831,2026-09-09 05:17:15,30,0x999da2f91628addf7a5df3194084eddd694066f2,money_printer,P-N,50.0,1.0,1,0,1,,,-16.547579928592167,-9.23347842082007,1739.6655555555556,7.0,7.0,14.33638307371982,-20.07965967078129,0.0,0.0,BTC,仓位样本不足，暂不影响权重
2714923,1831,2026-09-09 05:17:16,30,0x99b1098d9d50aa076f78bd26ab22e6abd3710729,money_printer,P-N,50.0,1.0,1,1,0,0.0,-35.27105352881009,,-35.27105352881009,1026.6563888888888,10.0,10.0,0.0,-79.04084950364914,0.0,1.0,HYPE,仓位样本不足，暂不影响权重
2714791,1831,2026-09-09 05:17:16,30,0x99df385a3cb3a44d79532f2fa698c248c31909b2,smart_money,P-N,50.0,1.0,1,1,0,1.0,0.007028304900653462,,0.007028304900653462,6.998333333333333,10.0,10.0,4.190786531212073,0.0,0.0,1.0,ZEC,仓位样本不足，暂不影响权重
2713767,1831,2026-09-09 05:17:15,30,0x9a0825ca6c4c577a1202a8fae3b8f044c1d5711d,smart_money,P-G,45.22135967131311,0.65,6,3,3,1.0,1.101028560761334,0.11130308555440838,0.22135967131311288,426.9447222222222,18.333333333333332,20.0,4.2080600642008354,-7.46898630429358,0.0,1.0,"ETH,BTC,AAVE",高杠杆/短线赌徒型，长期单降权
2714510,1831,2026-09-09 05:17:16,30,0x9a31f7aff78fd464bbceb398e11b82ba633c6525,smart_money,P-B,76.57680421879628,1.0,224,221,3,0.6606334841628959,0.16795563672749372,0.02637691168067276,0.16623016369679047,9.696548859126986,5.0,5.0,0.772110931002428,-0.5285977866474739,0.0,0.0,"XRP,DOGE,PAXG",仓位表现普通有效
2713768,1831,2026-09-09 05:17:15,30,0x9a3664a58b6a6579319c44bdd06a381ec8b47b6a,smart_money,P-B,83.74944267177871,1.0,439,298,141,0.6174496644295302,1.230177185696054,-4.781669422141175,-0.12098275057927925,400.77432422171637,5.043280182232346,12.0,9.317217682845172,-10.71098302481812,0.4054669703872437,0.06150341685649203,"PONS,HYPE,XMR,CASHCAT,ETH",仓位表现普通有效
2713769,1831,2026-09-09 05:17:15,30,0x9a51b0dc3545cb8e9b0382b42c91f9e39a92efd6,smart_money,P-N,50.0,1.0,1,0,1,,,14.232938103000608,7.534169715796603,1739.6655555555556,10.0,10.0,21.427503973842832,-19.50899065423491,0.0,1.0,HYPE,仓位样本不足，暂不影响权重
2714456,1831,2026-09-09 05:17:16,30,0x9a770e9cd5d05e9e5636b87c822bafb53e02bdc9,smart_money,P-B,72.76601462829825,1.0,3,2,1,0.5,3.637059007634729,1.7180851063829852,2.9974010405508142,92.67055555555555,3.3333333333333335,4.0,5.376775950707426,-2.3468710311633525,0.6666666666666666,0.0,HYPE,仓位表现普通有效
2714617,1831,2026-09-09 05:17:16,30,0x9abb9d9c10d1512148e9e0074547f0e6785c84d8,smart_money,P-G,45.03865636173128,0.65,28,28,0,0.6428571428571429,0.03865636173128053,,0.03865636173128053,11.143313492063493,23.25,30.0,0.7883931346334281,-0.8153028380064857,0.03571428571428571,0.9642857142857143,"BTC,ETH,PONS,SOL,HYPE",高杠杆/短线赌徒型，长期单降权
2714224,1831,2026-09-09 05:17:16,30,0x9aca58e24ff5845f245e7c2c897fef1bc59b3555,smart_money,P-G,44.80549892477293,0.65,15,13,2,0.5384615384615384,-0.8511844513816924,7.044013721020845,-0.19450107522707447,170.60114814814818,11.533333333333333,25.0,5.6742885778989,-9.976230347613583,0.06666666666666667,0.6666666666666666,"ETH,ZEC,HYPE,CASHCAT,SOL",高杠杆/短线赌徒型，长期单降权
2714081,1831,2026-09-09 05:17:15,30,0x9afb4e4eda99fdeec1343bc7de4108beacec1d70,smart_money,P-N,50.0,1.0,1,0,1,,,48.866473831244264,44.65309964472356,636.0019444444445,1.0,1.0,59.89764889119631,0.0,1.0,0.0,ETHFI,仓位样本不足，暂不影响权重
2714327,1831,2026-09-09 05:17:16,30,0x9b28837deb55b014f7a37f2812d6ec042ce87ca1,smart_money,P-N,50.0,1.0,2,1,1,1.0,1.1405275190154722,-2.130849279408286,-0.4919763285383493,76.50041666666667,15.0,20.0,0.7530601956887562,-2.715096351047475,0.0,1.0,"BTC,HYPE",仓位样本不足，暂不影响权重
2713770,1831,2026-09-09 05:17:15,30,0x9b745bea23ab438b0b3b9527ad7ab637b52cfcb1,smart_money,P-C,61.26050420966639,0.75,7,3,4,0.6666666666666666,3.0816751007274292,-35.53589172361101,-20.842318134503063,549.2406746031746,4.0,10.0,15.192331605064757,-53.195079055553734,0.8571428571428571,0.14285714285714285,"PURR,HYPE,CASHCAT,LIT,PONS",仓位收益偏弱，降权参考
2714106,1831,2026-09-09 05:17:16,30,0x9b864dde6ed1c21608b1665a0ac0faa4f7e36e6e,smart_money,P-C,71.13529995663981,0.75,20,16,4,0.1875,0.5082310354343438,48.601731800842565,9.847540972222149,117.45251388888889,3.65,5.0,17.85312235188828,-2.979533721155915,0.65,0.0,"ZEC,TAO,ZRO,AAVE,HYPE",仓位收益偏弱，降权参考
2713771,1831,2026-09-09 05:17:15,30,0x9b883651182137f33efda174f831d9918182afe0,smart_money,P-B,79.79075780903547,1.0,756,611,145,0.5499181669394435,0.19984068781511083,-1.7982726058951377,0.00538591878006572,188.97710868606728,4.861111111111111,12.0,5.9402136024802585,-7.393932044348842,0.38756613756613756,0.03571428571428571,"HYPE,XMR,ACE,VVV,HEMI",仓位表现普通有效
2714811,1831,2026-09-09 05:17:16,30,0x9bbb821a51d9c0ef24dd8592e9caad7fc469bbf2,smart_money,P-B,74.58193286368147,1.0,3,3,0,0.6666666666666666,0.0720268249090954,,0.0720268249090954,16.6675,2.6666666666666665,3.0,1.2585845992687759,-3.5701923019265576,1.0,0.0,"HYPE,ZEC",仓位表现普通有效
2714634,1831,2026-09-09 05:17:16,30,0x9bd2ee53f6c6aa778209b8673f6c7df754830c88,smart_money,P-B,51.39631561983367,1.0,31,31,0,0.5161290322580645,1.3865106310680575,,1.3865106310680575,16.807311827956987,9.548387096774194,20.0,4.9654653649740705,-1.8409584905809149,0.0967741935483871,0.8709677419354839,"ZEC,HYPE,TRUMP,PONS,SOL",仓位表现普通有效
2713772,1831,2026-09-09 05:17:15,30,0x9c16bc8f1104e4d2f72267eb981fa12de7cc4a6f,money_printer,P-G,44.0699864579975,0.65,3,0,3,,,-4.867053620697019,-0.9300135420024951,1739.6655555555556,28.333333333333332,40.0,26.192230807682208,-13.790262002601338,0.0,1.0,"BTC,ETH,SOL",高杠杆/短线赌徒型，长期单降权
2714329,1831,2026-09-09 05:17:16,30,0x9c2a2a966ed8e47f0c8b7e2ec2b91424f229f6a8,money_printer,P-G,43.62626284219923,0.65,51,47,4,0.425531914893617,-1.4096969723176056,-1.0110329169862382,-1.373737157800769,80.39326252723312,14.901960784313726,20.0,3.4446503886509574,-3.656589445751413,0.0,0.9607843137254902,"HYPE,ETH,XRP,SOL,BTC",高杠杆/短线赌徒型，长期单降权
2714703,1831,2026-09-09 05:17:16,30,0x9c3c0be3f3c5f56458f51fa7fbb4bacf2084e56f,smart_money,P-G,50.15679158187885,0.65,4,4,0,1.0,5.156791581878853,,5.156791581878853,49.74979166666667,18.25,40.0,14.863085490739277,-0.009445100354190878,0.25,0.75,"HYPE,PURR,XRP,BTC",高杠杆/短线赌徒型，长期单降权
2714616,1831,2026-09-09 05:17:16,30,0x9c972d06eceee9dc08e2d295742d2045f8e54fa2,smart_money,P-C,76.95157977586271,0.75,6,6,0,0.6666666666666666,-3.2482996973201943,,-3.2482996973201943,48.9999074074074,1.0,1.0,13.683575037608636,-20.539361002170295,1.0,0.0,"PONS,CASHCAT,LIT",仓位收益偏弱，降权参考
2713773,1831,2026-09-09 05:17:15,30,0x9cbf099ff424979439dfba03f00b5961784c06ce,money_printer,P-C,46.020599913279625,0.75,4,0,4,,,119.91382112216263,120.58372644831793,1739.6655555555556,5.75,10.0,136.44981445442664,-33.94599470525538,0.25,0.25,"AAVE,LDO,VVV,ZRO",仓位收益偏弱，降权参考
2714766,1831,2026-09-09 05:17:16,30,0x9cc53c5af67fb83a16cc41f61e242bade875ab3d,money_printer,P-G,44.81671823224833,0.65,18,18,0,0.6666666666666666,-0.18328176775167382,,-0.18328176775167382,9.223395061728395,16.38888888888889,20.0,0.32565691217336423,-0.5864552181764193,0.0,1.0,BTC,高杠杆/短线赌徒型，长期单降权
2713774,1831,2026-09-09 05:17:15,30,0x9d1792626cc8bfb29acc7e5e7a2f706bb6ada290,smart_money,P-B,80.11391657699767,1.0,57,21,36,0.5714285714285714,5.46588953052701,-6.445187853043179,0.28502846393742853,1017.3106335282654,4.491228070175438,10.0,22.735550514156497,-26.53934111984408,0.5614035087719298,0.12280701754385964,"SUSHI,AZTEC,ATOM,LIT,2Z",仓位表现普通有效
2713775,1831,2026-09-09 05:17:15,30,0x9d25fdd3e862b690759fae43e2db73bc75909b0e,smart_money,P-N,50.0,1.0,1,0,1,,,-36.15780055157092,-19.585429865766063,1739.6655555555556,10.0,10.0,18.761215144044378,-41.5372805976291,0.0,1.0,HYPE,仓位样本不足，暂不影响权重
2713776,1831,2026-09-09 05:17:15,30,0x9d6468a5ab22fb02f990a778039443d264ef31fe,smart_money,P-B,89.681000439105,1.0,15,12,3,0.75,1.4844660754150583,-8.924579182890083,-0.12328940905924234,270.9531851851852,3.2666666666666666,10.0,6.421953937806685,-5.466093121732529,0.7333333333333333,0.06666666666666667,"PUMP,SOL,BTC,CASHCAT,ETH",仓位表现普通有效
2714918,1831,2026-09-09 05:17:16,30,0x9d732bed515e8f66ad2b60cda96a4ef3c31e729f,money_printer,P-C,49.42608844978199,0.75,3,3,0,0.3333333333333333,-0.8392287153739822,,-0.8392287153739822,16.665185185185184,3.0,3.0,0.8188132335221322,-1.4435523279247562,1.0,0.0,"XAI,XPL,VVV",仓位收益偏弱，降权参考
2714453,1831,2026-09-09 05:17:16,30,0x9da9ccc7563bc4c420a7a30819d3875d9499f376,smart_money,P-G,45.42787355825236,0.65,40,39,1,0.717948717948718,0.4149250567884205,1.2297564718710987,0.42787355825235673,21.450131944444443,10.0,10.0,1.115990520779042,-0.5398134695778207,0.0,1.0,ETH,高杠杆/短线赌徒型，长期单降权
2713777,1831,2026-09-09 05:17:15,30,0x9db82c502472d76742fdd69609dfcc6e01327401,smart_money,P-S,100.0,1.25,22,1,21,1.0,31.31712819236793,15.243719418387746,7.506343184428133,1623.6655934343435,3.909090909090909,10.0,49.984932918249385,-40.942176424923254,0.6818181818181818,0.13636363636363635,"AAVE,ASTER,BTC,CC,CHIP",仓位收益、持仓周期、杠杆结构适合长期参考
2713778,1831,2026-09-09 05:17:15,30,0x9dea4d13ac1c469b7fe9049d43835df1be143ec0,money_printer,P-N,50.0,1.0,2,0,2,,,-9.999076534328784,-9.106988547753357,1107.3355555555556,32.5,40.0,9.689797765783384,-12.263759484028204,0.0,1.0,"BTC,ETH",仓位样本不足，暂不影响权重
2714199,1831,2026-09-09 05:17:16,30,0x9dead8fffcbf130e7658f672d2c081d91178d617,smart_money,P-G,42.46359112386305,0.65,5,3,2,0.3333333333333333,-0.8874758128645991,-4.811356539353078,-2.5364088761369503,212.19677777777778,22.0,40.0,1.7789362527172679,-9.715111695353295,0.0,1.0,"HYPE,BTC",高杠杆/短线赌徒型，长期单降权
2713779,1831,2026-09-09 05:17:15,30,0x9df286bcee3b6b20eddcbe763ddd3a30ef3bc665,money_printer,P-R,25.0,-0.8,16,0,16,,,-19.1346161254401,-20.341264002451844,581.2863715277776,8.5,20.0,8.250429667547396,-30.872507711542887,0.0625,0.625,"HYPE,BNB,GRAM,LIT,ASTER",仓位真实收益偏反向，可作为反向参考
2713780,1831,2026-09-09 05:17:15,30,0x9e02aca9865e1859bb7865f6f64801e804a173df,smart_money,P-C,93.04006216717265,0.75,72,9,63,0.7777777777777778,8.177613917712465,-4.417732874943024,-1.702191138635894,1498.7536612654342,4.555555555555555,5.0,25.322314641577776,-23.568766535466388,0.2222222222222222,0.0,"kFLOKI,ZEN,kLUNC,ALGO,APE",仓位收益偏弱，降权参考
2714422,1831,2026-09-09 05:17:16,30,0x9e2cbb5d800181c1ef21b25010dc4ea80eeb5508,money_printer,P-G,45.24108628600826,0.65,13,11,2,0.6363636363636364,0.1760702492051229,0.5986744884255053,0.24108628600825865,23.846581196581198,21.23076923076923,40.0,3.889505568197277,-1.842903357549107,0.15384615384615385,0.8461538461538461,"BTC,HYPE,PONS,ETH",高杠杆/短线赌徒型，长期单降权
2714443,1831,2026-09-09 05:17:16,30,0x9e8b1e51c642f4c8b87c6ba11c53d516a218afc4,money_printer,P-G,44.622700523077455,0.65,16,13,3,0.38461538461538464,-0.23430534077849524,-0.9969407335467576,-0.37729947692254406,25.31543402777778,15.75,40.0,6.004087037072749,-3.5349292840184297,0.25,0.75,"ZEC,BTC,CASHCAT,USELESS,PONS",高杠杆/短线赌徒型，长期单降权
2714602,1831,2026-09-09 05:17:16,30,0x9eb42f017e793512e4734f8785de605c4cb3a24e,smart_money,P-B,78.35007899495132,1.0,3,3,0,0.6666666666666666,6.289433223877356,,6.289433223877356,51.33342592592592,8.333333333333334,17.0,6.426948549380655,-2.6099343559289996,0.3333333333333333,0.3333333333333333,"BTC,PONS",仓位表现普通有效
2714429,1831,2026-09-09 05:17:16,30,0x9f4609b8c7da49d2bc9103692bcd0e45027586dd,smart_money,P-G,47.81198294359812,0.65,9,7,2,0.5714285714285714,1.5850425021285848,7.106274488741479,2.8119829435981165,28.886759259259254,11.333333333333334,20.0,3.685302840368509,-2.237921314222164,0.2222222222222222,0.6666666666666666,"SOL,ZEC,LIT,ETH,kPEPE",高杠杆/短线赌徒型，长期单降权
2714154,1831,2026-09-09 05:17:16,30,0x9fde8e59c61c290c435c2d953e70a3873e06a572,smart_money,P-G,51.499358262961884,0.65,15,10,5,0.7,5.4517132002040025,8.278655621211188,6.499358262961882,143.11524074074075,17.066666666666666,40.0,12.739234541237415,-3.4110232926231117,0.13333333333333333,0.6666666666666666,"BTC,ETH,PONS,PENDLE,ENA",高杠杆/短线赌徒型，长期单降权
2714590,1831,2026-09-09 05:17:16,30,0xa0273bcc0a3f0acd195a302f72c86afbd632aaa3,smart_money,P-C,55.73626554528714,0.75,14,14,0,0.42857142857142855,-0.36250740574762036,,-0.36250740574762036,2.3573809523809524,3.2857142857142856,4.0,2.4006767162114335,-2.8992140532823534,0.7142857142857143,0.0,"PONS,ENA,CASHCAT,SOPH,LIT",仓位收益偏弱，降权参考
2714404,1831,2026-09-09 05:17:16,30,0xa028c2cb889ac9188e8c3578952da48299d7309e,smart_money,P-G,45.96537088997679,0.65,16,14,2,0.8571428571428571,1.3521202952042386,-3.877430707518424,0.9653708899767913,20.126493055555557,22.6875,25.0,2.2132838943465165,-2.134691864126698,0.0625,0.9375,"ETH,PONS,ZEC",高杠杆/短线赌徒型，长期单降权
2714842,1831,2026-09-09 05:17:16,30,0xa03236e2daca8f5583bd4654a0f2c9d96c6702aa,smart_money,P-N,50.0,1.0,1,1,0,1.0,24.07778919898896,,24.07778919898896,107.00305555555556,3.0,3.0,30.457644572474685,-2.188947070859356,1.0,0.0,HYPE,仓位样本不足，暂不影响权重
2714115,1831,2026-09-09 05:17:16,30,0xa0479b2c614cbd03ceab36ae5a6d0822035e553c,smart_money,P-N,50.0,1.0,1,0,1,,,5.241763257094415,4.721835990783185,493.00638888888886,20.0,20.0,10.054809696454226,-0.7124884237012745,0.0,1.0,BTC,仓位样本不足，暂不影响权重
2714765,1831,2026-09-09 05:17:16,30,0xa0ca3dcba02de989e35eb3810ad762a222315075,money_printer,P-N,50.0,1.0,2,2,0,1.0,6.748180726618299,,6.748180726618299,19.993472222222223,5.0,5.0,6.861502286454187,-3.503944354010106,0.0,0.0,RUNE,仓位样本不足，暂不影响权重
2713781,1831,2026-09-09 05:17:15,30,0xa0f2e2f7b3ab58e3e52b74f08d94ae52778d46df,smart_money,P-N,50.0,1.0,1,0,1,,,-107.90502195637201,-107.905021956372,1739.6655555555556,2.0,2.0,31.8577917920339,-107.90502195637201,1.0,0.0,LIT,仓位样本不足，暂不影响权重
2714330,1831,2026-09-09 05:17:16,30,0xa12156da455437e075d243f7091a667c7121a73c,smart_money,P-A,95.45098040014257,1.15,7,7,0,0.5714285714285714,9.210989770638623,,9.210989770638623,61.99936507936508,2.4285714285714284,6.0,14.157205519837422,-2.1365520666356805,0.8571428571428571,0.0,"ZEC,ETH,ENA",仓位收益稳定，适合加权参考
2714225,1831,2026-09-09 05:17:16,30,0xa169b50ddb987b06e1c6821403fcba218a4f1e3d,smart_money,P-G,43.673443809048294,0.65,3,2,1,0.5,-3.282124107070134,2.820763908769338,-1.3265561909517052,219.6671296296296,20.0,20.0,4.607550958031036,-5.061734268091383,0.0,1.0,BTC,高杠杆/短线赌徒型，长期单降权
2714345,1831,2026-09-09 05:17:16,30,0xa1d22621c9b077ce4ac468908114a82b2de4a8db,smart_money,P-B,68.81671319729345,1.0,23,22,1,0.5,0.03361543056637332,-0.4729348637978117,0.03450002725440889,37.47849033816424,3.869565217391304,27.0,0.21985238381316738,-0.17634471737880092,0.782608695652174,0.043478260869565216,BTC,仓位表现普通有效
2714641,1831,2026-09-09 05:17:16,30,0xa1d4fc32f21d9d77a4c20a6ac4b748815912c07c,smart_money,P-B,67.52435292351117,1.0,4,4,0,0.75,1.501876505115776,,1.501876505115776,70.74472222222222,8.25,10.0,7.388541616651091,-5.97713004461555,0.25,0.75,"ENA,AAVE,PONS",仓位表现普通有效
2713782,1831,2026-09-09 05:17:15,30,0xa20fb0c9e04063eec5be286e9269028d966646fa,money_printer,P-C,70.92853605560235,0.75,68,15,53,0.6,-11.592599344245007,-0.9947371162805952,-2.7122025604341213,1206.3582026143783,7.264705882352941,20.0,22.08221011196793,-22.54793522812534,0.11764705882352941,0.38235294117647056,"WIF,XRP,XMR,ONDO,NEAR",仓位收益偏弱，降权参考
2714608,1831,2026-09-09 05:17:16,30,0xa237f4cc7bbc930fd531b1a36f31e54f778fc431,smart_money,P-G,46.05329254132914,0.65,16,16,0,0.5,1.053292541329144,,1.053292541329144,31.997534722222227,11.0,20.0,4.351903016115352,-2.5229783864486928,0.125,0.75,"HYPE,ETH,BTC,CASHCAT,SOL",高杠杆/短线赌徒型，长期单降权
2714309,1831,2026-09-09 05:17:16,30,0xa243ecc646b1ce99c8c2810b6581cce76ec6f989,smart_money,P-B,88.75257666110451,1.0,51,49,2,0.8367346938775511,1.176978329974478,3.4736690589937185,1.267044633073272,21.549237472766887,8.686274509803921,20.0,1.6743192000409877,-0.9390030155608503,0.0,0.11764705882352941,"BTC,ETH,ONDO,XRP,SOL",仓位表现普通有效
2714002,1831,2026-09-09 05:17:15,30,0xa24c5ca26c41cc52aeac1d6886d37f6dd5d6949f,smart_money,P-B,77.57643834197339,1.0,224,168,56,0.6309523809523809,0.5181343514619273,-2.4725075245572627,-0.09868559091806736,150.3432304067459,7.285714285714286,40.0,7.068700062381334,-7.7073880856858805,0.17410714285714285,0.41964285714285715,"PUMP,KAITO,TRUMP,ACE,VVV",仓位表现普通有效
2713783,1831,2026-09-09 05:17:15,30,0xa2a7c751da5c4add00d1c8cb9a0110fb2c233f51,smart_money,P-G,42.53142838306423,0.65,222,188,34,0.46808510638297873,-1.2677157386028863,-11.928187381600306,-2.468571616935772,190.17773773773771,10.31981981981982,40.0,3.619220673338811,-9.7946358004653,0.07657657657657657,0.6891891891891891,"FARTCOIN,ARB,XMR,ZEC,SOL",高杠杆/短线赌徒型，长期单降权
2713784,1831,2026-09-09 05:17:15,30,0xa2d1dd0f09239349354b662f75fbd81f3dbc824e,smart_money,P-C,13.771212547196626,0.75,3,0,3,,,-28.1331232109044,-28.1331232109044,1739.6655555555556,3.6666666666666665,5.0,47.390529147272126,-62.625921204551396,0.6666666666666666,0.0,"HYPE,PENDLE,PURR",仓位收益偏弱，降权参考
2713785,1831,2026-09-09 05:17:15,30,0xa3099587930a877e75ff4084c7b22505b72c2eca,smart_money,P-C,18.477543935258062,0.75,15,0,15,,,0.5249823390172885,0.5249823390172904,1739.6655555555556,11.0,40.0,42.41707203756801,-21.63649571392919,0.3333333333333333,0.4666666666666667,"ADA,AERO,BIO,BTC,CHIP",仓位收益偏弱，降权参考
2713786,1831,2026-09-09 05:17:15,30,0xa30ecf14316316f355b33eb6f5fb4f6e8ed8be51,smart_money,P-N,50.0,1.0,2,0,2,,,-18.619066780921717,-17.17458902140423,1021.3280555555556,7.5,10.0,11.13002081060578,-29.912646562740505,0.0,0.5,"XMR,SOL",仓位样本不足，暂不影响权重
2713787,1831,2026-09-09 05:17:15,30,0xa312114b5795dff9b8db50474dd57701aa78ad1e,money_printer,P-G,46.15779699042033,0.65,26,10,16,0.6,3.855538612010542,-16.68733754116546,1.1577969904203276,1052.323547008547,10.461538461538462,40.0,23.68021028665671,-28.579847897267566,0.15384615384615385,0.6153846153846154,"PUMP,NEAR,BTC,APEX,ASTER",高杠杆/短线赌徒型，长期单降权
2714263,1831,2026-09-09 05:17:16,30,0xa31441e058492bc7cfffda9aa7623c407ae83a81,money_printer,P-B,89.82356649627086,1.0,7,6,1,0.8333333333333334,1.3026791311131933,0.6370153528962754,0.8767692385403317,197.5696428571428,9.857142857142858,40.0,8.953436366517483,-14.013001962568188,0.42857142857142855,0.2857142857142857,"XMR,BTC,PONS,CASHCAT,PURR",仓位表现普通有效
2713788,1831,2026-09-09 05:17:15,30,0xa32533a01bfca623badfaba89fa28c079b8671f7,smart_money,P-S,98.35886276649023,1.25,20,14,6,0.7142857142857143,7.8799396947163185,9.084686429974036,6.1742814049252095,432.6143055555555,4.3,10.0,18.689063373171717,-13.383716563032428,0.65,0.2,"CASHCAT,PONS,LIT,FARTCOIN,PURR",仓位收益、持仓周期、杠杆结构适合长期参考
2714610,1831,2026-09-09 05:17:16,30,0xa33a2a0179eb17700f12877f3c331b295037ee7b,smart_money,P-G,45.024822054180376,0.65,156,156,0,0.5128205128205128,0.024822054180378667,,0.024822054180378667,3.019095441595441,19.73076923076923,20.0,0.29227394487509206,-0.24934532206132984,0.00641025641025641,0.9871794871794872,"BTC,ETH,JUP,LIT,PONS",高杠杆/短线赌徒型，长期单降权
2714297,1831,2026-09-09 05:17:16,30,0xa33a4a057334c7811ad5f45f3c4f0dfa3d081ff8,money_printer,P-B,64.33568783250338,1.0,50,46,4,0.6521739130434783,0.3756682282373123,-0.002132602245494145,0.3417569597299479,63.46062777777778,9.5,10.0,1.9255408542494468,-2.8420506262884953,0.0,0.9,"NEAR,ADA,LINK,ASTER",仓位表现普通有效
2714850,1831,2026-09-09 05:17:16,30,0xa351db10472a07059ea099e0581444e568bff894,money_printer,P-G,42.3987075659388,0.65,11,11,0,0.2727272727272727,-2.601292434061199,,-2.601292434061199,242.69598484848484,12.727272727272727,25.0,4.557216996846328,-6.524729139320185,0.0,0.9090909090909091,"XPL,AVAX,SOL,ARB,HYPE",高杠杆/短线赌徒型，长期单降权
2714239,1831,2026-09-09 05:17:16,30,0xa3555141f2ea7ed01e1d5a6589c4355ccaa31bf5,smart_money,P-B,98.04789213784107,1.0,3,2,1,1.0,2.3480542222067147,-0.28108905844674154,1.4716731286555627,272.99972222222226,8.333333333333334,10.0,3.9303990669011113,-2.4613889187383933,0.0,0.3333333333333333,"BTC,SOL",仓位表现普通有效
2714717,1831,2026-09-09 05:17:16,30,0xa3910b710b8a68d8fd77459e5aeee0b05e631360,smart_money,P-R,25.0,-0.8,7,7,0,0.2857142857142857,-8.176918955521094,,-8.176918955521094,230.61519841269842,5.857142857142857,7.0,0.7170608599694577,-15.910592176159325,0.14285714285714285,0.0,"ZEC,PUMP,BTC",仓位真实收益偏反向，可作为反向参考
2713789,1831,2026-09-09 05:17:15,30,0xa399f378380dddb1fbb72e935b0111d7a4d16a52,smart_money,P-G,44.48393650528038,0.65,51,40,11,0.275,-1.6830521025678944,11.890080286040643,-0.516063494719616,194.8695424836601,15.411764705882353,40.0,10.779145772378829,-5.754013420467763,0.13725490196078433,0.7647058823529411,"SOL,ZEC,ETH,HYPE,BTC",高杠杆/短线赌徒型，长期单降权
2714809,1831,2026-09-09 05:17:16,30,0xa3b69fd03a59945b88fed1fe350b33c3e6d48480,smart_money,P-N,50.0,1.0,1,1,0,0.0,-156.7515066049526,,-156.7515066049526,818.9977777777777,3.0,3.0,52.34276368644555,-198.1249282681051,1.0,0.0,CASHCAT,仓位样本不足，暂不影响权重
2714066,1831,2026-09-09 05:17:15,30,0xa3fc7e0b7571ccf00820307321b044019aeb062a,smart_money,P-N,50.0,1.0,1,0,1,,,24.127679707356194,24.2516899763567,778.9988888888889,10.0,10.0,31.852842298288504,0.0,0.0,1.0,HYPE,仓位样本不足，暂不影响权重
2714482,1831,2026-09-09 05:17:16,30,0xa41f6abca0cb06a105f12a682e1995efa0c1d50a,smart_money,P-G,47.00385524536079,0.65,24,23,1,0.5652173913043478,1.82250823801482,6.174836414318004,2.003855245360786,29.166631944444436,11.375,30.0,6.332300041264414,-2.1497637808803645,0.08333333333333333,0.7083333333333334,"HYPE,ZEC,BTC,SOL,PONS",高杠杆/短线赌徒型，长期单降权
2713790,1831,2026-09-09 05:17:15,30,0xa430c7425787337e5096f9aad868b02bb1ab4c5f,smart_money,P-N,50.0,1.0,2,0,2,,,-10.287859644275262,-10.287859644275262,1739.6655555555556,7.5,10.0,33.50075051067423,-35.6257181156645,0.0,0.5,"ETH,HYPE",仓位样本不足，暂不影响权重
2714503,1831,2026-09-09 05:17:16,30,0xa432ca1edabf81a8373fe2d655a2811ed2634e45,smart_money,P-N,50.0,1.0,1,0,1,,,2.7731498898264126,2.7731498898264126,12.001111111111111,5.0,5.0,2.7731498898264126,0.0,0.0,0.0,HYPE,仓位样本不足，暂不影响权重
2714338,1831,2026-09-09 05:17:16,30,0xa445a0a15b1d50fa0c4bfe6796d9447e0da5329d,money_printer,P-G,44.26064049044927,0.65,40,38,2,0.6578947368421053,-0.14532887297372565,-12.111962636300989,-0.7393595095507325,58.51715277777777,22.975,40.0,0.8930279380337612,-4.066070288369197,0.075,0.9,"BTC,ETH,SOL,XRP,PUMP",高杠杆/短线赌徒型，长期单降权
2714652,1831,2026-09-09 05:17:16,30,0xa46aba5584adb38d458710902f7fc6677f7ab914,smart_money,P-C,43.71086765300203,0.75,4,4,0,0.5,-4.154866130138796,,-4.154866130138796,30.751527777777778,6.0,10.0,7.942566514722884,-5.726323406313542,0.5,0.5,"FARTCOIN,PONS,PENGU",仓位收益偏弱，降权参考
2714661,1831,2026-09-09 05:17:16,30,0xa4add8273d7f47318675bdfbcce3e9648cdb4509,money_printer,P-C,60.43787921386328,0.75,3,3,0,0.6666666666666666,-16.909796687117794,,-16.909796687117794,741.7903703703704,5.0,5.0,3.500730661549941,-27.124698609542843,0.0,0.0,"ZEC,SOL,HYPE",仓位收益偏弱，降权参考
2714094,1831,2026-09-09 05:17:15,30,0xa4beb4fbe651b00bc16d472e2e1aa1c26b3d90aa,smart_money,P-C,78.32992215654052,0.75,25,22,3,0.8636363636363636,1.732738040576483,-58.97350973391633,-5.552011692362657,78.96161111111113,9.6,20.0,1.9347933554987309,-8.80547259285056,0.4,0.6,"LIT,HYPE,XRP,VVV,ZEC",仓位收益偏弱，降权参考
2714633,1831,2026-09-09 05:17:16,30,0xa4dedda59f2908b92ae192cfd494839373bcb3c4,money_printer,P-G,45.93916488720523,0.65,22,22,0,0.5454545454545454,0.9391648872052318,,0.9391648872052318,19.772462121212126,24.681818181818183,40.0,3.4790236555103338,-0.9084289407077826,0.045454545454545456,0.9545454545454546,"BTC,HYPE,ZEC,CASHCAT",高杠杆/短线赌徒型，长期单降权
2713791,1831,2026-09-09 05:17:15,30,0xa4e33be0b96c1ec4031f2db53dcd5660621ce3ec,smart_money,P-C,46.656366710026845,0.75,5,3,2,0.6666666666666666,-0.04740548634405073,-35.1520381973975,-12.14499262897528,1379.4956666666667,9.0,10.0,15.710392423079156,-32.76437788163401,0.0,0.8,"NEAR,XMR,HYPE,AAVE,ADA",仓位收益偏弱，降权参考
2714099,1831,2026-09-09 05:17:16,30,0xa516541e599129095d14f7faf8b11ae670c837b0,smart_money,P-G,55.180945378560395,0.65,11,9,2,0.3333333333333333,-1.121755365256333,61.04309872573566,10.180945378560393,140.54828282828282,23.181818181818183,40.0,13.383698327093857,-1.5044387768874914,0.0,1.0,"BTC,HYPE,ETH,ZEC,SOL",高杠杆/短线赌徒型，长期单降权
2714334,1831,2026-09-09 05:17:16,30,0xa522301c25e833b75b223a21a7f528eef9862d0e,smart_money,P-B,63.772894116902535,1.0,10,8,2,0.625,1.1330526083327164,-1.6900583808970275,0.511447058451264,36.29733333333333,9.2,20.0,4.987275289377047,-5.350567439046933,0.4,0.6,"PONS,HYPE,BTC,ARB,CASHCAT",仓位表现普通有效
2713792,1831,2026-09-09 05:17:15,30,0xa559edb06548fb5d9b2066ec43320e5f9726ff95,smart_money,P-N,50.0,1.0,2,0,2,,,23.27369828225254,23.27369828225254,1189.3352777777777,15.0,20.0,32.97876950726908,-8.946484073322265,0.0,1.0,"XPL,ETH",仓位样本不足，暂不影响权重
2713793,1831,2026-09-09 05:17:15,30,0xa581bb0ac1a7ec393e76ccd45de2bfff6146e213,money_printer,P-C,83.44817917050311,0.75,6,1,5,1.0,17.132156506844936,-22.68805521574226,-16.065818364812273,1317.7758333333334,6.166666666666667,20.0,35.608562123463805,-49.4762765253063,0.6666666666666666,0.16666666666666666,"ETH,HYPE,PURR,STBL,XMR",仓位收益偏弱，降权参考
2713794,1831,2026-09-09 05:17:15,30,0xa59362891a6910c0d16171ac10ad43ba994bbcde,smart_money,P-C,45.62469407790217,0.75,54,48,6,0.3958333333333333,-0.5422518402817674,-1.1174761861189282,-0.6714492573452062,98.45597736625513,16.48148148148148,40.0,3.3079542769591836,-4.7048381366112615,0.18518518518518517,0.5370370370370371,"BTC,KAITO,ACE,PAXG,BNB",仓位收益偏弱，降权参考
2713795,1831,2026-09-09 05:17:15,30,0xa5fd942d4badbab4fe84a9e10f565dd40d5f15ff,money_printer,P-B,87.95174637288078,1.0,67,32,35,0.625,1.111156624999373,6.377361637784312,4.235201544649343,598.0362810945273,8.791044776119403,40.0,16.186798982334057,-11.408597571999646,0.34328358208955223,0.31343283582089554,"ETH,BTC,ENA,LIT,CASHCAT",仓位表现普通有效
2714559,1831,2026-09-09 05:17:16,30,0xa62b923a112d50d03e1e096bbd53422490dac104,smart_money,P-B,63.81949145349714,1.0,689,687,2,0.48326055312954874,-0.004486686145197746,0.03446019622439096,-0.004373632785634352,2.0900048379293668,3.818577648766328,5.0,0.18624415598593366,-0.17316217539538506,0.30914368650217705,0.0,"ETH,BTC",仓位表现普通有效
2714116,1831,2026-09-09 05:17:16,30,0xa685e0303482ece79b16dc5c1a52bd9dae623dfa,smart_money,P-A,74.3308544753616,1.15,40,32,8,0.5625,2.664850954768327,8.403295613647755,3.4779272376808046,40.00222916666665,7.45,20.0,7.251970893883666,-2.533620485621318,0.5,0.4,"BTC,PONS,KAITO,PUMP,CASHCAT",仓位收益稳定，适合加权参考
2713796,1831,2026-09-09 05:17:15,30,0xa68eb8520766ca5eae81e547128d5cc3fa909a1e,smart_money,P-C,5.020599913279625,0.75,4,0,4,,,-24.636273830529404,-24.636273830529404,1739.6655555555556,9.5,20.0,39.03303365594009,-41.91674312503526,0.25,0.5,"BTC,HYPE,PENDLE,PUMP",仓位收益偏弱，降权参考
2714423,1831,2026-09-09 05:17:16,30,0xa6e2dc44418f5ad213c86db4dbb203a59d13c49f,money_printer,P-B,57.84570997103606,1.0,236,232,4,0.5172413793103449,1.2758843395224513,-0.6562958226008465,1.243135523215277,20.04989289077213,7.851694915254237,40.0,4.822473230203202,-3.3809603376980166,0.2288135593220339,0.5423728813559322,"ZEC,SOL,HYPE,PUMP,NEAR",仓位表现普通有效
2714748,1831,2026-09-09 05:17:16,30,0xa6ee1ed1ae80b8352603654b39f5e7b9bedd5078,money_printer,P-N,50.0,1.0,2,2,0,0.0,-17.76639856507532,,-17.76639856507532,1045.3405555555555,7.5,10.0,5.315160785233524,-36.66360487590345,0.0,0.5,"MON,HYPE",仓位样本不足，暂不影响权重
2714635,1831,2026-09-09 05:17:16,30,0xa74421270b2d439edc6fa6eb4d5cacb15f2f94ee,smart_money,P-G,44.66236733450317,0.65,7,7,0,0.2857142857142857,-0.33763266549682325,,-0.33763266549682325,29.286031746031743,40.0,40.0,1.2730314461854717,-0.43041855966727477,0.0,1.0,BTC,高杠杆/短线赌徒型，长期单降权
2714576,1831,2026-09-09 05:17:16,30,0xa775d1bd91ee2cc4cae6113e5fd9c0c17b355277,smart_money,P-B,74.38001009044399,1.0,348,347,1,0.5187319884726225,0.034383326259252806,0.0351219287504722,0.03438544868020459,2.0689846743295033,2.5948275862068964,3.0,0.3168732116266995,-0.24412145215616363,1.0,0.0,SOL,仓位表现普通有效
2713797,1831,2026-09-09 05:17:15,30,0xa7aae418ee1714642f46b577c5b6f6c8bcb561dc,smart_money,P-G,36.0153419488393,0.65,3,2,1,0.0,-1.9153139313452974,-23.123346290791503,-8.984658051160698,600.5553703703703,11.666666666666666,20.0,4.470253898512907,-10.544921338824949,0.0,0.6666666666666666,"BNB,BTC,ETH",高杠杆/短线赌徒型，长期单降权
2714771,1831,2026-09-09 05:17:16,30,0xa7fd61557cd0a61073566766839d5f851a8e92ef,smart_money,P-N,50.0,1.0,1,1,0,1.0,3.2935868895940823,,3.2935868895940823,15.0,3.0,3.0,3.2935868895940823,-0.6790839766968167,1.0,0.0,HYPE,仓位样本不足，暂不影响权重
2714407,1831,2026-09-09 05:17:16,30,0xa844d7ac9fa3424c4fd38a25baa23e460ec3e802,smart_money,P-A,95.1438244992144,1.15,37,21,16,0.8095238095238095,4.281251562895674,-1.6104085644324087,1.75209242978738,79.89328828828828,6.621621621621622,20.0,5.366846408045462,-4.720908958249101,0.3783783783783784,0.35135135135135137,"BTC,HYPE,PONS,ETH,SOL",仓位收益稳定，适合加权参考
2714350,1831,2026-09-09 05:17:16,30,0xa8616487ec2605c79c3ad3a3e6bcbe9d059bc774,smart_money,P-R,25.0,-0.8,5,4,1,0.25,-8.938458284639948,2.527349425652822,-6.645296742581392,751.9959999999999,3.4,4.0,9.762001432518726,-8.766735163949589,0.6,0.0,"BTC,ETH,SOL",仓位真实收益偏反向，可作为反向参考
2714077,1831,2026-09-09 05:17:15,30,0xa864144d507da1f5a90aae0147b8cba6d93a21cb,smart_money,P-G,44.17666115525913,0.65,10,8,2,0.5,-0.09696199302082666,-1.7138255555896058,-0.8233388447408672,304.16816666666665,26.0,40.0,3.6088307172455103,-5.1833743152501865,0.0,1.0,"BTC,ETH,SOL,XRP,HYPE",高杠杆/短线赌徒型，长期单降权
2713798,1831,2026-09-09 05:17:15,30,0xa87a233e8a7d8951ff790a2e39738086cb5f71b7,money_printer,P-A,100.0,1.15,7,6,1,0.8333333333333334,41.858232789803694,87.88827982250066,48.42964155724751,1332.6638888888888,4.0,10.0,64.04012464180724,-19.053949223122164,0.42857142857142855,0.14285714285714285,"APT,SOL,HYPE,VIRTUAL,ENA",仓位收益稳定，适合加权参考
2714550,1831,2026-09-09 05:17:16,30,0xa880d6cc607a05ea617307ab3b0d335e8d8424ee,smart_money,P-B,64.76022999486628,1.0,3260,3247,13,0.49645826917154295,0.00348502888992966,0.16228612339142343,0.004075576429140818,2.2632038173142446,4.879141104294479,5.0,0.5098679974534507,-0.4650659700297992,0.060429447852760734,0.0,"ADA,PUMP,HYPE,NEAR,TRUMP",仓位表现普通有效
2714844,1831,2026-09-09 05:17:16,30,0xa88bdbd7ec3cdb13fa2be3781f35ed710f8368e0,smart_money,P-N,50.0,1.0,1,1,0,1.0,26.350333651096282,,26.350333651096282,1294.6591666666666,40.0,40.0,44.581029551954245,0.0,0.0,1.0,BTC,仓位样本不足，暂不影响权重
2714419,1831,2026-09-09 05:17:16,30,0xa8cbf4200595efcd94b7526d04deafe0f284af2d,smart_money,P-S,100.0,1.25,9,8,1,1.0,5.446460670818798,-1.3360932599759316,4.692843567397162,112.55453703703704,3.4444444444444446,6.0,6.7553713252997465,-2.1363554766971977,0.4444444444444444,0.0,"MORPHO,HYPE",仓位收益、持仓周期、杠杆结构适合长期参考
2714321,1831,2026-09-09 05:17:16,30,0xa8ccdcf9a2256a23504133c8ec1b04bc12a516df,smart_money,P-N,50.0,1.0,2,1,1,1.0,15.190344488225483,-2.6088930691142607,6.290725709555611,700.8288888888889,20.0,20.0,14.105096841676854,-2.8592741543151816,0.0,1.0,BTC,仓位样本不足，暂不影响权重
2714129,1831,2026-09-09 05:17:16,30,0xa906355beaf1d69a5fe73ce55899c49c6e67916c,money_printer,P-A,100.0,1.15,6,4,2,1.0,14.062101634311055,7.114601509600313,11.682394054833326,161.8291203703704,2.3333333333333335,3.0,34.326133137898076,-2.4968994532411624,1.0,0.0,"PUMP,HYPE,CASHCAT,LIT",仓位收益稳定，适合加权参考
2714100,1831,2026-09-09 05:17:16,30,0xa99c9e5484e5b26635c07876d0859a1819ff40d5,smart_money,P-A,100.0,1.15,7,5,2,0.8,2.0345980920376032,28.903341909282798,9.99729781798302,218.28547619047617,6.428571428571429,10.0,12.636505922380936,-0.87814621205222,0.14285714285714285,0.2857142857142857,"BTC,HYPE",仓位收益稳定，适合加权参考
2713799,1831,2026-09-09 05:17:15,30,0xa9b95f2a2e7ef219021efc5c04c32761b8553bbd,money_printer,P-G,63.951423757155005,0.65,4,3,1,0.0,-7.52925977272918,117.12204512826207,18.951423757155005,1363.1909722222222,17.5,20.0,47.4078863593248,-5.722333421479376,0.0,1.0,"HYPE,ETH,SOL,BTC",高杠杆/短线赌徒型，长期单降权
2714796,1831,2026-09-09 05:17:16,30,0xaa23550773de942c546b3f29e7df60d8a9d85820,smart_money,P-G,52.96953381706074,0.65,6,6,0,1.0,7.969533817060742,,7.969533817060742,769.0925000000001,13.833333333333334,25.0,12.059338458269027,-6.296773692592715,0.16666666666666666,0.6666666666666666,"AZTEC,ETH,ADA,SOL,XRP",高杠杆/短线赌徒型，长期单降权
2713800,1831,2026-09-09 05:17:15,30,0xaa2a33c424b92cdc042e40c522cb48e586e83026,smart_money,P-C,48.771212547196626,0.75,3,2,1,0.5,3.0697671073132344,-177.47557475897202,-53.32101822071207,811.5546296296296,5.0,5.0,11.38166734169416,-93.30407209870054,0.0,0.0,"HYPE,PUMP,KAITO",仓位收益偏弱，降权参考
2713801,1831,2026-09-09 05:17:15,30,0xaac091f502a773498fb9336f41500fd13098245b,smart_money,P-N,50.0,1.0,2,0,2,,,6.836655502552063,13.25706637008208,1739.6655555555556,7.5,10.0,30.770425719322986,-9.392248051496997,0.0,0.5,"BTC,HYPE",仓位样本不足，暂不影响权重
2714673,1831,2026-09-09 05:17:16,30,0xab5e6f394951c28ab1873007e373202689cdbec3,money_printer,P-B,66.29577825990289,1.0,14,14,0,0.5714285714285714,3.3458203801316837,,3.3458203801316837,42.286051587301586,9.285714285714286,25.0,5.846927980743468,-1.8944324784484314,0.0,0.6428571428571429,"JUP,FET,ENA,ETH,WLD",仓位表现普通有效
2713802,1831,2026-09-09 05:17:15,30,0xabcaea50f029aca1204a5ff64150279871dec56c,smart_money,P-G,44.71121790099356,0.65,52,45,7,0.4888888888888889,0.20226378212509452,-4.323847008410959,-0.28878209900644125,116.79971688034189,12.5,40.0,3.7855272524223187,-5.61269775446639,0.19230769230769232,0.7115384615384616,"HYPE,XRP,kPEPE,SKR,BTC",高杠杆/短线赌徒型，长期单降权
2713803,1831,2026-09-09 05:17:15,30,0xac04753928961a06af540078410802cc443f5176,money_printer,P-N,50.0,1.0,1,0,1,,,99.84742078421534,99.84742078421534,1739.6655555555556,3.0,3.0,107.6830718353166,0.0,1.0,0.0,HYPE,仓位样本不足，暂不影响权重
2713804,1831,2026-09-09 05:17:15,30,0xac26cf5f3c46b5e102048c65b977d2551b72a9c7,money_printer,P-C,51.578947368421055,0.75,38,0,38,,,52.15391997714627,52.76191190780742,1730.8321052631577,8.368421052631579,40.0,68.46097403075017,-4.644136450170817,0.15789473684210525,0.42105263157894735,"ADA,ALT,APT,ATOM,BCH",仓位收益偏弱，降权参考
2713805,1831,2026-09-09 05:17:15,30,0xac487c027ffe32021bbba77e30786f8c8f353201,money_printer,P-G,57.596581183452585,0.65,13,1,12,1.0,45.564538554416636,33.77103682981736,12.596581183452587,1538.1111965811967,11.0,20.0,46.678472924633894,-15.675220636361995,0.07692307692307693,0.7692307692307693,"HYPE,ASTER,BTC,ETH,PURR",高杠杆/短线赌徒型，长期单降权
2714657,1831,2026-09-09 05:17:16,30,0xac50a255e330c388f44b9d01259d6b153a9f0ed9,money_printer,P-G,44.265453838646835,0.65,20,20,0,0.3,-0.7345461613531625,,-0.7345461613531625,17.000152777777778,33.25,40.0,0.823676025435659,-1.4112420963918264,0.0,1.0,"BTC,ETH,PUMP,ARB",高杠杆/短线赌徒型，长期单降权
2713806,1831,2026-09-09 05:17:15,30,0xac7bbfed474127e8683320421264d403fd2155f9,money_printer,P-N,50.0,1.0,1,0,1,,,41.318689978946885,41.318689978946885,1739.6655555555556,20.0,20.0,60.31067403713002,0.0,0.0,1.0,SOL,仓位样本不足，暂不影响权重
2714538,1831,2026-09-09 05:17:16,30,0xaca2d79168f9e9072c089e5f7d6eb0daefc13915,smart_money,P-G,45.00871664462092,0.65,312,310,2,0.4806451612903226,0.0031417327305996935,-0.23383961647406387,0.00871664462091938,3.0160915242165256,13.224358974358974,20.0,0.6373067429134636,-0.5975687886055427,0.035256410256410256,0.8878205128205128,"ETH,ZEC,HYPE,PUMP,LIT",高杠杆/短线赌徒型，长期单降权
2713807,1831,2026-09-09 05:17:15,30,0xacb66d1996501bcc82a0e7819c9e041599f5efbd,money_printer,P-G,40.683583011645155,0.65,6,1,5,0.0,-5.02794022467755,-8.2481213486739,-4.316416988354846,1221.275787037037,13.333333333333334,20.0,12.111799744675663,-26.381894247790083,0.0,0.6666666666666666,"ETH,HYPE,SOL,XRP,ASTER",高杠杆/短线赌徒型，长期单降权
2714653,1831,2026-09-09 05:17:16,30,0xacbf9fbc58d61bdafd70fd44213fdfe01311f2ab,smart_money,P-C,30.70289825770027,0.75,6,6,0,0.3333333333333333,3.2940262102652516,,3.2940262102652516,8.666898148148148,12.666666666666666,40.0,4.3065826157826015,-1.5975491169236153,0.0,0.5,"BTC,TAO,ZEC,TRUMP",仓位收益偏弱，降权参考
2714133,1831,2026-09-09 05:17:16,30,0xacf5c9a3213f91182317ef74770ffb41f0c081f5,smart_money,P-B,93.3608582800751,1.0,10,9,1,0.8888888888888888,1.438168462254447,-12.250335871025534,0.06931802892644882,230.76622222222218,7.1,20.0,8.59945671548179,-9.155792836189535,0.4,0.3,"PUMP,PONS,ETH,BLUR",仓位表现普通有效
2714719,1831,2026-09-09 05:17:16,30,0xad227f63d34e7251c1d0ab65e64eeea07aee4e44,money_printer,P-G,48.82266617421031,0.65,23,23,0,0.4782608695652174,3.8226661742103136,,3.8226661742103136,913.0243719806765,18.17391304347826,40.0,10.391000203812109,-16.14727448815537,0.043478260869565216,0.9130434782608695,"BTC,ETH,SOL,AAVE,NEAR",高杠杆/短线赌徒型，长期单降权
2713808,1831,2026-09-09 05:17:15,30,0xad59ed47c226987cf458a63428ca10887773ba81,smart_money,P-C,84.79181246047625,0.75,12,3,9,1.0,21.82140162233937,-44.0966256652225,-27.617118843332026,758.3095601851851,4.583333333333333,10.0,10.61954071895029,-41.506662039859656,0.4166666666666667,0.25,"XRP,HYPE,ZEC,XMR,ETH",仓位收益偏弱，降权参考
2713997,1831,2026-09-09 05:17:15,30,0xad68fabb1bec8b08c8080ad165ae5bdec64136d6,smart_money,P-B,100.0,1.0,12,10,2,1.0,0.7774657257473774,-6.748460164208354,-0.4768552559119114,253.0429398148148,4.916666666666667,5.0,0.9063086896208673,-4.356191572057383,0.0,0.0,"BTC,ETH,HYPE",仓位表现普通有效
2714480,1831,2026-09-09 05:17:16,30,0xadc9cf23f55c6221a05a8150e5768d7c3289562f,money_printer,P-G,44.99429628785853,0.65,45,44,1,0.5909090909090909,0.007987669820017295,-0.7377000113355109,-0.005703712141469348,18.46669135802469,40.0,40.0,0.37044077769398376,-0.4207620739332664,0.0,1.0,BTC,高杠杆/短线赌徒型，长期单降权
2714835,1831,2026-09-09 05:17:16,30,0xadcbc1f36213b15399e0497508c50a1cda7bf08f,smart_money,P-N,50.0,1.0,2,2,0,1.0,23.96358684282542,,23.96358684282542,1307.6602777777778,3.0,3.0,38.710622037928715,-1.7053472243072,1.0,0.0,"DOGE,SUI",仓位样本不足，暂不影响权重
2713809,1831,2026-09-09 05:17:15,30,0xadeed59f446cb0a141837e8f7c22710d759cba65,smart_money,P-N,50.0,1.0,1,0,1,,,-200.47032779787423,-200.47032779787423,1739.6655555555556,10.0,10.0,0.0,-212.25121859243842,0.0,1.0,HYPE,仓位样本不足，暂不影响权重
2714666,1831,2026-09-09 05:17:16,30,0xae2445cdc416b6a70bbf84a8678a13ea6003e7f8,smart_money,P-G,46.55092746720163,0.65,29,29,0,0.6206896551724138,1.550927467201632,,1.550927467201632,30.551388888888894,11.689655172413794,25.0,3.6193600613910153,-2.93486295138057,0.06896551724137931,0.7931034482758621,"HYPE,SOL,ZEC,CASHCAT,PUMP",高杠杆/短线赌徒型，长期单降权
2713810,1831,2026-09-09 05:17:15,30,0xae58db322be15464c1831b29540e42264cff2b23,smart_money,P-R,25.0,-0.8,9,0,9,,,-3.665582786214348,-3.5743586371371685,1731.572222222222,9.777777777777779,20.0,29.658148291314863,-25.447784180614015,0.1111111111111111,0.5555555555555556,"PAXG,SEI,SOL,VIRTUAL,XRP",仓位真实收益偏反向，可作为反向参考
2714173,1831,2026-09-09 05:17:16,30,0xae67e0441a483deed7792d4572558608e5a99a49,smart_money,P-N,50.0,1.0,1,0,1,,,-57.00602362623359,-37.48524457673469,438.0083333333333,10.0,10.0,3.4417690452442558,-57.00602362623359,0.0,1.0,ZEC,仓位样本不足，暂不影响权重
2714504,1831,2026-09-09 05:17:16,30,0xae78adaba70f18c15418001263504af373884520,smart_money,P-G,44.89919306977502,0.65,146,145,1,0.4827586206896552,-0.10277370556351514,0.18437549386292432,-0.10080693022497789,11.480260654490113,22.36986301369863,40.0,1.2644691554078027,-1.534509971762005,0.04794520547945205,0.9452054794520548,"ETH,BTC,HYPE,SOL,CASHCAT",高杠杆/短线赌徒型，长期单降权
2713811,1831,2026-09-09 05:17:15,30,0xaea8e3bd369217cc6e3e6abddf0da318fba8e59b,money_printer,P-C,49.03089986991944,0.75,8,2,6,0.0,-10.340399328990928,61.448007337291735,43.50090567072107,1443.707777777778,7.75,20.0,54.441766356298785,-8.076794367744098,0.5,0.25,"APEX,HBAR,MELANIA,MOODENG,OP",仓位收益偏弱，降权参考
2714206,1831,2026-09-09 05:17:16,30,0xaeaab54bbf65bfd6efed7d2eb68372298e3c2416,money_printer,P-G,47.29250923394368,0.65,20,19,1,0.47368421052631576,0.5156029099405997,40.15563504002481,2.2925092339436817,22.499722222222225,17.0,20.0,2.939511695676532,-1.3252661256656055,0.0,1.0,"BTC,ZEC,ETH,HYPE,SOL",高杠杆/短线赌徒型，长期单降权
2714049,1831,2026-09-09 05:17:15,30,0xaecfe4eff84a1cd9a24accc1914ac537af7f6e1b,money_printer,P-C,71.07002801919019,0.75,7,6,1,0.3333333333333333,6.283953139784966,100.3125,20.684548920376894,213.28730158730158,5.285714285714286,10.0,39.48104774810026,-7.521534310581296,0.5714285714285714,0.2857142857142857,"CASHCAT,PUMP,HYPE,PURR,GRAM",仓位收益偏弱，降权参考
2714265,1831,2026-09-09 05:17:16,30,0xaede390f5b5b7cf77428030ccfc73d99a44e1602,smart_money,P-N,50.0,1.0,1,0,1,,,-0.5086843590043396,0.11528461166911519,275.9813888888889,10.0,10.0,1.2175453388666853,-3.5546908754504876,0.0,1.0,BTC,仓位样本不足，暂不影响权重
2714178,1831,2026-09-09 05:17:16,30,0xaf0fdd39e5d92499b0ed9f68693da99c0ec1e92e,money_printer,P-B,72.16932721986832,1.0,20,14,6,0.7142857142857143,6.812307738324622,-8.991385437429514,2.0795136316142515,144.949875,12.8,30.0,8.98789214603317,-6.9317446285632895,0.1,0.5,"HYPE,BTC,LIT,SOL,UNI",仓位表现普通有效
2714507,1831,2026-09-09 05:17:16,30,0xaf2825f73a90cf08baf2577818826b79e3faca9b,smart_money,P-G,44.9570657164494,0.65,701,700,1,0.5014285714285714,-0.041723311647207176,-0.8906146159272266,-0.04293428355060234,4.214078300840066,10.706134094151212,20.0,0.7726815634274935,-0.7332187085033997,0.0,0.7674750356633381,"PUMP,WLD,ZEC,LIT,SOL",高杠杆/短线赌徒型，长期单降权
2714484,1831,2026-09-09 05:17:16,30,0xaf2ac71f62f341e5823d6985492409e92c940447,smart_money,P-G,45.05851999254978,0.65,318,298,20,0.5771812080536913,0.06091812468057945,0.05674449110780244,0.05851999254978608,3.603792802236196,11.314465408805031,20.0,0.6653603931172211,-0.6215358038021143,0.16666666666666666,0.6540880503144654,"BTC,PONS,LIT,WLD,NEAR",高杠杆/短线赌徒型，长期单降权
2714660,1831,2026-09-09 05:17:16,30,0xaf313f5d2d87a40b7b4675f74f29618b5a46928e,smart_money,P-N,50.0,1.0,1,1,0,1.0,225.3639800481738,,225.3639800481738,1682.663611111111,1.0,1.0,249.06865088141083,0.0,1.0,0.0,LIT,仓位样本不足，暂不影响权重
2713812,1831,2026-09-09 05:17:15,30,0xaf37a82f0cf079a3d50674b87e889d2b270f4a44,money_printer,P-N,50.0,1.0,1,0,1,,,-88.86209814351402,-88.86209814351402,1739.6655555555556,1.0,1.0,0.0,-91.83617133708228,1.0,0.0,XPL,仓位样本不足，暂不影响权重
2714096,1831,2026-09-09 05:17:15,30,0xaf6f7a06f7bfb3bdf7bcd2c751564f4990d1efc7,smart_money,P-A,99.0,1.15,10,7,3,0.7142857142857143,8.39402183926821,35.18073628002626,14.982602132508632,298.6679722222222,7.7,20.0,20.782608666336674,-3.5806109136083166,0.4,0.3,"HYPE,LIT,VVV,ZEC,CASHCAT",仓位收益稳定，适合加权参考
2714010,1831,2026-09-09 05:17:15,30,0xaf9f722a676230cc44045efe26fe9a85801ca4fa,money_printer,P-B,65.33200056981826,1.0,1032,997,35,0.6138415245737212,0.2928820503621468,-0.48653417553624434,0.2648802581622242,34.015732127476305,9.714147286821705,20.0,1.8607837766904727,-1.6733385800695013,0.05329457364341085,0.7083333333333334,"TRUMP,HYPE,ENA,LIT,PENGU",仓位表现普通有效
2714457,1831,2026-09-09 05:17:16,30,0xb01d0612743a3401b16bef157bd69a909e3cd1dd,smart_money,P-G,44.899967309837024,0.65,51,49,2,0.42857142857142855,-0.10707775782729526,0.07257146761279021,-0.10003269016297821,17.628469498910675,10.647058823529411,19.0,1.8241097869562828,-2.00593101064463,0.0784313725490196,0.8431372549019608,"HYPE,SOL,NEAR,ETHFI,VVV",高杠杆/短线赌徒型，长期单降权
2714878,1831,2026-09-09 05:17:16,30,0xb0a55f13d22f66e6d495ac98113841b2326e9540,money_printer,P-N,50.0,1.0,2,2,0,0.5,-0.348295876800345,,-0.348295876800345,1.0015277777777778,20.0,20.0,1.0659798311182627,-0.9551937825406139,0.0,1.0,"ETH,BTC",仓位样本不足，暂不影响权重
2714560,1831,2026-09-09 05:17:16,30,0xb0a9214592fb899aefab0b615f2b870276cee092,smart_money,P-G,44.965900246518714,0.65,298,297,1,0.47474747474747475,-0.03546435932765685,0.37118818289108,-0.03409975348128525,2.372417039522745,20.0,20.0,0.17265634709948102,-0.20107967814409347,0.0,1.0,BTC,高杠杆/短线赌徒型，长期单降权
2713813,1831,2026-09-09 05:17:15,30,0xb0e6a62003899991f79ff2c35b2c5d3659a91803,smart_money,P-N,50.0,1.0,1,0,1,,,7.579889787848614,7.273255177797935,1739.6655555555556,20.0,20.0,32.070310491654624,0.0,0.0,1.0,BTC,仓位样本不足，暂不影响权重
2713977,1831,2026-09-09 05:17:15,30,0xb0fbfefc6c325964d0ffc3f909bdda80b8421326,money_printer,P-G,36.49553342079279,0.65,37,23,14,0.391304347826087,-10.370233817236022,-5.500001394285195,-8.50446657920721,307.6926876876876,10.054054054054054,25.0,4.841551511720094,-15.317500665741594,0.10810810810810811,0.6216216216216216,"BTC,LINK,ONDO,JUP,ETH",高杠杆/短线赌徒型，长期单降权
2714539,1831,2026-09-09 05:17:16,30,0xb14d1598dbfeaec11bae2a382b29adfcab9e8560,smart_money,P-G,47.34412215259369,0.65,41,38,3,0.2631578947368421,2.4979426975751244,0.39603856250800523,2.344122152593693,50.61072493224933,20.170731707317074,40.0,6.912918207924802,-0.6850457316374107,0.21951219512195122,0.5609756097560976,"BTC,ETH,LIT,ETC,WLD",高杠杆/短线赌徒型，长期单降权
2714152,1831,2026-09-09 05:17:16,30,0xb1505ad1a4c7755e0eb236aa2f4327bfc3474768,smart_money,P-N,50.0,1.0,2,1,1,0.0,-4.432697758743585,5.773487054053219,0.6703946476548168,869.8327777777777,20.0,20.0,13.701169302967745,-2.607502287282704,0.0,1.0,BTC,仓位样本不足，暂不影响权重
2714755,1831,2026-09-09 05:17:16,30,0xb19e03768f72cb1b47fcd68f7fb99460b1e789b9,smart_money,P-A,78.38552089160302,1.15,14,14,0,0.5714285714285714,6.676405981696036,,6.676405981696036,22.072579365079367,5.071428571428571,10.0,13.781642501428294,-2.4587865475627297,0.14285714285714285,0.07142857142857142,"ZEC,LIT,ENA,PUMP,CASHCAT",仓位收益稳定，适合加权参考
2714390,1831,2026-09-09 05:17:16,30,0xb2139bc97c2dc43f8825d033d08ecb9e2c8be00f,smart_money,P-G,44.49584457826478,0.65,30,25,5,0.4,-0.013881550894853056,-2.9555247759370484,-0.5041554217352188,48.63488888888889,13.4,40.0,3.366954517775726,-2.4921032744115386,0.13333333333333333,0.8333333333333334,"HYPE,ETH,BTC,AIXBT,CASHCAT",高杠杆/短线赌徒型，长期单降权
2714905,1831,2026-09-09 05:17:16,30,0xb245ed242d9f9a86e75cdb30892d9d922cd568ba,money_printer,P-N,50.0,1.0,1,1,0,1.0,0.9454850380643679,,0.9454850380643679,118.99944444444445,30.0,30.0,1.6301412024823474,-0.8446709881661287,0.0,1.0,BTC,仓位样本不足，暂不影响权重
2713814,1831,2026-09-09 05:17:15,30,0xb27bbaadcdfeab937069b4d966ee6bf5a32c999b,smart_money,P-C,75.20909176105992,0.75,9,2,7,1.0,36.57665701618063,-87.83665485097788,-53.82841011399877,1330.6905246913582,7.888888888888889,10.0,19.551706620520264,-83.59998902486714,0.2222222222222222,0.6666666666666666,"HYPE,LIT,WLD,ZEC,ONDO",仓位收益偏弱，降权参考
2714288,1831,2026-09-09 05:17:16,30,0xb28bdcb4c7db9370b73f6dbd57671416a0a57dd6,smart_money,P-G,45.33140868088922,0.65,4,3,1,0.6666666666666666,0.2612146723752729,1.9236190237050108,0.33140868088922115,97.251875,10.0,10.0,5.1191300049365465,-2.601999994254153,0.0,1.0,HYPE,高杠杆/短线赌徒型，长期单降权
2714856,1831,2026-09-09 05:17:16,30,0xb294964ceb670a21d34693da52a39c9837dd651f,smart_money,P-N,50.0,1.0,1,1,0,0.0,-14.644304367402071,,-14.644304367402071,877.0016666666667,30.0,30.0,4.010970438202937,-14.644304367402071,0.0,1.0,BTC,仓位样本不足，暂不影响权重
2714134,1831,2026-09-09 05:17:16,30,0xb2a7131040bd752a98861dc8b2089a5ccf767836,smart_money,P-G,45.4746932160128,0.65,41,34,7,0.4411764705882353,0.5443251207042863,-0.09405311480557622,0.4746932160128043,124.06150406504062,20.682926829268293,40.0,4.240987052846418,-4.632894950425567,0.2682926829268293,0.6341463414634146,"BTC,GMT,ETH,PEOPLE,BNB",高杠杆/短线赌徒型，长期单降权
2713815,1831,2026-09-09 05:17:15,30,0xb2f42334fffc3947b4c79c7e3dc3d387d391f148,smart_money,P-N,50.0,1.0,1,0,1,,,-96.09308236737735,-96.09308236737735,1739.6655555555556,1.0,1.0,0.0,-96.20812060389595,1.0,0.0,FOGO,仓位样本不足，暂不影响权重
2713816,1831,2026-09-09 05:17:15,30,0xb2f7374b222a930d20e8d556f33228211d1baf9f,money_printer,P-C,78.09142257106085,0.75,9,1,8,1.0,26.4425812798159,-26.753908425363253,-8.669945706110646,1206.025802469136,8.88888888888889,20.0,13.03397264775932,-31.80317082710458,0.0,0.5555555555555556,"HYPE,MON,ZEC,LIT,TRX",仓位收益偏弱，降权参考
2713817,1831,2026-09-09 05:17:15,30,0xb39766100347e1ffa1459492c85e8e3a2b25d3a0,smart_money,P-R,25.0,-0.8,8,0,8,,,-7.248408681382552,-7.0506251315396735,1717.3116666666667,8.5,20.0,28.935423261831296,-48.96642734237117,0.125,0.25,"AVNT,BTC,ENA,LDO,PUMP",仓位真实收益偏反向，可作为反向参考
2714389,1831,2026-09-09 05:17:16,30,0xb3c51f05eb1e2f03867a858f33c38dc2183b6b26,smart_money,P-B,74.00828328567617,1.0,26,24,2,0.7916666666666666,0.9712791781208839,-12.476476175138531,0.1824800311891292,26.962222222222216,9.884615384615385,20.0,7.071512010974652,-5.627414727184274,0.15384615384615385,0.8461538461538461,"HYPE,kPEPE,PONS,CASHCAT,ZEC",仓位表现普通有效
2713818,1831,2026-09-09 05:17:15,30,0xb3e475368ed0fa0ad23c04de0423d48a0758806f,money_printer,P-R,25.0,-0.8,5,1,4,0.0,-14.799908529613532,-33.10590946010943,-21.86121453430091,1442.735222222222,6.2,10.0,19.736480422149015,-56.2586165624135,0.4,0.4,"HYPE,LIT,MNT,PURR,AAVE",仓位真实收益偏反向，可作为反向参考
2713819,1831,2026-09-09 05:17:15,30,0xb3fe34bfb501665f4329915a7024ba5a6bec495f,smart_money,P-N,50.0,1.0,2,0,2,,,-32.0634408383932,-32.05995510688102,1739.6655555555556,7.5,10.0,2.6805695346170695,-48.027262883784545,0.0,0.5,"COMP,HYPE",仓位样本不足，暂不影响权重
2713820,1831,2026-09-09 05:17:15,30,0xb40da15b8cc492fff87d9b1e06bb45769d7e75d9,smart_money,P-A,92.52520357690472,1.15,22,14,8,0.7857142857142857,5.694250945065186,-6.527734578590137,2.1868520207049715,314.7884595959595,7.045454545454546,40.0,16.83023105247367,-13.190689508197401,0.36363636363636365,0.36363636363636365,"LIT,CASHCAT,PONS,PUMP,ZEC",仓位收益稳定，适合加权参考
2713821,1831,2026-09-09 05:17:15,30,0xb42943e70cb3e27ce45c8c6008b623f292b5dd04,smart_money,P-N,50.0,1.0,1,0,1,,,-6.523519255270717,-6.523519255270717,1739.6655555555556,6.0,6.0,21.704166206508305,-9.75181077928829,0.0,0.0,BTC,仓位样本不足，暂不影响权重
2714031,1831,2026-09-09 05:17:15,30,0xb46bf797b3efd9ae28642bbcd6f7bb6f7b52538e,smart_money,P-G,35.0,0.65,6,2,4,0.0,-12.423829168026897,-13.478044062124876,-13.126639097425551,289.28634259259263,10.833333333333334,20.0,1.9821288838917035,-18.58506183495596,0.0,0.8333333333333334,"ZEC,BTC,WLD,BNB,XMR",高杠杆/短线赌徒型，长期单降权
2714169,1831,2026-09-09 05:17:16,30,0xb48616b68d0a8c86482be79cdfdcddc023d06c3e,smart_money,P-N,50.0,1.0,1,0,1,,,-45.295669236585645,-45.295669236585645,439.0075,10.0,10.0,0.10315076931920823,-53.42206450720097,0.0,1.0,ZEC,仓位样本不足，暂不影响权重
2714577,1831,2026-09-09 05:17:16,30,0xb4d6fe0f1504a55c65a986ef55b9148a6f0dae7a,smart_money,P-G,45.00846846804192,0.65,347,346,1,0.5057803468208093,0.008649780684741063,-0.054265706374579954,0.008468468041918812,2.0576601024655776,20.0,20.0,0.3303463545465577,-0.28490292881520207,0.0,1.0,SOL,高杠杆/短线赌徒型，长期单降权
2714883,1831,2026-09-09 05:17:16,30,0xb506ddd40c5a39157c46f1b5b33f01d7964f8476,smart_money,P-N,50.0,1.0,1,1,0,1.0,81.36032159146545,,81.36032159146545,1250.6625,10.0,10.0,86.73821733192464,0.0,0.0,1.0,HYPE,仓位样本不足，暂不影响权重
2714019,1831,2026-09-09 05:17:15,30,0xb5101614ad71468a041a83e64d8b834aa17a1ed6,smart_money,P-G,53.69086285033797,0.65,4,2,2,0.5,-0.19316572849854596,21.878577774190273,8.690862850337973,453.2571527777777,15.0,20.0,19.290493023090086,-7.077219143679523,0.0,1.0,"XRP,HYPE,DOGE",高杠杆/短线赌徒型，长期单降权
2714803,1831,2026-09-09 05:17:16,30,0xb552648f037b4c60ba9c237bb503735aed0db94e,smart_money,P-N,50.0,1.0,2,2,0,1.0,5.272079090067569,,5.272079090067569,1.4991666666666668,5.0,5.0,5.539010866837949,-0.7450642853300324,0.0,0.0,"ZRO,WLFI",仓位样本不足，暂不影响权重
2714912,1831,2026-09-09 05:17:16,30,0xb56a8e43ac07b1b84d14657e0135e4fb196858a6,smart_money,P-A,95.15738411826462,1.15,7,7,0,0.7142857142857143,7.7103447162038785,,7.7103447162038785,982.7107936507936,6.142857142857143,10.0,21.46950270783463,-11.187470170546282,0.14285714285714285,0.2857142857142857,"BNB,EIGEN,TRX,USUAL,ZRO",仓位收益稳定，适合加权参考
2714872,1831,2026-09-09 05:17:16,30,0xb66d6ee35cb1d1c65423154dc6d5baf34da9c612,smart_money,P-N,50.0,1.0,1,1,0,0.0,-80.78526374953164,,-80.78526374953164,1257.6602777777778,10.0,10.0,0.0,-88.56816478621093,0.0,1.0,HYPE,仓位样本不足，暂不影响权重
2714396,1831,2026-09-09 05:17:16,30,0xb69eec8fea0081343c3b09e652ba1fa7dcf7033a,smart_money,P-G,47.32409162648087,0.65,14,11,3,0.6363636363636364,3.3154313831320037,-1.310820814573271,2.324091626480872,163.92547619047622,15.714285714285714,25.0,6.594117595694348,-4.531193123768938,0.0,1.0,"BTC,BNB,ETH,UNI,SOL",高杠杆/短线赌徒型，长期单降权
2713822,1831,2026-09-09 05:17:15,30,0xb70c6d3e997e6cdc94a5598f458c7cb7e915fd4d,smart_money,P-G,51.662924701581716,0.65,13,5,8,0.4,4.171917559257741,2.3880208212955147,6.6629247015817175,779.0241666666667,15.0,40.0,23.22522467473039,-8.60886293676129,0.0,0.6923076923076923,"BTC,AVAX,BNB,ETH,HYPE",高杠杆/短线赌徒型，长期单降权
2714733,1831,2026-09-09 05:17:16,30,0xb730e6f15b5d89254db2e84cf0a7fc3bcc2129cc,smart_money,P-C,58.20064092551286,0.75,5,5,0,0.4,0.10547044107633419,,0.10547044107633419,1.1992222222222222,3.0,3.0,2.898871946162372,-2.1924021767037827,1.0,0.0,PONS,仓位收益偏弱，降权参考
2714810,1831,2026-09-09 05:17:16,30,0xb747ec449b7b722b5e47b852fe97bfd68913c809,smart_money,P-C,50.237253066414034,0.75,5,5,0,0.4,0.12377651152692255,,0.12377651152692255,8.606166666666667,4.6,6.0,1.0904293839519543,-2.7136751317507746,0.0,0.0,ZEC,仓位收益偏弱，降权参考
2714551,1831,2026-09-09 05:17:16,30,0xb756c89e73c8711a881c009e10f79b1566f80cdb,smart_money,P-G,45.015873055340585,0.65,201,200,1,0.585,0.016076267462463108,0.039431429123898215,0.01587305534058407,3.5821227197346617,20.0,20.0,0.2982676666679248,-0.24829638975476473,0.0,1.0,BTC,高杠杆/短线赌徒型，长期单降权
2714044,1831,2026-09-09 05:17:15,30,0xb76bc3d01ac05fd8cb1078334923785f76fe0b3c,smart_money,P-B,74.78517502693174,1.0,20,17,3,0.5294117647058824,1.931801137038391,6.450402204933098,2.3580257704400784,153.85259722222224,8.05,20.0,11.40914359597894,-3.891686747227753,0.6,0.35,"BTC,CASHCAT,PUMP,LIT,HYPE",仓位表现普通有效
2713823,1831,2026-09-09 05:17:15,30,0xb7789ab9f0d568e0aa5469e3cc8eff8682fc8673,smart_money,P-G,63.57407061266072,0.65,25,12,13,0.75,28.881156414244362,6.962168039526986,18.574070612660723,975.7708111111111,10.48,20.0,39.514326138189354,-22.525914750449655,0.2,0.6,"BTC,ZEC,ETH,HYPE,INJ",高杠杆/短线赌徒型，长期单降权
2713824,1831,2026-09-09 05:17:15,30,0xb7ad15ad3457d8b4a3f9c5007bbf27c1f80092bd,smart_money,P-G,35.0,0.65,6,0,6,,,-10.82408257401479,-10.82408257401479,1739.6655555555556,20.833333333333332,40.0,26.743354339116177,-39.68881976918193,0.0,1.0,"BTC,DOGE,ETH,HYPE,SOL",高杠杆/短线赌徒型，长期单降权
2714684,1831,2026-09-09 05:17:16,30,0xb7dbd6012313c5f7d5fada7eb1213de2030970c4,smart_money,P-N,50.0,1.0,2,2,0,0.5,-39.331495540042134,,-39.331495540042134,47.99305555555556,3.0,3.0,7.273742594799251,-49.07379625804885,1.0,0.0,"PONS,LIT",仓位样本不足，暂不影响权重
2713825,1831,2026-09-09 05:17:15,30,0xb7e09a94603f4fd3b67537b4c43584fe1498ae05,smart_money,P-A,76.23852951857823,1.15,72,71,1,0.676056338028169,1.095450815806151,-2.851917084405901,1.0406262616365392,32.45386959876545,6.486111111111111,10.0,3.3442787397656315,-1.2076836281750183,0.4027777777777778,0.4583333333333333,"PUMP,PONS,CASHCAT,XMR,VVV",仓位收益稳定，适合加权参考
2714902,1831,2026-09-09 05:17:16,30,0xb7fb2b774eb5e2dad9c060fb367acbdc7fa7099b,smart_money,P-N,50.0,1.0,2,2,0,1.0,6.371091958368284,,6.371091958368284,330.49805555555554,5.0,5.0,10.438277659533718,-3.4722226528796707,0.0,0.0,"HYPE,ZEC",仓位样本不足，暂不影响权重
2714807,1831,2026-09-09 05:17:16,30,0xb8243756956e722bff5c763971b562ac551bfbd2,smart_money,P-G,44.03165988544493,0.65,3,3,0,0.0,-0.9683401145550681,,-0.9683401145550681,453.55574074074076,40.0,40.0,8.618035745929314,-2.1802387509323027,0.0,1.0,BTC,高杠杆/短线赌徒型，长期单降权
2713826,1831,2026-09-09 05:17:15,30,0xb83de012dba672c76a7dbbbf3e459cb59d7d6e36,money_printer,P-C,86.17556607106809,0.75,14,1,13,1.0,4.63239369860793,-13.63903845219936,-9.735005211866627,1556.7398214285715,5.785714285714286,10.0,19.632427148785265,-28.334194157817393,0.14285714285714285,0.21428571428571427,"XRP,APE,AVAX,DOGE,FARTCOIN",仓位收益偏弱，降权参考
2714078,1831,2026-09-09 05:17:15,30,0xb8452370507965180c053b578403ba1347ded1ad,smart_money,P-G,47.879370650397,0.65,23,17,6,0.35294117647058826,0.2107317160455479,9.263173792508887,2.8793706503969974,280.03599033816425,13.173913043478262,40.0,14.294358487688951,-5.64037304068192,0.043478260869565216,0.6521739130434783,"ETH,LIT,PENGU,ZEC,BTC",高杠杆/短线赌徒型，长期单降权
2714695,1831,2026-09-09 05:17:16,30,0xb854f7f40f0f3e1801fb6d8828b6f6dd97ebf33b,smart_money,P-G,45.50745351146248,0.65,18,18,0,0.8333333333333334,0.5074535114624782,,0.5074535114624782,1.2790123456790128,20.0,20.0,0.7738985320747959,-0.04729433565702235,0.0,1.0,"SOL,ETH,BTC",高杠杆/短线赌徒型，长期单降权
2714497,1831,2026-09-09 05:17:16,30,0xb8eb97eaed8367079894d2f1bed69bd220ec1dd5,money_printer,P-G,45.07449534266783,0.65,59,58,1,0.5517241379310345,0.07738189081915198,-0.42911404577216633,0.07449534266782903,12.457758945386065,25.0,25.0,0.42728695843443554,-0.3862566120542914,0.0,1.0,ETH,高杠杆/短线赌徒型，长期单降权
2714379,1831,2026-09-09 05:17:16,30,0xb919448d2f1797e5d9e7b9e88cd909a5089e6d4e,smart_money,P-G,35.0,0.65,15,14,1,0.2857142857142857,-12.473962530615115,8.451391559896118,-11.078938924581033,462.9535555555555,14.733333333333333,40.0,8.601213489617514,-16.11389186641477,0.13333333333333333,0.6666666666666666,"ETH,HYPE,BTC,LIT,VVV",高杠杆/短线赌徒型，长期单降权
2714190,1831,2026-09-09 05:17:16,30,0xb947763b6e64b4441b02562a63fda94f6b805162,smart_money,P-G,36.3944927074206,0.65,13,10,3,0.3,-11.610757439048069,1.4119931956495086,-8.605507292579397,172.84247863247862,10.384615384615385,20.0,6.082464537671722,-17.507817086094743,0.0,0.7692307692307693,"MON,TRUMP,ENA,ZEC,XRP",高杠杆/短线赌徒型，长期单降权
2713827,1831,2026-09-09 05:17:15,30,0xb962b4452188b4bfbaefe83c8168a3335750b2e1,smart_money,P-N,50.0,1.0,1,0,1,,,-86.98136092999121,-86.98136092999121,1739.6655555555556,1.0,1.0,0.0,-90.45763374813485,1.0,0.0,XPL,仓位样本不足，暂不影响权重
2714498,1831,2026-09-09 05:17:16,30,0xb98909dd9cf5a95fe7079ee5bb4698cdad72b05e,smart_money,P-R,25.0,-0.8,7,6,1,0.3333333333333333,-3.962003785715218,-6.09726044276501,-4.267040451008045,50.14380952380952,8.0,10.0,2.5726996715625723,-6.909040062236381,0.2857142857142857,0.7142857142857143,"HYPE,VVV,UNI,PONS",仓位真实收益偏反向，可作为反向参考
2714343,1831,2026-09-09 05:17:16,30,0xb99b8711ec0117fc816fd7ac1f9d29e061ec631b,smart_money,P-C,88.79242509439325,0.75,9,8,1,0.375,10.09418624732358,13.542986312939368,10.477386254614224,125.89345679012347,3.0,3.0,16.96234170738627,-3.3765237785322366,1.0,0.0,"HYPE,ENA,ETH,WLD,ZRO",仓位收益偏弱，降权参考
2713828,1831,2026-09-09 05:17:15,30,0xba0898f80da916730912bb2c2a18b8d76bc8985c,smart_money,P-N,50.0,1.0,1,0,1,,,-2.4733845133256156,-2.473384513325615,1739.6655555555556,3.0,3.0,0.4822477108338728,-28.316978917229964,1.0,0.0,BTC,仓位样本不足，暂不影响权重
2714561,1831,2026-09-09 05:17:16,30,0xba5f4f92f396e6de20d3dae5eefa65f4ecca806a,smart_money,P-B,74.4227287440936,1.0,182,181,1,0.6519337016574586,0.05390315498378819,-0.10583489755981033,0.05302547337640577,3.989058302808304,3.631868131868132,25.0,0.29698249328231846,-0.21431435883233654,0.7362637362637363,0.06593406593406594,ETH,仓位表现普通有效
2713989,1831,2026-09-09 05:17:15,30,0xba6de73b64eca3ff95c4ab7e5328912c360bd003,smart_money,P-G,45.57952357234062,0.65,22,17,5,0.5294117647058824,2.204997433138686,-5.0868557737280495,0.5795235723406189,308.89425505050497,13.227272727272727,40.0,6.05721669011038,-5.913073837722475,0.09090909090909091,0.5909090909090909,"ETH,BCH,XMR,BTC,AERO",高杠杆/短线赌徒型，长期单降权
2714107,1831,2026-09-09 05:17:16,30,0xba939edf38c0ae0cc689c98b492e0535f43e4550,smart_money,P-B,78.79410897852682,1.0,17,15,2,0.7333333333333333,2.622243857340628,-20.900756959967488,-0.03950384311814759,224.29297385620916,9.470588235294118,20.0,8.163725535293326,-8.743039716906807,0.0,0.5882352941176471,"NEAR,ETH,BTC,HYPE,TAO",仓位表现普通有效
2713829,1831,2026-09-09 05:17:15,30,0xbadbb1de95b5f333623ebece7026932fa5039ee6,money_printer,P-N,50.0,1.0,2,0,2,,,102.3882826943274,102.38828269432742,1739.6655555555556,12.5,20.0,108.48788399468987,-15.1227840258183,0.0,0.5,"ETH,HYPE",仓位样本不足，暂不影响权重
2714664,1831,2026-09-09 05:17:16,30,0xbae5e1fd212efdfae8a9ff44d5667c95f10f7902,smart_money,P-B,58.5469148725613,1.0,3,3,0,0.6666666666666666,2.721184496015671,,2.721184496015671,17.0025,7.666666666666667,10.0,5.635090681264059,-3.7369692019171015,0.3333333333333333,0.6666666666666666,"ARB,PONS,UNI",仓位表现普通有效
2714787,1831,2026-09-09 05:17:16,30,0xbb088e9852e18b1df8890d8d0f48bdcec0ab0964,smart_money,P-N,50.0,1.0,1,1,0,0.0,-29.612276243637254,,-29.612276243637254,1430.6722222222222,20.0,20.0,5.465596001228154,-34.49338957582399,0.0,1.0,SOL,仓位样本不足，暂不影响权重
2714578,1831,2026-09-09 05:17:16,30,0xbb160cb61e694570f9d570f9fcde7c61dd2143ad,smart_money,P-C,60.98750693070104,0.75,355,354,1,0.4435028248587571,-0.02893260325406385,0.0020228813162962316,-0.02884540470597833,2.031013302034428,4.349295774647888,5.0,0.17670906738070802,-0.18252347300663693,0.2591549295774648,0.0,BTC,仓位收益偏弱，降权参考
2713830,1831,2026-09-09 05:17:15,30,0xbb34960afec64f3f1cc78b0c9c342c4657021696,smart_money,P-B,74.24295434757721,1.0,10,6,4,0.6666666666666666,2.3323646210823252,7.15141058609359,4.288143840455275,493.63436111111105,9.6,10.0,13.608489056379067,-7.401107462423032,0.0,0.9,"PUMP,HYPE,BTC,ETH",仓位表现普通有效
2714776,1831,2026-09-09 05:17:16,30,0xbb475febf78b528f4f0d4ae1a12541406565199c,money_printer,P-G,44.86261565193809,0.65,20,20,0,0.5,-0.13738434806190913,,-0.13738434806190913,22.051055555555557,13.0,13.0,0.45981275850656633,-0.5119589158496384,0.0,1.0,BTC,高杠杆/短线赌徒型，长期单降权
2714359,1831,2026-09-09 05:17:16,30,0xbb828515677729c4db2f790a52cf14b1c659e19f,smart_money,P-B,56.10869480043564,1.0,2529,2488,41,0.5080385852090032,0.0623517641286001,0.022170061335342033,0.06540498433212341,12.016278832213002,7.377224199288256,20.0,1.7003903020717765,-1.6268287658335674,0.22894424673784106,0.4792408066429419,"UNI,CRV,HEMI,XRP,LIT",仓位表现普通有效
2714032,1831,2026-09-09 05:17:15,30,0xbb8d8e9428b4ad06b1f6de7cba830ae13a86bd13,smart_money,P-N,50.0,1.0,1,0,1,,,31.57121185875734,31.571211858757337,1083.7127777777778,20.0,20.0,32.99896592811889,-4.7407753386268165,0.0,1.0,ETH,仓位样本不足，暂不影响权重
2714156,1831,2026-09-09 05:17:16,30,0xbb97757984fa4408c13bd3b4a9189f520bf317d3,money_printer,P-C,76.67620234837325,0.75,24,10,14,0.7,-6.922134311425637,-2.093379714538443,-4.0629550343714085,258.71134259259253,5.916666666666667,20.0,11.504381971795652,-16.74388876055363,0.375,0.25,"PONS,FARTCOIN,VVV,BTC,ONDO",仓位收益偏弱，降权参考
2714360,1831,2026-09-09 05:17:16,30,0xbb9f0315243db63fc34c51f96ad5bb7ce6e275e2,smart_money,P-B,100.0,1.0,3,1,2,1.0,26.399020851099557,10.384225257128193,15.722490455118647,196.3328703703704,1.6666666666666667,2.0,24.967055616308148,-10.68540994571382,1.0,0.0,"CASHCAT,PONS,HYPE",仓位表现普通有效
2714584,1831,2026-09-09 05:17:16,30,0xbba0681681815bd70f9075e0235e7997b7b519d9,smart_money,P-C,45.44908218956219,0.75,84,82,2,0.4146341463414634,-0.13594371486432097,0.4922231682920588,-0.12098736050345475,19.570648148148145,8.238095238095237,10.0,3.419660556566262,-2.498584834869011,0.047619047619047616,0.6666666666666666,"ENA,kPEPE,NEAR,PENGU,ETHFI",仓位收益偏弱，降权参考
2713831,1831,2026-09-09 05:17:15,30,0xbbe9e1588a359337c3235de3b808da991cfc2efe,smart_money,P-G,61.26234874335535,0.65,6,1,5,1.0,4.05618006039229,20.022191730171645,16.262348743355354,934.7181481481481,19.166666666666668,40.0,25.121751098815963,-12.76128333416211,0.0,0.8333333333333334,"ETH,ADA,HYPE,LIT,BTC",高杠杆/短线赌徒型，长期单降权
2713832,1831,2026-09-09 05:17:15,30,0xbbf7d7a9d0eaeab4115f022a6863450296112422,smart_money,P-G,46.982770249319536,0.65,23,4,19,0.75,2.7750358868673395,-3.2095330707480305,1.9827702493195336,1407.1734299516909,12.608695652173912,40.0,10.809503551389499,-9.832624801830619,0.0,0.9565217391304348,"kSHIB,AAVE,ADA,AVAX,BCH",高杠杆/短线赌徒型，长期单降权
2714638,1831,2026-09-09 05:17:16,30,0xbc1bc64be47052fbab69d12fe5da1c3327788d1b,money_printer,P-B,100.0,1.0,3,3,0,1.0,4.237989687908194,,4.237989687908194,202.33861111111113,3.6666666666666665,5.0,8.507538505135242,-0.9765765344370494,0.6666666666666666,0.0,"BTC,ETH",仓位表现普通有效
2713833,1831,2026-09-09 05:17:15,30,0xbc433ba7c34752448c5361e5ed3038628a1753b0,money_printer,P-C,42.233405442462214,0.75,16,5,11,0.4,-5.562779537617871,-12.06480726443807,-8.653897192048518,1031.8986979166666,6.75,20.0,25.616508049338055,-32.42317973652973,0.625,0.375,"HYPE,PONS,BNB,BTC,ETH",仓位收益偏弱，降权参考
2713834,1831,2026-09-09 05:17:15,30,0xbc5bf88fd012612ba92c5bd96e183955801b7fdc,smart_money,P-G,52.654775106267415,0.65,4,2,2,0.0,-2.660705114823184,20.844104502766708,7.654775106267417,536.6638888888889,16.25,25.0,16.48093000011189,-4.54775345514153,0.0,1.0,"AAVE,SOL,SUI,ETH",高杠杆/短线赌徒型，长期单降权
2713835,1831,2026-09-09 05:17:15,30,0xbc6d435e62e54273bf756fe6262dd66dbd6b0c02,smart_money,P-C,68.81277630803207,0.75,10,5,5,0.6,2.072222868498094,-6.912026383849868,-1.0936118459839637,1455.6898888888886,7.6,20.0,18.841782233330044,-18.33729201272627,0.2,0.4,"LTC,NEAR,OP,GRASS,ZRO",仓位收益偏弱，降权参考
2714852,1831,2026-09-09 05:17:16,30,0xbc80d11005f958934735d61f5b71f05060cb1d9c,smart_money,P-N,50.0,1.0,1,1,0,1.0,30.49232272079672,,30.49232272079672,1287.66,13.0,13.0,48.74657925547672,0.0,0.0,1.0,BTC,仓位样本不足，暂不影响权重
2714164,1831,2026-09-09 05:17:16,30,0xbc927e87d072dfac3693846a83fa6922cc6c5f2a,smart_money,P-R,25.0,-0.8,5,3,2,0.3333333333333333,-1.367522382039202,-45.62902240525088,-11.081392466918748,242.40349999999998,8.6,10.0,1.3284711410553693,-20.84450733376816,0.2,0.8,"BTC,HYPE,ZEC",仓位真实收益偏反向，可作为反向参考
2714687,1831,2026-09-09 05:17:16,30,0xbc9f1c4b09dbce9849e201cb0729d8582266cac7,smart_money,P-N,50.0,1.0,1,1,0,1.0,0.060774930592259455,,0.060774930592259455,20.99972222222222,40.0,40.0,0.1373714340246618,-0.22803155775942144,0.0,1.0,BTC,仓位样本不足，暂不影响权重
2713836,1831,2026-09-09 05:17:15,30,0xbcd420d13362532756c968f663f96ba95e240dd2,money_printer,P-G,43.8838696032917,0.65,52,34,18,0.4117647058823529,-0.9012613451348499,-2.7061062754465106,-1.116130396708302,319.7681677350429,13.134615384615385,40.0,12.0396942535607,-9.642476891039612,0.21153846153846154,0.6153846153846154,"BTC,PONS,FARTCOIN,AAVE,LIT",高杠杆/短线赌徒型，长期单降权
2713837,1831,2026-09-09 05:17:15,30,0xbcfbbf38789d63721e800f1f8595af816e52c417,smart_money,P-N,50.0,1.0,1,0,1,,,52.170530161430364,52.170530161430364,1739.6655555555556,5.0,5.0,58.1368577223624,-9.215093712367835,0.0,0.0,HYPE,仓位样本不足，暂不影响权重
2714177,1831,2026-09-09 05:17:16,30,0xbd1b3513bb0ce1529242cfb28926618809592362,smart_money,P-C,88.3714997185951,0.75,6,2,4,1.0,1.2274662142697137,-3.0344335065060277,-1.5383397259540068,130.99736111111108,8.333333333333334,10.0,1.8811434376756113,-4.3449658765275645,0.0,0.6666666666666666,"PAXG,HYPE,PENDLE,BTC",仓位收益偏弱，降权参考
2714261,1831,2026-09-09 05:17:16,30,0xbd1c84113c6deb5044be0c2221f9e9403811ff0e,smart_money,P-G,57.239450278950066,0.65,3,2,1,1.0,18.207630484401044,0.30308986804811394,12.239450278950066,553.8888888888888,20.0,20.0,13.397679156348387,-1.610595084086935,0.0,1.0,BTC,高杠杆/短线赌徒型，长期单降权
2714258,1831,2026-09-09 05:17:16,30,0xbd49d787655919f7ccf051d372a15e4363dd3d01,money_printer,P-C,65.41353452971275,0.75,9,8,1,0.375,4.513589208849307,-4.313721211856731,3.532776939881969,969.2612037037038,4.555555555555555,10.0,15.242650189143781,-13.128279986477283,0.4444444444444444,0.2222222222222222,"HYPE,PUMP,LTC,ASTER,NEAR",仓位收益偏弱，降权参考
2714623,1831,2026-09-09 05:17:16,30,0xbd6a65ef504a12f0ed8e8dfd3253b02ebc62c00d,smart_money,P-C,67.10110960653813,0.75,16,16,0,0.4375,0.7174548899894406,,0.7174548899894406,13.999218749999999,2.375,3.0,4.734025841588671,-8.992647698344872,1.0,0.0,"PONS,CASHCAT",仓位收益偏弱，降权参考
2714700,1831,2026-09-09 05:17:16,30,0xbd9c944dcfb31cd24c81ebf1c974d950f44e42b8,money_printer,P-G,45.34990689003585,0.65,76,76,0,0.4342105263157895,0.3499068900358469,,0.3499068900358469,25.565233918128655,10.5,40.0,3.633553958886884,-3.6672768199321704,0.10526315789473684,0.6973684210526315,"HYPE,ZEC,SOL,kPEPE,PUMP",高杠杆/短线赌徒型，长期单降权
2713838,1831,2026-09-09 05:17:15,30,0xbda495ebf6fc94d61f9a7f22b9877273378ed82b,smart_money,P-B,82.97930512322982,1.0,646,515,131,0.5864077669902913,0.5570485058093536,-0.8551589426228248,0.2130587355305674,203.15799019607866,4.520123839009288,12.0,6.364635895868153,-7.289589312729767,0.43808049535603716,0.02476780185758514,"PONS,HYPE,ACE,XMR,VVV",仓位表现普通有效
2713839,1831,2026-09-09 05:17:15,30,0xbe19541903f64af97bcf8436f4d15bf3a56b8bd1,money_printer,P-A,100.0,1.15,8,1,7,1.0,56.702405743482366,11.998251413778748,20.89562644717002,1471.1195833333336,5.625,10.0,41.42578868686189,-19.65818521090974,0.375,0.125,"CHIP,FARTCOIN,HYPE,MEGA,WLFI",仓位收益稳定，适合加权参考
2713975,1831,2026-09-09 05:17:15,30,0xbe494a5e3a719a78a45a47ab453b7b0199b9d101,money_printer,P-G,37.78165393647519,0.65,3,1,2,0.0,-2.232132399447173,-9.711452895563633,-7.218346063524813,1079.9581481481482,16.666666666666668,20.0,13.341605158374458,-12.747320961735172,0.0,1.0,"BTC,HYPE",高杠杆/短线赌徒型，长期单降权
2714371,1831,2026-09-09 05:17:16,30,0xbe4e91ae63090eeb4165dfcfc35db3a4eb76e75e,money_printer,P-C,46.270818030001124,0.75,9,6,3,0.5,-2.7142452659009884,-0.11781279153799422,-2.1913590877516214,192.2960185185185,14.88888888888889,40.0,5.327801426800329,-5.646428138224324,0.3333333333333333,0.4444444444444444,"BTC,PEOPLE,JTO,HYPE,ETH",仓位收益偏弱，降权参考
2714314,1831,2026-09-09 05:17:16,30,0xbeac67cc882dad6003b5a67a986249aeb17ac264,smart_money,P-G,48.33585278501536,0.65,12,9,3,0.3333333333333333,3.3010228914437794,3.440342465730108,3.335852785015362,94.24861111111112,14.416666666666666,40.0,8.098442501119822,-1.9631467022817677,0.08333333333333333,0.8333333333333334,"BTC,ETH,BNB,HYPE,SYRUP",高杠杆/短线赌徒型，长期单降权
2713840,1831,2026-09-09 05:17:15,30,0xbec5dab4a914d9c9d28dfc4aa120be59ab7b010f,smart_money,P-G,35.0,0.65,10,5,5,0.0,-13.094090163106717,-25.032670339393526,-18.03544569301166,655.2301944444445,13.0,20.0,6.158986743616982,-22.34165815183936,0.0,0.8,"NEAR,TAO,SOL,BTC,HYPE",高杠杆/短线赌徒型，长期单降权
2714073,1831,2026-09-09 05:17:15,30,0xbeccae9ffcb69e9d42a1d4e744abf8056149562d,smart_money,P-G,45.22160571268973,0.65,1774,1730,44,0.584971098265896,0.22138689382602988,-0.21611989220614342,0.22160571268972862,20.427975698359013,11.112739571589628,40.0,1.6434748366253609,-1.3521957762351544,0.15107102593010147,0.5896279594137542,"ETH,HYPE,BTC,SOL,VVV",高杠杆/短线赌徒型，长期单降权
2713841,1831,2026-09-09 05:17:15,30,0xbed01252c3542b02be6162c00ce636720d3c05bd,smart_money,P-N,50.0,1.0,1,0,1,,,-80.40796963946869,-80.40796963946867,1739.6655555555556,5.0,5.0,0.0,-88.13514653173098,0.0,0.0,kPEPE,仓位样本不足，暂不影响权重
2713842,1831,2026-09-09 05:17:15,30,0xbf1935fe7ab6d0aa3ee8d3da47c2f80e215b2a1c,smart_money,P-G,45.04781465621311,0.65,600,596,4,0.4949664429530201,-0.048267569769847515,14.36406632767467,0.047814656213115904,9.405598148148137,19.983333333333334,20.0,0.3614412071967025,-0.2756098572652333,0.0,1.0,"ETH,BTC,HYPE,SOL",高杠杆/短线赌徒型，长期单降权
2714257,1831,2026-09-09 05:17:16,30,0xbf52c3c8fd04185fc819fd0c5165ae31773f931c,smart_money,P-B,68.98348196389256,1.0,3,2,1,0.5,0.3172491125592948,2.683905899925317,1.106134708347969,579.8885185185185,3.6666666666666665,5.0,15.395871123868814,-1.039019836038067,0.6666666666666666,0.0,SOL,仓位表现普通有效
2713843,1831,2026-09-09 05:17:15,30,0xbf6dd537825deeec24eb456e133c91b8d014ecc0,smart_money,P-G,45.88717245587575,0.65,6,1,5,1.0,32.87128837981818,-5.4957276864606985,0.887172455875748,429.6094444444445,14.166666666666666,40.0,13.734659210957666,-8.297394506363212,0.0,0.8333333333333334,"HYPE,BTC,UNI,ASTER,ARB",高杠杆/短线赌徒型，长期单降权
2714320,1831,2026-09-09 05:17:16,30,0xbf732ea04197942783e34730ed6e0f6099575d58,money_printer,P-G,49.551922038578724,0.65,34,33,1,0.45454545454545453,3.3879793522467367,42.962030687534394,4.551922038578725,27.353521241830066,19.294117647058822,40.0,8.96197311309532,-1.8325195459130312,0.058823529411764705,0.9411764705882353,"ZEC,BTC,ETH,NEAR,PUMP",高杠杆/短线赌徒型，长期单降权
2714696,1831,2026-09-09 05:17:16,30,0xbf740cfaa6c1e9cb1b8c882df405040431480192,smart_money,P-N,50.0,1.0,1,1,0,0.0,-21.385555260069218,,-21.385555260069218,47.98777777777778,5.0,5.0,0.26058046545062324,-30.64487156457698,0.0,0.0,ARB,仓位样本不足，暂不影响权重
2713844,1831,2026-09-09 05:17:15,30,0xbfa317b7468a97e4e6a7a3c138b86ca0b7395477,smart_money,P-B,83.30176513508516,1.0,877,751,126,0.5872170439414115,0.6510667020422415,-0.11433668727548627,0.5885938973240713,142.28304225262914,4.818700114025085,12.0,5.022198290950217,-5.228110760250053,0.3865450399087799,0.04903078677309008,"HYPE,LIT,ZEC,MET,BTC",仓位表现普通有效
2713845,1831,2026-09-09 05:17:15,30,0xbfc79c444c41a74516bf31237ebf586a231480b4,money_printer,P-C,66.55918069555418,0.75,40,7,33,0.7142857142857143,-1.0806294521008843,-9.88770119599148,-8.470409652222914,537.8009374999997,8.2,40.0,15.142758477231903,-23.843337264584175,0.25,0.425,"BOME,NEAR,STBL,UNI,BTC",仓位收益偏弱，降权参考
2714540,1831,2026-09-09 05:17:16,30,0xc029043cd00b80363130fa058818459a521842a1,smart_money,P-B,72.03017839430417,1.0,318,317,1,0.48580441640378547,0.011896003995408216,0.02417685368469681,0.011934623019588364,2.264171907756813,3.0,3.0,0.4195744794944341,-0.3612534461721124,1.0,0.0,HYPE,仓位表现普通有效
2713846,1831,2026-09-09 05:17:15,30,0xc06103cbd0ba469640d4139621977f65ca8e7041,smart_money,P-G,44.57612891988457,0.65,36,29,7,0.41379310344827586,0.0164658632429783,-2.5579723434187684,-0.42387108011543617,203.5689583333333,20.305555555555557,40.0,3.3563582680003403,-4.293246923291966,0.05555555555555555,0.6666666666666666,"BTC,kPEPE,XRP,XMR,DASH",高杠杆/短线赌徒型，长期单降权
2714170,1831,2026-09-09 05:17:16,30,0xc0b2a1ce425d0cd8bc321c445fa6ae0eaed2e688,smart_money,P-B,90.87409788943191,1.0,57,53,4,0.8679245283018868,5.890697605398616,0.7523289594588651,5.498286945377988,121.02390838206628,11.052631578947368,20.0,9.030776027200297,-2.568051270012834,0.15789473684210525,0.543859649122807,"ETH,BTC,ZEC,LIT,UNI",仓位表现普通有效
2714759,1831,2026-09-09 05:17:16,30,0xc0de1b88583d7d98abcf8f1efcd4ee2d8d031691,smart_money,P-N,50.0,1.0,2,2,0,1.0,1.4859627622846066,,1.4859627622846066,96.49805555555555,17.5,25.0,10.906636720092763,-4.551058697400159,0.0,1.0,"FARTCOIN,ETH",仓位样本不足，暂不影响权重
2714391,1831,2026-09-09 05:17:16,30,0xc0f06a313e20b7ad93a65dcdf0f208998d1a4596,smart_money,P-C,67.2164072150762,0.75,12,10,2,0.2,3.850580267884579,8.841896611936699,3.7122973772999717,429.75030092592584,3.0,3.0,18.49003056364923,-20.246480557771196,1.0,0.0,"PONS,CASHCAT,2Z,MET,PURR",仓位收益偏弱，降权参考
2713847,1831,2026-09-09 05:17:15,30,0xc16b8ddcef47a74c9b76cd28e6834270090d72dd,smart_money,P-N,50.0,1.0,2,0,2,,,65.53885633872932,65.53885633872932,1739.6655555555556,3.0,3.0,72.33596264453993,-7.330828311160801,1.0,0.0,"CAKE,MOVE",仓位样本不足，暂不影响权重
2713848,1831,2026-09-09 05:17:15,30,0xc1e42f862d202b4a0ed552c1145735ee088f6ccf,smart_money,P-B,100.0,1.0,29,4,25,1.0,1.4397048280937021,0.4094586582982508,1.2540692584940794,1331.683515325671,8.724137931034482,20.0,9.838880063081447,-9.866541271333496,0.034482758620689655,0.4827586206896552,"GRAM,HYPE,ADA,ALGO,AVAX",仓位表现普通有效
2714098,1831,2026-09-09 05:17:16,30,0xc1fd39727cd10fe97ccac228888f025309560a93,smart_money,P-B,70.70305719075043,1.0,2250,2153,97,0.5462145843009754,0.3789108211958597,-0.026134612257984576,0.35401814484107175,37.03032851851843,5.669777777777778,40.0,2.8770932246221697,-2.5742169912492945,0.3728888888888889,0.212,"2Z,MOVE,ZETA,ENA,ZRO",仓位表现普通有效
2713849,1831,2026-09-09 05:17:15,30,0xc28e23e7d7d6cc0c9c6f08146c71e7d168cae45a,smart_money,P-G,35.0,0.65,5,1,4,1.0,13.7438581990173,-29.858415050926006,-17.528623908141626,1473.1322222222223,16.0,20.0,8.593474088659201,-32.30290940683806,0.0,1.0,"BNB,BTC,ETH,SOL,HYPE",高杠杆/短线赌徒型，长期单降权
2713850,1831,2026-09-09 05:17:15,30,0xc30b67a08e962b40f1fa0a4c1052c118ac0a61c6,smart_money,P-C,0.43787921386329387,0.75,3,0,3,,,-15.360412931103186,-15.153738885717418,1068.5606481481482,8.333333333333334,10.0,8.809929997862472,-25.0802207701087,0.0,0.6666666666666666,"LINK,GRAM,PAXG",仓位收益偏弱，降权参考
2714247,1831,2026-09-09 05:17:16,30,0xc30c7ea910a71ce06ae840868b0c7e47616ba4c9,money_printer,P-C,55.91398930406061,0.75,61,58,3,0.43103448275862066,-1.02009761461068,-1.8340181985406838,-1.0308515887837166,39.294203096539164,8.491803278688524,20.0,1.3673365179885792,-2.034712412994547,0.0,0.4098360655737705,"BTC,ETH,ZEC,XRP,SOL",仓位收益偏弱，降权参考
2713851,1831,2026-09-09 05:17:15,30,0xc38de07f12cdb9122c676ef83aeb2511682cd79f,smart_money,P-N,50.0,1.0,2,1,1,0.0,-20.259650091244477,11.653472814555286,-4.303088638344595,968.3336111111112,10.5,20.0,31.720893764188723,-11.432949400769063,0.5,0.5,"ETH,CASHCAT",仓位样本不足，暂不影响权重
2714594,1831,2026-09-09 05:17:16,30,0xc3b1951ceffdcaf25640cb37ce1d6cf125579a03,smart_money,P-B,64.09190718199032,1.0,24,24,0,0.5,0.14489738243713013,,0.14489738243713013,6.458263888888889,3.1666666666666665,7.0,1.2142298219205045,-1.4935825125903046,0.7083333333333334,0.0,"SOL,ETH,PONS,HYPE,ZEC",仓位表现普通有效
2713852,1831,2026-09-09 05:17:15,30,0xc3d101ae37bba62baf199c6d5e5d8f0eecfd200e,smart_money,P-G,43.68456956550621,0.65,52,50,2,0.56,0.0906618863861804,-43.77850714383942,-1.3154304344937946,68.58407585470084,10.057692307692308,40.0,1.5312099275436657,-2.8605626284853116,0.019230769230769232,0.8269230769230769,"HYPE,ZEC,LIT,PUMP,SOL",高杠杆/短线赌徒型，长期单降权
2713853,1831,2026-09-09 05:17:15,30,0xc4241dc9bfeb5126c0766df35a87ed3fbd630c78,smart_money,P-C,55.94202898550725,0.75,69,0,69,,,14.595060320246727,14.595060320246725,1739.6655555555587,5.695652173913044,20.0,46.72550305038863,-36.39067658350543,0.37681159420289856,0.2028985507246377,"2Z,APT,ARB,ASTER,AVAX",仓位收益偏弱，降权参考
2713854,1831,2026-09-09 05:17:15,30,0xc44ffe108058eceec48e6a13e2df17a90ec62142,smart_money,P-N,50.0,1.0,1,0,1,,,-33.11455275020033,-33.11455275020033,1739.6655555555556,10.0,10.0,21.423534523847117,-38.3337303662087,0.0,1.0,HYPE,仓位样本不足，暂不影响权重
2713855,1831,2026-09-09 05:17:15,30,0xc4643e390f49d1616b5108bf0eac309f7c0eb868,smart_money,P-C,56.20566796625268,0.75,19,13,6,0.5384615384615384,-0.09685819422816307,-9.156502890889254,-2.742351025686383,436.38321637426884,8.842105263157896,10.0,6.22292590873622,-11.82082116201833,0.05263157894736842,0.7894736842105263,"ZEC,LIT,LTC,TRUMP,HYPE",仓位收益偏弱，降权参考
2714039,1831,2026-09-09 05:17:15,30,0xc46e57114835d392ce1aef7b3c884d953bffc761,smart_money,P-N,50.0,1.0,1,0,1,,,51.91908100197195,18.282461958452405,1022.0080555555555,10.0,10.0,57.87554970226483,-5.4158054443906885,0.0,1.0,HYPE,仓位样本不足，暂不影响权重
2713987,1831,2026-09-09 05:17:15,30,0xc49ec554731a81f4bf4f3504cfb1dd3c484ccf74,money_printer,P-C,44.65231093767036,0.75,16,9,7,0.4444444444444444,-8.930557124345901,-25.60725080961573,-12.621298738854684,517.9483680555555,6.875,10.0,15.690212835067985,-24.068187172994246,0.0,0.375,"LIT,KAITO,NEAR,ZEC,GRAM",仓位收益偏弱，降权参考
2714885,1831,2026-09-09 05:17:16,30,0xc4b2879001501f32bc319546a2da38ea7f5b9736,smart_money,P-N,50.0,1.0,1,1,0,1.0,11.6649289150446,,11.6649289150446,387.99944444444446,10.0,10.0,21.387651177593884,-1.3718132494459343,0.0,1.0,UNI,仓位样本不足，暂不影响权重
2714806,1831,2026-09-09 05:17:16,30,0xc5ba14d33b352090f699c82d0a1d0e8fe5a0679b,smart_money,P-C,41.492288337203604,0.75,11,11,0,0.45454545454545453,-1.779001075371142,,-1.779001075371142,31.73002525252525,9.545454545454545,10.0,0.5954458125562652,-2.206039821766444,0.0,0.9090909090909091,"BTC,ETH,ADA",仓位收益偏弱，降权参考
2714654,1831,2026-09-09 05:17:16,30,0xc5ed4501500fcbfb2b88fb7f0aa52f834ed44346,smart_money,P-G,44.912680036139356,0.65,68,68,0,0.5,-0.08731996386064236,,-0.08731996386064236,4.367614379084967,9.485294117647058,10.0,0.8422439786434114,-0.857382917396301,0.07352941176470588,0.9264705882352942,"HYPE,PURR",高杠杆/短线赌徒型，长期单降权
2713856,1831,2026-09-09 05:17:15,30,0xc5f033a47dde827133850ced50009c3802c989ba,smart_money,P-N,50.0,1.0,1,0,1,,,-11.890036017122977,-6.852646143979138,1739.6655555555556,20.0,20.0,15.128771499022593,-15.280964681716702,0.0,1.0,BTC,仓位样本不足，暂不影响权重
2714033,1831,2026-09-09 05:17:15,30,0xc613bd93c62e62bf3e583c36ae8c4118f1fb2456,money_printer,P-N,50.0,1.0,1,0,1,,,-20.374118807300366,1.6037634443416902,1083.7127777777778,40.0,40.0,3.363151357279528,-24.022165268527885,0.0,1.0,BTC,仓位样本不足，暂不影响权重
2713857,1831,2026-09-09 05:17:15,30,0xc646851ce5d79117d5086a5aaf5c81922f94efd9,smart_money,P-N,50.0,1.0,2,0,2,,,29.871690635595755,16.992978106434357,1710.1256944444444,4.0,5.0,32.27753052736669,-13.208976448360342,0.5,0.0,"BTC,ETH",仓位样本不足，暂不影响权重
2714194,1831,2026-09-09 05:17:16,30,0xc6758a779bccee1ef0190dbe8292fdf44076795d,money_printer,P-G,49.91640212894494,0.65,20,18,2,0.7222222222222222,4.506796791076397,7.808850525832227,4.91640212894494,91.44913888888891,15.75,40.0,7.569019024324071,-1.5585770913867247,0.0,0.75,"BTC,HYPE,SOL,ETH,ZEC",高杠杆/短线赌徒型，长期单降权
2714307,1831,2026-09-09 05:17:16,30,0xc6877a65349b0fa45cc61a267ee682c7abf2b369,smart_money,P-N,50.0,1.0,2,1,1,0.0,-10.343649319110932,-4.954172078813045,-7.648910698961989,741.8254166666667,5.0,5.0,3.0249551870045517,-31.231972142653188,0.0,0.0,HYPE,仓位样本不足，暂不影响权重
2714011,1831,2026-09-09 05:17:15,30,0xc69ae428f6049e78d445f053d2c1df879c59b34c,smart_money,P-B,87.21773290825709,1.0,31,21,10,0.6190476190476191,6.642282888429857,9.942559101663953,7.114423576355031,330.04258960573475,8.580645161290322,20.0,21.938284650912973,-4.373439543499277,0.06451612903225806,0.6129032258064516,"kPEPE,NEAR,LTC,BCH,ETH",仓位表现普通有效
2713858,1831,2026-09-09 05:17:15,30,0xc6aa7b1f1dbe24ca2f12c193b60eb05230270e75,smart_money,P-C,66.39380646294786,0.75,161,121,40,0.628099173553719,-0.9519525297281061,-11.003991971364513,-3.0163815075025004,182.32121808143552,9.490683229813664,20.0,4.586604164667208,-10.17713685838505,0.09937888198757763,0.6770186335403726,"MON,ADA,LTC,XRP,LIT",仓位收益偏弱，降权参考
2714898,1831,2026-09-09 05:17:16,30,0xc6ac58a7a63339898aeda32499a8238a46d88e84,money_printer,P-N,50.0,1.0,1,1,0,1.0,0.11990706725574357,,0.11990706725574357,542.0033333333333,5.0,5.0,0.3585965527369083,-3.933182944213022,0.0,0.0,BTC,仓位样本不足，暂不影响权重
2714753,1831,2026-09-09 05:17:16,30,0xc6cd4f327ebda9a78cc52414aa5101c211b5e4d9,smart_money,P-G,47.415112847361854,0.65,7,7,0,1.0,2.415112847361851,,2.415112847361851,10.714960317460319,21.714285714285715,40.0,2.3898410171258933,-0.2380148100236633,0.14285714285714285,0.8571428571428571,"BTC,ZEC,PONS",高杠杆/短线赌徒型，长期单降权
2713859,1831,2026-09-09 05:17:15,30,0xc6d7fdfbcb55d6cad6570c5838de394d2aa24015,money_printer,P-N,50.0,1.0,1,0,1,,,-8.086372345106746,-8.086372345106746,1739.6655555555556,20.0,20.0,20.555453822417668,-11.362027544474847,0.0,1.0,BTC,仓位样本不足，暂不影响权重
2714725,1831,2026-09-09 05:17:16,30,0xc6e7a7632505525268290eca08ee02a3100441c1,smart_money,P-N,50.0,1.0,2,2,0,0.0,-28.740452241431157,,-28.740452241431157,1588.6625,7.5,10.0,20.55252326299471,-37.85272697566678,0.0,0.5,"HYPE,XMR",仓位样本不足，暂不影响权重
2713860,1831,2026-09-09 05:17:15,30,0xc7290b4b308431a985fa9e3e8a335c2f7650517c,money_printer,P-N,50.0,1.0,1,0,1,,,-217.40355639816022,-217.40355639816022,1739.6655555555556,10.0,10.0,0.0,-229.84836804774324,0.0,1.0,HYPE,仓位样本不足，暂不影响权重
2713861,1831,2026-09-09 05:17:15,30,0xc74a955d699b771a8c3be0a425567e31bde1ab93,smart_money,P-N,50.0,1.0,1,0,1,,,62.74016057799335,62.74016057799335,1739.6655555555556,5.0,5.0,70.40531658967686,0.0,0.0,0.0,SOL,仓位样本不足，暂不影响权重
2714797,1831,2026-09-09 05:17:16,30,0xc7abcfeaf42bd7afae393863f5e7fc470a662bf8,smart_money,P-G,44.21416898656741,0.65,3,3,0,0.0,-0.7858310134325938,,-0.7858310134325938,120.33277777777778,15.0,20.0,1.2657014191797256,-1.0971390565634451,0.0,1.0,"ZEC,BTC,ETH",高杠杆/短线赌徒型，长期单降权
2714097,1831,2026-09-09 05:17:15,30,0xc7f94fb3b3ba614b9b2bf80697ab5a31917005a2,money_printer,P-C,39.6498014794457,0.75,15,9,6,0.5555555555555556,-10.672917491098382,-13.332719033054962,-11.588567018056292,143.3350925925926,12.0,40.0,5.77039837577856,-21.84992959767554,0.3333333333333333,0.4,"BTC,LIT,CASHCAT,XMR,PUMP",仓位收益偏弱，降权参考
2713862,1831,2026-09-09 05:17:15,30,0xc81627434af14d5b35d808f40227d18d41c35c64,smart_money,P-B,76.65879869178973,1.0,33,27,6,0.6296296296296297,1.4979389852082405,-5.685872016255542,0.14084715734267705,223.0670202020202,9.93939393939394,40.0,6.214296486445613,-6.842261285055713,0.18181818181818182,0.48484848484848486,"kPEPE,FIL,DOGE,BTC,SKR",仓位表现普通有效
2714442,1831,2026-09-09 05:17:16,30,0xc846e513f1fb448e744d5c8e911e87bccc0dfb20,smart_money,P-N,50.0,1.0,2,1,1,0.0,-8.61717569303261,9.867776689520072,0.6253004982437309,38.500277777777775,6.5,10.0,8.057735965692753,-4.50216730983342,0.5,0.5,"PUMP,XPL",仓位样本不足，暂不影响权重
2714289,1831,2026-09-09 05:17:16,30,0xc84b3f4b3fa29d38e60b318e5d8a84802ef7cbeb,smart_money,P-G,35.0,0.65,5,4,1,0.25,-12.019666950797996,-2.7026220625619093,-10.156257973150778,385.7414444444445,11.0,20.0,4.37501708315568,-16.66805202929329,0.0,0.8,"HYPE,BTC,XMR",高杠杆/短线赌徒型，长期单降权
2714675,1831,2026-09-09 05:17:16,30,0xc9186f29695cfe18b79e6a8ebf1be13905cac077,smart_money,P-N,50.0,1.0,2,2,0,1.0,0.6188980383472917,,0.6188980383472917,1.001111111111111,10.0,10.0,1.351302065689416,0.0,0.0,1.0,"ZEC,TRX",仓位样本不足，暂不影响权重
2713980,1831,2026-09-09 05:17:15,30,0xc9257e15609fd24a2334b991756652fbd52f48b5,smart_money,P-N,50.0,1.0,1,0,1,,,26.580537544569843,26.580537544569843,1656.3280555555555,3.0,3.0,31.543528401134395,-24.48207792513444,1.0,0.0,HYPE,仓位样本不足，暂不影响权重
2714663,1831,2026-09-09 05:17:16,30,0xc926ddba8b7617dbc65712f20cf8e1b58b8598d3,money_printer,P-B,59.813735560289714,1.0,19,19,0,0.5789473684210527,-0.039531803566660445,,-0.039531803566660445,1.8935380116959066,7.7894736842105265,25.0,1.5110436494630484,-0.9569652162000603,0.05263157894736842,0.42105263157894735,"PUMP,TAO,XMR,FARTCOIN,ETH",仓位表现普通有效
2714499,1831,2026-09-09 05:17:16,30,0xc94285029b3a5efaad09fe55e36320e6fbf82bf6,smart_money,P-G,45.65003150479222,0.65,5,4,1,1.0,0.9484944414550001,-0.5438202418589079,0.6500315047922185,17.202944444444448,40.0,40.0,1.1555682591133056,-0.49758772762838205,0.0,1.0,BTC,高杠杆/短线赌徒型，长期单降权
2714541,1831,2026-09-09 05:17:16,30,0xca230e816bdb34a46960c2f978a30a563d1ae9e0,money_printer,P-B,93.77581690272159,1.0,51,50,1,0.84,0.881092568716013,-0.2072768135265556,0.86045747096864,35.019825708061006,6.7254901960784315,10.0,2.322473628630673,-1.9325865644032652,0.0,0.13725490196078433,"HYPE,ZEC,LIT,KAITO",仓位表现普通有效
2714335,1831,2026-09-09 05:17:16,30,0xca4903c207a0df58bf37d4bc8bbc5210726f53c8,money_printer,P-G,43.6800550855112,0.65,36,32,4,0.59375,-1.4080761803032056,-0.621023949396668,-1.3199449144887982,168.47342592592588,24.194444444444443,40.0,2.9103823671584723,-6.575690145702149,0.1388888888888889,0.8611111111111112,"BTC,XRP,ETH,CASHCAT,SOL",高杠杆/短线赌徒型，长期单降权
2713863,1831,2026-09-09 05:17:15,30,0xcac19662ec88d23fa1c81ac0e8570b0cf2ff26b3,money_printer,P-G,40.29676378383584,0.65,44,10,34,0.4,-5.04549604106972,-6.644896274057962,-4.7032362161641545,1094.0730050505047,10.090909090909092,20.0,16.190742557253603,-22.378300890911863,0.06818181818181818,0.6363636363636364,"XRP,BTC,PUMP,BNB,ETH",高杠杆/短线赌徒型，长期单降权
2713864,1831,2026-09-09 05:17:15,30,0xcac1f1c3e4599e044dc2a9d38a9b6ef1af1bdae8,money_printer,P-G,42.80616459967815,0.65,7,4,3,0.25,-0.2746232114667313,-4.766119276791847,-2.1938354003218548,456.38162698412697,30.428571428571427,40.0,7.635625942833423,-7.020340043346053,0.14285714285714285,0.8571428571428571,"BTC,HYPE,ASTER",高杠杆/短线赌徒型，长期单降权
2713865,1831,2026-09-09 05:17:15,30,0xcac43e06859c3379ac1cce01047531261e22f11e,smart_money,P-N,50.0,1.0,2,0,2,,,-86.1143628075595,-83.37162924403324,1472.3290277777778,5.0,5.0,13.578939777344024,-88.80120762037225,0.0,0.0,"HYPE,LIT",仓位样本不足，暂不影响权重
2714606,1831,2026-09-09 05:17:16,30,0xcb02837caaee310c178501855b63bf7f4f4b1f8b,money_printer,P-C,60.03412419152856,0.75,9,9,0,0.5555555555555556,-0.5874837847656793,,-0.5874837847656793,1.8892901234567903,4.888888888888889,10.0,1.5055308569845527,-1.5374689978820326,0.3333333333333333,0.1111111111111111,"XMR,USELESS,PONS,MON,BERA",仓位收益偏弱，降权参考
2714166,1831,2026-09-09 05:17:16,30,0xcb15941180ed7cff8b3547117eca6b78cbdeaf9c,smart_money,P-C,64.29798824582912,0.75,88,52,36,0.5769230769230769,3.4163366483932025,-13.82393316631795,-2.906949933029493,559.7328882575758,8.795454545454545,40.0,10.897888999005003,-15.670359357918965,0.10227272727272728,0.6136363636363636,"HYPE,LIT,ZEC,UNI,TRUMP",仓位收益偏弱，降权参考
2713866,1831,2026-09-09 05:17:15,30,0xcb39c18f0e4d705d1db141171a65cb5a86c9fdb9,smart_money,P-C,51.98970004336019,0.75,5,1,4,0.0,-23.94799863154294,43.629630227546144,30.11410445572833,1645.6640555555555,3.4,5.0,56.269195194495424,-6.989746082259733,0.8,0.0,"BTC,MELANIA,WLFI,ZEN,PUMP",仓位收益偏弱，降权参考
2714592,1831,2026-09-09 05:17:16,30,0xcb3ee3f1b22cdff8b6ca4839cd0784d34b85dea9,smart_money,P-G,44.98489106987277,0.65,18,18,0,0.3333333333333333,-0.015108930127224715,,-0.015108930127224715,42.49981481481481,28.88888888888889,40.0,1.4249296587095799,-0.7841806164639916,0.0,1.0,"BTC,SOL",高杠杆/短线赌徒型，长期单降权
2714174,1831,2026-09-09 05:17:16,30,0xcb58b8f5ec6d47985f0728465c25a08ef9ad2c7b,money_printer,P-G,48.324508174842514,0.65,21,17,4,0.29411764705882354,2.2411767399108244,7.928666773302206,3.3245081748425167,42.9048015873016,12.619047619047619,20.0,6.218872142169831,-1.9556018746932031,0.047619047619047616,0.6666666666666666,"BTC,ETH,ZEC,ZRO,AR",高杠杆/短线赌徒型，长期单降权
2714674,1831,2026-09-09 05:17:16,30,0xcb5c2f378860437fad512c3aec09efce1c470283,smart_money,P-G,51.80547553012496,0.65,8,8,0,0.5,6.805475530124961,,6.805475530124961,353.3282291666667,10.375,25.0,14.375231518999868,-9.647913021757969,0.125,0.75,"ZEC,PONS,BTC,ONDO,UNI",高杠杆/短线赌徒型，长期单降权
2713867,1831,2026-09-09 05:17:15,30,0xcb8436264dd4b0d9912b65dbe2893e71de7752cd,money_printer,P-G,42.814806343087746,0.65,206,171,35,0.47368421052631576,-0.9671644119338405,-9.140923932091324,-2.185193656912252,230.22773193095998,10.864077669902912,40.0,4.4074346126245025,-9.922158754503132,0.07766990291262135,0.6844660194174758,"FARTCOIN,LIT,ETH,XMR,ZEC",高杠杆/短线赌徒型，长期单降权
2714285,1831,2026-09-09 05:17:16,30,0xcbd72d8d71d94591a73321bc4fc7ab6bdcb73e24,smart_money,P-N,50.0,1.0,1,0,1,,,1.446983679309838,1.446983679309838,205.9922222222222,3.0,3.0,13.900064287343689,-5.183944754360137,1.0,0.0,MET,仓位样本不足，暂不影响权重
2714718,1831,2026-09-09 05:17:16,30,0xcc221419e754b43b2b5a9482909d8892ef70c838,money_printer,P-N,50.0,1.0,1,1,0,1.0,28.336291856244117,,28.336291856244117,1605.6644444444444,30.0,30.0,47.35652980242796,0.0,0.0,1.0,BTC,仓位样本不足，暂不影响权重
2714055,1831,2026-09-09 05:17:15,30,0xcc29196f3d3e1af2a4dd20f4f2765b090c9e892f,smart_money,P-R,25.0,-0.8,9,7,2,0.2857142857142857,-4.134403401675099,10.758170797723908,-0.7897934911693348,152.44243827160497,9.666666666666666,20.0,8.756069437345626,-8.05168535336461,0.4444444444444444,0.4444444444444444,"PONS,BTC,HYPE,ZEC,ETH",仓位真实收益偏反向，可作为反向参考
2713868,1831,2026-09-09 05:17:15,30,0xccaeb98ce9ca54f76bf0029cf9f12c894e253dd6,smart_money,P-G,40.22085740780767,0.65,3,1,2,0.0,-7.251800487702284,-15.972598937244353,-4.779142592192326,786.2225,16.666666666666668,20.0,6.116946459514516,-16.513091053851152,0.0,1.0,"BTC,HYPE",高杠杆/短线赌徒型，长期单降权
2713869,1831,2026-09-09 05:17:15,30,0xccf135ab352d561a15eb7be2a243cc4fcb7f0ab1,money_printer,P-G,35.0,0.65,3,2,1,0.5,0.0018050493106477883,-45.02551536314733,-15.308079037546777,603.2236111111112,30.0,40.0,5.183240619894611,-17.3278486200881,0.0,1.0,"BTC,HYPE",高杠杆/短线赌徒型，长期单降权
2713870,1831,2026-09-09 05:17:15,30,0xcd0673721a489b1cea0e2580fa304bcb6cca3186,money_printer,P-C,21.771212547196626,0.75,3,0,3,,,-28.965732149692816,-28.89981080618556,666.8867592592593,2.6666666666666665,3.0,18.35810459114163,-47.48275606973595,1.0,0.0,"HYPE,PONS,CASHCAT",仓位收益偏弱，降权参考
2713871,1831,2026-09-09 05:17:15,30,0xcd1c932a413868c3c84e73e195bf34c1ba4ffec5,smart_money,P-C,59.69592926075836,0.75,21,14,7,0.5714285714285714,4.175573583125282,-35.03856868814346,-4.548846129004703,1295.8648941798945,9.095238095238095,20.0,18.977380675315118,-26.289399718450124,0.09523809523809523,0.5714285714285714,"TRUMP,AAVE,HYPE,LINK,VVV",仓位收益偏弱，降权参考
2713872,1831,2026-09-09 05:17:15,30,0xcd2123d3f00325fa83b2743ed85844f8d4bb9826,smart_money,P-G,45.71156635427803,0.65,6,1,5,1.0,33.136934862356135,-5.760356004856614,0.7115663542780251,452.4448611111111,14.166666666666666,40.0,15.400867543163521,-8.41839806356007,0.0,0.8333333333333334,"HYPE,BTC,UNI,ASTER,ARB",高杠杆/短线赌徒型，长期单降权
2714587,1831,2026-09-09 05:17:16,30,0xcd87ea212314217b6aa64fdffb9954330db5de4f,smart_money,P-A,78.71848752884685,1.15,21,21,0,0.6666666666666666,1.9148139574204932,,1.9148139574204932,1.2868915343915344,3.380952380952381,5.0,3.120781357567137,-0.9506647421284232,0.8095238095238095,0.0,"PURR,LIT,CASHCAT,PONS,SOPH",仓位收益稳定，适合加权参考
2714405,1831,2026-09-09 05:17:16,30,0xcdf73290cb271fc6b5aa3723eae9a0086baaa50f,smart_money,P-G,48.021377988201664,0.65,17,15,2,0.7333333333333333,3.252043833157364,0.6067108295771222,3.0213779882016643,50.416405228758165,12.647058823529411,40.0,6.7488943565684645,-2.5978321914283162,0.11764705882352941,0.8823529411764706,"ZEC,HYPE,ETH,PUMP,ARB",高杠杆/短线赌徒型，长期单降权
2714478,1831,2026-09-09 05:17:16,30,0xce397f90242c35486cf7f161e7a38e3321feb74f,smart_money,P-G,44.727883948517324,0.65,9,8,1,0.375,-0.209035281433463,-0.8200106564419248,-0.27211605148267765,93.55611111111111,13.0,13.0,0.8592137416760414,-1.4644876834961709,0.0,1.0,BTC,高杠杆/短线赌徒型，长期单降权
2714151,1831,2026-09-09 05:17:16,30,0xce5667f7194c4d9320acd28f1ee8b3d2adbdb27e,smart_money,P-G,48.06431973216743,0.65,9,5,4,0.6,6.777945315577381,-1.5777122470950218,3.0643197321674243,369.51709876543214,10.555555555555555,25.0,14.141526863755033,-8.914459597860414,0.0,0.7777777777777778,"HYPE,XMR,XPL,kBONK,PUMP",高杠杆/短线赌徒型，长期单降权
2714493,1831,2026-09-09 05:17:16,30,0xcefd7652228a8619d0af5b95389cd49387cd30e0,smart_money,P-N,50.0,1.0,1,0,1,,,16.88408649734615,16.88408649734615,14.000833333333333,3.0,3.0,17.947430102126237,0.0,1.0,0.0,VVV,仓位样本不足，暂不影响权重
2714090,1831,2026-09-09 05:17:15,30,0xcf218b31732a91c751fe484bc303525783a88a36,smart_money,P-C,31.69917533047819,0.75,12,10,2,0.0,-2.9078216696916384,21.26119695846401,1.1203481016676362,166.58513888888888,9.25,20.0,7.5970669495742165,-4.952077346152762,0.16666666666666666,0.4166666666666667,"ETH,LINK,BTC,SOL,ETHFI",仓位收益偏弱，降权参考
2714579,1831,2026-09-09 05:17:16,30,0xcf3f419d08a5bdc2c6e5fbd9ad70904c5420f95f,smart_money,P-B,78.20921025944973,1.0,122,121,1,0.6859504132231405,0.09736355141536399,-0.027428357635444378,0.0963406669149475,5.90169398907104,5.0,5.0,0.3916027526187324,-0.20395579373935754,0.0,0.0,BTC,仓位表现普通有效
2713873,1831,2026-09-09 05:17:15,30,0xcf5343ba750a6e30afbb1dadda08bc78f8c8ee11,money_printer,P-C,15.020599913279625,0.75,4,1,3,0.0,-37.44111570590915,-21.13541289600975,-25.2118385984846,1734.4152777777779,5.0,7.0,18.23471919013245,-29.544487686651614,0.25,0.0,"BTC,ETH,HYPE,SOL",仓位收益偏弱，降权参考
2714117,1831,2026-09-09 05:17:16,30,0xcf67e4da9e9cd38c0afd26338d0fbddb3036eb24,money_printer,P-C,44.879551828714,0.75,7,0,7,,,20.51800628659834,20.518006286598343,324.7143253968255,6.571428571428571,10.0,28.520921280139568,-6.0864112673568735,0.2857142857142857,0.42857142857142855,"HYPE,ZEC,NEAR,ZEN,VVV",仓位收益偏弱，降权参考
2713874,1831,2026-09-09 05:17:15,30,0xcf74dc50069e3ee0fddc10bd64e9a68d21126cfe,smart_money,P-G,65.0,0.65,6,0,6,,,67.3509451954453,66.75533797884948,1739.6655555555556,13.333333333333334,20.0,86.51946172981036,-6.23856647610019,0.0,1.0,"ADA,AVAX,BTC,HYPE,XRP",高杠杆/短线赌徒型，长期单降权
2714135,1831,2026-09-09 05:17:16,30,0xcfb464585241eab3ecb392011648a8e829b951ed,smart_money,P-C,41.20576647762084,0.75,3,0,3,,,8.00686783569627,8.05061029854544,276.33287037037036,5.333333333333333,10.0,11.186332122351494,-2.6061266087618207,0.6666666666666666,0.3333333333333333,"HYPE,SOL,ETH",仓位收益偏弱，降权参考
2713875,1831,2026-09-09 05:17:15,30,0xcfea17596c15e0f4fe3ba9cab1fcbe804bbbdbbf,smart_money,P-B,78.47978595643994,1.0,370,257,113,0.5525291828793775,-0.46405539474171065,-3.7483360282147564,-0.47700680093662007,344.7071561561561,4.967567567567568,12.0,7.567861985142168,-10.130906417956524,0.35135135135135137,0.062162162162162166,"ZEC,HYPE,LIT,ETH,VVV",仓位表现普通有效
2714130,1831,2026-09-09 05:17:16,30,0xcfeefe744f867f45f3a324a73cadbda1fa309f91,smart_money,P-B,50.73529012059891,1.0,29,27,2,0.48148148148148145,0.44208351628257775,2.3485733554234915,0.496906667228688,56.380421455938695,10.0,20.0,8.709254319334606,-4.37185988562619,0.3448275862068966,0.3793103448275862,"XRP,CASHCAT,LIT,PUMP,ETH",仓位表现普通有效
2714724,1831,2026-09-09 05:17:16,30,0xd01e89789346826dd2a87b7dd8d730f56a907d1d,smart_money,P-R,25.0,-0.8,15,15,0,0.3333333333333333,-1.936600151234009,,-1.936600151234009,42.8002962962963,5.933333333333334,20.0,7.191968774171131,-8.802668254535908,0.5333333333333333,0.13333333333333333,"CASHCAT,ENA,PONS,BTC,SOL",仓位真实收益偏反向，可作为反向参考
2714433,1831,2026-09-09 05:17:16,30,0xd05d2e015b9ed6f17f2111cf1ac7ae229155816e,smart_money,P-G,45.1194320030194,0.65,16,14,2,0.6428571428571429,0.21408266365367806,-0.5431226214205862,0.119432003019395,39.75373263888889,11.8125,20.0,3.633148581042904,-2.017272177788407,0.0,0.875,"BTC,DOGE,ETH,BNB,PENGU",高杠杆/短线赌徒型，长期单降权
2714500,1831,2026-09-09 05:17:16,30,0xd071d6d6ea52f5aa34b79e47f908ee48c8215837,smart_money,P-G,44.995010392679106,0.65,976,973,3,0.4943473792394656,-0.004832881914353778,-0.055820880842016585,-0.004989607320893723,3.5727592782331428,20.952868852459016,40.0,0.30252689849239656,-0.2930232032426528,0.0,1.0,"BTC,SOL,ETH,PUMP,AVAX",高杠杆/短线赌徒型，长期单降权
2713876,1831,2026-09-09 05:17:15,30,0xd08a4557671ca465e7bba41110a93148c90f9931,smart_money,P-A,100.0,1.15,24,7,17,0.7142857142857143,4.4551888330891645,20.93990747448325,12.977501393429904,1358.8340162037036,7.791666666666667,20.0,33.96533180693883,-15.562608510202805,0.25,0.4166666666666667,"ADA,ARB,AVAX,BSV,ENS",仓位收益稳定，适合加权参考
2714250,1831,2026-09-09 05:17:16,30,0xd10e2b1b66001bd4086d61e43e836ab9c168fd9a,smart_money,P-C,74.51333757448094,0.75,19,16,3,0.375,-0.14745687165354157,26.63150345737341,4.237900782476325,125.35318713450292,3.473684210526316,8.0,10.387818119708289,-5.5256192423982995,0.6842105263157895,0.0,"HYPE,VVV,PUMP,ZEC,LIT",仓位收益偏弱，降权参考
2714382,1831,2026-09-09 05:17:16,30,0xd13552538def5cecc78a20aa2236573f0bee6443,smart_money,P-A,100.0,1.15,6,5,1,0.8,9.777576693942404,12.287287287287267,10.195861792833215,79.49916666666665,2.1666666666666665,3.0,14.55771440545738,-1.7458176944268107,1.0,0.0,"PUMP,SOL,ZEC",仓位收益稳定，适合加权参考
2714862,1831,2026-09-09 05:17:16,30,0xd1692402c26392ccc8588631d7d5ca9aed4348e5,money_printer,P-N,50.0,1.0,1,1,0,1.0,3.086883817034188,,3.086883817034188,1272.6594444444445,5.0,5.0,17.326300173081677,-15.169964485032978,0.0,0.0,PENDLE,仓位样本不足，暂不影响权重
2714216,1831,2026-09-09 05:17:16,30,0xd1dd6d99c5fb5d31ff52eacce5046c7158859e85,smart_money,P-C,23.423432167662,0.75,4,1,3,0.0,-3.315232860486339,1.3736324564170272,0.20141612719118562,172.24840277777778,9.0,20.0,3.8000864552991267,-5.3752080674426725,0.5,0.5,"HYPE,BTC,ENA",仓位收益偏弱，降权参考
2713877,1831,2026-09-09 05:17:15,30,0xd210bd2ed3fafe7a4de5b079392823c81b0dc56a,smart_money,P-N,50.0,1.0,1,0,1,,,-6.30546718439398,-6.30546718439398,1739.6655555555556,6.0,6.0,21.8644366220846,-9.527150443334252,0.0,0.0,BTC,仓位样本不足，暂不影响权重
2713878,1831,2026-09-09 05:17:15,30,0xd21d931890d27b6e7e2e668f27931e17698e90f1,money_printer,P-A,100.0,1.15,6,2,4,1.0,17.35669693600564,15.080376857508872,14.622086313164365,410.2800925925926,4.166666666666667,5.0,23.872049056789972,-6.867047525508354,0.3333333333333333,0.0,"HYPE,PUMP,LIT,ZEC,PONS",仓位收益稳定，适合加权参考
2714699,1831,2026-09-09 05:17:16,30,0xd21ef30a784238abb0e25438b9c8ab2f0a279583,smart_money,P-N,50.0,1.0,1,1,0,1.0,0.5228807819156681,,0.5228807819156681,23.003333333333334,20.0,20.0,3.1714681808686405,-0.30385323888561827,0.0,1.0,BTC,仓位样本不足，暂不影响权重
2713879,1831,2026-09-09 05:17:15,30,0xd220de2f1aa9fe8ddc2c2c8e055b3341800d3c0a,smart_money,P-N,50.0,1.0,2,0,2,,,-12.065464860379924,-12.305481092197162,1739.6655555555556,22.5,40.0,9.678605166676142,-26.911965825804522,0.0,0.5,"AXS,BTC",仓位样本不足，暂不影响权重
2714415,1831,2026-09-09 05:17:16,30,0xd28e005c992b168d0b20fca312958e105bb260ab,money_printer,P-G,46.02748220808308,0.65,25,23,2,0.6956521739130435,1.128457356307844,-0.5472145522326848,1.027482208083076,97.32296666666667,11.44,20.0,4.652134866688994,-5.218671834268377,0.08,0.68,"BTC,ZEC,PUMP,HYPE,CASHCAT",高杠杆/短线赌徒型，长期单降权
2713880,1831,2026-09-09 05:17:15,30,0xd2a5474f4812a2c8ab798f3d908ab69c9b74873e,smart_money,P-N,50.0,1.0,1,0,1,,,-123.51500385713281,-123.51500385713283,1739.6655555555556,3.0,3.0,0.0,-132.27861745813644,1.0,0.0,HYPE,仓位样本不足，暂不影响权重
2714430,1831,2026-09-09 05:17:16,30,0xd2b2a8ab7a8c903501f4db4ee45c67522a4511ed,money_printer,P-A,77.82247992567252,1.15,5,3,2,0.6666666666666666,4.504154288192775,-0.29858991273206215,2.5830566078228405,132.394,7.4,10.0,4.062810862856806,-2.3467042342385596,0.0,0.4,"ZEC,BTC,XMR,ETH",仓位收益稳定，适合加权参考
2714394,1831,2026-09-09 05:17:16,30,0xd331ae7d527b38be52219b84ae6260f637ba76ff,smart_money,P-N,50.0,1.0,2,1,1,1.0,8.107643197148457,-2.0691422026644024,3.0192504972420275,823.3377777777778,10.0,10.0,5.726052969973155,-1.2319910784254606,0.0,1.0,TRX,仓位样本不足，暂不影响权重
2713881,1831,2026-09-09 05:17:15,30,0xd33c704c68518e527bdcb36f7966c80edcffbdf2,smart_money,P-G,44.85911617576926,0.65,330,298,32,0.5469798657718121,0.07272675531506978,-1.7430622383746879,-0.14088382423074078,113.19670454545448,10.572727272727272,20.0,3.245604771175954,-3.7890622918832535,0.01818181818181818,0.6757575757575758,"ZEC,kPEPE,XRP,ETH,SOL",高杠杆/短线赌徒型，长期单降权
2714630,1831,2026-09-09 05:17:16,30,0xd3746a312ea0f8c41c0ae8ecb484c1216da4f0bc,smart_money,P-B,69.01705315833766,1.0,17,17,0,0.7647058823529411,2.3268702075715813,,2.3268702075715813,18.93983660130719,9.058823529411764,15.0,3.886497610509869,-1.4877696536426912,0.17647058823529413,0.8235294117647058,"UNI,HYPE,ARB,PONS,NEAR",仓位表现普通有效
2713882,1831,2026-09-09 05:17:15,30,0xd38c8304de77c46a488393e26554e865a373b13c,smart_money,P-N,50.0,1.0,1,0,1,,,12.06655030184442,12.06655030184442,1739.6655555555556,20.0,20.0,35.36805007393243,0.0,0.0,1.0,BTC,仓位样本不足，暂不影响权重
2714213,1831,2026-09-09 05:17:16,30,0xd40c748c68b59c753152676f4423474e5e36ac7a,smart_money,P-G,39.05732885710037,0.65,5,4,1,0.0,-7.038516693558241,-1.552689762493552,-5.942671142899626,336.1998888888889,16.0,40.0,1.3672692689822927,-7.445742943380428,0.0,1.0,"BTC,ETH",高杠杆/短线赌徒型，长期单降权
2713883,1831,2026-09-09 05:17:15,30,0xd42827002b76a8088ba2f7d4e4b45879eb1e363b,smart_money,P-N,50.0,1.0,1,0,1,,,1.1063813468323362,1.1063813468323362,1739.6655555555556,1.0,1.0,4.170501610676484,-25.685815820422352,1.0,0.0,BTC,仓位样本不足，暂不影响权重
2713884,1831,2026-09-09 05:17:15,30,0xd440715f2ce6f7ed1924f282e0096c863e7049f7,smart_money,P-C,37.986869538837695,0.75,9,4,5,0.5,5.782851896405052,-58.63198537655681,-25.142714070457778,977.0331481481483,8.666666666666666,10.0,18.691030180253748,-52.6062706965053,0.1111111111111111,0.7777777777777778,"ZEC,FARTCOIN,HYPE,PUMP,PURR",仓位收益偏弱，降权参考
2714160,1831,2026-09-09 05:17:16,30,0xd46979f07f5d1e86ae2dcc5e6e0f3af5fe270471,smart_money,P-A,82.97670157832142,1.15,21,18,3,0.6666666666666666,2.4700429705183176,-0.8461442813388277,1.9963019345387256,71.2356216931217,4.0,10.0,7.917829728569651,-7.22391995877342,0.5714285714285714,0.09523809523809523,"ZEC,CASHCAT,NEAR,PONS,WLFI",仓位收益稳定，适合加权参考
2713885,1831,2026-09-09 05:17:15,30,0xd47587702a91731dc1089b5db0932cf820151a91,money_printer,P-C,47.87999086597451,0.75,7,4,3,0.5,-5.4926208134525165,-27.423771280535647,-8.428351909941172,1305.426388888889,5.571428571428571,10.0,23.20287354313382,-31.625834607396932,0.42857142857142855,0.2857142857142857,"ENA,HYPE,UNI,ASTER,MON",仓位收益偏弱，降权参考
2714529,1831,2026-09-09 05:17:16,30,0xd47c1e51b759cb3754bb045ae57bc05aadcf58c2,smart_money,P-B,65.26166367819721,1.0,283,282,1,0.574468085106383,0.034831703411123086,-0.030226534597360022,0.03328278263668079,2.4240400471142527,5.943462897526501,20.0,0.19692621367872726,-0.1788925826087257,0.7208480565371025,0.2508833922261484,BTC,仓位表现普通有效
2714562,1831,2026-09-09 05:17:16,30,0xd4bb18ef8d1bc1bfadfcc034ca69628b58b42a4c,smart_money,P-R,25.0,-0.8,8,7,1,0.2857142857142857,-0.15522946854566544,0.04258965311548632,-0.1453567291256163,2.375138888888889,5.0,5.0,0.04315886039561447,-0.1762368824321946,0.0,0.0,BTC,仓位真实收益偏反向，可作为反向参考
2713886,1831,2026-09-09 05:17:15,30,0xd4c1f7e8d876c4749228d515473d36f919583d1d,money_printer,P-G,44.69642116639659,0.65,134,116,18,0.7155172413793104,-0.09305839621492276,-1.9249425024468247,-0.3035788336034079,143.84633084577115,11.619402985074627,20.0,3.9453732529195498,-4.703760946930178,0.007462686567164179,0.9029850746268657,"ZEC,AVAX,XRP,SOL,PUMP",高杠杆/短线赌徒型，长期单降权
2714144,1831,2026-09-09 05:17:16,30,0xd4eeed940e2c0b4b13910128fad5e0bc987e759e,smart_money,P-G,45.18364261744134,0.65,5,4,1,0.75,1.2291426152944829,-3.49959948907796,0.18364261744133983,165.00094444444443,10.0,10.0,6.080100347182795,-8.221687834151325,0.0,1.0,"HYPE,TRUMP",高杠杆/短线赌徒型，长期单降权
2713887,1831,2026-09-09 05:17:15,30,0xd52cdf1414351d2c37cfe60a62dde69256044ce0,smart_money,P-R,25.0,-0.8,13,7,6,0.2857142857142857,-11.874179176852124,-29.347882676756072,-17.73211421046391,1601.8377564102561,6.461538461538462,10.0,20.4536543200894,-38.40638164303087,0.23076923076923078,0.38461538461538464,"STBL,WLFI,XMR,ZEC,ZRO",仓位真实收益偏反向，可作为反向参考
2713888,1831,2026-09-09 05:17:15,30,0xd576d1feee6bc976d849ac0918f79d9db7c97906,smart_money,P-N,50.0,1.0,2,0,2,,,-39.05530926683238,-39.27279571880159,1739.6655555555556,3.5,5.0,6.3181726398705,-41.805143833219766,0.5,0.0,"BTC,ETH",仓位样本不足，暂不影响权重
2714222,1831,2026-09-09 05:17:16,30,0xd5ac4fa2cd568dd7573e081d405da541ff82cbec,smart_money,P-B,64.18777469452849,1.0,40,37,3,0.7297297297297297,2.1230530349131542,-2.418813310034078,1.8033468067236993,16.15049305555555,10.225,25.0,3.495912724312158,-2.320772469571706,0.575,0.425,"CASHCAT,ETH,HYPE,PONS",仓位表现普通有效
2713889,1831,2026-09-09 05:17:15,30,0xd62d484bda5391d75b414e68f9ddcedb207b7d91,money_printer,P-N,50.0,1.0,1,0,1,,,-5.246804745144743,-5.246804745144744,1739.6655555555556,40.0,40.0,22.642563921730392,-8.43640428207397,0.0,1.0,BTC,仓位样本不足，暂不影响权重
2714431,1831,2026-09-09 05:17:16,30,0xd638d4c9d4f434df60c671f758f6655c0771da4f,smart_money,P-B,58.84727468409949,1.0,33,32,1,0.5625,0.554119884120941,-1.5280135823429548,0.4937130996254987,10.303703703703702,7.2727272727272725,10.0,2.533988225543763,-2.7528902803018576,0.30303030303030304,0.5757575757575758,"PONS,HYPE,ZEC,ARB,STRK",仓位表现普通有效
2714817,1831,2026-09-09 05:17:16,30,0xd65ac35cd234c8718b876ab304fa56c8995e387f,smart_money,P-N,50.0,1.0,1,1,0,1.0,33.72356246185958,,33.72356246185958,408.00555555555553,10.0,10.0,48.91487591833867,-8.147803207909407,0.0,1.0,ZEC,仓位样本不足，暂不影响权重
2714563,1831,2026-09-09 05:17:16,30,0xd6608f4027ee90db6dc45d0b4b8e2fb0a49c1f61,smart_money,P-G,44.98973014239258,0.65,655,654,1,0.5045871559633027,-0.010191857004137331,-0.06128225215435546,-0.010269857607420108,1.844254877014421,20.0,20.0,0.16910039194120785,-0.17813508277376872,0.0,1.0,"BTC,ETH",高杠杆/短线赌徒型，长期单降权
2714322,1831,2026-09-09 05:17:16,30,0xd670ced0fbe4e126f8f066d3d2579fe532f0b2ca,smart_money,P-N,50.0,1.0,2,1,1,1.0,15.065382419985319,-2.5076919487911837,6.278845235597068,700.8288888888889,40.0,40.0,14.101416507333091,-2.807140098446572,0.0,1.0,BTC,仓位样本不足，暂不影响权重
2714693,1831,2026-09-09 05:17:16,30,0xd67ca2c6f8bc84acf4fa4472b82a8740dc0a53ff,money_printer,P-R,25.0,-0.8,13,13,0,0.23076923076923078,-0.37158467351422403,,-0.37158467351422403,16.231688034188032,8.461538461538462,10.0,0.8432597545814725,-0.7836194434120701,0.0,0.6923076923076923,"BTC,ZEC,ETH,SOL",仓位真实收益偏反向，可作为反向参考
2713890,1831,2026-09-09 05:17:15,30,0xd67f9ed4f542cfa6b70d8a92b40070a2bc080a5e,smart_money,P-N,50.0,1.0,1,0,1,,,-24.45764417987123,-24.734865777745192,1739.6655555555556,10.0,10.0,20.876653299509602,-38.20268129660395,0.0,1.0,HYPE,仓位样本不足，暂不影响权重
2713891,1831,2026-09-09 05:17:15,30,0xd6e1a6f7bb47aca69aaa511210227d40926ff256,money_printer,P-G,47.01506536285569,0.65,37,32,5,0.78125,2.5314316321482706,-2.449935844565175,2.015065362855687,173.09003753753754,11.486486486486486,25.0,6.73385979624012,-4.008726882696401,0.0,0.8918918918918919,"ZEC,TRUMP,ETH,DOGE,ADA",高杠杆/短线赌徒型，长期单降权
2713892,1831,2026-09-09 05:17:15,30,0xd6e56265890b76413d1d527eb9b75e334c0c5b42,money_printer,P-C,54.054054054054056,0.75,37,0,37,,,20.841810665905314,20.29275002912129,1701.5572372372371,6.054054054054054,20.0,48.06773785600866,-21.721579868261497,0.35135135135135137,0.2972972972972973,"ADA,AERO,APT,ASTER,ATOM",仓位收益偏弱，降权参考
2714494,1831,2026-09-09 05:17:16,30,0xd72cfd2424e26ba32e46b7b2aff95eff34247a71,smart_money,P-G,44.90813800731898,0.65,186,184,2,0.5869565217391305,-0.09369821244313024,0.10267165978503007,-0.0918619926810158,7.752750896057347,29.838709677419356,40.0,0.40578396954332513,-0.4729978928408674,0.0,1.0,"ETH,BTC",高杠杆/短线赌徒型，长期单降权
2714868,1831,2026-09-09 05:17:16,30,0xd733e6e0ffa461902ff3c63556b31fd41233d525,smart_money,P-N,50.0,1.0,1,1,0,1.0,3.1575879139571077,,3.1575879139571077,1264.66,40.0,40.0,19.676326039408476,0.0,0.0,1.0,BTC,仓位样本不足，暂不影响权重
2713893,1831,2026-09-09 05:17:15,30,0xd7583e3cf08bbcab66f1242195227bbf9f865fda,smart_money,P-N,50.0,1.0,1,0,1,,,3.421131720699406,3.421131720699406,1739.6655555555556,20.0,20.0,39.95199087595459,0.0,0.0,1.0,ETH,仓位样本不足，暂不影响权重
2714047,1831,2026-09-09 05:17:15,30,0xd7846935d7e5a49e20b9887e6465cb765f4c2937,smart_money,P-N,50.0,1.0,2,1,1,1.0,30.353753472890826,28.949430802450905,28.696921353889138,452.00138888888887,2.5,3.0,36.46980030912361,-2.818252852689792,1.0,0.0,"HYPE,PONS",仓位样本不足，暂不影响权重
2713894,1831,2026-09-09 05:17:15,30,0xd82cb57a8d039760a2073a96aa1a8d9eded94068,smart_money,P-C,73.91072253018692,0.75,438,330,108,0.5272727272727272,-0.06224304898938601,-5.077939649887839,-1.0379969748401274,375.2614935312026,5.031963470319635,20.0,9.29193789464167,-12.033138855608811,0.3721461187214612,0.1461187214611872,"MOODENG,XPL,PEOPLE,KAITO,PYTH",仓位收益偏弱，降权参考
2713895,1831,2026-09-09 05:17:15,30,0xd831409a48d8b21d59245c12b1540a0820446203,smart_money,P-N,50.0,1.0,1,0,1,,,-29.083839736327132,-23.315761737670616,1739.6655555555556,20.0,20.0,19.741991966216908,-30.48460191574828,0.0,1.0,ETH,仓位样本不足，暂不影响权重
2713896,1831,2026-09-09 05:17:15,30,0xd83687a8ad139688f5d0eaa9fc352a10f532c2af,smart_money,P-N,50.0,1.0,1,0,1,,,-21.621309927636297,-21.621309927636297,1739.6655555555556,5.0,5.0,10.607141648957597,-25.30715364294216,0.0,0.0,BTC,仓位样本不足，暂不影响权重
2714658,1831,2026-09-09 05:17:16,30,0xd83989ae5084a9b68ef52393f780249e0e597255,smart_money,P-B,56.19315899895317,1.0,13,13,0,0.5384615384615384,0.7960935071731726,,0.7960935071731726,1.0767735042735043,6.230769230769231,10.0,2.574800588906903,-1.7288585348461751,0.5384615384615384,0.46153846153846156,"PONS,ZEC,HYPE,TRUMP",仓位表现普通有效
2714648,1831,2026-09-09 05:17:16,30,0xd8ad0fd8b59b759d9ba4f1293b1f8d8d113b7598,smart_money,P-A,69.12054187140374,1.15,21,21,0,0.6666666666666666,1.4015554144132227,,1.4015554144132227,1.2858862433862432,7.0476190476190474,20.0,3.121354432208931,-0.5760184958179124,0.5238095238095238,0.42857142857142855,"PONS,FARTCOIN,CHIP,ZEC,AERO",仓位收益稳定，适合加权参考
2714656,1831,2026-09-09 05:17:16,30,0xd8c5d4d36ddb2634491076c3d3bc541ed4646d3f,smart_money,P-R,25.0,-0.8,5,5,0,0.2,-4.761914281732588,,-4.761914281732588,6.403611111111111,8.6,10.0,5.1296241108929035,-5.805312067189561,0.2,0.8,"HYPE,TRUMP,PONS",仓位真实收益偏反向，可作为反向参考
2714685,1831,2026-09-09 05:17:16,30,0xd8d0358919a944d4efa98713795d49b030e43ef9,smart_money,P-N,50.0,1.0,2,2,0,0.5,-46.09670337050061,,-46.09670337050061,46.99513888888889,3.0,3.0,7.6569132285603825,-58.229136359196055,1.0,0.0,"PONS,LIT",仓位样本不足，暂不影响权重
2714487,1831,2026-09-09 05:17:16,30,0xd911e53d53b663972254e086450fd6198a25961e,money_printer,P-G,45.07420779034944,0.65,45,44,1,0.6136363636363636,0.08092089879360476,-0.38446905224375194,0.074207790349442,16.733481481481476,25.0,25.0,0.47669239228049176,-0.4681993080652263,0.0,1.0,ETH,高杠杆/短线赌徒型，长期单降权
2714876,1831,2026-09-09 05:17:16,30,0xd91f2df982c453b23a37d16a2e5bd8964fda7ad6,smart_money,P-N,50.0,1.0,1,1,0,1.0,2.6290113608686387,,2.6290113608686387,1034.8111111111111,10.0,10.0,2.6290113608686387,-26.010235302425656,0.0,1.0,HYPE,仓位样本不足，暂不影响权重
2714244,1831,2026-09-09 05:17:16,30,0xd92027fc1bf15ea8e1c9c0a1aa4a9f58b5433f20,smart_money,P-G,43.79844878017731,0.65,7,6,1,0.0,-1.3387944149677378,-0.5024263609921894,-1.2015512198226923,190.85662698412696,40.0,40.0,1.3333925263691317,-2.0304959699182032,0.0,1.0,BTC,高杠杆/短线赌徒型，长期单降权
2714269,1831,2026-09-09 05:17:16,30,0xd9271f589a561f18dba9e9b544c3f314538ee204,smart_money,P-C,30.662182727196825,0.75,3,2,1,0.0,-2.092614978329178,2.521685226658653,-0.5545149099999008,91.66361111111114,5.0,8.0,2.483419775754906,-3.4141623116560584,0.3333333333333333,0.0,"BTC,GRAM",仓位收益偏弱，降权参考
2714042,1831,2026-09-09 05:17:15,30,0xd93db9fc95c19c1eaab854281890e9e77b18ae3f,smart_money,P-G,57.32562996855762,0.65,10,6,4,0.6666666666666666,20.26986199697031,1.339946659401948,12.325629968557617,489.4022222222222,14.5,20.0,20.03272668770803,-12.292252166323681,0.0,0.9,"XRP,ZEC,BTC,ETH,HYPE",高杠杆/短线赌徒型，长期单降权
2713897,1831,2026-09-09 05:17:15,30,0xd96ea3bcce83d4e1ef8abd1776eecd0cea1bb09e,money_printer,P-N,50.0,1.0,1,0,1,,,36.094123272086684,36.094123272086684,1739.6655555555556,10.0,10.0,54.236683220272596,0.0,0.0,1.0,BNB,仓位样本不足，暂不影响权重
2713898,1831,2026-09-09 05:17:15,30,0xd9aecd4df04f0e8bd6320fd3fcb92d9c06dadf94,smart_money,P-C,74.26583642862973,0.75,351,296,55,0.5168918918918919,0.18119631871107056,-7.210575753313468,-0.7332267768301289,238.90069246597042,4.928774928774929,20.0,3.0443111626800223,-6.554775424416102,0.37037037037037035,0.1225071225071225,"GALA,LDO,ZK,FET,NOT",仓位收益偏弱，降权参考
2714171,1831,2026-09-09 05:17:16,30,0xd9c1ef5e179d706c4296b3abccbba362eb24158b,smart_money,P-G,44.65999705492369,0.65,42,38,4,0.5,-0.39010829188245405,-0.6628799218850626,-0.34000294507630496,151.88671296296295,15.880952380952381,40.0,3.1776138281626833,-5.823974494024336,0.09523809523809523,0.8333333333333334,"XRP,DOT,ETH,BTC,AERO",高杠杆/短线赌徒型，长期单降权
2714308,1831,2026-09-09 05:17:16,30,0xd9f7e56fb5e1824b6bc43d93dcd30586b990e95e,smart_money,P-R,25.0,-0.8,9,8,1,0.25,-2.8548286965475373,11.008769240203591,-2.573271615233249,219.2966975308642,7.555555555555555,10.0,14.97601184765793,-14.656405184498409,0.1111111111111111,0.5555555555555556,"DOGE,MON,PUMP,HYPE,STABLE",仓位真实收益偏反向，可作为反向参考
2714682,1831,2026-09-09 05:17:16,30,0xda7176d42d075e6e99f6c202a7f6d2c48065879e,smart_money,P-G,49.31785606973208,0.65,19,19,0,0.6842105263157895,4.317856069732078,,4.317856069732078,93.79014619883041,16.31578947368421,20.0,7.916138869960774,-2.275935884962137,0.0,0.8947368421052632,"BTC,ETH,SOL,ZEC,AAVE",高杠杆/短线赌徒型，长期单降权
2714006,1831,2026-09-09 05:17:15,30,0xda744273f80b22412417f7cfe0503f3d721f987d,smart_money,P-N,50.0,1.0,2,0,2,,,13.084466407293558,13.084466407293558,1097.0019444444445,11.5,20.0,54.36883517369084,-29.61996722627518,0.5,0.5,"CASHCAT,BTC",仓位样本不足，暂不影响权重
2713899,1831,2026-09-09 05:17:15,30,0xdad130ad870dc81139b2a7b1416ab8d68144f76f,smart_money,P-A,98.16472273125446,1.15,11,8,3,0.75,2.17812680288997,26.326140391437587,8.67085248529065,250.61429292929287,6.0,10.0,15.934684631564,-14.142480545255255,0.5454545454545454,0.45454545454545453,"CASHCAT,MEGA,HYPE,VVV,ZORA",仓位收益稳定，适合加权参考
2713900,1831,2026-09-09 05:17:15,30,0xdb09bf299d9ea9af66f4756bfc7f5ee3c8528976,smart_money,P-G,40.633762810934265,0.65,7,0,7,,,-14.644009172733192,-4.366237189065735,1630.046904761905,12.857142857142858,30.0,21.192679185773777,-31.97122798788799,0.0,1.0,"ADA,AVAX,DOT,SUI,XRP",高杠杆/短线赌徒型，长期单降权
2714731,1831,2026-09-09 05:17:16,30,0xdb36e1fa10690f5dcd1a74c2957efc65cf834a1a,smart_money,P-A,77.24700910268527,1.15,5,5,0,0.6,2.628654529662542,,2.628654529662542,536.3337222222223,8.0,20.0,14.379624645951557,-9.858573356866824,0.0,0.2,"LIT,SOL,TAO,GRAM",仓位收益稳定，适合加权参考
2714076,1831,2026-09-09 05:17:15,30,0xdb6f5c58bb13d8aa101b0a5d1a70f737b5d1cd1c,smart_money,P-G,43.91335342267306,0.65,14,12,2,0.5833333333333334,-0.531530364413393,-8.330319631775346,-1.0866465773269394,130.1432341269841,10.0,10.0,1.1829106386471844,-3.133033662098718,0.0,1.0,"BTC,ETH",高杠杆/短线赌徒型，长期单降权
2714316,1831,2026-09-09 05:17:16,30,0xdbbdee771e62ab57894e8b8bdefbe094d3135ddd,smart_money,P-G,45.14916850943883,0.65,16,14,2,0.42857142857142855,0.03914032254633572,4.195519428718612,0.14916850943882926,97.31149305555554,15.375,30.0,5.062083250982771,-2.5348265856134766,0.125,0.8125,"HYPE,ETH,ZEC,BTC,PONS",高杠杆/短线赌徒型，长期单降权
2714915,1831,2026-09-09 05:17:16,30,0xdbcc96bcada067864902aad14e029fe7c422f147,money_printer,P-R,25.0,-0.8,38,38,0,0.2631578947368421,-3.2042433707803726,,-3.2042433707803726,886.2700511695904,9.394736842105264,40.0,15.558604382389905,-12.686359560788972,0.10526315789473684,0.5789473684210527,"AAVE,BTC,ETH,JTO,JUP",仓位真实收益偏反向，可作为反向参考
2713901,1831,2026-09-09 05:17:15,30,0xdbd1bac81ad581c7198c9d155ca468f32a0c29dd,money_printer,P-R,25.0,-0.8,5,0,5,,,-20.733279678796585,-20.130953615965808,1468.7312222222222,5.8,10.0,33.374533297734054,-32.71804926509729,0.2,0.2,"BCH,ETH,LTC,ZEC,LIT",仓位真实收益偏反向，可作为反向参考
2714485,1831,2026-09-09 05:17:16,30,0xdc5289909be4f3ce2604806bdd1448fd307f19f5,smart_money,P-G,46.06646532422693,0.65,66,64,2,0.734375,0.9768758157182806,3.933329596503826,1.0664653242269335,17.347693602693603,10.424242424242424,25.0,2.4304156982634693,-2.138906118101332,0.045454545454545456,0.6818181818181818,"PUMP,HYPE,ZEC,BTC,PONS",高杠杆/短线赌徒型，长期单降权
2714331,1831,2026-09-09 05:17:16,30,0xdc7be236c4b1ee77d16758451a198275ec9839b6,smart_money,P-G,35.02543240766645,0.65,4,2,2,0.5,-6.437526405500142,-13.511608779166957,-9.97456759233355,440.6663194444444,10.0,10.0,2.3243886401195724,-18.982367730549413,0.0,1.0,"SOL,ZEC",高杠杆/短线赌徒型，长期单降权
2714227,1831,2026-09-09 05:17:16,30,0xdc931389c5ba42f4ef6202a2b678564e1d3c1350,smart_money,P-G,37.89164750763697,0.65,3,2,1,0.5,-9.926007237722382,-1.4730430016443272,-7.108352492363031,434.33277777777784,15.0,15.0,1.1934892886020936,-8.604477561448155,0.0,1.0,BTC,高杠杆/短线赌徒型，长期单降权
2713902,1831,2026-09-09 05:17:15,30,0xdca131ba8f428bd2f90ae962e4cb2d226312505e,money_printer,P-C,77.10454588052995,0.75,3,2,1,1.0,16.500904924219327,-133.50790312733193,-33.50203109296442,1148.777962962963,6.333333333333333,11.0,17.543683604553948,-47.74834822858196,0.3333333333333333,0.3333333333333333,"HYPE,BTC,PONS",仓位收益偏弱，降权参考
2714910,1831,2026-09-09 05:17:16,30,0xdcf8a86ff20b0e42f31d76fa86bb5c6c8992cf4c,smart_money,P-N,50.0,1.0,1,1,0,0.0,-12.204566697823468,,-12.204566697823468,80.99833333333333,3.0,3.0,11.403391641073583,-12.204566697823468,1.0,0.0,CASHCAT,仓位样本不足，暂不影响权重
2714799,1831,2026-09-09 05:17:16,30,0xdd08886cb92c689c7d89c88f048028293296ead1,smart_money,P-G,45.176080873896304,0.65,15,15,0,0.5333333333333333,0.1760808738963065,,0.1760808738963065,19.200592592592596,37.46666666666667,40.0,0.7181413200087062,-0.383046806344921,0.06666666666666667,0.9333333333333333,BTC,高杠杆/短线赌徒型，长期单降权
2714591,1831,2026-09-09 05:17:16,30,0xdd0c5de50d72e5eaa96816e920e41ce89c4b8888,money_printer,P-B,57.885410208080174,1.0,65,65,0,0.49230769230769234,0.40424356557854585,,0.40424356557854585,10.445696581196577,9.246153846153845,20.0,2.7625735963240556,-1.7888294507533404,0.1076923076923077,0.36923076923076925,"BTC,ZEC,LIT,SPX,UNI",仓位表现普通有效
2713982,1831,2026-09-09 05:17:15,30,0xdd7a372377fc633f74ab6e20963803d52f448830,money_printer,P-G,55.0723360593974,0.65,10,6,4,0.16666666666666666,1.0482233006530415,33.21662703087905,10.072336059397397,370.28116666666665,16.5,25.0,19.67999411778243,-1.6436667958983002,0.0,0.9,"BTC,HYPE,LINK,ZEC,TAO",高杠杆/短线赌徒型，长期单降权
2714798,1831,2026-09-09 05:17:16,30,0xdd84ce1adcb3a4908db61a1dfa3353c3974c5a2b,smart_money,P-G,47.412239002396646,0.65,6,6,0,0.8333333333333334,2.4122390023966465,,2.4122390023966465,25.664953703703706,10.0,10.0,4.945139629308891,-0.39850542883830964,0.0,1.0,"HYPE,BTC",高杠杆/短线赌徒型，长期单降权
2713903,1831,2026-09-09 05:17:15,30,0xdd9f274410c8c704bdbb599dce6c4fb34be4f50a,money_printer,P-N,50.0,1.0,2,0,2,,,-8.04793053317308,-8.04793053317308,1047.328888888889,25.0,40.0,6.66604598317171,-18.978742361851303,0.0,1.0,"BTC,HYPE",仓位样本不足，暂不影响权重
2714746,1831,2026-09-09 05:17:16,30,0xdde01147aac2152dd0776bc3ed84cc96474df52d,smart_money,P-N,50.0,1.0,1,1,0,1.0,26.263962769530753,,26.263962769530753,1537.6763888888888,5.0,5.0,28.823455259450036,-7.235782865878078,0.0,0.0,BTC,仓位样本不足，暂不影响权重
2714761,1831,2026-09-09 05:17:16,30,0xde1e6c1bec4d1754eb5487421f9e79a77b4fe871,smart_money,P-G,46.57199863807267,0.65,5,5,0,0.8,1.5719986380726703,,1.5719986380726703,14.599388888888887,16.6,40.0,2.2699373980274613,-0.6563854126683706,0.2,0.8,"CASHCAT,BTC,HYPE,SOL,ZEC",高杠杆/短线赌徒型，长期单降权
2713985,1831,2026-09-09 05:17:15,30,0xde22e70994ffd3748b78c82af635d8c584044903,smart_money,P-G,44.871348480466345,0.65,64,57,7,0.5087719298245614,0.0382234190612157,-1.8801683757206493,-0.12865151953365156,83.15564236111109,22.0625,40.0,1.975019838637518,-2.45790652549438,0.140625,0.765625,"BTC,XRP,kPEPE,SKR,TRX",高杠杆/短线赌徒型，长期单降权
2714197,1831,2026-09-09 05:17:16,30,0xde6b2a06407575b98724818445178c1f5fd53361,smart_money,P-N,50.0,1.0,1,0,1,,,3.7685102943935394,3.7685102943935394,405.9938888888889,10.0,10.0,6.9133087819514465,-0.28942117077817797,0.0,1.0,BTC,仓位样本不足，暂不影响权重
2714034,1831,2026-09-09 05:17:15,30,0xde7639510e3e73d90e7f86d783134ed328f5b2e0,smart_money,P-N,50.0,1.0,2,0,2,,,26.009006085417028,26.009006085417028,901.3612499999999,11.5,20.0,28.560718046895026,-4.088059511455343,0.5,0.5,"ETH,BTC",仓位样本不足，暂不影响权重
2713904,1831,2026-09-09 05:17:15,30,0xde87db9becc56de225a24b9fcb135b21e5b09c1b,smart_money,P-N,50.0,1.0,1,0,1,,,-6.075271022160255,-6.075271022160255,1739.6655555555556,5.0,5.0,0.0,-31.62585954695211,0.0,0.0,COMP,仓位样本不足，暂不影响权重
2713905,1831,2026-09-09 05:17:15,30,0xde8a6d588f8067e761bac811a102e0146c721e41,smart_money,P-A,92.61470620342602,1.15,6,5,1,0.6,12.991805619914278,-23.245735269475404,7.916596849794792,865.0010648148149,3.3333333333333335,5.0,42.27375844208489,-30.21210140376334,0.8333333333333334,0.0,"HYPE,PONS,PUMP,CASHCAT,MOODENG",仓位收益稳定，适合加权参考
2714917,1831,2026-09-09 05:17:16,30,0xdeb7582b362a752970fbd2507d0fb5dd27ed379a,smart_money,P-N,50.0,1.0,2,2,0,0.5,0.7995962551005393,,0.7995962551005393,63.49916666666667,15.0,20.0,1.6248119577502798,-0.08636912629240383,0.0,1.0,"BTC,ETH",仓位样本不足，暂不影响权重
2714072,1831,2026-09-09 05:17:15,30,0xdee7297778b8755343e96e0b99eecf549195b856,smart_money,P-G,49.04712426911979,0.65,19,16,3,0.375,0.6553210499870211,21.04203533914384,4.047124269119789,113.31548245614036,12.157894736842104,40.0,12.565920844446158,-4.205155762797656,0.21052631578947367,0.6842105263157895,"ZEC,CASHCAT,PUMP,BTC,HYPE",高杠杆/短线赌徒型，长期单降权
2713906,1831,2026-09-09 05:17:15,30,0xdf52df044f1b150dfa79590909cdac6ad83d59fc,smart_money,P-C,70.24788309591267,0.75,274,234,40,0.5341880341880342,-0.035410376879202565,-8.262059698153028,-0.8135155610336225,218.39887368207624,6.631386861313868,20.0,5.3862331463961555,-7.091476825064767,0.16058394160583941,0.3759124087591241,"ZEC,FARTCOIN,TRUMP,XMR,HYPE",仓位收益偏弱，降权参考
2714597,1831,2026-09-09 05:17:16,30,0xdf81987465681d0515058fe0a47a3bd174012730,smart_money,P-N,50.0,1.0,1,1,0,1.0,67.22171213503312,,67.22171213503312,1729.6652777777779,1.0,1.0,76.1764959848027,0.0,1.0,0.0,MEGA,仓位样本不足，暂不影响权重
2714775,1831,2026-09-09 05:17:16,30,0xdf86c7c9069e9bd5bac9d97e21f9aa10f728fb86,smart_money,P-G,51.512950620403664,0.65,4,4,0,1.0,6.512950620403666,,6.512950620403666,73.5020138888889,17.5,20.0,7.204116268867379,-0.007976298997266342,0.0,1.0,"BTC,ETH,HYPE,SOL",高杠杆/短线赌徒型，长期单降权
2714052,1831,2026-09-09 05:17:15,30,0xdfaf7cd4ab0fc1d7f5ccf3216769f26bcd041a61,smart_money,P-G,62.03384122465076,0.65,8,6,2,0.3333333333333333,-2.243629539434425,70.18544253043356,17.033841224650754,466.0833680555555,11.875,20.0,32.14606430740837,-3.460854454764611,0.0,1.0,"PUMP,ENA,ARB,HYPE,SUI",高杠杆/短线赌徒型，长期单降权
2714919,1831,2026-09-09 05:17:16,30,0xdfd50d93227ad4f896e1ed00c75aa422950a4a51,smart_money,P-G,44.910002778637455,0.65,20,20,0,0.3,-0.0899972213625441,,-0.0899972213625441,5.052930555555557,20.0,20.0,0.24722081192214454,-0.29105888266407254,0.0,1.0,"SOL,ETH,BTC",高杠杆/短线赌徒型，长期单降权
2713907,1831,2026-09-09 05:17:15,30,0xdfe5195e7cc1a2eca9b0df09d4646472a8c4a402,money_printer,P-N,50.0,1.0,1,0,1,,,-19.756802548561502,-8.824937054716774,1739.6655555555556,20.0,20.0,9.089985034551892,-23.38614068265472,0.0,1.0,BTC,仓位样本不足，暂不影响权重
2714863,1831,2026-09-09 05:17:16,30,0xdfee2d4f729723aed67eed4bfb7a998dbb4294c0,smart_money,P-N,50.0,1.0,2,2,0,0.5,-3.2652188360498764,,-3.2652188360498764,1270.6586111111112,15.0,20.0,24.393574646676093,-8.441684114923467,0.0,1.0,"BTC,ZEC",仓位样本不足，暂不影响权重
2714464,1831,2026-09-09 05:17:16,30,0xe02e420ec55b4e03924d77c7b342c012541ba2d3,money_printer,P-B,79.07310858844231,1.0,119,112,7,0.6696428571428571,2.922036025963949,-0.3269693247454625,2.7209030337169535,52.15069094304387,8.53781512605042,20.0,5.577420925513366,-2.7587344967947227,0.18487394957983194,0.46218487394957986,"ETH,DOGE,PUMP,WLD,GRASS",仓位表现普通有效
2713908,1831,2026-09-09 05:17:15,30,0xe06142615991dee64ca813085779fadcc70431eb,smart_money,P-C,68.69419276348748,0.75,20,7,13,0.42857142857142855,-10.720241738155107,5.415170726367023,0.8419464034238342,806.6247777777777,4.25,10.0,26.55730621922671,-33.33012806334152,0.65,0.15,"CASHCAT,PONS,ZEC,VVV,ASTER",仓位收益偏弱，降权参考
2713909,1831,2026-09-09 05:17:15,30,0xe06532a98a541b48f6330d2dd88e2b4b96010d6b,smart_money,P-R,25.0,-0.8,6,1,5,0.0,-3.708119829408312,-57.86559067621804,-48.01924067465469,1660.831990740741,9.5,20.0,21.77267792704698,-66.80269560053033,0.16666666666666666,0.3333333333333333,"FARTCOIN,HYPE,LIT,PURR,XRP",仓位真实收益偏反向，可作为反向参考
2713910,1831,2026-09-09 05:17:15,30,0xe0665019fcf5ffa4a5aea5cf65f84016fcbe78da,money_printer,P-N,50.0,1.0,1,0,1,,,-6.767851094372497,-6.767851094372496,1739.6655555555556,10.0,10.0,25.905373283820982,-13.767643504657165,0.0,1.0,HYPE,仓位样本不足，暂不影响权重
2713911,1831,2026-09-09 05:17:15,30,0xe091330c53b971ed4e886f902f18e8544a8d6705,money_printer,P-G,35.0,0.65,3,1,2,0.0,-11.041538054502144,-25.735184547594496,-21.030673874168972,721.8861111111111,15.0,20.0,4.938867755353045,-23.698721488422624,0.0,0.6666666666666666,"ETH,HYPE",高杠杆/短线赌徒型，长期单降权
2714291,1831,2026-09-09 05:17:16,30,0xe0ffc829349c88c159462942ad885f12130e7610,money_printer,P-R,25.0,-0.8,5,4,1,0.25,-10.002082463858057,-8.724068772877999,-10.97509733265893,327.45311111111107,3.2,4.0,5.7678914851020515,-16.835997809014653,0.8,0.0,LIT,仓位真实收益偏反向，可作为反向参考
2713912,1831,2026-09-09 05:17:15,30,0xe10e446e1d3b483635681b77da44b02c57d6905c,smart_money,P-N,50.0,1.0,1,0,1,,,8.097817056634288,9.07071165970499,1739.6655555555556,11.0,11.0,34.44862401252065,0.0,0.0,1.0,BTC,仓位样本不足，暂不影响权重
2713913,1831,2026-09-09 05:17:15,30,0xe113311f35a53b196c0ab3ed31ad0bf937cc5c07,money_printer,P-B,86.27532452413035,1.0,13,9,4,0.6666666666666666,13.404616083342551,-15.887176731247832,4.580766013351505,575.5942094017093,9.307692307692308,40.0,22.73788184764462,-18.93637200952687,0.5384615384615384,0.38461538461538464,"PURR,PUMP,PONS,BTC,HYPE",仓位表现普通有效
2714599,1831,2026-09-09 05:17:16,30,0xe117d3d94b30f7e7aa4f29704d0d2f43c009b9a8,smart_money,P-B,67.48886398234775,1.0,7,7,0,0.7142857142857143,-0.12391535175455139,,-0.12391535175455139,3.143015873015873,4.714285714285714,10.0,3.748559642100669,-6.232760417248246,0.7142857142857143,0.2857142857142857,"PONS,ZEC,CASHCAT,PURR",仓位表现普通有效
2713914,1831,2026-09-09 05:17:15,30,0xe15ec2db7dcb1fced329e9b38865ce546e688764,smart_money,P-B,76.15490780739586,1.0,40,34,6,0.5588235294117647,0.20686906642362607,-3.196361613680317,-0.23136962571383818,156.2086527777778,7.05,40.0,2.6422440256841133,-3.6230877098666467,0.225,0.225,"FET,MINA,NEAR,ETH,BTC",仓位表现普通有效
2713915,1831,2026-09-09 05:17:15,30,0xe170ed9d77792397271d564c7161351d69fe9300,money_printer,P-G,35.0,0.65,3,0,3,,,-50.601309562654876,-48.44582503433826,1739.6655555555556,18.333333333333332,25.0,16.898417510630374,-55.710127945454246,0.0,1.0,"ETH,HYPE,SOL",高杠杆/短线赌徒型，长期单降权
2713916,1831,2026-09-09 05:17:15,30,0xe17cf192fee50447687af1f689782d4abba8cbb1,smart_money,P-A,100.0,1.15,9,5,4,1.0,8.402930359598292,-7.83637159933224,1.7523625168892276,705.8907407407407,6.777777777777778,10.0,13.199123742967409,-20.3969120085599,0.2222222222222222,0.4444444444444444,"LIT,ADA,NEAR,WLD,CHIP",仓位收益稳定，适合加权参考
2714325,1831,2026-09-09 05:17:16,30,0xe1b4e4d6320c65748a1900cf0329cb7221959d8a,smart_money,P-B,65.83879658249508,1.0,17,16,1,0.5,-0.25388957574132925,1.3131916065935003,-0.0563757274085342,43.06153594771242,5.0588235294117645,10.0,3.6673023081733596,-2.464449960434617,0.17647058823529413,0.11764705882352941,"ZEC,HYPE,PUMP,ONDO,kPEPE",仓位表现普通有效
2713917,1831,2026-09-09 05:17:15,30,0xe1c08667421e480e63edda9b37b8405aa51ed19b,smart_money,P-C,78.58612365158466,0.75,100,38,62,0.6052631578947368,6.5351239959538345,-13.070141622112297,-2.8911487005234617,982.0223000000001,4.38,5.0,18.25264384525713,-24.591067789305868,0.31,0.0,"INJ,ATOM,VVV,CFX,LTC",仓位收益偏弱，降权参考
2714712,1831,2026-09-09 05:17:16,30,0xe1d39d2b30da977d470e0652239372b7ad4b7766,smart_money,P-G,44.32887246568803,0.65,3,3,0,0.3333333333333333,-0.6711275343119718,,-0.6711275343119718,1.331574074074074,8.333333333333334,10.0,0.21525990530806882,-0.8350622960771276,0.0,0.6666666666666666,"HYPE,LIT",高杠杆/短线赌徒型，长期单降权
2714763,1831,2026-09-09 05:17:16,30,0xe21be5bb37a3af716174cdc5d095ab224b3ef9de,smart_money,P-N,50.0,1.0,2,2,0,0.5,-0.7278465726729222,,-0.7278465726729222,74.99861111111112,10.0,10.0,6.489242454167676,-3.316606847070215,0.0,1.0,"HYPE,ZEC",仓位样本不足，暂不影响权重
2713918,1831,2026-09-09 05:17:15,30,0xe24166173f1e956845a0660c8b26db334dced71a,money_printer,P-N,50.0,1.0,1,0,1,,,-93.50867211901928,-93.50867211901928,1739.6655555555556,10.0,10.0,0.0,-103.23916867578495,0.0,1.0,HYPE,仓位样本不足，暂不影响权重
2714585,1831,2026-09-09 05:17:16,30,0xe2990ce029db870c805e90a1a8a1d8a1c52255d6,money_printer,P-G,45.09328750212765,0.65,148,147,1,0.5374149659863946,0.08830665725699899,0.8254716981132149,0.09328750212764904,3.906120495495496,12.837837837837839,40.0,1.0783733352605795,-0.7167830037912072,0.0,0.918918918918919,"PUMP,FARTCOIN,ZEC,LIT,XRP",高杠杆/短线赌徒型，长期单降权
2714542,1831,2026-09-09 05:17:16,30,0xe29d84a6f37858d7f8017be454ee35726511e525,smart_money,P-G,44.97224727191231,0.65,292,291,1,0.4948453608247423,-0.02800240667753812,0.044903741556831696,-0.02775272808769439,2.4726198630137,10.0,10.0,0.19483013688771647,-0.2109032591583531,0.0,1.0,BTC,高杠杆/短线赌徒型，长期单降权
2713919,1831,2026-09-09 05:17:15,30,0xe2f86feccb1207710a442bc4e27a0701a290275a,money_printer,P-N,50.0,1.0,1,0,1,,,58.86643577663235,7.873978457026279,1739.6655555555556,10.0,10.0,81.94657159356248,-5.881112791603646,0.0,1.0,HYPE,仓位样本不足，暂不影响权重
2714671,1831,2026-09-09 05:17:16,30,0xe31501c472d557bfa145ce105d325fb2dd4cb867,smart_money,P-G,44.82980127279152,0.65,8,8,0,0.375,-0.17019872720848195,,-0.17019872720848195,3.9996875000000003,26.875,40.0,0.35668364334930847,-0.38318231336247877,0.0,1.0,"BTC,HYPE,ETH",高杠杆/短线赌徒型，长期单降权
2714586,1831,2026-09-09 05:17:16,30,0xe34d21d1980082c6dd1c2d7be6315187dfe4a718,smart_money,P-C,58.56195308238671,0.75,320,319,1,0.47648902821316613,-0.5269086595585062,1.3192395935758772,-0.5211394462674612,2.1905651041666654,5.14375,10.0,1.1291477508718741,-1.900399974707203,0.396875,0.1875,"ETHFI,PUMP,VVV,GRASS,XPL",仓位收益偏弱，降权参考
2714186,1831,2026-09-09 05:17:16,30,0xe383e214bd4b32a9ef9cf688ee98976b57f6c9c6,smart_money,P-C,46.497777421163306,0.75,102,95,7,0.4105263157894737,-0.25554832355230755,8.142564274933259,-0.041100969500906644,18.21592592592593,9.705882352941176,20.0,2.975835146774589,-2.020001213611666,0.39215686274509803,0.6078431372549019,"HYPE,PUMP,PONS,ETH,LIT",仓位收益偏弱，降权参考
2714552,1831,2026-09-09 05:17:16,30,0xe3b3482482899b4890ec5a2093cba2a558d0c14f,smart_money,P-G,45.034782804846095,0.65,243,241,2,0.5435684647302904,0.03508805198693905,0.008140061970990209,0.0347828048460978,2.8808436213991757,17.325102880658438,40.0,0.4159936023431239,-0.3270020936116176,0.0,0.9835390946502057,"BTC,ZEC",高杠杆/短线赌徒型，长期单降权
2714742,1831,2026-09-09 05:17:16,30,0xe3ea6e994993698a721f92491d1b0b4ce67ad5ff,smart_money,P-N,50.0,1.0,2,2,0,0.5,12.16735524292023,,12.16735524292023,165.0075,8.5,13.0,18.23748003916852,-0.46758823507176184,0.0,0.5,"HYPE,BTC",仓位样本不足，暂不影响权重
2713920,1831,2026-09-09 05:17:15,30,0xe41aa443bad860e6b584060cc365b58dc34caf92,smart_money,P-N,50.0,1.0,1,0,1,,,63.357629846761846,63.357629846761846,1739.6655555555556,5.0,5.0,66.767865789026,0.0,0.0,0.0,WLFI,仓位样本不足，暂不影响权重
2713921,1831,2026-09-09 05:17:15,30,0xe4c4f035775c4fa6fcd7561be4e35f29907b3df7,smart_money,P-N,50.0,1.0,1,0,1,,,-35.282336351188405,-27.347344435151633,1739.6655555555556,10.0,10.0,22.38668557382105,-40.586508788671004,0.0,1.0,HYPE,仓位样本不足，暂不影响权重
2714744,1831,2026-09-09 05:17:16,30,0xe5250bf1ee0d01c54866702b3e4a12a57939693d,smart_money,P-G,45.57207516675051,0.65,8,8,0,0.875,0.5720751667505091,,0.5720751667505091,7.000625,10.0,10.0,0.9808680107904648,-1.071448647395702,0.0,1.0,HYPE,高杠杆/短线赌徒型，长期单降权
2714468,1831,2026-09-09 05:17:16,30,0xe52ec3a0f90c66510ff7892354b1a1337afaac63,smart_money,P-G,45.10603361984269,0.65,413,409,4,0.5574572127139364,0.10443084273592751,0.16052558000577122,0.10603361984268943,6.990390772128052,16.537530266343826,40.0,0.7117497516346416,-0.44122772554856843,0.0,1.0,"HYPE,ETH,BTC,ONDO",高杠杆/短线赌徒型，长期单降权
2713922,1831,2026-09-09 05:17:15,30,0xe5aaacff3f4f94d5009da0503144027e75a96232,smart_money,P-C,56.92307692307692,0.75,39,1,38,0.0,-20.42462664686491,13.521591903468973,12.656763975456483,1413.1000854700858,5.282051282051282,20.0,37.86940173346111,-14.055958369710833,0.5641025641025641,0.15384615384615385,"AAVE,ADA,AERO,ALGO,BCH",仓位收益偏弱，降权参考
2714065,1831,2026-09-09 05:17:15,30,0xe607da942c20336a2a7bc5a56488b86aad2684ee,money_printer,P-C,53.44817917050311,0.75,6,5,1,0.2,-0.6199858140969292,106.7643238672863,17.277399132800273,194.83453703703705,8.0,10.0,23.627458670404767,-5.264860632838264,0.16666666666666666,0.6666666666666666,"ZEC,WLD,LIT,VVV",仓位收益偏弱，降权参考
2714240,1831,2026-09-09 05:17:16,30,0xe67dbf2d051106b42104c1a6631af5e5a458b682,smart_money,P-B,69.7535028100456,1.0,26,21,5,0.5714285714285714,0.8442149652702655,0.473863658577306,0.7634231267071772,40.61623931623932,8.884615384615385,25.0,1.9069123912497996,-0.849241854177945,0.0,0.34615384615384615,"BTC,ETH,XRP,SOL,kPEPE",仓位表现普通有效
2714409,1831,2026-09-09 05:17:16,30,0xe67f141977da22e5c34d15c19b35f180a1532715,smart_money,P-S,100.0,1.25,171,166,5,0.927710843373494,2.396956277712752,-1.6181725878846724,2.281442372488357,29.119852176738128,4.415204678362573,12.0,3.52903157844348,-2.1016960766251245,0.6666666666666666,0.23976608187134502,"ZEC,HYPE,FARTCOIN,BTC,PONS",仓位收益、持仓周期、杠杆结构适合长期参考
2713923,1831,2026-09-09 05:17:15,30,0xe690ebdb7616526bb5ad2a6544221fb0bb69d0f5,smart_money,P-N,50.0,1.0,1,0,1,,,-9.788192704523349,-9.594482278583365,1739.6655555555556,20.0,20.0,19.39455619135829,-13.119976679298714,0.0,1.0,BTC,仓位样本不足，暂不影响权重
2714822,1831,2026-09-09 05:17:16,30,0xe6e3355646051ff76174dd36f6e0fbe2b2cb67f7,smart_money,P-N,50.0,1.0,1,1,0,1.0,23.716043072430196,,23.716043072430196,980.0111111111111,7.0,7.0,36.3597902910044,-14.823140989481368,0.0,0.0,HYPE,仓位样本不足，暂不影响权重
2713924,1831,2026-09-09 05:17:15,30,0xe70786609d684ad71e5156cdc40279e79413ed88,smart_money,P-N,50.0,1.0,2,0,2,,,26.595495684677335,26.595495684677335,1739.6655555555556,20.0,20.0,47.84305087194207,0.0,0.0,1.0,"BTC,SOL",仓位样本不足，暂不影响权重
2713925,1831,2026-09-09 05:17:15,30,0xe71cbf47fff309813bcea54f3ecf49a5f129264d,smart_money,P-N,50.0,1.0,2,1,1,0.0,-8.3289086045926,70.82744661196544,31.249269003686422,938.3406944444445,3.0,3.0,40.77899786673888,-6.521831261261507,1.0,0.0,"MEGA,HYPE",仓位样本不足，暂不影响权重
2714668,1831,2026-09-09 05:17:16,30,0xe72bbf79a59599b7a91b92b66ce2237af0d983db,smart_money,P-G,35.425130563232685,0.65,3,3,0,0.0,-9.574869436767314,,-9.574869436767314,917.1149074074074,11.666666666666666,15.0,10.872090182975766,-18.332707488665083,0.0,1.0,"ETH,BTC",高杠杆/短线赌徒型，长期单降权
2714508,1831,2026-09-09 05:17:16,30,0xe799f6e2414c60340ebd1e1613f7a9b1857d2af3,smart_money,P-B,58.52631964394604,1.0,72,71,1,0.5352112676056338,0.3506761187303532,-2.682891613994857,0.30854323355361424,27.179818672839506,9.097222222222221,14.0,2.2124766862960628,-1.9054155518875442,0.1388888888888889,0.7777777777777778,"HYPE,ETH,BTC,LIT,SUI",仓位表现普通有效
2713926,1831,2026-09-09 05:17:15,30,0xe7af83354027311c07acf509653f3863096450c8,smart_money,P-S,100.0,1.25,11,8,3,0.625,11.074405127206424,-17.270777809433568,8.549718185467151,753.4691161616161,3.0,3.0,34.86546931402002,-17.66090752543607,1.0,0.0,"KAITO,VVV,ZRO,XMR,ACE",仓位收益、持仓周期、杠杆结构适合长期参考
2713927,1831,2026-09-09 05:17:15,30,0xe7e25d4f0f0076b08459e343529c446fef04f958,money_printer,P-B,100.0,1.0,5,1,4,1.0,10.729562541609724,21.718744791034368,20.143407889519896,1470.3323333333333,9.2,20.0,43.01913854721388,-17.196067042664303,0.4,0.6,"BTC,DOGE,HYPE,LTC,CASHCAT",仓位表现普通有效
2714779,1831,2026-09-09 05:17:16,30,0xe7e3cdba6cc8a60c31c09279e69a0bec6e392901,smart_money,P-N,50.0,1.0,1,1,0,1.0,45.499243048121684,,45.499243048121684,1011.0161111111111,4.0,4.0,61.93832340970336,-16.00673971111074,0.0,0.0,ZEC,仓位样本不足，暂不影响权重
2714441,1831,2026-09-09 05:17:16,30,0xe7e4ca8b310c0d0ea900e15e4f43ffd9d25e3c77,smart_money,P-N,50.0,1.0,2,1,1,0.0,-19.655172413793103,3.800457521250386,-7.927357446271358,119.99666666666667,4.0,5.0,3.9697576939001022,-16.53954780386274,0.5,0.0,"PONS,PUMP",仓位样本不足，暂不影响权重
2714639,1831,2026-09-09 05:17:16,30,0xe82bc65677e46b6626a8e779ac263221db039c2d,money_printer,P-G,59.515733185415385,0.65,3,3,0,1.0,14.515733185415383,,14.515733185415383,1202.776574074074,13.333333333333334,20.0,36.27481972150867,-1.0520576442950222,0.0,0.6666666666666666,"BTC,ETH,ZEC",高杠杆/短线赌徒型，长期单降权
2714788,1831,2026-09-09 05:17:16,30,0xe83054865a23ca7b74e4a13a5e7bbc2010291820,smart_money,P-C,60.471969856651015,0.75,6,6,0,0.3333333333333333,1.8452286764072923,,1.8452286764072923,36.33291666666667,3.0,11.0,2.901290115554124,-0.8618537180764431,0.8333333333333334,0.16666666666666666,"VVV,BTC,HYPE",仓位收益偏弱，降权参考
2714354,1831,2026-09-09 05:17:16,30,0xe86351e0f69bd808def36e7bb2f9107443838bb8,smart_money,P-C,52.236973438324355,0.75,228,222,6,0.4774774774774775,0.15094375605320196,0.2237658010439573,0.15238904253818542,15.24103435672513,9.364035087719298,20.0,2.5151386892101435,-2.1927869995197757,0.13157894736842105,0.5745614035087719,"HYPE,ETH,ZEC,UNI,SOL",仓位收益偏弱，降权参考
2714612,1831,2026-09-09 05:17:16,30,0xe867fbdad3291530e41530301ecb77693850c78e,money_printer,P-A,86.30529762265847,1.15,11,11,0,0.9090909090909091,1.3547762946290183,,1.3547762946290183,23.09030303030303,7.7272727272727275,15.0,2.043549344271316,-1.8073372503986116,0.0,0.2727272727272727,"HYPE,XMR,BTC,ZEC",仓位收益稳定，适合加权参考
2714543,1831,2026-09-09 05:17:16,30,0xe8681168f59af16c60c805dab7842eb75f127879,smart_money,P-G,47.77544999259486,0.65,73,72,1,0.7916666666666666,2.785743139237241,2.034343434343433,2.77544999259486,12.616023592085227,15.767123287671232,40.0,4.481729027586129,-0.4587145350860965,0.0273972602739726,0.7397260273972602,"BTC,ETH,HYPE,LIT,SOL",高杠杆/短线赌徒型，长期单降权
2713928,1831,2026-09-09 05:17:15,30,0xe86b057f5eb764c9738d6b0d38170befd0723664,money_printer,P-G,45.35290746478003,0.65,682,638,44,0.6818181818181818,0.44613185971189445,-1.5683613243329262,0.35290746478003476,85.42328038449006,12.200879765395895,40.0,2.613007090551618,-2.752045181639089,0.07624633431085044,0.6143695014662757,"BTC,HYPE,ETH,SUI,VVV",高杠杆/短线赌徒型，长期单降权
2714631,1831,2026-09-09 05:17:16,30,0xe8d89110c52df4ca33e75e060e3c72dcbf6c8dda,smart_money,P-C,53.3312907789381,0.75,3,3,0,0.3333333333333333,-0.8866275507959269,,-0.8866275507959269,73.33462962962962,3.3333333333333335,4.0,8.748910264549934,-8.765629896856444,0.6666666666666666,0.0,"ZEC,HYPE,PONS",仓位收益偏弱，降权参考
2713986,1831,2026-09-09 05:17:15,30,0xe8ef95e07161df78552da11fd95d287dd6d65201,smart_money,P-G,44.83503131943145,0.65,64,59,5,0.4406779661016949,0.03684504426898363,-2.673782630295139,-0.16496868056854572,86.18442274305556,17.203125,40.0,2.0701607671120485,-3.2041707774740456,0.03125,0.75,"HYPE,BTC,XLM,XRP,LDO",高杠杆/短线赌徒型，长期单降权
2714095,1831,2026-09-09 05:17:15,30,0xe8fad35e6f85b5c5e4875fff2f595735498c279e,smart_money,P-N,50.0,1.0,2,1,1,0.0,-5.348363220281412,4.873462304368075,0.7277846557490251,306.5025,2.0,2.0,20.853538971112584,-4.709516554197419,1.0,0.0,HYPE,仓位样本不足，暂不影响权重
2713929,1831,2026-09-09 05:17:15,30,0xe98bc6b99a2eb1a108623af5843b922389e78cd5,money_printer,P-G,65.0,0.65,4,0,4,,,30.35198292788823,30.35198292788823,1739.6655555555556,11.25,20.0,55.222349626013894,-6.2439295711464755,0.0,0.75,"HYPE,JUP,SOL,TIA",高杠杆/短线赌徒型，长期单降权
2714436,1831,2026-09-09 05:17:16,30,0xe9cef9fd872a03cedf9d3e6e90309782b3724ea6,smart_money,P-B,65.82232724487666,1.0,33,32,1,0.5,0.3764001427417357,1.2848994670693807,0.41116362243833243,17.606910774410775,3.1818181818181817,5.0,1.3276184963468587,-0.443116553049418,0.9090909090909091,0.0,"BTC,ETH,SOL,ZEC,AAVE",仓位表现普通有效
2714079,1831,2026-09-09 05:17:15,30,0xe9d199fd55a2560e3193f330e017192316ecd2d3,smart_money,P-G,44.92713181920427,0.65,45,41,4,0.5609756097560976,-0.022974983420227118,-1.2857649715440898,-0.07286818079573329,90.85953703703704,10.0,10.0,2.3000658170025834,-3.2648536530903716,0.0,1.0,"DOT,LTC,XRP,XPL",高杠杆/短线赌徒型，长期单降权
2713930,1831,2026-09-09 05:17:15,30,0xea4fc1ae43d644b35e6874c32c49516ccb21df32,smart_money,P-B,73.1183335061196,1.0,336,234,102,0.5085470085470085,0.4466763219732679,-3.655414650767835,0.17073573962878652,577.6416832010572,5.6101190476190474,40.0,10.842509096353858,-11.20627527536914,0.5208333333333334,0.24107142857142858,"ZEC,kSHIB,BABY,ARB,PAXG",仓位表现普通有效
2713996,1831,2026-09-09 05:17:15,30,0xea6be4808a584fb1bcc0308403aacea3df94a67a,smart_money,P-B,75.0367460813433,1.0,936,869,67,0.6144994246260069,0.30510867060698693,1.9330676814050716,0.41687608474431215,77.79563271604938,8.107905982905983,40.0,4.453608987933398,-4.016597280088766,0.13675213675213677,0.5405982905982906,"PUMP,ZEC,VVV,LIT,ENA",仓位表现普通有效
2713931,1831,2026-09-09 05:17:15,30,0xea745265097151523658be7c2c8ea325f1592ac0,smart_money,P-N,50.0,1.0,1,0,1,,,-36.83838136446512,-11.43038119438268,1739.6655555555556,10.0,10.0,25.05054496084605,-46.716738781397126,0.0,1.0,LINK,仓位样本不足，暂不影响权重
2714778,1831,2026-09-09 05:17:16,30,0xeac842b2214cfece3f0d288293da19f408d91ede,money_printer,P-G,49.31285843296294,0.65,5,5,0,0.8,4.3128584329629405,,4.3128584329629405,2.9994444444444444,12.0,20.0,5.410609230690389,-1.0919137676083732,0.0,1.0,"TRUMP,SOL",高杠杆/短线赌徒型，长期单降权
2714385,1831,2026-09-09 05:17:16,30,0xeaf35054804ab7ed6b8cb070296dd6bb38abb4b1,smart_money,P-G,45.12790086435059,0.65,17,16,1,0.75,0.1394311209177829,-0.644764769655969,0.12790086435059644,38.353169934640526,40.0,40.0,0.7344587485696019,-0.9472302188194697,0.0,1.0,BTC,高杠杆/短线赌徒型，长期单降权
2713974,1831,2026-09-09 05:17:15,30,0xeafbe89e3bc638a540c166c45d2b12850fc6c402,money_printer,P-C,70.63793272341857,0.75,99,64,35,0.453125,2.165509458601008,-2.034666067580054,0.4797933819113081,290.3646520763189,4.656565656565657,20.0,10.007097323225493,-12.622860053963675,0.45454545454545453,0.20202020202020202,"KAITO,CHIP,LIT,VVV,GRAM",仓位收益偏弱，降权参考
2714339,1831,2026-09-09 05:17:16,30,0xeb0f432beecf10dcc828fc1e36a3386caf634637,smart_money,P-B,80.38215642769899,1.0,11,10,1,0.5,4.663549829957978,37.18976436906226,7.620478424422003,75.63881313131313,6.7272727272727275,10.0,17.71547554811588,-2.5270289969214415,0.09090909090909091,0.36363636363636365,"ZEC,XRP,CASHCAT,ETH,SOL",仓位表现普通有效
2714141,1831,2026-09-09 05:17:16,30,0xeb47e64c3d12add1a175517619ede29fbc4a9f1d,smart_money,P-C,64.79181246047627,0.75,12,6,6,0.8333333333333334,-0.7449571933325861,-34.729312277301524,-17.737134735317053,867.3331944444444,9.333333333333334,20.0,21.890419183246184,-42.81765580027254,0.3333333333333333,0.6666666666666666,"ARB,DOGE,ETH,HYPE,LINK",仓位收益偏弱，降权参考
2714056,1831,2026-09-09 05:17:15,30,0xeb83e695adcac2e83f290d2d2815fc58e6491d7a,smart_money,P-G,48.12294809704078,0.65,45,42,3,0.42857142857142855,3.512866764203055,-0.371691085526823,3.1229480970407844,75.33398148148149,14.4,40.0,10.028684259542528,-3.7772205557884324,0.3111111111111111,0.6,"CASHCAT,PUMP,ETH,BTC,SOL",高杠杆/短线赌徒型，长期单降权
2713932,1831,2026-09-09 05:17:15,30,0xebcda26432c1e2a46898d9920759438f86c8fcf4,smart_money,P-G,47.82174693435038,0.65,5,2,3,1.0,6.995243567552615,-6.650760193197201,2.8217469343503816,993.6071111111108,23.0,40.0,11.615368385462036,-17.490100916257866,0.0,1.0,"BTC,SOL,ETH,XRP,DOGE",高杠杆/短线赌徒型，长期单降权
2714451,1831,2026-09-09 05:17:16,30,0xebcfa0e05df4c406f4a166b1318581134a8537c0,money_printer,P-B,70.6941764414033,1.0,73,72,1,0.5833333333333334,-0.06856979594988023,-0.6509151360858372,-0.06957844596502337,10.082302130898022,8.0,8.0,0.4900889019655144,-0.6107822260503891,0.0,0.0,ETH,仓位表现普通有效
2713933,1831,2026-09-09 05:17:15,30,0xebe6cc6820a76705b6654fdd1254256dcd54f1df,smart_money,P-A,100.0,1.15,6,4,2,1.0,3.532897062566856,41.39298492183904,15.21118981480243,334.27555555555557,5.5,10.0,34.37836619286258,-2.9903574147643432,0.3333333333333333,0.16666666666666666,"LIT,HYPE,PONS,ENA,AERO",仓位收益稳定，适合加权参考
2714228,1831,2026-09-09 05:17:16,30,0xec2aa004732b35d4f763e7e73e7918da37274c96,smart_money,P-G,44.492879662526256,0.65,3,2,1,0.5,0.5447315700259434,-2.4285690934649833,-0.5071203374737453,342.6694444444444,16.0,25.0,10.27356517393642,-2.9774813046085797,0.0,1.0,"ETH,kPEPE",高杠杆/短线赌徒型，长期单降权
2713934,1831,2026-09-09 05:17:15,30,0xec7c3257d80aa80d06d996517020744e40a70b05,smart_money,P-B,79.98372927950219,1.0,976,838,138,0.5465393794749404,0.5150550627940897,-0.8739878131827169,0.3035601286199858,141.15418971994526,4.737704918032787,12.0,6.092354155563932,-6.428885059936003,0.44979508196721313,0.04405737704918033,"CASHCAT,ZEC,PONS,ENA,HYPE",仓位表现普通有效
2714262,1831,2026-09-09 05:17:16,30,0xec7f9f5b31b8f5da6ac6c0973bbd496e16f9df39,smart_money,P-G,56.5837881178563,0.65,3,2,1,1.0,17.208804931457774,0.33375449065335944,11.583788117856303,549.8892592592592,20.0,20.0,12.782872096258586,-1.5532076616397494,0.0,1.0,BTC,高杠杆/短线赌徒型，长期单降权
2714601,1831,2026-09-09 05:17:16,30,0xec89639d883a9ff2086c6deb0d766064b5bbea03,smart_money,P-B,86.25013338973943,1.0,3,3,0,0.6666666666666666,3.9061270879380747,,3.9061270879380747,496.8911111111111,4.0,4.0,12.336307815836918,-6.9777232188342495,0.0,0.0,HYPE,仓位表现普通有效
2714361,1831,2026-09-09 05:17:16,30,0xec9045405a878d01cdb836f82a6dd2abd49a169c,smart_money,P-G,45.49375183799188,0.65,6,5,1,0.4,0.6967217890294239,-0.5210979171958208,0.4937518379918832,171.83689814814815,10.333333333333334,15.0,7.720292080930281,-2.81035433562232,0.0,0.8333333333333334,"BTC,ETH,ZEC",高杠杆/短线赌徒型，长期单降权
2713935,1831,2026-09-09 05:17:15,30,0xecb63caa47c7c4e77f60f1ce858cf28dc2b82b00,money_printer,P-C,77.23276949521826,0.75,319,235,84,0.6978723404255319,0.6692196010582291,-9.132066651637368,-1.4486455998863719,412.21197405085417,9.564263322884013,20.0,6.886302314567578,-9.316102932334474,0.20689655172413793,0.5360501567398119,"BTC,PONS,TRUMP,ZEC,ARB",仓位收益偏弱，降权参考
2714293,1831,2026-09-09 05:17:16,30,0xed7c40e138cb25e79d94295882c66ac8197fb66e,smart_money,P-B,100.0,1.0,17,16,1,0.875,0.8696090500766809,1.2905336928873545,0.8943693231831911,48.47049019607842,3.0,6.0,2.087774892809847,-1.5711142408253784,0.9411764705882353,0.0,"BTC,HYPE,ETH,kBONK",仓位表现普通有效
2714747,1831,2026-09-09 05:17:16,30,0xeda73c9fa6a90cea2bcc5529e9e12c012e13655b,smart_money,P-C,53.12430422051499,0.75,3,3,0,0.3333333333333333,2.0098791699925207,,2.0098791699925207,36.66685185185185,4.333333333333333,5.0,4.850902583209938,-3.4719736645156005,0.3333333333333333,0.0,"XMR,STABLE,PUMP",仓位收益偏弱，降权参考
2713936,1831,2026-09-09 05:17:15,30,0xeda7dbbd44a0c5800dfa9cdd3fbb585cdba288f3,smart_money,P-G,35.0,0.65,14,13,1,0.5384615384615384,-12.00321877046118,-24.234854455067694,-12.810352513940156,511.74279761904756,17.142857142857142,40.0,8.857381118571933,-19.322101420564334,0.0,0.7857142857142857,"BTC,PUMP,NEAR,ETH,FARTCOIN",高杠杆/短线赌徒型，长期单降权
2713937,1831,2026-09-09 05:17:15,30,0xeeaf4055e581dae6a4eaea0a66181ecb207787f1,smart_money,P-C,5.020599913279625,0.75,4,0,4,,,-14.508019465729683,-15.85641139749455,1739.6655555555556,8.5,20.0,34.841158801997494,-42.606266454310784,0.5,0.5,"AAVE,AERO,BTC,PUMP",仓位收益偏弱，降权参考
2714008,1831,2026-09-09 05:17:15,30,0xef70339934261ca3524bddfa7d02e0a69107a84c,money_printer,P-G,57.03436475720931,0.65,3,0,3,,,27.981547839153674,12.034364757209312,1026.922037037037,25.0,40.0,48.05617563079155,-23.43619552378726,0.0,1.0,"BTC,ETH,ZEC",高杠杆/短线赌徒型，长期单降权
2713938,1831,2026-09-09 05:17:15,30,0xef96d013bdb1a5dfe553999f19b5091b9a299383,smart_money,P-G,42.82622757344997,0.65,125,98,27,0.6122448979591837,0.33417333330217974,-12.61975404284759,-2.173772426550033,302.8711933333334,12.24,40.0,5.435798930589837,-11.630061360252634,0.0,0.792,"ZEC,HYPE,ETH,LIT,BTC",高杠杆/短线赌徒型，长期单降权
2714580,1831,2026-09-09 05:17:16,30,0xeff7fe671d9a7acf86f48994bc5d5161042415b6,smart_money,P-G,44.9162783085754,0.65,20,19,1,0.5789473684210527,-0.10023351946603158,0.23000304136253039,-0.08372169142460348,70.56529166666667,20.5,25.0,0.6462958608876936,-1.3544555845081503,0.0,1.0,"BTC,ETH",高杠杆/短线赌徒型，长期单降权
2714058,1831,2026-09-09 05:17:15,30,0xf00bb08f7d1d04a9415408c939c02410fc6791b1,smart_money,P-N,50.0,1.0,1,0,1,,,22.33406595446201,16.843274244165464,827.9988888888889,20.0,20.0,26.041510385329847,-3.109180139729044,0.0,1.0,BTC,仓位样本不足，暂不影响权重
2714505,1831,2026-09-09 05:17:16,30,0xf00eabc409c51cf884ec7861cb839524af6afe3d,smart_money,P-B,87.30696397562777,1.0,12,11,1,0.5454545454545454,11.779971972193232,6.801975787645871,11.365138956814285,111.41594907407408,6.0,20.0,22.568956174979416,-6.331064808853854,0.5,0.3333333333333333,"CASHCAT,PONS,BNB,CAKE,ZEC",仓位表现普通有效
2714161,1831,2026-09-09 05:17:16,30,0xf0480a7892bc260658e82359f3c9374bc0a75444,money_printer,P-G,45.600803702865804,0.65,3,2,1,0.5,1.1940148390998706,-0.7223057752625517,0.6008037028658036,579.8885185185185,20.0,20.0,3.3206379784016558,-3.607506894625162,0.0,1.0,BTC,高杠杆/短线赌徒型，长期单降权
2714564,1831,2026-09-09 05:17:16,30,0xf05359fe3426248c3eb48ca9474160dc4510b99d,smart_money,P-B,67.61142829740498,1.0,198,197,1,0.5532994923857868,0.046608602186834644,-0.010872024889359221,0.04629252126056222,3.060499438832771,5.070707070707071,20.0,0.2931421706709949,-0.28647473289555264,0.005050505050505051,0.06060606060606061,"ETH,BTC",仓位表现普通有效
2714530,1831,2026-09-09 05:17:16,30,0xf060e33cfa0727a224a184622606213e8f4e6a6f,smart_money,P-B,45.48024170102303,1.0,134,133,1,0.5413533834586466,0.021296009173987916,-0.6035436726491052,0.016633026473815572,3.0821641791044776,12.485074626865671,20.0,0.30807719280523327,-0.2687390092230264,0.0,0.5223880597014925,BTC,仓位表现普通有效
2714846,1831,2026-09-09 05:17:16,30,0xf10b1ba419f347fc129e4e79275fa022d72208de,smart_money,P-N,50.0,1.0,1,1,0,1.0,84.97434098619027,,84.97434098619027,1292.6602777777778,10.0,10.0,84.97434098619027,0.0,0.0,1.0,HYPE,仓位样本不足，暂不影响权重
2713939,1831,2026-09-09 05:17:15,30,0xf1245033de5669c24b7915256afb598ac3245bf1,smart_money,P-G,35.0,0.65,5,1,4,1.0,14.886940691769665,-48.37068475249236,-35.71915966363996,900.8684999999999,12.0,20.0,13.653451256515746,-43.64742648568647,0.0,0.6,"BTC,ETH,ZEC,ASTER",高杠杆/短线赌徒型，长期单降权
2714303,1831,2026-09-09 05:17:16,30,0xf17de447fdfa1778db06111e3cbdc878332adab2,money_printer,P-G,45.17052904220441,0.65,22,21,1,0.5238095238095238,-0.038093701681836005,4.551606663815566,0.17052904220440948,17.5013005050505,26.045454545454547,40.0,2.1627143431125906,-1.2200757901840331,0.045454545454545456,0.9545454545454546,"BTC,HYPE,PONS,ENA",高杠杆/短线赌徒型，长期单降权
2713940,1831,2026-09-09 05:17:15,30,0xf191539a2c4ba0af951438bb6abfa0625c7df2ef,smart_money,P-G,52.0353065123059,0.65,4,0,4,,,13.086891515587883,7.035306512305904,1398.0868055555557,23.75,40.0,38.84836824164035,-21.95495271631332,0.0,1.0,"ETH,HYPE,SOL,BTC",高杠杆/短线赌徒型，长期单降权
2713941,1831,2026-09-09 05:17:15,30,0xf19b3c8b8004149cf21c8efe4433cd3b57752695,smart_money,P-G,49.59308061804441,0.65,10,7,3,0.14285714285714285,-0.20333714638590014,15.883056975965607,4.59308061804441,374.1677222222222,31.8,40.0,8.979568387661095,-3.7507267150296064,0.1,0.9,"BTC,HYPE,CC,ETH",高杠杆/短线赌徒型，长期单降权
2714051,1831,2026-09-09 05:17:15,30,0xf208b13968cf79db8ed788907e70c288a3169c0b,smart_money,P-N,50.0,1.0,1,0,1,,,41.04668744407071,35.589167426139106,873.0055555555556,10.0,10.0,51.41481778628073,-8.590736569259736,0.0,1.0,WLD,仓位样本不足，暂不影响权重
2713942,1831,2026-09-09 05:17:15,30,0xf215c807672f168f6894bb2f5154000de11b4d85,smart_money,P-N,50.0,1.0,1,0,1,,,-23.836491084135876,-23.836491084135876,1739.6655555555556,40.0,40.0,9.947177644215875,-27.589467866408423,0.0,1.0,BTC,仓位样本不足，暂不影响权重
2713943,1831,2026-09-09 05:17:15,30,0xf21cd17b9db49fdb21bfdf714558cf8bde3221bd,smart_money,P-B,82.89907539987425,1.0,452,335,117,0.582089552238806,1.1892658490929153,-2.2400872995624406,0.5410051414904138,294.8034703785644,5.422566371681416,12.0,7.759793619322554,-8.559725544234007,0.2743362831858407,0.046460176991150445,"HYPE,ZEC,LIT,VVV,SOL",仓位表现普通有效
2714287,1831,2026-09-09 05:17:16,30,0xf220c9b7b4c0e5e785ebe4b40b17576ce24473e0,money_printer,P-G,46.93303743400455,0.65,8,7,1,0.7142857142857143,2.189424593429846,-1.281704197864106,1.9330374340045458,94.8734375,35.0,40.0,4.328266513226643,-1.25580414454936,0.0,1.0,"BTC,ETH",高杠杆/短线赌徒型，长期单降权
2714226,1831,2026-09-09 05:17:16,30,0xf2500dbc34617daf22b5186a1bfb9f5f3a33ae13,smart_money,P-N,50.0,1.0,2,0,2,,,-20.97513728531005,-20.975137285310055,360.9938888888889,1.5,2.0,5.8698171294529145,-22.465419118305814,1.0,0.0,"BTC,ZEC",仓位样本不足，暂不影响权重
2713944,1831,2026-09-09 05:17:15,30,0xf25df1972b89d3cdb051cf8b2bf385b5dcb9aa21,smart_money,P-G,44.31759390149115,0.65,31,27,4,0.3333333333333333,-1.223638935055321,11.20785109455664,-0.6824060985088525,171.5589784946236,16.903225806451612,20.0,3.663315371621079,-3.2617959669339225,0.0,0.9354838709677419,"BTC,ETH,SOL,XRP,LINK",高杠杆/短线赌徒型，长期单降权
2714340,1831,2026-09-09 05:17:16,30,0xf27ebb91ea420f73b59b205ac7e0b77a90ec8f3c,money_printer,P-B,72.22724925076072,1.0,1544,1525,19,0.5973770491803279,0.21124648997711873,-0.4834110388780192,0.20542790406888636,9.540822179044337,4.705958549222798,5.0,1.2618178170225998,-1.075840094640455,0.14702072538860103,0.0,"HYPE,ZEC,TAO,FARTCOIN,NEAR",仓位表现普通有效
2714762,1831,2026-09-09 05:17:16,30,0xf2d96ddecf1bb5639960e407b133705a812ffc34,smart_money,P-N,50.0,1.0,2,2,0,0.0,-4.2323846721550655,,-4.2323846721550655,26.50013888888889,7.5,10.0,1.8708573872140242,-4.2323846721550655,0.0,0.5,"PUMP,BTC",仓位样本不足，暂不影响权重
2713945,1831,2026-09-09 05:17:15,30,0xf3eb9dc9626800f5c2157a14adfaba2177e1f7b5,money_printer,P-C,5.020599913279625,0.75,4,0,4,,,-40.25843729614293,-36.98432277252299,1205.3314583333333,7.5,10.0,17.602999066128717,-45.21730902360439,0.0,0.5,"LINK,NEAR,LIT,GRAM",仓位收益偏弱，降权参考
2714143,1831,2026-09-09 05:17:16,30,0xf40f4129b137f30ab83dfe7f46a468fc6830865f,smart_money,P-R,25.0,-0.8,6,5,1,0.2,-0.5823509596993525,-8.504899859283498,-1.9027757762967097,90.83578703703704,5.0,5.0,1.0460703073041888,-4.391073642878204,0.0,0.0,"BTC,KAITO,HYPE",仓位真实收益偏反向，可作为反向参考
2713946,1831,2026-09-09 05:17:15,30,0xf436d47f962e4acd96eb6d87677db91d5f40a204,smart_money,P-C,0.0,0.75,4,0,4,,,-30.784189562915625,-25.256610566006625,1739.6655555555556,14.25,27.0,15.009141753683377,-49.32499987945358,0.0,0.5,"BTC,HYPE,INJ,SOL",仓位收益偏弱，降权参考
2714013,1831,2026-09-09 05:17:15,30,0xf469697ae698e1459f02cdabc882c468fad5396d,smart_money,P-G,46.35527044344504,0.65,13,5,8,0.6,-7.2943237633450355,7.372890677657434,1.3552704434450402,238.15534188034187,12.076923076923077,40.0,14.030316631386219,-7.7287888462740835,0.3076923076923077,0.6153846153846154,"BTC,ENA,PUMP,ETHFI,LINK",高杠杆/短线赌徒型，长期单降权
2714465,1831,2026-09-09 05:17:16,30,0xf47fe5f0f6c3ebfde365e34e6d15fb2ed4c39cdb,smart_money,P-G,44.16166326080832,0.65,37,34,3,0.23529411764705882,-0.8803347159364172,-0.3623596694180316,-0.8383367391916836,10.295105105105113,12.72972972972973,40.0,0.8234106806146956,-2.108871605612113,0.05405405405405406,0.7027027027027027,"BTC,MON,NEAR,SOL,ETH",高杠杆/短线赌徒型，长期单降权
2714195,1831,2026-09-09 05:17:16,30,0xf48111d547f8de8f37fd68bc8b971a5a57019825,smart_money,P-N,50.0,1.0,2,1,1,0.0,-3.1107355656991498,57.64929950683319,27.269281970567018,221.99708333333334,1.5,2.0,28.992214078704187,-5.4430144114248735,1.0,0.0,"LIT,BTC",仓位样本不足，暂不影响权重
2713947,1831,2026-09-09 05:17:15,30,0xf4939e64793fc85b68ec4ddb1697b01db3977134,smart_money,P-N,50.0,1.0,1,0,1,,,168.5792690923664,135.98792392574822,1739.6655555555556,5.0,5.0,168.5792690923664,-11.971417031591015,0.0,0.0,LIT,仓位样本不足，暂不影响权重
2714906,1831,2026-09-09 05:17:16,30,0xf521c8d72af09309f0c50f9c3dd053fc7b013c33,smart_money,P-N,50.0,1.0,1,1,0,1.0,19.138998167535913,,19.138998167535913,1162.658888888889,3.0,3.0,25.503927624075757,0.0,1.0,0.0,BTC,仓位样本不足，暂不影响权重
2713948,1831,2026-09-09 05:17:15,30,0xf524d20408d9f426c74903924941efd1aae5e59d,smart_money,P-G,35.0,0.65,9,3,6,0.0,-6.005488257963545,-13.473232658267191,-10.825811123439285,1011.2582716049383,15.11111111111111,20.0,8.886569677067168,-20.636368146492465,0.0,0.8888888888888888,"BTC,BNB,ETH,LTC,SOL",高杠杆/短线赌徒型，长期单降权
2713949,1831,2026-09-09 05:17:15,30,0xf53cab0c6f25f48f985d1e2c40e03fc7c1963364,smart_money,P-R,25.0,-0.8,14,0,14,,,-7.461087134049059,-5.9748344835674185,1111.5937301587303,9.142857142857142,40.0,20.16628108950412,-28.144898006225695,0.35714285714285715,0.42857142857142855,"ASTER,BCH,BTC,HYPE,NEAR",仓位真实收益偏反向，可作为反向参考
2714458,1831,2026-09-09 05:17:16,30,0xf55f10b83bdb21d5f6b7449d4ea3589a8ae30d3a,smart_money,P-G,46.997073557373156,0.65,9,7,2,1.0,2.1111634181977856,1.597759044486939,1.9970735573731528,33.99675925925925,12.222222222222221,20.0,2.619596780456105,-1.377255460286416,0.0,1.0,"HYPE,BTC,SOL",高杠杆/短线赌徒型，长期单降权
2714188,1831,2026-09-09 05:17:16,30,0xf58b673c1633ccef0ac58263cdc95ed80f817fc7,money_printer,P-B,57.61328158725005,1.0,26,24,2,0.5416666666666666,-0.022822232134604117,9.027871015985319,0.6580561050529933,94.67963675213679,23.846153846153847,40.0,2.193576526670666,-2.087329884794814,0.0,0.5384615384615384,"BTC,XMR",仓位表现普通有效
2714233,1831,2026-09-09 05:17:16,30,0xf5a523b171032c060d49c39fbf2e9bec473e1286,money_printer,P-G,46.9075898479493,0.65,4,3,1,1.0,1.7542237898376953,2.3676880222841237,1.9075898479493023,87.75013888888888,10.75,20.0,3.4154112608247793,-1.4829297907292311,0.25,0.75,"ARB,XRP,ORDI",高杠杆/短线赌徒型，长期单降权
2714286,1831,2026-09-09 05:17:16,30,0xf5d889840ff183c72b0b57aac895303eee76f226,smart_money,P-G,45.05760439253121,0.65,465,461,4,0.596529284164859,0.054456647800735475,1.0698385572263092,0.057604392531211975,10.35870609318996,30.612903225806452,40.0,0.8209046473748887,-0.7678426377074524,0.0967741935483871,0.9032258064516129,"BTC,ETH,SOPH,ANIME,HYPE",高杠杆/短线赌徒型，长期单降权
2713950,1831,2026-09-09 05:17:15,30,0xf5dd745bcf393686ceffb6a43f7e7b4c172aefad,smart_money,P-G,45.8169884827126,0.65,27,21,6,0.6666666666666666,2.1050713969152155,-3.8632673896460776,0.8169884827126035,277.0380452674897,10.11111111111111,40.0,8.09891360474869,-7.8104081069476425,0.2222222222222222,0.5555555555555556,"kPEPE,FIL,BTC,SOPH,HYPE",高杠杆/短线赌徒型，长期单降权
2713951,1831,2026-09-09 05:17:15,30,0xf5f4c3aa62a0f903a8529905031b1536d1cf16f8,smart_money,P-N,50.0,1.0,2,0,2,,,-64.31648155942884,-64.31648155942884,1739.6655555555556,1.5,2.0,3.357547340871931,-73.01971164706153,1.0,0.0,"BTC,HYPE",仓位样本不足，暂不影响权重
2714780,1831,2026-09-09 05:17:16,30,0xf629d790657e15ae9b51731932a5b63ff20b8b01,smart_money,P-N,50.0,1.0,2,2,0,0.0,-27.27477751730118,,-27.27477751730118,523.0069444444445,12.5,20.0,3.1785600727065138,-28.343210511935663,0.0,0.5,"BTC,ETH",仓位样本不足，暂不影响权重
2713952,1831,2026-09-09 05:17:15,30,0xf62edeee17968d4c55d1c74936d2110333342f30,money_printer,P-C,0.0,0.75,3,0,3,,,-53.225214187759455,-50.19199573770485,1739.6655555555556,13.666666666666666,30.0,38.338935414503204,-65.52347435231134,0.0,0.3333333333333333,"BTC,HYPE,PUMP",仓位收益偏弱，降权参考
2714001,1831,2026-09-09 05:17:15,30,0xf6cb2067f954e1dfa5cb473d7f7673e0b2f95d32,smart_money,P-G,35.0,0.65,5,4,1,0.25,-2.726060448738524,-40.81425136513788,-10.374933885158772,874.0646666666668,20.0,20.0,8.354795458401986,-12.021350661477202,0.0,1.0,"BTC,SOL,ETH",高杠杆/短线赌徒型，长期单降权
2713991,1831,2026-09-09 05:17:15,30,0xf6e0efd25be6f4302190ea44db596719aa400588,smart_money,P-N,50.0,1.0,1,0,1,,,42.409522186239435,42.40952218623944,1607.7891666666667,20.0,20.0,43.954888926765534,-2.0936310436906944,0.0,1.0,ETH,仓位样本不足，暂不影响权重
2714678,1831,2026-09-09 05:17:16,30,0xf709deb9ca069e53a31a408fde397a87d025a352,smart_money,P-G,45.83687669854033,0.65,4,4,0,0.5,0.8368766985403318,,0.8368766985403318,0.9984027777777778,8.25,10.0,0.9841327788425759,-0.09424627149396932,0.25,0.75,"HYPE,PONS",高杠杆/短线赌徒型，长期单降权
2714884,1831,2026-09-09 05:17:16,30,0xf74deefc2d993bf56f54ad2a7c0c42bf3f6c2982,smart_money,P-N,50.0,1.0,1,1,0,0.0,-0.2699295766913566,,-0.2699295766913566,3.0027777777777778,5.0,5.0,0.41221614378997407,-0.2699295766913566,0.0,0.0,SOL,仓位样本不足，暂不影响权重
2714420,1831,2026-09-09 05:17:16,30,0xf770f371cc66499a89ae56aa84f9506e083f99ea,smart_money,P-B,86.20451508444634,1.0,70,63,7,0.6507936507936508,1.0284899595537353,-0.3243777172490522,0.895908335873962,98.46116666666667,6.2,20.0,6.408937437598415,-5.078178438442493,0.37142857142857144,0.15714285714285714,"PONS,UNI,BTC,LIT,SOL",仓位表现普通有效
2713953,1831,2026-09-09 05:17:15,30,0xf780adb6ca4a737d2a8def6dd445b0c0276d70e1,smart_money,P-G,65.0,0.65,4,0,4,,,31.800661963784023,31.800661963784023,1476.2490972222222,10.75,20.0,53.942452468212,-15.927266264607105,0.25,0.75,"ETH,PURR,WLD,HYPE",高杠杆/短线赌徒型，长期单降权
2714841,1831,2026-09-09 05:17:16,30,0xf7b5461d0007ce4b52eaea2f6d2a30cef0fbefff,smart_money,P-G,44.151252704754995,0.65,8,8,0,0.375,-0.848747295245006,,-0.848747295245006,3.6246180555555556,32.5,40.0,1.1357543732724336,-1.1531789440557512,0.0,1.0,"BTC,ETH,PUMP",高杠杆/短线赌徒型，长期单降权
2714251,1831,2026-09-09 05:17:16,30,0xf7b7934ca8ff68a8b1d721232259b3c55eee5468,smart_money,P-G,50.05419731346162,0.65,6,3,3,0.6666666666666666,8.10256784201724,2.1164247075630276,5.054197313461622,260.44101851851855,20.833333333333332,40.0,7.974618624453259,-2.5852183866764817,0.0,0.8333333333333334,"BTC,HYPE,TAO,ETH",高杠杆/短线赌徒型，长期单降权
2713954,1831,2026-09-09 05:17:15,30,0xf7c2ed23ddff71b17473db6f330fd8cb18388010,smart_money,P-N,50.0,1.0,1,0,1,,,-81.1534405123034,-76.77162122050981,1739.6655555555556,3.0,3.0,0.0,-88.25613486277734,1.0,0.0,HYPE,仓位样本不足，暂不影响权重
2714732,1831,2026-09-09 05:17:16,30,0xf7c8f36f76175b7742da42c8b714a4d8331b7260,smart_money,P-G,39.77729726176806,0.65,4,4,0,0.25,-5.222702738231938,,-5.222702738231938,171.75125,10.0,10.0,6.015217590243944,-6.927972273535108,0.0,1.0,"HYPE,PUMP,ENA",高杠杆/短线赌徒型，长期单降权
2714667,1831,2026-09-09 05:17:16,30,0xf8143d76137489ae1fbcb8dbdc3937f66d6618cb,smart_money,P-C,38.03987833408959,0.75,5,5,0,0.4,0.025089145364701616,,0.025089145364701616,7.1995555555555555,8.4,10.0,6.1644792039969785,-3.778864288482032,0.0,0.6,"ARB,DASH,UNI,HYPE,ZEC",仓位收益偏弱，降权参考
2714874,1831,2026-09-09 05:17:16,30,0xf818074d013f376b860c02f0ad2bf98b12139489,smart_money,P-N,50.0,1.0,2,2,0,1.0,15.904946931924329,,15.904946931924329,752.6634722222221,5.0,5.0,23.672915921245036,-4.393044936915197,0.0,0.0,"SOL,HYPE",仓位样本不足，暂不影响权重
2713955,1831,2026-09-09 05:17:15,30,0xf822fa0fd364c573fcdb7009fcf47601bc8be01a,money_printer,P-R,25.0,-0.8,13,4,9,0.0,-9.084504400714831,-34.800997271922306,-2.659221819091297,1104.2230555555557,3.0,3.0,13.521217382636845,-43.51300902238757,1.0,0.0,"BTC,SOL,ETH,HYPE,ADA",仓位真实收益偏反向，可作为反向参考
2713956,1831,2026-09-09 05:17:15,30,0xf83ff544ed6f00fe7a74782aee3fd9ea54d96728,money_printer,P-N,50.0,1.0,1,0,1,,,-55.53341601772971,-55.53341601772971,1739.6655555555556,3.0,3.0,0.0,-68.2888396397129,1.0,0.0,ORDI,仓位样本不足，暂不影响权重
2713957,1831,2026-09-09 05:17:15,30,0xf86149475b49bdb11cd8b27c38ae11a1569fbbdc,smart_money,P-C,85.42757925722348,0.75,15,8,7,1.0,26.618373751831992,-102.73196348280896,-24.163835766674314,1037.469740740741,5.8,10.0,22.082969691382953,-55.59601981768183,0.26666666666666666,0.26666666666666666,"ZRO,HYPE,LIT,NEAR,VVV",仓位收益偏弱，降权参考
2714377,1831,2026-09-09 05:17:16,30,0xf889692c619ff045b80b3841f43fab71278ed498,smart_money,P-R,25.0,-0.8,24,23,1,0.34782608695652173,-2.001671334156909,-0.09174776325280622,-1.922091185369238,114.04300925925925,13.791666666666666,40.0,2.1002618628806737,-3.268356419463862,0.375,0.25,"ZEC,BTC",仓位真实收益偏反向，可作为反向参考
2713958,1831,2026-09-09 05:17:15,30,0xf899937184168b1d9dee75acbaa3fef0f52888db,money_printer,P-G,35.0,0.65,3,0,3,,,-37.219233900910844,-34.98125028102627,1739.6655555555556,20.0,20.0,5.139994476769495,-45.29669133517431,0.0,1.0,"BTC,ETH,SOL",高杠杆/短线赌徒型，长期单降权
2714434,1831,2026-09-09 05:17:16,30,0xf8ae5f0d229618b4deead1b3901ed3134207b7d8,smart_money,P-G,44.785830446607754,0.65,12,10,2,0.6,-0.14464735379927324,-0.5617805513571156,-0.2141695533922466,28.001666666666665,10.75,20.0,4.425456303106825,-2.5565467313339343,0.0,0.8333333333333334,"BTC,DOGE,BNB,PENGU,ETH",高杠杆/短线赌徒型，长期单降权
2714004,1831,2026-09-09 05:17:15,30,0xf8bb001a9e55d81fd6a5834f8e64865ef4e231c9,smart_money,P-N,50.0,1.0,2,0,2,,,-8.371964248395802,-16.841598205767298,1474.492638888889,10.0,10.0,14.710000409973867,-22.729479254754686,0.0,1.0,"BTC,ETH",仓位样本不足，暂不影响权重
2713959,1831,2026-09-09 05:17:15,30,0xf8e190c49164d6aa2f4362bd429e2c400baf7c61,smart_money,P-N,50.0,1.0,1,0,1,,,182.66031040001235,182.66031040001235,1739.6655555555556,1.0,1.0,182.66031040001235,0.0,1.0,0.0,ZEC,仓位样本不足，暂不影响权重
2714341,1831,2026-09-09 05:17:16,30,0xf8fcae418ddedfb12f8fa06ea5fc8724fe60b75d,smart_money,P-C,54.46331348160046,0.75,20,18,2,0.3888888888888889,-0.44407063834290955,17.21070936984868,0.6153956513692134,48.85431944444445,9.7,20.0,6.156571988420796,-2.8570488775269944,0.05,0.4,"HYPE,ZEC,SOL,ETH,LIT",仓位收益偏弱，降权参考
2714281,1831,2026-09-09 05:17:16,30,0xf9109ada2f73c62e9889b45453065f0d99260a2d,smart_money,P-B,71.86468199979375,1.0,1838,1812,26,0.6032008830022075,0.20296918308358647,-0.04480811135527515,0.2011588434594356,11.07733934832547,3.662676822633297,10.0,1.043416957929017,-0.8442566900395049,0.719804134929271,0.03808487486398259,"HYPE,ZEC,LIT,FARTCOIN,XRP",仓位表现普通有效
2713960,1831,2026-09-09 05:17:15,30,0xf92ddf919186b80d8619a12e7f4379f678939b74,smart_money,P-G,35.0,0.65,6,3,3,0.0,-3.935735600730419,-53.62268115796521,-28.516447508768554,740.3891203703703,11.666666666666666,20.0,5.310427803843598,-37.5373499759082,0.0,1.0,"SUI,BTC,HYPE",高杠杆/短线赌徒型，长期单降权
2713961,1831,2026-09-09 05:17:15,30,0xf94b346387ae5f1ae84bf10e36008cb552ca82d5,smart_money,P-N,50.0,1.0,1,0,1,,,37.71406637533956,35.61910571455137,1739.6655555555556,10.0,10.0,47.48730364946262,-8.91401913310499,0.0,1.0,NEAR,仓位样本不足，暂不影响权重
2714784,1831,2026-09-09 05:17:16,30,0xf9705511f4d0ae48aa128f73518c776fbda27ba7,smart_money,P-A,98.33007784294638,1.15,27,27,0,0.8518518518518519,2.0267386191967676,,2.0267386191967676,82.28019547325101,7.481481481481482,25.0,5.523455267021238,-3.5597111922992837,0.3333333333333333,0.3333333333333333,"LIT,HYPE,BTC,CASHCAT,ZEC",仓位收益稳定，适合加权参考
2714369,1831,2026-09-09 05:17:16,30,0xf97ad6704baec104d00b88e0c157e2b7b3a1ddd1,money_printer,P-A,100.0,1.15,48,46,2,0.9565217391304348,2.557174798931503,1.6143443461973772,2.517890196734248,26.68591435185185,7.0,20.0,3.208128825609881,-0.8014866638020979,0.14583333333333334,0.25,"HYPE,PONS,XRP,SOL,ETH",仓位收益稳定，适合加权参考
2714326,1831,2026-09-09 05:17:16,30,0xf9a28ab8bd579e6a75cc5dd138954e3db8967c5a,smart_money,P-R,25.0,-0.8,6,3,3,0.0,-1.511288954076256,-3.149668230254959,-2.142547320235389,78.83430555555556,7.5,10.0,0.5890219206641917,-5.184416742583453,0.0,0.16666666666666666,"ZEC,XRP,SOL,HYPE",仓位真实收益偏反向，可作为反向参考
2714248,1831,2026-09-09 05:17:16,30,0xf9aa2b842eb3b27268d092d465fd186dff95c22e,smart_money,P-B,72.62597775199941,1.0,7,6,1,0.5,0.2755465663421534,0.2029595059106307,0.08749867592842284,46.57142857142857,2.142857142857143,3.0,1.910571471127307,-1.6515553823446754,1.0,0.0,HYPE,仓位表现普通有效
2713962,1831,2026-09-09 05:17:15,30,0xfa1413451bc8dd3484787eb3c3156a7e28c4aade,smart_money,P-G,44.9055328591057,0.65,54,51,3,0.39215686274509803,-0.22239084135768133,1.292929945272471,-0.09446714089429974,69.73520061728394,12.24074074074074,40.0,4.210617554845858,-2.3407863413673375,0.12962962962962962,0.7962962962962963,"ZEC,SOL,XPL,PONS,BTC",高杠杆/短线赌徒型，长期单降权
2714900,1831,2026-09-09 05:17:16,30,0xfab35149ccbcd9044ef062270f55c8b3fb650e21,smart_money,P-N,50.0,1.0,1,1,0,1.0,3.6017493813235637,,3.6017493813235637,195.00166666666667,10.0,10.0,9.124040302285378,-1.8512333951992792,0.0,1.0,HYPE,仓位样本不足，暂不影响权重
2714833,1831,2026-09-09 05:17:16,30,0xfaf665c655613e5713a2bdc3b4cd109e25b4b5f6,smart_money,P-A,82.64698255995411,1.15,6,6,0,0.6666666666666666,6.932735028058843,,6.932735028058843,44.00092592592592,7.0,20.0,12.70032405594599,-2.56576219706453,0.6666666666666666,0.3333333333333333,"PNUT,SOL,kPEPE",仓位收益稳定，适合加权参考
2714410,1831,2026-09-09 05:17:16,30,0xfb697d3976e42df505286fde283000608c20926d,smart_money,P-G,36.89703853360041,0.65,16,14,2,0.2857142857142857,-9.239533168082202,-0.14695955462131105,-8.10296146639959,473.4021354166666,30.9375,40.0,2.6606298095874394,-10.506678596607927,0.0,1.0,"BTC,ETH,SOL,XRP,BCH",高杠杆/短线赌徒型，长期单降权
2714118,1831,2026-09-09 05:17:16,30,0xfb751fa655f5e7cb9e4a474cf616e1439600bec2,smart_money,P-N,50.0,1.0,1,0,1,,,-12.476535836177474,-12.476535836177476,493.00638888888886,2.0,2.0,0.0,-15.88523890784983,1.0,0.0,BTC,仓位样本不足，暂不影响权重
2713963,1831,2026-09-09 05:17:15,30,0xfb8c34145bdea190693325d0ab01e81120909b3f,money_printer,P-C,73.44817917050311,0.75,6,3,3,1.0,6.79024271665162,-40.242363950833514,-15.96382353911592,641.3843981481482,9.666666666666666,20.0,5.837057276777217,-25.97192321288149,0.16666666666666666,0.6666666666666666,"PUMP,HYPE,XMR,SAGA,XRP",仓位收益偏弱，降权参考
2714017,1831,2026-09-09 05:17:15,30,0xfb941d2344b72ea9101400392b818173772d0ddf,money_printer,P-G,53.57976865146567,0.65,6,2,4,0.5,-5.319468345935758,15.087213921571305,8.57976865146567,453.5055092592592,12.5,20.0,17.918868000847,-7.533675801007216,0.0,0.8333333333333334,"HYPE,BTC,ONDO,AAVE,PUMP",高杠杆/短线赌徒型，长期单降权
2714088,1831,2026-09-09 05:17:15,30,0xfb996bd6467d1575d338967415dc0ee72c6037f3,smart_money,P-C,77.63862531876501,0.75,4,3,1,0.3333333333333333,-2.166934933128135,33.070188943688514,6.642346036076027,168.50687499999998,3.0,5.0,10.726314137963152,-4.46944641095312,0.75,0.0,"ETH,SOL,WLD,ASTER",仓位收益偏弱，降权参考
2714119,1831,2026-09-09 05:17:16,30,0xfba31dfa3c6612abca9a27f65af77d9fed7e2db7,smart_money,P-N,50.0,1.0,2,1,1,1.0,8.918419641333555,-4.438126878324213,2.240146381504671,505.50305555555553,40.0,40.0,5.6829240112018296,-4.064593706825602,0.0,1.0,BTC,仓位样本不足，暂不影响权重
2714588,1831,2026-09-09 05:17:16,30,0xfba7c3e68638fda0a13994ddb6733cbd016ec826,smart_money,P-G,44.94701957052164,0.65,39,39,0,0.5384615384615384,-0.05298042947836191,,-0.05298042947836191,1.4092877492877494,7.871794871794871,10.0,1.1195558104799916,-0.7092847078862223,0.10256410256410256,0.6153846153846154,"HYPE,LIT,PONS,PUMP,ZEC",高杠杆/短线赌徒型，长期单降权
2713964,1831,2026-09-09 05:17:15,30,0xfbc5a98a1358ba1ba8a9e2eebe94e6e3c9b6df24,smart_money,P-N,50.0,1.0,1,0,1,,,-201.44287355677614,-201.44287355677614,1739.6655555555556,3.0,3.0,0.0,-213.2618960878825,1.0,0.0,HYPE,仓位样本不足，暂不影响权重
2713965,1831,2026-09-09 05:17:15,30,0xfbc9638938262f15cc1b3a751a54d538559da361,money_printer,P-G,41.82191562028063,0.65,3,0,3,,,-9.873948731958077,-3.1780843797193725,1739.6655555555556,28.333333333333332,40.0,26.54555238366056,-13.549901343878664,0.0,1.0,"BTC,ETH,SOL",高杠杆/短线赌徒型，长期单降权
2714372,1831,2026-09-09 05:17:16,30,0xfc1d41ff4a7c1e2aa4d493428d7437b34918e53e,smart_money,P-G,45.388867595903875,0.65,9,8,1,0.375,0.4343663633467433,-0.08832793200015047,0.3888675959038741,107.10990740740742,38.333333333333336,40.0,2.3922289604545477,-1.7340268105855567,0.0,1.0,"BTC,ETH",高杠杆/短线赌徒型，长期单降权
2713993,1831,2026-09-09 05:17:15,30,0xfc27136e42af1732ddc9ce2605ea9bff1b959d9d,money_printer,P-G,43.61239711969067,0.65,92,70,22,0.6428571428571429,0.3897085030662051,-9.848243484050922,-1.3876028803093334,281.02340881642516,14.565217391304348,20.0,3.801613309328473,-7.246968175500267,0.0,0.9565217391304348,"SOL,ETH,AVAX,LINK,WLD",高杠杆/短线赌徒型，长期单降权
2714237,1831,2026-09-09 05:17:16,30,0xfc37faf026597474691dca71ed9dcae1a6633b84,smart_money,P-G,45.38097990637836,0.65,152,146,6,0.4931506849315068,0.3737495537142188,0.533294240612413,0.38097990637835444,13.138161549707604,17.36842105263158,40.0,2.4016329362435713,-1.4872144218422254,0.05921052631578947,0.8618421052631579,"ETH,BTC,PUMP,HYPE,SOL",高杠杆/短线赌徒型，长期单降权
2713966,1831,2026-09-09 05:17:15,30,0xfc667adba8d4837586078f4fdcdc29804337ca06,money_printer,P-G,45.482683964507494,0.65,44,38,6,0.5526315789473685,0.7301685023435454,0.5002630690974827,0.48268396450749407,135.97051767676768,14.204545454545455,20.0,2.9296441935632163,-3.0198527291741017,0.0,0.6136363636363636,"BTC,HYPE,ETH,PAXG,SOL",高杠杆/短线赌徒型，长期单降权
2714686,1831,2026-09-09 05:17:16,30,0xfc8c156428a8e48cb8d0356db16e59bec4c0ecea,money_printer,P-N,50.0,1.0,1,1,0,0.0,-0.3962318306237152,,-0.3962318306237152,0.9938888888888889,10.0,10.0,0.32190919337187585,-0.3962318306237152,0.0,1.0,HYPE,仓位样本不足，暂不影响权重
2714053,1831,2026-09-09 05:17:15,30,0xfc98b6ec7f59ea13354bae6171a9120692fb8777,money_printer,P-C,81.27679018499457,0.75,24,21,3,0.9523809523809523,0.9466568728515407,-25.02761673249783,-2.179327782727414,51.249328703703696,8.541666666666666,10.0,1.1735226967204289,-6.753103057567365,0.20833333333333334,0.7916666666666666,"ZEC,HYPE,VVV,PUMP",仓位收益偏弱，降权参考
2714306,1831,2026-09-09 05:17:16,30,0xfcb01354e18ca1cc0eee89ca3459ef84daa2e0b6,smart_money,P-N,50.0,1.0,1,0,1,,,2.717497175361359,2.7174971753613595,177.98888888888888,10.0,10.0,5.830443760470643,-0.4928507421981533,0.0,1.0,BTC,仓位样本不足，暂不影响权重
2713967,1831,2026-09-09 05:17:15,30,0xfce053a5e461683454bf37ad66d20344c0e3f4c0,money_printer,P-G,53.19943262530336,0.65,3,1,2,1.0,0.9595629855466599,9.320634025609863,8.199432625303361,674.2185185185185,14.333333333333334,20.0,17.773205036330012,-4.162635828592001,0.3333333333333333,0.6666666666666666,"ETH,BTC,HYPE",高杠杆/短线赌徒型，长期单降权
2714525,1831,2026-09-09 05:17:16,30,0xfcf104006bfff47695c1dc21dad3e9de1e72098e,smart_money,P-C,62.4687603004254,0.75,343,342,1,0.4649122807017544,-0.037471419520276834,-0.06431282567053914,-0.037549674348703245,2.1078984450923253,3.0903790087463556,6.0,0.15277176396768027,-0.18137669750393576,0.6530612244897959,0.0,BTC,仓位收益偏弱，降权参考
2714275,1831,2026-09-09 05:17:16,30,0xfd041f7e1851da14e250b02251d12f896dc172fe,smart_money,P-G,43.75788712560202,0.65,3,2,1,0.0,-2.313600008542938,0.9008613938919342,-1.2421128743979808,167.3325925925926,19.333333333333332,31.0,1.631506888772111,-2.752720048193589,0.0,0.6666666666666666,BTC,高杠杆/短线赌徒型，长期单降权
2714801,1831,2026-09-09 05:17:16,30,0xfd97600ac44b3c4e20ac1a5f23e3b18d10fa5912,money_printer,P-N,50.0,1.0,1,1,0,0.0,-54.74764043794631,,-54.74764043794631,385.01722222222224,5.0,5.0,3.579254930606282,-73.91729078476068,0.0,0.0,PUMP,仓位样本不足，暂不影响权重
2713968,1831,2026-09-09 05:17:15,30,0xfdba13d24cb423a393603d72ca80f31b251a3727,money_printer,P-B,75.48632105262503,1.0,133,76,57,0.618421052631579,1.895496681795345,-2.0414682554762775,0.060829699244841925,645.5872013366748,8.218045112781954,20.0,13.912304725659869,-16.11230142901151,0.12030075187969924,0.49624060150375937,"PUMP,ETH,kPEPE,FIL,TRX",仓位表现普通有效
2713969,1831,2026-09-09 05:17:15,30,0xfdbaa5eee7cdf45eec3a71a672065a67191fda7a,smart_money,P-R,25.0,-0.8,6,0,6,,,-5.410728613136921,-9.009641609647653,1090.0539814814815,3.3333333333333335,5.0,18.332284914404955,-48.88031057165492,0.6666666666666666,0.0,"PURR,XMR,ZRO,CASHCAT,ETH",仓位真实收益偏反向，可作为反向参考
2714627,1831,2026-09-09 05:17:16,30,0xfdcec78b3a783d677bad7b8d58823cea5b5d26c2,money_printer,P-N,50.0,1.0,2,2,0,0.0,-1.8505244024530576,,-1.8505244024530576,161.9936111111111,32.5,40.0,1.3885927297353589,-2.461791506022584,0.0,1.0,"BTC,ETH",仓位样本不足，暂不影响权重
2714406,1831,2026-09-09 05:17:16,30,0xfdf1e791b257b259d2e2967a0b525d0e777d67fe,smart_money,P-G,44.78884091406851,0.65,4,0,4,,,-0.21115908593149446,-0.21115908593149435,73.75222222222223,10.0,10.0,2.418308472357176,-6.227432163798682,0.0,1.0,"AAVE,LINK,LTC,AVAX",高杠杆/短线赌徒型，长期单降权
2713970,1831,2026-09-09 05:17:15,30,0xfdf891f2b214a4c9374d26595ec6d4080262e381,money_printer,P-B,74.44817917050311,1.0,6,2,4,0.5,-16.19457217507598,48.65566539064028,14.25706412838728,1704.4977777777779,9.333333333333334,20.0,53.18821451891799,-20.80561426847909,0.3333333333333333,0.6666666666666666,"AERO,ENA,GRASS,HYPE,NEAR",仓位表现普通有效
2714603,1831,2026-09-09 05:17:16,30,0xfdfb306dbff80664bd1f61699089ddead7d7dbb9,smart_money,P-G,45.36073353144165,0.65,24,24,0,0.5833333333333334,0.36073353144165576,,0.36073353144165576,5.667569444444445,12.5,20.0,1.5867236542140881,-0.5758944827408409,0.0,0.9583333333333334,"HYPE,XRP,DOGE,SOL,TAO",高杠杆/短线赌徒型，长期单降权
2714581,1831,2026-09-09 05:17:16,30,0xfe1fccb7f954050a4b0ca4bea43c8287b190c55a,smart_money,P-G,44.96712738743092,0.65,347,346,1,0.49421965317919075,-0.03293290178568098,-0.012012543624500532,-0.03287261256907815,2.0547566442523206,9.5821325648415,10.0,0.14107812318980537,-0.17394310570051297,0.0,0.9164265129682997,BTC,高杠杆/短线赌徒型，长期单降权
2714737,1831,2026-09-09 05:17:16,30,0xfe3952b95be13603e0ce10f90441c5ad7350fcea,smart_money,P-G,44.41741553425882,0.65,8,8,0,0.375,-0.5825844657411756,,-0.5825844657411756,22.12375,25.0,25.0,0.9517074560603334,-0.759455903618984,0.0,1.0,ETH,高杠杆/短线赌徒型，长期单降权
2714897,1831,2026-09-09 05:17:16,30,0xfe40fa3decfc6dc555f4ad7736d0dd65ccbd4743,smart_money,P-N,50.0,1.0,1,1,0,0.0,-0.07396910427307836,,-0.07396910427307836,1.001111111111111,30.0,30.0,0.0,-0.1315871433910552,0.0,1.0,BTC,仓位样本不足，暂不影响权重
2714365,1831,2026-09-09 05:17:16,30,0xfe4dec8543b0b9cec0c897a689f7af7bddb02192,smart_money,P-G,46.22236745457801,0.65,13,10,3,0.8,4.056586873695049,-8.225030609145438,1.222367454578013,184.0765811965812,12.76923076923077,20.0,9.765855502920008,-6.499483158897282,0.15384615384615385,0.8461538461538461,"BTC,ZEC,ETH,CASHCAT,DOGE",高杠杆/短线赌徒型，长期单降权
2714689,1831,2026-09-09 05:17:16,30,0xfe72c242af1a4ca8114c6a170ba4a823785241ce,smart_money,P-B,70.15082583440869,1.0,2975,2975,0,0.5314285714285715,0.09221963989342222,,0.09221963989342222,29.02403846872092,5.003025210084034,20.0,2.2677674431166444,-2.280399968990977,0.5035294117647059,0.16168067226890756,"INIT,MELANIA,VVV,NIL,TRB",仓位表现普通有效
2713971,1831,2026-09-09 05:17:15,30,0xfe7ce058edc7cfcde9ef8262ba51f8d4796ab7ae,money_printer,P-B,79.32416047448652,1.0,47,11,36,0.6363636363636364,7.89305960844464,-0.47077324573895496,2.3467997730266235,572.63,8.617021276595745,20.0,14.762755502951826,-17.44417135496781,0.2127659574468085,0.5957446808510638,"TRUMP,WLD,XPL,kBONK,XRP",仓位表现普通有效
2714531,1831,2026-09-09 05:17:16,30,0xfe8c8076596dd917a20a31007ced69ce339129a1,smart_money,P-B,76.49103560710552,1.0,46,45,1,0.7777777777777778,1.2242705054268135,1.9794239969980305,1.2406868856783617,11.41146739130435,8.26086956521739,40.0,1.8084208435454856,-1.2196956207405718,0.0,0.5217391304347826,"LIT,HYPE,ZEC,ENA,FARTCOIN",仓位表现普通有效
2713972,1831,2026-09-09 05:17:15,30,0xfece6768ee2df24d3599c710efeea77130cea000,smart_money,P-N,50.0,1.0,1,0,1,,,-13.051600647777443,-13.051600647777443,1739.6655555555556,2.0,2.0,15.913568211338141,-16.477731578292875,1.0,0.0,BTC,仓位样本不足，暂不影响权重
2714886,1831,2026-09-09 05:17:16,30,0xfeec88b13fc0be31695069f02bac18538a154e9c,money_printer,P-N,50.0,1.0,1,1,0,1.0,2.093971944369686,,2.093971944369686,1247.663611111111,5.0,5.0,13.570447337054963,-21.998336711537302,0.0,0.0,HYPE,仓位样本不足，暂不影响权重
2714083,1831,2026-09-09 05:17:15,30,0xfeee942a06d2f8012823ccde7bf7bcbcaa29a09f,smart_money,P-R,25.0,-0.8,8,7,1,0.14285714285714285,-0.04519956799284387,0.38991550561455113,-0.035714438692379454,106.12534722222223,5.125,24.0,0.21486663908424572,-0.24649240564947353,0.75,0.125,BTC,仓位真实收益偏反向，可作为反向参考
2714730,1831,2026-09-09 05:17:16,30,0xff2fed9cb48196ec35fd97b290c583e7a63b17b7,smart_money,P-B,65.07836721093997,1.0,14,14,0,0.5,-0.47717085863548814,,-0.47717085863548814,30.71924603174603,6.357142857142857,10.0,5.248645005687296,-1.9177476617068892,0.21428571428571427,0.07142857142857142,"BTC,MON,ETH,CHIP,ZRO",仓位表现普通有效
2714879,1831,2026-09-09 05:17:16,30,0xff7c935b9835d700188a05333d6f7e1e06146a79,smart_money,P-N,50.0,1.0,2,2,0,0.5,3.6100731460434066,,3.6100731460434066,627.8362500000001,7.5,10.0,9.661930276675676,-2.066100824148622,0.0,0.5,"BTC,PAXG",仓位样本不足，暂不影响权重
2714662,1831,2026-09-09 05:17:16,30,0xffe4e3986d18333402564ea64f3a83fcc1907b52,smart_money,P-N,50.0,1.0,2,2,0,1.0,11.030083269608674,,11.030083269608674,43.49930555555556,15.0,20.0,11.70900438196446,-3.420068208321354,0.0,1.0,"ZEC,SOL",仓位样本不足，暂不影响权重
