run_id,coin,rolling_score,rolling_leverage_score,rolling_flow_core,selected_groups,candidate_windows,spot_only_risk,concentration_risk,persistence_risk,gap_risk,best_window,best_direction,best_flow,best_runs,best_same_days,best_wallet_count,best_top1_share,best_top3_share,best_spot_share,best_quality_mult,best_avg_leverage,best_avg_liq_distance,best_longterm_leverage_ratio,best_highrisk_leverage_ratio,best_leverage_health,reason,weighted_2h,active_2h,perp_2h,spot_2h,runs_2h,gaps_2h,spot_share_2h,bullish_runs_2h,bullish_days_2h,bullish_wallets_2h,bullish_top1_share_2h,bullish_top3_share_2h,bullish_wallet_spot_share_2h,bullish_avg_leverage_2h,bullish_avg_liq_distance_2h,bullish_longterm_leverage_ratio_2h,bullish_highrisk_leverage_ratio_2h,bullish_leverage_health_2h,bearish_runs_2h,bearish_days_2h,bearish_wallets_2h,bearish_top1_share_2h,bearish_top3_share_2h,bearish_wallet_spot_share_2h,bearish_avg_leverage_2h,bearish_avg_liq_distance_2h,bearish_longterm_leverage_ratio_2h,bearish_highrisk_leverage_ratio_2h,bearish_leverage_health_2h,weighted_6h,active_6h,perp_6h,spot_6h,runs_6h,gaps_6h,spot_share_6h,bullish_runs_6h,bullish_days_6h,bullish_wallets_6h,bullish_top1_share_6h,bullish_top3_share_6h,bullish_wallet_spot_share_6h,bullish_avg_leverage_6h,bullish_avg_liq_distance_6h,bullish_longterm_leverage_ratio_6h,bullish_highrisk_leverage_ratio_6h,bullish_leverage_health_6h,bearish_runs_6h,bearish_days_6h,bearish_wallets_6h,bearish_top1_share_6h,bearish_top3_share_6h,bearish_wallet_spot_share_6h,bearish_avg_leverage_6h,bearish_avg_liq_distance_6h,bearish_longterm_leverage_ratio_6h,bearish_highrisk_leverage_ratio_6h,bearish_leverage_health_6h,weighted_24h,active_24h,perp_24h,spot_24h,runs_24h,gaps_24h,spot_share_24h,bullish_runs_24h,bullish_days_24h,bullish_wallets_24h,bullish_top1_share_24h,bullish_top3_share_24h,bullish_wallet_spot_share_24h,bullish_avg_leverage_24h,bullish_avg_liq_distance_24h,bullish_longterm_leverage_ratio_24h,bullish_highrisk_leverage_ratio_24h,bullish_leverage_health_24h,bearish_runs_24h,bearish_days_24h,bearish_wallets_24h,bearish_top1_share_24h,bearish_top3_share_24h,bearish_wallet_spot_share_24h,bearish_avg_leverage_24h,bearish_avg_liq_distance_24h,bearish_longterm_leverage_ratio_24h,bearish_highrisk_leverage_ratio_24h,bearish_leverage_health_24h,weighted_72h,active_72h,perp_72h,spot_72h,runs_72h,gaps_72h,spot_share_72h,bullish_runs_72h,bullish_days_72h,bullish_wallets_72h,bullish_top1_share_72h,bullish_top3_share_72h,bullish_wallet_spot_share_72h,bullish_avg_leverage_72h,bullish_avg_liq_distance_72h,bullish_longterm_leverage_ratio_72h,bullish_highrisk_leverage_ratio_72h,bullish_leverage_health_72h,bearish_runs_72h,bearish_days_72h,bearish_wallets_72h,bearish_top1_share_72h,bearish_top3_share_72h,bearish_wallet_spot_share_72h,bearish_avg_leverage_72h,bearish_avg_liq_distance_72h,bearish_longterm_leverage_ratio_72h,bearish_highrisk_leverage_ratio_72h,bearish_leverage_health_72h,weighted_15d,active_15d,perp_15d,spot_15d,runs_15d,gaps_15d,spot_share_15d,bullish_runs_15d,bullish_days_15d,bullish_wallets_15d,bullish_top1_share_15d,bullish_top3_share_15d,bullish_wallet_spot_share_15d,bullish_avg_leverage_15d,bullish_avg_liq_distance_15d,bullish_longterm_leverage_ratio_15d,bullish_highrisk_leverage_ratio_15d,bullish_leverage_health_15d,bearish_runs_15d,bearish_days_15d,bearish_wallets_15d,bearish_top1_share_15d,bearish_top3_share_15d,bearish_wallet_spot_share_15d,bearish_avg_leverage_15d,bearish_avg_liq_distance_15d,bearish_longterm_leverage_ratio_15d,bearish_highrisk_leverage_ratio_15d,bearish_leverage_health_15d,weighted_30d,active_30d,perp_30d,spot_30d,runs_30d,gaps_30d,spot_share_30d,bullish_runs_30d,bullish_days_30d,bullish_wallets_30d,bullish_top1_share_30d,bullish_top3_share_30d,bullish_wallet_spot_share_30d,bullish_avg_leverage_30d,bullish_avg_liq_distance_30d,bullish_longterm_leverage_ratio_30d,bullish_highrisk_leverage_ratio_30d,bullish_leverage_health_30d,bearish_runs_30d,bearish_days_30d,bearish_wallets_30d,bearish_top1_share_30d,bearish_top3_share_30d,bearish_wallet_spot_share_30d,bearish_avg_leverage_30d,bearish_avg_liq_distance_30d,bearish_longterm_leverage_ratio_30d,bearish_highrisk_leverage_ratio_30d,bearish_leverage_health_30d
374,MAX,0.025,0.0,0.025,"short,mid",6,1,1,1,0,6h,bearish,-2799254213.3172445,3,1,3,0.3995129239864358,1.0,1.0,0.30000000000000004,0.0,0.0,0.0,0.0,0.0,主滚动窗口取6h：-$2.80B，资金分-0.2；6h-$2.80B 质量=0.30 覆盖=50% 钱包=3 持续=3轮/1天；Top3占比100%；现货主导100%且无合约低杠杆确认；存在反向滚动窗口1组，冲突扣分+0.2,-1067756944.3199999,-889797453.6,0.0,-889797453.6,1,0,1.0,0,0,,,,,,,,,,1,1,2,0.5585068777655265,1.0,1.0,0.0,0.0,0.0,0.0,0.0,-2799254213.3172445,-2227205680.1602,0.0,-2227205680.1602,3,0,1.0,0,0,,,,,,,,,,3,1,3,0.3995129239864358,1.0,1.0,0.0,0.0,0.0,0.0,0.0,-2799254213.3172445,-2227205680.1602,0.0,-2227205680.1602,3,0,1.0,0,0,,,,,,,,,,3,1,3,0.3995129239864358,1.0,1.0,0.0,0.0,0.0,0.0,0.0,5800725563.470129,-10619620232.585598,0.0,-10619620232.585598,13,0,1.0,5,2,4,0.4829752181862093,0.9826745813424975,1.0,0.0,0.0,0.0,0.0,0.0,8,4,11,0.745861842741457,0.8899511937542738,1.0,0.0,0.0,0.0,0.0,0.0,-18689069509.091427,-14054294247.883942,0.0,-14054294247.883942,47,0,1.0,13,4,5,0.9850254361863585,0.9990167539565462,1.0,0.0,0.0,0.0,0.0,0.0,34,8,17,0.5431945872463655,0.8409018631869586,1.0,0.0,0.0,0.0,0.0,0.0,-18689069509.091427,-14054294247.883942,0.0,-14054294247.883942,47,0,1.0,13,4,5,0.9850254361863585,0.9990167539565462,1.0,0.0,0.0,0.0,0.0,0.0,34,8,17,0.5431945872463655,0.8409018631869586,1.0,0.0,0.0,0.0,0.0,0.0
374,QUANT,0.08,0.0,0.08,mid,4,1,1,1,0,72h,bullish,226987495.73304027,5,3,1,1.0,1.0,1.0,0.05,0.0,0.0,0.0,0.0,0.0,主滚动窗口取72h：$226.99M，资金分+0.1；72h$226.99M 质量=0.05 覆盖=85% 钱包=1 持续=5轮/3天；持续性不足：5/6轮 3/2天；参与钱包少：1/2个；Top1占比100%；现货主导100%且无合约低杠杆确认,,,,,,,,,,,,,,,,,,,,,,,,,,,,,,,,,,,,,,,,,,,,,,,,,,,,,,,,,,,-152297342.44847947,-126914444.03399976,0.0,-126914444.03399976,3,0,1.0,2,1,1,1.0,1.0,1.0,0.0,0.0,0.0,0.0,0.0,1,1,1,1.0,1.0,1.0,0.0,0.0,0.0,0.0,0.0,226987495.73304027,140158455.71600023,0.0,140158455.71600023,11,0,1.0,5,3,1,1.0,1.0,1.0,0.0,0.0,0.0,0.0,0.0,6,3,1,1.0,1.0,1.0,0.0,0.0,0.0,0.0,0.0,55311563.85569865,-388831091.4720007,0.0,-388831091.4720007,17,0,1.0,8,4,1,1.0,1.0,1.0,0.0,0.0,0.0,0.0,0.0,9,5,1,1.0,1.0,1.0,0.0,0.0,0.0,0.0,0.0,55311563.85569865,-388831091.4720007,0.0,-388831091.4720007,17,0,1.0,8,4,1,1.0,1.0,1.0,0.0,0.0,0.0,0.0,0.0,9,5,1,1.0,1.0,1.0,0.0,0.0,0.0,0.0,0.0
374,ETH,0.0,0.0,0.0,,1,0,0,0,0,15d,bearish,-37711423.16121355,327,,,,,,,15.936541598007414,81.64706446217123,0.2599999481152948,0.7400000518847052,-1.4500000000000004,,244832.69551709277,-558305.6047900018,-558305.6047900018,0.0,3,0,0.0,2,1,1,1.0,1.0,0.0,16.0916550365751,34.48857361962498,0.11976751210418579,0.8802324878958141,-1.8,1,1,,,,,15.598560419504134,85.88888834344078,0.25096458751811634,0.7490354124818831,-1.4500000000000002,-919427.7577905112,-6044607.345279985,-6044607.345279985,0.0,10,0,0.0,7,1,7,0.29756450489285863,0.5949954437014179,0.0,16.41536766226507,41.619135305472774,0.12553529052779824,0.8744647094722017,-1.5805232351353569,3,1,6,0.2475937383376562,0.6573454177087559,0.0,15.627547506205635,89.98618757582132,0.2532956402136765,0.7467043597863239,-1.4500000000000002,-2566072.3861583383,231650.3186600096,231650.3186600096,0.0,40,0,0.0,21,2,8,0.4009138756531262,0.6696156817316213,0.0,16.296206599552313,42.58902450685633,0.12441582708340007,0.8755841729165998,-1.5243300300634848,19,2,8,0.3156826088525232,0.5937983790305027,0.0,15.591286734739588,89.98419913783039,0.2512699677577519,0.7487300322422482,-1.45,-13428890.265946405,-23712638.36981998,-23712638.36981998,0.0,113,0,0.0,51,4,13,0.24668762876982356,0.5903462730902117,0.0,16.72498284750867,49.73710602992193,0.11438193595802569,0.8856180640419744,-1.4788003944055792,62,4,12,0.18975372593292308,0.47873595316086864,0.0,15.441815210350097,85.96795750375028,0.25247970511440443,0.7475202948855956,-1.4500000000000002,-37711423.16121355,-80974472.63883,-80974472.63883,0.0,327,0,0.0,139,8,31,0.21752025398998917,0.4536414841732441,0.0,18.182880543087453,47.15240929715047,0.0925245704992052,0.9074754295007947,-1.497295408353624,188,8,25,0.2402059512027917,0.4364504695661234,0.0,15.936541598007414,81.64706446217123,0.2599999481152948,0.7400000518847052,-1.4500000000000004,-37711423.16121355,-80974472.63883,-80974472.63883,0.0,327,0,0.0,139,8,31,0.21752025398998917,0.4536414841732441,0.0,18.182880543087453,47.15240929715047,0.0925245704992052,0.9074754295007947,-1.497295408353624,188,8,25,0.2402059512027917,0.4364504695661234,0.0,15.936541598007414,81.64706446217123,0.2599999481152948,0.7400000518847052,-1.4500000000000004
374,SOL,0.0,0.0,0.0,,1,0,0,0,0,15d,bearish,-28224369.23742838,327,,,,,,,17.267684378001153,262.76937719684616,0.12367037442186213,0.8763296255781378,-1.45,,1602077.7635472822,1363146.5267599993,1363146.5267599993,0.0,3,0,0.0,2,1,,,,,15.90609464889218,42.2426730371437,0.22551508901887077,0.7744849109811291,-1.4500000000000002,1,1,,,,,16.749088809652886,229.37256812642437,0.15135058588188532,0.8486494141181143,-1.4500000000000002,1982213.5324664456,8643378.545994997,8643378.545994997,0.0,10,0,0.0,5,1,3,0.5541520256623831,1.0,0.0,15.914782584203344,49.961591497098496,0.21488241491568738,0.7851175850843128,-1.4500000000000004,5,1,2,0.7752602328910791,1.0,0.0,16.874093905464886,238.74245215708268,0.14349829782731294,0.856501702172687,-1.45,-4999757.773741496,-2373564.341275004,-2373564.341275004,0.0,40,0,0.0,16,2,5,0.34872958883705496,0.8502015721684607,0.0,16.056961733574767,49.35219816685489,0.21072500824012055,0.7892749917598795,-1.4500000000000002,24,2,3,0.4602221417542279,1.0,0.0,17.058889552935423,234.35778888677643,0.133875153362491,0.8661248466375089,-1.4500000000000002,-8300551.953525374,19825379.708249994,19825379.708249994,0.0,113,0,0.0,42,4,6,0.4278611861388272,0.8280105744208114,0.0,16.150491297015215,49.97600504688046,0.210103122562788,0.789896877437212,-1.4500000000000002,71,4,7,0.37006823245918274,0.7448148708804911,0.0,17.33637918359821,233.00476287447805,0.12489257374075861,0.8751074262592415,-1.4500000000000002,-28224369.23742838,-66035125.252635024,-66035125.252635024,0.0,327,0,0.0,160,8,18,0.14127845491460927,0.3852321008485476,0.0,16.215488086295256,50.671353100965746,0.20438074402446846,0.7956192559755315,-1.4500000000000002,167,8,23,0.13564062192220286,0.3589471462201765,0.0,17.267684378001153,262.76937719684616,0.12367037442186213,0.8763296255781378,-1.45,-28224369.23742838,-66035125.252635024,-66035125.252635024,0.0,327,0,0.0,160,8,18,0.14127845491460927,0.3852321008485476,0.0,16.215488086295256,50.671353100965746,0.20438074402446846,0.7956192559755315,-1.4500000000000002,167,8,23,0.13564062192220286,0.3589471462201765,0.0,17.267684378001153,262.76937719684616,0.12367037442186213,0.8763296255781378,-1.45
374,BASED,0.288,0.0,0.288,"short,mid",5,1,1,0,0,72h,bullish,23365557.4321111,50,4,2,0.8083853474825776,1.0,1.0,0.18000000000000002,0.0,0.0,0.0,0.0,0.0,主滚动窗口取72h：$23.37M，资金分+0.3；72h$23.37M 质量=0.18 覆盖=95% 钱包=2 持续=50轮/4天；Top1占比81%；现货主导100%且无合约低杠杆确认,,,,,,,,,,,,,,,,,,,,,,,,,,,,,,17068332.8212705,-12191666.3009075,0.0,-12191666.3009075,2,0,1.0,1,1,1,1.0,1.0,1.0,0.0,0.0,0.0,0.0,0.0,1,1,1,1.0,1.0,1.0,0.0,0.0,0.0,0.0,0.0,13557616.66926615,-11153750.552978402,0.0,-11153750.552978402,30,0,1.0,14,2,2,0.7981715719401619,1.0,1.0,0.0,0.0,0.0,0.0,0.0,16,2,1,1.0,1.0,1.0,0.0,0.0,0.0,0.0,0.0,23365557.4321111,-53933569.4239128,0.0,-53933569.4239128,101,0,1.0,50,4,2,0.8083853474825776,1.0,1.0,0.0,0.0,0.0,0.0,0.0,51,4,2,0.6369685135159079,1.0,1.0,0.0,0.0,0.0,0.0,0.0,56202022.31188714,-55749268.33827483,0.0,-55749268.33827483,314,0,1.0,155,8,3,0.6148623335257436,1.0,1.0,0.0,0.0,0.0,0.0,0.0,159,8,3,0.638164040101189,1.0,1.0,0.0,0.0,0.0,0.0,0.0,56202022.31188714,-55749268.33827483,0.0,-55749268.33827483,314,0,1.0,155,8,3,0.6148623335257436,1.0,1.0,0.0,0.0,0.0,0.0,0.0,159,8,3,0.638164040101189,1.0,1.0,0.0,0.0,0.0,0.0,0.0
374,UPUMP,0.0,0.0,0.0,,2,0,0,0,0,15d,bearish,-21144139.46597609,327,,,,,,,0.0,0.0,0.0,0.0,0.0,,-180560.0324870338,-240768.16467173275,0.0,-240768.16467173275,3,0,1.0,0,0,,,,,,,,,,3,1,,,,,0.0,0.0,0.0,0.0,0.0,-463322.96398418746,1409797.8565134173,0.0,1409797.8565134173,10,0,1.0,5,1,2,0.6390278030604856,1.0,1.0,0.0,0.0,0.0,0.0,0.0,5,1,1,1.0,1.0,1.0,0.0,0.0,0.0,0.0,0.0,1558357.05064594,-1434353.105364136,0.0,-1434353.105364136,40,0,1.0,21,2,2,0.5590442558601394,1.0,1.0,0.0,0.0,0.0,0.0,0.0,19,2,2,0.6670692339748241,1.0,1.0,0.0,0.0,0.0,0.0,0.0,-3393773.4567284677,3593664.545986009,0.0,3593664.545986009,113,0,1.0,48,4,2,0.8002071997248643,1.0,1.0,0.0,0.0,0.0,0.0,0.0,65,4,2,0.8903277769840189,1.0,1.0,0.0,0.0,0.0,0.0,0.0,-21144139.46597609,-22667476.423820816,0.0,-22667476.423820816,327,0,1.0,157,8,3,0.8916341385162979,0.9999999999999999,1.0,0.0,0.0,0.0,0.0,0.0,170,8,3,0.6439175162827162,1.0,1.0,0.0,0.0,0.0,0.0,0.0,-21144139.46597609,-22667476.423820816,0.0,-22667476.423820816,327,0,1.0,157,8,3,0.8916341385162979,0.9999999999999999,1.0,0.0,0.0,0.0,0.0,0.0,170,8,3,0.6439175162827162,1.0,1.0,0.0,0.0,0.0,0.0,0.0
374,BTC,0.0,0.0,0.0,,0,0,0,0,0,72h,bullish,20732861.430403657,113,,,,,,,20.980367269649935,34.86805781231589,0.19277429234270577,0.8072257076572944,-2.1208808400085046,,7199909.964085634,15765284.228349997,15765284.228349997,0.0,3,0,0.0,2,1,,,,,23.00931899942178,30.05228500114662,0.16451215821927917,0.835487841780721,-2.1999999999999997,1,1,1,1.0,1.0,0.0,21.985831112316514,61.96872848697653,0.11388692711789386,0.8861130728821057,-1.9499999999999995,-437583.09770453145,-6477097.877664999,-6477097.877664999,0.0,10,0,0.0,5,1,8,0.2774954834412006,0.6033454061102298,0.0,23.47306554894899,29.148365959341092,0.1594790666681487,0.8405209333318515,-2.2,5,1,8,0.2121202311100947,0.5283529308989542,0.0,21.35931157156768,66.92159071314833,0.12153373237801395,0.8784662676219861,-1.9499999999999997,-7516655.943157396,-35616889.77771499,-35616889.77771499,0.0,40,0,0.0,22,2,9,0.3161920327716954,0.6295715715543149,0.0,21.85892094406909,31.573314580020757,0.1726429299090639,0.8273570700909362,-2.166009573720153,18,2,10,0.2177721002206493,0.565562938515892,0.0,21.17074170303892,68.35483145506032,0.12431220925615764,0.8756877907438425,-1.9499999999999997,20732861.430403657,73703220.81372501,73703220.81372501,0.0,113,0,0.0,60,4,14,0.21465376304293912,0.506909491250654,0.0,20.980367269649935,34.86805781231589,0.19277429234270577,0.8072257076572944,-2.1208808400085046,53,4,17,0.22751567114519256,0.5024253552012161,0.0,21.219865055298712,69.20171712231196,0.123749535334649,0.876250464665351,-1.9499999999999997,16667679.376497569,-51203425.6841499,-51203425.6841499,0.0,327,0,0.0,169,8,42,0.14626446287974665,0.323092379638824,0.0,20.795546946317707,34.39031114743834,0.15803292044902428,0.8419670795509757,-2.116182006579593,158,8,41,0.11248459369728826,0.27352645118654745,0.0,21.397042954219533,63.93706898868945,0.14157351511382824,0.858426484886172,-1.95,16667679.376497569,-51203425.6841499,-51203425.6841499,0.0,327,0,0.0,169,8,42,0.14626446287974665,0.323092379638824,0.0,20.795546946317707,34.39031114743834,0.15803292044902428,0.8419670795509757,-2.116182006579593,158,8,41,0.11248459369728826,0.27352645118654745,0.0,21.397042954219533,63.93706898868945,0.14157351511382824,0.858426484886172,-1.95
374,QONE,-0.169,0.0,-0.169,"short,mid",6,1,1,0,0,2h,bullish,12560349.324780192,2,1,1,1.0,1.0,1.0,0.18000000000000002,0.0,0.0,0.0,0.0,0.0,主滚动窗口取2h：$12.56M，资金分+0.1；2h$12.56M 质量=0.18 覆盖=84% 钱包=1 持续=2轮/1天；Top1占比100%；现货主导100%且无合约低杠杆确认；存在反向滚动窗口1组，冲突扣分-0.2,12560349.324780192,23929419.091800548,0.0,23929419.091800548,3,0,1.0,2,1,1,1.0,1.0,1.0,0.0,0.0,0.0,0.0,0.0,1,1,,,,,0.0,0.0,0.0,0.0,0.0,81966351.37876199,129090028.26450023,0.0,129090028.26450023,10,0,1.0,8,1,1,1.0,1.0,1.0,0.0,0.0,0.0,0.0,0.0,2,1,1,1.0,1.0,1.0,0.0,0.0,0.0,0.0,0.0,-119414616.53212851,-12217325.72280009,0.0,-12217325.72280009,26,0,1.0,16,2,1,1.0,1.0,1.0,0.0,0.0,0.0,0.0,0.0,10,2,1,1.0,1.0,1.0,0.0,0.0,0.0,0.0,0.0,-414820290.53707325,-309256992.02669996,0.0,-309256992.02669996,60,0,1.0,36,4,1,1.0,1.0,1.0,0.0,0.0,0.0,0.0,0.0,24,4,1,1.0,1.0,1.0,0.0,0.0,0.0,0.0,0.0,-632162453.7286736,-685142561.0075992,0.0,-685142561.0075992,159,0,1.0,91,8,1,1.0,1.0,1.0,0.0,0.0,0.0,0.0,0.0,68,8,1,1.0,1.0,1.0,0.0,0.0,0.0,0.0,0.0,-632162453.7286736,-685142561.0075992,0.0,-685142561.0075992,159,0,1.0,91,8,1,1.0,1.0,1.0,0.0,0.0,0.0,0.0,0.0,68,8,1,1.0,1.0,1.0,0.0,0.0,0.0,0.0,0.0
374,KNTQ,0.08,0.0,0.08,mid,4,1,1,1,0,72h,bullish,11486521.219085313,2,2,1,1.0,1.0,1.0,0.05,0.0,0.0,0.0,0.0,0.0,主滚动窗口取72h：$11.49M，资金分+0.1；72h$11.49M 质量=0.05 覆盖=95% 钱包=1 持续=2轮/2天；持续性不足：2/6轮 2/2天；参与钱包少：1/2个；Top1占比100%；现货主导100%且无合约低杠杆确认,,,,,,,,,,,,,,,,,,,,,,,,,,,,,,-316930.44741,-229659.74450000003,0.0,-229659.74450000003,1,0,1.0,0,0,,,,,,,,,,1,1,,,,,0.0,0.0,0.0,0.0,0.0,12560513.551291583,8968514.540286846,0.0,8968514.540286846,2,0,1.0,1,1,1,1.0,1.0,1.0,0.0,0.0,0.0,0.0,0.0,1,1,,,,,0.0,0.0,0.0,0.0,0.0,11486521.219085313,8073520.930114955,0.0,8073520.930114955,4,0,1.0,2,2,1,1.0,1.0,1.0,0.0,0.0,0.0,0.0,0.0,2,2,1,1.0,1.0,1.0,0.0,0.0,0.0,0.0,0.0,10054765.955679676,7061556.895443589,0.0,7061556.895443589,9,0,1.0,3,3,1,1.0,1.0,1.0,0.0,0.0,0.0,0.0,0.0,6,4,2,0.6155735220445725,1.0,1.0,0.0,0.0,0.0,0.0,0.0,10054765.955679676,7061556.895443589,0.0,7061556.895443589,9,0,1.0,3,3,1,1.0,1.0,1.0,0.0,0.0,0.0,0.0,0.0,6,4,2,0.6155735220445725,1.0,1.0,0.0,0.0,0.0,0.0,0.0
374,ZEC,0.0,0.0,0.0,,1,0,0,0,0,15d,bearish,-8125180.412497609,327,,,,,,,8.18297874089777,395.07760516517425,0.28710725258297365,0.7128927474170264,-0.9,,-356655.7090839987,-398637.54915000044,-398637.54915000044,0.0,3,0,0.0,2,1,3,0.36315894757898953,1.0000000000000002,0.0,7.213077759665354,41.9734283956929,0.5263104401695501,0.47368955983044964,-0.30000000000000004,1,1,1,1.0,1.0,0.0,7.681385494539155,419.4235315615223,0.358582595220383,0.6414174047796173,-0.9000000000000001,-475338.29712079925,-134727.14584999948,-134727.14584999948,0.0,10,0,0.0,5,1,4,0.610158147913768,0.8919544767626383,0.0,7.180157993904384,42.389455009699525,0.530069712466291,0.4699302875337088,-0.30000000000000004,5,1,3,0.5189238243677337,1.0,0.0,7.744103534448329,431.8093191463181,0.34930419566661286,0.6506958043333874,-0.9,-701888.658865267,5357722.642100004,5357722.642100004,0.0,40,0,0.0,20,2,11,0.20792901034354724,0.49862302327843383,0.0,7.013747818172272,44.88000651476046,0.5592586839084736,0.44074131609152617,-0.30000000000000004,20,2,7,0.32337009280230694,0.6783231491133566,0.0,7.815809515715223,399.10665863002487,0.3337650989082417,0.6662349010917582,-0.8999999999999999,-3431004.8342307475,2006604.5858000037,2006604.5858000037,0.0,113,0,0.0,56,4,11,0.3033174093905005,0.6011773513133785,0.0,6.949044784911465,46.24649738245349,0.5731539688936153,0.4268460311063845,-0.32316813231257463,57,4,13,0.2247649145839687,0.5152627562079298,0.0,8.08213530472031,402.0411945568056,0.2957555346709699,0.7042444653290301,-0.8999999999999999,-8125180.412497609,-42643.81124999663,-42643.81124999663,0.0,327,0,0.0,147,8,14,0.22706976386025082,0.5528710965651951,0.0,6.692447050955264,47.566054243458204,0.5922473917055973,0.40775260829440274,-0.21370518128328986,180,8,21,0.1929689122873683,0.4980900536320947,0.0,8.18297874089777,395.07760516517425,0.28710725258297365,0.7128927474170264,-0.9,-8125180.412497609,-42643.81124999663,-42643.81124999663,0.0,327,0,0.0,147,8,14,0.22706976386025082,0.5528710965651951,0.0,6.692447050955264,47.566054243458204,0.5922473917055973,0.40775260829440274,-0.21370518128328986,180,8,21,0.1929689122873683,0.4980900536320947,0.0,8.18297874089777,395.07760516517425,0.28710725258297365,0.7128927474170264,-0.9
374,GRAM,-1.9856,-0.1356,-1.85,"short,mid",3,0,0,0,0,72h,bearish,-5553086.948307826,80,4,0,0.0,0.0,0.0,1.0,5.028485529790864,451.9965819772234,0.9979558081039369,0.0020441918960631277,0.3873734315806759,主滚动窗口取72h：-$5.55M，资金分-1.6；杠杆风险：高风险0% 均5.0x；72h-$5.55M 质量=1.00 覆盖=99% 钱包=0 持续=80轮/4天；其他成熟窗口同向确认1组，确认分-0.2,-564421.3217304641,-420098.843,-420098.843,0.0,3,0,0.0,0,0,,,,,,,,,,3,1,,,,,5.020122407219205,423.3041379861388,0.9985361119472707,0.0014638880527295245,0.3499999999999999,-1635915.315462006,-1483511.09825,-1483511.09825,0.0,10,0,0.0,2,1,,,,,5.072470676872729,25.6668728146448,0.8780316215536107,0.1219683784463893,0.0,8,1,,,,,5.035776341830104,438.5072746585127,0.9974781531625603,0.0025218468374397086,0.35,-1956151.8367784042,-1949962.4074000001,-1949962.4074000001,0.0,40,0,0.0,15,2,,,,,5.054477882728101,27.33629866141139,0.9032088180101515,0.09679118198984848,0.023374438175839944,25,2,,,,,5.033937368810186,438.8190527003255,0.997599964449485,0.00240003555051499,0.3499999999999999,-5553086.948307826,-5042735.6997,-5042735.6997,0.0,113,0,0.0,33,4,,,,,5.115343679946063,33.65546652048416,0.9376119944516332,0.06238800554836683,0.10449107307474292,80,4,,,,,5.028485529790864,451.9965819772234,0.9979558081039369,0.0020441918960631277,0.3873734315806759,-9414087.254134724,-9399980.26275,-9399980.26275,0.0,173,0,0.0,50,5,1,1.0,1.0,0.0,5.098586688435127,36.605790856464445,0.96970885312074,0.030291146879260107,0.35927754196494227,123,5,1,1.0,1.0,0.0,5.112844586954288,615.0324076859237,0.9923753538578336,0.007624646142166446,0.3772497608833281,-9414087.254134724,-9399980.26275,-9399980.26275,0.0,173,0,0.0,50,5,1,1.0,1.0,0.0,5.098586688435127,36.605790856464445,0.96970885312074,0.030291146879260107,0.35927754196494227,123,5,1,1.0,1.0,0.0,5.112844586954288,615.0324076859237,0.9923753538578336,0.007624646142166446,0.3772497608833281
374,HYPE,-1.345,0.105,-1.45,"short,mid",4,0,0,0,0,24h,bearish,-5429486.589283809,24,2,11,0.1960210321339249,0.460692294754162,0.0019040771680021438,1.0,6.6710443998746625,89.0499813859603,0.545333197384017,0.4546668026159829,-0.3,主滚动窗口取24h：-$5.43M，资金分-1.2；24h-$5.43M 质量=1.00 覆盖=99% 钱包=11 持续=24轮/2天；其他成熟窗口同向确认1组，确认分-0.2,-57381.41297563167,-1031310.32667868,-1029314.9480199992,-1995.3786586807869,3,0,0.0019347994556661475,1,1,1,1.0,1.0,0.0,7.56984490297578,37.91460982392292,0.43606541234995994,0.5639345876500402,-0.65,2,1,2,0.7650368096448981,1.0,0.0,6.663945415904737,87.90293530016315,0.5445924089134022,0.4554075910865975,-0.3000000000000001,-3389130.8199551767,-5203217.56870389,-5203119.0717300065,-98.49697388351163,10,0,1.8930012551454196e-05,4,1,4,0.4407009800579093,0.8724283341293236,0.0,7.5530889247550155,36.543056762576825,0.4383006568645372,0.5616993431354625,-0.65,6,1,6,0.28961241950338934,0.7112449384461873,0.0,6.654691542418429,90.55741421547134,0.5465430744744939,0.4534569255255062,-0.30000000000000004,-5429486.589283809,4432968.932130126,4424528.217199995,8440.71493013182,40,0,0.0019040771680021438,16,2,11,0.39814994019185346,0.6753784277580459,0.0,7.568225438604127,37.44919217351036,0.4363186886682101,0.56368131133179,-0.6500000000000001,24,2,11,0.1960210321339249,0.460692294754162,0.0,6.6710443998746625,89.0499813859603,0.545333197384017,0.4546668026159829,-0.3,-7455403.187693914,31063887.816594403,31060686.08151,3201.735084402482,113,0,0.00010306936154630674,54,4,16,0.22218183810359865,0.5768670470424845,0.0,7.478828953329409,38.92338672194946,0.4513614200636812,0.5486385799363188,-0.49087049414774137,59,4,12,0.22176797275322296,0.5685299521503239,0.0,6.671144010892557,92.51355400834547,0.5461030955752656,0.45389690442473446,-0.3,-28002690.114041317,26966838.773872167,26936810.695714995,30028.07815716868,327,0,0.0011135186593047204,151,8,43,0.22014889157099535,0.4391395011118926,0.0,7.692814865536146,35.25577019512069,0.41019095394113414,0.589809046058866,-0.8608990558417426,176,8,35,0.22172770554989088,0.4165983810178041,0.0,6.789410360595168,97.53159226416136,0.545312598967198,0.45468740103280203,-0.30000000000000004,-28002690.114041317,26966838.773872167,26936810.695714995,30028.07815716868,327,0,0.0011135186593047204,151,8,43,0.22014889157099535,0.4391395011118926,0.0,7.692814865536146,35.25577019512069,0.41019095394113414,0.589809046058866,-0.8608990558417426,176,8,35,0.22172770554989088,0.4165983810178041,0.0,6.789410360595168,97.53159226416136,0.545312598967198,0.45468740103280203,-0.30000000000000004
374,LIT,1.2225,0.4725,0.75,"short,mid",2,0,1,0,0,6h,bullish,4450521.139323886,7,1,0,0.0,0.0,0.0,1.0,4.830931947973096,47.42399752405524,0.99492739128914,0.005072608710859917,1.35,主滚动窗口取6h：$4.45M，资金分+0.8；杠杆健康：低/中杠杆99% 均4.8x；6h$4.45M 质量=1.00 覆盖=95% 钱包=0 持续=7轮/1天,882064.4797668088,447706.99629999994,447706.99629999994,0.0,3,0,0.0,3,1,,,,,4.833982335510729,61.69461127564142,0.999489807525275,0.0005101924747249206,1.35,0,0,1,1.0,1.0,0.0,,,,,,4450521.139323886,3311659.440799999,3311659.440799999,0.0,10,0,0.0,7,1,,,,,4.830931947973096,47.42399752405524,0.99492739128914,0.005072608710859917,1.35,3,1,1,1.0,1.0,0.0,3.7552190308516735,428.5375047544599,0.9954850614920375,0.004514938507962459,1.35,5455179.664800979,4042862.7573499987,4042862.7573499987,0.0,40,0,0.0,25,2,1,1.0,1.0,0.0,4.826727744568223,46.82242234704927,0.9967150357214823,0.0032849642785176296,1.3499999999999999,15,2,2,0.5205683287358678,1.0,0.0,3.8017397763721585,395.14170697928836,0.9862858799466093,0.013714120053390764,1.35,2647042.571700128,-705255.6604500023,-705255.6604500023,0.0,113,0,0.0,61,4,2,0.5583383577367594,1.0,0.0,4.822437249716464,46.055387963799845,0.9977012412042472,0.0022987587957527386,1.3485549670254098,52,4,3,0.5950262250702705,1.0,0.0,3.830375127527093,431.74328552271703,0.9686050967871165,0.03139490321288351,1.3499999999999999,104029.89871152103,-5666296.558950002,-5666296.558950002,0.0,327,0,0.0,166,8,5,0.2504694314082519,0.660162756127442,0.0,4.861756491847553,48.824269720891564,0.9966467275584676,0.0033532724415322453,1.3437945175718682,161,8,7,0.2946908738483549,0.6410887409728699,0.0,3.8585408363420193,481.8904726313452,0.9745130879992056,0.02548691200079453,1.35,104029.89871152103,-5666296.558950002,-5666296.558950002,0.0,327,0,0.0,166,8,5,0.2504694314082519,0.660162756127442,0.0,4.861756491847553,48.824269720891564,0.9966467275584676,0.0033532724415322453,1.3437945175718682,161,8,7,0.2946908738483549,0.6410887409728699,0.0,3.8585408363420193,481.8904726313452,0.9745130879992056,0.02548691200079453,1.35
374,UBONK,-0.23,0.0,-0.23,"short,mid",3,1,1,0,0,24h,bearish,-4658001.811143833,9,2,2,0.6994440395341404,1.0,1.0,0.4,0.0,0.0,0.0,0.0,0.0,主滚动窗口取24h：-$4.66M，资金分-0.5；24h-$4.66M 质量=0.40 覆盖=99% 钱包=2 持续=9轮/2天；现货主导100%且无合约低杠杆确认；存在反向滚动窗口1组，冲突扣分+0.2,2621114.740216935,-12482538.411308844,0.0,-12482538.411308844,2,0,1.0,1,1,,,,,0.0,0.0,0.0,0.0,0.0,1,1,2,0.9234309031190732,1.0,1.0,0.0,0.0,0.0,0.0,0.0,2498916.008958386,-12014750.4993101,0.0,-12014750.4993101,7,0,1.0,4,1,1,1.0,1.0,1.0,0.0,0.0,0.0,0.0,0.0,3,1,2,0.7673948607733304,1.0,1.0,0.0,0.0,0.0,0.0,0.0,-4658001.811143833,-5554397.396260518,0.0,-5554397.396260518,19,0,1.0,10,1,2,0.6371456459531929,1.0,1.0,0.0,0.0,0.0,0.0,0.0,9,2,2,0.6994440395341404,1.0,1.0,0.0,0.0,0.0,0.0,0.0,-3569376.838120231,-6385388.158346196,0.0,-6385388.158346196,69,0,1.0,37,4,2,0.542812826121244,1.0,1.0,0.0,0.0,0.0,0.0,0.0,32,4,2,0.5382798391295246,1.0,1.0,0.0,0.0,0.0,0.0,0.0,-2839576.1635100646,-6038227.245400753,0.0,-6038227.245400753,131,0,1.0,75,8,2,0.6037895845712441,1.0,1.0,0.0,0.0,0.0,0.0,0.0,56,8,2,0.520944880620017,1.0,1.0,0.0,0.0,0.0,0.0,0.0,-2839576.1635100646,-6038227.245400753,0.0,-6038227.245400753,131,0,1.0,75,8,2,0.6037895845712441,1.0,1.0,0.0,0.0,0.0,0.0,0.0,56,8,2,0.520944880620017,1.0,1.0,0.0,0.0,0.0,0.0,0.0
374,VVV,0.0,0.0,0.0,,0,0,0,0,0,15d,bearish,-3459985.60635327,327,,,,,,,3.0667965062144456,1696.7976384363726,0.9959018388151238,0.004098161184876148,1.354355907101931,,-136756.2446484913,-139955.90189000004,-139955.90189000004,0.0,3,0,0.0,1,1,,,,,3.2459318900172827,28.78272825620903,0.9855334182342776,0.014466581765722478,1.0,2,1,,,,,3.132388131207575,1817.697807645359,0.9876938241751457,0.012306175824854205,1.3500000000000003,-712743.2173893186,-654968.99221,-654968.99221,0.0,10,0,0.0,2,1,,,,,3.2360790730689715,29.25355240777842,0.9861129957018252,0.013887004298174792,1.0,8,1,,,,,3.1285361998099313,2010.2543409479345,0.9915402021084142,0.008459797891585881,1.35,-355355.50206266914,-282711.2691349998,-282711.2691349998,0.0,40,0,0.0,19,2,,,,,3.209986418453779,26.954098372839567,0.923288043098212,0.07671195690178799,1.0,21,2,,,,,3.1244570162328404,1999.758326466315,0.9919772530641803,0.00802274693581982,1.3500000000000003,-1270588.0947884694,-259536.0152850001,-259536.0152850001,0.0,113,0,0.0,54,4,,,,,3.161389033547548,30.450454534972465,0.9570846329976146,0.04291536700238552,1.0345815520060004,59,4,,,,,3.105035854567228,1959.389022062018,0.9936277974297313,0.006372202570268687,1.3523313508284174,-3459985.60635327,-1452159.1149749998,-1452159.1149749998,0.0,327,0,0.0,144,8,1,1.0,1.0,0.0,3.0872173511168284,39.56853169591338,0.9823446373492511,0.01765536265074892,1.278759737383499,183,8,1,1.0,1.0,0.0,3.0667965062144456,1696.7976384363726,0.9959018388151238,0.004098161184876148,1.354355907101931,-3459985.60635327,-1452159.1149749998,-1452159.1149749998,0.0,327,0,0.0,144,8,1,1.0,1.0,0.0,3.0872173511168284,39.56853169591338,0.9823446373492511,0.01765536265074892,1.278759737383499,183,8,1,1.0,1.0,0.0,3.0667965062144456,1696.7976384363726,0.9959018388151238,0.004098161184876148,1.354355907101931
374,XPL,0.0,0.0,0.0,,0,0,0,0,0,15d,bullish,2803836.294444299,327,,,,,,,8.316506635683798,52.621517233945085,0.30823431277640445,0.6917656872235955,-0.9,,260644.55129758272,383035.27047000005,383035.27047000005,0.0,3,0,0.0,2,1,,,,,8.339059395842739,45.775910790412844,0.3058152605851967,0.6941847394148034,-0.9,1,1,,,,,7.666944620657967,1112.4054530346211,0.4645966087646063,0.5354033912353938,-0.30000000000000004,-61490.276468132615,-439355.942675,-439355.942675,0.0,10,0,0.0,4,1,,,,,8.337516639094511,44.78339070451639,0.3059241971722875,0.6940758028277124,-0.9,6,1,,,,,7.7258617491868655,1210.8221471611557,0.454400219906019,0.545599780093981,-0.30000000000000004,1079444.2619247169,-1529008.80112,-1529008.80112,0.0,40,0,0.0,27,2,,,,,8.336969878301131,47.098707139642016,0.3033340472402879,0.6966659527597121,-0.9,13,2,,,,,7.766443028967676,1205.2701700661632,0.44608922223644015,0.55391077776356,-0.30000000000000004,894999.4342902047,-4629082.008355,-4629082.008355,0.0,113,0,0.0,67,4,,,,,8.295769385994074,48.62807990991964,0.3087123041469573,0.6912876958530427,-0.9,46,4,,,,,7.709247859875491,1305.0322195226431,0.45434398200203185,0.5456560179979683,-0.30000000000000004,2803836.294444299,-4153720.7941169995,-4153720.7941169995,0.0,327,0,0.0,182,8,1,1.0,1.0,0.0,8.316506635683798,52.621517233945085,0.30823431277640445,0.6917656872235955,-0.9,145,8,2,0.652504983714793,1.0,0.0,7.853052306744455,1466.5895763998603,0.4251058721695134,0.5748941278304867,-0.5119907341574171,2803836.294444299,-4153720.7941169995,-4153720.7941169995,0.0,327,0,0.0,182,8,1,1.0,1.0,0.0,8.316506635683798,52.621517233945085,0.30823431277640445,0.6917656872235955,-0.9,145,8,2,0.652504983714793,1.0,0.0,7.853052306744455,1466.5895763998603,0.4251058721695134,0.5748941278304867,-0.5119907341574171
374,ASTER,0.0,0.0,0.0,,0,0,0,0,0,15d,bearish,-2593444.976143604,327,,,,,,,4.540131363403135,1896.4301670562832,0.9972032968753473,0.002796703124652619,1.3499999999999999,,155736.62929481288,187737.6085,187737.6085,0.0,3,0,0.0,2,1,,,,,2.6829722633823088,99.3035305422879,0.9844582524259646,0.015541747574035328,1.7999999999999998,1,1,,,,,4.59432315939578,1819.9094239446558,0.9964791723932259,0.003520827606774101,1.35,-57830.831585007836,23071.42343000003,23071.42343000003,0.0,10,0,0.0,5,1,,,,,2.6802491355304667,99.30370192502595,0.9844929750380721,0.015507024961927853,1.7999999999999998,5,1,,,,,4.594406941054496,1881.0199413879889,0.9964465786693569,0.0035534213306431125,1.35,-96722.72525929006,70031.947535,70031.947535,0.0,40,0,0.0,17,2,,,,,2.6723716438712537,99.31010887001325,0.9846156006923298,0.015384399307670084,1.8,23,2,,,,,4.593151708753364,1906.5329982700987,0.996465055009315,0.0035349449906849624,1.35,-1721385.6237491525,408333.31126,408333.31126,0.0,113,0,0.0,30,4,,,,,2.6726037885483893,99.32734356151573,0.9849351127435128,0.015064887256487127,1.7999999999999998,83,4,,,,,4.570682881849894,1897.898969024729,0.9968334450432096,0.0031665549567904652,1.3500000000000003,-2593444.976143604,-369494.74809499993,-369494.74809499993,0.0,327,0,0.0,125,8,,,,,2.5714719459263886,99.41588845087382,0.9898691299608333,0.010130870039166665,1.7999999999999996,202,8,,,,,4.540131363403135,1896.4301670562832,0.9972032968753473,0.002796703124652619,1.3499999999999999,-2593444.976143604,-369494.74809499993,-369494.74809499993,0.0,327,0,0.0,125,8,,,,,2.5714719459263886,99.41588845087382,0.9898691299608333,0.010130870039166665,1.7999999999999996,202,8,,,,,4.540131363403135,1896.4301670562832,0.9972032968753473,0.002796703124652619,1.3499999999999999
374,UXPL,0.0,0.0,0.0,,0,0,0,0,0,15d,bullish,2178980.8000437566,319,,,,,,,0.0,0.0,0.0,0.0,0.0,,706287.430456973,1418361.040164915,0.0,1418361.040164915,3,0,1.0,2,1,1,1.0,1.0,1.0,0.0,0.0,0.0,0.0,0.0,1,1,1,1.0,1.0,1.0,0.0,0.0,0.0,0.0,0.0,677726.597160999,1053139.5132791046,0.0,1053139.5132791046,10,0,1.0,4,1,1,1.0,1.0,1.0,0.0,0.0,0.0,0.0,0.0,6,1,1,1.0,1.0,1.0,0.0,0.0,0.0,0.0,0.0,165448.2377571231,-1286235.9674841254,0.0,-1286235.9674841254,39,0,1.0,22,2,1,1.0,1.0,1.0,0.0,0.0,0.0,0.0,0.0,17,2,2,0.8122617213287955,1.0,1.0,0.0,0.0,0.0,0.0,0.0,24450.905980162264,-414272.5166956951,0.0,-414272.5166956951,112,0,1.0,61,4,2,0.8789843371325747,1.0,1.0,0.0,0.0,0.0,0.0,0.0,51,4,2,0.8524695294239077,1.0,1.0,0.0,0.0,0.0,0.0,0.0,2178980.8000437566,87347.86384673991,0.0,87347.86384673991,319,0,1.0,175,8,4,0.765966253230236,0.9407299199300238,1.0,0.0,0.0,0.0,0.0,0.0,144,8,4,0.6117269307000537,0.9809807768921783,1.0,0.0,0.0,0.0,0.0,0.0,2178980.8000437566,87347.86384673991,0.0,87347.86384673991,319,0,1.0,175,8,4,0.765966253230236,0.9407299199300238,1.0,0.0,0.0,0.0,0.0,0.0,144,8,4,0.6117269307000537,0.9809807768921783,1.0,0.0,0.0,0.0,0.0,0.0
374,USDT0,-0.135,0.0,-0.135,short,1,1,1,0,0,6h,bearish,-1958407.4302531513,4,1,1,1.0,1.0,1.0,0.18000000000000002,0.0,0.0,0.0,0.0,0.0,主滚动窗口取6h：-$1.96M，资金分-0.1；6h-$1.96M 质量=0.18 覆盖=95% 钱包=1 持续=4轮/1天；Top1占比100%；现货主导100%且无合约低杠杆确认,10.798053087370246,21.60872454059551,0.0,21.60872454059551,1,0,1.0,1,1,,,,,0.0,0.0,0.0,0.0,0.0,0,0,,,,,,,,,,-1958407.4302531513,-1624589.3873626133,0.0,-1624589.3873626133,8,0,1.0,4,1,,,,,0.0,0.0,0.0,0.0,0.0,4,1,1,1.0,1.0,1.0,0.0,0.0,0.0,0.0,0.0,-402174.6012691658,-342104.09552810295,0.0,-342104.09552810295,27,0,1.0,11,2,1,1.0,1.0,1.0,0.0,0.0,0.0,0.0,0.0,16,2,1,1.0,1.0,1.0,0.0,0.0,0.0,0.0,0.0,-165692.092517898,-227701.26424143472,0.0,-227701.26424143472,90,0,1.0,19,4,1,1.0,1.0,1.0,0.0,0.0,0.0,0.0,0.0,71,4,1,1.0,1.0,1.0,0.0,0.0,0.0,0.0,0.0,-516675.9667160278,-474054.96100562095,0.0,-474054.96100562095,301,0,1.0,128,8,1,1.0,1.0,1.0,0.0,0.0,0.0,0.0,0.0,173,8,1,1.0,1.0,1.0,0.0,0.0,0.0,0.0,0.0,-516675.9667160278,-474054.96100562095,0.0,-474054.96100562095,301,0,1.0,128,8,1,1.0,1.0,1.0,0.0,0.0,0.0,0.0,0.0,173,8,1,1.0,1.0,1.0,0.0,0.0,0.0,0.0,0.0
374,FARTCOIN,0.0,0.0,0.0,,0,0,0,0,0,15d,bearish,-2090198.5094148554,327,,,,,,,7.75117055004909,2067.7947666571577,0.3898375534373458,0.6101624465626543,-0.7243606589282684,,-104620.43852783396,-221760.20056099995,-221760.20056099995,0.0,3,0,0.0,1,1,,,,,9.623241940078104,29.486276766376918,0.07044825436834405,0.9295517456316562,-1.25,2,1,,,,,6.898607101166329,1744.160654953711,0.5683988394811179,0.4316011605188819,-0.3,-786111.7164729215,-936291.2453040001,-936291.2453040001,0.0,10,0,0.0,4,1,,,,,9.302450310735532,29.976130512997827,0.12974651482062957,0.8702534851793705,-1.25,6,1,,,,,6.886201792063741,1790.5378231848797,0.5758982622274359,0.42410173777256405,-0.30000000000000004,-555601.5690513361,-663615.2431900002,-663615.2431900002,0.0,40,0,0.0,20,2,,,,,9.243278772978595,40.818135371882384,0.1454312546803633,0.8545687453196366,-1.1801578183001242,20,2,,,,,6.916920140718522,1782.9568680762143,0.5693796516407784,0.4306203483592216,-0.30000000000000004,-1623817.3316596067,-639150.1991360001,-639150.1991360001,0.0,113,0,0.0,45,4,,,,,8.992549092633658,56.01913385742041,0.17306025516552362,0.8269397448344763,-1.015033559840013,68,4,,,,,7.1228790826495425,1816.4407206409526,0.5207981515251575,0.4792018484748425,-0.3654079469244926,-2090198.5094148554,-2068144.0624660002,-2068144.0624660002,0.0,327,0,0.0,151,8,1,1.0,1.0,0.0,8.973605020721445,42.999812820872926,0.1614119188457868,0.8385880811542132,-1.0873558401119643,176,8,2,0.5840025048169565,1.0,0.0,7.75117055004909,2067.7947666571577,0.3898375534373458,0.6101624465626543,-0.7243606589282684,-2090198.5094148554,-2068144.0624660002,-2068144.0624660002,0.0,327,0,0.0,151,8,1,1.0,1.0,0.0,8.973605020721445,42.999812820872926,0.1614119188457868,0.8385880811542132,-1.0873558401119643,176,8,2,0.5840025048169565,1.0,0.0,7.75117055004909,2067.7947666571577,0.3898375534373458,0.6101624465626543,-0.7243606589282684
374,NEKO,0.0,0.0,0.0,,0,0,0,0,0,72h,bullish,2034503.5540714264,2,,,,,,,0.0,0.0,0.0,0.0,0.0,,,,,,,,,,,,,,,,,,,,,,,,,,,,,,,,,,,,,,,,,,,,,,,,,,,,,,,,,,,,,,,,,,,,,,,,,,,,,,,,,,,,,,,,,2034503.5540714264,1695419.6283926964,0.0,1695419.6283926964,2,0,1.0,1,1,1,1.0,1.0,1.0,0.0,0.0,0.0,0.0,0.0,1,1,1,1.0,1.0,1.0,0.0,0.0,0.0,0.0,0.0,2034503.5540714264,1695419.6283926964,0.0,1695419.6283926964,2,0,1.0,1,1,1,1.0,1.0,1.0,0.0,0.0,0.0,0.0,0.0,1,1,1,1.0,1.0,1.0,0.0,0.0,0.0,0.0,0.0,2034503.5540714264,1695419.6283926964,0.0,1695419.6283926964,2,0,1.0,1,1,1,1.0,1.0,1.0,0.0,0.0,0.0,0.0,0.0,1,1,1,1.0,1.0,1.0,0.0,0.0,0.0,0.0,0.0
374,XRP,-0.0375,-0.6,0.5625,short,1,0,1,0,0,6h,bullish,1915706.3076210008,3,1,3,0.4300346770407535,1.0,0.0,0.75,18.605768121802793,6.560685383529754,0.08626144291208115,0.9137385570879186,-1.7434139227111602,主滚动窗口取6h：$1.92M，资金分+0.6；杠杆风险：高风险91% 均18.6x；6h$1.92M 质量=0.75 覆盖=95% 钱包=3 持续=3轮/1天；Top3占比100%,275383.002173192,-256366.3774500003,-256366.3774500003,0.0,3,0,0.0,1,1,,,,,19.06731465959235,40.57959120428888,0.054376790439973954,0.9456232095600259,-1.4500000000000002,2,1,1,1.0,1.0,0.0,15.971945680089528,709.3772182811679,0.008967638164888287,0.9910323618351116,-1.4500000000000004,1915706.3076210008,2645744.58965,2645744.58965,0.0,10,0,0.0,3,1,3,0.4300346770407535,1.0,0.0,18.605768121802793,6.560685383529754,0.08626144291208115,0.9137385570879186,-1.7434139227111602,7,1,1,1.0,1.0,0.0,15.800262461220774,737.9173504205489,0.00834037044659535,0.9916596295534047,-1.4500000000000002,1181132.6553135377,3815428.5453999992,3815428.5453999992,0.0,40,0,0.0,13,2,4,0.39481175078881464,0.8363695703719043,0.0,18.808923588202035,8.082086988769248,0.07270374760615118,0.9272962523938485,-1.75074460261755,27,2,1,1.0,1.0,0.0,15.487962016730707,715.3125715838031,0.011308196832705088,0.9886918031672949,-1.4500000000000002,3797681.556738218,2262404.0253999997,2262404.0253999997,0.0,113,0,0.0,58,4,6,0.2610349438374074,0.604680245507738,0.0,19.148155734105718,14.024334110718987,0.05059779993776293,0.9494022000622371,-1.7306908910432781,55,4,2,0.823985550654243,1.0,0.0,15.316568347481766,702.8770112140202,0.011783240330182554,0.9882167596698175,-1.4500000000000002,1166331.857459976,-13519046.922,-13519046.922,0.0,327,0,0.0,163,8,8,0.21876904677481568,0.5085233901379373,0.0,19.109936582990915,29.282127608855884,0.0521032831198814,0.9478967168801187,-1.6204571500378446,164,8,7,0.38156303786485407,0.6617335834092988,0.0,15.691257399238506,752.7396965673695,0.017381299660920262,0.9826187003390796,-1.45,1166331.857459976,-13519046.922,-13519046.922,0.0,327,0,0.0,163,8,8,0.21876904677481568,0.5085233901379373,0.0,19.109936582990915,29.282127608855884,0.0521032831198814,0.9478967168801187,-1.6204571500378446,164,8,7,0.38156303786485407,0.6617335834092988,0.0,15.691257399238506,752.7396965673695,0.017381299660920262,0.9826187003390796,-1.45
374,ZRO,0.0,0.0,0.0,,0,0,0,0,0,72h,bearish,-1920592.1348050435,113,,,,,,,5.058931298828026,1510.2099193240304,0.9946716315513104,0.005328368448689568,0.35,,-476252.3324800247,-367909.50063,-367909.50063,0.0,3,0,0.0,0,0,,,,,,,,,,3,1,,,,,5.061220845404191,1217.7723447378678,0.9945753392301762,0.005424660769823915,0.35,-693872.6082437375,-465303.69364899996,-465303.69364899996,0.0,10,0,0.0,1,1,,,,,5.019436855587021,68.15447567387949,0.9974762406628053,0.002523759337194688,0.35000000000000003,9,1,,,,,5.058987118652489,1239.2785591540492,0.9947322235883946,0.005267776411605509,0.35,-873719.9849583429,-543732.747569,-543732.747569,0.0,40,0,0.0,14,2,,,,,5.0171835791370105,65.62213837197659,0.9976131429206215,0.002386857079378367,0.35,26,2,,,,,5.061055656280125,1281.9869755725247,0.9945838217121209,0.005416178287879084,0.35,-1920592.1348050435,-1747130.703058,-1747130.703058,0.0,113,0,0.0,37,4,,,,,4.998970083744257,62.59476968831438,0.9989012992410603,0.0010987007589397608,0.92717788208836,76,4,,,,,5.058931298828026,1510.2099193240304,0.9946716315513104,0.005328368448689568,0.35,-1851305.4545681968,-1702673.777997,-1702673.777997,0.0,327,0,0.0,145,8,,,,,4.991896752765028,57.40253213051402,0.9992727124202715,0.0007272875797285479,1.2116066935289305,182,8,,,,,5.056571821357239,1714.5435332339352,0.9947443444090951,0.005255655590904975,0.35,-1851305.4545681968,-1702673.777997,-1702673.777997,0.0,327,0,0.0,145,8,,,,,4.991896752765028,57.40253213051402,0.9992727124202715,0.0007272875797285479,1.2116066935289305,182,8,,,,,5.056571821357239,1714.5435332339352,0.9947443444090951,0.005255655590904975,0.35
374,SUI,0.0,0.0,0.0,,0,0,0,0,0,24h,bearish,-1902018.918081549,40,,,,,,,9.803407916407513,2015.4983356572227,0.026897601011132425,0.9731023989888675,-0.8999999999999999,,-9323.948978453478,21521.649412000035,21521.649412000035,0.0,3,0,0.0,1,1,,,,,9.238124707232098,5.379978566644347,0.18454483242261355,0.8154551675773867,-2.2,2,1,,,,,9.811805903555376,1865.6536528489817,0.027645151511888275,0.9723548484881118,-0.9,29051.62499033918,-151962.9607899998,-151962.9607899998,0.0,10,0,0.0,4,1,,,,,9.00370920143948,0.27579952410853653,0.22496718035452853,0.7750328196454715,-1.2987008534806364,6,1,,,,,9.810056897854865,1923.5572695266371,0.02802598677448774,0.9719740132255121,-0.9,-1902018.918081549,-1139598.9409730001,-1139598.9409730001,0.0,40,0,0.0,12,2,1,1.0,1.0,0.0,9.213521503033116,7.1209849601368855,0.17933731887770077,0.8206626811222992,-1.2867411313138344,28,2,1,1.0,1.0,0.0,9.803407916407513,2015.4983356572227,0.026897601011132425,0.9731023989888675,-0.8999999999999999,-1540933.5714746898,575987.3887639995,575987.3887639995,0.0,113,0,0.0,47,4,3,0.47370387374193645,1.0,0.0,9.82190850308751,11.825598730376099,0.04474447153346166,0.9552555284665384,-1.2559009415401896,66,4,2,0.8838912120630887,1.0,0.0,9.82127881122381,1751.4623138041811,0.023945735979163888,0.976054264020836,-0.8999999999999999,-1773929.1318645463,112143.42918999954,112143.42918999954,0.0,327,0,0.0,164,8,4,0.6784849496452428,0.918491966312864,0.0,9.833357685890324,9.73392671160021,0.03932092541356984,0.96067907458643,-1.8133689454152484,163,8,2,0.8932378435667788,1.0,0.0,9.772669375179023,1662.8917701826126,0.03224176040868683,0.9677582395913132,-0.9,-1773929.1318645463,112143.42918999954,112143.42918999954,0.0,327,0,0.0,164,8,4,0.6784849496452428,0.918491966312864,0.0,9.833357685890324,9.73392671160021,0.03932092541356984,0.96067907458643,-1.8133689454152484,163,8,2,0.8932378435667788,1.0,0.0,9.772669375179023,1662.8917701826126,0.03224176040868683,0.9677582395913132,-0.9
374,JTO,0.0,0.0,0.0,,0,0,0,0,0,15d,bearish,-1655339.2649117995,327,,,,,,,5.099111663055033,1397.414131388089,0.9910639314549703,0.008936068545029669,0.35,,-81072.0573976296,-33121.15853999999,-33121.15853999999,0.0,3,0,0.0,0,0,,,,,,,,,,3,1,,,,,5.069242232861376,1150.0600783833004,0.9922280828879392,0.007771917112060757,0.35,-449658.3277723966,-317316.60523,-317316.60523,0.0,10,0,0.0,1,1,,,,,4.465047916217161,52.93208422710166,1.0,0.0,1.35,9,1,,,,,5.076864096612623,1262.7537938850721,0.9916922038504434,0.008307796149556488,0.35,-562770.6486993784,-407577.425005,-407577.425005,0.0,40,0,0.0,16,2,,,,,4.45489718997823,52.667697106843036,1.0,0.0,1.35,24,2,,,,,5.065571975842595,1301.3419734152405,0.9925751198901823,0.007424880109817615,0.35,-269116.0881679896,-132829.24776999996,-132829.24776999996,0.0,113,0,0.0,54,4,,,,,4.47488795542125,53.08414492850869,0.9988784612155226,0.0011215387844774535,1.35,59,4,,,,,5.060988602293055,1323.2487419676413,0.9930149141943762,0.0069850858056237156,0.35,-1655339.2649117995,-1232328.24889,-1232328.24889,0.0,327,0,0.0,145,8,,,,,4.478454045573443,54.58820995514849,0.9970845346668061,0.0029154653331938192,1.35,182,8,,,,,5.099111663055033,1397.414131388089,0.9910639314549703,0.008936068545029669,0.35,-1655339.2649117995,-1232328.24889,-1232328.24889,0.0,327,0,0.0,145,8,,,,,4.478454045573443,54.58820995514849,0.9970845346668061,0.0029154653331938192,1.35,182,8,,,,,5.099111663055033,1397.414131388089,0.9910639314549703,0.008936068545029669,0.35
374,POLYX,0.0,0.0,0.0,,0,0,0,0,0,72h,bullish,1394560.6377266922,113,,,,,,,3.1188452395354664,0.0,0.9930091035567374,0.006990896443262716,0.9970786681622487,,-1066.0045445956798,765.9260799999997,765.9260799999997,0.0,3,0,0.0,1,1,,,,,3.0580261587240725,0.0,0.9965866965456428,0.0034133034543572076,1.0,2,1,,,,,7.204313183134441,41923.34331374386,0.752687459815621,0.2473125401843789,0.3499999999999999,2430.569473073519,-1683.5286119999996,-1683.5286119999996,0.0,10,0,0.0,5,1,,,,,3.0792061922929013,0.0,0.9953408122180645,0.004659187781935382,1.0,5,1,,,,,7.328339904840302,40904.6863661475,0.7453917703035116,0.2546082296964884,0.35,-5562.1254362335185,-10369.958015,-10369.958015,0.0,40,0,0.0,18,2,,,,,3.1067522649140384,0.0,0.9937204550050565,0.006279544994943465,1.0,22,2,,,,,7.4752528584985845,41871.35603193657,0.7367498318530245,0.2632501681469755,0.35000000000000003,1394560.6377266922,983739.1783779999,983739.1783779999,0.0,113,0,0.0,53,4,1,1.0,1.0,0.0,3.1188452395354664,0.0,0.9930091035567374,0.006990896443262716,0.9970786681622487,60,4,,,,,5.884088676585287,38167.453464654005,0.8303477249067478,0.1696522750932522,0.7724945717728565,1388917.1197758387,984223.2203559999,984223.2203559999,0.0,326,0,0.0,159,8,1,1.0,1.0,0.0,3.393052881516687,0.0,0.9768792422637245,0.023120757736275713,0.9288714050750075,167,8,,,,,5.546596721965997,40295.50619520234,0.8502001928255297,0.14979980717447042,0.7794401813258734,1388917.1197758387,984223.2203559999,984223.2203559999,0.0,326,0,0.0,159,8,1,1.0,1.0,0.0,3.393052881516687,0.0,0.9768792422637245,0.023120757736275713,0.9288714050750075,167,8,,,,,5.546596721965997,40295.50619520234,0.8502001928255297,0.14979980717447042,0.7794401813258734
374,AAVE,0.0,0.0,0.0,,0,0,0,0,0,15d,bearish,-1263516.0300807045,327,,,,,,,9.598847047554301,473.75164926179394,0.05474275060659443,0.9452572493934055,-0.9,,156842.48403713232,286176.18345499993,286176.18345499993,0.0,3,0,0.0,3,1,,,,,9.924806662370814,84.2422703082394,0.012282714563072514,0.9877172854369276,-0.9,0,0,,,,,,,,,,277127.0058128495,430264.81042499986,430264.81042499986,0.0,10,0,0.0,8,1,,,,,9.927373508375856,82.99833514478249,0.011596806427584165,0.9884031935724158,-0.9,2,1,,,,,9.617644458814002,444.9700985291652,0.04958527235214468,0.9504147276478554,-0.9,338393.10453972523,442050.9499100001,442050.9499100001,0.0,40,0,0.0,25,2,,,,,9.94296120059809,81.58200912399694,0.008544204248064392,0.9914557957519354,-0.8999999999999999,15,2,,,,,9.61988685658059,466.6803542868805,0.04892505316503534,0.9510749468349649,-0.9,261832.15782273666,-127668.65851000126,-127668.65851000126,0.0,113,0,0.0,58,4,,,,,9.949064743803156,79.54590262961162,0.007329532753207494,0.9926704672467924,-0.9,55,4,,,,,9.621811860967755,472.8246963805079,0.04948058516336759,0.9505194148366325,-0.9000000000000001,-1263516.0300807045,-3905933.869185001,-3905933.869185001,0.0,327,0,0.0,153,8,,,,,9.9484218498554,75.80061056506264,0.007953360866534172,0.9920466391334658,-0.9,174,8,,,,,9.598847047554301,473.75164926179394,0.05474275060659443,0.9452572493934055,-0.9,-1263516.0300807045,-3905933.869185001,-3905933.869185001,0.0,327,0,0.0,153,8,,,,,9.9484218498554,75.80061056506264,0.007953360866534172,0.9920466391334658,-0.9,174,8,,,,,9.598847047554301,473.75164926179394,0.05474275060659443,0.9452572493934055,-0.9
374,SPX,0.0,0.0,0.0,,0,0,0,0,0,15d,bearish,-1243823.7298717499,327,,,,,,,5.291046234775181,5614.522424325497,0.9797594695334071,0.020240530466592986,0.35,,-78154.5276584854,-41244.521748000014,-41244.521748000014,0.0,3,0,0.0,1,1,,,,,5.423704844353425,0.0,0.9717530103764385,0.028246989623561727,0.0,2,1,,,,,5.076088878562074,6450.147484543548,0.9943516046216578,0.005648395378342244,0.35,8241.193375241803,-45387.505099999995,-45387.505099999995,0.0,10,0,0.0,5,1,,,,,5.912683056383685,0.0,0.9391544629077544,0.060845537092245695,0.0,5,1,,,,,5.0739183553958505,6444.39391267538,0.9944276525628548,0.005572347437145417,0.35000000000000003,183050.26967219455,295956.97874,295956.97874,0.0,40,0,0.0,20,2,,,,,5.878704928559775,0.0,0.9414196714293481,0.0585803285706517,0.0,20,2,,,,,5.133489388586505,5626.205418240347,0.9900538962967437,0.009946103703256352,0.35000000000000003,172278.69357972807,573696.9746090001,573696.9746090001,0.0,113,0,0.0,59,4,,,,,6.04351424438963,4.53172826790714,0.9304290544801691,0.06957094551983095,0.04890601593282772,54,4,,,,,5.102880014036127,4701.048076098194,0.9919272280678991,0.008072771932100865,0.35,-1243823.7298717499,-616114.5606469999,-616114.5606469999,0.0,327,0,0.0,142,8,,,,,5.962424296164379,19.950664202339482,0.9358186831766472,0.06418131682335285,0.10493929049918801,185,8,,,,,5.291046234775181,5614.522424325497,0.9797594695334071,0.020240530466592986,0.35,-1243823.7298717499,-616114.5606469999,-616114.5606469999,0.0,327,0,0.0,142,8,,,,,5.962424296164379,19.950664202339482,0.9358186831766472,0.06418131682335285,0.10493929049918801,185,8,,,,,5.291046234775181,5614.522424325497,0.9797594695334071,0.020240530466592986,0.35
374,TRUMP,0.0,0.0,0.0,,0,0,0,0,0,24h,bullish,1190340.0389892352,40,,,,,,,9.897657688548335,71.54308670099762,0.024660415452346995,0.9753395845476531,-0.8999999999999999,,6077.794026204359,13758.659180000124,13758.659180000124,0.0,3,0,0.0,1,1,,,,,9.88831960334889,92.97151830292242,0.027801202518095553,0.9721987974819044,-0.9,2,1,,,,,9.089001676575375,3417.969210915997,0.02961644852955166,0.9703835514704483,-0.9,-50503.53835281734,-90516.63109499989,-90516.63109499989,0.0,10,0,0.0,1,1,,,,,9.88831960334889,92.97151830292242,0.027801202518095553,0.9721987974819044,-0.9,9,1,,,,,9.089714974607187,3511.1289825518816,0.029792361194890437,0.9702076388051097,-0.9,1190340.0389892352,328718.1660650001,328718.1660650001,0.0,40,0,0.0,12,2,1,1.0,1.0,0.0,9.897657688548335,71.54308670099762,0.024660415452346995,0.9753395845476531,-0.8999999999999999,28,2,,,,,9.087260153111988,3406.079285811426,0.03107829913146253,0.9689217008685375,-0.9,577995.8238600307,474197.03763000004,474197.03763000004,0.0,113,0,0.0,53,4,1,1.0,1.0,0.0,9.90241003794204,70.53857256981034,0.024539423887326554,0.9754605761126736,-0.8999999999999999,60,4,1,1.0,1.0,0.0,7.955016584861332,2036.3352762939776,0.28667733405432977,0.7133226659456703,-0.8999999999999999,590338.3135448766,745482.3725550005,745482.3725550005,0.0,327,0,0.0,155,8,1,1.0,1.0,0.0,9.91208007370426,71.46054659999638,0.023991536199434657,0.9760084638005653,-0.8999999999999999,172,8,1,1.0,1.0,0.0,8.223844421605504,2328.0344925345066,0.23763817441342738,0.7623618255865727,-0.8823657864056302,590338.3135448766,745482.3725550005,745482.3725550005,0.0,327,0,0.0,155,8,1,1.0,1.0,0.0,9.91208007370426,71.46054659999638,0.023991536199434657,0.9760084638005653,-0.8999999999999999,172,8,1,1.0,1.0,0.0,8.223844421605504,2328.0344925345066,0.23763817441342738,0.7623618255865727,-0.8823657864056302
374,PENGU,0.0,0.0,0.0,,0,0,0,0,0,15d,bearish,-1055473.6760930973,327,,,,,,,5.231056838739947,5258.673564915089,0.9842030259600106,0.015796974039989295,0.35,,-49465.45368542857,-53746.373585000016,-53746.373585000016,0.0,3,0,0.0,0,0,,,,,,,,,,3,1,,,,,5.103947093038914,4319.867338916387,0.9928258179439774,0.007174182056022616,0.35,-113891.43720112342,-116621.69223300001,-116621.69223300001,0.0,10,0,0.0,1,1,,,,,5.703276832215188,82.33194628800742,0.9499042048292273,0.05009579517077246,0.35,9,1,,,,,5.125855975284847,4520.555886271366,0.991350428660865,0.008649571339134899,0.35,-171769.3005194163,-221519.558898,-221519.558898,0.0,40,0,0.0,13,2,,,,,5.677653138313603,24.589913898553768,0.952224980239853,0.04777501976014698,0.05547092019354229,27,2,,,,,5.130626298283444,4533.9565269478,0.9910379966944698,0.008962003305530226,0.35,-14846.972057211731,102762.1042330001,102762.1042330001,0.0,113,0,0.0,54,4,1,1.0,1.0,0.0,5.5258080043487015,16.417325909325896,0.9633355677000935,0.03666443229990646,0.012010676808710239,59,4,1,1.0,1.0,0.0,5.151195577744113,4574.74134583188,0.9896631771402864,0.010336822859713506,0.35,-1055473.6760930973,-1044122.67608,-1044122.67608,0.0,327,0,0.0,147,8,2,0.5381134677656031,1.0,0.0,5.947968620102754,10.403860966570315,0.9341913394863447,0.06580866051365525,0.006189934106438827,180,8,2,0.5290425233910059,1.0,0.0,5.231056838739947,5258.673564915089,0.9842030259600106,0.015796974039989295,0.35,-1055473.6760930973,-1044122.67608,-1044122.67608,0.0,327,0,0.0,147,8,2,0.5381134677656031,1.0,0.0,5.947968620102754,10.403860966570315,0.9341913394863447,0.06580866051365525,0.006189934106438827,180,8,2,0.5290425233910059,1.0,0.0,5.231056838739947,5258.673564915089,0.9842030259600106,0.015796974039989295,0.35
374,NEAR,0.0,0.0,0.0,,0,0,0,0,0,6h,bearish,-950802.8730440049,10,,,,,,,9.663417005631532,681.6985801560745,0.0446717284065658,0.9553282715934345,-0.9,,-316886.0469652874,-1193921.1932549996,-1193921.1932549996,0.0,3,0,0.0,0,0,,,,,,,,,,3,1,,,,,9.659111474060106,644.882290205118,0.044857642976949275,0.9551423570230508,-0.8999999999999999,-950802.8730440049,-3081139.5831999998,-3081139.5831999998,0.0,10,0,0.0,1,1,,,,,9.688195543773698,16.748412961024595,0.040195495643491466,0.9598045043565087,-1.25,9,1,,,,,9.663417005631532,681.6985801560745,0.0446717284065658,0.9553282715934345,-0.9,-802024.8705211566,-3111699.384555,-3111699.384555,0.0,40,0,0.0,19,2,,,,,9.696862757381078,19.7069552738258,0.037309819287301794,0.9626901807126982,-1.2500000000000002,21,2,,,,,9.66453236298783,693.9997772474306,0.044536013809154666,0.9554639861908455,-0.9,-747943.1209680097,-3109436.384815,-3109436.384815,0.0,113,0,0.0,55,4,,,,,9.71284315678088,21.106000125165853,0.03446416612617067,0.9655358338738292,-1.2499999999999998,58,4,,,,,9.662196883800375,717.8375919817348,0.04488780293664809,0.9551121970633519,-0.9,210969.41103566912,-6052618.489935,-6052618.489935,0.0,327,0,0.0,144,8,,,,,9.513694824879543,37.925502226763285,0.0760779162918521,0.9239220837081479,-1.164762698312846,183,8,1,1.0,1.0,0.0,9.790143591855303,801.5020376351034,0.02701465316200257,0.9729853468379975,-0.9000000000000001,210969.41103566912,-6052618.489935,-6052618.489935,0.0,327,0,0.0,144,8,,,,,9.513694824879543,37.925502226763285,0.0760779162918521,0.9239220837081479,-1.164762698312846,183,8,1,1.0,1.0,0.0,9.790143591855303,801.5020376351034,0.02701465316200257,0.9729853468379975,-0.9000000000000001
374,AERO,0.0,0.0,0.0,,0,0,0,0,0,15d,bearish,-873042.3834730166,327,,,,,,,3.1872463435525007,1418.1586254214105,0.988985509202794,0.011014490797205933,1.35,,40599.71598507655,52682.590065,52682.590065,0.0,3,0,0.0,2,1,,,,,3.071801203712044,61.11456104774564,0.9957763997816446,0.004223600218355549,1.3500000000000003,1,1,,,,,3.1672219652753677,1077.7924547170155,0.9901634138073315,0.00983658619266864,1.35,-513984.566200682,-335914.32728500006,-335914.32728500006,0.0,10,0,0.0,4,1,,,,,3.078035849658236,56.90115891231313,0.9954096559024568,0.0045903440975432865,1.35,6,1,,,,,3.1764405069682615,1105.8776192838316,0.9896211466489259,0.010378853351074219,1.35,-609211.8109760901,-385082.71284000005,-385082.71284000005,0.0,40,0,0.0,19,2,,,,,3.0882146745558923,56.76277674836949,0.9948109014967121,0.0051890985032878156,1.35,21,2,,,,,3.173470448890846,1147.5640013353677,0.9897958559475972,0.010204144052402712,1.3499999999999999,-659533.0774605419,-434861.12823500007,-434861.12823500007,0.0,113,0,0.0,59,4,,,,,3.128157672486432,59.24941873001295,0.992461313383151,0.007538686616848967,1.3500000000000003,54,4,,,,,3.1755741729995797,1198.6785484755533,0.9896721074706128,0.01032789252938707,1.35,-873042.3834730166,-772900.871745,-772900.871745,0.0,327,0,0.0,143,8,,,,,3.1567332262713657,62.2676416118035,0.9907803984546255,0.009219601545374484,1.35,184,8,,,,,3.1872463435525007,1418.1586254214105,0.988985509202794,0.011014490797205933,1.35,-873042.3834730166,-772900.871745,-772900.871745,0.0,327,0,0.0,143,8,,,,,3.1567332262713657,62.2676416118035,0.9907803984546255,0.009219601545374484,1.35,184,8,,,,,3.1872463435525007,1418.1586254214105,0.988985509202794,0.011014490797205933,1.35
374,kBONK,0.0,0.0,0.0,,0,0,0,0,0,72h,bullish,792432.1024993364,113,,,,,,,10.039877732323008,45.4132315780302,0.09887641974912911,0.9011235802508708,-1.406455198777169,,303359.36891570076,390686.06021000043,390686.06021000043,0.0,3,0,0.0,2,1,,,,,9.054801233667687,48.480313061534204,0.27326848640750073,0.7267315135924993,-0.9003201796965307,1,1,1,1.0,1.0,0.0,9.73967713513267,4031.6924736036985,0.0820417159847163,0.9179582840152838,-0.8999999999999999,293928.11930421245,348496.46043600043,348496.46043600043,0.0,10,0,0.0,6,1,,,,,9.07872834723762,48.219050619686364,0.2684826572624775,0.7315173427375224,-0.9172053393748484,4,1,1,1.0,1.0,0.0,9.746612740988947,4057.7866360829084,0.08051976457480885,0.9194802354251912,-0.9,63682.2028346712,-211014.35132999954,-211014.35132999954,0.0,40,0,0.0,16,2,,,,,9.188974898393912,47.628544630121475,0.2455005694749373,0.7544994305250626,-0.9723863738588984,24,2,1,1.0,1.0,0.0,9.808666969279262,4286.9078941940825,0.06989815234113005,0.9301018476588699,-0.9,792432.1024993364,1443194.7034310002,1443194.7034310002,0.0,113,0,0.0,52,4,,,,,10.039877732323008,45.4132315780302,0.09887641974912911,0.9011235802508708,-1.406455198777169,61,4,1,1.0,1.0,0.0,9.80233393439076,3993.4421100680474,0.0670239041135389,0.932976095886461,-0.8999999999999999,436227.17057781754,724747.0231140003,724747.0231140003,0.0,327,0,0.0,145,8,,,,,10.451289481362211,39.81307881684527,0.08946229113618161,0.9105377088638185,-1.4549853502029977,182,8,1,1.0,1.0,0.0,9.877094912352907,4149.410967483747,0.054195796257114535,0.9458042037428854,-1.0431348997294576,436227.17057781754,724747.0231140003,724747.0231140003,0.0,327,0,0.0,145,8,,,,,10.451289481362211,39.81307881684527,0.08946229113618161,0.9105377088638185,-1.4549853502029977,182,8,1,1.0,1.0,0.0,9.877094912352907,4149.410967483747,0.054195796257114535,0.9458042037428854,-1.0431348997294576
374,ENA,0.0,0.0,0.0,,0,0,0,0,0,72h,bullish,744040.5643362706,113,,,,,,,9.240913573127541,75.84894404745087,0.16787040371775686,0.8321295962822433,-0.9000000000000001,,68937.07181982895,72110.44306199999,72110.44306199999,0.0,3,0,0.0,3,1,,,,,9.060645908886007,74.92766156166496,0.20628587591236017,0.7937141240876399,-0.9,0,0,,,,,,,,,,279782.7215879871,71100.17649699998,71100.17649699998,0.0,10,0,0.0,8,1,,,,,9.087602253982748,69.30654628347754,0.20212767134244988,0.7978723286575501,-0.9,2,1,,,,,8.233814398337191,1659.5012833493356,0.3532609859153481,0.6467390140846518,-0.9,298584.3493431771,269817.22966899996,269817.22966899996,0.0,40,0,0.0,23,2,,,,,9.040592030182673,69.85965097579448,0.21167569937682806,0.7883243006231718,-0.8999999999999999,17,2,,,,,8.231426360321876,1605.5776482780377,0.3525544409000835,0.6474455590999165,-0.9,744040.5643362706,950551.5532519999,950551.5532519999,0.0,113,0,0.0,65,4,1,1.0,1.0,0.0,9.240913573127541,75.84894404745087,0.16787040371775686,0.8321295962822433,-0.9000000000000001,48,4,,,,,8.236350144871366,1615.051906684581,0.3509971683308323,0.6490028316691677,-0.9000000000000001,684864.787039894,1843329.147527,1843329.147527,0.0,327,0,0.0,173,8,1,1.0,1.0,0.0,9.653049121169422,68.69087766123158,0.08740141021402827,0.9125985897859717,-0.9040061987029128,154,8,1,1.0,1.0,0.0,8.24977594853596,1611.4756284947568,0.331637609409015,0.668362390590985,-0.9,684864.787039894,1843329.147527,1843329.147527,0.0,327,0,0.0,173,8,1,1.0,1.0,0.0,9.653049121169422,68.69087766123158,0.08740141021402827,0.9125985897859717,-0.9040061987029128,154,8,1,1.0,1.0,0.0,8.24977594853596,1611.4756284947568,0.331637609409015,0.668362390590985,-0.9
374,UAVAX,0.0,0.0,0.0,,0,0,0,0,0,15d,bullish,726313.5845456657,43,,,,,,,0.0,0.0,0.0,0.0,0.0,,,,,,,,,,,,,,,,,,,,,,,,,,,,,,,21101.54995124517,17584.624959370976,0.0,17584.624959370976,2,0,1.0,2,1,,,,,0.0,0.0,0.0,0.0,0.0,0,0,,,,,,,,,,13409.817274645351,11174.847728871126,0.0,11174.847728871126,8,0,1.0,3,2,,,,,0.0,0.0,0.0,0.0,0.0,5,2,,,,,0.0,0.0,0.0,0.0,0.0,513962.04602741,428301.7050228417,0.0,428301.7050228417,14,0,1.0,8,4,,,,,0.0,0.0,0.0,0.0,0.0,6,2,,,,,0.0,0.0,0.0,0.0,0.0,726313.5845456657,646127.5551752306,0.0,646127.5551752306,43,0,1.0,24,8,,,,,0.0,0.0,0.0,0.0,0.0,19,7,1,1.0,1.0,1.0,0.0,0.0,0.0,0.0,0.0,726313.5845456657,646127.5551752306,0.0,646127.5551752306,43,0,1.0,24,8,,,,,0.0,0.0,0.0,0.0,0.0,19,7,1,1.0,1.0,1.0,0.0,0.0,0.0,0.0,0.0
374,LTC,0.0,0.0,0.0,,0,0,0,0,0,15d,bearish,-710821.6773668258,327,,,,,,,9.20784316001003,2737.5648080573533,0.13277635681705313,0.8672236431829468,-0.8999999999999999,,-17907.498042426978,-29908.208850000046,-29908.208850000046,0.0,3,0,0.0,0,0,,,,,,,,,,3,1,,,,,9.291402309708435,2454.9994199176767,0.10959980803612103,0.890400191963879,-0.9,-39888.07989747377,-101188.15877999998,-101188.15877999998,0.0,10,0,0.0,3,1,,,,,10.062831759653758,0.0,0.07969007831115774,0.9203099216888422,-1.8,7,1,,,,,9.28949420010921,2531.7602921794905,0.10969201889818299,0.8903079811018171,-0.9,-261638.6898666684,-822028.5260000002,-822028.5260000002,0.0,40,0,0.0,15,2,,,,,10.458227238394535,0.0,0.03331757879711535,0.9666824212028847,-1.8000000000000003,25,2,,,,,9.262491229218181,2663.38180020184,0.11900483224344122,0.8809951677565588,-0.9,-440982.6411664187,-1151201.023145,-1151201.023145,0.0,113,0,0.0,48,4,,,,,10.43428937222043,0.0,0.04259368797332636,0.9574063120266736,-1.7999999999999998,65,4,,,,,9.246533860623927,2740.6891015918663,0.12646225696766755,0.8735377430323324,-0.9,-710821.6773668258,-1427080.7749100002,-1427080.7749100002,0.0,327,0,0.0,147,8,,,,,10.230810673537954,2.0538896084947083,0.03082352049860812,0.969176479501392,-1.7671745938029677,180,8,,,,,9.20784316001003,2737.5648080573533,0.13277635681705313,0.8672236431829468,-0.8999999999999999,-710821.6773668258,-1427080.7749100002,-1427080.7749100002,0.0,327,0,0.0,147,8,,,,,10.230810673537954,2.0538896084947083,0.03082352049860812,0.969176479501392,-1.7671745938029677,180,8,,,,,9.20784316001003,2737.5648080573533,0.13277635681705313,0.8672236431829468,-0.8999999999999999
374,TAO,0.0,0.0,0.0,,0,0,0,0,0,15d,bearish,-679089.9549937785,327,,,,,,,4.922929913919276,2006.4064659421124,0.9986865054986533,0.0013134945013467622,1.3329829956244443,,-63888.9781517801,-54415.519109999834,-54415.519109999834,0.0,3,0,0.0,1,1,,,,,5.197091291327822,66.41155455991827,0.9868602049122226,0.013139795087777371,0.35,2,1,,,,,4.9900759136048825,1799.2538312012662,0.9982238633787865,0.0017761366212134134,1.35,52965.37526884738,-128442.20196499985,-128442.20196499985,0.0,10,0,0.0,5,1,,,,,5.185235732462776,64.48712292767979,0.9876263119713784,0.012373688028621684,0.3499999999999999,5,1,,,,,4.992395934381234,1890.4493717668386,0.9981191198828018,0.0018808801171983714,1.35,181910.62912649394,114264.22382000022,114264.22382000022,0.0,40,0,0.0,20,2,,,,,5.171859631990605,64.90308757872377,0.9884743392379783,0.01152566076202175,0.35,20,2,,,,,4.995571090192543,1864.2355251051652,0.9979838305891917,0.0020161694108084107,1.1124065802712666,-71655.06325355807,-344102.9647250001,-344102.9647250001,0.0,113,0,0.0,60,4,,,,,5.094500057825045,64.35517167724362,0.9936555556704499,0.006344444329550191,0.7096862286305451,53,4,,,,,4.987525337182436,1927.7026970034738,0.9985609592069702,0.0014390407930299554,1.2848642522524334,-679089.9549937785,-1117743.5839099998,-1117743.5839099998,0.0,327,0,0.0,155,8,,,,,5.047803236547242,51.061430044351965,0.9967661782121086,0.0032338217878914812,0.7305361979257752,172,8,,,,,4.922929913919276,2006.4064659421124,0.9986865054986533,0.0013134945013467622,1.3329829956244443,-679089.9549937785,-1117743.5839099998,-1117743.5839099998,0.0,327,0,0.0,155,8,,,,,5.047803236547242,51.061430044351965,0.9967661782121086,0.0032338217878914812,0.7305361979257752,172,8,,,,,4.922929913919276,2006.4064659421124,0.9986865054986533,0.0013134945013467622,1.3329829956244443
374,PAXG,0.0,0.0,0.0,,0,0,0,0,0,24h,bullish,650444.5541244413,40,,,,,,,6.658190140453915,34.795976700029534,0.6797016064530172,0.32029839354698264,0.03610566610064107,,90650.62278382586,93415.57179999987,93415.57179999987,0.0,3,0,0.0,2,1,,,,,6.727561615715101,74.59232068541642,0.6645020702125893,0.3354979297874109,0.35,1,1,,,,,5.484725363372132,1534.8184867286836,0.7436013616559471,0.25639863834405296,0.35,141826.87890218748,229654.97374999983,229654.97374999983,0.0,10,0,0.0,6,1,,,,,6.714935366404446,53.92610788740612,0.6672201034666053,0.33277989653339485,0.17551558518038168,4,1,,,,,5.485757879692275,1601.73003337034,0.742940188861232,0.257059811138768,0.35,650444.5541244413,671500.5096999997,671500.5096999997,0.0,40,0,0.0,26,2,,,,,6.658190140453915,34.795976700029534,0.6797016064530172,0.32029839354698264,0.03610566610064107,14,2,,,,,5.4918140045784405,1658.9072760506288,0.7416143259258374,0.25838567407416263,0.35000000000000003,-321285.2115777385,-223031.27630000043,-223031.27630000043,0.0,113,0,0.0,61,3,,,,,6.661664256259854,34.14984583108734,0.6791277969338259,0.3208722030661739,0.03154130141242058,52,4,,,,,5.507514635167049,1729.3866099961178,0.7366129886257473,0.2633870113742527,0.35,-302590.1733340301,-478760.91130000027,-478760.91130000027,0.0,327,0,0.0,175,8,,,,,7.226547308287315,57.36765430163426,0.5639149053352093,0.4360850946647908,-0.2531427209220772,152,8,,,,,5.520218510249192,1644.2746334565456,0.7350699624990211,0.2649300375009789,0.3499999999999999,-302590.1733340301,-478760.91130000027,-478760.91130000027,0.0,327,0,0.0,175,8,,,,,7.226547308287315,57.36765430163426,0.5639149053352093,0.4360850946647908,-0.2531427209220772,152,8,,,,,5.520218510249192,1644.2746334565456,0.7350699624990211,0.2649300375009789,0.3499999999999999
374,XLM,0.0,0.0,0.0,,0,0,0,0,0,15d,bullish,647397.1649306343,327,,,,,,,5.18615052977785,37.40704659020454,0.9819999062523057,0.018000093747694297,0.18643831235511157,,-191074.802610058,-125432.16632500001,-125432.16632500001,0.0,3,0,0.0,2,1,,,,,5.313918881036646,0.0,0.978094041934553,0.02190595806544712,0.0,1,1,,,,,5.1389104823290195,1116.4693960719774,0.9875040929857213,0.012495907014278664,0.35,-356468.23407647526,-198938.92246000006,-198938.92246000006,0.0,10,0,0.0,4,1,,,,,5.126707854350255,0.0,0.9816707421373142,0.018329257862685674,0.0,6,1,,,,,5.146903514479562,1113.6417145306284,0.9869835952000447,0.013016404799955156,0.35,-324445.58178008575,-39790.85898999998,-39790.85898999998,0.0,40,0,0.0,18,2,,,,,5.044428720253833,23.88352457837664,0.9832435000589422,0.01675649994105795,0.33291277831835336,22,2,,,,,5.14599273892421,1353.382296674808,0.9866573708040354,0.01334262919596459,0.35,510883.5705046115,-91546.09772000017,-91546.09772000017,0.0,113,0,0.0,52,4,,,,,5.169921761017575,16.64159581304294,0.9819690373156998,0.01803096268430008,0.10157472121857668,61,4,,,,,5.134165847621369,1370.8761423426602,0.9872066163957737,0.012793383604226233,0.35,647397.1649306343,-119113.00499000018,-119113.00499000018,0.0,327,0,0.0,154,8,,,,,5.18615052977785,37.40704659020454,0.9819999062523057,0.018000093747694297,0.18643831235511157,173,8,,,,,5.107139777984399,1662.7546189894924,0.9860614229115342,0.013938577088465803,0.3499999999999999,647397.1649306343,-119113.00499000018,-119113.00499000018,0.0,327,0,0.0,154,8,,,,,5.18615052977785,37.40704659020454,0.9819999062523057,0.018000093747694297,0.18643831235511157,173,8,,,,,5.107139777984399,1662.7546189894924,0.9860614229115342,0.013938577088465803,0.3499999999999999
374,DYDX,0.0,0.0,0.0,,0,0,0,0,0,15d,bullish,610186.6965665772,327,,,,,,,4.344328881568194,44.813293017314635,0.9874953691875159,0.012504630812484076,0.9667580656778421,,5130.897020852416,-1375.6175489999882,-1375.6175489999882,0.0,3,0,0.0,3,1,,,,,5.0605195533665315,28.46293797103236,0.9959653631088979,0.004034636891102052,0.0,0,0,,,,,,,,,,-3282.8637590381886,-4949.761774999992,-4949.761774999992,0.0,10,0,0.0,6,1,,,,,5.067206771818027,28.481871152999346,0.9955195485454648,0.004480451454535155,0.17245939167145652,4,1,,,,,5.073306560403099,3919.1594155365283,0.9939320278477276,0.006067972152272317,0.3499999999999999,229676.30434699147,177471.50617000004,177471.50617000004,0.0,40,0,0.0,13,2,,,,,5.006232844674626,28.525829183487236,0.9994028633134561,0.0005971366865439854,0.883008796553004,27,2,,,,,5.130683662892798,3894.6358347254304,0.9901925035248363,0.009807496475163784,0.38032354154299275,378526.0152444403,249496.27382400003,249496.27382400003,0.0,113,0,0.0,60,4,,,,,5.197533424813051,28.492888434099843,0.9866940173271475,0.013305982672852561,0.5037713224806758,53,4,,,,,5.070867109377462,3161.9219066949036,0.994335522295152,0.005664477704848081,0.6087195336196312,610186.6965665772,500471.2150179998,500471.2150179998,0.0,327,0,0.0,177,8,,,,,4.344328881568194,44.813293017314635,0.9874953691875159,0.012504630812484076,0.9667580656778421,150,8,,,,,5.019533362317588,2070.5761706247476,0.9958327099489929,0.004167290051007107,0.9184957644605881,610186.6965665772,500471.2150179998,500471.2150179998,0.0,327,0,0.0,177,8,,,,,4.344328881568194,44.813293017314635,0.9874953691875159,0.012504630812484076,0.9667580656778421,150,8,,,,,5.019533362317588,2070.5761706247476,0.9958327099489929,0.004167290051007107,0.9184957644605881
374,ETHFI,0.0,0.0,0.0,,0,0,0,0,0,15d,bearish,-609687.6363085172,327,,,,,,,5.179178456399864,2886.325142389803,0.9833392417548142,0.016660758245185668,0.35,,168364.60744109834,157424.80675999998,157424.80675999998,0.0,3,0,0.0,2,1,,,,,5.264870442295626,41.307948771215486,0.9785282427583964,0.021471757241603804,0.35,1,1,,,,,5.1916624020268225,1668.2500190157934,0.984791857074139,0.015208142925861189,0.35,5373.0966435138525,43064.046948000025,43064.046948000025,0.0,10,0,0.0,4,1,,,,,5.191243898422201,40.496514165124516,0.983487233301597,0.016512766698403177,0.22501794709708722,6,1,,,,,5.177360789361298,1677.33416050093,0.9839087345130422,0.016091265486957825,0.35,-136342.11864510473,-30693.091217999972,-30693.091217999972,0.0,40,0,0.0,11,2,,,,,5.085647942459198,38.02827744732975,0.9905139200618804,0.009486079938119674,0.4576247337858146,29,2,,,,,5.124522214302281,1923.0885933384316,0.9871845663764494,0.012815433623550716,0.35,-344098.06522471365,-55912.967455999984,-55912.967455999984,0.0,113,0,0.0,49,4,,,,,5.014915361479294,36.07717655660515,0.9942023783302174,0.005797621669782519,0.6318843873144032,64,4,,,,,5.14696382445372,2415.286311613287,0.984890257393767,0.015109742606232815,0.35,-609687.6363085172,-266436.690042,-266436.690042,0.0,327,0,0.0,136,8,,,,,5.109159438414157,31.3901979862778,0.9874158992969585,0.012584100703041548,0.45678139695561304,191,8,,,,,5.179178456399864,2886.325142389803,0.9833392417548142,0.016660758245185668,0.35,-609687.6363085172,-266436.690042,-266436.690042,0.0,327,0,0.0,136,8,,,,,5.109159438414157,31.3901979862778,0.9874158992969585,0.012584100703041548,0.45678139695561304,191,8,,,,,5.179178456399864,2886.325142389803,0.9833392417548142,0.016660758245185668,0.35
374,kPEPE,0.0,0.0,0.0,,0,0,0,0,0,24h,bearish,-606985.6685990744,40,,,,,,,9.949088501148717,1948.4958540435944,0.020723180469097272,0.9792768195309026,-0.9649172063481535,,128727.22473042908,-135731.40671300015,-135731.40671300015,0.0,3,0,0.0,2,1,,,,,9.964800108718329,1.709874950434452,0.09662217814015929,0.9033778218598407,-1.2927426231210732,1,1,1,1.0,1.0,0.0,9.968025857620512,2044.1689121165239,0.015509299448203796,0.9844907005517962,-0.9000000000000001,-375510.1792351306,-514826.9090190001,-514826.9090190001,0.0,10,0,0.0,4,1,,,,,9.970655035692332,5.635465420414022,0.08519343668835257,0.9148065633116474,-1.3744134913485702,6,1,1,1.0,1.0,0.0,9.909311780187148,2066.3514980430514,0.028155147932670554,0.9718448520673294,-0.9000000000000001,-606985.6685990744,-1122668.638794,-1122668.638794,0.0,40,0,0.0,20,2,,,,,10.154685591484002,19.064140772743745,0.027259315157239995,0.9727406848427599,-1.6874899035272077,20,2,1,1.0,1.0,0.0,9.949088501148717,1948.4958540435944,0.020723180469097272,0.9792768195309026,-0.9649172063481535,-516076.656641545,-524913.8969100002,-524913.8969100002,0.0,113,0,0.0,52,4,,,,,10.185386983029927,23.205968791824326,0.022336834593686235,0.9776631654063137,-1.7503701797767386,61,4,1,1.0,1.0,0.0,9.976731257220091,1969.3526540593803,0.017608993483263495,0.9823910065167364,-1.0758758987595967,530009.5647275801,-2338834.9939759998,-2338834.9939759998,0.0,327,0,0.0,140,8,2,0.7340727811305728,1.0,0.0,9.512988295852903,11.436580346590553,0.14932583337745525,0.8506741666225447,-1.3813057573443315,187,8,1,1.0,1.0,0.0,9.271455472978635,2555.1544127844454,0.06446231087688221,0.9355376891231179,-0.953578935320763,530009.5647275801,-2338834.9939759998,-2338834.9939759998,0.0,327,0,0.0,140,8,2,0.7340727811305728,1.0,0.0,9.512988295852903,11.436580346590553,0.14932583337745525,0.8506741666225447,-1.3813057573443315,187,8,1,1.0,1.0,0.0,9.271455472978635,2555.1544127844454,0.06446231087688221,0.9355376891231179,-0.953578935320763
374,PUMP,0.0,0.0,0.0,,0,0,0,0,0,24h,bearish,-601465.7463976044,40,,,,,,,6.839909478542456,841.6965881982115,0.5260479479405614,0.4739520520594387,-0.30000000000000004,,141233.48920816177,71889.91392279003,71869.89772400002,20.01619879,3,0,0.00027842847066832566,2,1,,,,,7.451194740518863,27.927637331345558,0.49950910031161583,0.5004908996883842,-0.65,1,1,,,,,6.806522232315335,807.68457253971,0.5342814097683428,0.4657185902316571,-0.30000000000000004,-544822.8083736942,-881731.4609064402,-881731.5074060002,0.046499560000000884,10,0,5.2736640527419896e-08,5,1,,,,,7.502315081401605,26.352741868013844,0.49010705109682245,0.5098929489031777,-0.65,5,1,,,,,6.818849024782939,889.1072733977152,0.5313991868642786,0.4686008131357214,-0.30000000000000004,-601465.7463976044,-2538308.5269225203,-2538308.3329620003,-0.1939605199999991,40,0,7.641329568204992e-08,21,2,,,,,7.591019016901888,26.916629472147054,0.47820660985940555,0.5217933901405944,-0.65,19,2,,,,,6.839909478542456,841.6965881982115,0.5260479479405614,0.4739520520594387,-0.30000000000000004,-261724.21425215137,-2618256.28581752,-2618256.0918570003,-0.1939605199999991,113,0,7.408003603414903e-08,63,4,,,,,7.615673864695267,25.786614303111712,0.4725710792453141,0.5274289207546858,-0.6499999999999999,50,3,,,,,6.820593911573337,848.0753263828658,0.527310086020723,0.47268991397927695,-0.30000000000000004,-168440.7715718523,-4493059.599235431,-4493059.072145001,-0.5270904299999998,327,0,1.1731213850127716e-07,166,8,1,1.0,1.0,0.0,7.469893135824237,21.39270785960839,0.48672557920705845,0.5132744207929416,-0.65,161,8,3,0.3906892345609062,1.0,0.0,6.749151376376623,982.8571959284192,0.5325540931102675,0.4674459068897326,-0.3000000000000001,-168440.7715718523,-4493059.599235431,-4493059.072145001,-0.5270904299999998,327,0,1.1731213850127716e-07,166,8,1,1.0,1.0,0.0,7.469893135824237,21.39270785960839,0.48672557920705845,0.5132744207929416,-0.65,161,8,3,0.3906892345609062,1.0,0.0,6.749151376376623,982.8571959284192,0.5325540931102675,0.4674459068897326,-0.3000000000000001
374,GRASS,0.0,0.0,0.0,,0,0,0,0,0,24h,bearish,-597269.5161978486,40,,,,,,,3.2516994970771442,3115.0078750296952,0.985194147230756,0.014805852769243826,1.35,,-130534.12195009745,-19127.421193000027,-19127.421193000027,0.0,3,0,0.0,1,1,,,,,3.3210891090682053,71.59200740974786,0.9805489610804792,0.019451038919520724,1.35,2,1,,,,,3.2427569889558625,2830.386896438583,0.9857201771202432,0.014279822879756598,1.3500000000000003,-583538.7467437905,-333373.14725199994,-333373.14725199994,0.0,10,0,0.0,3,1,,,,,3.306169241975714,64.23024630981378,0.9818835110386135,0.01811648896138659,1.35,7,1,,,,,3.260802360248515,3014.3789505865225,0.9846586846912636,0.015341315308736213,1.35,-597269.5161978486,-483710.97544499993,-483710.97544499993,0.0,40,0,0.0,15,2,,,,,3.2951235580416363,67.96186658742778,0.9826275344034864,0.01737246559651372,1.35,25,2,,,,,3.2516994970771442,3115.0078750296952,0.985194147230756,0.014805852769243826,1.35,-178551.2942640255,-394902.18952099996,-394902.18952099996,0.0,113,0,0.0,61,4,,,,,3.262705356731085,69.17815265790678,0.9845424345244608,0.015457565475539285,1.3500000000000003,52,4,,,,,3.2408490527133,3137.325702426867,0.9858324086639236,0.01416759133607647,1.35,-316198.56868273095,-437321.12017599994,-437321.12017599994,0.0,327,0,0.0,154,8,,,,,3.2037039609663385,67.65830795090866,0.9880145090108039,0.011985490989196122,1.3520734137812416,173,8,,,,,3.189964078092231,3116.3906957326467,0.9888256424651627,0.011174357534837144,1.35,-316198.56868273095,-437321.12017599994,-437321.12017599994,0.0,327,0,0.0,154,8,,,,,3.2037039609663385,67.65830795090866,0.9880145090108039,0.011985490989196122,1.3520734137812416,173,8,,,,,3.189964078092231,3116.3906957326467,0.9888256424651627,0.011174357534837144,1.35
374,BIO,0.0,0.0,0.0,,0,0,0,0,0,15d,bullish,582790.4856368343,327,,,,,,,4.840829101974766,20.286072681298624,0.8917159351779549,0.10828406482204506,0.3904823946739587,,-2578.54765299756,-1585.292676,-1585.292676,0.0,3,0,0.0,0,0,,,,,,,,,,3,1,,,,,4.711487803679846,8421.116010736241,0.8993242468423619,0.10067575315763805,1.35,17564.204430283637,18258.270757999995,18258.270757999995,0.0,10,0,0.0,4,1,,,,,8.95707961940631,0.0,0.6495835517996289,0.35041644820037116,-0.17900154516243721,6,1,,,,,4.721028302101922,8571.61838636891,0.898763041052828,0.10123695894717187,1.35,33285.31186502187,58194.386651999994,58194.386651999994,0.0,40,0,0.0,22,2,,,,,8.953860563554422,0.0,0.6497729080262106,0.3502270919737895,-0.3044126237021386,18,2,,,,,4.5484690154818495,8254.577513511938,0.9089135873245971,0.09108641267540292,1.35,46633.65816104859,148760.26770199998,148760.26770199998,0.0,113,0,0.0,51,4,,,,,8.809038535990547,0.0,0.6582918508240856,0.3417081491759145,-0.23888560899631298,62,4,,,,,4.296287022416217,6614.844709610975,0.9237478222108108,0.07625217778918922,1.35,582790.4856368343,-26308.606704000016,-26308.606704000016,0.0,327,0,0.0,161,8,,,,,4.840829101974766,20.286072681298624,0.8917159351779549,0.10828406482204506,0.3904823946739587,166,8,,,,,3.793677917606343,4384.830784232518,0.9533130636702152,0.0466869363297849,1.2602803338241646,582790.4856368343,-26308.606704000016,-26308.606704000016,0.0,327,0,0.0,161,8,,,,,4.840829101974766,20.286072681298624,0.8917159351779549,0.10828406482204506,0.3904823946739587,166,8,,,,,3.793677917606343,4384.830784232518,0.9533130636702152,0.0466869363297849,1.2602803338241646
374,VIRTUAL,0.0,0.0,0.0,,0,0,0,0,0,15d,bullish,567128.783242334,327,,,,,,,5.175385280320928,64.25039112774351,0.9882024326170848,0.011797567382915172,0.3553711859673794,,-4561.394254937841,-2381.784471,-2381.784471,0.0,3,0,0.0,2,1,,,,,5.265362637190358,79.93303870621315,0.9823091575206427,0.01769084247935722,0.35,1,1,,,,,4.845268781646437,4656.795680386374,0.9939974376721136,0.006002562327886486,1.35,357944.6525070339,-66804.80216400002,-66804.80216400002,0.0,10,0,0.0,7,1,,,,,5.3201829729707555,84.13365531182855,0.9783824182252414,0.021617581774758688,0.35,3,1,,,,,4.871468177207798,4627.19304923197,0.9933137247080226,0.006686275291977353,1.35,291060.9172725229,80522.95304400005,80522.95304400005,0.0,40,0,0.0,26,2,,,,,5.248166698864679,84.54298087867232,0.9832501683883343,0.016749831611665662,0.3822718682493002,14,2,,,,,4.863657199668035,4615.267682582193,0.9947209409094081,0.00527905909059177,1.3499999999999999,488017.69177321927,132141.212357,132141.212357,0.0,113,0,0.0,77,4,,,,,5.160655725715199,82.63457815115885,0.9891565651218236,0.010843434878176449,0.442843751146033,36,4,,,,,4.855336965602204,4698.239489036881,0.9948942866280949,0.00510571337190512,1.35,567128.783242334,-4774.23374299999,-4774.23374299999,0.0,327,0,0.0,190,8,,,,,5.175385280320928,64.25039112774351,0.9882024326170848,0.011797567382915172,0.3553711859673794,137,8,,,,,4.838037281861102,5061.471432421232,0.9940642514492729,0.005935748550726809,1.35,567128.783242334,-4774.23374299999,-4774.23374299999,0.0,327,0,0.0,190,8,,,,,5.175385280320928,64.25039112774351,0.9882024326170848,0.011797567382915172,0.3553711859673794,137,8,,,,,4.838037281861102,5061.471432421232,0.9940642514492729,0.005935748550726809,1.35
374,MON,0.0,0.0,0.0,,0,0,0,0,0,15d,bearish,-562735.0593961291,327,,,,,,,4.711355337028495,1460.6472989629717,0.9968576478182136,0.003142352181786427,1.3500000000000003,,42173.75853652914,88914.8998399998,88914.8998399998,0.0,3,0,0.0,1,1,,,,,4.900356294230803,28.065633990029376,1.0,0.0,1.0,2,1,,,,,4.669097307867651,1232.9430410503276,0.996109338406026,0.0038906615939740177,1.3500000000000003,-93406.78472628779,14405.448869999756,14405.448869999756,0.0,10,0,0.0,5,1,,,,,4.861396001243657,26.594498811571373,0.9999953638414321,4.636158568048748e-06,0.9992253588423315,5,1,,,,,4.671674173917153,1258.296273576756,0.9960858586419943,0.0039141413580056975,1.3500000000000003,62448.76193973878,192604.31938899978,192604.31938899978,0.0,40,0,0.0,21,2,,,,,4.848720401702418,22.87789954329027,0.9999719960443538,2.8003955646302437e-05,0.8537867348210235,19,2,,,,,4.674538398490815,1322.3742126303155,0.9968255246426652,0.0031744753573348695,1.35,94399.98505747486,117076.83221199979,117076.83221199979,0.0,113,0,0.0,61,4,,,,,4.944622681391491,20.05532669912498,0.9318406680238597,0.06815933197614034,0.5134915329284813,52,4,,,,,4.67757960041198,1383.7625072605915,0.9972395681884831,0.0027604318115168813,1.35,-562735.0593961291,-524425.5767190002,-524425.5767190002,0.0,327,0,0.0,176,8,,,,,5.414865106338773,16.316133285926526,0.7997115232073386,0.20028847679266143,-0.04844512765777179,151,8,,,,,4.711355337028495,1460.6472989629717,0.9968576478182136,0.003142352181786427,1.3500000000000003,-562735.0593961291,-524425.5767190002,-524425.5767190002,0.0,327,0,0.0,176,8,,,,,5.414865106338773,16.316133285926526,0.7997115232073386,0.20028847679266143,-0.04844512765777179,151,8,,,,,4.711355337028495,1460.6472989629717,0.9968576478182136,0.003142352181786427,1.3500000000000003
374,BCH,0.0,0.0,0.0,,0,0,0,0,0,15d,bearish,-557001.7386288805,327,,,,,,,9.735699216347983,2994.373738772407,0.06493633106734661,0.9350636689326535,-0.8999999999999999,,-23519.723961023945,-36215.189399999996,-36215.189399999996,0.0,3,0,0.0,0,0,,,,,,,,,,3,1,,,,,9.797979102490629,2947.8458864663116,0.06812379573769893,0.9318762042623009,-0.8999999999999999,-157588.76854120893,-318741.23134499986,-318741.23134499986,0.0,10,0,0.0,3,1,,,,,9.89887127426227,0.0,0.08702709104726045,0.9129729089527396,-1.3873152491283256,7,1,1,1.0,1.0,0.0,9.749837655759684,3007.442348908565,0.0686669553131375,0.9313330446868627,-0.9,-185217.55824780604,-267879.6878549999,-267879.6878549999,0.0,40,0,0.0,13,2,,,,,10.144622841906456,0.0,0.04115159581343008,0.9588484041865698,-1.6352236515002867,27,2,1,1.0,1.0,0.0,9.698866860824836,2689.494504899049,0.08205173733162358,0.9179482626683765,-0.9,-245875.84276572085,-280746.0381399999,-280746.0381399999,0.0,113,0,0.0,50,4,,,,,10.22771490435672,0.0,0.022955358936774924,0.9770446410632251,-1.7144258680830875,63,4,1,1.0,1.0,0.0,9.681106315873095,2468.046238099146,0.08377466676370289,0.9162253332362972,-0.9000000000000001,-557001.7386288805,-1033021.034255,-1033021.034255,0.0,327,0,0.0,138,8,,,,,9.962564634053544,0.0,0.047678173942260794,0.9523218260577392,-1.526753833036455,189,8,2,0.5348853107570005,1.0,0.0,9.735699216347983,2994.373738772407,0.06493633106734661,0.9350636689326535,-0.8999999999999999,-557001.7386288805,-1033021.034255,-1033021.034255,0.0,327,0,0.0,138,8,,,,,9.962564634053544,0.0,0.047678173942260794,0.9523218260577392,-1.526753833036455,189,8,2,0.5348853107570005,1.0,0.0,9.735699216347983,2994.373738772407,0.06493633106734661,0.9350636689326535,-0.8999999999999999
374,DOGE,0.0,0.0,0.0,,0,0,0,0,0,15d,bullish,510668.27391237067,327,,,,,,,9.28999203621011,18.13469880445363,0.1049117302729303,0.8950882697270696,-1.5860768802409295,,-40029.19981214368,-78024.888532,-78024.888532,0.0,3,0,0.0,1,1,,,,,9.803715772842011,6.072648362016959,0.058357261753941174,0.9416427382460587,-2.2,2,1,,,,,9.983710736962363,1557.4776793277622,0.008629106627447886,0.9913708933725519,-0.8999999999999999,10737.45018899516,-396503.2586930002,-396503.2586930002,0.0,10,0,0.0,5,1,,,,,9.579946754460828,3.7719085952068236,0.05884172569115486,0.9411582743088452,-2.2,5,1,,,,,9.996749144818269,1651.7811940845643,0.0061102448988151785,0.9938897551011846,-1.132059140839978,-217910.25128102317,-70885.98176700016,-70885.98176700016,0.0,40,0,0.0,20,2,1,1.0,1.0,0.0,9.639714672643688,8.76869191394149,0.06781497527395154,0.9321850247260485,-1.9026600729773715,20,2,,,,,9.935694695828923,1642.753993026843,0.018993404848238762,0.981006595151761,-1.019220940058926,217217.8855556514,59589.98691099998,59589.98691099998,0.0,113,0,0.0,63,4,1,1.0,1.0,0.0,9.4694606229169,18.75307873154121,0.11103140739983454,0.8889685926001655,-1.3970154493857205,50,4,,,,,9.895348274646315,1668.9594346129772,0.023481073052103788,0.9765189269478962,-1.0653576490497578,510668.27391237067,-2651816.748652001,-2651816.748652001,0.0,327,0,0.0,172,8,1,1.0,1.0,0.0,9.28999203621011,18.13469880445363,0.1049117302729303,0.8950882697270696,-1.5860768802409295,155,8,1,1.0,1.0,0.0,9.683101918280306,1883.3838753859775,0.06277830353214521,0.9372216964678548,-0.9480101100556956,510668.27391237067,-2651816.748652001,-2651816.748652001,0.0,327,0,0.0,172,8,1,1.0,1.0,0.0,9.28999203621011,18.13469880445363,0.1049117302729303,0.8950882697270696,-1.5860768802409295,155,8,1,1.0,1.0,0.0,9.683101918280306,1883.3838753859775,0.06277830353214521,0.9372216964678548,-0.9480101100556956
374,WLD,0.0,0.0,0.0,,0,0,0,0,0,24h,bullish,499176.8288267426,40,,,,,,,9.335911095672756,27.569157861045326,0.11886150781851434,0.8811384921814855,-1.2079911757481887,,25407.50753348196,11776.535963999844,11776.535963999844,0.0,3,0,0.0,1,1,,,,,9.374761334563265,17.644054480948675,0.11162105247625811,0.8883789475237419,-1.25,2,1,,,,,9.8083069010291,1182.7097438993842,0.01771190331741725,0.9822880966825827,-0.9000000000000001,122837.70993832791,-61025.180588000105,-61025.180588000105,0.0,10,0,0.0,5,1,,,,,9.377726783182368,21.007045562037522,0.11541475254638704,0.8845852474536129,-1.25,5,1,,,,,9.806635719858077,1227.5639541586472,0.01776299446695051,0.9822370055330495,-0.9000000000000001,499176.8288267426,216391.60388299977,216391.60388299977,0.0,40,0,0.0,21,2,,,,,9.335911095672756,27.569157861045326,0.11886150781851434,0.8811384921814855,-1.2079911757481887,19,2,,,,,9.812187342966402,1261.66250858619,0.018606891035386257,0.9813931089646137,-0.8999999999999999,351036.26292997814,-723254.215083001,-723254.215083001,0.0,113,0,0.0,63,4,,,,,8.99300902864321,35.36218825791298,0.19190582045295765,0.8080941795470423,-1.0980525844030833,50,4,,,,,9.83005878587092,1256.176603984123,0.017925705555704677,0.9820742944442953,-0.9,-400332.9671920521,-3614849.079860001,-3614849.079860001,0.0,327,0,0.0,161,8,,,,,9.289723179662483,16.47962776386416,0.14904686974260545,0.8509531302573945,-1.697826059856047,166,8,1,1.0,1.0,0.0,9.859978255044327,1292.0056604040951,0.020068279803470254,0.9799317201965296,-0.8999999999999999,-400332.9671920521,-3614849.079860001,-3614849.079860001,0.0,327,0,0.0,161,8,,,,,9.289723179662483,16.47962776386416,0.14904686974260545,0.8509531302573945,-1.697826059856047,166,8,1,1.0,1.0,0.0,9.859978255044327,1292.0056604040951,0.020068279803470254,0.9799317201965296,-0.8999999999999999
374,PNUT,0.0,0.0,0.0,,0,0,0,0,0,72h,bearish,-476456.3556445786,113,,,,,,,4.53009853778293,17331.45679100524,0.9091068994028848,0.09089310059711518,1.1921899879529958,,-2944.8488647828754,-2261.3455679999975,-2261.3455679999975,0.0,3,0,0.0,0,0,,,,,,,,,,3,1,,,,,3.8401826283871254,11126.562424923804,0.9499865229061434,0.05001347709385668,1.35,-8508.826377030702,-7425.709023999996,-7425.709023999996,0.0,10,0,0.0,5,1,,,,,3.0,0.0,1.0,0.0,1.3875893157583283,5,1,,,,,3.6642217453611776,11461.58717904136,0.9603400342213725,0.039659965778627584,1.3499999999999999,-33700.31888277645,-12197.989328000003,-12197.989328000003,0.0,40,0,0.0,16,2,,,,,3.0000000000000004,0.0,1.0,0.0,1.175254219206008,24,2,,,,,3.7592146816729413,11261.670496850138,0.9547731061859118,0.04522689381408831,1.3499999999999999,-476456.3556445786,-371313.794217,-371313.794217,0.0,113,0,0.0,31,4,,,,,3.9736197960422173,0.0,0.9427282472916343,0.057271752708365715,1.0494598628056033,82,4,,,,,4.53009853778293,17331.45679100524,0.9091068994028848,0.09089310059711518,1.1921899879529958,-471563.72946608294,-372291.553813,-372291.553813,0.0,327,0,0.0,143,8,,,,,5.596737378605593,0.0,0.8472507424349651,0.15274925756503488,0.4939186003851952,184,8,,,,,5.017740967799437,21083.37601401642,0.8803823143599614,0.11961768564003848,1.0573164242532396,-471563.72946608294,-372291.553813,-372291.553813,0.0,327,0,0.0,143,8,,,,,5.596737378605593,0.0,0.8472507424349651,0.15274925756503488,0.4939186003851952,184,8,,,,,5.017740967799437,21083.37601401642,0.8803823143599614,0.11961768564003848,1.0573164242532396
374,BLUR,0.0,0.0,0.0,,0,0,0,0,0,24h,bullish,440573.5793617026,40,,,,,,,4.147522973457573,0.0,0.932498648620143,0.06750135137985713,0.5534213900239149,,246565.78154123368,90350.74638299999,90350.74638299999,0.0,3,0,0.0,3,1,,,,,3.001861319353056,0.0,0.999890510626291,0.00010948937370907437,1.0,0,0,,,,,,,,,,439418.1064446704,306074.585716,306074.585716,0.0,10,0,0.0,8,1,,,,,4.127039235256841,0.0,0.9337035743966566,0.06629642560334345,0.552331212048175,2,1,,,,,3.712775569302436,11224.160266012987,0.9580720253351508,0.04192797466484917,1.35,440573.5793617026,308572.463125,308572.463125,0.0,40,0,0.0,21,2,,,,,4.147522973457573,0.0,0.932498648620143,0.06750135137985713,0.5534213900239149,19,2,,,,,3.7111483430832424,11466.170530145138,0.9581677445245153,0.04183225547548482,1.35,414807.26809580915,306227.21522199997,306227.21522199997,0.0,113,0,0.0,66,4,,,,,4.252339428295175,0.0,0.9263329748061664,0.07366702519383375,0.5230162931366044,47,4,,,,,3.342649738424359,12785.445529075738,0.9798441330338612,0.02015586696613878,1.3568010321494826,391905.4431561143,294081.241524,294081.241524,0.0,327,0,0.0,158,8,,,,,4.313249704487334,0.0,0.922750017383098,0.07724998261690197,0.5595428148432624,169,8,,,,,3.2370013038120087,13899.377009537988,0.9860587468345878,0.013941253165412271,1.4118502395629162,391905.4431561143,294081.241524,294081.241524,0.0,327,0,0.0,158,8,,,,,4.313249704487334,0.0,0.922750017383098,0.07724998261690197,0.5595428148432624,169,8,,,,,3.2370013038120087,13899.377009537988,0.9860587468345878,0.013941253165412271,1.4118502395629162
374,ADA,0.0,0.0,0.0,,0,0,0,0,0,72h,bullish,403091.2580422886,113,,,,,,,9.91423542387963,82.46160471400165,0.01886377377741124,0.9811362262225888,-0.9,,-36556.82842859762,-79220.24363,-79220.24363,0.0,3,0,0.0,1,1,,,,,9.927308307627376,86.65225084450952,0.019266829494355944,0.9807331705056438,-0.9,2,1,,,,,9.695139233446096,2608.154515314349,0.05213643977999465,0.9478635602200052,-0.9,111644.4396547159,273314.057415,273314.057415,0.0,10,0,0.0,5,1,,,,,9.933544692959506,87.30610416571112,0.019187621567728373,0.9808123784322715,-0.8999999999999999,5,1,,,,,9.685195847100223,2598.961179168973,0.05429847100223243,0.9457015289977677,-0.9,200428.89906281373,512132.53614499996,512132.53614499996,0.0,40,0,0.0,23,2,,,,,9.930865759314349,85.80106281046172,0.019131955734115542,0.9808680442658845,-0.9,17,2,,,,,9.703520529075522,2576.689138956144,0.05051782898841414,0.949482171011586,-0.9,403091.2580422886,339531.8370549999,339531.8370549999,0.0,113,0,0.0,66,4,,,,,9.91423542387963,82.46160471400165,0.01886377377741124,0.9811362262225888,-0.9,47,4,,,,,9.70507733627942,2559.167446562442,0.04713924022341071,0.9528607597765892,-0.9,-390517.06145569886,-1446602.73199,-1446602.73199,0.0,327,0,0.0,169,8,,,,,9.89070274287576,57.02692033703986,0.023663732868478976,0.976336267131521,-1.0130613997805857,158,8,,,,,9.707188813810784,2404.9284857644952,0.049471905682553496,0.9505280943174466,-0.9,-390517.06145569886,-1446602.73199,-1446602.73199,0.0,327,0,0.0,169,8,,,,,9.89070274287576,57.02692033703986,0.023663732868478976,0.976336267131521,-1.0130613997805857,158,8,,,,,9.707188813810784,2404.9284857644952,0.049471905682553496,0.9505280943174466,-0.9
374,FET,0.0,0.0,0.0,,0,0,0,0,0,72h,bullish,381838.09162440075,113,,,,,,,5.007182683187964,0.0,0.9995185619095491,0.00048143809045096106,0.8221424437763412,,3561.8724660046046,13418.861970000004,13418.861970000004,0.0,3,0,0.0,2,1,,,,,5.0,0.0,1.0,0.0,0.37204574684154473,1,1,,,,,5.003749897197308,2000.5712733025084,0.9959338435965658,0.004066156403434287,0.35,-61731.14431632059,-43579.452865,-43579.452865,0.0,10,0,0.0,2,1,,,,,5.0,0.0,1.0,0.0,0.37204574684154473,8,1,,,,,5.036159276738446,2133.971642951439,0.9943373897877748,0.005662610212225286,0.35000000000000003,63986.03901175799,73084.17877500001,73084.17877500001,0.0,40,0,0.0,19,2,,,,,4.999858122574818,0.0,1.0,0.0,0.8429554705198239,21,2,,,,,5.026588385165937,2131.326496786364,0.9947211352819888,0.005278864718011426,0.4497911300111226,381838.09162440075,177124.52658,177124.52658,0.0,113,0,0.0,70,4,,,,,5.007182683187964,0.0,0.9995185619095491,0.00048143809045096106,0.8221424437763412,43,4,,,,,5.025448682022485,2141.086280960059,0.9942264772177569,0.005773522782243011,0.5360897815372021,145529.50068721102,-342589.1118,-342589.1118,0.0,327,0,0.0,180,8,,,,,5.682762053265178,0.16868239010693806,0.9533773214732834,0.04662267852671664,0.3942759372615299,147,8,,,,,5.003383144750091,2596.8000983137126,0.9933778906148949,0.006622109385105283,0.8449448821997734,145529.50068721102,-342589.1118,-342589.1118,0.0,327,0,0.0,180,8,,,,,5.682762053265178,0.16868239010693806,0.9533773214732834,0.04662267852671664,0.3942759372615299,147,8,,,,,5.003383144750091,2596.8000983137126,0.9933778906148949,0.006622109385105283,0.8449448821997734
374,PYTH,0.0,0.0,0.0,,0,0,0,0,0,72h,bearish,-381794.91423681326,113,,,,,,,5.82319702565613,6120.6765652793565,0.6285806242829983,0.37141937571700173,-0.21137914087217563,,26715.037165526395,30368.825694999996,30368.825694999996,0.0,3,0,0.0,2,1,,,,,7.006067838938769,0.0,0.8406363900354191,0.1593636099645809,0.0,1,1,,,,,6.036159849168339,7586.280453020094,0.9309226767221108,0.0690773232778894,0.35,-194236.00157266602,199431.77398000003,199431.77398000003,0.0,10,0,0.0,5,1,,,,,6.693905415755418,0.0,0.8637070655151019,0.1362929344848981,0.0,5,1,,,,,6.08631259544366,7134.042801763934,0.8801625473989929,0.11983745260100716,0.2792598422810518,-321283.0700881425,408462.683983,408462.683983,0.0,40,0,0.0,22,2,,,,,6.455967928070734,0.0,0.8831992123853425,0.11680078761465752,0.0,18,1,,,,,5.9006451571580385,6500.476887097497,0.6674587584215722,0.33254124157842785,-0.13100352266034157,-381794.91423681326,429199.154102,429199.154102,0.0,113,0,0.0,56,4,,,,,6.437618685528647,0.0,0.8866212243764459,0.11337877562355424,0.0,57,4,,,,,5.82319702565613,6120.6765652793565,0.6285806242829983,0.37141937571700173,-0.21137914087217563,-342300.4483160733,28568.66936899994,28568.66936899994,0.0,327,0,0.0,170,8,,,,,7.797982559203504,0.0,0.8101040121867544,0.18989598781324565,-0.031006859843445558,157,8,,,,,5.837987158641913,5594.514308916202,0.7824405571085729,0.21755944289142706,0.05988549349145056,-342300.4483160733,28568.66936899994,28568.66936899994,0.0,327,0,0.0,170,8,,,,,7.797982559203504,0.0,0.8101040121867544,0.18989598781324565,-0.031006859843445558,157,8,,,,,5.837987158641913,5594.514308916202,0.7824405571085729,0.21755944289142706,0.05988549349145056
374,EIGEN,0.0,0.0,0.0,,0,0,0,0,0,15d,bullish,381478.8460973978,327,,,,,,,7.3126700203560295,33.50793865335168,0.8397895121758128,0.16021048782418726,0.0036501625058130566,,-37383.4240544364,-52390.765889999995,-52390.765889999995,0.0,3,0,0.0,1,1,,,,,6.442167970400443,37.39699280817718,0.8959346124765638,0.10406538752343608,0.0,2,1,,,,,5.364631313367978,2917.5180411273054,0.9729835411805997,0.027016458819400162,0.35,-48825.654310137616,-70999.89874600002,-70999.89874600002,0.0,10,0,0.0,6,1,,,,,7.653241388178073,36.20666273333831,0.8144120517208578,0.18558794827914216,0.0,4,1,,,,,5.322239303415188,3029.884908414886,0.9757444855272074,0.024255514472792554,0.35,82559.25809630453,71352.697759,71352.697759,0.0,40,0,0.0,24,2,,,,,7.618326967440335,37.826890235466,0.816671074085568,0.18332892591443195,0.021427102646775647,16,2,,,,,5.28137083372383,3091.2571926255305,0.9782945826026104,0.02170541739738952,0.35,179060.795483976,56132.19799,56132.19799,0.0,113,0,0.0,73,4,,,,,7.443376424237008,37.00860388459322,0.8300139067724067,0.1699860932275933,0.00790902381544493,40,4,,,,,5.289975381628558,3255.362442071367,0.9778810890365199,0.02211891096348008,0.35,381478.8460973978,8836.253157000003,8836.253157000003,0.0,327,0,0.0,193,8,,,,,7.3126700203560295,33.50793865335168,0.8397895121758128,0.16021048782418726,0.0036501625058130566,134,8,,,,,5.287667617511178,3296.4977071309636,0.9787359071490866,0.021264092850913303,0.35,381478.8460973978,8836.253157000003,8836.253157000003,0.0,327,0,0.0,193,8,,,,,7.3126700203560295,33.50793865335168,0.8397895121758128,0.16021048782418726,0.0036501625058130566,134,8,,,,,5.287667617511178,3296.4977071309636,0.9787359071490866,0.021264092850913303,0.35
374,BNB,0.0,0.0,0.0,,0,0,0,0,0,15d,bearish,-381115.4864252127,327,,,,,,,8.81837750814508,1597.7084867715894,0.2284121669897339,0.7715878330102661,-0.9,,333265.3139400055,472064.062505,472064.062505,0.0,3,0,0.0,2,1,,,,,9.726453771829854,0.0,0.04813563257281715,0.951864367427183,-1.2500000000000002,1,1,,,,,8.792947173162343,1476.716264557294,0.23377836547637587,0.7662216345236242,-0.9,113738.52473448969,75142.11241499982,75142.11241499982,0.0,10,0,0.0,5,1,,,,,9.752421821101102,0.0,0.0428430406184277,0.9571569593815725,-1.25,5,1,,,,,8.733205144387624,1606.1953982438647,0.24645154205955722,0.7535484579404428,-0.9,229386.67778863685,-405956.5278550001,-405956.5278550001,0.0,40,0,0.0,21,2,,,,,9.792152191284679,0.0,0.035119590938802285,0.9648804090611977,-1.25,19,2,,,,,8.724205145383165,1641.775589246258,0.24850585022803348,0.7514941497719665,-0.8999999999999999,-140817.98243050804,-1774391.4686699999,-1774391.4686699999,0.0,113,0,0.0,49,4,,,,,9.787888771349522,0.0,0.03600151701665749,0.9639984829833425,-1.25,64,4,,,,,8.768903613800235,1649.8638692053282,0.24027536062152416,0.7597246393784759,-0.9,-381115.4864252127,-1318865.0692949998,-1318865.0692949998,0.0,327,0,0.0,161,8,,,,,9.696219398498922,0.0,0.054354330479908675,0.9456456695200914,-1.25,166,8,,,,,8.81837750814508,1597.7084867715894,0.2284121669897339,0.7715878330102661,-0.9,-381115.4864252127,-1318865.0692949998,-1318865.0692949998,0.0,327,0,0.0,161,8,,,,,9.696219398498922,0.0,0.054354330479908675,0.9456456695200914,-1.25,166,8,,,,,8.81837750814508,1597.7084867715894,0.2284121669897339,0.7715878330102661,-0.9
374,WIF,0.0,0.0,0.0,,0,0,0,0,0,72h,bullish,350755.63392716245,113,,,,,,,6.666101292788837,71.79921879996076,0.8889265804807442,0.11107341951925577,0.34481333124500174,,-76319.10266618496,-39255.75644999999,-39255.75644999999,0.0,3,0,0.0,2,1,,,,,7.79395248370336,0.3631600260849572,0.8137365010864428,0.18626349891355726,0.0020114108216728165,1,1,,,,,5.363924866886735,6320.139533181519,0.971593713266817,0.02840628673318307,0.35,-81861.35371474421,-46435.32830499999,-46435.32830499999,0.0,10,0,0.0,5,1,,,,,7.01996092559727,36.78546254224356,0.8653359382935153,0.1346640617064847,0.245871317503345,5,1,,,,,5.3718804970842005,6368.236611374823,0.9711272242938621,0.028872775706137936,0.35,-108258.84969428202,-43292.1011,-43292.1011,0.0,40,0,0.0,19,2,,,,,6.638558184819635,57.15782995839984,0.8907627876786911,0.10923721232130892,0.3271351904921188,21,2,,,,,5.383711519086855,6579.77588637822,0.9704502237071967,0.02954977629280335,0.35,350755.63392716245,60970.64648499998,60970.64648499998,0.0,113,0,0.0,71,4,,,,,6.666101292788837,71.79921879996076,0.8889265804807442,0.11107341951925577,0.34481333124500174,42,4,,,,,5.3914426651196,6544.360087122874,0.9701108175351554,0.029889182464844552,0.35,65108.821612887186,-216622.44764000003,-216622.44764000003,0.0,327,0,0.0,186,8,,,,,6.349540789839136,65.07415642652143,0.8998726530443478,0.1001273469556523,0.31698711004016017,141,8,,,,,5.38875589265465,6074.844342357438,0.9704858447179683,0.029514155282031777,0.35,65108.821612887186,-216622.44764000003,-216622.44764000003,0.0,327,0,0.0,186,8,,,,,6.349540789839136,65.07415642652143,0.8998726530443478,0.1001273469556523,0.31698711004016017,141,8,,,,,5.38875589265465,6074.844342357438,0.9704858447179683,0.029514155282031777,0.35
374,LINK,0.0,0.0,0.0,,0,0,0,0,0,72h,bullish,324886.62573511805,113,,,,,,,10.06909693344751,25.301857095173453,0.011183611497847185,0.9888163885021528,-1.6826457588347528,,6643.250767256614,38333.25123,38333.25123,0.0,3,0,0.0,2,1,,,,,10.077972404597926,15.608570848094596,0.0031390445805002886,0.9968609554194997,-1.8000000000000003,1,1,,,,,9.91363624306374,1111.375524357719,0.012604279574222521,0.9873957204257775,-0.9,-76188.50760875967,-7310.738175000061,-7310.738175000061,0.0,10,0,0.0,5,1,,,,,10.014458779206157,17.68416053740408,0.017174064979190124,0.9828259350208098,-1.5263495005067933,5,1,,,,,9.914358545264227,1202.9031860607822,0.012608560904051828,0.9873914390959482,-0.8999999999999999,-53812.52743821994,174857.92020000005,174857.92020000005,0.0,40,0,0.0,19,2,,,,,10.01073649941867,19.90988766818161,0.0191501199652047,0.9808498800347953,-1.4571726424544822,21,2,,,,,9.916732345245757,1186.9583251433673,0.012274228332889615,0.9877257716671105,-0.9000000000000001,324886.62573511805,388459.6519950002,388459.6519950002,0.0,113,0,0.0,67,4,,,,,10.06909693344751,25.301857095173453,0.011183611497847185,0.9888163885021528,-1.6826457588347528,46,4,,,,,9.911265266813444,1184.2804740483973,0.013789418824833055,0.986210581175167,-0.8999999999999999,266385.23289536935,24928.809749999415,24928.809749999415,0.0,327,0,0.0,176,8,1,1.0,1.0,0.0,10.066687571170485,46.90349118758147,0.032177183078225,0.9678228169217751,-1.5011972531034643,151,8,1,1.0,1.0,0.0,9.863756137466623,1254.0341194352648,0.023937641281740297,0.9760623587182596,-0.9,266385.23289536935,24928.809749999415,24928.809749999415,0.0,327,0,0.0,176,8,1,1.0,1.0,0.0,10.066687571170485,46.90349118758147,0.032177183078225,0.9678228169217751,-1.5011972531034643,151,8,1,1.0,1.0,0.0,9.863756137466623,1254.0341194352648,0.023937641281740297,0.9760623587182596,-0.9
374,ENS,0.0,0.0,0.0,,0,0,0,0,0,15d,bearish,-324338.9124838646,327,,,,,,,6.265167210594659,6431.636953171608,0.915522036430522,0.08447796356947807,0.35,,-5272.468326302407,-4513.955243000015,-4513.955243000015,0.0,3,0,0.0,0,0,,,,,,,,,,3,1,,,,,6.388719192795027,4802.345270613399,0.9074187204803317,0.09258127951966848,0.35,-4401.652814159414,-11351.974089000003,-11351.974089000003,0.0,10,0,0.0,5,1,,,,,19.65311407837239,0.0,0.023125728108507326,0.9768742718914929,-1.8000000000000003,5,1,,,,,6.316252528109878,5225.9568772441435,0.9122498314593417,0.08775016854065852,0.3499999999999999,-14854.364846103608,3117.436601999991,3117.436601999991,0.0,40,0,0.0,22,2,,,,,18.577646686317575,0.0,0.09482355424549498,0.9051764457545051,-1.8,18,2,,,,,6.281897116969847,4927.921919593474,0.9145401922020101,0.08545980779798988,0.35,-176916.99087808322,-134728.77562300002,-134728.77562300002,0.0,113,0,0.0,50,4,,,,,18.78929509364465,0.0,0.08071366042369002,0.9192863395763101,-1.8000000000000003,63,4,,,,,6.264366129103117,5537.510252851,0.9157089247264589,0.08429107527354111,0.35000000000000003,-324338.9124838646,-279162.928055,-279162.928055,0.0,327,0,0.0,145,8,,,,,16.801736103136168,0.0,0.2132175931242555,0.7867824068757445,-1.8,182,8,,,,,6.265167210594659,6431.636953171608,0.915522036430522,0.08447796356947807,0.35,-324338.9124838646,-279162.928055,-279162.928055,0.0,327,0,0.0,145,8,,,,,16.801736103136168,0.0,0.2132175931242555,0.7867824068757445,-1.8,182,8,,,,,6.265167210594659,6431.636953171608,0.915522036430522,0.08447796356947807,0.35
374,BERA,0.0,0.0,0.0,,0,0,0,0,0,72h,bearish,-316783.91223543446,113,,,,,,,5.727422901061613,6630.251186828685,0.9465608400877995,0.053439159912200294,0.3499999999999999,,4519.130065556032,7593.27389099999,7593.27389099999,0.0,3,0,0.0,2,1,,,,,11.341834514607685,0.0,0.5771371193130885,0.4228628806869116,-1.2000000000000002,1,1,,,,,5.695845404074598,5501.6424671891455,0.9460892841822794,0.053910715817720625,0.35,-1269.5583094963022,-5290.1261700000205,-5290.1261700000205,0.0,10,0,0.0,5,1,,,,,11.163148619933965,0.0,0.5888097195915523,0.41119028040844785,-1.2000000000000002,5,1,,,,,5.73074474631823,5669.838574841047,0.9438149540101635,0.056185045989836424,0.35,-162088.9988471117,-116028.00546400002,-116028.00546400002,0.0,40,0,0.0,16,2,,,,,10.949848310732582,0.0,0.6027427574750378,0.3972572425249622,-1.0611303531331535,24,2,,,,,5.711819945239482,5816.814853161485,0.9452806662507377,0.054719333749262224,0.35,-316783.91223543446,-248454.89028999998,-248454.89028999998,0.0,113,0,0.0,48,4,,,,,8.103332183838775,0.0,0.792810399122962,0.20718960087703792,-0.3979389650292303,65,4,,,,,5.727422901061613,6630.251186828685,0.9465608400877995,0.053439159912200294,0.3499999999999999,-273483.6902138389,-178310.18918399996,-178310.18918399996,0.0,327,0,0.0,160,8,,,,,7.3307907901143246,0.0,0.8441827902121356,0.1558172097878644,-0.11693908812889724,167,8,,,,,5.593748947580729,7182.644742339467,0.9518107082830279,0.0481892917169719,0.4018537207898913,-273483.6902138389,-178310.18918399996,-178310.18918399996,0.0,327,0,0.0,160,8,,,,,7.3307907901143246,0.0,0.8441827902121356,0.1558172097878644,-0.11693908812889724,167,8,,,,,5.593748947580729,7182.644742339467,0.9518107082830279,0.0481892917169719,0.4018537207898913
374,KAS,0.0,0.0,0.0,,0,0,0,0,0,72h,bullish,313467.1509046655,113,,,,,,,8.34343889758444,0.0,0.684101231268612,0.31589876873138806,-0.24500805418480875,,14828.700781530077,-8149.454299999999,-8149.454299999999,0.0,3,0,0.0,3,1,,,,,10.59163971817485,0.0,0.5534329577544204,0.4465670422455795,-0.9529508661313121,0,0,,,,,,,,,,65543.9772305241,54513.644894000005,54513.644894000005,0.0,10,0,0.0,10,1,,,,,12.102741406686494,0.0,0.46454462313608874,0.5354553768639114,-1.0751314614573277,0,0,,,,,,,,,,112966.9831598374,89897.12930100001,89897.12930100001,0.0,40,0,0.0,28,2,,,,,10.323582075079507,0.0,0.5692010544070877,0.43079894559291215,-0.7276051670851705,12,2,,,,,3.8112407573730493,3897.40623983365,0.9522799554486443,0.04772004455135582,1.3500000000000003,313467.1509046655,92321.679568,92321.679568,0.0,113,0,0.0,71,4,,,,,8.34343889758444,0.0,0.684101231268612,0.31589876873138806,-0.24500805418480875,42,4,,,,,3.618043604367939,4254.428086147913,0.9636444938607094,0.036355506139290526,1.35,27935.764561792534,-169235.58108399998,-169235.58108399998,0.0,327,0,0.0,167,8,,,,,6.109757349882399,0.0,0.7863877610110909,0.2136122389889091,0.3498404210043686,160,8,,,,,3.7744808393856046,6346.284417775385,0.9544423035655528,0.045557696434447334,1.2293305432815953,27935.764561792534,-169235.58108399998,-169235.58108399998,0.0,327,0,0.0,167,8,,,,,6.109757349882399,0.0,0.7863877610110909,0.2136122389889091,0.3498404210043686,160,8,,,,,3.7744808393856046,6346.284417775385,0.9544423035655528,0.045557696434447334,1.2293305432815953
374,CHIP,0.0,0.0,0.0,,0,0,0,0,0,72h,bullish,308313.7086688913,113,,,,,,,6.705157997453353,0.0,0.7773331143830162,0.2226668856169839,0.02012437162749122,,68137.9035134619,-223465.81452000004,-223465.81452000004,0.0,3,0,0.0,2,1,,,,,6.930828578318966,0.0,0.764521758802872,0.23547824119712785,0.0,1,1,1,1.0,1.0,0.0,3.437468227167267,2922.7506967393524,0.9742665748725137,0.025733425127486276,1.35,-204810.9811734887,-83176.69202600006,-83176.69202600006,0.0,10,0,0.0,5,1,,,,,6.93000158256307,0.0,0.7643603343043149,0.23563966569568484,0.0,5,1,1,1.0,1.0,0.0,3.6351617079809473,3721.4224807765736,0.8748803268692711,0.1251196731307289,1.35,-193811.95067097383,-67404.91964500007,-67404.91964500007,0.0,40,0,0.0,19,2,,,,,6.758776168684666,0.0,0.7745614088029534,0.2254385911970465,0.0,21,2,1,1.0,1.0,0.0,3.6367566098563753,3725.181878482497,0.8782971471498972,0.12170285285010278,1.349725999624557,308313.7086688913,165878.9585069999,165878.9585069999,0.0,113,0,0.0,61,4,,,,,6.705157997453353,0.0,0.7773331143830162,0.2226668856169839,0.02012437162749122,52,4,1,1.0,1.0,0.0,3.658734750139874,3729.2151964611976,0.8758259225181759,0.12417407748182395,1.3012550396590559,-18371.664028092775,-175288.41944800012,-175288.41944800012,0.0,327,0,0.0,185,8,,,,,6.482167848834511,0.8724308230757457,0.7903088467135548,0.2096911532864451,0.11582856139956793,142,8,1,1.0,1.0,0.0,3.726294098327159,3850.3403327438277,0.9206542346196929,0.07934576538030709,1.329102523918564,-18371.664028092775,-175288.41944800012,-175288.41944800012,0.0,327,0,0.0,185,8,,,,,6.482167848834511,0.8724308230757457,0.7903088467135548,0.2096911532864451,0.11582856139956793,142,8,1,1.0,1.0,0.0,3.726294098327159,3850.3403327438277,0.9206542346196929,0.07934576538030709,1.329102523918564
374,ANIME,0.0,0.0,0.0,,0,0,0,0,0,15d,bullish,304912.4705323221,327,,,,,,,9.791454437055739,0.0,0.600502680173192,0.39949731982680814,-0.5896802213651319,,-1577.6711084433816,4007.5254590000004,4007.5254590000004,0.0,3,0,0.0,1,1,,,,,11.674515592191002,0.0,0.489734376929941,0.5102656230700588,-1.2000000000000002,2,1,,,,,9.87762047706437,30388.285024720397,0.595434089584449,0.4045659104155509,-0.4648871243907431,3077.8069535380737,5819.651718000001,5819.651718000001,0.0,10,0,0.0,7,1,,,,,12.958089060323783,0.0,0.4142300552750716,0.5857699447249283,-1.627537313204794,3,1,,,,,9.867833698862487,30397.134724691936,0.5960097824198539,0.403990217580146,-0.4568674456564166,10504.565629635257,17677.578352000004,17677.578352000004,0.0,40,0,0.0,30,2,,,,,13.163977739264297,0.0,0.4021189565138648,0.597881043486135,-1.6453284574643137,10,2,,,,,8.488590410107589,29959.21572165989,0.6771417405819065,0.3228582594180933,0.08456830461746438,-14802.620283840022,9604.886234000003,9604.886234000003,0.0,113,0,0.0,65,4,,,,,12.873469808423113,0.0,0.41920765832805207,0.5807923416719479,-1.5349176395244746,48,4,,,,,7.930437977201628,29962.507916894967,0.7099742366351983,0.2900257633648016,0.30398738976608825,304912.4705323221,217866.628752,217866.628752,0.0,327,0,0.0,170,8,,,,,9.791454437055739,0.0,0.600502680173192,0.39949731982680814,-0.5896802213651319,157,8,,,,,6.600710182693144,30733.8344478409,0.7881935186651092,0.2118064813348908,0.615120512597851,304912.4705323221,217866.628752,217866.628752,0.0,327,0,0.0,170,8,,,,,9.791454437055739,0.0,0.600502680173192,0.39949731982680814,-0.5896802213651319,157,8,,,,,6.600710182693144,30733.8344478409,0.7881935186651092,0.2118064813348908,0.615120512597851
374,ORDI,0.0,0.0,0.0,,0,0,0,0,0,15d,bearish,-280294.7535949611,327,,,,,,,3.708621242162296,21040.501616013837,0.958316397519865,0.04168360248013507,1.3982718476479392,,687.5603518494021,-366.2988029999991,-366.2988029999991,0.0,3,0,0.0,2,1,,,,,9.599027842774369,0.0,0.6118218916015077,0.38817810839849237,-0.65,1,1,,,,,3.7950950499293192,25348.994539822786,0.9532297029453344,0.046770297054665816,1.35,27696.26079145356,28448.975809000003,28448.975809000003,0.0,10,0,0.0,7,1,,,,,9.715396846135913,0.0,0.604976656109652,0.395023343890348,-0.6872561209570321,3,1,,,,,3.2723043995375787,25276.54620559409,0.9839820941448484,0.016017905855151702,1.3500000000000003,61921.11524812463,61912.425866000005,61912.425866000005,0.0,40,0,0.0,20,2,,,,,11.091927062441712,0.0,0.5240042904446052,0.47599570955539483,-0.846740899169945,20,2,,,,,3.689401356596913,29760.904563352182,0.9594469790237111,0.04055302097628901,1.3611347554282645,38450.158191239076,50723.435081,50723.435081,0.0,113,0,0.0,57,3,,,,,9.095047756965489,1.5876226387223022,0.64146777900203,0.35853222099797,-0.4362859475230971,56,4,,,,,4.046539571301245,20487.63043314467,0.9384388487469858,0.06156115125301437,1.2212963641353043,-280294.7535949611,-170241.21813,-170241.21813,0.0,327,0,0.0,151,8,,,,,7.033481217256653,0.6719674711459578,0.7627363989849029,0.23726360101509716,0.12640247034698782,176,8,,,,,3.708621242162296,21040.501616013837,0.958316397519865,0.04168360248013507,1.3982718476479392,-280294.7535949611,-170241.21813,-170241.21813,0.0,327,0,0.0,151,8,,,,,7.033481217256653,0.6719674711459578,0.7627363989849029,0.23726360101509716,0.12640247034698782,176,8,,,,,3.708621242162296,21040.501616013837,0.958316397519865,0.04168360248013507,1.3982718476479392
374,KAITO,0.0,0.0,0.0,,0,0,0,0,0,15d,bearish,-279058.07720139134,327,,,,,,,4.189506580706642,7875.692692927339,0.9828059591576139,0.017194040842386005,1.35,,4194.563915060999,6901.082629999998,6901.082629999998,0.0,3,0,0.0,2,1,,,,,5.211088108544968,13.077941992356246,0.9859271971645027,0.014072802835497307,0.0,1,1,,,,,4.118512478737254,6430.070460523041,0.9783153592728484,0.021684640727151445,1.35,3667.2023207399993,3766.7349299999973,3766.7349299999973,0.0,10,0,0.0,5,1,,,,,5.193412642348013,13.072756373819823,0.987105561539104,0.012894438460895902,0.0,5,1,,,,,4.114103116681768,6450.156178172793,0.9785751465308768,0.021424853469123022,1.35,-173015.71470971074,-132321.14727000002,-132321.14727000002,0.0,40,0,0.0,19,2,,,,,5.125066421464647,13.350626305036114,0.9916619801668223,0.008338019833177661,0.0,21,2,,,,,3.9721504616655445,5839.5619345448895,0.9899707985552668,0.010029201444733075,1.35,-171497.44191889453,-54916.17903000002,-54916.17903000002,0.0,113,0,0.0,64,4,,,,,5.16775968752905,7.141185742451659,0.9888157610306372,0.011184238969362794,0.0,49,4,,,,,3.93635225134885,6109.635539516632,0.9910155875658306,0.008984412434169288,1.3499999999999999,-279058.07720139134,-112627.43050999999,-112627.43050999999,0.0,327,0,0.0,171,8,,,,,5.147104737405245,2.7053738414584996,0.9901927572179776,0.009807242782022453,0.08570086630161562,156,8,,,,,4.189506580706642,7875.692692927339,0.9828059591576139,0.017194040842386005,1.35,-279058.07720139134,-112627.43050999999,-112627.43050999999,0.0,327,0,0.0,171,8,,,,,5.147104737405245,2.7053738414584996,0.9901927572179776,0.009807242782022453,0.08570086630161562,156,8,,,,,4.189506580706642,7875.692692927339,0.9828059591576139,0.017194040842386005,1.35
374,SKY,0.0,0.0,0.0,,0,0,0,0,0,15d,bearish,-269474.73345062864,327,,,,,,,3.580177980117133,3240.9078485395507,0.9658718835225215,0.03412811647747842,1.35,,668.41993535544,1125.201319,1125.201319,0.0,3,0,0.0,2,1,,,,,3.056400288694305,0.0,0.9966823359591583,0.003317664040841501,1.0,1,1,,,,,3.259097423957872,2253.6928637592246,0.9847589750613018,0.015241024938698338,1.35,-10233.989830197399,-6183.105722,-6183.105722,0.0,10,0,0.0,5,1,,,,,3.0486044043343963,0.0,0.9971409173920942,0.0028590826079057064,1.0,5,1,,,,,3.341013981689352,2372.620899137443,0.9799403540182735,0.020059645981726566,1.35,63707.63326209726,55255.358545,55255.358545,0.0,40,0,0.0,25,2,,,,,3.0709466046600857,0.0,0.9958266703141125,0.004173329685887431,1.117993752926685,15,2,,,,,3.29775016361536,2334.6148142609536,0.9824852844932143,0.017514715506785877,1.35,39000.33955032899,35625.948927000005,35625.948927000005,0.0,113,0,0.0,50,4,,,,,3.0508679671568344,0.0,0.9970077666378334,0.0029922333621667167,1.1152251033916933,63,4,,,,,3.302070296538257,2617.0328156659507,0.9822311590271614,0.017768840972838634,1.35,-269474.73345062864,-264736.09258800006,-264736.09258800006,0.0,327,0,0.0,156,8,,,,,3.1577498803211643,0.0,0.9907205952752256,0.009279404724774365,1.0279821161505889,171,8,,,,,3.580177980117133,3240.9078485395507,0.9658718835225215,0.03412811647747842,1.35,-269474.73345062864,-264736.09258800006,-264736.09258800006,0.0,327,0,0.0,156,8,,,,,3.1577498803211643,0.0,0.9907205952752256,0.009279404724774365,1.0279821161505889,171,8,,,,,3.580177980117133,3240.9078485395507,0.9658718835225215,0.03412811647747842,1.35
374,AR,0.0,0.0,0.0,,0,0,0,0,0,15d,bearish,-265382.05788423563,327,,,,,,,5.924425775560625,6399.026198412354,0.9356889791562737,0.06431102084372639,0.35,,9309.39151868998,-6767.647018000031,-6767.647018000031,0.0,3,0,0.0,2,1,,,,,5.328344379837524,0.0,0.9781103746774984,0.021889625322501636,0.0,1,1,,,,,5.531254890503391,5589.226527185269,0.9620489479004247,0.037951052099575076,0.35,15799.237338740972,-10218.279324000041,-10218.279324000041,0.0,10,0,0.0,6,1,,,,,5.339326937752796,0.0,0.9773782041498136,0.022621795850186442,0.0,4,1,,,,,5.434134947507115,6090.406927508868,0.9685187504011209,0.03148124959887907,0.35,33034.986367116566,46286.83739699995,46286.83739699995,0.0,40,0,0.0,21,2,,,,,5.49068622047595,0.0,0.9672875853016032,0.03271241469839673,0.0,19,2,,,,,5.4440793297355805,5817.616331107477,0.9679262661546393,0.032073733845360594,0.3499999999999999,98971.0758593988,57525.930033999975,57525.930033999975,0.0,113,0,0.0,63,4,,,,,5.570102832768884,2.6589419355457227,0.9619931444820743,0.03800685551792564,0.0,50,4,,,,,5.476798488379363,5645.175701470714,0.9655346243477785,0.034465375652221485,0.3499999999999999,-265382.05788423563,-311310.727489,-311310.727489,0.0,327,0,0.0,166,8,,,,,5.768250555055949,5.995008782809773,0.9487832963296036,0.05121670367039655,0.0,161,8,,,,,5.924425775560625,6399.026198412354,0.9356889791562737,0.06431102084372639,0.35,-265382.05788423563,-311310.727489,-311310.727489,0.0,327,0,0.0,166,8,,,,,5.768250555055949,5.995008782809773,0.9487832963296036,0.05121670367039655,0.0,161,8,,,,,5.924425775560625,6399.026198412354,0.9356889791562737,0.06431102084372639,0.35
374,SYRUP,0.0,0.0,0.0,,0,0,0,0,0,15d,bearish,-256518.9507989953,327,,,,,,,3.5304576446919236,3834.412853142212,0.9687966091357693,0.031203390864230816,1.3500000000000003,,-4463.165495196003,514.3009849999971,514.3009849999971,0.0,3,0,0.0,1,1,,,,,2.9999999999999996,0.0,1.0,0.0,1.45,2,1,,,,,3.5905837338039452,3227.303501160637,0.9652597803644737,0.03474021963552617,1.35,-94068.92331729564,-82527.28746500002,-82527.28746500002,0.0,10,0,0.0,2,1,,,,,3.090549575609652,0.0,0.9946735543759028,0.005326445624097183,1.246723821412793,8,1,,,,,3.505997855002611,3335.1106175762843,0.9702354202939639,0.02976457970603597,1.35,-16716.88707243833,-29998.416210000007,-29998.416210000007,0.0,40,0,0.0,25,2,,,,,3.0601961179652633,0.0,0.9964590518843961,0.0035409481156037453,1.272665735812228,15,2,,,,,3.4692834104425647,3433.8854922949154,0.9723950935033785,0.02760490649662144,1.35,125980.9379117469,53290.594189999996,53290.594189999996,0.0,113,0,0.0,63,4,,,,,3.1142914882648407,0.0,0.9932769712785388,0.0067230287214612066,1.1029029247950017,50,4,,,,,3.426769883109185,3489.5378020917083,0.9748958892288714,0.02510411077112851,1.35,-256518.9507989953,-188262.97576499998,-188262.97576499998,0.0,327,0,0.0,140,8,,,,,3.109081008673577,0.0,0.9935834700780246,0.00641652992197514,1.1742389324982874,187,8,,,,,3.5304576446919236,3834.412853142212,0.9687966091357693,0.031203390864230816,1.3500000000000003,-256518.9507989953,-188262.97576499998,-188262.97576499998,0.0,327,0,0.0,140,8,,,,,3.109081008673577,0.0,0.9935834700780246,0.00641652992197514,1.1742389324982874,187,8,,,,,3.5304576446919236,3834.412853142212,0.9687966091357693,0.031203390864230816,1.3500000000000003
374,ALGO,0.0,0.0,0.0,,0,0,0,0,0,15d,bullish,255599.30504451468,327,,,,,,,6.354972257249725,0.0,0.9095710518658141,0.09042894813418598,0.0,,-663.97762458636,526.971178,526.971178,0.0,3,0,0.0,1,1,,,,,6.35440766851154,0.0,0.9096031560036376,0.09039684399636237,0.0,2,1,,,,,6.0490049461802915,5155.162337421218,0.9212358702267692,0.07876412977323081,0.35000000000000003,-452.60445004215967,-5085.374596000001,-5085.374596000001,0.0,10,0,0.0,5,1,,,,,6.322702650082616,0.0,0.9117828020331081,0.08821719796689188,0.0,5,1,,,,,6.066022610449421,5249.398066475153,0.920083059983162,0.07991694001683818,0.35000000000000003,57496.37346271439,123175.178529,123175.178529,0.0,40,0,0.0,25,2,,,,,6.628308558190215,0.0,0.8914077158506505,0.10859228414934956,0.0,15,2,,,,,6.057345565923765,5374.311163205584,0.9206670901775739,0.0793329098224261,0.35,128691.60561695127,129066.05915700001,129066.05915700001,0.0,113,0,0.0,65,4,,,,,6.5011805205842075,0.0,0.8998496957346732,0.1001503042653268,0.0,48,4,,,,,6.05191174377476,6021.185636397,0.9221698900800774,0.0778301099199226,0.35,255599.30504451468,145987.467742,145987.467742,0.0,327,0,0.0,176,8,,,,,6.354972257249725,0.0,0.9095710518658141,0.09042894813418598,0.0,151,8,,,,,6.0057060357186245,6352.832373776993,0.9255383599610162,0.07446164003898381,0.35,255599.30504451468,145987.467742,145987.467742,0.0,327,0,0.0,176,8,,,,,6.354972257249725,0.0,0.9095710518658141,0.09042894813418598,0.0,151,8,,,,,6.0057060357186245,6352.832373776993,0.9255383599610162,0.07446164003898381,0.35
374,IMX,0.0,0.0,0.0,,0,0,0,0,0,24h,bearish,-255176.6293777138,40,,,,,,,5.477780651552,5936.495331702041,0.9681479565632001,0.0318520434368,0.35,,-3155.912270782206,-596.8385130000052,-596.8385130000052,0.0,3,0,0.0,1,1,,,,,5.0,0.0,1.0,0.0,1.0,2,1,,,,,5.265534823202131,5587.491108864637,0.9822976784531913,0.017702321546808716,0.35,-3494.0661072741855,-2266.2814009999856,-2266.2814009999856,0.0,10,0,0.0,6,1,,,,,3.2730217350358872,0.0,0.6546043470071775,0.0,0.6027949990582542,4,1,,,,,5.2502056123013805,5952.042621089087,0.9833196258465747,0.016680374153425423,0.35,-255176.6293777138,-164532.38332300005,-164532.38332300005,0.0,40,0,0.0,21,2,,,,,4.686635853812603,0.0,0.9346817131083647,0.000661364413538949,0.7727568853084332,19,2,,,,,5.477780651552,5936.495331702041,0.9681479565632001,0.0318520434368,0.35,-164616.6097690264,-112996.84877200004,-112996.84877200004,0.0,113,0,0.0,75,4,,,,,14.42445327807607,0.0,0.34031488918628,0.6361439416072335,-0.8632757817275231,38,3,,,,,5.510712429120792,5975.952324488198,0.9659525047252806,0.034047495274719446,0.35000000000000003,-152684.7419769028,-152022.34449400002,-152022.34449400002,0.0,327,0,0.0,195,8,,,,,16.1646907136131,0.0,0.23490106991043114,0.7495092682030472,-1.2130230321101911,132,8,,,,,5.631819362499011,6300.305063873804,0.9578787091667326,0.042121290833267454,0.35000000000000003,-152684.7419769028,-152022.34449400002,-152022.34449400002,0.0,327,0,0.0,195,8,,,,,16.1646907136131,0.0,0.23490106991043114,0.7495092682030472,-1.2130230321101911,132,8,,,,,5.631819362499011,6300.305063873804,0.9578787091667326,0.042121290833267454,0.35000000000000003
374,MORPHO,0.0,0.0,0.0,,0,0,0,0,0,15d,bearish,-253519.483075637,327,,,,,,,5.2339652692913265,4873.689006115259,0.9803151418197872,0.019684858180212858,0.40707205871425084,,-33678.580043384,-159444.28881,-159444.28881,0.0,3,0,0.0,0,0,,,,,,,,,,3,1,,,,,5.036182888453183,4045.4766946557997,0.9931067457869005,0.006893254213099193,0.3499999999999999,-199165.79041241689,-268357.77022999997,-268357.77022999997,0.0,10,0,0.0,3,1,,,,,6.208743320056996,0.0,0.9030687918609502,0.09693120813904996,0.06979273828585245,7,1,,,,,5.355101457880646,4595.106088667857,0.9716077708658357,0.02839222913416426,0.35,-65208.24724724096,-214427.17487,-214427.17487,0.0,40,0,0.0,19,2,,,,,6.264702837302672,0.0,0.8994660654452757,0.10053393455472419,0.013264837690014283,21,2,,,,,5.397352910435635,4752.153779768826,0.9689896602881803,0.031010339711819712,0.35000000000000003,-201066.45606704892,-241177.65563499997,-241177.65563499997,0.0,113,0,0.0,53,4,,,,,6.114498465800273,2.0699690021193424,0.9103743906457817,0.08962560935421826,0.012137646667848863,60,4,,,,,5.470707965650442,5069.15871802616,0.9647489368670054,0.03525106313299456,0.3499999999999999,-253519.483075637,-372813.57452999987,-372813.57452999987,0.0,327,0,0.0,164,8,,,,,5.590545906507478,2.585422614544317,0.939401658333798,0.06059834166620197,0.09860293257207225,163,8,,,,,5.2339652692913265,4873.689006115259,0.9803151418197872,0.019684858180212858,0.40707205871425084,-253519.483075637,-372813.57452999987,-372813.57452999987,0.0,327,0,0.0,164,8,,,,,5.590545906507478,2.585422614544317,0.939401658333798,0.06059834166620197,0.09860293257207225,163,8,,,,,5.2339652692913265,4873.689006115259,0.9803151418197872,0.019684858180212858,0.40707205871425084
374,TIA,0.0,0.0,0.0,,0,0,0,0,0,72h,bearish,-252906.540784085,113,,,,,,,6.067108422556212,15347.490340496142,0.9277206501428061,0.07227934985719389,0.35,,-46364.39013353221,-47836.42236999999,-47836.42236999999,0.0,3,0,0.0,1,1,,,,,12.10467511103604,0.0,0.5263549925975974,0.4736450074024026,-1.2000000000000002,2,1,,,,,6.294993217336756,15663.754346624837,0.912600521567887,0.08739947843211304,0.3499999999999999,-30646.6713501866,-36032.97429999999,-36032.97429999999,0.0,10,0,0.0,6,1,,,,,11.751346787270567,0.0,0.5499102141819622,0.4500897858180379,-1.2000000000000002,4,1,,,,,6.281041191292767,15637.753133247345,0.9135281330608549,0.08647186693914508,0.35,-20338.818589681203,-29630.974476999996,-29630.974476999996,0.0,40,0,0.0,22,2,,,,,11.918383830601826,0.0,0.5387744112932118,0.4612255887067883,-1.2000000000000002,18,2,,,,,6.114787130484704,15696.225387133269,0.9246074863688625,0.07539251363113757,0.3499999999999999,-252906.540784085,-105980.03903499998,-105980.03903499998,0.0,113,0,0.0,44,4,,,,,10.80403866207089,0.0,0.6130640891952739,0.38693591080472617,-0.8865305240522589,69,4,,,,,6.067108422556212,15347.490340496142,0.9277206501428061,0.07227934985719389,0.35,-191028.2015402616,-100773.07914700001,-100773.07914700001,0.0,327,0,0.0,157,8,,,,,10.13860318164628,0.0,0.6574264545569148,0.34257354544308527,-0.4747118006591898,170,8,,,,,6.03783136635028,15580.815954617823,0.9271898531468685,0.07281014685313164,0.35000000000000003,-191028.2015402616,-100773.07914700001,-100773.07914700001,0.0,327,0,0.0,157,8,,,,,10.13860318164628,0.0,0.6574264545569148,0.34257354544308527,-0.4747118006591898,170,8,,,,,6.03783136635028,15580.815954617823,0.9271898531468685,0.07281014685313164,0.35000000000000003
374,ICP,0.0,0.0,0.0,,0,0,0,0,0,72h,bullish,251608.78693914603,113,,,,,,,8.585336991184958,10.16683738393356,0.7059588982847131,0.2940411017152868,-0.6129394666413728,,-17402.390317288002,-13675.891924999989,-13675.891924999989,0.0,3,0,0.0,0,0,,,,,,,,,,3,1,,,,,5.9633535878840815,7819.261940317821,0.9167503580057698,0.08324964199423014,0.3499999999999999,33688.20714124679,18628.692149999995,18628.692149999995,0.0,10,0,0.0,3,1,,,,,7.82433665176334,8.276634508505254,0.7124620268925074,0.2875379731074927,-0.9499999999999998,7,1,,,,,5.961751350903255,8037.465857535239,0.9169634421629151,0.0830365578370848,0.35,154998.400049449,128518.42791,128518.42791,0.0,40,0,0.0,28,2,,,,,8.388958277319489,8.643436455468969,0.6738760373476533,0.3261239626523466,-1.0564321869578528,12,2,,,,,5.947789534818996,8042.215169141614,0.9181972564843129,0.08180274351568706,0.35000000000000003,251608.78693914603,174326.66960000002,174326.66960000002,0.0,113,0,0.0,70,4,,,,,8.585336991184958,10.16683738393356,0.7059588982847131,0.2940411017152868,-0.6129394666413728,43,3,,,,,6.050052107431806,7421.871642492232,0.9137631657624123,0.08623683423758767,0.35,81271.64414610346,17218.41570000002,17218.41570000002,0.0,327,0,0.0,172,8,,,,,8.442927092132736,9.491910371160328,0.6596737224029309,0.3403262775970692,-0.8012435915622997,155,8,,,,,6.003314011593485,8057.19370769661,0.916493621641231,0.08350637835876885,0.35,81271.64414610346,17218.41570000002,17218.41570000002,0.0,327,0,0.0,172,8,,,,,8.442927092132736,9.491910371160328,0.6596737224029309,0.3403262775970692,-0.8012435915622997,155,8,,,,,6.003314011593485,8057.19370769661,0.916493621641231,0.08350637835876885,0.35
374,TRX,0.0,0.0,0.0,,0,0,0,0,0,72h,bearish,-238165.81327936164,113,,,,,,,9.92687419457319,1522.0203560469477,0.01296473168097442,0.9870352683190257,-0.9,,-3205.8527943848994,-58879.38293999998,-58879.38293999998,0.0,3,0,0.0,1,1,,,,,9.990490327599648,9.878318708873458,0.0020923089494426232,0.9979076910505574,-2.2,2,1,,,,,9.811526519949833,1266.1676546773422,0.027107341732553792,0.9728926582674461,-0.9,-55836.90748445952,-122343.90411999998,-122343.90411999998,0.0,10,0,0.0,3,1,,,,,9.990299723473802,10.285755723952738,0.0020912215989782085,0.9979087784010219,-2.1297062372035436,7,1,,,,,9.837691417431424,1463.425197373536,0.025435526065693756,0.9745644739343062,-0.9,-142524.82138782908,-219640.16522999998,-219640.16522999998,0.0,40,0,0.0,15,2,,,,,9.99401597819702,3.1436539868752704,0.0023132685762650425,0.997686731423735,-1.8091336862561083,25,2,,,,,9.902475760632685,1539.8648572557017,0.016332079354982883,0.9836679206450172,-0.9,-238165.81327936164,-858999.39264,-858999.39264,0.0,113,0,0.0,54,4,,,,,9.9650635182127,45.24664562823038,0.008120384845875142,0.9918796151541249,-1.2356898111719083,59,4,,,,,9.92687419457319,1522.0203560469477,0.01296473168097442,0.9870352683190257,-0.9,-43239.74274368791,-455221.69151,-455221.69151,0.0,327,0,0.0,161,8,,,,,9.947298772843547,62.65545612450301,0.016664628218333574,0.9833353717816663,-1.004789646845786,166,8,,,,,9.922345194002968,1454.3015016681234,0.013662705211593074,0.9863372947884069,-0.8999999999999999,-43239.74274368791,-455221.69151,-455221.69151,0.0,327,0,0.0,161,8,,,,,9.947298772843547,62.65545612450301,0.016664628218333574,0.9833353717816663,-1.004789646845786,166,8,,,,,9.922345194002968,1454.3015016681234,0.013662705211593074,0.9863372947884069,-0.8999999999999999
374,W,0.0,0.0,0.0,,0,0,0,0,0,15d,bearish,-224344.40987589984,327,,,,,,,6.165866306088701,8849.393593793511,0.9222746872259755,0.07772531277402445,0.3499999999999999,,-124.13080093921667,-7036.84297400001,-7036.84297400001,0.0,3,0,0.0,2,1,,,,,8.243606442590812,0.0,0.7837595701979874,0.21624042980201263,0.0,1,1,,,,,6.444933865258884,6852.223436236474,0.9036702822120345,0.09632971778796541,0.35,-369.2151976200112,-45326.678245,-45326.678245,0.0,10,0,0.0,5,1,,,,,8.286290179395847,0.0,0.7809139877450862,0.2190860122549137,0.0,5,1,,,,,6.380669711270572,7237.70842113655,0.9079545340944752,0.09204546590552484,0.35000000000000003,-2756.428996253014,-47823.94047200001,-47823.94047200001,0.0,40,0,0.0,21,2,,,,,8.3922165211165,0.0,0.7738522316251181,0.2261477683748819,0.0,19,2,,,,,6.374437411858305,7585.527241968021,0.9083699906349356,0.09163000936506446,0.35,-199490.9437782452,-77817.24607,-77817.24607,0.0,113,0,0.0,52,4,,,,,8.372945913474759,0.0,0.7751369387820707,0.22486306121792923,0.0,61,4,,,,,6.115152992025421,8421.88348950081,0.9256555927389828,0.07434440726101713,0.35,-224344.40987589984,-82716.638852,-82716.638852,0.0,327,0,0.0,141,8,,,,,7.984709666517867,0.0,0.8010193552319753,0.1989806447680246,0.0,186,8,,,,,6.165866306088701,8849.393593793511,0.9222746872259755,0.07772531277402445,0.3499999999999999,-224344.40987589984,-82716.638852,-82716.638852,0.0,327,0,0.0,141,8,,,,,7.984709666517867,0.0,0.8010193552319753,0.1989806447680246,0.0,186,8,,,,,6.165866306088701,8849.393593793511,0.9222746872259755,0.07772531277402445,0.3499999999999999
374,LDO,0.0,0.0,0.0,,0,0,0,0,0,72h,bullish,220504.81720742563,113,,,,,,,5.129025306437664,0.0,0.9913841141199154,0.008615885880084518,0.023545088118115832,,43550.27558683411,69785.98239600002,69785.98239600002,0.0,3,0,0.0,3,1,,,,,5.001525089486818,0.0,0.9998983273675455,0.00010167263245450898,0.2273914344109733,0,0,,,,,,,,,,185047.0616973525,3527.092280999934,3527.092280999934,0.0,10,0,0.0,7,1,,,,,5.134464150087389,0.0,0.9910252250511593,0.00897477494884075,0.049047231263383034,3,1,,,,,5.184484104967924,4488.1410192161475,0.9876817904963819,0.012318209503618109,0.3499999999999999,182246.21699011885,-8153.828958000098,-8153.828958000098,0.0,40,0,0.0,25,2,,,,,5.136660577523509,0.0,0.9908747855852289,0.009125214414771175,0.04075407408495051,15,2,,,,,5.170706266720969,4580.245341378726,0.9886008777053439,0.011399122294656146,0.3499999999999999,220504.81720742563,82686.80636099992,82686.80636099992,0.0,113,0,0.0,65,4,,,,,5.129025306437664,0.0,0.9913841141199154,0.008615885880084518,0.023545088118115832,48,4,,,,,5.143999188307254,4695.802835424792,0.9903587697118215,0.009641230288178667,0.35,218389.26165009706,-40216.57993400007,-40216.57993400007,0.0,327,0,0.0,173,8,,,,,5.143470678702382,0.0,0.9904106007035592,0.009589399296440674,0.01361883943528189,154,8,,,,,5.13004109124934,4847.109366572014,0.9912904833893724,0.008709516610627492,0.3499999999999999,218389.26165009706,-40216.57993400007,-40216.57993400007,0.0,327,0,0.0,173,8,,,,,5.143470678702382,0.0,0.9904106007035592,0.009589399296440674,0.01361883943528189,154,8,,,,,5.13004109124934,4847.109366572014,0.9912904833893724,0.008709516610627492,0.3499999999999999
374,UNI,0.0,0.0,0.0,,0,0,0,0,0,72h,bearish,-209465.62725580527,113,,,,,,,9.38315606108985,3404.4017522960316,0.0797682659389422,0.9202317340610578,-0.8999999999999999,,-67652.31497689032,-106537.966615,-106537.966615,0.0,3,0,0.0,1,1,,,,,10.008783578395681,72.2030428647248,0.0190596193410141,0.9809403806589859,-1.4500000000000002,2,1,,,,,9.30527471012287,3323.3137315963218,0.09602686054056953,0.9039731394594307,-0.8999999999999999,-167322.65800967094,-198677.399075,-198677.399075,0.0,10,0,0.0,2,1,,,,,10.00273243645811,71.48538195529137,0.019818685162049317,0.9801813148379507,-1.3512287516357389,8,1,,,,,9.327019700238488,3352.8554762893873,0.08986707246052535,0.9101329275394747,-0.9,-130191.83594271193,-132309.35723999995,-132309.35723999995,0.0,40,0,0.0,21,2,,,,,9.99576916561399,69.63950727024707,0.020059566143184625,0.9799404338568153,-1.1834162523007148,19,2,,,,,9.347068807804549,3361.7938062731455,0.08442104045674362,0.9155789595432564,-0.8999999999999999,-209465.62725580527,-263609.41252,-263609.41252,0.0,113,0,0.0,55,4,,,,,9.990762904661409,71.07352092234811,0.019852350016552497,0.9801476499834475,-1.0236682246026108,58,4,,,,,9.38315606108985,3404.4017522960316,0.0797682659389422,0.9202317340610578,-0.8999999999999999,-18014.341995670657,374140.02937500004,374140.02937500004,0.0,327,0,0.0,151,8,,,,,9.813625615136713,60.532063792363665,0.04870176113787599,0.9512982388621241,-0.9440229493119824,176,8,,,,,9.321590035619565,3821.0551316742158,0.08507372401263716,0.9149262759873629,-0.9,-18014.341995670657,374140.02937500004,374140.02937500004,0.0,327,0,0.0,151,8,,,,,9.813625615136713,60.532063792363665,0.04870176113787599,0.9512982388621241,-0.9440229493119824,176,8,,,,,9.321590035619565,3821.0551316742158,0.08507372401263716,0.9149262759873629,-0.9
374,AVAX,0.0,0.0,0.0,,0,0,0,0,0,72h,bullish,207943.8467002691,113,,,,,,,9.983965918009105,0.0,0.03835126668984426,0.9616487333101558,-1.7318097949707831,,5341.725901825168,18489.915039999792,18489.915039999792,0.0,3,0,0.0,2,1,,,,,9.858686235791543,0.0,0.06440196948012997,0.93559803051987,-1.25,1,1,,,,,10.01040087843356,3618.419339130312,0.012937604160804987,0.987062395839195,-1.4500000000000002,-139955.22502686654,-61480.67210700018,-61480.67210700018,0.0,10,0,0.0,5,1,,,,,9.735573330999447,0.0,0.08759157298061197,0.9124084270193881,-1.2500000000000002,5,1,,,,,10.01442988073456,3715.940177839979,0.012964983929131377,0.9870350160708687,-1.4500000000000002,22401.79948523381,513998.8835109998,513998.8835109998,0.0,40,0,0.0,19,2,,,,,9.936689000861609,0.0,0.045883306672720156,0.9541166933272799,-1.6462268734838137,21,2,,,,,10.016432716037976,3713.4272071389764,0.012563378248439474,0.9874366217515606,-1.4500000000000002,207943.8467002691,741263.9276709998,741263.9276709998,0.0,113,0,0.0,67,4,,,,,9.983965918009105,0.0,0.03835126668984426,0.9616487333101558,-1.7318097949707831,46,4,,,,,10.012028761684864,3497.6548944115993,0.012640244727784126,0.987359755272216,-1.4330598176984175,176164.23596386364,975150.9261909999,975150.9261909999,0.0,327,0,0.0,174,8,,,,,9.994367634346343,0.003814818446132132,0.04011475051415526,0.9598852494858447,-1.6009003435016853,153,8,,,,,9.854800326599394,2853.676822002638,0.03465179797574047,0.9653482020242595,-1.0420444578218562,176164.23596386364,975150.9261909999,975150.9261909999,0.0,327,0,0.0,174,8,,,,,9.994367634346343,0.003814818446132132,0.04011475051415526,0.9598852494858447,-1.6009003435016853,153,8,,,,,9.854800326599394,2853.676822002638,0.03465179797574047,0.9653482020242595,-1.0420444578218562
374,CAKE,0.0,0.0,0.0,,0,0,0,0,0,15d,bearish,-207344.1926819826,327,,,,,,,4.460069995018778,5805.47549934808,0.914110239671506,0.08588976032849406,1.125326828372461,,-952.2121848431998,311.00713000000013,311.00713000000013,0.0,3,0,0.0,2,1,,,,,2.9999999999999996,0.0,1.0,0.0,1.45,1,1,,,,,3.852840137798974,3824.2786565105193,0.9498307893933651,0.050169210606634804,1.3499999999999999,-4174.557944010001,-4326.157715000001,-4326.157715000001,0.0,10,0,0.0,4,1,,,,,3.0000000000000004,0.0,1.0,0.0,1.1319769930373074,6,1,,,,,3.8663491596403396,4014.0080702592177,0.9490361419352364,0.05096385806476353,1.35,-95888.44496063916,-72823.86871499998,-72823.86871499998,0.0,40,0,0.0,14,2,,,,,3.106739445917332,0.0,0.9937212090636863,0.006278790936313666,1.1977549246073633,26,2,,,,,3.9998178909981372,4210.009558141767,0.9411848506286481,0.05881514937135191,1.35,-136962.67246302558,-108541.96585,-108541.96585,0.0,113,0,0.0,36,4,,,,,3.2077653627934297,0.0,0.9877785080709748,0.012221491929025283,1.1026944890122252,77,4,,,,,4.0096908254020525,4515.45775331801,0.9406039252514106,0.059396074748589406,1.35,-207344.1926819826,-173849.60921499997,-173849.60921499997,0.0,327,0,0.0,151,8,,,,,6.047040909113798,0.0,0.8207622994638941,0.1792377005361058,0.21694160216826658,176,8,,,,,4.460069995018778,5805.47549934808,0.914110239671506,0.08588976032849406,1.125326828372461,-207344.1926819826,-173849.60921499997,-173849.60921499997,0.0,327,0,0.0,151,8,,,,,6.047040909113798,0.0,0.8207622994638941,0.1792377005361058,0.21694160216826658,176,8,,,,,4.460069995018778,5805.47549934808,0.914110239671506,0.08588976032849406,1.125326828372461
374,WLFI,0.0,0.0,0.0,,0,0,0,0,0,15d,bullish,203985.1016461979,327,,,,,,,4.902185687174278,9.645639824046745,0.9459346650236,0.0540653349764,-0.17176756472569993,,-4580.83796863132,-13221.346452,-13221.346452,0.0,3,0,0.0,2,1,,,,,5.012494798017082,8.738437223406729,0.9292637503420075,0.07073624965799247,-0.9499999999999998,1,1,,,,,4.898261550353916,931.7770929971678,0.9954897853656802,0.004510214634319874,1.35,57542.24428837783,42231.83549,42231.83549,0.0,10,0,0.0,5,1,,,,,4.988650363688518,7.843792421901318,0.9303617808548688,0.06963821914513119,-0.5348274243404317,5,1,,,,,4.872727825116897,987.0412784765703,0.996342859863684,0.003657140136316169,1.35,30231.975878334528,65875.770893,65875.770893,0.0,40,0,0.0,17,2,,,,,4.967464759721283,8.96501649943727,0.9458530900088756,0.05414690999112442,-0.27654057858247955,23,2,,,,,4.857258410155483,1012.7317249414049,0.9968266692958254,0.0031733307041746464,1.3500000000000003,58240.89453313349,-29546.475168000034,-29546.475168000034,0.0,113,0,0.0,56,4,,,,,4.9313001069408875,8.280141494618222,0.9385653209601406,0.06143467903985947,-0.3310744118968443,57,4,,,,,4.88175984037899,1093.7566264689087,0.99708286407738,0.0029171359226199886,1.35,203985.1016461979,-96174.01320900003,-96174.01320900003,0.0,327,0,0.0,175,8,,,,,4.902185687174278,9.645639824046745,0.9459346650236,0.0540653349764,-0.17176756472569993,152,8,,,,,4.827712754060633,1204.1600138211538,0.9978736300890824,0.0021263699109176828,1.35,203985.1016461979,-96174.01320900003,-96174.01320900003,0.0,327,0,0.0,175,8,,,,,4.902185687174278,9.645639824046745,0.9459346650236,0.0540653349764,-0.17176756472569993,152,8,,,,,4.827712754060633,1204.1600138211538,0.9978736300890824,0.0021263699109176828,1.35
374,HMSTR,0.0,0.0,0.0,,0,0,0,0,0,24h,bearish,-195272.5519579815,40,,,,,,,3.3398705334551666,2980.188544313974,0.9800076156791079,0.01999238432089216,1.35,,-106911.03489078704,2685.4390919999987,2685.4390919999987,0.0,3,0,0.0,1,1,,,,,3.329116282566112,0.0,0.9806402186725813,0.01935978132741842,1.0,2,1,,,,,3.126882888545099,2071.181625372126,0.9925363006738178,0.007463699326182291,1.35,-96200.46948028442,23883.463437,23883.463437,0.0,10,0,0.0,5,1,,,,,3.3235117252040083,0.0,0.9809698985174111,0.019030101482588765,1.0,5,1,,,,,3.1750671166845064,2278.0066605248785,0.9897019343126761,0.010298065687323919,1.35,-195272.5519579815,-32116.972668000006,-32116.972668000006,0.0,40,0,0.0,15,2,,,,,3.3710948532512757,0.0,0.978170890985219,0.021829109014780936,1.0,25,2,,,,,3.3398705334551666,2980.188544313974,0.9800076156791079,0.01999238432089216,1.35,-177461.47727698967,54686.46491100003,54686.46491100003,0.0,113,0,0.0,59,4,,,,,3.7967721611984073,0.0,0.9531310493412702,0.04686895065872985,0.9649956949897979,54,4,,,,,4.304042055081471,3583.2709210809408,0.9232916438187369,0.07670835618126301,1.096542312891295,-117815.00691634777,83149.27066500005,83149.27066500005,0.0,321,0,0.0,162,8,,,,,4.264297698871576,0.0,0.9256295471252016,0.07437045287479856,0.7519095429793045,159,8,,,,,5.831736206528408,6892.449368891695,0.8334272819689172,0.16657271803108284,0.7827110205956279,-117815.00691634777,83149.27066500005,83149.27066500005,0.0,321,0,0.0,162,8,,,,,4.264297698871576,0.0,0.9256295471252016,0.07437045287479856,0.7519095429793045,159,8,,,,,5.831736206528408,6892.449368891695,0.8334272819689172,0.16657271803108284,0.7827110205956279
374,AXS,0.0,0.0,0.0,,0,0,0,0,0,15d,bearish,-194079.71425060963,327,,,,,,,8.422837848577874,7917.894993239781,0.7715012451550586,0.22849875484494153,0.191657893619624,,-217.1815875282005,-128.08464499999982,-128.08464499999982,0.0,3,0,0.0,1,1,,,,,7.896529656308551,0.0,0.7657409021688559,0.23425909783114415,0.0,2,1,,,,,7.191123545913469,6074.267528306144,0.8538213693091,0.14617863069089987,0.35,6613.6084293055255,5767.444067000004,5767.444067000004,0.0,10,0,0.0,7,1,,,,,7.98257883205436,0.0,0.7602845731961345,0.23971542680386543,0.0,3,1,,,,,7.180476901527959,6183.022579070627,0.854549423063821,0.14545057693617894,0.35,4524.713605548605,7765.481496000002,7765.481496000002,0.0,40,0,0.0,22,2,,,,,7.880072014274789,0.0,0.7667612805377453,0.2332387194622547,0.0,18,2,,,,,7.19921066083197,6333.630068598513,0.853293509448475,0.1467064905515248,0.35,86928.073352629,37530.95821599997,37530.95821599997,0.0,113,0,0.0,62,4,,,,,6.900010705884336,0.0,0.847984652175847,0.15201534782415302,0.0,51,4,,,,,6.728922660579801,5717.329164338341,0.8846466370350066,0.11535336296499345,0.35,-194079.71425060963,-180090.29767499998,-180090.29767499998,0.0,327,0,0.0,148,8,,,,,6.948296275590789,0.0,0.8404755906306403,0.15952440936935972,0.0,179,8,,,,,8.422837848577874,7917.894993239781,0.7715012451550586,0.22849875484494153,0.191657893619624,-194079.71425060963,-180090.29767499998,-180090.29767499998,0.0,327,0,0.0,148,8,,,,,6.948296275590789,0.0,0.8404755906306403,0.15952440936935972,0.0,179,8,,,,,8.422837848577874,7917.894993239781,0.7715012451550586,0.22849875484494153,0.191657893619624
374,MET,0.0,0.0,0.0,,0,0,0,0,0,6h,bullish,187745.32015640114,10,,,,,,,3.6422929753586883,37.874464675281246,0.9488638064025483,0.05113619359745188,1.0,,-6355.1213306524005,-19270.2738,-19270.2738,0.0,3,0,0.0,1,1,,,,,3.3774534177519158,38.1416839339159,0.9654388420664586,0.0345611579335416,1.0,2,1,,,,,3.5078960911704535,4552.416089649409,0.9701237593429144,0.029876240657085492,1.35,187745.32015640114,-150490.79247,-150490.79247,0.0,10,0,0.0,4,1,,,,,3.6422929753586883,37.874464675281246,0.9488638064025483,0.05113619359745188,1.0,6,1,,,,,3.406684129177975,4323.525627821439,0.9760774041660016,0.023922595833998517,1.35,93366.4347175129,-28317.559235000015,-28317.559235000015,0.0,40,0,0.0,16,2,,,,,3.5304944612099183,38.804286653493904,0.9568212150998515,0.04317878490014865,1.0591330209630998,24,2,,,,,3.5681122117370347,4278.240425867747,0.9665816346037037,0.03341836539629618,1.35,113167.2680553181,83437.85894499996,83437.85894499996,0.0,113,0,0.0,49,4,,,,,3.6396491345106265,41.99214481460784,0.9502332440557834,0.04976675594421662,1.2133512136401574,64,4,,,,,3.6200495809270463,4283.022450674876,0.9634022824202854,0.03659771757971471,1.35,-88048.61350261458,-99740.75665500006,-99740.75665500006,0.0,327,0,0.0,150,8,,,,,3.420907079673963,44.80913118670297,0.9601157379249892,0.039884262075010946,1.4317515090072195,177,8,,,,,3.526899246137512,4412.983522803583,0.959129138115137,0.040870861884863004,1.35,-88048.61350261458,-99740.75665500006,-99740.75665500006,0.0,327,0,0.0,150,8,,,,,3.420907079673963,44.80913118670297,0.9601157379249892,0.039884262075010946,1.4317515090072195,177,8,,,,,3.526899246137512,4412.983522803583,0.959129138115137,0.040870861884863004,1.35
374,MANTA,0.0,0.0,0.0,,0,0,0,0,0,15d,bearish,-183365.609614058,327,,,,,,,4.4446618092711745,7540.21282424385,0.9150198935722839,0.08498010642771615,1.1404353218716134,,7936.308256167788,19723.720278000004,19723.720278000004,0.0,3,0,0.0,2,1,,,,,5.291971459310668,0.0,0.865178149452314,0.13482185054768628,0.09423086351006801,1,1,,,,,3.5003004943937253,5964.655450783322,0.9705705591533101,0.02942944084668977,1.35,75332.79217494115,36713.467663999996,36713.467663999996,0.0,10,0,0.0,8,1,,,,,3.6477239975076925,0.0,0.9618985883819005,0.038101411618099525,1.151011639498298,2,1,,,,,3.2120165669820233,7006.2700776997035,0.9875284372363516,0.012471562763648443,1.6092996984591688,57419.55367554739,39146.686424,39146.686424,0.0,40,0,0.0,26,2,,,,,4.617276855638141,0.0,0.9048660673154035,0.0951339326845965,0.8826003108625985,14,2,,,,,3.242922289751376,7872.669486273458,0.9857104535440367,0.014289546455963292,1.5364084119925885,35235.05375715119,35912.14715499999,35912.14715499999,0.0,113,0,0.0,55,4,,,,,6.441930373159946,0.0,0.7975335074611797,0.20246649253882032,0.3786367556925152,58,4,,,,,3.485119102587268,8132.387066280609,0.9714635822007488,0.02853641779925108,1.4394938687235024,-183365.609614058,-180702.47801000002,-180702.47801000002,0.0,327,0,0.0,161,8,,,,,8.804836367074307,0.0210289386592917,0.658539037230923,0.3414609627690769,-0.37388456449569996,166,8,,,,,4.4446618092711745,7540.21282424385,0.9150198935722839,0.08498010642771615,1.1404353218716134,-183365.609614058,-180702.47801000002,-180702.47801000002,0.0,327,0,0.0,161,8,,,,,8.804836367074307,0.0210289386592917,0.658539037230923,0.3414609627690769,-0.37388456449569996,166,8,,,,,4.4446618092711745,7540.21282424385,0.9150198935722839,0.08498010642771615,1.1404353218716134
374,STABLE,0.0,0.0,0.0,,0,0,0,0,0,72h,bullish,177035.54351021748,113,,,,,,,3.3462968510316298,45.6144519415981,0.9796295969981393,0.020370403001860573,1.3223255353809575,,120550.3720951819,30864.328992,30864.328992,0.0,3,0,0.0,3,1,,,,,3.2594305359471405,42.03574880771763,0.9847393802384036,0.015260619761596485,1.35,0,0,,,,,,,,,,108114.57632935677,24642.062327999996,24642.062327999996,0.0,10,0,0.0,7,1,,,,,3.291144242020876,48.032452008257614,0.982873868116419,0.017126131883580937,1.35,3,1,,,,,3.5024995350166552,6696.601519980001,0.9704412038225496,0.029558796177450292,1.3499999999999999,122862.878150564,20228.826695999996,20228.826695999996,0.0,40,0,0.0,24,2,,,,,3.330669896809993,47.36242593131686,0.9805488295994121,0.019451170400587792,1.35,16,2,,,,,3.5182069184713254,6590.309413236747,0.9695172400899221,0.030482759910077924,1.35,177035.54351021748,41686.127931934236,45562.451961,-3876.3240290657623,113,0,0.07840655338725763,58,4,,,,,3.3462968510316298,45.6144519415981,0.9796295969981393,0.020370403001860573,1.3223255353809575,55,4,,,,,3.5534059944102747,6498.669373046358,0.9674467062111604,0.032553293788839664,1.35,109701.89554838183,-13310.03125535775,-13290.001795000002,-20.029460357748462,327,0,0.0015048394683285142,163,8,,,,,3.889697534722011,42.36966374677351,0.9476648508987052,0.052335149101294755,1.1948803433456219,164,8,,,,,4.007750358047564,6254.350021016279,0.9407205671736728,0.05927943282632729,1.35,109701.89554838183,-13310.03125535775,-13290.001795000002,-20.029460357748462,327,0,0.0015048394683285142,163,8,,,,,3.889697534722011,42.36966374677351,0.9476648508987052,0.052335149101294755,1.1948803433456219,164,8,,,,,4.007750358047564,6254.350021016279,0.9407205671736728,0.05927943282632729,1.35
374,MNT,0.0,0.0,0.0,,0,0,0,0,0,15d,bullish,163849.0470371586,327,,,,,,,6.019343537876765,0.0,0.9163930137236841,0.08360698627631596,0.28984825109868456,,4507.0219049328025,4600.157380000002,4600.157380000002,0.0,3,0,0.0,2,1,,,,,6.9526531913269665,0.0,0.8537743870378496,0.14622561296215011,0.0,1,1,,,,,5.673952456384016,3730.84231025831,0.9550698362410659,0.04493016375893435,0.35,-2773.685849792404,-1698.0155569999997,-1698.0155569999997,0.0,10,0,0.0,5,1,,,,,7.0242213604725645,0.0,0.8490845645914152,0.15091543540858468,0.0,5,1,,,,,5.670508304146671,5685.694054108563,0.9552994463902217,0.04470055360977821,0.35,-14579.556290406594,-27555.767374000006,-27555.767374000006,0.0,40,0,0.0,15,1,,,,,6.860117572684083,0.0,0.859825003936794,0.14017499606320616,0.0,25,2,,,,,5.705467109670279,5625.485623246283,0.9529688593553147,0.04703114064468522,0.35,46290.747183374406,19178.914154000002,19178.914154000002,0.0,113,0,0.0,44,4,,,,,6.828893614091479,0.0,0.8635281583497602,0.13647184165023996,0.0,69,4,,,,,5.653431994483972,5872.192385156945,0.9564378670344017,0.04356213296559818,0.3499999999999999,163849.0470371586,-20222.557325999984,-20222.557325999984,0.0,327,0,0.0,151,8,,,,,6.019343537876765,0.0,0.9163930137236841,0.08360698627631596,0.28984825109868456,176,8,,,,,5.656567902313631,6402.38519376505,0.9562288065124246,0.0437711934875754,0.35,163849.0470371586,-20222.557325999984,-20222.557325999984,0.0,327,0,0.0,151,8,,,,,6.019343537876765,0.0,0.9163930137236841,0.08360698627631596,0.28984825109868456,176,8,,,,,5.656567902313631,6402.38519376505,0.9562288065124246,0.0437711934875754,0.35
374,CC,0.0,0.0,0.0,,0,0,0,0,0,15d,bullish,160962.84879879132,327,,,,,,,7.2689479738575145,0.0,0.7488854133024992,0.2511145866975008,-0.15394166841604148,,128131.70649086358,93450.94770000002,93450.94770000002,0.0,3,0,0.0,3,1,,,,,9.394609078749752,0.0,0.6238465247794266,0.3761534752205736,-0.5983586333858407,0,0,,,,,,,,,,81524.2366266101,64731.63086500002,64731.63086500002,0.0,10,0,0.0,7,1,,,,,9.39344362428665,0.0,0.6239150809243148,0.37608491907568525,-0.5999527868720117,3,1,,,,,3.5742524698873335,2445.6006438051795,0.9651671262378894,0.03483287376211078,1.35,67179.4345564747,-3889.54390999998,-3889.54390999998,0.0,40,0,0.0,19,2,,,,,9.140097591968896,0.0,0.6388177887077122,0.36118221129228795,-0.4187198893588535,21,2,,,,,3.570429418773525,2541.417374640911,0.9653708466838093,0.0346291533161906,1.35,126404.72209115389,44707.53981500002,44707.53981500002,0.0,113,0,0.0,55,3,,,,,9.129808672564698,0.0,0.6394230192609002,0.36057698073909983,-0.4383897646650242,58,4,,,,,3.549075947649367,2487.650829672332,0.9666331727216654,0.033366827278334635,1.35,160962.84879879132,64190.23527,64190.23527,0.0,327,0,0.0,153,8,,,,,7.2689479738575145,0.0,0.7488854133024992,0.2511145866975008,-0.15394166841604148,174,8,,,,,3.4560719390317747,2534.1694833916,0.9721075763833499,0.027892423616650026,1.35,160962.84879879132,64190.23527,64190.23527,0.0,327,0,0.0,153,8,,,,,7.2689479738575145,0.0,0.7488854133024992,0.2511145866975008,-0.15394166841604148,174,8,,,,,3.4560719390317747,2534.1694833916,0.9721075763833499,0.027892423616650026,1.35
374,POL,0.0,0.0,0.0,,0,0,0,0,0,15d,bearish,-160165.46945808065,327,,,,,,,5.26678678598569,7664.882279501282,0.975981475307989,0.024018524692010868,0.39986595075550885,,-23877.326011551486,-20340.955547,-20340.955547,0.0,3,0,0.0,0,0,,,,,,,,,,3,1,,,,,5.21665394257557,6639.7397938879585,0.9789710020920107,0.02102899790798906,0.35,-7278.750635092887,-4117.101555000003,-4117.101555000003,0.0,10,0,0.0,4,1,,,,,4.996728437785093,0.0,1.0,0.0,1.0,6,1,,,,,5.203306026038345,6738.330515913977,0.9799509702142774,0.020049029785722535,0.35,-77179.40118435808,-47246.435972,-47246.435972,0.0,40,0,0.0,13,2,,,,,4.996191552562069,0.0,1.0,0.0,1.0,27,2,,,,,5.259539869126416,7124.65348330809,0.9762985765352659,0.023701423464734066,0.35,-42131.25698374241,-27029.592743999994,-27029.592743999994,0.0,113,0,0.0,53,4,,,,,5.027956686210295,0.0,0.9978736181745923,0.0021263818254075,0.5620815932902785,60,4,,,,,5.223799432806588,7319.958891695567,0.9788273764357805,0.021172623564219308,0.35,-160165.46945808065,-133541.31324899997,-133541.31324899997,0.0,327,0,0.0,146,8,,,,,5.048838538527022,0.0,0.9964713299987291,0.0035286700012709723,0.3425890578661743,181,8,,,,,5.26678678598569,7664.882279501282,0.975981475307989,0.024018524692010868,0.39986595075550885,-160165.46945808065,-133541.31324899997,-133541.31324899997,0.0,327,0,0.0,146,8,,,,,5.048838538527022,0.0,0.9964713299987291,0.0035286700012709723,0.3425890578661743,181,8,,,,,5.26678678598569,7664.882279501282,0.975981475307989,0.024018524692010868,0.39986595075550885
374,INJ,0.0,0.0,0.0,,0,0,0,0,0,72h,bearish,-159193.114344245,113,,,,,,,5.077419605354371,6609.440176133033,0.9948386929763752,0.005161307023624737,0.6535825468049082,,-12623.732818318069,-8062.0559599999915,-8062.0559599999915,0.0,3,0,0.0,0,0,,,,,,,,,,3,1,,,,,5.076905489794923,6400.06163569779,0.994872967347005,0.005127032652994851,0.35,-26458.83814595209,-17433.463359999983,-17433.463359999983,0.0,10,0,0.0,3,1,,,,,5.114916794999262,0.0,0.9923388803333825,0.007661119666617598,0.0,7,1,,,,,5.044688556994058,6647.363172036632,0.9970207628670626,0.0029792371329372394,0.7599132847043389,-24370.319207984077,-12953.458904999989,-12953.458904999989,0.0,40,0,0.0,16,2,,,,,5.09143337810401,0.0,0.9939044414597326,0.006095558540267406,0.0,24,2,,,,,5.026733941609298,6783.505683806789,0.9982177372260467,0.0017822627739532606,0.7952367833705575,-159193.114344245,-132392.23676000003,-132392.23676000003,0.0,113,0,0.0,45,4,,,,,5.140389122534054,0.0,0.9906407251643964,0.009359274835603617,0.0,68,4,,,,,5.077419605354371,6609.440176133033,0.9948386929763752,0.005161307023624737,0.6535825468049082,-60482.037772854,45779.45376999996,45779.45376999996,0.0,327,0,0.0,138,8,,,,,5.789548015811877,0.0,0.9473634656125416,0.052636534387458474,0.06081628434180061,189,8,,,,,5.318471156322079,5851.130902317391,0.9787685895785282,0.021231410421471916,0.5027727270939013,-60482.037772854,45779.45376999996,45779.45376999996,0.0,327,0,0.0,138,8,,,,,5.789548015811877,0.0,0.9473634656125416,0.052636534387458474,0.06081628434180061,189,8,,,,,5.318471156322079,5851.130902317391,0.9787685895785282,0.021231410421471916,0.5027727270939013
374,JUP,0.0,0.0,0.0,,0,0,0,0,0,72h,bullish,150923.19158877226,113,,,,,,,9.442175585906138,0.0,0.09539865119770638,0.9046013488022936,-1.25,,68328.31845917781,122532.03573999998,122532.03573999998,0.0,3,0,0.0,1,1,,,,,9.656737894766422,0.0,0.05570398165976225,0.9442960183402376,-1.25,2,1,,,,,9.866270336621879,1478.5856398902124,0.02726637808938305,0.9727336219106171,-0.9,-14196.262632407192,-42464.50271000001,-42464.50271000001,0.0,10,0,0.0,2,1,,,,,9.645360055845117,0.0,0.057484581283866604,0.9425154187161332,-1.25,8,1,,,,,9.873600201270467,1612.1189459263242,0.03195948116374523,0.9680405188362549,-0.9,-5091.76625129468,-53460.925424999994,-53460.925424999994,0.0,40,0,0.0,16,2,,,,,9.582700083047307,0.0,0.06727589046230506,0.9327241095376949,-1.25,24,2,,,,,9.874035333309859,1660.7442866046856,0.028669075973772936,0.9713309240262271,-0.9,150923.19158877226,-390474.34222000005,-390474.34222000005,0.0,113,0,0.0,65,4,,,,,9.442175585906138,0.0,0.09539865119770638,0.9046013488022936,-1.25,48,4,,,,,9.886558959184507,1693.5366028343478,0.026776793024756818,0.9732232069752433,-0.9000000000000001,2497.729985810169,-399790.97624999995,-399790.97624999995,0.0,327,0,0.0,168,8,,,,,9.269196265433651,0.23468015693351624,0.14134789947673518,0.8586521005232648,-1.3101070532803076,159,8,,,,,9.898611693539857,1904.3533431721305,0.03031540252041172,0.9696845974795884,-0.9,2497.729985810169,-399790.97624999995,-399790.97624999995,0.0,327,0,0.0,168,8,,,,,9.269196265433651,0.23468015693351624,0.14134789947673518,0.8586521005232648,-1.3101070532803076,159,8,,,,,9.898611693539857,1904.3533431721305,0.03031540252041172,0.9696845974795884,-0.9
374,kSHIB,0.0,0.0,0.0,,0,0,0,0,0,72h,bearish,-146028.03446330983,113,,,,,,,9.681087119207584,14586.722598200044,0.06650658109720554,0.9334934189027945,-0.9000000000000001,,2010.9592845481197,-383.63149800000053,-383.63149800000053,0.0,3,0,0.0,1,1,,,,,11.537743173218352,0.0,0.0,1.0,-1.8,2,1,,,,,9.628551259319016,10582.120600658653,0.04789867690008029,0.9521013230999198,-0.9,1153.5861538665522,4899.615290999998,4899.615290999998,0.0,10,0,0.0,4,1,,,,,11.46465219624408,0.0,0.0007773043759913699,0.9992226956240087,-1.8000000000000003,6,1,,,,,9.646224184675333,10783.15529016226,0.04954041097926442,0.9504595890207357,-0.9,-20051.321024994726,-45802.100775000006,-45802.100775000006,0.0,40,0,0.0,18,2,,,,,11.46023499175537,0.0,0.0004722498534786351,0.9995277501465213,-1.8,22,2,,,,,9.6804040444256,10829.130885669807,0.049746937584887206,0.9502530624151128,-0.9000000000000001,-146028.03446330983,-576328.551217,-576328.551217,0.0,113,0,0.0,41,4,,,,,10.552007429944933,60.951959240032956,0.0019342338817052362,0.9980657661182948,-1.5319096854088055,72,4,,,,,9.681087119207584,14586.722598200044,0.06650658109720554,0.9334934189027945,-0.9000000000000001,-89129.63571089931,-383874.501529,-383874.501529,0.0,327,0,0.0,158,8,,,,,10.444056265374215,20.301978524969137,0.010806091819478678,0.9891939081805213,-1.6710533587287464,169,8,,,,,9.512883306298997,14676.491082730174,0.08133166801796635,0.9186683319820337,-0.9,-89129.63571089931,-383874.501529,-383874.501529,0.0,327,0,0.0,158,8,,,,,10.444056265374215,20.301978524969137,0.010806091819478678,0.9891939081805213,-1.6710533587287464,169,8,,,,,9.512883306298997,14676.491082730174,0.08133166801796635,0.9186683319820337,-0.9
374,FIL,0.0,0.0,0.0,,0,0,0,0,0,24h,bullish,145592.32956643842,40,,,,,,,5.691641303261147,0.0,0.9517909863903153,0.04820901360968457,0.0,,4424.896476025358,-747.1149199999998,-747.1149199999998,0.0,3,0,0.0,1,1,,,,,5.687911757309038,0.0,0.9492381141575793,0.05076188584242078,0.0,2,1,,,,,5.411852226191905,8070.6411680491365,0.9717856246268566,0.028214375373143447,0.35000000000000003,28354.85734129526,16149.949583999967,16149.949583999967,0.0,10,0,0.0,6,1,,,,,5.632996999606668,0.0,0.9542046698171355,0.04579533018286435,0.0,4,1,,,,,5.430073838320547,8352.702278454515,0.9706053436180365,0.02939465638196348,0.35000000000000003,145592.32956643842,7887.583356999983,7887.583356999983,0.0,40,0,0.0,25,2,,,,,5.691641303261147,0.0,0.9517909863903153,0.04820901360968457,0.0,15,2,,,,,5.414228123399894,9005.820342305531,0.9716962724332083,0.028303727566791566,0.35,111509.82684393374,-18089.66238100001,-18089.66238100001,0.0,113,0,0.0,73,4,,,,,5.711346392213232,0.0,0.9510739100636186,0.048926089936381326,0.0,40,4,,,,,5.491288052879415,9934.898165758153,0.9661254889151184,0.03387451108488159,0.35,-95200.81007012315,-251004.229434,-251004.229434,0.0,327,0,0.0,174,8,,,,,5.526663153276308,0.0,0.9642089172212474,0.035791082778752474,0.0,153,8,,,,,5.2138131500598135,9582.587390445044,0.9753370317612503,0.02466296823874991,0.5910881413031311,-95200.81007012315,-251004.229434,-251004.229434,0.0,327,0,0.0,174,8,,,,,5.526663153276308,0.0,0.9642089172212474,0.035791082778752474,0.0,153,8,,,,,5.2138131500598135,9582.587390445044,0.9753370317612503,0.02466296823874991,0.5910881413031311
374,SEI,0.0,0.0,0.0,,0,0,0,0,0,15d,bearish,-144516.46287241363,327,,,,,,,5.0442767440022775,15821.196115135508,0.9941132208822989,0.005886779117701204,0.7665287308566726,,-23.990671458879774,3413.8409219999994,3413.8409219999994,0.0,3,0,0.0,1,1,,,,,6.161049016439349,0.0,0.9095376375838372,0.09046236241616282,0.0,2,1,,,,,5.020331613785218,15465.785520406387,0.9985653218825455,0.0014346781174546153,0.5998674723032109,40092.13907933475,22115.543924999998,22115.543924999998,0.0,10,0,0.0,5,1,,,,,5.27130300863576,0.0,0.9738720488855729,0.026127951114427308,0.00612496547589178,5,1,,,,,5.153858280909349,16237.460490618907,0.9863951881263001,0.013604811873699964,0.407501707752897,11094.31385867051,20115.206197,20115.206197,0.0,40,0,0.0,17,2,,,,,5.42635186651089,0.0,0.9672545736643755,0.03274542633562446,0.10886728806080974,23,2,,,,,5.088879329712696,16396.649731625323,0.9915062137306305,0.008493786269369561,0.6804202213134183,-16771.16079651064,-11785.050312000016,-11785.050312000016,0.0,113,0,0.0,52,4,,,,,5.472426618693669,0.0,0.9665652570448867,0.03343474295511321,0.1396430965868167,61,4,,,,,5.0759199103317565,17138.187273932497,0.9920484550774212,0.007951544922578675,0.6927595856345263,-144516.46287241363,-60969.27726900001,-60969.27726900001,0.0,327,0,0.0,156,8,,,,,5.590730809305475,0.0,0.958176081269689,0.041823918730310945,0.07384743144853523,171,8,,,,,5.0442767440022775,15821.196115135508,0.9941132208822989,0.005886779117701204,0.7665287308566726,-144516.46287241363,-60969.27726900001,-60969.27726900001,0.0,327,0,0.0,156,8,,,,,5.590730809305475,0.0,0.958176081269689,0.041823918730310945,0.07384743144853523,171,8,,,,,5.0442767440022775,15821.196115135508,0.9941132208822989,0.005886779117701204,0.7665287308566726
374,NIL,0.0,0.0,0.0,,0,0,0,0,0,24h,bullish,141591.33851512894,40,,,,,,,6.685535600127874,0.0,0.783203788227772,0.21679621177222788,0.0,,1863.6146624606397,884.4908219999994,884.4908219999994,0.0,3,0,0.0,2,1,,,,,6.802491476038629,0.0,0.7763240308212572,0.22367596917874286,0.0,1,1,,,,,6.03781769147047,8470.591927423508,0.8213048416782079,0.1786951583217922,0.35,-1204.919400289807,-997.5482789999999,-997.5482789999999,0.0,10,0,0.0,4,1,,,,,6.869245456622649,0.0,0.7723973260810207,0.22760267391897931,0.0,6,1,,,,,6.126219722985605,10524.960059661395,0.8161047221773176,0.18389527782268253,0.35,141591.33851512894,32261.579416,32261.579416,0.0,40,0,0.0,24,2,,,,,6.685535600127874,0.0,0.783203788227772,0.21679621177222788,0.0,16,2,,,,,5.699900067510148,8128.491512755404,0.8411823489699914,0.1588176510300087,0.35,115494.21922024168,168.98075799999975,168.98075799999975,0.0,113,0,0.0,62,4,,,,,6.670414512222441,0.0,0.7840932639869151,0.2159067360130848,0.0,51,4,,,,,5.706109264200903,8007.5326618847785,0.8408171021058294,0.1591828978941707,0.35,80324.91886869221,-29635.544355000005,-29635.544355000005,0.0,327,0,0.0,162,8,,,,,6.466136507197656,0.0,0.7961096172236674,0.20389038277633273,0.0,165,8,,,,,5.671265564540116,8971.438242385388,0.8428667314976401,0.15713326850235979,0.35,80324.91886869221,-29635.544355000005,-29635.544355000005,0.0,327,0,0.0,162,8,,,,,6.466136507197656,0.0,0.7961096172236674,0.20389038277633273,0.0,165,8,,,,,5.671265564540116,8971.438242385388,0.8428667314976401,0.15713326850235979,0.35
374,APE,0.0,0.0,0.0,,0,0,0,0,0,15d,bullish,140278.31873004927,327,,,,,,,8.006232843374606,0.4571979167585739,0.7979941551078309,0.20200584489216905,-0.01833135711641286,,798.641423256872,992.0780129999938,992.0780129999938,0.0,3,0,0.0,1,1,,,,,7.183729372331772,0.0,0.8536299433390043,0.1463700566609955,0.0,2,1,,,,,4.991650540866234,16522.80176168954,1.0,0.0,1.3500000000000003,-1172.5918210735717,1046.5943920000009,1046.5943920000009,0.0,10,0,0.0,5,1,,,,,6.916267763270213,0.0,0.8698096791919081,0.13019032080809192,0.0,5,1,,,,,4.984641442636667,18184.95558063331,1.0,0.0,1.3499999999999999,100460.97910426279,-953.9439220000276,-953.9439220000276,0.0,40,0,0.0,17,2,,,,,7.952612834651929,0.0,0.8015057427753671,0.19849425722463276,0.0,23,2,,,,,5.002683644127565,17489.24908644152,0.9987562724823131,0.0012437275176869717,1.12308940628905,100239.84578189254,-19348.907472000003,-19348.907472000003,0.0,113,0,0.0,55,4,,,,,7.576808227071809,1.1376949663826288,0.8267522888431774,0.17324771115682255,0.030116588747851968,58,4,,,,,5.221460706893091,17316.009243185134,0.9834585650416294,0.016541434958370543,0.7064691474650562,140278.31873004927,32045.822222999985,32045.822222999985,0.0,327,0,0.0,166,8,,,,,8.006232843374606,0.4571979167585739,0.7979941551078309,0.20200584489216905,-0.01833135711641286,161,8,,,,,5.501368281946218,17655.84942981111,0.9646983099064177,0.03530169009358228,0.45600617615491673,140278.31873004927,32045.822222999985,32045.822222999985,0.0,327,0,0.0,166,8,,,,,8.006232843374606,0.4571979167585739,0.7979941551078309,0.20200584489216905,-0.01833135711641286,161,8,,,,,5.501368281946218,17655.84942981111,0.9646983099064177,0.03530169009358228,0.45600617615491673
374,XMR,0.0,0.0,0.0,,0,0,0,0,0,24h,bearish,-138877.1680841043,40,,,,,,,4.887023956855307,546.0646084262311,0.9983138012826198,0.0016861987173800504,1.35,,54942.53027137076,25144.21235499995,25144.21235499995,0.0,3,0,0.0,3,1,,,,,5.154689362576224,0.0,0.9896873758282517,0.01031262417174827,0.0,0,0,,,,,,,,,,53269.91983652956,14820.833764999601,14820.833764999601,0.0,10,0,0.0,7,1,,,,,5.173685633684424,0.0,0.9884209577543718,0.011579042245628252,0.0,3,1,,,,,4.888582867464899,488.98384017746105,0.9981151315493088,0.0018848684506913905,1.35,-138877.1680841043,-143692.27616999947,-143692.27616999947,0.0,40,0,0.0,18,2,,,,,5.169854163923421,0.0,0.9886763890717719,0.011323610928228032,0.0,22,2,,,,,4.887023956855307,546.0646084262311,0.9983138012826198,0.0016861987173800504,1.35,23147.380123096365,-90823.87859999941,-90823.87859999941,0.0,113,0,0.0,52,4,,,,,5.192875664713244,0.0,0.9871416223524505,0.012858377647549617,0.0,61,4,,,,,4.90622978707429,543.5349008235477,0.9974921740278133,0.0025078259721867547,1.35,18458.12001291919,-325169.7715600002,-325169.7715600002,0.0,327,0,0.0,159,8,,,,,5.09325159136763,14.90082317930415,0.993783227242158,0.006216772757842003,0.24919821060804787,168,8,,,,,4.900148838441149,527.5042973726146,0.9984776386808546,0.0015223613191454272,1.35,18458.12001291919,-325169.7715600002,-325169.7715600002,0.0,327,0,0.0,159,8,,,,,5.09325159136763,14.90082317930415,0.993783227242158,0.006216772757842003,0.24919821060804787,168,8,,,,,4.900148838441149,527.5042973726146,0.9984776386808546,0.0015223613191454272,1.35
374,PENDLE,0.0,0.0,0.0,,0,0,0,0,0,24h,bullish,132631.63561537198,40,,,,,,,5.244449414953429,0.0,0.9790334609864784,0.020966539013521565,0.0,,-146.38951562399984,897.0690999999997,897.0690999999997,0.0,3,0,0.0,2,1,,,,,5.379222017295138,0.0,0.9701670984434192,0.029832901556580735,0.0,1,1,,,,,5.211460896553985,2224.1199287945997,0.98589523891713,0.01410476108287004,0.35,1108.0058513960005,-23748.307950000002,-23748.307950000002,0.0,10,0,0.0,6,1,,,,,5.398369885398521,0.0,0.9689538080736149,0.031046191926385067,0.0,4,1,,,,,5.2430766019641375,2330.5353116263104,0.9837576932420257,0.016242306757974327,0.35,132631.63561537198,109145.80695000006,109145.80695000006,0.0,40,0,0.0,20,2,,,,,5.244449414953429,0.0,0.9790334609864784,0.020966539013521565,0.0,20,2,,,,,5.202154829312323,2410.8992805566727,0.9865014822150835,0.013498517784916501,0.35,54033.061279239984,68674.46415000006,68674.46415000006,0.0,113,0,0.0,54,4,,,,,5.284693737806934,0.0,0.9758929442407521,0.024107055759247806,0.0,59,4,,,,,5.162253073573176,2349.683062611318,0.9891581274187057,0.010841872581294345,0.35,-86527.91277826599,-41760.690599999936,-41760.690599999936,0.0,327,0,0.0,151,8,,,,,5.112593373411499,11.521133418683474,0.9876639193049827,0.012336080695017307,0.36950159152412626,176,8,,,,,5.075116091546581,2572.352473867531,0.9373703641928341,0.06262963580716586,0.4066590569701276,-86527.91277826599,-41760.690599999936,-41760.690599999936,0.0,327,0,0.0,151,8,,,,,5.112593373411499,11.521133418683474,0.9876639193049827,0.012336080695017307,0.36950159152412626,176,8,,,,,5.075116091546581,2572.352473867531,0.9373703641928341,0.06262963580716586,0.4066590569701276
374,ONDO,0.0,0.0,0.0,,0,0,0,0,0,15d,bearish,-132096.3345950617,327,,,,,,,9.787365862101634,5024.149758480127,0.03299355561982192,0.967006444380178,-0.9,,-137.44876644095802,13701.52311,13701.52311,0.0,3,0,0.0,1,1,,,,,9.990332310438163,0.0,0.0010890239753798153,0.9989109760246204,-1.25,2,1,,,,,9.852567822361916,4489.014324163777,0.0214522533914969,0.9785477466085032,-0.9000000000000001,-44619.65634080015,-93367.32485,-93367.32485,0.0,10,0,0.0,4,1,,,,,9.984971427674525,0.0,0.0024953396337563877,0.9975046603662437,-1.25,6,1,,,,,9.873133147710353,4612.380534722152,0.020366432820091544,0.9796335671799085,-0.9000000000000001,-51812.68015388506,-184581.16946499998,-184581.16946499998,0.0,40,0,0.0,22,2,,,,,10.014132649892687,0.0,0.004414301452369594,0.9955856985476305,-1.5267315239808124,18,2,,,,,9.881520526477981,4720.472349647481,0.019141656457419467,0.9808583435425806,-0.9,16890.98938561124,-171673.33598499993,-171673.33598499993,0.0,113,0,0.0,62,4,,,,,9.959936003613473,0.0,0.009654538122542699,0.9903454618774572,-1.3566026668011124,51,3,,,,,9.876015437644714,4781.18302974769,0.019482670224498053,0.980517329775502,-0.8999999999999999,-132096.3345950617,-455128.99144,-455128.99144,0.0,327,0,0.0,159,8,,,,,9.8911601259697,0.0,0.02293634036049468,0.9770636596395053,-1.3769157684944868,168,8,,,,,9.787365862101634,5024.149758480127,0.03299355561982192,0.967006444380178,-0.9,-132096.3345950617,-455128.99144,-455128.99144,0.0,327,0,0.0,159,8,,,,,9.8911601259697,0.0,0.02293634036049468,0.9770636596395053,-1.3769157684944868,168,8,,,,,9.787365862101634,5024.149758480127,0.03299355561982192,0.967006444380178,-0.9
374,CFX,0.0,0.0,0.0,,0,0,0,0,0,15d,bearish,-130858.38903367301,327,,,,,,,5.483035598358826,3400.8052927553194,0.9662637770568935,0.03373622294310652,0.35,,12219.192397913394,5010.0416749999995,5010.0416749999995,0.0,3,0,0.0,1,1,,,,,0.0,0.0,0.0,0.0,-0.15,2,1,,,,,5.532686057106239,2550.2425745793184,0.9629806724155727,0.0370193275844273,0.3499999999999999,26001.494094308393,7681.771413999998,7681.771413999998,0.0,10,0,0.0,6,1,,,,,0.0,0.0,0.0,0.0,-0.15,4,1,,,,,5.428030675566081,3086.2021971843915,0.9699685031129904,0.030031496887009644,0.35,32149.960337590193,18639.927512,18639.927512,0.0,40,0,0.0,23,2,,,,,0.0,0.0,0.0,0.0,-0.15,17,2,,,,,5.4089847603511165,2957.841140524043,0.971246881980823,0.028753118019177088,0.35,33907.053532786194,15678.185073999999,15678.185073999999,0.0,113,0,0.0,54,4,,,,,0.0,0.0,0.0,0.0,-0.15,59,4,,,,,5.390188482478116,3073.4287929888324,0.9725032519215685,0.027496748078431468,0.35,-130858.38903367301,-121348.435654,-121348.435654,0.0,327,0,0.0,139,8,,,,,1.606505706470255,0.0,0.258074892653619,0.01580656216010801,0.10658349242074307,188,8,,,,,5.483035598358826,3400.8052927553194,0.9662637770568935,0.03373622294310652,0.35,-130858.38903367301,-121348.435654,-121348.435654,0.0,327,0,0.0,139,8,,,,,1.606505706470255,0.0,0.258074892653619,0.01580656216010801,0.10658349242074307,188,8,,,,,5.483035598358826,3400.8052927553194,0.9662637770568935,0.03373622294310652,0.35
374,UMON,0.0,0.0,0.0,,0,0,0,0,0,72h,bearish,-130692.78988329021,24,,,,,,,0.0,0.0,0.0,0.0,0.0,,18.057075639610353,36.47894068608152,0.0,36.47894068608152,1,0,1.0,1,1,,,,,0.0,0.0,0.0,0.0,0.0,0,0,,,,,,,,,,-36588.19423519988,-73915.5439094947,0.0,-73915.5439094947,4,0,1.0,1,1,,,,,0.0,0.0,0.0,0.0,0.0,3,1,,,,,0.0,0.0,0.0,0.0,0.0,-43765.705704377644,-84527.49133703925,0.0,-84527.49133703925,14,0,1.0,2,1,,,,,0.0,0.0,0.0,0.0,0.0,12,2,,,,,0.0,0.0,0.0,0.0,0.0,-130692.78988329021,11978.963166641402,0.0,11978.963166641402,24,0,1.0,6,4,,,,,0.0,0.0,0.0,0.0,0.0,18,3,,,,,0.0,0.0,0.0,0.0,0.0,-92572.77313074555,-17426.550350647613,0.0,-17426.550350647613,59,0,1.0,26,7,,,,,0.0,0.0,0.0,0.0,0.0,33,6,,,,,0.0,0.0,0.0,0.0,0.0,-92572.77313074555,-17426.550350647613,0.0,-17426.550350647613,59,0,1.0,26,7,,,,,0.0,0.0,0.0,0.0,0.0,33,6,,,,,0.0,0.0,0.0,0.0,0.0
374,WOW,0.0,0.0,0.0,,0,0,0,0,0,15d,bearish,-128310.90812718944,5,,,,,,,0.0,0.0,0.0,0.0,0.0,,,,,,,,,,,,,,,,,,,,,,,,,,,,,,,,,,,,,,,,,,,,,,,,,,,,,,,,,,,,,,,,,,,,,,,,,,,,,,,,,,,,,,,,,-33.27776709599948,-27.731472579999718,0.0,-27.731472579999718,2,0,1.0,1,1,,,,,0.0,0.0,0.0,0.0,0.0,1,1,,,,,0.0,0.0,0.0,0.0,0.0,-128310.90812718944,-194387.7774726993,0.0,-194387.7774726993,5,0,1.0,2,2,1,1.0,1.0,1.0,0.0,0.0,0.0,0.0,0.0,3,2,1,1.0,1.0,1.0,0.0,0.0,0.0,0.0,0.0,-128310.90812718944,-194387.7774726993,0.0,-194387.7774726993,5,0,1.0,2,2,1,1.0,1.0,1.0,0.0,0.0,0.0,0.0,0.0,3,2,1,1.0,1.0,1.0,0.0,0.0,0.0,0.0,0.0
374,DOT,0.0,0.0,0.0,,0,0,0,0,0,15d,bearish,-126567.91784539279,327,,,,,,,9.783685752236272,4734.574657124539,0.035262927755422675,0.9647370722445773,-0.8999999999999999,,4574.7121080108445,12384.891206999988,12384.891206999988,0.0,3,0,0.0,2,1,,,,,10.046123903090846,0.0,0.0036640742209427548,0.9963359257790574,-1.8000000000000003,1,1,,,,,9.801245489547544,5058.657611765181,0.03462160553001768,0.9653783944699823,-0.9,10333.205083348208,19618.099239000036,19618.099239000036,0.0,10,0,0.0,7,1,,,,,10.041703872410785,0.0,0.003827444859825223,0.9961725551401748,-1.8,3,1,,,,,9.827754965675654,5216.512562438004,0.03389188807835518,0.9661081119216448,-0.9,20532.8618503922,54836.05856300002,54836.05856300002,0.0,40,0,0.0,25,2,,,,,10.042242642562043,0.0,0.0037450742074225324,0.9962549257925775,-1.8,15,2,,,,,9.825801103976811,4808.49626643124,0.03298179573260877,0.9670182042673913,-0.9,-42186.675084319904,-30896.377894000005,-30896.377894000005,0.0,113,0,0.0,57,4,,,,,10.041739017715571,0.0,0.00369167547061869,0.9963083245293812,-1.8,56,4,,,,,9.842507887076525,4823.042955084223,0.03359616630554677,0.9664038336944533,-0.9,-126567.91784539279,-117346.609483,-117346.609483,0.0,327,0,0.0,171,8,,,,,10.004387018887112,0.0,0.005575525308392427,0.9944244746916076,-1.5467658707396283,156,8,,,,,9.783685752236272,4734.574657124539,0.035262927755422675,0.9647370722445773,-0.8999999999999999,-126567.91784539279,-117346.609483,-117346.609483,0.0,327,0,0.0,171,8,,,,,10.004387018887112,0.0,0.005575525308392427,0.9944244746916076,-1.5467658707396283,156,8,,,,,9.783685752236272,4734.574657124539,0.035262927755422675,0.9647370722445773,-0.8999999999999999
374,HBAR,0.0,0.0,0.0,,0,0,0,0,0,24h,bullish,124560.41410777938,40,,,,,,,6.135407721909307,0.0,0.9242725052829764,0.07572749471702345,0.0,,21595.881752282323,15481.619533000001,15481.619533000001,0.0,3,0,0.0,3,1,,,,,6.700890187999287,0.0,0.8865867076503322,0.1134132923496678,0.0,0,0,,,,,,,,,,32401.971708562724,16227.717000000002,16227.717000000002,0.0,10,0,0.0,7,1,,,,,6.614119503791793,0.0,0.8923813827715213,0.10761861722847872,0.0,3,1,,,,,5.0880258710689965,2280.648459352316,0.9867770134397281,0.01322298656027187,0.35,124560.41410777938,43042.74116600001,43042.74116600001,0.0,40,0,0.0,26,2,,,,,6.135407721909307,0.0,0.9242725052829764,0.07572749471702345,0.0,14,2,,,,,5.052248550111938,2416.2109257818115,0.9891878528171792,0.01081214718282079,0.40731463746279606,29753.162419203047,-177037.847661,-177037.847661,0.0,113,0,0.0,59,4,,,,,6.209709171227527,0.0,0.91926975328371,0.08073024671629007,0.0,54,4,,,,,5.080495486723625,2501.3033958734604,0.9870855150634704,0.012914484936529684,0.35986137440281296,71476.99714788311,-172914.487723,-172914.487723,0.0,327,0,0.0,162,8,,,,,6.531991548510797,0.0,0.8973930000685088,0.10260699993149132,0.011294174738659861,165,8,,,,,5.018712648836333,2727.3849942720944,0.9877688688304962,0.012231131169503882,0.6262759606073556,71476.99714788311,-172914.487723,-172914.487723,0.0,327,0,0.0,162,8,,,,,6.531991548510797,0.0,0.8973930000685088,0.10260699993149132,0.011294174738659861,165,8,,,,,5.018712648836333,2727.3849942720944,0.9877688688304962,0.012231131169503882,0.6262759606073556
374,ARB,0.0,0.0,0.0,,0,0,0,0,0,15d,bullish,123627.74992707449,327,,,,,,,10.037546811090975,0.0,0.10665865861018316,0.8933413413898169,-1.505895212653406,,4587.787845394114,11353.423245000005,11353.423245000005,0.0,3,0,0.0,2,1,,,,,10.01467563138685,0.0,0.02437845994328173,0.9756215400567183,-1.569368289986715,1,1,,,,,10.006143130363803,6817.447353174576,0.00721995074260389,0.9927800492573959,-1.4500000000000002,17473.37700356303,41316.661581999986,41316.661581999986,0.0,10,0,0.0,6,1,,,,,10.046628497017842,0.0,0.029281345757460445,0.9707186542425396,-1.4627703150972882,4,1,,,,,10.024656576118339,7014.649358579574,0.008139858545159067,0.9918601414548409,-1.4500000000000002,33852.40043761704,122826.56208899993,122826.56208899993,0.0,40,0,0.0,22,2,,,,,10.124644175150541,0.0,0.030758608575888545,0.9692413914241115,-1.6778386656368616,18,2,,,,,10.015965570718505,7172.930175842318,0.006940906177134301,0.9930590938228657,-1.3009539835905244,70315.3533999433,49608.21827699994,49608.21827699994,0.0,113,0,0.0,64,4,,,,,9.95804747632035,0.0,0.05594227055906847,0.9440577294409316,-1.5858140201899547,49,4,,,,,9.995667786435215,7208.621856082156,0.007211174151565417,0.9927888258484345,-1.0841649303886078,123627.74992707449,48896.050287999955,48896.050287999955,0.0,327,0,0.0,186,8,,,,,10.037546811090975,0.0,0.10665865861018316,0.8933413413898169,-1.505895212653406,141,8,,,,,9.892235494967792,7183.181323878797,0.0417034553529276,0.9582965446470724,-1.0646580292578656,123627.74992707449,48896.050287999955,48896.050287999955,0.0,327,0,0.0,186,8,,,,,10.037546811090975,0.0,0.10665865861018316,0.8933413413898169,-1.505895212653406,141,8,,,,,9.892235494967792,7183.181323878797,0.0417034553529276,0.9582965446470724,-1.0646580292578656
374,OP,0.0,0.0,0.0,,0,0,0,0,0,72h,bearish,-120655.2462178232,113,,,,,,,5.189416722653664,5305.960172197848,0.9851606475091238,0.014839352490876244,0.35,,17932.682485808033,17227.491015999993,17227.491015999993,0.0,3,0,0.0,3,1,,,,,5.46326837568309,0.0,0.9652779883186894,0.03472201168131058,0.0,0,0,,,,,,,,,,7404.632338518922,10118.793250999996,10118.793250999996,0.0,10,0,0.0,8,1,,,,,5.445014296203974,0.0,0.9664794865175067,0.03352051348249327,0.0,2,1,,,,,5.2511185408209125,4689.4315622930435,0.9808367754243812,0.01916322457561886,0.35,3371.543457087065,17132.767362,17132.767362,0.0,40,0,0.0,30,2,,,,,5.445630658290035,0.0,0.966466481785894,0.033533518214106016,0.0,10,2,,,,,5.250041418123845,4699.959890807286,0.9805461919653679,0.019453808034632217,0.3499999999999999,-120655.2462178232,-42755.482768,-42755.482768,0.0,113,0,0.0,67,4,,,,,5.395296795866486,0.0,0.9696301439736801,0.03036985602631999,0.0,46,4,,,,,5.189416722653664,5305.960172197848,0.9851606475091238,0.014839352490876244,0.35,-117649.35608899036,19439.041480999964,19439.041480999964,0.0,327,0,0.0,178,8,,,,,5.280577829635746,0.0,0.9749287733963926,0.025071226603607322,0.0,149,8,,,,,5.145088462979981,5998.777349875949,0.9893470381583727,0.010652961841627319,0.38872991527830003,-117649.35608899036,19439.041480999964,19439.041480999964,0.0,327,0,0.0,178,8,,,,,5.280577829635746,0.0,0.9749287733963926,0.025071226603607322,0.0,149,8,,,,,5.145088462979981,5998.777349875949,0.9893470381583727,0.010652961841627319,0.38872991527830003
374,DASH,0.0,0.0,0.0,,0,0,0,0,0,24h,bullish,116475.62336907539,40,,,,,,,11.637963821240461,0.0,0.5574690785839692,0.44253092141603084,-1.0342092927283533,,14745.307854092996,23482.900035,23482.900035,0.0,3,0,0.0,3,1,,,,,11.550419750004293,0.0,0.5633053499997136,0.43669465000028634,-1.2000000000000002,0,0,,,,,,,,,,58316.824291552795,69894.64736,69894.64736,0.0,10,0,0.0,8,1,,,,,10.67471973279083,0.0,0.621685351147278,0.37831464885272204,-0.8206402034791483,2,1,,,,,6.0955562995859305,7836.188665901415,0.9126691538478948,0.08733084615210535,0.35,116475.62336907539,121400.07789500001,121400.07789500001,0.0,40,0,0.0,26,2,,,,,11.637963821240461,0.0,0.5574690785839692,0.44253092141603084,-1.0342092927283533,14,1,,,,,6.245189637998812,7771.622443217465,0.9031271746100138,0.09687282538998651,0.35000000000000003,81687.2718802828,99503.32658500002,99503.32658500002,0.0,113,0,0.0,52,4,,,,,12.196613118824077,0.0,0.5202257920783949,0.4797742079216051,-1.1176385572720688,61,4,,,,,6.1129780420574695,7489.224625126147,0.913631294311074,0.08636870568892595,0.35,-1013.9370381464106,31321.018815000007,31321.018815000007,0.0,327,0,0.0,155,8,,,,,13.37387837405884,0.0,0.44174144172941077,0.5582585582705893,-1.4180757923864222,172,8,,,,,6.517706153722503,8466.31327529159,0.8876554199814654,0.11234458001853458,0.35,-1013.9370381464106,31321.018815000007,31321.018815000007,0.0,327,0,0.0,155,8,,,,,13.37387837405884,0.0,0.44174144172941077,0.5582585582705893,-1.4180757923864222,172,8,,,,,6.517706153722503,8466.31327529159,0.8876554199814654,0.11234458001853458,0.35
374,MINA,0.0,0.0,0.0,,0,0,0,0,0,15d,bearish,-100503.73051582795,327,,,,,,,3.7351676866191155,10817.513406791433,0.9567548419635815,0.04324515803641857,1.4266059979736558,,4562.207095441871,-1998.024861999998,-1998.024861999998,0.0,3,0,0.0,2,1,,,,,4.114204081380621,0.0,0.9344585834481987,0.06554141655180121,1.0,1,1,,,,,3.216562654808868,8229.469633616503,0.9872610203053609,0.012738979694639281,1.35,2823.7684896115734,8905.485382000004,8905.485382000004,0.0,10,0,0.0,5,1,,,,,4.156483689396753,0.0,0.931971547682544,0.06802845231745602,1.0,5,1,,,,,3.351438111723322,8452.741486749941,0.9793271698986282,0.02067283010137185,1.3750477932108554,8263.261010179056,23001.125563000005,23001.125563000005,0.0,40,0,0.0,24,2,,,,,5.031683406625271,0.0,0.880489211374984,0.11951078862501593,0.5337240053905126,16,2,,,,,3.0535917581840772,7966.292656724154,0.9968475436362306,0.00315245636376928,1.699333309301052,-74976.21445388673,-7676.379126999997,-7676.379126999997,0.0,113,0,0.0,61,4,,,,,4.922281407319894,0.0,0.8869246230988297,0.11307537690117025,0.6261763619593682,52,4,,,,,3.255087321211992,9055.734229584825,0.984994863458118,0.015005136541881922,1.5883296651648697,-100503.73051582795,-29722.756811,-29722.756811,0.0,327,0,0.0,181,8,,,,,5.667018182778126,0.0,0.8431165774836398,0.15688342251636028,0.3923390865530164,146,8,,,,,3.7351676866191155,10817.513406791433,0.9567548419635815,0.04324515803641857,1.4266059979736558,-100503.73051582795,-29722.756811,-29722.756811,0.0,327,0,0.0,181,8,,,,,5.667018182778126,0.0,0.8431165774836398,0.15688342251636028,0.3923390865530164,146,8,,,,,3.7351676866191155,10817.513406791433,0.9567548419635815,0.04324515803641857,1.4266059979736558
374,STRK,0.0,0.0,0.0,,0,0,0,0,0,72h,bullish,99385.07605149165,113,,,,,,,5.047573738749925,0.0,0.9968279476748589,0.003172052325141041,0.5164384556884007,,1524.437415248406,12893.782152000007,12893.782152000007,0.0,3,0,0.0,2,1,,,,,5.156744492183732,0.0,0.9895498939051706,0.010450106094829345,0.0,1,1,,,,,5.091525741981423,5953.933459876511,0.9938982838679051,0.006101716132094853,0.35,-6392.352575423997,4559.588143000005,4559.588143000005,0.0,10,0,0.0,7,1,,,,,5.100059422868252,0.0,0.9933288992000818,0.006671100799918121,0.44454339878068166,3,1,,,,,5.117189903060955,6588.367657756934,0.9921873397959365,0.007812660204063565,0.35,-5187.086425439202,44050.41386900002,44050.41386900002,0.0,40,0,0.0,23,2,,,,,5.14060102161527,0.0,0.9906261302953546,0.009373869704645208,0.09937262036630348,17,2,,,,,5.128680617402045,6313.224828550679,0.9914212921731971,0.008578707826803013,0.35000000000000003,99385.07605149165,98050.242544,98050.242544,0.0,113,0,0.0,71,4,,,,,5.047573738749925,0.0,0.9968279476748589,0.003172052325141041,0.5164384556884007,42,4,,,,,5.17373137364292,6459.199757596985,0.9884179084238053,0.011582091576194718,0.35,72096.34257455486,81591.48801100001,81591.48801100001,0.0,327,0,0.0,208,8,,,,,6.4520654349628765,0.0,0.9030509647394778,0.09694903526052237,0.22363866401152638,119,8,,,,,5.5487496810421915,6226.68207594048,0.9634166879305205,0.036583312069479436,0.35697360990148724,72096.34257455486,81591.48801100001,81591.48801100001,0.0,327,0,0.0,208,8,,,,,6.4520654349628765,0.0,0.9030509647394778,0.09694903526052237,0.22363866401152638,119,8,,,,,5.5487496810421915,6226.68207594048,0.9634166879305205,0.036583312069479436,0.35697360990148724
374,NEO,0.0,0.0,0.0,,0,0,0,0,0,24h,bullish,96977.6361422274,40,,,,,,,8.804812743198324,0.0,0.7463458171201118,0.2536541828798881,0.0,,172.52397334799812,-66.23797000000263,-66.23797000000263,0.0,3,0,0.0,2,1,,,,,8.158176935580423,0.0,0.7894548709613052,0.2105451290386949,0.0,1,1,,,,,7.677739731146736,9260.093644644228,0.8214840075022918,0.17851599249770836,0.35,8459.472634988397,1774.446052999994,1774.446052999994,0.0,10,0,0.0,9,1,,,,,8.227798211169608,0.0,0.7848134525886928,0.2151865474113071,0.0,1,1,,,,,7.677739731146736,9260.093644644228,0.8214840075022918,0.17851599249770836,0.35,96977.6361422274,-531.343555999999,-531.343555999999,0.0,40,0,0.0,31,2,,,,,8.804812743198324,0.0,0.7463458171201118,0.2536541828798881,0.0,9,2,,,,,7.2110046447514975,8898.866192988376,0.8525996805081908,0.14740031949180923,0.35,95074.2360504654,-2590.5649690000114,-2590.5649690000114,0.0,113,0,0.0,71,4,,,,,8.686786255309897,0.0,0.7542142496460069,0.24578575035399308,0.0,42,4,,,,,7.849591911236857,10466.921714792796,0.8100271951986249,0.18997280480137513,0.35,95986.4593443924,-10833.813796000013,-10833.813796000013,0.0,327,0,0.0,193,8,,,,,8.316096708519671,0.0,0.7789268860986888,0.22107311390131137,0.0,134,8,,,,,7.889812049175153,12033.989923519071,0.8073458522553277,0.19265414774467218,0.35,95986.4593443924,-10833.813796000013,-10833.813796000013,0.0,327,0,0.0,193,8,,,,,8.316096708519671,0.0,0.7789268860986888,0.22107311390131137,0.0,134,8,,,,,7.889812049175153,12033.989923519071,0.8073458522553277,0.19265414774467218,0.35
374,S,0.0,0.0,0.0,,0,0,0,0,0,15d,bearish,-92102.96929694257,327,,,,,,,5.637153885287037,7683.655615888973,0.9543985915275834,0.04560140847241661,0.369078678247869,,2796.167123139,-435.4568620000009,-435.4568620000009,0.0,3,0,0.0,1,1,,,,,5.1404444128007345,0.0,0.9906366797195459,0.009363320280453969,0.0,2,1,,,,,5.669429838368006,6203.507580535711,0.9542488913780729,0.045751108621927224,0.35,2067.7520295625973,-8554.688032000004,-8554.688032000004,0.0,10,0,0.0,6,1,,,,,5.195116894284901,0.0,0.986991848755716,0.01300815124428396,0.0,4,1,,,,,5.64213485076929,6168.991970392197,0.9558522229088048,0.04414777709119521,0.3499999999999999,-12936.66878294697,-8232.090311000005,-8232.090311000005,0.0,40,0,0.0,20,2,,,,,5.264073522921147,0.0,0.982391246553662,0.017608753446338152,0.0,20,2,,,,,5.51546155918716,6466.27573577532,0.9628764853566889,0.03712351464331097,0.35,18047.05541372224,-30247.564396000012,-30247.564396000012,0.0,113,0,0.0,58,4,,,,,5.298577788382038,0.0,0.9800843175183509,0.01991568248164897,0.0301911995149396,55,4,,,,,5.436251322900244,6935.119384070485,0.9673899348418211,0.03261006515817877,0.35000000000000003,-92102.96929694257,-46270.97653800003,-46270.97653800003,0.0,327,0,0.0,156,8,,,,,5.372739231092157,0.0,0.9749553390655821,0.025044660934417852,0.1745141585523814,171,8,,,,,5.637153885287037,7683.655615888973,0.9543985915275834,0.04560140847241661,0.369078678247869,-92102.96929694257,-46270.97653800003,-46270.97653800003,0.0,327,0,0.0,156,8,,,,,5.372739231092157,0.0,0.9749553390655821,0.025044660934417852,0.1745141585523814,171,8,,,,,5.637153885287037,7683.655615888973,0.9543985915275834,0.04560140847241661,0.369078678247869
374,2Z,0.0,0.0,0.0,,0,0,0,0,0,15d,bearish,-91790.33965974809,327,,,,,,,3.927013146601568,9866.578524310393,0.9001437776195493,0.09985622238045065,1.3129205659144896,,-27786.575825688116,35206.84108199999,35206.84108199999,0.0,3,0,0.0,1,1,,,,,4.101745457394655,0.0,0.9351914436826674,0.06480855631733262,1.0,2,1,,,,,4.122699820423438,9399.173892456074,0.7909108559000159,0.20908914409998422,1.35,-66587.60710932195,30947.635729999987,30947.635729999987,0.0,10,0,0.0,3,1,,,,,4.077207764830721,0.0,0.9366348373628987,0.06336516263710125,1.0,7,1,,,,,4.059375221022992,8797.692487688253,0.7450528789293177,0.25494712107068235,1.35,-60877.26030322417,43944.10827499999,43944.10827499999,0.0,40,0,0.0,19,2,,,,,3.688742110691114,0.0,0.9594857581946404,0.04051424180535967,1.0,21,2,,,,,3.983285570140294,8731.727354917753,0.7771322836419342,0.2228677163580659,1.35,-85459.50832251213,38561.55892399998,38561.55892399998,0.0,113,0,0.0,66,4,,,,,3.3067234451638323,0.0,0.9819574444021275,0.01804255559787248,1.1337685160136055,47,4,,,,,3.593495236123224,9098.80207109301,0.886186259595668,0.11381374040433191,1.35,-91790.33965974809,-14386.022660000015,-14386.022660000015,0.0,327,0,0.0,171,8,,,,,3.625344419535952,0.0,0.963215034144944,0.036784965855056,1.0368227967550703,156,8,,,,,3.927013146601568,9866.578524310393,0.9001437776195493,0.09985622238045065,1.3129205659144896,-91790.33965974809,-14386.022660000015,-14386.022660000015,0.0,327,0,0.0,171,8,,,,,3.625344419535952,0.0,0.963215034144944,0.036784965855056,1.0368227967550703,156,8,,,,,3.927013146601568,9866.578524310393,0.9001437776195493,0.09985622238045065,1.3129205659144896
374,ZORA,0.0,0.0,0.0,,0,0,0,0,0,24h,bullish,90096.29712083047,40,,,,,,,3.659629840662357,0.0,0.9611982446669202,0.03880175533307981,1.0238864866081816,,35999.10349132519,67681.618685,67681.618685,0.0,3,0,0.0,1,1,,,,,4.0459378052910955,0.0,0.9384742467475824,0.06152575325241738,1.0,2,1,,,,,3.853693286700981,11943.83631132019,0.9497827478411187,0.0502172521588813,1.35,40994.502919817955,68640.099838,68640.099838,0.0,10,0,0.0,6,1,,,,,3.9931152785335766,0.0,0.941581454203907,0.058418545796092736,1.0,4,1,,,,,3.8519553885887796,11972.18562503282,0.9498849771418365,0.05011502285816356,1.35,90096.29712083047,84179.441457,84179.441457,0.0,40,0,0.0,29,2,,,,,3.659629840662357,0.0,0.9611982446669202,0.03880175533307981,1.0238864866081816,11,2,,,,,3.8445316099050983,10602.555722319466,0.9503216700055825,0.049678329994417555,1.35,-30081.884254771667,-110553.40429899999,-110553.40429899999,0.0,113,0,0.0,65,4,,,,,3.718631008893149,0.0,0.9577275877121675,0.04227241228783232,1.017718300786942,48,4,,,,,4.404568980860585,13916.528495659106,0.917378295243495,0.08262170475650502,1.204869518998159,33085.97646511974,-59343.08984499999,-59343.08984499999,0.0,327,0,0.0,193,8,,,,,3.616389516629732,0.0,0.9637417931394275,0.03625820686057247,1.0340273646698097,134,8,,,,,4.392397033571999,18206.800490089263,0.9180942921428237,0.08190570785717642,1.1784247819135687,33085.97646511974,-59343.08984499999,-59343.08984499999,0.0,327,0,0.0,193,8,,,,,3.616389516629732,0.0,0.9637417931394275,0.03625820686057247,1.0340273646698097,134,8,,,,,4.392397033571999,18206.800490089263,0.9180942921428237,0.08190570785717642,1.1784247819135687
374,NXPC,0.0,0.0,0.0,,0,0,0,0,0,24h,bullish,89313.9414794225,40,,,,,,,18.990910649346304,0.0,0.05935819709727622,0.9406418029027237,-1.8,,2292.273781183799,-667.5758699999999,-667.5758699999999,0.0,3,0,0.0,1,1,,,,,19.129362623920574,0.0,0.0512139632987898,0.9487860367012102,-1.8,2,1,,,,,8.23481005848897,8203.72170961421,0.6920699965594723,0.3079300034405277,0.35,13595.711937764996,1559.153285,1559.153285,0.0,10,0,0.0,7,1,,,,,19.174954065382003,0.0,0.048532113801058645,0.9514678861989413,-1.8,3,1,,,,,7.794496667090364,8858.95859262279,0.717970784288802,0.2820292157111979,0.35,89313.9414794225,74068.53626,74068.53626,0.0,40,0,0.0,35,2,,,,,18.990910649346304,0.0,0.05935819709727622,0.9406418029027237,-1.8,5,2,,,,,7.4644629303978896,8670.690773617202,0.7373845335060064,0.2626154664939936,0.35,86057.26440086712,77873.93759,77873.93759,0.0,113,0,0.0,72,4,,,,,18.742096855963293,0.0,0.07399430259039452,0.9260056974096056,-1.8000000000000003,41,4,,,,,6.5108116301686065,7315.5177583333,0.7934816688136113,0.2065183311863886,0.3499999999999999,77529.3625864186,69079.34316,69079.34316,0.0,327,0,0.0,162,8,,,,,18.772576393028544,0.0,0.0722013886453798,0.9277986113546203,-1.8000000000000003,165,8,,,,,6.232503968647656,7390.21074588552,0.8098527077266084,0.19014729227339147,0.35,77529.3625864186,69079.34316,69079.34316,0.0,327,0,0.0,162,8,,,,,18.772576393028544,0.0,0.0722013886453798,0.9277986113546203,-1.8000000000000003,165,8,,,,,6.232503968647656,7390.21074588552,0.8098527077266084,0.19014729227339147,0.35
374,BANANA,0.0,0.0,0.0,,0,0,0,0,0,15d,bearish,-87250.12131349984,324,,,,,,,7.453191039908255,21590.694445753557,0.7380475858877498,0.2619524141122503,0.16587674452437773,,-700.1385709769961,-1419.1512899999966,-1419.1512899999966,0.0,3,0,0.0,1,1,,,,,4.370316834272924,0.0,0.9193931273957103,0.08060687260428961,1.0,2,1,,,,,6.166201582481189,13533.915959942626,0.8137528480893418,0.18624715191065816,0.35,16987.542798029404,5324.550100000006,5324.550100000006,0.0,10,0,0.0,7,1,,,,,5.305715278691166,0.0,0.864369689488755,0.13563031051124508,0.5247827543414884,3,1,,,,,6.14407849738845,13547.570758650721,0.8150542060359737,0.18494579396402644,0.35,21538.3067288694,11774.145175000001,11774.145175000001,0.0,40,0,0.0,27,2,,,,,5.3199092076467025,0.0,0.8635347524913706,0.13646524750862962,0.5221632620052837,13,2,,,,,5.482886554085754,12611.123507067836,0.8539478497596615,0.14605215024033846,0.35,-10264.300176531726,-7853.204155,-7853.204155,0.0,113,0,0.0,60,4,,,,,5.496878936354179,0.0,0.8531247684497543,0.1468752315502458,0.40093592510392156,53,4,,,,,6.141667350822131,13463.816146427675,0.8151960381869335,0.18480396181306652,0.35000000000000003,-87250.12131349984,-69332.2781,-69332.2781,0.0,324,0,0.0,156,8,,,,,5.17951672766985,0.0,0.8717931336664793,0.1282068663335206,0.49480466203724954,168,8,,,,,7.453191039908255,21590.694445753557,0.7380475858877498,0.2619524141122503,0.16587674452437773,-87250.12131349984,-69332.2781,-69332.2781,0.0,324,0,0.0,156,8,,,,,5.17951672766985,0.0,0.8717931336664793,0.1282068663335206,0.49480466203724954,168,8,,,,,7.453191039908255,21590.694445753557,0.7380475858877498,0.2619524141122503,0.16587674452437773
374,STBL,0.0,0.0,0.0,,0,0,0,0,0,24h,bullish,86577.20050622449,40,,,,,,,3.7569231298205583,0.0,0.9554751100105552,0.044524889989444656,1.0,,2253.0548722021194,-822.6974520000001,-822.6974520000001,0.0,3,0,0.0,2,1,,,,,3.870821793626826,0.0,0.9487751886101868,0.051224811389813274,1.0,1,1,,,,,3.365316485287402,4271.404854437762,0.9785107949830939,0.02148920501690608,1.35,-170.9617493108166,-4931.09532,-4931.09532,0.0,10,0,0.0,3,1,,,,,3.8648364226092733,0.0,0.9491272692582781,0.050872730741721946,1.0,7,1,,,,,3.370782720721678,4506.719821745556,0.978189251722254,0.02181074827774582,1.3499999999999999,86577.20050622449,11318.724596000002,11318.724596000002,0.0,40,0,0.0,21,2,,,,,3.7569231298205583,0.0,0.9554751100105552,0.044524889989444656,1.0,19,1,,,,,3.3418473292288304,4645.184863817765,0.9798913335747746,0.020108666425225356,1.35,21308.635867202505,-32517.716980999998,-32517.716980999998,0.0,113,0,0.0,53,4,,,,,3.791216946829406,0.0,0.9534578266570937,0.04654217334290625,1.0,60,4,,,,,3.313565563705777,4279.491064999625,0.9815549668408368,0.018445033159163335,1.35,49530.33676114808,-6733.109071999995,-6733.109071999995,0.0,327,0,0.0,153,8,,,,,3.7154992369190123,0.0,0.9579118095929993,0.04208819040700075,1.0,174,8,,,,,3.2479684608754265,4284.989461011386,0.9854136199485044,0.01458638005149567,1.35,49530.33676114808,-6733.109071999995,-6733.109071999995,0.0,327,0,0.0,153,8,,,,,3.7154992369190123,0.0,0.9579118095929993,0.04208819040700075,1.0,174,8,,,,,3.2479684608754265,4284.989461011386,0.9854136199485044,0.01458638005149567,1.35
374,PURR,0.0,0.0,0.0,,0,0,0,0,0,15d,bearish,-85985.0250909142,304,,,,,,,3.072667668570298,930.5609886534465,0.991425899629264,0.008574100370735858,1.35,,-3633.1774085143725,-7697.4894910460025,-801.026396,-6896.463095046002,3,0,0.8959366691007785,1,1,,,,,3.472868725539903,0.0,0.9721841926152998,0.02781580738470013,1.0,2,1,,,,,3.049276290514549,792.1766787362848,0.9929656599245824,0.007034340075417688,1.35,-14557.492843870079,-21041.123045744025,-12274.299174000002,-8766.823871744024,10,0,0.416651898887939,3,1,,,,,3.497667289087057,0.0,0.9707254535831141,0.029274546416885715,1.0,7,1,,,,,3.0467686356761385,807.5748362960245,0.9931139757984715,0.006886024201528476,1.3499999999999999,-29998.036416555056,-32306.32015587861,-17000.981682,-15305.338473878606,38,0,0.4737567881464078,13,2,,,,,3.4621249603918893,0.0,0.9728161788004771,0.027183821199522888,1.0,25,2,,,,,3.0532848142205165,801.9885263237649,0.9927227854572912,0.0072772145427088585,1.35,45114.868076041,49762.92303527069,-24068.706613000002,73831.6296482707,104,0,0.7541509300972487,54,4,,,,,3.4861809287643517,0.0,0.971401121837391,0.028598878162608938,1.0,50,4,,,,,3.0527473218329746,790.4008819324736,0.9927291413738144,0.007270858626185599,1.35,-85985.0250909142,-65133.03439310127,-111917.096165,46784.06177189872,304,0,0.2947934493994087,145,8,,,,,3.448111342645734,0.3151734159030959,0.9736405092561332,0.026359490743866676,1.0014789750715827,159,8,,,,,3.072667668570298,930.5609886534465,0.991425899629264,0.008574100370735858,1.35,-85985.0250909142,-65133.03439310127,-111917.096165,46784.06177189872,304,0,0.2947934493994087,145,8,,,,,3.448111342645734,0.3151734159030959,0.9736405092561332,0.026359490743866676,1.0014789750715827,159,8,,,,,3.072667668570298,930.5609886534465,0.991425899629264,0.008574100370735858,1.35
374,LINEA,0.0,0.0,0.0,,0,0,0,0,0,15d,bearish,-83443.41677072932,327,,,,,,,4.186988435694988,9371.082081134056,0.9299354081026353,0.07006459189736478,1.2976726620087924,,-2626.3256479979996,-399.7705739999998,-399.7705739999998,0.0,3,0,0.0,1,1,,,,,6.3702562938509795,64.21004369435795,0.7740763170219865,0.22592368297801352,0.35,2,1,,,,,5.015499859113689,7829.257329479736,0.8812090542686158,0.11879094573138406,0.35,-2819.732064330557,2140.4740039999997,2140.4740039999997,0.0,10,0,0.0,3,1,,,,,6.146723148863861,62.84705810393301,0.7875340498428307,0.21246595015716938,0.35,7,1,,,,,5.018902008806811,8548.83488217694,0.8810096282823899,0.11899037171761008,0.35,1403.4320443552742,3199.0584089999998,3199.0584089999998,0.0,40,0,0.0,18,2,,,,,6.166807527119496,63.11081819297171,0.7860558843917391,0.21394411560826096,0.35,22,2,,,,,5.012041447203727,8869.342033533763,0.8814133493060354,0.11858665069396448,0.41761265673776315,23709.008078747793,17263.591159999996,17263.591159999996,0.0,113,0,0.0,59,4,,,,,5.8795964922600215,63.652159907099644,0.8020990537962267,0.19790094620377338,0.35,54,4,,,,,4.844703292775237,9006.937497106012,0.8912581886421216,0.10874181135787847,1.0150584615224683,-83443.41677072932,-29134.624505,-29134.624505,0.0,327,0,0.0,148,8,,,,,4.22543723223554,62.547132553023786,0.8962777610060106,0.10372223899398934,1.0389003709565157,179,8,,,,,4.186988435694988,9371.082081134056,0.9299354081026353,0.07006459189736478,1.2976726620087924,-83443.41677072932,-29134.624505,-29134.624505,0.0,327,0,0.0,148,8,,,,,4.22543723223554,62.547132553023786,0.8962777610060106,0.10372223899398934,1.0389003709565157,179,8,,,,,4.186988435694988,9371.082081134056,0.9299354081026353,0.07006459189736478,1.2976726620087924
374,ZETA,0.0,0.0,0.0,,0,0,0,0,0,72h,bearish,-80375.13018662338,113,,,,,,,3.590654398304764,11101.89804859398,0.9652556236291314,0.03474437637086853,1.3453984638569956,,17015.22151601064,6052.830064999998,6052.830064999998,0.0,3,0,0.0,3,1,,,,,4.282654036954848,0.0,0.9245497625320679,0.07545023746793222,1.0,0,0,,,,,,,,,,16048.846221951459,4848.183458999996,4848.183458999996,0.0,10,0,0.0,8,1,,,,,4.316891140997105,0.0,0.9225358152354645,0.07746418476453552,1.0,2,1,,,,,3.4358093443017257,8735.302654518271,0.9743641562175454,0.025635843782454485,1.35,8109.2895786509835,-5862.1152220000085,-5862.1152220000085,0.0,40,0,0.0,23,2,,,,,4.392479917063065,0.0,0.9180894166433491,0.08191058335665088,1.0,17,2,,,,,3.623556266898862,8650.018368100824,0.9633202195941845,0.03667978040581542,1.3499999999999999,-80375.13018662338,-32284.94316300003,-32284.94316300003,0.0,113,0,0.0,58,4,,,,,5.3797167653797615,0.0,0.860016660860014,0.13998333913998592,0.6219371381255947,55,4,,,,,3.590654398304764,11101.89804859398,0.9652556236291314,0.03474437637086853,1.3453984638569956,-70085.60025409705,-19761.04228100002,-19761.04228100002,0.0,327,0,0.0,163,8,,,,,4.947717807939489,0.0,0.8854283642388537,0.11457163576114633,0.7356372378852801,164,8,,,,,3.4998456618176874,11938.184967428891,0.9705973140107242,0.029402685989275767,1.3959372242156505,-70085.60025409705,-19761.04228100002,-19761.04228100002,0.0,327,0,0.0,163,8,,,,,4.947717807939489,0.0,0.8854283642388537,0.11457163576114633,0.7356372378852801,164,8,,,,,3.4998456618176874,11938.184967428891,0.9705973140107242,0.029402685989275767,1.3959372242156505
374,kFLOKI,0.0,0.0,0.0,,0,0,0,0,0,15d,bullish,76741.94696998193,327,,,,,,,6.918697733954309,0.0,0.871407663401061,0.1285923365989391,0.0,,1119.6194774004002,1311.6622150000003,1311.6622150000003,0.0,3,0,0.0,2,1,,,,,7.140175572083292,0.0,0.8573216285277803,0.1426783714722196,0.0,1,1,,,,,6.3127231850506345,15299.375113685584,0.8977646076236836,0.10223539237631647,0.35,8501.95833524052,-417.56813299999993,-417.56813299999993,0.0,10,0,0.0,9,1,,,,,7.116931005402587,0.0,0.8588712663064942,0.14112873369350576,0.0,1,1,,,,,6.3127231850506345,15299.375113685584,0.8977646076236836,0.10223539237631647,0.35,23647.936417701843,16637.619178,16637.619178,0.0,40,0,0.0,27,2,,,,,7.062306049524018,0.0,0.8625129300317322,0.13748706996826784,0.0,13,2,,,,,6.13257151797704,15152.556168698215,0.9087617423729211,0.09123825762707867,0.35,-16707.625481029427,932.4059009999929,932.4059009999929,0.0,113,0,0.0,59,4,,,,,7.131217287490613,0.0,0.8576769745357087,0.14232302546429135,0.0,54,4,,,,,6.276799878388377,14859.756410834238,0.9054348827538357,0.09456511724616436,0.35000000000000003,76741.94696998193,51772.924021000006,51772.924021000006,0.0,327,0,0.0,160,8,,,,,6.918697733954309,0.0,0.871407663401061,0.1285923365989391,0.0,167,8,,,,,6.1368947625633306,14790.010134287559,0.9147194836736738,0.08528051632632634,0.35000000000000003,76741.94696998193,51772.924021000006,51772.924021000006,0.0,327,0,0.0,160,8,,,,,6.918697733954309,0.0,0.871407663401061,0.1285923365989391,0.0,167,8,,,,,6.1368947625633306,14790.010134287559,0.9147194836736738,0.08528051632632634,0.35000000000000003
374,ATOM,0.0,0.0,0.0,,0,0,0,0,0,15d,bullish,73118.6649935064,327,,,,,,,5.372616816746676,0.1933842671370562,0.9751588788835549,0.02484112111644507,0.0,,-441.3218734933772,79.40249300001415,79.40249300001415,0.0,3,0,0.0,1,1,,,,,5.483887121431765,0.0,0.9677408585712155,0.03225914142878441,0.0,2,1,,,,,5.422989833697884,8813.665894237449,0.9718006777534742,0.028199322246525504,0.35,439.9169579590124,-6003.416478999986,-6003.416478999986,0.0,10,0,0.0,6,1,,,,,5.429499501622558,0.0,0.9713666998918293,0.028633300108170546,0.0,4,1,,,,,5.453004702620359,9091.883928190744,0.969799686491976,0.030200313508023935,0.3499999999999999,18544.800871014635,-9759.322856000003,-9759.322856000003,0.0,40,0,0.0,21,2,,,,,5.390729462201856,0.0,0.9739513691865429,0.026048630813457017,0.0,19,2,,,,,5.4411756590208755,8971.875740759251,0.9705882893986083,0.029411710601391628,0.35,-36118.16902875757,-59537.453215999994,-59537.453215999994,0.0,113,0,0.0,54,4,,,,,5.431294497608987,0.0,0.971247033492734,0.02875296650726584,0.0,59,4,,,,,5.357789874765185,9378.666073302325,0.976147341682321,0.02385265831767897,0.35,73118.6649935064,65716.281457,65716.281457,0.0,327,0,0.0,167,8,,,,,5.372616816746676,0.1933842671370562,0.9751588788835549,0.02484112111644507,0.0,160,8,,,,,5.316920711297786,9796.144696250563,0.9788719525801476,0.021128047419852355,0.35,73118.6649935064,65716.281457,65716.281457,0.0,327,0,0.0,167,8,,,,,5.372616816746676,0.1933842671370562,0.9751588788835549,0.02484112111644507,0.0,160,8,,,,,5.316920711297786,9796.144696250563,0.9788719525801476,0.021128047419852355,0.35
374,RUNE,0.0,0.0,0.0,,0,0,0,0,0,15d,bearish,-71138.51859026875,327,,,,,,,5.264660414687437,9035.102829560685,0.9753938783127573,0.024606121687242764,0.46172384446985837,,2006.2642404072046,328.78839600000475,328.78839600000475,0.0,3,0,0.0,1,1,,,,,5.342863908603185,0.0,0.9760760731259877,0.023923926874012333,0.0,2,1,,,,,5.567035883870632,9927.13951821086,0.9551488236451579,0.04485117635484206,0.35,10194.21561866267,349.7717209999888,349.7717209999888,0.0,10,0,0.0,7,1,,,,,6.3807864137646515,0.0,0.9069562911964132,0.09304370880358682,0.0,3,1,,,,,5.0817250334831146,10088.763723031858,0.9870570849146317,0.012942915085368621,0.35,-2289.182992467116,11853.307094000007,11853.307094000007,0.0,40,0,0.0,21,2,,,,,6.641482386170364,0.0,0.8895833837537742,0.11041661624622578,0.0,19,2,,,,,5.200647484786671,9515.564399632658,0.9791456284486959,0.020854371551304107,0.35,-18430.69547805659,-7881.052348999989,-7881.052348999989,0.0,113,0,0.0,59,4,,,,,6.6322679985835205,0.0,0.8901579431262477,0.10984205687375234,0.0,54,4,,,,,5.2831355714581845,9145.975441788947,0.9741017272401838,0.02589827275981612,0.35,-71138.51859026875,-51499.36687799999,-51499.36687799999,0.0,327,0,0.0,154,8,,,,,6.654713381440747,0.4075137217286789,0.8886590717914904,0.1113409282085097,0.0,173,8,,,,,5.264660414687437,9035.102829560685,0.9753938783127573,0.024606121687242764,0.46172384446985837,-71138.51859026875,-51499.36687799999,-51499.36687799999,0.0,327,0,0.0,154,8,,,,,6.654713381440747,0.4075137217286789,0.8886590717914904,0.1113409282085097,0.0,173,8,,,,,5.264660414687437,9035.102829560685,0.9753938783127573,0.024606121687242764,0.46172384446985837
374,GMX,0.0,0.0,0.0,,0,0,0,0,0,15d,bearish,-69515.59145428137,327,,,,,,,5.178214005918097,16925.880684409818,0.871869764357759,0.128130235642241,0.8010696054084592,,-5572.921486000812,513.4859309999911,513.4859309999911,0.0,3,0,0.0,0,0,,,,,,,,,,3,1,,,,,5.628668446229295,12100.430259339539,0.8453724443394532,0.15462755566054678,0.35,-4911.02992891112,-12183.006817000005,-12183.006817000005,0.0,10,0,0.0,5,1,,,,,7.852864504177331,0.0,0.7145373821072158,0.28546261789278415,0.0,5,1,,,,,5.663841504242487,12213.269941666324,0.8433034409269125,0.15669655907308747,0.4274462841575084,-1465.091218724608,-7534.691860000003,-7534.691860000003,0.0,40,0,0.0,22,2,,,,,7.633205178763653,0.0,0.7274585188962557,0.2725414811037444,0.0,18,2,,,,,5.485316742932946,12148.097575715043,0.8538048974745327,0.14619510252546739,0.6018925311017307,386.5543823396818,-1467.3118399999967,-1467.3118399999967,0.0,113,0,0.0,61,4,,,,,8.396673013621895,0.0,0.6825486462575358,0.31745135374246436,-0.22851418089810763,52,4,,,,,5.676650908738126,12473.79614508619,0.8425499465448161,0.15745005345518395,0.5829401446851827,-69515.59145428137,-70262.008992,-70262.008992,0.0,327,0,0.0,164,8,,,,,6.721982216470583,0.0,0.7810598696193775,0.21894013038062257,0.23526982807958927,163,8,,,,,5.178214005918097,16925.880684409818,0.871869764357759,0.128130235642241,0.8010696054084592,-69515.59145428137,-70262.008992,-70262.008992,0.0,327,0,0.0,164,8,,,,,6.721982216470583,0.0,0.7810598696193775,0.21894013038062257,0.23526982807958927,163,8,,,,,5.178214005918097,16925.880684409818,0.871869764357759,0.128130235642241,0.8010696054084592
374,APEX,0.0,0.0,0.0,,0,0,0,0,0,15d,bullish,67077.31983448092,327,,,,,,,13.306602669214868,0.0,0.3937292547520666,0.6062707452479335,-1.565140481886338,,-5011.8547837008,63.700949999999864,63.700949999999864,0.0,3,0,0.0,0,0,,,,,,,,,,3,1,,,,,4.281669653090051,5797.954732667996,0.9242056396494177,0.07579436035058232,1.35,-121.93597612080083,2923.2028149999996,2923.2028149999996,0.0,10,0,0.0,5,1,,,,,13.479426990412488,0.0,0.38356311821103006,0.6164368817889698,-1.8000000000000003,5,1,,,,,4.282894847973949,5933.56417686754,0.9241342081595803,0.07586579184041976,1.3500000000000003,-1271.9225858394016,807.8510249999993,807.8510249999993,0.0,40,0,0.0,20,2,,,,,13.574263571512155,0.0,0.3779844957934026,0.6220155042065973,-1.8,20,2,,,,,4.20341188327105,5924.012335611255,0.9288102130461477,0.07118978695385221,1.35,32933.36992879236,-390.3671100000009,-390.3671100000009,0.0,113,0,0.0,60,4,,,,,13.06823551999408,0.0,0.40775085176505416,0.5922491482349458,-1.4588354760943225,53,4,,,,,4.2889296580836485,6076.362381370417,0.923778592270092,0.07622140772990814,1.3500000000000003,67077.31983448092,10275.28345,10275.28345,0.0,327,0,0.0,193,8,,,,,13.306602669214868,0.0,0.3937292547520666,0.6062707452479335,-1.565140481886338,134,8,,,,,4.279743650484161,5901.817237124995,0.9243221919783497,0.07567780802165028,1.3499999999999999,67077.31983448092,10275.28345,10275.28345,0.0,327,0,0.0,193,8,,,,,13.306602669214868,0.0,0.3937292547520666,0.6062707452479335,-1.565140481886338,134,8,,,,,4.279743650484161,5901.817237124995,0.9243221919783497,0.07567780802165028,1.3499999999999999
374,MEGA,0.0,0.0,0.0,,0,0,0,0,0,15d,bearish,-65784.28330700856,327,,,,,,,3.131551803620743,2307.427692029417,0.9824037157488831,0.017596284251117027,1.553273935939509,,19660.825535083757,27747.96247,27747.96247,0.0,3,0,0.0,2,1,,,,,2.80383637026265,53.935782615224376,1.0,0.0,1.8,1,1,,,,,2.9381342080557924,2456.109609831007,0.9945495446387853,0.005450455361214655,1.7999999999999998,-10318.564353696114,-13692.041342999994,-13692.041342999994,0.0,10,0,0.0,3,1,,,,,2.804015461945771,53.96973612815674,1.0,0.0,1.7999999999999998,7,1,,,,,3.0029366962582897,2677.685417824912,0.9907557252759922,0.009244274724007693,1.6223420862491669,10075.528603052295,6362.807558000012,6362.807558000012,0.0,40,0,0.0,18,2,,,,,2.953902624380875,53.18432620576114,0.9913580863401876,0.008641913659812489,1.5894311857593402,22,2,,,,,2.9864057760144944,2557.5571053527433,0.9918021000996912,0.008197899900308739,1.705523536317125,20205.557637454574,104042.82441900001,104042.82441900001,0.0,113,0,0.0,53,4,,,,,2.9607160293050137,56.45524468258518,0.9913548574909563,0.008645142509043652,1.592630709347883,60,4,,,,,2.9424219047862876,2426.6508211426453,0.9932149352703952,0.0067850647296047615,1.7703352621398594,-65784.28330700856,-16047.519144000034,-16047.519144000034,0.0,327,0,0.0,144,8,,,,,4.66626933047407,50.622061703342425,0.8920723577760953,0.10792764222390477,0.8443065333419295,183,8,,,,,3.131551803620743,2307.427692029417,0.9824037157488831,0.017596284251117027,1.553273935939509,-65784.28330700856,-16047.519144000034,-16047.519144000034,0.0,327,0,0.0,144,8,,,,,4.66626933047407,50.622061703342425,0.8920723577760953,0.10792764222390477,0.8443065333419295,183,8,,,,,3.131551803620743,2307.427692029417,0.9824037157488831,0.017596284251117027,1.553273935939509
374,STX,0.0,0.0,0.0,,0,0,0,0,0,15d,bullish,65448.283622275165,327,,,,,,,9.836728604534837,0.0,0.6775514263643442,0.3224485736356558,-0.5632878793400526,,-354.3145285907992,3364.0883700000018,3364.0883700000018,0.0,3,0,0.0,2,1,,,,,9.879952916637835,0.0,0.6746698055574777,0.32533019444252226,0.0,1,1,,,,,6.222505010409954,71099.12768071762,0.9184996394045426,0.08150036059545729,0.35,2149.9327829771996,4191.422602000001,4191.422602000001,0.0,10,0,0.0,8,1,,,,,9.74530053020202,0.0,0.6836466313198654,0.31635336868013464,-0.11091028177403522,2,1,,,,,6.3928478459829385,71204.59561435926,0.9071434506552691,0.0928565493447309,0.35,4026.051672923601,11477.918228000002,11477.918228000002,0.0,40,0,0.0,25,2,,,,,9.7389122416534,0.0,0.6840725172231066,0.31592748277689336,-0.0458588725461668,15,2,,,,,6.229257673896688,73966.01940532339,0.9180494617131595,0.0819505382868405,0.35000000000000003,17677.8665916892,34652.25129,34652.25129,0.0,113,0,0.0,66,4,,,,,10.537410381974212,0.0,0.6308393078683859,0.36916069213161407,-0.6846205150128778,47,4,,,,,6.429248481904507,74624.30117602863,0.9047167418502166,0.09528325814978345,0.3499999999999999,65448.283622275165,54631.16128900001,54631.16128900001,0.0,327,0,0.0,186,8,,,,,9.836728604534837,0.0,0.6775514263643442,0.3224485736356558,-0.5632878793400526,141,8,,,,,6.586055212715944,55247.25213568903,0.8715900776592633,0.12840992234073653,0.3499999999999999,65448.283622275165,54631.16128900001,54631.16128900001,0.0,327,0,0.0,186,8,,,,,9.836728604534837,0.0,0.6775514263643442,0.3224485736356558,-0.5632878793400526,141,8,,,,,6.586055212715944,55247.25213568903,0.8715900776592633,0.12840992234073653,0.3499999999999999
374,ZK,0.0,0.0,0.0,,0,0,0,0,0,15d,bearish,-60817.02088034103,327,,,,,,,5.892186030817311,9318.786381588649,0.9402023224473347,0.05979767755266543,0.35,,760.0025435523996,-1937.928544,-1937.928544,0.0,3,0,0.0,1,1,,,,,6.341818544644257,0.0,0.9101511210324924,0.08984887896750747,0.0,2,1,,,,,6.413113897262361,7475.257179145439,0.9055321908527373,0.09446780914726273,0.3499999999999999,732.5823834565995,-2286.463852000001,-2286.463852000001,0.0,10,0,0.0,5,1,,,,,6.428408175774598,0.0,0.9043815328512004,0.09561846714879964,0.0,5,1,,,,,6.385477571856674,8063.37420163543,0.9073730468125251,0.09262695318747505,0.35,-24633.469023043996,-4110.1922440000035,-4110.1922440000035,0.0,40,0,0.0,12,2,,,,,6.220890421335846,0.0,0.9176794409225826,0.08232055907741746,0.0,28,2,,,,,6.2790133749029176,7912.843137680066,0.91447646266964,0.08552353733036007,0.35,-7012.469484654037,996.3576219999943,996.3576219999943,0.0,113,0,0.0,41,4,,,,,5.718691585032388,0.0,0.9482827933909829,0.051717206609017206,0.0,72,4,,,,,6.102721675114923,8051.229810673663,0.9263660485010301,0.07363395149896994,0.35,-60817.02088034103,-14911.47847600001,-14911.47847600001,0.0,327,0,0.0,131,8,,,,,5.510104142890498,0.0,0.9618027306854177,0.03819726931458228,0.053180185570305794,196,8,,,,,5.892186030817311,9318.786381588649,0.9402023224473347,0.05979767755266543,0.35,-60817.02088034103,-14911.47847600001,-14911.47847600001,0.0,327,0,0.0,131,8,,,,,5.510104142890498,0.0,0.9618027306854177,0.03819726931458228,0.053180185570305794,196,8,,,,,5.892186030817311,9318.786381588649,0.9402023224473347,0.05979767755266543,0.35
374,TRB,0.0,0.0,0.0,,0,0,0,0,0,72h,bullish,60283.0224117617,113,,,,,,,4.551807173591609,98.46573897843784,0.9025022140300035,0.09749778596999646,1.1346332606735923,,1853.8323742300004,1034.5095000000001,1034.5095000000001,0.0,3,0,0.0,2,1,,,,,4.109640166169555,98.50406833258786,0.9280353040365386,0.07196469596346138,1.35,1,1,,,,,3.593687855515281,4839.201617278706,0.9650771849696895,0.03492281503031061,1.35,-47131.3614995614,1084.8891850000025,1084.8891850000025,0.0,10,0,0.0,6,1,,,,,3.9348446277230122,98.50139157872601,0.9380901414430616,0.06190985855693851,1.3500000000000003,4,1,,,,,3.4361435977398926,6925.785266809633,0.9743444942505946,0.02565550574940544,1.35,-48617.04679162668,-51096.71784,-51096.71784,0.0,40,0,0.0,17,2,,,,,4.250992236336941,98.52206424541912,0.9205708530529607,0.07942914694703922,1.35,23,2,,,,,3.9158147942592914,5615.326673754893,0.9461285415141594,0.05387145848584067,1.35,60283.0224117617,35122.165435,35122.165435,0.0,113,0,0.0,62,4,,,,,4.551807173591609,98.46573897843784,0.9025022140300035,0.09749778596999646,1.1346332606735923,51,4,,,,,4.031806793063161,5654.896894143307,0.9393054827609906,0.060694517239009496,1.34793864146871,5553.882448218537,-11161.35224,-11161.35224,0.0,327,0,0.0,164,8,,,,,4.622765654092905,98.4284486976235,0.8984208444504991,0.10157915554950084,1.0811970676227263,163,8,,,,,4.403098213522485,5982.0127713448455,0.9174648109692657,0.08253518903073441,1.101944411529936,5553.882448218537,-11161.35224,-11161.35224,0.0,327,0,0.0,164,8,,,,,4.622765654092905,98.4284486976235,0.8984208444504991,0.10157915554950084,1.0811970676227263,163,8,,,,,4.403098213522485,5982.0127713448455,0.9174648109692657,0.08253518903073441,1.101944411529936
374,POPCAT,0.0,0.0,0.0,,0,0,0,0,0,15d,bullish,60143.40382227726,327,,,,,,,4.580189079113344,43.79994916053091,0.9070477012286268,0.09295229877137322,0.982065397810415,,-40141.287078502806,-22382.567817999996,-22382.567817999996,0.0,3,0,0.0,2,1,,,,,5.575720173175395,0.0,0.8484870486367413,0.1515129513632585,0.4547694171640263,1,1,,,,,3.5054452609961126,12264.548329168712,0.9688814830135523,0.031118516986447724,1.35,-48386.11959990513,-34654.086638999994,-34654.086638999994,0.0,10,0,0.0,6,1,,,,,5.3874461721309315,5.05544107861441,0.859561989874651,0.14043801012534893,0.6014116642048299,4,1,,,,,3.570888643453309,12234.822006427772,0.9650422381786726,0.034957761821327364,1.35,7272.9038923796725,-3507.884255999991,-3507.884255999991,0.0,40,0,0.0,23,2,,,,,5.438911672699545,41.26006746386182,0.8565346074882622,0.14346539251173798,0.21870276937904679,17,2,,,,,3.598428785310372,12545.863357767603,0.9634543967487258,0.03654560325127421,1.35,-18517.61070185236,46425.93691800001,46425.93691800001,0.0,113,0,0.0,65,4,,,,,5.190306655269422,46.29874252161048,0.871158432042975,0.12884156795702487,0.6288596867292344,48,4,,,,,3.649488217955644,12888.937849910819,0.960686901497609,0.03931309850239085,1.35,60143.40382227726,55251.85191800003,55251.85191800003,0.0,327,0,0.0,157,8,,,,,4.580189079113344,43.79994916053091,0.9070477012286268,0.09295229877137322,0.982065397810415,170,8,,,,,3.653309427959519,12505.282914615804,0.9608832769344591,0.03911672306554081,1.3499999999999999,60143.40382227726,55251.85191800003,55251.85191800003,0.0,327,0,0.0,157,8,,,,,4.580189079113344,43.79994916053091,0.9070477012286268,0.09295229877137322,0.982065397810415,170,8,,,,,3.653309427959519,12505.282914615804,0.9608832769344591,0.03911672306554081,1.3499999999999999
374,MELANIA,0.0,0.0,0.0,,0,0,0,0,0,72h,bearish,-58192.16494754807,113,,,,,,,4.381928940947231,11982.85252428846,0.9162487200820087,0.08375127991799136,1.35,,2998.4774343048666,799.7182800000057,799.7182800000057,0.0,3,0,0.0,2,1,,,,,4.324245519899562,0.0,0.9221032047117905,0.07789679528820959,1.0,1,1,,,,,3.888488023078248,9815.86574197007,0.9451496754086857,0.054850324591313955,1.35,1152.0002783679706,-143.04216699998676,-143.04216699998676,0.0,10,0,0.0,5,1,,,,,4.35273543333405,0.0,0.9204273274509382,0.07957267254906183,1.0,5,1,,,,,3.9129022614876297,9811.280463886751,0.9436967795605194,0.05630322043948043,1.35,14812.180001157221,16206.263212,16206.263212,0.0,40,0,0.0,22,2,,,,,4.380277541279805,0.0,0.918807203454129,0.0811927965458709,1.0,18,2,,,,,3.952251619841307,10383.825696308626,0.94137667689496,0.05862332310504004,1.3500000000000003,-58192.16494754807,-15283.328565000014,-15283.328565000014,0.0,113,0,0.0,65,4,,,,,4.457669299760169,0.0,0.9142547470729312,0.08574525292706876,0.9980138259087971,48,4,,,,,4.381928940947231,11982.85252428846,0.9162487200820087,0.08375127991799136,1.35,-52640.236571561254,7148.405999999984,7148.405999999984,0.0,327,0,0.0,170,8,,,,,4.138308823701146,0.0,0.9330406574293444,0.06695934257065561,0.9992157089718531,157,8,,,,,4.183787354495609,14181.517431431854,0.9288518410362121,0.0711481589637878,1.35,-52640.236571561254,7148.405999999984,7148.405999999984,0.0,327,0,0.0,170,8,,,,,4.138308823701146,0.0,0.9330406574293444,0.06695934257065561,0.9992157089718531,157,8,,,,,4.183787354495609,14181.517431431854,0.9288518410362121,0.0711481589637878,1.35
374,AVNT,0.0,0.0,0.0,,0,0,0,0,0,72h,bullish,54690.626473849516,113,,,,,,,7.489093878980468,0.0,0.8251053205833607,0.17489467941663925,0.0,,-14560.4786170204,-17461.372358,-17461.372358,0.0,3,0,0.0,0,0,,,,,,,,,,3,1,,,,,6.385752616567648,22023.74817917555,0.9057820751536193,0.09421792484638081,0.35,23766.757622400197,10639.715279999997,10639.715279999997,0.0,10,0,0.0,5,1,,,,,7.884429701186733,0.0,0.8038798818370192,0.1961201181629808,0.0,5,1,,,,,6.379636841946878,22198.093441544937,0.9061854363404294,0.09381456365957057,0.35,6824.078268817434,-17809.925323000003,-17809.925323000003,0.0,40,0,0.0,18,2,,,,,7.797146426912348,0.0,0.8080458765805772,0.19195412341942267,0.0,22,2,,,,,6.26725980756057,23948.05226479345,0.9133662886789856,0.08663371132101433,0.3499999999999999,54690.626473849516,44060.825625,44060.825625,0.0,113,0,0.0,57,4,,,,,7.489093878980468,0.0,0.8251053205833607,0.17489467941663925,0.0,56,4,,,,,6.153637175943913,23688.513989816132,0.9209050983902173,0.0790949016097827,0.35,-50652.94536456193,3623.7882089999985,3623.7882089999985,0.0,327,0,0.0,155,8,,,,,6.640412140577276,0.0,0.8792419536987807,0.12075804630121924,0.03377420943662208,172,8,,,,,5.76682253282066,21940.577546964076,0.9464009943437957,0.053599005656204325,0.35,-50652.94536456193,3623.7882089999985,3623.7882089999985,0.0,327,0,0.0,155,8,,,,,6.640412140577276,0.0,0.8792419536987807,0.12075804630121924,0.03377420943662208,172,8,,,,,5.76682253282066,21940.577546964076,0.9464009943437957,0.053599005656204325,0.35
374,MOODENG,0.0,0.0,0.0,,0,0,0,0,0,24h,bullish,54647.82490691095,40,,,,,,,10.11984330492005,0.0,0.5811856879458792,0.4188143120541207,-1.0953794268221482,,-956.7210044772007,-532.0852299999995,-532.0852299999995,0.0,3,0,0.0,2,1,,,,,10.20970857092144,0.0,0.5758994958281507,0.4241005041718495,-1.2000000000000004,1,1,,,,,8.268437279134067,23943.642083800976,0.6900919247568198,0.30990807524318037,0.35,14677.448130934956,6159.937866000001,6159.937866000001,0.0,10,0,0.0,9,1,,,,,10.198878428059185,0.0,0.5765365630553418,0.4234634369446581,-1.2000000000000002,1,1,,,,,8.268437279134067,23943.642083800976,0.6900919247568198,0.30990807524318037,0.35,54647.82490691095,54643.576693,54643.576693,0.0,40,0,0.0,27,2,,,,,10.11984330492005,0.0,0.5811856879458792,0.4188143120541207,-1.0953794268221482,13,2,,,,,7.394984180580167,26057.4623910679,0.741471518789402,0.258528481210598,0.35,28523.239637358583,32928.871256,32928.871256,0.0,113,0,0.0,62,4,,,,,9.89285175128625,0.0,0.5945381322772791,0.4054618677227207,-0.9113292423042508,51,4,,,,,7.198123999449539,24535.185068100705,0.7530515294441447,0.24694847055585523,0.35,10217.500388905226,19118.423361999994,19118.423361999994,0.0,327,0,0.0,165,8,,,,,8.109669578975268,0.0,0.6994312012367491,0.30056879876325104,-0.32037719652958563,162,8,,,,,5.93533408086674,26409.446932011975,0.8273332893607799,0.17266671063921998,0.6724891007909768,10217.500388905226,19118.423361999994,19118.423361999994,0.0,327,0,0.0,165,8,,,,,8.109669578975268,0.0,0.6994312012367491,0.30056879876325104,-0.32037719652958563,162,8,,,,,5.93533408086674,26409.446932011975,0.8273332893607799,0.17266671063921998,0.6724891007909768
374,AIXBT,0.0,0.0,0.0,,0,0,0,0,0,15d,bearish,-54062.15235070972,327,,,,,,,3.8715877889904986,25945.19474189433,0.9487301300593824,0.05126986994061753,1.3500000000000003,,-4765.430861511407,-1591.4458799999998,-1591.4458799999998,0.0,3,0,0.0,0,0,,,,,,,,,,3,1,,,,,4.44906265031528,27406.810445439933,0.9147610205696894,0.08523897943031059,1.3500000000000003,-3224.0731309142993,-3593.3472139999994,-3593.3472139999994,0.0,10,0,0.0,5,1,,,,,3.7588671262109106,0.0,0.9553607572817112,0.04463924271828883,1.0,5,1,,,,,4.291999010256887,27483.756507135087,0.924000058220183,0.07599994177981685,1.3499999999999999,11873.31408800484,15395.343090000002,15395.343090000002,0.0,40,0,0.0,24,2,,,,,3.6226087528829614,0.0,0.963375955712767,0.03662404428723304,1.0,16,2,,,,,4.126862336978989,27628.501448903204,0.9337139801777066,0.06628601982229344,1.35,4604.135198121377,32450.447153,32450.447153,0.0,113,0,0.0,60,4,,,,,3.459004840188272,0.0,0.9729997152830427,0.027000284716957194,1.0,53,4,,,,,3.8509312540815106,26175.178103550614,0.9499452203481463,0.050054779651853565,1.35,-54062.15235070972,-14348.546436999999,-14348.546436999999,0.0,327,0,0.0,158,8,,,,,3.368083275098843,0.0,0.9783480426412446,0.021651957358755483,1.0704233120636981,169,8,,,,,3.8715877889904986,25945.19474189433,0.9487301300593824,0.05126986994061753,1.3500000000000003,-54062.15235070972,-14348.546436999999,-14348.546436999999,0.0,327,0,0.0,158,8,,,,,3.368083275098843,0.0,0.9783480426412446,0.021651957358755483,1.0704233120636981,169,8,,,,,3.8715877889904986,25945.19474189433,0.9487301300593824,0.05126986994061753,1.3500000000000003
374,ME,0.0,0.0,0.0,,0,0,0,0,0,15d,bullish,53188.068823562215,327,,,,,,,9.170091801942174,0.0,0.6370534234151661,0.3629465765848338,-0.5518240992787338,,1292.3493513878407,1392.617064000003,1392.617064000003,0.0,3,0,0.0,3,1,,,,,6.615073580662159,0.0,0.7873486129022259,0.212651387097774,0.0,0,0,,,,,,,,,,18838.949492168085,12164.365848000007,12164.365848000007,0.0,10,0,0.0,8,1,,,,,6.519748851780108,0.0,0.7929559498952881,0.20704405010471214,0.0,2,1,,,,,9.390995290279387,9789.540183449355,0.6240591005718009,0.37594089942819914,-0.3,-3384.482153475663,-8271.954385999998,-8271.954385999998,0.0,40,0,0.0,21,2,,,,,6.626681333374017,0.0,0.7866658039191757,0.21333419608082446,0.0,19,2,,,,,10.123727480797934,10136.10031446612,0.5809572070118862,0.4190427929881138,-0.7840191500462059,-408.9394439045434,-7812.618581999994,-7812.618581999994,0.0,113,0,0.0,58,4,,,,,6.5261090744160395,0.0,0.7925818191519979,0.20741818084800231,0.0,55,4,,,,,9.752382748050733,11348.162680137013,0.6028010148205453,0.39719898517945484,-0.5665112889161691,53188.068823562215,43467.857409000004,43467.857409000004,0.0,327,0,0.0,185,8,,,,,9.170091801942174,0.0,0.6370534234151661,0.3629465765848338,-0.5518240992787338,142,8,,,,,10.502065628533536,11955.400284178331,0.5587020218509686,0.44129797814903143,-0.6712926007779105,53188.068823562215,43467.857409000004,43467.857409000004,0.0,327,0,0.0,185,8,,,,,9.170091801942174,0.0,0.6370534234151661,0.3629465765848338,-0.5518240992787338,142,8,,,,,10.502065628533536,11955.400284178331,0.5587020218509686,0.44129797814903143,-0.6712926007779105
374,USDH,0.0,0.0,0.0,,0,0,0,0,0,15d,bullish,51279.79954393643,188,,,,,,,0.0,0.0,0.0,0.0,0.0,,,,,,,,,,,,,,,,,,,,,,,,,,,,,,,-10467.11326628709,8705.650894860813,0.0,8705.650894860813,3,0,1.0,0,0,,,,,,,,,,3,1,,,,,0.0,0.0,0.0,0.0,0.0,-24526.936128878482,-1354.8461747109252,0.0,-1354.8461747109252,16,0,1.0,1,1,,,,,0.0,0.0,0.0,0.0,0.0,15,2,,,,,0.0,0.0,0.0,0.0,0.0,-26260.27652093966,-2141.4681575926243,0.0,-2141.4681575926243,58,0,1.0,1,1,,,,,0.0,0.0,0.0,0.0,0.0,57,4,,,,,0.0,0.0,0.0,0.0,0.0,51279.79954393643,45211.12935681388,0.0,45211.12935681388,188,0,1.0,92,6,,,,,0.0,0.0,0.0,0.0,0.0,96,8,,,,,0.0,0.0,0.0,0.0,0.0,51279.79954393643,45211.12935681388,0.0,45211.12935681388,188,0,1.0,92,6,,,,,0.0,0.0,0.0,0.0,0.0,96,8,,,,,0.0,0.0,0.0,0.0,0.0
374,SNX,0.0,0.0,0.0,,0,0,0,0,0,15d,bullish,50264.24968015357,327,,,,,,,3.9565496246152057,0.0,0.9399290536714272,0.060070946328572766,1.0002457853094442,,-3327.8101206311926,-546.9952679999868,-546.9952679999868,0.0,3,0,0.0,1,1,,,,,3.9240194368510357,0.0,0.9426560322349133,0.05734396776508677,1.0,2,1,,,,,4.183736990368635,47770.31956556345,0.9303684123312569,0.06963158766874313,1.35,-20163.69844714437,-27685.356404999988,-27685.356404999988,0.0,10,0,0.0,5,1,,,,,3.678725445585796,0.0,0.9572933523038476,0.04270664769615243,1.0,5,1,,,,,5.9445473190813205,41581.0598263364,0.826791334171687,0.1732086658283129,0.7005218198117509,-9921.799831294371,13236.128912000006,13236.128912000006,0.0,40,0,0.0,18,2,,,,,4.064270525193325,0.0,0.9344893082775548,0.06551069172244518,1.0,22,2,,,,,5.600411566225589,44635.87053248125,0.8470346137514361,0.152965386248564,0.7553731040747846,22355.9580721723,87126.797873,87126.797873,0.0,113,0,0.0,55,4,,,,,4.229234363442859,0.0,0.9243713502530783,0.07562864974692181,1.0,58,4,,,,,5.377190010562961,44769.34289533857,0.8601652934962964,0.13983470650370355,0.7527892336980454,50264.24968015357,104373.66566599999,104373.66566599999,0.0,327,0,0.0,165,8,,,,,3.9565496246152057,0.0,0.9399290536714272,0.060070946328572766,1.0002457853094442,162,8,,,,,4.617595522731367,38186.3483492689,0.9048473221922726,0.09515267780772743,1.0908216274318996,50264.24968015357,104373.66566599999,104373.66566599999,0.0,327,0,0.0,165,8,,,,,3.9565496246152057,0.0,0.9399290536714272,0.060070946328572766,1.0002457853094442,162,8,,,,,4.617595522731367,38186.3483492689,0.9048473221922726,0.09515267780772743,1.0908216274318996
374,DYM,0.0,0.0,0.0,,0,0,0,0,0,72h,bearish,-47722.34411138974,113,,,,,,,7.137663148814566,23918.631187821476,0.7566080500697314,0.24339194993026858,0.35,,2959.5892028932803,1250.4159720000007,1250.4159720000007,0.0,3,0,0.0,3,1,,,,,17.852838826327044,0.0,0.12630359845135053,0.8736964015486496,-1.8,0,0,,,,,,,,,,6442.212362171327,6477.438838,6477.438838,0.0,10,0,0.0,5,1,,,,,17.87239599232807,0.0,0.1251531769218783,0.8748468230781217,-1.8,5,1,,,,,6.790634401386804,19867.179259455545,0.7770215058007763,0.2229784941992237,0.35000000000000003,-21950.370226300245,-16705.980883999997,-16705.980883999997,0.0,40,0,0.0,12,2,,,,,17.874890454295684,0.0,0.12500644386495963,0.8749935561350403,-1.8,28,2,,,,,7.100864302588174,21582.794198814277,0.7587726880830485,0.24122731191695143,0.35,-47722.34411138974,-38791.531569,-38791.531569,0.0,113,0,0.0,42,4,,,,,17.475158258429992,0.0,0.14852010244529448,0.8514798975547055,-1.8,71,4,,,,,7.137663148814566,23918.631187821476,0.7566080500697314,0.24339194993026858,0.35,-46496.18576958682,-36933.474225,-36933.474225,0.0,325,0,0.0,136,8,,,,,17.2463218991678,0.0,0.1619810647548353,0.8380189352451647,-1.8,189,8,,,,,7.226346551958795,25793.572322958822,0.7513913792965415,0.24860862070345852,0.35,-46496.18576958682,-36933.474225,-36933.474225,0.0,325,0,0.0,136,8,,,,,17.2463218991678,0.0,0.1619810647548353,0.8380189352451647,-1.8,189,8,,,,,7.226346551958795,25793.572322958822,0.7513913792965415,0.24860862070345852,0.35
374,MONAD,0.0,0.0,0.0,,0,0,0,0,0,72h,bullish,47344.58282987825,1,,,,,,,0.0,0.0,0.0,0.0,0.0,,,,,,,,,,,,,,,,,,,,,,,,,,,,,,,,,,,,,,,,,,,,,,,,,,,,,,,,,,,,,,,,,,,,,,,,,,,,,,,,,,,,,,,,,47344.58282987825,39453.81902489854,0.0,39453.81902489854,1,0,1.0,1,1,,,,,0.0,0.0,0.0,0.0,0.0,0,0,,,,,,,,,,47344.58282987825,39453.81902489854,0.0,39453.81902489854,1,0,1.0,1,1,,,,,0.0,0.0,0.0,0.0,0.0,0,0,,,,,,,,,,47344.58282987825,39453.81902489854,0.0,39453.81902489854,1,0,1.0,1,1,,,,,0.0,0.0,0.0,0.0,0.0,0,0,,,,,,,,,
374,BOME,0.0,0.0,0.0,,0,0,0,0,0,72h,bearish,-43563.722403255495,111,,,,,,,9.241741623681493,95012.7331119567,0.6267096340562135,0.37329036594378656,-0.23994929777741084,,1544.8909462119598,-187.19263300000011,-187.19263300000011,0.0,3,0,0.0,1,1,,,,,8.128505646389469,0.0,0.6983231972712076,0.3016768027287923,0.0,2,1,,,,,7.26436083905397,71585.83569541131,0.7443427666144217,0.2556572333855785,0.35000000000000003,1504.1470291702199,-78.87321700000028,-78.87321700000028,0.0,10,0,0.0,4,1,,,,,8.085116840186744,0.0,0.7008754799890149,0.29912452001098505,0.0,6,1,,,,,7.254787458892363,71260.00227552967,0.744924744326501,0.2550752556734989,0.35,-3299.2729258589034,2651.097431000001,2651.097431000001,0.0,40,0,0.0,15,2,,,,,7.984369485319334,0.0,0.7068017949812154,0.2931982050187844,0.0,25,2,,,,,7.0207549823049895,75393.07930470056,0.758526153647822,0.24147384635217803,0.35000000000000003,-43563.722403255495,-30231.403122999993,-30231.403122999993,0.0,111,0,0.0,36,4,,,,,7.78485278314266,0.0,0.7185380715798436,0.28146192842015644,0.0,75,4,,,,,9.241741623681493,95012.7331119567,0.6267096340562135,0.37329036594378656,-0.23994929777741084,-35310.25944605486,-23043.629868999993,-23043.629868999993,0.0,300,0,0.0,132,8,,,,,7.569320817851498,0.0,0.7312164224793237,0.26878357752067633,0.0,168,8,,,,,9.139809533716372,93783.38374503466,0.6333188781579128,0.36668112184208723,-0.16402471806076657,-35310.25944605486,-23043.629868999993,-23043.629868999993,0.0,300,0,0.0,132,8,,,,,7.569320817851498,0.0,0.7312164224793237,0.26878357752067633,0.0,168,8,,,,,9.139809533716372,93783.38374503466,0.6333188781579128,0.36668112184208723,-0.16402471806076657
374,APT,0.0,0.0,0.0,,0,0,0,0,0,15d,bearish,-41826.76892000547,327,,,,,,,9.951119879615055,6224.226593543785,0.047452636349650065,0.9525473636503499,-1.0732420085336136,,1388.1130853895802,2478.8149970000013,2478.8149970000013,0.0,3,0,0.0,1,1,,,,,10.407077186679588,12.424123423137882,0.042767893326501605,0.9572321066734983,-1.8,2,1,,,,,9.942997853335731,5918.7200656134955,0.055994352763163634,0.9440056472368361,-0.9,4676.814826971119,3729.607179999993,3729.607179999993,0.0,10,0,0.0,4,1,,,,,10.323493797749682,12.336756026255905,0.04340783337093617,0.9565921666290638,-1.8,6,1,,,,,9.942082665713924,5962.636237588966,0.055802362663948266,0.9441976373360519,-0.9000000000000001,-2695.453475403773,46663.50708,46663.50708,0.0,40,0,0.0,19,2,,,,,10.30851188148287,11.516861091140909,0.043696595946957975,0.956303404053042,-1.823632043457801,21,2,,,,,9.942035168113694,5791.417238696207,0.05603524084062721,0.9439647591593727,-0.8999999999999999,-30020.346668361362,-34662.27870499997,-34662.27870499997,0.0,113,0,0.0,58,4,,,,,10.179266237775796,10.97410015549785,0.04364359775891174,0.9563564022410882,-1.8259573254082422,55,4,,,,,9.915771177294685,6089.150204259593,0.05609492037270096,0.9439050796272991,-0.9,-41826.76892000547,-192530.161083,-192530.161083,0.0,327,0,0.0,163,8,,,,,10.198292285959138,11.665927728811246,0.03612493209941168,0.9638750679005884,-1.636951029787263,164,8,,,,,9.951119879615055,6224.226593543785,0.047452636349650065,0.9525473636503499,-1.0732420085336136,-41826.76892000547,-192530.161083,-192530.161083,0.0,327,0,0.0,163,8,,,,,10.198292285959138,11.665927728811246,0.03612493209941168,0.9638750679005884,-1.636951029787263,164,8,,,,,9.951119879615055,6224.226593543785,0.047452636349650065,0.9525473636503499,-1.0732420085336136
374,IOTA,0.0,0.0,0.0,,0,0,0,0,0,72h,bearish,-41102.691573696524,113,,,,,,,3.005673925208155,9548.255686553784,0.999666239693638,0.0003337603063620304,1.6091123259595173,,55.409360951999986,972.6148539999999,972.6148539999999,0.0,3,0,0.0,1,1,,,,,7.73395597326395,0.0,0.7215320015727087,0.27846799842729125,0.0,2,1,,,,,3.0,7257.3349713973275,1.0,0.0,1.4649350569576862,-2284.981203363312,384.9724159999997,384.9724159999997,0.0,10,0,0.0,5,1,,,,,7.704803427499476,0.0,0.7232468572059132,0.2767531427940868,0.0,5,1,,,,,2.9999999999999996,7272.2313443028315,1.0,0.0,1.7626916242546182,3963.454051579183,2057.1262639999995,2057.1262639999995,0.0,40,0,0.0,22,2,,,,,7.379396307018405,0.0,0.7423884525283292,0.25761154747167087,0.0,18,2,,,,,2.9999999999999996,7365.007657466164,1.0,0.0,1.778289501342812,-41102.691573696524,-1934.3741490000007,-1934.3741490000007,0.0,113,0,0.0,60,4,,,,,7.073773470299685,0.0,0.7603662664529599,0.2396337335470403,0.15011234931765166,53,4,,,,,3.005673925208155,9548.255686553784,0.999666239693638,0.0003337603063620304,1.6091123259595173,-31643.22248071338,-2898.9336550000035,-2898.9336550000035,0.0,327,0,0.0,170,8,,,,,6.88726397176139,0.0,0.7713374134258008,0.2286625865741994,0.07712676775137266,157,8,,,,,3.093604621860145,10671.941944146132,0.9944938457729328,0.0055061542270673225,1.5145708873487518,-31643.22248071338,-2898.9336550000035,-2898.9336550000035,0.0,327,0,0.0,170,8,,,,,6.88726397176139,0.0,0.7713374134258008,0.2286625865741994,0.07712676775137266,157,8,,,,,3.093604621860145,10671.941944146132,0.9944938457729328,0.0055061542270673225,1.5145708873487518
374,MOVE,0.0,0.0,0.0,,0,0,0,0,0,15d,bullish,40706.006960991544,327,,,,,,,17.892843878150227,0.0,0.12395036010881,0.8760496398911899,-1.7999999999999998,,9736.352166910814,3451.188016000001,3451.188016000001,0.0,3,0,0.0,1,1,,,,,17.25523375948377,0.0,0.1614568376774255,0.8385431623225745,-1.8000000000000003,2,1,,,,,8.205104018142256,35446.5898197822,0.6938174106975146,0.3061825893024855,0.3499999999999999,12366.768175810454,3843.163608000001,3843.163608000001,0.0,10,0,0.0,5,1,,,,,17.598823798304732,0.0,0.1412456589232511,0.858754341076749,-1.8,5,1,,,,,8.164696194036276,37411.34403427066,0.6961943415272779,0.303805658472722,0.35,18316.02779101667,8443.593124,8443.593124,0.0,40,0,0.0,20,2,,,,,18.122091972266052,0.0,0.1104651781019971,0.8895348218980028,-1.8,20,2,,,,,7.817112249289441,38793.19641660788,0.7166404559241507,0.2833595440758494,0.35,28406.780493234535,14145.516124,14145.516124,0.0,113,0,0.0,60,4,,,,,18.39573766864645,0.0,0.0943683724325617,0.9056316275674382,-1.8,53,4,,,,,7.575440956882881,37338.901259610095,0.7308564143010071,0.269143585698993,0.35,40706.006960991544,13183.004009000002,13183.004009000002,0.0,327,0,0.0,165,8,,,,,17.892843878150227,0.0,0.12395036010881,0.8760496398911899,-1.7999999999999998,162,8,,,,,8.021024740928858,37312.727145783974,0.7046456034747729,0.295354396525227,0.2582864561875739,40706.006960991544,13183.004009000002,13183.004009000002,0.0,327,0,0.0,165,8,,,,,17.892843878150227,0.0,0.12395036010881,0.8760496398911899,-1.7999999999999998,162,8,,,,,8.021024740928858,37312.727145783974,0.7046456034747729,0.295354396525227,0.2582864561875739
374,REZ,0.0,0.0,0.0,,0,0,0,0,0,15d,bearish,-39671.16298564316,325,,,,,,,4.2294711399313005,6641.4941993680195,0.9276781682393354,0.0723218317606647,1.2656801917038198,,-339.93933559175997,-687.0687499999999,-687.0687499999999,0.0,3,0,0.0,2,1,,,,,11.432176620531909,0.0,0.5039896105569464,0.4960103894430534,-1.2,1,1,,,,,3.9053253257235,5976.621025782048,0.9467455690750882,0.05325443092491182,1.35,3255.7852832431595,2735.225051,2735.225051,0.0,10,0,0.0,4,1,,,,,10.926373577824227,0.0,0.533742730716222,0.46625726928377803,-1.2000000000000002,6,1,,,,,3.910525191703313,6047.951295221717,0.9464396946056877,0.05356030539431251,1.35,-12514.571639396287,-9602.383738,-9602.383738,0.0,40,0,0.0,18,2,,,,,10.92351088776248,0.0,0.5339111242492659,0.4660888757507341,-1.2000000000000002,22,2,,,,,3.9938463770636408,5852.599522381751,0.9415384484080211,0.058461551591978855,1.35,-14800.158467632047,-11053.875571000004,-11053.875571000004,0.0,113,0,0.0,54,4,,,,,10.073644802015663,0.0,0.5839032469402551,0.4160967530597449,-0.9244194466438485,59,4,,,,,3.919520269083465,6186.520210664941,0.9459105724068549,0.05408942759314501,1.35,-39671.16298564316,-32789.37325900001,-32789.37325900001,0.0,325,0,0.0,159,8,,,,,11.134826263983642,0.0,0.5214808080009622,0.4785191919990378,-1.1470222401562005,166,8,,,,,4.2294711399313005,6641.4941993680195,0.9276781682393354,0.0723218317606647,1.2656801917038198,-39671.16298564316,-32789.37325900001,-32789.37325900001,0.0,325,0,0.0,159,8,,,,,11.134826263983642,0.0,0.5214808080009622,0.4785191919990378,-1.1470222401562005,166,8,,,,,4.2294711399313005,6641.4941993680195,0.9276781682393354,0.0723218317606647,1.2656801917038198
374,ALT,0.0,0.0,0.0,,0,0,0,0,0,72h,bearish,-39121.866003506424,113,,,,,,,4.691336325531014,11757.038012148361,0.9005096279099403,0.09949037209005969,1.042898353801799,,-644.7770331423999,418.89614600000004,418.89614600000004,0.0,3,0,0.0,1,1,,,,,5.103993181092176,0.0,0.8762356952298723,0.12376430477012798,0.0,2,1,,,,,4.197422104138392,10979.403186222447,0.9295634056389183,0.07043659436108188,1.35,-4274.763490315433,2723.6054359999994,2723.6054359999994,0.0,10,0,0.0,3,1,,,,,4.7835446052851225,0.0,0.8950856114538164,0.10491438854618367,0.839283345236524,7,1,,,,,4.27532319298316,11123.135883434456,0.9249809886480492,0.07501901135195062,1.3499999999999999,5630.936484679829,9039.953049,9039.953049,0.0,40,0,0.0,18,2,,,,,4.967439372324485,0.0,0.8842682722162066,0.11573172778379325,0.5978539154594478,22,2,,,,,4.2538352375910025,11402.998697411627,0.9262449860240586,0.07375501397594132,1.3499999999999999,-39121.866003506424,-1631.271440000004,-1631.271440000004,0.0,113,0,0.0,59,4,,,,,5.2999524493747066,0.0,0.8647086794485468,0.1352913205514533,0.2708087285946701,54,4,,,,,4.691336325531014,11757.038012148361,0.9005096279099403,0.09949037209005969,1.042898353801799,-30584.39511490794,3610.862198,3610.862198,0.0,327,0,0.0,160,8,,,,,5.804985269207038,0.0,0.8350008665172329,0.16499913348276696,0.10642451277871985,167,8,,,,,5.111539102541758,12056.758059342308,0.8757918174975435,0.12420818250245635,0.6841988885725868,-30584.39511490794,3610.862198,3610.862198,0.0,327,0,0.0,160,8,,,,,5.804985269207038,0.0,0.8350008665172329,0.16499913348276696,0.10642451277871985,167,8,,,,,5.111539102541758,12056.758059342308,0.8757918174975435,0.12420818250245635,0.6841988885725868
374,GAS,0.0,0.0,0.0,,0,0,0,0,0,15d,bearish,-37801.98969018275,327,,,,,,,5.592918412517654,17582.82593614011,0.8474753874989616,0.15252461250103844,0.618225599891912,,-259.0567055039999,-536.6259199999996,-536.6259199999996,0.0,3,0,0.0,0,0,,,,,,,,,,3,1,,,,,6.353607281595112,20412.475619048975,0.8027289834355813,0.19727101656441848,0.3499999999999999,1896.980903482396,-1014.6214600000022,-1014.6214600000022,0.0,10,0,0.0,4,1,,,,,5.228019566156598,0.0,0.8689400255202002,0.13105997447979983,0.0,6,1,,,,,6.211014316087819,21052.801039048667,0.8111168049360107,0.18888319506398932,0.35,8501.135761997994,4874.435334999995,4874.435334999995,0.0,40,0,0.0,26,2,,,,,5.347087069974688,0.0,0.8619360547073712,0.13806394529262878,0.0,14,2,,,,,6.082322527824377,19897.182464610803,0.8186869101279777,0.18131308987202224,0.35,15212.855344031555,11154.571884999998,11154.571884999998,0.0,113,0,0.0,60,4,,,,,5.4987433204027925,0.0,0.8530150987998356,0.14698490120016428,0.0005906512678538811,53,3,,,,,5.771481463401424,18319.815507681244,0.8369716786234457,0.16302832137655437,0.35000000000000003,-37801.98969018275,-24424.148884999995,-24424.148884999995,0.0,327,0,0.0,160,8,,,,,5.384892817294813,0.0,0.8597121872179521,0.14028781278204788,0.15788801736836783,167,8,,,,,5.592918412517654,17582.82593614011,0.8474753874989616,0.15252461250103844,0.618225599891912,-37801.98969018275,-24424.148884999995,-24424.148884999995,0.0,327,0,0.0,160,8,,,,,5.384892817294813,0.0,0.8597121872179521,0.14028781278204788,0.15788801736836783,167,8,,,,,5.592918412517654,17582.82593614011,0.8474753874989616,0.15252461250103844,0.618225599891912
374,GOAT,0.0,0.0,0.0,,0,0,0,0,0,72h,bullish,37384.79836731044,113,,,,,,,9.428078090263476,0.0,0.6218777593962661,0.37812224060373384,-0.5647917823458583,,-6558.9968071641615,-3766.5633400000006,-3766.5633400000006,0.0,3,0,0.0,1,1,,,,,9.04685983017717,0.0,0.6443023629307548,0.35569763706924523,-0.65,2,1,,,,,7.585417286665789,54606.157708761944,0.7214688280525825,0.27853117194741733,0.35,-1921.5203123169615,-4407.081923000001,-4407.081923000001,0.0,10,0,0.0,5,1,,,,,8.404476234500597,0.0,0.6820896332646706,0.31791036673532924,-0.06323769490716008,5,1,,,,,7.4786176899850485,55083.26877807088,0.7277429506955301,0.27225704930446987,0.35000000000000003,11920.27632024697,27237.491857,27237.491857,0.0,40,0,0.0,20,2,,,,,8.942112684945839,0.0,0.6504639597090683,0.3495360402909316,-0.32664005525196177,20,2,,,,,7.070095055462369,59844.76972961163,0.7526981038921003,0.24730189610789954,0.35,37384.79836731044,40550.857244,40550.857244,0.0,113,0,0.0,62,4,,,,,9.428078090263476,0.0,0.6218777593962661,0.37812224060373384,-0.5647917823458583,51,4,,,,,6.782038218889342,58740.78799877748,0.7715956000816753,0.2284043999183247,0.35,11076.770415482553,9847.873509000005,9847.873509000005,0.0,327,0,0.0,169,8,,,,,7.983214880385964,0.0,0.7068697129184727,0.29313028708152733,-0.17566570342572832,158,8,,,,,5.553956965651622,62140.72715323608,0.8466802032959179,0.15331979670408227,0.7606928599846098,11076.770415482553,9847.873509000005,9847.873509000005,0.0,327,0,0.0,169,8,,,,,7.983214880385964,0.0,0.7068697129184727,0.29313028708152733,-0.17566570342572832,158,8,,,,,5.553956965651622,62140.72715323608,0.8466802032959179,0.15331979670408227,0.7606928599846098
374,ETC,0.0,0.0,0.0,,0,0,0,0,0,72h,bullish,35409.18226057953,113,,,,,,,6.249041321452528,0.0,0.9167305785698314,0.08326942143016858,0.0,,-1677.632341023599,1655.7393999999972,1655.7393999999972,0.0,3,0,0.0,1,1,,,,,6.439809679272023,0.0,0.904012688048532,0.0959873119514683,0.0,2,1,,,,,6.406508892560013,5405.185242720415,0.8993959722732269,0.10060402772677302,0.35000000000000003,11419.009016934602,11187.921125999994,11187.921125999994,0.0,10,0,0.0,8,1,,,,,6.421851672095243,0.0,0.9052098885269838,0.0947901114730162,0.0,2,1,,,,,6.406508892560013,5405.185242720415,0.8993959722732269,0.10060402772677302,0.35000000000000003,4527.221782031612,13355.63729799999,13355.63729799999,0.0,40,0,0.0,22,2,,,,,6.4351128745493105,0.0,0.9043258083633794,0.09567419163662068,0.0,18,2,,,,,6.250659522398096,5384.156028128974,0.91020686250513,0.08979313749486986,0.35,35409.18226057953,19832.69285999999,19832.69285999999,0.0,113,0,0.0,58,4,,,,,6.249041321452528,0.0,0.9167305785698314,0.08326942143016858,0.0,55,4,,,,,6.1680645026743575,5656.413432558453,0.9158695441253216,0.08413045587467827,0.35,-20267.766702439854,-31943.260435000015,-31943.260435000015,0.0,327,0,0.0,164,8,,,,,6.266886578929961,0.0,0.9155408947380026,0.08445910526199739,0.0,163,8,,,,,6.3337644801302995,6008.515880945808,0.9038085244560587,0.09619147554394133,0.35,-20267.766702439854,-31943.260435000015,-31943.260435000015,0.0,327,0,0.0,164,8,,,,,6.266886578929961,0.0,0.9155408947380026,0.08445910526199739,0.0,163,8,,,,,6.3337644801302995,6008.515880945808,0.9038085244560587,0.09619147554394133,0.35
374,RENDER,0.0,0.0,0.0,,0,0,0,0,0,15d,bearish,-34885.140924495,327,,,,,,,5.684789450051554,5462.261677061579,0.9543473699965631,0.045652630003436896,0.35,,1737.7712080130023,-220.59948499999905,-220.59948499999905,0.0,3,0,0.0,1,1,,,,,6.018427620918228,0.0,0.9321048252721182,0.06789517472788179,0.0,2,1,,,,,5.687172606941097,5425.351358223763,0.9541884928705936,0.04581150712940644,0.35,6431.5086506029975,-2619.7337450000023,-2619.7337450000023,0.0,10,0,0.0,5,1,,,,,6.29814869334701,0.0,0.9134567537768661,0.08654324622313397,0.0,5,1,,,,,5.651299864064182,5612.844269272028,0.9565800090623879,0.04341999093761217,0.35000000000000003,17614.334284352004,15181.143034999994,15181.143034999994,0.0,40,0,0.0,22,2,,,,,6.255318962683446,0.0,0.9163120691544369,0.08368793084556309,0.0,18,2,,,,,5.572544820364519,5440.835249483079,0.9618303453090319,0.03816965469096804,0.35,-16754.355513765993,-25038.050320000017,-25038.050320000017,0.0,113,0,0.0,60,4,,,,,6.265510417738392,0.0,0.9156326388174405,0.0843673611825595,0.0,53,4,,,,,5.607304088397645,5356.095165382784,0.9595130607734903,0.04048693922650967,0.35,-34885.140924495,-20328.320060000013,-20328.320060000013,0.0,327,0,0.0,158,8,,,,,6.472332876602785,0.0,0.9018444748931478,0.09815552510685224,0.0,169,8,,,,,5.684789450051554,5462.261677061579,0.9543473699965631,0.045652630003436896,0.35,-34885.140924495,-20328.320060000013,-20328.320060000013,0.0,327,0,0.0,158,8,,,,,6.472332876602785,0.0,0.9018444748931478,0.09815552510685224,0.0,169,8,,,,,5.684789450051554,5462.261677061579,0.9543473699965631,0.045652630003436896,0.35
374,RESOLV,0.0,0.0,0.0,,0,0,0,0,0,15d,bullish,32358.466113977516,327,,,,,,,9.692168184129649,0.0,0.6063430479923736,0.39365695200762635,-0.6431559452008148,,947.3700723720003,2459.603105,2459.603105,0.0,3,0,0.0,2,1,,,,,14.300798501572732,0.0,0.33524714696630975,0.6647528530336902,-1.8,1,1,,,,,7.34237033453306,14104.910113813172,0.7445664509098201,0.25543354909018,0.35,-11071.046778140037,-8572.666480999998,-8572.666480999998,0.0,10,0,0.0,5,1,,,,,14.210873132905084,0.0,0.3405368745349951,0.6594631254650049,-1.8,5,1,,,,,7.476681413352911,15815.469616394073,0.7366657992145348,0.2633342007854653,0.35,-10131.917605361756,-7559.152886999998,-7559.152886999998,0.0,40,0,0.0,18,2,,,,,14.22972915747919,0.0,0.3394276966188711,0.6605723033811288,-1.8,22,2,,,,,7.555236908238606,15957.70529566423,0.7320448877506702,0.2679551122493297,0.35,-28113.390615018274,-13820.876969,-13820.876969,0.0,113,0,0.0,56,4,,,,,13.91604200130685,0.0,0.3578798822760676,0.6421201177239324,-1.7359825218163978,57,4,,,,,7.1272165675082615,16041.61215094242,0.7572225548524553,0.24277744514754476,0.35000000000000003,32358.466113977516,39212.844765,39212.844765,0.0,327,0,0.0,172,8,,,,,9.692168184129649,0.0,0.6063430479923736,0.39365695200762635,-0.6431559452008148,155,8,,,,,5.974845226164063,17527.455735007115,0.8250091043432904,0.1749908956567096,0.6458125294647256,32358.466113977516,39212.844765,39212.844765,0.0,327,0,0.0,172,8,,,,,9.692168184129649,0.0,0.6063430479923736,0.39365695200762635,-0.6431559452008148,155,8,,,,,5.974845226164063,17527.455735007115,0.8250091043432904,0.1749908956567096,0.6458125294647256
374,kLUNC,0.0,0.0,0.0,,0,0,0,0,0,15d,bearish,-31061.801620010618,327,,,,,,,4.715634879261213,15364.862268977926,0.8990803012199285,0.10091969878007136,1.1084322481512818,,1515.4295292553202,4398.275202999999,4398.275202999999,0.0,3,0,0.0,3,1,,,,,3.210043974506513,0.0,0.9876444720878521,0.012355527912147793,1.0,0,0,,,,,,,,,,768.1181519885995,1352.8903759999992,1352.8903759999992,0.0,10,0,0.0,7,1,,,,,3.0267338759611047,0.0,0.9984274190611114,0.0015725809388884887,1.1517367014181208,3,1,,,,,4.607223823025589,14977.061777742352,0.9054574221749654,0.09454257782503463,1.35,-13692.583109158077,-2857.0292250000016,-2857.0292250000016,0.0,40,0,0.0,16,2,,,,,3.024098996294023,0.0,0.9985824119827046,0.0014175880172954498,1.2406840680929083,24,2,,,,,4.4517490938006015,15259.588130361788,0.9146029944823176,0.08539700551768241,1.35,-9501.20166781779,6173.622697999997,6173.622697999997,0.0,113,0,0.0,54,4,,,,,3.0529440492812823,0.0,0.9968856441599248,0.0031143558400753934,1.157809831084338,59,4,,,,,4.422300492646054,14766.854863580838,0.9163352651384672,0.08366473486153256,1.35,-31061.801620010618,-17867.709902000002,-17867.709902000002,0.0,327,0,0.0,174,8,,,,,3.1691187445817333,0.0,0.9900518385540157,0.009948161445984333,1.0898334565964076,153,8,,,,,4.715634879261213,15364.862268977926,0.8990803012199285,0.10091969878007136,1.1084322481512818,-31061.801620010618,-17867.709902000002,-17867.709902000002,0.0,327,0,0.0,174,8,,,,,3.1691187445817333,0.0,0.9900518385540157,0.009948161445984333,1.0898334565964076,153,8,,,,,4.715634879261213,15364.862268977926,0.8990803012199285,0.10091969878007136,1.1084322481512818
374,GALA,0.0,0.0,0.0,,0,0,0,0,0,72h,bullish,30532.753919026345,113,,,,,,,6.679298243976055,0.0,0.7835706915308202,0.21642930846917968,0.0,,-7733.174405571599,1066.9702130000005,1066.9702130000005,0.0,3,0,0.0,0,0,,,,,,,,,,3,1,,,,,7.685660872522846,17034.42098123103,0.724372889851597,0.27562711014840274,0.3499999999999999,-17262.69033302244,-24447.121436999998,-24447.121436999998,0.0,10,0,0.0,6,1,,,,,6.814565670563643,0.0,0.7756137840844917,0.2243862159155084,0.0,4,1,,,,,7.77527160412883,16816.282404232734,0.7191016703453631,0.28089832965463707,0.35,17212.04838463838,-26285.262928,-26285.262928,0.0,40,0,0.0,24,2,,,,,6.964328812762574,0.0,0.7668041874845543,0.2331958125154455,0.0,16,2,,,,,7.110084529203186,15919.291750263163,0.7582303218115773,0.24176967818842274,0.35,30532.753919026345,-22050.26684,-22050.26684,0.0,113,0,0.0,68,4,,,,,6.679298243976055,0.0,0.7835706915308202,0.21642930846917968,0.0,45,3,,,,,6.331093469753229,15803.548142413083,0.8040533253086336,0.19594667469136648,0.49496627902043705,29907.909109176744,-19532.994648999997,-19532.994648999997,0.0,326,0,0.0,179,8,,,,,6.40626144862713,0.0,0.7996316794925217,0.20036832050747821,0.0,147,8,,,,,5.592173149965498,18235.89925694292,0.8475192264726179,0.1524807735273822,0.692250191640428,29907.909109176744,-19532.994648999997,-19532.994648999997,0.0,326,0,0.0,179,8,,,,,6.40626144862713,0.0,0.7996316794925217,0.20036832050747821,0.0,147,8,,,,,5.592173149965498,18235.89925694292,0.8475192264726179,0.1524807735273822,0.692250191640428
374,TNSR,0.0,0.0,0.0,,0,0,0,0,0,15d,bearish,-30230.235213533044,254,,,,,,,2.9999999999999996,18987.53004281674,1.0,0.0,1.6726923133194973,,855.4114943831996,819.9892209999997,819.9892209999997,0.0,2,0,0.0,1,1,,,,,2.999999999999999,0.0,1.0,0.0,1.45,1,1,,,,,3.0,16338.081807937853,1.0,0.0,1.7999999999999998,4512.315780976087,3627.4120180000064,3627.4120180000064,0.0,8,0,0.0,5,1,,,,,2.9999999999999996,0.0,1.0,0.0,1.4488807306097577,3,1,,,,,3.0,16751.495847733324,1.0,0.0,1.7454281816741342,7275.074675301562,6998.035849000003,6998.035849000003,0.0,32,0,0.0,19,2,,,,,3.0,0.0,1.0,0.0,1.4259458665962033,13,1,,,,,3.0,16341.049715814643,1.0,0.0,1.7217271976452246,-11467.37540866555,-8183.836831999999,-8183.836831999999,0.0,84,0,0.0,52,4,,,,,2.9999999999999996,0.0,1.0,0.0,1.3848435846617821,32,4,,,,,3.0,16739.541274078616,1.0,0.0,1.6249857380633517,-30230.235213533044,-60011.609175,-60011.609175,0.0,254,0,0.0,101,7,,,,,3.0,0.0,1.0,0.0,1.270281105688646,153,8,,,,,2.9999999999999996,18987.53004281674,1.0,0.0,1.6726923133194973,-30230.235213533044,-60011.609175,-60011.609175,0.0,254,0,0.0,101,7,,,,,3.0,0.0,1.0,0.0,1.270281105688646,153,8,,,,,2.9999999999999996,18987.53004281674,1.0,0.0,1.6726923133194973
374,BSV,0.0,0.0,0.0,,0,0,0,0,0,72h,bullish,29139.70163349701,112,,,,,,,3.362846839253552,0.0,0.9786560682792029,0.021343931720797165,1.1013536417784637,,244.66409510400993,92.06916000000928,92.06916000000928,0.0,3,0,0.0,3,1,,,,,3.6053992655576055,0.0,0.9643882784966117,0.035611721503388545,1.0,0,0,,,,,,,,,,-1658.0097177372031,-534.7313150000033,-534.7313150000033,0.0,10,0,0.0,8,1,,,,,3.5810523328478663,0.0,0.965820451008949,0.03417954899105095,1.0,2,1,,,,,3.4461526258241637,6808.090652091142,0.9737557278926963,0.02624427210730373,1.3499999999999999,1560.1847054991633,4499.788245,4499.788245,0.0,40,0,0.0,26,2,,,,,3.3062621207777805,0.0,0.9819845811307187,0.018015418869281194,1.1726905776652008,14,2,,,,,3.329422810438886,6805.146124875546,0.980622187621242,0.019377812378758012,1.3499999999999999,29139.70163349701,23482.88535000001,23482.88535000001,0.0,112,0,0.0,64,4,,,,,3.362846839253552,0.0,0.9786560682792029,0.021343931720797165,1.1013536417784637,48,4,,,,,3.3517738626850795,6913.1283147485365,0.9793074198420542,0.020692580157945863,1.35,-29001.11734133097,-37200.578565,-37200.578565,0.0,326,0,0.0,170,8,,,,,3.2979022484520355,0.0,0.982476338326351,0.017523661673649146,1.1867733722404692,156,8,,,,,3.4707997166563445,8286.190794331254,0.9723058990202151,0.02769410097978496,1.3705003669409728,-29001.11734133097,-37200.578565,-37200.578565,0.0,326,0,0.0,170,8,,,,,3.2979022484520355,0.0,0.982476338326351,0.017523661673649146,1.1867733722404692,156,8,,,,,3.4707997166563445,8286.190794331254,0.9723058990202151,0.02769410097978496,1.3705003669409728
374,BRETT,0.0,0.0,0.0,,0,0,0,0,0,15d,bullish,28449.545993033636,327,,,,,,,4.9306352527662,0.0,0.8864332204255176,0.11356677957448233,0.6930151862425596,,-805.0014883265999,664.8712260000001,664.8712260000001,0.0,3,0,0.0,0,0,,,,,,,,,,3,1,,,,,5.838828345238319,14172.157654756851,0.8302076837277987,0.16979231627220137,0.35,2917.5052246985592,2775.10963,2775.10963,0.0,10,0,0.0,7,1,,,,,5.382257557175777,0.0,0.8598672025190719,0.14013279748092805,0.0,3,1,,,,,5.838828345238319,14172.157654756851,0.8302076837277987,0.16979231627220137,0.35,596.725636114214,-56.62193700000128,-56.62193700000128,0.0,40,0,0.0,18,2,,,,,4.8275847190822825,0.0,0.8924950165245716,0.1075049834754284,0.5987373580416057,22,2,,,,,6.208703645120517,13980.635204313161,0.8085415910419244,0.19145840895807567,0.35,9060.803870250069,1144.9385660000044,1144.9385660000044,0.0,113,0,0.0,53,4,,,,,6.270899751940753,0.0,0.8075941322387794,0.19240586776122073,0.3143467994491357,60,4,,,,,6.085423644574325,16779.883315121886,0.8156693179674743,0.1843306820325256,0.5117103829421905,28449.545993033636,5431.267063000003,5431.267063000003,0.0,327,0,0.0,178,8,,,,,4.9306352527662,0.0,0.8864332204255176,0.11356677957448233,0.6930151862425596,149,8,,,,,5.361954814621284,17645.529100819364,0.8587553635167069,0.14124463648329316,0.7996089078798002,28449.545993033636,5431.267063000003,5431.267063000003,0.0,327,0,0.0,178,8,,,,,4.9306352527662,0.0,0.8864332204255176,0.11356677957448233,0.6930151862425596,149,8,,,,,5.361954814621284,17645.529100819364,0.8587553635167069,0.14124463648329316,0.7996089078798002
374,HPL,0.0,0.0,0.0,,0,0,0,0,0,15d,bearish,-28437.84273147001,7,,,,,,,0.0,0.0,0.0,0.0,0.0,,,,,,,,,,,,,,,,,,,,,,,,,,,,,,,,,,,,,,,,,,,,,,,,,,,,,,,,,,,,,,,,,,,,,,,,,,,,,,,,,,,,,,,,,,,,,,,,,,,,,,,,,,,,,,,,,,,,,,-28437.84273147001,-20312.744808192867,0.0,-20312.744808192867,7,0,1.0,1,1,,,,,0.0,0.0,0.0,0.0,0.0,6,3,,,,,0.0,0.0,0.0,0.0,0.0,-28437.84273147001,-20312.744808192867,0.0,-20312.744808192867,7,0,1.0,1,1,,,,,0.0,0.0,0.0,0.0,0.0,6,3,,,,,0.0,0.0,0.0,0.0,0.0
374,GMT,0.0,0.0,0.0,,0,0,0,0,0,15d,bearish,-28309.151134630934,327,,,,,,,4.769526130642201,24871.84579051143,0.8959102276092824,0.1040897723907177,0.9860453732944057,,4460.101253258201,1917.5520749999996,1917.5520749999996,0.0,3,0,0.0,2,1,,,,,4.2113233905331136,0.0,0.9287456829098168,0.07125431709018316,1.0,1,1,,,,,4.913439438709796,23544.44040216482,0.8874447388994235,0.11255526110057625,1.35,8081.595905750642,2437.019047,2437.019047,0.0,10,0,0.0,7,1,,,,,4.331637828295744,0.0,0.921668363041427,0.07833163695857318,1.0,3,1,,,,,4.869827911911091,22729.557325238115,0.8900101228287591,0.10998987717124069,1.3499999999999999,-8652.853943826798,-8921.745563000002,-8921.745563000002,0.0,40,0,0.0,24,2,,,,,4.486322887359015,0.0,0.9125692419200578,0.08743075807994206,0.9854510020340077,16,2,,,,,4.5992919761283355,19176.064541168413,0.9059240014042156,0.0940759985957845,1.3149593650831062,4298.202722207895,2555.977870999997,2555.977870999997,0.0,113,0,0.0,62,4,,,,,4.852414067369157,0.0,0.8910344666253438,0.1089655333746563,0.45890157229939155,51,4,,,,,4.963444006203847,21521.42470754301,0.884503293752715,0.11549670624728517,0.9957696341766537,-28309.151134630934,-15356.524180000008,-15356.524180000008,0.0,327,0,0.0,165,8,,,,,4.595523745949432,0.0,0.9061456620029745,0.09385433799702542,0.6793682714435352,162,8,,,,,4.769526130642201,24871.84579051143,0.8959102276092824,0.1040897723907177,0.9860453732944057,-28309.151134630934,-15356.524180000008,-15356.524180000008,0.0,327,0,0.0,165,8,,,,,4.595523745949432,0.0,0.9061456620029745,0.09385433799702542,0.6793682714435352,162,8,,,,,4.769526130642201,24871.84579051143,0.8959102276092824,0.1040897723907177,0.9860453732944057
374,kNEIRO,0.0,0.0,0.0,,0,0,0,0,0,15d,bearish,-28246.81847321428,327,,,,,,,12.454655295158407,21399.563529694853,0.44243878685718036,0.5575612131428196,-0.8951982225715372,,-1329.1657716138,-2726.480759,-2726.480759,0.0,3,0,0.0,0,0,,,,,,,,,,3,1,,,,,12.910795682120627,16687.483850424625,0.41400324082358003,0.58599675917642,-0.8500000000000002,9113.011002747238,3638.637979,3638.637979,0.0,10,0,0.0,7,1,,,,,17.65431035386493,0.0,0.13798174389029833,0.8620182561097017,-1.8,3,1,,,,,12.910795682120627,16687.483850424625,0.41400324082358003,0.58599675917642,-0.8500000000000002,-2174.7163090680006,72.32561800000342,72.32561800000342,0.0,40,0,0.0,19,2,,,,,17.506179848558208,0.0,0.1466953030259878,0.8533046969740122,-1.8,21,2,,,,,12.346803569476648,16260.612786063562,0.4454310863507621,0.5545689136492379,-0.8500000000000002,-3104.749076784098,-2189.166870999998,-2189.166870999998,0.0,113,0,0.0,60,4,,,,,17.56152892367721,0.0,0.14343947507781135,0.8565605249221887,-1.8,53,4,,,,,11.948624990052524,18144.349539335333,0.47004595666004884,0.5299540433399512,-0.8500000000000003,-28246.81847321428,-14945.794389999994,-14945.794389999994,0.0,327,0,0.0,162,8,,,,,16.341654902045594,0.0,0.21519677046790633,0.7848032295320937,-1.8,165,8,,,,,12.454655295158407,21399.563529694853,0.44243878685718036,0.5575612131428196,-0.8951982225715372,-28246.81847321428,-14945.794389999994,-14945.794389999994,0.0,327,0,0.0,162,8,,,,,16.341654902045594,0.0,0.21519677046790633,0.7848032295320937,-1.8,165,8,,,,,12.454655295158407,21399.563529694853,0.44243878685718036,0.5575612131428196,-0.8951982225715372
374,INIT,0.0,0.0,0.0,,0,0,0,0,0,72h,bearish,-26927.900033083013,113,,,,,,,11.99850490459434,69243.214903221,0.47067618208268597,0.5293238179173141,-0.7963766470156354,,-1150.9062298512,93.22031699999992,93.22031699999992,0.0,3,0,0.0,2,1,,,,,7.188618329298472,0.0,0.7536106865118546,0.2463893134881454,0.0,1,1,,,,,12.960219385988655,95385.12402367203,0.4141047420006677,0.5858952579993324,-0.8500000000000003,2561.081766592079,1593.3652979999997,1593.3652979999997,0.0,10,0,0.0,7,1,,,,,7.242942119516181,0.0,0.7504151694402247,0.24958483055977537,0.0,3,1,,,,,12.742733970894541,104582.32901273515,0.4268980017120862,0.573101998287914,-0.8500000000000003,5367.528768253782,3305.9710459999997,3305.9710459999997,0.0,40,0,0.0,27,2,,,,,7.361201875586714,0.0,0.7434587132007816,0.25654128679921845,0.0,13,2,,,,,12.686840915739491,106557.20497029243,0.4301858284859124,0.5698141715140876,-0.8500000000000003,-26927.900033083013,-4547.241719000005,-4547.241719000005,0.0,113,0,0.0,69,4,,,,,7.501725496119067,0.0,0.735192617875349,0.26480738212465105,0.0,44,4,,,,,11.99850490459434,69243.214903221,0.47067618208268597,0.5293238179173141,-0.7963766470156354,11123.60502757904,12011.363664999993,12011.363664999993,0.0,327,0,0.0,173,8,,,,,9.52663716271488,0.0,0.6160801668991247,0.38391983310087535,-0.5900809843946913,154,8,,,,,14.070891128833772,49918.398450738634,0.3487711100686017,0.6512288899313984,-1.1725180902934382,11123.60502757904,12011.363664999993,12011.363664999993,0.0,327,0,0.0,173,8,,,,,9.52663716271488,0.0,0.6160801668991247,0.38391983310087535,-0.5900809843946913,154,8,,,,,14.070891128833772,49918.398450738634,0.3487711100686017,0.6512288899313984,-1.1725180902934382
374,CRV,0.0,0.0,0.0,,0,0,0,0,0,6h,bullish,26740.13674814569,10,,,,,,,10.296303702964591,0.0,0.08604815897547086,0.9139518410245292,-1.6854333386105478,,20436.806742469,43189.82346000003,43189.82346000003,0.0,3,0,0.0,2,1,,,,,10.216357494978848,0.0,0.10180178129984267,0.8981982187001573,-1.4638842581538853,1,1,,,,,9.349017766859978,6488.41574571479,0.11714979302181272,0.8828502069781874,-0.9,26740.13674814569,39456.68014199999,39456.68014199999,0.0,10,0,0.0,5,1,,,,,10.296303702964591,0.0,0.08604815897547086,0.9139518410245292,-1.6854333386105478,5,1,,,,,9.354658972843874,6782.703128722596,0.11921026434294404,0.8807897356570558,-0.8999999999999999,26406.400074137797,91657.932525,91657.932525,0.0,40,0,0.0,22,2,,,,,10.38480082337932,0.0,0.06412014678395886,0.9358798532160413,-1.7283039265936175,18,2,,,,,9.337365892939598,6741.108644545243,0.11950555744716514,0.8804944425528347,-0.8999999999999999,-7357.205924699137,86080.74059799999,86080.74059799999,0.0,113,0,0.0,63,4,,,,,10.452029201461297,0.0,0.047487322887884244,0.9525126771121157,-1.760250112713369,50,4,,,,,9.356762777687177,6826.208615845733,0.11693735883440011,0.8830626411655997,-0.9,-6621.181810277256,255463.08012400003,255463.08012400003,0.0,327,0,0.0,167,8,,,,,10.19981509581895,10.90919737492635,0.046818751238421594,0.9531812487615784,-1.6829862810585516,160,8,,,,,9.302320616541278,6705.26406523254,0.12244496463877046,0.8775550353612295,-0.8999999999999999,-6621.181810277256,255463.08012400003,255463.08012400003,0.0,327,0,0.0,167,8,,,,,10.19981509581895,10.90919737492635,0.046818751238421594,0.9531812487615784,-1.6829862810585516,160,8,,,,,9.302320616541278,6705.26406523254,0.12244496463877046,0.8775550353612295,-0.8999999999999999
374,HFUN,0.0,0.0,0.0,,0,0,0,0,0,15d,bullish,26497.811792733064,258,,,,,,,0.0,0.0,0.0,0.0,0.0,,661.9554059996925,-1108.8047499999645,0.0,-1108.8047499999645,2,0,1.0,1,1,,,,,0.0,0.0,0.0,0.0,0.0,1,1,,,,,0.0,0.0,0.0,0.0,0.0,-229.08470880026067,-2458.865529999893,0.0,-2458.865529999893,8,0,1.0,3,1,,,,,0.0,0.0,0.0,0.0,0.0,5,1,,,,,0.0,0.0,0.0,0.0,0.0,-918.8722224004831,-4822.783769999982,0.0,-4822.783769999982,32,0,1.0,14,2,,,,,0.0,0.0,0.0,0.0,0.0,18,2,,,,,0.0,0.0,0.0,0.0,0.0,-6433.462322558174,-4813.82328306483,0.0,-4813.82328306483,89,0,1.0,33,4,,,,,0.0,0.0,0.0,0.0,0.0,56,4,,,,,0.0,0.0,0.0,0.0,0.0,26497.811792733064,-62265.12003553042,0.0,-62265.12003553042,258,0,1.0,107,8,,,,,0.0,0.0,0.0,0.0,0.0,151,8,,,,,0.0,0.0,0.0,0.0,0.0,26497.811792733064,-62265.12003553042,0.0,-62265.12003553042,258,0,1.0,107,8,,,,,0.0,0.0,0.0,0.0,0.0,151,8,,,,,0.0,0.0,0.0,0.0,0.0
374,GRIFFAIN,0.0,0.0,0.0,,0,0,0,0,0,6h,bullish,25960.22526838096,10,,,,,,,5.951744735146333,0.0,0.8263679567560982,0.17363204324390194,0.05818648883079403,,-1638.9594918319603,-1799.6373600000006,-1799.6373600000006,0.0,3,0,0.0,1,1,,,,,4.8822401845402394,0.0,0.8892799891446916,0.11072001085530825,1.0,2,1,,,,,3.6141793421022945,17576.38253136337,0.9492505975324552,0.05074940246754453,1.35,25960.22526838096,-15373.069738000002,-15373.069738000002,0.0,10,0,0.0,5,1,,,,,5.951744735146333,0.0,0.8263679567560982,0.17363204324390194,0.05818648883079403,5,1,,,,,3.235212613882441,17329.4671698533,0.9719225603796008,0.028077439620399103,1.5496640659763006,16627.93655590936,16044.155140999992,16044.155140999992,0.0,40,0,0.0,19,2,,,,,6.651148062420791,0.0,0.7852265845634828,0.2147734154365171,0.0363080800587482,21,2,,,,,4.3539565748587865,16092.2972111869,0.9084439030715045,0.09155609692849555,1.148346040149568,-4441.698472828956,844.1997379999915,844.1997379999915,0.0,113,0,0.0,51,4,,,,,6.307829920336906,0.0,0.8054217693919468,0.19457823060805324,0.18556819606255792,62,4,,,,,4.163169617076324,16974.797489226017,0.9189139000036729,0.08108609999632711,1.2081455874736358,-8837.994584594655,3655.6600259999996,3655.6600259999996,0.0,327,0,0.0,152,8,,,,,6.4017492592549115,0.0,0.7998971023967699,0.20010289760323008,0.19505658428679004,175,8,,,,,4.442969195151658,16670.085802952482,0.9023539652583111,0.09764603474168897,1.0274954336734399,-8837.994584594655,3655.6600259999996,3655.6600259999996,0.0,327,0,0.0,152,8,,,,,6.4017492592549115,0.0,0.7998971023967699,0.20010289760323008,0.19505658428679004,175,8,,,,,4.442969195151658,16670.085802952482,0.9023539652583111,0.09764603474168897,1.0274954336734399
374,MERL,0.0,0.0,0.0,,0,0,0,0,0,15d,bearish,-25664.920171370126,327,,,,,,,8.058847840058032,11860.457815312875,0.702420715290704,0.297579284709296,0.35,,167.59773176303963,-656.5807400000006,-656.5807400000006,0.0,3,0,0.0,2,1,,,,,8.803045683918139,0.0,0.6568824130343006,0.3431175869656995,0.0,1,1,,,,,8.728577984372844,10498.603333238625,0.6630248244486563,0.33697517555134365,0.35,13525.138089179238,863.6554299999998,863.6554299999998,0.0,10,0,0.0,5,1,,,,,8.638026810867336,0.0,0.6665891210993681,0.33341087890063204,0.0,5,1,,,,,8.81984737996854,10688.20528702519,0.6576560364724388,0.34234396352756113,0.35,7799.0548371628,324.58375899999885,324.58375899999885,0.0,40,0,0.0,18,2,,,,,8.567550202334738,0.0,0.6706929677669932,0.32930703223300684,0.0,22,2,,,,,8.473672624208097,11543.785428809044,0.6780192573995236,0.3219807426004763,0.35,-5321.326416809084,-398.2216080000004,-398.2216080000004,0.0,113,0,0.0,62,4,,,,,8.505430490739451,0.0,0.674336088812688,0.325663911187312,0.0,51,4,,,,,8.265357191726407,11643.879875932738,0.6902731063690349,0.3097268936309651,0.35,-25664.920171370126,-219.40796600000013,-219.40796600000013,0.0,327,0,0.0,170,8,,,,,8.19539836705122,0.0,0.6928797728569566,0.30712022714304354,0.0,157,8,,,,,8.058847840058032,11860.457815312875,0.702420715290704,0.297579284709296,0.35,-25664.920171370126,-219.40796600000013,-219.40796600000013,0.0,327,0,0.0,170,8,,,,,8.19539836705122,0.0,0.6928797728569566,0.30712022714304354,0.0,157,8,,,,,8.058847840058032,11860.457815312875,0.702420715290704,0.297579284709296,0.35
374,IO,0.0,0.0,0.0,,0,0,0,0,0,15d,bullish,25320.4894510512,327,,,,,,,6.77872397088867,0.0,0.7777221193594901,0.22227788064050993,0.0,,-1476.3855619708118,-937.3636760000077,-937.3636760000077,0.0,3,0,0.0,1,1,,,,,7.211129667575846,0.0,0.7522864901425973,0.24771350985740268,0.0,2,1,,,,,5.632447505852438,7825.626054893696,0.8451501467145625,0.15484985328543754,0.3499999999999999,758.4564495823784,-350.0854210000117,-350.0854210000117,0.0,10,0,0.0,5,1,,,,,7.362912365579892,0.0,0.743358096142359,0.2566419038576408,0.0,5,1,,,,,5.667675420465029,8232.65858650738,0.8430779164432336,0.15692208355676643,0.35,2882.2682379002053,12326.788214999995,12326.788214999995,0.0,40,0,0.0,20,2,,,,,7.37935165880519,0.0,0.7423910788938124,0.2576089211061876,0.0,20,2,,,,,5.591790670893832,8031.355701361915,0.8475417252415395,0.15245827475846063,0.35000000000000003,16984.11914969414,5536.838988999991,5536.838988999991,0.0,113,0,0.0,60,4,,,,,7.263218020931013,0.0,0.7492224693569992,0.2507775306430008,0.0,53,4,,,,,5.639235274687324,7894.324892154438,0.8447508661948633,0.15524913380513672,0.3499999999999999,25320.4894510512,29647.410933999992,29647.410933999992,0.0,327,0,0.0,160,8,,,,,6.77872397088867,0.0,0.7777221193594901,0.22227788064050993,0.0,167,8,,,,,5.274567412599291,7475.014037620904,0.866201916905924,0.13379808309407595,0.7027987399647502,25320.4894510512,29647.410933999992,29647.410933999992,0.0,327,0,0.0,160,8,,,,,6.77872397088867,0.0,0.7777221193594901,0.22227788064050993,0.0,167,8,,,,,5.274567412599291,7475.014037620904,0.866201916905924,0.13379808309407595,0.7027987399647502
374,SAGA,0.0,0.0,0.0,,0,0,0,0,0,15d,bullish,25142.869679173215,327,,,,,,,3.6717775125705536,0.0,0.9604836757311439,0.039516324268856075,1.2177229156353755,,-669.6150794729938,-329.294169999994,-329.294169999994,0.0,3,0,0.0,1,1,,,,,2.9999999999999996,0.0,1.0,0.0,1.45,2,1,,,,,4.181226530798628,9088.149342018796,0.9305160864236101,0.06948391357638986,1.35,-1829.2546247133535,22.596039000007515,22.596039000007515,0.0,10,0,0.0,1,1,,,,,2.9999999999999996,0.0,1.0,0.0,1.45,9,1,,,,,4.1928876274863045,9404.049950805807,0.9298301395596291,0.07016986044037084,1.3499999999999999,3825.4383553517328,2877.5587549999905,2877.5587549999905,0.0,40,0,0.0,15,2,,,,,3.0,0.0,1.0,0.0,1.326796899846032,25,2,,,,,4.14058760066421,9374.777122838219,0.9329066117256347,0.06709338827436528,1.35,-9874.744905137231,-1751.7447770000122,-1751.7447770000122,0.0,113,0,0.0,33,4,,,,,3.0,0.0,1.0,0.0,1.3599639108742914,80,4,,,,,4.3630809607636385,9574.173781603286,0.9198187670139037,0.08018123298609638,1.35,25142.869679173215,9351.570779999991,9351.570779999991,0.0,327,0,0.0,144,8,,,,,3.6717775125705536,0.0,0.9604836757311439,0.039516324268856075,1.2177229156353755,183,8,,,,,5.242605686557853,10077.642637607527,0.8680820184377732,0.13191798156222667,0.8186476481826076,25142.869679173215,9351.570779999991,9351.570779999991,0.0,327,0,0.0,144,8,,,,,3.6717775125705536,0.0,0.9604836757311439,0.039516324268856075,1.2177229156353755,183,8,,,,,5.242605686557853,10077.642637607527,0.8680820184377732,0.13191798156222667,0.8186476481826076
374,LAYER,0.0,0.0,0.0,,0,0,0,0,0,15d,bullish,24861.951172301495,327,,,,,,,7.189939703389183,0.0,0.7535329586241657,0.24646704137583433,-0.014809698799702627,,-18696.527634934202,-9199.053339,-9199.053339,0.0,3,0,0.0,1,1,,,,,6.619495337829182,0.0,0.78708850953946,0.21291149046054006,0.0,2,1,,,,,4.083570489931577,19671.24264579871,0.9362605594157895,0.06373944058421048,1.3499999999999999,3560.3455437220778,-2985.9347419999995,-2985.9347419999995,0.0,10,0,0.0,6,1,,,,,6.103373591999919,0.0,0.8174486122352987,0.18255138776470112,0.0,4,1,,,,,4.125957271974866,19722.272770235093,0.9337672192955961,0.06623278070440389,1.35,-10345.034689270487,-1126.224024,-1126.224024,0.0,40,0,0.0,24,2,,,,,5.670178614269537,0.0,0.8429306697488509,0.15706933025114925,0.2211059721863509,16,2,,,,,3.8362183153418385,20016.959114872032,0.9508106873328329,0.04918931266716698,1.35,-2296.2188046530873,2623.6029599999997,2623.6029599999997,0.0,113,0,0.0,65,4,,,,,5.918685076524585,0.0,0.8283126425573774,0.17168735744262265,0.12417162811042708,48,4,,,,,3.9408340753754065,19851.62533477098,0.9446568190955643,0.05534318090443567,1.35,24861.951172301495,8515.655142999996,8515.655142999996,0.0,327,0,0.0,179,8,,,,,7.189939703389183,0.0,0.7535329586241657,0.24646704137583433,-0.014809698799702627,148,8,,,,,4.696866558455652,18421.966380035494,0.9001843200908439,0.09981567990915602,0.8914541274784935,24861.951172301495,8515.655142999996,8515.655142999996,0.0,327,0,0.0,179,8,,,,,7.189939703389183,0.0,0.7535329586241657,0.24646704137583433,-0.014809698799702627,148,8,,,,,4.696866558455652,18421.966380035494,0.9001843200908439,0.09981567990915602,0.8914541274784935
374,CELO,0.0,0.0,0.0,,0,0,0,0,0,15d,bearish,-24596.511832416796,327,,,,,,,4.816760542437583,45960.002531109276,0.8931317327977892,0.10686826720221076,1.113878598015222,,-7396.718721814078,-4190.750645000002,-4190.750645000002,0.0,3,0,0.0,1,1,,,,,18.213769950161257,0.0,0.10507235587286701,0.8949276441271329,-1.8,2,1,,,,,3.0881218970084445,48615.13169522924,0.9948163589995032,0.005183641000496746,1.35,-19158.435517647078,-5837.836544000008,-5837.836544000008,0.0,10,0,0.0,4,1,,,,,8.977862927729285,0.0,0.6483610042512183,0.35163899574878155,-0.2833304537931371,6,1,,,,,6.299146627062515,48648.66249872662,0.8059325513492639,0.19406744865073616,0.6950677885994508,-11983.192612073215,-3490.563096000008,-3490.563096000008,0.0,40,0,0.0,25,2,,,,,13.306185693326226,0.0,0.393753782745516,0.606246217254484,-1.1021546823298738,15,2,,,,,6.791130148070957,47895.00626932612,0.7769923442311203,0.22300765576887982,0.5288563402194424,-870.1881444595937,925.7807519999917,925.7807519999917,0.0,113,0,0.0,62,4,,,,,14.793618674334056,0.0,0.3062577250391731,0.693742274960827,-1.3966567279346611,51,4,,,,,6.468204130460167,47377.6293690057,0.7959879923258726,0.20401200767412744,0.5469316293317379,-24596.511832416796,-4416.2662489999975,-4416.2662489999975,0.0,327,0,0.0,165,8,,,,,12.376488395135569,0.0,0.4484418591096725,0.5515581408903275,-1.142182052184885,162,8,,,,,4.816760542437583,45960.002531109276,0.8931317327977892,0.10686826720221076,1.113878598015222,-24596.511832416796,-4416.2662489999975,-4416.2662489999975,0.0,327,0,0.0,165,8,,,,,12.376488395135569,0.0,0.4484418591096725,0.5515581408903275,-1.142182052184885,162,8,,,,,4.816760542437583,45960.002531109276,0.8931317327977892,0.10686826720221076,1.113878598015222
374,ZEN,0.0,0.0,0.0,,0,0,0,0,0,24h,bullish,23135.326412578997,40,,,,,,,8.42945864700829,0.0,0.7527626698022619,0.24723733019773805,-0.2810158597036409,,-3300.5388108167995,-939.7747100000005,-939.7747100000005,0.0,3,0,0.0,0,0,,,,,,,,,,3,1,,,,,5.99960133526741,15679.257606126119,0.9242154289874958,0.07578457101250423,0.35,6997.9421938182,1987.1480300000003,1987.1480300000003,0.0,10,0,0.0,5,1,,,,,4.632976183429753,0.0,1.0,0.0,1.0,5,1,,,,,5.647633010149233,14882.588849833419,0.9477868128811466,0.05221318711885334,0.35,23135.326412578997,16693.066509999997,16693.066509999997,0.0,40,0,0.0,19,2,,,,,8.42945864700829,0.0,0.7527626698022619,0.24723733019773805,-0.2810158597036409,21,2,,,,,5.690112103398623,12540.96579835926,0.9444872350986403,0.055512764901359556,0.35,945.3483276908379,-721.0038979999987,-721.0038979999987,0.0,113,0,0.0,51,4,,,,,10.821673196528575,0.0,0.5952751923096896,0.40472480769031033,-0.6846673144087582,62,4,,,,,5.809411463085282,12953.607075217507,0.9356941677358831,0.06430583226411693,0.35,-12365.139032028981,-36085.267825999996,-36085.267825999996,0.0,327,0,0.0,148,8,,,,,11.69214155760505,0.0,0.528154255216735,0.471845744783265,-0.8148991667047925,179,8,,,,,5.941192496174921,16498.416817448222,0.9269864138909288,0.0730135861090712,0.3759564770235025,-12365.139032028981,-36085.267825999996,-36085.267825999996,0.0,327,0,0.0,148,8,,,,,11.69214155760505,0.0,0.528154255216735,0.471845744783265,-0.8148991667047925,179,8,,,,,5.941192496174921,16498.416817448222,0.9269864138909288,0.0730135861090712,0.3759564770235025
374,0G,0.0,0.0,0.0,,0,0,0,0,0,15d,bullish,23047.234858856606,327,,,,,,,4.034495704281895,0.0,0.9391473115128297,0.0608526884871703,0.833974004321577,,-2431.3189223058002,-2570.466395,-2570.466395,0.0,3,0,0.0,0,0,,,,,,,,,,3,1,,,,,5.678003928516914,11041.893800750606,0.8424703571460637,0.15752964285393625,0.35,5092.170184441198,1706.637245,1706.637245,0.0,10,0,0.0,5,1,,,,,6.2797382665178425,0.0,0.8070742196165975,0.19292578038340247,0.0,5,1,,,,,5.610646928989457,11128.012104340762,0.8464325335888553,0.1535674664111446,0.35000000000000003,11973.771413339,3080.999420000001,3080.999420000001,0.0,40,0,0.0,21,2,,,,,5.958785718203398,0.0,0.825953781282153,0.17404621871784692,0.0,19,2,,,,,5.550912689187141,10639.530498548495,0.8499463124007564,0.15005368759924362,0.35000000000000003,2058.9805115419995,-3874.090239999996,-3874.090239999996,0.0,113,0,0.0,62,4,,,,,5.418367659281564,0.0,0.8577430788657905,0.14225692113420968,0.21309696541699794,51,4,,,,,4.728299178421892,11282.162512603094,0.898335342445771,0.10166465755422893,1.0109016440529786,23047.234858856606,-18173.269485,-18173.269485,0.0,327,0,0.0,191,8,,,,,4.034495704281895,0.0,0.9391473115128297,0.0608526884871703,0.833974004321577,136,8,,,,,4.0275382879163235,11636.980486666442,0.9395565712990398,0.060443428700960235,1.319749444732103,23047.234858856606,-18173.269485,-18173.269485,0.0,327,0,0.0,191,8,,,,,4.034495704281895,0.0,0.9391473115128297,0.0608526884871703,0.833974004321577,136,8,,,,,4.0275382879163235,11636.980486666442,0.9395565712990398,0.060443428700960235,1.319749444732103
374,SKR,0.0,0.0,0.0,,0,0,0,0,0,72h,bearish,-22745.513261708824,113,,,,,,,10.644401364789708,22694.930133750247,0.5503293314829584,0.4496706685170416,-0.487450583995761,,-14577.968272009319,-7849.689922,-7849.689922,0.0,3,0,0.0,1,1,,,,,3.0000000000000004,0.0,1.0,0.0,1.45,2,1,,,,,6.26059329583756,27535.650107188012,0.8082003943624966,0.19179960563750348,0.35000000000000003,-15778.58382799362,-21343.614209,-21343.614209,0.0,10,0,0.0,5,1,,,,,3.7528176968306255,0.0,0.9557166060687867,0.04428339393121324,1.0397465144173994,5,1,,,,,5.1072877449482625,32109.661339943956,0.8760418973559846,0.12395810264401542,0.8905870448929311,-17932.68375838674,-23352.415521000003,-23352.415521000003,0.0,40,0,0.0,19,2,,,,,7.502570783155697,0.0,0.7351428951084882,0.2648571048915117,-0.08329509193576586,21,2,,,,,8.570291215674635,28568.26335665371,0.6723358108426687,0.32766418915733136,0.06432051045504537,-22745.513261708824,-24993.892112000023,-24993.892112000023,0.0,113,0,0.0,59,4,,,,,11.076112655715058,0.0,0.52493454966382,0.47506545033617986,-0.7857346696899744,54,4,,,,,10.644401364789708,22694.930133750247,0.5503293314829584,0.4496706685170416,-0.487450583995761,-15025.205005117466,-11348.949200000021,-11348.949200000021,0.0,327,0,0.0,160,8,,,,,13.206996180839477,0.0,0.399588459950619,0.6004115400493809,-1.360919698874582,167,8,,,,,11.667264334660285,19643.550231009893,0.49016092149057144,0.5098390785094286,-0.7625878954289611,-15025.205005117466,-11348.949200000021,-11348.949200000021,0.0,327,0,0.0,160,8,,,,,13.206996180839477,0.0,0.399588459950619,0.6004115400493809,-1.360919698874582,167,8,,,,,11.667264334660285,19643.550231009893,0.49016092149057144,0.5098390785094286,-0.7625878954289611
374,VINE,0.0,0.0,0.0,,0,0,0,0,0,72h,bearish,-22105.263595616136,113,,,,,,,4.5508230663678235,8969.982563149066,0.9078703884120423,0.0921296115879576,1.239044828062785,,-26.676244366199995,-126.66782699999993,-126.66782699999993,0.0,3,0,0.0,2,1,,,,,2.856330459550015,0.0,1.0,0.0,1.45,1,1,,,,,4.912226218034555,10469.425354580717,0.8875147920088012,0.11248520799119872,1.35,1686.9443517991203,1527.4996779999997,1527.4996779999997,0.0,10,0,0.0,5,1,,,,,2.8788321476860053,0.0,1.0,0.0,1.45,5,1,,,,,4.975186924541725,10842.667191270446,0.8838112260118032,0.11618877398819696,0.9369332770342419,-2900.707973643482,-4193.605339000002,-4193.605339000002,0.0,40,0,0.0,21,2,,,,,16.30866039600505,0.0,0.214184063166522,0.7858159368334781,-1.334899859038489,19,2,,,,,4.951636361171746,10079.753077950061,0.8851965515882376,0.11480344841176231,1.1362339607607725,-22105.263595616136,-16279.856993000003,-16279.856993000003,0.0,113,0,0.0,60,4,,,,,16.347586024529942,0.0,0.2116626554205491,0.7883373445794509,-1.4496683516152895,53,4,,,,,4.5508230663678235,8969.982563149066,0.9078703884120423,0.0921296115879576,1.239044828062785,-14830.291469420332,-9562.995013999991,-9562.995013999991,0.0,323,0,0.0,158,8,,,,,18.196411013949174,0.0,0.10445851825406507,0.8955414817459348,-1.6578665677764146,165,8,,,,,4.3599199754803815,8954.796724059132,0.9189433335095643,0.0810566664904357,1.2807049032210656,-14830.291469420332,-9562.995013999991,-9562.995013999991,0.0,323,0,0.0,158,8,,,,,18.196411013949174,0.0,0.10445851825406507,0.8955414817459348,-1.6578665677764146,165,8,,,,,4.3599199754803815,8954.796724059132,0.9189433335095643,0.0810566664904357,1.2807049032210656
374,SAND,0.0,0.0,0.0,,0,0,0,0,0,15d,bullish,21637.012553239198,327,,,,,,,7.088612446127099,0.0,0.8607591702581934,0.13924082974180663,0.0,,-4375.944117675,-1150.0494119999998,-1150.0494119999998,0.0,3,0,0.0,0,0,,,,,,,,,,3,1,,,,,9.561756489097688,16200.220112654131,0.6958829007268207,0.30411709927317926,0.35,7151.5809750206,-4549.546127,-4549.546127,0.0,10,0,0.0,7,1,,,,,7.594389389324055,0.0,0.8270407073783961,0.1729592926216037,0.0,3,1,,,,,9.561756489097688,16200.220112654131,0.6958829007268207,0.30411709927317926,0.35,13023.424093053198,9014.881515,9014.881515,0.0,40,0,0.0,24,2,,,,,7.7241121922499945,0.0,0.818392520516667,0.18160747948333297,0.0,16,2,,,,,8.81055354022589,15889.94499398205,0.745963097318274,0.25403690268172596,0.35,20633.91549598799,-6768.952000000007,-6768.952000000007,0.0,113,0,0.0,64,4,,,,,7.381326191621971,0.0,0.8412449205585354,0.15875507944146472,0.0,49,4,,,,,7.86439382863414,14697.280042449609,0.8090404114243908,0.19095958857560927,0.35000000000000003,21637.012553239198,19223.216780999996,19223.216780999996,0.0,327,0,0.0,161,8,,,,,7.088612446127099,0.0,0.8607591702581934,0.13924082974180663,0.0,166,8,,,,,7.833421141125413,16341.091907255652,0.8111052572583058,0.18889474274169418,0.35,21637.012553239198,19223.216780999996,19223.216780999996,0.0,327,0,0.0,161,8,,,,,7.088612446127099,0.0,0.8607591702581934,0.13924082974180663,0.0,166,8,,,,,7.833421141125413,16341.091907255652,0.8111052572583058,0.18889474274169418,0.35
374,HEMI,0.0,0.0,0.0,,0,0,0,0,0,15d,bearish,-20901.3973859346,327,,,,,,,4.366526712282251,3799.681538434716,0.919616075748103,0.08038392425189711,1.2775730294256393,,1169.7594261625836,165.723145,165.723145,0.0,3,0,0.0,2,1,,,,,15.877000808573841,0.0,0.2425293642015388,0.7574706357984612,-1.8000000000000003,1,1,,,,,4.378673830509647,3463.7898715144674,0.9189015393817855,0.08109846061821446,1.35,-12624.750750684623,13.890021000000672,13.890021000000672,0.0,10,0,0.0,5,1,,,,,14.790520935567642,0.0,0.30643994496660953,0.6935600550333906,-1.8000000000000003,5,1,,,,,4.357398555729242,3586.560903767584,0.9201530261335739,0.079846973866426,1.35,2090.383915301739,1241.8205530000043,1241.8205530000043,0.0,40,0,0.0,16,2,,,,,13.935664465362255,0.0,0.35672561968457334,0.6432743803154267,-1.7999999999999998,24,2,,,,,4.356723418483772,3478.1776051692145,0.9201927400891898,0.07980725991081014,1.35,13393.82449800939,11645.531183000008,11645.531183000008,0.0,113,0,0.0,57,4,,,,,14.42672160662928,0.0,0.3278399054923953,0.6721600945076047,-1.7655007852469011,56,4,,,,,4.506895870605996,3509.6693179618214,0.9113590664349414,0.0886409335650586,1.3500000000000003,-20901.3973859346,22113.193480000024,22113.193480000024,0.0,327,0,0.0,160,8,,,,,11.17238243309778,0.0,0.5192716215824836,0.4807283784175165,-0.9698991445776058,167,8,,,,,4.366526712282251,3799.681538434716,0.919616075748103,0.08038392425189711,1.2775730294256393,-20901.3973859346,22113.193480000024,22113.193480000024,0.0,327,0,0.0,160,8,,,,,11.17238243309778,0.0,0.5192716215824836,0.4807283784175165,-0.9698991445776058,167,8,,,,,4.366526712282251,3799.681538434716,0.919616075748103,0.08038392425189711,1.2775730294256393
374,XAI,0.0,0.0,0.0,,0,0,0,0,0,15d,bearish,-20488.684841046692,327,,,,,,,6.279564816652024,13828.987207463795,0.807084422549881,0.19291557745011909,0.35000000000000003,,240.46327060008122,-81.7531179999942,-81.7531179999942,0.0,3,0,0.0,2,1,,,,,6.501436515811132,0.0,0.794033146128757,0.20596685387124297,0.0,1,1,,,,,6.308724629189489,13860.614107412704,0.8053691394594419,0.19463086054055811,0.35,2346.1823689484386,1319.8616000000004,1319.8616000000004,0.0,10,0,0.0,8,1,,,,,6.519501843283395,0.0,0.792970479806859,0.20702952019314091,0.0,2,1,,,,,6.247051803893732,14395.113377968797,0.8089969527121333,0.19100304728786657,0.35,-299.89916553423956,-298.7942679999965,-298.7942679999965,0.0,40,0,0.0,27,2,,,,,6.4525538983887945,0.0,0.7969085942124239,0.20309140578757615,0.0,13,2,,,,,6.241129313528209,14286.642265174018,0.8093453344983408,0.19065466550165938,0.35,-12440.269139009639,-7730.104851000003,-7730.104851000003,0.0,113,0,0.0,65,4,,,,,6.4489673610835325,0.0,0.7971195669950865,0.20288043300491365,0.0,48,4,,,,,6.260129990371423,13702.501962093078,0.8082276476252104,0.19177235237478962,0.35,-20488.684841046692,-10369.371458999996,-10369.371458999996,0.0,327,0,0.0,176,8,,,,,6.407591258728229,0.0,0.7995534553689279,0.2004465446310723,0.0,151,8,,,,,6.279564816652024,13828.987207463795,0.807084422549881,0.19291557745011909,0.35000000000000003,-20488.684841046692,-10369.371458999996,-10369.371458999996,0.0,327,0,0.0,176,8,,,,,6.407591258728229,0.0,0.7995534553689279,0.2004465446310723,0.0,151,8,,,,,6.279564816652024,13828.987207463795,0.807084422549881,0.19291557745011909,0.35000000000000003
374,FOGO,0.0,0.0,0.0,,0,0,0,0,0,24h,bullish,20347.26783441072,40,,,,,,,7.696666424107306,0.0,0.6679218012163262,0.3320781987836738,-0.15575526844977067,,2377.9882305965994,94.169985,94.169985,0.0,3,0,0.0,1,1,,,,,7.9834252632259295,0.0,0.652224367896924,0.34777563210307616,0.0,2,1,,,,,7.496301854113933,16344.341423881808,0.7355116556403569,0.264488344359643,0.35,8874.568927964998,4857.608429,4857.608429,0.0,10,0,0.0,6,1,,,,,8.189616959803352,0.0,0.6411073607368171,0.3588926392631828,-0.41058601136978196,4,1,,,,,6.90646695616393,16647.488140935326,0.7702078261080042,0.2297921738919959,0.35,20347.26783441072,17533.370628,17533.370628,0.0,40,0,0.0,21,2,,,,,7.696666424107306,0.0,0.6679218012163262,0.3320781987836738,-0.15575526844977067,19,2,,,,,6.551870539589363,16008.847229221929,0.7910664388476845,0.20893356115231548,0.35,8092.218712215048,6181.554135000003,6181.554135000003,0.0,113,0,0.0,55,4,,,,,7.462747135948428,0.0,0.6807596881755452,0.3192403118244547,-0.08736143012604397,58,4,,,,,6.179877053512971,15841.705417044983,0.8129484086168842,0.18705159138311592,0.35000000000000003,13789.191383524096,15482.287075000004,15482.287075000004,0.0,325,0,0.0,181,8,,,,,5.858243559735106,0.0,0.7735078934205062,0.22649210657949384,0.36982929004113013,144,8,,,,,5.630709320600741,16904.77089006483,0.8452523929058388,0.15474760709416124,0.3859330375567981,13789.191383524096,15482.287075000004,15482.287075000004,0.0,325,0,0.0,181,8,,,,,5.858243559735106,0.0,0.7735078934205062,0.22649210657949384,0.36982929004113013,144,8,,,,,5.630709320600741,16904.77089006483,0.8452523929058388,0.15474760709416124,0.3859330375567981
374,SUSHI,0.0,0.0,0.0,,0,0,0,0,0,72h,bullish,16558.567110650543,113,,,,,,,4.662230849349801,0.0,0.9022217147441293,0.09777828525587066,0.7856913257749278,,-634.6230126484711,1095.344108000008,1095.344108000008,0.0,3,0,0.0,1,1,,,,,4.34299032583248,0.0,0.9210005690686777,0.07899943093132229,1.0,2,1,,,,,4.8935380327564735,6491.245531629164,0.8886154098378544,0.11138459016214554,1.159947134440164,2766.133141459076,-1641.0641130000015,-1641.0641130000015,0.0,10,0,0.0,6,1,,,,,4.5069163183369065,0.0,0.9113578636272407,0.08864213637275924,1.0,4,1,,,,,4.9340546773260945,6658.411663345435,0.8862320778043473,0.11376792219565263,0.9730758579842701,7749.603130773153,7450.30484200001,7450.30484200001,0.0,40,0,0.0,24,2,,,,,4.405912005240718,0.0,0.9172992938093695,0.08270070619063048,1.0,16,2,,,,,4.615620148071847,6926.23466128513,0.9049635207016562,0.09503647929834394,1.2549175001979187,16558.567110650543,12112.705972000002,12112.705972000002,0.0,113,0,0.0,72,4,,,,,4.662230849349801,0.0,0.9022217147441293,0.09777828525587066,0.7856913257749278,41,3,,,,,4.769990965587234,7155.504358644919,0.8958828843772215,0.10411711562277849,1.1626390607377,469.57327808940846,14059.052906000006,14059.052906000006,0.0,327,0,0.0,210,8,,,,,4.0415025875060335,0.0,0.9387351419114098,0.06126485808859023,0.8842133679356566,117,8,,,,,4.129054151180517,8171.734862975569,0.9335850499305578,0.06641495006944219,1.1964563210902186,469.57327808940846,14059.052906000006,14059.052906000006,0.0,327,0,0.0,210,8,,,,,4.0415025875060335,0.0,0.9387351419114098,0.06126485808859023,0.8842133679356566,117,8,,,,,4.129054151180517,8171.734862975569,0.9335850499305578,0.06641495006944219,1.1964563210902186
374,COMP,0.0,0.0,0.0,,0,0,0,0,0,15d,bearish,-16399.837709658997,327,,,,,,,7.398016451302199,10993.974797450392,0.8381607277384555,0.16183927226154435,0.3499999999999999,,922.4611980089988,258.540659999992,258.540659999992,0.0,3,0,0.0,2,1,,,,,7.987220201494184,0.0,0.800255846040248,0.19974415395975184,0.0,1,1,,,,,7.632414861145303,9747.052800702942,0.8227979697399779,0.1772020302600222,0.35,11847.771992513995,2914.4012699999935,2914.4012699999935,0.0,10,0,0.0,8,1,,,,,8.050250041137895,0.0,0.7960583499870633,0.2039416500129367,0.0,2,1,,,,,7.623769226490042,9704.086439824467,0.8233755463366659,0.1766244536633341,0.35,2230.839874554002,-2379.492544999999,-2379.492544999999,0.0,40,0,0.0,22,2,,,,,8.018017846814493,0.0,0.7982056889069634,0.2017943110930365,0.0,18,2,,,,,7.293185087557028,10357.368691373551,0.8454284218585083,0.15457157814149172,0.35,-7917.545535097994,-16385.987725000006,-16385.987725000006,0.0,113,0,0.0,55,4,,,,,8.034221094717315,0.0,0.7971108391279048,0.20288916087209513,0.0,58,4,,,,,7.417276886561228,10522.1910477484,0.8371555347233002,0.1628444652766999,0.35,-16399.837709658997,-35163.080420000006,-35163.080420000006,0.0,327,0,0.0,160,8,,,,,7.825708433594131,0.0,0.8106411947478295,0.1893588052521705,0.0,167,8,,,,,7.398016451302199,10993.974797450392,0.8381607277384555,0.16183927226154435,0.3499999999999999,-16399.837709658997,-35163.080420000006,-35163.080420000006,0.0,327,0,0.0,160,8,,,,,7.825708433594131,0.0,0.8106411947478295,0.1893588052521705,0.0,167,8,,,,,7.398016451302199,10993.974797450392,0.8381607277384555,0.16183927226154435,0.3499999999999999
374,BABY,0.0,0.0,0.0,,0,0,0,0,0,24h,bullish,15135.019282213558,40,,,,,,,12.946865236265221,0.0,0.4148902802196928,0.5851097197803072,-1.2000000000000002,,1737.2747729605196,604.342095,604.342095,0.0,3,0,0.0,3,1,,,,,12.950642321939752,0.0,0.41466809870942656,0.5853319012905734,-1.2000000000000002,0,0,,,,,12.281558488433257,14252.46525097018,0.45402597126863214,0.5459740287313679,-0.8500000000000002,6235.87708834292,5177.467221,5177.467221,0.0,10,0,0.0,9,1,,,,,12.985223530637388,0.0,0.4126339099625065,0.5873660900374935,-1.2000000000000002,1,1,,,,,11.87293219951118,15438.424745570297,0.47806281179346033,0.5219371882065399,-0.8500000000000002,15135.019282213558,10388.755183000001,10388.755183000001,0.0,40,0,0.0,28,2,,,,,12.946865236265221,0.0,0.4148902802196928,0.5851097197803072,-1.2000000000000002,12,2,,,,,11.563939031191499,14044.148671558722,0.49623888051814735,0.5037611194818528,-0.8500000000000002,-5723.982360965793,-783.346462999999,-783.346462999999,0.0,113,0,0.0,66,4,,,,,12.921730511720721,0.0,0.4163687934281929,0.5836312065718071,-1.2000000000000002,47,4,,,,,11.391593608045559,13997.110725055401,0.5063768465855554,0.4936231534144447,-0.8500000000000003,-8121.226364012604,-15324.563519999998,-15324.563519999998,0.0,327,0,0.0,163,8,,,,,12.09083812708997,0.0,0.46524481605353124,0.5347551839464688,-1.2000000000000002,164,8,,,,,11.32549637602576,16557.18968321468,0.5102649190573083,0.48973508094269175,-0.8483678288405264,-8121.226364012604,-15324.563519999998,-15324.563519999998,0.0,327,0,0.0,163,8,,,,,12.09083812708997,0.0,0.46524481605353124,0.5347551839464688,-1.2000000000000002,164,8,,,,,11.32549637602576,16557.18968321468,0.5102649190573083,0.48973508094269175,-0.8483678288405264
374,USUAL,0.0,0.0,0.0,,0,0,0,0,0,72h,bearish,-14136.953129467198,111,,,,,,,5.630218598539981,40237.52020246473,0.8452812589094129,0.15471874109058711,0.6362393298050432,,171.38545422179985,858.6908089999991,858.6908089999991,0.0,3,0,0.0,3,1,,,,,5.4243368414862765,0.0,0.8573919505008072,0.14260804949919278,0.0,0,0,,,,,,,,,,1039.059757865402,210.20876300000148,210.20876300000148,0.0,10,0,0.0,7,1,,,,,5.348220449908483,0.0,0.8618693852995011,0.13813061470049898,0.0,3,1,,,,,6.424445490344698,36275.5626874937,0.7985620299797235,0.20143797002027644,0.35,-104.99623822119638,2830.6943230000024,2830.6943230000024,0.0,39,0,0.0,23,2,,,,,5.421178080740775,0.0,0.8575777599564249,0.14242224004357504,0.28631678948561134,16,2,,,,,6.503847209389417,32856.264108318384,0.7938913406241519,0.20610865937584805,0.35,-14136.953129467198,-10918.214435,-10918.214435,0.0,111,0,0.0,47,4,,,,,5.202904224371051,0.0,0.8704173985664088,0.12958260143359127,0.38361104072109453,64,4,,,,,5.630218598539981,40237.52020246473,0.8452812589094129,0.15471874109058711,0.6362393298050432,-10560.672243389932,-13446.358345,-13446.358345,0.0,316,0,0.0,152,8,,,,,5.554811399836346,0.0,0.8497169764802148,0.1502830235197851,0.19619450443212264,164,8,,,,,5.610051324163771,41467.89265559604,0.846467569166837,0.153532430833163,0.6165327737178604,-10560.672243389932,-13446.358345,-13446.358345,0.0,316,0,0.0,152,8,,,,,5.554811399836346,0.0,0.8497169764802148,0.1502830235197851,0.19619450443212264,164,8,,,,,5.610051324163771,41467.89265559604,0.846467569166837,0.153532430833163,0.6165327737178604
374,HYPER,0.0,0.0,0.0,,0,0,0,0,0,72h,bullish,13384.447939024543,113,,,,,,,9.212202138178519,0.0,0.6345722563390361,0.3654277436609639,-0.45299244302970115,,-2192.25141552732,-2398.727634,-2398.727634,0.0,3,0,0.0,2,1,,,,,9.458281061084435,0.0,0.6200332398147,0.3799667601852999,-0.65,1,1,,,,,9.849761770593394,7231.412334674965,0.5970728370239181,0.40292716297608194,-0.30000000000000004,4923.37521785128,-1016.5075629999999,-1016.5075629999999,0.0,10,0,0.0,7,1,,,,,9.551772416713417,0.0,0.614584671122627,0.385415328877373,-0.6500000000000001,3,1,,,,,9.993115953359943,7431.669812137272,0.588542605509181,0.4114573944908192,-0.48689255615762833,4428.531951263302,1237.3744450000013,1237.3744450000013,0.0,40,0,0.0,22,2,,,,,9.509118986139205,0.0,0.6171012161872802,0.38289878381271986,-0.65,18,2,,,,,9.739865218048076,8182.70795479446,0.6031749109597194,0.39682508904028063,-0.38029824802158285,13384.447939024543,8983.856019000003,8983.856019000003,0.0,113,0,0.0,62,4,,,,,9.212202138178519,0.0,0.6345722563390361,0.3654277436609639,-0.45299244302970115,51,4,,,,,9.289211679227856,8573.53002037361,0.6297169346188314,0.3702830653811686,-0.17280672776571346,4609.760638090582,2510.6235880000067,2510.6235880000067,0.0,327,0,0.0,172,8,,,,,7.7801546397080985,0.0,0.7188118899691458,0.2811881100308542,-0.1492924710237541,155,8,,,,,7.419254346554371,8254.119221562163,0.7394909838201458,0.2605090161798544,0.21594053490672824,4609.760638090582,2510.6235880000067,2510.6235880000067,0.0,327,0,0.0,172,8,,,,,7.7801546397080985,0.0,0.7188118899691458,0.2811881100308542,-0.1492924710237541,155,8,,,,,7.419254346554371,8254.119221562163,0.7394909838201458,0.2605090161798544,0.21594053490672824
374,PEOPLE,0.0,0.0,0.0,,0,0,0,0,0,15d,bearish,-13135.780889270416,327,,,,,,,7.6479172548051215,60864.2485003439,0.7197710030750982,0.28022899692490166,0.2006856255901759,,-3783.9688355968797,385.074706,385.074706,0.0,3,0,0.0,0,0,,,,,,,,,,3,1,,,,,11.47888282316559,40958.48380766084,0.4920033463497048,0.5079966536502952,-0.8500000000000001,3675.670518585759,1191.292113,1191.292113,0.0,10,0,0.0,6,1,,,,,15.54837273343903,0.0,0.2618604274447629,0.738139572555237,-1.8,4,1,,,,,11.586148361712725,38872.76785563131,0.48565803766864596,0.514341962331354,-0.8500000000000002,2629.376646192878,2437.553266999999,2437.553266999999,0.0,40,0,0.0,22,2,,,,,16.98542722186366,0.0,0.17732781047860816,0.8226721895213918,-1.8,18,2,,,,,10.54540957163637,42695.64392554307,0.5470526348673732,0.45294736513262684,-0.714684852671914,-8499.65337836152,-7180.2503750000005,-7180.2503750000005,0.0,113,0,0.0,60,4,,,,,15.178199968086464,0.0,0.283635295994914,0.716364704005086,-1.6122418166554557,53,4,,,,,9.531926565423715,42086.21113960882,0.6050341482261252,0.3949658517738747,-0.3726421738091678,-13135.780889270416,-8608.030347000004,-8608.030347000004,0.0,327,0,0.0,161,8,,,,,14.494760499433921,0.0,0.32383761768035757,0.6761623823196424,-1.5648062251671517,166,8,,,,,7.6479172548051215,60864.2485003439,0.7197710030750982,0.28022899692490166,0.2006856255901759,-13135.780889270416,-8608.030347000004,-8608.030347000004,0.0,327,0,0.0,161,8,,,,,14.494760499433921,0.0,0.32383761768035757,0.6761623823196424,-1.5648062251671517,166,8,,,,,7.6479172548051215,60864.2485003439,0.7197710030750982,0.28022899692490166,0.2006856255901759
374,AZTEC,0.0,0.0,0.0,,0,0,0,0,0,15d,bearish,-12435.424706559674,327,,,,,,,7.255012930665604,15030.310670333709,0.7497051217255527,0.2502948782744473,0.3499999999999999,,-8232.8302542774,983.9721790000008,983.9721790000008,0.0,3,0,0.0,1,1,,,,,8.888892724733388,0.0,0.6535945456039184,0.3464054543960816,0.0,2,1,,,,,7.677687167203854,13668.938744502357,0.7248419313409499,0.27515806865905024,0.35,-2626.1883271478255,-2046.7992239999987,-2046.7992239999987,0.0,10,0,0.0,7,1,,,,,8.290181288453592,0.0,0.6888128653850828,0.3111871346149172,0.0,3,1,,,,,7.845561771114147,12553.588142556922,0.7149669546403441,0.28503304535965573,0.3499999999999999,-8268.151959688865,-3508.3163259999988,-3508.3163259999988,0.0,40,0,0.0,19,2,,,,,8.301534960502133,0.0,0.688145002323404,0.31185499767659597,0.0,21,2,,,,,7.7881338421306205,13043.539669613687,0.7183450681099635,0.28165493189003654,0.3499999999999999,-9970.729661209873,1029.7381069999976,1029.7381069999976,0.0,113,0,0.0,53,4,,,,,8.32200564378247,0.0,0.6869408444833841,0.31305915551661584,0.0,60,4,,,,,7.648400078765815,13954.973678030034,0.7265647012490698,0.27343529875093026,0.35,-12435.424706559674,-6965.3314130000035,-6965.3314130000035,0.0,327,0,0.0,153,8,,,,,8.140628004127485,0.0,0.6976101174042656,0.30238988259573435,0.0,174,8,,,,,7.255012930665604,15030.310670333709,0.7497051217255527,0.2502948782744473,0.3499999999999999,-12435.424706559674,-6965.3314130000035,-6965.3314130000035,0.0,327,0,0.0,153,8,,,,,8.140628004127485,0.0,0.6976101174042656,0.30238988259573435,0.0,174,8,,,,,7.255012930665604,15030.310670333709,0.7497051217255527,0.2502948782744473,0.3499999999999999
374,NOT,0.0,0.0,0.0,,0,0,0,0,0,6h,bullish,12104.688316789638,10,,,,,,,18.67945648452744,0.0,0.0776790303219154,0.9223209696780847,-1.8,,5754.102863499439,3476.088847,3476.088847,0.0,3,0,0.0,2,1,,,,,18.561489175752115,0.0,0.08461828377928732,0.9153817162207127,-1.8,1,1,,,,,12.706091395021554,8631.456393886356,0.429053447351673,0.5709465526483269,-0.8500000000000002,12104.688316789638,6612.92974,6612.92974,0.0,10,0,0.0,8,1,,,,,18.67945648452744,0.0,0.0776790303219154,0.9223209696780847,-1.8,2,1,,,,,12.417333550277283,9053.454085916457,0.44603920292486554,0.5539607970751345,-0.8500000000000002,3435.742580790357,6024.353917999995,6024.353917999995,0.0,39,0,0.0,27,2,,,,,17.95222046067977,0.0,0.12045761996001375,0.8795423800399864,-1.8000000000000003,12,2,,,,,10.4572902156438,7742.182542986897,0.5613358696680119,0.4386641303319881,-0.8500000000000001,-8138.557981807914,-1478.5634610000034,-1478.5634610000034,0.0,105,0,0.0,58,4,,,,,18.102634381161323,0.0,0.11160974228462826,0.8883902577153718,-1.8,47,4,,,,,11.40694653477224,8834.386447894532,0.5054737332486918,0.4945262667513082,-0.9711825863519651,-11324.158519079105,-8957.857830000004,-8957.857830000004,0.0,263,0,0.0,127,8,,,,,18.212975791310207,0.0,0.10511907109939961,0.8948809289006004,-1.8,136,8,,,,,11.959619914458685,9853.545904699593,0.4729635344436068,0.5270364655563932,-1.064312453952968,-11324.158519079105,-8957.857830000004,-8957.857830000004,0.0,263,0,0.0,127,8,,,,,18.212975791310207,0.0,0.10511907109939961,0.8948809289006004,-1.8,136,8,,,,,11.959619914458685,9853.545904699593,0.4729635344436068,0.5270364655563932,-1.064312453952968
374,ACE,0.0,0.0,0.0,,0,0,0,0,0,15d,bullish,11042.5634190733,327,,,,,,,6.984732426586752,0.2082340259235675,0.7656039749066617,0.23439602509333832,0.09828024665952216,,1214.815469626006,714.2360250000083,714.2360250000083,0.0,3,0,0.0,3,1,,,,,7.409192563717426,0.0,0.7406357315460339,0.25936426845396615,0.0,0,0,,,,,,,,,,4415.074753221199,683.4693979999993,683.4693979999993,0.0,10,0,0.0,9,1,,,,,7.648187765719286,0.0,0.7265771902518068,0.2734228097481933,0.0,1,1,,,,,8.01309621020251,13542.68886008703,0.7051119876351467,0.29488801236485357,0.35,4153.228990543681,503.21596300000556,503.21596300000556,0.0,40,0,0.0,25,2,,,,,7.985840523300108,0.0,0.7067152633352879,0.29328473666471216,0.0,15,2,,,,,7.5768651567500225,13990.912128328026,0.730772637838234,0.26922736216176607,0.35,7115.43867787515,-1680.0703749999934,-1680.0703749999934,0.0,113,0,0.0,76,4,,,,,7.756049184112188,0.0,0.7202324009345772,0.2797675990654228,0.0,37,4,,,,,7.386040931393395,13900.376511289533,0.7419975922709768,0.2580024077290232,0.35,11042.5634190733,684.2002200000039,684.2002200000039,0.0,327,0,0.0,179,8,,,,,6.984732426586752,0.2082340259235675,0.7656039749066617,0.23439602509333832,0.09828024665952216,148,8,,,,,7.072941251340686,14173.678930202881,0.7604152205093714,0.23958477949062856,0.3499999999999999,11042.5634190733,684.2002200000039,684.2002200000039,0.0,327,0,0.0,179,8,,,,,6.984732426586752,0.2082340259235675,0.7656039749066617,0.23439602509333832,0.09828024665952216,148,8,,,,,7.072941251340686,14173.678930202881,0.7604152205093714,0.23958477949062856,0.3499999999999999
374,YEETI,0.0,0.0,0.0,,0,0,0,0,0,15d,bearish,-10986.22243872,2,,,,,,,0.0,0.0,0.0,0.0,0.0,,,,,,,,,,,,,,,,,,,,,,,,,,,,,,,,,,,,,,,,,,,,,,,,,,,,,,,,,,,,,,,,,,,,,,,,,,,,,,,,,,,,,,,,,,,,,,,,,,,,,,,,,,,,,,,,,,,,,,-10986.22243872,11697.150348000001,0.0,11697.150348000001,2,0,1.0,1,1,,,,,0.0,0.0,0.0,0.0,0.0,1,1,,,,,0.0,0.0,0.0,0.0,0.0,-10986.22243872,11697.150348000001,0.0,11697.150348000001,2,0,1.0,1,1,,,,,0.0,0.0,0.0,0.0,0.0,1,1,,,,,0.0,0.0,0.0,0.0,0.0
374,MEME,0.0,0.0,0.0,,0,0,0,0,0,72h,bearish,-10261.586439765719,111,,,,,,,6.214148980541529,6951.085825958269,0.8088219758897431,0.19117802411025686,0.3499999999999999,,-3936.4688753193996,-4736.970735999999,-4736.970735999999,0.0,3,0,0.0,1,1,,,,,10.757658042187153,0.0,0.5436671739889913,0.4563328260110089,-1.2000000000000002,2,1,,,,,6.698236280955659,6739.001746024102,0.780230371635756,0.21976962836424405,0.35000000000000003,-8875.121581850886,-12259.765147999999,-12259.765147999999,0.0,10,0,0.0,4,1,,,,,10.66255895701854,0.0,0.5492612378224389,0.4507387621775612,-1.2000000000000002,6,1,,,,,6.419972524310265,6988.3460486685735,0.7965474241907889,0.203452575809211,0.35000000000000003,-3862.5125733707487,-8047.715377999998,-8047.715377999998,0.0,40,0,0.0,24,2,,,,,10.657676264387602,0.0,0.5495484550360233,0.4504515449639766,-1.2000000000000002,16,2,,,,,6.399297502438729,7140.620634204595,0.7977585545686445,0.2022414454313554,0.35,-10261.586439765719,-10505.568263999992,-10505.568263999992,0.0,111,0,0.0,56,4,,,,,10.707033420190996,0.0,0.5466450929299413,0.4533549070700586,-1.1232475228420693,55,4,,,,,6.214148980541529,6951.085825958269,0.8088219758897431,0.19117802411025686,0.3499999999999999,7431.85049019885,6392.467734000003,6392.467734000003,0.0,324,0,0.0,152,8,,,,,10.336843586950533,0.0,0.5684209654734981,0.4315790345265019,-0.9813685847763737,172,8,,,,,6.478431492446718,6743.558426764717,0.7933221765280933,0.20667782347190666,0.35,7431.85049019885,6392.467734000003,6392.467734000003,0.0,324,0,0.0,152,8,,,,,10.336843586950533,0.0,0.5684209654734981,0.4315790345265019,-0.9813685847763737,172,8,,,,,6.478431492446718,6743.558426764717,0.7933221765280933,0.20667782347190666,0.35
374,PROVE,0.0,0.0,0.0,,0,0,0,0,0,72h,bearish,-9746.401141539402,112,,,,,,,4.309034259765915,9963.84906479344,0.9229979847196519,0.07700201528034797,1.35,,1786.5165797478,865.35413,865.35413,0.0,3,0,0.0,2,1,,,,,3.0,0.0,1.0,0.0,1.4500000000000002,1,1,,,,,4.239546119672389,10666.50824653159,0.9270855223722124,0.07291447762778758,1.35,5082.566218200199,573.8410099999999,573.8410099999999,0.0,10,0,0.0,8,1,,,,,3.0,0.0,1.0,0.0,1.3236142298338538,2,1,,,,,3.962477263409784,10949.98043901234,0.9433836903876597,0.056616309612340265,1.35,5951.556200861999,6693.004959999999,6693.004959999999,0.0,39,0,0.0,23,2,,,,,3.0,0.0,1.0,0.0,1.3708055594428037,16,2,,,,,3.8762316338849363,10822.4149989228,0.9484569627126507,0.05154303728734923,1.3499999999999999,-9746.401141539402,-1647.506405000002,-1647.506405000002,0.0,112,0,0.0,45,3,,,,,3.0,0.0,1.0,0.0,1.3305051453532888,67,4,,,,,4.309034259765915,9963.84906479344,0.9229979847196519,0.07700201528034797,1.35,-8234.673524603199,-953.5621150000014,-953.5621150000014,0.0,326,0,0.0,174,8,,,,,3.2691599081925196,0.0,0.9841670642239694,0.015832935776030555,1.1560309336483938,152,8,,,,,4.321407485838513,10544.81908371958,0.9222701478918521,0.07772985210814785,1.323418278559808,-8234.673524603199,-953.5621150000014,-953.5621150000014,0.0,326,0,0.0,174,8,,,,,3.2691599081925196,0.0,0.9841670642239694,0.015832935776030555,1.1560309336483938,152,8,,,,,4.321407485838513,10544.81908371958,0.9222701478918521,0.07772985210814785,1.323418278559808
374,KITTEN,0.0,0.0,0.0,,0,0,0,0,0,15d,bullish,9433.0979938641,105,,,,,,,0.0,0.0,0.0,0.0,0.0,,133.09967499601478,-110.91639583001233,0.0,-110.91639583001233,1,0,1.0,1,1,,,,,0.0,0.0,0.0,0.0,0.0,0,0,,,,,,,,,,-89.67349583518404,-448.4515031500106,0.0,-448.4515031500106,4,0,1.0,2,1,,,,,0.0,0.0,0.0,0.0,0.0,2,1,,,,,0.0,0.0,0.0,0.0,0.0,931.9315781004202,309.1514109299943,0.0,309.1514109299943,11,0,1.0,8,1,,,,,0.0,0.0,0.0,0.0,0.0,3,1,,,,,0.0,0.0,0.0,0.0,0.0,3444.243071101166,3656.765245239946,0.0,3656.765245239946,40,0,1.0,32,3,,,,,0.0,0.0,0.0,0.0,0.0,8,3,,,,,0.0,0.0,0.0,0.0,0.0,9433.0979938641,11586.507378373668,0.0,11586.507378373668,105,0,1.0,71,8,,,,,0.0,0.0,0.0,0.0,0.0,34,7,,,,,0.0,0.0,0.0,0.0,0.0,9433.0979938641,11586.507378373668,0.0,11586.507378373668,105,0,1.0,71,8,,,,,0.0,0.0,0.0,0.0,0.0,34,7,,,,,0.0,0.0,0.0,0.0,0.0
374,BIGTIME,0.0,0.0,0.0,,0,0,0,0,0,15d,bullish,8370.802333340222,327,,,,,,,11.835402087838304,0.0,0.4802704654212762,0.5197295345787237,-1.206180482394342,,-2877.607949884279,-815.1303330000001,-815.1303330000001,0.0,3,0,0.0,0,0,,,,,,,,,,3,1,,,,,11.398407519827543,50644.61948795684,0.5059760282454387,0.4940239717545613,-0.8500000000000002,2636.1194722186406,2011.670026,2011.670026,0.0,10,0,0.0,4,1,,,,,11.05505812738956,0.0,0.5261730513300261,0.473826948669974,-1.2000000000000002,6,1,,,,,11.368572003083207,50930.14703317049,0.5077310586421644,0.4922689413578356,-0.8500000000000002,1643.325483539721,1901.1944780000001,1901.1944780000001,0.0,40,0,0.0,19,2,,,,,11.518560630081096,0.0,0.49890819823052385,0.5010918017694762,-1.2000000000000002,21,2,,,,,11.032565700481493,52525.65650532925,0.5274961352657945,0.47250386473420547,-0.8500000000000002,-227.8006137925189,-389.36288000000013,-389.36288000000013,0.0,113,0,0.0,59,4,,,,,11.806822278410602,0.0,0.4819516306817295,0.5180483693182706,-1.2000000000000002,54,4,,,,,11.457397385828283,54836.76218544141,0.5025060361277481,0.497493963872252,-0.8500000000000002,8370.802333340222,-2166.7269430000015,-2166.7269430000015,0.0,327,0,0.0,160,8,,,,,11.835402087838304,0.0,0.4802704654212762,0.5197295345787237,-1.206180482394342,167,8,,,,,10.65837853277181,50077.78765988569,0.54950714513107,0.45049285486893,-0.4731131878613771,8370.802333340222,-2166.7269430000015,-2166.7269430000015,0.0,327,0,0.0,160,8,,,,,11.835402087838304,0.0,0.4802704654212762,0.5197295345787237,-1.206180482394342,167,8,,,,,10.65837853277181,50077.78765988569,0.54950714513107,0.45049285486893,-0.4731131878613771
374,YGG,0.0,0.0,0.0,,0,0,0,0,0,2h,bearish,-8317.169676929518,3,,,,,,,7.733947479678667,22508.957201320856,0.7215325011953727,0.27846749880462746,0.3499999999999999,,-8317.169676929518,0.5829840000002378,0.5829840000002378,0.0,3,0,0.0,1,1,,,,,5.815914328475692,0.0,0.8343579806779003,0.16564201932209965,0.0,2,1,,,,,7.733947479678667,22508.957201320856,0.7215325011953727,0.27846749880462746,0.3499999999999999,6740.249764464241,16.432689000000053,16.432689000000053,0.0,10,0,0.0,5,1,,,,,5.020570685931637,0.0,0.8811429008275508,0.11885709917244923,0.5198795895122577,5,1,,,,,7.806985175308316,22767.16882309699,0.7172361661583346,0.2827638338416656,0.35,3283.8857650023615,-997.8424019999993,-997.8424019999993,0.0,40,0,0.0,14,2,,,,,5.451693390000927,0.0,0.8557827417646512,0.1442172582353487,0.3804219453592905,26,2,,,,,7.08241470923361,23698.559784761623,0.7598579582803758,0.2401420417196241,0.3499999999999999,2971.2694799364576,-2637.9826459999995,-2637.9826459999995,0.0,113,0,0.0,54,4,,,,,5.889484098022836,0.0,0.8300303471751272,0.1699696528248727,0.2912067389590365,59,3,,,,,6.949727524941454,24813.60104415999,0.7676630867681498,0.23233691323185018,0.35,1947.6323650965055,-1605.7023319999996,-1605.7023319999996,0.0,327,0,0.0,164,8,,,,,7.9011432634845455,0.0,0.7116974550891443,0.28830254491085566,-0.18905267591795388,163,8,,,,,7.88859299811247,25664.98432381764,0.7124357059933841,0.2875642940066159,0.27802043328714837,1947.6323650965055,-1605.7023319999996,-1605.7023319999996,0.0,327,0,0.0,164,8,,,,,7.9011432634845455,0.0,0.7116974550891443,0.28830254491085566,-0.18905267591795388,163,8,,,,,7.88859299811247,25664.98432381764,0.7124357059933841,0.2875642940066159,0.27802043328714837
374,TURBO,0.0,0.0,0.0,,0,0,0,0,0,6h,bullish,8226.28375546968,10,,,,,,,19.31894204809144,0.0,0.04006223246520943,0.9599377675347905,-1.7999999999999998,,2460.92931417156,5231.307974,5231.307974,0.0,3,0,0.0,3,1,,,,,19.347505480577013,0.0,0.03838203055429358,0.9616179694457064,-1.8,0,0,,,,,,,,,,8226.28375546968,10788.150101000001,10788.150101000001,0.0,10,0,0.0,9,1,,,,,19.31894204809144,0.0,0.04006223246520943,0.9599377675347905,-1.7999999999999998,1,1,,,,,6.52225874960127,19338.38431562778,0.7906716216943698,0.20932837830563028,0.35,6577.27096948452,12208.027457,12208.027457,0.0,40,0,0.0,24,2,,,,,19.30599830780735,0.0,0.04082362895250897,0.959176371047491,-1.8,16,2,,,,,6.443260377833759,17883.46763290346,0.795365701030093,0.20463429896990704,0.35000000000000003,-7496.196663643599,-6296.070575,-6296.070575,0.0,113,0,0.0,45,4,,,,,19.145881135564224,0.0,0.050242286143281044,0.949757713856719,-1.8,68,4,,,,,6.855996918026116,16836.618984812107,0.7709794234515543,0.22902057654844563,0.35,6289.505058395303,1392.4015880000002,1392.4015880000002,0.0,327,0,0.0,131,8,,,,,18.710418668336548,0.0,0.07585772539196786,0.9241422746080321,-1.7999999999999998,196,8,,,,,7.213133062969099,17792.197907224287,0.7508384999802036,0.24916150001979648,0.35,6289.505058395303,1392.4015880000002,1392.4015880000002,0.0,327,0,0.0,131,8,,,,,18.710418668336548,0.0,0.07585772539196786,0.9241422746080321,-1.7999999999999998,196,8,,,,,7.213133062969099,17792.197907224287,0.7508384999802036,0.24916150001979648,0.35
374,LQNA,0.0,0.0,0.0,,0,0,0,0,0,15d,bullish,6943.875503519997,6,,,,,,,0.0,0.0,0.0,0.0,0.0,,-1518.8276320799746,-2301.2539879999613,0.0,-2301.2539879999613,1,0,1.0,0,0,,,,,,,,,,1,1,,,,,0.0,0.0,0.0,0.0,0.0,-1518.8276320799746,-2301.2539879999613,0.0,-2301.2539879999613,1,0,1.0,0,0,,,,,,,,,,1,1,,,,,0.0,0.0,0.0,0.0,0.0,-1518.8276320799746,-2301.2539879999613,0.0,-2301.2539879999613,1,0,1.0,0,0,,,,,,,,,,1,1,,,,,0.0,0.0,0.0,0.0,0.0,-1518.8276320799746,-2301.2539879999613,0.0,-2301.2539879999613,1,0,1.0,0,0,,,,,,,,,,1,1,,,,,0.0,0.0,0.0,0.0,0.0,6943.875503519997,4832.564923000032,0.0,4832.564923000032,6,0,1.0,4,3,,,,,0.0,0.0,0.0,0.0,0.0,2,2,,,,,0.0,0.0,0.0,0.0,0.0,6943.875503519997,4832.564923000032,0.0,4832.564923000032,6,0,1.0,4,3,,,,,0.0,0.0,0.0,0.0,0.0,2,2,,,,,0.0,0.0,0.0,0.0,0.0
374,UMA,0.0,0.0,0.0,,0,0,0,0,0,6h,bullish,6717.463900780314,10,,,,,,,15.082426357129032,0.0,0.28926903781593927,0.7107309621840606,-1.8,,141.48471445271738,622.6152939999977,622.6152939999977,0.0,3,0,0.0,2,1,,,,,15.121443642009025,0.0,0.2869739034112336,0.7130260965887664,-1.8000000000000003,1,1,,,,,10.44596066706473,12063.924569595534,0.5620023137020747,0.4379976862979253,-0.8500000000000002,6717.463900780314,2210.4683409999934,2210.4683409999934,0.0,10,0,0.0,8,1,,,,,15.082426357129032,0.0,0.28926903781593927,0.7107309621840606,-1.8,2,1,,,,,9.670651120208381,12873.573174611212,0.6076087576348012,0.39239124236519884,-0.31048323144579276,2571.2430262503312,-3886.8694130000067,-3886.8694130000067,0.0,40,0,0.0,17,2,,,,,15.198491776386104,0.0,0.28244166021258205,0.717558339787418,-1.8,23,2,,,,,9.953002865641553,12258.247266576742,0.5909998314328498,0.40900016856715027,-0.6280344489110664,1284.9850053525233,-2352.2645770000036,-2352.2645770000036,0.0,112,0,0.0,51,4,,,,,15.250437150813974,0.0,0.2793860499521192,0.7206139500478808,-1.8,61,4,,,,,10.074728265992205,13097.580282169298,0.5838395137651644,0.4161604862348356,-0.6321058826276029,2441.362079430457,-246.25474600000717,-246.25474600000717,0.0,305,0,0.0,160,8,,,,,15.227337681751619,0.0,0.28074484224990476,0.7192551577500952,-1.8,145,8,,,,,10.048958761496593,13356.936331666659,0.5853553669707886,0.41464463302921134,-0.5996570976979633,2441.362079430457,-246.25474600000717,-246.25474600000717,0.0,305,0,0.0,160,8,,,,,15.227337681751619,0.0,0.28074484224990476,0.7192551577500952,-1.8,145,8,,,,,10.048958761496593,13356.936331666659,0.5853553669707886,0.41464463302921134,-0.5996570976979633
374,SUPER,0.0,0.0,0.0,,0,0,0,0,0,72h,bearish,-5648.1911419749285,113,,,,,,,6.843686042709719,17314.279450238188,0.7739008210170754,0.22609917898292467,0.35,,-898.61212660356,-884.4573010000003,-884.4573010000003,0.0,3,0,0.0,1,1,,,,,16.772177944335645,0.0,0.189871885627315,0.8101281143726851,-1.8,2,1,,,,,6.77960861371834,15370.78705462604,0.77767008154598,0.22232991845402003,0.35000000000000003,1159.2140842856402,1676.3224409999996,1676.3224409999996,0.0,10,0,0.0,5,1,,,,,16.94313706843582,0.0,0.1798154665625989,0.820184533437401,-1.7999999999999998,5,1,,,,,6.891178526337615,15914.93860525374,0.7711071455095522,0.22889285449044794,0.35000000000000003,-1985.9099678712403,-3577.4001869999997,-3577.4001869999997,0.0,40,0,0.0,18,2,,,,,16.974724259097087,0.0,0.1779573965237009,0.8220426034762991,-1.7999999999999998,22,2,,,,,7.22649101019563,16336.245691817176,0.7513828817531982,0.24861711824680177,0.35,-5648.1911419749285,-6996.425244,-6996.425244,0.0,113,0,0.0,56,4,,,,,16.596455441662208,0.0,0.20020850343163513,0.7997914965683649,-1.7624689455226263,57,4,,,,,6.843686042709719,17314.279450238188,0.7739008210170754,0.22609917898292467,0.35,-3807.6134106145764,-4383.642526000001,-4383.642526000001,0.0,327,0,0.0,166,8,,,,,12.79199649853826,0.0,0.4240002059683379,0.5759997940316621,-1.207028083136123,161,8,,,,,5.516726445571954,17034.898254494674,0.8519572679075322,0.14804273209246785,0.8152197815242791,-3807.6134106145764,-4383.642526000001,-4383.642526000001,0.0,327,0,0.0,166,8,,,,,12.79199649853826,0.0,0.4240002059683379,0.5759997940316621,-1.207028083136123,161,8,,,,,5.516726445571954,17034.898254494674,0.8519572679075322,0.14804273209246785,0.8152197815242791
374,LICK,0.0,0.0,0.0,,0,0,0,0,0,72h,bullish,5561.7968727648,10,,,,,,,0.0,0.0,0.0,0.0,0.0,,3059.7288001596003,-2588.64001971,0.0,-2588.64001971,2,0,1.0,1,1,,,,,0.0,0.0,0.0,0.0,0.0,1,1,,,,,0.0,0.0,0.0,0.0,0.0,2963.6498356308007,-2734.2142083900003,0.0,-2734.2142083900003,5,0,1.0,3,1,,,,,0.0,0.0,0.0,0.0,0.0,2,1,,,,,0.0,0.0,0.0,0.0,0.0,5557.070035630801,-203.97040839000033,0.0,-203.97040839000033,8,0,1.0,6,1,,,,,0.0,0.0,0.0,0.0,0.0,2,1,,,,,0.0,0.0,0.0,0.0,0.0,5561.7968727648,65.92759478999973,0.0,65.92759478999973,10,0,1.0,7,2,,,,,0.0,0.0,0.0,0.0,0.0,3,2,,,,,0.0,0.0,0.0,0.0,0.0,-3414.374223955199,-7414.21498581,0.0,-7414.21498581,12,0,1.0,8,3,,,,,0.0,0.0,0.0,0.0,0.0,4,3,,,,,0.0,0.0,0.0,0.0,0.0,-3414.374223955199,-7414.21498581,0.0,-7414.21498581,12,0,1.0,8,3,,,,,0.0,0.0,0.0,0.0,0.0,4,3,,,,,0.0,0.0,0.0,0.0,0.0
374,WCT,0.0,0.0,0.0,,0,0,0,0,0,6h,bullish,5300.7718670584,10,,,,,,,19.605312776336465,0.0,0.023216895509619813,0.9767831044903801,-1.8000000000000003,,-174.52671391039988,1183.8600640000002,1183.8600640000002,0.0,3,0,0.0,2,1,,,,,19.9988311544907,0.0,6.875561819416544e-05,0.9999312443818058,-1.8,1,1,,,,,12.478945706023541,38484.32413482977,0.4424149584692034,0.5575850415307965,-0.8500000000000002,5300.7718670584,1481.1320740000006,1481.1320740000006,0.0,10,0,0.0,6,1,,,,,19.605312776336465,0.0,0.023216895509619813,0.9767831044903801,-1.8000000000000003,4,1,,,,,11.616080234181824,38813.931506903755,0.49317175093048093,0.5068282490695191,-0.688111156379942,2877.8016221812004,1577.5749130000004,1577.5749130000004,0.0,40,0,0.0,18,2,,,,,19.77260314015093,0.0,0.013376285873474694,0.9866237141265253,-1.8,22,2,,,,,10.307945345721045,38911.25767242166,0.570120862016409,0.42987913798359084,-0.6120431867544587,-733.2448500320388,-2312.0220609999988,-2312.0220609999988,0.0,113,0,0.0,59,4,,,,,19.795408218556407,0.0,0.01203481067315258,0.9879651893268474,-1.8,54,4,,,,,10.633452985182265,38497.97302999852,0.5509733538128079,0.4490266461871922,-0.6004798378280014,-371.9781790501508,-178.80170599999823,-178.80170599999823,0.0,319,0,0.0,147,8,,,,,19.60781653128987,0.0,0.023069615806478243,0.9769303841935217,-1.8,172,8,,,,,11.631408944741617,39505.45853640244,0.4922700620740226,0.5077299379259774,-0.8481708891249143,-371.9781790501508,-178.80170599999823,-178.80170599999823,0.0,319,0,0.0,147,8,,,,,19.60781653128987,0.0,0.023069615806478243,0.9769303841935217,-1.8,172,8,,,,,11.631408944741617,39505.45853640244,0.4922700620740226,0.5077299379259774,-0.8481708891249143
374,USOL,0.0,0.0,0.0,,0,0,0,0,0,15d,bullish,5198.601739609155,326,,,,,,,0.0,0.0,0.0,0.0,0.0,,-1916.4712823295276,-95.94583842882955,0.0,-95.94583842882955,3,0,1.0,0,0,,,,,,,,,,3,1,,,,,0.0,0.0,0.0,0.0,0.0,-1582.73413668489,-251.7422872245422,0.0,-251.7422872245422,10,0,1.0,4,1,,,,,0.0,0.0,0.0,0.0,0.0,6,1,,,,,0.0,0.0,0.0,0.0,0.0,-3388.479617500191,2150.074553261568,0.0,2150.074553261568,40,0,1.0,17,2,,,,,0.0,0.0,0.0,0.0,0.0,23,2,,,,,0.0,0.0,0.0,0.0,0.0,-3969.989210989309,4003.5790308924697,0.0,4003.5790308924697,113,0,1.0,61,4,,,,,0.0,0.0,0.0,0.0,0.0,52,4,,,,,0.0,0.0,0.0,0.0,0.0,5198.601739609155,4933.356703193114,0.0,4933.356703193114,326,0,1.0,169,8,,,,,0.0,0.0,0.0,0.0,0.0,157,8,,,,,0.0,0.0,0.0,0.0,0.0,5198.601739609155,4933.356703193114,0.0,4933.356703193114,326,0,1.0,169,8,,,,,0.0,0.0,0.0,0.0,0.0,157,8,,,,,0.0,0.0,0.0,0.0,0.0
374,SOPH,0.0,0.0,0.0,,0,0,0,0,0,15d,bearish,-5193.746530591824,325,,,,,,,10.810126389539706,140128.07485818307,0.5405808006153113,0.45941919938468856,-0.6128853742476066,,721.3352609073596,-1383.4027959999999,-1383.4027959999999,0.0,3,0,0.0,1,1,,,,,3.0,0.0,1.0,0.0,1.45,2,1,,,,,8.17240034273363,196225.15310919035,0.6957411563097864,0.3042588436902134,0.35,378.62964647555964,-1775.012696,-1775.012696,0.0,10,0,0.0,4,1,,,,,3.050492754830683,0.0,0.9970298379511363,0.002970162048863697,1.4132171487822458,6,1,,,,,7.306509526795694,196811.69873857114,0.7466759101884886,0.2533240898115114,0.35,319.11030902765566,-1846.0504230000001,-1846.0504230000001,0.0,40,0,0.0,21,2,,,,,3.3107847432546285,0.0,0.9817185445144335,0.018281455485566398,1.2602476178338862,19,2,,,,,7.045420260690363,198021.01377734885,0.7620341023123316,0.23796589768766838,0.35,2411.828735273927,1987.0164639999987,1987.0164639999987,0.0,113,0,0.0,55,4,,,,,3.198015073784953,0.0,0.9883520544832382,0.011647945516761947,1.2578924982317772,58,4,,,,,8.196734639942072,188388.3745123013,0.6943097270622312,0.3056902729377689,0.12332358265663242,-5193.746530591824,2741.7672979999984,2741.7672979999984,0.0,325,0,0.0,157,8,,,,,3.2623989730142973,0.0,0.9845647662932766,0.015435233706723363,1.2167840966096446,168,8,,,,,10.810126389539706,140128.07485818307,0.5405808006153113,0.45941919938468856,-0.6128853742476066,-5193.746530591824,2741.7672979999984,2741.7672979999984,0.0,325,0,0.0,157,8,,,,,3.2623989730142973,0.0,0.9845647662932766,0.015435233706723363,1.2167840966096446,168,8,,,,,10.810126389539706,140128.07485818307,0.5405808006153113,0.45941919938468856,-0.6128853742476066
374,NEIRO,0.0,0.0,0.0,,0,0,0,0,0,15d,bullish,4427.270916320003,3,,,,,,,0.0,0.0,0.0,0.0,0.0,,,,,,,,,,,,,,,,,,,,,,,,,,,,,,,,,,,,,,,,,,,,,,,,,,,,,,,,,,,,,,,,,,,,,,,,,,,,,,,,,,,,,,,,,0.0,0.0,0.0,0.0,2,0,0.0,1,1,,,,,0.0,0.0,0.0,0.0,0.0,1,1,,,,,0.0,0.0,0.0,0.0,0.0,4427.270916320003,-3952.9204610000033,0.0,-3952.9204610000033,3,0,1.0,2,2,,,,,0.0,0.0,0.0,0.0,0.0,1,1,,,,,0.0,0.0,0.0,0.0,0.0,4427.270916320003,-3952.9204610000033,0.0,-3952.9204610000033,3,0,1.0,2,2,,,,,0.0,0.0,0.0,0.0,0.0,1,1,,,,,0.0,0.0,0.0,0.0,0.0
374,LUCKY,0.0,0.0,0.0,,0,0,0,0,0,15d,bullish,4056.2080020000003,1,,,,,,,0.0,0.0,0.0,0.0,0.0,,,,,,,,,,,,,,,,,,,,,,,,,,,,,,,,,,,,,,,,,,,,,,,,,,,,,,,,,,,,,,,,,,,,,,,,,,,,,,,,,,,,,,,,,,,,,,,,,,,,,,,,,,,,,,,,,,,,,,4056.2080020000003,6145.7697,0.0,6145.7697,1,0,1.0,1,1,,,,,0.0,0.0,0.0,0.0,0.0,0,0,,,,,,,,,,4056.2080020000003,6145.7697,0.0,6145.7697,1,0,1.0,1,1,,,,,0.0,0.0,0.0,0.0,0.0,0,0,,,,,,,,,
374,ATEHUN,0.0,0.0,0.0,,0,0,0,0,0,72h,bearish,-3660.6562011600076,14,,,,,,,0.0,0.0,0.0,0.0,0.0,,-132.5814553800198,-200.88099300003,0.0,-200.88099300003,1,0,1.0,0,0,,,,,,,,,,1,1,,,,,0.0,0.0,0.0,0.0,0.0,-132.5814553800198,-200.88099300003,0.0,-200.88099300003,1,0,1.0,0,0,,,,,,,,,,1,1,,,,,0.0,0.0,0.0,0.0,0.0,-273.14827938001514,-318.02001300002615,0.0,-318.02001300002615,4,0,1.0,1,1,,,,,0.0,0.0,0.0,0.0,0.0,3,1,,,,,0.0,0.0,0.0,0.0,0.0,-3660.6562011600076,-2510.5323560000115,0.0,-2510.5323560000115,14,0,1.0,7,4,,,,,0.0,0.0,0.0,0.0,0.0,7,4,,,,,0.0,0.0,0.0,0.0,0.0,-3235.76232383403,-3635.750201900009,0.0,-3635.750201900009,40,0,1.0,20,8,,,,,0.0,0.0,0.0,0.0,0.0,20,7,,,,,0.0,0.0,0.0,0.0,0.0,-3235.76232383403,-3635.750201900009,0.0,-3635.750201900009,40,0,1.0,20,8,,,,,0.0,0.0,0.0,0.0,0.0,20,7,,,,,0.0,0.0,0.0,0.0,0.0
374,RSR,0.0,0.0,0.0,,0,0,0,0,0,15d,bullish,1768.5810283351843,303,,,,,,,17.408639303894784,0.0,0.15243298212383632,0.8475670178761636,-1.8000000000000003,,-100.5992704392,-519.4748939999998,-519.4748939999998,0.0,3,0,0.0,2,1,,,,,17.297240422006553,0.0,0.1589858575290257,0.8410141424709742,-1.7999999999999998,1,1,,,,,15.925064521487133,21538.788494005705,0.23970208697134548,0.7602979130286545,-1.4500000000000002,189.59202642900004,908.7006930000003,908.7006930000003,0.0,9,0,0.0,5,1,,,,,17.325896170286885,0.0,0.15730022527724144,0.8426997747227586,-1.8,4,1,,,,,15.952950316645989,21675.138962151592,0.23806174607964817,0.7619382539203519,-1.4500000000000004,88.23817873295997,527.3746380000001,527.3746380000001,0.0,38,0,0.0,19,2,,,,,17.31452824563862,0.0,0.15796892672713989,0.8420310732728601,-1.8000000000000003,19,2,,,,,15.938482160671047,21843.422489489345,0.23891281407817402,0.7610871859218261,-1.4500000000000002,-886.5572179202159,-590.399689,-590.399689,0.0,109,0,0.0,55,4,,,,,17.318876247544342,0.0,0.15771316190915607,0.8422868380908438,-1.7999999999999998,54,4,,,,,15.927351597076564,21711.779077593368,0.23956755311314315,0.7604324468868568,-1.45,1768.5810283351843,2335.4073859999994,2335.4073859999994,0.0,303,0,0.0,166,8,,,,,17.408639303894784,0.0,0.15243298212383632,0.8475670178761636,-1.8000000000000003,137,8,,,,,15.596095001485448,25102.988205295664,0.2590532352067384,0.7409467647932617,-1.4500000000000002,1768.5810283351843,2335.4073859999994,2335.4073859999994,0.0,303,0,0.0,166,8,,,,,17.408639303894784,0.0,0.15243298212383632,0.8475670178761636,-1.8000000000000003,137,8,,,,,15.596095001485448,25102.988205295664,0.2590532352067384,0.7409467647932617,-1.4500000000000002
374,LINK0,0.0,0.0,0.0,,0,0,0,0,0,15d,bullish,1335.9051896477997,10,,,,,,,0.0,0.0,0.0,0.0,0.0,,,,,,,,,,,,,,,,,,,,,,,,,,,,,,,1.4687999999997554,-1.5299999999997453,0.0,-1.5299999999997453,1,0,1.0,1,1,,,,,0.0,0.0,0.0,0.0,0.0,0,0,,,,,,,,,,1.4687999999997554,-1.5299999999997453,0.0,-1.5299999999997453,1,0,1.0,1,1,,,,,0.0,0.0,0.0,0.0,0.0,0,0,,,,,,,,,,795.8112032543999,-828.9700033899999,0.0,-828.9700033899999,3,0,1.0,3,2,,,,,0.0,0.0,0.0,0.0,0.0,0,0,,,,,,,,,,1335.9051896477997,-171.8006198699998,0.0,-171.8006198699998,10,0,1.0,8,5,,,,,0.0,0.0,0.0,0.0,0.0,2,2,,,,,0.0,0.0,0.0,0.0,0.0,1335.9051896477997,-171.8006198699998,0.0,-171.8006198699998,10,0,1.0,8,5,,,,,0.0,0.0,0.0,0.0,0.0,2,2,,,,,0.0,0.0,0.0,0.0,0.0
374,ANSEM,0.0,0.0,0.0,,0,0,0,0,0,15d,bearish,-1180.2008748000003,23,,,,,,,0.0,0.0,0.0,0.0,0.0,,,,,,,,,,,,,,,,,,,,,,,,,,,,,,,,,,,,,,,,,,,,,,,,,,,,,,,,,,,,-331.35777840000003,-502.05724,0.0,-502.05724,1,0,1.0,0,0,,,,,,,,,,1,1,,,,,0.0,0.0,0.0,0.0,0.0,-838.5389532,-901.225851,0.0,-901.225851,11,0,1.0,5,3,,,,,0.0,0.0,0.0,0.0,0.0,6,3,,,,,0.0,0.0,0.0,0.0,0.0,-1180.2008748000003,-1380.5671210000005,0.0,-1380.5671210000005,23,0,1.0,9,6,,,,,0.0,0.0,0.0,0.0,0.0,14,7,,,,,0.0,0.0,0.0,0.0,0.0,-1180.2008748000003,-1380.5671210000005,0.0,-1380.5671210000005,23,0,1.0,9,6,,,,,0.0,0.0,0.0,0.0,0.0,14,7,,,,,0.0,0.0,0.0,0.0,0.0
374,SCHIZO,0.0,0.0,0.0,,0,0,0,0,0,15d,bearish,-986.920261092009,10,,,,,,,0.0,0.0,0.0,0.0,0.0,,,,,,,,,,,,,,,,,,,,,,,,,,,,,,,19.111279968002883,28.956484800004368,0.0,28.956484800004368,1,0,1.0,1,1,,,,,0.0,0.0,0.0,0.0,0.0,0,0,,,,,,,,,,19.111279968002883,28.956484800004368,0.0,28.956484800004368,1,0,1.0,1,1,,,,,0.0,0.0,0.0,0.0,0.0,0,0,,,,,,,,,,19.111279968002883,28.956484800004368,0.0,28.956484800004368,1,0,1.0,1,1,,,,,0.0,0.0,0.0,0.0,0.0,0,0,,,,,,,,,,-986.920261092009,-1481.8528383000087,0.0,-1481.8528383000087,10,0,1.0,5,3,,,,,0.0,0.0,0.0,0.0,0.0,5,2,,,,,0.0,0.0,0.0,0.0,0.0,-986.920261092009,-1481.8528383000087,0.0,-1481.8528383000087,10,0,1.0,5,3,,,,,0.0,0.0,0.0,0.0,0.0,5,2,,,,,0.0,0.0,0.0,0.0,0.0
374,CATBAL,0.0,0.0,0.0,,0,0,0,0,0,15d,bearish,-872.4216954780399,148,,,,,,,0.0,0.0,0.0,0.0,0.0,,59.911101359981316,-49.92591779998443,0.0,-49.92591779998443,1,0,1.0,1,1,,,,,0.0,0.0,0.0,0.0,0.0,0,0,,,,,,,,,,6.746013911979922,-130.47908059998653,0.0,-130.47908059998653,6,0,1.0,2,1,,,,,0.0,0.0,0.0,0.0,0.0,4,1,,,,,0.0,0.0,0.0,0.0,0.0,-20.946228210050975,-416.3178429000192,0.0,-416.3178429000192,18,0,1.0,7,1,,,,,0.0,0.0,0.0,0.0,0.0,11,2,,,,,0.0,0.0,0.0,0.0,0.0,19.623327029969012,-193.96338570000947,0.0,-193.96338570000947,37,0,1.0,16,3,,,,,0.0,0.0,0.0,0.0,0.0,21,4,,,,,0.0,0.0,0.0,0.0,0.0,-872.4216954780399,-382.4426309000027,0.0,-382.4426309000027,148,0,1.0,70,8,,,,,0.0,0.0,0.0,0.0,0.0,78,8,,,,,0.0,0.0,0.0,0.0,0.0,-872.4216954780399,-382.4426309000027,0.0,-382.4426309000027,148,0,1.0,70,8,,,,,0.0,0.0,0.0,0.0,0.0,78,8,,,,,0.0,0.0,0.0,0.0,0.0
374,POINTS,0.0,0.0,0.0,,0,0,0,0,0,15d,bearish,-868.1141048416001,32,,,,,,,0.0,0.0,0.0,0.0,0.0,,,,,,,,,,,,,,,,,,,,,,,,,,,,,,,-26.558033502,-40.2394447,0.0,-40.2394447,1,0,1.0,0,0,,,,,,,,,,1,1,,,,,0.0,0.0,0.0,0.0,0.0,-65.88249876,-103.8502014,0.0,-103.8502014,6,0,1.0,1,1,,,,,0.0,0.0,0.0,0.0,0.0,5,2,,,,,0.0,0.0,0.0,0.0,0.0,-174.74887620599995,-23.645140700000006,0.0,-23.645140700000006,19,0,1.0,10,2,,,,,0.0,0.0,0.0,0.0,0.0,9,4,,,,,0.0,0.0,0.0,0.0,0.0,-868.1141048416001,-442.43239722,0.0,-442.43239722,32,0,1.0,14,5,,,,,0.0,0.0,0.0,0.0,0.0,18,7,,,,,0.0,0.0,0.0,0.0,0.0,-868.1141048416001,-442.43239722,0.0,-442.43239722,32,0,1.0,14,5,,,,,0.0,0.0,0.0,0.0,0.0,18,7,,,,,0.0,0.0,0.0,0.0,0.0
374,HPENGU,0.0,0.0,0.0,,0,0,0,0,0,15d,bullish,804.0006225548746,240,,,,,,,0.0,0.0,0.0,0.0,0.0,,60.89384560767173,50.744871339726444,0.0,50.744871339726444,1,0,1.0,1,1,,,,,0.0,0.0,0.0,0.0,0.0,0,0,,,,,,,,,,-132.22565989870847,-110.1880443920724,0.0,-110.1880443920724,8,0,1.0,3,1,,,,,0.0,0.0,0.0,0.0,0.0,5,1,,,,,0.0,0.0,0.0,0.0,0.0,-173.7290783013549,-147.4933707560601,0.0,-147.4933707560601,27,0,1.0,7,1,,,,,0.0,0.0,0.0,0.0,0.0,20,2,,,,,0.0,0.0,0.0,0.0,0.0,-168.33264840286836,-362.08981012851405,0.0,-362.08981012851405,94,0,1.0,38,4,,,,,0.0,0.0,0.0,0.0,0.0,56,4,,,,,0.0,0.0,0.0,0.0,0.0,804.0006225548746,409.50250181058544,0.0,409.50250181058544,240,0,1.0,118,8,,,,,0.0,0.0,0.0,0.0,0.0,122,8,,,,,0.0,0.0,0.0,0.0,0.0,804.0006225548746,409.50250181058544,0.0,409.50250181058544,240,0,1.0,118,8,,,,,0.0,0.0,0.0,0.0,0.0,122,8,,,,,0.0,0.0,0.0,0.0,0.0
374,NOCEX,0.0,0.0,0.0,,0,0,0,0,0,15d,bullish,632.0957999999439,60,,,,,,,0.0,0.0,0.0,0.0,0.0,,-18.757199999989243,-28.419999999983702,0.0,-28.419999999983702,1,0,1.0,0,0,,,,,,,,,,1,1,,,,,0.0,0.0,0.0,0.0,0.0,-19.311600000006155,-29.260000000009313,0.0,-29.260000000009313,3,0,1.0,1,1,,,,,0.0,0.0,0.0,0.0,0.0,2,1,,,,,0.0,0.0,0.0,0.0,0.0,-190.24680000005407,-275.1700000000419,0.0,-275.1700000000419,9,0,1.0,3,1,,,,,0.0,0.0,0.0,0.0,0.0,6,2,,,,,0.0,0.0,0.0,0.0,0.0,324.06599999998815,598.8699999999953,0.0,598.8699999999953,19,0,1.0,10,3,,,,,0.0,0.0,0.0,0.0,0.0,9,4,,,,,0.0,0.0,0.0,0.0,0.0,632.0957999999439,1896.5599999999395,0.0,1896.5599999999395,60,0,1.0,29,8,,,,,0.0,0.0,0.0,0.0,0.0,31,8,,,,,0.0,0.0,0.0,0.0,0.0,632.0957999999439,1896.5599999999395,0.0,1896.5599999999395,60,0,1.0,29,8,,,,,0.0,0.0,0.0,0.0,0.0,31,8,,,,,0.0,0.0,0.0,0.0,0.0
374,FUND,0.0,0.0,0.0,,0,0,0,0,0,15d,bullish,549.2204732639958,11,,,,,,,0.0,0.0,0.0,0.0,0.0,,-71.40069235199883,-108.18286719999821,0.0,-108.18286719999821,1,0,1.0,0,0,,,,,,,,,,1,1,,,,,0.0,0.0,0.0,0.0,0.0,-71.40069235199883,-108.18286719999821,0.0,-108.18286719999821,1,0,1.0,0,0,,,,,,,,,,1,1,,,,,0.0,0.0,0.0,0.0,0.0,-292.7667409920047,-443.5859712000071,0.0,-443.5859712000071,2,0,1.0,0,0,,,,,,,,,,2,1,,,,,0.0,0.0,0.0,0.0,0.0,526.8053191679903,239.39074559998875,0.0,239.39074559998875,3,0,1.0,1,1,,,,,0.0,0.0,0.0,0.0,0.0,2,1,,,,,0.0,0.0,0.0,0.0,0.0,549.2204732639958,798.5974809999923,0.0,798.5974809999923,11,0,1.0,7,5,,,,,0.0,0.0,0.0,0.0,0.0,4,3,,,,,0.0,0.0,0.0,0.0,0.0,549.2204732639958,798.5974809999923,0.0,798.5974809999923,11,0,1.0,7,5,,,,,0.0,0.0,0.0,0.0,0.0,4,3,,,,,0.0,0.0,0.0,0.0,0.0
374,UUUSPX,0.0,0.0,0.0,,0,0,0,0,0,15d,bullish,521.8138083149669,68,,,,,,,0.0,0.0,0.0,0.0,0.0,,112.8273922139363,-9.955580990017824,0.0,-9.955580990017824,2,0,1.0,1,1,,,,,0.0,0.0,0.0,0.0,0.0,1,1,,,,,0.0,0.0,0.0,0.0,0.0,219.7911392429363,-9.633467390017815,0.0,-9.633467390017815,4,0,1.0,3,1,,,,,0.0,0.0,0.0,0.0,0.0,1,1,,,,,0.0,0.0,0.0,0.0,0.0,202.12153814848412,-67.54089106781286,0.0,-67.54089106781286,15,0,1.0,8,1,,,,,0.0,0.0,0.0,0.0,0.0,7,1,,,,,0.0,0.0,0.0,0.0,0.0,112.28537990515402,-127.102894908557,0.0,-127.102894908557,32,0,1.0,16,4,,,,,0.0,0.0,0.0,0.0,0.0,16,3,,,,,0.0,0.0,0.0,0.0,0.0,521.8138083149669,231.7299841154795,0.0,231.7299841154795,68,0,1.0,39,8,,,,,0.0,0.0,0.0,0.0,0.0,29,8,,,,,0.0,0.0,0.0,0.0,0.0,521.8138083149669,231.7299841154795,0.0,231.7299841154795,68,0,1.0,39,8,,,,,0.0,0.0,0.0,0.0,0.0,29,8,,,,,0.0,0.0,0.0,0.0,0.0
374,BRLA,0.0,0.0,0.0,,0,0,0,0,0,15d,bearish,-470.8602899909958,8,,,,,,,0.0,0.0,0.0,0.0,0.0,,,,,,,,,,,,,,,,,,,,,,,,,,,,,,,,,,,,,,,,,,,,,,,,,,,,,,,,,,,,-50.17377221999828,-76.02086699999738,0.0,-76.02086699999738,1,0,1.0,0,0,,,,,,,,,,1,1,,,,,0.0,0.0,0.0,0.0,0.0,451.6017877800017,342.1254330000026,0.0,342.1254330000026,2,0,1.0,1,1,,,,,0.0,0.0,0.0,0.0,0.0,1,1,,,,,0.0,0.0,0.0,0.0,0.0,-470.8602899909958,-459.92948234999534,0.0,-459.92948234999534,8,0,1.0,2,2,,,,,0.0,0.0,0.0,0.0,0.0,6,3,,,,,0.0,0.0,0.0,0.0,0.0,-470.8602899909958,-459.92948234999534,0.0,-459.92948234999534,8,0,1.0,2,2,,,,,0.0,0.0,0.0,0.0,0.0,6,3,,,,,0.0,0.0,0.0,0.0,0.0
374,RUG,0.0,0.0,0.0,,0,0,0,0,0,72h,bullish,458.500301292,1,,,,,,,0.0,0.0,0.0,0.0,0.0,,,,,,,,,,,,,,,,,,,,,,,,,,,,,,,,,,,,,,,,,,,,,,,,,,,,,,,,,,,,,,,,,,,,,,,,,,,,,,,,,,,,,,,,,458.500301292,382.08358441,0.0,382.08358441,1,0,1.0,1,1,,,,,0.0,0.0,0.0,0.0,0.0,0,0,,,,,,,,,,458.500301292,382.08358441,0.0,382.08358441,1,0,1.0,1,1,,,,,0.0,0.0,0.0,0.0,0.0,0,0,,,,,,,,,,458.500301292,382.08358441,0.0,382.08358441,1,0,1.0,1,1,,,,,0.0,0.0,0.0,0.0,0.0,0,0,,,,,,,,,
374,USDE,0.0,0.0,0.0,,0,0,0,0,0,15d,bullish,449.36162286055225,14,,,,,,,0.0,0.0,0.0,0.0,0.0,,,,,,,,,,,,,,,,,,,,,,,,,,,,,,,,,,,,,,,,,,,,,,,,,,,,,,,,,,,,,,,,,,,,,,,,,,,,,,,,,,,,,,,,,,,,,,,,,,,,,,,,,,,,,,,,,,,,,,449.36162286055225,317.7058000656854,0.0,317.7058000656854,14,0,1.0,4,2,,,,,0.0,0.0,0.0,0.0,0.0,10,4,,,,,0.0,0.0,0.0,0.0,0.0,449.36162286055225,317.7058000656854,0.0,317.7058000656854,14,0,1.0,4,2,,,,,0.0,0.0,0.0,0.0,0.0,10,4,,,,,0.0,0.0,0.0,0.0,0.0
374,MBAPPE,0.0,0.0,0.0,,0,0,0,0,0,24h,bullish,201.598290182034,2,,,,,,,0.0,0.0,0.0,0.0,0.0,,-2.812241268,-2.3435343900000003,0.0,-2.3435343900000003,1,0,1.0,0,0,,,,,,,,,,1,1,,,,,0.0,0.0,0.0,0.0,0.0,-2.812241268,-2.3435343900000003,0.0,-2.3435343900000003,1,0,1.0,0,0,,,,,,,,,,1,1,,,,,0.0,0.0,0.0,0.0,0.0,201.598290182034,143.66398807431,0.0,143.66398807431,2,0,1.0,1,1,,,,,0.0,0.0,0.0,0.0,0.0,1,1,,,,,0.0,0.0,0.0,0.0,0.0,201.598290182034,143.66398807431,0.0,143.66398807431,2,0,1.0,1,1,,,,,0.0,0.0,0.0,0.0,0.0,1,1,,,,,0.0,0.0,0.0,0.0,0.0,201.598290182034,143.66398807431,0.0,143.66398807431,2,0,1.0,1,1,,,,,0.0,0.0,0.0,0.0,0.0,1,1,,,,,0.0,0.0,0.0,0.0,0.0,201.598290182034,143.66398807431,0.0,143.66398807431,2,0,1.0,1,1,,,,,0.0,0.0,0.0,0.0,0.0,1,1,,,,,0.0,0.0,0.0,0.0,0.0
374,UDZ,0.0,0.0,0.0,,0,0,0,0,0,6h,bearish,-183.00659030449057,10,,,,,,,0.0,0.0,0.0,0.0,0.0,,13.680841706781749,182.24457592696814,0.0,182.24457592696814,3,0,1.0,1,1,,,,,0.0,0.0,0.0,0.0,0.0,2,1,,,,,0.0,0.0,0.0,0.0,0.0,-183.00659030449057,341.9316200303099,0.0,341.9316200303099,10,0,1.0,2,1,,,,,0.0,0.0,0.0,0.0,0.0,8,1,,,,,0.0,0.0,0.0,0.0,0.0,-50.461437790488255,51.53535092061639,0.0,51.53535092061639,20,0,1.0,3,1,,,,,0.0,0.0,0.0,0.0,0.0,17,2,,,,,0.0,0.0,0.0,0.0,0.0,-81.4801971257669,142.24054854316572,0.0,142.24054854316572,62,0,1.0,16,3,,,,,0.0,0.0,0.0,0.0,0.0,46,4,,,,,0.0,0.0,0.0,0.0,0.0,66.26455891236881,287.22315430277257,0.0,287.22315430277257,125,0,1.0,67,8,,,,,0.0,0.0,0.0,0.0,0.0,58,7,,,,,0.0,0.0,0.0,0.0,0.0,66.26455891236881,287.22315430277257,0.0,287.22315430277257,125,0,1.0,67,8,,,,,0.0,0.0,0.0,0.0,0.0,58,7,,,,,0.0,0.0,0.0,0.0,0.0
374,NASDAQ,0.0,0.0,0.0,,0,0,0,0,0,15d,bullish,173.7316307855995,2,,,,,,,0.0,0.0,0.0,0.0,0.0,,,,,,,,,,,,,,,,,,,,,,,,,,,,,,,,,,,,,,,,,,,,,,,,,,,,,,,,,,,,165.71409059999996,138.09507549999998,0.0,138.09507549999998,1,0,1.0,1,1,,,,,0.0,0.0,0.0,0.0,0.0,0,0,,,,,,,,,,165.71409059999996,138.09507549999998,0.0,138.09507549999998,1,0,1.0,1,1,,,,,0.0,0.0,0.0,0.0,0.0,0,0,,,,,,,,,,173.7316307855995,150.24286365999924,0.0,150.24286365999924,2,0,1.0,2,2,,,,,0.0,0.0,0.0,0.0,0.0,0,0,,,,,,,,,,173.7316307855995,150.24286365999924,0.0,150.24286365999924,2,0,1.0,2,2,,,,,0.0,0.0,0.0,0.0,0.0,0,0,,,,,,,,,
374,PIP,0.0,0.0,0.0,,0,0,0,0,0,15d,bearish,-105.88456694399844,65,,,,,,,0.0,0.0,0.0,0.0,0.0,,-0.9317941776001795,-1.411809360000272,0.0,-1.411809360000272,1,0,1.0,0,0,,,,,,,,,,1,1,,,,,0.0,0.0,0.0,0.0,0.0,-0.9339975215996665,-1.4151477599994946,0.0,-1.4151477599994946,4,0,1.0,1,1,,,,,0.0,0.0,0.0,0.0,0.0,3,1,,,,,0.0,0.0,0.0,0.0,0.0,-7.0017665327993726,-5.5804694399991455,0.0,-5.5804694399991455,8,0,1.0,2,1,,,,,0.0,0.0,0.0,0.0,0.0,6,2,,,,,0.0,0.0,0.0,0.0,0.0,-48.61450189439933,-31.119229439999142,0.0,-31.119229439999142,24,0,1.0,11,4,,,,,0.0,0.0,0.0,0.0,0.0,13,4,,,,,0.0,0.0,0.0,0.0,0.0,-105.88456694399844,-93.63076943999816,0.0,-93.63076943999816,65,0,1.0,26,7,,,,,0.0,0.0,0.0,0.0,0.0,39,8,,,,,0.0,0.0,0.0,0.0,0.0,-105.88456694399844,-93.63076943999816,0.0,-93.63076943999816,65,0,1.0,26,7,,,,,0.0,0.0,0.0,0.0,0.0,39,8,,,,,0.0,0.0,0.0,0.0,0.0
374,UZEC,0.0,0.0,0.0,,0,0,0,0,0,15d,bearish,-95.52463412227866,41,,,,,,,0.0,0.0,0.0,0.0,0.0,,0.2720279054013033,0.6312232318066711,0.0,0.6312232318066711,2,0,1.0,1,1,,,,,0.0,0.0,0.0,0.0,0.0,1,1,,,,,0.0,0.0,0.0,0.0,0.0,-2.4625710101789275,-6.2172347982207805,0.0,-6.2172347982207805,4,0,1.0,1,1,,,,,0.0,0.0,0.0,0.0,0.0,3,1,,,,,0.0,0.0,0.0,0.0,0.0,-12.62923292056306,2.767911367972955,0.0,2.767911367972955,7,0,1.0,1,1,,,,,0.0,0.0,0.0,0.0,0.0,6,2,,,,,0.0,0.0,0.0,0.0,0.0,-15.92646835046413,6.431506290085255,0.0,6.431506290085255,11,0,1.0,2,2,,,,,0.0,0.0,0.0,0.0,0.0,9,3,,,,,0.0,0.0,0.0,0.0,0.0,-95.52463412227866,-86.17390612650408,0.0,-86.17390612650408,41,0,1.0,25,5,,,,,0.0,0.0,0.0,0.0,0.0,16,6,,,,,0.0,0.0,0.0,0.0,0.0,-95.52463412227866,-86.17390612650408,0.0,-86.17390612650408,41,0,1.0,25,5,,,,,0.0,0.0,0.0,0.0,0.0,16,6,,,,,0.0,0.0,0.0,0.0,0.0
374,UFART,0.0,0.0,0.0,,0,0,0,0,0,15d,bullish,48.39714798284113,31,,,,,,,0.0,0.0,0.0,0.0,0.0,,,,,,,,,,,,,,,,,,,,,,,,,,,,,,,1.8559891083312055,2.0803895729950037,0.0,2.0803895729950037,3,0,1.0,2,1,,,,,0.0,0.0,0.0,0.0,0.0,1,1,,,,,0.0,0.0,0.0,0.0,0.0,2.6075832551553306,3.7084089494100034,0.0,3.7084089494100034,4,0,1.0,3,1,,,,,0.0,0.0,0.0,0.0,0.0,1,1,,,,,0.0,0.0,0.0,0.0,0.0,45.24780362192998,51.43762880493502,0.0,51.43762880493502,27,0,1.0,21,3,,,,,0.0,0.0,0.0,0.0,0.0,6,3,,,,,0.0,0.0,0.0,0.0,0.0,48.39714798284113,55.492859207795014,0.0,55.492859207795014,31,0,1.0,23,4,,,,,0.0,0.0,0.0,0.0,0.0,8,4,,,,,0.0,0.0,0.0,0.0,0.0,48.39714798284113,55.492859207795014,0.0,55.492859207795014,31,0,1.0,23,4,,,,,0.0,0.0,0.0,0.0,0.0,8,4,,,,,0.0,0.0,0.0,0.0,0.0
374,WMNT,0.0,0.0,0.0,,0,0,0,0,0,15d,bullish,47.548288652468486,6,,,,,,,0.0,0.0,0.0,0.0,0.0,,,,,,,,,,,,,,,,,,,,,,,,,,,,,,,,,,,,,,,,,,,,,,,,,,,,,,,,,,,,,,,,,,,,,,,,,,,,,,,,,,,,,,,,,-9.13268543999939,7.610571199999492,0.0,7.610571199999492,1,0,1.0,0,0,,,,,,,,,,1,1,,,,,0.0,0.0,0.0,0.0,0.0,47.548288652468486,57.77085707192206,0.0,57.77085707192206,6,0,1.0,1,1,,,,,0.0,0.0,0.0,0.0,0.0,5,4,,,,,0.0,0.0,0.0,0.0,0.0,47.548288652468486,57.77085707192206,0.0,57.77085707192206,6,0,1.0,1,1,,,,,0.0,0.0,0.0,0.0,0.0,5,4,,,,,0.0,0.0,0.0,0.0,0.0
374,XAUT0,0.0,0.0,0.0,,0,0,0,0,0,15d,bullish,47.09608525367071,7,,,,,,,0.0,0.0,0.0,0.0,0.0,,,,,,,,,,,,,,,,,,,,,,,,,,,,,,,,,,,,,,,,,,,,,,,,,,,,,,,,,,,,,,,,,,,,,,,,,,,,,,,,,,,,,,,,,,,,,,,,,,,,,,,,,,,,,,,,,,,,,,47.09608525367071,54.50050225710399,0.0,54.50050225710399,7,0,1.0,7,1,,,,,0.0,0.0,0.0,0.0,0.0,0,0,,,,,,,,,,47.09608525367071,54.50050225710399,0.0,54.50050225710399,7,0,1.0,7,1,,,,,0.0,0.0,0.0,0.0,0.0,0,0,,,,,,,,,
374,CHINA,0.0,0.0,0.0,,0,0,0,0,0,15d,bearish,-25.828188077999776,3,,,,,,,0.0,0.0,0.0,0.0,0.0,,,,,,,,,,,,,,,,,,,,,,,,,,,,,,,,,,,,,,,,,,,,,,,,,,,,,,,,,,,,-0.7878206819996034,-1.1936676999993985,0.0,-1.1936676999993985,2,0,1.0,1,1,,,,,0.0,0.0,0.0,0.0,0.0,1,1,,,,,0.0,0.0,0.0,0.0,0.0,-0.7878206819996034,-1.1936676999993985,0.0,-1.1936676999993985,2,0,1.0,1,1,,,,,0.0,0.0,0.0,0.0,0.0,1,1,,,,,0.0,0.0,0.0,0.0,0.0,-25.828188077999776,-39.133618299999654,0.0,-39.133618299999654,3,0,1.0,1,1,,,,,0.0,0.0,0.0,0.0,0.0,2,2,,,,,0.0,0.0,0.0,0.0,0.0,-25.828188077999776,-39.133618299999654,0.0,-39.133618299999654,3,0,1.0,1,1,,,,,0.0,0.0,0.0,0.0,0.0,2,2,,,,,0.0,0.0,0.0,0.0,0.0
374,LAUNCH,0.0,0.0,0.0,,0,0,0,0,0,15d,bullish,19.286059728001685,2,,,,,,,0.0,0.0,0.0,0.0,0.0,,,,,,,,,,,,,,,,,,,,,,,,,,,,,,,,,,,,,,,,,,,,,,,,,,,,,,,,,,,,,,,,,,,,,,,,,,,,,,,,,,,,,,,,,,,,,,,,,,,,,,,,,,,,,,,,,,,,,,19.286059728001685,16.071716440001403,0.0,16.071716440001403,2,0,1.0,2,2,,,,,0.0,0.0,0.0,0.0,0.0,0,0,,,,,,,,,,19.286059728001685,16.071716440001403,0.0,16.071716440001403,2,0,1.0,2,2,,,,,0.0,0.0,0.0,0.0,0.0,0,0,,,,,,,,,
374,UENA,0.0,0.0,0.0,,0,0,0,0,0,15d,bearish,-14.538835025207998,7,,,,,,,0.0,0.0,0.0,0.0,0.0,,,,,,,,,,,,,,,,,,,,,,,,,,,,,,,,,,,,,,,,,,,,,,,,,,,,,,,,,,,,,,,,,,,,,,,,,,,,,,,,,,,,,,,,,-12.910039108315196,-3.0057472364040034,0.0,-3.0057472364040034,2,0,1.0,0,0,,,,,,,,,,2,2,,,,,0.0,0.0,0.0,0.0,0.0,-14.538835025207998,-7.269240042756005,0.0,-7.269240042756005,7,0,1.0,1,1,,,,,0.0,0.0,0.0,0.0,0.0,6,4,,,,,0.0,0.0,0.0,0.0,0.0,-14.538835025207998,-7.269240042756005,0.0,-7.269240042756005,7,0,1.0,1,1,,,,,0.0,0.0,0.0,0.0,0.0,6,4,,,,,0.0,0.0,0.0,0.0,0.0
374,NMTD,0.0,0.0,0.0,,0,0,0,0,0,15d,bullish,14.029800000000002,1,,,,,,,0.0,0.0,0.0,0.0,0.0,,,,,,,,,,,,,,,,,,,,,,,,,,,,,,,,,,,,,,,,,,,,,,,,,,,,,,,,,,,,,,,,,,,,,,,,,,,,,,,,,,,,,,,,,,,,,,,,,,,,,,,,,,,,,,,,,,,,,,14.029800000000002,11.691500000000001,0.0,11.691500000000001,1,0,1.0,1,1,,,,,0.0,0.0,0.0,0.0,0.0,0,0,,,,,,,,,,14.029800000000002,11.691500000000001,0.0,11.691500000000001,1,0,1.0,1,1,,,,,0.0,0.0,0.0,0.0,0.0,0,0,,,,,,,,,
374,SUCKY,0.0,0.0,0.0,,0,0,0,0,0,15d,bearish,-13.0601011794,4,,,,,,,0.0,0.0,0.0,0.0,0.0,,,,,,,,,,,,,,,,,,,,,,,,,,,,,,,,,,,,,,,,,,,,,,,,,,,,,,,,,,,,-1.9284971705999965,-2.9219654099999843,0.0,-2.9219654099999843,2,0,1.0,1,1,,,,,0.0,0.0,0.0,0.0,0.0,1,1,,,,,0.0,0.0,0.0,0.0,0.0,-1.9284971705999965,-2.9219654099999843,0.0,-2.9219654099999843,2,0,1.0,1,1,,,,,0.0,0.0,0.0,0.0,0.0,1,1,,,,,0.0,0.0,0.0,0.0,0.0,-13.0601011794,-19.788032089999987,0.0,-19.788032089999987,4,0,1.0,2,2,,,,,0.0,0.0,0.0,0.0,0.0,2,2,,,,,0.0,0.0,0.0,0.0,0.0,-13.0601011794,-19.788032089999987,0.0,-19.788032089999987,4,0,1.0,2,2,,,,,0.0,0.0,0.0,0.0,0.0,2,2,,,,,0.0,0.0,0.0,0.0,0.0
374,UP,0.0,0.0,0.0,,0,0,0,0,0,15d,bullish,8.302800000049174,1,,,,,,,0.0,0.0,0.0,0.0,0.0,,,,,,,,,,,,,,,,,,,,,,,,,,,,,,,,,,,,,,,,,,,,,,,,,,,,,,,,,,,,,,,,,,,,,,,,,,,,,,,,,,,,,,,,,,,,,,,,,,,,,,,,,,,,,,,,,,,,,,8.302800000049174,12.580000000074506,0.0,12.580000000074506,1,0,1.0,1,1,,,,,0.0,0.0,0.0,0.0,0.0,0,0,,,,,,,,,,8.302800000049174,12.580000000074506,0.0,12.580000000074506,1,0,1.0,1,1,,,,,0.0,0.0,0.0,0.0,0.0,0,0,,,,,,,,,
374,FARM,0.0,0.0,0.0,,0,0,0,0,0,15d,bullish,7.055579999999958,1,,,,,,,0.0,0.0,0.0,0.0,0.0,,,,,,,,,,,,,,,,,,,,,,,,,,,,,,,,,,,,,,,,,,,,,,,,,,,,,,,,,,,,,,,,,,,,,,,,,,,,,,,,,,,,,,,,,,,,,,,,,,,,,,,,,,,,,,,,,,,,,,7.055579999999958,5.879649999999965,0.0,5.879649999999965,1,0,1.0,1,1,,,,,0.0,0.0,0.0,0.0,0.0,0,0,,,,,,,,,,7.055579999999958,5.879649999999965,0.0,5.879649999999965,1,0,1.0,1,1,,,,,0.0,0.0,0.0,0.0,0.0,0,0,,,,,,,,,
374,ADHD,0.0,0.0,0.0,,0,0,0,0,0,15d,bearish,-6.76414728,1,,,,,,,0.0,0.0,0.0,0.0,0.0,,,,,,,,,,,,,,,,,,,,,,,,,,,,,,,,,,,,,,,,,,,,,,,,,,,,,,,,,,,,,,,,,,,,,,,,,,,,,,,,,,,,,,,,,,,,,,,,,,,,,,,,,,,,,,,,,,,,,,-6.76414728,-10.248708,0.0,-10.248708,1,0,1.0,0,0,,,,,,,,,,1,1,,,,,0.0,0.0,0.0,0.0,0.0,-6.76414728,-10.248708,0.0,-10.248708,1,0,1.0,0,0,,,,,,,,,,1,1,,,,,0.0,0.0,0.0,0.0,0.0
374,FXRP,0.0,0.0,0.0,,0,0,0,0,0,72h,bearish,-5.231783945864848,4,,,,,,,0.0,0.0,0.0,0.0,0.0,,,,,,,,,,,,,,,,,,,,,,,,,,,,,,,,,,,,,,,,,,,,,,,,,,,,,,,,,,,,,,,,,,,,,,,,,,,,,,,,,,,,,,,,,-5.231783945864848,4.3598199548873735,0.0,4.3598199548873735,4,0,1.0,1,1,,,,,0.0,0.0,0.0,0.0,0.0,3,2,,,,,0.0,0.0,0.0,0.0,0.0,2.2670727274133857,15.721724005308992,0.0,15.721724005308992,10,0,1.0,5,4,,,,,0.0,0.0,0.0,0.0,0.0,5,3,,,,,0.0,0.0,0.0,0.0,0.0,2.2670727274133857,15.721724005308992,0.0,15.721724005308992,10,0,1.0,5,4,,,,,0.0,0.0,0.0,0.0,0.0,5,3,,,,,0.0,0.0,0.0,0.0,0.0
374,COPE,0.0,0.0,0.0,,0,0,0,0,0,15d,bullish,3.0608519039999647,1,,,,,,,0.0,0.0,0.0,0.0,0.0,,,,,,,,,,,,,,,,,,,,,,,,,,,,,,,,,,,,,,,,,,,,,,,,,,,,,,,,,,,,,,,,,,,,,,,,,,,,,,,,,,,,,,,,,,,,,,,,,,,,,,,,,,,,,,,,,,,,,,3.0608519039999647,4.637654399999946,0.0,4.637654399999946,1,0,1.0,1,1,,,,,0.0,0.0,0.0,0.0,0.0,0,0,,,,,,,,,,3.0608519039999647,4.637654399999946,0.0,4.637654399999946,1,0,1.0,1,1,,,,,0.0,0.0,0.0,0.0,0.0,0,0,,,,,,,,,
374,HAPPY,0.0,0.0,0.0,,0,0,0,0,0,15d,bullish,2.071951714798321,1,,,,,,,0.0,0.0,0.0,0.0,0.0,,,,,,,,,,,,,,,,,,,,,,,,,,,,,,,,,,,,,,,,,,,,,,,,,,,,,,,,,,,,,,,,,,,,,,,,,,,,,,,,,,,,,,,,,,,,,,,,,,,,,,,,,,,,,,,,,,,,,,2.071951714798321,3.1393207799974556,0.0,3.1393207799974556,1,0,1.0,1,1,,,,,0.0,0.0,0.0,0.0,0.0,0,0,,,,,,,,,,2.071951714798321,3.1393207799974556,0.0,3.1393207799974556,1,0,1.0,1,1,,,,,0.0,0.0,0.0,0.0,0.0,0,0,,,,,,,,,
374,HYENA,0.0,0.0,0.0,,0,0,0,0,0,15d,bearish,-1.6914569064000533,3,,,,,,,0.0,0.0,0.0,0.0,0.0,,,,,,,,,,,,,,,,,,,,,,,,,,,,,,,,,,,,,,,,,,,,,,,,,,,,,,,,,,,,,,,,,,,,,,,,,,,,,,,,,,,,,,,,,,,,,,,,,,,,,,,,,,,,,,,,,,,,,,-1.6914569064000533,-1.8779546900000619,0.0,-1.8779546900000619,3,0,1.0,1,1,,,,,0.0,0.0,0.0,0.0,0.0,2,2,,,,,0.0,0.0,0.0,0.0,0.0,-1.6914569064000533,-1.8779546900000619,0.0,-1.8779546900000619,3,0,1.0,1,1,,,,,0.0,0.0,0.0,0.0,0.0,2,2,,,,,0.0,0.0,0.0,0.0,0.0
374,PENIS,0.0,0.0,0.0,,0,0,0,0,0,72h,bearish,-1.0016400000000139,1,,,,,,,0.0,0.0,0.0,0.0,0.0,,,,,,,,,,,,,,,,,,,,,,,,,,,,,,,,,,,,,,,,,,,,,,,,,,,,,,,,,,,,,,,,,,,,,,,,,,,,,,,,,,,,,,,,,-1.0016400000000139,-0.8347000000000117,0.0,-0.8347000000000117,1,0,1.0,0,0,,,,,,,,,,1,1,,,,,0.0,0.0,0.0,0.0,0.0,-1.0016400000000139,-0.8347000000000117,0.0,-0.8347000000000117,1,0,1.0,0,0,,,,,,,,,,1,1,,,,,0.0,0.0,0.0,0.0,0.0,-1.0016400000000139,-0.8347000000000117,0.0,-0.8347000000000117,1,0,1.0,0,0,,,,,,,,,,1,1,,,,,0.0,0.0,0.0,0.0,0.0
